Timestamp,SCT Version,Filename,Slice (I->S),VertLevel,DistancePMJ,MEAN(area),STD(area),MEAN(angle_AP),STD(angle_AP),MEAN(angle_RL),STD(angle_RL),MEAN(diameter_AP),STD(diameter_AP),MEAN(diameter_AP_ellipse),STD(diameter_AP_ellipse),MEAN(diameter_RL),STD(diameter_RL),MEAN(length_anterior),STD(length_anterior),MEAN(length_posterior),STD(length_posterior),MEAN(eccentricity),STD(eccentricity),MEAN(orientation),STD(orientation),MEAN(solidity),STD(solidity),SUM(length)
"2026-09-29 13:36:01","git-master-bddc7a050319718b5e4e0856afec0bc9ea96418f","C:\Users\marco\Desktop\ds004507\derivatives\labels\sub-007\ses-headDown\anat\sub-007_ses-headDown_T2w_seg-manual.nii.gz","693","8","","","","","","","","","","","","","","","","","","","","","","","",""
"2026-09-29 13:36:01","git-master-bddc7a050319718b5e4e0856afec0bc9ea96418f","C:\Users\marco\Desktop\ds004507\derivatives\labels\sub-007\ses-headDown\anat\sub-007_ses-headDown_T2w_seg-manual.nii.gz","694","8","","","","","","","","","","","","","","","","","","","","","","","",""
"2026-09-29 13:36:01","git-master-bddc7a050319718b5e4e0856afec0bc9ea96418f","C:\Users\marco\Desktop\ds004507\derivatives\labels\sub-007\ses-headDown\anat\sub-007_ses-headDown_T2w_seg-manual.nii.gz","695","8","","","","","","","","","","","","","","","","","","","","","","","",""
"2026-09-29 13:36:01","git-master-bddc7a050319718b5e4e0856afec0bc9ea96418f","C:\Users\marco\Desktop\ds004507\derivatives\labels\sub-007\ses-headDown\anat\sub-007_ses-headDown_T2w_seg-manual.nii.gz","696","8","","","","","","","","","","","","","","","","","","","","","","","",""
"2026-09-29 13:36:01","git-master-bddc7a050319718b5e4e0856afec0bc9ea96418f","C:\Users\marco\Desktop\ds004507\derivatives\labels\sub-007\ses-headDown\anat\sub-007_ses-headDown_T2w_seg-manual.nii.gz","697","8","","","","","","","","","","","","","","","","","","","","","","","",""
"2026-09-29 13:36:01","git-master-bddc7a050319718b5e4e0856afec0bc9ea96418f","C:\Users\marco\Desktop\ds004507\derivatives\labels\sub-007\ses-headDown\anat\sub-007_ses-headDown_T2w_seg-manual.nii.gz","698","8","","","","","","","","","","","","","","","","","","","","","","","",""
"2026-09-29 13:36:01","git-master-bddc7a050319718b5e4e0856afec0bc9ea96418f","C:\Users\marco\Desktop\ds004507\derivatives\labels\sub-007\ses-headDown\anat\sub-007_ses-headDown_T2w_seg-manual.nii.gz","699","8","","","","","","","","","","","","","","","","","","","","","","","",""
"2026-09-29 13:36:01","git-master-bddc7a050319718b5e4e0856afec0bc9ea96418f","C:\Users\marco\Desktop\ds004507\derivatives\labels\sub-007\ses-headDown\anat\sub-007_ses-headDown_T2w_seg-manual.nii.gz","700","8","","","","","","","","","","","","","","","","","","","","","","","",""
"2026-09-29 13:36:01","git-master-bddc7a050319718b5e4e0856afec0bc9ea96418f","C:\Users\marco\Desktop\ds004507\derivatives\labels\sub-007\ses-headDown\anat\sub-007_ses-headDown_T2w_seg-manual.nii.gz","701","8","","","","","","","","","","","","","","","","","","","","","","","",""
"2026-09-29 13:36:01","git-master-bddc7a050319718b5e4e0856afec0bc9ea96418f","C:\Users\marco\Desktop\ds004507\derivatives\labels\sub-007\ses-headDown\anat\sub-007_ses-headDown_T2w_seg-manual.nii.gz","702","8","","","","","","","","","","","","","","","","","","","","","","","",""
"2026-09-29 13:36:01","git-master-bddc7a050319718b5e4e0856afec0bc9ea96418f","C:\Users\marco\Desktop\ds004507\derivatives\labels\sub-007\ses-headDown\anat\sub-007_ses-headDown_T2w_seg-manual.nii.gz","703","8","","","","","","","","","","","","","","","","","","","","","","","",""
"2026-09-29 13:36:01","git-master-bddc7a050319718b5e4e0856afec0bc9ea96418f","C:\Users\marco\Desktop\ds004507\derivatives\labels\sub-007\ses-headDown\anat\sub-007_ses-headDown_T2w_seg-manual.nii.gz","704","8","","","","","","","","","","","","","","","","","","","","","","","",""
"2026-09-29 13:36:01","git-master-bddc7a050319718b5e4e0856afec0bc9ea96418f","C:\Users\marco\Desktop\ds004507\derivatives\labels\sub-007\ses-headDown\anat\sub-007_ses-headDown_T2w_seg-manual.nii.gz","705","8","","","","","","","","","","","","","","","","","","","","","","","",""
"2026-09-29 13:36:01","git-master-bddc7a050319718b5e4e0856afec0bc9ea96418f","C:\Users\marco\Desktop\ds004507\derivatives\labels\sub-007\ses-headDown\anat\sub-007_ses-headDown_T2w_seg-manual.nii.gz","706","8","",49.225429522121324,0.0,6.411170166220752,0.0,20.08468112428165,0.0,6.63377920382882,0.0,6.848223398518106,0.0,9.140648420800071,0.0,3.341736314677052,0.0,3.292042889151768,0.0,0.6623377000557025,0.0,-5.536330156095828,0.0,0.9780307569402836,0.0,""
"2026-09-29 13:36:01","git-master-bddc7a050319718b5e4e0856afec0bc9ea96418f","C:\Users\marco\Desktop\ds004507\derivatives\labels\sub-007\ses-headDown\anat\sub-007_ses-headDown_T2w_seg-manual.nii.gz","707","8","",44.52825750746372,0.0,6.425637770495172,0.0,19.849303564649595,0.0,6.161995526469572,0.0,6.444908562139027,0.0,8.85511471128595,0.0,3.0333995119315924,0.0,3.12859601453798,0.0,0.6857705366367037,0.0,-4.133846188698996,0.0,0.9720098165638988,0.0,""
"2026-09-29 13:36:01","git-master-bddc7a050319718b5e4e0856afec0bc9ea96418f","C:\Users\marco\Desktop\ds004507\derivatives\labels\sub-007\ses-headDown\anat\sub-007_ses-headDown_T2w_seg-manual.nii.gz","708","8","",46.44933929533505,0.0,6.436998073989369,0.0,19.615152329968243,0.0,6.683806602128402,0.0,6.939354336643971,0.0,8.603955307199465,0.0,3.296049941816809,0.0,3.387756660311593,0.0,0.5866730204927785,0.0,2.9628012100007783,0.0,0.9694488255673054,0.0,""
"2026-09-29 13:36:01","git-master-bddc7a050319718b5e4e0856afec0bc9ea96418f","C:\Users\marco\Desktop\ds004507\derivatives\labels\sub-007\ses-headDown\anat\sub-007_ses-headDown_T2w_seg-manual.nii.gz","709","8","",47.92721390728778,0.0,6.445251465615788,0.0,19.38224829238063,0.0,6.710991579952859,0.0,6.790177356649885,0.0,9.01344458960681,0.0,3.4527518942674047,0.0,3.2582396856854543,0.0,0.6509736747708359,0.0,-3.873724794767832,0.0,0.9631753114443615,0.0,""
"2026-09-29 13:36:01","git-master-bddc7a050319718b5e4e0856afec0bc9ea96418f","C:\Users\marco\Desktop\ds004507\derivatives\labels\sub-007\ses-headDown\anat\sub-007_ses-headDown_T2w_seg-manual.nii.gz","710","8","",47.88929350035768,0.0,6.450398228888936,0.0,19.150612085391284,0.0,6.488182786072013,0.0,6.57234419694683,0.0,9.192402900698907,0.0,3.3827638160610793,0.0,3.1054189700109336,0.0,0.6991147087158731,0.0,-9.145621707065493,0.0,0.9644647832499157,0.0,""
"2026-09-29 13:36:01","git-master-bddc7a050319718b5e4e0856afec0bc9ea96418f","C:\Users\marco\Desktop\ds004507\derivatives\labels\sub-007\ses-headDown\anat\sub-007_ses-headDown_T2w_seg-manual.nii.gz","711","8","",47.99539428257977,0.0,6.4524385413847805,0.0,18.920264100239542,0.0,6.391196547154735,0.0,6.432158590998155,0.0,9.439452697480544,0.0,3.2958552305258193,0.0,3.0953413166289154,0.0,0.7300596689077594,0.0,-7.461174975447008,0.0,0.9622360264139384,0.0,""
"2026-09-29 13:36:01","git-master-bddc7a050319718b5e4e0856afec0bc9ea96418f","C:\Users\marco\Desktop\ds004507\derivatives\labels\sub-007\ses-headDown\anat\sub-007_ses-headDown_T2w_seg-manual.nii.gz","712","8","",49.19758091596215,0.0,6.451372474400636,0.0,18.69122448245574,0.0,6.448596627621472,0.0,6.445443930813371,0.0,9.75353136514426,0.0,3.249422574199399,0.0,3.199174053422073,0.0,0.7504338298365627,0.0,-6.299236905662682,0.0,0.9566587207007565,0.0,""
"2026-09-29 13:36:01","git-master-bddc7a050319718b5e4e0856afec0bc9ea96418f","C:\Users\marco\Desktop\ds004507\derivatives\labels\sub-007\ses-headDown\anat\sub-007_ses-headDown_T2w_seg-manual.nii.gz","713","8","",49.733008038805636,0.0,6.44719999281542,0.0,18.463513128600454,0.0,6.516649162216088,0.0,6.627215797876732,0.0,9.637505115295072,0.0,3.2148629952804857,0.0,3.3017861669356017,0.0,0.7247752626190183,0.0,-9.469857047555188,0.0,0.9549108374835793,0.0,""
"2026-09-29 13:36:01","git-master-bddc7a050319718b5e4e0856afec0bc9ea96418f","C:\Users\marco\Desktop\ds004507\derivatives\labels\sub-007\ses-headDown\anat\sub-007_ses-headDown_T2w_seg-manual.nii.gz","714","8","",47.74682649035599,0.0,6.439920955150256,0.0,18.237149683186907,0.0,6.5483220643500415,0.0,6.665582599870068,0.0,9.226412697145928,0.0,3.271487633249718,0.0,3.2768344311003235,0.0,0.6913742190031038,0.0,-11.438009988172409,0.0,0.952674032401237,0.0,""
"2026-09-29 13:36:01","git-master-bddc7a050319718b5e4e0856afec0bc9ea96418f","C:\Users\marco\Desktop\ds004507\derivatives\labels\sub-007\ses-headDown\anat\sub-007_ses-headDown_T2w_seg-manual.nii.gz","715","8","",47.58828552655549,0.0,6.4295351138294,0.0,18.01215353578651,0.0,6.56590104525875,0.0,6.585490818623001,0.0,9.245843901276546,0.0,3.301324018366289,0.0,3.264577026892461,0.0,0.701810912516622,0.0,-15.4562060089479,0.0,0.9601982248209627,0.0,""
"2026-09-29 13:36:01","git-master-bddc7a050319718b5e4e0856afec0bc9ea96418f","C:\Users\marco\Desktop\ds004507\derivatives\labels\sub-007\ses-headDown\anat\sub-007_ses-headDown_T2w_seg-manual.nii.gz","716","8","",49.296961950295284,0.0,6.415906996689046,0.0,17.788605079256683,0.0,6.6609076838032495,0.0,6.780991705510189,0.0,9.178881211211621,0.0,3.3675419997383593,0.0,3.293365684064891,0.0,0.6739141730334892,0.0,-11.899690458129234,0.0,0.9768775559128272,0.0,""
"2026-09-29 13:36:01","git-master-bddc7a050319718b5e4e0856afec0bc9ea96418f","C:\Users\marco\Desktop\ds004507\derivatives\labels\sub-007\ses-headDown\anat\sub-007_ses-headDown_T2w_seg-manual.nii.gz","717","8","",50.00212420434101,0.0,6.398900905734904,0.0,17.566588146211004,0.0,6.822292375016048,0.0,6.85315706706344,0.0,9.19985377975159,0.0,3.377221359815358,0.0,3.445071015200689,0.0,0.6671488627468747,0.0,-11.15176566821616,0.0,0.959374221082545,0.0,""
"2026-09-29 13:36:01","git-master-bddc7a050319718b5e4e0856afec0bc9ea96418f","C:\Users\marco\Desktop\ds004507\derivatives\labels\sub-007\ses-headDown\anat\sub-007_ses-headDown_T2w_seg-manual.nii.gz","718","8","",53.048525847082416,0.0,6.378786414159192,0.0,17.34600056443238,0.0,6.77374419382438,0.0,6.92226194297277,0.0,9.736178852954856,0.0,3.3394188032235905,0.0,3.4343253906007893,0.0,0.7020522340336265,0.0,-10.15211833369148,0.0,0.9606777156534153,0.0,""
"2026-09-29 13:36:01","git-master-bddc7a050319718b5e4e0856afec0bc9ea96418f","C:\Users\marco\Desktop\ds004507\derivatives\labels\sub-007\ses-headDown\anat\sub-007_ses-headDown_T2w_seg-manual.nii.gz","719","8","",53.08164490790315,0.0,6.35556280370832,0.0,17.126860536360486,0.0,6.810248458980777,0.0,7.003350956280464,0.0,9.700563079969445,0.0,3.398471285819483,0.0,3.411777173161293,0.0,0.6913307874568946,0.0,-7.924468969168762,0.0,0.9711498888516301,0.0,""
"2026-09-29 13:36:01","git-master-bddc7a050319718b5e4e0856afec0bc9ea96418f","C:\Users\marco\Desktop\ds004507\derivatives\labels\sub-007\ses-headDown\anat\sub-007_ses-headDown_T2w_seg-manual.nii.gz","720","8","",52.850299687856555,0.0,6.329229255876143,0.0,16.909185996442545,0.0,6.8425561617667805,0.0,7.027773182427224,0.0,9.691447100586782,0.0,3.38690109153301,0.0,3.4556550702337705,0.0,0.6884309781970839,0.0,-9.734479052433382,0.0,0.972909604719142,0.0,""
"2026-09-29 13:36:01","git-master-bddc7a050319718b5e4e0856afec0bc9ea96418f","C:\Users\marco\Desktop\ds004507\derivatives\labels\sub-007\ses-headDown\anat\sub-007_ses-headDown_T2w_seg-manual.nii.gz","721","8","",52.735113292457434,0.0,6.299784853648711,0.0,16.692994609566522,0.0,6.791737651818607,0.0,7.052045289591854,0.0,9.652866573591808,0.0,3.3658556133272453,0.0,3.425882038491361,0.0,0.682352419112223,0.0,-10.61494492801172,0.0,0.9632409321353053,0.0,""
"2026-09-29 13:36:01","git-master-bddc7a050319718b5e4e0856afec0bc9ea96418f","C:\Users\marco\Desktop\ds004507\derivatives\labels\sub-007\ses-headDown\anat\sub-007_ses-headDown_T2w_seg-manual.nii.gz","722","8","",53.140996252746845,0.0,6.267228583452806,0.0,16.47830376966917,0.0,6.800809149864961,0.0,7.0885617842837725,0.0,9.584412827339404,0.0,3.4313726265031836,0.0,3.3694365233617782,0.0,0.6728336482308281,0.0,-9.105217754662325,0.0,0.9648986208641027,0.0,""
"2026-09-29 13:36:01","git-master-bddc7a050319718b5e4e0856afec0bc9ea96418f","C:\Users\marco\Desktop\ds004507\derivatives\labels\sub-007\ses-headDown\anat\sub-007_ses-headDown_T2w_seg-manual.nii.gz","723","8","",53.82802459534227,0.0,6.231559337308984,0.0,16.26513059851739,0.0,6.857108287835205,0.0,6.991503397362532,0.0,9.707748646953535,0.0,3.464338021132594,0.0,3.3927702667026107,0.0,0.6935487442907072,0.0,-10.100238091890844,0.0,0.981593313477638,0.0,""
"2026-09-29 13:36:01","git-master-bddc7a050319718b5e4e0856afec0bc9ea96418f","C:\Users\marco\Desktop\ds004507\derivatives\labels\sub-007\ses-headDown\anat\sub-007_ses-headDown_T2w_seg-manual.nii.gz","724","8","",51.411564252774546,0.0,6.19277591518987,0.0,16.053491944661072,0.0,6.649419560182129,0.0,6.739635373826655,0.0,9.604710933931276,0.0,3.3503562027558202,0.0,3.299063357426308,0.0,0.7119918846326417,0.0,-11.38094430890313,0.0,0.9717122822884953,0.0,""
"2026-09-29 13:36:01","git-master-bddc7a050319718b5e4e0856afec0bc9ea96418f","C:\Users\marco\Desktop\ds004507\derivatives\labels\sub-007\ses-headDown\anat\sub-007_ses-headDown_T2w_seg-manual.nii.gz","725","8","",52.348940030323526,0.0,6.150882432360481,0.0,15.843404382555516,0.0,6.942574096872391,0.0,7.004336626572871,0.0,9.444697298413182,0.0,3.562399203918999,0.0,3.380174892953391,0.0,0.6708204186599507,0.0,-8.86745671441665,0.0,0.974226653584571,0.0,""
"2026-09-29 13:36:01","git-master-bddc7a050319718b5e4e0856afec0bc9ea96418f","C:\Users\marco\Desktop\ds004507\derivatives\labels\sub-007\ses-headDown\anat\sub-007_ses-headDown_T2w_seg-manual.nii.gz","726","8","",51.840948446504356,0.0,6.1057360363064035,0.0,15.635022239711926,0.0,6.855685264962925,0.0,6.966099762378868,0.0,9.48144227418772,0.0,3.4387729719754594,0.0,3.416912292987465,0.0,0.6783740588757863,0.0,-12.580079246454247,0.0,0.9729299361724829,0.0,""
"2026-09-29 13:36:01","git-master-bddc7a050319718b5e4e0856afec0bc9ea96418f","C:\Users\marco\Desktop\ds004507\derivatives\labels\sub-007\ses-headDown\anat\sub-007_ses-headDown_T2w_seg-manual.nii.gz","727","8","",51.996022226184834,0.0,6.0575948830370345,0.0,15.428296431192523,0.0,6.784590000229509,0.0,7.013499886527681,0.0,9.528691804564591,0.0,3.3434237500824135,0.0,3.4411662501470968,0.0,0.6769386725054035,0.0,-10.604816971496378,0.0,0.9718455424219273,0.0,""
"2026-09-29 13:36:01","git-master-bddc7a050319718b5e4e0856afec0bc9ea96418f","C:\Users\marco\Desktop\ds004507\derivatives\labels\sub-007\ses-headDown\anat\sub-007_ses-headDown_T2w_seg-manual.nii.gz","728","8","",52.08406354859941,0.0,6.0065822494618635,0.0,15.223174342766724,0.0,6.5609153162488125,0.0,6.852604100243495,0.0,9.76686853802416,0.0,3.3129156220548106,0.0,3.2479996941940024,0.0,0.7116027187117338,0.0,-8.16388481716118,0.0,0.9665340078612139,0.0,""
"2026-09-29 13:36:01","git-master-bddc7a050319718b5e4e0856afec0bc9ea96418f","C:\Users\marco\Desktop\ds004507\derivatives\labels\sub-007\ses-headDown\anat\sub-007_ses-headDown_T2w_seg-manual.nii.gz","729","8","",50.92129465777626,0.0,5.952696637626036,0.0,15.019671301122013,0.0,6.478047826439721,0.0,6.733938044540421,0.0,9.705657641534918,0.0,3.2558000664733884,0.0,3.2222477599663324,0.0,0.7200857501476923,0.0,-9.469248599464706,0.0,0.9628278510629675,0.0,""
"2026-09-29 13:36:01","git-master-bddc7a050319718b5e4e0856afec0bc9ea96418f","C:\Users\marco\Desktop\ds004507\derivatives\labels\sub-007\ses-headDown\anat\sub-007_ses-headDown_T2w_seg-manual.nii.gz","730","8","",51.13412091174347,0.0,5.895936491696388,0.0,14.817802357237326,0.0,6.511285648334066,0.0,6.747359781415679,0.0,9.658043873718384,0.0,3.2025397545121312,0.0,3.3087458938219347,0.0,0.7154903641320174,0.0,-10.276728838996794,0.0,0.9660414823200676,0.0,""
"2026-09-29 13:36:01","git-master-bddc7a050319718b5e4e0856afec0bc9ea96418f","C:\Users\marco\Desktop\ds004507\derivatives\labels\sub-007\ses-headDown\anat\sub-007_ses-headDown_T2w_seg-manual.nii.gz","731","8","",52.17679019760532,0.0,5.836300201388458,0.0,14.617582286676763,0.0,6.5486183391950314,0.0,6.754735767105707,0.0,9.750219750461016,0.0,3.1911991565623707,0.0,3.3574191826326607,0.0,0.7209969457997978,0.0,-9.378725538400598,0.0,0.9701185285538675,0.0,""
"2026-09-29 13:36:01","git-master-bddc7a050319718b5e4e0856afec0bc9ea96418f","C:\Users\marco\Desktop\ds004507\derivatives\labels\sub-007\ses-headDown\anat\sub-007_ses-headDown_T2w_seg-manual.nii.gz","732","8","",51.894515375437784,0.0,5.773786105562109,0.0,14.419025590030271,0.0,6.5480107469578535,0.0,6.729018638968567,0.0,9.71268582699341,0.0,3.223510809341421,0.0,3.3244999376164324,0.0,0.7205222372932047,0.0,-9.131358969466234,0.0,0.9692707841673547,0.0,""
"2026-09-29 13:36:01","git-master-bddc7a050319718b5e4e0856afec0bc9ea96418f","C:\Users\marco\Desktop\ds004507\derivatives\labels\sub-007\ses-headDown\anat\sub-007_ses-headDown_T2w_seg-manual.nii.gz","733","8","",51.02780113034836,0.0,5.708392495986714,0.0,14.222146493498402,0.0,6.517276628619979,0.0,6.814991689975069,0.0,9.494004413954384,0.0,3.2700025915056687,0.0,3.247274037114311,0.0,0.6962341807434733,0.0,-10.937492437609437,0.0,0.9653402719582421,0.0,""
"2026-09-29 13:36:01","git-master-bddc7a050319718b5e4e0856afec0bc9ea96418f","C:\Users\marco\Desktop\ds004507\derivatives\labels\sub-007\ses-headDown\anat\sub-007_ses-headDown_T2w_seg-manual.nii.gz","734","8","",52.32959943543589,0.0,5.640117621276858,0.0,14.026958949618152,0.0,6.498817834175936,0.0,6.955171742733753,0.0,9.608562950280435,0.0,3.291031501020891,0.0,3.2077863331550454,0.0,0.6899253248726067,0.0,-14.219144917339891,0.0,0.9601017402631369,0.0,""
"2026-09-29 13:36:01","git-master-bddc7a050319718b5e4e0856afec0bc9ea96418f","C:\Users\marco\Desktop\ds004507\derivatives\labels\sub-007\ses-headDown\anat\sub-007_ses-headDown_T2w_seg-manual.nii.gz","735","8","",53.736102212560525,0.0,5.568959690999497,0.0,13.833476638126909,0.0,6.820260186786094,0.0,7.1381240040330916,0.0,9.660894431470664,0.0,3.421516433176401,0.0,3.3987437536096934,0.0,0.6738503878082713,0.0,-14.500060032323855,0.0,0.9750271444082519,0.0,""
"2026-09-29 13:36:01","git-master-bddc7a050319718b5e4e0856afec0bc9ea96418f","C:\Users\marco\Desktop\ds004507\derivatives\labels\sub-007\ses-headDown\anat\sub-007_ses-headDown_T2w_seg-manual.nii.gz","736","7","",53.19147439436297,0.0,5.48595341951031,0.0,13.619838892558823,0.0,6.700253865727529,0.0,7.05365240210677,0.0,9.705838160998637,0.0,3.5016305197949658,0.0,3.198623345932563,0.0,0.6869091960632595,0.0,-12.544545984568419,0.0,0.964550551636824,0.0,""
"2026-09-29 13:36:01","git-master-bddc7a050319718b5e4e0856afec0bc9ea96418f","C:\Users\marco\Desktop\ds004507\derivatives\labels\sub-007\ses-headDown\anat\sub-007_ses-headDown_T2w_seg-manual.nii.gz","737","7","",53.231063694720504,0.0,5.409809275744857,0.0,13.43401973526082,0.0,6.6791971604929685,0.0,7.092001948918804,0.0,9.698676973499508,0.0,3.376076274499768,0.0,3.3031208859932004,0.0,0.6821219002004503,0.0,-15.084733170920298,0.0,0.9761352707012043,0.0,""
"2026-09-29 13:36:01","git-master-bddc7a050319718b5e4e0856afec0bc9ea96418f","C:\Users\marco\Desktop\ds004507\derivatives\labels\sub-007\ses-headDown\anat\sub-007_ses-headDown_T2w_seg-manual.nii.gz","738","7","",53.683332707829315,0.0,5.330905091724581,0.0,13.249872406304103,0.0,6.686802867640518,0.0,7.081455813890713,0.0,9.7433552222794,0.0,3.3339915939516276,0.0,3.3528112736888893,0.0,0.6868300960977954,0.0,-17.018597108249303,0.0,0.9795058623470446,0.0,""
"2026-09-29 13:36:01","git-master-bddc7a050319718b5e4e0856afec0bc9ea96418f","C:\Users\marco\Desktop\ds004507\derivatives\labels\sub-007\ses-headDown\anat\sub-007_ses-headDown_T2w_seg-manual.nii.gz","739","7","",53.63783478513181,0.0,5.249239105784748,0.0,13.067408359558026,0.0,6.795624937353984,0.0,7.047879074560254,0.0,9.654720522361265,0.0,3.4266952889938707,0.0,3.3689296483601128,0.0,0.683402177235499,0.0,-17.766094581110043,0.0,0.9812654455282587,0.0,""
"2026-09-29 13:36:01","git-master-bddc7a050319718b5e4e0856afec0bc9ea96418f","C:\Users\marco\Desktop\ds004507\derivatives\labels\sub-007\ses-headDown\anat\sub-007_ses-headDown_T2w_seg-manual.nii.gz","740","7","",53.73975705551914,0.0,5.164809547415697,0.0,12.886638816372894,0.0,6.858518282939612,0.0,7.062683365836603,0.0,9.585095361036887,0.0,3.471686466061893,0.0,3.3868318168777187,0.0,0.676037251104325,0.0,-17.27303962047703,0.0,0.9839683330235178,0.0,""
"2026-09-29 13:36:01","git-master-bddc7a050319718b5e4e0856afec0bc9ea96418f","C:\Users\marco\Desktop\ds004507\derivatives\labels\sub-007\ses-headDown\anat\sub-007_ses-headDown_T2w_seg-manual.nii.gz","741","7","",54.23637774479936,0.0,5.0776146417113805,0.0,12.707574767048548,0.0,6.893458288703706,0.0,7.054744787066174,0.0,9.670030688050332,0.0,3.439824384473659,0.0,3.4536339042300472,0.0,0.6834675612475802,0.0,-15.525172236520097,0.0,0.9807320825804543,0.0,""
"2026-09-29 13:36:01","git-master-bddc7a050319718b5e4e0856afec0bc9ea96418f","C:\Users\marco\Desktop\ds004507\derivatives\labels\sub-007\ses-headDown\anat\sub-007_ses-headDown_T2w_seg-manual.nii.gz","742","7","",55.18620130004988,0.0,4.987652613947605,0.0,12.530226972379412,0.0,6.946246891189763,0.0,7.080109362006662,0.0,9.818350059919299,0.0,3.410262994048724,0.0,3.535983897141039,0.0,0.6925475282367507,0.0,-15.237415612574704,0.0,0.9694049670800463,0.0,""
"2026-09-29 13:36:01","git-master-bddc7a050319718b5e4e0856afec0bc9ea96418f","C:\Users\marco\Desktop\ds004507\derivatives\labels\sub-007\ses-headDown\anat\sub-007_ses-headDown_T2w_seg-manual.nii.gz","743","7","",56.820475402242074,0.0,4.89492169429038,0.0,12.354605965274091,0.0,6.949904884719826,0.0,7.302362250897231,0.0,9.880696481468911,0.0,3.421952801709687,0.0,3.5279520830101396,0.0,0.673373716495771,0.0,-19.230272113321956,0.0,0.9618799338744639,0.0,""
"2026-09-29 13:36:01","git-master-bddc7a050319718b5e4e0856afec0bc9ea96418f","C:\Users\marco\Desktop\ds004507\derivatives\labels\sub-007\ses-headDown\anat\sub-007_ses-headDown_T2w_seg-manual.nii.gz","744","7","",58.549764224829055,0.0,4.799451758026253,0.0,12.180565735260558,0.0,6.926393797650442,0.0,7.305879101062021,0.0,10.188920007200352,0.0,3.4638874398228103,0.0,3.4625063578276314,0.0,0.6970332493238138,0.0,-19.329412236804522,0.0,0.9710175076317433,0.0,""
"2026-09-29 13:36:01","git-master-bddc7a050319718b5e4e0856afec0bc9ea96418f","C:\Users\marco\Desktop\ds004507\derivatives\labels\sub-007\ses-headDown\anat\sub-007_ses-headDown_T2w_seg-manual.nii.gz","745","7","",55.20056756064896,0.0,4.7017622534932295,0.0,12.004107024883796,0.0,6.882396496670028,0.0,7.086464117805984,0.0,9.982366714897,0.0,3.3625223160497466,0.0,3.5198741806202807,0.0,0.7043123565362629,0.0,-18.220367172247965,0.0,0.9764995580071426,0.0,""
"2026-09-29 13:36:01","git-master-bddc7a050319718b5e4e0856afec0bc9ea96418f","C:\Users\marco\Desktop\ds004507\derivatives\labels\sub-007\ses-headDown\anat\sub-007_ses-headDown_T2w_seg-manual.nii.gz","746","7","",56.37381715154682,0.0,4.602833184370912,0.0,11.821326394051683,0.0,6.9885572462616725,0.0,7.225202096241139,0.0,10.008583256937145,0.0,3.3464444239443023,0.0,3.6421128223173707,0.0,0.691948743320492,0.0,-18.895880867017887,0.0,0.9647451719017275,0.0,""
"2026-09-29 13:36:01","git-master-bddc7a050319718b5e4e0856afec0bc9ea96418f","C:\Users\marco\Desktop\ds004507\derivatives\labels\sub-007\ses-headDown\anat\sub-007_ses-headDown_T2w_seg-manual.nii.gz","747","7","",58.484101941770234,0.0,4.50271181566727,0.0,11.632446532422492,0.0,6.982636183850219,0.0,7.344169660857057,0.0,10.216364981700549,0.0,3.4399659337995274,0.0,3.5426702500506924,0.0,0.695057867502029,0.0,-19.834589399035742,0.0,0.9576250927878724,0.0,""
"2026-09-29 13:36:01","git-master-bddc7a050319718b5e4e0856afec0bc9ea96418f","C:\Users\marco\Desktop\ds004507\derivatives\labels\sub-007\ses-headDown\anat\sub-007_ses-headDown_T2w_seg-manual.nii.gz","748","7","",60.06124585525538,0.0,4.401397784352189,0.0,11.437447834094943,0.0,7.036350418606094,0.0,7.394078478231522,0.0,10.416259525067506,0.0,3.5106639480621724,0.0,3.525686470543923,0.0,0.7042549632629995,0.0,-18.296156873169576,0.0,0.9632531945677396,0.0,""
"2026-09-29 13:36:01","git-master-bddc7a050319718b5e4e0856afec0bc9ea96418f","C:\Users\marco\Desktop\ds004507\derivatives\labels\sub-007\ses-headDown\anat\sub-007_ses-headDown_T2w_seg-manual.nii.gz","749","7","",61.14422969526724,0.0,4.2988907557628995,0.0,11.23631067451463,0.0,7.120962685569395,0.0,7.385575595681637,0.0,10.581498821380821,0.0,3.548854531671953,0.0,3.5721081538974424,0.0,0.7159657161812937,0.0,-16.6658374264424,0.0,0.9672824714732444,0.0,""
"2026-09-29 13:36:01","git-master-bddc7a050319718b5e4e0856afec0bc9ea96418f","C:\Users\marco\Desktop\ds004507\derivatives\labels\sub-007\ses-headDown\anat\sub-007_ses-headDown_T2w_seg-manual.nii.gz","750","7","",61.918684593366024,0.0,4.195190424645484,0.0,11.029015460772579,0.0,7.163986903613804,0.0,7.375457147387841,0.0,10.684124877758805,0.0,3.5996473863301093,0.0,3.5643395172836945,0.0,0.7234929165902118,0.0,-16.256861737099992,0.0,0.9648378147477628,0.0,""
"2026-09-29 13:36:01","git-master-bddc7a050319718b5e4e0856afec0bc9ea96418f","C:\Users\marco\Desktop\ds004507\derivatives\labels\sub-007\ses-headDown\anat\sub-007_ses-headDown_T2w_seg-manual.nii.gz","751","7","",62.22085675858213,0.0,4.090296516206645,0.0,10.815542683732067,0.0,7.186555856555861,0.0,7.388179716805388,0.0,10.689853141440752,0.0,3.6569227216540723,0.0,3.5296331349017893,0.0,0.7226326643503682,0.0,-15.257375283117192,0.0,0.967722729963241,0.0,""
"2026-09-29 13:36:01","git-master-bddc7a050319718b5e4e0856afec0bc9ea96418f","C:\Users\marco\Desktop\ds004507\derivatives\labels\sub-007\ses-headDown\anat\sub-007_ses-headDown_T2w_seg-manual.nii.gz","752","7","",62.191295102206176,0.0,3.9842087871756755,0.0,10.59587297200679,0.0,7.188099222609361,0.0,7.276483033531517,0.0,10.781345393911115,0.0,3.6461979385684975,0.0,3.5419012840408644,0.0,0.7378461248973812,0.0,-14.242917189471775,0.0,0.9741441059233638,0.0,""
"2026-09-29 13:36:01","git-master-bddc7a050319718b5e4e0856afec0bc9ea96418f","C:\Users\marco\Desktop\ds004507\derivatives\labels\sub-007\ses-headDown\anat\sub-007_ses-headDown_T2w_seg-manual.nii.gz","753","7","",61.0179982815991,0.0,3.8768314874628804,0.0,10.36948792519504,0.0,7.110284883732339,0.0,7.103364767019891,0.0,10.862682568190042,0.0,3.5328649273479162,0.0,3.5774199563844236,0.0,0.7565121079062709,0.0,-12.703576474355001,0.0,0.9694366230998009,0.0,""
"2026-09-29 13:36:01","git-master-bddc7a050319718b5e4e0856afec0bc9ea96418f","C:\Users\marco\Desktop\ds004507\derivatives\labels\sub-007\ses-headDown\anat\sub-007_ses-headDown_T2w_seg-manual.nii.gz","754","7","",61.84084569297113,0.0,3.7681644056652983,0.0,10.13636337303929,0.0,7.080785995152477,0.0,7.201907827152981,0.0,10.920811895002544,0.0,3.4769743163752223,0.0,3.6038116787772556,0.0,0.7517279987598028,0.0,-15.104658925405076,0.0,0.9540111059000804,0.0,""
"2026-09-29 13:36:01","git-master-bddc7a050319718b5e4e0856afec0bc9ea96418f","C:\Users\marco\Desktop\ds004507\derivatives\labels\sub-007\ses-headDown\anat\sub-007_ses-headDown_T2w_seg-manual.nii.gz","755","7","",62.83143768064183,0.0,3.658302949315311,0.0,9.896978436825075,0.0,7.102379356223257,0.0,7.35398731694674,0.0,10.934140938792796,0.0,3.473944523548796,0.0,3.628434832674461,0.0,0.7399620423012748,0.0,-14.221906710118384,0.0,0.950010336369776,0.0,""
"2026-09-29 13:36:01","git-master-bddc7a050319718b5e4e0856afec0bc9ea96418f","C:\Users\marco\Desktop\ds004507\derivatives\labels\sub-007\ses-headDown\anat\sub-007_ses-headDown_T2w_seg-manual.nii.gz","756","7","",62.86453654424681,0.0,3.547247039451379,0.0,9.6513152609989,0.0,6.987956618972658,0.0,7.342509493105092,0.0,10.978400181657491,0.0,3.4700082480652212,0.0,3.5179483709074364,0.0,0.7433376309155585,0.0,-13.831534635563127,0.0,0.958730945356199,0.0,""
"2026-09-29 13:36:01","git-master-bddc7a050319718b5e4e0856afec0bc9ea96418f","C:\Users\marco\Desktop\ds004507\derivatives\labels\sub-007\ses-headDown\anat\sub-007_ses-headDown_T2w_seg-manual.nii.gz","757","7","",61.48718308927248,0.0,3.4349966355047936,0.0,9.399356513438082,0.0,6.851740998952945,0.0,7.178079269265446,0.0,10.972216888171674,0.0,3.455882575915467,0.0,3.395858423037478,0.0,0.7562535539051696,0.0,-13.615949695673976,0.0,0.9652247561619781,0.0,""
"2026-09-29 13:36:01","git-master-bddc7a050319718b5e4e0856afec0bc9ea96418f","C:\Users\marco\Desktop\ds004507\derivatives\labels\sub-007\ses-headDown\anat\sub-007_ses-headDown_T2w_seg-manual.nii.gz","758","7","",60.955064752106765,0.0,3.321551736441414,0.0,9.141085455502234,0.0,6.840125075047119,0.0,7.108948576856126,0.0,10.984868129930662,0.0,3.477436077624366,0.0,3.3626889974227536,0.0,0.7623631826311121,0.0,-12.472466684309339,0.0,0.9592175122076361,0.0,""
"2026-09-29 13:36:01","git-master-bddc7a050319718b5e4e0856afec0bc9ea96418f","C:\Users\marco\Desktop\ds004507\derivatives\labels\sub-007\ses-headDown\anat\sub-007_ses-headDown_T2w_seg-manual.nii.gz","759","7","",62.50877804221175,0.0,3.2069123819125025,0.0,8.876486014095878,0.0,6.896316791774956,0.0,7.231867725674397,0.0,11.099685174839493,0.0,3.510284455923248,0.0,3.386032335851708,0.0,0.758610375314016,0.0,-11.613728073093398,0.0,0.9475017910521167,0.0,""
"2026-09-29 13:36:01","git-master-bddc7a050319718b5e4e0856afec0bc9ea96418f","C:\Users\marco\Desktop\ds004507\derivatives\labels\sub-007\ses-headDown\anat\sub-007_ses-headDown_T2w_seg-manual.nii.gz","760","7","",62.030514756602365,0.0,3.0910786534145323,0.0,8.60554285574186,0.0,6.816504973615499,0.0,7.1724900559549,0.0,11.0949176816218,0.0,3.394282407041837,0.0,3.4222225665736614,0.0,0.7629380250437927,0.0,-13.596140355061344,0.0,0.9481962888076434,0.0,""
"2026-09-29 13:36:01","git-master-bddc7a050319718b5e4e0856afec0bc9ea96418f","C:\Users\marco\Desktop\ds004507\derivatives\labels\sub-007\ses-headDown\anat\sub-007_ses-headDown_T2w_seg-manual.nii.gz","761","7","",62.398240789028954,0.0,2.974002914507344,0.0,8.327986473604616,0.0,6.921798109589949,0.0,7.140700366957399,0.0,11.132114727839882,0.0,3.3972753906560533,0.0,3.5245227189338957,0.0,0.7671628398965004,0.0,-15.020933648952514,0.0,0.9561211808647231,0.0,""
"2026-09-29 13:36:01","git-master-bddc7a050319718b5e4e0856afec0bc9ea96418f","C:\Users\marco\Desktop\ds004507\derivatives\labels\sub-007\ses-headDown\anat\sub-007_ses-headDown_T2w_seg-manual.nii.gz","762","7","",60.65598516293399,0.0,2.855589868986409,0.0,8.043290397795582,0.0,6.832397930217376,0.0,7.009058305727763,0.0,11.028969238701974,0.0,3.3875759326867683,0.0,3.444821997530608,0.0,0.7720913310728235,0.0,-14.502626373076815,0.0,0.9728663506978078,0.0,""
"2026-09-29 13:36:01","git-master-bddc7a050319718b5e4e0856afec0bc9ea96418f","C:\Users\marco\Desktop\ds004507\derivatives\labels\sub-007\ses-headDown\anat\sub-007_ses-headDown_T2w_seg-manual.nii.gz","763","7","",62.21335363513477,0.0,2.735983073278671,0.0,7.752205830123651,0.0,6.822766415849641,0.0,7.0596073688080745,0.0,11.234518281592248,0.0,3.3768881810326685,0.0,3.4458782348169725,0.0,0.7778510377177171,0.0,-13.085627317258785,0.0,0.9655158924311653,0.0,""
"2026-09-29 13:36:01","git-master-bddc7a050319718b5e4e0856afec0bc9ea96418f","C:\Users\marco\Desktop\ds004507\derivatives\labels\sub-007\ses-headDown\anat\sub-007_ses-headDown_T2w_seg-manual.nii.gz","764","7","",61.84183247869535,0.0,2.615182822984392,0.0,7.4610678396773285,0.0,6.91606927359782,0.0,7.069235593401068,0.0,11.154972758892693,0.0,3.3428685475309923,0.0,3.573200726066827,0.0,0.773454198004852,0.0,-15.366417543644447,0.0,0.9584535230180096,0.0,""
"2026-09-29 13:36:01","git-master-bddc7a050319718b5e4e0856afec0bc9ea96418f","C:\Users\marco\Desktop\ds004507\derivatives\labels\sub-007\ses-headDown\anat\sub-007_ses-headDown_T2w_seg-manual.nii.gz","765","7","",62.041379382412586,0.0,2.493189462989951,0.0,7.176559779027885,0.0,6.947698450518951,0.0,7.058708385292585,0.0,11.225180760179615,0.0,3.310625780735981,0.0,3.63707266978297,0.0,0.7773042611068011,0.0,-16.76148183960411,0.0,0.9578407572757855,0.0,""
"2026-09-29 13:36:01","git-master-bddc7a050319718b5e4e0856afec0bc9ea96418f","C:\Users\marco\Desktop\ds004507\derivatives\labels\sub-007\ses-headDown\anat\sub-007_ses-headDown_T2w_seg-manual.nii.gz","766","7","",62.773168746207645,0.0,2.3700033886946166,0.0,6.901576739802051,0.0,6.921783820467553,0.0,7.037913326466489,0.0,11.46309228559375,0.0,3.282240316766791,0.0,3.6395435037007617,0.0,0.7892697212469836,0.0,-17.363519128759968,0.0,0.9535228041385122,0.0,""
"2026-09-29 13:36:01","git-master-bddc7a050319718b5e4e0856afec0bc9ea96418f","C:\Users\marco\Desktop\ds004507\derivatives\labels\sub-007\ses-headDown\anat\sub-007_ses-headDown_T2w_seg-manual.nii.gz","767","7","",63.07975289337606,0.0,2.245625047244484,0.0,6.636163802561649,0.0,6.984736036624894,0.0,7.065283171113067,0.0,11.540203266977308,0.0,3.2987645831912316,0.0,3.685971453433662,0.0,0.7905358227012034,0.0,-18.65550718227175,0.0,0.9442034428876799,0.0,""
"2026-09-29 13:36:01","git-master-bddc7a050319718b5e4e0856afec0bc9ea96418f","C:\Users\marco\Desktop\ds004507\derivatives\labels\sub-007\ses-headDown\anat\sub-007_ses-headDown_T2w_seg-manual.nii.gz","768","7","",65.60288311626394,0.0,2.1200549387733805,0.0,6.380362766275924,0.0,7.162769335678823,0.0,7.2835548641973,0.0,11.545192604863006,0.0,3.4426045732110917,0.0,3.720164762467732,0.0,0.7758550474466708,0.0,-16.85965070150127,0.0,0.9478323173637709,0.0,""
"2026-09-29 13:36:01","git-master-bddc7a050319718b5e4e0856afec0bc9ea96418f","C:\Users\marco\Desktop\ds004507\derivatives\labels\sub-007\ses-headDown\anat\sub-007_ses-headDown_T2w_seg-manual.nii.gz","769","7","",68.17509279147896,0.0,1.9932936176505596,0.0,6.134212302856287,0.0,7.15050249218427,0.0,7.370124048258531,0.0,11.829266316255065,0.0,3.5041394564955652,0.0,3.646363035688704,0.0,0.782188766374378,0.0,-15.631593437663854,0.0,0.9521940277583064,0.0,""
"2026-09-29 13:36:01","git-master-bddc7a050319718b5e4e0856afec0bc9ea96418f","C:\Users\marco\Desktop\ds004507\derivatives\labels\sub-007\ses-headDown\anat\sub-007_ses-headDown_T2w_seg-manual.nii.gz","770","6","",66.04939780790883,0.0,1.8474765552955876,0.0,5.866903893473515,0.0,7.262160189949892,0.0,7.318888087550262,0.0,11.536231276114375,0.0,3.565895677870769,0.0,3.6962645120791224,0.0,0.7729833878694911,0.0,-17.027061787501335,0.0,0.9568576009328086,0.0,""
"2026-09-29 13:36:01","git-master-bddc7a050319718b5e4e0856afec0bc9ea96418f","C:\Users\marco\Desktop\ds004507\derivatives\labels\sub-007\ses-headDown\anat\sub-007_ses-headDown_T2w_seg-manual.nii.gz","771","6","",66.70560117006535,0.0,1.7197408154538936,0.0,5.646367744045086,0.0,7.299365119141295,0.0,7.385454009516879,0.0,11.531781165468768,0.0,3.5959557253395427,0.0,3.7034093938017514,0.0,0.7679988956168513,0.0,-14.477036254208471,0.0,0.9540965996118482,0.0,""
"2026-09-29 13:36:01","git-master-bddc7a050319718b5e4e0856afec0bc9ea96418f","C:\Users\marco\Desktop\ds004507\derivatives\labels\sub-007\ses-headDown\anat\sub-007_ses-headDown_T2w_seg-manual.nii.gz","772","6","",68.13512295786485,0.0,1.5908543850125612,0.0,5.435283133930517,0.0,7.291449782668163,0.0,7.468941891873455,0.0,11.631522299397478,0.0,3.644935694444542,0.0,3.646514088223621,0.0,0.7665980645946138,0.0,-14.520560170336568,0.0,0.9504026508413613,0.0,""
"2026-09-29 13:36:01","git-master-bddc7a050319718b5e4e0856afec0bc9ea96418f","C:\Users\marco\Desktop\ds004507\derivatives\labels\sub-007\ses-headDown\anat\sub-007_ses-headDown_T2w_seg-manual.nii.gz","773","6","",68.63625757064091,0.0,1.4608180586090624,0.0,5.233674218886016,0.0,7.2891319328579085,0.0,7.5649470779647,0.0,11.619174565461266,0.0,3.6222890907776897,0.0,3.6668428420802184,0.0,0.7589355291133879,0.0,-14.236679861908483,0.0,0.9501419748774153,0.0,""
"2026-09-29 13:36:01","git-master-bddc7a050319718b5e4e0856afec0bc9ea96418f","C:\Users\marco\Desktop\ds004507\derivatives\labels\sub-007\ses-headDown\anat\sub-007_ses-headDown_T2w_seg-manual.nii.gz","774","6","",69.33565245217306,0.0,1.329632687553377,0.0,5.0415631772937655,0.0,7.293103790364615,0.0,7.603213370395144,0.0,11.675177301227423,0.0,3.56842632407514,0.0,3.7246774662894744,0.0,0.7587982630954401,0.0,-13.58715033014133,0.0,0.9505138889046048,0.0,""
"2026-09-29 13:36:01","git-master-bddc7a050319718b5e4e0856afec0bc9ea96418f","C:\Users\marco\Desktop\ds004507\derivatives\labels\sub-007\ses-headDown\anat\sub-007_ses-headDown_T2w_seg-manual.nii.gz","775","6","",69.64750232825298,0.0,1.1972991809234275,0.0,4.858970320351245,0.0,7.339040000001991,0.0,7.580444678480234,0.0,11.707583117730204,0.0,3.549180326076354,0.0,3.789859673925637,0.0,0.7620385463882277,0.0,-13.562432686460694,0.0,0.9534144806018328,0.0,""
"2026-09-29 13:36:01","git-master-bddc7a050319718b5e4e0856afec0bc9ea96418f","C:\Users\marco\Desktop\ds004507\derivatives\labels\sub-007\ses-headDown\anat\sub-007_ses-headDown_T2w_seg-manual.nii.gz","776","6","",69.0660580497595,0.0,1.063818506663349,0.0,4.685914199303951,0.0,7.40986415047054,0.0,7.5615685541230295,0.0,11.613211855155692,0.0,3.5669361929579293,0.0,3.842927957512611,0.0,0.7589423002610405,0.0,-14.443949926258062,0.0,0.9591246577165398,0.0,""
"2026-09-29 13:36:01","git-master-bddc7a050319718b5e4e0856afec0bc9ea96418f","C:\Users\marco\Desktop\ds004507\derivatives\labels\sub-007\ses-headDown\anat\sub-007_ses-headDown_T2w_seg-manual.nii.gz","777","6","",70.62980067529007,0.0,0.9291916926844692,0.0,4.522411709659292,0.0,7.345612177519204,0.0,7.595331328733496,0.0,11.805472838908456,0.0,3.537161927026535,0.0,3.808450250492669,0.0,0.7655171115278873,0.0,-14.86409782245691,0.0,0.9574271932468987,0.0,""
"2026-09-29 13:36:01","git-master-bddc7a050319718b5e4e0856afec0bc9ea96418f","C:\Users\marco\Desktop\ds004507\derivatives\labels\sub-007\ses-headDown\anat\sub-007_ses-headDown_T2w_seg-manual.nii.gz","778","6","",71.92567300791845,0.0,0.7933158753271298,0.0,4.369349715374608,0.0,7.342097954806617,0.0,7.596380349263714,0.0,12.053986864981002,0.0,3.5546599954940366,0.0,3.7874379593125798,0.0,0.7764018305658439,0.0,-14.06547748889122,0.0,0.9694300283946202,0.0,""
"2026-09-29 13:36:01","git-master-bddc7a050319718b5e4e0856afec0bc9ea96418f","C:\Users\marco\Desktop\ds004507\derivatives\labels\sub-007\ses-headDown\anat\sub-007_ses-headDown_T2w_seg-manual.nii.gz","779","6","",71.1711248686729,0.0,0.6561926262687594,0.0,4.226745997841517,0.0,7.248310896511847,0.0,7.553451594285255,0.0,12.084580197115914,0.0,3.4755539169518617,0.0,3.772756979559985,0.0,0.7805803828904117,0.0,-14.42236565560739,0.0,0.9684540956663445,0.0,""
"2026-09-29 13:36:01","git-master-bddc7a050319718b5e4e0856afec0bc9ea96418f","C:\Users\marco\Desktop\ds004507\derivatives\labels\sub-007\ses-headDown\anat\sub-007_ses-headDown_T2w_seg-manual.nii.gz","780","6","",71.45055641817065,0.0,0.5179272998794562,0.0,4.093742024491223,0.0,7.2997459398642555,0.0,7.550624801871375,0.0,12.050310813263268,0.0,3.4756448372347126,0.0,3.824101102629543,0.0,0.7793409716522488,0.0,-13.24442642497182,0.0,0.9733901745970652,0.0,""
"2026-09-29 13:36:01","git-master-bddc7a050319718b5e4e0856afec0bc9ea96418f","C:\Users\marco\Desktop\ds004507\derivatives\labels\sub-007\ses-headDown\anat\sub-007_ses-headDown_T2w_seg-manual.nii.gz","781","6","",71.89730584619497,0.0,0.3785212330928363,0.0,3.97034815738255,0.0,7.33891033539755,0.0,7.5864331951224635,0.0,12.038678441051339,0.0,3.4915403295299483,0.0,3.8473700058676017,0.0,0.776451964557257,0.0,-12.920550069618475,0.0,0.9697277010629718,0.0,""
"2026-09-29 13:36:01","git-master-bddc7a050319718b5e4e0856afec0bc9ea96418f","C:\Users\marco\Desktop\ds004507\derivatives\labels\sub-007\ses-headDown\anat\sub-007_ses-headDown_T2w_seg-manual.nii.gz","782","6","",72.36680997907484,0.0,0.23797583013537377,0.0,3.856573687356444,0.0,7.343987972153317,0.0,7.611088678125675,0.0,12.106720319089671,0.0,3.501111896713418,0.0,3.842876075439899,0.0,0.7776342878124713,0.0,-13.499160109735516,0.0,0.9600335488808417,0.0,""
"2026-09-29 13:36:01","git-master-bddc7a050319718b5e4e0856afec0bc9ea96418f","C:\Users\marco\Desktop\ds004507\derivatives\labels\sub-007\ses-headDown\anat\sub-007_ses-headDown_T2w_seg-manual.nii.gz","783","6","",72.90747555868128,0.0,0.09690781184760631,0.0,3.7508329374167215,0.0,7.413899553564762,0.0,7.618872994930687,0.0,12.181444639331202,0.0,3.5480661562620215,0.0,3.86583339730274,0.0,0.7802471516200646,0.0,-14.171307348521216,0.0,0.9542924889664234,0.0,""
"2026-09-29 13:36:01","git-master-bddc7a050319718b5e4e0856afec0bc9ea96418f","C:\Users\marco\Desktop\ds004507\derivatives\labels\sub-007\ses-headDown\anat\sub-007_ses-headDown_T2w_seg-manual.nii.gz","784","6","",73.37482006873168,0.0,-0.043296983898719305,0.0,3.6495460870009087,0.0,7.591240292853837,0.0,7.677086802990228,0.0,12.148012188386792,0.0,3.64752765980453,0.0,3.9437126330493077,0.0,0.7749988713113708,0.0,-14.712812128689192,0.0,0.957648711869062,0.0,""
"2026-09-29 13:36:01","git-master-bddc7a050319718b5e4e0856afec0bc9ea96418f","C:\Users\marco\Desktop\ds004507\derivatives\labels\sub-007\ses-headDown\anat\sub-007_ses-headDown_T2w_seg-manual.nii.gz","785","6","",74.63857577852771,0.0,-0.18125269321722542,0.0,3.549129817566711,0.0,7.589202228780785,0.0,7.830279203365837,0.0,12.2566300468209,0.0,3.5754362385209775,0.0,4.013765990259808,0.0,0.7693224363022625,0.0,-14.28583271504675,0.0,0.9715584415584415,0.0,""
"2026-09-29 13:36:01","git-master-bddc7a050319718b5e4e0856afec0bc9ea96418f","C:\Users\marco\Desktop\ds004507\derivatives\labels\sub-007\ses-headDown\anat\sub-007_ses-headDown_T2w_seg-manual.nii.gz","786","6","",74.64570301992859,0.0,-0.3165483391557765,0.0,3.4497440353306894,0.0,7.585164207031506,0.0,7.822648090787815,0.0,12.273848962511476,0.0,3.5826215681593427,0.0,4.002542638872163,0.0,0.7705798219952995,0.0,-13.26396296048354,0.0,0.9736530318521209,0.0,""
"2026-09-29 13:36:01","git-master-bddc7a050319718b5e4e0856afec0bc9ea96418f","C:\Users\marco\Desktop\ds004507\derivatives\labels\sub-007\ses-headDown\anat\sub-007_ses-headDown_T2w_seg-manual.nii.gz","787","6","",74.65216110980255,0.0,-0.44959162801285324,0.0,3.3512315246065287,0.0,7.672496717861154,0.0,7.849882575002201,0.0,12.225476831642853,0.0,3.6830916183321527,0.0,3.989405099529001,0.0,0.766611116936313,0.0,-12.654732211525026,0.0,0.9747076232674777,0.0,""
"2026-09-29 13:36:01","git-master-bddc7a050319718b5e4e0856afec0bc9ea96418f","C:\Users\marco\Desktop\ds004507\derivatives\labels\sub-007\ses-headDown\anat\sub-007_ses-headDown_T2w_seg-manual.nii.gz","788","6","",75.09283396533915,0.0,-0.5803814619969313,0.0,3.2535933268401878,0.0,7.808995738853397,0.0,7.921362039242797,0.0,12.180117761654497,0.0,3.768042272321501,0.0,4.040953466531896,0.0,0.7595934902372954,0.0,-12.264988527846286,0.0,0.9770863466648727,0.0,""
"2026-09-29 13:36:01","git-master-bddc7a050319718b5e4e0856afec0bc9ea96418f","C:\Users\marco\Desktop\ds004507\derivatives\labels\sub-007\ses-headDown\anat\sub-007_ses-headDown_T2w_seg-manual.nii.gz","789","6","",75.21883460194381,0.0,-0.7089168597059617,0.0,3.1568304536078937,0.0,7.886573736131782,0.0,7.9694254529392206,0.0,12.135954432743146,0.0,3.8120428482036317,0.0,4.07453088792815,0.0,0.7541604419737523,0.0,-12.046494596101464,0.0,0.9768577512444467,0.0,""
"2026-09-29 13:36:01","git-master-bddc7a050319718b5e4e0856afec0bc9ea96418f","C:\Users\marco\Desktop\ds004507\derivatives\labels\sub-007\ses-headDown\anat\sub-007_ses-headDown_T2w_seg-manual.nii.gz","790","6","",75.03018401837718,0.0,-0.8351969518467548,0.0,3.060943887064484,0.0,7.8953552352142795,0.0,7.975767037437648,0.0,12.104253087091571,0.0,3.8277596679855974,0.0,4.067595567228682,0.0,0.7522106700318884,0.0,-11.924928351805903,0.0,0.9746369339419374,0.0,""
"2026-09-29 13:36:01","git-master-bddc7a050319718b5e4e0856afec0bc9ea96418f","C:\Users\marco\Desktop\ds004507\derivatives\labels\sub-007\ses-headDown\anat\sub-007_ses-headDown_T2w_seg-manual.nii.gz","791","6","",75.03422928002773,0.0,-0.9592209769997043,0.0,2.9659345803908637,0.0,7.893135709374961,0.0,7.9544150690331135,0.0,12.111058131660933,0.0,3.8329281524706866,0.0,4.060207556904274,0.0,0.7540501795927215,0.0,-11.696271366652612,0.0,0.9745134425488351,0.0,""
"2026-09-29 13:36:01","git-master-bddc7a050319718b5e4e0856afec0bc9ea96418f","C:\Users\marco\Desktop\ds004507\derivatives\labels\sub-007\ses-headDown\anat\sub-007_ses-headDown_T2w_seg-manual.nii.gz","792","6","",75.01355857085395,0.0,-1.0809882774292723,0.0,2.8718034582405423,0.0,7.885472557056348,0.0,7.880629762480363,0.0,12.152952714255669,0.0,3.832533467142646,0.0,4.052939089913702,0.0,0.7612502943760379,0.0,-11.167450535845724,0.0,0.9773308792288445,0.0,""
"2026-09-29 13:36:01","git-master-bddc7a050319718b5e4e0856afec0bc9ea96418f","C:\Users\marco\Desktop\ds004507\derivatives\labels\sub-007\ses-headDown\anat\sub-007_ses-headDown_T2w_seg-manual.nii.gz","793","6","",74.70233898608521,0.0,-1.2002930358577293,0.0,2.7786314375839245,0.0,7.875479884070671,0.0,7.823906107448362,0.0,12.171858006391426,0.0,3.8316585128900824,0.0,4.043821371180589,0.0,0.766041777343725,0.0,-11.651509142412662,0.0,0.9839680870980085,0.0,""
"2026-09-29 13:36:01","git-master-bddc7a050319718b5e4e0856afec0bc9ea96418f","C:\Users\marco\Desktop\ds004507\derivatives\labels\sub-007\ses-headDown\anat\sub-007_ses-headDown_T2w_seg-manual.nii.gz","794","6","",74.97052730952471,0.0,-1.317134685290672,0.0,2.686419661711897,0.0,7.7846864112166765,0.0,7.819121480765963,0.0,12.21233097718116,0.0,3.7622684657151506,0.0,4.022417945501526,0.0,0.7681519674320729,0.0,-10.879605680992757,0.0,0.96992477395305,0.0,""
"2026-09-29 13:36:01","git-master-bddc7a050319718b5e4e0856afec0bc9ea96418f","C:\Users\marco\Desktop\ds004507\derivatives\labels\sub-007\ses-headDown\anat\sub-007_ses-headDown_T2w_seg-manual.nii.gz","795","6","",74.31994101154358,0.0,-1.4317181373317127,0.0,2.595089024747263,0.0,7.670818067172576,0.0,7.768567470531868,0.0,12.205866963963242,0.0,3.7474220204823325,0.0,3.9233960466902436,0.0,0.7713041746437025,0.0,-10.98126785154311,0.0,0.966566199381625,0.0,""
"2026-09-29 13:36:01","git-master-bddc7a050319718b5e4e0856afec0bc9ea96418f","C:\Users\marco\Desktop\ds004507\derivatives\labels\sub-007\ses-headDown\anat\sub-007_ses-headDown_T2w_seg-manual.nii.gz","796","6","",74.53888969764793,0.0,-1.5440431730484636,0.0,2.5046403198852394,0.0,7.627534465855266,0.0,7.750703118213609,0.0,12.29092939035199,0.0,3.698547137649238,0.0,3.9289873282060284,0.0,0.7760661959480673,0.0,-11.306217719234478,0.0,0.9672183542216982,0.0,""
"2026-09-29 13:36:01","git-master-bddc7a050319718b5e4e0856afec0bc9ea96418f","C:\Users\marco\Desktop\ds004507\derivatives\labels\sub-007\ses-headDown\anat\sub-007_ses-headDown_T2w_seg-manual.nii.gz","797","6","",75.19241664569556,0.0,-1.6541096510235207,0.0,2.4150743147052354,0.0,7.617332500445039,0.0,7.738787637708357,0.0,12.428274246172078,0.0,3.6562357452197185,0.0,3.961096755225322,0.0,0.7824285369162275,0.0,-11.09541449247398,0.0,0.9665756890382854,0.0,""
"2026-09-29 13:36:01","git-master-bddc7a050319718b5e4e0856afec0bc9ea96418f","C:\Users\marco\Desktop\ds004507\derivatives\labels\sub-007\ses-headDown\anat\sub-007_ses-headDown_T2w_seg-manual.nii.gz","798","6","",75.69259881703232,0.0,-1.7619175036236099,0.0,2.3263917516055415,0.0,7.567855389189496,0.0,7.726605432441509,0.0,12.533833661400468,0.0,3.633991105695973,0.0,3.9338642834935236,0.0,0.7873868306872732,0.0,-10.805472568481534,0.0,0.9592808305381151,0.0,""
"2026-09-29 13:36:01","git-master-bddc7a050319718b5e4e0856afec0bc9ea96418f","C:\Users\marco\Desktop\ds004507\derivatives\labels\sub-007\ses-headDown\anat\sub-007_ses-headDown_T2w_seg-manual.nii.gz","799","6","",76.23078396291011,0.0,-1.867466733320512,0.0,2.2385933482364297,0.0,7.473280022877617,0.0,7.751055114072235,0.0,12.580848725626824,0.0,3.5665810845459265,0.0,3.90669893833169,0.0,0.7876683827640775,0.0,-11.548351907728904,0.0,0.946137469308388,0.0,""
"2026-09-29 13:36:01","git-master-bddc7a050319718b5e4e0856afec0bc9ea96418f","C:\Users\marco\Desktop\ds004507\derivatives\labels\sub-007\ses-headDown\anat\sub-007_ses-headDown_T2w_seg-manual.nii.gz","800","6","",74.68579826634699,0.0,-1.9707574090639994,0.0,2.151679797931631,0.0,7.413156414339134,0.0,7.635578778293911,0.0,12.496233906692616,0.0,3.56735654626728,0.0,3.845799868071855,0.0,0.7916071327641342,0.0,-11.849428537461755,0.0,0.9618528610354223,0.0,""
"2026-09-29 13:36:01","git-master-bddc7a050319718b5e4e0856afec0bc9ea96418f","C:\Users\marco\Desktop\ds004507\derivatives\labels\sub-007\ses-headDown\anat\sub-007_ses-headDown_T2w_seg-manual.nii.gz","801","5","",76.1354563569696,0.0,-2.0868593584495896,0.0,2.0526026547455123,0.0,7.39868976941424,0.0,7.6531901723958375,0.0,12.751935823589468,0.0,3.4828162508236336,0.0,3.915873518590607,0.0,0.7998806593819475,0.0,-11.28538118908861,0.0,0.9568072745642839,0.0,""
"2026-09-29 13:36:01","git-master-bddc7a050319718b5e4e0856afec0bc9ea96418f","C:\Users\marco\Desktop\ds004507\derivatives\labels\sub-007\ses-headDown\anat\sub-007_ses-headDown_T2w_seg-manual.nii.gz","802","5","",76.70101772101228,0.0,-2.1751583569411808,0.0,1.976142994241724,0.0,7.382882920151406,0.0,7.665138936520013,0.0,12.826251252346484,0.0,3.4805086624171513,0.0,3.9023742577342553,0.0,0.8017796088014809,0.0,-10.630622509331522,0.0,0.9494484407786272,0.0,""
"2026-09-29 13:36:01","git-master-bddc7a050319718b5e4e0856afec0bc9ea96418f","C:\Users\marco\Desktop\ds004507\derivatives\labels\sub-007\ses-headDown\anat\sub-007_ses-headDown_T2w_seg-manual.nii.gz","803","5","",77.67413417231921,0.0,-2.2617255576091204,0.0,1.900363837606732,0.0,7.380770123447853,0.0,7.7597603571467015,0.0,12.844965749942478,0.0,3.4905866013909654,0.0,3.890183522056888,0.0,0.7968611256772945,0.0,-9.79989271653444,0.0,0.9564510202662422,0.0,""
"2026-09-29 13:36:01","git-master-bddc7a050319718b5e4e0856afec0bc9ea96418f","C:\Users\marco\Desktop\ds004507\derivatives\labels\sub-007\ses-headDown\anat\sub-007_ses-headDown_T2w_seg-manual.nii.gz","804","5","",78.80567459704825,0.0,-2.346561160244879,0.0,1.8252655148045283,0.0,7.385741624883182,0.0,7.8312380155494,0.0,12.923214017291507,0.0,3.5031944133085666,0.0,3.8825472115746154,0.0,0.7954193274952226,0.0,-9.092733487989701,0.0,0.9635657633347086,0.0,""
"2026-09-29 13:36:01","git-master-bddc7a050319718b5e4e0856afec0bc9ea96418f","C:\Users\marco\Desktop\ds004507\derivatives\labels\sub-007\ses-headDown\anat\sub-007_ses-headDown_T2w_seg-manual.nii.gz","805","5","",79.66518805637847,0.0,-2.42966537614462,0.0,1.7508483500776317,0.0,7.391074616117099,0.0,7.8247475941915985,0.0,13.075367558245972,0.0,3.5112148790036293,0.0,3.87985973711347,0.0,0.801169940793693,0.0,-8.805808385110167,0.0,0.9630416293963849,0.0,""
"2026-09-29 13:36:01","git-master-bddc7a050319718b5e4e0856afec0bc9ea96418f","C:\Users\marco\Desktop\ds004507\derivatives\labels\sub-007\ses-headDown\anat\sub-007_ses-headDown_T2w_seg-manual.nii.gz","806","5","",79.09702548049636,0.0,-2.5107499844898893,0.0,1.6772263363557793,0.0,7.386553224773445,0.0,7.7783908106208735,0.0,13.073251783277424,0.0,3.510431231235074,0.0,3.876121993538372,0.0,0.8037351425359122,0.0,-9.442178128008699,0.0,0.9589818493119692,0.0,""
"2026-09-29 13:36:01","git-master-bddc7a050319718b5e4e0856afec0bc9ea96418f","C:\Users\marco\Desktop\ds004507\derivatives\labels\sub-007\ses-headDown\anat\sub-007_ses-headDown_T2w_seg-manual.nii.gz","807","5","",80.02380800988105,0.0,-2.5897193332525945,0.0,1.6044379358145786,0.0,7.410748453402566,0.0,7.843294291811145,0.0,13.127867491775156,0.0,3.5274403512665735,0.0,3.8833081021359925,0.0,0.8019037647855216,0.0,-9.75395130034286,0.0,0.9597718769057235,0.0,""
"2026-09-29 13:36:01","git-master-bddc7a050319718b5e4e0856afec0bc9ea96418f","C:\Users\marco\Desktop\ds004507\derivatives\labels\sub-007\ses-headDown\anat\sub-007_ses-headDown_T2w_seg-manual.nii.gz","808","5","",80.64457002635262,0.0,-2.6669584040445544,0.0,1.5323319697395088,0.0,7.476453558226882,0.0,7.883227558519542,0.0,13.159215134497023,0.0,3.5503542143423097,0.0,3.926099343884572,0.0,0.8007002859387816,0.0,-9.728757696431257,0.0,0.9620965751335578,0.0,""
"2026-09-29 13:36:01","git-master-bddc7a050319718b5e4e0856afec0bc9ea96418f","C:\Users\marco\Desktop\ds004507\derivatives\labels\sub-007\ses-headDown\anat\sub-007_ses-headDown_T2w_seg-manual.nii.gz","809","5","",80.83479351208445,0.0,-2.742467498364226,0.0,1.460908711640281,0.0,7.510940937720687,0.0,7.881880522905812,0.0,13.186992044992781,0.0,3.5436827489363267,0.0,3.9672581887843603,0.0,0.8017045946711339,0.0,-9.307710777838958,0.0,0.9629306268169273,0.0,""
"2026-09-29 13:36:01","git-master-bddc7a050319718b5e4e0856afec0bc9ea96418f","C:\Users\marco\Desktop\ds004507\derivatives\labels\sub-007\ses-headDown\anat\sub-007_ses-headDown_T2w_seg-manual.nii.gz","810","5","",80.85508346157107,0.0,-2.8162469255764178,0.0,1.3901684298023278,0.0,7.429187458806114,0.0,7.850907760709077,0.0,13.25203171544803,0.0,3.472556665803042,0.0,3.9566307930030717,0.0,0.8056198550317061,0.0,-8.48644242457551,0.0,0.9596300341861769,0.0,""
"2026-09-29 13:36:01","git-master-bddc7a050319718b5e4e0856afec0bc9ea96418f","C:\Users\marco\Desktop\ds004507\derivatives\labels\sub-007\ses-headDown\anat\sub-007_ses-headDown_T2w_seg-manual.nii.gz","811","5","",81.41862704543493,0.0,-2.8877208039004763,0.0,1.320339309477909,0.0,7.427952467982086,0.0,7.849382640854907,0.0,13.339342945103295,0.0,3.481639031667786,0.0,3.9463134363143006,0.0,0.8085334919438883,0.0,-8.296456031816842,0.0,0.9628142813805614,0.0,""
"2026-09-29 13:36:01","git-master-bddc7a050319718b5e4e0856afec0bc9ea96418f","C:\Users\marco\Desktop\ds004507\derivatives\labels\sub-007\ses-headDown\anat\sub-007_ses-headDown_T2w_seg-manual.nii.gz","812","5","",81.33648307841524,0.0,-2.9573700496752213,0.0,1.2512319431086016,0.0,7.43743857895298,0.0,7.8589499633464115,0.0,13.309165050731172,0.0,3.4912128454047258,0.0,3.9462257335482547,0.0,0.8070321069216279,0.0,-8.223314843379455,0.0,0.9623321482826234,0.0,""
"2026-09-29 13:36:01","git-master-bddc7a050319718b5e4e0856afec0bc9ea96418f","C:\Users\marco\Desktop\ds004507\derivatives\labels\sub-007\ses-headDown\anat\sub-007_ses-headDown_T2w_seg-manual.nii.gz","813","5","",81.32216570237071,0.0,-3.0252910863266522,0.0,1.1828085930444732,0.0,7.489256558882213,0.0,7.8807720382408215,0.0,13.263910591655227,0.0,3.542217572937931,0.0,3.947038985944282,0.0,0.8043475820652378,0.0,-8.24076295671956,0.0,0.9624338133044729,0.0,""
"2026-09-29 13:36:01","git-master-bddc7a050319718b5e4e0856afec0bc9ea96418f","C:\Users\marco\Desktop\ds004507\derivatives\labels\sub-007\ses-headDown\anat\sub-007_ses-headDown_T2w_seg-manual.nii.gz","814","5","",81.71546553162206,0.0,-3.0914842766172903,0.0,1.1150694820654423,0.0,7.5645673381490734,0.0,7.905707127406913,0.0,13.275248262121321,0.0,3.6194803277422984,0.0,3.9450870104067746,0.0,0.8033194265497853,0.0,-8.336768580755429,0.0,0.9652809705899943,0.0,""
"2026-09-29 13:36:01","git-master-bddc7a050319718b5e4e0856afec0bc9ea96418f","C:\Users\marco\Desktop\ds004507\derivatives\labels\sub-007\ses-headDown\anat\sub-007_ses-headDown_T2w_seg-manual.nii.gz","815","5","",82.5617465164468,0.0,-3.1557581220719855,0.0,1.0480909200780224,0.0,7.565082197350558,0.0,7.905169478211401,0.0,13.417511640364483,0.0,3.622913739462085,0.0,3.942168457888473,0.0,0.8080020787163898,0.0,-8.514344044030834,0.0,0.9715631530988241,0.0,""
"2026-09-29 13:36:01","git-master-bddc7a050319718b5e4e0856afec0bc9ea96418f","C:\Users\marco\Desktop\ds004507\derivatives\labels\sub-007\ses-headDown\anat\sub-007_ses-headDown_T2w_seg-manual.nii.gz","816","5","",81.58428572925045,0.0,-3.217825510724843,0.0,0.981987414576049,0.0,7.4800371229581994,0.0,7.903365529330797,0.0,13.283921416157778,0.0,3.5407987330907282,0.0,3.939238389867471,0.0,0.8037223689548191,0.0,-8.822337015793117,0.0,0.965438066438508,0.0,""
"2026-09-29 13:36:01","git-master-bddc7a050319718b5e4e0856afec0bc9ea96418f","C:\Users\marco\Desktop\ds004507\derivatives\labels\sub-007\ses-headDown\anat\sub-007_ses-headDown_T2w_seg-manual.nii.gz","817","5","",81.3543158917816,0.0,-3.278166665730123,0.0,0.9165690141096974,0.0,7.512623435902773,0.0,7.926513366454507,0.0,13.20892074191433,0.0,3.576193083425728,0.0,3.9364303524770454,0.0,0.7999245602701759,0.0,-8.84039644928676,0.0,0.9686109713963611,0.0,""
"2026-09-29 13:36:01","git-master-bddc7a050319718b5e4e0856afec0bc9ea96418f","C:\Users\marco\Desktop\ds004507\derivatives\labels\sub-007\ses-headDown\anat\sub-007_ses-headDown_T2w_seg-manual.nii.gz","818","5","",81.73587847791083,0.0,-3.336781974428567,0.0,0.8518359004108067,0.0,7.578047979340514,0.0,7.967687022714853,0.0,13.193116758809875,0.0,3.646690057518829,0.0,3.931357921821686,0.0,0.7970359882522603,0.0,-8.500323378286092,0.0,0.9750228560457548,0.0,""
"2026-09-29 13:36:01","git-master-bddc7a050319718b5e4e0856afec0bc9ea96418f","C:\Users\marco\Desktop\ds004507\derivatives\labels\sub-007\ses-headDown\anat\sub-007_ses-headDown_T2w_seg-manual.nii.gz","819","5","",82.18532535027718,0.0,-3.3936718252111495,0.0,0.787788251038522,0.0,7.569287134617231,0.0,8.006546313396171,0.0,13.197586204943624,0.0,3.646788010979997,0.0,3.922499123637235,0.0,0.794954623871298,0.0,-7.835321093228929,0.0,0.9757861535089019,0.0,""
"2026-09-29 13:36:01","git-master-bddc7a050319718b5e4e0856afec0bc9ea96418f","C:\Users\marco\Desktop\ds004507\derivatives\labels\sub-007\ses-headDown\anat\sub-007_ses-headDown_T2w_seg-manual.nii.gz","820","5","",81.33288854802939,0.0,-3.4483576487557848,0.0,0.7246167856005393,0.0,7.474355835039299,0.0,7.938474380748805,0.0,13.174590051057944,0.0,3.556549606111447,0.0,3.9178062289278524,0.0,0.7980715331083816,0.0,-7.290799739829664,0.0,0.9647057307479141,0.0,""
"2026-09-29 13:36:01","git-master-bddc7a050319718b5e4e0856afec0bc9ea96418f","C:\Users\marco\Desktop\ds004507\derivatives\labels\sub-007\ses-headDown\anat\sub-007_ses-headDown_T2w_seg-manual.nii.gz","821","5","",80.70661586655089,0.0,-3.50112763496916,0.0,0.6622075054561609,0.0,7.4636773049751515,0.0,7.901090370689589,0.0,13.14801511200067,0.0,3.549234813864172,0.0,3.9144424911109796,0.0,0.7992988134047833,0.0,-7.1991439273261655,0.0,0.9605887487302197,0.0,""
"2026-09-29 13:36:01","git-master-bddc7a050319718b5e4e0856afec0bc9ea96418f","C:\Users\marco\Desktop\ds004507\derivatives\labels\sub-007\ses-headDown\anat\sub-007_ses-headDown_T2w_seg-manual.nii.gz","822","5","",80.28417195482255,0.0,-3.552173824958884,0.0,0.6004843656711282,0.0,7.469048226340531,0.0,7.874994683337775,0.0,13.128853222643176,0.0,3.558134891565343,0.0,3.9109133347751888,0.0,0.800132095192255,0.0,-7.016099019386209,0.0,0.9596568376068922,0.0,""
"2026-09-29 13:36:01","git-master-bddc7a050319718b5e4e0856afec0bc9ea96418f","C:\Users\marco\Desktop\ds004507\derivatives\labels\sub-007\ses-headDown\anat\sub-007_ses-headDown_T2w_seg-manual.nii.gz","823","5","",80.13352944013981,0.0,-3.6014966033307436,0.0,0.5394475075890504,0.0,7.471834393091844,0.0,7.872064612177432,0.0,13.109872860735704,0.0,3.5651921190675258,0.0,3.906642274024318,0.0,0.7996339965865454,0.0,-6.6980470135139285,0.0,0.9611358317571285,0.0,""
"2026-09-29 13:36:01","git-master-bddc7a050319718b5e4e0856afec0bc9ea96418f","C:\Users\marco\Desktop\ds004507\derivatives\labels\sub-007\ses-headDown\anat\sub-007_ses-headDown_T2w_seg-manual.nii.gz","824","5","",80.41305795688108,0.0,-3.6490006655679563,0.0,0.47913521540997955,0.0,7.481091054031342,0.0,7.931921479600804,0.0,13.067183155159306,0.0,3.5796143667237716,0.0,3.90147668730757,0.0,0.7946906653308536,0.0,-6.5505500897094295,0.0,0.9660278202794451,0.0,""
"2026-09-29 13:36:01","git-master-bddc7a050319718b5e4e0856afec0bc9ea96418f","C:\Users\marco\Desktop\ds004507\derivatives\labels\sub-007\ses-headDown\anat\sub-007_ses-headDown_T2w_seg-manual.nii.gz","825","5","",80.14927218565121,0.0,-3.694208223234739,0.0,0.41973844129038584,0.0,7.391415023134768,0.0,7.872985275535927,0.0,13.127634311760552,0.0,3.4934118208489897,0.0,3.898003202285778,0.0,0.8001778599885233,0.0,-7.1182592621906835,0.0,0.9607425463990114,0.0,""
"2026-09-29 13:36:01","git-master-bddc7a050319718b5e4e0856afec0bc9ea96418f","C:\Users\marco\Desktop\ds004507\derivatives\labels\sub-007\ses-headDown\anat\sub-007_ses-headDown_T2w_seg-manual.nii.gz","826","5","",80.63267027391034,0.0,-3.737693971616029,0.0,0.3610284872708725,0.0,7.3634249881646605,0.0,7.839474789387132,0.0,13.263654098351223,0.0,3.4728470093602666,0.0,3.890577978804394,0.0,0.8065692981313902,0.0,-7.485824381942455,0.0,0.9620316909971715,0.0,""
"2026-09-29 13:36:01","git-master-bddc7a050319718b5e4e0856afec0bc9ea96418f","C:\Users\marco\Desktop\ds004507\derivatives\labels\sub-007\ses-headDown\anat\sub-007_ses-headDown_T2w_seg-manual.nii.gz","827","5","",80.79910758819994,0.0,-3.7794582701225403,0.0,0.3030054625637625,0.0,7.363672472483857,0.0,7.8176887240532045,0.0,13.325185257599857,0.0,3.4757744030909925,0.0,3.8878980693928633,0.0,0.8098081823417181,0.0,-7.678645663914292,0.0,0.9633364403585238,0.0,""
"2026-09-29 13:36:01","git-master-bddc7a050319718b5e4e0856afec0bc9ea96418f","C:\Users\marco\Desktop\ds004507\derivatives\labels\sub-007\ses-headDown\anat\sub-007_ses-headDown_T2w_seg-manual.nii.gz","828","5","",80.11649837276498,0.0,-3.8195014741867936,0.0,0.24566947317030027,0.0,7.371815848453158,0.0,7.802514837154381,0.0,13.233715824107215,0.0,3.4778573541627664,0.0,3.8939584942903913,0.0,0.8076944575055203,0.0,-7.73533088856343,0.0,0.9603936612960872,0.0,""
"2026-09-29 13:36:01","git-master-bddc7a050319718b5e4e0856afec0bc9ea96418f","C:\Users\marco\Desktop\ds004507\derivatives\labels\sub-007\ses-headDown\anat\sub-007_ses-headDown_T2w_seg-manual.nii.gz","829","5","",80.67907716032386,0.0,-3.857441697020686,0.0,0.18917335967513094,0.0,7.467903885022945,0.0,7.86409914582034,0.0,13.208549666828253,0.0,3.5768086566894772,0.0,3.891095228333468,0.0,0.8034374281163585,0.0,-7.525567300979741,0.0,0.9623580677656334,0.0,""
"2026-09-29 13:36:01","git-master-bddc7a050319718b5e4e0856afec0bc9ea96418f","C:\Users\marco\Desktop\ds004507\derivatives\labels\sub-007\ses-headDown\anat\sub-007_ses-headDown_T2w_seg-manual.nii.gz","830","5","",80.52889844595137,0.0,-3.8933751669722865,0.0,0.13347912008881596,0.0,7.519405400215423,0.0,7.853056627643688,0.0,13.204665024041642,0.0,3.610066565168832,0.0,3.909338835046591,0.0,0.8039328474292942,0.0,-6.931766252995332,0.0,0.9627150272903547,0.0,""
"2026-09-29 13:36:01","git-master-bddc7a050319718b5e4e0856afec0bc9ea96418f","C:\Users\marco\Desktop\ds004507\derivatives\labels\sub-007\ses-headDown\anat\sub-007_ses-headDown_T2w_seg-manual.nii.gz","831","5","",80.24291727920881,0.0,-3.9275889704097415,0.0,0.07847230685781248,0.0,7.488498066011728,0.0,7.814339324433102,0.0,13.223820620094557,0.0,3.5629645989004133,0.0,3.9255334671113147,0.0,0.8067088857940005,0.0,-7.2771605932798495,0.0,0.9621604272934735,0.0,""
"2026-09-29 13:36:01","git-master-bddc7a050319718b5e4e0856afec0bc9ea96418f","C:\Users\marco\Desktop\ds004507\derivatives\labels\sub-007\ses-headDown\anat\sub-007_ses-headDown_T2w_seg-manual.nii.gz","832","5","",80.11535864159156,0.0,-3.960083417508392,0.0,0.02415299823901571,0.0,7.428516624701328,0.0,7.776239275399013,0.0,13.260275484884863,0.0,3.494942283323269,0.0,3.9335743413780593,0.0,0.8099957270702495,0.0,-8.21316729129841,0.0,0.9612491919259469,0.0,""
"2026-09-29 13:36:01","git-master-bddc7a050319718b5e4e0856afec0bc9ea96418f","C:\Users\marco\Desktop\ds004507\derivatives\labels\sub-007\ses-headDown\anat\sub-007_ses-headDown_T2w_seg-manual.nii.gz","833","5","",80.395251257403,0.0,-3.990858812779095,0.0,-0.029478730322334463,0.0,7.443114044445238,0.0,7.767691130356062,0.0,13.302853467528164,0.0,3.510203107966706,0.0,3.9329109364785317,0.0,0.8118172108939629,0.0,-8.622540609369924,0.0,0.960644007155635,0.0,""
"2026-09-29 13:36:01","git-master-bddc7a050319718b5e4e0856afec0bc9ea96418f","C:\Users\marco\Desktop\ds004507\derivatives\labels\sub-007\ses-headDown\anat\sub-007_ses-headDown_T2w_seg-manual.nii.gz","834","4","",81.47778466676883,0.0,-4.027196063538029,0.0,-0.09690478040066136,0.0,7.440989029559972,0.0,7.848370787112201,0.0,13.34447778524733,0.0,3.510151141925144,0.0,3.9308378876348287,0.0,0.8087618815373383,0.0,-8.191901340593382,0.0,0.9642097802976612,0.0,""
"2026-09-29 13:36:01","git-master-bddc7a050319718b5e4e0856afec0bc9ea96418f","C:\Users\marco\Desktop\ds004507\derivatives\labels\sub-007\ses-headDown\anat\sub-007_ses-headDown_T2w_seg-manual.nii.gz","835","4","",82.09825343383862,0.0,-4.0558562354653365,0.0,-0.15391318646980323,0.0,7.440941492348157,0.0,7.871968691889224,0.0,13.40979083177474,0.0,3.515055428193146,0.0,3.925886064155011,0.0,0.8095633276819184,0.0,-8.23342891318477,0.0,0.963300278976175,0.0,""
"2026-09-29 13:36:01","git-master-bddc7a050319718b5e4e0856afec0bc9ea96418f","C:\Users\marco\Desktop\ds004507\derivatives\labels\sub-007\ses-headDown\anat\sub-007_ses-headDown_T2w_seg-manual.nii.gz","836","4","",82.45751173817509,0.0,-4.082310927778297,0.0,-0.21003838883396328,0.0,7.439911659723912,0.0,7.870487875193531,0.0,13.467617093526322,0.0,3.519090354010458,0.0,3.920821305713454,0.0,0.8114605237099598,0.0,-8.017980308168083,0.0,0.9650555070248268,0.0,""
"2026-09-29 13:36:01","git-master-bddc7a050319718b5e4e0856afec0bc9ea96418f","C:\Users\marco\Desktop\ds004507\derivatives\labels\sub-007\ses-headDown\anat\sub-007_ses-headDown_T2w_seg-manual.nii.gz","837","4","",82.97753253510706,0.0,-4.106560532110921,0.0,-0.26528030650058343,0.0,7.519759014694937,0.0,7.927876181719786,0.0,13.448660300981944,0.0,3.6048861739550415,0.0,3.914872840739896,0.0,0.807740897224901,0.0,-7.353729414888422,0.0,0.9617407583379414,0.0,""
"2026-09-29 13:36:01","git-master-bddc7a050319718b5e4e0856afec0bc9ea96418f","C:\Users\marco\Desktop\ds004507\derivatives\labels\sub-007\ses-headDown\anat\sub-007_ses-headDown_T2w_seg-manual.nii.gz","838","4","",83.27652274926889,0.0,-4.128605413155254,0.0,-0.3196388664337897,0.0,7.5231604898445585,0.0,7.943683644218486,0.0,13.47955127328,0.0,3.6097823546896386,0.0,3.91337813515492,0.0,0.8078631387484263,0.0,-6.889522535049036,0.0,0.9598464463200911,0.0,""
"2026-09-29 13:36:01","git-master-bddc7a050319718b5e4e0856afec0bc9ea96418f","C:\Users\marco\Desktop\ds004507\derivatives\labels\sub-007\ses-headDown\anat\sub-007_ses-headDown_T2w_seg-manual.nii.gz","839","4","",83.16355812139183,0.0,-4.148445907964223,0.0,-0.37311400328851974,0.0,7.461633940985857,0.0,7.871525178736753,0.0,13.589208536291853,0.0,3.5489043066075925,0.0,3.9127296343782647,0.0,0.8150896167652386,0.0,-7.015530686541815,0.0,0.9578805400430089,0.0,""
"2026-09-29 13:36:01","git-master-bddc7a050319718b5e4e0856afec0bc9ea96418f","C:\Users\marco\Desktop\ds004507\derivatives\labels\sub-007\ses-headDown\anat\sub-007_ses-headDown_T2w_seg-manual.nii.gz","840","4","",82.78919076595639,0.0,-4.1660823252974595,0.0,-0.42570565914735253,0.0,7.455641534388178,0.0,7.776014199200511,0.0,13.672160288945783,0.0,3.5505092756324026,0.0,3.9051322587557755,0.0,0.8225114231558796,0.0,-7.509729143876468,0.0,0.9520512041542339,0.0,""
"2026-09-29 13:36:01","git-master-bddc7a050319718b5e4e0856afec0bc9ea96418f","C:\Users\marco\Desktop\ds004507\derivatives\labels\sub-007\ses-headDown\anat\sub-007_ses-headDown_T2w_seg-manual.nii.gz","841","4","",82.20334461567293,0.0,-4.181514945010129,0.0,-0.4774137832600448,0.0,7.35911278073491,0.0,7.741757062253004,0.0,13.657400346589872,0.0,3.46186843883932,0.0,3.89724434189559,0.0,0.8238179258404148,0.0,-7.794226386925039,0.0,0.9591188001106123,0.0,""
"2026-09-29 13:36:01","git-master-bddc7a050319718b5e4e0856afec0bc9ea96418f","C:\Users\marco\Desktop\ds004507\derivatives\labels\sub-007\ses-headDown\anat\sub-007_ses-headDown_T2w_seg-manual.nii.gz","842","4","",82.82475920319844,0.0,-4.194405054837248,0.0,-0.5281023896608008,0.0,7.3615911336693225,0.0,7.793729790147716,0.0,13.685527155180415,0.0,3.456434956057949,0.0,3.9051561776113735,0.0,0.822000009493222,0.0,-6.758770053782523,0.0,0.9507031627669623,0.0,""
"2026-09-29 13:36:01","git-master-bddc7a050319718b5e4e0856afec0bc9ea96418f","C:\Users\marco\Desktop\ds004507\derivatives\labels\sub-007\ses-headDown\anat\sub-007_ses-headDown_T2w_seg-manual.nii.gz","843","4","",82.36040933508413,0.0,-4.20500716679426,0.0,-0.5778733867179935,0.0,7.375846057029126,0.0,7.79693307317398,0.0,13.595221954142312,0.0,3.533899008095205,0.0,3.841947048933922,0.0,0.8191917253700223,0.0,-7.096930101807557,0.0,0.9537677441770307,0.0,""
"2026-09-29 13:36:01","git-master-bddc7a050319718b5e4e0856afec0bc9ea96418f","C:\Users\marco\Desktop\ds004507\derivatives\labels\sub-007\ses-headDown\anat\sub-007_ses-headDown_T2w_seg-manual.nii.gz","844","4","",83.28394671111529,0.0,-4.213406191787555,0.0,-0.6267607329788728,0.0,7.46268468012221,0.0,7.831434083019285,0.0,13.656305911537364,0.0,3.5820761227166216,0.0,3.8806085574055893,0.0,0.81922423800695,0.0,-6.972051869555431,0.0,0.9584158075441617,0.0,""
"2026-09-29 13:36:01","git-master-bddc7a050319718b5e4e0856afec0bc9ea96418f","C:\Users\marco\Desktop\ds004507\derivatives\labels\sub-007\ses-headDown\anat\sub-007_ses-headDown_T2w_seg-manual.nii.gz","845","4","",83.98652488684401,0.0,-4.219602259054583,0.0,-0.6747644087901531,0.0,7.5245781155111615,0.0,7.850640057142859,0.0,13.71416676788254,0.0,3.6022716255746308,0.0,3.922306489936531,0.0,0.8199413617438595,0.0,-6.849213600348599,0.0,0.9611093936099956,0.0,""
"2026-09-29 13:36:01","git-master-bddc7a050319718b5e4e0856afec0bc9ea96418f","C:\Users\marco\Desktop\ds004507\derivatives\labels\sub-007\ses-headDown\anat\sub-007_ses-headDown_T2w_seg-manual.nii.gz","846","4","",83.38195924520726,0.0,-4.223595466273797,0.0,-0.721884399986376,0.0,7.5351347688537915,0.0,7.8478718202200595,0.0,13.63507943284946,0.0,3.6118402578330193,0.0,3.923294511020772,0.0,0.8177076312669724,0.0,-6.604625950983645,0.0,0.9601688629261907,0.0,""
"2026-09-29 13:36:01","git-master-bddc7a050319718b5e4e0856afec0bc9ea96418f","C:\Users\marco\Desktop\ds004507\derivatives\labels\sub-007\ses-headDown\anat\sub-007_ses-headDown_T2w_seg-manual.nii.gz","847","4","",82.24447686359906,0.0,-4.225385879387591,0.0,-0.7681206976573094,0.0,7.511349658927379,0.0,7.84894531667075,0.0,13.489282595998715,0.0,3.5956071755212458,0.0,3.915742483406133,0.0,0.8132828962933447,0.0,-5.878368889868919,0.0,0.9578269615603083,0.0,""
"2026-09-29 13:36:01","git-master-bddc7a050319718b5e4e0856afec0bc9ea96418f","C:\Users\marco\Desktop\ds004507\derivatives\labels\sub-007\ses-headDown\anat\sub-007_ses-headDown_T2w_seg-manual.nii.gz","848","4","",82.53539370027893,0.0,-4.224973532467801,0.0,-0.8134732979181124,0.0,7.415264141793167,0.0,7.845241945409013,0.0,13.52998179685807,0.0,3.506096494908346,0.0,3.909167646884821,0.0,0.8147286788784144,0.0,-5.469409335009604,0.0,0.9616981018937175,0.0,""
"2026-09-29 13:36:01","git-master-bddc7a050319718b5e4e0856afec0bc9ea96418f","C:\Users\marco\Desktop\ds004507\derivatives\labels\sub-007\ses-headDown\anat\sub-007_ses-headDown_T2w_seg-manual.nii.gz","849","4","",82.53476751600174,0.0,-4.222104255947505,0.0,-0.8578402379032286,0.0,7.432755894250521,0.0,7.8646548372976515,0.0,13.50037237308946,0.0,3.5118233191357033,0.0,3.920932575114817,0.0,0.8127930409376312,0.0,-6.21575539468989,0.0,0.9628552901543511,0.0,""
"2026-09-29 13:36:01","git-master-bddc7a050319718b5e4e0856afec0bc9ea96418f","C:\Users\marco\Desktop\ds004507\derivatives\labels\sub-007\ses-headDown\anat\sub-007_ses-headDown_T2w_seg-manual.nii.gz","850","4","",82.81587687948702,0.0,-4.2168627104492575,0.0,-0.9012555159506367,0.0,7.433666313395224,0.0,7.900780382181415,0.0,13.470717760704195,0.0,3.5156890703725305,0.0,3.917977243022693,0.0,0.8099330352667254,0.0,-6.187716641724795,0.0,0.9709786974631734,0.0,""
"2026-09-29 13:36:01","git-master-bddc7a050319718b5e4e0856afec0bc9ea96418f","C:\Users\marco\Desktop\ds004507\derivatives\labels\sub-007\ses-headDown\anat\sub-007_ses-headDown_T2w_seg-manual.nii.gz","851","4","",83.12735655644771,0.0,-4.209418247827695,0.0,-0.9437871220698744,0.0,7.510373326308621,0.0,7.935833691886121,0.0,13.445678992464984,0.0,3.5924206961229403,0.0,3.9179526301856806,0.0,0.8072413587604537,0.0,-6.205314410192431,0.0,0.9745014984522787,0.0,""
"2026-09-29 13:36:01","git-master-bddc7a050319718b5e4e0856afec0bc9ea96418f","C:\Users\marco\Desktop\ds004507\derivatives\labels\sub-007\ses-headDown\anat\sub-007_ses-headDown_T2w_seg-manual.nii.gz","852","4","",82.53418613154838,0.0,-4.19977074495738,0.0,-0.9854350734593953,0.0,7.553917043234839,0.0,7.925518232683794,0.0,13.365494113525255,0.0,3.637730437332015,0.0,3.9161866059028245,0.0,0.8052080295729149,0.0,-5.856527623299858,0.0,0.9717564495788765,0.0,""
"2026-09-29 13:36:01","git-master-bddc7a050319718b5e4e0856afec0bc9ea96418f","C:\Users\marco\Desktop\ds004507\derivatives\labels\sub-007\ses-headDown\anat\sub-007_ses-headDown_T2w_seg-manual.nii.gz","853","4","",81.54911831250642,0.0,-4.18792004740885,0.0,-1.0261993908729907,0.0,7.554051340794347,0.0,7.9079766368852145,0.0,13.246349204549748,0.0,3.6393425729167443,0.0,3.914708767877603,0.0,0.8022203430705026,0.0,-5.565324566752303,0.0,0.9660203511878929,0.0,""
"2026-09-29 13:36:01","git-master-bddc7a050319718b5e4e0856afec0bc9ea96418f","C:\Users\marco\Desktop\ds004507\derivatives\labels\sub-007\ses-headDown\anat\sub-007_ses-headDown_T2w_seg-manual.nii.gz","854","4","",81.48923251042892,0.0,-4.173865969746531,0.0,-1.0660800984182708,0.0,7.590012319513518,0.0,7.936228158737776,0.0,13.19282301003774,0.0,3.6732473096587412,0.0,3.9167650098547764,0.0,0.7988280146218849,0.0,-5.563350917499639,0.0,0.9614481392477093,0.0,""
"2026-09-29 13:36:01","git-master-bddc7a050319718b5e4e0856afec0bc9ea96418f","C:\Users\marco\Desktop\ds004507\derivatives\labels\sub-007\ses-headDown\anat\sub-007_ses-headDown_T2w_seg-manual.nii.gz","855","4","",82.83713255478148,0.0,-4.1576082958692995,0.0,-1.1050772233579438,0.0,7.705487242991897,0.0,7.982419455687667,0.0,13.31563044465599,0.0,3.7879800382679374,0.0,3.9175072047239596,0.0,0.8003752371134903,0.0,-4.985368046409936,0.0,0.9597139858949707,0.0,""
"2026-09-29 13:36:01","git-master-bddc7a050319718b5e4e0856afec0bc9ea96418f","C:\Users\marco\Desktop\ds004507\derivatives\labels\sub-007\ses-headDown\anat\sub-007_ses-headDown_T2w_seg-manual.nii.gz","856","4","",82.21465266511801,0.0,-4.1389772234199125,0.0,-1.1431228338360857,0.0,7.602814135136529,0.0,7.889463013529002,0.0,13.398814988731298,0.0,3.692151580235737,0.0,3.910662554900792,0.0,0.8082545692984466,0.0,-4.441411648814947,0.0,0.9603905259255588,0.0,""
"2026-09-29 13:36:01","git-master-bddc7a050319718b5e4e0856afec0bc9ea96418f","C:\Users\marco\Desktop\ds004507\derivatives\labels\sub-007\ses-headDown\anat\sub-007_ses-headDown_T2w_seg-manual.nii.gz","857","4","",82.1755429232952,0.0,-4.117887589351132,0.0,-1.1801829941859594,0.0,7.614110507743093,0.0,7.937891913288043,0.0,13.321415238851623,0.0,3.7028641559330193,0.0,3.9112463518100733,0.0,0.8030550014389347,0.0,-3.8321177167104548,0.0,0.9555079331249409,0.0,""
"2026-09-29 13:36:01","git-master-bddc7a050319718b5e4e0856afec0bc9ea96418f","C:\Users\marco\Desktop\ds004507\derivatives\labels\sub-007\ses-headDown\anat\sub-007_ses-headDown_T2w_seg-manual.nii.gz","858","4","",81.93539350620804,0.0,-4.094593354525329,0.0,-1.2163596899844822,0.0,7.617838775208394,0.0,7.954071683916665,0.0,13.253747496669495,0.0,3.705562225828098,0.0,3.9122765493802962,0.0,0.7998908178425824,0.0,-3.902152528711737,0.0,0.9593366159528047,0.0,""
"2026-09-29 13:36:01","git-master-bddc7a050319718b5e4e0856afec0bc9ea96418f","C:\Users\marco\Desktop\ds004507\derivatives\labels\sub-007\ses-headDown\anat\sub-007_ses-headDown_T2w_seg-manual.nii.gz","859","4","",81.60835596833661,0.0,-4.069094159496239,0.0,-1.2516529609002396,0.0,7.675362873800403,0.0,7.933747255857691,0.0,13.2327823366241,0.0,3.702351229393682,0.0,3.9730116444067214,0.0,0.8003324268632066,0.0,-4.1426285572208155,0.0,0.9602633488264932,0.0,""
"2026-09-29 13:36:01","git-master-bddc7a050319718b5e4e0856afec0bc9ea96418f","C:\Users\marco\Desktop\ds004507\derivatives\labels\sub-007\ses-headDown\anat\sub-007_ses-headDown_T2w_seg-manual.nii.gz","860","4","",81.57727479653163,0.0,-4.04138961794638,0.0,-1.2860628484984888,0.0,7.696577714045313,0.0,7.9355623369007935,0.0,13.225994077054642,0.0,3.715468657232074,0.0,3.9811090568132386,0.0,0.7999938330638531,0.0,-3.4026291184139,0.0,0.9575392450233651,0.0,""
"2026-09-29 13:36:01","git-master-bddc7a050319718b5e4e0856afec0bc9ea96418f","C:\Users\marco\Desktop\ds004507\derivatives\labels\sub-007\ses-headDown\anat\sub-007_ses-headDown_T2w_seg-manual.nii.gz","861","4","",81.81985858219312,0.0,-4.011479317463503,0.0,-1.3195893960709495,0.0,7.6401712022274975,0.0,7.971866505587531,0.0,13.204807798851386,0.0,3.727533875033142,0.0,3.912637327194355,0.0,0.797203158927126,0.0,-2.7393964922693295,0.0,0.9562990890743465,0.0,""
"2026-09-29 13:36:01","git-master-bddc7a050319718b5e4e0856afec0bc9ea96418f","C:\Users\marco\Desktop\ds004507\derivatives\labels\sub-007\ses-headDown\anat\sub-007_ses-headDown_T2w_seg-manual.nii.gz","862","4","",81.82199355663712,0.0,-3.979362820360264,0.0,-1.3522326484684037,0.0,7.617103835051062,0.0,7.98477785716734,0.0,13.181183238469012,0.0,3.6929298097425045,0.0,3.9241740253085577,0.0,0.7956355893029136,0.0,-4.901866626860853,0.0,0.9583103571791817,0.0,""
"2026-09-29 13:36:01","git-master-bddc7a050319718b5e4e0856afec0bc9ea96418f","C:\Users\marco\Desktop\ds004507\derivatives\labels\sub-007\ses-headDown\anat\sub-007_ses-headDown_T2w_seg-manual.nii.gz","863","4","",81.82433396419313,0.0,-3.9449547686367135,0.0,-1.3839586831883812,0.0,7.634664593541591,0.0,8.021215120459987,0.0,13.148524582150989,0.0,3.705896807117755,0.0,3.9287677864238364,0.0,0.7923644336178634,0.0,-5.593755650612304,0.0,0.9549246354849541,0.0,""
"2026-09-29 13:36:01","git-master-bddc7a050319718b5e4e0856afec0bc9ea96418f","C:\Users\marco\Desktop\ds004507\derivatives\labels\sub-007\ses-headDown\anat\sub-007_ses-headDown_T2w_seg-manual.nii.gz","864","4","",81.79988852681971,0.0,-3.907999839901073,0.0,-1.4146656554767674,0.0,7.71927007913472,0.0,8.065809961546835,0.0,13.077441676452786,0.0,3.7212095730510035,0.0,3.9980605060837173,0.0,0.7871268440307094,0.0,-5.379941042617212,0.0,0.9435734581290628,0.0,""
"2026-09-29 13:36:01","git-master-bddc7a050319718b5e4e0856afec0bc9ea96418f","C:\Users\marco\Desktop\ds004507\derivatives\labels\sub-007\ses-headDown\anat\sub-007_ses-headDown_T2w_seg-manual.nii.gz","865","4","",82.5509840636884,0.0,-3.8706919941458877,0.0,-1.4450745790119361,0.0,7.8256884630130585,0.0,8.114531348497868,0.0,13.104399374504155,0.0,3.713286182775554,0.0,4.1124022802375055,0.0,0.7852166748248264,0.0,-4.7984992573252825,0.0,0.9504080077605104,0.0,""
"2026-09-29 13:36:01","git-master-bddc7a050319718b5e4e0856afec0bc9ea96418f","C:\Users\marco\Desktop\ds004507\derivatives\labels\sub-007\ses-headDown\anat\sub-007_ses-headDown_T2w_seg-manual.nii.gz","866","4","",82.88536060556854,0.0,-3.8345895092536217,0.0,-1.4756769133166099,0.0,7.795019051300423,0.0,8.101193043087125,0.0,13.177077448582597,0.0,3.6381183102843964,0.0,4.156900741016027,0.0,0.7886551363190055,0.0,-4.860886407523936,0.0,0.9534289315667595,0.0,""
"2026-09-29 13:36:01","git-master-bddc7a050319718b5e4e0856afec0bc9ea96418f","C:\Users\marco\Desktop\ds004507\derivatives\labels\sub-007\ses-headDown\anat\sub-007_ses-headDown_T2w_seg-manual.nii.gz","867","4","",82.73693694764565,0.0,-3.8001379090469856,0.0,-1.5066130444825618,0.0,7.794151608861668,0.0,8.106054364960883,0.0,13.14299720224943,0.0,3.6415283970334418,0.0,4.152623211828226,0.0,0.7870636232293831,0.0,-4.856741579291453,0.0,0.9537122262741369,0.0,""
"2026-09-29 13:36:01","git-master-bddc7a050319718b5e4e0856afec0bc9ea96418f","C:\Users\marco\Desktop\ds004507\derivatives\labels\sub-007\ses-headDown\anat\sub-007_ses-headDown_T2w_seg-manual.nii.gz","868","4","",82.12562170618251,0.0,-3.767337589851952,0.0,-1.5378829296013685,0.0,7.837702510149957,0.0,8.137330073262675,0.0,12.993668012488442,0.0,3.7298693449014837,0.0,4.107833165248473,0.0,0.7796081541617417,0.0,-4.586599485547839,0.0,0.9526033938787988,0.0,""
"2026-09-29 13:36:01","git-master-bddc7a050319718b5e4e0856afec0bc9ea96418f","C:\Users\marco\Desktop\ds004507\derivatives\labels\sub-007\ses-headDown\anat\sub-007_ses-headDown_T2w_seg-manual.nii.gz","869","4","",81.08175966204014,0.0,-3.7361889261062218,0.0,-1.569486524527195,0.0,7.744816659226221,0.0,8.099998398413739,0.0,12.906715208287885,0.0,3.7291367955843118,0.0,4.0156798636419095,0.0,0.7785210675647576,0.0,-4.671638712436493,0.0,0.9450878808934091,0.0,""
"2026-09-29 13:36:01","git-master-bddc7a050319718b5e4e0856afec0bc9ea96418f","C:\Users\marco\Desktop\ds004507\derivatives\labels\sub-007\ses-headDown\anat\sub-007_ses-headDown_T2w_seg-manual.nii.gz","870","4","",81.08323715248196,0.0,-3.706692270916728,0.0,-1.6014237838554317,0.0,7.71288596873698,0.0,8.032958330314013,0.0,13.018924384715639,0.0,3.648001527455148,0.0,4.064884441281833,0.0,0.7869461681467023,0.0,-4.08989914720075,0.0,0.9403728146347111,0.0,""
"2026-09-29 13:36:01","git-master-bddc7a050319718b5e4e0856afec0bc9ea96418f","C:\Users\marco\Desktop\ds004507\derivatives\labels\sub-007\ses-headDown\anat\sub-007_ses-headDown_T2w_seg-manual.nii.gz","871","3","",80.36078408577055,0.0,-3.6747260462103,0.0,-1.6389741301684555,0.0,7.7119806289825,0.0,8.016621882401905,0.0,12.954337227200291,0.0,3.5224844882806807,0.0,4.18949614070182,0.0,0.7855195045588216,0.0,-3.9970815118036866,0.0,0.946241618633102,0.0,""
"2026-09-29 13:36:01","git-master-bddc7a050319718b5e4e0856afec0bc9ea96418f","C:\Users\marco\Desktop\ds004507\derivatives\labels\sub-007\ses-headDown\anat\sub-007_ses-headDown_T2w_seg-manual.nii.gz","872","3","",79.10189754339518,0.0,-3.6483458197185232,0.0,-1.672762733478982,0.0,7.7079595651510635,0.0,8.025327694290231,0.0,12.784997637134177,0.0,3.546272061187185,0.0,4.161687503963879,0.0,0.7784214222374857,0.0,-3.4837725792507475,0.0,0.9644877166702225,0.0,""
"2026-09-29 13:36:01","git-master-bddc7a050319718b5e4e0856afec0bc9ea96418f","C:\Users\marco\Desktop\ds004507\derivatives\labels\sub-007\ses-headDown\anat\sub-007_ses-headDown_T2w_seg-manual.nii.gz","873","3","",79.50842153838643,0.0,-3.6237458807787943,0.0,-1.7069104722952428,0.0,7.784551186743389,0.0,8.041503554020478,0.0,12.782039773223751,0.0,3.625047086598969,0.0,4.15950410014442,0.0,0.7773040383046101,0.0,-3.5361220794163586,0.0,0.9677263286499694,0.0,""
"2026-09-29 13:36:01","git-master-bddc7a050319718b5e4e0856afec0bc9ea96418f","C:\Users\marco\Desktop\ds004507\derivatives\labels\sub-007\ses-headDown\anat\sub-007_ses-headDown_T2w_seg-manual.nii.gz","874","3","",79.66990963648445,0.0,-3.6009265157120725,0.0,-1.7414172866963378,0.0,7.862069894081006,0.0,8.050348115438087,0.0,12.795708657630428,0.0,3.652614813922334,0.0,4.209455080158671,0.0,0.7772884454831157,0.0,-4.882912169897266,0.0,0.9769709771173605,0.0,""
"2026-09-29 13:36:01","git-master-bddc7a050319718b5e4e0856afec0bc9ea96418f","C:\Users\marco\Desktop\ds004507\derivatives\labels\sub-007\ses-headDown\anat\sub-007_ses-headDown_T2w_seg-manual.nii.gz","875","3","",79.06664877016048,0.0,-3.5798879883615533,0.0,-1.7762831149867435,0.0,7.884273093138144,0.0,8.061184525936763,0.0,12.706782277198108,0.0,3.6492568747725462,0.0,4.2350162183655975,0.0,0.7729547570377184,0.0,-5.308696601342828,0.0,0.9794173464834139,0.0,""
"2026-09-29 13:36:01","git-master-bddc7a050319718b5e4e0856afec0bc9ea96418f","C:\Users\marco\Desktop\ds004507\derivatives\labels\sub-007\ses-headDown\anat\sub-007_ses-headDown_T2w_seg-manual.nii.gz","876","3","",79.0668931650958,0.0,-3.5606305406200196,0.0,-1.8115078936630313,0.0,7.838095977362846,0.0,8.03863192528344,0.0,12.719680065971488,0.0,3.6468035273728803,0.0,4.191292449989965,0.0,0.7748758263443317,0.0,-5.345400830306425,0.0,0.9767976161101807,0.0,""
"2026-09-29 13:36:01","git-master-bddc7a050319718b5e4e0856afec0bc9ea96418f","C:\Users\marco\Desktop\ds004507\derivatives\labels\sub-007\ses-headDown\anat\sub-007_ses-headDown_T2w_seg-manual.nii.gz","877","3","",79.1877799305587,0.0,-3.543154392921367,0.0,-1.8470915573803162,0.0,7.7857125565782255,0.0,7.980489716697994,0.0,12.783518720263201,0.0,3.648637860905058,0.0,4.137074695673167,0.0,0.781197253027647,0.0,-5.278442520607167,0.0,0.9728478729804404,0.0,""
"2026-09-29 13:36:01","git-master-bddc7a050319718b5e4e0856afec0bc9ea96418f","C:\Users\marco\Desktop\ds004507\derivatives\labels\sub-007\ses-headDown\anat\sub-007_ses-headDown_T2w_seg-manual.nii.gz","878","3","",78.30239135034861,0.0,-3.527459744696254,0.0,-1.8830340389184357,0.0,7.804181669088071,0.0,7.955473349743099,0.0,12.675795025082323,0.0,3.6442359961022808,0.0,4.159945672985789,0.0,0.7784996367772438,0.0,-4.6854525776465765,0.0,0.9680326314210801,0.0,""
"2026-09-29 13:36:01","git-master-bddc7a050319718b5e4e0856afec0bc9ea96418f","C:\Users\marco\Desktop\ds004507\derivatives\labels\sub-007\ses-headDown\anat\sub-007_ses-headDown_T2w_seg-manual.nii.gz","879","3","",78.46277966206412,0.0,-3.5135467747918163,0.0,-1.9193352691478618,0.0,7.870842114404933,0.0,8.023328668683373,0.0,12.590868737944353,0.0,3.6393666061050935,0.0,4.231475508299839,0.0,0.770617265210947,0.0,-5.1271000306742245,0.0,0.9692006699993065,0.0,""
"2026-09-29 13:36:01","git-master-bddc7a050319718b5e4e0856afec0bc9ea96418f","C:\Users\marco\Desktop\ds004507\derivatives\labels\sub-007\ses-headDown\anat\sub-007_ses-headDown_T2w_seg-manual.nii.gz","880","3","",77.49612086353879,0.0,-3.5014156418554023,0.0,-1.9559951769953428,0.0,7.875526445312808,0.0,8.069240194076873,0.0,12.382911943290445,0.0,3.644592369329334,0.0,4.230934075983474,0.0,0.7585256474125271,0.0,-6.010947248545658,0.0,0.9613765783609804,0.0,""
"2026-09-29 13:36:01","git-master-bddc7a050319718b5e4e0856afec0bc9ea96418f","C:\Users\marco\Desktop\ds004507\derivatives\labels\sub-007\ses-headDown\anat\sub-007_ses-headDown_T2w_seg-manual.nii.gz","881","3","",76.52967775106082,0.0,-3.491321073906801,0.0,-1.993064904176886,0.0,7.760354883749813,0.0,8.021017867703197,0.0,12.279805351820258,0.0,3.7253206426439682,0.0,4.035034241105845,0.0,0.7571942832304545,0.0,-5.736230397139556,0.0,0.9658694824013182,0.0,""
"2026-09-29 13:36:01","git-master-bddc7a050319718b5e4e0856afec0bc9ea96418f","C:\Users\marco\Desktop\ds004507\derivatives\labels\sub-007\ses-headDown\anat\sub-007_ses-headDown_T2w_seg-manual.nii.gz","882","3","",76.40790389549748,0.0,-3.4830086305298,0.0,-2.0304931347316644,0.0,7.762387806897315,0.0,7.975582027846429,0.0,12.300288698716324,0.0,3.7468029951875166,0.0,4.0155848117097985,0.0,0.7612833325788898,0.0,-6.545162071033702,0.0,0.966591382898761,0.0,""
"2026-09-29 13:36:01","git-master-bddc7a050319718b5e4e0856afec0bc9ea96418f","C:\Users\marco\Desktop\ds004507\derivatives\labels\sub-007\ses-headDown\anat\sub-007_ses-headDown_T2w_seg-manual.nii.gz","883","3","",76.88938566209114,0.0,-3.4764784003847753,0.0,-2.068279790274511,0.0,7.829765930170729,0.0,8.01061325701801,0.0,12.310502217894367,0.0,3.7400442935727387,0.0,4.08972163659799,0.0,0.7593152995921917,0.0,-6.303567911598322,0.0,0.9693525565276202,0.0,""
"2026-09-29 13:36:01","git-master-bddc7a050319718b5e4e0856afec0bc9ea96418f","C:\Users\marco\Desktop\ds004507\derivatives\labels\sub-007\ses-headDown\anat\sub-007_ses-headDown_T2w_seg-manual.nii.gz","884","3","",77.12928375712976,0.0,-3.4717304532494606,0.0,-2.1064247903003523,0.0,7.861087007556269,0.0,7.992348662544975,0.0,12.317203398782013,0.0,3.7347533057225353,0.0,4.126333701833734,0.0,0.760879681026749,0.0,-5.925349693136924,0.0,0.9750654091390961,0.0,""
"2026-09-29 13:36:01","git-master-bddc7a050319718b5e4e0856afec0bc9ea96418f","C:\Users\marco\Desktop\ds004507\derivatives\labels\sub-007\ses-headDown\anat\sub-007_ses-headDown_T2w_seg-manual.nii.gz","885","3","",77.44942237027323,0.0,-3.468764840161795,0.0,-2.144928052148099,0.0,7.880215800006375,0.0,7.9869080468867635,0.0,12.338700063675079,0.0,3.7356219206812304,0.0,4.144593879325145,0.0,0.7622299446498433,0.0,-5.934959306564323,0.0,0.9797952011048889,0.0,""
"2026-09-29 13:36:01","git-master-bddc7a050319718b5e4e0856afec0bc9ea96418f","C:\Users\marco\Desktop\ds004507\derivatives\labels\sub-007\ses-headDown\anat\sub-007_ses-headDown_T2w_seg-manual.nii.gz","886","3","",77.36709176108255,0.0,-3.4675815935265306,0.0,-2.1837894909642843,0.0,7.907825948177094,0.0,8.004339548912888,0.0,12.303054271079473,0.0,3.768912246563981,0.0,4.138913701613113,0.0,0.7594044381282026,0.0,-6.3662924036118165,0.0,0.9785499344982383,0.0,""
"2026-09-29 13:36:01","git-master-bddc7a050319718b5e4e0856afec0bc9ea96418f","C:\Users\marco\Desktop\ds004507\derivatives\labels\sub-007\ses-headDown\anat\sub-007_ses-headDown_T2w_seg-manual.nii.gz","887","3","",76.23866263342421,0.0,-3.4681807271856027,0.0,-2.223009019666447,0.0,7.900561168163102,0.0,7.949602243968722,0.0,12.19356366727205,0.0,3.8337811973726077,0.0,4.066779970790494,0.0,0.7582468522584562,0.0,-7.131408795341194,0.0,0.972472945925403,0.0,""
"2026-09-29 13:36:01","git-master-bddc7a050319718b5e4e0856afec0bc9ea96418f","C:\Users\marco\Desktop\ds004507\derivatives\labels\sub-007\ses-headDown\anat\sub-007_ses-headDown_T2w_seg-manual.nii.gz","888","3","",75.6732510496547,0.0,-3.4705622364522535,0.0,-2.2625865489062615,0.0,7.858719367013373,0.0,7.8824193604415465,0.0,12.197448004486517,0.0,3.837854226737625,0.0,4.020865140275747,0.0,0.7631322322788985,0.0,-7.868125904833399,0.0,0.9715624801492524,0.0,""
"2026-09-29 13:36:01","git-master-bddc7a050319718b5e4e0856afec0bc9ea96418f","C:\Users\marco\Desktop\ds004507\derivatives\labels\sub-007\ses-headDown\anat\sub-007_ses-headDown_T2w_seg-manual.nii.gz","889","3","",75.67081304472167,0.0,-3.474726098108895,0.0,-2.30252198703241,0.0,7.9333794529378405,0.0,7.915651940424057,0.0,12.149589640303262,0.0,3.8416419139777256,0.0,4.091737538960115,0.0,0.7586349008991542,0.0,-8.151170780001609,0.0,0.9775032509752926,0.0,""
"2026-09-29 13:36:01","git-master-bddc7a050319718b5e4e0856afec0bc9ea96418f","C:\Users\marco\Desktop\ds004507\derivatives\labels\sub-007\ses-headDown\anat\sub-007_ses-headDown_T2w_seg-manual.nii.gz","890","3","",75.66814665865682,0.0,-3.4809268732184746,0.0,-2.342866337924339,0.0,7.920128817913119,0.0,7.958674617760985,0.0,12.080552200454605,0.0,3.831457904500776,0.0,4.088670913412343,0.0,0.7523053259105418,0.0,-7.300759328450531,0.0,0.9833097770210414,0.0,""
"2026-09-29 13:36:01","git-master-bddc7a050319718b5e4e0856afec0bc9ea96418f","C:\Users\marco\Desktop\ds004507\derivatives\labels\sub-007\ses-headDown\anat\sub-007_ses-headDown_T2w_seg-manual.nii.gz","891","3","",76.22838989619412,0.0,-3.488909868276325,0.0,-2.3835683739141786,0.0,7.913142459331944,0.0,7.904650300923625,0.0,12.254447533571557,0.0,3.8944088786213062,0.0,4.018733580710638,0.0,0.764024278218376,0.0,-7.887608757570296,0.0,0.9807964399718965,0.0,""
"2026-09-29 13:36:01","git-master-bddc7a050319718b5e4e0856afec0bc9ea96418f","C:\Users\marco\Desktop\ds004507\derivatives\labels\sub-007\ses-headDown\anat\sub-007_ses-headDown_T2w_seg-manual.nii.gz","892","3","",76.14487387487038,0.0,-3.4986749926097067,0.0,-2.4246279947207365,0.0,7.919089028960234,0.0,7.85674330420627,0.0,12.320352269656174,0.0,3.9205483744386416,0.0,3.9985406545215927,0.0,0.7702739627760852,0.0,-9.025504320575328,0.0,0.9722754584084258,0.0,""
"2026-09-29 13:36:01","git-master-bddc7a050319718b5e4e0856afec0bc9ea96418f","C:\Users\marco\Desktop\ds004507\derivatives\labels\sub-007\ses-headDown\anat\sub-007_ses-headDown_T2w_seg-manual.nii.gz","893","3","",75.60227863633426,0.0,-3.5102221364003556,0.0,-2.4660450975700696,0.0,7.969691763571253,0.0,7.866458966520359,0.0,12.244517501093576,0.0,3.9196392413012107,0.0,4.050052522270043,0.0,0.7662645799144993,0.0,-10.244984070818438,0.0,0.9652763966573936,0.0,""
"2026-09-29 13:36:01","git-master-bddc7a050319718b5e4e0856afec0bc9ea96418f","C:\Users\marco\Desktop\ds004507\derivatives\labels\sub-007\ses-headDown\anat\sub-007_ses-headDown_T2w_seg-manual.nii.gz","894","3","",74.94229051142266,0.0,-3.523551170440868,0.0,-2.5078195771567167,0.0,8.007706293234275,0.0,7.879866454837815,0.0,12.128307285180352,0.0,3.9153884022581016,0.0,4.092317890976172,0.0,0.7601674730951813,0.0,-10.808684225859698,0.0,0.9647866178488373,0.0,""
"2026-09-29 13:36:01","git-master-bddc7a050319718b5e4e0856afec0bc9ea96418f","C:\Users\marco\Desktop\ds004507\derivatives\labels\sub-007\ses-headDown\anat\sub-007_ses-headDown_T2w_seg-manual.nii.gz","895","3","",74.89840691904362,0.0,-3.538661945854943,0.0,-2.5499513256046984,0.0,8.01400419822468,0.0,7.89755169230552,0.0,12.09172915712924,0.0,3.909548285618262,0.0,4.104455912606417,0.0,0.7572415332518003,0.0,-10.520466953024878,0.0,0.962572644761667,0.0,""
"2026-09-29 13:36:01","git-master-bddc7a050319718b5e4e0856afec0bc9ea96418f","C:\Users\marco\Desktop\ds004507\derivatives\labels\sub-007\ses-headDown\anat\sub-007_ses-headDown_T2w_seg-manual.nii.gz","896","3","",75.69846491560915,0.0,-3.5555542937815203,0.0,-2.5924402324282734,0.0,8.006647496281532,0.0,7.951321682658998,0.0,12.152732750129857,0.0,3.893694759288036,0.0,4.112952736993496,0.0,0.7562488031932987,0.0,-9.8294457737993,0.0,0.9527737083827563,0.0,""
"2026-09-29 13:36:01","git-master-bddc7a050319718b5e4e0856afec0bc9ea96418f","C:\Users\marco\Desktop\ds004507\derivatives\labels\sub-007\ses-headDown\anat\sub-007_ses-headDown_T2w_seg-manual.nii.gz","897","3","",75.97570378455427,0.0,-3.5742280250228458,0.0,-2.6352861844924615,0.0,7.949490481063091,0.0,7.951208465116175,0.0,12.189913930590563,0.0,3.8784249665370565,0.0,4.071065514526035,0.0,0.7579727377501052,0.0,-9.18871749975561,0.0,0.9538488874898128,0.0,""
"2026-09-29 13:36:01","git-master-bddc7a050319718b5e4e0856afec0bc9ea96418f","C:\Users\marco\Desktop\ds004507\derivatives\labels\sub-007\ses-headDown\anat\sub-007_ses-headDown_T2w_seg-manual.nii.gz","898","3","",75.9714059282716,0.0,-3.594682929656493,0.0,-2.6784890659733387,0.0,8.01449657177514,0.0,7.906847896484749,0.0,12.233723168231698,0.0,3.9016520268217927,0.0,4.112844544953348,0.0,0.7630700875521472,0.0,-9.787303328066304,0.0,0.9678493659536314,0.0,""
"2026-09-29 13:36:01","git-master-bddc7a050319718b5e4e0856afec0bc9ea96418f","C:\Users\marco\Desktop\ds004507\derivatives\labels\sub-007\ses-headDown\anat\sub-007_ses-headDown_T2w_seg-manual.nii.gz","899","3","",75.64520468208158,0.0,-3.6171731470963135,0.0,-2.722099707973317,0.0,7.945709895592888,0.0,7.8773553263442375,0.0,12.227880950303575,0.0,3.888573207603249,0.0,4.057136687989639,0.0,0.7648459349017482,0.0,-9.843921439357615,0.0,0.9554905509380942,0.0,""
"2026-09-29 13:36:01","git-master-bddc7a050319718b5e4e0856afec0bc9ea96418f","C:\Users\marco\Desktop\ds004507\derivatives\labels\sub-007\ses-headDown\anat\sub-007_ses-headDown_T2w_seg-manual.nii.gz","900","3","",75.31917719480668,0.0,-3.6414439579305267,0.0,-2.7660669975599093,0.0,7.943416270331717,0.0,7.856954632146214,0.0,12.212998082880953,0.0,3.8897434515224316,0.0,4.053672818809285,0.0,0.7655913457010513,0.0,-8.750634801504184,0.0,0.9566243161487994,0.0,""
"2026-09-29 13:36:01","git-master-bddc7a050319718b5e4e0856afec0bc9ea96418f","C:\Users\marco\Desktop\ds004507\derivatives\labels\sub-007\ses-headDown\anat\sub-007_ses-headDown_T2w_seg-manual.nii.gz","901","3","",75.47494367148558,0.0,-3.6674950734174203,0.0,-2.810390808866987,0.0,7.9461276186991086,0.0,7.856145146909185,0.0,12.257003944636235,0.0,3.818272532649792,0.0,4.127855086049316,0.0,0.767575121481957,0.0,-8.303543610956325,0.0,0.9547710991676172,0.0,""
"2026-09-29 13:36:01","git-master-bddc7a050319718b5e4e0856afec0bc9ea96418f","C:\Users\marco\Desktop\ds004507\derivatives\labels\sub-007\ses-headDown\anat\sub-007_ses-headDown_T2w_seg-manual.nii.gz","902","3","",75.204700323166,0.0,-3.695326181552486,0.0,-2.855071013137117,0.0,7.850483873985127,0.0,7.7842836584952915,0.0,12.326239844370622,0.0,3.794305449199979,0.0,4.0561784247851485,0.0,0.7752791949458927,0.0,-9.023329614497897,0.0,0.9579488480071793,0.0,""
"2026-09-29 13:36:01","git-master-bddc7a050319718b5e4e0856afec0bc9ea96418f","C:\Users\marco\Desktop\ds004507\derivatives\labels\sub-007\ses-headDown\anat\sub-007_ses-headDown_T2w_seg-manual.nii.gz","903","3","",75.21244541896993,0.0,-3.7241373796596493,0.0,-2.8992832823296597,0.0,7.762714426412262,0.0,7.762122701459294,0.0,12.343695523916558,0.0,3.801402659699603,0.0,3.9613117667126594,0.0,0.7775136498474233,0.0,-9.128142979976424,0.0,0.9589622933766391,0.0,""
"2026-09-29 13:36:01","git-master-bddc7a050319718b5e4e0856afec0bc9ea96418f","C:\Users\marco\Desktop\ds004507\derivatives\labels\sub-007\ses-headDown\anat\sub-007_ses-headDown_T2w_seg-manual.nii.gz","904","3","",75.48848755292134,0.0,-3.752729144464768,0.0,-2.9417914034109542,0.0,7.734454374570185,0.0,7.811909489297185,0.0,12.309036632079463,0.0,3.7860027291527634,0.0,3.9484516454174217,0.0,0.772798085239613,0.0,-8.268966739412699,0.0,0.9578105453065032,0.0,""
"2026-09-29 13:36:01","git-master-bddc7a050319718b5e4e0856afec0bc9ea96418f","C:\Users\marco\Desktop\ds004507\derivatives\labels\sub-007\ses-headDown\anat\sub-007_ses-headDown_T2w_seg-manual.nii.gz","905","3","",75.32260408161952,0.0,-3.7803019672589606,0.0,-2.9817715425013223,0.0,7.710165560124342,0.0,7.812707571825716,0.0,12.311345100312378,0.0,3.789723216335909,0.0,3.920442343788433,0.0,0.7728229271763045,0.0,-7.845934068843184,0.0,0.9638374118130223,0.0,""
"2026-09-29 13:36:01","git-master-bddc7a050319718b5e4e0856afec0bc9ea96418f","C:\Users\marco\Desktop\ds004507\derivatives\labels\sub-007\ses-headDown\anat\sub-007_ses-headDown_T2w_seg-manual.nii.gz","906","3","",75.67939676531407,0.0,-3.8068560228235833,0.0,-3.019224191503284,0.0,7.738428572223525,0.0,7.804179761842621,0.0,12.389378624190094,0.0,3.8860768652440916,0.0,3.852351706979434,0.0,0.7766392376744258,0.0,-7.697651402534043,0.0,0.969869952054982,0.0,""
"2026-09-29 13:36:01","git-master-bddc7a050319718b5e4e0856afec0bc9ea96418f","C:\Users\marco\Desktop\ds004507\derivatives\labels\sub-007\ses-headDown\anat\sub-007_ses-headDown_T2w_seg-manual.nii.gz","907","3","",76.31757072140977,0.0,-3.832391481852903,0.0,-3.054149823284988,0.0,7.824388116267793,0.0,7.917647334635845,0.0,12.318039728122265,0.0,3.8750013956011595,0.0,3.9493867206666327,0.0,0.7660605174473717,0.0,-6.929158112491023,0.0,0.9652118912080961,0.0,""
"2026-09-29 13:36:01","git-master-bddc7a050319718b5e4e0856afec0bc9ea96418f","C:\Users\marco\Desktop\ds004507\derivatives\labels\sub-007\ses-headDown\anat\sub-007_ses-headDown_T2w_seg-manual.nii.gz","908","2","",76.31252078597554,0.0,-3.8598094973625567,0.0,-3.0901928078602547,0.0,7.813496504361694,0.0,7.854114875428948,0.0,12.42861917344836,0.0,3.8603060376158513,0.0,3.9531904667458435,0.0,0.7750190669229942,0.0,-7.677691300446064,0.0,0.9659709044908286,0.0,""
"2026-09-29 13:36:01","git-master-bddc7a050319718b5e4e0856afec0bc9ea96418f","C:\Users\marco\Desktop\ds004507\derivatives\labels\sub-007\ses-headDown\anat\sub-007_ses-headDown_T2w_seg-manual.nii.gz","909","2","",76.30767650721576,0.0,-3.8875717085820143,0.0,-3.1249579449942426,0.0,7.798170209344802,0.0,7.845193004236726,0.0,12.42925156553704,0.0,3.8609967532504177,0.0,3.937173456094384,0.0,0.7756252263171541,0.0,-7.039290751303777,0.0,0.9727481861214711,0.0,""
"2026-09-29 13:36:01","git-master-bddc7a050319718b5e4e0856afec0bc9ea96418f","C:\Users\marco\Desktop\ds004507\derivatives\labels\sub-007\ses-headDown\anat\sub-007_ses-headDown_T2w_seg-manual.nii.gz","910","2","",76.30299942086789,0.0,-3.9138505241059818,0.0,-3.1560430625170475,0.0,7.773428977165094,0.0,7.876732723506019,0.0,12.381935037078406,0.0,3.8631961198601292,0.0,3.910232857304964,0.0,0.7715494163506341,0.0,-7.080465396623217,0.0,0.9735136587271884,0.0,""
"2026-09-29 13:36:01","git-master-bddc7a050319718b5e4e0856afec0bc9ea96418f","C:\Users\marco\Desktop\ds004507\derivatives\labels\sub-007\ses-headDown\anat\sub-007_ses-headDown_T2w_seg-manual.nii.gz","911","2","",76.29864476815762,0.0,-3.9386462086297236,0.0,-3.1834487916557954,0.0,7.741055974674252,0.0,7.84428709157588,0.0,12.43990016590252,0.0,3.8946658512537784,0.0,3.846390123420474,0.0,0.7760795814454414,0.0,-7.542107978190713,0.0,0.9671185299149675,0.0,""
"2026-09-29 13:36:01","git-master-bddc7a050319718b5e4e0856afec0bc9ea96418f","C:\Users\marco\Desktop\ds004507\derivatives\labels\sub-007\ses-headDown\anat\sub-007_ses-headDown_T2w_seg-manual.nii.gz","912","2","",76.19811639582718,0.0,-3.9619590147423285,0.0,-3.207175697714154,0.0,7.828966837931778,0.0,7.891802807440051,0.0,12.340259705620824,0.0,3.928266738971341,0.0,3.9007000989604372,0.0,0.7687661944729154,0.0,-7.083757446367204,0.0,0.9666029576236184,0.0,""
"2026-09-29 13:36:01","git-master-bddc7a050319718b5e4e0856afec0bc9ea96418f","C:\Users\marco\Desktop\ds004507\derivatives\labels\sub-007\ses-headDown\anat\sub-007_ses-headDown_T2w_seg-manual.nii.gz","913","2","",75.8089644329501,0.0,-3.9837891824493266,0.0,-3.227224276826772,0.0,7.787804355286078,0.0,7.832755240174394,0.0,12.364682974345163,0.0,3.963858501393086,0.0,3.823945853892992,0.0,0.7737557803267077,0.0,-8.29632988783295,0.0,0.9669450089971037,0.0,""
"2026-09-29 13:36:01","git-master-bddc7a050319718b5e4e0856afec0bc9ea96418f","C:\Users\marco\Desktop\ds004507\derivatives\labels\sub-007\ses-headDown\anat\sub-007_ses-headDown_T2w_seg-manual.nii.gz","914","2","",76.14333585265912,0.0,-4.004136938723932,0.0,-3.2435949531494175,0.0,7.730833423849154,0.0,7.819363631122588,0.0,12.443243213911494,0.0,3.8932348307964944,0.0,3.837598593052659,0.0,0.777864586512532,0.0,-7.801471345873189,0.0,0.9665408419146149,0.0,""
"2026-09-29 13:36:01","git-master-bddc7a050319718b5e4e0856afec0bc9ea96418f","C:\Users\marco\Desktop\ds004507\derivatives\labels\sub-007\ses-headDown\anat\sub-007_ses-headDown_T2w_seg-manual.nii.gz","915","2","",76.50206614491387,0.0,-4.023002497086862,0.0,-3.256288076484025,0.0,7.765566299509912,0.0,7.863643246036325,0.0,12.428365305075392,0.0,3.9103432167193932,0.0,3.855223082790519,0.0,0.7742370296234283,0.0,-6.837789047691982,0.0,0.9707545484176575,0.0,""
"2026-09-29 13:36:01","git-master-bddc7a050319718b5e4e0856afec0bc9ea96418f","C:\Users\marco\Desktop\ds004507\derivatives\labels\sub-007\ses-headDown\anat\sub-007_ses-headDown_T2w_seg-manual.nii.gz","916","2","",75.34272641625266,0.0,-4.040386057214668,0.0,-3.2653039203379848,0.0,7.775067937835727,0.0,7.8942003359030135,0.0,12.191385384361718,0.0,3.9771638143731636,0.0,3.7979041234625637,0.0,0.7619769863894089,0.0,-6.341897433186502,0.0,0.9715192334825392,0.0,""
"2026-09-29 13:36:01","git-master-bddc7a050319718b5e4e0856afec0bc9ea96418f","C:\Users\marco\Desktop\ds004507\derivatives\labels\sub-007\ses-headDown\anat\sub-007_ses-headDown_T2w_seg-manual.nii.gz","917","2","",74.83477596693153,0.0,-4.056287804576526,0.0,-3.270642680417103,0.0,7.782950435960016,0.0,7.867702789100554,0.0,12.163949972281547,0.0,4.038612953485563,0.0,3.7443374824744526,0.0,0.7626135800968508,0.0,-5.76508024160162,0.0,0.9646747169297714,0.0,""
"2026-09-29 13:36:01","git-master-bddc7a050319718b5e4e0856afec0bc9ea96418f","C:\Users\marco\Desktop\ds004507\derivatives\labels\sub-007\ses-headDown\anat\sub-007_ses-headDown_T2w_seg-manual.nii.gz","918","2","",74.1103630540402,0.0,-4.070707910099443,0.0,-3.272304473551797,0.0,7.701484394171191,0.0,7.792222808801423,0.0,12.18253436672758,0.0,3.954541599306243,0.0,3.7469427948649474,0.0,0.7686855153725652,0.0,-6.257529448585822,0.0,0.9633856094912028,0.0,""
"2026-09-29 13:36:01","git-master-bddc7a050319718b5e4e0856afec0bc9ea96418f","C:\Users\marco\Desktop\ds004507\derivatives\labels\sub-007\ses-headDown\anat\sub-007_ses-headDown_T2w_seg-manual.nii.gz","919","2","",74.01294331814128,0.0,-4.083646529861823,0.0,-3.2702893370562016,0.0,7.6824153582497,0.0,7.73200875487604,0.0,12.268859844273324,0.0,3.98545351726835,0.0,3.6969618409813494,0.0,0.7763800256819068,0.0,-8.256924340894503,0.0,0.9654718378851426,0.0,""
"2026-09-29 13:36:01","git-master-bddc7a050319718b5e4e0856afec0bc9ea96418f","C:\Users\marco\Desktop\ds004507\derivatives\labels\sub-007\ses-headDown\anat\sub-007_ses-headDown_T2w_seg-manual.nii.gz","920","2","",74.37443077595583,0.0,-4.095103804815344,0.0,-3.264597228520002,0.0,7.670519097839815,0.0,7.697950825639004,0.0,12.350210625492707,0.0,3.8236741441827378,0.0,3.8468449536570763,0.0,0.78197113453338,0.0,-8.618670840902098,0.0,0.9522837754468857,0.0,""
"2026-09-29 13:36:01","git-master-bddc7a050319718b5e4e0856afec0bc9ea96418f","C:\Users\marco\Desktop\ds004507\derivatives\labels\sub-007\ses-headDown\anat\sub-007_ses-headDown_T2w_seg-manual.nii.gz","921","2","",73.21297003198507,0.0,-4.105079860535126,0.0,-3.255228026032918,0.0,7.592813703785208,0.0,7.660003394574781,0.0,12.232153539401153,0.0,3.763570175390092,0.0,3.829243528395116,0.0,0.7796397571964272,0.0,-7.911410771640532,0.0,0.9649464709566412,0.0,""
"2026-09-29 13:36:01","git-master-bddc7a050319718b5e4e0856afec0bc9ea96418f","C:\Users\marco\Desktop\ds004507\derivatives\labels\sub-007\ses-headDown\anat\sub-007_ses-headDown_T2w_seg-manual.nii.gz","922","2","",72.6871349712967,0.0,-4.1135748069981295,0.0,-3.242181528841918,0.0,7.560335862519107,0.0,7.56234471383651,0.0,12.302651176678317,0.0,3.7634327847122626,0.0,3.7969030778068444,0.0,0.7887512112862636,0.0,-9.155701616106391,0.0,0.96010521226321,0.0,""
"2026-09-29 13:36:01","git-master-bddc7a050319718b5e4e0856afec0bc9ea96418f","C:\Users\marco\Desktop\ds004507\derivatives\labels\sub-007\ses-headDown\anat\sub-007_ses-headDown_T2w_seg-manual.nii.gz","923","2","",73.38653306616621,0.0,-4.120588738389767,0.0,-3.225457458441342,0.0,7.54217797173169,0.0,7.672236360894472,0.0,12.244417297627894,0.0,3.756755536025653,0.0,3.7854224357060375,0.0,0.7793486145530429,0.0,-8.492592213070417,0.0,0.9569752281616688,0.0,""
"2026-09-29 13:36:01","git-master-bddc7a050319718b5e4e0856afec0bc9ea96418f","C:\Users\marco\Desktop\ds004507\derivatives\labels\sub-007\ses-headDown\anat\sub-007_ses-headDown_T2w_seg-manual.nii.gz","924","2","",72.76073065928328,0.0,-4.126034622661752,0.0,-3.2048390861579468,0.0,7.671153682080607,0.0,7.695942712585958,0.0,12.099530794196504,0.0,3.872536445663834,0.0,3.798617236416773,0.0,0.7716396967649936,0.0,-9.826475861181414,0.0,0.9717001795856045,0.0,""
"2026-09-29 13:36:01","git-master-bddc7a050319718b5e4e0856afec0bc9ea96418f","C:\Users\marco\Desktop\ds004507\derivatives\labels\sub-007\ses-headDown\anat\sub-007_ses-headDown_T2w_seg-manual.nii.gz","925","2","",74.11158381148715,0.0,-4.129999637329413,0.0,-3.180542301268715,0.0,7.680885352648955,0.0,7.732349530108593,0.0,12.257534011686392,0.0,3.888777899675654,0.0,3.7921074529733008,0.0,0.7759250274328252,0.0,-11.573476409011402,0.0,0.9704368040486426,0.0,""
"2026-09-29 13:36:01","git-master-bddc7a050319718b5e4e0856afec0bc9ea96418f","C:\Users\marco\Desktop\ds004507\derivatives\labels\sub-007\ses-headDown\anat\sub-007_ses-headDown_T2w_seg-manual.nii.gz","926","2","",74.0410877761756,0.0,-4.132483825753746,0.0,-3.1525665919822488,0.0,7.674812254027451,0.0,7.723844486461342,0.0,12.264593341185291,0.0,3.8733338427684094,0.0,3.801478411259041,0.0,0.7767805335686836,0.0,-11.293047963512242,0.0,0.9662569252056978,0.0,""
"2026-09-29 13:36:01","git-master-bddc7a050319718b5e4e0856afec0bc9ea96418f","C:\Users\marco\Desktop\ds004507\derivatives\labels\sub-007\ses-headDown\anat\sub-007_ses-headDown_T2w_seg-manual.nii.gz","927","2","",73.85056085343996,0.0,-4.1334872150016455,0.0,-3.120911378104855,0.0,7.70364948120451,0.0,7.71106368893388,0.0,12.253690495265701,0.0,3.8479295054553124,0.0,3.855719975749197,0.0,0.7771364671155785,0.0,-11.169171817392654,0.0,0.9600362698869117,0.0,""
"2026-09-29 13:36:01","git-master-bddc7a050319718b5e4e0856afec0bc9ea96418f","C:\Users\marco\Desktop\ds004507\derivatives\labels\sub-007\ses-headDown\anat\sub-007_ses-headDown_T2w_seg-manual.nii.gz","928","2","",73.99761449927593,0.0,-4.133009815799895,0.0,-3.0855760144064317,0.0,7.702401647668443,0.0,7.676774884502428,0.0,12.334604013822942,0.0,3.9320290857216076,0.0,3.7703725619468353,0.0,0.782716195078702,0.0,-11.046446196535962,0.0,0.9616579607953649,0.0,""
"2026-09-29 13:36:01","git-master-bddc7a050319718b5e4e0856afec0bc9ea96418f","C:\Users\marco\Desktop\ds004507\derivatives\labels\sub-007\ses-headDown\anat\sub-007_ses-headDown_T2w_seg-manual.nii.gz","929","2","",73.7593669657717,0.0,-4.131051622517235,0.0,-3.046559794423221,0.0,7.747756375525729,0.0,7.6673283085857245,0.0,12.30190880343578,0.0,3.9471692448092415,0.0,3.8005871307164867,0.0,0.7820120594808161,0.0,-11.31817024586753,0.0,0.9611566982364335,0.0,""
"2026-09-29 13:36:01","git-master-bddc7a050319718b5e4e0856afec0bc9ea96418f","C:\Users\marco\Desktop\ds004507\derivatives\labels\sub-007\ses-headDown\anat\sub-007_ses-headDown_T2w_seg-manual.nii.gz","930","2","",73.93134405713656,0.0,-4.127612613174539,0.0,-3.0038619546984116,0.0,7.819519042111251,0.0,7.655241718471364,0.0,12.345448407553066,0.0,3.9634730036386614,0.0,3.8560460384725896,0.0,0.784511738083002,0.0,-11.852594560739325,0.0,0.9663687235174034,0.0,""
"2026-09-29 13:36:01","git-master-bddc7a050319718b5e4e0856afec0bc9ea96418f","C:\Users\marco\Desktop\ds004507\derivatives\labels\sub-007\ses-headDown\anat\sub-007_ses-headDown_T2w_seg-manual.nii.gz","931","2","",74.32060938703826,0.0,-4.122692749483061,0.0,-2.957481679461689,0.0,7.757544658521806,0.0,7.600880422843951,0.0,12.467559774140506,0.0,3.9145513803546184,0.0,3.8429932781671883,0.0,0.7926017138185572,0.0,-11.223609248759455,0.0,0.9653278326624887,0.0,""
"2026-09-29 13:36:01","git-master-bddc7a050319718b5e4e0856afec0bc9ea96418f","C:\Users\marco\Desktop\ds004507\derivatives\labels\sub-007\ses-headDown\anat\sub-007_ses-headDown_T2w_seg-manual.nii.gz","932","2","",74.4933933427146,0.0,-4.116291976910812,0.0,-2.9074181057488446,0.0,7.7038129731157445,0.0,7.563671892595952,0.0,12.521804395235858,0.0,3.8696809636652296,0.0,3.834132009450515,0.0,0.796953756093509,0.0,-10.697226537790414,0.0,0.9632331050655671,0.0,""
"2026-09-29 13:36:01","git-master-bddc7a050319718b5e4e0856afec0bc9ea96418f","C:\Users\marco\Desktop\ds004507\derivatives\labels\sub-007\ses-headDown\anat\sub-007_ses-headDown_T2w_seg-manual.nii.gz","933","2","",74.73893948429001,0.0,-4.108410224777017,0.0,-2.8536703289626497,0.0,7.704244551052906,0.0,7.58662318619437,0.0,12.52584920537089,0.0,3.8786154637073573,0.0,3.825629087345548,0.0,0.7957097225834753,0.0,-10.644488958122206,0.0,0.9680282219802078,0.0,""
"2026-09-29 13:36:01","git-master-bddc7a050319718b5e4e0856afec0bc9ea96418f","C:\Users\marco\Desktop\ds004507\derivatives\labels\sub-007\ses-headDown\anat\sub-007_ses-headDown_T2w_seg-manual.nii.gz","934","2","",75.3726239455297,0.0,-4.099047406374703,0.0,-2.796237408876212,0.0,7.850290300243271,0.0,7.719301748311825,0.0,12.43850879254741,0.0,3.967363206528116,0.0,3.8829270937151557,0.0,0.7840234745588324,0.0,-10.339410358927491,0.0,0.9582289623033771,0.0,""
"2026-09-29 13:36:01","git-master-bddc7a050319718b5e4e0856afec0bc9ea96418f","C:\Users\marco\Desktop\ds004507\derivatives\labels\sub-007\ses-headDown\anat\sub-007_ses-headDown_T2w_seg-manual.nii.gz","935","2","",75.2733201327493,0.0,-4.088203419121445,0.0,-2.735118376080046,0.0,7.801986221319401,0.0,7.704759128853808,0.0,12.444907737529954,0.0,3.9172009461024744,0.0,3.884785275216927,0.0,0.7852888883394193,0.0,-9.75514777962459,0.0,0.9550841883363257,0.0,""
"2026-09-29 13:36:01","git-master-bddc7a050319718b5e4e0856afec0bc9ea96418f","C:\Users\marco\Desktop\ds004507\derivatives\labels\sub-007\ses-headDown\anat\sub-007_ses-headDown_T2w_seg-manual.nii.gz","936","2","",75.83315444294306,0.0,-4.075015277129249,0.0,-2.667067651692591,0.0,7.785235137735734,0.0,7.73293874431288,0.0,12.495964108310675,0.0,3.903994306734378,0.0,3.8812408310013566,0.0,0.7855213248378182,0.0,-9.535795209466121,0.0,0.9555507164373744,0.0,""
"2026-09-29 13:36:01","git-master-bddc7a050319718b5e4e0856afec0bc9ea96418f","C:\Users\marco\Desktop\ds004507\derivatives\labels\sub-007\ses-headDown\anat\sub-007_ses-headDown_T2w_seg-manual.nii.gz","937","2","",76.94834185479611,0.0,-4.058287972183943,0.0,-2.5875901526010705,0.0,8.002506122680723,0.0,7.845411743062033,0.0,12.494185028750854,0.0,4.00800374924102,0.0,3.9945023734397043,0.0,0.7782675651929215,0.0,-9.685846026108733,0.0,0.9549099613834612,0.0,""
"2026-09-29 13:36:01","git-master-bddc7a050319718b5e4e0856afec0bc9ea96418f","C:\Users\marco\Desktop\ds004507\derivatives\labels\sub-007\ses-headDown\anat\sub-007_ses-headDown_T2w_seg-manual.nii.gz","938","2","",76.30451143564493,0.0,-4.0378219369029855,0.0,-2.4959329921195517,0.0,8.022186642858294,0.0,7.829575389887861,0.0,12.420889557912613,0.0,4.025350915411784,0.0,3.996835727446511,0.0,0.7763066471372636,0.0,-9.484598985690429,0.0,0.9502693223099086,0.0,""
"2026-09-29 13:36:01","git-master-bddc7a050319718b5e4e0856afec0bc9ea96418f","C:\Users\marco\Desktop\ds004507\derivatives\labels\sub-007\ses-headDown\anat\sub-007_ses-headDown_T2w_seg-manual.nii.gz","939","1","",77.39713447615213,0.0,-4.015129450692102,0.0,-2.3985816018806916,0.0,7.921743849936938,0.0,7.7878251993746295,0.0,12.666202968153051,0.0,3.9381477459613055,0.0,3.983596103975632,0.0,0.7886434410395724,0.0,-7.430787754517288,0.0,0.9511803238165863,0.0,""
"2026-09-29 13:36:01","git-master-bddc7a050319718b5e4e0856afec0bc9ea96418f","C:\Users\marco\Desktop\ds004507\derivatives\labels\sub-007\ses-headDown\anat\sub-007_ses-headDown_T2w_seg-manual.nii.gz","940","1","",76.7537460072702,0.0,-3.9917362673115546,0.0,-2.3012856591070623,0.0,7.891689560852553,0.0,7.7840106305150005,0.0,12.57345294417439,0.0,3.9509072264108416,0.0,3.940782334441711,0.0,0.7853207968115985,0.0,-7.915214029781913,0.0,0.94540289738042,0.0,""
"2026-09-29 13:36:01","git-master-bddc7a050319718b5e4e0856afec0bc9ea96418f","C:\Users\marco\Desktop\ds004507\derivatives\labels\sub-007\ses-headDown\anat\sub-007_ses-headDown_T2w_seg-manual.nii.gz","941","1","",77.26813908746794,0.0,-3.9657026382157947,0.0,-2.195382185199885,0.0,7.8849504458752255,0.0,7.800163775575296,0.0,12.633815294849088,0.0,3.9540201872923038,0.0,3.930930258582922,0.0,0.7866429551330404,0.0,-8.487582672204057,0.0,0.9439577062520904,0.0,""
"2026-09-29 13:36:01","git-master-bddc7a050319718b5e4e0856afec0bc9ea96418f","C:\Users\marco\Desktop\ds004507\derivatives\labels\sub-007\ses-headDown\anat\sub-007_ses-headDown_T2w_seg-manual.nii.gz","942","1","",76.91480579030464,0.0,-3.937028082013636,0.0,-2.080868255340014,0.0,7.837852086319693,0.0,7.788480246737379,0.0,12.596723044827078,0.0,3.948248612398379,0.0,3.889603473921315,0.0,0.7859437854433153,0.0,-9.023606075324086,0.0,0.9423059606228498,0.0,""
"2026-09-29 13:36:01","git-master-bddc7a050319718b5e4e0856afec0bc9ea96418f","C:\Users\marco\Desktop\ds004507\derivatives\labels\sub-007\ses-headDown\anat\sub-007_ses-headDown_T2w_seg-manual.nii.gz","943","1","",76.70646712743816,0.0,-3.9057120768457887,0.0,-1.9577410337428152,0.0,7.742924684792815,0.0,7.75109952177344,0.0,12.644474211453709,0.0,3.8865587871326106,0.0,3.8563658976602038,0.0,0.7900400602204996,0.0,-9.43196373951079,0.0,0.9403456716934746,0.0,""
"2026-09-29 13:36:01","git-master-bddc7a050319718b5e4e0856afec0bc9ea96418f","C:\Users\marco\Desktop\ds004507\derivatives\labels\sub-007\ses-headDown\anat\sub-007_ses-headDown_T2w_seg-manual.nii.gz","944","1","",76.53446419599767,0.0,-3.8717540619877457,0.0,-1.8259978422643293,0.0,7.711349893028631,0.0,7.735928930694774,0.0,12.66664992388186,0.0,3.8694208890326856,0.0,3.8419290039959453,0.0,0.7918321419468993,0.0,-9.357462068015627,0.0,0.9393565850563166,0.0,""
"2026-09-29 13:36:01","git-master-bddc7a050319718b5e4e0856afec0bc9ea96418f","C:\Users\marco\Desktop\ds004507\derivatives\labels\sub-007\ses-headDown\anat\sub-007_ses-headDown_T2w_seg-manual.nii.gz","945","1","",76.2178252068703,0.0,-3.8351534395840225,0.0,-1.685636233648287,0.0,7.7212131383536615,0.0,7.727944672734941,0.0,12.646436332830717,0.0,3.8973997623982295,0.0,3.8238133759554316,0.0,0.7915681452301478,0.0,-9.499983527769942,0.0,0.9416870961615038,0.0,""
"2026-09-29 13:36:01","git-master-bddc7a050319718b5e4e0856afec0bc9ea96418f","C:\Users\marco\Desktop\ds004507\derivatives\labels\sub-007\ses-headDown\anat\sub-007_ses-headDown_T2w_seg-manual.nii.gz","946","1","",76.2269134277431,0.0,-3.7959095765140893,0.0,-1.5366540694154391,0.0,7.744755687794802,0.0,7.740974540571753,0.0,12.636829272335627,0.0,3.9079923440860465,0.0,3.8367633437087556,0.0,0.7903777760800774,0.0,-9.931398642942524,0.0,0.9454116306346024,0.0,""
"2026-09-29 13:36:01","git-master-bddc7a050319718b5e4e0856afec0bc9ea96418f","C:\Users\marco\Desktop\ds004507\derivatives\labels\sub-007\ses-headDown\anat\sub-007_ses-headDown_T2w_seg-manual.nii.gz","947","1","",76.52547036371014,0.0,-3.7540218063903064,0.0,-1.3790496023928551,0.0,7.830144137320798,0.0,7.817463084460517,0.0,12.563747000673803,0.0,3.914211013384002,0.0,3.9159331239367963,0.0,0.7828147449098113,0.0,-9.74517492783657,0.0,0.9453991573426064,0.0,""
"2026-09-29 13:36:01","git-master-bddc7a050319718b5e4e0856afec0bc9ea96418f","C:\Users\marco\Desktop\ds004507\derivatives\labels\sub-007\ses-headDown\anat\sub-007_ses-headDown_T2w_seg-manual.nii.gz","948","1","",75.77425656596618,0.0,-3.709489431688218,0.0,-1.2128215638766335,0.0,7.831777717822428,0.0,7.824593525032958,0.0,12.436217390016617,0.0,3.923135408416117,0.0,3.9086423094063107,0.0,0.7772605174368898,0.0,-10.223198355092213,0.0,0.9450386599008149,0.0,""
"2026-09-29 13:36:01","git-master-bddc7a050319718b5e4e0856afec0bc9ea96418f","C:\Users\marco\Desktop\ds004507\derivatives\labels\sub-007\ses-headDown\anat\sub-007_ses-headDown_T2w_seg-manual.nii.gz","949","1","",76.76035930556448,0.0,-3.662311726009555,0.0,-1.0379692554168118,0.0,7.837835769186311,0.0,7.894391819912473,0.0,12.471041653250381,0.0,3.943557984765839,0.0,3.894277784420473,0.0,0.774137208306805,0.0,-10.45132529537299,0.0,0.949265522774966,0.0,""
"2026-09-29 13:36:01","git-master-bddc7a050319718b5e4e0856afec0bc9ea96418f","C:\Users\marco\Desktop\ds004507\derivatives\labels\sub-007\ses-headDown\anat\sub-007_ses-headDown_T2w_seg-manual.nii.gz","950","1","",76.76827523041814,0.0,-3.6121570501039533,0.0,-0.8534147761982587,0.0,7.897109399167973,0.0,7.9539930050236265,0.0,12.398267886658717,0.0,4.040843878776543,0.0,3.8562655203914296,0.0,0.7670754970685081,0.0,-11.139185027265972,0.0,0.9494047166002205,0.0,""
"2026-09-29 13:36:01","git-master-bddc7a050319718b5e4e0856afec0bc9ea96418f","C:\Users\marco\Desktop\ds004507\derivatives\labels\sub-007\ses-headDown\anat\sub-007_ses-headDown_T2w_seg-manual.nii.gz","951","1","",76.77605164178189,0.0,-3.5593552832036908,0.0,-0.6602373449004868,0.0,7.933862462890825,0.0,8.059493411281114,0.0,12.214110030964443,0.0,3.989343608934205,0.0,3.9445188539566187,0.0,0.7512531741879098,0.0,-11.17149981923866,0.0,0.9527946600441143,0.0,""
"2026-09-29 13:36:01","git-master-bddc7a050319718b5e4e0856afec0bc9ea96418f","C:\Users\marco\Desktop\ds004507\derivatives\labels\sub-007\ses-headDown\anat\sub-007_ses-headDown_T2w_seg-manual.nii.gz","952","1","",75.51571074761245,0.0,-3.503905619196541,0.0,-0.458439110016842,0.0,7.943038266636385,0.0,8.045183090226885,0.0,12.040392997581668,0.0,3.9576653909060884,0.0,3.9853728757302957,0.0,0.7439728448024426,0.0,-12.999023873891826,0.0,0.9516318533496846,0.0,""
"2026-09-29 13:36:01","git-master-bddc7a050319718b5e4e0856afec0bc9ea96418f","C:\Users\marco\Desktop\ds004507\derivatives\labels\sub-007\ses-headDown\anat\sub-007_ses-headDown_T2w_seg-manual.nii.gz","953","1","",74.9788310813126,0.0,-3.445807235964244,0.0,-0.24802329909719362,0.0,7.870610934430027,0.0,7.981579300601048,0.0,12.054054887712068,0.0,3.945785010209593,0.0,3.9248259242204337,0.0,0.7492989907458332,0.0,-12.67969149526932,0.0,0.9495512068291112,0.0,""
"2026-09-29 13:36:01","git-master-bddc7a050319718b5e4e0856afec0bc9ea96418f","C:\Users\marco\Desktop\ds004507\derivatives\labels\sub-007\ses-headDown\anat\sub-007_ses-headDown_T2w_seg-manual.nii.gz","954","1","",74.98424812212019,0.0,-3.385059298484249,0.0,-0.022826370314146083,0.0,7.81236949486334,0.0,7.919789690950507,0.0,12.148401812345945,0.0,3.9457602191473264,0.0,3.866609275716013,0.0,0.7582402848618838,0.0,-12.003022311928039,0.0,0.9457130560685866,0.0,""
"2026-09-29 13:36:01","git-master-bddc7a050319718b5e4e0856afec0bc9ea96418f","C:\Users\marco\Desktop\ds004507\derivatives\labels\sub-007\ses-headDown\anat\sub-007_ses-headDown_T2w_seg-manual.nii.gz","955","1","",74.5654549997546,0.0,-3.321660962067146,0.0,0.22578028099149972,0.0,7.757825497639505,0.0,7.850594029258029,0.0,12.188141378499592,0.0,3.9048518745950354,0.0,3.85297362304447,0.0,0.7649165875053902,0.0,-11.672026400513111,0.0,0.9473237015664123,0.0,""
"2026-09-29 13:36:01","git-master-bddc7a050319718b5e4e0856afec0bc9ea96418f","C:\Users\marco\Desktop\ds004507\derivatives\labels\sub-007\ses-headDown\anat\sub-007_ses-headDown_T2w_seg-manual.nii.gz","956","1","",74.04232186479697,0.0,-3.2556113757301692,0.0,0.50272024532532,0.0,7.674703146100752,0.0,7.798690766104229,0.0,12.19174986036157,0.0,3.829151437740692,0.0,3.84555170836006,0.0,0.7686488145493123,0.0,-10.423500220945703,0.0,0.95564921086942,0.0,""
"2026-09-29 13:36:01","git-master-bddc7a050319718b5e4e0856afec0bc9ea96418f","C:\Users\marco\Desktop\ds004507\derivatives\labels\sub-007\ses-headDown\anat\sub-007_ses-headDown_T2w_seg-manual.nii.gz","957","1","",74.1517316107459,0.0,-3.186909685707109,0.0,0.8079760677163857,0.0,7.640405095494273,0.0,7.80766561648573,0.0,12.203170423344273,0.0,3.828198225009114,0.0,3.8122068704851597,0.0,0.768524987659752,0.0,-9.192817749761188,0.0,0.961799802348358,0.0,""
"2026-09-29 13:36:01","git-master-bddc7a050319718b5e4e0856afec0bc9ea96418f","C:\Users\marco\Desktop\ds004507\derivatives\labels\sub-007\ses-headDown\anat\sub-007_ses-headDown_T2w_seg-manual.nii.gz","958","1","",73.46105971448324,0.0,-3.11555503909497,0.0,1.1415216856880983,0.0,7.650435001526379,0.0,7.7826140827495225,0.0,12.0870541513597,0.0,3.901946910848086,0.0,3.748488090678293,0.0,0.7651248901879278,0.0,-10.478976394779663,0.0,0.9726439798010781,0.0,""
"2026-09-29 13:36:01","git-master-bddc7a050319718b5e4e0856afec0bc9ea96418f","C:\Users\marco\Desktop\ds004507\derivatives\labels\sub-007\ses-headDown\anat\sub-007_ses-headDown_T2w_seg-manual.nii.gz","959","1","",72.47710701900155,0.0,-3.041546587637704,0.0,1.5033205436479737,0.0,7.669999609843947,0.0,7.744988417166256,0.0,11.997742042959871,0.0,3.810816237799097,0.0,3.8591833720448494,0.0,0.7637288557611943,0.0,-10.939754192148685,0.0,0.96415770609319,0.0,""
"2026-09-29 13:36:01","git-master-bddc7a050319718b5e4e0856afec0bc9ea96418f","C:\Users\marco\Desktop\ds004507\derivatives\labels\sub-007\ses-headDown\anat\sub-007_ses-headDown_T2w_seg-manual.nii.gz","960","1","",73.74532386605115,0.0,-2.964551529205156,0.0,1.8968378243844812,0.0,7.803308696275036,0.0,7.868660397154831,0.0,11.969043684058285,0.0,3.9346931308843898,0.0,3.8686155653906464,0.0,0.7535055313558998,0.0,-9.995947060107792,0.0,0.9507787049722534,0.0,""
"2026-09-29 13:36:01","git-master-bddc7a050319718b5e4e0856afec0bc9ea96418f","C:\Users\marco\Desktop\ds004507\derivatives\labels\sub-007\ses-headDown\anat\sub-007_ses-headDown_T2w_seg-manual.nii.gz","961","1","",74.74160143201938,0.0,-2.8849007712354204,0.0,2.3184692596376935,0.0,7.813587218928168,0.0,7.89458174383861,0.0,12.056579866930074,0.0,3.944725444053839,0.0,3.8688617748743286,0.0,0.7557960643432167,0.0,-9.778126831683213,0.0,0.9478334998151838,0.0,""
"2026-09-29 13:36:01","git-master-bddc7a050319718b5e4e0856afec0bc9ea96418f","C:\Users\marco\Desktop\ds004507\derivatives\labels\sub-007\ses-headDown\anat\sub-007_ses-headDown_T2w_seg-manual.nii.gz","962","1","",75.44462199586056,0.0,-2.802593515928539,0.0,2.768123164709202,0.0,7.837022344629842,0.0,7.938406978770943,0.0,12.085605200888988,0.0,3.947959983683894,0.0,3.8890623609459487,0.0,0.7540189272444493,0.0,-10.563875839084858,0.0,0.9510001801688214,0.0,""
"2026-09-29 13:36:01","git-master-bddc7a050319718b5e4e0856afec0bc9ea96418f","C:\Users\marco\Desktop\ds004507\derivatives\labels\sub-007\ses-headDown\anat\sub-007_ses-headDown_T2w_seg-manual.nii.gz","963","1","",75.41677488343016,0.0,-2.717628990360063,0.0,3.245686183312117,0.0,7.77288988709874,0.0,7.9683005755205745,0.0,12.08113832265274,0.0,3.8526736048874857,0.0,3.9202162822112547,0.0,0.751645123058417,0.0,-11.047629027381015,0.0,0.9537050648775994,0.0,""
"2026-09-29 13:36:01","git-master-bddc7a050319718b5e4e0856afec0bc9ea96418f","C:\Users\marco\Desktop\ds004507\derivatives\labels\sub-007\ses-headDown\anat\sub-007_ses-headDown_T2w_seg-manual.nii.gz","964","1","",75.59812239321036,0.0,-2.630006451127529,0.0,3.7510205870479574,0.0,7.731485194224327,0.0,7.931967634183788,0.0,12.156723711022916,0.0,3.8082371361301375,0.0,3.923248058094189,0.0,0.7576908780662641,0.0,-11.096505027462996,0.0,0.9548852634777352,0.0,""
"2026-09-29 13:36:01","git-master-bddc7a050319718b5e4e0856afec0bc9ea96418f","C:\Users\marco\Desktop\ds004507\derivatives\labels\sub-007\ses-headDown\anat\sub-007_ses-headDown_T2w_seg-manual.nii.gz","965","1","",76.20438945827124,0.0,-2.539725189135505,0.0,4.283961490487543,0.0,7.801121470820341,0.0,7.93841574038933,0.0,12.199924659274515,0.0,3.865018651747244,0.0,3.9361028190730964,0.0,0.7592503900640021,0.0,-11.496586331655326,0.0,0.959215695006719,0.0,""
"2026-09-29 13:36:01","git-master-bddc7a050319718b5e4e0856afec0bc9ea96418f","C:\Users\marco\Desktop\ds004507\derivatives\labels\sub-007\ses-headDown\anat\sub-007_ses-headDown_T2w_seg-manual.nii.gz","966","1","",76.47516285421484,0.0,-2.4467845345192107,0.0,4.844314000024766,0.0,7.891916065527098,0.0,7.99575589891729,0.0,12.153529581898658,0.0,3.922316999421651,0.0,3.9695990661054465,0.0,0.7530938203991278,0.0,-12.062563533260363,0.0,0.9640792134380395,0.0,""
"2026-09-29 13:36:01","git-master-bddc7a050319718b5e4e0856afec0bc9ea96418f","C:\Users\marco\Desktop\ds004507\derivatives\labels\sub-007\ses-headDown\anat\sub-007_ses-headDown_T2w_seg-manual.nii.gz","967","1","",76.15709859396979,0.0,-2.3511838617066654,0.0,5.431850316918112,0.0,7.87910727754254,0.0,7.9441934853929475,0.0,12.192457535944733,0.0,3.923029763769717,0.0,3.9560775137728235,0.0,0.7585751695002467,0.0,-11.809128399314384,0.0,0.9607564969232842,0.0,""
"2026-09-29 13:36:01","git-master-bddc7a050319718b5e4e0856afec0bc9ea96418f","C:\Users\marco\Desktop\ds004507\derivatives\labels\sub-007\ses-headDown\anat\sub-007_ses-headDown_T2w_seg-manual.nii.gz","968","1","",76.05176108904436,0.0,-2.25292259461924,0.0,6.046306817225564,0.0,7.824367403930268,0.0,7.92552972955527,0.0,12.256647150697104,0.0,3.890668675743472,0.0,3.933698728186797,0.0,0.7627929653467967,0.0,-11.772175263353633,0.0,0.9567940319164485,0.0,""
"2026-09-29 13:36:01","git-master-bddc7a050319718b5e4e0856afec0bc9ea96418f","C:\Users\marco\Desktop\ds004507\derivatives\labels\sub-007\ses-headDown\anat\sub-007_ses-headDown_T2w_seg-manual.nii.gz","969","1","",75.70875470320583,0.0,-2.152000212010475,0.0,6.687381133673839,0.0,7.700002051383315,0.0,7.9969903303372,0.0,12.21980608279678,0.0,3.787439860586328,0.0,3.9125621907969874,0.0,0.7561238225297074,0.0,-12.521749852042989,0.0,0.9522738630684657,0.0,""
"2026-09-29 13:36:01","git-master-bddc7a050319718b5e4e0856afec0bc9ea96418f","C:\Users\marco\Desktop\ds004507\derivatives\labels\sub-007\ses-headDown\anat\sub-007_ses-headDown_T2w_seg-manual.nii.gz","970","1","",74.56035616348939,0.0,-2.048083496434618,0.0,7.357948457787381,0.0,7.613552093061219,0.0,7.9034960222186,0.0,12.117471023037133,0.0,3.667386825720208,0.0,3.9461652673410113,0.0,0.7580139093811876,0.0,-10.376161403911166,0.0,0.9597622700277768,0.0,""
"2026-09-29 13:36:01","git-master-bddc7a050319718b5e4e0856afec0bc9ea96418f","C:\Users\marco\Desktop\ds004507\derivatives\labels\sub-007\ses-headDown\anat\sub-007_ses-headDown_T2w_seg-manual.nii.gz","971","1","",74.03696788305238,0.0,-1.941504728792288,0.0,8.054269309063832,0.0,7.485630263122055,0.0,7.752592400176445,0.0,12.170587910894408,0.0,3.589331200575201,0.0,3.8962990625468543,0.0,0.7707902990217803,0.0,-10.824435967540676,0.0,0.9531122319218039,0.0,""
"2026-09-29 13:36:01","git-master-bddc7a050319718b5e4e0856afec0bc9ea96418f","C:\Users\marco\Desktop\ds004507\derivatives\labels\sub-007\ses-headDown\anat\sub-007_ses-headDown_T2w_seg-manual.nii.gz","972","1","",73.828490304425,0.0,-1.8322636270049244,0.0,8.77588228731095,0.0,7.541470832733707,0.0,7.80296634948769,0.0,12.095431186738319,0.0,3.6734536948781225,0.0,3.8680171378555857,0.0,0.7639840947951555,0.0,-10.693031521531209,0.0,0.9497060182166119,0.0,""
"2026-09-29 13:36:01","git-master-bddc7a050319718b5e4e0856afec0bc9ea96418f","C:\Users\marco\Desktop\ds004507\derivatives\labels\sub-007\ses-headDown\anat\sub-007_ses-headDown_T2w_seg-manual.nii.gz","973","1","",73.67511305766455,0.0,-1.7203881017765215,0.0,9.515458255221702,0.0,7.56438586327422,0.0,7.852358412705051,0.0,12.055201729286463,0.0,3.6584157161036015,0.0,3.9059701471706183,0.0,0.7587619728387086,0.0,-10.18877419686018,0.0,0.9442665120584011,0.0,""
"2026-09-29 13:36:01","git-master-bddc7a050319718b5e4e0856afec0bc9ea96418f","C:\Users\marco\Desktop\ds004507\derivatives\labels\sub-007\ses-headDown\anat\sub-007_ses-headDown_T2w_seg-manual.nii.gz","974","1","",74.04060726031561,0.0,-1.6059108493697107,0.0,10.264600770723618,0.0,7.566099811255052,0.0,7.877008436376254,0.0,12.004156838337273,0.0,3.6169439614006986,0.0,3.949155849854353,0.0,0.7545612102329873,0.0,-10.608418097279142,0.0,0.9508534026797646,0.0,""
"2026-09-29 13:36:01","git-master-bddc7a050319718b5e4e0856afec0bc9ea96418f","C:\Users\marco\Desktop\ds004507\derivatives\labels\sub-007\ses-headDown\anat\sub-007_ses-headDown_T2w_seg-manual.nii.gz","975","1","",74.88453285868788,0.0,-1.4888459291279372,0.0,11.019522619502803,0.0,7.619023105625197,0.0,7.958109745134985,0.0,11.966122907836265,0.0,3.6512201480447373,0.0,3.96780295758046,0.0,0.7467617421229129,0.0,-11.449900228060509,0.0,0.9622741527058074,0.0,""
"2026-09-29 13:36:01","git-master-bddc7a050319718b5e4e0856afec0bc9ea96418f","C:\Users\marco\Desktop\ds004507\derivatives\labels\sub-007\ses-headDown\anat\sub-007_ses-headDown_T2w_seg-manual.nii.gz","976","1","",75.37157831180886,0.0,-1.3691934479810797,0.0,11.779864964442158,0.0,7.670268103089205,0.0,8.030307904314613,0.0,11.978043170780156,0.0,3.6777849503484865,0.0,3.9924831527407183,0.0,0.7419760375024591,0.0,-12.007548997715528,0.0,0.965701117617176,0.0,""
"2026-09-29 13:36:01","git-master-bddc7a050319718b5e4e0856afec0bc9ea96418f","C:\Users\marco\Desktop\ds004507\derivatives\labels\sub-007\ses-headDown\anat\sub-007_ses-headDown_T2w_seg-manual.nii.gz","977","1","",75.49016054129162,0.0,-1.2469536179904352,0.0,12.545258540541667,0.0,7.640964479009881,0.0,8.02016816567375,0.0,12.000142280941825,0.0,3.616521961847113,0.0,4.024442517162768,0.0,0.7438594364648754,0.0,-13.256076391634165,0.0,0.964448991813455,0.0,""
"2026-09-29 13:36:01","git-master-bddc7a050319718b5e4e0856afec0bc9ea96418f","C:\Users\marco\Desktop\ds004507\derivatives\labels\sub-007\ses-headDown\anat\sub-007_ses-headDown_T2w_seg-manual.nii.gz","978","1","",77.17792374964186,0.0,-1.1221267626854479,0.0,13.315324339802359,0.0,7.653780754191607,0.0,8.20787961712441,0.0,12.144033651065726,0.0,3.650861591822047,0.0,4.002919162369561,0.0,0.7370139198040342,0.0,-15.161226576761859,0.0,0.9511048362391001,0.0,""
"2026-09-29 13:36:01","git-master-bddc7a050319718b5e4e0856afec0bc9ea96418f","C:\Users\marco\Desktop\ds004507\derivatives\labels\sub-007\ses-headDown\anat\sub-007_ses-headDown_T2w_seg-manual.nii.gz","979","1","",77.66888644621558,0.0,-0.9947133235188885,0.0,14.089674350554235,0.0,7.826504291352783,0.0,8.143263876518926,0.0,12.098654393038728,0.0,3.726636234850119,0.0,4.099868056502664,0.0,0.739577084909012,0.0,-12.498467382426304,0.0,0.9565163063851055,0.0,""
"2026-09-29 13:36:01","git-master-bddc7a050319718b5e4e0856afec0bc9ea96418f","C:\Users\marco\Desktop\ds004507\derivatives\labels\sub-007\ses-headDown\anat\sub-007_ses-headDown_T2w_seg-manual.nii.gz","980","1","","","","","","","","","","","","","","","","","","","","","","","",""
"2026-09-29 13:36:01","git-master-bddc7a050319718b5e4e0856afec0bc9ea96418f","C:\Users\marco\Desktop\ds004507\derivatives\labels\sub-007\ses-headDown\anat\sub-007_ses-headDown_T2w_seg-manual.nii.gz","981","1","","","","","","","","","","","","","","","","","","","","","","","",""
"2026-09-29 13:36:01","git-master-bddc7a050319718b5e4e0856afec0bc9ea96418f","C:\Users\marco\Desktop\ds004507\derivatives\labels\sub-007\ses-headDown\anat\sub-007_ses-headDown_T2w_seg-manual.nii.gz","982","1","","","","","","","","","","","","","","","","","","","","","","","",""
"2026-09-29 13:36:01","git-master-bddc7a050319718b5e4e0856afec0bc9ea96418f","C:\Users\marco\Desktop\ds004507\derivatives\labels\sub-007\ses-headDown\anat\sub-007_ses-headDown_T2w_seg-manual.nii.gz","983","1","","","","","","","","","","","","","","","","","","","","","","","",""
"2026-09-29 13:36:01","git-master-bddc7a050319718b5e4e0856afec0bc9ea96418f","C:\Users\marco\Desktop\ds004507\derivatives\labels\sub-007\ses-headDown\anat\sub-007_ses-headDown_T2w_seg-manual.nii.gz","984","1","","","","","","","","","","","","","","","","","","","","","","","",""
