Timestamp,SCT Version,Filename,Slice (I->S),VertLevel,DistancePMJ,MEAN(area),STD(area),MEAN(angle_AP),STD(angle_AP),MEAN(angle_RL),STD(angle_RL),MEAN(diameter_AP),STD(diameter_AP),MEAN(diameter_AP_ellipse),STD(diameter_AP_ellipse),MEAN(diameter_RL),STD(diameter_RL),MEAN(length_anterior),STD(length_anterior),MEAN(length_posterior),STD(length_posterior),MEAN(eccentricity),STD(eccentricity),MEAN(orientation),STD(orientation),MEAN(solidity),STD(solidity),SUM(length)
"2026-09-25 17:21:34","git-master-bddc7a050319718b5e4e0856afec0bc9ea96418f","C:\Users\marco\Desktop\ds004507\derivatives\labels\sub-009\ses-headNormal\anat\sub-009_ses-headNormal_T2w_seg-manual.nii.gz","647","9","","","","","","","","","","","","","","","","","","","","","","","",""
"2026-09-25 17:21:34","git-master-bddc7a050319718b5e4e0856afec0bc9ea96418f","C:\Users\marco\Desktop\ds004507\derivatives\labels\sub-009\ses-headNormal\anat\sub-009_ses-headNormal_T2w_seg-manual.nii.gz","648","9","","","","","","","","","","","","","","","","","","","","","","","",""
"2026-09-25 17:21:34","git-master-bddc7a050319718b5e4e0856afec0bc9ea96418f","C:\Users\marco\Desktop\ds004507\derivatives\labels\sub-009\ses-headNormal\anat\sub-009_ses-headNormal_T2w_seg-manual.nii.gz","649","9","","","","","","","","","","","","","","","","","","","","","","","",""
"2026-09-25 17:21:34","git-master-bddc7a050319718b5e4e0856afec0bc9ea96418f","C:\Users\marco\Desktop\ds004507\derivatives\labels\sub-009\ses-headNormal\anat\sub-009_ses-headNormal_T2w_seg-manual.nii.gz","650","9","","","","","","","","","","","","","","","","","","","","","","","",""
"2026-09-25 17:21:34","git-master-bddc7a050319718b5e4e0856afec0bc9ea96418f","C:\Users\marco\Desktop\ds004507\derivatives\labels\sub-009\ses-headNormal\anat\sub-009_ses-headNormal_T2w_seg-manual.nii.gz","651","9","","","","","","","","","","","","","","","","","","","","","","","",""
"2026-09-25 17:21:34","git-master-bddc7a050319718b5e4e0856afec0bc9ea96418f","C:\Users\marco\Desktop\ds004507\derivatives\labels\sub-009\ses-headNormal\anat\sub-009_ses-headNormal_T2w_seg-manual.nii.gz","652","9","","","","","","","","","","","","","","","","","","","","","","","",""
"2026-09-25 17:21:34","git-master-bddc7a050319718b5e4e0856afec0bc9ea96418f","C:\Users\marco\Desktop\ds004507\derivatives\labels\sub-009\ses-headNormal\anat\sub-009_ses-headNormal_T2w_seg-manual.nii.gz","653","9","","","","","","","","","","","","","","","","","","","","","","","",""
"2026-09-25 17:21:34","git-master-bddc7a050319718b5e4e0856afec0bc9ea96418f","C:\Users\marco\Desktop\ds004507\derivatives\labels\sub-009\ses-headNormal\anat\sub-009_ses-headNormal_T2w_seg-manual.nii.gz","654","9","","","","","","","","","","","","","","","","","","","","","","","",""
"2026-09-25 17:21:34","git-master-bddc7a050319718b5e4e0856afec0bc9ea96418f","C:\Users\marco\Desktop\ds004507\derivatives\labels\sub-009\ses-headNormal\anat\sub-009_ses-headNormal_T2w_seg-manual.nii.gz","655","9","","","","","","","","","","","","","","","","","","","","","","","",""
"2026-09-25 17:21:34","git-master-bddc7a050319718b5e4e0856afec0bc9ea96418f","C:\Users\marco\Desktop\ds004507\derivatives\labels\sub-009\ses-headNormal\anat\sub-009_ses-headNormal_T2w_seg-manual.nii.gz","656","9","","","","","","","","","","","","","","","","","","","","","","","",""
"2026-09-25 17:21:34","git-master-bddc7a050319718b5e4e0856afec0bc9ea96418f","C:\Users\marco\Desktop\ds004507\derivatives\labels\sub-009\ses-headNormal\anat\sub-009_ses-headNormal_T2w_seg-manual.nii.gz","657","9","","","","","","","","","","","","","","","","","","","","","","","",""
"2026-09-25 17:21:34","git-master-bddc7a050319718b5e4e0856afec0bc9ea96418f","C:\Users\marco\Desktop\ds004507\derivatives\labels\sub-009\ses-headNormal\anat\sub-009_ses-headNormal_T2w_seg-manual.nii.gz","658","9","","","","","","","","","","","","","","","","","","","","","","","",""
"2026-09-25 17:21:34","git-master-bddc7a050319718b5e4e0856afec0bc9ea96418f","C:\Users\marco\Desktop\ds004507\derivatives\labels\sub-009\ses-headNormal\anat\sub-009_ses-headNormal_T2w_seg-manual.nii.gz","659","9","","","","","","","","","","","","","","","","","","","","","","","",""
"2026-09-25 17:21:34","git-master-bddc7a050319718b5e4e0856afec0bc9ea96418f","C:\Users\marco\Desktop\ds004507\derivatives\labels\sub-009\ses-headNormal\anat\sub-009_ses-headNormal_T2w_seg-manual.nii.gz","660","9","","","","","","","","","","","","","","","","","","","","","","","",""
"2026-09-25 17:21:34","git-master-bddc7a050319718b5e4e0856afec0bc9ea96418f","C:\Users\marco\Desktop\ds004507\derivatives\labels\sub-009\ses-headNormal\anat\sub-009_ses-headNormal_T2w_seg-manual.nii.gz","661","9","","","","","","","","","","","","","","","","","","","","","","","",""
"2026-09-25 17:21:34","git-master-bddc7a050319718b5e4e0856afec0bc9ea96418f","C:\Users\marco\Desktop\ds004507\derivatives\labels\sub-009\ses-headNormal\anat\sub-009_ses-headNormal_T2w_seg-manual.nii.gz","662","9","","","","","","","","","","","","","","","","","","","","","","","",""
"2026-09-25 17:21:34","git-master-bddc7a050319718b5e4e0856afec0bc9ea96418f","C:\Users\marco\Desktop\ds004507\derivatives\labels\sub-009\ses-headNormal\anat\sub-009_ses-headNormal_T2w_seg-manual.nii.gz","663","9","","","","","","","","","","","","","","","","","","","","","","","",""
"2026-09-25 17:21:34","git-master-bddc7a050319718b5e4e0856afec0bc9ea96418f","C:\Users\marco\Desktop\ds004507\derivatives\labels\sub-009\ses-headNormal\anat\sub-009_ses-headNormal_T2w_seg-manual.nii.gz","664","9","","","","","","","","","","","","","","","","","","","","","","","",""
"2026-09-25 17:21:34","git-master-bddc7a050319718b5e4e0856afec0bc9ea96418f","C:\Users\marco\Desktop\ds004507\derivatives\labels\sub-009\ses-headNormal\anat\sub-009_ses-headNormal_T2w_seg-manual.nii.gz","665","9","","","","","","","","","","","","","","","","","","","","","","","",""
"2026-09-25 17:21:34","git-master-bddc7a050319718b5e4e0856afec0bc9ea96418f","C:\Users\marco\Desktop\ds004507\derivatives\labels\sub-009\ses-headNormal\anat\sub-009_ses-headNormal_T2w_seg-manual.nii.gz","666","9","","","","","","","","","","","","","","","","","","","","","","","",""
"2026-09-25 17:21:34","git-master-bddc7a050319718b5e4e0856afec0bc9ea96418f","C:\Users\marco\Desktop\ds004507\derivatives\labels\sub-009\ses-headNormal\anat\sub-009_ses-headNormal_T2w_seg-manual.nii.gz","667","9","","","","","","","","","","","","","","","","","","","","","","","",""
"2026-09-25 17:21:34","git-master-bddc7a050319718b5e4e0856afec0bc9ea96418f","C:\Users\marco\Desktop\ds004507\derivatives\labels\sub-009\ses-headNormal\anat\sub-009_ses-headNormal_T2w_seg-manual.nii.gz","668","9","","","","","","","","","","","","","","","","","","","","","","","",""
"2026-09-25 17:21:34","git-master-bddc7a050319718b5e4e0856afec0bc9ea96418f","C:\Users\marco\Desktop\ds004507\derivatives\labels\sub-009\ses-headNormal\anat\sub-009_ses-headNormal_T2w_seg-manual.nii.gz","669","9","","","","","","","","","","","","","","","","","","","","","","","",""
"2026-09-25 17:21:34","git-master-bddc7a050319718b5e4e0856afec0bc9ea96418f","C:\Users\marco\Desktop\ds004507\derivatives\labels\sub-009\ses-headNormal\anat\sub-009_ses-headNormal_T2w_seg-manual.nii.gz","670","9","","","","","","","","","","","","","","","","","","","","","","","",""
"2026-09-25 17:21:34","git-master-bddc7a050319718b5e4e0856afec0bc9ea96418f","C:\Users\marco\Desktop\ds004507\derivatives\labels\sub-009\ses-headNormal\anat\sub-009_ses-headNormal_T2w_seg-manual.nii.gz","671","9","","","","","","","","","","","","","","","","","","","","","","","",""
"2026-09-25 17:21:34","git-master-bddc7a050319718b5e4e0856afec0bc9ea96418f","C:\Users\marco\Desktop\ds004507\derivatives\labels\sub-009\ses-headNormal\anat\sub-009_ses-headNormal_T2w_seg-manual.nii.gz","672","9","","","","","","","","","","","","","","","","","","","","","","","",""
"2026-09-25 17:21:34","git-master-bddc7a050319718b5e4e0856afec0bc9ea96418f","C:\Users\marco\Desktop\ds004507\derivatives\labels\sub-009\ses-headNormal\anat\sub-009_ses-headNormal_T2w_seg-manual.nii.gz","673","9","","","","","","","","","","","","","","","","","","","","","","","",""
"2026-09-25 17:21:34","git-master-bddc7a050319718b5e4e0856afec0bc9ea96418f","C:\Users\marco\Desktop\ds004507\derivatives\labels\sub-009\ses-headNormal\anat\sub-009_ses-headNormal_T2w_seg-manual.nii.gz","674","9","","","","","","","","","","","","","","","","","","","","","","","",""
"2026-09-25 17:21:34","git-master-bddc7a050319718b5e4e0856afec0bc9ea96418f","C:\Users\marco\Desktop\ds004507\derivatives\labels\sub-009\ses-headNormal\anat\sub-009_ses-headNormal_T2w_seg-manual.nii.gz","675","9","","","","","","","","","","","","","","","","","","","","","","","",""
"2026-09-25 17:21:34","git-master-bddc7a050319718b5e4e0856afec0bc9ea96418f","C:\Users\marco\Desktop\ds004507\derivatives\labels\sub-009\ses-headNormal\anat\sub-009_ses-headNormal_T2w_seg-manual.nii.gz","676","9","","","","","","","","","","","","","","","","","","","","","","","",""
"2026-09-25 17:21:34","git-master-bddc7a050319718b5e4e0856afec0bc9ea96418f","C:\Users\marco\Desktop\ds004507\derivatives\labels\sub-009\ses-headNormal\anat\sub-009_ses-headNormal_T2w_seg-manual.nii.gz","677","9","","","","","","","","","","","","","","","","","","","","","","","",""
"2026-09-25 17:21:34","git-master-bddc7a050319718b5e4e0856afec0bc9ea96418f","C:\Users\marco\Desktop\ds004507\derivatives\labels\sub-009\ses-headNormal\anat\sub-009_ses-headNormal_T2w_seg-manual.nii.gz","678","9","","","","","","","","","","","","","","","","","","","","","","","",""
"2026-09-25 17:21:34","git-master-bddc7a050319718b5e4e0856afec0bc9ea96418f","C:\Users\marco\Desktop\ds004507\derivatives\labels\sub-009\ses-headNormal\anat\sub-009_ses-headNormal_T2w_seg-manual.nii.gz","679","9","","","","","","","","","","","","","","","","","","","","","","","",""
"2026-09-25 17:21:34","git-master-bddc7a050319718b5e4e0856afec0bc9ea96418f","C:\Users\marco\Desktop\ds004507\derivatives\labels\sub-009\ses-headNormal\anat\sub-009_ses-headNormal_T2w_seg-manual.nii.gz","680","9","","","","","","","","","","","","","","","","","","","","","","","",""
"2026-09-25 17:21:34","git-master-bddc7a050319718b5e4e0856afec0bc9ea96418f","C:\Users\marco\Desktop\ds004507\derivatives\labels\sub-009\ses-headNormal\anat\sub-009_ses-headNormal_T2w_seg-manual.nii.gz","681","9","","","","","","","","","","","","","","","","","","","","","","","",""
"2026-09-25 17:21:34","git-master-bddc7a050319718b5e4e0856afec0bc9ea96418f","C:\Users\marco\Desktop\ds004507\derivatives\labels\sub-009\ses-headNormal\anat\sub-009_ses-headNormal_T2w_seg-manual.nii.gz","682","9","","","","","","","","","","","","","","","","","","","","","","","",""
"2026-09-25 17:21:34","git-master-bddc7a050319718b5e4e0856afec0bc9ea96418f","C:\Users\marco\Desktop\ds004507\derivatives\labels\sub-009\ses-headNormal\anat\sub-009_ses-headNormal_T2w_seg-manual.nii.gz","683","9","","","","","","","","","","","","","","","","","","","","","","","",""
"2026-09-25 17:21:34","git-master-bddc7a050319718b5e4e0856afec0bc9ea96418f","C:\Users\marco\Desktop\ds004507\derivatives\labels\sub-009\ses-headNormal\anat\sub-009_ses-headNormal_T2w_seg-manual.nii.gz","684","9","","","","","","","","","","","","","","","","","","","","","","","",""
"2026-09-25 17:21:34","git-master-bddc7a050319718b5e4e0856afec0bc9ea96418f","C:\Users\marco\Desktop\ds004507\derivatives\labels\sub-009\ses-headNormal\anat\sub-009_ses-headNormal_T2w_seg-manual.nii.gz","685","9","","","","","","","","","","","","","","","","","","","","","","","",""
"2026-09-25 17:21:34","git-master-bddc7a050319718b5e4e0856afec0bc9ea96418f","C:\Users\marco\Desktop\ds004507\derivatives\labels\sub-009\ses-headNormal\anat\sub-009_ses-headNormal_T2w_seg-manual.nii.gz","686","9","","","","","","","","","","","","","","","","","","","","","","","",""
"2026-09-25 17:21:34","git-master-bddc7a050319718b5e4e0856afec0bc9ea96418f","C:\Users\marco\Desktop\ds004507\derivatives\labels\sub-009\ses-headNormal\anat\sub-009_ses-headNormal_T2w_seg-manual.nii.gz","687","9","","","","","","","","","","","","","","","","","","","","","","","",""
"2026-09-25 17:21:34","git-master-bddc7a050319718b5e4e0856afec0bc9ea96418f","C:\Users\marco\Desktop\ds004507\derivatives\labels\sub-009\ses-headNormal\anat\sub-009_ses-headNormal_T2w_seg-manual.nii.gz","688","9","","","","","","","","","","","","","","","","","","","","","","","",""
"2026-09-25 17:21:34","git-master-bddc7a050319718b5e4e0856afec0bc9ea96418f","C:\Users\marco\Desktop\ds004507\derivatives\labels\sub-009\ses-headNormal\anat\sub-009_ses-headNormal_T2w_seg-manual.nii.gz","689","9","","","","","","","","","","","","","","","","","","","","","","","",""
"2026-09-25 17:21:34","git-master-bddc7a050319718b5e4e0856afec0bc9ea96418f","C:\Users\marco\Desktop\ds004507\derivatives\labels\sub-009\ses-headNormal\anat\sub-009_ses-headNormal_T2w_seg-manual.nii.gz","690","9","","","","","","","","","","","","","","","","","","","","","","","",""
"2026-09-25 17:21:34","git-master-bddc7a050319718b5e4e0856afec0bc9ea96418f","C:\Users\marco\Desktop\ds004507\derivatives\labels\sub-009\ses-headNormal\anat\sub-009_ses-headNormal_T2w_seg-manual.nii.gz","691","9","","","","","","","","","","","","","","","","","","","","","","","",""
"2026-09-25 17:21:34","git-master-bddc7a050319718b5e4e0856afec0bc9ea96418f","C:\Users\marco\Desktop\ds004507\derivatives\labels\sub-009\ses-headNormal\anat\sub-009_ses-headNormal_T2w_seg-manual.nii.gz","692","9","",51.27766799780808,0.0,-2.4995917438634927,0.0,32.04127829568943,0.0,6.1876334807533055,0.0,6.408550893849604,0.0,10.24791055026921,0.0,3.156201625770214,0.0,3.031431854983092,0.0,0.7803428302969464,0.0,-2.4315608646204834,0.0,0.9752428108931632,0.0,""
"2026-09-25 17:21:34","git-master-bddc7a050319718b5e4e0856afec0bc9ea96418f","C:\Users\marco\Desktop\ds004507\derivatives\labels\sub-009\ses-headNormal\anat\sub-009_ses-headNormal_T2w_seg-manual.nii.gz","693","8","",54.27254664912589,0.0,-1.6077741257383706,0.0,31.637904969456837,0.0,6.479276991588332,0.0,6.6181824424779085,0.0,10.47531281702009,0.0,3.127569633388093,0.0,3.3517073582002386,0.0,0.7751407992131918,0.0,1.422066936766654,0.0,0.9594306049822064,0.0,""
"2026-09-25 17:21:34","git-master-bddc7a050319718b5e4e0856afec0bc9ea96418f","C:\Users\marco\Desktop\ds004507\derivatives\labels\sub-009\ses-headNormal\anat\sub-009_ses-headNormal_T2w_seg-manual.nii.gz","694","8","",54.54498172788833,0.0,-1.5059749189162106,0.0,31.551525015387817,0.0,6.520225133896579,0.0,6.672490289897748,0.0,10.453068251254852,0.0,3.2194228442666573,0.0,3.3008022896299214,0.0,0.7695723754258732,0.0,2.0634237440861884,0.0,0.9623813159815761,0.0,""
"2026-09-25 17:21:34","git-master-bddc7a050319718b5e4e0856afec0bc9ea96418f","C:\Users\marco\Desktop\ds004507\derivatives\labels\sub-009\ses-headNormal\anat\sub-009_ses-headNormal_T2w_seg-manual.nii.gz","695","8","",54.817416806650755,0.0,-1.4041757120940506,0.0,31.465145061318793,0.0,6.561173276204826,0.0,6.726798137317588,0.0,10.430823685489614,0.0,3.3112760551452216,0.0,3.2498972210596038,0.0,0.7640039516385546,0.0,2.704780551405723,0.0,0.9653320269809458,0.0,""
"2026-09-25 17:21:34","git-master-bddc7a050319718b5e4e0856afec0bc9ea96418f","C:\Users\marco\Desktop\ds004507\derivatives\labels\sub-009\ses-headNormal\anat\sub-009_ses-headNormal_T2w_seg-manual.nii.gz","696","8","",55.08985188541319,0.0,-1.3023765052718907,0.0,31.378765107249773,0.0,6.6021214185130725,0.0,6.781105984737428,0.0,10.408579119724376,0.0,3.403129266023786,0.0,3.1989921524892866,0.0,0.758435527851236,0.0,3.346137358725257,0.0,0.9682827379803154,0.0,""
"2026-09-25 17:21:34","git-master-bddc7a050319718b5e4e0856afec0bc9ea96418f","C:\Users\marco\Desktop\ds004507\derivatives\labels\sub-009\ses-headNormal\anat\sub-009_ses-headNormal_T2w_seg-manual.nii.gz","697","8","",55.362286964175624,0.0,-1.2005772984497307,0.0,31.29238515318075,0.0,6.64306956082132,0.0,6.8354138321572675,0.0,10.386334553959138,0.0,3.4949824769023503,0.0,3.148087083918969,0.0,0.7528671040639174,0.0,3.9874941660447916,0.0,0.971233448979685,0.0,""
"2026-09-25 17:21:34","git-master-bddc7a050319718b5e4e0856afec0bc9ea96418f","C:\Users\marco\Desktop\ds004507\derivatives\labels\sub-009\ses-headNormal\anat\sub-009_ses-headNormal_T2w_seg-manual.nii.gz","698","8","",54.8718284109504,0.0,-1.1873302994863488,0.0,31.21392795575747,0.0,6.576069743615519,0.0,6.780699290542042,0.0,10.391864678747533,0.0,3.4767006589143064,0.0,3.0993690847012125,0.0,0.7575358834756232,0.0,3.514838142489772,0.0,0.9728671138607062,0.0,""
"2026-09-25 17:21:34","git-master-bddc7a050319718b5e4e0856afec0bc9ea96418f","C:\Users\marco\Desktop\ds004507\derivatives\labels\sub-009\ses-headNormal\anat\sub-009_ses-headNormal_T2w_seg-manual.nii.gz","699","8","",54.19064644972826,0.0,-1.1962213524876615,0.0,31.137451447495625,0.0,6.4820829365312065,0.0,6.698729151668051,0.0,10.404338476174335,0.0,3.4308850837096103,0.0,3.051197852821596,0.0,0.7647639636870851,0.0,2.7636789112161138,0.0,0.9741715172121403,0.0,""
"2026-09-25 17:21:34","git-master-bddc7a050319718b5e4e0856afec0bc9ea96418f","C:\Users\marco\Desktop\ds004507\derivatives\labels\sub-009\ses-headNormal\anat\sub-009_ses-headNormal_T2w_seg-manual.nii.gz","700","8","",53.509464488506126,0.0,-1.2051124054889744,0.0,31.060974939233784,0.0,6.388096129446894,0.0,6.616759012794059,0.0,10.416812273601138,0.0,3.3850695085049143,0.0,3.00302662094198,0.0,0.7719920438985469,0.0,2.012519679942455,0.0,0.9754759205635745,0.0,""
"2026-09-25 17:21:34","git-master-bddc7a050319718b5e4e0856afec0bc9ea96418f","C:\Users\marco\Desktop\ds004507\derivatives\labels\sub-009\ses-headNormal\anat\sub-009_ses-headNormal_T2w_seg-manual.nii.gz","701","8","",52.82828252728399,0.0,-1.2140034584902872,0.0,30.98449843097194,0.0,6.294109322362581,0.0,6.534788873920068,0.0,10.429286071027942,0.0,3.3392539333002182,0.0,2.9548553890623634,0.0,0.7792201241100088,0.0,1.2613604486687966,0.0,0.9767803239150086,0.0,""
"2026-09-25 17:21:34","git-master-bddc7a050319718b5e4e0856afec0bc9ea96418f","C:\Users\marco\Desktop\ds004507\derivatives\labels\sub-009\ses-headNormal\anat\sub-009_ses-headNormal_T2w_seg-manual.nii.gz","702","8","",52.33792631231925,0.0,-1.2893021751375726,0.0,30.9140920042344,0.0,6.264116854580991,0.0,6.463775235142976,0.0,10.436477720793418,0.0,3.293658975061391,0.0,2.970457879519601,0.0,0.7850281688067833,0.0,1.3431308932147228,0.0,0.9711315769521823,0.0,""
"2026-09-25 17:21:34","git-master-bddc7a050319718b5e4e0856afec0bc9ea96418f","C:\Users\marco\Desktop\ds004507\derivatives\labels\sub-009\ses-headNormal\anat\sub-009_ses-headNormal_T2w_seg-manual.nii.gz","703","8","",51.9747872615261,0.0,-1.40887266754884,0.0,30.847732298513066,0.0,6.276787279667884,0.0,6.400065929763818,0.0,10.440147938784678,0.0,3.2482110947998097,0.0,3.0285761848680743,0.0,0.7898895231604328,0.0,1.9801877883070391,0.0,0.9608473964465158,0.0,""
"2026-09-25 17:21:34","git-master-bddc7a050319718b5e4e0856afec0bc9ea96418f","C:\Users\marco\Desktop\ds004507\derivatives\labels\sub-009\ses-headNormal\anat\sub-009_ses-headNormal_T2w_seg-manual.nii.gz","704","8","",51.61164821073295,0.0,-1.5284431599601074,0.0,30.78137259279173,0.0,6.289457704754776,0.0,6.33635662438466,0.0,10.443818156775937,0.0,3.2027632145382285,0.0,3.0866944902165474,0.0,0.7947508775140822,0.0,2.6172446833993557,0.0,0.9505632159408494,0.0,""
"2026-09-25 17:21:34","git-master-bddc7a050319718b5e4e0856afec0bc9ea96418f","C:\Users\marco\Desktop\ds004507\derivatives\labels\sub-009\ses-headNormal\anat\sub-009_ses-headNormal_T2w_seg-manual.nii.gz","705","8","",51.24850915993981,0.0,-1.6480136523713749,0.0,30.715012887070394,0.0,6.302128129841669,0.0,6.272647319005502,0.0,10.447488374767197,0.0,3.1573153342766473,0.0,3.144812795565021,0.0,0.7996122318677318,0.0,3.2543015784916722,0.0,0.9402790354351829,0.0,""
"2026-09-25 17:21:34","git-master-bddc7a050319718b5e4e0856afec0bc9ea96418f","C:\Users\marco\Desktop\ds004507\derivatives\labels\sub-009\ses-headNormal\anat\sub-009_ses-headNormal_T2w_seg-manual.nii.gz","706","8","",51.12515088550363,0.0,-1.8117794967920389,0.0,30.652773615262767,0.0,6.30082271351166,0.0,6.238985476472335,0.0,10.458140607833734,0.0,3.13052939862876,0.0,3.1702933148829,0.0,0.802562722261867,0.0,3.4398962387062646,0.0,0.9377547975189638,0.0,""
"2026-09-25 17:21:34","git-master-bddc7a050319718b5e4e0856afec0bc9ea96418f","C:\Users\marco\Desktop\ds004507\derivatives\labels\sub-009\ses-headNormal\anat\sub-009_ses-headNormal_T2w_seg-manual.nii.gz","707","8","",51.3614637756029,0.0,-2.0418383692267983,0.0,30.596714994325705,0.0,6.2785535350563,0.0,6.2503948282081545,0.0,10.47926586351319,0.0,3.1317363799014126,0.0,3.146817155154887,0.0,0.8026469167167308,0.0,2.9482975466042665,0.0,0.9468704734869163,0.0,""
"2026-09-25 17:21:34","git-master-bddc7a050319718b5e4e0856afec0bc9ea96418f","C:\Users\marco\Desktop\ds004507\derivatives\labels\sub-009\ses-headNormal\anat\sub-009_ses-headNormal_T2w_seg-manual.nii.gz","708","8","",51.59777666570217,0.0,-2.2718972416615575,0.0,30.540656373388643,0.0,6.25628435660094,0.0,6.261804179943974,0.0,10.500391119192646,0.0,3.1329433611740654,0.0,3.123340995426874,0.0,0.8027311111715947,0.0,2.4566988545022683,0.0,0.9559861494548687,0.0,""
"2026-09-25 17:21:34","git-master-bddc7a050319718b5e4e0856afec0bc9ea96418f","C:\Users\marco\Desktop\ds004507\derivatives\labels\sub-009\ses-headNormal\anat\sub-009_ses-headNormal_T2w_seg-manual.nii.gz","709","8","",51.83408955580144,0.0,-2.501956114096317,0.0,30.484597752451577,0.0,6.2340151781455795,0.0,6.273213531679795,0.0,10.521516374872103,0.0,3.1341503424467185,0.0,3.0998648356988614,0.0,0.8028153056264586,0.0,1.9651001624002697,0.0,0.9651018254228212,0.0,""
"2026-09-25 17:21:34","git-master-bddc7a050319718b5e4e0856afec0bc9ea96418f","C:\Users\marco\Desktop\ds004507\derivatives\labels\sub-009\ses-headNormal\anat\sub-009_ses-headNormal_T2w_seg-manual.nii.gz","710","8","",52.036359050594115,0.0,-2.753991620324479,0.0,30.430630350717987,0.0,6.229094907746707,0.0,6.288538827720154,0.0,10.532920681127209,0.0,3.1428644701401334,0.0,3.0862304376065737,0.0,0.8021906928336741,0.0,1.8226423130866696,0.0,0.9714049129540802,0.0,""
"2026-09-25 17:21:34","git-master-bddc7a050319718b5e4e0856afec0bc9ea96418f","C:\Users\marco\Desktop\ds004507\derivatives\labels\sub-009\ses-headNormal\anat\sub-009_ses-headNormal_T2w_seg-manual.nii.gz","711","8","",52.10245496416039,0.0,-3.0939336617262505,0.0,30.38502782579828,0.0,6.2935702695737845,0.0,6.319527900978671,0.0,10.505441189684916,0.0,3.1816071835165967,0.0,3.1119630860571874,0.0,0.7987308510502961,0.0,3.0767478349266684,0.0,0.9664576467385654,0.0,""
"2026-09-25 17:21:34","git-master-bddc7a050319718b5e4e0856afec0bc9ea96418f","C:\Users\marco\Desktop\ds004507\derivatives\labels\sub-009\ses-headNormal\anat\sub-009_ses-headNormal_T2w_seg-manual.nii.gz","712","8","",52.16855087772666,0.0,-3.433875703128022,0.0,30.339425300878574,0.0,6.358045631400862,0.0,6.3505169742371885,0.0,10.477961698242625,0.0,3.2203498968930604,0.0,3.137695734507801,0.0,0.7952710092669181,0.0,4.330853356766667,0.0,0.9615103805230507,0.0,""
"2026-09-25 17:21:34","git-master-bddc7a050319718b5e4e0856afec0bc9ea96418f","C:\Users\marco\Desktop\ds004507\derivatives\labels\sub-009\ses-headNormal\anat\sub-009_ses-headNormal_T2w_seg-manual.nii.gz","713","8","",52.23464679129293,0.0,-3.7738177445297936,0.0,30.293822775958866,0.0,6.422520993227939,0.0,6.381506047495707,0.0,10.450482206800332,0.0,3.2590926102695237,0.0,3.163428382958415,0.0,0.7918111674835401,0.0,5.584958878606667,0.0,0.9565631143075359,0.0,""
"2026-09-25 17:21:34","git-master-bddc7a050319718b5e4e0856afec0bc9ea96418f","C:\Users\marco\Desktop\ds004507\derivatives\labels\sub-009\ses-headNormal\anat\sub-009_ses-headNormal_T2w_seg-manual.nii.gz","714","8","",52.3007427048592,0.0,-4.113759785931565,0.0,30.24822025103916,0.0,6.486996355055016,0.0,6.412495120754224,0.0,10.42300271535804,0.0,3.297835323645987,0.0,3.1891610314090286,0.0,0.7883513257001621,0.0,6.839064400446666,0.0,0.9516158480920212,0.0,""
"2026-09-25 17:21:34","git-master-bddc7a050319718b5e4e0856afec0bc9ea96418f","C:\Users\marco\Desktop\ds004507\derivatives\labels\sub-009\ses-headNormal\anat\sub-009_ses-headNormal_T2w_seg-manual.nii.gz","715","8","",52.414075324649076,0.0,-4.562124072936963,0.0,30.21319944354063,0.0,6.496546120096563,0.0,6.477673370795158,0.0,10.347648287356886,0.0,3.291071522101077,0.0,3.2054745979954857,0.0,0.7791906940946067,0.0,6.286222857999778,0.0,0.9538566307635231,0.0,""
"2026-09-25 17:21:34","git-master-bddc7a050319718b5e4e0856afec0bc9ea96418f","C:\Users\marco\Desktop\ds004507\derivatives\labels\sub-009\ses-headNormal\anat\sub-009_ses-headNormal_T2w_seg-manual.nii.gz","716","8","",52.52740794443895,0.0,-5.010488359942361,0.0,30.178178636042098,0.0,6.5060958851381105,0.0,6.5428516208360925,0.0,10.272293859355733,0.0,3.2843077205561673,0.0,3.221788164581943,0.0,0.7700300624890514,0.0,5.733381315552891,0.0,0.9560974134350251,0.0,""
"2026-09-25 17:21:34","git-master-bddc7a050319718b5e4e0856afec0bc9ea96418f","C:\Users\marco\Desktop\ds004507\derivatives\labels\sub-009\ses-headNormal\anat\sub-009_ses-headNormal_T2w_seg-manual.nii.gz","717","8","",52.64074056422883,0.0,-5.458852646947758,0.0,30.14315782854357,0.0,6.515645650179658,0.0,6.608029870877026,0.0,10.196939431354581,0.0,3.2775439190112574,0.0,3.2381017311684,0.0,0.7608694308834959,0.0,5.180539773106004,0.0,0.9583381961065269,0.0,""
"2026-09-25 17:21:34","git-master-bddc7a050319718b5e4e0856afec0bc9ea96418f","C:\Users\marco\Desktop\ds004507\derivatives\labels\sub-009\ses-headNormal\anat\sub-009_ses-headNormal_T2w_seg-manual.nii.gz","718","8","",52.7540731840187,0.0,-5.907216933953156,0.0,30.10813702104504,0.0,6.525195415221205,0.0,6.67320812091796,0.0,10.121585003353427,0.0,3.270780117466347,0.0,3.2544152977548575,0.0,0.7517087992779405,0.0,4.627698230659117,0.0,0.9605789787780289,0.0,""
"2026-09-25 17:21:34","git-master-bddc7a050319718b5e4e0856afec0bc9ea96418f","C:\Users\marco\Desktop\ds004507\derivatives\labels\sub-009\ses-headNormal\anat\sub-009_ses-headNormal_T2w_seg-manual.nii.gz","719","8","",51.356940155107104,0.0,-5.843856525935943,0.0,30.081658521513482,0.0,6.470728525936753,0.0,6.610178052990312,0.0,9.943144619942899,0.0,3.2324592036000577,0.0,3.238269322336696,0.0,0.7467464190204267,0.0,4.491392732814869,0.0,0.9628987245855998,0.0,""
"2026-09-25 17:21:34","git-master-bddc7a050319718b5e4e0856afec0bc9ea96418f","C:\Users\marco\Desktop\ds004507\derivatives\labels\sub-009\ses-headNormal\anat\sub-009_ses-headNormal_T2w_seg-manual.nii.gz","720","8","",49.58219071402013,0.0,-5.6525649441630765,0.0,30.057315598973673,0.0,6.400257473070802,0.0,6.515095905570519,0.0,9.738932747680028,0.0,3.1862490116534223,0.0,3.214008461417379,0.0,0.7428336015999233,0.0,4.459221246121282,0.0,0.965238211177188,0.0,""
"2026-09-25 17:21:34","git-master-bddc7a050319718b5e4e0856afec0bc9ea96418f","C:\Users\marco\Desktop\ds004507\derivatives\labels\sub-009\ses-headNormal\anat\sub-009_ses-headNormal_T2w_seg-manual.nii.gz","721","8","",47.80744127293316,0.0,-5.461273362390209,0.0,30.03297267643386,0.0,6.32978642020485,0.0,6.420013758150724,0.0,9.534720875417156,0.0,3.1400388197067874,0.0,3.189747600498063,0.0,0.7389207841794198,0.0,4.427049759427696,0.0,0.9675776977687761,0.0,""
"2026-09-25 17:21:34","git-master-bddc7a050319718b5e4e0856afec0bc9ea96418f","C:\Users\marco\Desktop\ds004507\derivatives\labels\sub-009\ses-headNormal\anat\sub-009_ses-headNormal_T2w_seg-manual.nii.gz","722","8","",46.03269183184619,0.0,-5.269981780617342,0.0,30.008629753894052,0.0,6.259315367338899,0.0,6.32493161073093,0.0,9.330509003154283,0.0,3.0938286277601525,0.0,3.1654867395787463,0.0,0.7350079667589163,0.0,4.394878272734109,0.0,0.9699171843603642,0.0,""
"2026-09-25 17:21:34","git-master-bddc7a050319718b5e4e0856afec0bc9ea96418f","C:\Users\marco\Desktop\ds004507\derivatives\labels\sub-009\ses-headNormal\anat\sub-009_ses-headNormal_T2w_seg-manual.nii.gz","723","8","",46.990166107711026,0.0,-4.2391656881706,0.0,29.990733573159098,0.0,6.277489507376323,0.0,6.378375681332701,0.0,9.445869501751218,0.0,3.1111464149939914,0.0,3.166343092382332,0.0,0.7370089861894958,0.0,4.746029910390872,0.0,0.9679624566936651,0.0,""
"2026-09-25 17:21:34","git-master-bddc7a050319718b5e4e0856afec0bc9ea96418f","C:\Users\marco\Desktop\ds004507\derivatives\labels\sub-009\ses-headNormal\anat\sub-009_ses-headNormal_T2w_seg-manual.nii.gz","724","8","",49.76912286154375,0.0,-2.6486665886079375,0.0,29.977135220294045,0.0,6.3547604426826645,0.0,6.530837230615515,0.0,9.774278247588025,0.0,3.1708161883481467,0.0,3.1839442543345187,0.0,0.7429525635207974,0.0,5.352730297614538,0.0,0.9631449195214409,0.0,""
"2026-09-25 17:21:34","git-master-bddc7a050319718b5e4e0856afec0bc9ea96418f","C:\Users\marco\Desktop\ds004507\derivatives\labels\sub-009\ses-headNormal\anat\sub-009_ses-headNormal_T2w_seg-manual.nii.gz","725","8","",52.54807961537648,0.0,-1.0581674890452746,0.0,29.96353686742899,0.0,6.432031377989007,0.0,6.68329877989833,0.0,10.102686993424832,0.0,3.2304859617023016,0.0,3.201545416286706,0.0,0.7488961408520989,0.0,5.959430684838202,0.0,0.9583273823492168,0.0,""
"2026-09-25 17:21:34","git-master-bddc7a050319718b5e4e0856afec0bc9ea96418f","C:\Users\marco\Desktop\ds004507\derivatives\labels\sub-009\ses-headNormal\anat\sub-009_ses-headNormal_T2w_seg-manual.nii.gz","726","8","",55.3270363692092,0.0,0.5323316105173879,0.0,29.949938514563936,0.0,6.509302313295349,0.0,6.835760329181143,0.0,10.43109573926164,0.0,3.2901557350564565,0.0,3.2191465782388926,0.0,0.7548397181834005,0.0,6.566131072061867,0.0,0.9535098451769927,0.0,""
"2026-09-25 17:21:34","git-master-bddc7a050319718b5e4e0856afec0bc9ea96418f","C:\Users\marco\Desktop\ds004507\derivatives\labels\sub-009\ses-headNormal\anat\sub-009_ses-headNormal_T2w_seg-manual.nii.gz","727","8","",56.89614374831617,0.0,1.8819764100105847,0.0,29.94065286647076,0.0,6.567752554442406,0.0,6.912960175201607,0.0,10.631155106601934,0.0,3.311502953973179,0.0,3.256249600469227,0.0,0.7596878472795099,0.0,6.9060273373056065,0.0,0.9518251696281164,0.0,""
"2026-09-25 17:21:34","git-master-bddc7a050319718b5e4e0856afec0bc9ea96418f","C:\Users\marco\Desktop\ds004507\derivatives\labels\sub-009\ses-headNormal\anat\sub-009_ses-headNormal_T2w_seg-manual.nii.gz","728","8","",56.6504770653345,0.0,2.870339759399579,0.0,29.937836275535393,0.0,6.597971754350535,0.0,6.877267466328544,0.0,10.638690406197457,0.0,3.275366341233753,0.0,3.322605413116783,0.0,0.7628928040228311,0.0,6.845717419579454,0.0,0.9548397865142622,0.0,""
"2026-09-25 17:21:34","git-master-bddc7a050319718b5e4e0856afec0bc9ea96418f","C:\Users\marco\Desktop\ds004507\derivatives\labels\sub-009\ses-headNormal\anat\sub-009_ses-headNormal_T2w_seg-manual.nii.gz","729","8","",56.40481038235283,0.0,3.858703108788574,0.0,29.935019684600025,0.0,6.628190954258664,0.0,6.84157475745548,0.0,10.646225705792977,0.0,3.239229728494326,0.0,3.3889612257643384,0.0,0.7660977607661523,0.0,6.785407501853302,0.0,0.9578544034004078,0.0,""
"2026-09-25 17:21:34","git-master-bddc7a050319718b5e4e0856afec0bc9ea96418f","C:\Users\marco\Desktop\ds004507\derivatives\labels\sub-009\ses-headNormal\anat\sub-009_ses-headNormal_T2w_seg-manual.nii.gz","730","8","",56.15914369937116,0.0,4.847066458177569,0.0,29.932203093664658,0.0,6.658410154166794,0.0,6.805882048582417,0.0,10.6537610053885,0.0,3.2030931157549,0.0,3.4553170384118945,0.0,0.7693027175094737,0.0,6.725097584127151,0.0,0.9608690202865535,0.0,""
"2026-09-25 17:21:34","git-master-bddc7a050319718b5e4e0856afec0bc9ea96418f","C:\Users\marco\Desktop\ds004507\derivatives\labels\sub-009\ses-headNormal\anat\sub-009_ses-headNormal_T2w_seg-manual.nii.gz","731","8","",55.78011559360901,0.0,5.31645366614009,0.0,29.93154439475257,0.0,6.661326623464796,0.0,6.759237925654881,0.0,10.64800738980511,0.0,3.166577018406036,0.0,3.4947496050587605,0.0,0.7726820232808915,0.0,6.485775898871591,0.0,0.9631625282132119,0.0,""
"2026-09-25 17:21:34","git-master-bddc7a050319718b5e4e0856afec0bc9ea96418f","C:\Users\marco\Desktop\ds004507\derivatives\labels\sub-009\ses-headNormal\anat\sub-009_ses-headNormal_T2w_seg-manual.nii.gz","732","8","",54.867641796724946,0.0,3.7099363083966646,0.0,29.93951726393361,0.0,6.555032170322288,0.0,6.668788146509453,0.0,10.589098113506072,0.0,3.128542982619423,0.0,3.4264891877028645,0.0,0.776758725164696,0.0,5.53040714349838,0.0,0.9625716003019207,0.0,""
"2026-09-25 17:21:34","git-master-bddc7a050319718b5e4e0856afec0bc9ea96418f","C:\Users\marco\Desktop\ds004507\derivatives\labels\sub-009\ses-headNormal\anat\sub-009_ses-headNormal_T2w_seg-manual.nii.gz","733","8","",53.95516799984088,0.0,2.1034189506532392,0.0,29.947490133114652,0.0,6.448737717179778,0.0,6.578338367364025,0.0,10.530188837207032,0.0,3.0905089468328097,0.0,3.358228770346969,0.0,0.7808354270485005,0.0,4.575038388125168,0.0,0.9619806723906296,0.0,""
"2026-09-25 17:21:34","git-master-bddc7a050319718b5e4e0856afec0bc9ea96418f","C:\Users\marco\Desktop\ds004507\derivatives\labels\sub-009\ses-headNormal\anat\sub-009_ses-headNormal_T2w_seg-manual.nii.gz","734","8","",53.04269420295682,0.0,0.49690159290981395,0.0,29.95546300229569,0.0,6.34244326403727,0.0,6.487888588218596,0.0,10.471279560907993,0.0,3.052474911046197,0.0,3.289968352991073,0.0,0.784912128932305,0.0,3.619669632751956,0.0,0.9613897444793384,0.0,""
"2026-09-25 17:21:34","git-master-bddc7a050319718b5e4e0856afec0bc9ea96418f","C:\Users\marco\Desktop\ds004507\derivatives\labels\sub-009\ses-headNormal\anat\sub-009_ses-headNormal_T2w_seg-manual.nii.gz","735","8","",52.13022040607275,0.0,-1.1096157648336127,0.0,29.96343587147673,0.0,6.236148810894761,0.0,6.397438809073169,0.0,10.412370284608954,0.0,3.014440875259584,0.0,3.2217079356351768,0.0,0.7889888308161095,0.0,2.6643008773787447,0.0,0.9607988165680473,0.0,""
"2026-09-25 17:21:34","git-master-bddc7a050319718b5e4e0856afec0bc9ea96418f","C:\Users\marco\Desktop\ds004507\derivatives\labels\sub-009\ses-headNormal\anat\sub-009_ses-headNormal_T2w_seg-manual.nii.gz","736","7","",55.46251618908818,0.0,-9.386464508431969,0.0,30.042146111854443,0.0,6.27929228144583,0.0,6.592438573408725,0.0,10.646413896192055,0.0,3.0657515912113134,0.0,3.2135406902345167,0.0,0.7852200506508171,0.0,7.984793152794043,0.0,0.9710325217700373,0.0,""
"2026-09-25 17:21:34","git-master-bddc7a050319718b5e4e0856afec0bc9ea96418f","C:\Users\marco\Desktop\ds004507\derivatives\labels\sub-009\ses-headNormal\anat\sub-009_ses-headNormal_T2w_seg-manual.nii.gz","737","7","",57.349811141111836,0.0,-9.841675368545102,0.0,30.135872637348783,0.0,6.613970567566536,0.0,6.687990732902466,0.0,10.855161091120985,0.0,3.2617615262124073,0.0,3.352209041354129,0.0,0.7876408848310136,0.0,6.26018171189339,0.0,0.9720372980972517,0.0,""
"2026-09-25 17:21:34","git-master-bddc7a050319718b5e4e0856afec0bc9ea96418f","C:\Users\marco\Desktop\ds004507\derivatives\labels\sub-009\ses-headNormal\anat\sub-009_ses-headNormal_T2w_seg-manual.nii.gz","738","7","",56.967158266372834,0.0,-6.36837647131931,0.0,30.252610724009966,0.0,6.6573003635331744,0.0,6.675082921210813,0.0,10.882226152807599,0.0,3.293068478741712,0.0,3.3642318847914625,0.0,0.789779462859082,0.0,4.5486550897057825,0.0,0.9676789767295162,0.0,""
"2026-09-25 17:21:34","git-master-bddc7a050319718b5e4e0856afec0bc9ea96418f","C:\Users\marco\Desktop\ds004507\derivatives\labels\sub-009\ses-headNormal\anat\sub-009_ses-headNormal_T2w_seg-manual.nii.gz","739","7","",56.15250623250985,0.0,-0.6946590377899922,0.0,30.379210950055068,0.0,6.621236149733661,0.0,6.612546140684256,0.0,10.857332634037316,0.0,3.2982157096507683,0.0,3.323020440082892,0.0,0.7931142294186185,0.0,3.879212981775916,0.0,0.9624940491306246,0.0,""
"2026-09-25 17:21:34","git-master-bddc7a050319718b5e4e0856afec0bc9ea96418f","C:\Users\marco\Desktop\ds004507\derivatives\labels\sub-009\ses-headNormal\anat\sub-009_ses-headNormal_T2w_seg-manual.nii.gz","740","7","",56.485364002495544,0.0,5.442136239592851,0.0,30.502542229220683,0.0,6.684406384060797,0.0,6.560352699050197,0.0,10.887948652886015,0.0,3.386108299793935,0.0,3.298298084266862,0.0,0.7980759354392097,0.0,5.064962742616614,0.0,0.9605385099226136,0.0,""
"2026-09-25 17:21:34","git-master-bddc7a050319718b5e4e0856afec0bc9ea96418f","C:\Users\marco\Desktop\ds004507\derivatives\labels\sub-009\ses-headNormal\anat\sub-009_ses-headNormal_T2w_seg-manual.nii.gz","741","7","",57.21342952855149,0.0,7.686589112961875,0.0,30.58867022122825,0.0,6.666860458395791,0.0,6.6961959730108065,0.0,10.819800763493525,0.0,3.269060103605666,0.0,3.3978003547901254,0.0,0.7853795504024742,0.0,6.575767380172621,0.0,0.9636742356127359,0.0,""
"2026-09-25 17:21:34","git-master-bddc7a050319718b5e4e0856afec0bc9ea96418f","C:\Users\marco\Desktop\ds004507\derivatives\labels\sub-009\ses-headNormal\anat\sub-009_ses-headNormal_T2w_seg-manual.nii.gz","742","7","",57.273728597547816,0.0,7.068911371351409,0.0,30.647090082236378,0.0,6.535359235058607,0.0,6.604461258220079,0.0,10.996247559954817,0.0,3.19114495736727,0.0,3.344214277691337,0.0,0.7988738298480912,0.0,7.203645886680499,0.0,0.961163957366581,0.0,""
"2026-09-25 17:21:34","git-master-bddc7a050319718b5e4e0856afec0bc9ea96418f","C:\Users\marco\Desktop\ds004507\derivatives\labels\sub-009\ses-headNormal\anat\sub-009_ses-headNormal_T2w_seg-manual.nii.gz","743","7","",57.763742969518745,0.0,3.719784696750878,0.0,30.679400973998582,0.0,6.525986077308208,0.0,6.586347249340876,0.0,11.1265789061115,0.0,3.215827643998911,0.0,3.3101584333092977,0.0,0.8057115357593844,0.0,6.7303839517224855,0.0,0.9585716502008637,0.0,""
"2026-09-25 17:21:34","git-master-bddc7a050319718b5e4e0856afec0bc9ea96418f","C:\Users\marco\Desktop\ds004507\derivatives\labels\sub-009\ses-headNormal\anat\sub-009_ses-headNormal_T2w_seg-manual.nii.gz","744","7","",59.34452355410728,0.0,-2.0308155339251277,0.0,30.68564711092146,0.0,6.774064866425933,0.0,6.820577909641519,0.0,11.042292521250625,0.0,3.373751478375628,0.0,3.400313388050305,0.0,0.7862485937846615,0.0,5.381566384860325,0.0,0.9603405500845854,0.0,""
"2026-09-25 17:21:34","git-master-bddc7a050319718b5e4e0856afec0bc9ea96418f","C:\Users\marco\Desktop\ds004507\derivatives\labels\sub-009\ses-headNormal\anat\sub-009_ses-headNormal_T2w_seg-manual.nii.gz","745","7","",61.57692662471164,0.0,-7.4809937742111705,0.0,30.656652907896433,0.0,7.111681791270816,0.0,7.160146080663027,0.0,10.92621643171148,0.0,3.55665343822632,0.0,3.555028353044496,0.0,0.7548498021569543,0.0,7.035568870605896,0.0,0.9758030534934495,0.0,""
"2026-09-25 17:21:34","git-master-bddc7a050319718b5e4e0856afec0bc9ea96418f","C:\Users\marco\Desktop\ds004507\derivatives\labels\sub-009\ses-headNormal\anat\sub-009_ses-headNormal_T2w_seg-manual.nii.gz","746","7","",59.55841177401887,0.0,-9.443243890484894,0.0,30.59847792040331,0.0,6.944223909707111,0.0,6.982961489913796,0.0,10.82723474285644,0.0,3.4477752627579634,0.0,3.496448646949147,0.0,0.7639901587621643,0.0,4.658123096752916,0.0,0.9757028804734212,0.0,""
"2026-09-25 17:21:34","git-master-bddc7a050319718b5e4e0856afec0bc9ea96418f","C:\Users\marco\Desktop\ds004507\derivatives\labels\sub-009\ses-headNormal\anat\sub-009_ses-headNormal_T2w_seg-manual.nii.gz","747","7","",56.527177330468305,0.0,-8.31128756438138,0.0,30.51410080231941,0.0,6.65914400780597,0.0,6.682042844441096,0.0,10.763345052215188,0.0,3.255040025037663,0.0,3.404103982768307,0.0,0.7837841814040541,0.0,2.7474320705182342,0.0,0.9682140540228018,0.0,""
"2026-09-25 17:21:34","git-master-bddc7a050319718b5e4e0856afec0bc9ea96418f","C:\Users\marco\Desktop\ds004507\derivatives\labels\sub-009\ses-headNormal\anat\sub-009_ses-headNormal_T2w_seg-manual.nii.gz","748","7","",54.4199277551655,0.0,-4.469868670118105,0.0,30.40261119953064,0.0,6.465554714812364,0.0,6.4694279186845325,0.0,10.769602230763,0.0,3.095473828555205,0.0,3.370080886257159,0.0,0.7994406817567868,0.0,3.2044995060098094,0.0,0.9584253646065198,0.0,""
"2026-09-25 17:21:34","git-master-bddc7a050319718b5e4e0856afec0bc9ea96418f","C:\Users\marco\Desktop\ds004507\derivatives\labels\sub-009\ses-headNormal\anat\sub-009_ses-headNormal_T2w_seg-manual.nii.gz","749","7","",56.011595505301386,0.0,0.6418914694111342,0.0,30.250843405110707,0.0,6.552060542278797,0.0,6.536164010063883,0.0,11.013127963455098,0.0,3.1018296254385747,0.0,3.450230916840222,0.0,0.8048049409647563,0.0,4.786588058274746,0.0,0.9548628377406526,0.0,""
"2026-09-25 17:21:34","git-master-bddc7a050319718b5e4e0856afec0bc9ea96418f","C:\Users\marco\Desktop\ds004507\derivatives\labels\sub-009\ses-headNormal\anat\sub-009_ses-headNormal_T2w_seg-manual.nii.gz","750","7","",57.18295035793274,0.0,4.275363549573305,0.0,30.056517982878045,0.0,6.725170956471077,0.0,6.762239294983398,0.0,10.849257900248618,0.0,3.279499464960948,0.0,3.445671491510129,0.0,0.7809961585105655,0.0,4.912596555437691,0.0,0.9576794130803378,0.0,""
"2026-09-25 17:21:34","git-master-bddc7a050319718b5e4e0856afec0bc9ea96418f","C:\Users\marco\Desktop\ds004507\derivatives\labels\sub-009\ses-headNormal\anat\sub-009_ses-headNormal_T2w_seg-manual.nii.gz","751","7","",58.56506799247379,0.0,6.652671095326156,0.0,29.82560517944378,0.0,6.756340951880789,0.0,6.824398334685077,0.0,10.975165593570706,0.0,3.3227153578804645,0.0,3.433625594000325,0.0,0.7816182472038335,0.0,4.553252271540228,0.0,0.9552530338429079,0.0,""
"2026-09-25 17:21:34","git-master-bddc7a050319718b5e4e0856afec0bc9ea96418f","C:\Users\marco\Desktop\ds004507\derivatives\labels\sub-009\ses-headNormal\anat\sub-009_ses-headNormal_T2w_seg-manual.nii.gz","752","7","",60.409829760532084,0.0,7.779219495364639,0.0,29.557759756448746,0.0,6.660536348859069,0.0,6.704654052345565,0.0,11.507215281712561,0.0,3.1966483312323257,0.0,3.4638880176267435,0.0,0.8126177970582141,0.0,4.774163998434438,0.0,0.9479875316563205,0.0,""
"2026-09-25 17:21:34","git-master-bddc7a050319718b5e4e0856afec0bc9ea96418f","C:\Users\marco\Desktop\ds004507\derivatives\labels\sub-009\ses-headNormal\anat\sub-009_ses-headNormal_T2w_seg-manual.nii.gz","753","7","",62.88712750630514,0.0,7.381777335443153,0.0,29.243597184297556,0.0,6.828542132648999,0.0,6.7887513897811615,0.0,11.9441335551087,0.0,3.190139952535085,0.0,3.6384021801139137,0.0,0.822668019743877,0.0,8.731499895917837,0.0,0.9542062240925169,0.0,""
"2026-09-25 17:21:34","git-master-bddc7a050319718b5e4e0856afec0bc9ea96418f","C:\Users\marco\Desktop\ds004507\derivatives\labels\sub-009\ses-headNormal\anat\sub-009_ses-headNormal_T2w_seg-manual.nii.gz","754","7","",63.49307766455422,0.0,5.4509683343222735,0.0,28.882025655381536,0.0,6.822573016666775,0.0,6.897565241290985,0.0,11.8815001734219,0.0,3.1374154531808087,0.0,3.6851575634859657,0.0,0.8140636608009546,0.0,8.457216264259724,0.0,0.956221237864962,0.0,""
"2026-09-25 17:21:34","git-master-bddc7a050319718b5e4e0856afec0bc9ea96418f","C:\Users\marco\Desktop\ds004507\derivatives\labels\sub-009\ses-headNormal\anat\sub-009_ses-headNormal_T2w_seg-manual.nii.gz","755","7","",62.315032964775625,0.0,2.261138755330471,0.0,28.48128730201288,0.0,6.875084055971563,0.0,6.938931562697745,0.0,11.570955480452293,0.0,3.202667183650461,0.0,3.6724168723211017,0.0,0.799786245333952,0.0,7.584798462597479,0.0,0.9550080811553168,0.0,""
"2026-09-25 17:21:34","git-master-bddc7a050319718b5e4e0856afec0bc9ea96418f","C:\Users\marco\Desktop\ds004507\derivatives\labels\sub-009\ses-headNormal\anat\sub-009_ses-headNormal_T2w_seg-manual.nii.gz","756","7","",60.33467448356661,0.0,-2.1805824145254724,0.0,28.04079424839272,0.0,6.984610816960734,0.0,6.944545752499848,0.0,11.165629324719376,0.0,3.350596614349248,0.0,3.6340142026114854,0.0,0.7828250113651604,0.0,6.763446094737141,0.0,0.9563994952100595,0.0,""
"2026-09-25 17:21:34","git-master-bddc7a050319718b5e4e0856afec0bc9ea96418f","C:\Users\marco\Desktop\ds004507\derivatives\labels\sub-009\ses-headNormal\anat\sub-009_ses-headNormal_T2w_seg-manual.nii.gz","757","7","",60.41600622494102,0.0,-8.059590427751507,0.0,27.55255579797684,0.0,6.983917764007713,0.0,7.073571492975417,0.0,10.945209127446581,0.0,3.3611286597789616,0.0,3.622789104228752,0.0,0.7629554678712059,0.0,5.378766794571599,0.0,0.9771721576795226,0.0,""
"2026-09-25 17:21:34","git-master-bddc7a050319718b5e4e0856afec0bc9ea96418f","C:\Users\marco\Desktop\ds004507\derivatives\labels\sub-009\ses-headNormal\anat\sub-009_ses-headNormal_T2w_seg-manual.nii.gz","758","7","",61.52531734824648,0.0,-13.293184353811878,0.0,27.043537906642612,0.0,6.818094270701533,0.0,7.021800563355066,0.0,11.220793655774589,0.0,3.2761294427079797,0.0,3.5419648279935534,0.0,0.7794593220747454,0.0,5.885324012113904,0.0,0.9671694175152077,0.0,""
"2026-09-25 17:21:34","git-master-bddc7a050319718b5e4e0856afec0bc9ea96418f","C:\Users\marco\Desktop\ds004507\derivatives\labels\sub-009\ses-headNormal\anat\sub-009_ses-headNormal_T2w_seg-manual.nii.gz","759","7","",59.59678916858245,0.0,-16.82147009428695,0.0,26.53964384547072,0.0,6.804305187629723,0.0,6.941309667134324,0.0,10.94171975741589,0.0,3.281174786543585,0.0,3.5231304010861373,0.0,0.7714377090797367,0.0,5.260927261614895,0.0,0.964622106422134,0.0,""
"2026-09-25 17:21:34","git-master-bddc7a050319718b5e4e0856afec0bc9ea96418f","C:\Users\marco\Desktop\ds004507\derivatives\labels\sub-009\ses-headNormal\anat\sub-009_ses-headNormal_T2w_seg-manual.nii.gz","760","7","",55.947568331652114,0.0,-17.40008663178805,0.0,26.04558702757364,0.0,6.924893949725982,0.0,6.904832367197034,0.0,10.280997372826093,0.0,3.370669704417551,0.0,3.5542242453084314,0.0,0.7403067097169986,0.0,4.912464985955068,0.0,0.9708810519757748,0.0,""
"2026-09-25 17:21:34","git-master-bddc7a050319718b5e4e0856afec0bc9ea96418f","C:\Users\marco\Desktop\ds004507\derivatives\labels\sub-009\ses-headNormal\anat\sub-009_ses-headNormal_T2w_seg-manual.nii.gz","761","7","",54.75669963606501,0.0,-12.662073423003754,0.0,25.56288273516461,0.0,7.036710063318174,0.0,7.017847740273399,0.0,9.96005175632763,0.0,3.471136437570769,0.0,3.5655736257474047,0.0,0.7093586592240128,0.0,8.893385929134958,0.0,0.9760350048755345,0.0,""
"2026-09-25 17:21:34","git-master-bddc7a050319718b5e4e0856afec0bc9ea96418f","C:\Users\marco\Desktop\ds004507\derivatives\labels\sub-009\ses-headNormal\anat\sub-009_ses-headNormal_T2w_seg-manual.nii.gz","762","7","",55.20115603034646,0.0,3.4510820452893114,0.0,25.094562636222395,0.0,6.721358074593175,0.0,6.883913466386376,0.0,10.31341957137969,0.0,3.21522822989677,0.0,3.5061298446964044,0.0,0.7432366561685635,0.0,7.1714717242809005,0.0,0.9528180540271085,0.0,""
"2026-09-25 17:21:34","git-master-bddc7a050319718b5e4e0856afec0bc9ea96418f","C:\Users\marco\Desktop\ds004507\derivatives\labels\sub-009\ses-headNormal\anat\sub-009_ses-headNormal_T2w_seg-manual.nii.gz","763","7","",54.66616159892225,0.0,16.060840229778197,0.0,24.637273721249738,0.0,6.76129821849092,0.0,6.876755374430507,0.0,10.25230279689146,0.0,3.2505003018174885,0.0,3.5107979166734316,0.0,0.7405891748162408,0.0,6.149585432748991,0.0,0.9507811221290279,0.0,""
"2026-09-25 17:21:34","git-master-bddc7a050319718b5e4e0856afec0bc9ea96418f","C:\Users\marco\Desktop\ds004507\derivatives\labels\sub-009\ses-headNormal\anat\sub-009_ses-headNormal_T2w_seg-manual.nii.gz","764","7","",56.54460545655742,0.0,18.974874841096295,0.0,24.19124642016124,0.0,7.020510775027814,0.0,7.0310391708601365,0.0,10.352791081230626,0.0,3.4151501196135,0.0,3.605360655414314,0.0,0.7312599076561903,0.0,6.404325621335836,0.0,0.9579524272507033,0.0,""
"2026-09-25 17:21:34","git-master-bddc7a050319718b5e4e0856afec0bc9ea96418f","C:\Users\marco\Desktop\ds004507\derivatives\labels\sub-009\ses-headNormal\anat\sub-009_ses-headNormal_T2w_seg-manual.nii.gz","765","7","",66.55186721308833,0.0,4.658546131081746,0.0,23.75741118128174,0.0,7.170817218354252,0.0,7.346316284379688,0.0,11.679899014171525,0.0,3.3601951612876175,0.0,3.8106220570666345,0.0,0.7770275213907911,0.0,7.8916596927762965,0.0,0.948264249179379,0.0,""
"2026-09-25 17:21:34","git-master-bddc7a050319718b5e4e0856afec0bc9ea96418f","C:\Users\marco\Desktop\ds004507\derivatives\labels\sub-009\ses-headNormal\anat\sub-009_ses-headNormal_T2w_seg-manual.nii.gz","766","7","",64.04477185296828,0.0,-6.3359989187687695,0.0,23.34040720532088,0.0,7.20000585462615,0.0,7.285922770725484,0.0,11.271528355139491,0.0,3.4927204724668477,0.0,3.7072853821593026,0.0,0.7625858954215314,0.0,10.420785616735046,0.0,0.9663454138489967,0.0,""
"2026-09-25 17:21:34","git-master-bddc7a050319718b5e4e0856afec0bc9ea96418f","C:\Users\marco\Desktop\ds004507\derivatives\labels\sub-009\ses-headNormal\anat\sub-009_ses-headNormal_T2w_seg-manual.nii.gz","767","7","",62.158312959768004,0.0,-6.853294212480147,0.0,22.935686991358665,0.0,7.188180744607229,0.0,7.295394782514319,0.0,10.994214423166298,0.0,3.394911062974226,0.0,3.793269681633004,0.0,0.7479124939928985,0.0,10.08344066348804,0.0,0.9587087407036085,0.0,""
"2026-09-25 17:21:34","git-master-bddc7a050319718b5e4e0856afec0bc9ea96418f","C:\Users\marco\Desktop\ds004507\derivatives\labels\sub-009\ses-headNormal\anat\sub-009_ses-headNormal_T2w_seg-manual.nii.gz","768","7","",60.89272110682166,0.0,-2.1431523760887456,0.0,22.543442958706102,0.0,7.064429758610791,0.0,7.23825081758716,0.0,10.93451483916437,0.0,3.2422678450746347,0.0,3.8221619135361564,0.0,0.7488826272460815,0.0,10.174820075365883,0.0,0.9421720313048262,0.0,""
"2026-09-25 17:21:34","git-master-bddc7a050319718b5e4e0856afec0bc9ea96418f","C:\Users\marco\Desktop\ds004507\derivatives\labels\sub-009\ses-headNormal\anat\sub-009_ses-headNormal_T2w_seg-manual.nii.gz","769","7","",59.58134354209164,0.0,1.3171461597729226,0.0,22.163866152862433,0.0,6.745828295244333,0.0,6.937326608068054,0.0,11.094157031602704,0.0,3.2577621513484276,0.0,3.488066143895906,0.0,0.7803736134338415,0.0,14.655453351198796,0.0,0.9388466413181242,0.0,""
"2026-09-25 17:21:34","git-master-bddc7a050319718b5e4e0856afec0bc9ea96418f","C:\Users\marco\Desktop\ds004507\derivatives\labels\sub-009\ses-headNormal\anat\sub-009_ses-headNormal_T2w_seg-manual.nii.gz","770","6","",62.140394831213115,0.0,3.35532843009157,0.0,21.68806926843426,0.0,7.321923846045767,0.0,7.359698767112936,0.0,10.982618506330475,0.0,3.482914655351207,0.0,3.83900919069456,0.0,0.7422506028157699,0.0,9.168973410199268,0.0,0.9816499372647428,0.0,""
"2026-09-25 17:21:34","git-master-bddc7a050319718b5e4e0856afec0bc9ea96418f","C:\Users\marco\Desktop\ds004507\derivatives\labels\sub-009\ses-headNormal\anat\sub-009_ses-headNormal_T2w_seg-manual.nii.gz","771","6","",63.115213832572465,0.0,3.014921967687016,0.0,21.3731096993183,0.0,7.211851098256972,0.0,7.206292474919367,0.0,11.284662077085084,0.0,3.3844222149429,0.0,3.827428883314072,0.0,0.7687818665501521,0.0,7.706652549417759,0.0,0.9617371438327622,0.0,""
"2026-09-25 17:21:34","git-master-bddc7a050319718b5e4e0856afec0bc9ea96418f","C:\Users\marco\Desktop\ds004507\derivatives\labels\sub-009\ses-headNormal\anat\sub-009_ses-headNormal_T2w_seg-manual.nii.gz","772","6","",63.01780339702223,0.0,2.3768564447796576,0.0,21.06871824456634,0.0,7.042618835387355,0.0,7.1055639578322545,0.0,11.430552920620215,0.0,3.3179858172486747,0.0,3.724633018138681,0.0,0.7832806614350973,0.0,4.489358055203546,0.0,0.9449408060980272,0.0,""
"2026-09-25 17:21:34","git-master-bddc7a050319718b5e4e0856afec0bc9ea96418f","C:\Users\marco\Desktop\ds004507\derivatives\labels\sub-009\ses-headNormal\anat\sub-009_ses-headNormal_T2w_seg-manual.nii.gz","773","6","",62.72628322923731,0.0,1.6193857697627982,0.0,20.774947092181797,0.0,6.894324028816859,0.0,7.0881604782480565,0.0,11.472055000658447,0.0,3.2995159486364467,0.0,3.5948080801804125,0.0,0.7862651355234471,0.0,1.095506712392766,0.0,0.9340831298653385,0.0,""
"2026-09-25 17:21:34","git-master-bddc7a050319718b5e4e0856afec0bc9ea96418f","C:\Users\marco\Desktop\ds004507\derivatives\labels\sub-009\ses-headNormal\anat\sub-009_ses-headNormal_T2w_seg-manual.nii.gz","774","6","",66.09513713413747,0.0,1.4849499543515536,0.0,20.497341239363728,0.0,7.1378717779047784,0.0,7.333657235702282,0.0,11.58991177220292,0.0,3.424593062302838,0.0,3.7132787156019402,0.0,0.7743097946546904,0.0,4.539695628449758,0.0,0.944833372007322,0.0,""
"2026-09-25 17:21:34","git-master-bddc7a050319718b5e4e0856afec0bc9ea96418f","C:\Users\marco\Desktop\ds004507\derivatives\labels\sub-009\ses-headNormal\anat\sub-009_ses-headNormal_T2w_seg-manual.nii.gz","775","6","",69.4348402730102,0.0,1.870087860838908,0.0,20.23344598004035,0.0,7.2566066474476925,0.0,7.513100055879179,0.0,11.862273820368952,0.0,3.4768662682628215,0.0,3.779740379184871,0.0,0.7737849578645855,0.0,6.8891868623398835,0.0,0.951118945763715,0.0,""
"2026-09-25 17:21:34","git-master-bddc7a050319718b5e4e0856afec0bc9ea96418f","C:\Users\marco\Desktop\ds004507\derivatives\labels\sub-009\ses-headNormal\anat\sub-009_ses-headNormal_T2w_seg-manual.nii.gz","776","6","",71.47818223976823,0.0,2.4743259429899904,0.0,19.97577219875356,0.0,7.357346235943024,0.0,7.595900510105578,0.0,12.109193676610266,0.0,3.5276691371701605,0.0,3.8296770987728634,0.0,0.7787564657071461,0.0,8.460592506175628,0.0,0.9522899468239693,0.0,""
"2026-09-25 17:21:34","git-master-bddc7a050319718b5e4e0856afec0bc9ea96418f","C:\Users\marco\Desktop\ds004507\derivatives\labels\sub-009\ses-headNormal\anat\sub-009_ses-headNormal_T2w_seg-manual.nii.gz","777","6","",70.30977204226694,0.0,3.1067407424017923,0.0,19.719941519063536,0.0,7.537910501364404,0.0,7.50314898673306,0.0,12.138002776418222,0.0,3.647600071152297,0.0,3.8903104302121068,0.0,0.7860383310527185,0.0,9.181481857042279,0.0,0.9451391845294668,0.0,""
"2026-09-25 17:21:34","git-master-bddc7a050319718b5e4e0856afec0bc9ea96418f","C:\Users\marco\Desktop\ds004507\derivatives\labels\sub-009\ses-headNormal\anat\sub-009_ses-headNormal_T2w_seg-manual.nii.gz","778","6","",69.39313477289333,0.0,3.185363807696021,0.0,19.451805696859594,0.0,7.4689571971287,0.0,7.494496580223553,0.0,11.927404354609312,0.0,3.514845818577386,0.0,3.9541113785513136,0.0,0.7777285431342652,0.0,7.550726491089289,0.0,0.961207535825233,0.0,""
"2026-09-25 17:21:34","git-master-bddc7a050319718b5e4e0856afec0bc9ea96418f","C:\Users\marco\Desktop\ds004507\derivatives\labels\sub-009\ses-headNormal\anat\sub-009_ses-headNormal_T2w_seg-manual.nii.gz","779","6","",69.65462582798597,0.0,2.8947653916973617,0.0,19.175392399082337,0.0,7.482888191190132,0.0,7.523371321275121,0.0,11.869203338916861,0.0,3.5025478731958097,0.0,3.980340317994323,0.0,0.7734049166520195,0.0,6.459136931902379,0.0,0.9657665060549036,0.0,""
"2026-09-25 17:21:34","git-master-bddc7a050319718b5e4e0856afec0bc9ea96418f","C:\Users\marco\Desktop\ds004507\derivatives\labels\sub-009\ses-headNormal\anat\sub-009_ses-headNormal_T2w_seg-manual.nii.gz","780","6","",71.43100510944966,0.0,2.2349364971120917,0.0,18.890676943321534,0.0,7.662779931793768,0.0,7.583593566438566,0.0,12.067400536183442,0.0,3.707010601084691,0.0,3.9557693307090775,0.0,0.7778609839211674,0.0,6.609022829919055,0.0,0.9498198318430535,0.0,""
"2026-09-25 17:21:34","git-master-bddc7a050319718b5e4e0856afec0bc9ea96418f","C:\Users\marco\Desktop\ds004507\derivatives\labels\sub-009\ses-headNormal\anat\sub-009_ses-headNormal_T2w_seg-manual.nii.gz","781","6","",69.02294958908196,0.0,0.9268086338355341,0.0,18.591256307223198,0.0,7.710003188974591,0.0,7.680521620351761,0.0,11.6505796518578,0.0,3.61030241436403,0.0,4.099700774610561,0.0,0.7510277820326686,0.0,6.791045559470938,0.0,0.9569262173471373,0.0,""
"2026-09-25 17:21:34","git-master-bddc7a050319718b5e4e0856afec0bc9ea96418f","C:\Users\marco\Desktop\ds004507\derivatives\labels\sub-009\ses-headNormal\anat\sub-009_ses-headNormal_T2w_seg-manual.nii.gz","782","6","",68.88359713132691,0.0,-0.2910642169378715,0.0,18.2833303753153,0.0,7.561843138261516,0.0,7.599151818178451,0.0,11.678406635126974,0.0,3.560913324482751,0.0,4.0009298137787646,0.0,0.7580268333771324,0.0,6.616522753407617,0.0,0.9652497346155743,0.0,""
"2026-09-25 17:21:34","git-master-bddc7a050319718b5e4e0856afec0bc9ea96418f","C:\Users\marco\Desktop\ds004507\derivatives\labels\sub-009\ses-headNormal\anat\sub-009_ses-headNormal_T2w_seg-manual.nii.gz","783","6","",70.38439560150431,0.0,-1.3034269950554074,0.0,17.966873330035178,0.0,7.33343714422168,0.0,7.448033121555901,0.0,11.986867894707643,0.0,3.5736378369133956,0.0,3.759799307308285,0.0,0.7834542605944861,0.0,6.180450878866218,0.0,0.9723199192227182,0.0,""
"2026-09-25 17:21:34","git-master-bddc7a050319718b5e4e0856afec0bc9ea96418f","C:\Users\marco\Desktop\ds004507\derivatives\labels\sub-009\ses-headNormal\anat\sub-009_ses-headNormal_T2w_seg-manual.nii.gz","784","6","",71.51693585751958,0.0,-1.488876893501907,0.0,17.637503435664758,0.0,7.502780375743835,0.0,7.6807614106271815,0.0,11.978219407980628,0.0,3.7461080274383685,0.0,3.7566723483054663,0.0,0.7672068035008469,0.0,5.779539503724765,0.0,0.9663930149225152,0.0,""
"2026-09-25 17:21:34","git-master-bddc7a050319718b5e4e0856afec0bc9ea96418f","C:\Users\marco\Desktop\ds004507\derivatives\labels\sub-009\ses-headNormal\anat\sub-009_ses-headNormal_T2w_seg-manual.nii.gz","785","6","",70.03324169120296,0.0,-0.9854674884635908,0.0,17.297243405949175,0.0,7.558482131246229,0.0,7.648351621773188,0.0,11.708713334793208,0.0,3.7317919702882443,0.0,3.826690160957985,0.0,0.7569941876488229,0.0,6.566918390778942,0.0,0.9721516716488077,0.0,""
"2026-09-25 17:21:34","git-master-bddc7a050319718b5e4e0856afec0bc9ea96418f","C:\Users\marco\Desktop\ds004507\derivatives\labels\sub-009\ses-headNormal\anat\sub-009_ses-headNormal_T2w_seg-manual.nii.gz","786","6","",68.10056602766288,0.0,-0.10563135726099038,0.0,16.948219726251253,0.0,7.560175083823628,0.0,7.579679466496549,0.0,11.437660467761035,0.0,3.645355698828865,0.0,3.914819384994764,0.0,0.748846013634036,0.0,7.255662077969302,0.0,0.9798876990366352,0.0,""
"2026-09-25 17:21:34","git-master-bddc7a050319718b5e4e0856afec0bc9ea96418f","C:\Users\marco\Desktop\ds004507\derivatives\labels\sub-009\ses-headNormal\anat\sub-009_ses-headNormal_T2w_seg-manual.nii.gz","787","6","",67.66167104339605,0.0,1.0264122858675038,0.0,16.58817705694265,0.0,7.5404875051083025,0.0,7.685489473088568,0.0,11.42359820257739,0.0,3.5654051392714456,0.0,3.9750823658368564,0.0,0.7398241029707274,0.0,6.509527503304481,0.0,0.9808815920518048,0.0,""
"2026-09-25 17:21:34","git-master-bddc7a050319718b5e4e0856afec0bc9ea96418f","C:\Users\marco\Desktop\ds004507\derivatives\labels\sub-009\ses-headNormal\anat\sub-009_ses-headNormal_T2w_seg-manual.nii.gz","788","6","",68.62157870670637,0.0,1.9359142052488658,0.0,16.21475886754043,0.0,7.805301259565554,0.0,7.800784871743949,0.0,11.33104227932591,0.0,3.8139270241226106,0.0,3.991374235442944,0.0,0.7250396311218509,0.0,10.125445747119965,0.0,0.977159501308828,0.0,""
"2026-09-25 17:21:34","git-master-bddc7a050319718b5e4e0856afec0bc9ea96418f","C:\Users\marco\Desktop\ds004507\derivatives\labels\sub-009\ses-headNormal\anat\sub-009_ses-headNormal_T2w_seg-manual.nii.gz","789","6","",70.49440979976747,0.0,2.697112502962038,0.0,15.832348903828606,0.0,8.031515468011202,0.0,7.913821547743011,0.0,11.432682994234678,0.0,3.951635825686446,0.0,4.079879642324756,0.0,0.7214177694930701,0.0,12.448764739502018,0.0,0.9694516448003007,0.0,""
"2026-09-25 17:21:34","git-master-bddc7a050319718b5e4e0856afec0bc9ea96418f","C:\Users\marco\Desktop\ds004507\derivatives\labels\sub-009\ses-headNormal\anat\sub-009_ses-headNormal_T2w_seg-manual.nii.gz","790","6","",73.27362709970137,0.0,3.3100263548392075,0.0,15.440922245502568,0.0,8.14304109662525,0.0,8.02173872863068,0.0,11.810695595149967,0.0,3.8685999729986005,0.0,4.274441123626649,0.0,0.733959957310099,0.0,12.079272992532744,0.0,0.957477430328405,0.0,""
"2026-09-25 17:21:34","git-master-bddc7a050319718b5e4e0856afec0bc9ea96418f","C:\Users\marco\Desktop\ds004507\derivatives\labels\sub-009\ses-headNormal\anat\sub-009_ses-headNormal_T2w_seg-manual.nii.gz","791","6","",72.79813492532648,0.0,3.664269400830584,0.0,15.033547351824698,0.0,7.794078968467591,0.0,7.886089282780799,0.0,11.958652876419643,0.0,3.744181183438403,0.0,4.049897785029188,0.0,0.7514629507999003,0.0,7.015988520014552,0.0,0.9722318365237996,0.0,""
"2026-09-25 17:21:34","git-master-bddc7a050319718b5e4e0856afec0bc9ea96418f","C:\Users\marco\Desktop\ds004507\derivatives\labels\sub-009\ses-headNormal\anat\sub-009_ses-headNormal_T2w_seg-manual.nii.gz","792","6","",72.01835089092265,0.0,3.8711305561802236,0.0,14.61696673654764,0.0,7.6691990353357085,0.0,7.8501108030790885,0.0,11.83007822100119,0.0,3.712768912574901,0.0,3.956430122760807,0.0,0.7475429268591206,0.0,8.035440438689283,0.0,0.9770859091756735,0.0,""
"2026-09-25 17:21:34","git-master-bddc7a050319718b5e4e0856afec0bc9ea96418f","C:\Users\marco\Desktop\ds004507\derivatives\labels\sub-009\ses-headNormal\anat\sub-009_ses-headNormal_T2w_seg-manual.nii.gz","793","6","",70.88135034828127,0.0,3.9306440003084804,0.0,14.191158604226969,0.0,7.718675019706485,0.0,7.881457116876767,0.0,11.524891914702717,0.0,3.75202037056021,0.0,3.9666546491462746,0.0,0.7295899029141765,0.0,12.978367657958989,0.0,0.9735792763072862,0.0,""
"2026-09-25 17:21:34","git-master-bddc7a050319718b5e4e0856afec0bc9ea96418f","C:\Users\marco\Desktop\ds004507\derivatives\labels\sub-009\ses-headNormal\anat\sub-009_ses-headNormal_T2w_seg-manual.nii.gz","794","6","",68.97036412634499,0.0,3.76928968499626,0.0,13.751411116840941,0.0,7.8059166314772215,0.0,7.868232844004006,0.0,11.404429418220715,0.0,3.796724867503249,0.0,4.009191763973972,0.0,0.7238424573818609,0.0,14.089832920430151,0.0,0.964459911263175,0.0,""
"2026-09-25 17:21:34","git-master-bddc7a050319718b5e4e0856afec0bc9ea96418f","C:\Users\marco\Desktop\ds004507\derivatives\labels\sub-009\ses-headNormal\anat\sub-009_ses-headNormal_T2w_seg-manual.nii.gz","795","6","",71.42692252513307,0.0,3.5266541557676536,0.0,13.310014410748291,0.0,7.99906727415268,0.0,7.954994404334148,0.0,11.516866391461903,0.0,3.9151574677692693,0.0,4.083909806383411,0.0,0.7231042587532733,0.0,10.241069441494838,0.0,0.9685321472135078,0.0,""
"2026-09-25 17:21:34","git-master-bddc7a050319718b5e4e0856afec0bc9ea96418f","C:\Users\marco\Desktop\ds004507\derivatives\labels\sub-009\ses-headNormal\anat\sub-009_ses-headNormal_T2w_seg-manual.nii.gz","796","6","",74.71987071143816,0.0,3.260169532492414,0.0,12.871370641447248,0.0,8.150350669379362,0.0,8.101016987260069,0.0,11.686982226633738,0.0,3.989578052790358,0.0,4.160772616589004,0.0,0.7207430721711685,0.0,5.61872570419821,0.0,0.9753110821111228,0.0,""
"2026-09-25 17:21:34","git-master-bddc7a050319718b5e4e0856afec0bc9ea96418f","C:\Users\marco\Desktop\ds004507\derivatives\labels\sub-009\ses-headNormal\anat\sub-009_ses-headNormal_T2w_seg-manual.nii.gz","797","6","",75.73624874581141,0.0,3.0153433880169787,0.0,12.44125843283184,0.0,8.091056915079378,0.0,8.295206293472539,0.0,11.768395746908997,0.0,3.880240496376134,0.0,4.210816418703242,0.0,0.7093151688015427,0.0,4.02266006240476,0.0,0.9756651633824998,0.0,""
"2026-09-25 17:21:34","git-master-bddc7a050319718b5e4e0856afec0bc9ea96418f","C:\Users\marco\Desktop\ds004507\derivatives\labels\sub-009\ses-headNormal\anat\sub-009_ses-headNormal_T2w_seg-manual.nii.gz","798","6","",73.55310478304577,0.0,2.7965761026741607,0.0,12.021631960493137,0.0,8.089012059133681,0.0,8.084045028238556,0.0,11.653360650727453,0.0,3.97558176562464,0.0,4.113430293509042,0.0,0.7201955420624564,0.0,1.8141940055842372,0.0,0.9677438800390161,0.0,""
"2026-09-25 17:21:34","git-master-bddc7a050319718b5e4e0856afec0bc9ea96418f","C:\Users\marco\Desktop\ds004507\derivatives\labels\sub-009\ses-headNormal\anat\sub-009_ses-headNormal_T2w_seg-manual.nii.gz","799","6","",72.79798143992402,0.0,2.595207501067846,0.0,11.609111171404127,0.0,8.150604049664384,0.0,8.030970895104783,0.0,11.552241036634223,0.0,4.03385522160967,0.0,4.116748828054713,0.0,0.718461131805822,0.0,2.318654430142931,0.0,0.9642033777916751,0.0,""
"2026-09-25 17:21:34","git-master-bddc7a050319718b5e4e0856afec0bc9ea96418f","C:\Users\marco\Desktop\ds004507\derivatives\labels\sub-009\ses-headNormal\anat\sub-009_ses-headNormal_T2w_seg-manual.nii.gz","800","6","",74.65789047791388,0.0,2.411246286858509,0.0,11.203734463030994,0.0,8.284323191418215,0.0,8.278757509537172,0.0,11.51333064676026,0.0,3.997220743096124,0.0,4.2871024483220905,0.0,0.6949496153856702,0.0,6.576439144324397,0.0,0.9683428869202709,0.0,""
"2026-09-25 17:21:34","git-master-bddc7a050319718b5e4e0856afec0bc9ea96418f","C:\Users\marco\Desktop\ds004507\derivatives\labels\sub-009\ses-headNormal\anat\sub-009_ses-headNormal_T2w_seg-manual.nii.gz","801","5","",74.95809282776311,0.0,2.1920278217511564,0.0,10.642840646829525,0.0,8.267240115046407,0.0,8.456879226623881,0.0,11.412809181906406,0.0,3.9359025101507954,0.0,4.331337604895611,0.0,0.6715062227744909,0.0,6.411366031280926,0.0,0.9618144541260892,0.0,""
"2026-09-25 17:21:34","git-master-bddc7a050319718b5e4e0856afec0bc9ea96418f","C:\Users\marco\Desktop\ds004507\derivatives\labels\sub-009\ses-headNormal\anat\sub-009_ses-headNormal_T2w_seg-manual.nii.gz","802","5","",72.46013864566497,0.0,2.038388207404899,0.0,10.168284365666429,0.0,8.222018283342722,0.0,8.284453315570307,0.0,11.26964904655988,0.0,3.8040796477204775,0.0,4.417938635622243,0.0,0.6779493382211725,0.0,2.1228754681457724,0.0,0.9651032749715124,0.0,""
"2026-09-25 17:21:34","git-master-bddc7a050319718b5e4e0856afec0bc9ea96418f","C:\Users\marco\Desktop\ds004507\derivatives\labels\sub-009\ses-headNormal\anat\sub-009_ses-headNormal_T2w_seg-manual.nii.gz","803","5","",73.00009738289354,0.0,1.9174961723603952,0.0,9.707861996808692,0.0,8.223181053023426,0.0,8.226730062777008,0.0,11.367775224463696,0.0,3.764156697258718,0.0,4.459024355764707,0.0,0.6900313007893555,0.0,0.548260770226469,0.0,0.9705599432968813,0.0,""
"2026-09-25 17:21:34","git-master-bddc7a050319718b5e4e0856afec0bc9ea96418f","C:\Users\marco\Desktop\ds004507\derivatives\labels\sub-009\ses-headNormal\anat\sub-009_ses-headNormal_T2w_seg-manual.nii.gz","804","5","",73.12918436920245,0.0,1.829365579963699,0.0,9.261745997552266,0.0,8.321083715453902,0.0,8.329494269130755,0.0,11.338113513616989,0.0,3.83199160188236,0.0,4.489092113571543,0.0,0.6781938757827725,0.0,-1.4026553649384066,0.0,0.9543459446092978,0.0,""
"2026-09-25 17:21:34","git-master-bddc7a050319718b5e4e0856afec0bc9ea96418f","C:\Users\marco\Desktop\ds004507\derivatives\labels\sub-009\ses-headNormal\anat\sub-009_ses-headNormal_T2w_seg-manual.nii.gz","805","5","",74.02641660919046,0.0,1.774005976098811,0.0,8.830096650442483,0.0,8.494863274732758,0.0,8.440547459131063,0.0,11.375873187571013,0.0,4.013569644889418,0.0,4.481293629843339,0.0,0.6704198003565841,0.0,-0.42662354730073204,0.0,0.9479011706146995,0.0,""
"2026-09-25 17:21:34","git-master-bddc7a050319718b5e4e0856afec0bc9ea96418f","C:\Users\marco\Desktop\ds004507\derivatives\labels\sub-009\ses-headNormal\anat\sub-009_ses-headNormal_T2w_seg-manual.nii.gz","806","5","",74.49172718501316,0.0,1.7514231642170695,0.0,8.413062520270282,0.0,8.470361849017982,0.0,8.41769869419906,0.0,11.43758559471078,0.0,4.075117275800883,0.0,4.395244573217099,0.0,0.6769721340112858,0.0,1.5825960065028657,0.0,0.9562887404731236,0.0,""
"2026-09-25 17:21:34","git-master-bddc7a050319718b5e4e0856afec0bc9ea96418f","C:\Users\marco\Desktop\ds004507\derivatives\labels\sub-009\ses-headNormal\anat\sub-009_ses-headNormal_T2w_seg-manual.nii.gz","807","5","",73.26240397259834,0.0,1.7616195907141348,0.0,8.01078092296058,0.0,8.259394587874647,0.0,8.310471523296115,0.0,11.331514234428681,0.0,3.936563639276758,0.0,4.32283094859789,0.0,0.6795553204518128,0.0,1.5867252596881727,0.0,0.9646773163421988,0.0,""
"2026-09-25 17:21:34","git-master-bddc7a050319718b5e4e0856afec0bc9ea96418f","C:\Users\marco\Desktop\ds004507\derivatives\labels\sub-009\ses-headNormal\anat\sub-009_ses-headNormal_T2w_seg-manual.nii.gz","808","5","",72.83668259098818,0.0,1.8045945404452484,0.0,7.623378404410562,0.0,8.324332384074788,0.0,8.320142122530795,0.0,11.184112504804034,0.0,3.885217388729218,0.0,4.43911499534557,0.0,0.6676916123078088,0.0,1.3372781634711737,0.0,0.9689934585910055,0.0,""
"2026-09-25 17:21:34","git-master-bddc7a050319718b5e4e0856afec0bc9ea96418f","C:\Users\marco\Desktop\ds004507\derivatives\labels\sub-009\ses-headNormal\anat\sub-009_ses-headNormal_T2w_seg-manual.nii.gz","809","5","",76.98832350443206,0.0,1.8803441421694624,0.0,7.250971227335608,0.0,8.271969658280186,0.0,8.342723675432905,0.0,11.765205316402627,0.0,3.8065263664558167,0.0,4.46544329182437,0.0,0.7051065102110181,0.0,1.430578422705704,0.0,0.9667765660664469,0.0,""
"2026-09-25 17:21:34","git-master-bddc7a050319718b5e4e0856afec0bc9ea96418f","C:\Users\marco\Desktop\ds004507\derivatives\labels\sub-009\ses-headNormal\anat\sub-009_ses-headNormal_T2w_seg-manual.nii.gz","810","5","",76.09778522502002,0.0,1.9943192424080545,0.0,6.896204538835564,0.0,8.17987988969639,0.0,8.468262994311816,0.0,11.602632705273274,0.0,3.801923710023552,0.0,4.377956179672836,0.0,0.6834612155675209,0.0,1.0666295682813862,0.0,0.9733939876483862,0.0,""
"2026-09-25 17:21:34","git-master-bddc7a050319718b5e4e0856afec0bc9ea96418f","C:\Users\marco\Desktop\ds004507\derivatives\labels\sub-009\ses-headNormal\anat\sub-009_ses-headNormal_T2w_seg-manual.nii.gz","811","5","",73.30729957317433,0.0,2.1410426948091237,0.0,6.5566698983179945,0.0,8.087673636877396,0.0,8.316459015588428,0.0,11.397968265324089,0.0,3.7199306588820056,0.0,4.367742977995391,0.0,0.6838400692385714,0.0,2.4310486185233002,0.0,0.9744552787412954,0.0,""
"2026-09-25 17:21:34","git-master-bddc7a050319718b5e4e0856afec0bc9ea96418f","C:\Users\marco\Desktop\ds004507\derivatives\labels\sub-009\ses-headNormal\anat\sub-009_ses-headNormal_T2w_seg-manual.nii.gz","812","5","",73.16472633212153,0.0,2.295986996170458,0.0,6.232449943074411,0.0,7.99036901602236,0.0,8.242783298623637,0.0,11.505126565026838,0.0,3.676496686646407,0.0,4.313872329375953,0.0,0.6974083321011914,0.0,2.3446552363220317,0.0,0.9712006757888799,0.0,""
"2026-09-25 17:21:34","git-master-bddc7a050319718b5e4e0856afec0bc9ea96418f","C:\Users\marco\Desktop\ds004507\derivatives\labels\sub-009\ses-headNormal\anat\sub-009_ses-headNormal_T2w_seg-manual.nii.gz","813","5","",76.1077492701179,0.0,2.4346417964932425,0.0,5.923619646784408,0.0,8.289503901043373,0.0,8.446092684854912,0.0,11.664864712803832,0.0,3.8472806476528776,0.0,4.4422232533904955,0.0,0.6894855469327736,0.0,4.997115667984654,0.0,0.9584460584083663,0.0,""
"2026-09-25 17:21:34","git-master-bddc7a050319718b5e4e0856afec0bc9ea96418f","C:\Users\marco\Desktop\ds004507\derivatives\labels\sub-009\ses-headNormal\anat\sub-009_ses-headNormal_T2w_seg-manual.nii.gz","814","5","",77.68100318482644,0.0,2.5472122683169025,0.0,5.630246792950997,0.0,8.527656317612283,0.0,8.558528079562738,0.0,11.688446896617235,0.0,4.056201572975979,0.0,4.471454744636306,0.0,0.6809934692384492,0.0,6.785321431398398,0.0,0.9545770147311189,0.0,""
"2026-09-25 17:21:34","git-master-bddc7a050319718b5e4e0856afec0bc9ea96418f","C:\Users\marco\Desktop\ds004507\derivatives\labels\sub-009\ses-headNormal\anat\sub-009_ses-headNormal_T2w_seg-manual.nii.gz","815","5","",76.0612192430814,0.0,2.6337102092023166,0.0,5.35239243870187,0.0,8.356606219955296,0.0,8.385467197127982,0.0,11.613058828031944,0.0,4.118565789505962,0.0,4.238040430449335,0.0,0.6918133002685022,0.0,4.560874418021564,0.0,0.9641029030979413,0.0,""
"2026-09-25 17:21:34","git-master-bddc7a050319718b5e4e0856afec0bc9ea96418f","C:\Users\marco\Desktop\ds004507\derivatives\labels\sub-009\ses-headNormal\anat\sub-009_ses-headNormal_T2w_seg-manual.nii.gz","816","5","",76.08979895801671,0.0,2.6941455383157504,0.0,5.090111367964762,0.0,8.376339150628722,0.0,8.38873451239378,0.0,11.580887187071546,0.0,4.157798807170151,0.0,4.21854034345857,0.0,0.6894240746181493,0.0,4.172870878391009,0.0,0.9600516220370087,0.0,""
"2026-09-25 17:21:34","git-master-bddc7a050319718b5e4e0856afec0bc9ea96418f","C:\Users\marco\Desktop\ds004507\derivatives\labels\sub-009\ses-headNormal\anat\sub-009_ses-headNormal_T2w_seg-manual.nii.gz","817","5","",78.01222714553461,0.0,2.7285258480658787,0.0,4.843452533025127,0.0,8.482092283509289,0.0,8.506271660745591,0.0,11.69377916418691,0.0,4.114810419382925,0.0,4.3672818641263635,0.0,0.6861940548019881,0.0,6.192176760835977,0.0,0.973485800452375,0.0,""
"2026-09-25 17:21:34","git-master-bddc7a050319718b5e4e0856afec0bc9ea96418f","C:\Users\marco\Desktop\ds004507\derivatives\labels\sub-009\ses-headNormal\anat\sub-009_ses-headNormal_T2w_seg-manual.nii.gz","818","5","",78.98614042664965,0.0,2.732514482063538,0.0,4.615078951237892,0.0,8.454801617384048,0.0,8.593179246859979,0.0,11.72005952289926,0.0,4.046849180802771,0.0,4.407952436581276,0.0,0.6800046122205712,0.0,3.5782118298070626,0.0,0.9816976030260393,0.0,""
"2026-09-25 17:21:34","git-master-bddc7a050319718b5e4e0856afec0bc9ea96418f","C:\Users\marco\Desktop\ds004507\derivatives\labels\sub-009\ses-headNormal\anat\sub-009_ses-headNormal_T2w_seg-manual.nii.gz","819","5","",77.79085765697961,0.0,2.710453697592163,0.0,4.402422175981735,0.0,8.45120248508761,0.0,8.588990247448685,0.0,11.548706066668226,0.0,3.988344129632963,0.0,4.462858355454645,0.0,0.6683853774793865,0.0,3.082320007249636,0.0,0.9779379190323964,0.0,""
"2026-09-25 17:21:34","git-master-bddc7a050319718b5e4e0856afec0bc9ea96418f","C:\Users\marco\Desktop\ds004507\derivatives\labels\sub-009\ses-headNormal\anat\sub-009_ses-headNormal_T2w_seg-manual.nii.gz","820","5","",78.7184661122467,0.0,2.6623402693295084,0.0,4.205513354330407,0.0,8.47222017157376,0.0,8.5057093028718,0.0,11.857265589544637,0.0,4.00496164713887,0.0,4.46725852443489,0.0,0.6953949694372986,0.0,4.760896130214853,0.0,0.9712470223854175,0.0,""
"2026-09-25 17:21:34","git-master-bddc7a050319718b5e4e0856afec0bc9ea96418f","C:\Users\marco\Desktop\ds004507\derivatives\labels\sub-009\ses-headNormal\anat\sub-009_ses-headNormal_T2w_seg-manual.nii.gz","821","5","",80.27801681580155,0.0,2.588168164120111,0.0,4.024379861593776,0.0,8.473899821828441,0.0,8.5471532720418,0.0,12.075780815871036,0.0,4.031006554753208,0.0,4.442893267075234,0.0,0.7063413812126175,0.0,4.772955898674775,0.0,0.9776033807523604,0.0,""
"2026-09-25 17:21:34","git-master-bddc7a050319718b5e4e0856afec0bc9ea96418f","C:\Users\marco\Desktop\ds004507\derivatives\labels\sub-009\ses-headNormal\anat\sub-009_ses-headNormal_T2w_seg-manual.nii.gz","822","5","",80.48080501461043,0.0,2.487928807943965,0.0,3.8590456231849153,0.0,8.431154142265777,0.0,8.518886513703315,0.0,12.137368784791674,0.0,4.005664410379907,0.0,4.42548973188587,0.0,0.711792221862091,0.0,3.163392005507707,0.0,0.9813524464175054,0.0,""
"2026-09-25 17:21:34","git-master-bddc7a050319718b5e4e0856afec0bc9ea96418f","C:\Users\marco\Desktop\ds004507\derivatives\labels\sub-009\ses-headNormal\anat\sub-009_ses-headNormal_T2w_seg-manual.nii.gz","823","5","",78.9645080868404,0.0,2.3616114486040343,0.0,3.709531417538663,0.0,8.383988362014739,0.0,8.301191860091134,0.0,12.18281589044533,0.0,3.9625366562128157,0.0,4.421451705801923,0.0,0.7318977471287128,0.0,2.9394803794674913,0.0,0.9690090883627481,0.0,""
"2026-09-25 17:21:34","git-master-bddc7a050319718b5e4e0856afec0bc9ea96418f","C:\Users\marco\Desktop\ds004507\derivatives\labels\sub-009\ses-headNormal\anat\sub-009_ses-headNormal_T2w_seg-manual.nii.gz","824","5","",77.17539444260272,0.0,2.209203614403522,0.0,3.575855159763973,0.0,8.396223127311904,0.0,8.232380021066989,0.0,12.017307766958366,0.0,3.9678431362366635,0.0,4.42837999107524,0.0,0.7284940225127712,0.0,5.213106273666116,0.0,0.9604682854415533,0.0,""
"2026-09-25 17:21:34","git-master-bddc7a050319718b5e4e0856afec0bc9ea96418f","C:\Users\marco\Desktop\ds004507\derivatives\labels\sub-009\ses-headNormal\anat\sub-009_ses-headNormal_T2w_seg-manual.nii.gz","825","5","",77.82781697941478,0.0,2.030691669083836,0.0,3.4580321657123902,0.0,8.35673600221579,0.0,8.249740156835623,0.0,12.117412207355352,0.0,3.8026665015777263,0.0,4.5540695006380645,0.0,0.7324535619205463,0.0,5.1811799320989715,0.0,0.9626587005227782,0.0,""
"2026-09-25 17:21:34","git-master-bddc7a050319718b5e4e0856afec0bc9ea96418f","C:\Users\marco\Desktop\ds004507\derivatives\labels\sub-009\ses-headNormal\anat\sub-009_ses-headNormal_T2w_seg-manual.nii.gz","826","5","",77.21177190505918,0.0,1.821705432638308,0.0,3.358722085302474,0.0,8.0126216130587,0.0,8.093825011415968,0.0,12.360284750183663,0.0,3.484162858211784,0.0,4.528458754846915,0.0,0.7556032256597737,0.0,2.4245824573574057,0.0,0.9531688999101063,0.0,""
"2026-09-25 17:21:34","git-master-bddc7a050319718b5e4e0856afec0bc9ea96418f","C:\Users\marco\Desktop\ds004507\derivatives\labels\sub-009\ses-headNormal\anat\sub-009_ses-headNormal_T2w_seg-manual.nii.gz","827","5","",74.44256671451063,0.0,1.5865830119491124,0.0,3.2752921397884127,0.0,7.859978226241614,0.0,8.0180410064468,0.0,12.002895076730892,0.0,3.569467416298762,0.0,4.290510809942852,0.0,0.7438716609903789,0.0,3.060889269439202,0.0,0.9685473629330147,0.0,""
"2026-09-25 17:21:34","git-master-bddc7a050319718b5e4e0856afec0bc9ea96418f","C:\Users\marco\Desktop\ds004507\derivatives\labels\sub-009\ses-headNormal\anat\sub-009_ses-headNormal_T2w_seg-manual.nii.gz","828","5","",75.576519163406,0.0,1.3534691347341825,0.0,3.2049414669462246,0.0,7.996106574689237,0.0,8.270127851160616,0.0,11.8148918187145,0.0,3.6797571101780147,0.0,4.316349464511222,0.0,0.7135349008352659,0.0,3.0138764266800258,0.0,0.9700522086106916,0.0,""
"2026-09-25 17:21:34","git-master-bddc7a050319718b5e4e0856afec0bc9ea96418f","C:\Users\marco\Desktop\ds004507\derivatives\labels\sub-009\ses-headNormal\anat\sub-009_ses-headNormal_T2w_seg-manual.nii.gz","829","5","",75.53033130991494,0.0,1.1505287720403992,0.0,3.1448666253857,0.0,8.09541825360588,0.0,8.353300574492238,0.0,11.71711965619634,0.0,3.7210112195292973,0.0,4.374407034076583,0.0,0.7012551555932967,0.0,1.6341455575123096,0.0,0.9718712818620805,0.0,""
"2026-09-25 17:21:34","git-master-bddc7a050319718b5e4e0856afec0bc9ea96418f","C:\Users\marco\Desktop\ds004507\derivatives\labels\sub-009\ses-headNormal\anat\sub-009_ses-headNormal_T2w_seg-manual.nii.gz","830","5","",73.98852106039922,0.0,0.9890412980360428,0.0,3.0939477133305773,0.0,8.092786411653769,0.0,8.312907299486294,0.0,11.580608858497822,0.0,3.6625744254705253,0.0,4.430211986183243,0.0,0.6959783044936532,0.0,1.2186431168615062,0.0,0.9655883630029445,0.0,""
"2026-09-25 17:21:34","git-master-bddc7a050319718b5e4e0856afec0bc9ea96418f","C:\Users\marco\Desktop\ds004507\derivatives\labels\sub-009\ses-headNormal\anat\sub-009_ses-headNormal_T2w_seg-manual.nii.gz","831","5","",73.98410488302359,0.0,0.8690224754068006,0.0,3.0521873690827412,0.0,8.033524334147993,0.0,8.353892490616488,0.0,11.546361804725512,0.0,3.5354300040149607,0.0,4.498094330133032,0.0,0.689896658548145,0.0,3.0557056688975104,0.0,0.9498106000316247,0.0,""
"2026-09-25 17:21:34","git-master-bddc7a050319718b5e4e0856afec0bc9ea96418f","C:\Users\marco\Desktop\ds004507\derivatives\labels\sub-009\ses-headNormal\anat\sub-009_ses-headNormal_T2w_seg-manual.nii.gz","832","5","",75.50214770267372,0.0,0.7904822541446405,0.0,3.0195877405332037,0.0,7.893740034500091,0.0,8.296026357472547,0.0,11.810344057737202,0.0,3.4879098150811227,0.0,4.405830219418968,0.0,0.7117386906288565,0.0,5.167926652809517,0.0,0.9556675344968318,0.0,""
"2026-09-25 17:21:34","git-master-bddc7a050319718b5e4e0856afec0bc9ea96418f","C:\Users\marco\Desktop\ds004507\derivatives\labels\sub-009\ses-headNormal\anat\sub-009_ses-headNormal_T2w_seg-manual.nii.gz","833","5","",76.45579599053671,0.0,0.7534263715188593,0.0,2.9961505110826314,0.0,8.174814970142203,0.0,8.373861098270616,0.0,11.818087565378484,0.0,3.7365677452487,0.0,4.4382472248935025,0.0,0.7056474281985352,0.0,6.925140088272317,0.0,0.9588920917408197,0.0,""
"2026-09-25 17:21:34","git-master-bddc7a050319718b5e4e0856afec0bc9ea96418f","C:\Users\marco\Desktop\ds004507\derivatives\labels\sub-009\ses-headNormal\anat\sub-009_ses-headNormal_T2w_seg-manual.nii.gz","834","4","",77.87790582324823,0.0,0.7663927242024546,0.0,2.9815834552859957,0.0,8.44141606904014,0.0,8.5172824998317,0.0,11.851801146807484,0.0,3.8807387515053153,0.0,4.560677317534824,0.0,0.6953732257837145,0.0,3.394168628025403,0.0,0.9592665518090081,0.0,""
"2026-09-25 17:21:34","git-master-bddc7a050319718b5e4e0856afec0bc9ea96418f","C:\Users\marco\Desktop\ds004507\derivatives\labels\sub-009\ses-headNormal\anat\sub-009_ses-headNormal_T2w_seg-manual.nii.gz","835","4","",79.02627958078493,0.0,0.8195003644195998,0.0,2.979757443521107,0.0,8.381150888126156,0.0,8.414257342192457,0.0,12.095041599317081,0.0,3.930990202497617,0.0,4.450160685628539,0.0,0.7180206018869881,0.0,2.7178271070988576,0.0,0.9697108942117783,0.0,""
"2026-09-25 17:21:34","git-master-bddc7a050319718b5e4e0856afec0bc9ea96418f","C:\Users\marco\Desktop\ds004507\derivatives\labels\sub-009\ses-headNormal\anat\sub-009_ses-headNormal_T2w_seg-manual.nii.gz","836","4","",77.5588643856002,0.0,0.8442528541162748,0.0,2.984720033492192,0.0,8.070979392804299,0.0,8.195917926000535,0.0,12.150432340366407,0.0,3.7723264391006146,0.0,4.298652953703684,0.0,0.7380359553865344,0.0,-0.6904901018857204,0.0,0.9786864451519969,0.0,""
"2026-09-25 17:21:34","git-master-bddc7a050319718b5e4e0856afec0bc9ea96418f","C:\Users\marco\Desktop\ds004507\derivatives\labels\sub-009\ses-headNormal\anat\sub-009_ses-headNormal_T2w_seg-manual.nii.gz","837","4","",75.62960674642238,0.0,0.8051986834603478,0.0,2.99647100505334,0.0,7.975607022051313,0.0,8.098552448415232,0.0,12.015008283823116,0.0,3.7069619402429286,0.0,4.268645081808384,0.0,0.7381432263885798,0.0,-1.6219370317309016,0.0,0.9789890018219102,0.0,""
"2026-09-25 17:21:34","git-master-bddc7a050319718b5e4e0856afec0bc9ea96418f","C:\Users\marco\Desktop\ds004507\derivatives\labels\sub-009\ses-headNormal\anat\sub-009_ses-headNormal_T2w_seg-manual.nii.gz","838","4","",75.04670819239854,0.0,0.6787005486384372,0.0,3.0150100457769664,0.0,8.254007576300555,0.0,8.221016765888619,0.0,11.797658948973707,0.0,3.8640926064518886,0.0,4.3899149698486655,0.0,0.7172174184905012,0.0,1.6189317142390232,0.0,0.9696918743401843,0.0,""
"2026-09-25 17:21:34","git-master-bddc7a050319718b5e4e0856afec0bc9ea96418f","C:\Users\marco\Desktop\ds004507\derivatives\labels\sub-009\ses-headNormal\anat\sub-009_ses-headNormal_T2w_seg-manual.nii.gz","839","4","",77.86617905253452,0.0,0.44725542997593576,0.0,3.041693974310076,0.0,8.256952477906989,0.0,8.325662717492627,0.0,12.014157248355616,0.0,3.9412714607004276,0.0,4.31568101720656,0.0,0.7209353248397614,0.0,1.3364100801986618,0.0,0.967480463430901,0.0,""
"2026-09-25 17:21:34","git-master-bddc7a050319718b5e4e0856afec0bc9ea96418f","C:\Users\marco\Desktop\ds004507\derivatives\labels\sub-009\ses-headNormal\anat\sub-009_ses-headNormal_T2w_seg-manual.nii.gz","840","4","",78.50957262350083,0.0,0.11084638809690961,0.0,3.0765212230616408,0.0,8.307743311027055,0.0,8.395599725765154,0.0,12.05324080989774,0.0,3.935132513239543,0.0,4.372610797787512,0.0,0.7175051567158564,0.0,2.679926526668376,0.0,0.9639775002296062,0.0,""
"2026-09-25 17:21:34","git-master-bddc7a050319718b5e4e0856afec0bc9ea96418f","C:\Users\marco\Desktop\ds004507\derivatives\labels\sub-009\ses-headNormal\anat\sub-009_ses-headNormal_T2w_seg-manual.nii.gz","841","4","",77.82063292970422,0.0,-0.3130133648197209,0.0,3.118133123919007,0.0,8.225601534411393,0.0,8.314467418437943,0.0,12.07704318407064,0.0,3.86733540065911,0.0,4.358266133752282,0.0,0.7250949624724256,0.0,2.762126127495836,0.0,0.9612557057518167,0.0,""
"2026-09-25 17:21:34","git-master-bddc7a050319718b5e4e0856afec0bc9ea96418f","C:\Users\marco\Desktop\ds004507\derivatives\labels\sub-009\ses-headNormal\anat\sub-009_ses-headNormal_T2w_seg-manual.nii.gz","842","4","",77.3670843002719,0.0,-0.824271271087494,0.0,3.166528375357696,0.0,8.152580487693898,0.0,8.248297551389086,0.0,12.09443281731216,0.0,3.8189460364058077,0.0,4.33363445128809,0.0,0.7311741122264274,0.0,1.4505845050575816,0.0,0.960773464522533,0.0,""
"2026-09-25 17:21:34","git-master-bddc7a050319718b5e4e0856afec0bc9ea96418f","C:\Users\marco\Desktop\ds004507\derivatives\labels\sub-009\ses-headNormal\anat\sub-009_ses-headNormal_T2w_seg-manual.nii.gz","843","4","",79.32011405031528,0.0,-1.4228557035427791,0.0,3.2217055681195816,0.0,8.366561762574339,0.0,8.491942206994544,0.0,12.069000718967613,0.0,3.9086482895352894,0.0,4.457913473039049,0.0,0.7105803976752579,0.0,-0.47220418980633116,0.0,0.9640218049666869,0.0,""
"2026-09-25 17:21:34","git-master-bddc7a050319718b5e4e0856afec0bc9ea96418f","C:\Users\marco\Desktop\ds004507\derivatives\labels\sub-009\ses-headNormal\anat\sub-009_ses-headNormal_T2w_seg-manual.nii.gz","844","4","",76.74865138567162,0.0,-2.143289408096774,0.0,3.2863733747297514,0.0,8.340938797744885,0.0,8.354850996134054,0.0,11.866723257964306,0.0,3.8276419647823245,0.0,4.51329683296256,0.0,0.7101411276979406,0.0,1.4490085743061576,0.0,0.9662205193700757,0.0,""
"2026-09-25 17:21:34","git-master-bddc7a050319718b5e4e0856afec0bc9ea96418f","C:\Users\marco\Desktop\ds004507\derivatives\labels\sub-009\ses-headNormal\anat\sub-009_ses-headNormal_T2w_seg-manual.nii.gz","845","4","",76.20321929312637,0.0,-2.7970733867656605,0.0,3.303761903425276,0.0,8.067128341696462,0.0,8.100880510121556,0.0,12.113816062767192,0.0,3.747063768914052,0.0,4.320064572782409,0.0,0.7416833593640073,0.0,1.9651063878809518,0.0,0.9629378177671827,0.0,""
"2026-09-25 17:21:34","git-master-bddc7a050319718b5e4e0856afec0bc9ea96418f","C:\Users\marco\Desktop\ds004507\derivatives\labels\sub-009\ses-headNormal\anat\sub-009_ses-headNormal_T2w_seg-manual.nii.gz","846","4","",74.78076793750807,0.0,-3.29246377270577,0.0,3.2414261008877308,0.0,7.818027851452794,0.0,7.896548803692977,0.0,12.153765726894507,0.0,3.6796495645238343,0.0,4.138378286928959,0.0,0.7597715603422827,0.0,2.7626806376151,0.0,0.9627584353609031,0.0,""
"2026-09-25 17:21:34","git-master-bddc7a050319718b5e4e0856afec0bc9ea96418f","C:\Users\marco\Desktop\ds004507\derivatives\labels\sub-009\ses-headNormal\anat\sub-009_ses-headNormal_T2w_seg-manual.nii.gz","847","4","",72.11461667029045,0.0,-3.56839764358399,0.0,3.0777150130905566,0.0,7.802086314285856,0.0,7.89069105272055,0.0,11.740349426620686,0.0,3.6610617216545482,0.0,4.141024592631307,0.0,0.7401437356003192,0.0,3.8541285132998238,0.0,0.9691763190745092,0.0,""
"2026-09-25 17:21:34","git-master-bddc7a050319718b5e4e0856afec0bc9ea96418f","C:\Users\marco\Desktop\ds004507\derivatives\labels\sub-009\ses-headNormal\anat\sub-009_ses-headNormal_T2w_seg-manual.nii.gz","848","4","",75.4857178687763,0.0,-3.5814620430887443,0.0,2.7922531742732994,0.0,8.193218797240542,0.0,8.304553117327256,0.0,11.701867315924462,0.0,3.831490128517416,0.0,4.361728668723126,0.0,0.7041928072980848,0.0,-0.03936118630752894,0.0,0.9728107147144202,0.0,""
"2026-09-25 17:21:34","git-master-bddc7a050319718b5e4e0856afec0bc9ea96418f","C:\Users\marco\Desktop\ds004507\derivatives\labels\sub-009\ses-headNormal\anat\sub-009_ses-headNormal_T2w_seg-manual.nii.gz","849","4","",76.97386367827501,0.0,-3.3316842698331772,0.0,2.3848281505033517,0.0,8.310632226521713,0.0,8.276280826809119,0.0,11.956736141119906,0.0,3.8239616509960737,0.0,4.48667057552564,0.0,0.7211365658629008,0.0,1.5725026043388572,0.0,0.963878755091538,0.0,""
"2026-09-25 17:21:34","git-master-bddc7a050319718b5e4e0856afec0bc9ea96418f","C:\Users\marco\Desktop\ds004507\derivatives\labels\sub-009\ses-headNormal\anat\sub-009_ses-headNormal_T2w_seg-manual.nii.gz","850","4","",77.35314211967827,0.0,-2.8624985892451047,0.0,1.8756171882693427,0.0,8.294389940119322,0.0,8.242919841086275,0.0,12.095015420525899,0.0,3.8301293842852626,0.0,4.46426055583406,0.0,0.7318053246615364,0.0,3.1600657258259783,0.0,0.9604660282392733,0.0,""
"2026-09-25 17:21:34","git-master-bddc7a050319718b5e4e0856afec0bc9ea96418f","C:\Users\marco\Desktop\ds004507\derivatives\labels\sub-009\ses-headNormal\anat\sub-009_ses-headNormal_T2w_seg-manual.nii.gz","851","4","",75.92427483245187,0.0,-2.173548822825832,0.0,1.264541087705279,0.0,8.207653838635048,0.0,8.236248101361204,0.0,11.972930532091699,0.0,3.8193676435018156,0.0,4.388286195133232,0.0,0.7253994921376264,0.0,3.474794013782392,0.0,0.9618867577235406,0.0,""
"2026-09-25 17:21:34","git-master-bddc7a050319718b5e4e0856afec0bc9ea96418f","C:\Users\marco\Desktop\ds004507\derivatives\labels\sub-009\ses-headNormal\anat\sub-009_ses-headNormal_T2w_seg-manual.nii.gz","852","4","",71.46574597977177,0.0,-1.264440489089408,0.0,0.5515372806384786,0.0,8.10975046207977,0.0,8.167673794162884,0.0,11.510212789878386,0.0,3.6849902958969647,0.0,4.424760166182804,0.0,0.7046023955148949,0.0,2.3734219382899764,0.0,0.9611155805846071,0.0,""
"2026-09-25 17:21:34","git-master-bddc7a050319718b5e4e0856afec0bc9ea96418f","C:\Users\marco\Desktop\ds004507\derivatives\labels\sub-009\ses-headNormal\anat\sub-009_ses-headNormal_T2w_seg-manual.nii.gz","853","4","",64.18164999620389,0.0,-0.0467808194445134,0.0,-0.30401950263163224,0.0,7.4247035057915065,0.0,7.539674743776782,0.0,11.077303960468285,0.0,3.452412649710481,0.0,3.9722908560810253,0.0,0.7326001177055358,0.0,3.0372524665833986,0.0,0.9674050592827099,0.0,""
"2026-09-25 17:21:34","git-master-bddc7a050319718b5e4e0856afec0bc9ea96418f","C:\Users\marco\Desktop\ds004507\derivatives\labels\sub-009\ses-headNormal\anat\sub-009_ses-headNormal_T2w_seg-manual.nii.gz","854","4","",67.8826234530274,0.0,1.153794066646024,0.0,-1.1574342040955252,0.0,7.846242250880311,0.0,7.876968288105804,0.0,11.272717079424867,0.0,3.5835124715365425,0.0,4.262729779343769,0.0,0.7151865008803449,0.0,2.3985717025033764,0.0,0.9682668218915962,0.0,""
"2026-09-25 17:21:34","git-master-bddc7a050319718b5e4e0856afec0bc9ea96418f","C:\Users\marco\Desktop\ds004507\derivatives\labels\sub-009\ses-headNormal\anat\sub-009_ses-headNormal_T2w_seg-manual.nii.gz","855","4","",73.07901027678156,0.0,2.195006223737152,0.0,-1.9464191183937831,0.0,8.29598742008502,0.0,8.237429192667648,0.0,11.625461130439943,0.0,3.7526385750375444,0.0,4.5433488450474755,0.0,0.7051631748861181,0.0,1.0885930337792242,0.0,0.9670588794394157,0.0,""
"2026-09-25 17:21:34","git-master-bddc7a050319718b5e4e0856afec0bc9ea96418f","C:\Users\marco\Desktop\ds004507\derivatives\labels\sub-009\ses-headNormal\anat\sub-009_ses-headNormal_T2w_seg-manual.nii.gz","856","4","",73.77121108307706,0.0,2.982133392478112,0.0,-2.6294688878998427,0.0,8.157899492630882,0.0,8.111010205373601,0.0,11.779884402242377,0.0,3.7568460931880114,0.0,4.401053399442869,0.0,0.7251703759377145,0.0,-0.6847458926044049,0.0,0.9667696045660904,0.0,""
"2026-09-25 17:21:34","git-master-bddc7a050319718b5e4e0856afec0bc9ea96418f","C:\Users\marco\Desktop\ds004507\derivatives\labels\sub-009\ses-headNormal\anat\sub-009_ses-headNormal_T2w_seg-manual.nii.gz","857","4","",70.62721105842871,0.0,3.4649811557394012,0.0,-3.1854914241979,0.0,7.808235836703123,0.0,7.966909288170056,0.0,11.49636577707444,0.0,3.631099743475912,0.0,4.177136093227212,0.0,0.7209221277658714,0.0,-4.035899263386929,0.0,0.9711812841689373,0.0,""
"2026-09-25 17:21:34","git-master-bddc7a050319718b5e4e0856afec0bc9ea96418f","C:\Users\marco\Desktop\ds004507\derivatives\labels\sub-009\ses-headNormal\anat\sub-009_ses-headNormal_T2w_seg-manual.nii.gz","858","4","",73.01503737867304,0.0,3.644485487339745,0.0,-3.6148038653905337,0.0,8.011281719287402,0.0,8.134486963579509,0.0,11.562733147741938,0.0,3.765304471000086,0.0,4.245977248287316,0.0,0.7106645821362307,0.0,-1.1259339556337706,0.0,0.9706786695270028,0.0,""
"2026-09-25 17:21:34","git-master-bddc7a050319718b5e4e0856afec0bc9ea96418f","C:\Users\marco\Desktop\ds004507\derivatives\labels\sub-009\ses-headNormal\anat\sub-009_ses-headNormal_T2w_seg-manual.nii.gz","859","4","",76.67846861884357,0.0,3.57141031241397,0.0,-3.9387630991138174,0.0,8.218093284669772,0.0,8.30677287095786,0.0,11.812315082706265,0.0,3.9100073445975596,0.0,4.308085940072211,0.0,0.7108150227940284,0.0,0.6560839433063488,0.0,0.9692906648746047,0.0,""
"2026-09-25 17:21:34","git-master-bddc7a050319718b5e4e0856afec0bc9ea96418f","C:\Users\marco\Desktop\ds004507\derivatives\labels\sub-009\ses-headNormal\anat\sub-009_ses-headNormal_T2w_seg-manual.nii.gz","860","4","",78.85089508260108,0.0,3.245632751192803,0.0,-4.157523343475139,0.0,8.318208603718661,0.0,8.420926910426184,0.0,11.953259956592348,0.0,3.9908106413133027,0.0,4.327397962405358,0.0,0.7091853873382885,0.0,0.3997135058552825,0.0,0.9706812445458236,0.0,""
"2026-09-25 17:21:34","git-master-bddc7a050319718b5e4e0856afec0bc9ea96418f","C:\Users\marco\Desktop\ds004507\derivatives\labels\sub-009\ses-headNormal\anat\sub-009_ses-headNormal_T2w_seg-manual.nii.gz","861","4","",76.6327461132434,0.0,2.6668909765755817,0.0,-4.271226473716143,0.0,8.317244382472445,0.0,8.478322905369314,0.0,11.588424243424832,0.0,3.9734156835736187,0.0,4.343828698898827,0.0,0.6817126818541959,0.0,-0.8811267940068195,0.0,0.9791426743442099,0.0,""
"2026-09-25 17:21:34","git-master-bddc7a050319718b5e4e0856afec0bc9ea96418f","C:\Users\marco\Desktop\ds004507\derivatives\labels\sub-009\ses-headNormal\anat\sub-009_ses-headNormal_T2w_seg-manual.nii.gz","862","4","",73.87594344784652,0.0,1.9341387204298286,0.0,-4.312825384014924,0.0,7.948378060637178,0.0,8.165561503005488,0.0,11.632639111125204,0.0,3.8116298167701084,0.0,4.1367482438670695,0.0,0.7118336796645093,0.0,-0.475816515494651,0.0,0.9766208962876751,0.0,""
"2026-09-25 17:21:34","git-master-bddc7a050319718b5e4e0856afec0bc9ea96418f","C:\Users\marco\Desktop\ds004507\derivatives\labels\sub-009\ses-headNormal\anat\sub-009_ses-headNormal_T2w_seg-manual.nii.gz","863","4","",74.89181614302126,0.0,1.2351406499565165,0.0,-4.356374487949998,0.0,8.127987125067111,0.0,8.245444481543085,0.0,11.611113266890612,0.0,3.8733792028241836,0.0,4.254607922242928,0.0,0.7037104769557933,0.0,0.3364598674548325,0.0,0.9759333249497663,0.0,""
"2026-09-25 17:21:34","git-master-bddc7a050319718b5e4e0856afec0bc9ea96418f","C:\Users\marco\Desktop\ds004507\derivatives\labels\sub-009\ses-headNormal\anat\sub-009_ses-headNormal_T2w_seg-manual.nii.gz","864","4","",77.1794605162131,0.0,0.570079053019614,0.0,-4.4018732155493,0.0,8.384102971805293,0.0,8.406095288349803,0.0,11.668082981019648,0.0,4.022710800357926,0.0,4.361392171447368,0.0,0.6934499541892434,0.0,1.1170220069533354,0.0,0.9740000146016943,0.0,""
"2026-09-25 17:21:34","git-master-bddc7a050319718b5e4e0856afec0bc9ea96418f","C:\Users\marco\Desktop\ds004507\derivatives\labels\sub-009\ses-headNormal\anat\sub-009_ses-headNormal_T2w_seg-manual.nii.gz","865","4","",79.02512673355398,0.0,-0.06088246467304641,0.0,-4.44932098096852,0.0,8.452949392800212,0.0,8.468239062076707,0.0,11.852756959551973,0.0,4.14715389980168,0.0,4.305795492998533,0.0,0.6996834551322263,0.0,1.51496015509936,0.0,0.9685741445437017,0.0,""
"2026-09-25 17:21:34","git-master-bddc7a050319718b5e4e0856afec0bc9ea96418f","C:\Users\marco\Desktop\ds004507\derivatives\labels\sub-009\ses-headNormal\anat\sub-009_ses-headNormal_T2w_seg-manual.nii.gz","866","4","",80.11731174548146,0.0,-0.6507219010397214,0.0,-4.499106603629577,0.0,8.541246236918273,0.0,8.549660030056335,0.0,11.96532177940311,0.0,4.136921128012458,0.0,4.404325108905815,0.0,0.6995982171341799,0.0,1.1731598369377498,0.0,0.9580282898070932,0.0,""
"2026-09-25 17:21:34","git-master-bddc7a050319718b5e4e0856afec0bc9ea96418f","C:\Users\marco\Desktop\ds004507\derivatives\labels\sub-009\ses-headNormal\anat\sub-009_ses-headNormal_T2w_seg-manual.nii.gz","867","4","",79.0512861815687,0.0,-1.199280684615456,0.0,-4.551228748694314,0.0,8.524907848639522,0.0,8.537367060448217,0.0,11.854087151624181,0.0,4.063411743680246,0.0,4.461496104959276,0.0,0.6937060004514786,0.0,1.60054182768712,0.0,0.955052460333898,0.0,""
"2026-09-25 17:21:34","git-master-bddc7a050319718b5e4e0856afec0bc9ea96418f","C:\Users\marco\Desktop\ds004507\derivatives\labels\sub-009\ses-headNormal\anat\sub-009_ses-headNormal_T2w_seg-manual.nii.gz","868","4","",79.227802069815,0.0,-1.7133842784344628,0.0,-4.605297036314896,0.0,8.639121860478989,0.0,8.638597968738848,0.0,11.74364643903371,0.0,4.107122576391474,0.0,4.531999284087516,0.0,0.6770305058131144,0.0,2.3530922688123423,0.0,0.9569949250227252,0.0,""
"2026-09-25 17:21:34","git-master-bddc7a050319718b5e4e0856afec0bc9ea96418f","C:\Users\marco\Desktop\ds004507\derivatives\labels\sub-009\ses-headNormal\anat\sub-009_ses-headNormal_T2w_seg-manual.nii.gz","869","4","",79.32038403179493,0.0,-2.1930118378120387,0.0,-4.661310710490133,0.0,8.7701551423098,0.0,8.71863617582819,0.0,11.663318439616555,0.0,4.197523847943615,0.0,4.572631294366184,0.0,0.664172227490471,0.0,1.520853877370445,0.0,0.9583792644289088,0.0,""
"2026-09-25 17:21:34","git-master-bddc7a050319718b5e4e0856afec0bc9ea96418f","C:\Users\marco\Desktop\ds004507\derivatives\labels\sub-009\ses-headNormal\anat\sub-009_ses-headNormal_T2w_seg-manual.nii.gz","870","4","",76.19892515036054,0.0,-2.6381525878827325,0.0,-4.719268997010941,0.0,8.665752338773299,0.0,8.503549753357976,0.0,11.586846304769931,0.0,4.165089368221906,0.0,4.500662970551393,0.0,0.6792609552850429,0.0,-3.642677968409312,0.0,0.9515121219695076,0.0,""
"2026-09-25 17:21:34","git-master-bddc7a050319718b5e4e0856afec0bc9ea96418f","C:\Users\marco\Desktop\ds004507\derivatives\labels\sub-009\ses-headNormal\anat\sub-009_ses-headNormal_T2w_seg-manual.nii.gz","871","3","",76.87754935309732,0.0,-3.1484361336817512,0.0,-4.7972846019581254,0.0,8.728429711445637,0.0,8.586047082599976,0.0,11.470690926490121,0.0,4.216365250898835,0.0,4.512064460546802,0.0,0.6631116726841614,0.0,-3.6912315039125776,0.0,0.9562985224142249,0.0,""
"2026-09-25 17:21:34","git-master-bddc7a050319718b5e4e0856afec0bc9ea96418f","C:\Users\marco\Desktop\ds004507\derivatives\labels\sub-009\ses-headNormal\anat\sub-009_ses-headNormal_T2w_seg-manual.nii.gz","872","3","",77.6553063423591,0.0,-3.484681653839087,0.0,-4.8584176562219135,0.0,8.561028852129695,0.0,8.571229349781824,0.0,11.605600406383903,0.0,4.051551009930796,0.0,4.509477842198899,0.0,0.6741103800171168,0.0,-1.3432667519631485,0.0,0.9497168324384186,0.0,""
"2026-09-25 17:21:34","git-master-bddc7a050319718b5e4e0856afec0bc9ea96418f","C:\Users\marco\Desktop\ds004507\derivatives\labels\sub-009\ses-headNormal\anat\sub-009_ses-headNormal_T2w_seg-manual.nii.gz","873","3","",77.72563183735885,0.0,-3.7900061948504438,0.0,-4.921296846496427,0.0,8.346521713606059,0.0,8.531001116275402,0.0,11.686768792632476,0.0,3.86265707175376,0.0,4.483864641852299,0.0,0.6834170820713977,0.0,-0.32426798698511683,0.0,0.9512568181688915,0.0,""
"2026-09-25 17:21:34","git-master-bddc7a050319718b5e4e0856afec0bc9ea96418f","C:\Users\marco\Desktop\ds004507\derivatives\labels\sub-009\ses-headNormal\anat\sub-009_ses-headNormal_T2w_seg-manual.nii.gz","874","3","",77.88645963408827,0.0,-4.064441921322463,0.0,-4.985921408040811,0.0,8.246482261843045,0.0,8.518645318599281,0.0,11.727989414839428,0.0,3.8095147313189965,0.0,4.436967530524048,0.0,0.6873128915996386,0.0,-0.22670555919238455,0.0,0.9600023398745107,0.0,""
"2026-09-25 17:21:34","git-master-bddc7a050319718b5e4e0856afec0bc9ea96418f","C:\Users\marco\Desktop\ds004507\derivatives\labels\sub-009\ses-headNormal\anat\sub-009_ses-headNormal_T2w_seg-manual.nii.gz","875","3","",78.93572352853904,0.0,-4.308020997861789,0.0,-5.0522905761142125,0.0,8.422484462808967,0.0,8.58744489327204,0.0,11.74305560260835,0.0,4.051955283577776,0.0,4.37052917923119,0.0,0.682078921354474,0.0,-0.643049818798854,0.0,0.9750372578241431,0.0,""
"2026-09-25 17:21:34","git-master-bddc7a050319718b5e4e0856afec0bc9ea96418f","C:\Users\marco\Desktop\ds004507\derivatives\labels\sub-009\ses-headNormal\anat\sub-009_ses-headNormal_T2w_seg-manual.nii.gz","876","3","",78.36609402563111,0.0,-4.5054123368561765,0.0,-5.121274205229427,0.0,8.396649170810537,0.0,8.482187639037827,0.0,11.810389967101733,0.0,3.9669056803219473,0.0,4.429743490488589,0.0,0.6957286648731279,0.0,0.9717615268724915,0.0,0.9735067828895899,0.0,""
"2026-09-25 17:21:34","git-master-bddc7a050319718b5e4e0856afec0bc9ea96418f","C:\Users\marco\Desktop\ds004507\derivatives\labels\sub-009\ses-headNormal\anat\sub-009_ses-headNormal_T2w_seg-manual.nii.gz","877","3","",77.07860036295779,0.0,-4.672071571544627,0.0,-5.191999068121972,0.0,8.331141158626181,0.0,8.504698902277488,0.0,11.62439077180259,0.0,3.978867752656899,0.0,4.3522734059692825,0.0,0.6808415248162937,0.0,-0.5839312650662414,0.0,0.9687682665340793,0.0,""
"2026-09-25 17:21:34","git-master-bddc7a050319718b5e4e0856afec0bc9ea96418f","C:\Users\marco\Desktop\ds004507\derivatives\labels\sub-009\ses-headNormal\anat\sub-009_ses-headNormal_T2w_seg-manual.nii.gz","878","3","",76.33381864078922,0.0,-4.808023760066028,0.0,-5.264464238344764,0.0,8.312818867400335,0.0,8.601674084546136,0.0,11.405957330596221,0.0,4.042340412317149,0.0,4.270478455083186,0.0,0.6566114643177328,0.0,-1.2220113989934092,0.0,0.966039083824937,0.0,""
"2026-09-25 17:21:34","git-master-bddc7a050319718b5e4e0856afec0bc9ea96418f","C:\Users\marco\Desktop\ds004507\derivatives\labels\sub-009\ses-headNormal\anat\sub-009_ses-headNormal_T2w_seg-manual.nii.gz","879","3","",77.39232495939554,0.0,-4.913293960559272,0.0,-5.338668789450718,0.0,8.428540738277428,0.0,8.719808587398882,0.0,11.375988957367928,0.0,4.111822571037216,0.0,4.316718167240213,0.0,0.6422324465112059,0.0,3.1456379207126144,0.0,0.9705366098294884,0.0,""
"2026-09-25 17:21:34","git-master-bddc7a050319718b5e4e0856afec0bc9ea96418f","C:\Users\marco\Desktop\ds004507\derivatives\labels\sub-009\ses-headNormal\anat\sub-009_ses-headNormal_T2w_seg-manual.nii.gz","880","3","",76.29488822587777,0.0,-4.98203972443231,0.0,-5.416326631319676,0.0,8.42070568135901,0.0,8.627379367656168,0.0,11.303004216112937,0.0,4.091260663413018,0.0,4.329445017945993,0.0,0.6460672313706901,0.0,1.9277080669047766,0.0,0.9720663656671056,0.0,""
"2026-09-25 17:21:34","git-master-bddc7a050319718b5e4e0856afec0bc9ea96418f","C:\Users\marco\Desktop\ds004507\derivatives\labels\sub-009\ses-headNormal\anat\sub-009_ses-headNormal_T2w_seg-manual.nii.gz","881","3","",75.37925606263046,0.0,-5.032749998293018,0.0,-5.496848541039383,0.0,8.407444181266362,0.0,8.517765839452574,0.0,11.301338395076014,0.0,4.077867295458946,0.0,4.329576885807417,0.0,0.6570776373471017,0.0,2.4035783939553426,0.0,0.9769971563728218,0.0,""
"2026-09-25 17:21:34","git-master-bddc7a050319718b5e4e0856afec0bc9ea96418f","C:\Users\marco\Desktop\ds004507\derivatives\labels\sub-009\ses-headNormal\anat\sub-009_ses-headNormal_T2w_seg-manual.nii.gz","882","3","",74.10587005304335,0.0,-5.0654293608194125,0.0,-5.580232737588959,0.0,8.383620753479303,0.0,8.418416455381907,0.0,11.252129094996846,0.0,4.070171970245835,0.0,4.313448783233468,0.0,0.6634049140724063,0.0,4.067564962569489,0.0,0.9817437188261859,0.0,""
"2026-09-25 17:21:34","git-master-bddc7a050319718b5e4e0856afec0bc9ea96418f","C:\Users\marco\Desktop\ds004507\derivatives\labels\sub-009\ses-headNormal\anat\sub-009_ses-headNormal_T2w_seg-manual.nii.gz","883","3","",71.9351717805062,0.0,-5.080082390689511,0.0,-5.666477439947527,0.0,8.344099913477647,0.0,8.356779668037975,0.0,11.036513916615121,0.0,4.066704190844521,0.0,4.277395722633126,0.0,0.65319031117857,0.0,6.413983833452401,0.0,0.9827207899067472,0.0,""
"2026-09-25 17:21:34","git-master-bddc7a050319718b5e4e0856afec0bc9ea96418f","C:\Users\marco\Desktop\ds004507\derivatives\labels\sub-009\ses-headNormal\anat\sub-009_ses-headNormal_T2w_seg-manual.nii.gz","884","3","",72.46440696840638,0.0,-5.0677008087933935,0.0,-5.757007112579026,0.0,8.304976470244338,0.0,8.350073540094892,0.0,11.089760034522469,0.0,4.028450953040663,0.0,4.276525517203675,0.0,0.6580554474167448,0.0,1.543991641819776,0.0,0.9816482018150816,0.0,""
"2026-09-25 17:21:34","git-master-bddc7a050319718b5e4e0856afec0bc9ea96418f","C:\Users\marco\Desktop\ds004507\derivatives\labels\sub-009\ses-headNormal\anat\sub-009_ses-headNormal_T2w_seg-manual.nii.gz","885","3","",73.52060706636831,0.0,-5.037293397950634,0.0,-5.850389259804472,0.0,8.417110251989035,0.0,8.511466843185477,0.0,11.04255381432047,0.0,4.10325525562556,0.0,4.313854996363475,0.0,0.6362280486234081,0.0,-0.9121881944571012,0.0,0.966108595011539,0.0,""
"2026-09-25 17:21:34","git-master-bddc7a050319718b5e4e0856afec0bc9ea96418f","C:\Users\marco\Desktop\ds004507\derivatives\labels\sub-009\ses-headNormal\anat\sub-009_ses-headNormal_T2w_seg-manual.nii.gz","886","3","",74.77375819836217,0.0,-4.988855822547996,0.0,-5.946621630311036,0.0,8.56646697084569,0.0,8.685902132412105,0.0,11.019560203654294,0.0,4.196447970076467,0.0,4.370019000769223,0.0,0.6153310438440839,0.0,0.6719570742477072,0.0,0.9551920824143428,0.0,""
"2026-09-25 17:21:34","git-master-bddc7a050319718b5e4e0856afec0bc9ea96418f","C:\Users\marco\Desktop\ds004507\derivatives\labels\sub-009\ses-headNormal\anat\sub-009_ses-headNormal_T2w_seg-manual.nii.gz","887","3","",75.89384648835816,0.0,-4.922383746972243,0.0,-6.045701972785889,0.0,8.639012338948252,0.0,8.718321962877152,0.0,11.145444150169098,0.0,4.213359967870639,0.0,4.425652371077613,0.0,0.622987362124296,0.0,7.922940197560137,0.0,0.9679887769417166,0.0,""
"2026-09-25 17:21:34","git-master-bddc7a050319718b5e4e0856afec0bc9ea96418f","C:\Users\marco\Desktop\ds004507\derivatives\labels\sub-009\ses-headNormal\anat\sub-009_ses-headNormal_T2w_seg-manual.nii.gz","888","3","",76.68925871604611,0.0,-4.828838497211146,0.0,-6.149046997083756,0.0,8.729982708452352,0.0,8.76030072267312,0.0,11.207629274228813,0.0,4.298962852230022,0.0,4.4310198562223295,0.0,0.6237316439668062,0.0,3.8792294065259867,0.0,0.9732851881564019,0.0,""
"2026-09-25 17:21:34","git-master-bddc7a050319718b5e4e0856afec0bc9ea96418f","C:\Users\marco\Desktop\ds004507\derivatives\labels\sub-009\ses-headNormal\anat\sub-009_ses-headNormal_T2w_seg-manual.nii.gz","889","3","",75.84870911596856,0.0,-4.71722508705965,0.0,-6.255229925303962,0.0,8.708718675843896,0.0,8.691424913468753,0.0,11.173027530182354,0.0,4.315454350807589,0.0,4.393264325036307,0.0,0.6283924472005813,0.0,2.09932549898522,0.0,0.9694561501376437,0.0,""
"2026-09-25 17:21:34","git-master-bddc7a050319718b5e4e0856afec0bc9ea96418f","C:\Users\marco\Desktop\ds004507\derivatives\labels\sub-009\ses-headNormal\anat\sub-009_ses-headNormal_T2w_seg-manual.nii.gz","890","3","",74.74263000088585,0.0,-4.587531645064393,0.0,-6.364247956007959,0.0,8.660599703002552,0.0,8.585679560984621,0.0,11.156280021395622,0.0,4.294816845830992,0.0,4.36578285717156,0.0,0.6383646144111073,0.0,0.8906241886184469,0.0,0.9649175078812378,0.0,""
"2026-09-25 17:21:34","git-master-bddc7a050319718b5e4e0856afec0bc9ea96418f","C:\Users\marco\Desktop\ds004507\derivatives\labels\sub-009\ses-headNormal\anat\sub-009_ses-headNormal_T2w_seg-manual.nii.gz","891","3","",74.74145368355835,0.0,-4.439746299772013,0.0,-6.476098287757197,0.0,8.671005251807983,0.0,8.517049690941292,0.0,11.272027851234515,0.0,4.269032719527878,0.0,4.401972532280104,0.0,0.6550429881838701,0.0,-1.4394788108937009,0.0,0.9680851063829787,0.0,""
"2026-09-25 17:21:34","git-master-bddc7a050319718b5e4e0856afec0bc9ea96418f","C:\Users\marco\Desktop\ds004507\derivatives\labels\sub-009\ses-headNormal\anat\sub-009_ses-headNormal_T2w_seg-manual.nii.gz","892","3","",76.358296597952,0.0,-4.264782356095812,0.0,-6.592188058910372,0.0,8.547732914680127,0.0,8.54184187498752,0.0,11.475720420756957,0.0,4.191974439191027,0.0,4.3557584754890994,0.0,0.6676557320720398,0.0,0.23243253164998467,0.0,0.9609506501919513,0.0,""
"2026-09-25 17:21:34","git-master-bddc7a050319718b5e4e0856afec0bc9ea96418f","C:\Users\marco\Desktop\ds004507\derivatives\labels\sub-009\ses-headNormal\anat\sub-009_ses-headNormal_T2w_seg-manual.nii.gz","893","3","",76.35840039127088,0.0,-4.07166993079621,0.0,-6.711097689435281,0.0,8.44397878534062,0.0,8.569023196516483,0.0,11.447115298770404,0.0,4.1403076733521065,0.0,4.303671111988514,0.0,0.662865579304316,0.0,0.5419006341931785,0.0,0.95840296830704,0.0,""
"2026-09-25 17:21:34","git-master-bddc7a050319718b5e4e0856afec0bc9ea96418f","C:\Users\marco\Desktop\ds004507\derivatives\labels\sub-009\ses-headNormal\anat\sub-009_ses-headNormal_T2w_seg-manual.nii.gz","894","3","",76.27560170595278,0.0,-3.8603938835172955,0.0,-6.832823739439467,0.0,8.344531294065794,0.0,8.552325887218108,0.0,11.441764443808049,0.0,4.105595544173888,0.0,4.238935749891905,0.0,0.663663597374341,0.0,-0.8193525771710484,0.0,0.9625621471779404,0.0,""
"2026-09-25 17:21:34","git-master-bddc7a050319718b5e4e0856afec0bc9ea96418f","C:\Users\marco\Desktop\ds004507\derivatives\labels\sub-009\ses-headNormal\anat\sub-009_ses-headNormal_T2w_seg-manual.nii.gz","895","3","",77.64373718443551,0.0,-3.6309390739031584,0.0,-6.957362769030473,0.0,8.234178871131974,0.0,8.44548217878233,0.0,11.715219814403081,0.0,4.079401173819143,0.0,4.15477769731283,0.0,0.6930408537757566,0.0,-4.1596051763496105,0.0,0.9755482732543483,0.0,""
"2026-09-25 17:21:34","git-master-bddc7a050319718b5e4e0856afec0bc9ea96418f","C:\Users\marco\Desktop\ds004507\derivatives\labels\sub-009\ses-headNormal\anat\sub-009_ses-headNormal_T2w_seg-manual.nii.gz","896","3","",75.75602094774575,0.0,-3.374171826785734,0.0,-7.086110247081153,0.0,8.340797756727193,0.0,8.423338533176654,0.0,11.455164258553713,0.0,4.04468399860083,0.0,4.296113758126363,0.0,0.6774769895828022,0.0,-0.9345604575941757,0.0,0.970677175784777,0.0,""
"2026-09-25 17:21:34","git-master-bddc7a050319718b5e4e0856afec0bc9ea96418f","C:\Users\marco\Desktop\ds004507\derivatives\labels\sub-009\ses-headNormal\anat\sub-009_ses-headNormal_T2w_seg-manual.nii.gz","897","3","",78.3454118720951,0.0,-3.09916935610772,0.0,-7.217655520915143,0.0,8.665298258488178,0.0,8.62960884958371,0.0,11.55632245977192,0.0,4.212101726342572,0.0,4.453196532145608,0.0,0.6651594770542925,0.0,1.0303651674131835,0.0,0.9729100295143193,0.0,""
"2026-09-25 17:21:34","git-master-bddc7a050319718b5e4e0856afec0bc9ea96418f","C:\Users\marco\Desktop\ds004507\derivatives\labels\sub-009\ses-headNormal\anat\sub-009_ses-headNormal_T2w_seg-manual.nii.gz","898","3","",81.38237157781793,0.0,-2.8174722328322446,0.0,-7.350416730782179,0.0,8.954970968075596,0.0,8.835045285269965,0.0,11.722500275203785,0.0,4.4053278853480355,0.0,4.5496430827275605,0.0,0.6572315184937279,0.0,1.7889268613266796,0.0,0.9752211055449929,0.0,""
"2026-09-25 17:21:34","git-master-bddc7a050319718b5e4e0856afec0bc9ea96418f","C:\Users\marco\Desktop\ds004507\derivatives\labels\sub-009\ses-headNormal\anat\sub-009_ses-headNormal_T2w_seg-manual.nii.gz","899","3","",80.83736168524871,0.0,-2.5406210279224357,0.0,-7.482812016931998,0.0,8.957106477150107,0.0,8.810399997501895,0.0,11.657503561995398,0.0,4.4480360039208895,0.0,4.509070473229218,0.0,0.6548363162046088,0.0,1.3948797868005314,0.0,0.9705846749788162,0.0,""
"2026-09-25 17:21:34","git-master-bddc7a050319718b5e4e0856afec0bc9ea96418f","C:\Users\marco\Desktop\ds004507\derivatives\labels\sub-009\ses-headNormal\anat\sub-009_ses-headNormal_T2w_seg-manual.nii.gz","900","3","",79.480015889536,0.0,-2.3057459911722598,0.0,-7.609927758220519,0.0,8.881221794791509,0.0,8.697044638460195,0.0,11.65400238017132,0.0,4.335619394855641,0.0,4.545602399935868,0.0,0.6655916822748144,0.0,3.862583602775566,0.0,0.9686972105397971,0.0,""
"2026-09-25 17:21:34","git-master-bddc7a050319718b5e4e0856afec0bc9ea96418f","C:\Users\marco\Desktop\ds004507\derivatives\labels\sub-009\ses-headNormal\anat\sub-009_ses-headNormal_T2w_seg-manual.nii.gz","901","3","",79.19811920489376,0.0,-2.0989031599951424,0.0,-7.733530528921389,0.0,8.871367948065522,0.0,8.725196702083448,0.0,11.594886067384284,0.0,4.366294068068349,0.0,4.5050738799971715,0.0,0.658377523690715,0.0,5.987584639498377,0.0,0.9735838670916912,0.0,""
"2026-09-25 17:21:34","git-master-bddc7a050319718b5e4e0856afec0bc9ea96418f","C:\Users\marco\Desktop\ds004507\derivatives\labels\sub-009\ses-headNormal\anat\sub-009_ses-headNormal_T2w_seg-manual.nii.gz","902","3","",79.5428353674935,0.0,-1.9201091561550037,0.0,-7.853623692280318,0.0,8.886522254849064,0.0,8.790366558826648,0.0,11.566273387346328,0.0,4.453180806556072,0.0,4.433341448292992,0.0,0.6498841839268529,0.0,6.881233201693247,0.0,0.9760085619149005,0.0,""
"2026-09-25 17:21:34","git-master-bddc7a050319718b5e4e0856afec0bc9ea96418f","C:\Users\marco\Desktop\ds004507\derivatives\labels\sub-009\ses-headNormal\anat\sub-009_ses-headNormal_T2w_seg-manual.nii.gz","903","3","",80.0653281135068,0.0,-1.7693806014157636,0.0,-7.970210611543015,0.0,8.885662033019058,0.0,8.788064579144786,0.0,11.654283103769494,0.0,4.509400393315866,0.0,4.376261639703191,0.0,0.6568020064577703,0.0,5.654879594084479,0.0,0.9667352122898271,0.0,""
"2026-09-25 17:21:34","git-master-bddc7a050319718b5e4e0856afec0bc9ea96418f","C:\Users\marco\Desktop\ds004507\derivatives\labels\sub-009\ses-headNormal\anat\sub-009_ses-headNormal_T2w_seg-manual.nii.gz","904","3","",81.27084009748006,0.0,-1.6607833109647283,0.0,-8.081548201536853,0.0,9.056846906376801,0.0,8.895985604266466,0.0,11.658791372146819,0.0,4.592808329983384,0.0,4.464038576393417,0.0,0.6463175954424064,0.0,2.1488066527305385,0.0,0.9588486847954178,0.0,""
"2026-09-25 17:21:34","git-master-bddc7a050319718b5e4e0856afec0bc9ea96418f","C:\Users\marco\Desktop\ds004507\derivatives\labels\sub-009\ses-headNormal\anat\sub-009_ses-headNormal_T2w_seg-manual.nii.gz","905","3","",82.20155200652468,0.0,-1.5802872867443662,0.0,-8.189392860761522,0.0,9.125884866168553,0.0,8.99566135235638,0.0,11.689680438232603,0.0,4.584748558108906,0.0,4.541136308059646,0.0,0.6385871206886263,0.0,2.143411491547112,0.0,0.9515657951068551,0.0,""
"2026-09-25 17:21:34","git-master-bddc7a050319718b5e4e0856afec0bc9ea96418f","C:\Users\marco\Desktop\ds004507\derivatives\labels\sub-009\ses-headNormal\anat\sub-009_ses-headNormal_T2w_seg-manual.nii.gz","906","3","",82.9417332585152,0.0,-1.5278962955535205,0.0,-8.293747849594947,0.0,9.096602533687056,0.0,9.046371879405752,0.0,11.756588083943122,0.0,4.515097615522208,0.0,4.581504918164848,0.0,0.6385678925332923,0.0,3.2847400536639495,0.0,0.9511966004291986,0.0,""
"2026-09-25 17:21:34","git-master-bddc7a050319718b5e4e0856afec0bc9ea96418f","C:\Users\marco\Desktop\ds004507\derivatives\labels\sub-009\ses-headNormal\anat\sub-009_ses-headNormal_T2w_seg-manual.nii.gz","907","3","",83.57565327132613,0.0,-1.503614104191035,0.0,-8.394616428415045,0.0,8.972826530225053,0.0,9.007397241405812,0.0,11.86915209119465,0.0,4.413732040053065,0.0,4.559094490171988,0.0,0.6512172213132666,0.0,3.21883828221089,0.0,0.9640511579675077,0.0,""
"2026-09-25 17:21:34","git-master-bddc7a050319718b5e4e0856afec0bc9ea96418f","C:\Users\marco\Desktop\ds004507\derivatives\labels\sub-009\ses-headNormal\anat\sub-009_ses-headNormal_T2w_seg-manual.nii.gz","908","2","",82.54729705242175,0.0,-1.5274606201076582,0.0,-8.522147824901772,0.0,8.985706183104012,0.0,9.014043274526042,0.0,11.725064254367224,0.0,4.40105048841833,0.0,4.584655694685682,0.0,0.6395083796824318,0.0,5.144486854471178,0.0,0.9658958187339407,0.0,""
"2026-09-25 17:21:34","git-master-bddc7a050319718b5e4e0856afec0bc9ea96418f","C:\Users\marco\Desktop\ds004507\derivatives\labels\sub-009\ses-headNormal\anat\sub-009_ses-headNormal_T2w_seg-manual.nii.gz","909","2","",82.85182689929036,0.0,-1.5941818662807588,0.0,-8.62263433479809,0.0,8.849336439896799,0.0,8.835808022049529,0.0,12.104115242703195,0.0,4.388245707512648,0.0,4.461090732384151,0.0,0.6827153776561373,0.0,6.238680941248247,0.0,0.9613582017197022,0.0,""
"2026-09-25 17:21:34","git-master-bddc7a050319718b5e4e0856afec0bc9ea96418f","C:\Users\marco\Desktop\ds004507\derivatives\labels\sub-009\ses-headNormal\anat\sub-009_ses-headNormal_T2w_seg-manual.nii.gz","910","2","",80.4927706308798,0.0,-1.6983734710169216,0.0,-8.718497176705677,0.0,8.826611968235332,0.0,8.777368153550631,0.0,11.799483455017482,0.0,4.378398284750805,0.0,4.448213683484528,0.0,0.66753740700208,0.0,6.365833412684426,0.0,0.9595123138185576,0.0,""
"2026-09-25 17:21:34","git-master-bddc7a050319718b5e4e0856afec0bc9ea96418f","C:\Users\marco\Desktop\ds004507\derivatives\labels\sub-009\ses-headNormal\anat\sub-009_ses-headNormal_T2w_seg-manual.nii.gz","911","2","",78.68953172026995,0.0,-1.840022735796377,0.0,-8.809742179280285,0.0,8.784785553003426,0.0,8.737367931957246,0.0,11.571685158437354,0.0,4.355337742035722,0.0,4.429447810967703,0.0,0.6556506643842195,0.0,5.524480221102686,0.0,0.9530435099268881,0.0,""
"2026-09-25 17:21:34","git-master-bddc7a050319718b5e4e0856afec0bc9ea96418f","C:\Users\marco\Desktop\ds004507\derivatives\labels\sub-009\ses-headNormal\anat\sub-009_ses-headNormal_T2w_seg-manual.nii.gz","912","2","",77.72110357417688,0.0,-2.01911167113251,0.0,-8.896375013622329,0.0,8.745147987973889,0.0,8.714368564352027,0.0,11.47744673267635,0.0,4.284415877637724,0.0,4.460732110336165,0.0,0.6506718125992257,0.0,4.960025494509014,0.0,0.9537505271856093,0.0,""
"2026-09-25 17:21:34","git-master-bddc7a050319718b5e4e0856afec0bc9ea96418f","C:\Users\marco\Desktop\ds004507\derivatives\labels\sub-009\ses-headNormal\anat\sub-009_ses-headNormal_T2w_seg-manual.nii.gz","913","2","",76.90496419618081,0.0,-2.235616076975232,0.0,-8.978401185919603,0.0,8.773256184050323,0.0,8.735604904155089,0.0,11.34733927291475,0.0,4.191702909385762,0.0,4.581553274664563,0.0,0.6381816103615249,0.0,5.170096421589791,0.0,0.9669270163313879,0.0,""
"2026-09-25 17:21:34","git-master-bddc7a050319718b5e4e0856afec0bc9ea96418f","C:\Users\marco\Desktop\ds004507\derivatives\labels\sub-009\ses-headNormal\anat\sub-009_ses-headNormal_T2w_seg-manual.nii.gz","914","2","",76.57597084995443,0.0,-2.4895046231143447,0.0,-9.055826030090003,0.0,8.869161277508926,0.0,8.785742153306726,0.0,11.263413192680057,0.0,4.243183617858641,0.0,4.625977659650286,0.0,0.6257485420883442,0.0,3.9098981367091863,0.0,0.9657430730478589,0.0,""
"2026-09-25 17:21:34","git-master-bddc7a050319718b5e4e0856afec0bc9ea96418f","C:\Users\marco\Desktop\ds004507\derivatives\labels\sub-009\ses-headNormal\anat\sub-009_ses-headNormal_T2w_seg-manual.nii.gz","915","2","",75.37205761736325,0.0,-2.79004738831367,0.0,-9.127507639125998,0.0,8.456864711326235,0.0,8.500249766169413,0.0,11.368346028659252,0.0,4.2201864910104,0.0,4.236678220315834,0.0,0.6635836309345553,0.0,3.6633780232002744,0.0,0.9837669657394945,0.0,""
"2026-09-25 17:21:34","git-master-bddc7a050319718b5e4e0856afec0bc9ea96418f","C:\Users\marco\Desktop\ds004507\derivatives\labels\sub-009\ses-headNormal\anat\sub-009_ses-headNormal_T2w_seg-manual.nii.gz","916","2","",75.103233569938,0.0,-3.0883763592108995,0.0,-9.194601002930941,0.0,8.268570607394425,0.0,8.22900225629138,0.0,11.626839249934646,0.0,4.164013285694129,0.0,4.104557321700295,0.0,0.7053093136638969,0.0,3.5348461724631663,0.0,0.9720056796679261,0.0,""
"2026-09-25 17:21:34","git-master-bddc7a050319718b5e4e0856afec0bc9ea96418f","C:\Users\marco\Desktop\ds004507\derivatives\labels\sub-009\ses-headNormal\anat\sub-009_ses-headNormal_T2w_seg-manual.nii.gz","917","2","",74.87761192408753,0.0,-3.3549100819279327,0.0,-9.257110563368496,0.0,8.42202068644129,0.0,8.343116628987687,0.0,11.436364582373503,0.0,4.128920691337438,0.0,4.2930999951038515,0.0,0.6804108269999454,0.0,5.1570659680515805,0.0,0.9600106475707357,0.0,""
"2026-09-25 17:21:34","git-master-bddc7a050319718b5e4e0856afec0bc9ea96418f","C:\Users\marco\Desktop\ds004507\derivatives\labels\sub-009\ses-headNormal\anat\sub-009_ses-headNormal_T2w_seg-manual.nii.gz","918","2","",74.30661825749783,0.0,-3.579820133654777,0.0,-9.315040541476288,0.0,8.550363011874554,0.0,8.54509283996158,0.0,11.11287483259804,0.0,4.104605556541377,0.0,4.445757455333176,0.0,0.6393255853767508,0.0,6.582039592753989,0.0,0.9653300024132434,0.0,""
"2026-09-25 17:21:34","git-master-bddc7a050319718b5e4e0856afec0bc9ea96418f","C:\Users\marco\Desktop\ds004507\derivatives\labels\sub-009\ses-headNormal\anat\sub-009_ses-headNormal_T2w_seg-manual.nii.gz","919","2","",73.52375709890161,0.0,-3.763153144299776,0.0,-9.368394932639593,0.0,8.379844283750984,0.0,8.48329180615712,0.0,11.100863873826992,0.0,4.0716505960129625,0.0,4.308193687738022,0.0,0.6448550734140724,0.0,6.583354709166608,0.0,0.981727970834953,0.0,""
"2026-09-25 17:21:34","git-master-bddc7a050319718b5e4e0856afec0bc9ea96418f","C:\Users\marco\Desktop\ds004507\derivatives\labels\sub-009\ses-headNormal\anat\sub-009_ses-headNormal_T2w_seg-manual.nii.gz","920","2","",73.2033785178478,0.0,-3.904952818139849,0.0,-9.417177501765048,0.0,8.307502132745512,0.0,8.366413416611806,0.0,11.183426631717182,0.0,4.056970097497689,0.0,4.250532035247823,0.0,0.6635767383926128,0.0,8.95853114026637,0.0,0.9674042665959984,0.0,""
"2026-09-25 17:21:34","git-master-bddc7a050319718b5e4e0856afec0bc9ea96418f","C:\Users\marco\Desktop\ds004507\derivatives\labels\sub-009\ses-headNormal\anat\sub-009_ses-headNormal_T2w_seg-manual.nii.gz","921","2","",77.05338119054008,0.0,-3.994894518961765,0.0,-9.460250970265337,0.0,8.388892107660736,0.0,8.417870522093844,0.0,11.648201578866612,0.0,4.2045151806889,0.0,4.184376926971836,0.0,0.6907775908002176,0.0,7.270912710699644,0.0,0.977243678099798,0.0,""
"2026-09-25 17:21:34","git-master-bddc7a050319718b5e4e0856afec0bc9ea96418f","C:\Users\marco\Desktop\ds004507\derivatives\labels\sub-009\ses-headNormal\anat\sub-009_ses-headNormal_T2w_seg-manual.nii.gz","922","2","",74.00609013879274,0.0,-4.043381508325714,0.0,-9.498761205981282,0.0,8.401213909210616,0.0,8.360588597970425,0.0,11.228271217802554,0.0,4.213412628927031,0.0,4.187801280283585,0.0,0.6661907907034551,0.0,8.435269125930752,0.0,0.9803538100104691,0.0,""
"2026-09-25 17:21:34","git-master-bddc7a050319718b5e4e0856afec0bc9ea96418f","C:\Users\marco\Desktop\ds004507\derivatives\labels\sub-009\ses-headNormal\anat\sub-009_ses-headNormal_T2w_seg-manual.nii.gz","923","2","",72.43816329466907,0.0,-4.05042418336489,0.0,-9.532710864123223,0.0,8.531351427533245,0.0,8.34939209463893,0.0,11.048988412431557,0.0,4.188580230613049,0.0,4.3427711969201965,0.0,0.6549075900651542,0.0,8.655874360258235,0.0,0.9769708322215278,0.0,""
"2026-09-25 17:21:34","git-master-bddc7a050319718b5e4e0856afec0bc9ea96418f","C:\Users\marco\Desktop\ds004507\derivatives\labels\sub-009\ses-headNormal\anat\sub-009_ses-headNormal_T2w_seg-manual.nii.gz","924","2","",72.65995597330654,0.0,-4.016023507890906,0.0,-9.56210234030092,0.0,8.616305042894274,0.0,8.34365508054119,0.0,11.129321060729003,0.0,4.218101967006112,0.0,4.39820307588816,0.0,0.661749616895455,0.0,7.144553225971626,0.0,0.9715762140305287,0.0,""
"2026-09-25 17:21:34","git-master-bddc7a050319718b5e4e0856afec0bc9ea96418f","C:\Users\marco\Desktop\ds004507\derivatives\labels\sub-009\ses-headNormal\anat\sub-009_ses-headNormal_T2w_seg-manual.nii.gz","925","2","",72.72053755123684,0.0,-3.9401711076526653,0.0,-9.586937768038966,0.0,8.551127062132892,0.0,8.317785075577456,0.0,11.135579947330228,0.0,4.298246637126422,0.0,4.252880425006471,0.0,0.6648071198959177,0.0,5.200231438791981,0.0,0.9687050056925424,0.0,""
"2026-09-25 17:21:34","git-master-bddc7a050319718b5e4e0856afec0bc9ea96418f","C:\Users\marco\Desktop\ds004507\derivatives\labels\sub-009\ses-headNormal\anat\sub-009_ses-headNormal_T2w_seg-manual.nii.gz","926","2","",74.21270814470577,0.0,-3.8228493655952387,0.0,-9.607219016292193,0.0,8.696857155107821,0.0,8.471706884520358,0.0,11.135146596121624,0.0,4.2584864826580615,0.0,4.438370672449761,0.0,0.64897721310363,0.0,5.288485683312458,0.0,0.9687541199736321,0.0,""
"2026-09-25 17:21:34","git-master-bddc7a050319718b5e4e0856afec0bc9ea96418f","C:\Users\marco\Desktop\ds004507\derivatives\labels\sub-009\ses-headNormal\anat\sub-009_ses-headNormal_T2w_seg-manual.nii.gz","927","2","",72.73660234305721,0.0,-3.65364076123231,0.0,-9.621809983529303,0.0,8.769948939422449,0.0,8.63428312907109,0.0,10.750442163374238,0.0,4.209726887228621,0.0,4.560222052193828,0.0,0.5945532591707989,0.0,5.812269767391391,0.0,0.9776605176130322,0.0,""
"2026-09-25 17:21:34","git-master-bddc7a050319718b5e4e0856afec0bc9ea96418f","C:\Users\marco\Desktop\ds004507\derivatives\labels\sub-009\ses-headNormal\anat\sub-009_ses-headNormal_T2w_seg-manual.nii.gz","928","2","",74.35727767286804,0.0,-3.4428691443495296,0.0,-9.631850137025044,0.0,8.797275655216502,0.0,8.593276160784608,0.0,11.001145091498344,0.0,4.276649139351277,0.0,4.520626515865225,0.0,0.6228210660929592,0.0,7.887852616108042,0.0,0.9777350322533283,0.0,""
"2026-09-25 17:21:34","git-master-bddc7a050319718b5e4e0856afec0bc9ea96418f","C:\Users\marco\Desktop\ds004507\derivatives\labels\sub-009\ses-headNormal\anat\sub-009_ses-headNormal_T2w_seg-manual.nii.gz","929","2","",76.57653911824488,0.0,-3.190487911221046,0.0,-9.637340123971702,0.0,8.794395522968697,0.0,8.606059677352794,0.0,11.274631003130578,0.0,4.338601617479248,0.0,4.45579390548945,0.0,0.6459783151588492,0.0,8.21122040004537,0.0,0.9810595668816616,0.0,""
"2026-09-25 17:21:34","git-master-bddc7a050319718b5e4e0856afec0bc9ea96418f","C:\Users\marco\Desktop\ds004507\derivatives\labels\sub-009\ses-headNormal\anat\sub-009_ses-headNormal_T2w_seg-manual.nii.gz","930","2","",78.08483750836437,0.0,-2.8964492784715645,0.0,-9.638280316101449,0.0,8.820775298895619,0.0,8.648774519412283,0.0,11.42142848461004,0.0,4.3804930799787964,0.0,4.440282218916822,0.0,0.6530792947609956,0.0,9.977051470819639,0.0,0.9858695752897857,0.0,""
"2026-09-25 17:21:34","git-master-bddc7a050319718b5e4e0856afec0bc9ea96418f","C:\Users\marco\Desktop\ds004507\derivatives\labels\sub-009\ses-headNormal\anat\sub-009_ses-headNormal_T2w_seg-manual.nii.gz","931","2","",78.76147447962171,0.0,-2.570462870681662,0.0,-9.635574371530268,0.0,8.891044193337052,0.0,8.649632746032168,0.0,11.49717011351621,0.0,4.435465246784943,0.0,4.455578946552108,0.0,0.6587786163904067,0.0,14.070825507991737,0.0,0.98455687153256,0.0,""
"2026-09-25 17:21:34","git-master-bddc7a050319718b5e4e0856afec0bc9ea96418f","C:\Users\marco\Desktop\ds004507\derivatives\labels\sub-009\ses-headNormal\anat\sub-009_ses-headNormal_T2w_seg-manual.nii.gz","932","2","",79.67480743777924,0.0,-2.2417543079930997,0.0,-9.631932796601868,0.0,8.886247789141319,0.0,8.722221710201707,0.0,11.504543486206849,0.0,4.527565381057162,0.0,4.358682408084156,0.0,0.6520749306312662,0.0,10.260932665978682,0.0,0.9716724393864423,0.0,""
"2026-09-25 17:21:34","git-master-bddc7a050319718b5e4e0856afec0bc9ea96418f","C:\Users\marco\Desktop\ds004507\derivatives\labels\sub-009\ses-headNormal\anat\sub-009_ses-headNormal_T2w_seg-manual.nii.gz","933","2","",81.3429571564833,0.0,-1.9584722865737259,0.0,-9.631639412815977,0.0,9.239863080350556,0.0,8.989848854960211,0.0,11.447649821034894,0.0,4.668878135018163,0.0,4.570984945332393,0.0,0.6187817272130823,0.0,8.467714595770053,0.0,0.967003152482368,0.0,""
"2026-09-25 17:21:34","git-master-bddc7a050319718b5e4e0856afec0bc9ea96418f","C:\Users\marco\Desktop\ds004507\derivatives\labels\sub-009\ses-headNormal\anat\sub-009_ses-headNormal_T2w_seg-manual.nii.gz","934","2","",78.9501156893624,0.0,-1.711594971023081,0.0,-9.634024598706493,0.0,8.71438017870716,0.0,8.687208685985011,0.0,11.490587969450687,0.0,4.3734735638737705,0.0,4.340906614833388,0.0,0.6533359400761952,0.0,7.682860297629355,0.0,0.9705279133697187,0.0,""
"2026-09-25 17:21:34","git-master-bddc7a050319718b5e4e0856afec0bc9ea96418f","C:\Users\marco\Desktop\ds004507\derivatives\labels\sub-009\ses-headNormal\anat\sub-009_ses-headNormal_T2w_seg-manual.nii.gz","935","2","",76.33833806541006,0.0,-1.5011549173503584,0.0,-9.639088223335596,0.0,8.414674750160575,0.0,8.472531169953502,0.0,11.37715785358559,0.0,4.2269911741123485,0.0,4.187683576048228,0.0,0.6672602511345322,0.0,9.514343961736166,0.0,0.9767391024707044,0.0,""
"2026-09-25 17:21:34","git-master-bddc7a050319718b5e4e0856afec0bc9ea96418f","C:\Users\marco\Desktop\ds004507\derivatives\labels\sub-009\ses-headNormal\anat\sub-009_ses-headNormal_T2w_seg-manual.nii.gz","936","2","",74.97168835677799,0.0,-1.3271772251316645,0.0,-9.646830059927748,0.0,8.412447686277694,0.0,8.407022224856084,0.0,11.26421924048688,0.0,4.235088926690572,0.0,4.177358759587123,0.0,0.6654674153716942,0.0,10.951549477639505,0.0,0.9795605367457102,0.0,""
"2026-09-25 17:21:34","git-master-bddc7a050319718b5e4e0856afec0bc9ea96418f","C:\Users\marco\Desktop\ds004507\derivatives\labels\sub-009\ses-headNormal\anat\sub-009_ses-headNormal_T2w_seg-manual.nii.gz","937","2","",75.02875738194551,0.0,-1.1896805835634219,0.0,-9.657249785697237,0.0,8.489321045000036,0.0,8.408392470200729,0.0,11.281076078666825,0.0,4.252220058256077,0.0,4.237100986743958,0.0,0.6659613154087229,0.0,9.792443633633388,0.0,0.9774625366330691,0.0,""
"2026-09-25 17:21:34","git-master-bddc7a050319718b5e4e0856afec0bc9ea96418f","C:\Users\marco\Desktop\ds004507\derivatives\labels\sub-009\ses-headNormal\anat\sub-009_ses-headNormal_T2w_seg-manual.nii.gz","938","2","",76.49518040888877,0.0,-1.0886783175157728,0.0,-9.67034698167572,0.0,8.879933991400922,0.0,8.70438597721755,0.0,11.088860834651769,0.0,4.410409902370102,0.0,4.469524089030819,0.0,0.6195380160718729,0.0,10.070749316132211,0.0,0.978576992988834,0.0,""
"2026-09-25 17:21:34","git-master-bddc7a050319718b5e4e0856afec0bc9ea96418f","C:\Users\marco\Desktop\ds004507\derivatives\labels\sub-009\ses-headNormal\anat\sub-009_ses-headNormal_T2w_seg-manual.nii.gz","939","1","",73.27513861731464,0.0,-1.022232520008641,0.0,-9.690078694104367,0.0,8.722581465936752,0.0,8.595899216445323,0.0,10.737839754299245,0.0,4.381133163888717,0.0,4.341448302048036,0.0,0.5993005993503027,0.0,15.222672609827885,0.0,0.9772634997969956,0.0,""
"2026-09-25 17:21:34","git-master-bddc7a050319718b5e4e0856afec0bc9ea96418f","C:\Users\marco\Desktop\ds004507\derivatives\labels\sub-009\ses-headNormal\anat\sub-009_ses-headNormal_T2w_seg-manual.nii.gz","940","1","",71.5720963859264,0.0,-1.0152236230511595,0.0,-9.70432591573791,0.0,8.44810320337335,0.0,8.28484277677623,0.0,10.895350836510957,0.0,4.277793275670659,0.0,4.170309927702692,0.0,0.6470206793644702,0.0,7.994516993400773,0.0,0.9764871874398775,0.0,""
"2026-09-25 17:21:34","git-master-bddc7a050319718b5e4e0856afec0bc9ea96418f","C:\Users\marco\Desktop\ds004507\derivatives\labels\sub-009\ses-headNormal\anat\sub-009_ses-headNormal_T2w_seg-manual.nii.gz","941","1","",71.17407069606199,0.0,-1.019167830912748,0.0,-9.719375525728172,0.0,8.3890335636969,0.0,8.205196121458417,0.0,10.961925503191143,0.0,4.248869020112354,0.0,4.140164543584547,0.0,0.6613321324362255,0.0,4.396160454195098,0.0,0.9724739284164797,0.0,""
"2026-09-25 17:21:34","git-master-bddc7a050319718b5e4e0856afec0bc9ea96418f","C:\Users\marco\Desktop\ds004507\derivatives\labels\sub-009\ses-headNormal\anat\sub-009_ses-headNormal_T2w_seg-manual.nii.gz","942","1","",73.38607808924523,0.0,-1.0450182484124768,0.0,-9.736029912431873,0.0,8.760781169794353,0.0,8.588369034843161,0.0,10.846627338808277,0.0,4.368776029873558,0.0,4.392005139920795,0.0,0.6088263316231564,0.0,8.05740206943229,0.0,0.9619867760605225,0.0,""
"2026-09-25 17:21:34","git-master-bddc7a050319718b5e4e0856afec0bc9ea96418f","C:\Users\marco\Desktop\ds004507\derivatives\labels\sub-009\ses-headNormal\anat\sub-009_ses-headNormal_T2w_seg-manual.nii.gz","943","1","",73.78591140834821,0.0,-1.09277302834741,0.0,-9.754288270552507,0.0,8.652450217398174,0.0,8.58939892438884,0.0,10.90862352188666,0.0,4.311237862676347,0.0,4.341212354721826,0.0,0.6150041426355097,0.0,8.229360542653296,0.0,0.9622549974453565,0.0,""
"2026-09-25 17:21:34","git-master-bddc7a050319718b5e4e0856afec0bc9ea96418f","C:\Users\marco\Desktop\ds004507\derivatives\labels\sub-009\ses-headNormal\anat\sub-009_ses-headNormal_T2w_seg-manual.nii.gz","944","1","",73.27965769041107,0.0,-1.151479989499945,0.0,-9.773348614381607,0.0,8.304079985755177,0.0,8.399357302014987,0.0,11.059266878695666,0.0,4.164977106999928,0.0,4.1391028787552475,0.0,0.6505237595605742,0.0,6.656677444866207,0.0,0.9679009057005861,0.0,""
"2026-09-25 17:21:34","git-master-bddc7a050319718b5e4e0856afec0bc9ea96418f","C:\Users\marco\Desktop\ds004507\derivatives\labels\sub-009\ses-headNormal\anat\sub-009_ses-headNormal_T2w_seg-manual.nii.gz","945","1","",76.04308570592077,0.0,-1.2430365122198277,0.0,-9.794813526326388,0.0,8.63672945823246,0.0,8.695288543143901,0.0,11.104509647985417,0.0,4.266870804278591,0.0,4.369858653953869,0.0,0.6212962301902667,0.0,4.604234864767019,0.0,0.9744816326838787,0.0,""
"2026-09-25 17:21:34","git-master-bddc7a050319718b5e4e0856afec0bc9ea96418f","C:\Users\marco\Desktop\ds004507\derivatives\labels\sub-009\ses-headNormal\anat\sub-009_ses-headNormal_T2w_seg-manual.nii.gz","946","1","",77.9533964477721,0.0,-1.3455386224031125,0.0,-9.817079436770973,0.0,8.876267284678777,0.0,8.926445814564664,0.0,11.097070026968966,0.0,4.3724916784725645,0.0,4.503775606206212,0.0,0.5936461816386507,0.0,3.281934897292545,0.0,0.9794076929454828,0.0,""
"2026-09-25 17:21:34","git-master-bddc7a050319718b5e4e0856afec0bc9ea96418f","C:\Users\marco\Desktop\ds004507\derivatives\labels\sub-009\ses-headNormal\anat\sub-009_ses-headNormal_T2w_seg-manual.nii.gz","947","1","",78.15747264230667,0.0,-1.4699319075132025,0.0,-9.840947344215168,0.0,8.929581819063163,0.0,9.028055146569121,0.0,10.984265625340113,0.0,4.485566906497159,0.0,4.444014912566004,0.0,0.569151094724417,0.0,3.4199201550674987,0.0,0.98102441976371,0.0,""
"2026-09-25 17:21:34","git-master-bddc7a050319718b5e4e0856afec0bc9ea96418f","C:\Users\marco\Desktop\ds004507\derivatives\labels\sub-009\ses-headNormal\anat\sub-009_ses-headNormal_T2w_seg-manual.nii.gz","948","1","",77.93158909395767,0.0,-1.6162022894569519,0.0,-9.866416075941068,0.0,8.920402015691613,0.0,8.982420821297538,0.0,10.99563542466472,0.0,4.532899356983602,0.0,4.387502658708011,0.0,0.5762109716052998,0.0,3.21733665204029,0.0,0.9779548262741301,0.0,""
"2026-09-25 17:21:34","git-master-bddc7a050319718b5e4e0856afec0bc9ea96418f","C:\Users\marco\Desktop\ds004507\derivatives\labels\sub-009\ses-headNormal\anat\sub-009_ses-headNormal_T2w_seg-manual.nii.gz","949","1","",77.49072567416688,0.0,-1.773411219817531,0.0,-9.892685219807822,0.0,8.879975043442096,0.0,8.863164667387931,0.0,11.069092324466054,0.0,4.54736041870097,0.0,4.332614624741126,0.0,0.5990483303837406,0.0,2.844468768612004,0.0,0.9725420726306466,0.0,""
"2026-09-25 17:21:34","git-master-bddc7a050319718b5e4e0856afec0bc9ea96418f","C:\Users\marco\Desktop\ds004507\derivatives\labels\sub-009\ses-headNormal\anat\sub-009_ses-headNormal_T2w_seg-manual.nii.gz","950","1","",78.33171995970697,0.0,-1.963402970670962,0.0,-9.921353651396444,0.0,8.729430787044771,0.0,8.742655568955596,0.0,11.312760507360604,0.0,4.503568903750555,0.0,4.225861883294216,0.0,0.6331423454853295,0.0,4.212582826840704,0.0,0.9688675753209154,0.0,""
"2026-09-25 17:21:34","git-master-bddc7a050319718b5e4e0856afec0bc9ea96418f","C:\Users\marco\Desktop\ds004507\derivatives\labels\sub-009\ses-headNormal\anat\sub-009_ses-headNormal_T2w_seg-manual.nii.gz","951","1","",78.74532294458112,0.0,-2.155922011142817,0.0,-9.943468859039912,0.0,8.620246479444493,0.0,8.665172136476196,0.0,11.450700617940798,0.0,4.4387259551279366,0.0,4.181520524316556,0.0,0.653674880731053,0.0,4.761098562476036,0.0,0.9658779790525664,0.0,""
"2026-09-25 17:21:34","git-master-bddc7a050319718b5e4e0856afec0bc9ea96418f","C:\Users\marco\Desktop\ds004507\derivatives\labels\sub-009\ses-headNormal\anat\sub-009_ses-headNormal_T2w_seg-manual.nii.gz","952","1","",78.30414332812336,0.0,-2.3534956308515182,0.0,-9.95247761879307,0.0,8.593782069438308,0.0,8.67374003590267,0.0,11.37718458389228,0.0,4.3317801391609105,0.0,4.262001930277398,0.0,0.6470844562650455,0.0,3.670417652924632,0.0,0.9642581848669826,0.0,""
"2026-09-25 17:21:34","git-master-bddc7a050319718b5e4e0856afec0bc9ea96418f","C:\Users\marco\Desktop\ds004507\derivatives\labels\sub-009\ses-headNormal\anat\sub-009_ses-headNormal_T2w_seg-manual.nii.gz","953","1","",77.86968389335647,0.0,-2.539348057649211,0.0,-9.933674085330201,0.0,8.63594032263659,0.0,8.657234571623599,0.0,11.369406725100294,0.0,4.305688387776976,0.0,4.330251934859614,0.0,0.6481944912010805,0.0,3.7684777406555483,0.0,0.9699347311898293,0.0,""
"2026-09-25 17:21:34","git-master-bddc7a050319718b5e4e0856afec0bc9ea96418f","C:\Users\marco\Desktop\ds004507\derivatives\labels\sub-009\ses-headNormal\anat\sub-009_ses-headNormal_T2w_seg-manual.nii.gz","954","1","",77.438584549435,0.0,-2.7193398879913997,0.0,-9.900964405259321,0.0,8.712409907437104,0.0,8.628192425491758,0.0,11.394497953936574,0.0,4.320023668684587,0.0,4.392386238752517,0.0,0.6531547558381368,0.0,4.460908327027623,0.0,0.9792594477668914,0.0,""
"2026-09-25 17:21:34","git-master-bddc7a050319718b5e4e0856afec0bc9ea96418f","C:\Users\marco\Desktop\ds004507\derivatives\labels\sub-009\ses-headNormal\anat\sub-009_ses-headNormal_T2w_seg-manual.nii.gz","955","1","",77.87384287412905,0.0,-2.8817646350303185,0.0,-9.826494781856837,0.0,8.745554232691365,0.0,8.682458954710103,0.0,11.340662429481911,0.0,4.407791898111595,0.0,4.337762334579772,0.0,0.6431921712098607,0.0,4.834263020273811,0.0,0.9745630793836254,0.0,""
"2026-09-25 17:21:34","git-master-bddc7a050319718b5e4e0856afec0bc9ea96418f","C:\Users\marco\Desktop\ds004507\derivatives\labels\sub-009\ses-headNormal\anat\sub-009_ses-headNormal_T2w_seg-manual.nii.gz","956","1","",78.16971130170711,0.0,-3.0383394836933104,0.0,-9.738074125729979,0.0,8.780321444595266,0.0,8.732892354068696,0.0,11.30218471883139,0.0,4.461466621831532,0.0,4.318854822763736,0.0,0.6347863816106996,0.0,4.976296678214445,0.0,0.972472366868321,0.0,""
"2026-09-25 17:21:34","git-master-bddc7a050319718b5e4e0856afec0bc9ea96418f","C:\Users\marco\Desktop\ds004507\derivatives\labels\sub-009\ses-headNormal\anat\sub-009_ses-headNormal_T2w_seg-manual.nii.gz","957","1","",78.18679993505317,0.0,-3.183214535604447,0.0,-9.621751404154374,0.0,8.818334429798448,0.0,8.775659493707785,0.0,11.294422635789145,0.0,4.446954334137327,0.0,4.37138009566112,0.0,0.629494182069768,0.0,4.655688265543974,0.0,0.9755929660889395,0.0,""
"2026-09-25 17:21:34","git-master-bddc7a050319718b5e4e0856afec0bc9ea96418f","C:\Users\marco\Desktop\ds004507\derivatives\labels\sub-009\ses-headNormal\anat\sub-009_ses-headNormal_T2w_seg-manual.nii.gz","958","1","",78.63901537835872,0.0,-3.3164023236776097,0.0,-9.47743209586087,0.0,8.853681825496945,0.0,8.851092791439225,0.0,11.285461965476568,0.0,4.432067649346849,0.0,4.421614176150098,0.0,0.6202773596605576,0.0,5.056523179073041,0.0,0.9774988083629556,0.0,""
"2026-09-25 17:21:34","git-master-bddc7a050319718b5e4e0856afec0bc9ea96418f","C:\Users\marco\Desktop\ds004507\derivatives\labels\sub-009\ses-headNormal\anat\sub-009_ses-headNormal_T2w_seg-manual.nii.gz","959","1","",79.30879422664401,0.0,-3.4437464798317854,0.0,-9.319114494208417,0.0,8.887696426443105,0.0,8.942859168216842,0.0,11.275902001528822,0.0,4.416993766008234,0.0,4.4707026604348705,0.0,0.6090982258172081,0.0,5.8180797557018735,0.0,0.9787972721636702,0.0,""
"2026-09-25 17:21:34","git-master-bddc7a050319718b5e4e0856afec0bc9ea96418f","C:\Users\marco\Desktop\ds004507\derivatives\labels\sub-009\ses-headNormal\anat\sub-009_ses-headNormal_T2w_seg-manual.nii.gz","960","1","",79.39457896473532,0.0,-3.5535788216854045,0.0,-9.118616388339905,0.0,8.732805693644455,0.0,8.894464034953431,0.0,11.391025986927865,0.0,4.370472211090866,0.0,4.362333482553589,0.0,0.6244351971232696,0.0,5.9937757095362105,0.0,0.9677651369885821,0.0,""
"2026-09-25 17:21:34","git-master-bddc7a050319718b5e4e0856afec0bc9ea96418f","C:\Users\marco\Desktop\ds004507\derivatives\labels\sub-009\ses-headNormal\anat\sub-009_ses-headNormal_T2w_seg-manual.nii.gz","961","1","",79.45599824299985,0.0,-3.657580017221641,0.0,-8.903983834845324,0.0,8.586964987284565,0.0,8.8369422354437,0.0,11.501902205759908,0.0,4.31801070757869,0.0,4.268954279705876,0.0,0.6398769393775993,0.0,6.111912744516518,0.0,0.9635687359600303,0.0,""
"2026-09-25 17:21:34","git-master-bddc7a050319718b5e4e0856afec0bc9ea96418f","C:\Users\marco\Desktop\ds004507\derivatives\labels\sub-009\ses-headNormal\anat\sub-009_ses-headNormal_T2w_seg-manual.nii.gz","962","1","",79.46868660161087,0.0,-3.7499189201231102,0.0,-8.661082386098602,0.0,8.459224333802203,0.0,8.76116710344133,0.0,11.604282891457952,0.0,4.253669306876901,0.0,4.205555026925302,0.0,0.6555282235284654,0.0,6.114931941788767,0.0,0.9730438032245513,0.0,""
"2026-09-25 17:21:34","git-master-bddc7a050319718b5e4e0856afec0bc9ea96418f","C:\Users\marco\Desktop\ds004507\derivatives\labels\sub-009\ses-headNormal\anat\sub-009_ses-headNormal_T2w_seg-manual.nii.gz","963","1","",78.9346436986927,0.0,-3.8306067441763973,0.0,-8.389744390547357,0.0,8.417917223516573,0.0,8.703968484945937,0.0,11.594399334916272,0.0,4.2787866769312295,0.0,4.139130546585345,0.0,0.6606374320870553,0.0,5.856117893533215,0.0,0.9749967661445872,0.0,""
"2026-09-25 17:21:34","git-master-bddc7a050319718b5e4e0856afec0bc9ea96418f","C:\Users\marco\Desktop\ds004507\derivatives\labels\sub-009\ses-headNormal\anat\sub-009_ses-headNormal_T2w_seg-manual.nii.gz","964","1","",78.12723516500994,0.0,-3.9054690288055935,0.0,-8.104188121593848,0.0,8.419826884829313,0.0,8.656058123204032,0.0,11.528383657254727,0.0,4.348633432363617,0.0,4.071193452465696,0.0,0.660475602849507,0.0,5.466387222513762,0.0,0.9731886768923806,0.0,""
"2026-09-25 17:21:34","git-master-bddc7a050319718b5e4e0856afec0bc9ea96418f","C:\Users\marco\Desktop\ds004507\derivatives\labels\sub-009\ses-headNormal\anat\sub-009_ses-headNormal_T2w_seg-manual.nii.gz","965","1","",77.96933244837392,0.0,-3.962869250767629,0.0,-7.775707561927989,0.0,8.424830064798075,0.0,8.635237255564043,0.0,11.511575673488027,0.0,4.312886774879212,0.0,4.111943289918863,0.0,0.661284779991118,0.0,5.338296932767814,0.0,0.9794506421202425,0.0,""
"2026-09-25 17:21:34","git-master-bddc7a050319718b5e4e0856afec0bc9ea96418f","C:\Users\marco\Desktop\ds004507\derivatives\labels\sub-009\ses-headNormal\anat\sub-009_ses-headNormal_T2w_seg-manual.nii.gz","966","1","",78.0225296705098,0.0,-4.014452690764297,0.0,-7.432827365327922,0.0,8.477498870642215,0.0,8.66558579452146,0.0,11.472607391207704,0.0,4.299619688378553,0.0,4.177879182263663,0.0,0.6550421898010486,0.0,5.247668556726675,0.0,0.9801138994949599,0.0,""
"2026-09-25 17:21:34","git-master-bddc7a050319718b5e4e0856afec0bc9ea96418f","C:\Users\marco\Desktop\ds004507\derivatives\labels\sub-009\ses-headNormal\anat\sub-009_ses-headNormal_T2w_seg-manual.nii.gz","967","1","",78.49792677018945,0.0,-4.054402566830229,0.0,-7.061147894859442,0.0,8.625498928237109,0.0,8.798273146673688,0.0,11.389318511900143,0.0,4.331311743845384,0.0,4.294187184391725,0.0,0.6346960649476185,0.0,5.231964008095159,0.0,0.9695797411633883,0.0,""
"2026-09-25 17:21:34","git-master-bddc7a050319718b5e4e0856afec0bc9ea96418f","C:\Users\marco\Desktop\ds004507\derivatives\labels\sub-009\ses-headNormal\anat\sub-009_ses-headNormal_T2w_seg-manual.nii.gz","968","1","",79.44703099959146,0.0,-4.082724505250162,0.0,-6.66049274732589,0.0,8.73416601303049,0.0,8.881482813681867,0.0,11.451356237595794,0.0,4.3595335372647215,0.0,4.374632475765769,0.0,0.6311852710725263,0.0,5.500203969455109,0.0,0.9677028612877417,0.0,""
"2026-09-25 17:21:34","git-master-bddc7a050319718b5e4e0856afec0bc9ea96418f","C:\Users\marco\Desktop\ds004507\derivatives\labels\sub-009\ses-headNormal\anat\sub-009_ses-headNormal_T2w_seg-manual.nii.gz","969","1","",80.63298879385465,0.0,-4.105232474847097,0.0,-6.245349761259803,0.0,8.823166611423115,0.0,8.939953638118023,0.0,11.586057265793052,0.0,4.386020199660312,0.0,4.437146411762804,0.0,0.6360921426866027,0.0,5.910416185810792,0.0,0.9701546206400575,0.0,""
"2026-09-25 17:21:34","git-master-bddc7a050319718b5e4e0856afec0bc9ea96418f","C:\Users\marco\Desktop\ds004507\derivatives\labels\sub-009\ses-headNormal\anat\sub-009_ses-headNormal_T2w_seg-manual.nii.gz","970","1","",79.7926478380508,0.0,-4.110303395620545,0.0,-5.786506258430789,0.0,8.856439954678482,0.0,8.978203548468423,0.0,11.378865658314506,0.0,4.433974401393897,0.0,4.422465553284585,0.0,0.6136445767456946,0.0,6.539967590030168,0.0,0.9690828546067802,0.0,""
"2026-09-25 17:21:34","git-master-bddc7a050319718b5e4e0856afec0bc9ea96418f","C:\Users\marco\Desktop\ds004507\derivatives\labels\sub-009\ses-headNormal\anat\sub-009_ses-headNormal_T2w_seg-manual.nii.gz","971","1","",79.32564963831165,0.0,-4.109562334994662,0.0,-5.313032808631322,0.0,8.8531631233441,0.0,8.96816528239074,0.0,11.287083910734564,0.0,4.463434172384745,0.0,4.389728950959356,0.0,0.6067160693783588,0.0,7.441804772953307,0.0,0.9691772646390021,0.0,""
"2026-09-25 17:21:34","git-master-bddc7a050319718b5e4e0856afec0bc9ea96418f","C:\Users\marco\Desktop\ds004507\derivatives\labels\sub-009\ses-headNormal\anat\sub-009_ses-headNormal_T2w_seg-manual.nii.gz","972","1","",79.60533695070191,0.0,-4.097197311570117,0.0,-4.810299464890947,0.0,8.776785942830221,0.0,8.861550663456883,0.0,11.426121882951824,0.0,4.455905081890118,0.0,4.320880860940102,0.0,0.6308256791581668,0.0,8.888213513283969,0.0,0.9716040268022224,0.0,""
"2026-09-25 17:21:34","git-master-bddc7a050319718b5e4e0856afec0bc9ea96418f","C:\Users\marco\Desktop\ds004507\derivatives\labels\sub-009\ses-headNormal\anat\sub-009_ses-headNormal_T2w_seg-manual.nii.gz","973","1","",79.59343697314068,0.0,-4.073206534050293,0.0,-4.278226833107455,0.0,8.754423223586961,0.0,8.833304716032037,0.0,11.451276961038133,0.0,4.4233356113246876,0.0,4.331087612262275,0.0,0.6363534269948189,0.0,9.539764873513045,0.0,0.9717220233894834,0.0,""
"2026-09-25 17:21:34","git-master-bddc7a050319718b5e4e0856afec0bc9ea96418f","C:\Users\marco\Desktop\ds004507\derivatives\labels\sub-009\ses-headNormal\anat\sub-009_ses-headNormal_T2w_seg-manual.nii.gz","974","1","",79.4357433506037,0.0,-4.04340287948283,0.0,-3.731484557302406,0.0,8.759067734979013,0.0,8.844243104361697,0.0,11.419490592058967,0.0,4.378245950723854,0.0,4.380821784255159,0.0,0.6325902438598932,0.0,9.793887543691335,0.0,0.9706856371887649,0.0,""
"2026-09-25 17:21:34","git-master-bddc7a050319718b5e4e0856afec0bc9ea96418f","C:\Users\marco\Desktop\ds004507\derivatives\labels\sub-009\ses-headNormal\anat\sub-009_ses-headNormal_T2w_seg-manual.nii.gz","975","1","",78.18293181726773,0.0,-4.006429038656773,0.0,-3.169550237395424,0.0,8.683949901520869,0.0,8.771395421176564,0.0,11.35594978251514,0.0,4.3536662300698605,0.0,4.330283671451008,0.0,0.6351337811415366,0.0,9.167150099984614,0.0,0.9617032504222649,0.0,""
"2026-09-25 17:21:34","git-master-bddc7a050319718b5e4e0856afec0bc9ea96418f","C:\Users\marco\Desktop\ds004507\derivatives\labels\sub-009\ses-headNormal\anat\sub-009_ses-headNormal_T2w_seg-manual.nii.gz","976","1","",77.21421420656942,0.0,-3.9704894927140715,0.0,-2.6122509314052826,0.0,8.613324126986347,0.0,8.711675955004127,0.0,11.310495799636339,0.0,4.325494686503529,0.0,4.2878294404828186,0.0,0.6377633891827077,0.0,8.396409578639625,0.0,0.9567765309717325,0.0,""
"2026-09-25 17:21:34","git-master-bddc7a050319718b5e4e0856afec0bc9ea96418f","C:\Users\marco\Desktop\ds004507\derivatives\labels\sub-009\ses-headNormal\anat\sub-009_ses-headNormal_T2w_seg-manual.nii.gz","977","1","",76.81368444114639,0.0,-3.9366185365380804,0.0,-2.064221653248823,0.0,8.551682470299072,0.0,8.67821292285708,0.0,11.30121547008759,0.0,4.29013949711252,0.0,4.261542973186551,0.0,0.640565138742934,0.0,7.337662902018107,0.0,0.959961146153135,0.0,""
"2026-09-25 17:21:34","git-master-bddc7a050319718b5e4e0856afec0bc9ea96418f","C:\Users\marco\Desktop\ds004507\derivatives\labels\sub-009\ses-headNormal\anat\sub-009_ses-headNormal_T2w_seg-manual.nii.gz","978","1","",77.12820165894594,0.0,-3.904817060479591,0.0,-1.5256857935480217,0.0,8.540189305935318,0.0,8.683834356591701,0.0,11.349123742983732,0.0,4.2881711005028835,0.0,4.252018205432434,0.0,0.6438201797740889,0.0,5.969753160674958,0.0,0.9624499360964913,0.0,""
"2026-09-25 17:21:34","git-master-bddc7a050319718b5e4e0856afec0bc9ea96418f","C:\Users\marco\Desktop\ds004507\derivatives\labels\sub-009\ses-headNormal\anat\sub-009_ses-headNormal_T2w_seg-manual.nii.gz","979","1","",77.80024236835676,0.0,-3.8740503244798536,0.0,-0.9918966430750498,0.0,8.553770387733326,0.0,8.708998023267153,0.0,11.425626317102322,0.0,4.302896100283934,0.0,4.250874287449393,0.0,0.6473018665407083,0.0,4.447261886971027,0.0,0.9645908134208245,0.0,""
"2026-09-25 17:21:34","git-master-bddc7a050319718b5e4e0856afec0bc9ea96418f","C:\Users\marco\Desktop\ds004507\derivatives\labels\sub-009\ses-headNormal\anat\sub-009_ses-headNormal_T2w_seg-manual.nii.gz","980","1","",79.56436096571395,0.0,-3.846388995888663,0.0,-0.4726393135623893,0.0,8.56123687532362,0.0,8.71918356750332,0.0,11.676382394742342,0.0,4.272493070193245,0.0,4.288743805130377,0.0,0.664606856026687,0.0,7.325616551998836,0.0,0.9686235057788447,0.0,""
"2026-09-25 17:21:34","git-master-bddc7a050319718b5e4e0856afec0bc9ea96418f","C:\Users\marco\Desktop\ds004507\derivatives\labels\sub-009\ses-headNormal\anat\sub-009_ses-headNormal_T2w_seg-manual.nii.gz","981","1","",80.52278673002378,0.0,-3.8197631518812387,0.0,0.041690681211517866,0.0,8.544682077872295,0.0,8.709588337194974,0.0,11.834086360114565,0.0,4.2496541971905835,0.0,4.295027880681713,0.0,0.677007712747594,0.0,9.34671447019719,0.0,0.9704846514000665,0.0,""
"2026-09-25 17:21:34","git-master-bddc7a050319718b5e4e0856afec0bc9ea96418f","C:\Users\marco\Desktop\ds004507\derivatives\labels\sub-009\ses-headNormal\anat\sub-009_ses-headNormal_T2w_seg-manual.nii.gz","982","1","",79.86982682823893,0.0,-3.7952082770413496,0.0,0.546166006507911,0.0,8.48008471033773,0.0,8.660431557797596,0.0,11.805686100951192,0.0,4.241943638363975,0.0,4.238141071973755,0.0,0.6796003039383575,0.0,9.65329889473661,0.0,0.968002703547691,0.0,""
"2026-09-25 17:21:34","git-master-bddc7a050319718b5e4e0856afec0bc9ea96418f","C:\Users\marco\Desktop\ds004507\derivatives\labels\sub-009\ses-headNormal\anat\sub-009_ses-headNormal_T2w_seg-manual.nii.gz","983","1","",80.22368484920126,0.0,-3.772724979449567,0.0,1.0406461363068598,0.0,8.497705957924776,0.0,8.655771559554081,0.0,11.865815100552728,0.0,4.227705503251793,0.0,4.270000454672982,0.0,0.6839554693281946,0.0,9.33050858295456,0.0,0.9696200384996824,0.0,""
"2026-09-25 17:21:34","git-master-bddc7a050319718b5e4e0856afec0bc9ea96418f","C:\Users\marco\Desktop\ds004507\derivatives\labels\sub-009\ses-headNormal\anat\sub-009_ses-headNormal_T2w_seg-manual.nii.gz","984","1","",81.08095183153719,0.0,-3.7512774704818383,0.0,1.5301286683570865,0.0,8.55643651307263,0.0,8.673359951887495,0.0,11.97020872953672,0.0,4.210203579996826,0.0,4.346232933075804,0.0,0.6891919218175685,0.0,8.69303090301177,0.0,0.9732870148538572,0.0,""
