Timestamp,SCT Version,Filename,Slice (I->S),VertLevel,DistancePMJ,MEAN(area),STD(area),MEAN(angle_AP),STD(angle_AP),MEAN(angle_RL),STD(angle_RL),MEAN(diameter_AP),STD(diameter_AP),MEAN(diameter_AP_ellipse),STD(diameter_AP_ellipse),MEAN(diameter_RL),STD(diameter_RL),MEAN(length_anterior),STD(length_anterior),MEAN(length_posterior),STD(length_posterior),MEAN(eccentricity),STD(eccentricity),MEAN(orientation),STD(orientation),MEAN(solidity),STD(solidity),SUM(length)
"2026-09-29 14:18:22","git-master-bddc7a050319718b5e4e0856afec0bc9ea96418f","C:\Users\marco\Desktop\ds004507\derivatives\labels\sub-010\ses-headUp\anat\sub-010_ses-headUp_T2w_seg-manual.nii.gz","647","9","",51.503011669277875,0.0,1.1857384317017412,0.0,15.874915226146522,0.0,7.039456530158458,0.0,7.128512541151977,0.0,9.319460814720562,0.0,3.5648857824756592,0.0,3.4745707476827983,0.0,0.6438015821571893,0.0,2.2067973316849097,0.0,0.9568948425640499,0.0,""
"2026-09-29 14:18:22","git-master-bddc7a050319718b5e4e0856afec0bc9ea96418f","C:\Users\marco\Desktop\ds004507\derivatives\labels\sub-010\ses-headUp\anat\sub-010_ses-headUp_T2w_seg-manual.nii.gz","648","9","",49.896589046287744,0.0,1.2099522010372863,0.0,15.901772202511353,0.0,6.795118255469086,0.0,7.025541942467984,0.0,9.172208538582854,0.0,3.3965394420423274,0.0,3.3985788134267594,0.0,0.6429154162000943,0.0,2.591790440367423,0.0,0.9651149019292797,0.0,""
"2026-09-29 14:18:22","git-master-bddc7a050319718b5e4e0856afec0bc9ea96418f","C:\Users\marco\Desktop\ds004507\derivatives\labels\sub-010\ses-headUp\anat\sub-010_ses-headUp_T2w_seg-manual.nii.gz","649","9","",47.79556662292521,0.0,1.193816018738237,0.0,15.927259850650005,0.0,6.462272550897188,0.0,6.812036574646188,0.0,9.062116894884287,0.0,3.20791371653693,0.0,3.2543588343602585,0.0,0.6592422021381934,0.0,0.7075846474061162,0.0,0.9696026025424389,0.0,""
"2026-09-29 14:18:22","git-master-bddc7a050319718b5e4e0856afec0bc9ea96418f","C:\Users\marco\Desktop\ds004507\derivatives\labels\sub-010\ses-headUp\anat\sub-010_ses-headUp_T2w_seg-manual.nii.gz","650","9","",49.83729346490083,0.0,1.1296959343342459,0.0,15.951120201711914,0.0,6.631699549536251,0.0,6.880702308259328,0.0,9.350355825367345,0.0,3.3651186259452537,0.0,3.2665809235909977,0.0,0.6769729509943042,0.0,1.1721291453881304,0.0,0.950126356283085,0.0,""
"2026-09-29 14:18:22","git-master-bddc7a050319718b5e4e0856afec0bc9ea96418f","C:\Users\marco\Desktop\ds004507\derivatives\labels\sub-010\ses-headUp\anat\sub-010_ses-headUp_T2w_seg-manual.nii.gz","651","9","",49.415638040320594,0.0,1.0110392481541988,0.0,15.973133116542552,0.0,6.504916465051705,0.0,6.765229593336866,0.0,9.428486970419966,0.0,3.343943371735915,0.0,3.16097309331579,0.0,0.696267141695564,0.0,1.9712313666715406,0.0,0.9569757868641355,0.0,""
"2026-09-29 14:18:22","git-master-bddc7a050319718b5e4e0856afec0bc9ea96418f","C:\Users\marco\Desktop\ds004507\derivatives\labels\sub-010\ses-headUp\anat\sub-010_ses-headUp_T2w_seg-manual.nii.gz","652","9","",48.64213991903347,0.0,0.8601821073656309,0.0,15.993779896692136,0.0,6.423697756930004,0.0,6.764178188470002,0.0,9.29933117931102,0.0,3.3151448052617236,0.0,3.1085529516682806,0.0,0.6847990924397797,0.0,1.783685166436125,0.0,0.9612526094628802,0.0,""
"2026-09-29 14:18:22","git-master-bddc7a050319718b5e4e0856afec0bc9ea96418f","C:\Users\marco\Desktop\ds004507\derivatives\labels\sub-010\ses-headUp\anat\sub-010_ses-headUp_T2w_seg-manual.nii.gz","653","9","",47.950167139512686,0.0,0.6817480549273016,0.0,16.013061060264608,0.0,6.428194289027945,0.0,6.834217578145915,0.0,9.10550909191552,0.0,3.294324015145446,0.0,3.1338702738824997,0.0,0.6599848035272907,0.0,1.814645031821432,0.0,0.9603031772720061,0.0,""
"2026-09-29 14:18:22","git-master-bddc7a050319718b5e4e0856afec0bc9ea96418f","C:\Users\marco\Desktop\ds004507\derivatives\labels\sub-010\ses-headUp\anat\sub-010_ses-headUp_T2w_seg-manual.nii.gz","654","9","",47.67084309510952,0.0,0.47761386515736454,0.0,16.030608523889367,0.0,6.467399526917572,0.0,6.645334771414936,0.0,9.360153321404725,0.0,3.2376086518973124,0.0,3.2297908750202593,0.0,0.7034933335072828,0.0,7.244231312387787,0.0,0.9612625451599651,0.0,""
"2026-09-29 14:18:22","git-master-bddc7a050319718b5e4e0856afec0bc9ea96418f","C:\Users\marco\Desktop\ds004507\derivatives\labels\sub-010\ses-headUp\anat\sub-010_ses-headUp_T2w_seg-manual.nii.gz","655","9","",49.09743994587337,0.0,0.24778010210591622,0.0,16.04642351666705,0.0,6.606276275960638,0.0,6.757477460781472,0.0,9.418160411854121,0.0,3.414115858787279,0.0,3.1921604171733584,0.0,0.6963828262312668,0.0,4.896915675141193,0.0,0.9531256462956534,0.0,""
"2026-09-29 14:18:22","git-master-bddc7a050319718b5e4e0856afec0bc9ea96418f","C:\Users\marco\Desktop\ds004507\derivatives\labels\sub-010\ses-headUp\anat\sub-010_ses-headUp_T2w_seg-manual.nii.gz","656","9","",50.38954899075478,0.0,-0.002280624107179219,0.0,16.060875272152057,0.0,6.715328670617476,0.0,6.886712320327986,0.0,9.443008243931523,0.0,3.5074760222807515,0.0,3.2078526483367242,0.0,0.6841916347074609,0.0,1.2938507517843787,0.0,0.944761397541056,0.0,""
"2026-09-29 14:18:22","git-master-bddc7a050319718b5e4e0856afec0bc9ea96418f","C:\Users\marco\Desktop\ds004507\derivatives\labels\sub-010\ses-headUp\anat\sub-010_ses-headUp_T2w_seg-manual.nii.gz","657","9","",51.226348306519874,0.0,-0.2649995604783081,0.0,16.073964160724408,0.0,6.768120342875551,0.0,6.968301832973311,0.0,9.483801725457974,0.0,3.459598831947864,0.0,3.3085215109276858,0.0,0.6783299995050642,0.0,-1.1065994223163504,0.0,0.9398494178110438,0.0,""
"2026-09-29 14:18:22","git-master-bddc7a050319718b5e4e0856afec0bc9ea96418f","C:\Users\marco\Desktop\ds004507\derivatives\labels\sub-010\ses-headUp\anat\sub-010_ses-headUp_T2w_seg-manual.nii.gz","658","9","",52.75894875138391,0.0,-0.5009996103081388,0.0,16.085212146540936,0.0,6.824058116150058,0.0,7.0822325797618255,0.0,9.569616268244213,0.0,3.456604565316607,0.0,3.367453550833451,0.0,0.672526118352253,0.0,1.917097847450896,0.0,0.9460407405228908,0.0,""
"2026-09-29 14:18:22","git-master-bddc7a050319718b5e4e0856afec0bc9ea96418f","C:\Users\marco\Desktop\ds004507\derivatives\labels\sub-010\ses-headUp\anat\sub-010_ses-headUp_T2w_seg-manual.nii.gz","659","9","",53.49483350737132,0.0,-0.665937983307718,0.0,16.094840879227814,0.0,6.923168543673853,0.0,7.1588909880121525,0.0,9.583775143587848,0.0,3.5337260923384672,0.0,3.389442451335386,0.0,0.6648019943774318,0.0,4.790905482207679,0.0,0.9551408093875432,0.0,""
"2026-09-29 14:18:22","git-master-bddc7a050319718b5e4e0856afec0bc9ea96418f","C:\Users\marco\Desktop\ds004507\derivatives\labels\sub-010\ses-headUp\anat\sub-010_ses-headUp_T2w_seg-manual.nii.gz","660","9","",54.099000820616695,0.0,-0.7711266751762614,0.0,16.10310829656309,0.0,6.957462031091573,0.0,7.200567423759026,0.0,9.640027554309148,0.0,3.565362375439056,0.0,3.3920996556525167,0.0,0.6647524021764301,0.0,4.33760413820421,0.0,0.9595801484999433,0.0,""
"2026-09-29 14:18:22","git-master-bddc7a050319718b5e4e0856afec0bc9ea96418f","C:\Users\marco\Desktop\ds004507\derivatives\labels\sub-010\ses-headUp\anat\sub-010_ses-headUp_T2w_seg-manual.nii.gz","661","9","",54.735874719048304,0.0,-0.8165699175906361,0.0,16.110014619280765,0.0,6.908299765835946,0.0,7.214647000069986,0.0,9.754621825871736,0.0,3.5104871935906674,0.0,3.397812572245279,0.0,0.6728128005731501,0.0,-0.0321948000426627,0.0,0.956259051071275,0.0,""
"2026-09-29 14:18:22","git-master-bddc7a050319718b5e4e0856afec0bc9ea96418f","C:\Users\marco\Desktop\ds004507\derivatives\labels\sub-010\ses-headUp\anat\sub-010_ses-headUp_T2w_seg-manual.nii.gz","662","9","",53.917266862122695,0.0,-0.7764387755305133,0.0,16.114971766390312,0.0,7.166622708167279,0.0,7.2997659906148185,0.0,9.489645133513726,0.0,3.569267684382408,0.0,3.5973550237848704,0.0,0.6381738915700629,0.0,3.5133520438188977,0.0,0.9506820747979443,0.0,""
"2026-09-29 14:18:22","git-master-bddc7a050319718b5e4e0856afec0bc9ea96418f","C:\Users\marco\Desktop\ds004507\derivatives\labels\sub-010\ses-headUp\anat\sub-010_ses-headUp_T2w_seg-manual.nii.gz","663","9","",52.3720013335127,0.0,-0.7056753379800464,0.0,16.118913357750706,0.0,7.007823514076658,0.0,7.186415757655455,0.0,9.349821135789567,0.0,3.4628659719436374,0.0,3.54495754213302,0.0,0.6396347708642256,0.0,6.043601385580058,0.0,0.9398064742592542,0.0,""
"2026-09-29 14:18:22","git-master-bddc7a050319718b5e4e0856afec0bc9ea96418f","C:\Users\marco\Desktop\ds004507\derivatives\labels\sub-010\ses-headUp\anat\sub-010_ses-headUp_T2w_seg-manual.nii.gz","664","9","",51.68708051110378,0.0,-0.6254863655529386,0.0,16.1221905334501,0.0,6.840932198728705,0.0,7.089778932476678,0.0,9.337052137629636,0.0,3.3881374638365918,0.0,3.4527947348921137,0.0,0.6506998826426802,0.0,5.727597691139504,0.0,0.9397249278617817,0.0,""
"2026-09-29 14:18:22","git-master-bddc7a050319718b5e4e0856afec0bc9ea96418f","C:\Users\marco\Desktop\ds004507\derivatives\labels\sub-010\ses-headUp\anat\sub-010_ses-headUp_T2w_seg-manual.nii.gz","665","9","",52.958878603059176,0.0,-0.549752447293279,0.0,16.124995341799544,0.0,6.93632140939554,0.0,7.149684468759984,0.0,9.464799651239446,0.0,3.4753694970058504,0.0,3.4609519123896897,0.0,0.6550643580971104,0.0,1.320680422177677,0.0,0.9613289151113831,0.0,""
"2026-09-29 14:18:22","git-master-bddc7a050319718b5e4e0856afec0bc9ea96418f","C:\Users\marco\Desktop\ds004507\derivatives\labels\sub-010\ses-headUp\anat\sub-010_ses-headUp_T2w_seg-manual.nii.gz","666","9","",53.99076645271688,0.0,-0.48076252341784637,0.0,16.127085295892986,0.0,6.869444167737693,0.0,6.936140287728746,0.0,9.952839157437575,0.0,3.4034748559960866,0.0,3.4659693117416066,0.0,0.7146082180989379,0.0,3.026383157193406,0.0,0.9625890311964835,0.0,""
"2026-09-29 14:18:22","git-master-bddc7a050319718b5e4e0856afec0bc9ea96418f","C:\Users\marco\Desktop\ds004507\derivatives\labels\sub-010\ses-headUp\anat\sub-010_ses-headUp_T2w_seg-manual.nii.gz","667","9","",54.49476343718775,0.0,-0.41634952168819617,0.0,16.128690211767452,0.0,6.965209827910369,0.0,6.926415460225602,0.0,10.053445734475604,0.0,3.449206697827104,0.0,3.516003130083265,0.0,0.724592487203832,0.0,3.3111249115682124,0.0,0.9573068685030541,0.0,""
"2026-09-29 14:18:22","git-master-bddc7a050319718b5e4e0856afec0bc9ea96418f","C:\Users\marco\Desktop\ds004507\derivatives\labels\sub-010\ses-headUp\anat\sub-010_ses-headUp_T2w_seg-manual.nii.gz","668","9","",54.25210906374016,0.0,-0.35639322080127883,0.0,16.12982286638974,0.0,7.08986092782807,0.0,7.003158199992487,0.0,9.878787440668273,0.0,3.5293471885669714,0.0,3.560513739261099,0.0,0.7044998188722644,0.0,3.550734153141182,0.0,0.952559337335882,0.0,""
"2026-09-29 14:18:22","git-master-bddc7a050319718b5e4e0856afec0bc9ea96418f","C:\Users\marco\Desktop\ds004507\derivatives\labels\sub-010\ses-headUp\anat\sub-010_ses-headUp_T2w_seg-manual.nii.gz","669","9","",52.96359185208832,0.0,-0.30113477274901645,0.0,16.130457746369537,0.0,7.100900670210259,0.0,7.046443035855664,0.0,9.527440933286108,0.0,3.5566110621985008,0.0,3.5442896080117583,0.0,0.6729300095667085,0.0,5.231930679337868,0.0,0.9560576431523421,0.0,""
"2026-09-29 14:18:22","git-master-bddc7a050319718b5e4e0856afec0bc9ea96418f","C:\Users\marco\Desktop\ds004507\derivatives\labels\sub-010\ses-headUp\anat\sub-010_ses-headUp_T2w_seg-manual.nii.gz","670","9","",53.18418525567655,0.0,-0.25250199118394334,0.0,16.130390654701333,0.0,6.917889733170442,0.0,6.894394667376744,0.0,9.757883655204068,0.0,3.4787972432412464,0.0,3.439092489929196,0.0,0.7066635768921703,0.0,1.2288483235150442,0.0,0.9599121062004626,0.0,""
"2026-09-29 14:18:22","git-master-bddc7a050319718b5e4e0856afec0bc9ea96418f","C:\Users\marco\Desktop\ds004507\derivatives\labels\sub-010\ses-headUp\anat\sub-010_ses-headUp_T2w_seg-manual.nii.gz","671","9","",53.76569827693243,0.0,-0.20832669013114746,0.0,16.12985132586819,0.0,6.796279102116937,0.0,6.794583836841278,0.0,10.007331425084388,0.0,3.3584064381010292,0.0,3.437872664015908,0.0,0.7336336669763658,0.0,0.7797049612729036,0.0,0.9587334198570109,0.0,""
"2026-09-29 14:18:22","git-master-bddc7a050319718b5e4e0856afec0bc9ea96418f","C:\Users\marco\Desktop\ds004507\derivatives\labels\sub-010\ses-headUp\anat\sub-010_ses-headUp_T2w_seg-manual.nii.gz","672","9","",53.72536371255795,0.0,-0.1686089417517602,0.0,16.128839753350217,0.0,6.693533411160659,0.0,6.734927199760915,0.0,10.093509008547244,0.0,3.252069945885069,0.0,3.4414634652755898,0.0,0.744508477087372,0.0,2.2694367708637215,0.0,0.9528691201430303,0.0,""
"2026-09-29 14:18:22","git-master-bddc7a050319718b5e4e0856afec0bc9ea96418f","C:\Users\marco\Desktop\ds004507\derivatives\labels\sub-010\ses-headUp\anat\sub-010_ses-headUp_T2w_seg-manual.nii.gz","673","9","",51.40522046069868,0.0,-0.1339512178114899,0.0,16.127292109739553,0.0,6.523125770457698,0.0,6.683262912496467,0.0,9.726315696302649,0.0,3.2532960532133663,0.0,3.2698297172443316,0.0,0.7263996393224615,0.0,2.56929258443549,0.0,0.9427662399835628,0.0,""
"2026-09-29 14:18:22","git-master-bddc7a050319718b5e4e0856afec0bc9ea96418f","C:\Users\marco\Desktop\ds004507\derivatives\labels\sub-010\ses-headUp\anat\sub-010_ses-headUp_T2w_seg-manual.nii.gz","674","9","",51.925007540648046,0.0,-0.10555841347282015,0.0,16.125080717047535,0.0,6.401888293377261,0.0,6.561847727494011,0.0,10.003873798397972,0.0,3.116068018887007,0.0,3.285820274490254,0.0,0.7537948377341989,0.0,-0.15710539778586297,0.0,0.9541168903979593,0.0,""
"2026-09-29 14:18:22","git-master-bddc7a050319718b5e4e0856afec0bc9ea96418f","C:\Users\marco\Desktop\ds004507\derivatives\labels\sub-010\ses-headUp\anat\sub-010_ses-headUp_T2w_seg-manual.nii.gz","675","9","",53.276077534521036,0.0,-0.08162338467731879,0.0,16.122397003354035,0.0,6.4438810580752595,0.0,6.593701339641242,0.0,10.218665581341554,0.0,3.1190696753893827,0.0,3.3248113826858767,0.0,0.7639654199408842,0.0,0.2521261064567224,0.0,0.9547236182050867,0.0,""
"2026-09-29 14:18:22","git-master-bddc7a050319718b5e4e0856afec0bc9ea96418f","C:\Users\marco\Desktop\ds004507\derivatives\labels\sub-010\ses-headUp\anat\sub-010_ses-headUp_T2w_seg-manual.nii.gz","676","9","",54.578718637322595,0.0,-0.06214614675333795,0.0,16.11924094391913,0.0,6.5763080627789945,0.0,6.69958200053898,0.0,10.31288478919044,0.0,3.2467603123878184,0.0,3.3295477503911766,0.0,0.7602266844314156,0.0,3.1083058579994467,0.0,0.9466780204747532,0.0,""
"2026-09-29 14:18:22","git-master-bddc7a050319718b5e4e0856afec0bc9ea96418f","C:\Users\marco\Desktop\ds004507\derivatives\labels\sub-010\ses-headUp\anat\sub-010_ses-headUp_T2w_seg-manual.nii.gz","677","9","",54.06436265921778,0.0,-0.04809056768067578,0.0,16.115510362293143,0.0,6.583501139095696,0.0,6.614385536907722,0.0,10.320469479458584,0.0,3.392202822345811,0.0,3.1912983167498847,0.0,0.7676092700809805,0.0,5.101629149123257,0.0,0.9437060127763799,0.0,""
"2026-09-29 14:18:22","git-master-bddc7a050319718b5e4e0856afec0bc9ea96418f","C:\Users\marco\Desktop\ds004507\derivatives\labels\sub-010\ses-headUp\anat\sub-010_ses-headUp_T2w_seg-manual.nii.gz","678","9","",55.54498618733468,0.0,-0.03993858768814107,0.0,16.11115409449201,0.0,6.653365138924285,0.0,6.628081140482199,0.0,10.58051582991882,0.0,3.4248813399231715,0.0,3.2284837990011135,0.0,0.7792177513438405,0.0,3.51406772052359,0.0,0.9530454893765239,0.0,""
"2026-09-29 14:18:22","git-master-bddc7a050319718b5e4e0856afec0bc9ea96418f","C:\Users\marco\Desktop\ds004507\derivatives\labels\sub-010\ses-headUp\anat\sub-010_ses-headUp_T2w_seg-manual.nii.gz","679","9","",57.60396973928618,0.0,-0.03624443046555703,0.0,16.10632530237723,0.0,6.8585448811566065,0.0,6.744986957306441,0.0,10.778041196744008,0.0,3.510550555686135,0.0,3.3479943254704714,0.0,0.7799410827413449,0.0,1.6852224011595076,0.0,0.9560346791744251,0.0,""
"2026-09-29 14:18:22","git-master-bddc7a050319718b5e4e0856afec0bc9ea96418f","C:\Users\marco\Desktop\ds004507\derivatives\labels\sub-010\ses-headUp\anat\sub-010_ses-headUp_T2w_seg-manual.nii.gz","680","9","",59.299352568847105,0.0,-0.03700809689112227,0.0,16.101023943032914,0.0,7.126605940798703,0.0,6.914442370027362,0.0,10.815852428366673,0.0,3.629509023053255,0.0,3.497096917745448,0.0,0.7688361935556062,0.0,0.4002191477587259,0.0,0.950698275110257,0.0,""
"2026-09-29 14:18:22","git-master-bddc7a050319718b5e4e0856afec0bc9ea96418f","C:\Users\marco\Desktop\ds004507\derivatives\labels\sub-010\ses-headUp\anat\sub-010_ses-headUp_T2w_seg-manual.nii.gz","681","9","",57.75453396345801,0.0,-0.043554886028755596,0.0,16.095109425337856,0.0,7.085924576150039,0.0,6.9158297977408765,0.0,10.53605227010433,0.0,3.558335299289603,0.0,3.527589276860436,0.0,0.7542525327399623,0.0,0.24764994228524553,0.0,0.9440095730307734,0.0,""
"2026-09-29 14:18:22","git-master-bddc7a050319718b5e4e0856afec0bc9ea96418f","C:\Users\marco\Desktop\ds004507\derivatives\labels\sub-010\ses-headUp\anat\sub-010_ses-headUp_T2w_seg-manual.nii.gz","682","9","",56.22441122787778,0.0,-0.05564383014596882,0.0,16.088607155887885,0.0,6.727202286858972,0.0,6.703645781779805,0.0,10.575519040360483,0.0,3.364698632740904,0.0,3.3625036541180684,0.0,0.7728142826704705,0.0,2.6050415275459105,0.0,0.9492085300509822,0.0,""
"2026-09-29 14:18:22","git-master-bddc7a050319718b5e4e0856afec0bc9ea96418f","C:\Users\marco\Desktop\ds004507\derivatives\labels\sub-010\ses-headUp\anat\sub-010_ses-headUp_T2w_seg-manual.nii.gz","683","9","",55.51288865384939,0.0,-0.072190587277666,0.0,16.081632039723296,0.0,6.548653231048039,0.0,6.594933401435229,0.0,10.600068823513515,0.0,3.2690561509756026,0.0,3.2795970800724366,0.0,0.7827965045037002,0.0,4.055631227470887,0.0,0.9527156525229014,0.0,""
"2026-09-29 14:18:22","git-master-bddc7a050319718b5e4e0856afec0bc9ea96418f","C:\Users\marco\Desktop\ds004507\derivatives\labels\sub-010\ses-headUp\anat\sub-010_ses-headUp_T2w_seg-manual.nii.gz","684","9","",55.74604266824625,0.0,-0.09319515041893739,0.0,16.074184015828433,0.0,6.653206452081991,0.0,6.6599072831951975,0.0,10.534104352005684,0.0,3.3212176707871053,0.0,3.3319887812948865,0.0,0.7747709532542373,0.0,3.6879031820852095,0.0,0.9511952711557533,0.0,""
"2026-09-29 14:18:22","git-master-bddc7a050319718b5e4e0856afec0bc9ea96418f","C:\Users\marco\Desktop\ds004507\derivatives\labels\sub-010\ses-headUp\anat\sub-010_ses-headUp_T2w_seg-manual.nii.gz","685","9","",55.74836525990289,0.0,-0.12034422907281925,0.0,16.066083982385248,0.0,6.567372017025977,0.0,6.634979840336826,0.0,10.623688442458963,0.0,3.3397915038158166,0.0,3.2275805132101603,0.0,0.7809572849112817,0.0,3.1374400240478977,0.0,0.952896881788875,0.0,""
"2026-09-29 14:18:22","git-master-bddc7a050319718b5e4e0856afec0bc9ea96418f","C:\Users\marco\Desktop\ds004507\derivatives\labels\sub-010\ses-headUp\anat\sub-010_ses-headUp_T2w_seg-manual.nii.gz","686","9","",57.11298615273294,0.0,-0.1526739215355482,0.0,16.05743403447925,0.0,6.526147653650448,0.0,6.601371465478478,0.0,10.931865892498257,0.0,3.335251609562878,0.0,3.190896044087571,0.0,0.7965307515314091,0.0,2.704122130479293,0.0,0.9548910804558154,0.0,""
"2026-09-29 14:18:22","git-master-bddc7a050319718b5e4e0856afec0bc9ea96418f","C:\Users\marco\Desktop\ds004507\derivatives\labels\sub-010\ses-headUp\anat\sub-010_ses-headUp_T2w_seg-manual.nii.gz","687","9","",58.1927081993086,0.0,-0.1875663798467439,0.0,16.04831079898383,0.0,6.578625272885033,0.0,6.582528955274959,0.0,11.153912782380882,0.0,3.369022901798697,0.0,3.2096023710863366,0.0,0.8072896752562004,0.0,2.460802180476473,0.0,0.9534087568339618,0.0,""
"2026-09-29 14:18:22","git-master-bddc7a050319718b5e4e0856afec0bc9ea96418f","C:\Users\marco\Desktop\ds004507\derivatives\labels\sub-010\ses-headUp\anat\sub-010_ses-headUp_T2w_seg-manual.nii.gz","688","9","",58.16847644517776,0.0,-0.22362097670291328,0.0,16.038714196892183,0.0,6.737149655527812,0.0,6.588724151931486,0.0,11.140932660520072,0.0,3.4607632146339116,0.0,3.2763864408939005,0.0,0.8063790660373921,0.0,2.4306026331854245,0.0,0.9470333932316747,0.0,""
"2026-09-29 14:18:22","git-master-bddc7a050319718b5e4e0856afec0bc9ea96418f","C:\Users\marco\Desktop\ds004507\derivatives\labels\sub-010\ses-headUp\anat\sub-010_ses-headUp_T2w_seg-manual.nii.gz","689","9","",57.65585674595651,0.0,-0.2572834031076762,0.0,16.02842648958302,0.0,6.69769850933686,0.0,6.577492187708648,0.0,11.083027223147653,0.0,3.376294129818145,0.0,3.321404379518715,0.0,0.8048491016470862,0.0,2.1958370112391723,0.0,0.9476238103108702,0.0,""
"2026-09-29 14:18:22","git-master-bddc7a050319718b5e4e0856afec0bc9ea96418f","C:\Users\marco\Desktop\ds004507\derivatives\labels\sub-010\ses-headUp\anat\sub-010_ses-headUp_T2w_seg-manual.nii.gz","690","9","",57.519808549705814,0.0,-0.28917385740847656,0.0,16.01762663941588,0.0,6.535715705418355,0.0,6.5160596481090565,0.0,11.137987784569532,0.0,3.2784586225912755,0.0,3.257257082827079,0.0,0.8109019737382304,0.0,2.0842215668286554,0.0,0.9578905017048376,0.0,""
"2026-09-29 14:18:22","git-master-bddc7a050319718b5e4e0856afec0bc9ea96418f","C:\Users\marco\Desktop\ds004507\derivatives\labels\sub-010\ses-headUp\anat\sub-010_ses-headUp_T2w_seg-manual.nii.gz","691","9","",58.170594975951126,0.0,-0.31942524526032834,0.0,16.006352943156354,0.0,6.396628068537457,0.0,6.488544341657697,0.0,11.279482116415078,0.0,3.2135740694542863,0.0,3.1830539990831705,0.0,0.8179512012680704,0.0,1.9709137648104078,0.0,0.9647530140131775,0.0,""
"2026-09-29 14:18:22","git-master-bddc7a050319718b5e4e0856afec0bc9ea96418f","C:\Users\marco\Desktop\ds004507\derivatives\labels\sub-010\ses-headUp\anat\sub-010_ses-headUp_T2w_seg-manual.nii.gz","692","9","",59.98094610960343,0.0,-0.34803757324836465,0.0,15.994605303948013,0.0,6.396237006564434,0.0,6.563246118920545,0.0,11.49232303199238,0.0,3.2201581310043097,0.0,3.1760788755601244,0.0,0.8208816811759573,0.0,1.7576482741303845,0.0,0.9577098243331165,0.0,""
"2026-09-29 14:18:22","git-master-bddc7a050319718b5e4e0856afec0bc9ea96418f","C:\Users\marco\Desktop\ds004507\derivatives\labels\sub-010\ses-headUp\anat\sub-010_ses-headUp_T2w_seg-manual.nii.gz","693","8","",58.9399216268352,0.0,-0.38327834170737596,0.0,15.97774890521507,0.0,6.252640274512972,0.0,6.375407308796455,0.0,11.656350441389108,0.0,3.031135577585157,0.0,3.2215046969278145,0.0,0.8371671562111818,0.0,2.345114441746897,0.0,0.9613406338145014,0.0,""
"2026-09-29 14:18:22","git-master-bddc7a050319718b5e4e0856afec0bc9ea96418f","C:\Users\marco\Desktop\ds004507\derivatives\labels\sub-010\ses-headUp\anat\sub-010_ses-headUp_T2w_seg-manual.nii.gz","694","8","",57.64803078361527,0.0,-0.40298253388025,0.0,15.966702820641968,0.0,6.055043251325791,0.0,6.233758996643267,0.0,11.673548718641634,0.0,2.979983269458818,0.0,3.075059981866972,0.0,0.8453871087855672,0.0,2.2101598794826947,0.0,0.950253886778886,0.0,""
"2026-09-29 14:18:22","git-master-bddc7a050319718b5e4e0856afec0bc9ea96418f","C:\Users\marco\Desktop\ds004507\derivatives\labels\sub-010\ses-headUp\anat\sub-010_ses-headUp_T2w_seg-manual.nii.gz","695","8","",56.52928240909167,0.0,-0.42187461644862617,0.0,15.955421545577153,0.0,5.904918823949604,0.0,6.099086552185376,0.0,11.707655145347852,0.0,2.9006848389340334,0.0,3.0042339850155706,0.0,0.8535021827629239,0.0,2.042437493346988,0.0,0.9503253957310539,0.0,""
"2026-09-29 14:18:22","git-master-bddc7a050319718b5e4e0856afec0bc9ea96418f","C:\Users\marco\Desktop\ds004507\derivatives\labels\sub-010\ses-headUp\anat\sub-010_ses-headUp_T2w_seg-manual.nii.gz","696","8","",55.687561984482215,0.0,-0.43946732364980584,0.0,15.94376396572559,0.0,5.830750549871009,0.0,5.97557549603996,0.0,11.768814611179982,0.0,2.776352612571735,0.0,3.0543979372992736,0.0,0.8614494509850346,0.0,1.8222865890168751,0.0,0.9682501142636751,0.0,""
"2026-09-29 14:18:22","git-master-bddc7a050319718b5e4e0856afec0bc9ea96418f","C:\Users\marco\Desktop\ds004507\derivatives\labels\sub-010\ses-headUp\anat\sub-010_ses-headUp_T2w_seg-manual.nii.gz","697","8","",56.97672085645841,0.0,-0.45543584105775614,0.0,15.931635742117104,0.0,6.0338794417600194,0.0,6.100029408092751,0.0,11.786631738415787,0.0,2.8834575576346744,0.0,3.150421884125345,0.0,0.8555186120706612,0.0,1.351871617438,0.0,0.9627663003165727,0.0,""
"2026-09-29 14:18:22","git-master-bddc7a050319718b5e4e0856afec0bc9ea96418f","C:\Users\marco\Desktop\ds004507\derivatives\labels\sub-010\ses-headUp\anat\sub-010_ses-headUp_T2w_seg-manual.nii.gz","698","8","",58.74197867011757,0.0,-0.47059226940714266,0.0,15.919272141410914,0.0,6.284369892803816,0.0,6.2835070473111765,0.0,11.786779183705695,0.0,3.0662659123139204,0.0,3.218103980489895,0.0,0.8460334415049181,0.0,0.8375425057905082,0.0,0.9535372658790003,0.0,""
"2026-09-29 14:18:22","git-master-bddc7a050319718b5e4e0856afec0bc9ea96418f","C:\Users\marco\Desktop\ds004507\derivatives\labels\sub-010\ses-headUp\anat\sub-010_ses-headUp_T2w_seg-manual.nii.gz","699","8","",59.60982982366674,0.0,-0.48396212109325687,0.0,15.9063905288663,0.0,6.337808595352378,0.0,6.382472988413548,0.0,11.7612582369771,0.0,3.283571687031208,0.0,3.05423690832117,0.0,0.8398983236318411,0.0,0.49462133472608066,0.0,0.9623335973353875,0.0,""
"2026-09-29 14:18:22","git-master-bddc7a050319718b5e4e0856afec0bc9ea96418f","C:\Users\marco\Desktop\ds004507\derivatives\labels\sub-010\ses-headUp\anat\sub-010_ses-headUp_T2w_seg-manual.nii.gz","700","8","",60.24533906531582,0.0,-0.49619507974647,0.0,15.893179069876378,0.0,6.372086329701905,0.0,6.410757777015413,0.0,11.827290476762021,0.0,3.3637043190092486,0.0,3.008382010692657,0.0,0.8402739965391156,0.0,0.3073937152684174,0.0,0.9647028000510781,0.0,""
"2026-09-29 14:18:22","git-master-bddc7a050319718b5e4e0856afec0bc9ea96418f","C:\Users\marco\Desktop\ds004507\derivatives\labels\sub-010\ses-headUp\anat\sub-010_ses-headUp_T2w_seg-manual.nii.gz","701","8","",60.681698096764805,0.0,-0.5074535586571965,0.0,15.87968488536191,0.0,6.389940377023689,0.0,6.378458720616844,0.0,11.971796876415667,0.0,3.326259971496505,0.0,3.0636804055271836,0.0,0.8462303472581199,0.0,0.2536177114736953,0.0,0.9615630352747432,0.0,""
"2026-09-29 14:18:22","git-master-bddc7a050319718b5e4e0856afec0bc9ea96418f","C:\Users\marco\Desktop\ds004507\derivatives\labels\sub-010\ses-headUp\anat\sub-010_ses-headUp_T2w_seg-manual.nii.gz","702","8","",62.51423970279849,0.0,-0.5167631082200203,0.0,15.865624886744474,0.0,6.396767582669181,0.0,6.410768800258609,0.0,12.257216007027653,0.0,3.2197481012853912,0.0,3.1770194813837898,0.0,0.852180267227362,0.0,-0.8673380602730119,0.0,0.9638889910120255,0.0,""
"2026-09-29 14:18:22","git-master-bddc7a050319718b5e4e0856afec0bc9ea96418f","C:\Users\marco\Desktop\ds004507\derivatives\labels\sub-010\ses-headUp\anat\sub-010_ses-headUp_T2w_seg-manual.nii.gz","703","8","",64.32421294779273,0.0,-0.5252606125315394,0.0,15.851329005985193,0.0,6.441656565147015,0.0,6.478072156039644,0.0,12.48807696580559,0.0,3.1673512828676387,0.0,3.2743052822793755,0.0,0.8549261679937807,0.0,-1.3779485765266588,0.0,0.9610715653727722,0.0,""
"2026-09-29 14:18:22","git-master-bddc7a050319718b5e4e0856afec0bc9ea96418f","C:\Users\marco\Desktop\ds004507\derivatives\labels\sub-010\ses-headUp\anat\sub-010_ses-headUp_T2w_seg-manual.nii.gz","704","8","",65.8216231477136,0.0,-0.5322964392803555,0.0,15.836608480551067,0.0,6.574252078311921,0.0,6.611996170126475,0.0,12.569760900902228,0.0,3.2496634914908946,0.0,3.324588586821026,0.0,0.8504642313194274,0.0,-0.31518606142991623,0.0,0.9456567090400098,0.0,""
"2026-09-29 14:18:22","git-master-bddc7a050319718b5e4e0856afec0bc9ea96418f","C:\Users\marco\Desktop\ds004507\derivatives\labels\sub-010\ses-headUp\anat\sub-010_ses-headUp_T2w_seg-manual.nii.gz","705","8","",66.58494997837622,0.0,-0.5378706040870791,0.0,15.821463014604591,0.0,6.671015668492651,0.0,6.6999159725884505,0.0,12.563204194795889,0.0,3.3471809435694726,0.0,3.323834724923178,0.0,0.8458891666740235,0.0,0.2070198321165362,0.0,0.9434792928172335,0.0,""
"2026-09-29 14:18:22","git-master-bddc7a050319718b5e4e0856afec0bc9ea96418f","C:\Users\marco\Desktop\ds004507\derivatives\labels\sub-010\ses-headUp\anat\sub-010_ses-headUp_T2w_seg-manual.nii.gz","706","8","",66.89065312523604,0.0,-0.542632735734344,0.0,15.806081436428267,0.0,6.729268336284807,0.0,6.748408536746551,0.0,12.527421497028882,0.0,3.4298320358489356,0.0,3.299436300435872,0.0,0.8424638315476748,0.0,0.5013602442413652,0.0,0.9474784857524624,0.0,""
"2026-09-29 14:18:22","git-master-bddc7a050319718b5e4e0856afec0bc9ea96418f","C:\Users\marco\Desktop\ds004507\derivatives\labels\sub-010\ses-headUp\anat\sub-010_ses-headUp_T2w_seg-manual.nii.gz","707","8","",65.61998336917296,0.0,-0.5454459998259343,0.0,15.790132860892953,0.0,6.5164935246630264,0.0,6.569130036590713,0.0,12.611543652416406,0.0,3.2529921787772986,0.0,3.2635013458857283,0.0,0.8534385998289234,0.0,0.9442835275749348,0.0,0.9549973079971602,0.0,""
"2026-09-29 14:18:22","git-master-bddc7a050319718b5e4e0856afec0bc9ea96418f","C:\Users\marco\Desktop\ds004507\derivatives\labels\sub-010\ses-headUp\anat\sub-010_ses-headUp_T2w_seg-manual.nii.gz","708","8","",64.83867214243776,0.0,-0.5472848345181903,0.0,15.773900573943102,0.0,6.402334924054393,0.0,6.491257937012183,0.0,12.639226070489599,0.0,3.1619865877125393,0.0,3.240348336341853,0.0,0.8580273613426618,0.0,1.2432560778244632,0.0,0.9597877014466291,0.0,""
"2026-09-29 14:18:22","git-master-bddc7a050319718b5e4e0856afec0bc9ea96418f","C:\Users\marco\Desktop\ds004507\derivatives\labels\sub-010\ses-headUp\anat\sub-010_ses-headUp_T2w_seg-manual.nii.gz","709","8","",64.62827919991845,0.0,-0.547986834911223,0.0,15.757337290342958,0.0,6.403228569627762,0.0,6.5316933047738415,0.0,12.601062128362742,0.0,3.171120973655804,0.0,3.232107595971958,0.0,0.8551657816276379,0.0,1.3742861061426108,0.0,0.9613949279683309,0.0,""
"2026-09-29 14:18:22","git-master-bddc7a050319718b5e4e0856afec0bc9ea96418f","C:\Users\marco\Desktop\ds004507\derivatives\labels\sub-010\ses-headUp\anat\sub-010_ses-headUp_T2w_seg-manual.nii.gz","710","8","",65.68148704280229,0.0,-0.5469023834260546,0.0,15.740253465056828,0.0,6.514572039156556,0.0,6.619764330352188,0.0,12.650018036275453,0.0,3.1666567011499485,0.0,3.3479153380066067,0.0,0.8521452387765274,0.0,0.25854537436394165,0.0,0.9542563378076864,0.0,""
"2026-09-29 14:18:22","git-master-bddc7a050319718b5e4e0856afec0bc9ea96418f","C:\Users\marco\Desktop\ds004507\derivatives\labels\sub-010\ses-headUp\anat\sub-010_ses-headUp_T2w_seg-manual.nii.gz","711","8","",66.91917459429673,0.0,-0.5450059072555524,0.0,15.722932915893518,0.0,6.61770757531937,0.0,6.6958134726462895,0.0,12.74678710936311,0.0,3.177225109786344,0.0,3.4404824655330257,0.0,0.8508812949310688,0.0,-0.7676237940872381,0.0,0.9469179262786831,0.0,""
"2026-09-29 14:18:22","git-master-bddc7a050319718b5e4e0856afec0bc9ea96418f","C:\Users\marco\Desktop\ds004507\derivatives\labels\sub-010\ses-headUp\anat\sub-010_ses-headUp_T2w_seg-manual.nii.gz","712","8","",68.00597585000642,0.0,-0.5414853802419389,0.0,15.705138766949297,0.0,6.62654404634988,0.0,6.702919575013098,0.0,12.950133490585685,0.0,3.2461440667448622,0.0,3.380399979605018,0.0,0.8555690223990483,0.0,-0.7396024422971994,0.0,0.9442139384808154,0.0,""
"2026-09-29 14:18:22","git-master-bddc7a050319718b5e4e0856afec0bc9ea96418f","C:\Users\marco\Desktop\ds004507\derivatives\labels\sub-010\ses-headUp\anat\sub-010_ses-headUp_T2w_seg-manual.nii.gz","713","8","",68.70673792759538,0.0,-0.5345038590687459,0.0,15.68726645569316,0.0,6.544336056477046,0.0,6.7234552630101385,0.0,13.064560214041496,0.0,3.2793178095573556,0.0,3.2650182469196896,0.0,0.8574103196720447,0.0,-0.8065006300782706,0.0,0.953403043186325,0.0,""
"2026-09-29 14:18:22","git-master-bddc7a050319718b5e4e0856afec0bc9ea96418f","C:\Users\marco\Desktop\ds004507\derivatives\labels\sub-010\ses-headUp\anat\sub-010_ses-headUp_T2w_seg-manual.nii.gz","714","8","",69.1662255188589,0.0,-0.5253592165458155,0.0,15.66934529299208,0.0,6.4052252785396195,0.0,6.752384442026074,0.0,13.123412151393078,0.0,3.290150793528584,0.0,3.1150744850110352,0.0,0.8574725980731767,0.0,-0.932723530091286,0.0,0.9700253307064453,0.0,""
"2026-09-29 14:18:22","git-master-bddc7a050319718b5e4e0856afec0bc9ea96418f","C:\Users\marco\Desktop\ds004507\derivatives\labels\sub-010\ses-headUp\anat\sub-010_ses-headUp_T2w_seg-manual.nii.gz","715","8","",67.87514905909478,0.0,-0.5070775094659172,0.0,15.65178633188562,0.0,6.361603662089085,0.0,6.626237273068005,0.0,13.18928602994001,0.0,3.1129813582569774,0.0,3.248622303832107,0.0,0.8645464738744786,0.0,-0.7541650420232433,0.0,0.9627800389569041,0.0,""
"2026-09-29 14:18:22","git-master-bddc7a050319718b5e4e0856afec0bc9ea96418f","C:\Users\marco\Desktop\ds004507\derivatives\labels\sub-010\ses-headUp\anat\sub-010_ses-headUp_T2w_seg-manual.nii.gz","716","8","",67.65748521227839,0.0,-0.4852814550684317,0.0,15.634366799188786,0.0,6.424962293072311,0.0,6.6043496187779835,0.0,13.220339239845496,0.0,3.054321404613411,0.0,3.3706408884589,0.0,0.866221328765061,0.0,-0.21625036166984268,0.0,0.9562290973375004,0.0,""
"2026-09-29 14:18:22","git-master-bddc7a050319718b5e4e0856afec0bc9ea96418f","C:\Users\marco\Desktop\ds004507\derivatives\labels\sub-010\ses-headUp\anat\sub-010_ses-headUp_T2w_seg-manual.nii.gz","717","8","",69.15728154617835,0.0,-0.4578624449628066,0.0,15.61717035194735,0.0,6.659489319949556,0.0,6.749277187956836,0.0,13.19567937992466,0.0,3.1852766215747104,0.0,3.4742126983748465,0.0,0.8592577501984924,0.0,0.8966342263401341,0.0,0.9507891159263161,0.0,""
"2026-09-29 14:18:22","git-master-bddc7a050319718b5e4e0856afec0bc9ea96418f","C:\Users\marco\Desktop\ds004507\derivatives\labels\sub-010\ses-headUp\anat\sub-010_ses-headUp_T2w_seg-manual.nii.gz","718","8","",69.69417104441317,0.0,-0.4234145001019816,0.0,15.60025299620584,0.0,6.7350459939714105,0.0,6.780751453811704,0.0,13.23988140957622,0.0,3.2606074332704766,0.0,3.474438560700934,0.0,0.8588895616584856,0.0,0.7722592883270708,0.0,0.9495002368034939,0.0,""
"2026-09-29 14:18:22","git-master-bddc7a050319718b5e4e0856afec0bc9ea96418f","C:\Users\marco\Desktop\ds004507\derivatives\labels\sub-010\ses-headUp\anat\sub-010_ses-headUp_T2w_seg-manual.nii.gz","719","8","",69.737922063216,0.0,-0.38545203690091645,0.0,15.58347523205108,0.0,6.725243472049012,0.0,6.764989996052558,0.0,13.291841674261308,0.0,3.292503435700554,0.0,3.432740036348459,0.0,0.8607862737721239,0.0,0.3426837296771907,0.0,0.950852107716481,0.0,""
"2026-09-29 14:18:22","git-master-bddc7a050319718b5e4e0856afec0bc9ea96418f","C:\Users\marco\Desktop\ds004507\derivatives\labels\sub-010\ses-headUp\anat\sub-010_ses-headUp_T2w_seg-manual.nii.gz","720","8","",68.65820772399039,0.0,-0.33975746517461,0.0,15.567004720648578,0.0,6.508266454644626,0.0,6.676630008900907,0.0,13.272850113836348,0.0,3.1772882558574693,0.0,3.330978198787157,0.0,0.8642575459369818,0.0,0.27598297546282696,0.0,0.9598787850506214,0.0,""
"2026-09-29 14:18:22","git-master-bddc7a050319718b5e4e0856afec0bc9ea96418f","C:\Users\marco\Desktop\ds004507\derivatives\labels\sub-010\ses-headUp\anat\sub-010_ses-headUp_T2w_seg-manual.nii.gz","721","8","",67.59761671377693,0.0,-0.28914231128927254,0.0,15.550729890326865,0.0,6.372203581080441,0.0,6.579233079419512,0.0,13.281961913203261,0.0,3.061887966917464,0.0,3.310315614162978,0.0,0.8686485133449505,0.0,0.4192386774200101,0.0,0.9602089819310811,0.0,""
"2026-09-29 14:18:22","git-master-bddc7a050319718b5e4e0856afec0bc9ea96418f","C:\Users\marco\Desktop\ds004507\derivatives\labels\sub-010\ses-headUp\anat\sub-010_ses-headUp_T2w_seg-manual.nii.gz","722","8","",66.55341712843102,0.0,-0.23430951555333707,0.0,15.53462278664583,0.0,6.3054956879507165,0.0,6.474090199369767,0.0,13.315162306677497,0.0,2.94632901303724,0.0,3.3591666749134763,0.0,0.8738277909613,0.0,0.7424570560956633,0.0,0.9530850527083856,0.0,""
"2026-09-29 14:18:22","git-master-bddc7a050319718b5e4e0856afec0bc9ea96418f","C:\Users\marco\Desktop\ds004507\derivatives\labels\sub-010\ses-headUp\anat\sub-010_ses-headUp_T2w_seg-manual.nii.gz","723","8","",67.45415284763779,0.0,-0.1710413134474616,0.0,15.518851398182308,0.0,6.145181310661177,0.0,6.558894711153221,0.0,13.391221792721543,0.0,2.8739046150471825,0.0,3.2712766956139943,0.0,0.871839702816617,0.0,0.5317257077621038,0.0,0.9353423029564201,0.0,""
"2026-09-29 14:18:22","git-master-bddc7a050319718b5e4e0856afec0bc9ea96418f","C:\Users\marco\Desktop\ds004507\derivatives\labels\sub-010\ses-headUp\anat\sub-010_ses-headUp_T2w_seg-manual.nii.gz","724","8","",68.46846339229575,0.0,-0.10425839591370219,0.0,15.503219976208227,0.0,6.071276297810233,0.0,6.602858682664623,0.0,13.555755444950101,0.0,2.8536191458217766,0.0,3.2176571519884556,0.0,0.8731418968113336,0.0,0.3929717643790627,0.0,0.9249336977729481,0.0,""
"2026-09-29 14:18:22","git-master-bddc7a050319718b5e4e0856afec0bc9ea96418f","C:\Users\marco\Desktop\ds004507\derivatives\labels\sub-010\ses-headUp\anat\sub-010_ses-headUp_T2w_seg-manual.nii.gz","725","8","",69.37364192461533,0.0,-0.031149007361567685,0.0,15.487840532232108,0.0,6.2093435707260936,0.0,6.51931630259518,0.0,13.911319891236964,0.0,2.9425585370874314,0.0,3.266785033638663,0.0,0.8831911066998928,0.0,0.5162825559489161,0.0,0.9330179467178248,0.0,""
"2026-09-29 14:18:22","git-master-bddc7a050319718b5e4e0856afec0bc9ea96418f","C:\Users\marco\Desktop\ds004507\derivatives\labels\sub-010\ses-headUp\anat\sub-010_ses-headUp_T2w_seg-manual.nii.gz","726","8","",69.66897178513958,0.0,0.048286504497128235,0.0,15.472713252997114,0.0,6.307112493587572,0.0,6.504151161981648,0.0,13.963301508424195,0.0,3.0058891979701596,0.0,3.3012232956174126,0.0,0.8848737155928152,0.0,-0.5872080997020684,0.0,0.9440425044856254,0.0,""
"2026-09-29 14:18:22","git-master-bddc7a050319718b5e4e0856afec0bc9ea96418f","C:\Users\marco\Desktop\ds004507\derivatives\labels\sub-010\ses-headUp\anat\sub-010_ses-headUp_T2w_seg-manual.nii.gz","727","8","",69.85784800395608,0.0,0.12988460642464697,0.0,15.457726085499043,0.0,6.361542093941685,0.0,6.5176144239041784,0.0,13.92208154647289,0.0,3.050171134468874,0.0,3.3113709594728102,0.0,0.8835979945791573,0.0,-2.074997164755088,0.0,0.9538807661608566,0.0,""
"2026-09-29 14:18:22","git-master-bddc7a050319718b5e4e0856afec0bc9ea96418f","C:\Users\marco\Desktop\ds004507\derivatives\labels\sub-010\ses-headUp\anat\sub-010_ses-headUp_T2w_seg-manual.nii.gz","728","8","",72.02180677185453,0.0,0.20369446487637843,0.0,15.443075380224691,0.0,6.110824357830784,0.0,6.5099399058279435,0.0,14.381551056723898,0.0,3.002448273735035,0.0,3.1083760840957484,0.0,0.8914441866632646,0.0,-1.6314260907879856,0.0,0.9338018276696574,0.0,""
"2026-09-29 14:18:22","git-master-bddc7a050319718b5e4e0856afec0bc9ea96418f","C:\Users\marco\Desktop\ds004507\derivatives\labels\sub-010\ses-headUp\anat\sub-010_ses-headUp_T2w_seg-manual.nii.gz","729","8","",71.50604340696452,0.0,0.2654991074604296,0.0,15.428593024152066,0.0,5.948793021605791,0.0,6.437120154861293,0.0,14.434023170552917,0.0,2.895665798619523,0.0,3.0531272229862685,0.0,0.8950240122346255,0.0,-1.642965680553548,0.0,0.9254909132442235,0.0,""
"2026-09-29 14:18:22","git-master-bddc7a050319718b5e4e0856afec0bc9ea96418f","C:\Users\marco\Desktop\ds004507\derivatives\labels\sub-010\ses-headUp\anat\sub-010_ses-headUp_T2w_seg-manual.nii.gz","730","8","",67.86393755382129,0.0,0.3132976648655203,0.0,15.414307075481458,0.0,5.890229151914362,0.0,6.288297632189157,0.0,14.01166498855628,0.0,2.7199804400587264,0.0,3.170248711855635,0.0,0.8936264102077822,0.0,-2.185467711340556,0.0,0.9309093602288492,0.0,""
"2026-09-29 14:18:22","git-master-bddc7a050319718b5e4e0856afec0bc9ea96418f","C:\Users\marco\Desktop\ds004507\derivatives\labels\sub-010\ses-headUp\anat\sub-010_ses-headUp_T2w_seg-manual.nii.gz","731","8","",68.5898659277717,0.0,0.33908732371967587,0.0,15.400329977684908,0.0,6.166284779779278,0.0,6.496078280073012,0.0,13.743584570146778,0.0,2.8749918588690333,0.0,3.291292920910244,0.0,0.8806980589683965,0.0,-2.767994392664139,0.0,0.9239601266126536,0.0,""
"2026-09-29 14:18:22","git-master-bddc7a050319718b5e4e0856afec0bc9ea96418f","C:\Users\marco\Desktop\ds004507\derivatives\labels\sub-010\ses-headUp\anat\sub-010_ses-headUp_T2w_seg-manual.nii.gz","732","8","",70.36339591457426,0.0,0.3548730564779095,0.0,15.386493322523632,0.0,6.406258750607491,0.0,6.715469994861524,0.0,13.65330794238765,0.0,3.020055289737173,0.0,3.3862034608703184,0.0,0.8705847761055897,0.0,-3.0001989011804775,0.0,0.9183076238748228,0.0,""
"2026-09-29 14:18:22","git-master-bddc7a050319718b5e4e0856afec0bc9ea96418f","C:\Users\marco\Desktop\ds004507\derivatives\labels\sub-010\ses-headUp\anat\sub-010_ses-headUp_T2w_seg-manual.nii.gz","733","8","",72.98163780658484,0.0,0.350651095310909,0.0,15.372937627132023,0.0,6.32316083582466,0.0,6.757442132328596,0.0,14.06220894189515,0.0,2.9315364714822607,0.0,3.391624364342399,0.0,0.8768433873541327,0.0,-2.040405469711077,0.0,0.9244731213987059,0.0,""
"2026-09-29 14:18:22","git-master-bddc7a050319718b5e4e0856afec0bc9ea96418f","C:\Users\marco\Desktop\ds004507\derivatives\labels\sub-010\ses-headUp\anat\sub-010_ses-headUp_T2w_seg-manual.nii.gz","734","8","",73.46480603872202,0.0,0.33042291294994064,0.0,15.35960684435796,0.0,6.30226809712288,0.0,6.767337670440885,0.0,14.148572736926756,0.0,2.895435886322721,0.0,3.406832210800159,0.0,0.8781802887503893,0.0,-1.9968303533052096,0.0,0.9291639310600693,0.0,""
"2026-09-29 14:18:22","git-master-bddc7a050319718b5e4e0856afec0bc9ea96418f","C:\Users\marco\Desktop\ds004507\derivatives\labels\sub-010\ses-headUp\anat\sub-010_ses-headUp_T2w_seg-manual.nii.gz","735","8","",72.61355323343831,0.0,0.30019084234274224,0.0,15.346416631969868,0.0,6.320253593471758,0.0,6.757185333956436,0.0,14.033350779160926,0.0,2.8920966968477893,0.0,3.4281568966239684,0.0,0.8764411214889669,0.0,-2.5258916838140553,0.0,0.9329330608073582,0.0,""
"2026-09-29 14:18:22","git-master-bddc7a050319718b5e4e0856afec0bc9ea96418f","C:\Users\marco\Desktop\ds004507\derivatives\labels\sub-010\ses-headUp\anat\sub-010_ses-headUp_T2w_seg-manual.nii.gz","736","7","",73.74714518928106,0.0,0.20933702229754111,0.0,15.32570013056745,0.0,6.208908700614957,0.0,6.713929420893216,0.0,14.31200355900264,0.0,3.0399313551432146,0.0,3.168977345471743,0.0,0.8831388003887427,0.0,-1.3430125828543782,0.0,0.946750095773209,0.0,""
"2026-09-29 14:18:22","git-master-bddc7a050319718b5e4e0856afec0bc9ea96418f","C:\Users\marco\Desktop\ds004507\derivatives\labels\sub-010\ses-headUp\anat\sub-010_ses-headUp_T2w_seg-manual.nii.gz","737","7","",76.92695442161221,0.0,0.08854393829454392,0.0,15.307404332013796,0.0,6.428932632451926,0.0,7.061211693249576,0.0,14.191035730716377,0.0,3.1803284240204728,0.0,3.248604208431453,0.0,0.867341503854818,0.0,1.7051032599577727,0.0,0.944009617186643,0.0,""
"2026-09-29 14:18:22","git-master-bddc7a050319718b5e4e0856afec0bc9ea96418f","C:\Users\marco\Desktop\ds004507\derivatives\labels\sub-010\ses-headUp\anat\sub-010_ses-headUp_T2w_seg-manual.nii.gz","738","7","",75.50472338082947,0.0,-0.06662782595732505,0.0,15.289592463756836,0.0,6.54171452474835,0.0,6.9544820517115715,0.0,14.213086873647926,0.0,2.9973440559676936,0.0,3.5443704687806568,0.0,0.872090521537433,0.0,0.8105146943096317,0.0,0.9390979799655479,0.0,""
"2026-09-29 14:18:22","git-master-bddc7a050319718b5e4e0856afec0bc9ea96418f","C:\Users\marco\Desktop\ds004507\derivatives\labels\sub-010\ses-headUp\anat\sub-010_ses-headUp_T2w_seg-manual.nii.gz","739","7","",74.36087672333804,0.0,-0.25617558783940747,0.0,15.272264770565203,0.0,6.6764012998675,0.0,6.914433393993921,0.0,14.204886442789924,0.0,3.0615307278012907,0.0,3.614870572066209,0.0,0.8735332953578219,0.0,0.962885524663359,0.0,0.9460138726983731,0.0,""
"2026-09-29 14:18:22","git-master-bddc7a050319718b5e4e0856afec0bc9ea96418f","C:\Users\marco\Desktop\ds004507\derivatives\labels\sub-010\ses-headUp\anat\sub-010_ses-headUp_T2w_seg-manual.nii.gz","740","7","",75.19782952972577,0.0,-0.4490530343932644,0.0,15.25542149035728,0.0,6.542081406887809,0.0,6.891962864015554,0.0,14.323045113047899,0.0,3.02920681058329,0.0,3.5128745963045187,0.0,0.8765937792291427,0.0,0.06318154278972177,0.0,0.9412551514628125,0.0,""
"2026-09-29 14:18:22","git-master-bddc7a050319718b5e4e0856afec0bc9ea96418f","C:\Users\marco\Desktop\ds004507\derivatives\labels\sub-010\ses-headUp\anat\sub-010_ses-headUp_T2w_seg-manual.nii.gz","741","7","",76.23208486274308,0.0,-0.609783589090698,0.0,15.239062854226455,0.0,6.606419263527897,0.0,7.029558847976368,0.0,14.161596112029095,0.0,3.1036342344621817,0.0,3.502785029065716,0.0,0.8677390963052167,0.0,-0.6554402009582855,0.0,0.9428870597242798,0.0,""
"2026-09-29 14:18:22","git-master-bddc7a050319718b5e4e0856afec0bc9ea96418f","C:\Users\marco\Desktop\ds004507\derivatives\labels\sub-010\ses-headUp\anat\sub-010_ses-headUp_T2w_seg-manual.nii.gz","742","7","",76.56058557787841,0.0,-0.7250671818997594,0.0,15.223189086465775,0.0,6.69344061543053,0.0,7.078299047994926,0.0,14.175311446949642,0.0,3.1626525705196467,0.0,3.5307880449108833,0.0,0.8661334452698202,0.0,0.28014224808428545,0.0,0.9456221174379362,0.0,""
"2026-09-29 14:18:22","git-master-bddc7a050319718b5e4e0856afec0bc9ea96418f","C:\Users\marco\Desktop\ds004507\derivatives\labels\sub-010\ses-headUp\anat\sub-010_ses-headUp_T2w_seg-manual.nii.gz","743","7","",76.94947428827453,0.0,-0.7949086262004189,0.0,15.207800404592028,0.0,6.690430066363274,0.0,7.05780770284632,0.0,14.337701249339224,0.0,3.1466897535749045,0.0,3.5437403127883695,0.0,0.8703217966501714,0.0,0.7569843881884313,0.0,0.9475613193063805,0.0,""
"2026-09-29 14:18:22","git-master-bddc7a050319718b5e4e0856afec0bc9ea96418f","C:\Users\marco\Desktop\ds004507\derivatives\labels\sub-010\ses-headUp\anat\sub-010_ses-headUp_T2w_seg-manual.nii.gz","744","7","",77.24988680419955,0.0,-0.8193117775226992,0.0,15.192897019369187,0.0,6.728977374352479,0.0,7.153422091227791,0.0,14.171566142113866,0.0,3.1731986496627638,0.0,3.555778724689716,0.0,0.8632507498033296,0.0,-0.14623988800510107,0.0,0.9582869947228023,0.0,""
"2026-09-29 14:18:22","git-master-bddc7a050319718b5e4e0856afec0bc9ea96418f","C:\Users\marco\Desktop\ds004507\derivatives\labels\sub-010\ses-headUp\anat\sub-010_ses-headUp_T2w_seg-manual.nii.gz","745","7","",75.85607557153521,0.0,-0.7982782956763829,0.0,15.178479134831248,0.0,6.539312522314632,0.0,7.073330996039061,0.0,14.102423720249417,0.0,3.0721928144273964,0.0,3.467119707887236,0.0,0.8651158254738825,0.0,1.172309371486309,0.0,0.9619020324611776,0.0,""
"2026-09-29 14:18:22","git-master-bddc7a050319718b5e4e0856afec0bc9ea96418f","C:\Users\marco\Desktop\ds004507\derivatives\labels\sub-010\ses-headUp\anat\sub-010_ses-headUp_T2w_seg-manual.nii.gz","746","7","",74.3919987753775,0.0,-0.7318071184421058,0.0,15.164546948304466,0.0,6.463739057299059,0.0,7.0392811740269465,0.0,13.987049612229375,0.0,2.925511206223656,0.0,3.5382278510754035,0.0,0.8641296812533477,0.0,2.0397262511252534,0.0,0.9480384946449777,0.0,""
"2026-09-29 14:18:22","git-master-bddc7a050319718b5e4e0856afec0bc9ea96418f","C:\Users\marco\Desktop\ds004507\derivatives\labels\sub-010\ses-headUp\anat\sub-010_ses-headUp_T2w_seg-manual.nii.gz","747","7","",76.94948600546013,0.0,-0.6198946464259544,0.0,15.151100650428933,0.0,6.6477487499222665,0.0,7.158312409441087,0.0,14.156739838169367,0.0,3.0425674225537556,0.0,3.6051813273685114,0.0,0.862740491483966,0.0,2.717592461069012,0.0,0.9444712699179141,0.0,""
"2026-09-29 14:18:22","git-master-bddc7a050319718b5e4e0856afec0bc9ea96418f","C:\Users\marco\Desktop\ds004507\derivatives\labels\sub-010\ses-headUp\anat\sub-010_ses-headUp_T2w_seg-manual.nii.gz","748","7","",77.91432265304083,0.0,-0.45748545381065336,0.0,15.138194457615796,0.0,6.669981925490327,0.0,7.149611680897708,0.0,14.295323180915164,0.0,3.106356633746803,0.0,3.5636252917435245,0.0,0.8659412065652069,0.0,2.767527571550096,0.0,0.9627727030553148,0.0,""
"2026-09-29 14:18:22","git-master-bddc7a050319718b5e4e0856afec0bc9ea96418f","C:\Users\marco\Desktop\ds004507\derivatives\labels\sub-010\ses-headUp\anat\sub-010_ses-headUp_T2w_seg-manual.nii.gz","749","7","",78.59668872712042,0.0,-0.24962459369302967,0.0,15.125774556728635,0.0,6.486040425993949,0.0,7.0620642271262755,0.0,14.663675158509374,0.0,3.028665346203473,0.0,3.4573750797904754,0.0,0.8762835542829839,0.0,1.0473894029483681,0.0,0.9516955747032707,0.0,""
"2026-09-29 14:18:22","git-master-bddc7a050319718b5e4e0856afec0bc9ea96418f","C:\Users\marco\Desktop\ds004507\derivatives\labels\sub-010\ses-headUp\anat\sub-010_ses-headUp_T2w_seg-manual.nii.gz","750","7","",81.27882242536307,0.0,-0.03942164865139275,0.0,15.113841115646336,0.0,6.647815495014599,0.0,7.190881299386218,0.0,14.841591195499282,0.0,3.07249562091224,0.0,3.575319874102359,0.0,0.8747829873611936,0.0,1.6109188378603734,0.0,0.9474363164262126,0.0,""
"2026-09-29 14:18:22","git-master-bddc7a050319718b5e4e0856afec0bc9ea96418f","C:\Users\marco\Desktop\ds004507\derivatives\labels\sub-010\ses-headUp\anat\sub-010_ses-headUp_T2w_seg-manual.nii.gz","751","7","",82.23903251059222,0.0,0.13000998116759335,0.0,15.102394295653577,0.0,6.915605109965189,0.0,7.327407543642658,0.0,14.671229066920965,0.0,3.2317790541767195,0.0,3.6838260557884697,0.0,0.8662212606146024,0.0,1.5175476739175342,0.0,0.962885494075538,0.0,""
"2026-09-29 14:18:22","git-master-bddc7a050319718b5e4e0856afec0bc9ea96418f","C:\Users\marco\Desktop\ds004507\derivatives\labels\sub-010\ses-headUp\anat\sub-010_ses-headUp_T2w_seg-manual.nii.gz","752","7","",82.24630347626615,0.0,0.24789104447483207,0.0,15.091434251458606,0.0,6.959332037467027,0.0,7.314907939068068,0.0,14.711305341883758,0.0,3.261945660187622,0.0,3.6973863772794044,0.0,0.8675140862124855,0.0,2.1738462769004365,0.0,0.9713342653239935,0.0,""
"2026-09-29 14:18:22","git-master-bddc7a050319718b5e4e0856afec0bc9ea96418f","C:\Users\marco\Desktop\ds004507\derivatives\labels\sub-010\ses-headUp\anat\sub-010_ses-headUp_T2w_seg-manual.nii.gz","753","7","",81.59949782494945,0.0,0.31422200037458703,0.0,15.080961131210385,0.0,6.748479260635138,0.0,7.197959537337006,0.0,14.865406581429891,0.0,3.128881365414052,0.0,3.619597895221086,0.0,0.8749223730744498,0.0,2.238163530631781,0.0,0.9560274075762811,0.0,""
"2026-09-29 14:18:22","git-master-bddc7a050319718b5e4e0856afec0bc9ea96418f","C:\Users\marco\Desktop\ds004507\derivatives\labels\sub-010\ses-headUp\anat\sub-010_ses-headUp_T2w_seg-manual.nii.gz","754","7","",82.74855791710218,0.0,0.32900400044787786,0.0,15.07097507651505,0.0,6.732278417199457,0.0,7.285480667691753,0.0,14.890577555784166,0.0,3.1211351891810484,0.0,3.6111432280184093,0.0,0.8719606428690677,0.0,1.3497568970717888,0.0,0.9490048442944944,0.0,""
"2026-09-29 14:18:22","git-master-bddc7a050319718b5e4e0856afec0bc9ea96418f","C:\Users\marco\Desktop\ds004507\derivatives\labels\sub-010\ses-headUp\anat\sub-010_ses-headUp_T2w_seg-manual.nii.gz","755","7","",84.4021900448382,0.0,0.29223744498806764,0.0,15.061476222451722,0.0,7.007018590083878,0.0,7.515194481147836,0.0,14.702782035557366,0.0,3.277876538499675,0.0,3.729142051584203,0.0,0.8594481947190037,0.0,1.1827860615491301,0.0,0.9682566422728444,0.0,""
"2026-09-29 14:18:22","git-master-bddc7a050319718b5e4e0856afec0bc9ea96418f","C:\Users\marco\Desktop\ds004507\derivatives\labels\sub-010\ses-headUp\anat\sub-010_ses-headUp_T2w_seg-manual.nii.gz","756","7","",79.21959017269744,0.0,0.20392157816086132,0.0,15.05246469758768,0.0,6.893675284372818,0.0,7.307399383662082,0.0,14.181087631883374,0.0,3.190601147581926,0.0,3.703074136790892,0.0,0.8570152612855757,0.0,1.066599173465172,0.0,0.9634338592837233,0.0,""
"2026-09-29 14:18:22","git-master-bddc7a050319718b5e4e0856afec0bc9ea96418f","C:\Users\marco\Desktop\ds004507\derivatives\labels\sub-010\ses-headUp\anat\sub-010_ses-headUp_T2w_seg-manual.nii.gz","757","7","",76.66580011924621,0.0,0.0640551220203399,0.0,15.04394062399286,0.0,6.668919474305731,0.0,7.159138729790873,0.0,14.089148285874586,0.0,3.1128897652781635,0.0,3.556029709027568,0.0,0.8612502727795314,0.0,1.505855100936967,0.0,0.9356229010868888,0.0,""
"2026-09-29 14:18:22","git-master-bddc7a050319718b5e4e0856afec0bc9ea96418f","C:\Users\marco\Desktop\ds004507\derivatives\labels\sub-010\ses-headUp\anat\sub-010_ses-headUp_T2w_seg-manual.nii.gz","758","7","",77.34422078377222,0.0,-0.12736205054512872,0.0,15.035904117253649,0.0,6.568480978843556,0.0,7.0870587925114705,0.0,14.33738991219385,0.0,3.132585458692451,0.0,3.4358955201511048,0.0,0.8692879349915578,0.0,2.226277397520655,0.0,0.9444177093358999,0.0,""
"2026-09-29 14:18:22","git-master-bddc7a050319718b5e4e0856afec0bc9ea96418f","C:\Users\marco\Desktop\ds004507\derivatives\labels\sub-010\ses-headUp\anat\sub-010_ses-headUp_T2w_seg-manual.nii.gz","759","7","",80.23230818007353,0.0,-0.32558127086197014,0.0,15.025104079580723,0.0,6.818517543721784,0.0,7.239337873508307,0.0,14.532608477455469,0.0,3.3020598738527247,0.0,3.516457669869059,0.0,0.8670959078725405,0.0,1.024254045188882,0.0,0.9463640685336647,0.0,""
"2026-09-29 14:18:22","git-master-bddc7a050319718b5e4e0856afec0bc9ea96418f","C:\Users\marco\Desktop\ds004507\derivatives\labels\sub-010\ses-headUp\anat\sub-010_ses-headUp_T2w_seg-manual.nii.gz","760","7","",78.8023090775465,0.0,-0.48449557941704696,0.0,15.008840650787898,0.0,6.926090359747477,0.0,7.188015776353906,0.0,14.331854078599097,0.0,3.2234941574401543,0.0,3.702596202307323,0.0,0.865126172070702,0.0,1.5435818885785886,0.0,0.952070802986121,0.0,""
"2026-09-29 14:18:22","git-master-bddc7a050319718b5e4e0856afec0bc9ea96418f","C:\Users\marco\Desktop\ds004507\derivatives\labels\sub-010\ses-headUp\anat\sub-010_ses-headUp_T2w_seg-manual.nii.gz","761","7","",77.89931941090475,0.0,-0.604107210462618,0.0,14.987111302788142,0.0,6.842591409119744,0.0,7.119142200026418,0.0,14.38368274925331,0.0,3.1486860895443707,0.0,3.6939053195753737,0.0,0.8688979204327957,0.0,2.1728377497224645,0.0,0.9595169057898509,0.0,""
"2026-09-29 14:18:22","git-master-bddc7a050319718b5e4e0856afec0bc9ea96418f","C:\Users\marco\Desktop\ds004507\derivatives\labels\sub-010\ses-headUp\anat\sub-010_ses-headUp_T2w_seg-manual.nii.gz","762","7","",78.65900530559088,0.0,-0.6844195036222203,0.0,14.959912717351807,0.0,6.583470165416875,0.0,7.034227209405687,0.0,14.689958039790712,0.0,3.073996939803342,0.0,3.509473225613533,0.0,0.8777488810101532,0.0,2.1988897866633956,0.0,0.9638864293924618,0.0,""
"2026-09-29 14:18:22","git-master-bddc7a050319718b5e4e0856afec0bc9ea96418f","C:\Users\marco\Desktop\ds004507\derivatives\labels\sub-010\ses-headUp\anat\sub-010_ses-headUp_T2w_seg-manual.nii.gz","763","7","",78.42614436530657,0.0,-0.7254355012604382,0.0,14.92724079052981,0.0,6.458573723534155,0.0,6.9345616872195155,0.0,14.848530929450979,0.0,3.0006494629294727,0.0,3.457924260604682,0.0,0.884234450281677,0.0,1.9152670927170523,0.0,0.9487758822605769,0.0,""
"2026-09-29 14:18:22","git-master-bddc7a050319718b5e4e0856afec0bc9ea96418f","C:\Users\marco\Desktop\ds004507\derivatives\labels\sub-010\ses-headUp\anat\sub-010_ses-headUp_T2w_seg-manual.nii.gz","764","7","",79.22266000634811,0.0,-0.7271570064068211,0.0,14.889090638072483,0.0,6.494234390995829,0.0,6.970796287729004,0.0,14.927592197119898,0.0,2.9333611610920842,0.0,3.560873229903745,0.0,0.8842713022472612,0.0,1.9438608885898605,0.0,0.9396824929813897,0.0,""
"2026-09-29 14:18:22","git-master-bddc7a050319718b5e4e0856afec0bc9ea96418f","C:\Users\marco\Desktop\ds004507\derivatives\labels\sub-010\ses-headUp\anat\sub-010_ses-headUp_T2w_seg-manual.nii.gz","765","7","",79.30805733713578,0.0,-0.6895841009271373,0.0,14.845456601855561,0.0,6.551995968358076,0.0,6.978996351304193,0.0,14.858687164518823,0.0,3.0052602983820984,0.0,3.546735669975978,0.0,0.882843333816569,0.0,2.560301221066956,0.0,0.9410962730804219,0.0,""
"2026-09-29 14:18:22","git-master-bddc7a050319718b5e4e0856afec0bc9ea96418f","C:\Users\marco\Desktop\ds004507\derivatives\labels\sub-010\ses-headUp\anat\sub-010_ses-headUp_T2w_seg-manual.nii.gz","766","7","",76.63384587931795,0.0,-0.6127151237572278,0.0,14.796332257326505,0.0,6.546276420420423,0.0,6.819935560841681,0.0,14.602767673939514,0.0,3.1503718017549436,0.0,3.395904618665479,0.0,0.8842415760945894,0.0,2.701137436909788,0.0,0.9417437487170983,0.0,""
"2026-09-29 14:18:22","git-master-bddc7a050319718b5e4e0856afec0bc9ea96418f","C:\Users\marco\Desktop\ds004507\derivatives\labels\sub-010\ses-headUp\anat\sub-010_ses-headUp_T2w_seg-manual.nii.gz","767","7","",77.82966298578336,0.0,-0.49654710918952216,0.0,14.74171042198617,0.0,6.530147089273286,0.0,6.935304168356344,0.0,14.63074575126214,0.0,3.0734620024412274,0.0,3.456685086832059,0.0,0.8803330383546288,0.0,1.4081717761681167,0.0,0.9582214752388137,0.0,""
"2026-09-29 14:18:22","git-master-bddc7a050319718b5e4e0856afec0bc9ea96418f","C:\Users\marco\Desktop\ds004507\derivatives\labels\sub-010\ses-headUp\anat\sub-010_ses-headUp_T2w_seg-manual.nii.gz","768","7","",80.63806325331659,0.0,-0.3458270628355322,0.0,14.681583164922529,0.0,6.864104831982678,0.0,7.291205195268506,0.0,14.502220303546581,0.0,3.3040167350698804,0.0,3.5600880969127973,0.0,0.8644107643752633,0.0,2.1148191925826647,0.0,0.9427017633955512,0.0,""
"2026-09-29 14:18:22","git-master-bddc7a050319718b5e4e0856afec0bc9ea96418f","C:\Users\marco\Desktop\ds004507\derivatives\labels\sub-010\ses-headUp\anat\sub-010_ses-headUp_T2w_seg-manual.nii.gz","769","7","",80.30298467598044,0.0,-0.19855558538509493,0.0,14.615941817415035,0.0,6.816561287102731,0.0,7.154210915134839,0.0,14.558785078717444,0.0,3.2799181919032154,0.0,3.5366430951995156,0.0,0.8709330770842477,0.0,2.784058927398142,0.0,0.9528801979031688,0.0,""
"2026-09-29 14:18:22","git-master-bddc7a050319718b5e4e0856afec0bc9ea96418f","C:\Users\marco\Desktop\ds004507\derivatives\labels\sub-010\ses-headUp\anat\sub-010_ses-headUp_T2w_seg-manual.nii.gz","770","6","",79.40364107759012,0.0,-0.09302937365619625,0.0,14.536983834230346,0.0,6.445176986721437,0.0,6.990709551088121,0.0,14.75895615934526,0.0,3.089370456786939,0.0,3.3558065299344975,0.0,0.8807084282398493,0.0,2.017133968430766,0.0,0.9789060583762571,0.0,""
"2026-09-29 14:18:22","git-master-bddc7a050319718b5e4e0856afec0bc9ea96418f","C:\Users\marco\Desktop\ds004507\derivatives\labels\sub-010\ses-headUp\anat\sub-010_ses-headUp_T2w_seg-manual.nii.gz","771","6","",80.94509015588307,0.0,-0.057058503351806775,0.0,14.474119087675968,0.0,6.449124977022143,0.0,7.140829926949189,0.0,14.739722431955904,0.0,3.047542903591373,0.0,3.40158207343077,0.0,0.8747780839084323,0.0,2.8572030880880495,0.0,0.9604625858330426,0.0,""
"2026-09-29 14:18:22","git-master-bddc7a050319718b5e4e0856afec0bc9ea96418f","C:\Users\marco\Desktop\ds004507\derivatives\labels\sub-010\ses-headUp\anat\sub-010_ses-headUp_T2w_seg-manual.nii.gz","772","6","",82.34242829656422,0.0,-0.04744290682194849,0.0,14.40808944146049,0.0,6.721455745056592,0.0,7.2529893846379325,0.0,14.64568478242914,0.0,3.185938991342601,0.0,3.535516753713991,0.0,0.8686937072102298,0.0,2.514180654934786,0.0,0.9618886470236774,0.0,""
"2026-09-29 14:18:22","git-master-bddc7a050319718b5e4e0856afec0bc9ea96418f","C:\Users\marco\Desktop\ds004507\derivatives\labels\sub-010\ses-headUp\anat\sub-010_ses-headUp_T2w_seg-manual.nii.gz","773","6","",83.16593305327834,0.0,-0.06418257237923455,0.0,14.338891632884048,0.0,7.0317143880315545,0.0,7.318184295973227,0.0,14.532399653505303,0.0,3.35171799137402,0.0,3.6799963966575344,0.0,0.8639486976599092,0.0,1.8581050988382648,0.0,0.9716903277590222,0.0,""
"2026-09-29 14:18:22","git-master-bddc7a050319718b5e4e0856afec0bc9ea96418f","C:\Users\marco\Desktop\ds004507\derivatives\labels\sub-010\ses-headUp\anat\sub-010_ses-headUp_T2w_seg-manual.nii.gz","774","6","",82.67881307196498,0.0,-0.11104251965533424,0.0,14.266068095590516,0.0,7.034149798110753,0.0,7.315985625676196,0.0,14.481774841827239,0.0,3.3158915903289303,0.0,3.718258207781823,0.0,0.8630100498247568,0.0,2.170027390604364,0.0,0.9735496092096326,0.0,""
"2026-09-29 14:18:22","git-master-bddc7a050319718b5e4e0856afec0bc9ea96418f","C:\Users\marco\Desktop\ds004507\derivatives\labels\sub-010\ses-headUp\anat\sub-010_ses-headUp_T2w_seg-manual.nii.gz","775","6","",82.40348032172228,0.0,-0.19555222242769962,0.0,14.188700838623838,0.0,6.993001910650271,0.0,7.247987498542887,0.0,14.506550594951474,0.0,3.16808422306849,0.0,3.8249176875817814,0.0,0.8662199462033044,0.0,2.9047212677108227,0.0,0.9599723597642901,0.0,""
"2026-09-29 14:18:22","git-master-bddc7a050319718b5e4e0856afec0bc9ea96418f","C:\Users\marco\Desktop\ds004507\derivatives\labels\sub-010\ses-headUp\anat\sub-010_ses-headUp_T2w_seg-manual.nii.gz","776","6","",82.16384871522489,0.0,-0.30641531649623366,0.0,14.108145646747154,0.0,7.090837050480835,0.0,7.2853769011692044,0.0,14.41357499367828,0.0,3.2055043792818347,0.0,3.885332671199,0.0,0.86270720555518,0.0,3.328935032165469,0.0,0.9522227436595317,0.0,""
"2026-09-29 14:18:22","git-master-bddc7a050319718b5e4e0856afec0bc9ea96418f","C:\Users\marco\Desktop\ds004507\derivatives\labels\sub-010\ses-headUp\anat\sub-010_ses-headUp_T2w_seg-manual.nii.gz","777","6","",81.9880882632891,0.0,-0.443630255562353,0.0,14.024398727482025,0.0,7.238982528014191,0.0,7.377622550510901,0.0,14.255190093489368,0.0,3.368948764144683,0.0,3.8700337638695075,0.0,0.8556516609959952,0.0,3.186631318057772,0.0,0.9544163429662296,0.0,""
"2026-09-29 14:18:22","git-master-bddc7a050319718b5e4e0856afec0bc9ea96418f","C:\Users\marco\Desktop\ds004507\derivatives\labels\sub-010\ses-headUp\anat\sub-010_ses-headUp_T2w_seg-manual.nii.gz","778","6","",82.0452889294873,0.0,-0.6147219380680737,0.0,13.936539896003977,0.0,7.075994436291313,0.0,7.296843277159599,0.0,14.27230613897095,0.0,3.3629061025728437,0.0,3.7130883337184692,0.0,0.859419091767197,0.0,1.8178387173664647,0.0,0.9737120875113068,0.0,""
"2026-09-29 14:18:22","git-master-bddc7a050319718b5e4e0856afec0bc9ea96418f","C:\Users\marco\Desktop\ds004507\derivatives\labels\sub-010\ses-headUp\anat\sub-010_ses-headUp_T2w_seg-manual.nii.gz","779","6","",81.63740787548994,0.0,-0.7959177418148421,0.0,13.844557037928174,0.0,7.045511513823882,0.0,7.351877576193909,0.0,14.204508686582246,0.0,3.2165658102523373,0.0,3.828945703571546,0.0,0.855593958805756,0.0,1.360228700904864,0.0,0.9573325283248948,0.0,""
"2026-09-29 14:18:22","git-master-bddc7a050319718b5e4e0856afec0bc9ea96418f","C:\Users\marco\Desktop\ds004507\derivatives\labels\sub-010\ses-headUp\anat\sub-010_ses-headUp_T2w_seg-manual.nii.gz","780","6","",82.92306490548927,0.0,-0.971769049221388,0.0,13.749359584377162,0.0,7.184728171683632,0.0,7.524716947176474,0.0,14.188238589460154,0.0,3.2694851881352234,0.0,3.9152429835484095,0.0,0.8477019627128015,0.0,1.011677781920813,0.0,0.9481268583761658,0.0,""
"2026-09-29 14:18:22","git-master-bddc7a050319718b5e4e0856afec0bc9ea96418f","C:\Users\marco\Desktop\ds004507\derivatives\labels\sub-010\ses-headUp\anat\sub-010_ses-headUp_T2w_seg-manual.nii.gz","781","6","",85.85794945070738,0.0,-1.1369947092611767,0.0,13.65094326914808,0.0,7.43849719542947,0.0,7.767709043174049,0.0,14.245737893916543,0.0,3.560128578158163,0.0,3.878368617271307,0.0,0.8382617933103474,0.0,0.5829179248829301,0.0,0.9566573696966931,0.0,""
"2026-09-29 14:18:22","git-master-bddc7a050319718b5e4e0856afec0bc9ea96418f","C:\Users\marco\Desktop\ds004507\derivatives\labels\sub-010\ses-headUp\anat\sub-010_ses-headUp_T2w_seg-manual.nii.gz","782","6","",83.72243421963188,0.0,-1.2870421750255274,0.0,13.547916078580212,0.0,7.154742032124563,0.0,7.660737052304298,0.0,14.196166956637676,0.0,3.4627690318111495,0.0,3.691973000313414,0.0,0.8418954117706748,0.0,0.47317974218867326,0.0,0.961328879573615,0.0,""
"2026-09-29 14:18:22","git-master-bddc7a050319718b5e4e0856afec0bc9ea96418f","C:\Users\marco\Desktop\ds004507\derivatives\labels\sub-010\ses-headUp\anat\sub-010_ses-headUp_T2w_seg-manual.nii.gz","783","6","",82.8014106614542,0.0,-1.4249498124442328,0.0,13.441188109237068,0.0,7.079819793508092,0.0,7.571884570842608,0.0,14.180958549713829,0.0,3.4207275264452033,0.0,3.6590922670628885,0.0,0.8455055914772157,0.0,0.6116772221478352,0.0,0.9669945679008095,0.0,""
"2026-09-29 14:18:22","git-master-bddc7a050319718b5e4e0856afec0bc9ea96418f","C:\Users\marco\Desktop\ds004507\derivatives\labels\sub-010\ses-headUp\anat\sub-010_ses-headUp_T2w_seg-manual.nii.gz","784","6","",82.50614703628617,0.0,-1.5522369610169928,0.0,13.331215728350827,0.0,7.083301999496331,0.0,7.555650171336615,0.0,14.170397035318677,0.0,3.400349801292636,0.0,3.682952198203694,0.0,0.8459672946331991,0.0,0.8860789727844081,0.0,0.9732925472219311,0.0,""
"2026-09-29 14:18:22","git-master-bddc7a050319718b5e4e0856afec0bc9ea96418f","C:\Users\marco\Desktop\ds004507\derivatives\labels\sub-010\ses-headUp\anat\sub-010_ses-headUp_T2w_seg-manual.nii.gz","785","6","",82.50895313354582,0.0,-1.6689050164611785,0.0,13.217994263335441,0.0,7.086945376716027,0.0,7.654606487204053,0.0,14.145417172303263,0.0,3.381581227119657,0.0,3.70536414959637,0.0,0.8409345455078796,0.0,1.235408543490144,0.0,0.9800446061744335,0.0,""
"2026-09-29 14:18:22","git-master-bddc7a050319718b5e4e0856afec0bc9ea96418f","C:\Users\marco\Desktop\ds004507\derivatives\labels\sub-010\ses-headUp\anat\sub-010_ses-headUp_T2w_seg-manual.nii.gz","786","6","",81.83684381130305,0.0,-1.7688917797645252,0.0,13.09964947905122,0.0,7.073581246124893,0.0,7.603984527820761,0.0,14.027069041549986,0.0,3.272170938282437,0.0,3.8014103078424557,0.0,0.8403159221490616,0.0,1.144905324291043,0.0,0.9457449078370463,0.0,""
"2026-09-29 14:18:22","git-master-bddc7a050319718b5e4e0856afec0bc9ea96418f","C:\Users\marco\Desktop\ds004507\derivatives\labels\sub-010\ses-headUp\anat\sub-010_ses-headUp_T2w_seg-manual.nii.gz","787","6","",81.45219167602872,0.0,-1.8582670184219234,0.0,12.978032911947626,0.0,7.079647335077343,0.0,7.543798204033279,0.0,13.975687743836936,0.0,3.2486125224690676,0.0,3.8310348126082756,0.0,0.8418004114105603,0.0,0.9841066987419733,0.0,0.9375788269458145,0.0,""
"2026-09-29 14:18:22","git-master-bddc7a050319718b5e4e0856afec0bc9ea96418f","C:\Users\marco\Desktop\ds004507\derivatives\labels\sub-010\ses-headUp\anat\sub-010_ses-headUp_T2w_seg-manual.nii.gz","788","6","",81.38077219776002,0.0,-1.9370323011434967,0.0,12.853139531750944,0.0,7.0903535341901005,0.0,7.487338351910723,0.0,13.951475771741162,0.0,3.3096999741990993,0.0,3.7806535599910016,0.0,0.843792376350895,0.0,0.9603608461524227,0.0,0.949624098911829,0.0,""
"2026-09-29 14:18:22","git-master-bddc7a050319718b5e4e0856afec0bc9ea96418f","C:\Users\marco\Desktop\ds004507\derivatives\labels\sub-010\ses-headUp\anat\sub-010_ses-headUp_T2w_seg-manual.nii.gz","789","6","",81.70660980564968,0.0,-2.003674310353839,0.0,12.724493557126031,0.0,7.083825406806786,0.0,7.455390027129591,0.0,13.897670636658729,0.0,3.4656878376275717,0.0,3.6181375691792144,0.0,0.8439328667276433,0.0,1.4092058644643974,0.0,0.9757436566744541,0.0,""
"2026-09-29 14:18:22","git-master-bddc7a050319718b5e4e0856afec0bc9ea96418f","C:\Users\marco\Desktop\ds004507\derivatives\labels\sub-010\ses-headUp\anat\sub-010_ses-headUp_T2w_seg-manual.nii.gz","790","6","",81.5387349738865,0.0,-2.055166838531576,0.0,12.591139762563696,0.0,7.087777008688293,0.0,7.40422999188183,0.0,13.972329220097308,0.0,3.400968806669503,0.0,3.6868082020187902,0.0,0.8480181945650129,0.0,1.7303053166050937,0.0,0.980642639539858,0.0,""
"2026-09-29 14:18:22","git-master-bddc7a050319718b5e4e0856afec0bc9ea96418f","C:\Users\marco\Desktop\ds004507\derivatives\labels\sub-010\ses-headUp\anat\sub-010_ses-headUp_T2w_seg-manual.nii.gz","791","6","",81.44982057974201,0.0,-2.0960569544380245,0.0,12.454480091381095,0.0,7.21289110288733,0.0,7.443342454777776,0.0,13.96144556103813,0.0,3.409978814247194,0.0,3.802912288640136,0.0,0.8459555726803387,0.0,1.5296895748942732,0.0,0.9671638816065619,0.0,""
"2026-09-29 14:18:22","git-master-bddc7a050319718b5e4e0856afec0bc9ea96418f","C:\Users\marco\Desktop\ds004507\derivatives\labels\sub-010\ses-headUp\anat\sub-010_ses-headUp_T2w_seg-manual.nii.gz","792","6","",81.62191737200946,0.0,-2.1263455468755237,0.0,12.314509300315027,0.0,7.390858788263925,0.0,7.567622315988928,0.0,13.875763273100965,0.0,3.485954267003325,0.0,3.9049045212605997,0.0,0.8381435711570192,0.0,0.9962666636042204,0.0,0.9465390957366583,0.0,""
"2026-09-29 14:18:22","git-master-bddc7a050319718b5e4e0856afec0bc9ea96418f","C:\Users\marco\Desktop\ds004507\derivatives\labels\sub-010\ses-headUp\anat\sub-010_ses-headUp_T2w_seg-manual.nii.gz","793","6","",82.48732069719082,0.0,-2.14300527433286,0.0,12.170270074622833,0.0,7.356238186223108,0.0,7.729429210154619,0.0,13.822444459024844,0.0,3.5040252431583894,0.0,3.85221294306472,0.0,0.8289934867651925,0.0,0.8737388788365656,0.0,0.9547159965606888,0.0,""
"2026-09-29 14:18:22","git-master-bddc7a050319718b5e4e0856afec0bc9ea96418f","C:\Users\marco\Desktop\ds004507\derivatives\labels\sub-010\ses-headUp\anat\sub-010_ses-headUp_T2w_seg-manual.nii.gz","794","6","",82.5897722757231,0.0,-2.146037334586629,0.0,12.021746481583795,0.0,7.212236150845018,0.0,7.631002764383458,0.0,13.926679261219487,0.0,3.5040810485227327,0.0,3.708155102322285,0.0,0.8363605312131428,0.0,0.8406334028623975,0.0,0.9685971378563466,0.0,""
"2026-09-29 14:18:22","git-master-bddc7a050319718b5e4e0856afec0bc9ea96418f","C:\Users\marco\Desktop\ds004507\derivatives\labels\sub-010\ses-headUp\anat\sub-010_ses-headUp_T2w_seg-manual.nii.gz","795","6","",82.29908609811763,0.0,-2.1384700982752056,0.0,11.869881702017311,0.0,7.12098311954199,0.0,7.550761572373382,0.0,14.037935912670578,0.0,3.463623399950783,0.0,3.657359719591207,0.0,0.8430149078270472,0.0,1.29618676655388,0.0,0.9743881010373244,0.0,""
"2026-09-29 14:18:22","git-master-bddc7a050319718b5e4e0856afec0bc9ea96418f","C:\Users\marco\Desktop\ds004507\derivatives\labels\sub-010\ses-headUp\anat\sub-010_ses-headUp_T2w_seg-manual.nii.gz","796","6","",81.6231905663756,0.0,-2.1203034324296817,0.0,11.714670391574927,0.0,7.119446626827322,0.0,7.544695284217431,0.0,14.0954321009142,0.0,3.385658910076908,0.0,3.7337877167504145,0.0,0.8446890123360979,0.0,2.1432378375625984,0.0,0.968457488540309,0.0,""
"2026-09-29 14:18:22","git-master-bddc7a050319718b5e4e0856afec0bc9ea96418f","C:\Users\marco\Desktop\ds004507\derivatives\labels\sub-010\ses-headUp\anat\sub-010_ses-headUp_T2w_seg-manual.nii.gz","797","6","",79.77831657585703,0.0,-2.086993584149279,0.0,11.554663031111318,0.0,7.090403648862789,0.0,7.368199416304823,0.0,13.951204442727787,0.0,3.370746998977384,0.0,3.719656649885405,0.0,0.8491580867112337,0.0,1.2798193958719377,0.0,0.9576045645638592,0.0,""
"2026-09-29 14:18:22","git-master-bddc7a050319718b5e4e0856afec0bc9ea96418f","C:\Users\marco\Desktop\ds004507\derivatives\labels\sub-010\ses-headUp\anat\sub-010_ses-headUp_T2w_seg-manual.nii.gz","798","6","",81.0003206728159,0.0,-2.041567118104705,0.0,11.390804578028192,0.0,7.158750066119282,0.0,7.455766624671445,0.0,13.926606990026698,0.0,3.4531054337738967,0.0,3.705644632345386,0.0,0.8445674112213146,0.0,0.5683034524683166,0.0,0.9523965999992904,0.0,""
"2026-09-29 14:18:22","git-master-bddc7a050319718b5e4e0856afec0bc9ea96418f","C:\Users\marco\Desktop\ds004507\derivatives\labels\sub-010\ses-headUp\anat\sub-010_ses-headUp_T2w_seg-manual.nii.gz","799","6","",82.6338401381777,0.0,-1.985537128729957,0.0,11.223569328890102,0.0,7.199150488320605,0.0,7.571609331509305,0.0,13.918886828184199,0.0,3.5315033069421413,0.0,3.667647181378463,0.0,0.8390951459673751,0.0,0.29581551647525556,0.0,0.9575739128917116,0.0,""
"2026-09-29 14:18:22","git-master-bddc7a050319718b5e4e0856afec0bc9ea96418f","C:\Users\marco\Desktop\ds004507\derivatives\labels\sub-010\ses-headUp\anat\sub-010_ses-headUp_T2w_seg-manual.nii.gz","800","6","",82.9748727533376,0.0,-1.9189025039351413,0.0,11.052951966187386,0.0,7.126733628561578,0.0,7.563642766863592,0.0,13.862194602994496,0.0,3.539136532766645,0.0,3.587597095794932,0.0,0.838025559475342,0.0,0.6919405789497968,0.0,0.9772209567198178,0.0,""
"2026-09-29 14:18:22","git-master-bddc7a050319718b5e4e0856afec0bc9ea96418f","C:\Users\marco\Desktop\ds004507\derivatives\labels\sub-010\ses-headUp\anat\sub-010_ses-headUp_T2w_seg-manual.nii.gz","801","5","",82.6934314293785,0.0,-1.805305971959337,0.0,10.813018192667888,0.0,7.135495599724614,0.0,7.687380309123042,0.0,13.880434047385274,0.0,3.433852081953849,0.0,3.701643517770765,0.0,0.8326307497031284,0.0,1.741965669734406,0.0,0.9698562916228531,0.0,""
"2026-09-29 14:18:22","git-master-bddc7a050319718b5e4e0856afec0bc9ea96418f","C:\Users\marco\Desktop\ds004507\derivatives\labels\sub-010\ses-headUp\anat\sub-010_ses-headUp_T2w_seg-manual.nii.gz","802","5","",82.17373270298691,0.0,-1.7094283272415407,0.0,10.615445739303674,0.0,7.142440596146306,0.0,7.661670025715038,0.0,13.872307886037264,0.0,3.430094415147627,0.0,3.7123461809986793,0.0,0.833645373431819,0.0,2.2225013787370327,0.0,0.969608165189513,0.0,""
"2026-09-29 14:18:22","git-master-bddc7a050319718b5e4e0856afec0bc9ea96418f","C:\Users\marco\Desktop\ds004507\derivatives\labels\sub-010\ses-headUp\anat\sub-010_ses-headUp_T2w_seg-manual.nii.gz","803","5","",82.84597173460419,0.0,-1.622254912547052,0.0,10.418395522752373,0.0,7.3552854625722075,0.0,7.834622385356369,0.0,13.693202975970175,0.0,3.495600870936947,0.0,3.8596845916352605,0.0,0.8198116046794032,0.0,2.719400330337508,0.0,0.9563994413433148,0.0,""
"2026-09-29 14:18:22","git-master-bddc7a050319718b5e4e0856afec0bc9ea96418f","C:\Users\marco\Desktop\ds004507\derivatives\labels\sub-010\ses-headUp\anat\sub-010_ses-headUp_T2w_seg-manual.nii.gz","804","5","",85.1555646978937,0.0,-1.5437879333052542,0.0,10.221873447591415,0.0,7.595622727846655,0.0,8.044495186592638,0.0,13.693054580145999,0.0,3.6430741408986655,0.0,3.9525485869479886,0.0,0.8092441970717372,0.0,1.7617442418160485,0.0,0.9560874290272978,0.0,""
"2026-09-29 14:18:22","git-master-bddc7a050319718b5e4e0856afec0bc9ea96418f","C:\Users\marco\Desktop\ds004507\derivatives\labels\sub-010\ses-headUp\anat\sub-010_ses-headUp_T2w_seg-manual.nii.gz","805","5","",87.17394269687357,0.0,-1.4740293335048618,0.0,10.025885371725163,0.0,7.743233629702691,0.0,8.131614837219708,0.0,13.809428155363626,0.0,3.7779787458886083,0.0,3.965254883814082,0.0,0.8082373781522031,0.0,0.05804941569381955,0.0,0.9628438924277875,0.0,""
"2026-09-29 14:18:22","git-master-bddc7a050319718b5e4e0856afec0bc9ea96418f","C:\Users\marco\Desktop\ds004507\derivatives\labels\sub-010\ses-headUp\anat\sub-010_ses-headUp_T2w_seg-manual.nii.gz","806","5","",86.06862614455996,0.0,-1.4129808056555302,0.0,9.830437106253957,0.0,7.747058501176883,0.0,7.996312321718045,0.0,13.739242983254309,0.0,3.7603229799100872,0.0,3.986735521266796,0.0,0.8131809278282278,0.0,-0.3867243354216692,0.0,0.9549648879870177,0.0,""
"2026-09-29 14:18:22","git-master-bddc7a050319718b5e4e0856afec0bc9ea96418f","C:\Users\marco\Desktop\ds004507\derivatives\labels\sub-010\ses-headUp\anat\sub-010_ses-headUp_T2w_seg-manual.nii.gz","807","5","",84.95937356903632,0.0,-1.3623864626157312,0.0,9.635645469727384,0.0,7.735782096260322,0.0,7.9814370342888346,0.0,13.612905695821372,0.0,3.6673520790887224,0.0,4.0684300171715995,0.0,0.8100762032187253,0.0,0.6424335730489352,0.0,0.9690617539846352,0.0,""
"2026-09-29 14:18:22","git-master-bddc7a050319718b5e4e0856afec0bc9ea96418f","C:\Users\marco\Desktop\ds004507\derivatives\labels\sub-010\ses-headUp\anat\sub-010_ses-headUp_T2w_seg-manual.nii.gz","808","5","",82.10243458856647,0.0,-1.3213767430067807,0.0,9.441464632402983,0.0,7.589319700498459,0.0,7.868634073042766,0.0,13.357656033540586,0.0,3.5714409775954787,0.0,4.017878722902981,0.0,0.8080656199551112,0.0,1.842676849739397,0.0,0.957413280134981,0.0,""
"2026-09-29 14:18:22","git-master-bddc7a050319718b5e4e0856afec0bc9ea96418f","C:\Users\marco\Desktop\ds004507\derivatives\labels\sub-010\ses-headUp\anat\sub-010_ses-headUp_T2w_seg-manual.nii.gz","809","5","",81.8052550539677,0.0,-1.2890811755321447,0.0,9.247845435757238,0.0,7.432612542684639,0.0,7.887045908277137,0.0,13.299550519489111,0.0,3.4505469574206553,0.0,3.9820655852639844,0.0,0.8051792338779532,0.0,2.3784567133972017,0.0,0.9469408459427334,0.0,""
"2026-09-29 14:18:22","git-master-bddc7a050319718b5e4e0856afec0bc9ea96418f","C:\Users\marco\Desktop\ds004507\derivatives\labels\sub-010\ses-headUp\anat\sub-010_ses-headUp_T2w_seg-manual.nii.gz","810","5","",83.20491999308719,0.0,-1.2655003374493126,0.0,9.054793391664015,0.0,7.475979312756425,0.0,8.004757363880945,0.0,13.297304158411036,0.0,3.4970154677373273,0.0,3.9789638450190976,0.0,0.7983904290255125,0.0,2.0622666030825902,0.0,0.9526486143046476,0.0,""
"2026-09-29 14:18:22","git-master-bddc7a050319718b5e4e0856afec0bc9ea96418f","C:\Users\marco\Desktop\ds004507\derivatives\labels\sub-010\ses-headUp\anat\sub-010_ses-headUp_T2w_seg-manual.nii.gz","811","5","",84.16889853527849,0.0,-1.250634674770924,0.0,8.862313963225146,0.0,7.772025745683891,0.0,8.130122120458415,0.0,13.166025951851928,0.0,3.7805879031681426,0.0,3.9914378425157477,0.0,0.7865126152745419,0.0,1.2223003089378872,0.0,0.9752064210827187,0.0,""
"2026-09-29 14:18:22","git-master-bddc7a050319718b5e4e0856afec0bc9ea96418f","C:\Users\marco\Desktop\ds004507\derivatives\labels\sub-010\ses-headUp\anat\sub-010_ses-headUp_T2w_seg-manual.nii.gz","812","5","",83.6307338828812,0.0,-1.2453560714769851,0.0,8.67047120295343,0.0,7.775999558483797,0.0,8.243352427599278,0.0,13.046717239090288,0.0,3.7609758063247614,0.0,4.015023752159035,0.0,0.775075480983765,0.0,1.1732666347854899,0.0,0.9802672146360375,0.0,""
"2026-09-29 14:18:22","git-master-bddc7a050319718b5e4e0856afec0bc9ea96418f","C:\Users\marco\Desktop\ds004507\derivatives\labels\sub-010\ses-headUp\anat\sub-010_ses-headUp_T2w_seg-manual.nii.gz","813","5","",83.9803574929183,0.0,-1.2505362344470916,0.0,8.479332102158349,0.0,7.787331460621081,0.0,8.306713756383884,0.0,13.130989696938132,0.0,3.662663386372643,0.0,4.124668074248438,0.0,0.7744748951925212,0.0,1.1386568228821887,0.0,0.9812174876653189,0.0,""
"2026-09-29 14:18:22","git-master-bddc7a050319718b5e4e0856afec0bc9ea96418f","C:\Users\marco\Desktop\ds004507\derivatives\labels\sub-010\ses-headUp\anat\sub-010_ses-headUp_T2w_seg-manual.nii.gz","814","5","",83.47129081318623,0.0,-1.2644319017269694,0.0,8.288786106805784,0.0,7.788292163995214,0.0,8.260042358591106,0.0,13.11898876791863,0.0,3.663830415848571,0.0,4.1244617481466435,0.0,0.7768983597468762,0.0,1.2084881091975288,0.0,0.978198087375024,0.0,""
"2026-09-29 14:18:22","git-master-bddc7a050319718b5e4e0856afec0bc9ea96418f","C:\Users\marco\Desktop\ds004507\derivatives\labels\sub-010\ses-headUp\anat\sub-010_ses-headUp_T2w_seg-manual.nii.gz","815","5","",82.18321392762742,0.0,-1.2870427964398732,0.0,8.098838370596692,0.0,7.732310528448576,0.0,8.138420727247508,0.0,13.059249026761357,0.0,3.640196957044462,0.0,4.092113571404113,0.0,0.7820492835172145,0.0,1.2716305124204081,0.0,0.9721383247338261,0.0,""
"2026-09-29 14:18:22","git-master-bddc7a050319718b5e4e0856afec0bc9ea96418f","C:\Users\marco\Desktop\ds004507\derivatives\labels\sub-010\ses-headUp\anat\sub-010_ses-headUp_T2w_seg-manual.nii.gz","816","5","",80.59803892499028,0.0,-1.3183685196159207,0.0,7.909493997067019,0.0,7.625693376739222,0.0,8.026413350925472,0.0,12.96572750996086,0.0,3.550485794453137,0.0,4.075207582286085,0.0,0.785275608734365,0.0,1.1822848771318013,0.0,0.9633373185399595,0.0,""
"2026-09-29 14:18:22","git-master-bddc7a050319718b5e4e0856afec0bc9ea96418f","C:\Users\marco\Desktop\ds004507\derivatives\labels\sub-010\ses-headUp\anat\sub-010_ses-headUp_T2w_seg-manual.nii.gz","817","5","",79.43999420541722,0.0,-1.3584085478199488,0.0,7.720758039520572,0.0,7.55274826445785,0.0,8.054929375232879,0.0,12.749530173175055,0.0,3.5202371891687108,0.0,4.032511075289139,0.0,0.7751457535419733,0.0,0.7890960706546447,0.0,0.9509533517208298,0.0,""
"2026-09-29 14:18:22","git-master-bddc7a050319718b5e4e0856afec0bc9ea96418f","C:\Users\marco\Desktop\ds004507\derivatives\labels\sub-010\ses-headUp\anat\sub-010_ses-headUp_T2w_seg-manual.nii.gz","818","5","",79.47368404956758,0.0,-1.4097757450314248,0.0,7.532822243432835,0.0,7.396691403442008,0.0,8.03078329026762,0.0,12.71475536107699,0.0,3.4448406990063467,0.0,3.9518507044356617,0.0,0.7752852883415126,0.0,1.4659243732651832,0.0,0.9474899748676315,0.0,""
"2026-09-29 14:18:22","git-master-bddc7a050319718b5e4e0856afec0bc9ea96418f","C:\Users\marco\Desktop\ds004507\derivatives\labels\sub-010\ses-headUp\anat\sub-010_ses-headUp_T2w_seg-manual.nii.gz","819","5","",80.20042555453504,0.0,-1.4698546461362247,0.0,7.3455089222991194,0.0,7.4867008544525335,0.0,8.06565178616067,0.0,12.690605728873614,0.0,3.536852180710373,0.0,3.9498486737421605,0.0,0.7720379261028457,0.0,0.6785761608201557,0.0,0.9640990999250232,0.0,""
"2026-09-29 14:18:22","git-master-bddc7a050319718b5e4e0856afec0bc9ea96418f","C:\Users\marco\Desktop\ds004507\derivatives\labels\sub-010\ses-headUp\anat\sub-010_ses-headUp_T2w_seg-manual.nii.gz","820","5","",81.27842204430196,0.0,-1.5386438665528621,0.0,7.1588228634240725,0.0,7.669395873510731,0.0,8.161559121982187,0.0,12.698653349873862,0.0,3.689359129364127,0.0,3.9800367441466045,0.0,0.766083984335858,0.0,-0.403087430422183,0.0,0.9751810671888386,0.0,""
"2026-09-29 14:18:22","git-master-bddc7a050319718b5e4e0856afec0bc9ea96418f","C:\Users\marco\Desktop\ds004507\derivatives\labels\sub-010\ses-headUp\anat\sub-010_ses-headUp_T2w_seg-manual.nii.gz","821","5","",82.1188556803408,0.0,-1.6161417975809922,0.0,6.972768803112519,0.0,7.807695209633609,0.0,8.230008451162655,0.0,12.758305486889544,0.0,3.7903469684549655,0.0,4.0173482411786425,0.0,0.7640502711401451,0.0,-0.7709319356990778,0.0,0.9756019521485537,0.0,""
"2026-09-29 14:18:22","git-master-bddc7a050319718b5e4e0856afec0bc9ea96418f","C:\Users\marco\Desktop\ds004507\derivatives\labels\sub-010\ses-headUp\anat\sub-010_ses-headUp_T2w_seg-manual.nii.gz","822","5","",82.17068229922023,0.0,-1.7023465963356343,0.0,6.787351426640208,0.0,7.809911347445942,0.0,8.164304533915763,0.0,12.872355719703842,0.0,3.7554237826564036,0.0,4.054487564789538,0.0,0.773127053649326,0.0,0.02838709201628188,0.0,0.9748248681507858,0.0,""
"2026-09-29 14:18:22","git-master-bddc7a050319718b5e4e0856afec0bc9ea96418f","C:\Users\marco\Desktop\ds004507\derivatives\labels\sub-010\ses-headUp\anat\sub-010_ses-headUp_T2w_seg-manual.nii.gz","823","5","",82.49070702310186,0.0,-1.7989961811984252,0.0,6.602705181187103,0.0,7.814418153248479,0.0,8.233011187234238,0.0,12.917228494842693,0.0,3.718332572547924,0.0,4.096085580700554,0.0,0.7705603721169308,0.0,-1.0851771959230374,0.0,0.9802466423862078,0.0,""
"2026-09-29 14:18:22","git-master-bddc7a050319718b5e4e0856afec0bc9ea96418f","C:\Users\marco\Desktop\ds004507\derivatives\labels\sub-010\ses-headUp\anat\sub-010_ses-headUp_T2w_seg-manual.nii.gz","824","5","",83.0347994412929,0.0,-1.8969034109349685,0.0,6.41877290710829,0.0,7.8134653190045835,0.0,8.238128243697734,0.0,12.983698793498833,0.0,3.609122669131644,0.0,4.204342649872939,0.0,0.7729134563976788,0.0,-0.35670639828346296,0.0,0.9611432234666553,0.0,""
"2026-09-29 14:18:22","git-master-bddc7a050319718b5e4e0856afec0bc9ea96418f","C:\Users\marco\Desktop\ds004507\derivatives\labels\sub-010\ses-headUp\anat\sub-010_ses-headUp_T2w_seg-manual.nii.gz","825","5","",83.63575318775483,0.0,-1.9899084908128863,0.0,6.23549475994982,0.0,7.802350838675637,0.0,8.27674676660911,0.0,13.012761222137078,0.0,3.554473948986717,0.0,4.24787688968892,0.0,0.771639300998847,0.0,0.5995429092914436,0.0,0.948704088857767,0.0,""
"2026-09-29 14:18:22","git-master-bddc7a050319718b5e4e0856afec0bc9ea96418f","C:\Users\marco\Desktop\ds004507\derivatives\labels\sub-010\ses-headUp\anat\sub-010_ses-headUp_T2w_seg-manual.nii.gz","826","5","",84.04393308307861,0.0,-2.0765010830214488,0.0,6.0528751048734915,0.0,7.841284586560564,0.0,8.351201914940056,0.0,12.976747649839298,0.0,3.633938095959646,0.0,4.2073464906009175,0.0,0.7653294849543861,0.0,1.3361099299450068,0.0,0.949254741944479,0.0,""
"2026-09-29 14:18:22","git-master-bddc7a050319718b5e4e0856afec0bc9ea96418f","C:\Users\marco\Desktop\ds004507\derivatives\labels\sub-010\ses-headUp\anat\sub-010_ses-headUp_T2w_seg-manual.nii.gz","827","5","",84.06397888650065,0.0,-2.1566826298230266,0.0,5.870918255744765,0.0,7.949007716944897,0.0,8.414153863970746,0.0,12.888714334715239,0.0,3.8326329777066364,0.0,4.116374739238261,0.0,0.7575019403516142,0.0,1.5149536832070396,0.0,0.958025425416966,0.0,""
"2026-09-29 14:18:22","git-master-bddc7a050319718b5e4e0856afec0bc9ea96418f","C:\Users\marco\Desktop\ds004507\derivatives\labels\sub-010\ses-headUp\anat\sub-010_ses-headUp_T2w_seg-manual.nii.gz","828","5","",83.7343666856593,0.0,-2.2298138492803266,0.0,5.689695835692581,0.0,7.944218629372519,0.0,8.346323575476154,0.0,12.85990043366792,0.0,3.879108871374062,0.0,4.0651097579984565,0.0,0.7607711183088354,0.0,-0.02972969021108307,0.0,0.9588749011535607,0.0,""
"2026-09-29 14:18:22","git-master-bddc7a050319718b5e4e0856afec0bc9ea96418f","C:\Users\marco\Desktop\ds004507\derivatives\labels\sub-010\ses-headUp\anat\sub-010_ses-headUp_T2w_seg-manual.nii.gz","829","5","",82.91712566079136,0.0,-2.2952562338282356,0.0,5.50928174244948,0.0,8.03718062152586,0.0,8.37288079927332,0.0,12.655177924537824,0.0,3.9313902699962187,0.0,4.10579035152964,0.0,0.7497151829377304,0.0,-1.1108000148544648,0.0,0.9689214099667663,0.0,""
"2026-09-29 14:18:22","git-master-bddc7a050319718b5e4e0856afec0bc9ea96418f","C:\Users\marco\Desktop\ds004507\derivatives\labels\sub-010\ses-headUp\anat\sub-010_ses-headUp_T2w_seg-manual.nii.gz","830","5","",82.07660555963938,0.0,-2.3542929903246734,0.0,5.329546488219199,0.0,7.936293446227661,0.0,8.312144554724972,0.0,12.5987495304638,0.0,3.915084612797872,0.0,4.021208833429789,0.0,0.751437304041116,0.0,-0.04952328051006383,0.0,0.9785960807602683,0.0,""
"2026-09-29 14:18:22","git-master-bddc7a050319718b5e4e0856afec0bc9ea96418f","C:\Users\marco\Desktop\ds004507\derivatives\labels\sub-010\ses-headUp\anat\sub-010_ses-headUp_T2w_seg-manual.nii.gz","831","5","",81.9083853364013,0.0,-2.406925379703041,0.0,5.150494066658034,0.0,7.8365418534106706,0.0,8.292809027304745,0.0,12.632997997723852,0.0,3.869453612759436,0.0,3.9670882406512344,0.0,0.7543779382970358,0.0,1.5028093186098967,0.0,0.9834961842473621,0.0,""
"2026-09-29 14:18:22","git-master-bddc7a050319718b5e4e0856afec0bc9ea96418f","C:\Users\marco\Desktop\ds004507\derivatives\labels\sub-010\ses-headUp\anat\sub-010_ses-headUp_T2w_seg-manual.nii.gz","832","5","",82.4477645602376,0.0,-2.4531545917542177,0.0,4.972128420354052,0.0,7.840588586932006,0.0,8.317690466133914,0.0,12.722558570266983,0.0,3.823094453458672,0.0,4.017494133473334,0.0,0.7564895772666991,0.0,1.9131066347437233,0.0,0.9821952026018459,0.0,""
"2026-09-29 14:18:22","git-master-bddc7a050319718b5e4e0856afec0bc9ea96418f","C:\Users\marco\Desktop\ds004507\derivatives\labels\sub-010\ses-headUp\anat\sub-010_ses-headUp_T2w_seg-manual.nii.gz","833","5","",82.7613082462272,0.0,-2.492981740973137,0.0,4.79445344085283,0.0,7.837086270121053,0.0,8.16448649484213,0.0,12.92550803550577,0.0,3.768969384130626,0.0,4.068116885990427,0.0,0.7752480539925959,0.0,0.24300451316598914,0.0,0.9768243403850725,0.0,""
"2026-09-29 14:18:22","git-master-bddc7a050319718b5e4e0856afec0bc9ea96418f","C:\Users\marco\Desktop\ds004507\derivatives\labels\sub-010\ses-headUp\anat\sub-010_ses-headUp_T2w_seg-manual.nii.gz","834","4","",82.75231493816769,0.0,-2.5317586598871835,0.0,4.576890301193341,0.0,7.811820696866273,0.0,8.331658989936386,0.0,12.77453089260356,0.0,3.7224561174291964,0.0,4.089364579437077,0.0,0.7580395331603701,0.0,1.4955072338026434,0.0,0.9555991235151655,0.0,""
"2026-09-29 14:18:22","git-master-bddc7a050319718b5e4e0856afec0bc9ea96418f","C:\Users\marco\Desktop\ds004507\derivatives\labels\sub-010\ses-headUp\anat\sub-010_ses-headUp_T2w_seg-manual.nii.gz","835","4","",82.51679560330683,0.0,-2.5515764328816335,0.0,4.426584125349969,0.0,7.807420112823397,0.0,8.349528265695042,0.0,12.66767891805571,0.0,3.7464106615158492,0.0,4.061009451307548,0.0,0.7519898903441183,0.0,1.911188821698255,0.0,0.9588311583000133,0.0,""
"2026-09-29 14:18:22","git-master-bddc7a050319718b5e4e0856afec0bc9ea96418f","C:\Users\marco\Desktop\ds004507\derivatives\labels\sub-010\ses-headUp\anat\sub-010_ses-headUp_T2w_seg-manual.nii.gz","836","4","",81.9999436289283,0.0,-2.5674127683455934,0.0,4.276717600980558,0.0,7.842642526874651,0.0,8.395639183698885,0.0,12.52202037611129,0.0,3.7295704684824265,0.0,4.113072058392224,0.0,0.7417071199525801,0.0,2.2383348982874187,0.0,0.9589893363202945,0.0,""
"2026-09-29 14:18:22","git-master-bddc7a050319718b5e4e0856afec0bc9ea96418f","C:\Users\marco\Desktop\ds004507\derivatives\labels\sub-010\ses-headUp\anat\sub-010_ses-headUp_T2w_seg-manual.nii.gz","837","4","",81.503017972085,0.0,-2.5792677391860166,0.0,4.127291401783149,0.0,7.9333189029933,0.0,8.4630941705028,0.0,12.36931926933877,0.0,3.711963356669887,0.0,4.221355546323412,0.0,0.7292917820371441,0.0,2.509356571676384,0.0,0.9584457202194248,0.0,""
"2026-09-29 14:18:22","git-master-bddc7a050319718b5e4e0856afec0bc9ea96418f","C:\Users\marco\Desktop\ds004507\derivatives\labels\sub-010\ses-headUp\anat\sub-010_ses-headUp_T2w_seg-manual.nii.gz","838","4","",82.77323051914938,0.0,-2.584866699986665,0.0,3.9785610239256695,0.0,8.202353726206667,0.0,8.524346675570724,0.0,12.388572432635689,0.0,3.9237875638833106,0.0,4.278566162323355,0.0,0.7256284935469165,0.0,2.8789324724581853,0.0,0.9704668838259515,0.0,""
"2026-09-29 14:18:22","git-master-bddc7a050319718b5e4e0856afec0bc9ea96418f","C:\Users\marco\Desktop\ds004507\derivatives\labels\sub-010\ses-headUp\anat\sub-010_ses-headUp_T2w_seg-manual.nii.gz","839","4","",83.87300777957097,0.0,-2.585631654792808,0.0,3.830372049065861,0.0,8.351336228488606,0.0,8.563954560312391,0.0,12.492942871554519,0.0,4.059940831940697,0.0,4.291395396547909,0.0,0.7280174131542262,0.0,2.105952722351267,0.0,0.9749204005938957,0.0,""
"2026-09-29 14:18:22","git-master-bddc7a050319718b5e4e0856afec0bc9ea96418f","C:\Users\marco\Desktop\ds004507\derivatives\labels\sub-010\ses-headUp\anat\sub-010_ses-headUp_T2w_seg-manual.nii.gz","840","4","",84.41008373982002,0.0,-2.582415645979811,0.0,3.682630216174686,0.0,8.421296636556855,0.0,8.568269996692731,0.0,12.57829902034404,0.0,4.124496148943675,0.0,4.296800487613179,0.0,0.7321032930059477,0.0,1.185009359614369,0.0,0.9739223403719052,0.0,""
"2026-09-29 14:18:22","git-master-bddc7a050319718b5e4e0856afec0bc9ea96418f","C:\Users\marco\Desktop\ds004507\derivatives\labels\sub-010\ses-headUp\anat\sub-010_ses-headUp_T2w_seg-manual.nii.gz","841","4","",83.41925424530413,0.0,-2.5737968691489934,0.0,3.535497536226873,0.0,8.419921910807009,0.0,8.49308074159152,0.0,12.476601820052231,0.0,4.075089157722571,0.0,4.344832753084439,0.0,0.7325439035255062,0.0,1.498146507226508,0.0,0.9669382306569302,0.0,""
"2026-09-29 14:18:22","git-master-bddc7a050319718b5e4e0856afec0bc9ea96418f","C:\Users\marco\Desktop\ds004507\derivatives\labels\sub-010\ses-headUp\anat\sub-010_ses-headUp_T2w_seg-manual.nii.gz","842","4","",83.23203601087867,0.0,-2.559490636553439,0.0,3.3890102284901364,0.0,8.359244948618779,0.0,8.461862014980124,0.0,12.488442734230608,0.0,4.081497890885698,0.0,4.27774705773308,0.0,0.7354381823366163,0.0,2.056899722212084,0.0,0.9638719362883471,0.0,""
"2026-09-29 14:18:22","git-master-bddc7a050319718b5e4e0856afec0bc9ea96418f","C:\Users\marco\Desktop\ds004507\derivatives\labels\sub-010\ses-headUp\anat\sub-010_ses-headUp_T2w_seg-manual.nii.gz","843","4","",82.97410623265165,0.0,-2.5412029157536136,0.0,3.242976503301749,0.0,8.311884125597155,0.0,8.46461070078672,0.0,12.474699584061547,0.0,4.0748957596209125,0.0,4.236988365976243,0.0,0.7344864467944775,0.0,2.2885765976459655,0.0,0.9639307426990178,0.0,""
"2026-09-29 14:18:22","git-master-bddc7a050319718b5e4e0856afec0bc9ea96418f","C:\Users\marco\Desktop\ds004507\derivatives\labels\sub-010\ses-headUp\anat\sub-010_ses-headUp_T2w_seg-manual.nii.gz","844","4","",82.23330648318164,0.0,-2.5183647518194103,0.0,3.097462314994392,0.0,8.314552988399898,0.0,8.508203440452053,0.0,12.365012268621395,0.0,4.020356214091288,0.0,4.29419677430861,0.0,0.7256068331614293,0.0,1.829621728377529,0.0,0.9678040325632989,0.0,""
"2026-09-29 14:18:22","git-master-bddc7a050319718b5e4e0856afec0bc9ea96418f","C:\Users\marco\Desktop\ds004507\derivatives\labels\sub-010\ses-headUp\anat\sub-010_ses-headUp_T2w_seg-manual.nii.gz","845","4","",82.18572853640377,0.0,-2.488984345173494,0.0,2.952699491812827,0.0,8.315535190019803,0.0,8.512670823194348,0.0,12.3642871337962,0.0,3.966774069592803,0.0,4.348761120427,0.0,0.7252469267915708,0.0,1.8748827499588776,0.0,0.9682785057282275,0.0,""
"2026-09-29 14:18:22","git-master-bddc7a050319718b5e4e0856afec0bc9ea96418f","C:\Users\marco\Desktop\ds004507\derivatives\labels\sub-010\ses-headUp\anat\sub-010_ses-headUp_T2w_seg-manual.nii.gz","846","4","",81.95668379983496,0.0,-2.457898187154273,0.0,2.808396320271993,0.0,8.31952780156525,0.0,8.514042709361213,0.0,12.318084318916661,0.0,3.947291846506185,0.0,4.372235955059066,0.0,0.7226345354692363,0.0,2.264798655484973,0.0,0.9675210576670784,0.0,""
"2026-09-29 14:18:22","git-master-bddc7a050319718b5e4e0856afec0bc9ea96418f","C:\Users\marco\Desktop\ds004507\derivatives\labels\sub-010\ses-headUp\anat\sub-010_ses-headUp_T2w_seg-manual.nii.gz","847","4","",81.47576022367298,0.0,-2.4256754470440254,0.0,2.6645533697349713,0.0,8.326914171583503,0.0,8.513849955176388,0.0,12.216184039160185,0.0,3.964468372334801,0.0,4.362445799248702,0.0,0.7171365616280394,0.0,2.9343400713371763,0.0,0.9658857299996488,0.0,""
"2026-09-29 14:18:22","git-master-bddc7a050319718b5e4e0856afec0bc9ea96418f","C:\Users\marco\Desktop\ds004507\derivatives\labels\sub-010\ses-headUp\anat\sub-010_ses-headUp_T2w_seg-manual.nii.gz","848","4","",81.23516510749147,0.0,-2.3957331150198544,0.0,2.5215035191756874,0.0,8.333666765949793,0.0,8.468131414816533,0.0,12.206313561682155,0.0,3.9770214742734824,0.0,4.356645291676312,0.0,0.7202111629544212,0.0,2.4938331143738623,0.0,0.96752696242619,0.0,""
"2026-09-29 14:18:22","git-master-bddc7a050319718b5e4e0856afec0bc9ea96418f","C:\Users\marco\Desktop\ds004507\derivatives\labels\sub-010\ses-headUp\anat\sub-010_ses-headUp_T2w_seg-manual.nii.gz","849","4","",80.39016891697338,0.0,-2.3672163290416846,0.0,2.378952069130917,0.0,8.33675282585353,0.0,8.455821851301536,0.0,12.079911306220158,0.0,3.9876870289264583,0.0,4.349065796927071,0.0,0.7139339926926714,0.0,2.1101077364892418,0.0,0.9696338523283555,0.0,""
"2026-09-29 14:18:22","git-master-bddc7a050319718b5e4e0856afec0bc9ea96418f","C:\Users\marco\Desktop\ds004507\derivatives\labels\sub-010\ses-headUp\anat\sub-010_ses-headUp_T2w_seg-manual.nii.gz","850","4","",79.30301416177579,0.0,-2.340030122249668,0.0,2.2368664952027424,0.0,8.324329946436212,0.0,8.455020671817667,0.0,11.915521787415768,0.0,3.997188805891983,0.0,4.327141140544229,0.0,0.704602989409938,0.0,1.7297294430788974,0.0,0.970797730116095,0.0,""
"2026-09-29 14:18:22","git-master-bddc7a050319718b5e4e0856afec0bc9ea96418f","C:\Users\marco\Desktop\ds004507\derivatives\labels\sub-010\ses-headUp\anat\sub-010_ses-headUp_T2w_seg-manual.nii.gz","851","4","",79.05993070218884,0.0,-2.314840045023953,0.0,2.095482369085898,0.0,8.24331800620231,0.0,8.397707089540207,0.0,11.959560359007705,0.0,4.007187165498359,0.0,4.23613084070395,0.0,0.7119705633255019,0.0,1.1681878163830781,0.0,0.965380993138412,0.0,""
"2026-09-29 14:18:22","git-master-bddc7a050319718b5e4e0856afec0bc9ea96418f","C:\Users\marco\Desktop\ds004507\derivatives\labels\sub-010\ses-headUp\anat\sub-010_ses-headUp_T2w_seg-manual.nii.gz","852","4","",78.99774886818318,0.0,-2.2913612148058826,0.0,1.9547025498421453,0.0,8.221855507611599,0.0,8.416512792368842,0.0,11.963342795462108,0.0,4.017575806986583,0.0,4.204279700625015,0.0,0.7106516673626506,0.0,1.2549031912914028,0.0,0.9644172016042185,0.0,""
"2026-09-29 14:18:22","git-master-bddc7a050319718b5e4e0856afec0bc9ea96418f","C:\Users\marco\Desktop\ds004507\derivatives\labels\sub-010\ses-headUp\anat\sub-010_ses-headUp_T2w_seg-manual.nii.gz","853","4","",78.86457463494564,0.0,-2.2692134503829107,0.0,1.81439390293084,0.0,8.22296581826307,0.0,8.456004312406607,0.0,11.930378842705606,0.0,4.027475077709217,0.0,4.195490740553854,0.0,0.7053942384290431,0.0,1.4023210391525662,0.0,0.9653095730724734,0.0,""
"2026-09-29 14:18:22","git-master-bddc7a050319718b5e4e0856afec0bc9ea96418f","C:\Users\marco\Desktop\ds004507\derivatives\labels\sub-010\ses-headUp\anat\sub-010_ses-headUp_T2w_seg-manual.nii.gz","854","4","",78.36794689238761,0.0,-2.2487771795682616,0.0,1.674692535144163,0.0,8.222571053894105,0.0,8.472568648733183,0.0,11.843180309972889,0.0,4.035725684581341,0.0,4.186845369312764,0.0,0.6986956231633342,0.0,1.0575739587168838,0.0,0.9665219896749627,0.0,""
"2026-09-29 14:18:22","git-master-bddc7a050319718b5e4e0856afec0bc9ea96418f","C:\Users\marco\Desktop\ds004507\derivatives\labels\sub-010\ses-headUp\anat\sub-010_ses-headUp_T2w_seg-manual.nii.gz","855","4","",77.65907424602672,0.0,-2.2303379034620945,0.0,1.5357030190557976,0.0,8.152717204206402,0.0,8.489204729863753,0.0,11.725021045277805,0.0,3.985534596593238,0.0,4.167182607613163,0.0,0.6896605341640054,0.0,1.091299945260996,0.0,0.963021456440435,0.0,""
"2026-09-29 14:18:22","git-master-bddc7a050319718b5e4e0856afec0bc9ea96418f","C:\Users\marco\Desktop\ds004507\derivatives\labels\sub-010\ses-headUp\anat\sub-010_ses-headUp_T2w_seg-manual.nii.gz","856","4","",77.6144560572535,0.0,-2.2132300611894107,0.0,1.3971896194270106,0.0,8.105175720852493,0.0,8.478654719864807,0.0,11.742772231243013,0.0,3.9536751121328835,0.0,4.1515006087196085,0.0,0.6914964860814713,0.0,1.60402895906914,0.0,0.9607830967435498,0.0,""
"2026-09-29 14:18:22","git-master-bddc7a050319718b5e4e0856afec0bc9ea96418f","C:\Users\marco\Desktop\ds004507\derivatives\labels\sub-010\ses-headUp\anat\sub-010_ses-headUp_T2w_seg-manual.nii.gz","857","4","",78.6268609559483,0.0,-2.1975487997502428,0.0,1.2591870082880734,0.0,8.110948239947488,0.0,8.427305074656159,0.0,11.973235016616478,0.0,3.9660106600670733,0.0,4.1449375798804144,0.0,0.7103065632980207,0.0,2.7271273517790995,0.0,0.9617845544494187,0.0,""
"2026-09-29 14:18:22","git-master-bddc7a050319718b5e4e0856afec0bc9ea96418f","C:\Users\marco\Desktop\ds004507\derivatives\labels\sub-010\ses-headUp\anat\sub-010_ses-headUp_T2w_seg-manual.nii.gz","858","4","",78.67166932325846,0.0,-2.1841502806366346,0.0,1.1220052542347891,0.0,8.111772649692032,0.0,8.42517751994129,0.0,11.981389063200453,0.0,3.972221830424962,0.0,4.139550819267069,0.0,0.71100325695652,0.0,2.8043500165913278,0.0,0.962212826084196,0.0,""
"2026-09-29 14:18:22","git-master-bddc7a050319718b5e4e0856afec0bc9ea96418f","C:\Users\marco\Desktop\ds004507\derivatives\labels\sub-010\ses-headUp\anat\sub-010_ses-headUp_T2w_seg-manual.nii.gz","859","4","",78.16313599284152,0.0,-2.1720834575873447,0.0,0.985304216035269,0.0,8.025792602764996,0.0,8.368904848053367,0.0,11.979787661280563,0.0,3.94074738426345,0.0,4.085045218501546,0.0,0.7154758231302727,0.0,2.777422031750235,0.0,0.9669362464199229,0.0,""
"2026-09-29 14:18:22","git-master-bddc7a050319718b5e4e0856afec0bc9ea96418f","C:\Users\marco\Desktop\ds004507\derivatives\labels\sub-010\ses-headUp\anat\sub-010_ses-headUp_T2w_seg-manual.nii.gz","860","4","",77.25983763063607,0.0,-2.1613483500336295,0.0,0.849084318231917,0.0,7.872803775178634,0.0,8.270637014108418,0.0,11.976316561270709,0.0,3.8799371055467886,0.0,3.9928666696318453,0.0,0.7232521750692672,0.0,2.6259835781794596,0.0,0.9751484015534958,0.0,""
"2026-09-29 14:18:22","git-master-bddc7a050319718b5e4e0856afec0bc9ea96418f","C:\Users\marco\Desktop\ds004507\derivatives\labels\sub-010\ses-headUp\anat\sub-010_ses-headUp_T2w_seg-manual.nii.gz","861","4","",77.26270095908403,0.0,-2.152801179255648,0.0,0.7136576227093508,0.0,7.868488077080206,0.0,8.285967369601607,0.0,11.956572905956563,0.0,3.8791032069546465,0.0,3.98938487012556,0.0,0.7209280354190231,0.0,1.685675058582475,0.0,0.97763282681308,0.0,""
"2026-09-29 14:18:22","git-master-bddc7a050319718b5e4e0856afec0bc9ea96418f","C:\Users\marco\Desktop\ds004507\derivatives\labels\sub-010\ses-headUp\anat\sub-010_ses-headUp_T2w_seg-manual.nii.gz","862","4","",76.62015455848429,0.0,-2.1457761258688386,0.0,0.578784879667157,0.0,7.86761280576511,0.0,8.30242126088281,0.0,11.835900783832049,0.0,3.8809260911404673,0.0,3.986686714624643,0.0,0.7125153839166987,0.0,1.5011639760867066,0.0,0.9798115475155005,0.0,""
"2026-09-29 14:18:22","git-master-bddc7a050319718b5e4e0856afec0bc9ea96418f","C:\Users\marco\Desktop\ds004507\derivatives\labels\sub-010\ses-headUp\anat\sub-010_ses-headUp_T2w_seg-manual.nii.gz","863","4","",75.81595212407731,0.0,-2.1400829418475826,0.0,0.44439749574679827,0.0,7.869139480993596,0.0,8.311528229275039,0.0,11.698434867340007,0.0,3.8843423036626863,0.0,3.9847971773309094,0.0,0.7037098429085267,0.0,1.8206036913222798,0.0,0.9809234321429444,0.0,""
"2026-09-29 14:18:22","git-master-bddc7a050319718b5e4e0856afec0bc9ea96418f","C:\Users\marco\Desktop\ds004507\derivatives\labels\sub-010\ses-headUp\anat\sub-010_ses-headUp_T2w_seg-manual.nii.gz","864","4","",75.81729744479867,0.0,-2.1362924711584035,0.0,0.3107051552329421,0.0,7.872532982133912,0.0,8.28871955058836,0.0,11.720882823701183,0.0,3.8881540682800835,0.0,3.9843789138538273,0.0,0.7070318955441448,0.0,2.45530236400548,0.0,0.9784558077241005,0.0,""
"2026-09-29 14:18:22","git-master-bddc7a050319718b5e4e0856afec0bc9ea96418f","C:\Users\marco\Desktop\ds004507\derivatives\labels\sub-010\ses-headUp\anat\sub-010_ses-headUp_T2w_seg-manual.nii.gz","865","4","",75.24378812128427,0.0,-2.134309616792099,0.0,0.17767548787947968,0.0,7.877302415978772,0.0,8.302416299044078,0.0,11.615888122669173,0.0,3.8911063013348848,0.0,3.9861961146438865,0.0,0.6992172720931991,0.0,3.1341536886436816,0.0,0.9790518933376077,0.0,""
"2026-09-29 14:18:22","git-master-bddc7a050319718b5e4e0856afec0bc9ea96418f","C:\Users\marco\Desktop\ds004507\derivatives\labels\sub-010\ses-headUp\anat\sub-010_ses-headUp_T2w_seg-manual.nii.gz","866","4","",74.81094192269022,0.0,-2.1336586962884785,0.0,0.04513507119591525,0.0,7.879891605012985,0.0,8.317348599681443,0.0,11.532641822309012,0.0,3.893317171019743,0.0,3.986574433993243,0.0,0.6927135172744131,0.0,3.48613720196154,0.0,0.9807330821823576,0.0,""
"2026-09-29 14:18:22","git-master-bddc7a050319718b5e4e0856afec0bc9ea96418f","C:\Users\marco\Desktop\ds004507\derivatives\labels\sub-010\ses-headUp\anat\sub-010_ses-headUp_T2w_seg-manual.nii.gz","867","4","",75.06276258634168,0.0,-2.1346251295527106,0.0,-0.08681037638227468,0.0,7.876924450562316,0.0,8.310409385753998,0.0,11.581131603995644,0.0,3.894529434460476,0.0,3.9823950161018407,0.0,0.6964686540938976,0.0,3.1138978629380785,0.0,0.9826642047138942,0.0,""
"2026-09-29 14:18:22","git-master-bddc7a050319718b5e4e0856afec0bc9ea96418f","C:\Users\marco\Desktop\ds004507\derivatives\labels\sub-010\ses-headUp\anat\sub-010_ses-headUp_T2w_seg-manual.nii.gz","868","4","",75.53563831046597,0.0,-2.1376845974929584,0.0,-0.2179833121209558,0.0,7.87554257747495,0.0,8.302043596414634,0.0,11.671011621910754,0.0,3.891491676633551,0.0,3.9840509008413987,0.0,0.7027916711727709,0.0,2.932218726925491,0.0,0.9748015649238718,0.0,""
"2026-09-29 14:18:22","git-master-bddc7a050319718b5e4e0856afec0bc9ea96418f","C:\Users\marco\Desktop\ds004507\derivatives\labels\sub-010\ses-headUp\anat\sub-010_ses-headUp_T2w_seg-manual.nii.gz","869","4","",75.81669492636208,0.0,-2.1420759768557636,0.0,-0.3486634240459236,0.0,7.875502861529469,0.0,8.28996806487075,0.0,11.732571167944311,0.0,3.8898609315038315,0.0,3.9856419300256376,0.0,0.7076302638234008,0.0,2.9377400501439594,0.0,0.9710922816923923,0.0,""
"2026-09-29 14:18:22","git-master-bddc7a050319718b5e4e0856afec0bc9ea96418f","C:\Users\marco\Desktop\ds004507\derivatives\labels\sub-010\ses-headUp\anat\sub-010_ses-headUp_T2w_seg-manual.nii.gz","870","4","",75.81525320393528,0.0,-2.147799262258879,0.0,-0.47885037796525365,0.0,7.876896214106477,0.0,8.273418630716575,0.0,11.750903047609631,0.0,3.8907585368037854,0.0,3.9861376773026915,0.0,0.7101339238509181,0.0,3.148444071365358,0.0,0.9743688325003204,0.0,""
"2026-09-29 14:18:22","git-master-bddc7a050319718b5e4e0856afec0bc9ea96418f","C:\Users\marco\Desktop\ds004507\derivatives\labels\sub-010\ses-headUp\anat\sub-010_ses-headUp_T2w_seg-manual.nii.gz","871","3","",75.08682679276554,0.0,-2.1594655834138856,0.0,-0.6650476238739405,0.0,7.887899803582924,0.0,8.322744904239235,0.0,11.57182331322136,0.0,3.8947089000911883,0.0,3.993190903491735,0.0,0.69477720482687,0.0,4.388103323144705,0.0,0.9763942931258106,0.0,""
"2026-09-29 14:18:22","git-master-bddc7a050319718b5e4e0856afec0bc9ea96418f","C:\Users\marco\Desktop\ds004507\derivatives\labels\sub-010\ses-headUp\anat\sub-010_ses-headUp_T2w_seg-manual.nii.gz","872","3","",75.32597348117385,0.0,-2.1695262186758093,0.0,-0.7883286851375236,0.0,7.918455859835206,0.0,8.284192723507848,0.0,11.656324267954215,0.0,3.9707768355458595,0.0,3.947679024289347,0.0,0.7034082884519035,0.0,6.523452622061216,0.0,0.9766395642719911,0.0,""
"2026-09-29 14:18:22","git-master-bddc7a050319718b5e4e0856afec0bc9ea96418f","C:\Users\marco\Desktop\ds004507\derivatives\labels\sub-010\ses-headUp\anat\sub-010_ses-headUp_T2w_seg-manual.nii.gz","873","3","",76.03820899559175,0.0,-2.1807283288349457,0.0,-0.9111833524897919,0.0,7.958009984053242,0.0,8.302228344548304,0.0,11.749134652161791,0.0,3.9998928745831583,0.0,3.958117109470084,0.0,0.7075896717892993,0.0,6.654604257613558,0.0,0.9700995045198323,0.0,""
"2026-09-29 14:18:22","git-master-bddc7a050319718b5e4e0856afec0bc9ea96418f","C:\Users\marco\Desktop\ds004507\derivatives\labels\sub-010\ses-headUp\anat\sub-010_ses-headUp_T2w_seg-manual.nii.gz","874","3","",77.22353333601924,0.0,-2.1930719138912944,0.0,-1.033611625930745,0.0,8.006562176237033,0.0,8.376851767360602,0.0,11.85025446584409,0.0,3.9820570172030845,0.0,4.024505159033947,0.0,0.7073213548390573,0.0,4.78155822980173,0.0,0.9567741138693343,0.0,""
"2026-09-29 14:18:23","git-master-bddc7a050319718b5e4e0856afec0bc9ea96418f","C:\Users\marco\Desktop\ds004507\derivatives\labels\sub-010\ses-headUp\anat\sub-010_ses-headUp_T2w_seg-manual.nii.gz","875","3","",76.73624673557681,0.0,-2.2076982772314877,0.0,-1.1551848638789979,0.0,8.081804028468223,0.0,8.411168718832423,0.0,11.71615728348505,0.0,3.9770204632844544,0.0,4.1047835651837685,0.0,0.6959782189107085,0.0,4.2036323365853345,0.0,0.9578552393557451,0.0,""
"2026-09-29 14:18:23","git-master-bddc7a050319718b5e4e0856afec0bc9ea96418f","C:\Users\marco\Desktop\ds004507\derivatives\labels\sub-010\ses-headUp\anat\sub-010_ses-headUp_T2w_seg-manual.nii.gz","876","3","",76.61114168997075,0.0,-2.223465926560174,0.0,-1.2763295115282944,0.0,8.120686986465921,0.0,8.424392658475572,0.0,11.670998809546177,0.0,3.971965442711853,0.0,4.148721543754069,0.0,0.6920627766861124,0.0,4.066537293747112,0.0,0.9588889978686669,0.0,""
"2026-09-29 14:18:23","git-master-bddc7a050319718b5e4e0856afec0bc9ea96418f","C:\Users\marco\Desktop\ds004507\derivatives\labels\sub-010\ses-headUp\anat\sub-010_ses-headUp_T2w_seg-manual.nii.gz","877","3","",76.84821819920109,0.0,-2.2403748618773536,0.0,-1.3970455688786345,0.0,8.123211050230129,0.0,8.416523586290047,0.0,11.71477904402747,0.0,3.9668919554852793,0.0,4.156319094744849,0.0,0.6955750281652686,0.0,4.370273101287062,0.0,0.9598753894080997,0.0,""
"2026-09-29 14:18:23","git-master-bddc7a050319718b5e4e0856afec0bc9ea96418f","C:\Users\marco\Desktop\ds004507\derivatives\labels\sub-010\ses-headUp\anat\sub-010_ses-headUp_T2w_seg-manual.nii.gz","878","3","",76.60141975134145,0.0,-2.2595661265089517,0.0,-1.5169024014958392,0.0,8.203698861007947,0.0,8.444577397251393,0.0,11.642816943422469,0.0,3.958671214668078,0.0,4.245027646339869,0.0,0.6883707431690208,0.0,4.410796530319024,0.0,0.9590348989116437,0.0,""
"2026-09-29 14:18:23","git-master-bddc7a050319718b5e4e0856afec0bc9ea96418f","C:\Users\marco\Desktop\ds004507\derivatives\labels\sub-010\ses-headUp\anat\sub-010_ses-headUp_T2w_seg-manual.nii.gz","879","3","",76.5959267067038,0.0,-2.2798984153876085,0.0,-1.6363286493591171,0.0,8.246941485829051,0.0,8.456967037676112,0.0,11.62088121612388,0.0,3.9536115692923164,0.0,4.293329916536736,0.0,0.6858484760653941,0.0,4.705928239401823,0.0,0.9592995181412824,0.0,""
"2026-09-29 14:18:23","git-master-bddc7a050319718b5e4e0856afec0bc9ea96418f","C:\Users\marco\Desktop\ds004507\derivatives\labels\sub-010\ses-headUp\anat\sub-010_ses-headUp_T2w_seg-manual.nii.gz","880","3","",76.83173906528816,0.0,-2.301371728513324,0.0,-1.7553243124684683,0.0,8.252938924693444,0.0,8.453692507564204,0.0,11.648971862131702,0.0,3.9517130193579946,0.0,4.30122590533545,0.0,0.6880082268543884,0.0,5.255668228535461,0.0,0.9606692470970158,0.0,""
"2026-09-29 14:18:23","git-master-bddc7a050319718b5e4e0856afec0bc9ea96418f","C:\Users\marco\Desktop\ds004507\derivatives\labels\sub-010\ses-headUp\anat\sub-010_ses-headUp_T2w_seg-manual.nii.gz","881","3","",77.7918268144412,0.0,-2.325126769110908,0.0,-1.8734569590330454,0.0,8.306027557130722,0.0,8.443160258651117,0.0,11.745818455110772,0.0,4.011894498328758,0.0,4.294133058801965,0.0,0.6951291739702102,0.0,5.60775974434443,0.0,0.9595949736798496,0.0,""
"2026-09-29 14:18:23","git-master-bddc7a050319718b5e4e0856afec0bc9ea96418f","C:\Users\marco\Desktop\ds004507\derivatives\labels\sub-010\ses-headUp\anat\sub-010_ses-headUp_T2w_seg-manual.nii.gz","882","3","",78.38908478890767,0.0,-2.3500224916893377,0.0,-1.9911572218583957,0.0,8.331736071422002,0.0,8.431087837255573,0.0,11.818840542376083,0.0,4.034187332936627,0.0,4.297548738485374,0.0,0.7007768249798811,0.0,5.256817830765825,0.0,0.9602180609588685,0.0,""
"2026-09-29 14:18:23","git-master-bddc7a050319718b5e4e0856afec0bc9ea96418f","C:\Users\marco\Desktop\ds004507\derivatives\labels\sub-010\ses-headUp\anat\sub-010_ses-headUp_T2w_seg-manual.nii.gz","883","3","",78.62351298868755,0.0,-2.376058896248613,0.0,-2.108425100944519,0.0,8.33006446756728,0.0,8.417475243377572,0.0,11.868038123927635,0.0,4.018591523181601,0.0,4.311472944385679,0.0,0.7049511798834012,0.0,4.202842487799643,0.0,0.9625385089340727,0.0,""
"2026-09-29 14:18:23","git-master-bddc7a050319718b5e4e0856afec0bc9ea96418f","C:\Users\marco\Desktop\ds004507\derivatives\labels\sub-010\ses-headUp\anat\sub-010_ses-headUp_T2w_seg-manual.nii.gz","884","3","",77.40807353316458,0.0,-2.4043762562442783,0.0,-2.224826556076668,0.0,8.410345460272692,0.0,8.404237665460808,0.0,11.716515452902414,0.0,4.015940638100523,0.0,4.39440482217217,0.0,0.6966640684896325,0.0,5.395507612904544,0.0,0.9633515364839382,0.0,""
"2026-09-29 14:18:23","git-master-bddc7a050319718b5e4e0856afec0bc9ea96418f","C:\Users\marco\Desktop\ds004507\derivatives\labels\sub-010\ses-headUp\anat\sub-010_ses-headUp_T2w_seg-manual.nii.gz","885","3","",76.79640233889724,0.0,-2.433833865804008,0.0,-2.340794017396005,0.0,8.414383754123696,0.0,8.363000859911539,0.0,11.688316063086823,0.0,4.00793710876757,0.0,4.406446645356127,0.0,0.6984634819098903,0.0,5.6829197463975705,0.0,0.9641324512253009,0.0,""
"2026-09-29 14:18:23","git-master-bddc7a050319718b5e4e0856afec0bc9ea96418f","C:\Users\marco\Desktop\ds004507\derivatives\labels\sub-010\ses-headUp\anat\sub-010_ses-headUp_T2w_seg-manual.nii.gz","886","3","",76.78849940588553,0.0,-2.464431724927802,0.0,-2.4563274849025296,0.0,8.34217934912029,0.0,8.293764826729763,0.0,11.783439954480865,0.0,3.994580935182741,0.0,4.34759841393755,0.0,0.7103494201441746,0.0,5.065078888278721,0.0,0.9648812531581606,0.0,""
"2026-09-29 14:18:23","git-master-bddc7a050319718b5e4e0856afec0bc9ea96418f","C:\Users\marco\Desktop\ds004507\derivatives\labels\sub-010\ses-headUp\anat\sub-010_ses-headUp_T2w_seg-manual.nii.gz","887","3","",76.77968219884997,0.0,-2.49730957608073,0.0,-2.570991492253413,0.0,8.327054541646264,0.0,8.354551863902147,0.0,11.714245855429807,0.0,4.0375894939025345,0.0,4.289465047743729,0.0,0.7008732468950918,0.0,6.0762593370598275,0.0,0.962601224481459,0.0,""
"2026-09-29 14:18:23","git-master-bddc7a050319718b5e4e0856afec0bc9ea96418f","C:\Users\marco\Desktop\ds004507\derivatives\labels\sub-010\ses-headUp\anat\sub-010_ses-headUp_T2w_seg-manual.nii.gz","888","3","",76.89119466469691,0.0,-2.531327142679884,0.0,-2.685220077997819,0.0,8.336215392272829,0.0,8.412106347916692,0.0,11.669960905063961,0.0,4.0644854058780115,0.0,4.271729986394817,0.0,0.6930766630842299,0.0,6.4525899253598284,0.0,0.9638084564044364,0.0,""
"2026-09-29 14:18:23","git-master-bddc7a050319718b5e4e0856afec0bc9ea96418f","C:\Users\marco\Desktop\ds004507\derivatives\labels\sub-010\ses-headUp\anat\sub-010_ses-headUp_T2w_seg-manual.nii.gz","889","3","",77.12303680342634,0.0,-2.5664844247252647,0.0,-2.7990132421357474,0.0,8.369661900999983,0.0,8.466428278773401,0.0,11.650585103383325,0.0,4.07526867110917,0.0,4.294393229890813,0.0,0.6869596687115886,0.0,6.194070653178724,0.0,0.9685029489270924,0.0,""
"2026-09-29 14:18:23","git-master-bddc7a050319718b5e4e0856afec0bc9ea96418f","C:\Users\marco\Desktop\ds004507\derivatives\labels\sub-010\ses-headUp\anat\sub-010_ses-headUp_T2w_seg-manual.nii.gz","890","3","",77.35462926735234,0.0,-2.6039205190034935,0.0,-2.9119342678016813,0.0,8.434095993781424,0.0,8.483753801897471,0.0,11.661392838295809,0.0,4.128564672036491,0.0,4.305531321744932,0.0,0.6860993400738843,0.0,6.344248136479389,0.0,0.9730649242754879,0.0,""
"2026-09-29 14:18:23","git-master-bddc7a050319718b5e4e0856afec0bc9ea96418f","C:\Users\marco\Desktop\ds004507\derivatives\labels\sub-010\ses-headUp\anat\sub-010_ses-headUp_T2w_seg-manual.nii.gz","891","3","",77.34449810366901,0.0,-2.6424956794456054,0.0,-3.0244186196618643,0.0,8.454661900318927,0.0,8.465794800895685,0.0,11.68726616654161,0.0,4.135475835084125,0.0,4.319186065234801,0.0,0.689370243327532,0.0,6.523997817760589,0.0,0.9769150614454728,0.0,""
"2026-09-29 14:18:23","git-master-bddc7a050319718b5e4e0856afec0bc9ea96418f","C:\Users\marco\Desktop\ds004507\derivatives\labels\sub-010\ses-headUp\anat\sub-010_ses-headUp_T2w_seg-manual.nii.gz","892","3","",77.09264331237638,0.0,-2.682209906051601,0.0,-3.136466297716297,0.0,8.43135962061249,0.0,8.412551275768044,0.0,11.728205088120728,0.0,4.096002160252071,0.0,4.335357460360419,0.0,0.6967723784725319,0.0,6.733319697022322,0.0,0.9800533604370474,0.0,""
"2026-09-29 14:18:23","git-master-bddc7a050319718b5e4e0856afec0bc9ea96418f","C:\Users\marco\Desktop\ds004507\derivatives\labels\sub-010\ses-headUp\anat\sub-010_ses-headUp_T2w_seg-manual.nii.gz","893","3","",77.32272945128422,0.0,-2.7242015198760394,0.0,-3.24763950345734,0.0,8.432641884491984,0.0,8.378704820925755,0.0,11.754387960638656,0.0,4.150050136053159,0.0,4.282591748438824,0.0,0.7013324348083273,0.0,6.22547513508341,0.0,0.9758094798336436,0.0,""
"2026-09-29 14:18:23","git-master-bddc7a050319718b5e4e0856afec0bc9ea96418f","C:\Users\marco\Desktop\ds004507\derivatives\labels\sub-010\ses-headUp\anat\sub-010_ses-headUp_T2w_seg-manual.nii.gz","894","3","",77.0701060576042,0.0,-2.767331420056044,0.0,-3.3583749520675634,0.0,8.432401450042665,0.0,8.376423929527736,0.0,11.68155692643402,0.0,4.169074437282238,0.0,4.263327012760427,0.0,0.69677869410234,0.0,6.0448132736644915,0.0,0.9725125706411348,0.0,""
"2026-09-29 14:18:23","git-master-bddc7a050319718b5e4e0856afec0bc9ea96418f","C:\Users\marco\Desktop\ds004507\derivatives\labels\sub-010\ses-headUp\anat\sub-010_ses-headUp_T2w_seg-manual.nii.gz","895","3","",76.33477313133635,0.0,-2.8115996065916153,0.0,-3.4686726435469666,0.0,8.430638317264535,0.0,8.405708601573986,0.0,11.509711985506819,0.0,4.1530750639393075,0.0,4.277563253325228,0.0,0.6831111563545701,0.0,6.191334112765568,0.0,0.9701626328595211,0.0,""
"2026-09-29 14:18:23","git-master-bddc7a050319718b5e4e0856afec0bc9ea96418f","C:\Users\marco\Desktop\ds004507\derivatives\labels\sub-010\ses-headUp\anat\sub-010_ses-headUp_T2w_seg-manual.nii.gz","896","3","",76.80525111148503,0.0,-2.8528165694208467,0.0,-3.5783011882257734,0.0,8.429604112407462,0.0,8.421753806653186,0.0,11.609219426698234,0.0,4.139443800003839,0.0,4.290160312403624,0.0,0.6882487951968995,0.0,6.173927346494933,0.0,0.9715942286545266,0.0,""
"2026-09-29 14:18:23","git-master-bddc7a050319718b5e4e0856afec0bc9ea96418f","C:\Users\marco\Desktop\ds004507\derivatives\labels\sub-010\ses-headUp\anat\sub-010_ses-headUp_T2w_seg-manual.nii.gz","897","3","",76.79354199253446,0.0,-2.8898451401294034,0.0,-3.687698229516896,0.0,8.348189820088752,0.0,8.36996942939839,0.0,11.71212701596506,0.0,4.076431276599575,0.0,4.271758543489177,0.0,0.6992144141415297,0.0,6.364648516646952,0.0,0.9698145126188947,0.0,""
"2026-09-29 14:18:23","git-master-bddc7a050319718b5e4e0856afec0bc9ea96418f","C:\Users\marco\Desktop\ds004507\derivatives\labels\sub-010\ses-headUp\anat\sub-010_ses-headUp_T2w_seg-manual.nii.gz","898","3","",76.29964577448465,0.0,-2.922685318717285,0.0,-3.7968637674203345,0.0,8.186395440308404,0.0,8.250355469809598,0.0,11.818434753307296,0.0,3.9640374937265137,0.0,4.22235794658189,0.0,0.7160080131884607,0.0,6.763497623221622,0.0,0.9648234847526256,0.0,""
"2026-09-29 14:18:23","git-master-bddc7a050319718b5e4e0856afec0bc9ea96418f","C:\Users\marco\Desktop\ds004507\derivatives\labels\sub-010\ses-headUp\anat\sub-010_ses-headUp_T2w_seg-manual.nii.gz","899","3","",75.5650023153061,0.0,-2.947150846684405,0.0,-3.905565008894461,0.0,8.178285304159708,0.0,8.205944292612337,0.0,11.715796154966178,0.0,4.003281125684881,0.0,4.175004178474827,0.0,0.7137199540882222,0.0,7.024775050617814,0.0,0.9684399273370993,0.0,""
"2026-09-29 14:18:23","git-master-bddc7a050319718b5e4e0856afec0bc9ea96418f","C:\Users\marco\Desktop\ds004507\derivatives\labels\sub-010\ses-headUp\anat\sub-010_ses-headUp_T2w_seg-manual.nii.gz","900","3","",74.58974374994082,0.0,-2.9674298641278343,0.0,-4.014033478769308,0.0,8.136174925978825,0.0,8.16207748618093,0.0,11.617088693402474,0.0,4.012716186675259,0.0,4.123458739303565,0.0,0.7115816764076371,0.0,6.139827171876662,0.0,0.9692661296219226,0.0,""
"2026-09-29 14:18:23","git-master-bddc7a050319718b5e4e0856afec0bc9ea96418f","C:\Users\marco\Desktop\ds004507\derivatives\labels\sub-010\ses-headUp\anat\sub-010_ses-headUp_T2w_seg-manual.nii.gz","901","3","",73.37387007838883,0.0,-2.9835223710475725,0.0,-4.122269177044875,0.0,8.060064305765756,0.0,8.118755050515377,0.0,11.522312368616184,0.0,3.9923426766976515,0.0,4.067721629068106,0.0,0.7095931801467057,0.0,4.108653986998167,0.0,0.9673020916070956,0.0,""
"2026-09-29 14:18:23","git-master-bddc7a050319718b5e4e0856afec0bc9ea96418f","C:\Users\marco\Desktop\ds004507\derivatives\labels\sub-010\ses-headUp\anat\sub-010_ses-headUp_T2w_seg-manual.nii.gz","902","3","",74.10542100454504,0.0,-2.9912429474319784,0.0,-4.2300381278483865,0.0,7.920985829194635,0.0,7.998127767727344,0.0,11.779963202543568,0.0,3.904483642351846,0.0,4.016502186842789,0.0,0.7335040564408545,0.0,3.455417114663304,0.0,0.9745427300239639,0.0,""
"2026-09-29 14:18:23","git-master-bddc7a050319718b5e4e0856afec0bc9ea96418f","C:\Users\marco\Desktop\ds004507\derivatives\labels\sub-010\ses-headUp\anat\sub-010_ses-headUp_T2w_seg-manual.nii.gz","903","3","",74.10456687931233,0.0,-2.994777822766676,0.0,-4.337573123829489,0.0,7.85484397841797,0.0,7.933486714312498,0.0,11.860663630431427,0.0,3.8546070213553993,0.0,4.000236957062571,0.0,0.7433300244946546,0.0,3.560513942568999,0.0,0.9789316161549321,0.0,""
"2026-09-29 14:18:23","git-master-bddc7a050319718b5e4e0856afec0bc9ea96418f","C:\Users\marco\Desktop\ds004507\derivatives\labels\sub-010\ses-headUp\anat\sub-010_ses-headUp_T2w_seg-manual.nii.gz","904","3","",73.37130770269073,0.0,-2.9941269970516653,0.0,-4.444874164988182,0.0,7.861638753435765,0.0,7.9248318902708395,0.0,11.764413652279757,0.0,3.8427128137083124,0.0,4.018925939727452,0.0,0.739071084308106,0.0,4.423944470715252,0.0,0.98046875,0.0,""
"2026-09-29 14:18:23","git-master-bddc7a050319718b5e4e0856afec0bc9ea96418f","C:\Users\marco\Desktop\ds004507\derivatives\labels\sub-010\ses-headUp\anat\sub-010_ses-headUp_T2w_seg-manual.nii.gz","905","3","",74.08354541217913,0.0,-2.985104724560017,0.0,-4.551706176029212,0.0,7.862089473768644,0.0,7.9398978446607344,0.0,11.906906742290486,0.0,3.891202078736648,0.0,3.9708873950319963,0.0,0.745144863306783,0.0,4.503103470454522,0.0,0.97536322167756,0.0,""
"2026-09-29 14:18:23","git-master-bddc7a050319718b5e4e0856afec0bc9ea96418f","C:\Users\marco\Desktop\ds004507\derivatives\labels\sub-010\ses-headUp\anat\sub-010_ses-headUp_T2w_seg-manual.nii.gz","906","3","",75.51845132944482,0.0,-2.971896420250012,0.0,-4.658303132421783,0.0,7.856118533889466,0.0,7.920715980415685,0.0,12.164841079838927,0.0,3.9373051267871357,0.0,3.9188134071023306,0.0,0.7583362157297745,0.0,3.8680558396129547,0.0,0.9727964825197183,0.0,""
"2026-09-29 14:18:23","git-master-bddc7a050319718b5e4e0856afec0bc9ea96418f","C:\Users\marco\Desktop\ds004507\derivatives\labels\sub-010\ses-headUp\anat\sub-010_ses-headUp_T2w_seg-manual.nii.gz","907","3","",77.67602545448777,0.0,-2.9545020841216507,0.0,-4.764665034165895,0.0,7.843725933798231,0.0,7.867286297535692,0.0,12.53821666492508,0.0,3.9810219578597756,0.0,3.8627039759384547,0.0,0.7786451415770803,0.0,2.51880157819055,0.0,0.972768532526475,0.0,""
"2026-09-29 14:18:23","git-master-bddc7a050319718b5e4e0856afec0bc9ea96418f","C:\Users\marco\Desktop\ds004507\derivatives\labels\sub-010\ses-headUp\anat\sub-010_ses-headUp_T2w_seg-manual.nii.gz","908","2","",75.49296385085867,0.0,-2.9158507202572954,0.0,-4.9235011653908,0.0,7.8489799687978685,0.0,7.943621045768137,0.0,12.063212253629946,0.0,3.954851854507743,0.0,3.8941281142901256,0.0,0.7525810328944446,0.0,3.4671324627156075,0.0,0.9696343196795452,0.0,""
"2026-09-29 14:18:23","git-master-bddc7a050319718b5e4e0856afec0bc9ea96418f","C:\Users\marco\Desktop\ds004507\derivatives\labels\sub-010\ses-headUp\anat\sub-010_ses-headUp_T2w_seg-manual.nii.gz","909","2","",75.7257156807373,0.0,-2.87814386435399,0.0,-5.039925013487,0.0,7.931477508057168,0.0,8.043081875302164,0.0,12.032311524484966,0.0,4.00770304475314,0.0,3.9237744633040283,0.0,0.7436997081812043,0.0,2.9946382143758927,0.0,0.9678962466904133,0.0,""
"2026-09-29 14:18:23","git-master-bddc7a050319718b5e4e0856afec0bc9ea96418f","C:\Users\marco\Desktop\ds004507\derivatives\labels\sub-010\ses-headUp\anat\sub-010_ses-headUp_T2w_seg-manual.nii.gz","910","2","",75.9726342363098,0.0,-2.8344993522190767,0.0,-5.156013530184455,0.0,8.015110562654993,0.0,8.074623654916183,0.0,12.01920271378441,0.0,4.058166941076867,0.0,3.956943621578126,0.0,0.7407232501227083,0.0,2.59678067333745,0.0,0.9652234047020037,0.0,""
"2026-09-29 14:18:23","git-master-bddc7a050319718b5e4e0856afec0bc9ea96418f","C:\Users\marco\Desktop\ds004507\derivatives\labels\sub-010\ses-headUp\anat\sub-010_ses-headUp_T2w_seg-manual.nii.gz","911","2","",76.45355816863287,0.0,-2.7849163518164386,0.0,-5.271766427924624,0.0,8.144301154414363,0.0,8.1006417864218,0.0,12.02149182316032,0.0,4.108305578714645,0.0,4.035995575699718,0.0,0.7388495151604525,0.0,2.5791190127472507,0.0,0.9630438413713934,0.0,""
"2026-09-29 14:18:23","git-master-bddc7a050319718b5e4e0856afec0bc9ea96418f","C:\Users\marco\Desktop\ds004507\derivatives\labels\sub-010\ses-headUp\anat\sub-010_ses-headUp_T2w_seg-manual.nii.gz","912","2","",77.50567797563629,0.0,-2.7287031680530025,0.0,-5.387144275779258,0.0,8.386983353311365,0.0,8.208473792850446,0.0,12.0375936828298,0.0,4.160988682288731,0.0,4.225994671022635,0.0,0.7314355281594873,0.0,3.4167117100935367,0.0,0.9634285143160166,0.0,""
"2026-09-29 14:18:23","git-master-bddc7a050319718b5e4e0856afec0bc9ea96418f","C:\Users\marco\Desktop\ds004507\derivatives\labels\sub-010\ses-headUp\anat\sub-010_ses-headUp_T2w_seg-manual.nii.gz","913","2","",77.32836319094487,0.0,-2.663922886258949,0.0,-5.502036785899128,0.0,8.40317337996267,0.0,8.202876325654827,0.0,12.011952837118118,0.0,4.2115840236002,0.0,4.191589356362471,0.0,0.7305181103206727,0.0,3.244332103042447,0.0,0.9659150905944457,0.0,""
"2026-09-29 14:18:23","git-master-bddc7a050319718b5e4e0856afec0bc9ea96418f","C:\Users\marco\Desktop\ds004507\derivatives\labels\sub-010\ses-headUp\anat\sub-010_ses-headUp_T2w_seg-manual.nii.gz","914","2","",76.44935811204938,0.0,-2.593198803603677,0.0,-5.616592164520076,0.0,8.268329440200244,0.0,8.150935036825315,0.0,11.987249097571459,0.0,4.12782167076319,0.0,4.140507769437054,0.0,0.7332295860427364,0.0,3.198891045358074,0.0,0.9667828865599873,0.0,""
"2026-09-29 14:18:23","git-master-bddc7a050319718b5e4e0856afec0bc9ea96418f","C:\Users\marco\Desktop\ds004507\derivatives\labels\sub-010\ses-headUp\anat\sub-010_ses-headUp_T2w_seg-manual.nii.gz","915","2","",75.67599979851575,0.0,-2.516529815281173,0.0,-5.730810157336539,0.0,8.064942630945502,0.0,8.089208265247382,0.0,12.018411668496027,0.0,3.957666708910972,0.0,4.107275922034532,0.0,0.739488686612333,0.0,3.3327604725077986,0.0,0.9658922624547911,0.0,""
"2026-09-29 14:18:23","git-master-bddc7a050319718b5e4e0856afec0bc9ea96418f","C:\Users\marco\Desktop\ds004507\derivatives\labels\sub-010\ses-headUp\anat\sub-010_ses-headUp_T2w_seg-manual.nii.gz","916","2","",77.04339367864911,0.0,-2.432531271114854,0.0,-5.8446118300563645,0.0,7.985653184774557,0.0,8.097900150416596,0.0,12.248635031628245,0.0,3.8481400926410374,0.0,4.13751309213352,0.0,0.750207500087658,0.0,3.5433950687582487,0.0,0.9635113030616882,0.0,""
"2026-09-29 14:18:23","git-master-bddc7a050319718b5e4e0856afec0bc9ea96418f","C:\Users\marco\Desktop\ds004507\derivatives\labels\sub-010\ses-headUp\anat\sub-010_ses-headUp_T2w_seg-manual.nii.gz","917","2","",75.38841744827599,0.0,-2.3406465023239886,0.0,-5.957965044438595,0.0,7.9808035467321705,0.0,8.098233666566644,0.0,11.975611962713643,0.0,3.878355097484818,0.0,4.102448449247353,0.0,0.7362359789059,0.0,1.9656341736939265,0.0,0.958331113370139,0.0,""
"2026-09-29 14:18:23","git-master-bddc7a050319718b5e4e0856afec0bc9ea96418f","C:\Users\marco\Desktop\ds004507\derivatives\labels\sub-010\ses-headUp\anat\sub-010_ses-headUp_T2w_seg-manual.nii.gz","918","2","",74.92803524197988,0.0,-2.2428104412267307,0.0,-6.070979552905053,0.0,7.967435336041177,0.0,8.0831907663551,0.0,11.879051814504878,0.0,3.906465653760468,0.0,4.060969682280709,0.0,0.7326298849279972,0.0,0.5751193881817521,0.0,0.9568415391475048,0.0,""
"2026-09-29 14:18:23","git-master-bddc7a050319718b5e4e0856afec0bc9ea96418f","C:\Users\marco\Desktop\ds004507\derivatives\labels\sub-010\ses-headUp\anat\sub-010_ses-headUp_T2w_seg-manual.nii.gz","919","2","",76.10203454330086,0.0,-2.139021930971799,0.0,-6.18365513337992,0.0,7.960037818530671,0.0,8.067487162892693,0.0,12.023464924052123,0.0,3.9136164758945133,0.0,4.046421342636156,0.0,0.7414514304421902,0.0,-0.13039143600629932,0.0,0.9597413212143604,0.0,""
"2026-09-29 14:18:23","git-master-bddc7a050319718b5e4e0856afec0bc9ea96418f","C:\Users\marco\Desktop\ds004507\derivatives\labels\sub-010\ses-headUp\anat\sub-010_ses-headUp_T2w_seg-manual.nii.gz","920","2","",76.35627889491805,0.0,-2.0272017834440104,0.0,-6.295873033856718,0.0,8.134391458258879,0.0,8.139884585148714,0.0,11.962936377014984,0.0,3.9624465543244924,0.0,4.171944903934385,0.0,0.7327776563538557,0.0,0.2520646241882095,0.0,0.9631626479570661,0.0,""
"2026-09-29 14:18:23","git-master-bddc7a050319718b5e4e0856afec0bc9ea96418f","C:\Users\marco\Desktop\ds004507\derivatives\labels\sub-010\ses-headUp\anat\sub-010_ses-headUp_T2w_seg-manual.nii.gz","921","2","",77.02167842026373,0.0,-1.9175821087751102,0.0,-6.407314409615137,0.0,8.239439628898293,0.0,8.21274135591797,0.0,11.962457005476693,0.0,4.01038263066565,0.0,4.229056998232642,0.0,0.7270767855058914,0.0,-0.024671856334132825,0.0,0.9627707730922009,0.0,""
"2026-09-29 14:18:23","git-master-bddc7a050319718b5e4e0856afec0bc9ea96418f","C:\Users\marco\Desktop\ds004507\derivatives\labels\sub-010\ses-headUp\anat\sub-010_ses-headUp_T2w_seg-manual.nii.gz","922","2","",77.36162001036915,0.0,-1.8148477717512628,0.0,-6.517916969257515,0.0,8.313599850420465,0.0,8.29549503799627,0.0,11.924186196875057,0.0,4.059336785115456,0.0,4.254263065305008,0.0,0.7181724952835812,0.0,0.5460176392284644,0.0,0.9620036035602804,0.0,""
"2026-09-29 14:18:23","git-master-bddc7a050319718b5e4e0856afec0bc9ea96418f","C:\Users\marco\Desktop\ds004507\derivatives\labels\sub-010\ses-headUp\anat\sub-010_ses-headUp_T2w_seg-manual.nii.gz","923","2","",77.09884504316096,0.0,-1.721712980139348,0.0,-6.6275754082501495,0.0,8.368047884415553,0.0,8.37881448143017,0.0,11.82180974229093,0.0,4.1094350285231664,0.0,4.258612855892387,0.0,0.7054130429404306,0.0,2.407758064409121,0.0,0.9618602336031375,0.0,""
"2026-09-29 14:18:23","git-master-bddc7a050319718b5e4e0856afec0bc9ea96418f","C:\Users\marco\Desktop\ds004507\derivatives\labels\sub-010\ses-headUp\anat\sub-010_ses-headUp_T2w_seg-manual.nii.gz","924","2","",77.08485908634665,0.0,-1.6426488014871756,0.0,-6.735851530071516,0.0,8.351059677041018,0.0,8.25683798918297,0.0,11.918817702763334,0.0,4.149561227541032,0.0,4.201498449499987,0.0,0.7210227030367274,0.0,1.8416904839871926,0.0,0.9556443172843652,0.0,""
"2026-09-29 14:18:23","git-master-bddc7a050319718b5e4e0856afec0bc9ea96418f","C:\Users\marco\Desktop\ds004507\derivatives\labels\sub-010\ses-headUp\anat\sub-010_ses-headUp_T2w_seg-manual.nii.gz","925","2","",77.44198986451819,0.0,-1.5740856062647781,0.0,-6.8430972203960225,0.0,8.37272014154586,0.0,8.28530214933979,0.0,11.89992413205337,0.0,4.193612728203453,0.0,4.1791074133424075,0.0,0.7176847841968532,0.0,2.331989227701356,0.0,0.9616351305498637,0.0,""
"2026-09-29 14:18:23","git-master-bddc7a050319718b5e4e0856afec0bc9ea96418f","C:\Users\marco\Desktop\ds004507\derivatives\labels\sub-010\ses-headUp\anat\sub-010_ses-headUp_T2w_seg-manual.nii.gz","926","2","",77.59270259546837,0.0,-1.5151310925661368,0.0,-6.949400603581714,0.0,8.341310295486533,0.0,8.32029408550004,0.0,11.858695220015775,0.0,4.184374362670631,0.0,4.156935932815902,0.0,0.7125265256920797,0.0,2.828714452640959,0.0,0.966537395692808,0.0,""
"2026-09-29 14:18:23","git-master-bddc7a050319718b5e4e0856afec0bc9ea96418f","C:\Users\marco\Desktop\ds004507\derivatives\labels\sub-010\ses-headUp\anat\sub-010_ses-headUp_T2w_seg-manual.nii.gz","927","2","",77.04641694673182,0.0,-1.4660099627462426,0.0,-7.054740146391979,0.0,8.17691225932494,0.0,8.245306064823607,0.0,11.869088751618278,0.0,4.069994730959299,0.0,4.106917528365639,0.0,0.7193103643536511,0.0,2.4777871317289906,0.0,0.9594201977907931,0.0,""
"2026-09-29 14:18:23","git-master-bddc7a050319718b5e4e0856afec0bc9ea96418f","C:\Users\marco\Desktop\ds004507\derivatives\labels\sub-010\ses-headUp\anat\sub-010_ses-headUp_T2w_seg-manual.nii.gz","928","2","",77.04400522086105,0.0,-1.4316417548355103,0.0,-7.158635228555508,0.0,7.907290977243161,0.0,8.032765248033728,0.0,12.119546485728305,0.0,3.921240337440335,0.0,3.9860506398028255,0.0,0.7481226799633681,0.0,1.8811164070726552,0.0,0.9774710459767441,0.0,""
"2026-09-29 14:18:23","git-master-bddc7a050319718b5e4e0856afec0bc9ea96418f","C:\Users\marco\Desktop\ds004507\derivatives\labels\sub-010\ses-headUp\anat\sub-010_ses-headUp_T2w_seg-manual.nii.gz","929","2","",77.18738270797331,0.0,-1.406886483128859,0.0,-7.261590093050145,0.0,7.860304507685334,0.0,8.039522061514752,0.0,12.150038539689195,0.0,3.897279469001924,0.0,3.9630250386834094,0.0,0.7495644317357132,0.0,1.9572876142059807,0.0,0.9769968808278355,0.0,""
"2026-09-29 14:18:23","git-master-bddc7a050319718b5e4e0856afec0bc9ea96418f","C:\Users\marco\Desktop\ds004507\derivatives\labels\sub-010\ses-headUp\anat\sub-010_ses-headUp_T2w_seg-manual.nii.gz","930","2","",77.48962350319883,0.0,-1.3917444491250084,0.0,-7.363605151044745,0.0,7.94553233812216,0.0,8.14390032364991,0.0,12.076738028243655,0.0,3.9454593052860543,0.0,4.000073032836106,0.0,0.7384154488378076,0.0,1.9000749307305131,0.0,0.9685331664007455,0.0,""
"2026-09-29 14:18:23","git-master-bddc7a050319718b5e4e0856afec0bc9ea96418f","C:\Users\marco\Desktop\ds004507\derivatives\labels\sub-010\ses-headUp\anat\sub-010_ses-headUp_T2w_seg-manual.nii.gz","931","2","",78.00144568972308,0.0,-1.38755746738857,0.0,-7.464549884703742,0.0,8.027342677594982,0.0,8.155305412487659,0.0,12.08321079149157,0.0,3.986966503584698,0.0,4.040376174010284,0.0,0.7378829614850799,0.0,0.3834752633607057,0.0,0.9689554084676485,0.0,""
"2026-09-29 14:18:23","git-master-bddc7a050319718b5e4e0856afec0bc9ea96418f","C:\Users\marco\Desktop\ds004507\derivatives\labels\sub-010\ses-headUp\anat\sub-010_ses-headUp_T2w_seg-manual.nii.gz","932","2","",78.51249889263627,0.0,-1.397008606454654,0.0,-7.564163552676826,0.0,8.186930505485918,0.0,8.244030966457268,0.0,12.105085961436206,0.0,4.099705341612045,0.0,4.087225163873875,0.0,0.7322295184189012,0.0,-0.32900671308845186,0.0,0.9657317609614873,0.0,""
"2026-09-29 14:18:23","git-master-bddc7a050319718b5e4e0856afec0bc9ea96418f","C:\Users\marco\Desktop\ds004507\derivatives\labels\sub-010\ses-headUp\anat\sub-010_ses-headUp_T2w_seg-manual.nii.gz","933","2","",78.29217946687645,0.0,-1.4160731906548254,0.0,-7.662839796581319,0.0,8.259342894228507,0.0,8.28344257092411,0.0,12.056376670520173,0.0,4.138514588673389,0.0,4.1208283055551185,0.0,0.7265628140748873,0.0,-1.0106258100572694,0.0,0.9633157378128822,0.0,""
"2026-09-29 14:18:23","git-master-bddc7a050319718b5e4e0856afec0bc9ea96418f","C:\Users\marco\Desktop\ds004507\derivatives\labels\sub-010\ses-headUp\anat\sub-010_ses-headUp_T2w_seg-manual.nii.gz","934","2","",77.68423640469116,0.0,-1.444750899790166,0.0,-7.760579072672078,0.0,8.268918283651054,0.0,8.282145480459702,0.0,11.97362053606219,0.0,4.126013497629865,0.0,4.142904786021189,0.0,0.7221856717138952,0.0,-1.2776473159295845,0.0,0.9614966415247949,0.0,""
"2026-09-29 14:18:23","git-master-bddc7a050319718b5e4e0856afec0bc9ea96418f","C:\Users\marco\Desktop\ds004507\derivatives\labels\sub-010\ses-headUp\anat\sub-010_ses-headUp_T2w_seg-manual.nii.gz","935","2","",77.92916049374494,0.0,-1.4855001241055794,0.0,-7.857142605768006,0.0,8.336849771397981,0.0,8.303453791655562,0.0,11.992268805616934,0.0,4.172968196432561,0.0,4.16388157496542,0.0,0.7215133800842223,0.0,0.33994586117278347,0.0,0.9582292226247429,0.0,""
"2026-09-29 14:18:23","git-master-bddc7a050319718b5e4e0856afec0bc9ea96418f","C:\Users\marco\Desktop\ds004507\derivatives\labels\sub-010\ses-headUp\anat\sub-010_ses-headUp_T2w_seg-manual.nii.gz","936","2","",77.73130077069521,0.0,-1.5387660253729114,0.0,-7.952488250871777,0.0,8.36953128878765,0.0,8.331705476589162,0.0,11.936890534000296,0.0,4.218869765099234,0.0,4.150661523688416,0.0,0.7160758522412375,0.0,0.37634972154628066,0.0,0.9570777766668908,0.0,""
"2026-09-29 14:18:23","git-master-bddc7a050319718b5e4e0856afec0bc9ea96418f","C:\Users\marco\Desktop\ds004507\derivatives\labels\sub-010\ses-headUp\anat\sub-010_ses-headUp_T2w_seg-manual.nii.gz","937","2","",77.5724623073831,0.0,-1.6016413293123284,0.0,-8.046899554947055,0.0,8.37023369882543,0.0,8.3232254936847,0.0,11.930713141627214,0.0,4.25110220829542,0.0,4.11913149053001,0.0,0.7164052628261623,0.0,1.3679402194451162,0.0,0.9578683426980211,0.0,""
"2026-09-29 14:18:23","git-master-bddc7a050319718b5e4e0856afec0bc9ea96418f","C:\Users\marco\Desktop\ds004507\derivatives\labels\sub-010\ses-headUp\anat\sub-010_ses-headUp_T2w_seg-manual.nii.gz","938","2","",77.33661151534795,0.0,-1.6741249223042376,0.0,-8.140377011813893,0.0,8.338143589508446,0.0,8.277313507756885,0.0,11.95531404078446,0.0,4.264272905636007,0.0,4.073870683872439,0.0,0.7214716530306471,0.0,3.1973816048906,0.0,0.9595917034593371,0.0,""
