Timestamp,SCT Version,Filename,Slice (I->S),VertLevel,DistancePMJ,MEAN(area),STD(area),MEAN(angle_AP),STD(angle_AP),MEAN(angle_RL),STD(angle_RL),MEAN(diameter_AP),STD(diameter_AP),MEAN(diameter_AP_ellipse),STD(diameter_AP_ellipse),MEAN(diameter_RL),STD(diameter_RL),MEAN(length_anterior),STD(length_anterior),MEAN(length_posterior),STD(length_posterior),MEAN(eccentricity),STD(eccentricity),MEAN(orientation),STD(orientation),MEAN(solidity),STD(solidity),SUM(length)
"2026-09-25 17:13:28","git-master-bddc7a050319718b5e4e0856afec0bc9ea96418f","C:\Users\marco\Desktop\ds004507\derivatives\labels\sub-003\ses-headUp\anat\sub-003_ses-headUp_T2w_seg-manual.nii.gz","693","8","","","","","","","","","","","","","","","","","","","","","","","",""
"2026-09-25 17:13:28","git-master-bddc7a050319718b5e4e0856afec0bc9ea96418f","C:\Users\marco\Desktop\ds004507\derivatives\labels\sub-003\ses-headUp\anat\sub-003_ses-headUp_T2w_seg-manual.nii.gz","694","8","","","","","","","","","","","","","","","","","","","","","","","",""
"2026-09-25 17:13:28","git-master-bddc7a050319718b5e4e0856afec0bc9ea96418f","C:\Users\marco\Desktop\ds004507\derivatives\labels\sub-003\ses-headUp\anat\sub-003_ses-headUp_T2w_seg-manual.nii.gz","695","8","","","","","","","","","","","","","","","","","","","","","","","",""
"2026-09-25 17:13:28","git-master-bddc7a050319718b5e4e0856afec0bc9ea96418f","C:\Users\marco\Desktop\ds004507\derivatives\labels\sub-003\ses-headUp\anat\sub-003_ses-headUp_T2w_seg-manual.nii.gz","696","8","","","","","","","","","","","","","","","","","","","","","","","",""
"2026-09-25 17:13:28","git-master-bddc7a050319718b5e4e0856afec0bc9ea96418f","C:\Users\marco\Desktop\ds004507\derivatives\labels\sub-003\ses-headUp\anat\sub-003_ses-headUp_T2w_seg-manual.nii.gz","697","8","","","","","","","","","","","","","","","","","","","","","","","",""
"2026-09-25 17:13:28","git-master-bddc7a050319718b5e4e0856afec0bc9ea96418f","C:\Users\marco\Desktop\ds004507\derivatives\labels\sub-003\ses-headUp\anat\sub-003_ses-headUp_T2w_seg-manual.nii.gz","698","8","","","","","","","","","","","","","","","","","","","","","","","",""
"2026-09-25 17:13:28","git-master-bddc7a050319718b5e4e0856afec0bc9ea96418f","C:\Users\marco\Desktop\ds004507\derivatives\labels\sub-003\ses-headUp\anat\sub-003_ses-headUp_T2w_seg-manual.nii.gz","699","8","","","","","","","","","","","","","","","","","","","","","","","",""
"2026-09-25 17:13:28","git-master-bddc7a050319718b5e4e0856afec0bc9ea96418f","C:\Users\marco\Desktop\ds004507\derivatives\labels\sub-003\ses-headUp\anat\sub-003_ses-headUp_T2w_seg-manual.nii.gz","700","8","","","","","","","","","","","","","","","","","","","","","","","",""
"2026-09-25 17:13:28","git-master-bddc7a050319718b5e4e0856afec0bc9ea96418f","C:\Users\marco\Desktop\ds004507\derivatives\labels\sub-003\ses-headUp\anat\sub-003_ses-headUp_T2w_seg-manual.nii.gz","701","8","","","","","","","","","","","","","","","","","","","","","","","",""
"2026-09-25 17:13:28","git-master-bddc7a050319718b5e4e0856afec0bc9ea96418f","C:\Users\marco\Desktop\ds004507\derivatives\labels\sub-003\ses-headUp\anat\sub-003_ses-headUp_T2w_seg-manual.nii.gz","702","8","","","","","","","","","","","","","","","","","","","","","","","",""
"2026-09-25 17:13:28","git-master-bddc7a050319718b5e4e0856afec0bc9ea96418f","C:\Users\marco\Desktop\ds004507\derivatives\labels\sub-003\ses-headUp\anat\sub-003_ses-headUp_T2w_seg-manual.nii.gz","703","8","","","","","","","","","","","","","","","","","","","","","","","",""
"2026-09-25 17:13:28","git-master-bddc7a050319718b5e4e0856afec0bc9ea96418f","C:\Users\marco\Desktop\ds004507\derivatives\labels\sub-003\ses-headUp\anat\sub-003_ses-headUp_T2w_seg-manual.nii.gz","704","8","","","","","","","","","","","","","","","","","","","","","","","",""
"2026-09-25 17:13:28","git-master-bddc7a050319718b5e4e0856afec0bc9ea96418f","C:\Users\marco\Desktop\ds004507\derivatives\labels\sub-003\ses-headUp\anat\sub-003_ses-headUp_T2w_seg-manual.nii.gz","705","8","","","","","","","","","","","","","","","","","","","","","","","",""
"2026-09-25 17:13:28","git-master-bddc7a050319718b5e4e0856afec0bc9ea96418f","C:\Users\marco\Desktop\ds004507\derivatives\labels\sub-003\ses-headUp\anat\sub-003_ses-headUp_T2w_seg-manual.nii.gz","706","8","",48.03079811078777,0.0,1.2466206849919106,0.0,19.863206188476788,0.0,5.7563490970324915,0.0,5.885414225860357,0.0,10.428541028910727,0.0,2.824045250157166,0.0,2.9323038468753255,0.0,0.8255312323075317,0.0,3.5065387287556167,0.0,0.9247709998051062,0.0,""
"2026-09-25 17:13:28","git-master-bddc7a050319718b5e4e0856afec0bc9ea96418f","C:\Users\marco\Desktop\ds004507\derivatives\labels\sub-003\ses-headUp\anat\sub-003_ses-headUp_T2w_seg-manual.nii.gz","707","8","",46.00008370634342,0.0,1.3172796981888815,0.0,19.825047661486906,0.0,5.701243227895454,0.0,5.82894678085661,0.0,10.10878671288299,0.0,2.8125220678464853,0.0,2.8887211600489695,0.0,0.8169450615946047,0.0,4.358930744935526,0.0,0.9497716903166414,0.0,""
"2026-09-25 17:13:28","git-master-bddc7a050319718b5e4e0856afec0bc9ea96418f","C:\Users\marco\Desktop\ds004507\derivatives\labels\sub-003\ses-headUp\anat\sub-003_ses-headUp_T2w_seg-manual.nii.gz","708","8","",45.239613011620314,0.0,1.3820826274164,0.0,19.7868300721699,0.0,5.641745943504884,0.0,5.837336487558766,0.0,9.99109281313941,0.0,2.65295770572599,0.0,2.988788237778895,0.0,0.8115493859501587,0.0,1.8440695995026308,0.0,0.9494261765435756,0.0,""
"2026-09-25 17:13:28","git-master-bddc7a050319718b5e4e0856afec0bc9ea96418f","C:\Users\marco\Desktop\ds004507\derivatives\labels\sub-003\ses-headUp\anat\sub-003_ses-headUp_T2w_seg-manual.nii.gz","709","8","",46.676443332559906,0.0,1.4410302000245858,0.0,19.748553383823328,0.0,5.73447445822013,0.0,5.91101470365318,0.0,10.176666792423118,0.0,2.7513074650476157,0.0,2.983166993172514,0.0,0.8139407803423626,0.0,1.3968875129719112,0.0,0.9404785973265452,0.0,""
"2026-09-25 17:13:28","git-master-bddc7a050319718b5e4e0856afec0bc9ea96418f","C:\Users\marco\Desktop\ds004507\derivatives\labels\sub-003\ses-headUp\anat\sub-003_ses-headUp_T2w_seg-manual.nii.gz","710","8","",48.299799579868306,0.0,1.4941231331639264,0.0,19.71021755987208,0.0,5.738246386612972,0.0,5.91277355410243,0.0,10.514219131419324,0.0,2.8314563854289148,0.0,2.9067900011840573,0.0,0.8264523432925308,0.0,3.0814549216296756,0.0,0.9369246023794393,0.0,""
"2026-09-25 17:13:28","git-master-bddc7a050319718b5e4e0856afec0bc9ea96418f","C:\Users\marco\Desktop\ds004507\derivatives\labels\sub-003\ses-headUp\anat\sub-003_ses-headUp_T2w_seg-manual.nii.gz","711","8","",48.062526280132744,0.0,1.5413621215999231,0.0,19.671822563869263,0.0,5.726401402931015,0.0,5.868486921350505,0.0,10.539898450752572,0.0,2.832375266369276,0.0,2.8940261365617386,0.0,0.8299953422349222,0.0,3.183900414341826,0.0,0.9398657911796388,0.0,""
"2026-09-25 17:13:28","git-master-bddc7a050319718b5e4e0856afec0bc9ea96418f","C:\Users\marco\Desktop\ds004507\derivatives\labels\sub-003\ses-headUp\anat\sub-003_ses-headUp_T2w_seg-manual.nii.gz","712","8","",46.261566751706894,0.0,1.5827478263632169,0.0,19.633368359497087,0.0,5.876483808586996,0.0,5.914336604034592,0.0,10.044113976770316,0.0,2.9101535313624907,0.0,2.9663302772245053,0.0,0.8081185813248921,0.0,0.46040065994227053,0.0,0.9476777997974197,0.0,""
"2026-09-25 17:13:28","git-master-bddc7a050319718b5e4e0856afec0bc9ea96418f","C:\Users\marco\Desktop\ds004507\derivatives\labels\sub-003\ses-headUp\anat\sub-003_ses-headUp_T2w_seg-manual.nii.gz","713","8","",46.63197456933726,0.0,1.6182808642349282,0.0,19.59485491056778,0.0,5.7185237161453015,0.0,5.998806246031844,0.0,9.895746990296859,0.0,2.851596733449661,0.0,2.866926982695641,0.0,0.7949871400091353,0.0,3.168477658452296,0.0,0.9740251721430397,0.0,""
"2026-09-25 17:13:28","git-master-bddc7a050319718b5e4e0856afec0bc9ea96418f","C:\Users\marco\Desktop\ds004507\derivatives\labels\sub-003\ses-headUp\anat\sub-003_ses-headUp_T2w_seg-manual.nii.gz","714","8","",47.25794620945153,0.0,1.6471258757506548,0.0,19.556273705134473,0.0,5.318696578071796,0.0,5.753064129672157,0.0,10.606834578756118,0.0,2.699062447820232,0.0,2.619634130251563,0.0,0.8393365740494602,0.0,2.5153621206863206,0.0,0.9566325671451958,0.0,""
"2026-09-25 17:13:28","git-master-bddc7a050319718b5e4e0856afec0bc9ea96418f","C:\Users\marco\Desktop\ds004507\derivatives\labels\sub-003\ses-headUp\anat\sub-003_ses-headUp_T2w_seg-manual.nii.gz","715","8","",45.81938822217426,0.0,1.6698407902802264,0.0,19.517630343174513,0.0,5.274133427883526,0.0,5.684573453620719,0.0,10.390032763052648,0.0,2.7011650335413306,0.0,2.572968394342195,0.0,0.8369450775920072,0.0,0.402716426995402,0.0,0.9501855655244478,0.0,""
"2026-09-25 17:13:28","git-master-bddc7a050319718b5e4e0856afec0bc9ea96418f","C:\Users\marco\Desktop\ds004507\derivatives\labels\sub-003\ses-headUp\anat\sub-003_ses-headUp_T2w_seg-manual.nii.gz","716","8","",47.2709869771923,0.0,1.6867046285194873,0.0,19.478927612207872,0.0,5.517984194513213,0.0,5.841698340206696,0.0,10.487339357921035,0.0,2.7841181677856985,0.0,2.7338660267275148,0.0,0.8305225980916454,0.0,1.0622865137720705,0.0,0.9531113054979367,0.0,""
"2026-09-25 17:13:28","git-master-bddc7a050319718b5e4e0856afec0bc9ea96418f","C:\Users\marco\Desktop\ds004507\derivatives\labels\sub-003\ses-headUp\anat\sub-003_ses-headUp_T2w_seg-manual.nii.gz","717","8","",49.27199332007322,0.0,1.6977176595897485,0.0,19.440165476702106,0.0,5.684892702888918,0.0,5.9904717295101255,0.0,10.655808567848116,0.0,2.825344174172685,0.0,2.859548528716233,0.0,0.8270186520428514,0.0,2.106509019561466,0.0,0.9428710530057615,0.0,""
"2026-09-25 17:13:28","git-master-bddc7a050319718b5e4e0856afec0bc9ea96418f","C:\Users\marco\Desktop\ds004507\derivatives\labels\sub-003\ses-headUp\anat\sub-003_ses-headUp_T2w_seg-manual.nii.gz","718","8","",50.51038147158499,0.0,1.7028800657734786,0.0,19.40134390126093,0.0,5.7818452025369185,0.0,6.082870298552512,0.0,10.734326982139333,0.0,2.886241307677072,0.0,2.8956038948598457,0.0,0.8239368178221051,0.0,3.1982405998124626,0.0,0.9327745568207195,0.0,""
"2026-09-25 17:13:28","git-master-bddc7a050319718b5e4e0856afec0bc9ea96418f","C:\Users\marco\Desktop\ds004507\derivatives\labels\sub-003\ses-headUp\anat\sub-003_ses-headUp_T2w_seg-manual.nii.gz","719","8","",50.78134273061012,0.0,1.7021919403142212,0.0,19.362462850625146,0.0,5.859494454695603,0.0,6.123870037704859,0.0,10.795608173993374,0.0,2.974137374457254,0.0,2.885357080238349,0.0,0.8234506947730449,0.0,4.335121121430782,0.0,0.939934799006652,0.0,""
"2026-09-25 17:13:28","git-master-bddc7a050319718b5e4e0856afec0bc9ea96418f","C:\Users\marco\Desktop\ds004507\derivatives\labels\sub-003\ses-headUp\anat\sub-003_ses-headUp_T2w_seg-manual.nii.gz","720","8","",49.3143859397059,0.0,1.6956532860455569,0.0,19.32352228967356,0.0,5.605491987248897,0.0,5.96414971654528,0.0,10.860924625644733,0.0,2.823149157111539,0.0,2.782342830137358,0.0,0.8357296689253801,0.0,2.6561419871810714,0.0,0.9395230837773935,0.0,""
"2026-09-25 17:13:28","git-master-bddc7a050319718b5e4e0856afec0bc9ea96418f","C:\Users\marco\Desktop\ds004507\derivatives\labels\sub-003\ses-headUp\anat\sub-003_ses-headUp_T2w_seg-manual.nii.gz","721","8","",50.791919442581445,0.0,1.6827067851564335,0.0,19.284516507962042,0.0,5.726754976892752,0.0,6.009202906154575,0.0,10.987222215564735,0.0,2.804743559895504,0.0,2.922011416997248,0.0,0.8371788369450157,0.0,2.629569641057165,0.0,0.928060872269471,0.0,""
"2026-09-25 17:13:28","git-master-bddc7a050319718b5e4e0856afec0bc9ea96418f","C:\Users\marco\Desktop\ds004507\derivatives\labels\sub-003\ses-headUp\anat\sub-003_ses-headUp_T2w_seg-manual.nii.gz","722","8","",50.39166845678923,0.0,1.6633521428035174,0.0,19.245445458439413,0.0,5.81541000985108,0.0,5.982858762113156,0.0,10.961654418421379,0.0,2.9167611287605135,0.0,2.8986488810905664,0.0,0.8379165367136618,0.0,2.8689397664246648,0.0,0.926830439962464,0.0,""
"2026-09-25 17:13:28","git-master-bddc7a050319718b5e4e0856afec0bc9ea96418f","C:\Users\marco\Desktop\ds004507\derivatives\labels\sub-003\ses-headUp\anat\sub-003_ses-headUp_T2w_seg-manual.nii.gz","723","8","",49.598703253426,0.0,1.6381462211591484,0.0,19.20631477790639,0.0,5.767266605413093,0.0,5.960511018531888,0.0,10.827305606412674,0.0,2.9101006919758112,0.0,2.857165913437283,0.0,0.8347991048829249,0.0,4.177879383998336,0.0,0.9324078454285892,0.0,""
"2026-09-25 17:13:28","git-master-bddc7a050319718b5e4e0856afec0bc9ea96418f","C:\Users\marco\Desktop\ds004507\derivatives\labels\sub-003\ses-headUp\anat\sub-003_ses-headUp_T2w_seg-manual.nii.gz","724","8","",50.14127448184207,0.0,1.6070886006423983,0.0,19.167124431936625,0.0,5.909594161240649,0.0,6.103350264135555,0.0,10.668583976890528,0.0,2.923623044896317,0.0,2.985971116344332,0.0,0.8197775100532729,0.0,6.8349742816006245,0.0,0.9408353135070163,0.0,""
"2026-09-25 17:13:28","git-master-bddc7a050319718b5e4e0856afec0bc9ea96418f","C:\Users\marco\Desktop\ds004507\derivatives\labels\sub-003\ses-headUp\anat\sub-003_ses-headUp_T2w_seg-manual.nii.gz","725","8","",51.12002986072894,0.0,1.570980916664182,0.0,19.1278743862481,0.0,5.99834412442464,0.0,6.175543263281265,0.0,10.748303716253748,0.0,2.9734240830644754,0.0,3.0249200413601645,0.0,0.8178555724139497,0.0,7.045894796101296,0.0,0.9468130307002676,0.0,""
"2026-09-25 17:13:28","git-master-bddc7a050319718b5e4e0856afec0bc9ea96418f","C:\Users\marco\Desktop\ds004507\derivatives\labels\sub-003\ses-headUp\anat\sub-003_ses-headUp_T2w_seg-manual.nii.gz","726","8","",51.78450709460019,0.0,1.5310623620939667,0.0,19.08856460670403,0.0,5.910244303484819,0.0,6.111308735677278,0.0,11.038643069304568,0.0,2.994177562008882,0.0,2.916066741475937,0.0,0.8327438301560363,0.0,4.556621543956375,0.0,0.947386261998982,0.0,""
"2026-09-25 17:13:28","git-master-bddc7a050319718b5e4e0856afec0bc9ea96418f","C:\Users\marco\Desktop\ds004507\derivatives\labels\sub-003\ses-headUp\anat\sub-003_ses-headUp_T2w_seg-manual.nii.gz","727","8","",53.14002046374614,0.0,1.4883534799551112,0.0,19.04919505931383,0.0,6.061547688850773,0.0,6.291985171642594,0.0,11.042307938075883,0.0,2.9652910001308257,0.0,3.096256688719947,0.0,0.8213387898410686,0.0,5.255553454608198,0.0,0.9467161580500073,0.0,""
"2026-09-25 17:13:28","git-master-bddc7a050319718b5e4e0856afec0bc9ea96418f","C:\Users\marco\Desktop\ds004507\derivatives\labels\sub-003\ses-headUp\anat\sub-003_ses-headUp_T2w_seg-manual.nii.gz","728","8","",53.430138499211814,0.0,1.4427211035083796,0.0,19.009762860461652,0.0,6.293093146141561,0.0,6.5543683794633365,0.0,10.601660119460533,0.0,3.010956390998099,0.0,3.2821367551434615,0.0,0.7858163857375656,0.0,5.261222786474325,0.0,0.9643484709258274,0.0,""
"2026-09-25 17:13:28","git-master-bddc7a050319718b5e4e0856afec0bc9ea96418f","C:\Users\marco\Desktop\ds004507\derivatives\labels\sub-003\ses-headUp\anat\sub-003_ses-headUp_T2w_seg-manual.nii.gz","729","8","",51.4887231468373,0.0,1.3938990831833125,0.0,18.97026226707155,0.0,5.861821673204527,0.0,6.394961248027739,0.0,10.57591416589711,0.0,2.8656933111661917,0.0,2.996128362038335,0.0,0.7964256126941696,0.0,4.875795976204096,0.0,0.9774542335174676,0.0,""
"2026-09-25 17:13:28","git-master-bddc7a050319718b5e4e0856afec0bc9ea96418f","C:\Users\marco\Desktop\ds004507\derivatives\labels\sub-003\ses-headUp\anat\sub-003_ses-headUp_T2w_seg-manual.nii.gz","730","8","",50.1526559316681,0.0,1.3422858122973473,0.0,18.930701789117805,0.0,5.761951573895946,0.0,6.321231397645355,0.0,10.41841676182167,0.0,2.777111172269755,0.0,2.9848404016261907,0.0,0.7948629182371737,0.0,3.449341726472486,0.0,0.9809665345101283,0.0,""
"2026-09-25 17:13:28","git-master-bddc7a050319718b5e4e0856afec0bc9ea96418f","C:\Users\marco\Desktop\ds004507\derivatives\labels\sub-003\ses-headUp\anat\sub-003_ses-headUp_T2w_seg-manual.nii.gz","731","8","",50.1042120652249,0.0,1.2878810315994556,0.0,18.891081393345186,0.0,5.98928869034377,0.0,6.302603968832389,0.0,10.373155803433638,0.0,2.902232635786764,0.0,3.0870560545570065,0.0,0.7942480274826055,0.0,1.3285740650337008,0.0,0.966844603326006,0.0,""
"2026-09-25 17:13:28","git-master-bddc7a050319718b5e4e0856afec0bc9ea96418f","C:\Users\marco\Desktop\ds004507\derivatives\labels\sub-003\ses-headUp\anat\sub-003_ses-headUp_T2w_seg-manual.nii.gz","732","8","",50.83638822705912,0.0,1.2306844901942244,0.0,18.85140104665112,0.0,6.049079559186995,0.0,6.305581020540646,0.0,10.448380796265267,0.0,3.00134615650454,0.0,3.0477334026824554,0.0,0.7973377168125111,0.0,0.785092538259475,0.0,0.9566976725744283,0.0,""
"2026-09-25 17:13:28","git-master-bddc7a050319718b5e4e0856afec0bc9ea96418f","C:\Users\marco\Desktop\ds004507\derivatives\labels\sub-003\ses-headUp\anat\sub-003_ses-headUp_T2w_seg-manual.nii.gz","733","8","",51.35435069138659,0.0,1.1706959482421506,0.0,18.81166071608666,0.0,5.968006942453782,0.0,6.3472283308583615,0.0,10.457463237960148,0.0,3.0252873540831517,0.0,2.9427195883706303,0.0,0.7944864902404236,0.0,1.6440399900473752,0.0,0.9564046361755386,0.0,""
"2026-09-25 17:13:28","git-master-bddc7a050319718b5e4e0856afec0bc9ea96418f","C:\Users\marco\Desktop\ds004507\derivatives\labels\sub-003\ses-headUp\anat\sub-003_ses-headUp_T2w_seg-manual.nii.gz","734","8","",51.20379962086006,0.0,1.107915179750842,0.0,18.77186036885744,0.0,6.212169446429224,0.0,6.420975393742442,0.0,10.319718829767966,0.0,3.1632771042160894,0.0,3.048892342213134,0.0,0.7826347959053238,0.0,1.0899614868802798,0.0,0.9484816909192315,0.0,""
"2026-09-25 17:13:28","git-master-bddc7a050319718b5e4e0856afec0bc9ea96418f","C:\Users\marco\Desktop\ds004507\derivatives\labels\sub-003\ses-headUp\anat\sub-003_ses-headUp_T2w_seg-manual.nii.gz","735","8","",51.8010667606491,0.0,1.0423419754571357,0.0,18.73199997232463,0.0,6.0960881270617495,0.0,6.293821838170077,0.0,10.588895980259593,0.0,3.0813577720765277,0.0,3.0147303549852214,0.0,0.804184746523961,0.0,-0.48681009782376483,0.0,0.9425099746100835,0.0,""
"2026-09-25 17:13:28","git-master-bddc7a050319718b5e4e0856afec0bc9ea96418f","C:\Users\marco\Desktop\ds004507\derivatives\labels\sub-003\ses-headUp\anat\sub-003_ses-headUp_T2w_seg-manual.nii.gz","736","7","",50.771273058917615,0.0,0.9624205277613218,0.0,18.685678931789944,0.0,5.869879988636593,0.0,6.345931998099698,0.0,10.351135095422686,0.0,3.0156786042063013,0.0,2.854201384430292,0.0,0.7900314697115389,0.0,-0.09645602856938225,0.0,0.9479553903345725,0.0,""
"2026-09-25 17:13:28","git-master-bddc7a050319718b5e4e0856afec0bc9ea96418f","C:\Users\marco\Desktop\ds004507\derivatives\labels\sub-003\ses-headUp\anat\sub-003_ses-headUp_T2w_seg-manual.nii.gz","737","7","",51.40414577863322,0.0,0.8862584997780497,0.0,18.643493408093665,0.0,6.051840337449052,0.0,6.4509311077943305,0.0,10.326881623685763,0.0,3.044526370689113,0.0,3.0073139667599387,0.0,0.7808697191996972,0.0,-0.32961581003557394,0.0,0.9410910288245903,0.0,""
"2026-09-25 17:13:28","git-master-bddc7a050319718b5e4e0856afec0bc9ea96418f","C:\Users\marco\Desktop\ds004507\derivatives\labels\sub-003\ses-headUp\anat\sub-003_ses-headUp_T2w_seg-manual.nii.gz","738","7","",51.19959589675424,0.0,0.8069407714287458,0.0,18.60123990154788,0.0,6.003469585449921,0.0,6.470936841514662,0.0,10.30027008259926,0.0,2.9490422390460016,0.0,3.0544273464039193,0.0,0.7780254635534141,0.0,0.6833802879500837,0.0,0.9522143247676326,0.0,""
"2026-09-25 17:13:28","git-master-bddc7a050319718b5e4e0856afec0bc9ea96418f","C:\Users\marco\Desktop\ds004507\derivatives\labels\sub-003\ses-headUp\anat\sub-003_ses-headUp_T2w_seg-manual.nii.gz","739","7","",49.657964872108685,0.0,0.7244672668647445,0.0,18.5589183726918,0.0,5.83198976893808,0.0,6.279121907911635,0.0,10.258511635346212,0.0,2.8783346082062984,0.0,2.953655160731782,0.0,0.790699281348484,0.0,2.6206138200984506,0.0,0.9611259714326782,0.0,""
"2026-09-25 17:13:28","git-master-bddc7a050319718b5e4e0856afec0bc9ea96418f","C:\Users\marco\Desktop\ds004507\derivatives\labels\sub-003\ses-headUp\anat\sub-003_ses-headUp_T2w_seg-manual.nii.gz","740","7","",49.301544994531675,0.0,0.6388379685634232,0.0,18.516528782295474,0.0,5.96613843361948,0.0,6.303101201642478,0.0,10.1469226658257,0.0,2.9401582073361485,0.0,3.0259802262833313,0.0,0.7834564317637311,0.0,1.7851290211948574,0.0,0.9456385790846775,0.0,""
"2026-09-25 17:13:28","git-master-bddc7a050319718b5e4e0856afec0bc9ea96418f","C:\Users\marco\Desktop\ds004507\derivatives\labels\sub-003\ses-headUp\anat\sub-003_ses-headUp_T2w_seg-manual.nii.gz","741","7","",50.54240430810635,0.0,0.5500529241149944,0.0,18.474071091361537,0.0,5.968805526993342,0.0,6.31646387555795,0.0,10.353658137859856,0.0,2.922917748942283,0.0,3.0458877780510596,0.0,0.7917033748195549,0.0,0.975777643484237,0.0,0.9425317320867961,0.0,""
"2026-09-25 17:13:28","git-master-bddc7a050319718b5e4e0856afec0bc9ea96418f","C:\Users\marco\Desktop\ds004507\derivatives\labels\sub-003\ses-headUp\anat\sub-003_ses-headUp_T2w_seg-manual.nii.gz","742","7","",50.36140923506388,0.0,0.4603988574350617,0.0,18.431545261126967,0.0,5.8240715806000365,0.0,6.195134320376256,0.0,10.466510498916437,0.0,2.8313077684228056,0.0,2.9927638121772304,0.0,0.8060252776083224,0.0,1.181042073048093,0.0,0.958573671322899,0.0,""
"2026-09-25 17:13:28","git-master-bddc7a050319718b5e4e0856afec0bc9ea96418f","C:\Users\marco\Desktop\ds004507\derivatives\labels\sub-003\ses-headUp\anat\sub-003_ses-headUp_T2w_seg-manual.nii.gz","743","7","",48.208476447972615,0.0,0.3735346914231401,0.0,18.388951253064814,0.0,5.7041970967391835,0.0,6.032740718311703,0.0,10.267866401629512,0.0,2.7474151746977418,0.0,2.956781922041441,0.0,0.8092081101441917,0.0,0.504950013406456,0.0,0.9632311625253996,0.0,""
"2026-09-25 17:13:28","git-master-bddc7a050319718b5e4e0856afec0bc9ea96418f","C:\Users\marco\Desktop\ds004507\derivatives\labels\sub-003\ses-headUp\anat\sub-003_ses-headUp_T2w_seg-manual.nii.gz","744","7","",47.46281306026172,0.0,0.29174761282889417,0.0,18.346289028885955,0.0,5.572746496852327,0.0,5.923082255094985,0.0,10.283072574453492,0.0,2.717508225057954,0.0,2.8552382717943727,0.0,0.8170661086823356,0.0,-1.5013376074231006,0.0,0.9521004336705483,0.0,""
"2026-09-25 17:13:28","git-master-bddc7a050319718b5e4e0856afec0bc9ea96418f","C:\Users\marco\Desktop\ds004507\derivatives\labels\sub-003\ses-headUp\anat\sub-003_ses-headUp_T2w_seg-manual.nii.gz","745","7","",49.43344330640578,0.0,0.21503820401127605,0.0,18.303558550540878,0.0,5.521217721930586,0.0,5.933929536999191,0.0,10.63838868729182,0.0,2.82707533443914,0.0,2.694142387491446,0.0,0.8299106651996714,0.0,-2.1896598987817266,0.0,0.9597076802149874,0.0,""
"2026-09-25 17:13:28","git-master-bddc7a050319718b5e4e0856afec0bc9ea96418f","C:\Users\marco\Desktop\ds004507\derivatives\labels\sub-003\ses-headUp\anat\sub-003_ses-headUp_T2w_seg-manual.nii.gz","746","7","",50.482263696643464,0.0,0.1434069220846581,0.0,18.260759780221406,0.0,5.755681574333393,0.0,6.082009139200586,0.0,10.577068419968418,0.0,2.894624672815662,0.0,2.861056901517731,0.0,0.818144312607561,0.0,-0.019126202694730005,0.0,0.968674866884462,0.0,""
"2026-09-25 17:13:28","git-master-bddc7a050319718b5e4e0856afec0bc9ea96418f","C:\Users\marco\Desktop\ds004507\derivatives\labels\sub-003\ses-headUp\anat\sub-003_ses-headUp_T2w_seg-manual.nii.gz","747","7","",52.6618102903166,0.0,0.0768541153440256,0.0,18.217892680362514,0.0,5.93440413056892,0.0,6.24135438238534,0.0,10.785579542025301,0.0,2.8199762321746253,0.0,3.114427898394294,0.0,0.8155576395980382,0.0,-1.4946065899525829,0.0,0.9558527202784393,0.0,""
"2026-09-25 17:13:28","git-master-bddc7a050319718b5e4e0856afec0bc9ea96418f","C:\Users\marco\Desktop\ds004507\derivatives\labels\sub-003\ses-headUp\anat\sub-003_ses-headUp_T2w_seg-manual.nii.gz","748","7","",52.9893359566995,0.0,0.01594436412533881,0.0,18.17494961218715,0.0,6.124300517824905,0.0,6.259218411560791,0.0,10.76081060919235,0.0,2.9395707211611937,0.0,3.1847297966637114,0.0,0.8134250239458481,0.0,-2.098478302246101,0.0,0.9570923432483621,0.0,""
"2026-09-25 17:13:28","git-master-bddc7a050319718b5e4e0856afec0bc9ea96418f","C:\Users\marco\Desktop\ds004507\derivatives\labels\sub-003\ses-headUp\anat\sub-003_ses-headUp_T2w_seg-manual.nii.gz","749","7","",53.62275978542888,0.0,-0.039886458305054905,0.0,18.13193813089947,0.0,5.817330289208551,0.0,6.03314022639286,0.0,11.239331699384971,0.0,2.7869809253384448,0.0,3.030349363870107,0.0,0.8430647713262555,0.0,0.8180262261178255,0.0,0.9608795042340527,0.0,""
"2026-09-25 17:13:28","git-master-bddc7a050319718b5e4e0856afec0bc9ea96418f","C:\Users\marco\Desktop\ds004507\derivatives\labels\sub-003\ses-headUp\anat\sub-003_ses-headUp_T2w_seg-manual.nii.gz","750","7","",55.75080622083863,0.0,-0.09063826114432472,0.0,18.088858199782287,0.0,5.951773733368923,0.0,6.172595663552168,0.0,11.480083730181457,0.0,2.8284023355338377,0.0,3.123371397835086,0.0,0.8431453239834162,0.0,0.46353648661427616,0.0,0.9569340332774006,0.0,""
"2026-09-25 17:13:28","git-master-bddc7a050319718b5e4e0856afec0bc9ea96418f","C:\Users\marco\Desktop\ds004507\derivatives\labels\sub-003\ses-headUp\anat\sub-003_ses-headUp_T2w_seg-manual.nii.gz","751","7","",55.413363063818366,0.0,-0.13631099959588858,0.0,18.04570978236985,0.0,6.019593521666433,0.0,6.075591024908716,0.0,11.563789148639113,0.0,2.871354136154242,0.0,3.1482393855121917,0.0,0.850719375124677,0.0,-1.2214315198370889,0.0,0.9457371977923631,0.0,""
"2026-09-25 17:13:28","git-master-bddc7a050319718b5e4e0856afec0bc9ea96418f","C:\Users\marco\Desktop\ds004507\derivatives\labels\sub-003\ses-headUp\anat\sub-003_ses-headUp_T2w_seg-manual.nii.gz","752","7","",55.38228828574599,0.0,-0.17690466438446414,0.0,18.002492842449676,0.0,5.869338466679099,0.0,6.016483593245012,0.0,11.607131914449791,0.0,2.8331031860243265,0.0,3.0362352806547723,0.0,0.8551716423135768,0.0,-1.3566991092019969,0.0,0.9586518326399458,0.0,""
"2026-09-25 17:13:28","git-master-bddc7a050319718b5e4e0856afec0bc9ea96418f","C:\Users\marco\Desktop\ds004507\derivatives\labels\sub-003\ses-headUp\anat\sub-003_ses-headUp_T2w_seg-manual.nii.gz","753","7","",57.434141555982904,0.0,-0.2124192722644995,0.0,17.959207344064346,0.0,5.809187757798523,0.0,6.216864704221471,0.0,11.708844222630617,0.0,2.8181885650376914,0.0,2.9909991927608317,0.0,0.8473422096177372,0.0,-1.5746045223766236,0.0,0.9679214129627906,0.0,""
"2026-09-25 17:13:28","git-master-bddc7a050319718b5e4e0856afec0bc9ea96418f","C:\Users\marco\Desktop\ds004507\derivatives\labels\sub-003\ses-headUp\anat\sub-003_ses-headUp_T2w_seg-manual.nii.gz","754","7","",59.43919336995214,0.0,-0.2428548575222438,0.0,17.915853251513326,0.0,6.0011394894378505,0.0,6.3995702987861,0.0,11.873268753399383,0.0,2.9025374460072837,0.0,3.0986020434305668,0.0,0.842249642488996,0.0,-2.2461130613262945,0.0,0.9566780513937341,0.0,""
"2026-09-25 17:13:28","git-master-bddc7a050319718b5e4e0856afec0bc9ea96418f","C:\Users\marco\Desktop\ds004507\derivatives\labels\sub-003\ses-headUp\anat\sub-003_ses-headUp_T2w_seg-manual.nii.gz","755","7","",58.93080339217301,0.0,-0.26821146447160316,0.0,17.872430529354776,0.0,6.056229716853363,0.0,6.243784311351522,0.0,12.043054984999145,0.0,2.9262032647338945,0.0,3.130026452119469,0.0,0.8547081569160816,0.0,-2.09750710645347,0.0,0.9552742297453648,0.0,""
"2026-09-25 17:13:28","git-master-bddc7a050319718b5e4e0856afec0bc9ea96418f","C:\Users\marco\Desktop\ds004507\derivatives\labels\sub-003\ses-headUp\anat\sub-003_ses-headUp_T2w_seg-manual.nii.gz","756","7","",57.20749692487696,0.0,-0.2884891409438395,0.0,17.82893914240738,0.0,5.698881566259115,0.0,5.963756330477316,0.0,12.154827909446889,0.0,2.7480021815142393,0.0,2.9508793847448755,0.0,0.8712606752967254,0.0,-2.9412272457903987,0.0,0.9681043527661889,0.0,""
"2026-09-25 17:13:28","git-master-bddc7a050319718b5e4e0856afec0bc9ea96418f","C:\Users\marco\Desktop\ds004507\derivatives\labels\sub-003\ses-headUp\anat\sub-003_ses-headUp_T2w_seg-manual.nii.gz","757","7","",58.35790166206314,0.0,-0.30368793277110534,0.0,17.785379055752145,0.0,5.971267786658326,0.0,6.150109685872483,0.0,11.995294517526446,0.0,2.852760899798195,0.0,3.1185068868601316,0.0,0.858507546357752,0.0,-4.060727369220649,0.0,0.9581466941744831,0.0,""
"2026-09-25 17:13:28","git-master-bddc7a050319718b5e4e0856afec0bc9ea96418f","C:\Users\marco\Desktop\ds004507\derivatives\labels\sub-003\ses-headUp\anat\sub-003_ses-headUp_T2w_seg-manual.nii.gz","758","7","",58.6872334751521,0.0,-0.3138078792637608,0.0,17.74175023473427,0.0,6.301164257494428,0.0,6.2663124536495,0.0,11.76568483386604,0.0,2.9650052781931207,0.0,3.336158979301308,0.0,0.8463719659397545,0.0,-1.4199904231398415,0.0,0.968280749114223,0.0,""
"2026-09-25 17:13:28","git-master-bddc7a050319718b5e4e0856afec0bc9ea96418f","C:\Users\marco\Desktop\ds004507\derivatives\labels\sub-003\ses-headUp\anat\sub-003_ses-headUp_T2w_seg-manual.nii.gz","759","7","",57.76149032969873,0.0,-0.31922808432550787,0.0,17.698044999264294,0.0,5.921184756148289,0.0,5.977144238084471,0.0,12.094840766663427,0.0,2.9015846138046184,0.0,3.0196001423436707,0.0,0.8691806110726058,0.0,-3.5997580681141566,0.0,0.9615237119254122,0.0,""
"2026-09-25 17:13:28","git-master-bddc7a050319718b5e4e0856afec0bc9ea96418f","C:\Users\marco\Desktop\ds004507\derivatives\labels\sub-003\ses-headUp\anat\sub-003_ses-headUp_T2w_seg-manual.nii.gz","760","7","",58.274428722835374,0.0,-0.3212675833764676,0.0,17.65427095248835,0.0,5.780177898856054,0.0,5.8761099679785485,0.0,12.484902545247754,0.0,2.832099906836931,0.0,2.948077992019123,0.0,0.8821861023687516,0.0,-2.2666231633089398,0.0,0.9605433369467943,0.0,""
"2026-09-25 17:13:28","git-master-bddc7a050319718b5e4e0856afec0bc9ea96418f","C:\Users\marco\Desktop\ds004507\derivatives\labels\sub-003\ses-headUp\anat\sub-003_ses-headUp_T2w_seg-manual.nii.gz","761","7","",57.89566754951104,0.0,-0.31992637961685766,0.0,17.6104280606721,0.0,5.672876826900217,0.0,5.9192398393899515,0.0,12.424672033774833,0.0,2.6906728687436687,0.0,2.982203958156548,0.0,0.879172507117261,0.0,-2.8411537275206773,0.0,0.9414130524571609,0.0,""
"2026-09-25 17:13:28","git-master-bddc7a050319718b5e4e0856afec0bc9ea96418f","C:\Users\marco\Desktop\ds004507\derivatives\labels\sub-003\ses-headUp\anat\sub-003_ses-headUp_T2w_seg-manual.nii.gz","762","7","",59.054365839379365,0.0,-0.31520446992954115,0.0,17.566516290353988,0.0,5.69373046807699,0.0,5.8927669855940294,0.0,12.725959693440007,0.0,2.801129088419024,0.0,2.892601379657966,0.0,0.8860736773626292,0.0,-3.2441309322623564,0.0,0.9519750597792154,0.0,""
"2026-09-25 17:13:28","git-master-bddc7a050319718b5e4e0856afec0bc9ea96418f","C:\Users\marco\Desktop\ds004507\derivatives\labels\sub-003\ses-headUp\anat\sub-003_ses-headUp_T2w_seg-manual.nii.gz","763","7","",60.57264537510692,0.0,-0.3071018450758939,0.0,17.522535608347113,0.0,5.750979358978189,0.0,5.987882052416083,0.0,12.832431260276199,0.0,2.8789503586342886,0.0,2.8720290003439004,0.0,0.8843123577075348,0.0,-3.158680128688694,0.0,0.9548863049127428,0.0,""
"2026-09-25 17:13:28","git-master-bddc7a050319718b5e4e0856afec0bc9ea96418f","C:\Users\marco\Desktop\ds004507\derivatives\labels\sub-003\ses-headUp\anat\sub-003_ses-headUp_T2w_seg-manual.nii.gz","764","7","",62.63866395826786,0.0,-0.29561849018469116,0.0,17.47848598174108,0.0,6.023504533641866,0.0,6.224692374157571,0.0,12.796657734900739,0.0,3.0354574888875754,0.0,2.98804704475429,0.0,0.8736690023536967,0.0,-2.5662961326667375,0.0,0.9501805304991269,0.0,""
"2026-09-25 17:13:28","git-master-bddc7a050319718b5e4e0856afec0bc9ea96418f","C:\Users\marco\Desktop\ds004507\derivatives\labels\sub-003\ses-headUp\anat\sub-003_ses-headUp_T2w_seg-manual.nii.gz","765","7","",65.4272634118414,0.0,-0.2807543855340238,0.0,17.434367377903893,0.0,6.342198047971074,0.0,6.472325230693723,0.0,12.92032317262992,0.0,3.1830696860610757,0.0,3.159128361909999,0.0,0.8654822313631452,0.0,-1.9374765575286867,0.0,0.9539324010817024,0.0,""
"2026-09-25 17:13:28","git-master-bddc7a050319718b5e4e0856afec0bc9ea96418f","C:\Users\marco\Desktop\ds004507\derivatives\labels\sub-003\ses-headUp\anat\sub-003_ses-headUp_T2w_seg-manual.nii.gz","766","7","",67.19810329930219,0.0,-0.26250950762625996,0.0,17.390179764483804,0.0,6.362983247916956,0.0,6.638255937970054,0.0,13.021741591130313,0.0,3.0450687155882816,0.0,3.3179145323286754,0.0,0.8602890202139709,0.0,-2.4663541486819875,0.0,0.9510685706053623,0.0,""
"2026-09-25 17:13:28","git-master-bddc7a050319718b5e4e0856afec0bc9ea96418f","C:\Users\marco\Desktop\ds004507\derivatives\labels\sub-003\ses-headUp\anat\sub-003_ses-headUp_T2w_seg-manual.nii.gz","767","7","",67.38845656937777,0.0,-0.24088383055607077,0.0,17.3459231094112,0.0,6.3392513540883515,0.0,6.696629123683666,0.0,12.985809994381135,0.0,2.957843364642094,0.0,3.3814079894462585,0.0,0.8567779747239703,0.0,-3.59281377391825,0.0,0.9406965035444002,0.0,""
"2026-09-25 17:13:28","git-master-bddc7a050319718b5e4e0856afec0bc9ea96418f","C:\Users\marco\Desktop\ds004507\derivatives\labels\sub-003\ses-headUp\anat\sub-003_ses-headUp_T2w_seg-manual.nii.gz","768","7","",69.16445583367785,0.0,-0.21587732767154175,0.0,17.3015973809005,0.0,6.3800478799497675,0.0,6.782969875211586,0.0,13.12024815781401,0.0,3.10603813692541,0.0,3.274009743024358,0.0,0.855981088073923,0.0,-1.4228805677947005,0.0,0.9732032366443256,0.0,""
"2026-09-25 17:13:28","git-master-bddc7a050319718b5e4e0856afec0bc9ea96418f","C:\Users\marco\Desktop\ds004507\derivatives\labels\sub-003\ses-headUp\anat\sub-003_ses-headUp_T2w_seg-manual.nii.gz","769","7","",69.19460768251449,0.0,-0.18748997352838895,0.0,17.257202547452046,0.0,6.379507378867862,0.0,6.791644925651337,0.0,13.344416541707515,0.0,3.039315537741203,0.0,3.3401918411266593,0.0,0.8607959007309504,0.0,-0.20646132769734812,0.0,0.9615014436958614,0.0,""
"2026-09-25 17:13:28","git-master-bddc7a050319718b5e4e0856afec0bc9ea96418f","C:\Users\marco\Desktop\ds004507\derivatives\labels\sub-003\ses-headUp\anat\sub-003_ses-headUp_T2w_seg-manual.nii.gz","770","6","",67.45332502106145,0.0,-0.15213170357202474,0.0,17.208283726208858,0.0,6.302770465411941,0.0,6.711816035568319,0.0,13.143573921766643,0.0,2.9365350669705266,0.0,3.366235398441414,0.0,0.8597864219397974,0.0,-3.9811442849501653,0.0,0.9408185840707964,0.0,""
"2026-09-25 17:13:28","git-master-bddc7a050319718b5e4e0856afec0bc9ea96418f","C:\Users\marco\Desktop\ds004507\derivatives\labels\sub-003\ses-headUp\anat\sub-003_ses-headUp_T2w_seg-manual.nii.gz","771","6","",66.93364357231573,0.0,-0.11790663111640426,0.0,17.165814140525583,0.0,6.134588041127586,0.0,6.559263480610458,0.0,13.214163548951431,0.0,2.973893921739342,0.0,3.160694119388243,0.0,0.8680738048156467,0.0,-3.915087029961709,0.0,0.9468373438632711,0.0,""
"2026-09-25 17:13:28","git-master-bddc7a050319718b5e4e0856afec0bc9ea96418f","C:\Users\marco\Desktop\ds004507\derivatives\labels\sub-003\ses-headUp\anat\sub-003_ses-headUp_T2w_seg-manual.nii.gz","772","6","",70.67028061319718,0.0,-0.08065127894735016,0.0,17.123282523058435,0.0,6.415959562513707,0.0,6.845929650336049,0.0,13.324992674901036,0.0,3.0847628927385586,0.0,3.331196669775148,0.0,0.8578534623474566,0.0,-3.8418376131404313,0.0,0.9441381002930314,0.0,""
"2026-09-25 17:13:28","git-master-bddc7a050319718b5e4e0856afec0bc9ea96418f","C:\Users\marco\Desktop\ds004507\derivatives\labels\sub-003\ses-headUp\anat\sub-003_ses-headUp_T2w_seg-manual.nii.gz","773","6","",71.87903581391225,0.0,-0.04036565986273959,0.0,17.08068884891939,0.0,6.46414335563702,0.0,6.920322422857314,0.0,13.424925627745191,0.0,3.0770180685479245,0.0,3.387125287089096,0.0,0.8568747042579502,0.0,-4.193577670296183,0.0,0.9464152453824899,0.0,""
"2026-09-25 17:13:28","git-master-bddc7a050319718b5e4e0856afec0bc9ea96418f","C:\Users\marco\Desktop\ds004507\derivatives\labels\sub-003\ses-headUp\anat\sub-003_ses-headUp_T2w_seg-manual.nii.gz","774","6","",71.79344750377581,0.0,0.0029501995802762512,0.0,17.038033093438262,0.0,6.371056260222677,0.0,6.85707581041707,0.0,13.587725845375989,0.0,3.0848763157936454,0.0,3.2861799444290307,0.0,0.8632334376339857,0.0,-4.194053955019469,0.0,0.9546158016880014,0.0,""
"2026-09-25 17:13:28","git-master-bddc7a050319718b5e4e0856afec0bc9ea96418f","C:\Users\marco\Desktop\ds004507\derivatives\labels\sub-003\ses-headUp\anat\sub-003_ses-headUp_T2w_seg-manual.nii.gz","775","6","",71.25948587380908,0.0,0.04737644621044273,0.0,16.994819607091912,0.0,6.34167991027935,0.0,6.815499533012263,0.0,13.614742638459411,0.0,3.134535314944704,0.0,3.2071445953346456,0.0,0.8656135143439417,0.0,-3.6371149690631817,0.0,0.9603818909505988,0.0,""
"2026-09-25 17:13:28","git-master-bddc7a050319718b5e4e0856afec0bc9ea96418f","C:\Users\marco\Desktop\ds004507\derivatives\labels\sub-003\ses-headUp\anat\sub-003_ses-headUp_T2w_seg-manual.nii.gz","776","6","",70.18040916986764,0.0,0.08945737559841832,0.0,16.95015558719307,0.0,6.396699326668068,0.0,6.818911119720286,0.0,13.406347355675592,0.0,3.131306248290321,0.0,3.2653930783777465,0.0,0.8609817746661407,0.0,-3.4135012702185055,0.0,0.9535488835276488,0.0,""
"2026-09-25 17:13:28","git-master-bddc7a050319718b5e4e0856afec0bc9ea96418f","C:\Users\marco\Desktop\ds004507\derivatives\labels\sub-003\ses-headUp\anat\sub-003_ses-headUp_T2w_seg-manual.nii.gz","777","6","",70.39995194268712,0.0,0.12612126332454562,0.0,16.903245927182684,0.0,6.377098756785911,0.0,6.813635553719042,0.0,13.462591287219507,0.0,3.072215145816491,0.0,3.3048836109694206,0.0,0.8624574000426899,0.0,-4.752661437891641,0.0,0.9334215478344885,0.0,""
"2026-09-25 17:13:28","git-master-bddc7a050319718b5e4e0856afec0bc9ea96418f","C:\Users\marco\Desktop\ds004507\derivatives\labels\sub-003\ses-headUp\anat\sub-003_ses-headUp_T2w_seg-manual.nii.gz","778","6","",69.81562296248494,0.0,0.15687565765752015,0.0,16.853882737570455,0.0,6.235265943609691,0.0,6.71956397279516,0.0,13.528094359802294,0.0,3.0598301305661546,0.0,3.1754358130435363,0.0,0.8679077497651442,0.0,-5.500376405430417,0.0,0.9369539701153983,0.0,""
"2026-09-25 17:13:28","git-master-bddc7a050319718b5e4e0856afec0bc9ea96418f","C:\Users\marco\Desktop\ds004507\derivatives\labels\sub-003\ses-headUp\anat\sub-003_ses-headUp_T2w_seg-manual.nii.gz","779","6","",71.19209617330021,0.0,0.18172058963515944,0.0,16.802061689477405,0.0,6.3703455158277045,0.0,6.741366604599091,0.0,13.608775890998213,0.0,3.259294810177343,0.0,3.1110507056503613,0.0,0.8686820496465871,0.0,-3.8667609335242865,0.0,0.9705352794421775,0.0,""
"2026-09-25 17:13:28","git-master-bddc7a050319718b5e4e0856afec0bc9ea96418f","C:\Users\marco\Desktop\ds004507\derivatives\labels\sub-003\ses-headUp\anat\sub-003_ses-headUp_T2w_seg-manual.nii.gz","780","6","",72.67230198011586,0.0,0.2011485483353023,0.0,16.74798382078134,0.0,6.409476569517025,0.0,6.850354849702551,0.0,13.722015702744224,0.0,3.264611620459934,0.0,3.1448649490570912,0.0,0.8664749477919262,0.0,-3.9164587760578073,0.0,0.9645909336708679,0.0,""
"2026-09-25 17:13:28","git-master-bddc7a050319718b5e4e0856afec0bc9ea96418f","C:\Users\marco\Desktop\ds004507\derivatives\labels\sub-003\ses-headUp\anat\sub-003_ses-headUp_T2w_seg-manual.nii.gz","781","6","",74.15180502249245,0.0,0.21515956319204274,0.0,16.691645587257945,0.0,6.46956880096522,0.0,6.968234603820463,0.0,13.816933408455748,0.0,3.2129734639371264,0.0,3.256595337028094,0.0,0.8635124402264045,0.0,-3.5648465228387534,0.0,0.953948040993796,0.0,""
"2026-09-25 17:13:28","git-master-bddc7a050319718b5e4e0856afec0bc9ea96418f","C:\Users\marco\Desktop\ds004507\derivatives\labels\sub-003\ses-headUp\anat\sub-003_ses-headUp_T2w_seg-manual.nii.gz","782","6","",75.75842904893466,0.0,0.2237536585815112,0.0,16.633043324778725,0.0,6.704616472872247,0.0,7.099369123285014,0.0,13.795867017384927,0.0,3.305313189086703,0.0,3.3993032837855433,0.0,0.8573292093358155,0.0,-2.7646589318675816,0.0,0.9539584131629663,0.0,""
"2026-09-25 17:13:28","git-master-bddc7a050319718b5e4e0856afec0bc9ea96418f","C:\Users\marco\Desktop\ds004507\derivatives\labels\sub-003\ses-headUp\anat\sub-003_ses-headUp_T2w_seg-manual.nii.gz","783","6","",76.36684560191188,0.0,0.22693085136155208,0.0,16.572173250758837,0.0,6.879664442519682,0.0,7.155003640094491,0.0,13.710798819153254,0.0,3.4055491132138993,0.0,3.474115329305784,0.0,0.8529922351564043,0.0,-1.8613859943520648,0.0,0.9570852909323553,0.0,""
"2026-09-25 17:13:28","git-master-bddc7a050319718b5e4e0856afec0bc9ea96418f","C:\Users\marco\Desktop\ds004507\derivatives\labels\sub-003\ses-headUp\anat\sub-003_ses-headUp_T2w_seg-manual.nii.gz","784","6","",74.81975608489137,0.0,0.22469114914804733,0.0,16.509031465655273,0.0,6.5740189103362106,0.0,6.98225076879884,0.0,13.785571026618955,0.0,3.173021669074728,0.0,3.4009972412614826,0.0,0.8621277296932954,0.0,-0.8470827277157521,0.0,0.9530846853870021,0.0,""
"2026-09-25 17:13:28","git-master-bddc7a050319718b5e4e0856afec0bc9ea96418f","C:\Users\marco\Desktop\ds004507\derivatives\labels\sub-003\ses-headUp\anat\sub-003_ses-headUp_T2w_seg-manual.nii.gz","785","6","",75.45032920395693,0.0,0.21703454932787133,0.0,16.443613954515946,0.0,6.381629549623049,0.0,6.808688081442958,0.0,14.107008046490598,0.0,3.0318358256327653,0.0,3.3497937239902837,0.0,0.8758156420012079,0.0,-2.736660348156054,0.0,0.9537439304881166,0.0,""
"2026-09-25 17:13:28","git-master-bddc7a050319718b5e4e0856afec0bc9ea96418f","C:\Users\marco\Desktop\ds004507\derivatives\labels\sub-003\ses-headUp\anat\sub-003_ses-headUp_T2w_seg-manual.nii.gz","786","6","",77.28768044414745,0.0,0.2029761392814967,0.0,16.375500939518464,0.0,6.839865401234554,0.0,6.979974179225221,0.0,14.000830788392905,0.0,3.3423217063218096,0.0,3.497543694912744,0.0,0.8668263774089345,0.0,-4.118983593285435,0.0,0.9583142886972417,0.0,""
"2026-09-25 17:13:28","git-master-bddc7a050319718b5e4e0856afec0bc9ea96418f","C:\Users\marco\Desktop\ds004507\derivatives\labels\sub-003\ses-headUp\anat\sub-003_ses-headUp_T2w_seg-manual.nii.gz","787","6","",77.85122353335113,0.0,0.18350078183687107,0.0,16.30510185468197,0.0,6.869834161501491,0.0,6.989046164667845,0.0,13.991577542104576,0.0,3.396594856987452,0.0,3.473239304514039,0.0,0.8663026750477413,0.0,-3.7826286343110085,0.0,0.9596565796011706,0.0,""
"2026-09-25 17:13:28","git-master-bddc7a050319718b5e4e0856afec0bc9ea96418f","C:\Users\marco\Desktop\ds004507\derivatives\labels\sub-003\ses-headUp\anat\sub-003_ses-headUp_T2w_seg-manual.nii.gz","788","6","",75.88682646192247,0.0,0.1586084463644758,0.0,16.232412258225015,0.0,6.672386731865968,0.0,6.856407899409608,0.0,13.925346105330624,0.0,3.33108185863021,0.0,3.3413048732357593,0.0,0.8703766972199124,0.0,-4.237690248383873,0.0,0.9553321765117829,0.0,""
"2026-09-25 17:13:28","git-master-bddc7a050319718b5e4e0856afec0bc9ea96418f","C:\Users\marco\Desktop\ds004507\derivatives\labels\sub-003\ses-headUp\anat\sub-003_ses-headUp_T2w_seg-manual.nii.gz","789","6","",75.66371487004474,0.0,0.1282991036662914,0.0,16.15742760288592,0.0,6.7232552354003525,0.0,6.902121702517023,0.0,13.844324919174232,0.0,3.3858183955495176,0.0,3.3374368398508345,0.0,0.8667420343276581,0.0,-4.238111029915534,0.0,0.9615275849558786,0.0,""
"2026-09-25 17:13:28","git-master-bddc7a050319718b5e4e0856afec0bc9ea96418f","C:\Users\marco\Desktop\ds004507\derivatives\labels\sub-003\ses-headUp\anat\sub-003_ses-headUp_T2w_seg-manual.nii.gz","790","6","",76.76359538664767,0.0,0.09257273112758782,0.0,16.0801432379325,0.0,6.940607010877776,0.0,7.063623124056228,0.0,13.753323874110935,0.0,3.470049687788324,0.0,3.470557323089452,0.0,0.8580078644912089,0.0,-3.5441228790078445,0.0,0.969615885307426,0.0,""
"2026-09-25 17:13:28","git-master-bddc7a050319718b5e4e0856afec0bc9ea96418f","C:\Users\marco\Desktop\ds004507\derivatives\labels\sub-003\ses-headUp\anat\sub-003_ses-headUp_T2w_seg-manual.nii.gz","791","6","",76.12293099424372,0.0,0.05142931860545856,0.0,16.000554411231835,0.0,6.949114198953681,0.0,7.048891679485309,0.0,13.692735108003045,0.0,3.3791150519805075,0.0,3.5699991469731733,0.0,0.8572206472463806,0.0,-2.9057774937421015,0.0,0.963908640978531,0.0,""
"2026-09-25 17:13:28","git-master-bddc7a050319718b5e4e0856afec0bc9ea96418f","C:\Users\marco\Desktop\ds004507\derivatives\labels\sub-003\ses-headUp\anat\sub-003_ses-headUp_T2w_seg-manual.nii.gz","792","6","",75.27347851517378,0.0,0.00504337808796855,0.0,15.918656271380673,0.0,6.795701970834657,0.0,6.8845370131288055,0.0,13.86392418391052,0.0,3.2457879987115623,0.0,3.549913972123096,0.0,0.8679886186288609,0.0,-2.064839448577173,0.0,0.96023606295012,0.0,""
"2026-09-25 17:13:28","git-master-bddc7a050319718b5e4e0856afec0bc9ea96418f","C:\Users\marco\Desktop\ds004507\derivatives\labels\sub-003\ses-headUp\anat\sub-003_ses-headUp_T2w_seg-manual.nii.gz","793","6","",74.70299001802123,0.0,-0.04515796446377617,0.0,15.834232866492144,0.0,6.4399091071345005,0.0,6.86458915076581,0.0,13.953731587546994,0.0,3.1167725896618883,0.0,3.3231365174726117,0.0,0.8706186516954435,0.0,-3.9794234181789587,0.0,0.9530098502457799,0.0,""
"2026-09-25 17:13:28","git-master-bddc7a050319718b5e4e0856afec0bc9ea96418f","C:\Users\marco\Desktop\ds004507\derivatives\labels\sub-003\ses-headUp\anat\sub-003_ses-headUp_T2w_seg-manual.nii.gz","794","6","",75.1166254216154,0.0,-0.0970805750128141,0.0,15.747277420744844,0.0,6.433907237621639,0.0,6.88807841617548,0.0,14.140548603908178,0.0,2.9830272359844536,0.0,3.4508800016371857,0.0,0.8733259455271875,0.0,-3.769873453905869,0.0,0.9360482673958769,0.0,""
"2026-09-25 17:13:28","git-master-bddc7a050319718b5e4e0856afec0bc9ea96418f","C:\Users\marco\Desktop\ds004507\derivatives\labels\sub-003\ses-headUp\anat\sub-003_ses-headUp_T2w_seg-manual.nii.gz","795","6","",76.0301159828804,0.0,-0.15058091387400088,0.0,15.657995162496888,0.0,6.548332943917309,0.0,7.098126170409882,0.0,14.07110054134673,0.0,2.9622326560167545,0.0,3.586100287900554,0.0,0.8632663263532213,0.0,-2.9676532499773547,0.0,0.9474906185996325,0.0,""
"2026-09-25 17:13:28","git-master-bddc7a050319718b5e4e0856afec0bc9ea96418f","C:\Users\marco\Desktop\ds004507\derivatives\labels\sub-003\ses-headUp\anat\sub-003_ses-headUp_T2w_seg-manual.nii.gz","796","6","",75.8926069518661,0.0,-0.20565887424536297,0.0,15.566380795446271,0.0,6.600026378788475,0.0,7.1051160892529355,0.0,14.05348303080516,0.0,3.02200758534603,0.0,3.578018793442445,0.0,0.8627241181065508,0.0,-2.8348484698183185,0.0,0.9380320518486721,0.0,""
"2026-09-25 17:13:28","git-master-bddc7a050319718b5e4e0856afec0bc9ea96418f","C:\Users\marco\Desktop\ds004507\derivatives\labels\sub-003\ses-headUp\anat\sub-003_ses-headUp_T2w_seg-manual.nii.gz","797","6","",78.13145433763606,0.0,-0.26231433411133637,0.0,15.472428940061711,0.0,6.628031560945748,0.0,7.075548650131287,0.0,14.426249610137756,0.0,3.0911070796701874,0.0,3.5369244812755603,0.0,0.871242095466228,0.0,-2.4506898498636316,0.0,0.9384726945289451,0.0,""
"2026-09-25 17:13:28","git-master-bddc7a050319718b5e4e0856afec0bc9ea96418f","C:\Users\marco\Desktop\ds004507\derivatives\labels\sub-003\ses-headUp\anat\sub-003_ses-headUp_T2w_seg-manual.nii.gz","798","6","",81.9151617681368,0.0,-0.3205471553425593,0.0,15.376134136331977,0.0,6.737973461855234,0.0,7.202804704242052,0.0,14.78726383940027,0.0,3.1732860462273864,0.0,3.5646874156278483,0.0,0.8730873823680396,0.0,-1.9198296617676545,0.0,0.9597996102969009,0.0,""
"2026-09-25 17:13:28","git-master-bddc7a050319718b5e4e0856afec0bc9ea96418f","C:\Users\marco\Desktop\ds004507\derivatives\labels\sub-003\ses-headUp\anat\sub-003_ses-headUp_T2w_seg-manual.nii.gz","799","6","",81.13573262934352,0.0,-0.3803571827777973,0.0,15.277490846587549,0.0,6.912708138210951,0.0,7.325568706184179,0.0,14.391137479952912,0.0,3.3073527149666675,0.0,3.605355423244283,0.0,0.8607435318687117,0.0,-2.7364148497019136,0.0,0.9520911797898668,0.0,""
"2026-09-25 17:13:28","git-master-bddc7a050319718b5e4e0856afec0bc9ea96418f","C:\Users\marco\Desktop\ds004507\derivatives\labels\sub-003\ses-headUp\anat\sub-003_ses-headUp_T2w_seg-manual.nii.gz","800","6","",81.06480322619194,0.0,-0.441744243288023,0.0,15.176493458395234,0.0,6.900991048560132,0.0,7.282639377381841,0.0,14.429052184174544,0.0,3.279381035527309,0.0,3.6216100130328233,0.0,0.863282775691949,0.0,-1.984830096738078,0.0,0.9368251780381346,0.0,""
"2026-09-25 17:13:28","git-master-bddc7a050319718b5e4e0856afec0bc9ea96418f","C:\Users\marco\Desktop\ds004507\derivatives\labels\sub-003\ses-headUp\anat\sub-003_ses-headUp_T2w_seg-manual.nii.gz","801","5","",79.15866474492714,0.0,-0.5147256366539545,0.0,15.05673837102937,0.0,6.495162260864198,0.0,7.119959501944095,0.0,14.269879399946213,0.0,3.181519391890172,0.0,3.3136428689740267,0.0,0.8666306453424822,0.0,-2.7443925874714923,0.0,0.9641896846736739,0.0,""
"2026-09-25 17:13:28","git-master-bddc7a050319718b5e4e0856afec0bc9ea96418f","C:\Users\marco\Desktop\ds004507\derivatives\labels\sub-003\ses-headUp\anat\sub-003_ses-headUp_T2w_seg-manual.nii.gz","802","5","",81.34714360028825,0.0,-0.5804654267967762,0.0,14.94912704401753,0.0,6.853714496250879,0.0,7.230558748219621,0.0,14.22766931011813,0.0,3.4102758795382733,0.0,3.443438616712606,0.0,0.8612248644069678,0.0,-3.2617115926745495,0.0,0.9715032728045503,0.0,""
"2026-09-25 17:13:28","git-master-bddc7a050319718b5e4e0856afec0bc9ea96418f","C:\Users\marco\Desktop\ds004507\derivatives\labels\sub-003\ses-headUp\anat\sub-003_ses-headUp_T2w_seg-manual.nii.gz","803","5","",80.88189525905045,0.0,-0.6478172471245276,0.0,14.839086418151181,0.0,6.995286167528995,0.0,7.246550860537032,0.0,14.080671781646684,0.0,3.4235651996095955,0.0,3.571720967919399,0.0,0.8573859833834814,0.0,-3.5903964010968576,0.0,0.9624453229438265,0.0,""
"2026-09-25 17:13:28","git-master-bddc7a050319718b5e4e0856afec0bc9ea96418f","C:\Users\marco\Desktop\ds004507\derivatives\labels\sub-003\ses-headUp\anat\sub-003_ses-headUp_T2w_seg-manual.nii.gz","804","5","",80.65365217801174,0.0,-0.7167808023830303,0.0,14.72661030567998,0.0,7.240376176873851,0.0,7.385110677626698,0.0,13.764019480502505,0.0,3.5420491760628954,0.0,3.6983270008109557,0.0,0.8435076226877943,0.0,-4.06427998156711,0.0,0.9583987204249155,0.0,""
"2026-09-25 17:13:28","git-master-bddc7a050319718b5e4e0856afec0bc9ea96418f","C:\Users\marco\Desktop\ds004507\derivatives\labels\sub-003\ses-headUp\anat\sub-003_ses-headUp_T2w_seg-manual.nii.gz","805","5","",82.10113143565782,0.0,-0.7873557703853817,0.0,14.611692463371927,0.0,7.41835069592122,0.0,7.53139849426118,0.0,13.764569640819248,0.0,3.6213864465744767,0.0,3.7969642493467437,0.0,0.8370118260499294,0.0,-3.1438139107760015,0.0,0.9572489597708623,0.0,""
"2026-09-25 17:13:28","git-master-bddc7a050319718b5e4e0856afec0bc9ea96418f","C:\Users\marco\Desktop\ds004507\derivatives\labels\sub-003\ses-headUp\anat\sub-003_ses-headUp_T2w_seg-manual.nii.gz","806","5","",83.41822646714746,0.0,-0.8595418007617333,0.0,14.494326596670616,0.0,7.3013473682753744,0.0,7.557155354640246,0.0,14.024128590325253,0.0,3.5353081885661375,0.0,3.766039179709237,0.0,0.8422865439382358,0.0,-1.1070643730011476,0.0,0.9534282333851963,0.0,""
"2026-09-25 17:13:28","git-master-bddc7a050319718b5e4e0856afec0bc9ea96418f","C:\Users\marco\Desktop\ds004507\derivatives\labels\sub-003\ses-headUp\anat\sub-003_ses-headUp_T2w_seg-manual.nii.gz","807","5","",83.87117571189806,0.0,-0.9333385136876508,0.0,14.374506363961672,0.0,7.0700062366794425,0.0,7.558454796049679,0.0,14.210956690712583,0.0,3.4174218455356113,0.0,3.652584391143831,0.0,0.8468032946673453,0.0,-0.2951861482644849,0.0,0.9502921187960967,0.0,""
"2026-09-25 17:13:28","git-master-bddc7a050319718b5e4e0856afec0bc9ea96418f","C:\Users\marco\Desktop\ds004507\derivatives\labels\sub-003\ses-headUp\anat\sub-003_ses-headUp_T2w_seg-manual.nii.gz","808","5","",85.68928584277789,0.0,-1.008745498591147,0.0,14.252225380949689,0.0,7.252482935191222,0.0,7.759736296192231,0.0,14.2628894924202,0.0,3.5331143934377494,0.0,3.7193685417534725,0.0,0.8390258244663005,0.0,-2.294739073728589,0.0,0.9560606465592031,0.0,""
"2026-09-25 17:13:28","git-master-bddc7a050319718b5e4e0856afec0bc9ea96418f","C:\Users\marco\Desktop\ds004507\derivatives\labels\sub-003\ses-headUp\anat\sub-003_ses-headUp_T2w_seg-manual.nii.gz","809","5","",84.99278724591255,0.0,-1.0857623128384801,0.0,14.127477225146919,0.0,7.578199686707558,0.0,7.831245677589095,0.0,14.105410903308105,0.0,3.652926686864666,0.0,3.925272999842892,0.0,0.8317205877831484,0.0,-2.43921146313839,0.0,0.954555530924407,0.0,""
"2026-09-25 17:13:28","git-master-bddc7a050319718b5e4e0856afec0bc9ea96418f","C:\Users\marco\Desktop\ds004507\derivatives\labels\sub-003\ses-headUp\anat\sub-003_ses-headUp_T2w_seg-manual.nii.gz","810","5","",83.84288060955949,0.0,-1.1625475973075226,0.0,13.999841653642862,0.0,7.338635025582465,0.0,7.728344329292209,0.0,14.00977990736001,0.0,3.581455888444664,0.0,3.757179137137801,0.0,0.8340835519155978,0.0,-2.9106350967865695,0.0,0.9511584503032136,0.0,""
"2026-09-25 17:13:28","git-master-bddc7a050319718b5e4e0856afec0bc9ea96418f","C:\Users\marco\Desktop\ds004507\derivatives\labels\sub-003\ses-headUp\anat\sub-003_ses-headUp_T2w_seg-manual.nii.gz","811","5","",83.20946411444727,0.0,-1.237326567093671,0.0,13.869723361145393,0.0,7.133165405628506,0.0,7.634483571379737,0.0,14.12861365477021,0.0,3.547737204987602,0.0,3.5854282006409037,0.0,0.8413824028533375,0.0,-2.793610128766644,0.0,0.9721414215547145,0.0,""
"2026-09-25 17:13:28","git-master-bddc7a050319718b5e4e0856afec0bc9ea96418f","C:\Users\marco\Desktop\ds004507\derivatives\labels\sub-003\ses-headUp\anat\sub-003_ses-headUp_T2w_seg-manual.nii.gz","812","5","",82.69555845311179,0.0,-1.31009930323137,0.0,13.737115829724923,0.0,7.062240460106428,0.0,7.5347887625124805,0.0,14.211169831378559,0.0,3.4417820804529686,0.0,3.620458379653459,0.0,0.8478432843612708,0.0,-1.9773661436488879,0.0,0.9803952404148678,0.0,""
"2026-09-25 17:13:28","git-master-bddc7a050319718b5e4e0856afec0bc9ea96418f","C:\Users\marco\Desktop\ds004507\derivatives\labels\sub-003\ses-headUp\anat\sub-003_ses-headUp_T2w_seg-manual.nii.gz","813","5","",82.31418750695076,0.0,-1.380865912807382,0.0,13.602012529538833,0.0,7.059541718716785,0.0,7.480244769442787,0.0,14.173553683458074,0.0,3.3171956232716253,0.0,3.7423460954451597,0.0,0.8493872035740723,0.0,-2.415605494076715,0.0,0.9651170076297992,0.0,""
"2026-09-25 17:13:28","git-master-bddc7a050319718b5e4e0856afec0bc9ea96418f","C:\Users\marco\Desktop\ds004507\derivatives\labels\sub-003\ses-headUp\anat\sub-003_ses-headUp_T2w_seg-manual.nii.gz","814","5","",82.82932073323927,0.0,-1.4496265269384647,0.0,13.46440692421657,0.0,7.244264620321171,0.0,7.506205678590644,0.0,14.127696387745901,0.0,3.387729297465495,0.0,3.8565353228556756,0.0,0.8471732041346288,0.0,-3.658689492626733,0.0,0.9522425294309971,0.0,""
"2026-09-25 17:13:28","git-master-bddc7a050319718b5e4e0856afec0bc9ea96418f","C:\Users\marco\Desktop\ds004507\derivatives\labels\sub-003\ses-headUp\anat\sub-003_ses-headUp_T2w_seg-manual.nii.gz","815","5","",83.8035935709478,0.0,-1.5163812987930387,0.0,13.324292476371767,0.0,7.455397623252733,0.0,7.495752122143151,0.0,14.203288182696197,0.0,3.5820573843780132,0.0,3.8733402388747193,0.0,0.8492410573190007,0.0,-4.0314502932257765,0.0,0.9581996115821295,0.0,""
"2026-09-25 17:13:28","git-master-bddc7a050319718b5e4e0856afec0bc9ea96418f","C:\Users\marco\Desktop\ds004507\derivatives\labels\sub-003\ses-headUp\anat\sub-003_ses-headUp_T2w_seg-manual.nii.gz","816","5","",83.63261678987767,0.0,-1.5811304016568921,0.0,13.18166265324251,0.0,7.180245820562585,0.0,7.30751160846336,0.0,14.386834375570869,0.0,3.4672507515383084,0.0,3.712995069024277,0.0,0.8614015439392891,0.0,-3.5126280804270307,0.0,0.9602960231587081,0.0,""
"2026-09-25 17:13:28","git-master-bddc7a050319718b5e4e0856afec0bc9ea96418f","C:\Users\marco\Desktop\ds004507\derivatives\labels\sub-003\ses-headUp\anat\sub-003_ses-headUp_T2w_seg-manual.nii.gz","817","5","",85.84568570762798,0.0,-1.6438740270429704,0.0,13.036510932461011,0.0,7.089446467548704,0.0,7.487557246594425,0.0,14.602002339984097,0.0,3.3514214651820753,0.0,3.7380250023666286,0.0,0.8585223998157948,0.0,-4.37193318484751,0.0,0.9570559062218215,0.0,""
"2026-09-25 17:13:28","git-master-bddc7a050319718b5e4e0856afec0bc9ea96418f","C:\Users\marco\Desktop\ds004507\derivatives\labels\sub-003\ses-headUp\anat\sub-003_ses-headUp_T2w_seg-manual.nii.gz","818","5","",85.58750218064189,0.0,-1.7042782244646457,0.0,12.888407898550005,0.0,7.26769120369008,0.0,7.480296668252422,0.0,14.628675344435974,0.0,3.3303546770245576,0.0,3.9373365266655225,0.0,0.8593752067057823,0.0,-4.0975321195868295,0.0,0.9506086727935688,0.0,""
"2026-09-25 17:13:28","git-master-bddc7a050319718b5e4e0856afec0bc9ea96418f","C:\Users\marco\Desktop\ds004507\derivatives\labels\sub-003\ses-headUp\anat\sub-003_ses-headUp_T2w_seg-manual.nii.gz","819","5","",86.12526184698787,0.0,-1.7626774716024671,0.0,12.737767408216214,0.0,7.432710744555656,0.0,7.533051438637453,0.0,14.64747957953535,0.0,3.491856424652131,0.0,3.9408543199035253,0.0,0.8576144089012068,0.0,-3.3848695862860314,0.0,0.9536777135317993,0.0,""
"2026-09-25 17:13:28","git-master-bddc7a050319718b5e4e0856afec0bc9ea96418f","C:\Users\marco\Desktop\ds004507\derivatives\labels\sub-003\ses-headUp\anat\sub-003_ses-headUp_T2w_seg-manual.nii.gz","820","5","",86.26386657525569,0.0,-1.8190720105232996,0.0,12.584583039084873,0.0,7.3242594826329475,0.0,7.515517768689669,0.0,14.797725417769053,0.0,3.491434392018591,0.0,3.832825090614357,0.0,0.8613743085551636,0.0,-3.256788931907551,0.0,0.9548154086903904,0.0,""
"2026-09-25 17:13:28","git-master-bddc7a050319718b5e4e0856afec0bc9ea96418f","C:\Users\marco\Desktop\ds004507\derivatives\labels\sub-003\ses-headUp\anat\sub-003_ses-headUp_T2w_seg-manual.nii.gz","821","5","",86.45959356353085,0.0,-1.8734620923236944,0.0,12.428848412622784,0.0,7.1234348603157915,0.0,7.452280326869719,0.0,14.954038280085225,0.0,3.4265137693475376,0.0,3.6969210909682535,0.0,0.8669447922714608,0.0,-4.011294221349554,0.0,0.951469068736613,0.0,""
"2026-09-25 17:13:28","git-master-bddc7a050319718b5e4e0856afec0bc9ea96418f","C:\Users\marco\Desktop\ds004507\derivatives\labels\sub-003\ses-headUp\anat\sub-003_ses-headUp_T2w_seg-manual.nii.gz","822","5","",86.374878905567,0.0,-1.925847975571187,0.0,12.270557200926673,0.0,7.058504027609622,0.0,7.4545711631485565,0.0,14.934185800797806,0.0,3.4315062416080173,0.0,3.626997786001605,0.0,0.8664291628230802,0.0,-4.623303655818038,0.0,0.9483265448514601,0.0,""
"2026-09-25 17:13:28","git-master-bddc7a050319718b5e4e0856afec0bc9ea96418f","C:\Users\marco\Desktop\ds004507\derivatives\labels\sub-003\ses-headUp\anat\sub-003_ses-headUp_T2w_seg-manual.nii.gz","823","5","",85.32961731680861,0.0,-1.9762299247897912,0.0,12.109703133653005,0.0,7.0311505396031615,0.0,7.4528034744679506,0.0,14.796512756659087,0.0,3.461980450909058,0.0,3.5691700886941042,0.0,0.8638107716627039,0.0,-4.318871939794932,0.0,0.9533535760693128,0.0,""
"2026-09-25 17:13:28","git-master-bddc7a050319718b5e4e0856afec0bc9ea96418f","C:\Users\marco\Desktop\ds004507\derivatives\labels\sub-003\ses-headUp\anat\sub-003_ses-headUp_T2w_seg-manual.nii.gz","824","5","",83.89524788084003,0.0,-2.024608208989676,0.0,11.94628000509006,0.0,6.78064714935514,0.0,7.240174344943956,0.0,14.81343678184087,0.0,3.399314644014899,0.0,3.3813325053402417,0.0,0.872402912073494,0.0,-3.8428550793598677,0.0,0.9689894618352045,0.0,""
"2026-09-25 17:13:28","git-master-bddc7a050319718b5e4e0856afec0bc9ea96418f","C:\Users\marco\Desktop\ds004507\derivatives\labels\sub-003\ses-headUp\anat\sub-003_ses-headUp_T2w_seg-manual.nii.gz","825","5","",84.87789567683804,0.0,-2.0709831002410097,0.0,11.780281681372983,0.0,7.103460751844619,0.0,7.337630594085592,0.0,14.707457890564806,0.0,3.607212216182683,0.0,3.496248535661936,0.0,0.866656432808312,0.0,-3.9409910946233335,0.0,0.9759676487579434,0.0,""
"2026-09-25 17:13:28","git-master-bddc7a050319718b5e4e0856afec0bc9ea96418f","C:\Users\marco\Desktop\ds004507\derivatives\labels\sub-003\ses-headUp\anat\sub-003_ses-headUp_T2w_seg-manual.nii.gz","826","5","",86.14035178725148,0.0,-2.115021082799005,0.0,11.611270518971025,0.0,7.11655854457044,0.0,7.396202050874665,0.0,14.711303009412601,0.0,3.5076841192885686,0.0,3.608874425281871,0.0,0.8644265711167115,0.0,-3.0314805295231158,0.0,0.9509381887255002,0.0,""
"2026-09-25 17:13:28","git-master-bddc7a050319718b5e4e0856afec0bc9ea96418f","C:\Users\marco\Desktop\ds004507\derivatives\labels\sub-003\ses-headUp\anat\sub-003_ses-headUp_T2w_seg-manual.nii.gz","827","5","",86.36561743847757,0.0,-2.1570563283993094,0.0,11.439669823339491,0.0,7.128460387070132,0.0,7.480278131509506,0.0,14.669582473125303,0.0,3.40773454807482,0.0,3.720725838995312,0.0,0.8602080577834359,0.0,-2.9462393700832874,0.0,0.952351160108064,0.0,""
"2026-09-25 17:13:28","git-master-bddc7a050319718b5e4e0856afec0bc9ea96418f","C:\Users\marco\Desktop\ds004507\derivatives\labels\sub-003\ses-headUp\anat\sub-003_ses-headUp_T2w_seg-manual.nii.gz","828","5","",84.63973400013852,0.0,-2.1970891074279733,0.0,11.265473805812759,0.0,7.1414012344465485,0.0,7.432631997756414,0.0,14.525813766679182,0.0,3.375169216607504,0.0,3.7662320178390445,0.0,0.8591748296762148,0.0,-3.998464343852566,0.0,0.9495385773694417,0.0,""
"2026-09-25 17:13:28","git-master-bddc7a050319718b5e4e0856afec0bc9ea96418f","C:\Users\marco\Desktop\ds004507\derivatives\labels\sub-003\ses-headUp\anat\sub-003_ses-headUp_T2w_seg-manual.nii.gz","829","5","",83.09020963804781,0.0,-2.235119686606269,0.0,11.088676790960545,0.0,7.1387682507586385,0.0,7.4051705422170295,0.0,14.40772816346577,0.0,3.4206196332685495,0.0,3.718148617490089,0.0,0.8577973775073421,0.0,-4.405498421501322,0.0,0.9423423700359663,0.0,""
"2026-09-25 17:13:28","git-master-bddc7a050319718b5e4e0856afec0bc9ea96418f","C:\Users\marco\Desktop\ds004507\derivatives\labels\sub-003\ses-headUp\anat\sub-003_ses-headUp_T2w_seg-manual.nii.gz","830","5","",82.41663135393355,0.0,-2.2711483278946005,0.0,10.90927322489966,0.0,7.144833738301974,0.0,7.428554525981654,0.0,14.310472902057596,0.0,3.5151714848149904,0.0,3.629662253486984,0.0,0.8546948267330228,0.0,-4.286431348276644,0.0,0.9490620452278157,0.0,""
"2026-09-25 17:13:28","git-master-bddc7a050319718b5e4e0856afec0bc9ea96418f","C:\Users\marco\Desktop\ds004507\derivatives\labels\sub-003\ses-headUp\anat\sub-003_ses-headUp_T2w_seg-manual.nii.gz","831","5","",82.68467763538754,0.0,-2.3051752874402265,0.0,10.727257683753614,0.0,7.166349634494522,0.0,7.432056750769991,0.0,14.317666087433226,0.0,3.5846727855923404,0.0,3.581676848902182,0.0,0.8546261980780973,0.0,-3.9501882282241234,0.0,0.9688115207439207,0.0,""
"2026-09-25 17:13:28","git-master-bddc7a050319718b5e4e0856afec0bc9ea96418f","C:\Users\marco\Desktop\ds004507\derivatives\labels\sub-003\ses-headUp\anat\sub-003_ses-headUp_T2w_seg-manual.nii.gz","832","5","",84.35773457073252,0.0,-2.337200814568751,0.0,10.54262488225996,0.0,7.160355017847596,0.0,7.422506973341105,0.0,14.60561707671103,0.0,3.5349355478945523,0.0,3.6254194699530444,0.0,0.8612164823829314,0.0,-2.549860894393555,0.0,0.969193709036123,0.0,""
"2026-09-25 17:13:28","git-master-bddc7a050319718b5e4e0856afec0bc9ea96418f","C:\Users\marco\Desktop\ds004507\derivatives\labels\sub-003\ses-headUp\anat\sub-003_ses-headUp_T2w_seg-manual.nii.gz","833","5","",84.54031828350041,0.0,-2.3672251508193556,0.0,10.355369682525337,0.0,7.172548064501928,0.0,7.531172269954411,0.0,14.47602510944109,0.0,3.3620447294630127,0.0,3.810503335038916,0.0,0.8540131644692592,0.0,-3.179036798245421,0.0,0.9502014324082364,0.0,""
"2026-09-25 17:13:28","git-master-bddc7a050319718b5e4e0856afec0bc9ea96418f","C:\Users\marco\Desktop\ds004507\derivatives\labels\sub-003\ses-headUp\anat\sub-003_ses-headUp_T2w_seg-manual.nii.gz","834","4","",86.02597188971737,0.0,-2.3988707919507997,0.0,10.137859307028311,0.0,7.560565932205554,0.0,7.577933147698484,0.0,14.45967129649577,0.0,3.726771010982755,0.0,3.833794921222799,0.0,0.8516729289751556,0.0,-1.210114156397093,0.0,0.9514746800222593,0.0,""
"2026-09-25 17:13:28","git-master-bddc7a050319718b5e4e0856afec0bc9ea96418f","C:\Users\marco\Desktop\ds004507\derivatives\labels\sub-003\ses-headUp\anat\sub-003_ses-headUp_T2w_seg-manual.nii.gz","835","4","",85.49785352409222,0.0,-2.422214264147436,0.0,9.95981351122895,0.0,7.507815485383003,0.0,7.466868627702443,0.0,14.529988285427487,0.0,3.7543822296915703,0.0,3.7534332556914323,0.0,0.8578269153119087,0.0,-1.5619659392150735,0.0,0.9497436721766128,0.0,""
"2026-09-25 17:13:28","git-master-bddc7a050319718b5e4e0856afec0bc9ea96418f","C:\Users\marco\Desktop\ds004507\derivatives\labels\sub-003\ses-headUp\anat\sub-003_ses-headUp_T2w_seg-manual.nii.gz","836","4","",85.1872716843336,0.0,-2.443927773661735,0.0,9.779617104108796,0.0,7.430006052576865,0.0,7.423667681184712,0.0,14.55318132270845,0.0,3.6850106437272006,0.0,3.7449954088496655,0.0,0.8601103184163582,0.0,-2.0101005345370426,0.0,0.9493109587553639,0.0,""
"2026-09-25 17:13:28","git-master-bddc7a050319718b5e4e0856afec0bc9ea96418f","C:\Users\marco\Desktop\ds004507\derivatives\labels\sub-003\ses-headUp\anat\sub-003_ses-headUp_T2w_seg-manual.nii.gz","837","4","",84.51378831235417,0.0,-2.4640114462990392,0.0,9.597267253801217,0.0,7.295307429341125,0.0,7.376893795548685,0.0,14.52583120972643,0.0,3.583336126693185,0.0,3.71197130264794,0.0,0.8614478626544213,0.0,-1.7873723540862851,0.0,0.9573350787513654,0.0,""
"2026-09-25 17:13:28","git-master-bddc7a050319718b5e4e0856afec0bc9ea96418f","C:\Users\marco\Desktop\ds004507\derivatives\labels\sub-003\ses-headUp\anat\sub-003_ses-headUp_T2w_seg-manual.nii.gz","838","4","",83.90558877708122,0.0,-2.4824654021263717,0.0,9.412761221823235,0.0,7.165562432710105,0.0,7.340313770443005,0.0,14.497049633461168,0.0,3.4802587597490766,0.0,3.685303672961028,0.0,0.8623392873652111,0.0,-1.0306115822581678,0.0,0.9709699187624906,0.0,""
"2026-09-25 17:13:28","git-master-bddc7a050319718b5e4e0856afec0bc9ea96418f","C:\Users\marco\Desktop\ds004507\derivatives\labels\sub-003\ses-headUp\anat\sub-003_ses-headUp_T2w_seg-manual.nii.gz","839","4","",84.52744825249418,0.0,-2.4992897554299627,0.0,9.226096363820155,0.0,7.168665808320953,0.0,7.393465838729569,0.0,14.552457424197597,0.0,3.37980892707087,0.0,3.7888568812500836,0.0,0.8613240141420483,0.0,-0.6117364578670063,0.0,0.9790349243309254,0.0,""
"2026-09-25 17:13:28","git-master-bddc7a050319718b5e4e0856afec0bc9ea96418f","C:\Users\marco\Desktop\ds004507\derivatives\labels\sub-003\ses-headUp\anat\sub-003_ses-headUp_T2w_seg-manual.nii.gz","840","4","",85.14932384060783,0.0,-2.5140402538425057,0.0,9.036679507060457,0.0,7.171802909119021,0.0,7.483487422944945,0.0,14.631707278926712,0.0,3.3569285783095117,0.0,3.81487433080951,0.0,0.8593093416137849,0.0,-0.7822773024640641,0.0,0.9705571903342116,0.0,""
"2026-09-25 17:13:28","git-master-bddc7a050319718b5e4e0856afec0bc9ea96418f","C:\Users\marco\Desktop\ds004507\derivatives\labels\sub-003\ses-headUp\anat\sub-003_ses-headUp_T2w_seg-manual.nii.gz","841","4","",84.67878610402951,0.0,-2.5270873691828952,0.0,8.844998594860007,0.0,7.180593763578302,0.0,7.479862355529592,0.0,14.590433393693557,0.0,3.3312671477991547,0.0,3.849326615779148,0.0,0.8585937635528119,0.0,-0.8402839994287404,0.0,0.9565457464249396,0.0,""
"2026-09-25 17:13:28","git-master-bddc7a050319718b5e4e0856afec0bc9ea96418f","C:\Users\marco\Desktop\ds004507\derivatives\labels\sub-003\ses-headUp\anat\sub-003_ses-headUp_T2w_seg-manual.nii.gz","842","4","",84.49212009433514,0.0,-2.538505246100506,0.0,8.651149863273547,0.0,7.159513941095501,0.0,7.454648109729779,0.0,14.640622006208794,0.0,3.301328022722219,0.0,3.858185918373282,0.0,0.8606333194591312,0.0,-1.18729890253081,0.0,0.9442166736504669,0.0,""
"2026-09-25 17:13:28","git-master-bddc7a050319718b5e4e0856afec0bc9ea96418f","C:\Users\marco\Desktop\ds004507\derivatives\labels\sub-003\ses-headUp\anat\sub-003_ses-headUp_T2w_seg-manual.nii.gz","843","4","",84.24433470290343,0.0,-2.548293956103556,0.0,8.455131381404193,0.0,7.1129204227119605,0.0,7.407443927308325,0.0,14.696398869499138,0.0,3.340381158059047,0.0,3.7725392646529134,0.0,0.8636877051784208,0.0,-1.6151627682854985,0.0,0.940769709498376,0.0,""
"2026-09-25 17:13:28","git-master-bddc7a050319718b5e4e0856afec0bc9ea96418f","C:\Users\marco\Desktop\ds004507\derivatives\labels\sub-003\ses-headUp\anat\sub-003_ses-headUp_T2w_seg-manual.nii.gz","844","4","",82.99368387661777,0.0,-2.5565582306833763,0.0,8.257074557318552,0.0,7.069780135994014,0.0,7.308784742447443,0.0,14.571120988036443,0.0,3.5236437646184373,0.0,3.5461363713755776,0.0,0.8650818063984146,0.0,-1.6535958784506362,0.0,0.9507671705647882,0.0,""
"2026-09-25 17:13:28","git-master-bddc7a050319718b5e4e0856afec0bc9ea96418f","C:\Users\marco\Desktop\ds004507\derivatives\labels\sub-003\ses-headUp\anat\sub-003_ses-headUp_T2w_seg-manual.nii.gz","845","4","",83.90362833281466,0.0,-2.5642362424660767,0.0,8.058148463753334,0.0,7.074621104496492,0.0,7.244415456747189,0.0,14.829728693053461,0.0,3.49738166763488,0.0,3.5772394368616114,0.0,0.872513016600633,0.0,-1.7693903284483987,0.0,0.9519960869816502,0.0,""
"2026-09-25 17:13:28","git-master-bddc7a050319718b5e4e0856afec0bc9ea96418f","C:\Users\marco\Desktop\ds004507\derivatives\labels\sub-003\ses-headUp\anat\sub-003_ses-headUp_T2w_seg-manual.nii.gz","846","4","",84.81270374842173,0.0,-2.572649136502161,0.0,7.860053861368644,0.0,7.1608361439219435,0.0,7.3068872827363744,0.0,14.793659520959174,0.0,3.4825900027027257,0.0,3.678246141219218,0.0,0.8694732233227588,0.0,-2.338347583624995,0.0,0.9625565378624494,0.0,""
"2026-09-25 17:13:28","git-master-bddc7a050319718b5e4e0856afec0bc9ea96418f","C:\Users\marco\Desktop\ds004507\derivatives\labels\sub-003\ses-headUp\anat\sub-003_ses-headUp_T2w_seg-manual.nii.gz","847","4","",85.36419754335171,0.0,-2.581735646224379,0.0,7.662728087699523,0.0,7.205227719196413,0.0,7.373331048434936,0.0,14.719937727024888,0.0,3.4587468636065943,0.0,3.746480855589819,0.0,0.8654874814195213,0.0,-2.8124527939791486,0.0,0.9569896943645179,0.0,""
"2026-09-25 17:13:28","git-master-bddc7a050319718b5e4e0856afec0bc9ea96418f","C:\Users\marco\Desktop\ds004507\derivatives\labels\sub-003\ses-headUp\anat\sub-003_ses-headUp_T2w_seg-manual.nii.gz","848","4","",85.97292598110684,0.0,-2.591495746626244,0.0,7.466176909925246,0.0,7.209431117839014,0.0,7.448638391419301,0.0,14.703084736005053,0.0,3.4005045871579918,0.0,3.808926530681022,0.0,0.8621741119900407,0.0,-3.136943667376275,0.0,0.9450553073318351,0.0,""
"2026-09-25 17:13:28","git-master-bddc7a050319718b5e4e0856afec0bc9ea96418f","C:\Users\marco\Desktop\ds004507\derivatives\labels\sub-003\ses-headUp\anat\sub-003_ses-headUp_T2w_seg-manual.nii.gz","849","4","",87.01978431381994,0.0,-2.601929411306095,0.0,7.270406030022584,0.0,7.230547173921054,0.0,7.557354574072679,0.0,14.752445669340378,0.0,3.311345506824882,0.0,3.9192016670961722,0.0,0.8588194631342831,0.0,-3.326103701300273,0.0,0.9446596924893808,0.0,""
"2026-09-25 17:13:28","git-master-bddc7a050319718b5e4e0856afec0bc9ea96418f","C:\Users\marco\Desktop\ds004507\derivatives\labels\sub-003\ses-headUp\anat\sub-003_ses-headUp_T2w_seg-manual.nii.gz","850","4","",86.76704857402979,0.0,-2.6131590638006315,0.0,7.075565709503359,0.0,7.376815740120496,0.0,7.548673962513461,0.0,14.71514491588974,0.0,3.387693406666267,0.0,3.9891223334542287,0.0,0.8583963177059897,0.0,-2.6061655101077426,0.0,0.9390659551872632,0.0,""
"2026-09-25 17:13:28","git-master-bddc7a050319718b5e4e0856afec0bc9ea96418f","C:\Users\marco\Desktop\ds004507\derivatives\labels\sub-003\ses-headUp\anat\sub-003_ses-headUp_T2w_seg-manual.nii.gz","851","4","",86.51260926692291,0.0,-2.625154037143828,0.0,6.881629293788045,0.0,7.352367437288649,0.0,7.559267528814438,0.0,14.694011163716365,0.0,3.546156537054165,0.0,3.8062109002344844,0.0,0.8575220556542769,0.0,-2.2014945309455443,0.0,0.9490355609075112,0.0,""
"2026-09-25 17:13:28","git-master-bddc7a050319718b5e4e0856afec0bc9ea96418f","C:\Users\marco\Desktop\ds004507\derivatives\labels\sub-003\ses-headUp\anat\sub-003_ses-headUp_T2w_seg-manual.nii.gz","852","4","",86.45578517580921,0.0,-2.637822452030565,0.0,6.6884947454799555,0.0,7.277333614905432,0.0,7.546356476263634,0.0,14.677107155347379,0.0,3.5887400060813306,0.0,3.688593608824102,0.0,0.8576950418127282,0.0,-2.32169431826419,0.0,0.960234718799917,0.0,""
"2026-09-25 17:13:28","git-master-bddc7a050319718b5e4e0856afec0bc9ea96418f","C:\Users\marco\Desktop\ds004507\derivatives\labels\sub-003\ses-headUp\anat\sub-003_ses-headUp_T2w_seg-manual.nii.gz","853","4","",86.28730011286883,0.0,-2.6511642723741495,0.0,6.496167334219708,0.0,7.2214110396803335,0.0,7.528888777227751,0.0,14.626052475489198,0.0,3.5510327103196144,0.0,3.670378329360719,0.0,0.8573252532348765,0.0,-2.1221009455621824,0.0,0.9663297288106634,0.0,""
"2026-09-25 17:13:28","git-master-bddc7a050319718b5e4e0856afec0bc9ea96418f","C:\Users\marco\Desktop\ds004507\derivatives\labels\sub-003\ses-headUp\anat\sub-003_ses-headUp_T2w_seg-manual.nii.gz","854","4","",85.98886912073276,0.0,-2.6651794605525216,0.0,6.304652264475582,0.0,7.221342401613884,0.0,7.54602281907937,0.0,14.550372288521377,0.0,3.522023255756463,0.0,3.6993191458574213,0.0,0.8550100426152645,0.0,-1.084142893643458,0.0,0.9655022296909791,0.0,""
"2026-09-25 17:13:28","git-master-bddc7a050319718b5e4e0856afec0bc9ea96418f","C:\Users\marco\Desktop\ds004507\derivatives\labels\sub-003\ses-headUp\anat\sub-003_ses-headUp_T2w_seg-manual.nii.gz","855","4","",87.25706195026125,0.0,-2.6799597852335597,0.0,6.11406728498188,0.0,7.229462305779825,0.0,7.6598417621187345,0.0,14.680319810758004,0.0,3.562167743610446,0.0,3.667294562169379,0.0,0.8530834674292372,0.0,-1.0421925389427806,0.0,0.9657319189857848,0.0,""
"2026-09-25 17:13:28","git-master-bddc7a050319718b5e4e0856afec0bc9ea96418f","C:\Users\marco\Desktop\ds004507\derivatives\labels\sub-003\ses-headUp\anat\sub-003_ses-headUp_T2w_seg-manual.nii.gz","856","4","",86.30511242983746,0.0,-2.6955357777680473,0.0,5.92445825398291,0.0,7.227423849229665,0.0,7.616184450211309,0.0,14.537081178148885,0.0,3.5221163749298663,0.0,3.705307474299799,0.0,0.851765316522719,0.0,-0.9690752447623479,0.0,0.9662017238299957,0.0,""
"2026-09-25 17:13:28","git-master-bddc7a050319718b5e4e0856afec0bc9ea96418f","C:\Users\marco\Desktop\ds004507\derivatives\labels\sub-003\ses-headUp\anat\sub-003_ses-headUp_T2w_seg-manual.nii.gz","857","4","",84.95395632309113,0.0,-2.711784969659893,0.0,5.735681196146243,0.0,7.228580469223227,0.0,7.57128326389166,0.0,14.362878180086508,0.0,3.5288360509465106,0.0,3.6997444182767163,0.0,0.8497610427025549,0.0,-1.203152974830836,0.0,0.9689381506245814,0.0,""
"2026-09-25 17:13:28","git-master-bddc7a050319718b5e4e0856afec0bc9ea96418f","C:\Users\marco\Desktop\ds004507\derivatives\labels\sub-003\ses-headUp\anat\sub-003_ses-headUp_T2w_seg-manual.nii.gz","858","4","",84.0078486419756,0.0,-2.728707312539864,0.0,5.547740886072784,0.0,7.231307871673069,0.0,7.570568332058275,0.0,14.241406764545333,0.0,3.5317802846911603,0.0,3.699527586981908,0.0,0.846991307850662,0.0,-1.3493089890588874,0.0,0.9718765832160908,0.0,""
"2026-09-25 17:13:28","git-master-bddc7a050319718b5e4e0856afec0bc9ea96418f","C:\Users\marco\Desktop\ds004507\derivatives\labels\sub-003\ses-headUp\anat\sub-003_ses-headUp_T2w_seg-manual.nii.gz","859","4","",83.79213884838988,0.0,-2.746302756317546,0.0,5.360642033906036,0.0,7.233002914833388,0.0,7.599780692134525,0.0,14.2101418072935,0.0,3.500884195786081,0.0,3.7321187190473064,0.0,0.8449613101022633,0.0,-1.1376890278732976,0.0,0.9730369689151744,0.0,""
"2026-09-25 17:13:28","git-master-bddc7a050319718b5e4e0856afec0bc9ea96418f","C:\Users\marco\Desktop\ds004507\derivatives\labels\sub-003\ses-headUp\anat\sub-003_ses-headUp_T2w_seg-manual.nii.gz","860","4","",83.81609017687639,0.0,-2.764632427364551,0.0,5.174466859796475,0.0,7.234691274068464,0.0,7.532756441996622,0.0,14.25528697019882,0.0,3.533735990222676,0.0,3.7009552838457873,0.0,0.8489803355385684,0.0,-0.9189174340487174,0.0,0.9723020537475352,0.0,""
"2026-09-25 17:13:28","git-master-bddc7a050319718b5e4e0856afec0bc9ea96418f","C:\Users\marco\Desktop\ds004507\derivatives\labels\sub-003\ses-headUp\anat\sub-003_ses-headUp_T2w_seg-manual.nii.gz","861","4","",83.81160528178904,0.0,-2.783788003960659,0.0,4.989338940661091,0.0,7.283378065182111,0.0,7.5440224710656745,0.0,14.209876045822469,0.0,3.5354561411130705,0.0,3.7479219240690402,0.0,0.8474300829600508,0.0,-0.9015186644828425,0.0,0.9482525872338541,0.0,""
"2026-09-25 17:13:28","git-master-bddc7a050319718b5e4e0856afec0bc9ea96418f","C:\Users\marco\Desktop\ds004507\derivatives\labels\sub-003\ses-headUp\anat\sub-003_ses-headUp_T2w_seg-manual.nii.gz","862","4","",83.42257305530843,0.0,-2.8036164618430743,0.0,4.805070193693123,0.0,7.293018144960123,0.0,7.648867843081126,0.0,13.996753832814019,0.0,3.490091917515969,0.0,3.8029262274441535,0.0,0.83721918484033,0.0,-2.096803879223137,0.0,0.9483092463135999,0.0,""
"2026-09-25 17:13:28","git-master-bddc7a050319718b5e4e0856afec0bc9ea96418f","C:\Users\marco\Desktop\ds004507\derivatives\labels\sub-003\ses-headUp\anat\sub-003_ses-headUp_T2w_seg-manual.nii.gz","863","4","",83.12199580705123,0.0,-2.824117738820362,0.0,4.621664905821099,0.0,7.391327629452083,0.0,7.718659793589869,0.0,13.82350598005144,0.0,3.4971167732814648,0.0,3.894210856170618,0.0,0.8295907305804433,0.0,-2.735650956621615,0.0,0.9571378196692638,0.0,""
"2026-09-25 17:13:28","git-master-bddc7a050319718b5e4e0856afec0bc9ea96418f","C:\Users\marco\Desktop\ds004507\derivatives\labels\sub-003\ses-headUp\anat\sub-003_ses-headUp_T2w_seg-manual.nii.gz","864","4","",83.62380056652023,0.0,-2.8452917707487417,0.0,4.439127300848853,0.0,7.619592599302992,0.0,7.739929955662578,0.0,13.797583854496564,0.0,3.6077549124776156,0.0,4.011837686825376,0.0,0.8278092082610904,0.0,-1.9854513473021351,0.0,0.9633583903598117,0.0,""
"2026-09-25 17:13:28","git-master-bddc7a050319718b5e4e0856afec0bc9ea96418f","C:\Users\marco\Desktop\ds004507\derivatives\labels\sub-003\ses-headUp\anat\sub-003_ses-headUp_T2w_seg-manual.nii.gz","865","4","",85.97212542754106,0.0,-2.8671690634002878,0.0,4.257501450017202,0.0,7.837392180598786,0.0,7.9269439998602325,0.0,13.806462495665626,0.0,3.7733404826913026,0.0,4.064051697907483,0.0,0.8187457229309575,0.0,-1.078771862384129,0.0,0.9730418966620107,0.0,""
"2026-09-25 17:13:28","git-master-bddc7a050319718b5e4e0856afec0bc9ea96418f","C:\Users\marco\Desktop\ds004507\derivatives\labels\sub-003\ses-headUp\anat\sub-003_ses-headUp_T2w_seg-manual.nii.gz","866","4","",85.50775270022824,0.0,-2.8899023685652026,0.0,4.076993093678474,0.0,7.837107067293701,0.0,7.876056029886299,0.0,13.79786855324832,0.0,3.7265678180284043,0.0,4.110539249265296,0.0,0.8210741862555163,0.0,-0.8429474867762126,0.0,0.9706655906944905,0.0,""
"2026-09-25 17:13:28","git-master-bddc7a050319718b5e4e0856afec0bc9ea96418f","C:\Users\marco\Desktop\ds004507\derivatives\labels\sub-003\ses-headUp\anat\sub-003_ses-headUp_T2w_seg-manual.nii.gz","867","4","",84.73109388722422,0.0,-2.913308151253619,0.0,3.897368255240627,0.0,7.783873287754192,0.0,7.849736808436335,0.0,13.784297303821395,0.0,3.670075839117447,0.0,4.1137974486367455,0.0,0.8220125265830188,0.0,-0.4435382937093582,0.0,0.9724783918648383,0.0,""
"2026-09-25 17:13:28","git-master-bddc7a050319718b5e4e0856afec0bc9ea96418f","C:\Users\marco\Desktop\ds004507\derivatives\labels\sub-003\ses-headUp\anat\sub-003_ses-headUp_T2w_seg-manual.nii.gz","868","4","",84.15420263805656,0.0,-2.9373863335771535,0.0,3.7186307456864247,0.0,7.689811871095001,0.0,7.789183210831312,0.0,13.806468761482508,0.0,3.6512223778651154,0.0,4.038589493229885,0.0,0.8256112270726688,0.0,-0.29652265522051013,0.0,0.970723734062505,0.0,""
"2026-09-25 17:13:28","git-master-bddc7a050319718b5e4e0856afec0bc9ea96418f","C:\Users\marco\Desktop\ds004507\derivatives\labels\sub-003\ses-headUp\anat\sub-003_ses-headUp_T2w_seg-manual.nii.gz","869","4","",83.73680047995319,0.0,-2.962136835418926,0.0,3.5407843147517575,0.0,7.578156629977036,0.0,7.692916112007205,0.0,13.840322193520757,0.0,3.653897448327734,0.0,3.924259181649301,0.0,0.8312940707294337,0.0,-0.6035758564317704,0.0,0.9655053677837583,0.0,""
"2026-09-25 17:13:28","git-master-bddc7a050319718b5e4e0856afec0bc9ea96418f","C:\Users\marco\Desktop\ds004507\derivatives\labels\sub-003\ses-headUp\anat\sub-003_ses-headUp_T2w_seg-manual.nii.gz","870","4","",82.87622444360832,0.0,-2.987559574424632,0.0,3.3638326509887837,0.0,7.490756228988521,0.0,7.642101665422645,0.0,13.78494791645778,0.0,3.5947527782669995,0.0,3.8960034507215213,0.0,0.8322635613021245,0.0,-1.2472247576914128,0.0,0.9673402255639098,0.0,""
"2026-09-25 17:13:28","git-master-bddc7a050319718b5e4e0856afec0bc9ea96418f","C:\Users\marco\Desktop\ds004507\derivatives\labels\sub-003\ses-headUp\anat\sub-003_ses-headUp_T2w_seg-manual.nii.gz","871","3","",82.16762973709314,0.0,-3.0202186530368182,0.0,3.1456412607200535,0.0,7.4922507040267625,0.0,7.7482349441565,0.0,13.596214963402725,0.0,3.6176845167050247,0.0,3.8745661873217374,0.0,0.8217267045562261,0.0,-1.2006998428730202,0.0,0.9687169234387863,0.0,""
"2026-09-25 17:13:28","git-master-bddc7a050319718b5e4e0856afec0bc9ea96418f","C:\Users\marco\Desktop\ds004507\derivatives\labels\sub-003\ses-headUp\anat\sub-003_ses-headUp_T2w_seg-manual.nii.gz","872","3","",81.88726217044328,0.0,-3.047413142207687,0.0,2.9710690447783548,0.0,7.396344574415441,0.0,7.676392136484037,0.0,13.701955815564295,0.0,3.5558785696269,0.0,3.8404660047885404,0.0,0.8282980092735139,0.0,-1.2323343936407083,0.0,0.9634867608704362,0.0,""
"2026-09-25 17:13:28","git-master-bddc7a050319718b5e4e0856afec0bc9ea96418f","C:\Users\marco\Desktop\ds004507\derivatives\labels\sub-003\ses-headUp\anat\sub-003_ses-headUp_T2w_seg-manual.nii.gz","873","3","",81.16347787936702,0.0,-3.0752794671944024,0.0,2.797406831111417,0.0,7.376746901369161,0.0,7.553664901557471,0.0,13.751226244499051,0.0,3.49393071303888,0.0,3.882816188330281,0.0,0.835572832853438,0.0,-1.9296231808473632,0.0,0.9568856804377851,0.0,""
"2026-09-25 17:13:28","git-master-bddc7a050319718b5e4e0856afec0bc9ea96418f","C:\Users\marco\Desktop\ds004507\derivatives\labels\sub-003\ses-headUp\anat\sub-003_ses-headUp_T2w_seg-manual.nii.gz","874","3","",80.46346061875622,0.0,-3.103817527425085,0.0,2.6246578598630834,0.0,7.327821285332087,0.0,7.479620875988037,0.0,13.70812989857533,0.0,3.4702228418972414,0.0,3.857598443434846,0.0,0.8380127205070185,0.0,-1.3159143923609915,0.0,0.9624451637127552,0.0,""
"2026-09-25 17:13:28","git-master-bddc7a050319718b5e4e0856afec0bc9ea96418f","C:\Users\marco\Desktop\ds004507\derivatives\labels\sub-003\ses-headUp\anat\sub-003_ses-headUp_T2w_seg-manual.nii.gz","875","3","",79.90897993775862,0.0,-3.133027219694277,0.0,2.452825312908951,0.0,7.256556768168663,0.0,7.463138492915756,0.0,13.615312266462634,0.0,3.4828728669203883,0.0,3.773683901248274,0.0,0.8363846793421494,0.0,0.26795355023316336,0.0,0.9742124382354663,0.0,""
"2026-09-25 17:13:28","git-master-bddc7a050319718b5e4e0856afec0bc9ea96418f","C:\Users\marco\Desktop\ds004507\derivatives\labels\sub-003\ses-headUp\anat\sub-003_ses-headUp_T2w_seg-manual.nii.gz","876","3","",79.342676414353,0.0,-3.1629084381520665,0.0,2.281912313938046,0.0,7.257970299799186,0.0,7.438498504691694,0.0,13.576081365990497,0.0,3.4943062099505404,0.0,3.7636640898486453,0.0,0.8365355687277342,0.0,0.6210636926655899,0.0,0.9714660368873091,0.0,""
"2026-09-25 17:13:28","git-master-bddc7a050319718b5e4e0856afec0bc9ea96418f","C:\Users\marco\Desktop\ds004507\derivatives\labels\sub-003\ses-headUp\anat\sub-003_ses-headUp_T2w_seg-manual.nii.gz","877","3","",79.05739076777051,0.0,-3.193644129215902,0.0,2.112175034956353,0.0,7.258776048436111,0.0,7.405001281822734,0.0,13.588028059848329,0.0,3.425727588261889,0.0,3.833048460174222,0.0,0.8384567790513462,0.0,-0.3298921429929095,0.0,0.9702021228994913,0.0,""
"2026-09-25 17:13:28","git-master-bddc7a050319718b5e4e0856afec0bc9ea96418f","C:\Users\marco\Desktop\ds004507\derivatives\labels\sub-003\ses-headUp\anat\sub-003_ses-headUp_T2w_seg-manual.nii.gz","878","3","",78.7495439099416,0.0,-3.225081530809351,0.0,1.9434079973185316,0.0,7.280465066610296,0.0,7.4511337966548155,0.0,13.464466833975056,0.0,3.4408446874487275,0.0,3.839620379161569,0.0,0.832848489718066,0.0,-0.4502289282668367,0.0,0.9566383102065698,0.0,""
"2026-09-25 17:13:28","git-master-bddc7a050319718b5e4e0856afec0bc9ea96418f","C:\Users\marco\Desktop\ds004507\derivatives\labels\sub-003\ses-headUp\anat\sub-003_ses-headUp_T2w_seg-manual.nii.gz","879","3","",78.28932079463462,0.0,-3.2571900043692876,0.0,1.7755720146318552,0.0,7.293065714275821,0.0,7.483764430844736,0.0,13.372869159151652,0.0,3.4665163521277584,0.0,3.8265493621480626,0.0,0.8287447835243824,0.0,-0.05550605651688856,0.0,0.9497818979404122,0.0,""
"2026-09-25 17:13:28","git-master-bddc7a050319718b5e4e0856afec0bc9ea96418f","C:\Users\marco\Desktop\ds004507\derivatives\labels\sub-003\ses-headUp\anat\sub-003_ses-headUp_T2w_seg-manual.nii.gz","880","3","",78.07205008316953,0.0,-3.289969425202674,0.0,1.6086698350588806,0.0,7.343556089307383,0.0,7.499076146672011,0.0,13.359715684215242,0.0,3.5286274342048563,0.0,3.8149286551025274,0.0,0.8275991524723851,0.0,-0.07759961686531308,0.0,0.9514588905420645,0.0,""
"2026-09-25 17:13:28","git-master-bddc7a050319718b5e4e0856afec0bc9ea96418f","C:\Users\marco\Desktop\ds004507\derivatives\labels\sub-003\ses-headUp\anat\sub-003_ses-headUp_T2w_seg-manual.nii.gz","881","3","",78.55846751435111,0.0,-3.323419665595312,0.0,1.4427041514113774,0.0,7.503117657915246,0.0,7.5378321204133405,0.0,13.381791745041657,0.0,3.6857632995260525,0.0,3.817354358389194,0.0,0.8262375331420855,0.0,-1.472684320806601,0.0,0.9539792633775137,0.0,""
"2026-09-25 17:13:28","git-master-bddc7a050319718b5e4e0856afec0bc9ea96418f","C:\Users\marco\Desktop\ds004507\derivatives\labels\sub-003\ses-headUp\anat\sub-003_ses-headUp_T2w_seg-manual.nii.gz","882","3","",77.68539135583939,0.0,-3.3576929673237363,0.0,1.2778920643660079,0.0,7.644129132463627,0.0,7.5772035193177505,0.0,13.166905718926223,0.0,3.757623134136214,0.0,3.8865059983274133,0.0,0.8177698285631108,0.0,-1.625731104636533,0.0,0.9535873211556264,0.0,""
"2026-09-25 17:13:28","git-master-bddc7a050319718b5e4e0856afec0bc9ea96418f","C:\Users\marco\Desktop\ds004507\derivatives\labels\sub-003\ses-headUp\anat\sub-003_ses-headUp_T2w_seg-manual.nii.gz","883","3","",77.77796922278897,0.0,-3.3914522064569743,0.0,1.1141094003675192,0.0,7.443091174932076,0.0,7.566830507103086,0.0,13.223377339935897,0.0,3.546956658754184,0.0,3.8961345161778915,0.0,0.8200659620158158,0.0,-0.6771642633550793,0.0,0.9566266045294742,0.0,""
"2026-09-25 17:13:28","git-master-bddc7a050319718b5e4e0856afec0bc9ea96418f","C:\Users\marco\Desktop\ds004507\derivatives\labels\sub-003\ses-headUp\anat\sub-003_ses-headUp_T2w_seg-manual.nii.gz","884","3","",78.242302218627,0.0,-3.423858172431395,0.0,0.9512730969721613,0.0,7.440205871391185,0.0,7.5998815860647335,0.0,13.244066008274443,0.0,3.5470368171546784,0.0,3.893169054236506,0.0,0.8189471831189068,0.0,-0.6327632793263055,0.0,0.9552949792217152,0.0,""
"2026-09-25 17:13:28","git-master-bddc7a050319718b5e4e0856afec0bc9ea96418f","C:\Users\marco\Desktop\ds004507\derivatives\labels\sub-003\ses-headUp\anat\sub-003_ses-headUp_T2w_seg-manual.nii.gz","885","3","",78.82682153238947,0.0,-3.4546516084927545,0.0,0.7893854910157383,0.0,7.612079372672273,0.0,7.667875204507626,0.0,13.2066431982091,0.0,3.7223408979587895,0.0,3.889738474713484,0.0,0.8141717504000822,0.0,-1.0883142628915803,0.0,0.9543589328524867,0.0,""
"2026-09-25 17:13:28","git-master-bddc7a050319718b5e4e0856afec0bc9ea96418f","C:\Users\marco\Desktop\ds004507\derivatives\labels\sub-003\ses-headUp\anat\sub-003_ses-headUp_T2w_seg-manual.nii.gz","886","3","",79.29007446090164,0.0,-3.483832766315604,0.0,0.628448867115755,0.0,7.739762082173606,0.0,7.7213070466823455,0.0,13.178672150465907,0.0,3.846316996469539,0.0,3.8934450857040668,0.0,0.8103870525493359,0.0,-0.9286418722456177,0.0,0.9599576563570469,0.0,""
"2026-09-25 17:13:28","git-master-bddc7a050319718b5e4e0856afec0bc9ea96418f","C:\Users\marco\Desktop\ds004507\derivatives\labels\sub-003\ses-headUp\anat\sub-003_ses-headUp_T2w_seg-manual.nii.gz","887","3","",78.70599319700229,0.0,-3.5111088661291374,0.0,0.46863943496038685,0.0,7.738292318956981,0.0,7.698350384065716,0.0,13.116483352655566,0.0,3.773873204433101,0.0,3.9644191145238805,0.0,0.809642916533331,0.0,-0.38172260108583256,0.0,0.9565628517068395,0.0,""
"2026-09-25 17:13:28","git-master-bddc7a050319718b5e4e0856afec0bc9ea96418f","C:\Users\marco\Desktop\ds004507\derivatives\labels\sub-003\ses-headUp\anat\sub-003_ses-headUp_T2w_seg-manual.nii.gz","888","3","",78.37314643735189,0.0,-3.536553559623996,0.0,0.30991736028245565,0.0,7.683945922479254,0.0,7.669186902137191,0.0,13.121710539141732,0.0,3.768417813436894,0.0,3.91552810904236,0.0,0.8114149228243226,0.0,0.23103568813383468,0.0,0.9557917006310667,0.0,""
"2026-09-25 17:13:28","git-master-bddc7a050319718b5e4e0856afec0bc9ea96418f","C:\Users\marco\Desktop\ds004507\derivatives\labels\sub-003\ses-headUp\anat\sub-003_ses-headUp_T2w_seg-manual.nii.gz","889","3","",78.44253342277399,0.0,-3.560386872054149,0.0,0.15215458131791976,0.0,7.70063881963561,0.0,7.662887623945409,0.0,13.151887201385092,0.0,3.769733624541392,0.0,3.930905195094218,0.0,0.8127251107512565,0.0,0.2701333172301005,0.0,0.958614865128451,0.0,""
"2026-09-25 17:13:28","git-master-bddc7a050319718b5e4e0856afec0bc9ea96418f","C:\Users\marco\Desktop\ds004507\derivatives\labels\sub-003\ses-headUp\anat\sub-003_ses-headUp_T2w_seg-manual.nii.gz","890","3","",78.51141550524991,0.0,-3.582609006012489,0.0,-0.004646952079711178,0.0,7.740250648183629,0.0,7.675679497801947,0.0,13.148508115129168,0.0,3.7966306144761814,0.0,3.943620033707448,0.0,0.8119073302846281,0.0,0.13453266765401842,0.0,0.9606939330311276,0.0,""
"2026-09-25 17:13:28","git-master-bddc7a050319718b5e4e0856afec0bc9ea96418f","C:\Users\marco\Desktop\ds004507\derivatives\labels\sub-003\ses-headUp\anat\sub-003_ses-headUp_T2w_seg-manual.nii.gz","891","3","",78.41863673450825,0.0,-3.603220155780542,0.0,-0.16048533891711433,0.0,7.739135422215208,0.0,7.706869689275223,0.0,13.086285244194775,0.0,3.860133896144905,0.0,3.8790015260703026,0.0,0.808177868231483,0.0,0.24406846696888654,0.0,0.9588817507164281,0.0,""
"2026-09-25 17:13:28","git-master-bddc7a050319718b5e4e0856afec0bc9ea96418f","C:\Users\marco\Desktop\ds004507\derivatives\labels\sub-003\ses-headUp\anat\sub-003_ses-headUp_T2w_seg-manual.nii.gz","892","3","",79.58336781374223,0.0,-3.6220008906671213,0.0,-0.31522673959242853,0.0,7.745950162032948,0.0,7.80690703984365,0.0,13.087990749675816,0.0,3.8661324206573573,0.0,3.8798177413755903,0.0,0.8026112022962296,0.0,0.0211758689882402,0.0,0.9602001521104343,0.0,""
"2026-09-25 17:13:28","git-master-bddc7a050319718b5e4e0856afec0bc9ea96418f","C:\Users\marco\Desktop\ds004507\derivatives\labels\sub-003\ses-headUp\anat\sub-003_ses-headUp_T2w_seg-manual.nii.gz","893","3","",79.43950191413109,0.0,-3.6388782817085907,0.0,-0.4688242497489711,0.0,7.821120599755539,0.0,7.757556218570262,0.0,13.143461847500499,0.0,3.8762325617942035,0.0,3.944888037961336,0.0,0.807214660808621,0.0,0.1716571170149414,0.0,0.9629918229035596,0.0,""
"2026-09-25 17:13:28","git-master-bddc7a050319718b5e4e0856afec0bc9ea96418f","C:\Users\marco\Desktop\ds004507\derivatives\labels\sub-003\ses-headUp\anat\sub-003_ses-headUp_T2w_seg-manual.nii.gz","894","3","",78.76187637585971,0.0,-3.6541453393806425,0.0,-0.6214517530499777,0.0,7.849370232145104,0.0,7.722845630798342,0.0,13.083633452947247,0.0,3.8776256529188986,0.0,3.971744579226206,0.0,0.8071899303107765,0.0,0.19480737179423058,0.0,0.9607656356192715,0.0,""
"2026-09-25 17:13:28","git-master-bddc7a050319718b5e4e0856afec0bc9ea96418f","C:\Users\marco\Desktop\ds004507\derivatives\labels\sub-003\ses-headUp\anat\sub-003_ses-headUp_T2w_seg-manual.nii.gz","895","3","",78.24490395120559,0.0,-3.667802198146874,0.0,-0.7731076608270412,0.0,7.848324050049208,0.0,7.7257549916302635,0.0,12.987234663191614,0.0,3.901497956315716,0.0,3.9468260937334927,0.0,0.8038051839702048,0.0,-0.11623759394654823,0.0,0.9581349337789254,0.0,""
"2026-09-25 17:13:28","git-master-bddc7a050319718b5e4e0856afec0bc9ea96418f","C:\Users\marco\Desktop\ds004507\derivatives\labels\sub-003\ses-headUp\anat\sub-003_ses-headUp_T2w_seg-manual.nii.gz","896","3","",78.24084264004556,0.0,-3.6798489828268295,0.0,-0.9237904297546236,0.0,7.832257652987872,0.0,7.754645425105857,0.0,12.940242109363874,0.0,3.9377825858555497,0.0,3.8944750671323223,0.0,0.8005500073491798,0.0,-0.7251104427756426,0.0,0.9575879686734106,0.0,""
"2026-09-25 17:13:28","git-master-bddc7a050319718b5e4e0856afec0bc9ea96418f","C:\Users\marco\Desktop\ds004507\derivatives\labels\sub-003\ses-headUp\anat\sub-003_ses-headUp_T2w_seg-manual.nii.gz","897","3","",78.2364081215723,0.0,-3.6901394623212127,0.0,-1.0734097541262972,0.0,7.747150810768905,0.0,7.766516643984243,0.0,12.944224565321088,0.0,3.8479318787009547,0.0,3.89921893206795,0.0,0.8000010197574301,0.0,-1.1009273245094358,0.0,0.9512265942643646,0.0,""
"2026-09-25 17:13:28","git-master-bddc7a050319718b5e4e0856afec0bc9ea96418f","C:\Users\marco\Desktop\ds004507\derivatives\labels\sub-003\ses-headUp\anat\sub-003_ses-headUp_T2w_seg-manual.nii.gz","898","3","",77.4167738421968,0.0,-3.69845426765452,0.0,-1.221830175670764,0.0,7.671072141670229,0.0,7.661244184169753,0.0,12.978186933537485,0.0,3.7640996042983836,0.0,3.9069725373718454,0.0,0.8071352183829461,0.0,-1.580789642212963,0.0,0.9480343930098531,0.0,""
"2026-09-25 17:13:28","git-master-bddc7a050319718b5e4e0856afec0bc9ea96418f","C:\Users\marco\Desktop\ds004507\derivatives\labels\sub-003\ses-headUp\anat\sub-003_ses-headUp_T2w_seg-manual.nii.gz","899","3","",76.93888920223296,0.0,-3.705159364398227,0.0,-1.3692719492331165,0.0,7.675190584359775,0.0,7.664757178501323,0.0,12.894384615037593,0.0,3.7637614003807296,0.0,3.9114291839790454,0.0,0.8040762364293877,0.0,-0.5275163485562608,0.0,0.9507575572460398,0.0,""
"2026-09-25 17:13:28","git-master-bddc7a050319718b5e4e0856afec0bc9ea96418f","C:\Users\marco\Desktop\ds004507\derivatives\labels\sub-003\ses-headUp\anat\sub-003_ses-headUp_T2w_seg-manual.nii.gz","900","3","",77.0340581923717,0.0,-3.710254810850014,0.0,-1.5157338205488358,0.0,7.712926491905571,0.0,7.698588644493812,0.0,12.847727928343577,0.0,3.796914380659522,0.0,3.9160121112460486,0.0,0.8005801766992847,0.0,0.5511775815107802,0.0,0.9533020178151409,0.0,""
"2026-09-25 17:13:28","git-master-bddc7a050319718b5e4e0856afec0bc9ea96418f","C:\Users\marco\Desktop\ds004507\derivatives\labels\sub-003\ses-headUp\anat\sub-003_ses-headUp_T2w_seg-manual.nii.gz","901","3","",77.43068451493976,0.0,-3.7137406549572987,0.0,-1.661214577080596,0.0,7.680357579751414,0.0,7.676501345177996,0.0,12.927957648961419,0.0,3.773982785875641,0.0,3.9063747938757722,0.0,0.8045392169258941,0.0,0.7288641539725951,0.0,0.9497178655049339,0.0,""
"2026-09-25 17:13:28","git-master-bddc7a050319718b5e4e0856afec0bc9ea96418f","C:\Users\marco\Desktop\ds004507\derivatives\labels\sub-003\ses-headUp\anat\sub-003_ses-headUp_T2w_seg-manual.nii.gz","902","3","",77.13302276749384,0.0,-3.715543773428153,0.0,-1.8056683226106425,0.0,7.388526205603255,0.0,7.546400267231642,0.0,13.064595799977814,0.0,3.554368476166706,0.0,3.8341577294365488,0.0,0.8162890484430877,0.0,0.6040834674538405,0.0,0.9355441879785508,0.0,""
"2026-09-25 17:13:28","git-master-bddc7a050319718b5e4e0856afec0bc9ea96418f","C:\Users\marco\Desktop\ds004507\derivatives\labels\sub-003\ses-headUp\anat\sub-003_ses-headUp_T2w_seg-manual.nii.gz","903","3","",77.39816640174854,0.0,-3.715298387498541,0.0,-1.948869759810619,0.0,7.471374982755665,0.0,7.585096457642066,0.0,13.028356871445652,0.0,3.6311683111886777,0.0,3.840206671566988,0.0,0.8130360356778786,0.0,0.05623896958925767,0.0,0.9326936636003563,0.0,""
"2026-09-25 17:13:28","git-master-bddc7a050319718b5e4e0856afec0bc9ea96418f","C:\Users\marco\Desktop\ds004507\derivatives\labels\sub-003\ses-headUp\anat\sub-003_ses-headUp_T2w_seg-manual.nii.gz","904","3","",77.89437879748188,0.0,-3.713443458267205,0.0,-2.091085819215506,0.0,7.568017510494642,0.0,7.6000384429646255,0.0,13.070452355326353,0.0,3.7173692516209695,0.0,3.850648258873673,0.0,0.8135620780531955,0.0,-0.6998536662618589,0.0,0.937281873885621,0.0,""
"2026-09-25 17:13:28","git-master-bddc7a050319718b5e4e0856afec0bc9ea96418f","C:\Users\marco\Desktop\ds004507\derivatives\labels\sub-003\ses-headUp\anat\sub-003_ses-headUp_T2w_seg-manual.nii.gz","905","3","",77.76701310569025,0.0,-3.7099789644620658,0.0,-2.2323155536258903,0.0,7.523936449788976,0.0,7.546913715157247,0.0,13.119095256630944,0.0,3.7021174610520453,0.0,3.8218189887369305,0.0,0.8179345917825082,0.0,-1.0728766925215958,0.0,0.9408549949118744,0.0,""
"2026-09-25 17:13:28","git-master-bddc7a050319718b5e4e0856afec0bc9ea96418f","C:\Users\marco\Desktop\ds004507\derivatives\labels\sub-003\ses-headUp\anat\sub-003_ses-headUp_T2w_seg-manual.nii.gz","906","3","",77.03256564138547,0.0,-3.7049048743781263,0.0,-2.3725580539102014,0.0,7.352860978547334,0.0,7.447015311506592,0.0,13.148558151412283,0.0,3.602317454298737,0.0,3.750543524248597,0.0,0.8241335614421202,0.0,-0.9317084272452688,0.0,0.9440983953770757,0.0,""
"2026-09-25 17:13:28","git-master-bddc7a050319718b5e4e0856afec0bc9ea96418f","C:\Users\marco\Desktop\ds004507\derivatives\labels\sub-003\ses-headUp\anat\sub-003_ses-headUp_T2w_seg-manual.nii.gz","907","3","",76.7605808907926,0.0,-3.69822114588274,0.0,-2.511812448893654,0.0,7.257054281080806,0.0,7.3911129788898045,0.0,13.204101125279557,0.0,3.576900762647832,0.0,3.6801535184329737,0.0,0.8286555291262501,0.0,-0.712196785611464,0.0,0.9587473273802037,0.0,""
"2026-09-25 17:13:28","git-master-bddc7a050319718b5e4e0856afec0bc9ea96418f","C:\Users\marco\Desktop\ds004507\derivatives\labels\sub-003\ses-headUp\anat\sub-003_ses-headUp_T2w_seg-manual.nii.gz","908","2","",76.7511027892107,0.0,-3.6872900021601875,0.0,-2.6830611501072243,0.0,7.257435662713195,0.0,7.452446500317298,0.0,13.086071897115241,0.0,3.5646493681330336,0.0,3.692786294580161,0.0,0.821995114636909,0.0,1.3204904763803125,0.0,0.98299188248937,0.0,""
"2026-09-25 17:13:28","git-master-bddc7a050319718b5e4e0856afec0bc9ea96418f","C:\Users\marco\Desktop\ds004507\derivatives\labels\sub-003\ses-headUp\anat\sub-003_ses-headUp_T2w_seg-manual.nii.gz","909","2","",77.03278105047208,0.0,-3.676437651029343,0.0,-2.8187636432491097,0.0,7.25514024075691,0.0,7.478141634788092,0.0,13.162538231156962,0.0,3.55079669851502,0.0,3.7043435422418907,0.0,0.8229313453124887,0.0,0.5037673721245792,0.0,0.9777629334598994,0.0,""
"2026-09-25 17:13:28","git-master-bddc7a050319718b5e4e0856afec0bc9ea96418f","C:\Users\marco\Desktop\ds004507\derivatives\labels\sub-003\ses-headUp\anat\sub-003_ses-headUp_T2w_seg-manual.nii.gz","910","2","",77.53164071343598,0.0,-3.6640045793213485,0.0,-2.953492824103473,0.0,7.25397934729227,0.0,7.452541373765177,0.0,13.325988933300739,0.0,3.5373912492184805,0.0,3.7165880980737898,0.0,0.828916302595064,0.0,0.3842703604103866,0.0,0.9765203659606467,0.0,""
"2026-09-25 17:13:28","git-master-bddc7a050319718b5e4e0856afec0bc9ea96418f","C:\Users\marco\Desktop\ds004507\derivatives\labels\sub-003\ses-headUp\anat\sub-003_ses-headUp_T2w_seg-manual.nii.gz","911","2","",77.50978142603599,0.0,-3.6499906735882286,0.0,-3.0872481136698817,0.0,7.298884654817401,0.0,7.487217686465778,0.0,13.27050490610791,0.0,3.5637685551407032,0.0,3.735116099676698,0.0,0.8253580275183207,0.0,-0.18526107432347977,0.0,0.9701132554318609,0.0,""
"2026-09-25 17:13:28","git-master-bddc7a050319718b5e4e0856afec0bc9ea96418f","C:\Users\marco\Desktop\ds004507\derivatives\labels\sub-003\ses-headUp\anat\sub-003_ses-headUp_T2w_seg-manual.nii.gz","912","2","",77.26339629550178,0.0,-3.63439581168197,0.0,-3.220028963127199,0.0,7.390985560165501,0.0,7.580338392775089,0.0,13.044539438255653,0.0,3.609934707274608,0.0,3.7810508528908926,0.0,0.8138223618190314,0.0,-1.1911979730175652,0.0,0.9611826771742951,0.0,""
"2026-09-25 17:13:28","git-master-bddc7a050319718b5e4e0856afec0bc9ea96418f","C:\Users\marco\Desktop\ds004507\derivatives\labels\sub-003\ses-headUp\anat\sub-003_ses-headUp_T2w_seg-manual.nii.gz","913","2","",78.12277188835915,0.0,-3.6172198627545207,0.0,-3.3518348538335863,0.0,7.487609184504833,0.0,7.616667163246277,0.0,13.050918204536996,0.0,3.596566352708747,0.0,3.891042831796086,0.0,0.8120329479370549,0.0,-1.459021901991746,0.0,0.9641617063492064,0.0,""
"2026-09-25 17:13:28","git-master-bddc7a050319718b5e4e0856afec0bc9ea96418f","C:\Users\marco\Desktop\ds004507\derivatives\labels\sub-003\ses-headUp\anat\sub-003_ses-headUp_T2w_seg-manual.nii.gz","914","2","",78.40299086419849,0.0,-3.5979355022475588,0.0,-3.4823398798144436,0.0,7.678346227451093,0.0,7.672349488352947,0.0,12.990392430326397,0.0,3.6597378347526193,0.0,4.018608392698474,0.0,0.806934228499195,0.0,-1.11624347418114,0.0,0.9644340728715729,0.0,""
"2026-09-25 17:13:28","git-master-bddc7a050319718b5e4e0856afec0bc9ea96418f","C:\Users\marco\Desktop\ds004507\derivatives\labels\sub-003\ses-headUp\anat\sub-003_ses-headUp_T2w_seg-manual.nii.gz","915","2","",78.89988765438444,0.0,-3.57706958680953,0.0,-3.611868653269423,0.0,7.756422782992487,0.0,7.752065250939254,0.0,12.946001968159145,0.0,3.7234491904469516,0.0,4.0329735925455354,0.0,0.8008646112212477,0.0,-1.239686069127517,0.0,0.967919092401851,0.0,""
"2026-09-25 17:13:28","git-master-bddc7a050319718b5e4e0856afec0bc9ea96418f","C:\Users\marco\Desktop\ds004507\derivatives\labels\sub-003\ses-headUp\anat\sub-003_ses-headUp_T2w_seg-manual.nii.gz","916","2","",78.7458748192284,0.0,-3.5546219364929517,0.0,-3.740420827187392,0.0,7.7741911327641455,0.0,7.788587553411227,0.0,12.902732658677369,0.0,3.7480683403213058,0.0,4.026122792442839,0.0,0.7972564988104469,0.0,-1.5932875519592882,0.0,0.9688096304352461,0.0,""
"2026-09-25 17:13:28","git-master-bddc7a050319718b5e4e0856afec0bc9ea96418f","C:\Users\marco\Desktop\ds004507\derivatives\labels\sub-003\ses-headUp\anat\sub-003_ses-headUp_T2w_seg-manual.nii.gz","917","2","",78.01332734430953,0.0,-3.5305923637948102,0.0,-3.8679960816010484,0.0,7.784820149724877,0.0,7.77213978373715,0.0,12.84857391969867,0.0,3.7532058018767507,0.0,4.031614347848127,0.0,0.7962964545849286,0.0,-2.1367783407330183,0.0,0.9688005291875094,0.0,""
"2026-09-25 17:13:28","git-master-bddc7a050319718b5e4e0856afec0bc9ea96418f","C:\Users\marco\Desktop\ds004507\derivatives\labels\sub-003\ses-headUp\anat\sub-003_ses-headUp_T2w_seg-manual.nii.gz","918","2","",77.7145826404748,0.0,-3.504980673656563,0.0,-3.994594123586913,0.0,7.842295298157171,0.0,7.750395615447568,0.0,12.774518746216103,0.0,3.8177146895858627,0.0,4.024580608571308,0.0,0.7949252024737304,0.0,-3.0256814064334283,0.0,0.9770886075949367,0.0,""
"2026-09-25 17:13:28","git-master-bddc7a050319718b5e4e0856afec0bc9ea96418f","C:\Users\marco\Desktop\ds004507\derivatives\labels\sub-003\ses-headUp\anat\sub-003_ses-headUp_T2w_seg-manual.nii.gz","919","2","",77.41555984732554,0.0,-3.4772590747369394,0.0,-4.119888734904787,0.0,7.847714350025807,0.0,7.793138416616093,0.0,12.643411421327873,0.0,3.8827548664207403,0.0,3.964959483605067,0.0,0.7874057363322783,0.0,-3.0674499763898884,0.0,0.977909132639995,0.0,""
"2026-09-25 17:13:28","git-master-bddc7a050319718b5e4e0856afec0bc9ea96418f","C:\Users\marco\Desktop\ds004507\derivatives\labels\sub-003\ses-headUp\anat\sub-003_ses-headUp_T2w_seg-manual.nii.gz","920","2","",77.54993668274967,0.0,-3.4497774190825874,0.0,-4.24420548915627,0.0,7.851387427254527,0.0,7.84494355229163,0.0,12.60340461105665,0.0,3.883304280186846,0.0,3.9680831470676803,0.0,0.7826522517171262,0.0,-2.966592219659951,0.0,0.9739633010520505,0.0,""
"2026-09-25 17:13:28","git-master-bddc7a050319718b5e4e0856afec0bc9ea96418f","C:\Users\marco\Desktop\ds004507\derivatives\labels\sub-003\ses-headUp\anat\sub-003_ses-headUp_T2w_seg-manual.nii.gz","921","2","",78.40646503047361,0.0,-3.4237509688793026,0.0,-4.367544246444388,0.0,7.850908899706526,0.0,7.82383354124359,0.0,12.774568720858676,0.0,3.90299460087299,0.0,3.947914298833536,0.0,0.7900884451874504,0.0,-2.6695726823146737,0.0,0.9699740591602146,0.0,""
"2026-09-25 17:13:28","git-master-bddc7a050319718b5e4e0856afec0bc9ea96418f","C:\Users\marco\Desktop\ds004507\derivatives\labels\sub-003\ses-headUp\anat\sub-003_ses-headUp_T2w_seg-manual.nii.gz","922","2","",79.3347504388338,0.0,-3.399787491527761,0.0,-4.489904890855315,0.0,7.846666538292348,0.0,7.749682869213878,0.0,13.016089806711635,0.0,3.962910183401022,0.0,3.8837563548913265,0.0,0.8034268840731712,0.0,-2.3699520115017605,0.0,0.9669151894469992,0.0,""
"2026-09-25 17:13:28","git-master-bddc7a050319718b5e4e0856afec0bc9ea96418f","C:\Users\marco\Desktop\ds004507\derivatives\labels\sub-003\ses-headUp\anat\sub-003_ses-headUp_T2w_seg-manual.nii.gz","923","2","",78.74525212077683,0.0,-3.37788725964352,0.0,-4.61128733045838,0.0,7.841841514969879,0.0,7.744217988916893,0.0,12.926269575114638,0.0,4.02158806762583,0.0,3.8202534473440495,0.0,0.8006690064749525,0.0,-2.5083869554455576,0.0,0.9620113105483157,0.0,""
"2026-09-25 17:13:28","git-master-bddc7a050319718b5e4e0856afec0bc9ea96418f","C:\Users\marco\Desktop\ds004507\derivatives\labels\sub-003\ses-headUp\anat\sub-003_ses-headUp_T2w_seg-manual.nii.gz","924","2","",77.57759912807984,0.0,-3.3587384994691463,0.0,-4.731365406052754,0.0,7.693737391962562,0.0,7.740474093972166,0.0,12.790807998150914,0.0,3.9393335121181527,0.0,3.7544038798444093,0.0,0.7960832445531589,0.0,-1.6355155446079603,0.0,0.9641164050381988,0.0,""
"2026-09-25 17:13:28","git-master-bddc7a050319718b5e4e0856afec0bc9ea96418f","C:\Users\marco\Desktop\ds004507\derivatives\labels\sub-003\ses-headUp\anat\sub-003_ses-headUp_T2w_seg-manual.nii.gz","925","2","",77.05971724891555,0.0,-3.34165365253887,0.0,-4.8504652079065185,0.0,7.547256620167357,0.0,7.651389470893393,0.0,12.83070594871645,0.0,3.856665788626659,0.0,3.6905908315406992,0.0,0.8026380064500295,0.0,-0.6203425805466027,0.0,0.9564014413374968,0.0,""
"2026-09-25 17:13:28","git-master-bddc7a050319718b5e4e0856afec0bc9ea96418f","C:\Users\marco\Desktop\ds004507\derivatives\labels\sub-003\ses-headUp\anat\sub-003_ses-headUp_T2w_seg-manual.nii.gz","926","2","",77.48020009202983,0.0,-3.3266328936151845,0.0,-4.968586779031583,0.0,7.472084446927273,0.0,7.596935730856047,0.0,12.966565893651376,0.0,3.7912489450858886,0.0,3.680835501841384,0.0,0.8103492695022485,0.0,-0.544228292293172,0.0,0.9530569573716938,0.0,""
"2026-09-25 17:13:28","git-master-bddc7a050319718b5e4e0856afec0bc9ea96418f","C:\Users\marco\Desktop\ds004507\derivatives\labels\sub-003\ses-headUp\anat\sub-003_ses-headUp_T2w_seg-manual.nii.gz","927","2","",78.11696635001964,0.0,-3.313676382126461,0.0,-5.085730183459989,0.0,7.492456523464953,0.0,7.626921032251614,0.0,13.03872289477558,0.0,3.7501290588956087,0.0,3.742327464569344,0.0,0.810941195255348,0.0,-1.0097271270071528,0.0,0.9564955444489507,0.0,""
"2026-09-25 17:13:28","git-master-bddc7a050319718b5e4e0856afec0bc9ea96418f","C:\Users\marco\Desktop\ds004507\derivatives\labels\sub-003\ses-headUp\anat\sub-003_ses-headUp_T2w_seg-manual.nii.gz","928","2","",77.23725979933305,0.0,-3.3027842621669503,0.0,-5.201895506243905,0.0,7.587158904882688,0.0,7.720990080687594,0.0,12.807244608888704,0.0,3.729734236920814,0.0,3.857424667961874,0.0,0.7978461294637083,0.0,-0.1405877499758273,0.0,0.9573518472601041,0.0,""
"2026-09-25 17:13:28","git-master-bddc7a050319718b5e4e0856afec0bc9ea96418f","C:\Users\marco\Desktop\ds004507\derivatives\labels\sub-003\ses-headUp\anat\sub-003_ses-headUp_T2w_seg-manual.nii.gz","929","2","",78.95554588444203,0.0,-3.2946448925588343,0.0,-5.316756971460319,0.0,7.750435524247148,0.0,7.817062540543923,0.0,12.938641387987715,0.0,3.7893302048294237,0.0,3.961105319417725,0.0,0.7968620151476216,0.0,-0.011329145084362446,0.0,0.9666105108120013,0.0,""
"2026-09-25 17:13:28","git-master-bddc7a050319718b5e4e0856afec0bc9ea96418f","C:\Users\marco\Desktop\ds004507\derivatives\labels\sub-003\ses-headUp\anat\sub-003_ses-headUp_T2w_seg-manual.nii.gz","930","2","",79.37427978903571,0.0,-3.288570212916279,0.0,-5.430640790713351,0.0,7.798925996007687,0.0,7.795396688589051,0.0,13.012381880096635,0.0,3.849083578900732,0.0,3.949842417106954,0.0,0.8006652595271465,0.0,0.3451676768423824,0.0,0.9654725097043805,0.0,""
"2026-09-25 17:13:28","git-master-bddc7a050319718b5e4e0856afec0bc9ea96418f","C:\Users\marco\Desktop\ds004507\derivatives\labels\sub-003\ses-headUp\anat\sub-003_ses-headUp_T2w_seg-manual.nii.gz","931","2","",79.35944858011062,0.0,-3.2845602791216555,0.0,-5.54354716655741,0.0,7.813240459350223,0.0,7.778345603429272,0.0,13.016953650370178,0.0,3.868875381310507,0.0,3.944365078039716,0.0,0.8018176343202176,0.0,0.8723132231924443,0.0,0.9647371386450925,0.0,""
"2026-09-25 17:13:28","git-master-bddc7a050319718b5e4e0856afec0bc9ea96418f","C:\Users\marco\Desktop\ds004507\derivatives\labels\sub-003\ses-headUp\anat\sub-003_ses-headUp_T2w_seg-manual.nii.gz","932","2","",79.12784826447299,0.0,-3.2826151327421194,0.0,-5.655476319719973,0.0,7.826517187081564,0.0,7.81109376090218,0.0,12.924106872141497,0.0,3.8679970233398753,0.0,3.9585201637416882,0.0,0.7965855274833159,0.0,1.0722796731606552,0.0,0.9671433446508338,0.0,""
"2026-09-25 17:13:28","git-master-bddc7a050319718b5e4e0856afec0bc9ea96418f","C:\Users\marco\Desktop\ds004507\derivatives\labels\sub-003\ses-headUp\anat\sub-003_ses-headUp_T2w_seg-manual.nii.gz","933","2","",78.24708378873879,0.0,-3.282734801029611,0.0,-5.766428489101591,0.0,7.824422585629403,0.0,7.861657034076662,0.0,12.688854326922193,0.0,3.9251503053753285,0.0,3.899272280254074,0.0,0.7849399432114696,0.0,0.006000877748642762,0.0,0.9673697270471464,0.0,""
"2026-09-25 17:13:28","git-master-bddc7a050319718b5e4e0856afec0bc9ea96418f","C:\Users\marco\Desktop\ds004507\derivatives\labels\sub-003\ses-headUp\anat\sub-003_ses-headUp_T2w_seg-manual.nii.gz","934","2","",78.51994932598427,0.0,-3.28560755306499,0.0,-5.876078561167738,0.0,7.823119512789353,0.0,7.9042068697152565,0.0,12.750172698007443,0.0,3.9826045387964433,0.0,3.84051497399291,0.0,0.7846579022481537,0.0,-0.5693186309106805,0.0,0.9665164647085348,0.0,""
"2026-09-25 17:13:28","git-master-bddc7a050319718b5e4e0856afec0bc9ea96418f","C:\Users\marco\Desktop\ds004507\derivatives\labels\sub-003\ses-headUp\anat\sub-003_ses-headUp_T2w_seg-manual.nii.gz","935","2","",78.59419498144942,0.0,-3.290545073311531,0.0,-5.984752521434445,0.0,7.955508046559814,0.0,7.9345072567758566,0.0,12.75992385574329,0.0,3.9688603134907092,0.0,3.986647733069104,0.0,0.783149317927547,0.0,-1.7817992274602035,0.0,0.9600047322249251,0.0,""
"2026-09-25 17:13:28","git-master-bddc7a050319718b5e4e0856afec0bc9ea96418f","C:\Users\marco\Desktop\ds004507\derivatives\labels\sub-003\ses-headUp\anat\sub-003_ses-headUp_T2w_seg-manual.nii.gz","936","2","",78.88030521538238,0.0,-3.297547303386403,0.0,-6.0924507096049165,0.0,8.137781367592932,0.0,7.979921562444859,0.0,12.77371578041432,0.0,3.9793709854102675,0.0,4.158410382182665,0.0,0.7808518363571956,0.0,-2.60180025004837,0.0,0.9583681761851756,0.0,""
"2026-09-25 17:13:28","git-master-bddc7a050319718b5e4e0856afec0bc9ea96418f","C:\Users\marco\Desktop\ds004507\derivatives\labels\sub-003\ses-headUp\anat\sub-003_ses-headUp_T2w_seg-manual.nii.gz","937","2","",79.42968849087012,0.0,-3.3066141704312644,0.0,-6.199173480838496,0.0,8.283769310553817,0.0,8.04508444559585,0.0,12.787751227167336,0.0,4.021300945575737,0.0,4.26246836497808,0.0,0.777283136970188,0.0,-2.570828937384909,0.0,0.9588603163105155,0.0,""
"2026-09-25 17:13:28","git-master-bddc7a050319718b5e4e0856afec0bc9ea96418f","C:\Users\marco\Desktop\ds004507\derivatives\labels\sub-003\ses-headUp\anat\sub-003_ses-headUp_T2w_seg-manual.nii.gz","938","2","",79.93467727383836,0.0,-3.3177455871122636,0.0,-6.304921205750672,0.0,8.30493836412053,0.0,8.111901856789606,0.0,12.738827726011344,0.0,4.013525620076212,0.0,4.291412744044317,0.0,0.7710409325251572,0.0,-1.8015404287408345,0.0,0.9454545454545454,0.0,""
"2026-09-25 17:13:28","git-master-bddc7a050319718b5e4e0856afec0bc9ea96418f","C:\Users\marco\Desktop\ds004507\derivatives\labels\sub-003\ses-headUp\anat\sub-003_ses-headUp_T2w_seg-manual.nii.gz","939","1","",77.75314153268587,0.0,-3.335100482189781,0.0,-6.435481785219992,0.0,8.0861302322387,0.0,7.922179417519189,0.0,12.589936523655048,0.0,3.8700131910313518,0.0,4.216117041207348,0.0,0.777205410425343,0.0,-1.3744043192449154,0.0,0.9476126511173526,0.0,""
"2026-09-25 17:13:28","git-master-bddc7a050319718b5e4e0856afec0bc9ea96418f","C:\Users\marco\Desktop\ds004507\derivatives\labels\sub-003\ses-headUp\anat\sub-003_ses-headUp_T2w_seg-manual.nii.gz","940","1","",77.45339259671718,0.0,-3.3528375240115036,0.0,-6.545457951346374,0.0,7.853246319992337,0.0,7.8072378905617095,0.0,12.713632824495702,0.0,3.7007625888453006,0.0,4.1524837311470355,0.0,0.789180258371967,0.0,-1.6222755680968546,0.0,0.9532959490281182,0.0,""
"2026-09-25 17:13:28","git-master-bddc7a050319718b5e4e0856afec0bc9ea96418f","C:\Users\marco\Desktop\ds004507\derivatives\labels\sub-003\ses-headUp\anat\sub-003_ses-headUp_T2w_seg-manual.nii.gz","941","1","",77.89410196160073,0.0,-3.3730026696449764,0.0,-6.654289270490577,0.0,7.8139859651083645,0.0,7.850832239432002,0.0,12.675887792194523,0.0,3.7923873659211003,0.0,4.021598599187264,0.0,0.7850751153958752,0.0,-1.613274053666018,0.0,0.9603078173430566,0.0,""
"2026-09-25 17:13:28","git-master-bddc7a050319718b5e4e0856afec0bc9ea96418f","C:\Users\marco\Desktop\ds004507\derivatives\labels\sub-003\ses-headUp\anat\sub-003_ses-headUp_T2w_seg-manual.nii.gz","942","1","",77.26565207536886,0.0,-3.395595626970225,0.0,-6.761976415046327,0.0,7.87688592919872,0.0,7.930887782090621,0.0,12.44563467131783,0.0,3.8273904287326648,0.0,4.0494955004660556,0.0,0.7703155407304909,0.0,-0.9040661640952878,0.0,0.9580792349172957,0.0,""
"2026-09-25 17:13:28","git-master-bddc7a050319718b5e4e0856afec0bc9ea96418f","C:\Users\marco\Desktop\ds004507\derivatives\labels\sub-003\ses-headUp\anat\sub-003_ses-headUp_T2w_seg-manual.nii.gz","943","1","",77.33817653302503,0.0,-3.420616070241706,0.0,-6.868520082645532,0.0,8.068524293636699,0.0,8.030902040223614,0.0,12.296589835754862,0.0,3.8847589325867675,0.0,4.1837653610499315,0.0,0.7572509086227542,0.0,-1.345011713485671,0.0,0.960208667367789,0.0,""
"2026-09-25 17:13:28","git-master-bddc7a050319718b5e4e0856afec0bc9ea96418f","C:\Users\marco\Desktop\ds004507\derivatives\labels\sub-003\ses-headUp\anat\sub-003_ses-headUp_T2w_seg-manual.nii.gz","944","1","",78.47089142645119,0.0,-3.4480636393057114,0.0,-6.973920995348406,0.0,8.294134697521388,0.0,8.106842881762516,0.0,12.354708496303731,0.0,4.002726091795472,0.0,4.291408605725917,0.0,0.7545680608399871,0.0,-2.262420514160679,0.0,0.9681470329333365,0.0,""
"2026-09-25 17:13:28","git-master-bddc7a050319718b5e4e0856afec0bc9ea96418f","C:\Users\marco\Desktop\ds004507\derivatives\labels\sub-003\ses-headUp\anat\sub-003_ses-headUp_T2w_seg-manual.nii.gz","945","1","",78.71510591276521,0.0,-3.4779379387748843,0.0,-7.07817989883912,0.0,8.352236491071576,0.0,8.093523577893901,0.0,12.44865351246549,0.0,4.056357665834752,0.0,4.295878825236825,0.0,0.7597837113294543,0.0,-1.10479194024931,0.0,0.9676286274322322,0.0,""
"2026-09-25 17:13:28","git-master-bddc7a050319718b5e4e0856afec0bc9ea96418f","C:\Users\marco\Desktop\ds004507\derivatives\labels\sub-003\ses-headUp\anat\sub-003_ses-headUp_T2w_seg-manual.nii.gz","946","1","",78.69442602412668,0.0,-3.510339606336884,0.0,-7.181250053749438,0.0,8.323130122060823,0.0,8.126799427028319,0.0,12.342016748195519,0.0,4.0681947311849775,0.0,4.254935390875845,0.0,0.7526047961721539,0.0,-2.5409506440434275,0.0,0.9729669455466845,0.0,""
"2026-09-25 17:13:28","git-master-bddc7a050319718b5e4e0856afec0bc9ea96418f","C:\Users\marco\Desktop\ds004507\derivatives\labels\sub-003\ses-headUp\anat\sub-003_ses-headUp_T2w_seg-manual.nii.gz","947","1","",77.78604311053279,0.0,-3.5455712108571555,0.0,-7.282989988088572,0.0,8.105160550886511,0.0,7.988378910850243,0.0,12.35818635524516,0.0,3.9175923825551475,0.0,4.187568168331362,0.0,0.7629546967909789,0.0,-3.8054236598765434,0.0,0.9665077160235758,0.0,""
"2026-09-25 17:13:28","git-master-bddc7a050319718b5e4e0856afec0bc9ea96418f","C:\Users\marco\Desktop\ds004507\derivatives\labels\sub-003\ses-headUp\anat\sub-003_ses-headUp_T2w_seg-manual.nii.gz","948","1","",77.81757358985976,0.0,-3.5832278233361983,0.0,-7.383590734252696,0.0,7.968063118112187,0.0,7.98127141705351,0.0,12.388331339433202,0.0,3.891132245875819,0.0,4.0769308722363675,0.0,0.7648092067094564,0.0,-3.2038233297963163,0.0,0.9643127380674194,0.0,""
"2026-09-25 17:13:28","git-master-bddc7a050319718b5e4e0856afec0bc9ea96418f","C:\Users\marco\Desktop\ds004507\derivatives\labels\sub-003\ses-headUp\anat\sub-003_ses-headUp_T2w_seg-manual.nii.gz","949","1","",77.91231338275115,0.0,-3.623308851941925,0.0,-7.483053143661282,0.0,7.983934114861442,0.0,8.001100351472722,0.0,12.348422049400524,0.0,3.9402047402367466,0.0,4.043729374624696,0.0,0.7616638190033014,0.0,-2.2333704672456807,0.0,0.9638340015803021,0.0,""
"2026-09-25 17:13:28","git-master-bddc7a050319718b5e4e0856afec0bc9ea96418f","C:\Users\marco\Desktop\ds004507\derivatives\labels\sub-003\ses-headUp\anat\sub-003_ses-headUp_T2w_seg-manual.nii.gz","950","1","",78.16503042169242,0.0,-3.6658136618106996,0.0,-7.581378085788571,0.0,7.992180188745812,0.0,8.029824777109779,0.0,12.336645220846927,0.0,3.963306644646593,0.0,4.028873544099219,0.0,0.7591696573384136,0.0,-2.145199397786106,0.0,0.9650378574776282,0.0,""
"2026-09-25 17:13:28","git-master-bddc7a050319718b5e4e0856afec0bc9ea96418f","C:\Users\marco\Desktop\ds004507\derivatives\labels\sub-003\ses-headUp\anat\sub-003_ses-headUp_T2w_seg-manual.nii.gz","951","1","",79.09267853860743,0.0,-3.710741573701369,0.0,-7.678566447427873,0.0,7.946078118415611,0.0,8.070196195542824,0.0,12.446126581091082,0.0,3.9469528569245185,0.0,3.999125261491092,0.0,0.7612467634816258,0.0,-2.318021590665005,0.0,0.9650738863184583,0.0,""
"2026-09-25 17:13:28","git-master-bddc7a050319718b5e4e0856afec0bc9ea96418f","C:\Users\marco\Desktop\ds004507\derivatives\labels\sub-003\ses-headUp\anat\sub-003_ses-headUp_T2w_seg-manual.nii.gz","952","1","",80.81091619697916,0.0,-3.758091862607415,0.0,-7.77461913196152,0.0,8.046161451616166,0.0,8.109401725774747,0.0,12.615800397527968,0.0,4.003588370564123,0.0,4.042573081052042,0.0,0.7660035143228114,0.0,-0.9091345726684953,0.0,0.9583202666799959,0.0,""
"2026-09-25 17:13:28","git-master-bddc7a050319718b5e4e0856afec0bc9ea96418f","C:\Users\marco\Desktop\ds004507\derivatives\labels\sub-003\ses-headUp\anat\sub-003_ses-headUp_T2w_seg-manual.nii.gz","953","1","",81.70510246775588,0.0,-3.808065460127779,0.0,-7.86944260280611,0.0,8.20975069463432,0.0,8.27521811028741,0.0,12.577738779466516,0.0,4.1508292504726025,0.0,4.058921444161717,0.0,0.7530597398343721,0.0,-2.5675226941252656,0.0,0.9579522793640137,0.0,""
"2026-09-25 17:13:28","git-master-bddc7a050319718b5e4e0856afec0bc9ea96418f","C:\Users\marco\Desktop\ds004507\derivatives\labels\sub-003\ses-headUp\anat\sub-003_ses-headUp_T2w_seg-manual.nii.gz","954","1","",80.89042272190987,0.0,-3.860762058956675,0.0,-7.962990919940996,0.0,8.316568242009968,0.0,8.329006849909906,0.0,12.376310576789738,0.0,4.1372790178319505,0.0,4.179289224178017,0.0,0.7395449689529009,0.0,-1.3040022379254823,0.0,0.9669520532173286,0.0,""
"2026-09-25 17:13:28","git-master-bddc7a050319718b5e4e0856afec0bc9ea96418f","C:\Users\marco\Desktop\ds004507\derivatives\labels\sub-003\ses-headUp\anat\sub-003_ses-headUp_T2w_seg-manual.nii.gz","955","1","",81.34077863413725,0.0,-3.915878040047161,0.0,-8.055406878117006,0.0,8.3685974923068,0.0,8.42175981904934,0.0,12.30630729569054,0.0,4.176146686156277,0.0,4.1924508061505215,0.0,0.7291113157617211,0.0,-1.342940056785514,0.0,0.9716946621670687,0.0,""
"2026-09-25 17:13:28","git-master-bddc7a050319718b5e4e0856afec0bc9ea96418f","C:\Users\marco\Desktop\ds004507\derivatives\labels\sub-003\ses-headUp\anat\sub-003_ses-headUp_T2w_seg-manual.nii.gz","956","1","",81.51708911933679,0.0,-3.96826820346673,0.0,-8.146691451967177,0.0,8.371079722878008,0.0,8.44678064449655,0.0,12.307536535024292,0.0,4.275116631768683,0.0,4.095963091109325,0.0,0.7273011675615548,0.0,-1.4815503968537713,0.0,0.9757849014100585,0.0,""
"2026-09-25 17:13:28","git-master-bddc7a050319718b5e4e0856afec0bc9ea96418f","C:\Users\marco\Desktop\ds004507\derivatives\labels\sub-003\ses-headUp\anat\sub-003_ses-headUp_T2w_seg-manual.nii.gz","957","1","",81.18817149757938,0.0,-4.012184122253711,0.0,-8.236845627689101,0.0,8.363028082771036,0.0,8.444800517598676,0.0,12.276482620866506,0.0,4.345338830447587,0.0,4.01768925232345,0.0,0.7257623039313745,0.0,-0.6915553716231444,0.0,0.9758439965900633,0.0,""
"2026-09-25 17:13:28","git-master-bddc7a050319718b5e4e0856afec0bc9ea96418f","C:\Users\marco\Desktop\ds004507\derivatives\labels\sub-003\ses-headUp\anat\sub-003_ses-headUp_T2w_seg-manual.nii.gz","958","1","",81.00819348693973,0.0,-4.043997005980215,0.0,-8.325870402384158,0.0,8.370200482122092,0.0,8.472082132732728,0.0,12.221484927899853,0.0,4.351914114371053,0.0,4.018286367751041,0.0,0.7207074764050347,0.0,0.5226676847881309,0.0,0.9711976774954063,0.0,""
"2026-09-25 17:13:28","git-master-bddc7a050319718b5e4e0856afec0bc9ea96418f","C:\Users\marco\Desktop\ds004507\derivatives\labels\sub-003\ses-headUp\anat\sub-003_ses-headUp_T2w_seg-manual.nii.gz","959","1","",81.29124462820523,0.0,-4.063709620870509,0.0,-8.413766783402389,0.0,8.373811962099952,0.0,8.456284848634075,0.0,12.308014041038023,0.0,4.403310997221164,0.0,3.970500964878788,0.0,0.7266026610037254,0.0,0.24261553849861472,0.0,0.9707120389261604,0.0,""
"2026-09-25 17:13:28","git-master-bddc7a050319718b5e4e0856afec0bc9ea96418f","C:\Users\marco\Desktop\ds004507\derivatives\labels\sub-003\ses-headUp\anat\sub-003_ses-headUp_T2w_seg-manual.nii.gz","960","1","",81.5522797669712,0.0,-4.069811670275237,0.0,-8.500395048590198,0.0,8.469594865851175,0.0,8.506261253107692,0.0,12.295916191944452,0.0,4.350681213376429,0.0,4.118913652474744,0.0,0.7220895627379905,0.0,1.330141577312376,0.0,0.9445786683650467,0.0,""
"2026-09-25 17:13:28","git-master-bddc7a050319718b5e4e0856afec0bc9ea96418f","C:\Users\marco\Desktop\ds004507\derivatives\labels\sub-003\ses-headUp\anat\sub-003_ses-headUp_T2w_seg-manual.nii.gz","961","1","",82.18181460896739,0.0,-4.062807945692932,0.0,-8.585803574887208,0.0,8.669492917035777,0.0,8.607926693842376,0.0,12.258278453914313,0.0,4.330854936649139,0.0,4.338637980386638,0.0,0.7119159425314417,0.0,0.7284238965147058,0.0,0.9549460170609654,0.0,""
"2026-09-25 17:13:28","git-master-bddc7a050319718b5e4e0856afec0bc9ea96418f","C:\Users\marco\Desktop\ds004507\derivatives\labels\sub-003\ses-headUp\anat\sub-003_ses-headUp_T2w_seg-manual.nii.gz","962","1","",81.4838723508692,0.0,-4.043705798960418,0.0,-8.67008733811416,0.0,8.655501284689691,0.0,8.67677958630715,0.0,12.080450146186998,0.0,4.299299022635173,0.0,4.356202262054519,0.0,0.6955138785097356,0.0,0.8540742772168662,0.0,0.9625970639730669,0.0,""
"2026-09-25 17:13:28","git-master-bddc7a050319718b5e4e0856afec0bc9ea96418f","C:\Users\marco\Desktop\ds004507\derivatives\labels\sub-003\ses-headUp\anat\sub-003_ses-headUp_T2w_seg-manual.nii.gz","963","1","",80.7428537428273,0.0,-4.012503506193464,0.0,-8.753247385945052,0.0,8.608283654024744,0.0,8.681295825823325,0.0,11.950818650207795,0.0,4.26018236795897,0.0,4.348101286065774,0.0,0.6872527190749398,0.0,0.8717068086233005,0.0,0.9623628973735748,0.0,""
"2026-09-25 17:13:28","git-master-bddc7a050319718b5e4e0856afec0bc9ea96418f","C:\Users\marco\Desktop\ds004507\derivatives\labels\sub-003\ses-headUp\anat\sub-003_ses-headUp_T2w_seg-manual.nii.gz","964","1","",80.74787562873314,0.0,-3.9691984794904656,0.0,-8.835284771820676,0.0,8.710457929162146,0.0,8.711491664421999,0.0,11.90424799602828,0.0,4.253131446490031,0.0,4.457326482672116,0.0,0.6814068379557576,0.0,0.25429241037334166,0.0,0.9619621380972592,0.0,""
"2026-09-25 17:13:28","git-master-bddc7a050319718b5e4e0856afec0bc9ea96418f","C:\Users\marco\Desktop\ds004507\derivatives\labels\sub-003\ses-headUp\anat\sub-003_ses-headUp_T2w_seg-manual.nii.gz","965","1","",81.3901651970492,0.0,-3.91378729396006,0.0,-8.916200554361673,0.0,8.930674817483476,0.0,8.833989773442879,0.0,11.87610200091383,0.0,4.285723278284702,0.0,4.644951539198775,0.0,0.6683497888631985,0.0,-0.9016573693424148,0.0,0.9677145515576172,0.0,""
"2026-09-25 17:13:28","git-master-bddc7a050319718b5e4e0856afec0bc9ea96418f","C:\Users\marco\Desktop\ds004507\derivatives\labels\sub-003\ses-headUp\anat\sub-003_ses-headUp_T2w_seg-manual.nii.gz","966","1","",82.23799037777574,0.0,-3.8462657201070862,0.0,-8.995995796787062,0.0,8.93558960904188,0.0,8.89642312653819,0.0,11.909309892611311,0.0,4.263773318629869,0.0,4.6718162904120115,0.0,0.6648076687411576,0.0,-2.33152916372847,0.0,0.9710819880749223,0.0,""
"2026-09-25 17:13:28","git-master-bddc7a050319718b5e4e0856afec0bc9ea96418f","C:\Users\marco\Desktop\ds004507\derivatives\labels\sub-003\ses-headUp\anat\sub-003_ses-headUp_T2w_seg-manual.nii.gz","967","1","",83.14179805928502,0.0,-3.764608038795169,0.0,-9.074485250827943,0.0,8.941383719823165,0.0,8.95329650288933,0.0,11.932382248705322,0.0,4.327091995590243,0.0,4.614291724232923,0.0,0.6610549231404742,0.0,0.3874228114065401,0.0,0.9665985082148981,0.0,""
"2026-09-25 17:13:28","git-master-bddc7a050319718b5e4e0856afec0bc9ea96418f","C:\Users\marco\Desktop\ds004507\derivatives\labels\sub-003\ses-headUp\anat\sub-003_ses-headUp_T2w_seg-manual.nii.gz","968","1","",83.14903532433013,0.0,-3.6703208401832663,0.0,-9.15181023292907,0.0,9.173640239663353,0.0,9.192825558685895,0.0,11.582747119576442,0.0,4.4531526747504,0.0,4.720487564912953,0.0,0.606304562124121,0.0,-1.3914528103538129,0.0,0.9624685556520196,0.0,""
"2026-09-25 17:13:28","git-master-bddc7a050319718b5e4e0856afec0bc9ea96418f","C:\Users\marco\Desktop\ds004507\derivatives\labels\sub-003\ses-headUp\anat\sub-003_ses-headUp_T2w_seg-manual.nii.gz","969","1","",84.15917875132631,0.0,-3.5639021233456414,0.0,-9.228018453342557,0.0,9.310461296744574,0.0,9.316212142012821,0.0,11.53792877283615,0.0,4.52223556762772,0.0,4.788225729116855,0.0,0.5899218881891481,0.0,-2.211614318903054,0.0,0.9582821481092503,0.0,""
"2026-09-25 17:13:28","git-master-bddc7a050319718b5e4e0856afec0bc9ea96418f","C:\Users\marco\Desktop\ds004507\derivatives\labels\sub-003\ses-headUp\anat\sub-003_ses-headUp_T2w_seg-manual.nii.gz","970","1","",84.57476492402553,0.0,-3.4453446083796258,0.0,-9.30311098818701,0.0,9.320527878174586,0.0,9.33590891484156,0.0,11.57660026955028,0.0,4.515218787599966,0.0,4.80530909057462,0.0,0.5913042635413286,0.0,-2.2705116331969952,0.0,0.9567298272037287,0.0,""
"2026-09-25 17:13:28","git-master-bddc7a050319718b5e4e0856afec0bc9ea96418f","C:\Users\marco\Desktop\ds004507\derivatives\labels\sub-003\ses-headUp\anat\sub-003_ses-headUp_T2w_seg-manual.nii.gz","971","1","",84.27182643975473,0.0,-3.3146406911289166,0.0,-9.377088914226094,0.0,9.254168487643847,0.0,9.32671773878473,0.0,11.547703785290354,0.0,4.470582175611549,0.0,4.783586312032299,0.0,0.5896347787285429,0.0,-2.0263013018948444,0.0,0.9568604853644777,0.0,""
"2026-09-25 17:13:28","git-master-bddc7a050319718b5e4e0856afec0bc9ea96418f","C:\Users\marco\Desktop\ds004507\derivatives\labels\sub-003\ses-headUp\anat\sub-003_ses-headUp_T2w_seg-manual.nii.gz","972","1","",84.48756334878328,0.0,-3.171782542518657,0.0,-9.449953308352931,0.0,9.143989169936978,0.0,9.321520560250047,0.0,11.54653879429954,0.0,4.4080721956066995,0.0,4.735916974330279,0.0,0.5901001897527424,0.0,-1.6611378342828973,0.0,0.9584643757273965,0.0,""
"2026-09-25 17:13:28","git-master-bddc7a050319718b5e4e0856afec0bc9ea96418f","C:\Users\marco\Desktop\ds004507\derivatives\labels\sub-003\ses-headUp\anat\sub-003_ses-headUp_T2w_seg-manual.nii.gz","973","1","",84.29400817418615,0.0,-3.0167622134713783,0.0,-9.521705247079735,0.0,8.94589162374103,0.0,9.27316021357288,0.0,11.609381301483019,0.0,4.211802527850172,0.0,4.734089095890858,0.0,0.6016439738605766,0.0,-3.4286753703069612,0.0,0.9746452663410096,0.0,""
"2026-09-25 17:13:28","git-master-bddc7a050319718b5e4e0856afec0bc9ea96418f","C:\Users\marco\Desktop\ds004507\derivatives\labels\sub-003\ses-headUp\anat\sub-003_ses-headUp_T2w_seg-manual.nii.gz","974","1","","","","","","","","","","","","","","","","","","","","","","","",""
"2026-09-25 17:13:28","git-master-bddc7a050319718b5e4e0856afec0bc9ea96418f","C:\Users\marco\Desktop\ds004507\derivatives\labels\sub-003\ses-headUp\anat\sub-003_ses-headUp_T2w_seg-manual.nii.gz","975","1","","","","","","","","","","","","","","","","","","","","","","","",""
"2026-09-25 17:13:28","git-master-bddc7a050319718b5e4e0856afec0bc9ea96418f","C:\Users\marco\Desktop\ds004507\derivatives\labels\sub-003\ses-headUp\anat\sub-003_ses-headUp_T2w_seg-manual.nii.gz","976","1","","","","","","","","","","","","","","","","","","","","","","","",""
"2026-09-25 17:13:28","git-master-bddc7a050319718b5e4e0856afec0bc9ea96418f","C:\Users\marco\Desktop\ds004507\derivatives\labels\sub-003\ses-headUp\anat\sub-003_ses-headUp_T2w_seg-manual.nii.gz","977","1","","","","","","","","","","","","","","","","","","","","","","","",""
"2026-09-25 17:13:28","git-master-bddc7a050319718b5e4e0856afec0bc9ea96418f","C:\Users\marco\Desktop\ds004507\derivatives\labels\sub-003\ses-headUp\anat\sub-003_ses-headUp_T2w_seg-manual.nii.gz","978","1","","","","","","","","","","","","","","","","","","","","","","","",""
"2026-09-25 17:13:28","git-master-bddc7a050319718b5e4e0856afec0bc9ea96418f","C:\Users\marco\Desktop\ds004507\derivatives\labels\sub-003\ses-headUp\anat\sub-003_ses-headUp_T2w_seg-manual.nii.gz","979","1","","","","","","","","","","","","","","","","","","","","","","","",""
"2026-09-25 17:13:28","git-master-bddc7a050319718b5e4e0856afec0bc9ea96418f","C:\Users\marco\Desktop\ds004507\derivatives\labels\sub-003\ses-headUp\anat\sub-003_ses-headUp_T2w_seg-manual.nii.gz","980","1","","","","","","","","","","","","","","","","","","","","","","","",""
"2026-09-25 17:13:28","git-master-bddc7a050319718b5e4e0856afec0bc9ea96418f","C:\Users\marco\Desktop\ds004507\derivatives\labels\sub-003\ses-headUp\anat\sub-003_ses-headUp_T2w_seg-manual.nii.gz","981","1","","","","","","","","","","","","","","","","","","","","","","","",""
"2026-09-25 17:13:28","git-master-bddc7a050319718b5e4e0856afec0bc9ea96418f","C:\Users\marco\Desktop\ds004507\derivatives\labels\sub-003\ses-headUp\anat\sub-003_ses-headUp_T2w_seg-manual.nii.gz","982","1","","","","","","","","","","","","","","","","","","","","","","","",""
"2026-09-25 17:13:28","git-master-bddc7a050319718b5e4e0856afec0bc9ea96418f","C:\Users\marco\Desktop\ds004507\derivatives\labels\sub-003\ses-headUp\anat\sub-003_ses-headUp_T2w_seg-manual.nii.gz","983","1","","","","","","","","","","","","","","","","","","","","","","","",""
"2026-09-25 17:13:28","git-master-bddc7a050319718b5e4e0856afec0bc9ea96418f","C:\Users\marco\Desktop\ds004507\derivatives\labels\sub-003\ses-headUp\anat\sub-003_ses-headUp_T2w_seg-manual.nii.gz","984","1","","","","","","","","","","","","","","","","","","","","","","","",""
