Timestamp,SCT Version,Filename,Slice (I->S),VertLevel,DistancePMJ,MEAN(area),STD(area),MEAN(angle_AP),STD(angle_AP),MEAN(angle_RL),STD(angle_RL),MEAN(diameter_AP),STD(diameter_AP),MEAN(diameter_AP_ellipse),STD(diameter_AP_ellipse),MEAN(diameter_RL),STD(diameter_RL),MEAN(length_anterior),STD(length_anterior),MEAN(length_posterior),STD(length_posterior),MEAN(eccentricity),STD(eccentricity),MEAN(orientation),STD(orientation),MEAN(solidity),STD(solidity),SUM(length)
"2026-09-25 17:18:19","git-master-bddc7a050319718b5e4e0856afec0bc9ea96418f","C:\Users\marco\Desktop\ds004507\derivatives\labels\sub-006\ses-headDown\anat\sub-006_ses-headDown_T2w_seg-manual.nii.gz","601","10","","","","","","","","","","","","","","","","","","","","","","","",""
"2026-09-25 17:18:19","git-master-bddc7a050319718b5e4e0856afec0bc9ea96418f","C:\Users\marco\Desktop\ds004507\derivatives\labels\sub-006\ses-headDown\anat\sub-006_ses-headDown_T2w_seg-manual.nii.gz","602","10","","","","","","","","","","","","","","","","","","","","","","","",""
"2026-09-25 17:18:19","git-master-bddc7a050319718b5e4e0856afec0bc9ea96418f","C:\Users\marco\Desktop\ds004507\derivatives\labels\sub-006\ses-headDown\anat\sub-006_ses-headDown_T2w_seg-manual.nii.gz","603","10","","","","","","","","","","","","","","","","","","","","","","","",""
"2026-09-25 17:18:19","git-master-bddc7a050319718b5e4e0856afec0bc9ea96418f","C:\Users\marco\Desktop\ds004507\derivatives\labels\sub-006\ses-headDown\anat\sub-006_ses-headDown_T2w_seg-manual.nii.gz","604","10","","","","","","","","","","","","","","","","","","","","","","","",""
"2026-09-25 17:18:19","git-master-bddc7a050319718b5e4e0856afec0bc9ea96418f","C:\Users\marco\Desktop\ds004507\derivatives\labels\sub-006\ses-headDown\anat\sub-006_ses-headDown_T2w_seg-manual.nii.gz","605","10","","","","","","","","","","","","","","","","","","","","","","","",""
"2026-09-25 17:18:19","git-master-bddc7a050319718b5e4e0856afec0bc9ea96418f","C:\Users\marco\Desktop\ds004507\derivatives\labels\sub-006\ses-headDown\anat\sub-006_ses-headDown_T2w_seg-manual.nii.gz","606","10","",37.11144467145228,0.0,-1.2756151891661263,0.0,17.8563039964001,0.0,6.011569753180856,0.0,6.208738052905769,0.0,7.749311129152992,0.0,2.9530190231663127,0.0,3.058550730014544,0.0,0.598398389628945,0.0,4.402919497024681,0.0,0.9350877192982456,0.0,""
"2026-09-25 17:18:19","git-master-bddc7a050319718b5e4e0856afec0bc9ea96418f","C:\Users\marco\Desktop\ds004507\derivatives\labels\sub-006\ses-headDown\anat\sub-006_ses-headDown_T2w_seg-manual.nii.gz","607","10","",36.02913942611326,0.0,-2.2885844172832916,0.0,17.735649590758744,0.0,6.0868578238784,0.0,6.20696752382472,0.0,7.478245120798873,0.0,3.081571788410119,0.0,3.005286035468282,0.0,0.556265235048665,0.0,0.6251527030289874,0.0,0.9515015729954935,0.0,""
"2026-09-25 17:18:19","git-master-bddc7a050319718b5e4e0856afec0bc9ea96418f","C:\Users\marco\Desktop\ds004507\derivatives\labels\sub-006\ses-headDown\anat\sub-006_ses-headDown_T2w_seg-manual.nii.gz","608","10","",37.46039829673114,0.0,-3.005362277501157,0.0,17.618348288660936,0.0,6.305407527688892,0.0,6.474368920085076,0.0,7.401214572839999,0.0,3.15025091969977,0.0,3.1551566079891233,0.0,0.47856420313683484,0.0,13.736689823918729,0.0,0.9669360082316883,0.0,""
"2026-09-25 17:18:19","git-master-bddc7a050319718b5e4e0856afec0bc9ea96418f","C:\Users\marco\Desktop\ds004507\derivatives\labels\sub-006\ses-headDown\anat\sub-006_ses-headDown_T2w_seg-manual.nii.gz","609","10","",40.43337359342584,0.0,-3.4263274450370127,0.0,17.504407559262763,0.0,6.586237188453559,0.0,6.799776198456229,0.0,7.554836011303392,0.0,3.206164226088475,0.0,3.3800729623650847,0.0,0.4288659395176915,0.0,26.74098080771877,0.0,0.9757336280878632,0.0,""
"2026-09-25 17:18:19","git-master-bddc7a050319718b5e4e0856afec0bc9ea96418f","C:\Users\marco\Desktop\ds004507\derivatives\labels\sub-006\ses-headDown\anat\sub-006_ses-headDown_T2w_seg-manual.nii.gz","610","10","",43.424104355714576,0.0,-3.486471062807431,0.0,17.39458854201947,0.0,6.787650561444572,0.0,6.790506678281788,0.0,8.060692411731614,0.0,3.3369517607004404,0.0,3.450698800744132,0.0,0.5354892835028269,0.0,6.970025619377555,0.0,0.9655537906193316,0.0,""
"2026-09-25 17:18:19","git-master-bddc7a050319718b5e4e0856afec0bc9ea96418f","C:\Users\marco\Desktop\ds004507\derivatives\labels\sub-006\ses-headDown\anat\sub-006_ses-headDown_T2w_seg-manual.nii.gz","611","10","",41.70438701730014,0.0,-3.1367845397779734,0.0,17.28947843296731,0.0,6.733057913946076,0.0,6.773477465286161,0.0,7.746335105140591,0.0,3.375929596003191,0.0,3.3571283179428844,0.0,0.4787965561417554,0.0,5.037753431587374,0.0,0.9451351375988738,0.0,""
"2026-09-25 17:18:19","git-master-bddc7a050319718b5e4e0856afec0bc9ea96418f","C:\Users\marco\Desktop\ds004507\derivatives\labels\sub-006\ses-headDown\anat\sub-006_ses-headDown_T2w_seg-manual.nii.gz","612","10","",39.48563144395014,0.0,-2.491366816496274,0.0,17.187771978322367,0.0,6.551654900631412,0.0,6.614620681338168,0.0,7.53179546811211,0.0,3.358114317116467,0.0,3.193540583514945,0.0,0.47430667646957286,0.0,8.078233894831147,0.0,0.9380540042517909,0.0,""
"2026-09-25 17:18:19","git-master-bddc7a050319718b5e4e0856afec0bc9ea96418f","C:\Users\marco\Desktop\ds004507\derivatives\labels\sub-006\ses-headDown\anat\sub-006_ses-headDown_T2w_seg-manual.nii.gz","613","10","",38.16026744573067,0.0,-1.592078907129746,0.0,17.089475621867766,0.0,6.335104981128955,0.0,6.36294429328367,0.0,7.6061978325217545,0.0,3.301714896186984,0.0,3.0333900849419706,0.0,0.5476602731421806,0.0,12.513889098557964,0.0,0.9470027865527252,0.0,""
"2026-09-25 17:18:19","git-master-bddc7a050319718b5e4e0856afec0bc9ea96418f","C:\Users\marco\Desktop\ds004507\derivatives\labels\sub-006\ses-headDown\anat\sub-006_ses-headDown_T2w_seg-manual.nii.gz","614","10","",42.21317686390423,0.0,-0.6297676543723765,0.0,16.996124179546435,0.0,6.611121564898,0.0,6.612272951529508,0.0,8.039282627314392,0.0,3.301881227482178,0.0,3.309240337415823,0.0,0.5682755826441627,0.0,9.36868456102231,0.0,0.9558171529684655,0.0,""
"2026-09-25 17:18:19","git-master-bddc7a050319718b5e4e0856afec0bc9ea96418f","C:\Users\marco\Desktop\ds004507\derivatives\labels\sub-006\ses-headDown\anat\sub-006_ses-headDown_T2w_seg-manual.nii.gz","615","10","",42.79044878672127,0.0,0.08759843764401665,0.0,16.9067841211072,0.0,6.769078346904232,0.0,6.869953106223053,0.0,7.8645462783937425,0.0,3.387768418414287,0.0,3.3813099284899457,0.0,0.47001953498072185,0.0,11.046994005844615,0.0,0.945538462284927,0.0,""
"2026-09-25 17:18:19","git-master-bddc7a050319718b5e4e0856afec0bc9ea96418f","C:\Users\marco\Desktop\ds004507\derivatives\labels\sub-006\ses-headDown\anat\sub-006_ses-headDown_T2w_seg-manual.nii.gz","616","10","",41.70455672337722,0.0,0.5948837044278149,0.0,16.82089011931625,0.0,6.790063421504958,0.0,6.961557448600165,0.0,7.569294025508325,0.0,3.4604650174205953,0.0,3.329598404084363,0.0,0.3916586363461811,0.0,9.143420723954474,0.0,0.9416664117258584,0.0,""
"2026-09-25 17:18:19","git-master-bddc7a050319718b5e4e0856afec0bc9ea96418f","C:\Users\marco\Desktop\ds004507\derivatives\labels\sub-006\ses-headDown\anat\sub-006_ses-headDown_T2w_seg-manual.nii.gz","617","10","",39.97435260677563,0.0,0.8803090434250576,0.0,16.73864014729951,0.0,6.6362550609302104,0.0,6.73157285490914,0.0,7.485008287682327,0.0,3.446053917173542,0.0,3.190201143756669,0.0,0.4371387412910469,0.0,-3.0570350973483897,0.0,0.9637867139703794,0.0,""
"2026-09-25 17:18:19","git-master-bddc7a050319718b5e4e0856afec0bc9ea96418f","C:\Users\marco\Desktop\ds004507\derivatives\labels\sub-006\ses-headDown\anat\sub-006_ses-headDown_T2w_seg-manual.nii.gz","618","10","",39.68892077271767,0.0,0.8388650456914536,0.0,16.661780410042155,0.0,6.465692220070887,0.0,6.681945533604177,0.0,7.54499059921929,0.0,3.1933325241804384,0.0,3.272359695890448,0.0,0.46396250108060033,0.0,4.184371234844097,0.0,0.950579458985769,0.0,""
"2026-09-25 17:18:19","git-master-bddc7a050319718b5e4e0856afec0bc9ea96418f","C:\Users\marco\Desktop\ds004507\derivatives\labels\sub-006\ses-headDown\anat\sub-006_ses-headDown_T2w_seg-manual.nii.gz","619","10","",38.71628922247918,0.0,0.6893022177648297,0.0,16.58839709432564,0.0,6.488654830582455,0.0,6.7144614815378585,0.0,7.3680026785534904,0.0,3.126623900190606,0.0,3.3620309303918487,0.0,0.39717428503601127,0.0,11.787783193377749,0.0,0.9487132517645503,0.0,""
"2026-09-25 17:18:19","git-master-bddc7a050319718b5e4e0856afec0bc9ea96418f","C:\Users\marco\Desktop\ds004507\derivatives\labels\sub-006\ses-headDown\anat\sub-006_ses-headDown_T2w_seg-manual.nii.gz","620","10","",37.693707413871536,0.0,0.4736247897687247,0.0,16.5184945208061,0.0,6.56057154955828,0.0,6.730710068235816,0.0,7.176685602216008,0.0,3.1715202487545673,0.0,3.389051300803713,0.0,0.329569169464456,0.0,15.828703105657988,0.0,0.957200977613457,0.0,""
"2026-09-25 17:18:19","git-master-bddc7a050319718b5e4e0856afec0bc9ea96418f","C:\Users\marco\Desktop\ds004507\derivatives\labels\sub-006\ses-headDown\anat\sub-006_ses-headDown_T2w_seg-manual.nii.gz","621","10","",38.4787520506419,0.0,0.2654766829327243,0.0,16.453048909716003,0.0,6.29486945015662,0.0,6.479759898523969,0.0,7.585595535610146,0.0,3.1178770034332848,0.0,3.176992446723335,0.0,0.51033267502811,0.0,7.112694289513184,0.0,0.9712772315929658,0.0,""
"2026-09-25 17:18:19","git-master-bddc7a050319718b5e4e0856afec0bc9ea96418f","C:\Users\marco\Desktop\ds004507\derivatives\labels\sub-006\ses-headDown\anat\sub-006_ses-headDown_T2w_seg-manual.nii.gz","622","10","",38.44531460893389,0.0,0.0651954767249584,0.0,16.392267414676148,0.0,6.425565929989605,0.0,6.654835613129829,0.0,7.405709584452553,0.0,3.236631513667791,0.0,3.1889344163218145,0.0,0.42222895141059147,0.0,-4.817291033664092,0.0,0.9621205922723336,0.0,""
"2026-09-25 17:18:19","git-master-bddc7a050319718b5e4e0856afec0bc9ea96418f","C:\Users\marco\Desktop\ds004507\derivatives\labels\sub-006\ses-headDown\anat\sub-006_ses-headDown_T2w_seg-manual.nii.gz","623","10","",38.6884537301277,0.0,-0.12918126983020256,0.0,16.334990580250324,0.0,6.512080835591905,0.0,6.834950411706471,0.0,7.278689736907035,0.0,3.321672615519641,0.0,3.1904082200722637,0.0,0.3438028632695768,0.0,-13.944443088959613,0.0,0.9578999871824266,0.0,""
"2026-09-25 17:18:19","git-master-bddc7a050319718b5e4e0856afec0bc9ea96418f","C:\Users\marco\Desktop\ds004507\derivatives\labels\sub-006\ses-headDown\anat\sub-006_ses-headDown_T2w_seg-manual.nii.gz","624","10","",39.447436526259246,0.0,-0.3176514208824616,0.0,16.281221844632675,0.0,6.445551436414974,0.0,6.888666189634855,0.0,7.386047493986841,0.0,3.315885874090888,0.0,3.129665562324086,0.0,0.35636593664305716,0.0,-16.960285268351402,0.0,0.9655652197798684,0.0,""
"2026-09-25 17:18:19","git-master-bddc7a050319718b5e4e0856afec0bc9ea96418f","C:\Users\marco\Desktop\ds004507\derivatives\labels\sub-006\ses-headDown\anat\sub-006_ses-headDown_T2w_seg-manual.nii.gz","625","10","",39.74167577110288,0.0,-0.49725582162186344,0.0,16.232726175973824,0.0,6.419166699594403,0.0,6.626973854704726,0.0,7.740972668505705,0.0,3.240845956886629,0.0,3.1783207427077738,0.0,0.505790799994698,0.0,4.8310998247316554,0.0,0.9712536002070555,0.0,""
"2026-09-25 17:18:19","git-master-bddc7a050319718b5e4e0856afec0bc9ea96418f","C:\Users\marco\Desktop\ds004507\derivatives\labels\sub-006\ses-headDown\anat\sub-006_ses-headDown_T2w_seg-manual.nii.gz","626","10","",39.50794385039208,0.0,-0.6702896248879301,0.0,16.18814458264742,0.0,6.343268191076526,0.0,6.574042756293831,0.0,7.772161287411383,0.0,3.1719808489448704,0.0,3.171287342131656,0.0,0.532737391614844,0.0,10.21223116541228,0.0,0.9589249271744721,0.0,""
"2026-09-25 17:18:19","git-master-bddc7a050319718b5e4e0856afec0bc9ea96418f","C:\Users\marco\Desktop\ds004507\derivatives\labels\sub-006\ses-headDown\anat\sub-006_ses-headDown_T2w_seg-manual.nii.gz","627","10","",39.25956411549109,0.0,-0.8374089616734111,0.0,16.14708885857214,0.0,6.274044876737901,0.0,6.6066891414026765,0.0,7.7043750785083125,0.0,3.1375497848799303,0.0,3.13649509185797,0.0,0.514432040510874,0.0,7.041852963316627,0.0,0.9413870012235901,0.0,""
"2026-09-25 17:18:19","git-master-bddc7a050319718b5e4e0856afec0bc9ea96418f","C:\Users\marco\Desktop\ds004507\derivatives\labels\sub-006\ses-headDown\anat\sub-006_ses-headDown_T2w_seg-manual.nii.gz","628","10","",39.50660484794405,0.0,-0.9979556370864832,0.0,16.109954324166896,0.0,6.269169098939355,0.0,6.620746475591717,0.0,7.74038136342121,0.0,3.1734640090565294,0.0,3.095705089882825,0.0,0.518045088418141,0.0,1.2783739741205116,0.0,0.9302900111362596,0.0,""
"2026-09-25 17:18:19","git-master-bddc7a050319718b5e4e0856afec0bc9ea96418f","C:\Users\marco\Desktop\ds004507\derivatives\labels\sub-006\ses-headDown\anat\sub-006_ses-headDown_T2w_seg-manual.nii.gz","629","10","",38.11134671015586,0.0,-1.1496279537792125,0.0,16.078121686267135,0.0,6.415708057678045,0.0,6.674087990904278,0.0,7.358422274927482,0.0,3.2563695861417163,0.0,3.1593384715363286,0.0,0.4097468379198722,0.0,7.268617248819797,0.0,0.9448874061519847,0.0,""
"2026-09-25 17:18:19","git-master-bddc7a050319718b5e4e0856afec0bc9ea96418f","C:\Users\marco\Desktop\ds004507\derivatives\labels\sub-006\ses-headDown\anat\sub-006_ses-headDown_T2w_seg-manual.nii.gz","630","10","",38.13192774575681,0.0,-1.2953840422859744,0.0,16.0498277888346,0.0,6.4566985037619995,0.0,6.692259570162627,0.0,7.335497293409847,0.0,3.246155355587047,0.0,3.2105431481749536,0.0,0.4032636736323042,0.0,10.962086560151661,0.0,0.9555887756186935,0.0,""
"2026-09-25 17:18:19","git-master-bddc7a050319718b5e4e0856afec0bc9ea96418f","C:\Users\marco\Desktop\ds004507\derivatives\labels\sub-006\ses-headDown\anat\sub-006_ses-headDown_T2w_seg-manual.nii.gz","631","10","",39.44554838615601,0.0,-1.4258370025813731,0.0,16.02507420597747,0.0,6.425510339480134,0.0,6.674978500591342,0.0,7.643051159583297,0.0,3.17672274531066,0.0,3.248787594169474,0.0,0.4846721194832323,0.0,11.363691760183476,0.0,0.9587036708020694,0.0,""
"2026-09-25 17:18:19","git-master-bddc7a050319718b5e4e0856afec0bc9ea96418f","C:\Users\marco\Desktop\ds004507\derivatives\labels\sub-006\ses-headDown\anat\sub-006_ses-headDown_T2w_seg-manual.nii.gz","632","10","",40.96954445752156,0.0,-1.5033445337571787,0.0,16.00504470425057,0.0,6.503246079795446,0.0,6.636036230684916,0.0,8.015924925149708,0.0,3.1997844418946215,0.0,3.303461637900824,0.0,0.5585515271267171,0.0,8.317287448233513,0.0,0.9480208114297173,0.0,""
"2026-09-25 17:18:19","git-master-bddc7a050319718b5e4e0856afec0bc9ea96418f","C:\Users\marco\Desktop\ds004507\derivatives\labels\sub-006\ses-headDown\anat\sub-006_ses-headDown_T2w_seg-manual.nii.gz","633","10","",41.69057755230443,0.0,-1.486943427950663,0.0,15.98954621788681,0.0,6.721187914057075,0.0,6.850710669059854,0.0,7.870524070032016,0.0,3.2755874949593675,0.0,3.4456004190977074,0.0,0.4818133746813154,0.0,12.693555897042891,0.0,0.9541113679804143,0.0,""
"2026-09-25 17:18:19","git-master-bddc7a050319718b5e4e0856afec0bc9ea96418f","C:\Users\marco\Desktop\ds004507\derivatives\labels\sub-006\ses-headDown\anat\sub-006_ses-headDown_T2w_seg-manual.nii.gz","634","10","",41.15030479535277,0.0,-1.3970415162151841,0.0,15.977595146952163,0.0,6.819844077038436,0.0,6.990113459750698,0.0,7.5875749074029555,0.0,3.3125476216518908,0.0,3.507296455386545,0.0,0.3851061035501929,0.0,14.533486789670768,0.0,0.9585396712240695,0.0,""
"2026-09-25 17:18:19","git-master-bddc7a050319718b5e4e0856afec0bc9ea96418f","C:\Users\marco\Desktop\ds004507\derivatives\labels\sub-006\ses-headDown\anat\sub-006_ses-headDown_T2w_seg-manual.nii.gz","635","10","",39.19091191811539,0.0,-1.2336333291732098,0.0,15.969192263307074,0.0,6.691641657241616,0.0,6.917370069168464,0.0,7.327172067040212,0.0,3.273367497607028,0.0,3.4182741596345876,0.0,0.32514616877568653,0.0,10.109491705528514,0.0,0.9549257169267009,0.0,""
"2026-09-25 17:18:19","git-master-bddc7a050319718b5e4e0856afec0bc9ea96418f","C:\Users\marco\Desktop\ds004507\derivatives\labels\sub-006\ses-headDown\anat\sub-006_ses-headDown_T2w_seg-manual.nii.gz","636","10","",39.21903322240594,0.0,-0.9558311585087296,0.0,15.966310637389999,0.0,6.393892156927636,0.0,6.514690551117639,0.0,7.791133474629669,0.0,3.188788150133512,0.0,3.2051040067941243,0.0,0.52765570907854,0.0,7.712152495748214,0.0,0.9656329901825581,0.0,""
"2026-09-25 17:18:19","git-master-bddc7a050319718b5e4e0856afec0bc9ea96418f","C:\Users\marco\Desktop\ds004507\derivatives\labels\sub-006\ses-headDown\anat\sub-006_ses-headDown_T2w_seg-manual.nii.gz","637","10","",40.703039213587786,0.0,-0.6003680486195364,0.0,15.967176025556968,0.0,6.578123922975362,0.0,6.69470342442027,0.0,7.86093052665337,0.0,3.2757265134921867,0.0,3.3023974094831754,0.0,0.5127013860104821,0.0,3.917022231191937,0.0,0.9615352482249021,0.0,""
"2026-09-25 17:18:19","git-master-bddc7a050319718b5e4e0856afec0bc9ea96418f","C:\Users\marco\Desktop\ds004507\derivatives\labels\sub-006\ses-headDown\anat\sub-006_ses-headDown_T2w_seg-manual.nii.gz","638","10","",42.19395114998595,0.0,-0.1801572276794099,0.0,15.971591031485975,0.0,6.882219235820766,0.0,7.086268674843443,0.0,7.693455348310585,0.0,3.397798382680683,0.0,3.4844208531400827,0.0,0.37891054847784317,0.0,4.7657990478117105,0.0,0.9546232406472386,0.0,""
"2026-09-25 17:18:19","git-master-bddc7a050319718b5e4e0856afec0bc9ea96418f","C:\Users\marco\Desktop\ds004507\derivatives\labels\sub-006\ses-headDown\anat\sub-006_ses-headDown_T2w_seg-manual.nii.gz","639","10","",41.69157155937189,0.0,0.3027216161037035,0.0,15.98014698826632,0.0,6.8350611883787735,0.0,7.228123374522346,0.0,7.447709740708458,0.0,3.3751304462858824,0.0,3.459930742092891,0.0,0.23361735592233274,0.0,19.735990646617037,0.0,0.9607780831515146,0.0,""
"2026-09-25 17:18:19","git-master-bddc7a050319718b5e4e0856afec0bc9ea96418f","C:\Users\marco\Desktop\ds004507\derivatives\labels\sub-006\ses-headDown\anat\sub-006_ses-headDown_T2w_seg-manual.nii.gz","640","10","",40.03397480107284,0.0,0.8344018286646975,0.0,15.993828021851588,0.0,6.51079970864307,0.0,6.8909837347386755,0.0,7.503956299756141,0.0,3.258739087840084,0.0,3.2520606208029865,0.0,0.3755729378810552,0.0,8.057400356147998,0.0,0.9644720980371879,0.0,""
"2026-09-25 17:18:19","git-master-bddc7a050319718b5e4e0856afec0bc9ea96418f","C:\Users\marco\Desktop\ds004507\derivatives\labels\sub-006\ses-headDown\anat\sub-006_ses-headDown_T2w_seg-manual.nii.gz","641","10","",39.156506232777666,0.0,1.30209680125364,0.0,16.011055436701305,0.0,6.372060082073489,0.0,6.707817818329752,0.0,7.52689787485644,0.0,3.194095110526436,0.0,3.1779649715470533,0.0,0.4535201871567749,0.0,6.875463065549501,0.0,0.9691537420016755,0.0,""
"2026-09-25 17:18:19","git-master-bddc7a050319718b5e4e0856afec0bc9ea96418f","C:\Users\marco\Desktop\ds004507\derivatives\labels\sub-006\ses-headDown\anat\sub-006_ses-headDown_T2w_seg-manual.nii.gz","642","10","",39.3015015372741,0.0,1.6602295145776091,0.0,16.031828228687115,0.0,6.458972642373304,0.0,6.7463689132991425,0.0,7.490986361673764,0.0,3.2059156075423827,0.0,3.2530570348309205,0.0,0.4336740625512167,0.0,16.665206876095915,0.0,0.9723631667143442,0.0,""
"2026-09-25 17:18:19","git-master-bddc7a050319718b5e4e0856afec0bc9ea96418f","C:\Users\marco\Desktop\ds004507\derivatives\labels\sub-006\ses-headDown\anat\sub-006_ses-headDown_T2w_seg-manual.nii.gz","643","10","",40.50859825498433,0.0,1.739692415804715,0.0,16.057521974657238,0.0,6.687488634888829,0.0,6.950071240186897,0.0,7.484786078070915,0.0,3.3306962733130967,0.0,3.356792361575732,0.0,0.3693418131461849,0.0,15.860801618438392,0.0,0.9589537251949766,0.0,""
"2026-09-25 17:18:19","git-master-bddc7a050319718b5e4e0856afec0bc9ea96418f","C:\Users\marco\Desktop\ds004507\derivatives\labels\sub-006\ses-headDown\anat\sub-006_ses-headDown_T2w_seg-manual.nii.gz","644","10","",41.34174473171085,0.0,1.6892448097975097,0.0,16.087541520653534,0.0,6.613796756742075,0.0,6.882058326716159,0.0,7.693960563744707,0.0,3.315393098990818,0.0,3.2984036577512565,0.0,0.4373716588588335,0.0,10.25181573967496,0.0,0.9562970529587752,0.0,""
"2026-09-25 17:18:19","git-master-bddc7a050319718b5e4e0856afec0bc9ea96418f","C:\Users\marco\Desktop\ds004507\derivatives\labels\sub-006\ses-headDown\anat\sub-006_ses-headDown_T2w_seg-manual.nii.gz","645","10","",41.02192025983928,0.0,1.5901145133751813,0.0,16.121097513471582,0.0,6.475405684154361,0.0,6.7630868099130135,0.0,7.734103729184125,0.0,3.2479422860063156,0.0,3.2274633981480454,0.0,0.48218635055912973,0.0,4.621839632878014,0.0,0.9624726570918875,0.0,""
"2026-09-25 17:18:19","git-master-bddc7a050319718b5e4e0856afec0bc9ea96418f","C:\Users\marco\Desktop\ds004507\derivatives\labels\sub-006\ses-headDown\anat\sub-006_ses-headDown_T2w_seg-manual.nii.gz","646","10","",39.010117419038394,0.0,1.47896098764349,0.0,16.15818814322399,0.0,6.388491102082462,0.0,6.702200059083161,0.0,7.385512912219949,0.0,3.168095187656012,0.0,3.220395914426449,0.0,0.42009680683083334,0.0,1.4590743854118735,0.0,0.9775025278058646,0.0,""
"2026-09-25 17:18:19","git-master-bddc7a050319718b5e4e0856afec0bc9ea96418f","C:\Users\marco\Desktop\ds004507\derivatives\labels\sub-006\ses-headDown\anat\sub-006_ses-headDown_T2w_seg-manual.nii.gz","647","9","",38.30402444436566,0.0,1.2989181411280233,0.0,16.21719011406253,0.0,6.251514304267257,0.0,6.530428379875445,0.0,7.399944534280215,0.0,3.0624255463172396,0.0,3.189088757950017,0.0,0.4703181450045494,0.0,-7.645768843047015,0.0,0.9796927883363707,0.0,""
"2026-09-25 17:18:19","git-master-bddc7a050319718b5e4e0856afec0bc9ea96418f","C:\Users\marco\Desktop\ds004507\derivatives\labels\sub-006\ses-headDown\anat\sub-006_ses-headDown_T2w_seg-manual.nii.gz","648","9","",38.53024533482547,0.0,1.1518752781515789,0.0,16.264713839428754,0.0,6.467195601644247,0.0,6.600328952802361,0.0,7.326879256182151,0.0,3.2704380092395993,0.0,3.1967575924046483,0.0,0.4331967974099839,0.0,-11.507424564680772,0.0,0.975655925949319,0.0,""
"2026-09-25 17:18:19","git-master-bddc7a050319718b5e4e0856afec0bc9ea96418f","C:\Users\marco\Desktop\ds004507\derivatives\labels\sub-006\ses-headDown\anat\sub-006_ses-headDown_T2w_seg-manual.nii.gz","649","9","",39.05711962711249,0.0,0.9935410384049255,0.0,16.315536000114164,0.0,6.5777039273116005,0.0,6.664727891872136,0.0,7.342475429564375,0.0,3.3460830397584886,0.0,3.2316208875531114,0.0,0.41961355435005027,0.0,-1.6773959348067127,0.0,0.9666882714193828,0.0,""
"2026-09-25 17:18:19","git-master-bddc7a050319718b5e4e0856afec0bc9ea96418f","C:\Users\marco\Desktop\ds004507\derivatives\labels\sub-006\ses-headDown\anat\sub-006_ses-headDown_T2w_seg-manual.nii.gz","650","9","",39.69653451497657,0.0,0.8239149929181622,0.0,16.369654171801283,0.0,6.594332072937657,0.0,6.706765360564706,0.0,7.427966550127064,0.0,3.326830414845304,0.0,3.2675016580923533,0.0,0.4291414710585653,0.0,14.554927786636648,0.0,0.958014686066977,0.0,""
"2026-09-25 17:18:19","git-master-bddc7a050319718b5e4e0856afec0bc9ea96418f","C:\Users\marco\Desktop\ds004507\derivatives\labels\sub-006\ses-headDown\anat\sub-006_ses-headDown_T2w_seg-manual.nii.gz","651","9","",39.932214353695656,0.0,0.6388357308762787,0.0,16.428275486444193,0.0,6.515974740471234,0.0,6.668214986076343,0.0,7.553462348819687,0.0,3.2888124422911376,0.0,3.227162298180096,0.0,0.4690293315645197,0.0,17.935887160936062,0.0,0.9652347666618968,0.0,""
"2026-09-25 17:18:19","git-master-bddc7a050319718b5e4e0856afec0bc9ea96418f","C:\Users\marco\Desktop\ds004507\derivatives\labels\sub-006\ses-headDown\anat\sub-006_ses-headDown_T2w_seg-manual.nii.gz","652","9","",39.98431683405372,0.0,0.4388985220099357,0.0,16.49121551811714,0.0,6.428987785603561,0.0,6.57180546432011,0.0,7.637967765459314,0.0,3.2791134695008624,0.0,3.1498743161026987,0.0,0.5084231208612867,0.0,10.305820916997156,0.0,0.9717515167995775,0.0,""
"2026-09-25 17:18:19","git-master-bddc7a050319718b5e4e0856afec0bc9ea96418f","C:\Users\marco\Desktop\ds004507\derivatives\labels\sub-006\ses-headDown\anat\sub-006_ses-headDown_T2w_seg-manual.nii.gz","653","9","",39.7886703082941,0.0,0.2276714638348959,0.0,16.557431835611357,0.0,6.374508438184266,0.0,6.500417591721241,0.0,7.67752819331294,0.0,3.273757231365527,0.0,3.100751206818739,0.0,0.5320962042429527,0.0,0.25250051555596453,0.0,0.9747475781967417,0.0,""
"2026-09-25 17:18:19","git-master-bddc7a050319718b5e4e0856afec0bc9ea96418f","C:\Users\marco\Desktop\ds004507\derivatives\labels\sub-006\ses-headDown\anat\sub-006_ses-headDown_T2w_seg-manual.nii.gz","654","9","",39.26577820624015,0.0,0.004561698663442415,0.0,16.62709322819366,0.0,6.37823559363285,0.0,6.497733403109651,0.0,7.661309151481292,0.0,3.262423351098609,0.0,3.115812242534241,0.0,0.5297986776637381,0.0,-8.701098193211152,0.0,0.972204045906423,0.0,""
"2026-09-25 17:18:19","git-master-bddc7a050319718b5e4e0856afec0bc9ea96418f","C:\Users\marco\Desktop\ds004507\derivatives\labels\sub-006\ses-headDown\anat\sub-006_ses-headDown_T2w_seg-manual.nii.gz","655","9","",39.4713709160458,0.0,-0.23695479019754176,0.0,16.702077700178794,0.0,6.47910620884311,0.0,6.639316455820799,0.0,7.57104797851153,0.0,3.259744040546934,0.0,3.2193621682961764,0.0,0.47870680387683556,0.0,-10.39227596086278,0.0,0.9451166652152132,0.0,""
"2026-09-25 17:18:19","git-master-bddc7a050319718b5e4e0856afec0bc9ea96418f","C:\Users\marco\Desktop\ds004507\derivatives\labels\sub-006\ses-headDown\anat\sub-006_ses-headDown_T2w_seg-manual.nii.gz","656","9","",40.16859189076468,0.0,-0.47852541520992986,0.0,16.778088159296313,0.0,6.655403369178204,0.0,6.856049990926911,0.0,7.48436050998024,0.0,3.3436040294139047,0.0,3.3117993397643,0.0,0.39139134978501844,0.0,-6.292473535554845,0.0,0.9531583241299163,0.0,""
"2026-09-25 17:18:19","git-master-bddc7a050319718b5e4e0856afec0bc9ea96418f","C:\Users\marco\Desktop\ds004507\derivatives\labels\sub-006\ses-headDown\anat\sub-006_ses-headDown_T2w_seg-manual.nii.gz","657","9","",41.18634978415143,0.0,-0.7164086309981246,0.0,16.854381804287183,0.0,6.798813035972731,0.0,7.044804060517479,0.0,7.494129478327474,0.0,3.454339979270889,0.0,3.3444730567018417,0.0,0.324641763226668,0.0,0.8516837286073916,0.0,0.9802815982061265,0.0,""
"2026-09-25 17:18:19","git-master-bddc7a050319718b5e4e0856afec0bc9ea96418f","C:\Users\marco\Desktop\ds004507\derivatives\labels\sub-006\ses-headDown\anat\sub-006_ses-headDown_T2w_seg-manual.nii.gz","658","9","",41.96886626796107,0.0,-0.9366462793170696,0.0,16.928616698441058,0.0,6.461000120091595,0.0,6.786382874573497,0.0,7.999722132635864,0.0,3.3479136155222124,0.0,3.1130865045693823,0.0,0.5144760515886367,0.0,1.0971812138522243,0.0,0.9595783322198416,0.0,""
"2026-09-25 17:18:19","git-master-bddc7a050319718b5e4e0856afec0bc9ea96418f","C:\Users\marco\Desktop\ds004507\derivatives\labels\sub-006\ses-headDown\anat\sub-006_ses-headDown_T2w_seg-manual.nii.gz","659","9","",42.151358242847515,0.0,-1.1411966209159956,0.0,17.001027186297215,0.0,6.494895445514328,0.0,6.824674209801848,0.0,7.992668425607398,0.0,3.29471025712166,0.0,3.200185188392667,0.0,0.5175627783121554,0.0,8.749137549797329,0.0,0.9503181009826369,0.0,""
"2026-09-25 17:18:19","git-master-bddc7a050319718b5e4e0856afec0bc9ea96418f","C:\Users\marco\Desktop\ds004507\derivatives\labels\sub-006\ses-headDown\anat\sub-006_ses-headDown_T2w_seg-manual.nii.gz","660","9","",41.70922990191845,0.0,-1.3333286766728916,0.0,17.071995854696127,0.0,6.690330931642463,0.0,7.001857244075415,0.0,7.708038225886706,0.0,3.3407106973179124,0.0,3.3496202343245502,0.0,0.39832611646367516,0.0,25.547372916213867,0.0,0.951991125661798,0.0,""
"2026-09-25 17:18:19","git-master-bddc7a050319718b5e4e0856afec0bc9ea96418f","C:\Users\marco\Desktop\ds004507\derivatives\labels\sub-006\ses-headDown\anat\sub-006_ses-headDown_T2w_seg-manual.nii.gz","661","9","",40.45647837283816,0.0,-1.5117359273713789,0.0,17.14137294450247,0.0,6.957619661923905,0.0,7.25538009941655,0.0,7.21971877005885,0.0,3.5422310223410767,0.0,3.415388639582829,0.0,0.16440234292948386,0.0,55.093485344902966,0.0,0.9672547986136972,0.0,""
"2026-09-25 17:18:19","git-master-bddc7a050319718b5e4e0856afec0bc9ea96418f","C:\Users\marco\Desktop\ds004507\derivatives\labels\sub-006\ses-headDown\anat\sub-006_ses-headDown_T2w_seg-manual.nii.gz","662","9","",40.59285912494805,0.0,-1.6705423209243706,0.0,17.208483000240783,0.0,6.652582487222894,0.0,6.962114812464652,0.0,7.515291024183815,0.0,3.3927841062037256,0.0,3.259798381019168,0.0,0.3582943502361545,0.0,12.57081072419404,0.0,0.9530702111535868,0.0,""
"2026-09-25 17:18:19","git-master-bddc7a050319718b5e4e0856afec0bc9ea96418f","C:\Users\marco\Desktop\ds004507\derivatives\labels\sub-006\ses-headDown\anat\sub-006_ses-headDown_T2w_seg-manual.nii.gz","663","9","",41.73064848509188,0.0,-1.8169396112234262,0.0,17.274160933916814,0.0,6.59940708849148,0.0,6.869230537348069,0.0,7.8055785707611935,0.0,3.3595848581701224,0.0,3.2398222303213577,0.0,0.4742706840562267,0.0,-2.6155820504979355,0.0,0.9514954018265277,0.0,""
"2026-09-25 17:18:19","git-master-bddc7a050319718b5e4e0856afec0bc9ea96418f","C:\Users\marco\Desktop\ds004507\derivatives\labels\sub-006\ses-headDown\anat\sub-006_ses-headDown_T2w_seg-manual.nii.gz","664","9","",43.42239521762649,0.0,-1.9509296494232418,0.0,17.33840801480823,0.0,6.7799879882123895,0.0,6.975518957297008,0.0,8.009197867538745,0.0,3.43291465374526,0.0,3.347073334467129,0.0,0.49130531392110144,0.0,8.707204129106218,0.0,0.9614148068472075,0.0,""
"2026-09-25 17:18:19","git-master-bddc7a050319718b5e4e0856afec0bc9ea96418f","C:\Users\marco\Desktop\ds004507\derivatives\labels\sub-006\ses-headDown\anat\sub-006_ses-headDown_T2w_seg-manual.nii.gz","665","9","",43.378668387765174,0.0,-2.0666424430251364,0.0,17.400551101387578,0.0,6.805582517588671,0.0,7.013220758071689,0.0,7.961559195844958,0.0,3.3894315287570445,0.0,3.416150988831626,0.0,0.47315132092188245,0.0,7.077119272455869,0.0,0.9617840342517985,0.0,""
"2026-09-25 17:18:19","git-master-bddc7a050319718b5e4e0856afec0bc9ea96418f","C:\Users\marco\Desktop\ds004507\derivatives\labels\sub-006\ses-headDown\anat\sub-006_ses-headDown_T2w_seg-manual.nii.gz","666","9","",42.59355637003932,0.0,-2.167349384862439,0.0,17.460970579642648,0.0,6.752241608645684,0.0,6.958972583074885,0.0,7.834720796322554,0.0,3.36521833141682,0.0,3.3870232772288635,0.0,0.45918794373237387,0.0,3.077332264451406,0.0,0.9585677858558069,0.0,""
"2026-09-25 17:18:19","git-master-bddc7a050319718b5e4e0856afec0bc9ea96418f","C:\Users\marco\Desktop\ds004507\derivatives\labels\sub-006\ses-headDown\anat\sub-006_ses-headDown_T2w_seg-manual.nii.gz","667","9","",41.223569226124454,0.0,-2.255663287624267,0.0,17.519968174334252,0.0,6.608096992036683,0.0,6.809905067077055,0.0,7.698065343235019,0.0,3.3197868168929565,0.0,3.288310175143726,0.0,0.46543673296096016,0.0,0.4185370800028501,0.0,0.955284000420426,0.0,""
"2026-09-25 17:18:19","git-master-bddc7a050319718b5e4e0856afec0bc9ea96418f","C:\Users\marco\Desktop\ds004507\derivatives\labels\sub-006\ses-headDown\anat\sub-006_ses-headDown_T2w_seg-manual.nii.gz","668","9","",39.20509274892929,0.0,-2.3296305855043506,0.0,17.57732142713495,0.0,6.332137335028605,0.0,6.531391936541117,0.0,7.607993007565358,0.0,3.211086110328991,0.0,3.1210512246996136,0.0,0.5125447146992567,0.0,2.7499283681082223,0.0,0.9549382604919334,0.0,""
"2026-09-25 17:18:19","git-master-bddc7a050319718b5e4e0856afec0bc9ea96418f","C:\Users\marco\Desktop\ds004507\derivatives\labels\sub-006\ses-headDown\anat\sub-006_ses-headDown_T2w_seg-manual.nii.gz","669","9","",40.54624269030912,0.0,-2.3846941693700625,0.0,17.632512649831842,0.0,6.532648168488512,0.0,6.604205508559664,0.0,7.730334928968538,0.0,3.2852111463701488,0.0,3.2474370221183633,0.0,0.5197107811837796,0.0,3.8066143331202813,0.0,0.9620508146983661,0.0,""
"2026-09-25 17:18:19","git-master-bddc7a050319718b5e4e0856afec0bc9ea96418f","C:\Users\marco\Desktop\ds004507\derivatives\labels\sub-006\ses-headDown\anat\sub-006_ses-headDown_T2w_seg-manual.nii.gz","670","9","",41.50596249840737,0.0,-2.427375830735794,0.0,17.68629030260723,0.0,6.571510643897782,0.0,6.603986757784674,0.0,7.906205387850968,0.0,3.279272915216379,0.0,3.2922377286814033,0.0,0.5475076603560031,0.0,5.298230113132041,0.0,0.9618587058818282,0.0,""
"2026-09-25 17:18:19","git-master-bddc7a050319718b5e4e0856afec0bc9ea96418f","C:\Users\marco\Desktop\ds004507\derivatives\labels\sub-006\ses-headDown\anat\sub-006_ses-headDown_T2w_seg-manual.nii.gz","671","9","",41.75976414116742,0.0,-2.45767657110506,0.0,17.738655464481994,0.0,6.433675143757066,0.0,6.517954298756172,0.0,8.085345306837898,0.0,3.202658303376285,0.0,3.231016840380781,0.0,0.5914247627513024,0.0,7.013167945152083,0.0,0.9554224189969869,0.0,""
"2026-09-25 17:18:19","git-master-bddc7a050319718b5e4e0856afec0bc9ea96418f","C:\Users\marco\Desktop\ds004507\derivatives\labels\sub-006\ses-headDown\anat\sub-006_ses-headDown_T2w_seg-manual.nii.gz","672","9","",42.236474559288595,0.0,-2.4690832786605985,0.0,17.788869026788117,0.0,6.626830498257293,0.0,6.659695149502419,0.0,7.991061734941724,0.0,3.399609337057816,0.0,3.227221161199477,0.0,0.5517975850681232,0.0,5.407858745161754,0.0,0.9666957808088507,0.0,""
"2026-09-25 17:18:19","git-master-bddc7a050319718b5e4e0856afec0bc9ea96418f","C:\Users\marco\Desktop\ds004507\derivatives\labels\sub-006\ses-headDown\anat\sub-006_ses-headDown_T2w_seg-manual.nii.gz","673","9","",43.21926551167283,0.0,-2.4661576109193937,0.0,17.837454067264396,0.0,6.696577721801166,0.0,6.690554275442132,0.0,8.130040232362594,0.0,3.4446984668602463,0.0,3.2518792549409197,0.0,0.5665376203103787,0.0,3.8361348635888204,0.0,0.9668045937158793,0.0,""
"2026-09-25 17:18:19","git-master-bddc7a050319718b5e4e0856afec0bc9ea96418f","C:\Users\marco\Desktop\ds004507\derivatives\labels\sub-006\ses-headDown\anat\sub-006_ses-headDown_T2w_seg-manual.nii.gz","674","9","",43.81639123068193,0.0,-2.450853634010328,0.0,17.88463411716946,0.0,6.6297489431219025,0.0,6.657481251428203,0.0,8.281113226734153,0.0,3.386432032405695,0.0,3.243316910716207,0.0,0.5947140981200698,0.0,1.83197080965324,0.0,0.9662676778028285,0.0,""
"2026-09-25 17:18:19","git-master-bddc7a050319718b5e4e0856afec0bc9ea96418f","C:\Users\marco\Desktop\ds004507\derivatives\labels\sub-006\ses-headDown\anat\sub-006_ses-headDown_T2w_seg-manual.nii.gz","675","9","",42.84005669227524,0.0,-2.4205649191179974,0.0,17.930115352891825,0.0,6.35724548259948,0.0,6.589828069984779,0.0,8.192133390368983,0.0,3.240439953396403,0.0,3.1168055292030776,0.0,0.5940743181836625,0.0,-1.3163313778757786,0.0,0.9770494864612512,0.0,""
"2026-09-25 17:18:19","git-master-bddc7a050319718b5e4e0856afec0bc9ea96418f","C:\Users\marco\Desktop\ds004507\derivatives\labels\sub-006\ses-headDown\anat\sub-006_ses-headDown_T2w_seg-manual.nii.gz","676","9","",43.13771153917802,0.0,-2.3720304999385387,0.0,17.97353280667335,0.0,6.322454914786945,0.0,6.627795962828034,0.0,8.241329059331587,0.0,3.2081489896322353,0.0,3.11430592515471,0.0,0.5943376027369779,0.0,0.4831189362664392,0.0,0.9775561186780699,0.0,""
"2026-09-25 17:18:19","git-master-bddc7a050319718b5e4e0856afec0bc9ea96418f","C:\Users\marco\Desktop\ds004507\derivatives\labels\sub-006\ses-headDown\anat\sub-006_ses-headDown_T2w_seg-manual.nii.gz","677","9","",43.073174394450824,0.0,-2.3111121008009876,0.0,18.015552051603997,0.0,6.478852398235387,0.0,6.726187170577183,0.0,8.13979109953188,0.0,3.267628873352159,0.0,3.2112235248832284,0.0,0.5588018089172964,0.0,6.003841660181213,0.0,0.975403574919704,0.0,""
"2026-09-25 17:18:19","git-master-bddc7a050319718b5e4e0856afec0bc9ea96418f","C:\Users\marco\Desktop\ds004507\derivatives\labels\sub-006\ses-headDown\anat\sub-006_ses-headDown_T2w_seg-manual.nii.gz","678","9","",42.467755285807236,0.0,-2.2378084085711305,0.0,18.05617395863936,0.0,6.7911710894641395,0.0,6.872310505844917,0.0,7.863733947486855,0.0,3.403192249668827,0.0,3.3879788397953123,0.0,0.48601435128046266,0.0,13.80533659775808,0.0,0.9719675435804468,0.0,""
"2026-09-25 17:18:19","git-master-bddc7a050319718b5e4e0856afec0bc9ea96418f","C:\Users\marco\Desktop\ds004507\derivatives\labels\sub-006\ses-headDown\anat\sub-006_ses-headDown_T2w_seg-manual.nii.gz","679","9","",43.000344797593335,0.0,-2.1449419831183807,0.0,18.094593305854087,0.0,6.769413765399228,0.0,6.9637277237588835,0.0,7.867929685088777,0.0,3.3960348875881285,0.0,3.3733788778110987,0.0,0.4652294253451904,0.0,4.572754135334467,0.0,0.9695311901763515,0.0,""
"2026-09-25 17:18:19","git-master-bddc7a050319718b5e4e0856afec0bc9ea96418f","C:\Users\marco\Desktop\ds004507\derivatives\labels\sub-006\ses-headDown\anat\sub-006_ses-headDown_T2w_seg-manual.nii.gz","680","9","",43.674133163294826,0.0,-2.0383752032458404,0.0,18.131473647108116,0.0,6.785571072194436,0.0,7.03657917364959,0.0,7.923951832133493,0.0,3.48005185603698,0.0,3.3055192161574563,0.0,0.45979853009804783,0.0,-1.085351171834956,0.0,0.9583157970564268,0.0,""
"2026-09-25 17:18:19","git-master-bddc7a050319718b5e4e0856afec0bc9ea96418f","C:\Users\marco\Desktop\ds004507\derivatives\labels\sub-006\ses-headDown\anat\sub-006_ses-headDown_T2w_seg-manual.nii.gz","681","9","",44.73352885273982,0.0,-1.9225927086802346,0.0,18.166962554754047,0.0,6.797207384023472,0.0,7.061987173058304,0.0,8.111041911943767,0.0,3.56064908508927,0.0,3.2365582989342028,0.0,0.48605335296087415,0.0,-1.8214443335345982,0.0,0.94920500983279,0.0,""
"2026-09-25 17:18:19","git-master-bddc7a050319718b5e4e0856afec0bc9ea96418f","C:\Users\marco\Desktop\ds004507\derivatives\labels\sub-006\ses-headDown\anat\sub-006_ses-headDown_T2w_seg-manual.nii.gz","682","9","",46.72786260011973,0.0,-1.8006921984093878,0.0,18.200695599513896,0.0,6.735700576745226,0.0,6.974239599343306,0.0,8.609894289497747,0.0,3.487713147976868,0.0,3.247987428768359,0.0,0.5832375676436888,0.0,6.5914634114899435,0.0,0.9602036741371778,0.0,""
"2026-09-25 17:18:19","git-master-bddc7a050319718b5e4e0856afec0bc9ea96418f","C:\Users\marco\Desktop\ds004507\derivatives\labels\sub-006\ses-headDown\anat\sub-006_ses-headDown_T2w_seg-manual.nii.gz","683","9","",46.42379322804396,0.0,-1.6826494496858253,0.0,18.232456466934973,0.0,6.772829563476214,0.0,6.99655915498694,0.0,8.552104637407615,0.0,3.42063944027671,0.0,3.3521901231995037,0.0,0.5742971197290988,0.0,11.492558855272595,0.0,0.9674031143618148,0.0,""
"2026-09-25 17:18:19","git-master-bddc7a050319718b5e4e0856afec0bc9ea96418f","C:\Users\marco\Desktop\ds004507\derivatives\labels\sub-006\ses-headDown\anat\sub-006_ses-headDown_T2w_seg-manual.nii.gz","684","9","",45.477857885452735,0.0,-1.567323303289643,0.0,18.262831039978696,0.0,6.721111628168114,0.0,6.930142502634093,0.0,8.46835688227261,0.0,3.3483025551674035,0.0,3.3728090730007105,0.0,0.5739564183005454,0.0,13.213638780237194,0.0,0.967984747476648,0.0,""
"2026-09-25 17:18:19","git-master-bddc7a050319718b5e4e0856afec0bc9ea96418f","C:\Users\marco\Desktop\ds004507\derivatives\labels\sub-006\ses-headDown\anat\sub-006_ses-headDown_T2w_seg-manual.nii.gz","685","9","",44.29964669269405,0.0,-1.4547145490666804,0.0,18.291819968290042,0.0,6.5415512043958675,0.0,6.732956680715281,0.0,8.482620024797617,0.0,3.274611370506434,0.0,3.2669398338894333,0.0,0.6082427164390797,0.0,11.705740531681545,0.0,0.9611373957965043,0.0,""
"2026-09-25 17:18:19","git-master-bddc7a050319718b5e4e0856afec0bc9ea96418f","C:\Users\marco\Desktop\ds004507\derivatives\labels\sub-006\ses-headDown\anat\sub-006_ses-headDown_T2w_seg-manual.nii.gz","686","9","",44.53942384978329,0.0,-1.346542899442682,0.0,18.318551095913715,0.0,6.668084201003971,0.0,6.831098561472676,0.0,8.461288502103043,0.0,3.411980949760874,0.0,3.2561032512430965,0.0,0.5899035958520717,0.0,10.92533235915121,0.0,0.9597165068313286,0.0,""
"2026-09-25 17:18:19","git-master-bddc7a050319718b5e4e0856afec0bc9ea96418f","C:\Users\marco\Desktop\ds004507\derivatives\labels\sub-006\ses-headDown\anat\sub-006_ses-headDown_T2w_seg-manual.nii.gz","687","9","",45.23908991807967,0.0,-1.2412359557989054,0.0,18.34382745490168,0.0,6.759605019373099,0.0,6.921451923090302,0.0,8.475211427017518,0.0,3.440722292655844,0.0,3.3188827267172547,0.0,0.5770663977893393,0.0,7.7180156936836655,0.0,0.958396093603867,0.0,""
"2026-09-25 17:18:19","git-master-bddc7a050319718b5e4e0856afec0bc9ea96418f","C:\Users\marco\Desktop\ds004507\derivatives\labels\sub-006\ses-headDown\anat\sub-006_ses-headDown_T2w_seg-manual.nii.gz","688","9","",45.94777782470464,0.0,-1.138651106386138,0.0,18.367722384958718,0.0,6.776418612999528,0.0,6.952643069317556,0.0,8.539618702946782,0.0,3.405653442806741,0.0,3.370765170192787,0.0,0.5796473794855187,0.0,3.8983106441731072,0.0,0.9546484075158214,0.0,""
"2026-09-25 17:18:19","git-master-bddc7a050319718b5e4e0856afec0bc9ea96418f","C:\Users\marco\Desktop\ds004507\derivatives\labels\sub-006\ses-headDown\anat\sub-006_ses-headDown_T2w_seg-manual.nii.gz","689","9","",45.70321034420214,0.0,-1.0396493664122128,0.0,18.389801001624676,0.0,6.601446785914124,0.0,6.78923027302156,0.0,8.708781987623771,0.0,3.3754658396419575,0.0,3.2259809462721667,0.0,0.6255034549115077,0.0,3.0920224222315067,0.0,0.9420165846305885,0.0,""
"2026-09-25 17:18:19","git-master-bddc7a050319718b5e4e0856afec0bc9ea96418f","C:\Users\marco\Desktop\ds004507\derivatives\labels\sub-006\ses-headDown\anat\sub-006_ses-headDown_T2w_seg-manual.nii.gz","690","9","",45.67476820986821,0.0,-0.9443760488152447,0.0,18.409992677585578,0.0,6.389725934564879,0.0,6.608281950032236,0.0,8.924174364152114,0.0,3.297710250510492,0.0,3.0920156840543873,0.0,0.6702507729303736,0.0,2.944513147011323,0.0,0.9563367026701409,0.0,""
"2026-09-25 17:18:19","git-master-bddc7a050319718b5e4e0856afec0bc9ea96418f","C:\Users\marco\Desktop\ds004507\derivatives\labels\sub-006\ses-headDown\anat\sub-006_ses-headDown_T2w_seg-manual.nii.gz","691","9","",44.86640745809364,0.0,-0.8518281932942875,0.0,18.428806343318538,0.0,6.315222136282544,0.0,6.519248864363412,0.0,8.85297341423025,0.0,3.257220120454422,0.0,3.0580020158281216,0.0,0.6735889186642359,0.0,0.9955275679348783,0.0,0.9663472933424229,0.0,""
"2026-09-25 17:18:19","git-master-bddc7a050319718b5e4e0856afec0bc9ea96418f","C:\Users\marco\Desktop\ds004507\derivatives\labels\sub-006\ses-headDown\anat\sub-006_ses-headDown_T2w_seg-manual.nii.gz","692","9","",42.845271302535366,0.0,-0.7620061901833195,0.0,18.44624241789107,0.0,6.453660979956219,0.0,6.570467782479698,0.0,8.347313234315909,0.0,3.2872385323612145,0.0,3.1664224475950045,0.0,0.616779926041945,0.0,-3.808576632535751,0.0,0.9609690444145357,0.0,""
"2026-09-25 17:18:19","git-master-bddc7a050319718b5e4e0856afec0bc9ea96418f","C:\Users\marco\Desktop\ds004507\derivatives\labels\sub-006\ses-headDown\anat\sub-006_ses-headDown_T2w_seg-manual.nii.gz","693","8","",42.16182955097456,0.0,-0.6421524280606428,0.0,18.46750196085024,0.0,6.33444711196751,0.0,6.545448270075868,0.0,8.287815109994973,0.0,3.4016712274932104,0.0,2.932775884474299,0.0,0.6134061115406709,0.0,-0.004418774955988442,0.0,0.9878731343283582,0.0,""
"2026-09-25 17:18:19","git-master-bddc7a050319718b5e4e0856afec0bc9ea96418f","C:\Users\marco\Desktop\ds004507\derivatives\labels\sub-006\ses-headDown\anat\sub-006_ses-headDown_T2w_seg-manual.nii.gz","694","8","",43.38898240402503,0.0,-0.5584573844178934,0.0,18.480789165674395,0.0,6.514980490839459,0.0,6.740765288550022,0.0,8.268205943173902,0.0,3.3477550314542395,0.0,3.16722545938522,0.0,0.5784867604837777,0.0,-3.564156870152313,0.0,0.9683921450885833,0.0,""
"2026-09-25 17:18:19","git-master-bddc7a050319718b5e4e0856afec0bc9ea96418f","C:\Users\marco\Desktop\ds004507\derivatives\labels\sub-006\ses-headDown\anat\sub-006_ses-headDown_T2w_seg-manual.nii.gz","695","8","",44.96442497428942,0.0,-0.47783955700096153,0.0,18.492526143297383,0.0,6.705530706113376,0.0,6.869621754966649,0.0,8.381224012996338,0.0,3.376359880979239,0.0,3.329170825134138,0.0,0.572706275169957,0.0,-2.3582714909970184,0.0,0.963447013741602,0.0,""
"2026-09-25 17:18:19","git-master-bddc7a050319718b5e4e0856afec0bc9ea96418f","C:\Users\marco\Desktop\ds004507\derivatives\labels\sub-006\ses-headDown\anat\sub-006_ses-headDown_T2w_seg-manual.nii.gz","696","8","",46.21614428720546,0.0,-0.40029923498433384,0.0,18.50271325334236,0.0,6.823935889098755,0.0,6.933301181996146,0.0,8.521081846283579,0.0,3.4039222939662572,0.0,3.4200135951324975,0.0,0.5813216291079673,0.0,0.268586239260891,0.0,0.963923419938146,0.0,""
"2026-09-25 17:18:19","git-master-bddc7a050319718b5e4e0856afec0bc9ea96418f","C:\Users\marco\Desktop\ds004507\derivatives\labels\sub-006\ses-headDown\anat\sub-006_ses-headDown_T2w_seg-manual.nii.gz","697","8","",46.20828390679342,0.0,-0.32614455768707284,0.0,18.511195992544895,0.0,6.7525194686606165,0.0,6.9270114771788895,0.0,8.548238038775185,0.0,3.3179915674910965,0.0,3.4345279011695196,0.0,0.5859512261625444,0.0,-0.03818406552531112,0.0,0.9581098200741066,0.0,""
"2026-09-25 17:18:19","git-master-bddc7a050319718b5e4e0856afec0bc9ea96418f","C:\Users\marco\Desktop\ds004507\derivatives\labels\sub-006\ses-headDown\anat\sub-006_ses-headDown_T2w_seg-manual.nii.gz","698","8","",46.16816350978156,0.0,-0.2564535095445628,0.0,18.517432965017395,0.0,6.6177615285232685,0.0,6.796891367490968,0.0,8.680853264362206,0.0,3.3530172022100504,0.0,3.2647443263132176,0.0,0.6211226447815384,0.0,-2.1368094025130917,0.0,0.9557739922098563,0.0,""
"2026-09-25 17:18:19","git-master-bddc7a050319718b5e4e0856afec0bc9ea96418f","C:\Users\marco\Desktop\ds004507\derivatives\labels\sub-006\ses-headDown\anat\sub-006_ses-headDown_T2w_seg-manual.nii.gz","699","8","",45.97866528502886,0.0,-0.18984117538165945,0.0,18.522121535400196,0.0,6.6016889214910455,0.0,6.751383057031357,0.0,8.702214959218104,0.0,3.3800200487857346,0.0,3.221668872705311,0.0,0.6308553651753663,0.0,-2.6807001792831135,0.0,0.9550762226716312,0.0,""
"2026-09-25 17:18:19","git-master-bddc7a050319718b5e4e0856afec0bc9ea96418f","C:\Users\marco\Desktop\ds004507\derivatives\labels\sub-006\ses-headDown\anat\sub-006_ses-headDown_T2w_seg-manual.nii.gz","700","8","",45.39814789298593,0.0,-0.1263076943043752,0.0,18.52526184323985,0.0,6.621055605134342,0.0,6.765371805394204,0.0,8.589971110113446,0.0,3.380281267128358,0.0,3.2407743380059837,0.0,0.6155938653309153,0.0,-0.9752574830570344,0.0,0.954178652286716,0.0,""
"2026-09-25 17:18:19","git-master-bddc7a050319718b5e4e0856afec0bc9ea96418f","C:\Users\marco\Desktop\ds004507\derivatives\labels\sub-006\ses-headDown\anat\sub-006_ses-headDown_T2w_seg-manual.nii.gz","701","8","",43.84137221063894,0.0,-0.0664690605072547,0.0,18.526544447337734,0.0,6.4572239941294285,0.0,6.752688802490135,0.0,8.31314546789682,0.0,3.3293787848693532,0.0,3.127845209260075,0.0,0.5828446388998038,0.0,4.286368548897305,0.0,0.949133811235861,0.0,""
"2026-09-25 17:18:19","git-master-bddc7a050319718b5e4e0856afec0bc9ea96418f","C:\Users\marco\Desktop\ds004507\derivatives\labels\sub-006\ses-headDown\anat\sub-006_ses-headDown_T2w_seg-manual.nii.gz","702","8","",45.38314893059488,0.0,-0.010787401738581587,0.0,18.52573726215064,0.0,6.495968080138862,0.0,6.755929146580095,0.0,8.561109277936271,0.0,3.335665030968702,0.0,3.16030304917016,0.0,0.6127623073601733,0.0,3.371814334552113,0.0,0.9560854897180399,0.0,""
"2026-09-25 17:18:19","git-master-bddc7a050319718b5e4e0856afec0bc9ea96418f","C:\Users\marco\Desktop\ds004507\derivatives\labels\sub-006\ses-headDown\anat\sub-006_ses-headDown_T2w_seg-manual.nii.gz","703","8","",46.09032689210927,0.0,0.04181491160376195,0.0,18.52338201915162,0.0,6.54687648375305,0.0,6.686083816713643,0.0,8.750520100165115,0.0,3.3715882533486226,0.0,3.1752882304044276,0.0,0.6446810804205791,0.0,2.8028054883065305,0.0,0.9576957744156765,0.0,""
"2026-09-25 17:18:19","git-master-bddc7a050319718b5e4e0856afec0bc9ea96418f","C:\Users\marco\Desktop\ds004507\derivatives\labels\sub-006\ses-headDown\anat\sub-006_ses-headDown_T2w_seg-manual.nii.gz","704","8","",45.91173982000504,0.0,0.09133783488551374,0.0,18.519478637224733,0.0,6.583053561465523,0.0,6.59390066078515,0.0,8.812236335248901,0.0,3.4026960043364407,0.0,3.1803575571290823,0.0,0.6633632128901011,0.0,2.994642241942861,0.0,0.9531841772860915,0.0,""
"2026-09-25 17:18:19","git-master-bddc7a050319718b5e4e0856afec0bc9ea96418f","C:\Users\marco\Desktop\ds004507\derivatives\labels\sub-006\ses-headDown\anat\sub-006_ses-headDown_T2w_seg-manual.nii.gz","705","8","",47.4336869221497,0.0,0.13685747906277754,0.0,18.513562422444693,0.0,6.629631366231815,0.0,6.753353664922783,0.0,8.87440113716225,0.0,3.3055860151985734,0.0,3.3240453510332415,0.0,0.6487188534501425,0.0,0.9977678231521536,0.0,0.9515422423506756,0.0,""
"2026-09-25 17:18:19","git-master-bddc7a050319718b5e4e0856afec0bc9ea96418f","C:\Users\marco\Desktop\ds004507\derivatives\labels\sub-006\ses-headDown\anat\sub-006_ses-headDown_T2w_seg-manual.nii.gz","706","8","",46.108434816702676,0.0,0.17972227107836136,0.0,18.505145971705158,0.0,6.437549235376028,0.0,6.565877811744359,0.0,8.83701405097235,0.0,3.2303973164273145,0.0,3.207151918948713,0.0,0.668898006510449,0.0,1.1678776310859909,0.0,0.964351196508162,0.0,""
"2026-09-25 17:18:19","git-master-bddc7a050319718b5e4e0856afec0bc9ea96418f","C:\Users\marco\Desktop\ds004507\derivatives\labels\sub-006\ses-headDown\anat\sub-006_ses-headDown_T2w_seg-manual.nii.gz","707","8","",44.88676386614855,0.0,0.22113208009881613,0.0,18.494412674540794,0.0,6.39787096009839,0.0,6.491973620443959,0.0,8.691297855418915,0.0,3.2407391534186747,0.0,3.157131806679716,0.0,0.6631399419866153,0.0,0.7669993049659215,0.0,0.9692633290459983,0.0,""
"2026-09-25 17:18:19","git-master-bddc7a050319718b5e4e0856afec0bc9ea96418f","C:\Users\marco\Desktop\ds004507\derivatives\labels\sub-006\ses-headDown\anat\sub-006_ses-headDown_T2w_seg-manual.nii.gz","708","8","",44.57474864667102,0.0,0.2613735738819232,0.0,18.481226597045914,0.0,6.566539499375524,0.0,6.621462098533665,0.0,8.477828401275588,0.0,3.3290678633336657,0.0,3.237471636041858,0.0,0.6241592460174725,0.0,-0.6764951465627259,0.0,0.962778519550305,0.0,""
"2026-09-25 17:18:19","git-master-bddc7a050319718b5e4e0856afec0bc9ea96418f","C:\Users\marco\Desktop\ds004507\derivatives\labels\sub-006\ses-headDown\anat\sub-006_ses-headDown_T2w_seg-manual.nii.gz","709","8","",43.83455198380622,0.0,0.29997940151481167,0.0,18.464604854137917,0.0,6.3033795863861,0.0,6.418490164413787,0.0,8.588943970772485,0.0,3.235553891690039,0.0,3.067825694696061,0.0,0.6637757431797497,0.0,0.5143225140634973,0.0,0.978725981097062,0.0,""
"2026-09-25 17:18:19","git-master-bddc7a050319718b5e4e0856afec0bc9ea96418f","C:\Users\marco\Desktop\ds004507\derivatives\labels\sub-006\ses-headDown\anat\sub-006_ses-headDown_T2w_seg-manual.nii.gz","710","8","",43.63614743695538,0.0,0.3372416347886325,0.0,18.445158738784674,0.0,6.455682661559438,0.0,6.4831375642218605,0.0,8.47382108088626,0.0,3.3278738276192117,0.0,3.127808833940226,0.0,0.6423912752062175,0.0,-3.9405855362231783,0.0,0.9772226402572788,0.0,""
"2026-09-25 17:18:19","git-master-bddc7a050319718b5e4e0856afec0bc9ea96418f","C:\Users\marco\Desktop\ds004507\derivatives\labels\sub-006\ses-headDown\anat\sub-006_ses-headDown_T2w_seg-manual.nii.gz","711","8","",44.025317436077515,0.0,0.37333552488488386,0.0,18.423255227182068,0.0,6.605265898679417,0.0,6.574681318490991,0.0,8.44194337186745,0.0,3.403289989617244,0.0,3.201975909062173,0.0,0.626629040763915,0.0,-6.292813298751183,0.0,0.9689196891685321,0.0,""
"2026-09-25 17:18:19","git-master-bddc7a050319718b5e4e0856afec0bc9ea96418f","C:\Users\marco\Desktop\ds004507\derivatives\labels\sub-006\ses-headDown\anat\sub-006_ses-headDown_T2w_seg-manual.nii.gz","712","8","",45.02246125257758,0.0,0.4082610720222238,0.0,18.398893232395043,0.0,6.5189717829523515,0.0,6.5570336905368505,0.0,8.66651184081572,0.0,3.3470465391491384,0.0,3.1719252438032135,0.0,0.6537480318833069,0.0,-2.128689918411907,0.0,0.9600045540240033,0.0,""
"2026-09-25 17:18:19","git-master-bddc7a050319718b5e4e0856afec0bc9ea96418f","C:\Users\marco\Desktop\ds004507\derivatives\labels\sub-006\ses-headDown\anat\sub-006_ses-headDown_T2w_seg-manual.nii.gz","713","8","",45.30037666040884,0.0,0.44143411582912834,0.0,18.370839519172502,0.0,6.3497204981245305,0.0,6.407604580402799,0.0,8.892466750374506,0.0,3.214243318933183,0.0,3.135477179191348,0.0,0.692405664441516,0.0,4.371446681717163,0.0,0.9673877793845875,0.0,""
"2026-09-25 17:18:19","git-master-bddc7a050319718b5e4e0856afec0bc9ea96418f","C:\Users\marco\Desktop\ds004507\derivatives\labels\sub-006\ses-headDown\anat\sub-006_ses-headDown_T2w_seg-manual.nii.gz","714","8","",46.0726075100626,0.0,0.4733804228196186,0.0,18.340198205715698,0.0,6.526293991015663,0.0,6.615877799614628,0.0,8.789426199639086,0.0,3.3136176868165115,0.0,3.2126763041991513,0.0,0.6538601501204718,0.0,2.295806234772269,0.0,0.9672438139120122,0.0,""
"2026-09-25 17:18:19","git-master-bddc7a050319718b5e4e0856afec0bc9ea96418f","C:\Users\marco\Desktop\ds004507\derivatives\labels\sub-006\ses-headDown\anat\sub-006_ses-headDown_T2w_seg-manual.nii.gz","715","8","",47.092051264890024,0.0,0.5041584193224173,0.0,18.307090678311436,0.0,6.758810999036677,0.0,6.862464453421111,0.0,8.693871800616828,0.0,3.4414082055274005,0.0,3.3174027935092765,0.0,0.6131783084469882,0.0,-1.5313460218711703,0.0,0.9643304944554438,0.0,""
"2026-09-25 17:18:19","git-master-bddc7a050319718b5e4e0856afec0bc9ea96418f","C:\Users\marco\Desktop\ds004507\derivatives\labels\sub-006\ses-headDown\anat\sub-006_ses-headDown_T2w_seg-manual.nii.gz","716","8","",48.136326678759595,0.0,0.5337097006174782,0.0,18.27139170185177,0.0,6.762984611111495,0.0,6.831806990530494,0.0,8.943033780486408,0.0,3.396695052876886,0.0,3.3662895582346093,0.0,0.6452133262126333,0.0,-0.4608960318077038,0.0,0.9631287224656495,0.0,""
"2026-09-25 17:18:19","git-master-bddc7a050319718b5e4e0856afec0bc9ea96418f","C:\Users\marco\Desktop\ds004507\derivatives\labels\sub-006\ses-headDown\anat\sub-006_ses-headDown_T2w_seg-manual.nii.gz","717","8","",48.92784602284035,0.0,0.5615085695210353,0.0,18.231984517149463,0.0,6.524700850274633,0.0,6.743234129959707,0.0,9.229721364170437,0.0,3.2721997262680484,0.0,3.2525011240065846,0.0,0.6817183408609174,0.0,-0.010822897195241266,0.0,0.9631606847349002,0.0,""
"2026-09-25 17:18:19","git-master-bddc7a050319718b5e4e0856afec0bc9ea96418f","C:\Users\marco\Desktop\ds004507\derivatives\labels\sub-006\ses-headDown\anat\sub-006_ses-headDown_T2w_seg-manual.nii.gz","718","8","",48.63928540680457,0.0,0.5881391909632054,0.0,18.19010090455807,0.0,6.537117243272206,0.0,6.72922915173468,0.0,9.212758927895813,0.0,3.291618218260536,0.0,3.2454990250116706,0.0,0.6824684643892188,0.0,-1.5173969718918947,0.0,0.9577962552838475,0.0,""
"2026-09-25 17:18:19","git-master-bddc7a050319718b5e4e0856afec0bc9ea96418f","C:\Users\marco\Desktop\ds004507\derivatives\labels\sub-006\ses-headDown\anat\sub-006_ses-headDown_T2w_seg-manual.nii.gz","719","8","",47.536305298273014,0.0,0.6136015790172383,0.0,18.145738665073416,0.0,6.625150460633167,0.0,6.7089067422260005,0.0,9.050084245452116,0.0,3.365338295835856,0.0,3.2598121647973106,0.0,0.6710431506145039,0.0,-3.288731642934612,0.0,0.949985911721626,0.0,""
"2026-09-25 17:18:19","git-master-bddc7a050319718b5e4e0856afec0bc9ea96418f","C:\Users\marco\Desktop\ds004507\derivatives\labels\sub-006\ses-headDown\anat\sub-006_ses-headDown_T2w_seg-manual.nii.gz","720","8","",46.03776857743525,0.0,0.6377205204576191,0.0,18.09852260078086,0.0,6.460688296136949,0.0,6.531516736289408,0.0,9.022122651743919,0.0,3.329029313972467,0.0,3.131658982164482,0.0,0.6898073619649027,0.0,-2.305942747556743,0.0,0.945016949760762,0.0,""
"2026-09-25 17:18:19","git-master-bddc7a050319718b5e4e0856afec0bc9ea96418f","C:\Users\marco\Desktop\ds004507\derivatives\labels\sub-006\ses-headDown\anat\sub-006_ses-headDown_T2w_seg-manual.nii.gz","721","8","",47.3567411907398,0.0,0.6602040083015234,0.0,18.04782482958144,0.0,6.3852644713141675,0.0,6.596063511179987,0.0,9.198308301274709,0.0,3.229604245234879,0.0,3.1556602260792888,0.0,0.6969045963598305,0.0,0.4710460309817539,0.0,0.9650511221416147,0.0,""
"2026-09-25 17:18:19","git-master-bddc7a050319718b5e4e0856afec0bc9ea96418f","C:\Users\marco\Desktop\ds004507\derivatives\labels\sub-006\ses-headDown\anat\sub-006_ses-headDown_T2w_seg-manual.nii.gz","722","8","",47.82264780008933,0.0,0.6815193440646683,0.0,17.99463523314562,0.0,6.491923000333667,0.0,6.695622664121735,0.0,9.166222181980114,0.0,3.2929899649247227,0.0,3.198933035408945,0.0,0.6819955837319831,0.0,2.189411789667478,0.0,0.9651738007706319,0.0,""
"2026-09-25 17:18:19","git-master-bddc7a050319718b5e4e0856afec0bc9ea96418f","C:\Users\marco\Desktop\ds004507\derivatives\labels\sub-006\ses-headDown\anat\sub-006_ses-headDown_T2w_seg-manual.nii.gz","723","8","",47.33995297635313,0.0,0.7016665431585434,0.0,17.938951100993307,0.0,6.670954152197559,0.0,6.772486701291505,0.0,8.98029549357793,0.0,3.430318911969757,0.0,3.240635240227802,0.0,0.6567029485786297,0.0,2.821488820778597,0.0,0.9501110205312089,0.0,""
"2026-09-25 17:18:19","git-master-bddc7a050319718b5e4e0856afec0bc9ea96418f","C:\Users\marco\Desktop\ds004507\derivatives\labels\sub-006\ses-headDown\anat\sub-006_ses-headDown_T2w_seg-manual.nii.gz","724","8","",46.86778846980473,0.0,0.7203536014088731,0.0,17.88014341143142,0.0,6.559480192314612,0.0,6.723594589049701,0.0,8.943078597721053,0.0,3.2938757258635483,0.0,3.2656044664510637,0.0,0.6593675217468551,0.0,3.219525100397373,0.0,0.9492915768787438,0.0,""
"2026-09-25 17:18:19","git-master-bddc7a050319718b5e4e0856afec0bc9ea96418f","C:\Users\marco\Desktop\ds004507\derivatives\labels\sub-006\ses-headDown\anat\sub-006_ses-headDown_T2w_seg-manual.nii.gz","725","8","",46.40114887652027,0.0,0.7375221569148117,0.0,17.818078702493423,0.0,6.428805688988904,0.0,6.571440638619521,0.0,9.074762209122806,0.0,3.1998038083258318,0.0,3.2290018806630716,0.0,0.6886835683768028,0.0,1.061429370791271,0.0,0.9525921152438745,0.0,""
"2026-09-25 17:18:19","git-master-bddc7a050319718b5e4e0856afec0bc9ea96418f","C:\Users\marco\Desktop\ds004507\derivatives\labels\sub-006\ses-headDown\anat\sub-006_ses-headDown_T2w_seg-manual.nii.gz","726","8","",46.664928132930015,0.0,0.7535226576422278,0.0,17.753503386874772,0.0,6.509441438085229,0.0,6.569642770037294,0.0,9.143196162016144,0.0,3.2531712800572166,0.0,3.256270158028013,0.0,0.6951452170841838,0.0,0.4311898050136973,0.0,0.9557556147688903,0.0,""
"2026-09-25 17:18:19","git-master-bddc7a050319718b5e4e0856afec0bc9ea96418f","C:\Users\marco\Desktop\ds004507\derivatives\labels\sub-006\ses-headDown\anat\sub-006_ses-headDown_T2w_seg-manual.nii.gz","727","8","",47.44601802144171,0.0,0.7683551177648239,0.0,17.68641426390566,0.0,6.722900636539921,0.0,6.6955198360857,0.0,9.136674302755427,0.0,3.4105253653268277,0.0,3.3123752712130936,0.0,0.6799292599898012,0.0,1.8274000644694197,0.0,0.9573989861599136,0.0,""
"2026-09-25 17:18:19","git-master-bddc7a050319718b5e4e0856afec0bc9ea96418f","C:\Users\marco\Desktop\ds004507\derivatives\labels\sub-006\ses-headDown\anat\sub-006_ses-headDown_T2w_seg-manual.nii.gz","728","8","",46.46758883874716,0.0,0.7816107559487847,0.0,17.615923590285522,0.0,6.284898932881128,0.0,6.4576609917863355,0.0,9.313460493535061,0.0,3.26689339956755,0.0,3.018005533313578,0.0,0.7198431689537608,0.0,2.3623225596039665,0.0,0.9554727627812192,0.0,""
"2026-09-25 17:18:19","git-master-bddc7a050319718b5e4e0856afec0bc9ea96418f","C:\Users\marco\Desktop\ds004507\derivatives\labels\sub-006\ses-headDown\anat\sub-006_ses-headDown_T2w_seg-manual.nii.gz","729","8","",46.460180665302595,0.0,0.7934648082435914,0.0,17.542400077753395,0.0,6.187534316805508,0.0,6.394437179705581,0.0,9.408951916256862,0.0,3.161905036451782,0.0,3.025629280353726,0.0,0.7335269514339646,0.0,3.1100799499942475,0.0,0.9508608819465495,0.0,""
"2026-09-25 17:18:19","git-master-bddc7a050319718b5e4e0856afec0bc9ea96418f","C:\Users\marco\Desktop\ds004507\derivatives\labels\sub-006\ses-headDown\anat\sub-006_ses-headDown_T2w_seg-manual.nii.gz","730","8","",46.624127025540005,0.0,0.80415088861718,0.0,17.466343957949935,0.0,6.1391950822388495,0.0,6.377104940785528,0.0,9.478232900747166,0.0,3.1446201314836744,0.0,2.9945749507551747,0.0,0.7397670806313895,0.0,2.5871385648734653,0.0,0.9523525069769458,0.0,""
"2026-09-25 17:18:19","git-master-bddc7a050319718b5e4e0856afec0bc9ea96418f","C:\Users\marco\Desktop\ds004507\derivatives\labels\sub-006\ses-headDown\anat\sub-006_ses-headDown_T2w_seg-manual.nii.gz","731","8","",46.71525996093927,0.0,0.8136690080369999,0.0,17.38775156653537,0.0,6.039502566997008,0.0,6.359019157568043,0.0,9.546289475075984,0.0,3.230785634886094,0.0,2.8087169321109133,0.0,0.745840792688949,0.0,0.3220013680450454,0.0,0.9622233406802009,0.0,""
"2026-09-25 17:18:19","git-master-bddc7a050319718b5e4e0856afec0bc9ea96418f","C:\Users\marco\Desktop\ds004507\derivatives\labels\sub-006\ses-headDown\anat\sub-006_ses-headDown_T2w_seg-manual.nii.gz","732","8","",47.996401392966604,0.0,0.8214936125214903,0.0,17.305470593347646,0.0,6.205600844921147,0.0,6.431267846091541,0.0,9.646773652833891,0.0,3.282454496176368,0.0,2.9231463487447793,0.0,0.7453495430053425,0.0,-0.44694149779601217,0.0,0.955326492092347,0.0,""
"2026-09-25 17:18:19","git-master-bddc7a050319718b5e4e0856afec0bc9ea96418f","C:\Users\marco\Desktop\ds004507\derivatives\labels\sub-006\ses-headDown\anat\sub-006_ses-headDown_T2w_seg-manual.nii.gz","733","8","",48.33926126741271,0.0,0.8280335015017674,0.0,17.22038174312263,0.0,6.319470608636068,0.0,6.496987184965434,0.0,9.562936581391519,0.0,3.2867434124842307,0.0,3.032727196151837,0.0,0.7334634406378656,0.0,0.26120310041204886,0.0,0.964483045077844,0.0,""
"2026-09-25 17:18:19","git-master-bddc7a050319718b5e4e0856afec0bc9ea96418f","C:\Users\marco\Desktop\ds004507\derivatives\labels\sub-006\ses-headDown\anat\sub-006_ses-headDown_T2w_seg-manual.nii.gz","734","8","",48.91749421973616,0.0,0.8334054751183916,0.0,17.132735271570606,0.0,6.407728751634847,0.0,6.546042010813128,0.0,9.55576003793222,0.0,3.293109990879296,0.0,3.114618760755551,0.0,0.7282294890991372,0.0,1.6617718435020614,0.0,0.9674285535781405,0.0,""
"2026-09-25 17:18:19","git-master-bddc7a050319718b5e4e0856afec0bc9ea96418f","C:\Users\marco\Desktop\ds004507\derivatives\labels\sub-006\ses-headDown\anat\sub-006_ses-headDown_T2w_seg-manual.nii.gz","735","8","",50.62157359615321,0.0,0.8376095397711777,0.0,17.04252708300549,0.0,6.488267966710309,0.0,6.569654263129421,0.0,9.82506472244235,0.0,3.338495418097512,0.0,3.1497725486127965,0.0,0.7435658675097724,0.0,3.2226334800599172,0.0,0.9471407072987208,0.0,""
"2026-09-25 17:18:19","git-master-bddc7a050319718b5e4e0856afec0bc9ea96418f","C:\Users\marco\Desktop\ds004507\derivatives\labels\sub-006\ses-headDown\anat\sub-006_ses-headDown_T2w_seg-manual.nii.gz","736","7","",51.66261503120849,0.0,0.8408527816476107,0.0,16.91491013736439,0.0,6.583391212563959,0.0,6.631049417190109,0.0,9.879948542594251,0.0,3.415346387194412,0.0,3.168044825369547,0.0,0.7413103997048992,0.0,2.311118467582052,0.0,0.9514834857249487,0.0,""
"2026-09-25 17:18:19","git-master-bddc7a050319718b5e4e0856afec0bc9ea96418f","C:\Users\marco\Desktop\ds004507\derivatives\labels\sub-006\ses-headDown\anat\sub-006_ses-headDown_T2w_seg-manual.nii.gz","737","7","",52.46728743029164,0.0,0.8414278117468066,0.0,16.818156104454413,0.0,6.405642697883664,0.0,6.514666381397214,0.0,10.117378161795358,0.0,3.2948874639154595,0.0,3.1107552339682045,0.0,0.764590477966011,0.0,3.262979702606153,0.0,0.9707781482537475,0.0,""
"2026-09-25 17:18:19","git-master-bddc7a050319718b5e4e0856afec0bc9ea96418f","C:\Users\marco\Desktop\ds004507\derivatives\labels\sub-006\ses-headDown\anat\sub-006_ses-headDown_T2w_seg-manual.nii.gz","738","7","",53.40783627344972,0.0,0.8408880361583215,0.0,16.71892892238572,0.0,6.4674160953791064,0.0,6.552110353138094,0.0,10.229686455628102,0.0,3.357921928352511,0.0,3.109494167026596,0.0,0.7679177254993124,0.0,4.197728959703443,0.0,0.9722057548501709,0.0,""
"2026-09-25 17:18:19","git-master-bddc7a050319718b5e4e0856afec0bc9ea96418f","C:\Users\marco\Desktop\ds004507\derivatives\labels\sub-006\ses-headDown\anat\sub-006_ses-headDown_T2w_seg-manual.nii.gz","739","7","",54.561580247576,0.0,0.8392334537453807,0.0,16.61722464956739,0.0,6.648529307377079,0.0,6.662367897898143,0.0,10.308921965009755,0.0,3.513151584198721,0.0,3.1353777231783577,0.0,0.763051901970482,0.0,4.660591945984686,0.0,0.9646821482570084,0.0,""
"2026-09-25 17:18:19","git-master-bddc7a050319718b5e4e0856afec0bc9ea96418f","C:\Users\marco\Desktop\ds004507\derivatives\labels\sub-006\ses-headDown\anat\sub-006_ses-headDown_T2w_seg-manual.nii.gz","740","7","",56.11033201527202,0.0,0.8362411010968982,0.0,16.512540772985833,0.0,6.756522520966314,0.0,6.714177548154913,0.0,10.514157506701194,0.0,3.6146787163836,0.0,3.1418438045827135,0.0,0.7695219605653147,0.0,3.7385976800860528,0.0,0.962465602773363,0.0,""
"2026-09-25 17:18:19","git-master-bddc7a050319718b5e4e0856afec0bc9ea96418f","C:\Users\marco\Desktop\ds004507\derivatives\labels\sub-006\ses-headDown\anat\sub-006_ses-headDown_T2w_seg-manual.nii.gz","741","7","",55.00609481565085,0.0,0.8316880067130781,0.0,16.404366533781783,0.0,6.732950744064956,0.0,6.7389865393890185,0.0,10.312174071903023,0.0,3.514530827136322,0.0,3.2184199169286347,0.0,0.7565845258809333,0.0,3.0429256492742662,0.0,0.962702521158834,0.0,""
"2026-09-25 17:18:19","git-master-bddc7a050319718b5e4e0856afec0bc9ea96418f","C:\Users\marco\Desktop\ds004507\derivatives\labels\sub-006\ses-headDown\anat\sub-006_ses-headDown_T2w_seg-manual.nii.gz","742","7","",54.79745935156948,0.0,0.8260200879667631,0.0,16.29369089244757,0.0,6.748521427879628,0.0,6.819213644892902,0.0,10.226665909763895,0.0,3.5151352984477273,0.0,3.233386129431901,0.0,0.7452246715569877,0.0,1.6271707463082292,0.0,0.9641586132340422,0.0,""
"2026-09-25 17:18:19","git-master-bddc7a050319718b5e4e0856afec0bc9ea96418f","C:\Users\marco\Desktop\ds004507\derivatives\labels\sub-006\ses-headDown\anat\sub-006_ses-headDown_T2w_seg-manual.nii.gz","743","7","",55.91184788699228,0.0,0.8192373396619358,0.0,16.180509660202098,0.0,6.825827235570737,0.0,6.962509391826743,0.0,10.312735228489599,0.0,3.626964827797902,0.0,3.1988624077728347,0.0,0.7376739641919899,0.0,-0.02275899876405421,0.0,0.9660721489669747,0.0,""
"2026-09-25 17:18:19","git-master-bddc7a050319718b5e4e0856afec0bc9ea96418f","C:\Users\marco\Desktop\ds004507\derivatives\labels\sub-006\ses-headDown\anat\sub-006_ses-headDown_T2w_seg-manual.nii.gz","744","7","",57.36520330284829,0.0,0.8108938132496486,0.0,16.063808743866442,0.0,6.929716694894104,0.0,7.132358169859171,0.0,10.377301028166208,0.0,3.6104282180765135,0.0,3.3192884768175905,0.0,0.7263367297373621,0.0,1.954989701586542,0.0,0.9651070383449362,0.0,""
"2026-09-25 17:18:19","git-master-bddc7a050319718b5e4e0856afec0bc9ea96418f","C:\Users\marco\Desktop\ds004507\derivatives\labels\sub-006\ses-headDown\anat\sub-006_ses-headDown_T2w_seg-manual.nii.gz","745","7","",56.44727246706198,0.0,0.801212454716694,0.0,15.94407799657834,0.0,6.946589445402072,0.0,7.06672230459686,0.0,10.310662187639917,0.0,3.541025816278098,0.0,3.405563629123974,0.0,0.7281901235473557,0.0,1.716261144417477,0.0,0.9593043601678216,0.0,""
"2026-09-25 17:18:19","git-master-bddc7a050319718b5e4e0856afec0bc9ea96418f","C:\Users\marco\Desktop\ds004507\derivatives\labels\sub-006\ses-headDown\anat\sub-006_ses-headDown_T2w_seg-manual.nii.gz","746","7","",55.577469191314044,0.0,0.7904162229009314,0.0,15.821815793522392,0.0,6.926071439070491,0.0,7.003448205978936,0.0,10.237622952618445,0.0,3.488698639216894,0.0,3.4373727998535974,0.0,0.729366503174318,0.0,1.435977681310686,0.0,0.9562292497852176,0.0,""
"2026-09-25 17:18:19","git-master-bddc7a050319718b5e4e0856afec0bc9ea96418f","C:\Users\marco\Desktop\ds004507\derivatives\labels\sub-006\ses-headDown\anat\sub-006_ses-headDown_T2w_seg-manual.nii.gz","747","7","",56.105259766542474,0.0,0.7785051090141931,0.0,15.697017736938058,0.0,6.891578120681551,0.0,7.074935186932068,0.0,10.226807860217733,0.0,3.494200054538279,0.0,3.3973780661432715,0.0,0.7220863990158827,0.0,2.317812295818607,0.0,0.9603876232573955,0.0,""
"2026-09-25 17:18:19","git-master-bddc7a050319718b5e4e0856afec0bc9ea96418f","C:\Users\marco\Desktop\ds004507\derivatives\labels\sub-006\ses-headDown\anat\sub-006_ses-headDown_T2w_seg-manual.nii.gz","748","7","",54.79619842214376,0.0,0.7648101438173901,0.0,15.568144440313086,0.0,6.896898219552702,0.0,6.97554044496497,0.0,10.143189331293804,0.0,3.5676499335023832,0.0,3.3292482860503183,0.0,0.7259922541598017,0.0,2.0931927039502556,0.0,0.9505468408245958,0.0,""
"2026-09-25 17:18:19","git-master-bddc7a050319718b5e4e0856afec0bc9ea96418f","C:\Users\marco\Desktop\ds004507\derivatives\labels\sub-006\ses-headDown\anat\sub-006_ses-headDown_T2w_seg-manual.nii.gz","749","7","",54.58036960566473,0.0,0.7500002439356807,0.0,15.436712789308471,0.0,6.838545675252531,0.0,6.9017944725576585,0.0,10.181259698988574,0.0,3.5781353604760473,0.0,3.260410314776483,0.0,0.7349984363218591,0.0,2.024510756508449,0.0,0.9475613905049189,0.0,""
"2026-09-25 17:18:19","git-master-bddc7a050319718b5e4e0856afec0bc9ea96418f","C:\Users\marco\Desktop\ds004507\derivatives\labels\sub-006\ses-headDown\anat\sub-006_ses-headDown_T2w_seg-manual.nii.gz","750","7","",55.49294660459971,0.0,0.7340753974634613,0.0,15.302718197147154,0.0,6.775085774006959,0.0,6.851162204396324,0.0,10.34797866579166,0.0,3.549547012227993,0.0,3.2255387617789664,0.0,0.749070361665293,0.0,2.376616604579936,0.0,0.9503671838328722,0.0,""
"2026-09-25 17:18:19","git-master-bddc7a050319718b5e4e0856afec0bc9ea96418f","C:\Users\marco\Desktop\ds004507\derivatives\labels\sub-006\ses-headDown\anat\sub-006_ses-headDown_T2w_seg-manual.nii.gz","751","7","",57.822922499521276,0.0,0.7168125936525432,0.0,15.165639819399097,0.0,6.8109145596335665,0.0,6.823703263765307,0.0,10.68160341600602,0.0,3.5170733518975736,0.0,3.2938412077359924,0.0,0.7691589279202071,0.0,3.7103980792235243,0.0,0.9582071103000955,0.0,""
"2026-09-25 17:18:19","git-master-bddc7a050319718b5e4e0856afec0bc9ea96418f","C:\Users\marco\Desktop\ds004507\derivatives\labels\sub-006\ses-headDown\anat\sub-006_ses-headDown_T2w_seg-manual.nii.gz","752","7","",57.02007345147495,0.0,0.6979887956809195,0.0,15.024947475324694,0.0,6.902651888344717,0.0,6.865442667703369,0.0,10.448116773542422,0.0,3.5234151751495215,0.0,3.3792367131951964,0.0,0.7532210827892064,0.0,2.7648068384299673,0.0,0.9539646499574576,0.0,""
"2026-09-25 17:18:19","git-master-bddc7a050319718b5e4e0856afec0bc9ea96418f","C:\Users\marco\Desktop\ds004507\derivatives\labels\sub-006\ses-headDown\anat\sub-006_ses-headDown_T2w_seg-manual.nii.gz","753","7","",56.16915741747566,0.0,0.6780499759576449,0.0,14.881664385119434,0.0,6.894386805981773,0.0,6.8828754699342,0.0,10.29744688343027,0.0,3.580908928550768,0.0,3.3134778774310045,0.0,0.7437920938971141,0.0,2.555623164048205,0.0,0.9600588796473022,0.0,""
"2026-09-25 17:18:19","git-master-bddc7a050319718b5e4e0856afec0bc9ea96418f","C:\Users\marco\Desktop\ds004507\derivatives\labels\sub-006\ses-headDown\anat\sub-006_ses-headDown_T2w_seg-manual.nii.gz","754","7","",56.03445217571222,0.0,0.657138369907381,0.0,14.736305271612533,0.0,6.81099614698142,0.0,6.884742283301683,0.0,10.329587694633995,0.0,3.6688312040428452,0.0,3.1421649429385745,0.0,0.7455026705236791,0.0,3.309332289683122,0.0,0.9758609740002921,0.0,""
"2026-09-25 17:18:19","git-master-bddc7a050319718b5e4e0856afec0bc9ea96418f","C:\Users\marco\Desktop\ds004507\derivatives\labels\sub-006\ses-headDown\anat\sub-006_ses-headDown_T2w_seg-manual.nii.gz","755","7","",58.11686643830251,0.0,0.6356614176690425,0.0,14.590935251583817,0.0,6.957651872122428,0.0,7.01699173114542,0.0,10.494574755910781,0.0,3.6505051067080103,0.0,3.3071467654144175,0.0,0.7436018007225701,0.0,3.3690653351150766,0.0,0.9751789039580592,0.0,""
"2026-09-25 17:18:19","git-master-bddc7a050319718b5e4e0856afec0bc9ea96418f","C:\Users\marco\Desktop\ds004507\derivatives\labels\sub-006\ses-headDown\anat\sub-006_ses-headDown_T2w_seg-manual.nii.gz","756","7","",58.87596045186408,0.0,0.6145533746713748,0.0,14.448680934706003,0.0,7.030912495812014,0.0,7.116771925878546,0.0,10.555681875729217,0.0,3.6051620012116996,0.0,3.4257504946003143,0.0,0.7385183168468431,0.0,4.459139975742593,0.0,0.9679031547584646,0.0,""
"2026-09-25 17:18:19","git-master-bddc7a050319718b5e4e0856afec0bc9ea96418f","C:\Users\marco\Desktop\ds004507\derivatives\labels\sub-006\ses-headDown\anat\sub-006_ses-headDown_T2w_seg-manual.nii.gz","757","7","",60.087918716418635,0.0,0.5937527660285808,0.0,14.309032689927218,0.0,7.187648084123597,0.0,7.306482263761152,0.0,10.589016106980223,0.0,3.619698987457601,0.0,3.5679490966659966,0.0,0.7233692805170336,0.0,5.7952152739074565,0.0,0.9585880502396436,0.0,""
"2026-09-25 17:18:19","git-master-bddc7a050319718b5e4e0856afec0bc9ea96418f","C:\Users\marco\Desktop\ds004507\derivatives\labels\sub-006\ses-headDown\anat\sub-006_ses-headDown_T2w_seg-manual.nii.gz","758","7","",62.78982864875525,0.0,0.5732595983990926,0.0,14.171996952451876,0.0,7.5242836698337445,0.0,7.664114647509898,0.0,10.633773269206818,0.0,3.7490455755857854,0.0,3.775238094247959,0.0,0.6932124423607636,0.0,6.968879670637031,0.0,0.9495371752762019,0.0,""
"2026-09-25 17:18:19","git-master-bddc7a050319718b5e4e0856afec0bc9ea96418f","C:\Users\marco\Desktop\ds004507\derivatives\labels\sub-006\ses-headDown\anat\sub-006_ses-headDown_T2w_seg-manual.nii.gz","759","7","",63.10994275301754,0.0,0.5532583611965068,0.0,14.039165802910874,0.0,7.337003910572432,0.0,7.413913108755252,0.0,10.974344519819693,0.0,3.7431537300467324,0.0,3.5938501805256995,0.0,0.7358510107617631,0.0,3.9822655656238175,0.0,0.9399642278761436,0.0,""
"2026-09-25 17:18:19","git-master-bddc7a050319718b5e4e0856afec0bc9ea96418f","C:\Users\marco\Desktop\ds004507\derivatives\labels\sub-006\ses-headDown\anat\sub-006_ses-headDown_T2w_seg-manual.nii.gz","760","7","",63.08731572967364,0.0,0.5335645949251419,0.0,13.908977170735456,0.0,7.17772638800665,0.0,7.3432925494178445,0.0,11.077679040710507,0.0,3.693576765932228,0.0,3.4841496220744217,0.0,0.7486896119617942,0.0,2.22631911186848,0.0,0.9511121871860554,0.0,""
"2026-09-25 17:18:19","git-master-bddc7a050319718b5e4e0856afec0bc9ea96418f","C:\Users\marco\Desktop\ds004507\derivatives\labels\sub-006\ses-headDown\anat\sub-006_ses-headDown_T2w_seg-manual.nii.gz","761","7","",62.70590534371317,0.0,0.5141783049359988,0.0,13.781436638858477,0.0,7.069769698558689,0.0,7.342202077268895,0.0,11.036530459535422,0.0,3.6281264868789553,0.0,3.4416432116797337,0.0,0.7465972024819912,0.0,1.5974144106929136,0.0,0.9696958273121493,0.0,""
"2026-09-25 17:18:19","git-master-bddc7a050319718b5e4e0856afec0bc9ea96418f","C:\Users\marco\Desktop\ds004507\derivatives\labels\sub-006\ses-headDown\anat\sub-006_ses-headDown_T2w_seg-manual.nii.gz","762","7","",61.865078899594124,0.0,0.4951609961173245,0.0,13.65708387661876,0.0,7.065371482412238,0.0,7.226456103734295,0.0,10.988958685662354,0.0,3.5936894764451908,0.0,3.4716820059670472,0.0,0.7533517019244289,0.0,2.134433194992484,0.0,0.9732888778088441,0.0,""
"2026-09-25 17:18:19","git-master-bddc7a050319718b5e4e0856afec0bc9ea96418f","C:\Users\marco\Desktop\ds004507\derivatives\labels\sub-006\ses-headDown\anat\sub-006_ses-headDown_T2w_seg-manual.nii.gz","763","7","",62.189228818127326,0.0,0.4765741826789985,0.0,13.536468774363687,0.0,7.2335968034093625,0.0,7.3250453746965185,0.0,10.892125691590946,0.0,3.6991929306627545,0.0,3.5344038727466076,0.0,0.73984289640762,0.0,3.056883367575829,0.0,0.9651052394454819,0.0,""
"2026-09-25 17:18:19","git-master-bddc7a050319718b5e4e0856afec0bc9ea96418f","C:\Users\marco\Desktop\ds004507\derivatives\labels\sub-006\ses-headDown\anat\sub-006_ses-headDown_T2w_seg-manual.nii.gz","764","7","",62.707184250059555,0.0,0.45829487510507994,0.0,13.41853352936174,0.0,7.382719110004337,0.0,7.387502856728917,0.0,10.841452057313028,0.0,3.7943678245511876,0.0,3.5883512854531494,0.0,0.7318991987245344,0.0,2.9969005149078436,0.0,0.9562025253749331,0.0,""
"2026-09-25 17:18:19","git-master-bddc7a050319718b5e4e0856afec0bc9ea96418f","C:\Users\marco\Desktop\ds004507\derivatives\labels\sub-006\ses-headDown\anat\sub-006_ses-headDown_T2w_seg-manual.nii.gz","765","7","",63.12645542860156,0.0,0.440323077800058,0.0,13.303283063715664,0.0,7.438358679843389,0.0,7.358690255942925,0.0,10.868425832577723,0.0,3.8406053870255703,0.0,3.5977532928178184,0.0,0.7356677052242765,0.0,2.054660729389169,0.0,0.9514322050998189,0.0,""
"2026-09-25 17:18:19","git-master-bddc7a050319718b5e4e0856afec0bc9ea96418f","C:\Users\marco\Desktop\ds004507\derivatives\labels\sub-006\ses-headDown\anat\sub-006_ses-headDown_T2w_seg-manual.nii.gz","766","7","",62.66327460227111,0.0,0.4227818067068087,0.0,13.191804712773449,0.0,7.145963730349596,0.0,7.158244842433812,0.0,11.066554735887973,0.0,3.7565220165568394,0.0,3.3894417137927566,0.0,0.7622025812085038,0.0,2.199084978958758,0.0,0.9688454824829938,0.0,""
"2026-09-25 17:18:19","git-master-bddc7a050319718b5e4e0856afec0bc9ea96418f","C:\Users\marco\Desktop\ds004507\derivatives\labels\sub-006\ses-headDown\anat\sub-006_ses-headDown_T2w_seg-manual.nii.gz","767","7","",62.56912279757474,0.0,0.4056095697524686,0.0,13.083573238468599,0.0,7.075691656597352,0.0,7.10706392043351,0.0,11.063810849805714,0.0,3.655140459344541,0.0,3.4205511972528115,0.0,0.76637671468457,0.0,2.317240585583001,0.0,0.9772525659607111,0.0,""
"2026-09-25 17:18:19","git-master-bddc7a050319718b5e4e0856afec0bc9ea96418f","C:\Users\marco\Desktop\ds004507\derivatives\labels\sub-006\ses-headDown\anat\sub-006_ses-headDown_T2w_seg-manual.nii.gz","768","7","",63.17649511029765,0.0,0.38874486660603924,0.0,12.978053949185968,0.0,7.068414035807751,0.0,7.1310122554129,0.0,11.120585878472188,0.0,3.5727771581612253,0.0,3.495636877646526,0.0,0.7672304648793895,0.0,1.989873188035519,0.0,0.9770181589192821,0.0,""
"2026-09-25 17:18:19","git-master-bddc7a050319718b5e4e0856afec0bc9ea96418f","C:\Users\marco\Desktop\ds004507\derivatives\labels\sub-006\ses-headDown\anat\sub-006_ses-headDown_T2w_seg-manual.nii.gz","769","7","",64.74805816225599,0.0,0.3721877008400674,0.0,12.875251147919615,0.0,7.042725572321691,0.0,7.19725130118688,0.0,11.388155092493497,0.0,3.531721054105974,0.0,3.5110045182157172,0.0,0.774972877665554,0.0,0.9345611407270187,0.0,0.9673847087378641,0.0,""
"2026-09-25 17:18:19","git-master-bddc7a050319718b5e4e0856afec0bc9ea96418f","C:\Users\marco\Desktop\ds004507\derivatives\labels\sub-006\ses-headDown\anat\sub-006_ses-headDown_T2w_seg-manual.nii.gz","770","6","",66.52505202505832,0.0,0.3500981981467972,0.0,12.739895941330767,0.0,7.620642849947565,0.0,7.659310714652834,0.0,11.012108472766947,0.0,3.8691094474818186,0.0,3.7515334024657463,0.0,0.7184918772557195,0.0,2.9956332400944135,0.0,0.9658307669746297,0.0,""
"2026-09-25 17:18:19","git-master-bddc7a050319718b5e4e0856afec0bc9ea96418f","C:\Users\marco\Desktop\ds004507\derivatives\labels\sub-006\ses-headDown\anat\sub-006_ses-headDown_T2w_seg-manual.nii.gz","771","6","",65.96485001569762,0.0,0.3322541264665581,0.0,12.632116400755649,0.0,7.22772104240064,0.0,7.381322358287121,0.0,11.323103437585756,0.0,3.7390565543271626,0.0,3.488664488073478,0.0,0.7576645477565852,0.0,3.315979155202695,0.0,0.9557158351366469,0.0,""
"2026-09-25 17:18:19","git-master-bddc7a050319718b5e4e0856afec0bc9ea96418f","C:\Users\marco\Desktop\ds004507\derivatives\labels\sub-006\ses-headDown\anat\sub-006_ses-headDown_T2w_seg-manual.nii.gz","772","6","",66.13065951653225,0.0,0.3148611425566483,0.0,12.528363291646786,0.0,7.1080388594767605,0.0,7.320712409776936,0.0,11.527779193247905,0.0,3.6690226951601654,0.0,3.439016164316595,0.0,0.7723910866697448,0.0,1.0979191844416594,0.0,0.9525619764504782,0.0,""
"2026-09-25 17:18:19","git-master-bddc7a050319718b5e4e0856afec0bc9ea96418f","C:\Users\marco\Desktop\ds004507\derivatives\labels\sub-006\ses-headDown\anat\sub-006_ses-headDown_T2w_seg-manual.nii.gz","773","6","",66.4625708184861,0.0,0.2979192532193291,0.0,12.428645964115605,0.0,7.060898220738548,0.0,7.333577956860056,0.0,11.619863695951631,0.0,3.6183498646496686,0.0,3.44254835608888,0.0,0.7756819780014341,0.0,0.8870320106992772,0.0,0.9542310287662857,0.0,""
"2026-09-25 17:18:19","git-master-bddc7a050319718b5e4e0856afec0bc9ea96418f","C:\Users\marco\Desktop\ds004507\derivatives\labels\sub-006\ses-headDown\anat\sub-006_ses-headDown_T2w_seg-manual.nii.gz","774","6","",67.26601460061106,0.0,0.2814284648277726,0.0,12.332973383019558,0.0,7.243718187897449,0.0,7.490210185524929,0.0,11.556265998540729,0.0,3.69492122446386,0.0,3.548796963433589,0.0,0.7606233276568514,0.0,1.7891840834847899,0.0,0.9540356195528609,0.0,""
"2026-09-25 17:18:19","git-master-bddc7a050319718b5e4e0856afec0bc9ea96418f","C:\Users\marco\Desktop\ds004507\derivatives\labels\sub-006\ses-headDown\anat\sub-006_ses-headDown_T2w_seg-manual.nii.gz","775","6","",68.33059150952246,0.0,0.2653887833400453,0.0,12.241354133324474,0.0,7.633392079571454,0.0,7.743500312800912,0.0,11.403029015983567,0.0,3.8909206040708444,0.0,3.742471475500609,0.0,0.7339726724097887,0.0,2.2644105433748263,0.0,0.9498300098100602,0.0,""
"2026-09-25 17:18:19","git-master-bddc7a050319718b5e4e0856afec0bc9ea96418f","C:\Users\marco\Desktop\ds004507\derivatives\labels\sub-006\ses-headDown\anat\sub-006_ses-headDown_T2w_seg-manual.nii.gz","776","6","",67.54890173883469,0.0,0.24980021431309127,0.0,12.153796425466917,0.0,7.487644586042827,0.0,7.597345519548494,0.0,11.481282290852056,0.0,3.818592001539219,0.0,3.669052584503608,0.0,0.7497547888722633,0.0,4.920796146459506,0.0,0.9531009379812404,0.0,""
"2026-09-25 17:18:19","git-master-bddc7a050319718b5e4e0856afec0bc9ea96418f","C:\Users\marco\Desktop\ds004507\derivatives\labels\sub-006\ses-headDown\anat\sub-006_ses-headDown_T2w_seg-manual.nii.gz","777","6","",67.29246403646157,0.0,0.23477554418843533,0.0,12.071328418433891,0.0,7.44194541378347,0.0,7.582789314097338,0.0,11.45883221334388,0.0,3.797954717007885,0.0,3.643990696775585,0.0,0.7497317213398484,0.0,4.87776524369974,0.0,0.9587746026634928,0.0,""
"2026-09-25 17:18:19","git-master-bddc7a050319718b5e4e0856afec0bc9ea96418f","C:\Users\marco\Desktop\ds004507\derivatives\labels\sub-006\ses-headDown\anat\sub-006_ses-headDown_T2w_seg-manual.nii.gz","778","6","",66.78751802409175,0.0,0.2202019991506571,0.0,11.992941682217639,0.0,7.421436172230553,0.0,7.569197542327391,0.0,11.352605110198096,0.0,3.819020044081252,0.0,3.6024161281493017,0.0,0.7452582031092292,0.0,3.1366048401852358,0.0,0.9543444799759436,0.0,""
"2026-09-25 17:18:19","git-master-bddc7a050319718b5e4e0856afec0bc9ea96418f","C:\Users\marco\Desktop\ds004507\derivatives\labels\sub-006\ses-headDown\anat\sub-006_ses-headDown_T2w_seg-manual.nii.gz","779","6","",67.45727964390926,0.0,0.2060795831892301,0.0,11.918642832068922,0.0,7.496180326152511,0.0,7.634581908952395,0.0,11.34759383283933,0.0,3.874632535548707,0.0,3.6215477906038043,0.0,0.7398284288109099,0.0,1.3307214706930743,0.0,0.9559464311842988,0.0,""
"2026-09-25 17:18:19","git-master-bddc7a050319718b5e4e0856afec0bc9ea96418f","C:\Users\marco\Desktop\ds004507\derivatives\labels\sub-006\ses-headDown\anat\sub-006_ses-headDown_T2w_seg-manual.nii.gz","780","6","",68.35282673497223,0.0,0.19240829999495693,0.0,11.848438147265465,0.0,7.54279454404475,0.0,7.693948736312572,0.0,11.433830058645782,0.0,3.8938650305737146,0.0,3.6489295134710353,0.0,0.7396742308087904,0.0,0.2482024210042237,0.0,0.9568527002468568,0.0,""
"2026-09-25 17:18:19","git-master-bddc7a050319718b5e4e0856afec0bc9ea96418f","C:\Users\marco\Desktop\ds004507\derivatives\labels\sub-006\ses-headDown\anat\sub-006_ses-headDown_T2w_seg-manual.nii.gz","781","6","",68.41389207947172,0.0,0.17918815297159826,0.0,11.782333575329151,0.0,7.416953734534943,0.0,7.643903581549105,0.0,11.567744833457544,0.0,3.8337394526947794,0.0,3.5832142818401644,0.0,0.7502971380476966,0.0,0.1070018265299588,0.0,0.9529527297844022,0.0,""
"2026-09-25 17:18:19","git-master-bddc7a050319718b5e4e0856afec0bc9ea96418f","C:\Users\marco\Desktop\ds004507\derivatives\labels\sub-006\ses-headDown\anat\sub-006_ses-headDown_T2w_seg-manual.nii.gz","782","6","",68.72965644899045,0.0,0.16641914524750148,0.0,11.72033473624322,0.0,7.125896082788325,0.0,7.507255853778628,0.0,11.833529114084916,0.0,3.7709476078263986,0.0,3.3549484749619256,0.0,0.7730004349009122,0.0,0.8301267709382782,0.0,0.968233977050098,0.0,""
"2026-09-25 17:18:19","git-master-bddc7a050319718b5e4e0856afec0bc9ea96418f","C:\Users\marco\Desktop\ds004507\derivatives\labels\sub-006\ses-headDown\anat\sub-006_ses-headDown_T2w_seg-manual.nii.gz","783","6","",67.50674981796935,0.0,0.15421406622864825,0.0,11.663476630789253,0.0,7.120600502643534,0.0,7.540005885243838,0.0,11.554320856479137,0.0,3.6980147087678965,0.0,3.422585793875638,0.0,0.7575768833053422,0.0,-0.01428609910179146,0.0,0.9746730348487844,0.0,""
"2026-09-25 17:18:19","git-master-bddc7a050319718b5e4e0856afec0bc9ea96418f","C:\Users\marco\Desktop\ds004507\derivatives\labels\sub-006\ses-headDown\anat\sub-006_ses-headDown_T2w_seg-manual.nii.gz","784","6","",68.6316511255883,0.0,0.14246013337546984,0.0,11.610737341778371,0.0,7.486200694087029,0.0,7.730093155854841,0.0,11.462586630278953,0.0,3.994027788357756,0.0,3.492172905729273,0.0,0.7381610570260358,0.0,1.4396120995759323,0.0,0.9621688664611636,0.0,""
"2026-09-25 17:18:19","git-master-bddc7a050319718b5e4e0856afec0bc9ea96418f","C:\Users\marco\Desktop\ds004507\derivatives\labels\sub-006\ses-headDown\anat\sub-006_ses-headDown_T2w_seg-manual.nii.gz","785","6","",69.32361641630963,0.0,0.13115734877212962,0.0,11.56212108319177,0.0,7.68459582091346,0.0,7.814336990155613,0.0,11.440696768017252,0.0,4.070111816843566,0.0,3.614484004069893,0.0,0.7303904005412558,0.0,2.891447982386737,0.0,0.9561089461280149,0.0,""
"2026-09-25 17:18:19","git-master-bddc7a050319718b5e4e0856afec0bc9ea96418f","C:\Users\marco\Desktop\ds004507\derivatives\labels\sub-006\ses-headDown\anat\sub-006_ses-headDown_T2w_seg-manual.nii.gz","786","6","",69.33502019238777,0.0,0.12030571431097872,0.0,11.517631769800381,0.0,7.710278762825198,0.0,7.793765719458558,0.0,11.413922142517679,0.0,3.97186706903141,0.0,3.738411693793788,0.0,0.7305765613157772,0.0,4.028339100411848,0.0,0.9621559093545329,0.0,""
"2026-09-25 17:18:19","git-master-bddc7a050319718b5e4e0856afec0bc9ea96418f","C:\Users\marco\Desktop\ds004507\derivatives\labels\sub-006\ses-headDown\anat\sub-006_ses-headDown_T2w_seg-manual.nii.gz","787","6","",69.04892243979052,0.0,0.10990523170182709,0.0,11.477273019990392,0.0,7.728574355752897,0.0,7.768155280296106,0.0,11.327149052274624,0.0,3.917669693216612,0.0,3.8109046625362857,0.0,0.7277030139083788,0.0,4.633125764247562,0.0,0.9705356452548931,0.0,""
"2026-09-25 17:18:19","git-master-bddc7a050319718b5e4e0856afec0bc9ea96418f","C:\Users\marco\Desktop\ds004507\derivatives\labels\sub-006\ses-headDown\anat\sub-006_ses-headDown_T2w_seg-manual.nii.gz","788","6","",67.57663565412037,0.0,0.09995590248121447,0.0,11.44104815858876,0.0,7.713877632176056,0.0,7.770567812872293,0.0,11.12159410683323,0.0,3.836972280114493,0.0,3.876905352061563,0.0,0.7154226840793335,0.0,2.6926028678544047,0.0,0.9603253888968175,0.0,""
"2026-09-25 17:18:19","git-master-bddc7a050319718b5e4e0856afec0bc9ea96418f","C:\Users\marco\Desktop\ds004507\derivatives\labels\sub-006\ses-headDown\anat\sub-006_ses-headDown_T2w_seg-manual.nii.gz","789","6","",69.04368421981137,0.0,0.09057051716799626,0.0,11.409995477808627,0.0,7.678529823380919,0.0,7.7315308965964675,0.0,11.39446668719239,0.0,3.94674889549243,0.0,3.731780927888489,0.0,0.7343766834734052,0.0,3.512090870124591,0.0,0.9418353327744412,0.0,""
"2026-09-25 17:18:19","git-master-bddc7a050319718b5e4e0856afec0bc9ea96418f","C:\Users\marco\Desktop\ds004507\derivatives\labels\sub-006\ses-headDown\anat\sub-006_ses-headDown_T2w_seg-manual.nii.gz","790","6","",69.36038843124622,0.0,0.08163628844003659,0.0,11.383083829486742,0.0,7.6764689786133955,0.0,7.720383310551155,0.0,11.46272814634208,0.0,4.062230373699324,0.0,3.614238604914071,0.0,0.7391671299693096,0.0,2.012387223679168,0.0,0.9493357932030436,0.0,""
"2026-09-25 17:18:19","git-master-bddc7a050319718b5e4e0856afec0bc9ea96418f","C:\Users\marco\Desktop\ds004507\derivatives\labels\sub-006\ses-headDown\anat\sub-006_ses-headDown_T2w_seg-manual.nii.gz","791","6","",69.55312373466083,0.0,0.07315321720688418,0.0,11.360315259234767,0.0,7.699791004887247,0.0,7.773654581663206,0.0,11.404355548068825,0.0,4.031554686415578,0.0,3.66823631847167,0.0,0.7315451218519495,0.0,2.196968259735467,0.0,0.9560852548927744,0.0,""
"2026-09-25 17:18:19","git-master-bddc7a050319718b5e4e0856afec0bc9ea96418f","C:\Users\marco\Desktop\ds004507\derivatives\labels\sub-006\ses-headDown\anat\sub-006_ses-headDown_T2w_seg-manual.nii.gz","792","6","",69.61720459575737,0.0,0.06512130426954947,0.0,11.341691535622985,0.0,7.724655248386124,0.0,7.816095168771244,0.0,11.336528453247618,0.0,3.9244163364068316,0.0,3.8002389119792923,0.0,0.7243208010927433,0.0,3.6985890220522832,0.0,0.9548741449784107,0.0,""
"2026-09-25 17:18:19","git-master-bddc7a050319718b5e4e0856afec0bc9ea96418f","C:\Users\marco\Desktop\ds004507\derivatives\labels\sub-006\ses-headDown\anat\sub-006_ses-headDown_T2w_seg-manual.nii.gz","793","6","",69.56156142574568,0.0,0.0575405503274162,0.0,11.327214151462865,0.0,7.685423148973683,0.0,7.787285066009427,0.0,11.37121213814495,0.0,3.830770286045294,0.0,3.8546528629283894,0.0,0.7286169850927435,0.0,4.261493067844072,0.0,0.950962287467435,0.0,""
"2026-09-25 17:18:19","git-master-bddc7a050319718b5e4e0856afec0bc9ea96418f","C:\Users\marco\Desktop\ds004507\derivatives\labels\sub-006\ses-headDown\anat\sub-006_ses-headDown_T2w_seg-manual.nii.gz","794","6","",70.45341750738457,0.0,0.05041095598515305,0.0,11.316884325089648,0.0,7.448796894703714,0.0,7.768242406191217,0.0,11.570740812721802,0.0,3.6595358858310614,0.0,3.789261008872653,0.0,0.7411227984257566,0.0,2.223622268695053,0.0,0.9550163576881134,0.0,""
"2026-09-25 17:18:19","git-master-bddc7a050319718b5e4e0856afec0bc9ea96418f","C:\Users\marco\Desktop\ds004507\derivatives\labels\sub-006\ses-headDown\anat\sub-006_ses-headDown_T2w_seg-manual.nii.gz","795","6","",68.70056589679633,0.0,0.04384531194592003,0.0,11.311740295135793,0.0,7.174814069756722,0.0,7.5269490818906775,0.0,11.634795280097894,0.0,3.657806836567718,0.0,3.5170072331890037,0.0,0.7623854407173183,0.0,0.8685667185049539,0.0,0.9685673161641759,0.0,""
"2026-09-25 17:18:19","git-master-bddc7a050319718b5e4e0856afec0bc9ea96418f","C:\Users\marco\Desktop\ds004507\derivatives\labels\sub-006\ses-headDown\anat\sub-006_ses-headDown_T2w_seg-manual.nii.gz","796","6","",69.51614014980944,0.0,0.0377308286518648,0.0,11.310745439137762,0.0,7.513023172227338,0.0,7.698503693213719,0.0,11.505810471807193,0.0,3.9162435862538842,0.0,3.5967795859734535,0.0,0.7425806876541288,0.0,0.25122247650439034,0.0,0.9623315783461746,0.0,""
"2026-09-25 17:18:19","git-master-bddc7a050319718b5e4e0856afec0bc9ea96418f","C:\Users\marco\Desktop\ds004507\derivatives\labels\sub-006\ses-headDown\anat\sub-006_ses-headDown_T2w_seg-manual.nii.gz","797","6","",71.34363755917387,0.0,0.03206750639168961,0.0,11.31389975377541,0.0,7.709575021975098,0.0,7.842054202129371,0.0,11.580506300561451,0.0,3.9947903334918617,0.0,3.714784688483237,0.0,0.7357156167537531,0.0,0.2836106924476151,0.0,0.963176524920538,0.0,""
"2026-09-25 17:18:19","git-master-bddc7a050319718b5e4e0856afec0bc9ea96418f","C:\Users\marco\Desktop\ds004507\derivatives\labels\sub-006\ses-headDown\anat\sub-006_ses-headDown_T2w_seg-manual.nii.gz","798","6","",72.9429942746174,0.0,0.02525498153481957,0.0,11.320277476737235,0.0,7.709456187527409,0.0,7.892780086093718,0.0,11.76096694708316,0.0,3.909515453778099,0.0,3.799940733749311,0.0,0.7413636330132627,0.0,0.3947377741036181,0.0,0.9686856497239621,0.0,""
"2026-09-25 17:18:19","git-master-bddc7a050319718b5e4e0856afec0bc9ea96418f","C:\Users\marco\Desktop\ds004507\derivatives\labels\sub-006\ses-headDown\anat\sub-006_ses-headDown_T2w_seg-manual.nii.gz","799","6","",73.29671502152746,0.0,0.01489270815255641,0.0,11.328490019088404,0.0,7.680541785686626,0.0,7.877912974663984,0.0,11.848261209388207,0.0,3.823572546393785,0.0,3.856969239292842,0.0,0.7467464096845734,0.0,0.36093539896200305,0.0,0.9676539227820136,0.0,""
"2026-09-25 17:18:19","git-master-bddc7a050319718b5e4e0856afec0bc9ea96418f","C:\Users\marco\Desktop\ds004507\derivatives\labels\sub-006\ses-headDown\anat\sub-006_ses-headDown_T2w_seg-manual.nii.gz","800","6","",71.51600281963287,0.0,-0.0014198603607677694,0.0,11.337148897638748,0.0,7.53764828113715,0.0,7.632757286112635,0.0,11.936062852068531,0.0,3.7381614812954496,0.0,3.799486799841701,0.0,0.768815829049782,0.0,1.136200525938829,0.0,0.9605831533477321,0.0,""
"2026-09-25 17:18:19","git-master-bddc7a050319718b5e4e0856afec0bc9ea96418f","C:\Users\marco\Desktop\ds004507\derivatives\labels\sub-006\ses-headDown\anat\sub-006_ses-headDown_T2w_seg-manual.nii.gz","801","5","",71.15737448627243,0.0,-0.029920381950536156,0.0,11.348208909454387,0.0,7.294352555884034,0.0,7.496410082001415,0.0,12.099071249840382,0.0,3.736750832428962,0.0,3.557601723455072,0.0,0.7849291105731222,0.0,1.6918141508312021,0.0,0.9515241036659058,0.0,""
"2026-09-25 17:18:19","git-master-bddc7a050319718b5e4e0856afec0bc9ea96418f","C:\Users\marco\Desktop\ds004507\derivatives\labels\sub-006\ses-headDown\anat\sub-006_ses-headDown_T2w_seg-manual.nii.gz","802","5","",71.15501278090893,0.0,-0.05682027452805491,0.0,11.356639281262117,0.0,7.497001097572267,0.0,7.579938738828693,0.0,12.002373535594545,0.0,3.916619938159688,0.0,3.580381159412579,0.0,0.7752553522719865,0.0,1.5059395438631553,0.0,0.9530683496710085,0.0,""
"2026-09-25 17:18:19","git-master-bddc7a050319718b5e4e0856afec0bc9ea96418f","C:\Users\marco\Desktop\ds004507\derivatives\labels\sub-006\ses-headDown\anat\sub-006_ses-headDown_T2w_seg-manual.nii.gz","803","5","",71.30815377150438,0.0,-0.08762500841091801,0.0,11.365362355880658,0.0,7.633824907164599,0.0,7.722170798744307,0.0,11.842093891408457,0.0,3.9988525371261407,0.0,3.6349723700384593,0.0,0.7575715211645059,0.0,0.8061406277335502,0.0,0.9535879427721293,0.0,""
"2026-09-25 17:18:19","git-master-bddc7a050319718b5e4e0856afec0bc9ea96418f","C:\Users\marco\Desktop\ds004507\derivatives\labels\sub-006\ses-headDown\anat\sub-006_ses-headDown_T2w_seg-manual.nii.gz","804","5","",71.78359575776965,0.0,-0.1223345628976334,0.0,11.374378105826054,0.0,7.701330507403488,0.0,7.8760891332389615,0.0,11.710211373785844,0.0,3.998248992053753,0.0,3.703081515349735,0.0,0.7400171701387184,0.0,0.30611002871661896,0.0,0.9552042746988889,0.0,""
"2026-09-25 17:18:19","git-master-bddc7a050319718b5e4e0856afec0bc9ea96418f","C:\Users\marco\Desktop\ds004507\derivatives\labels\sub-006\ses-headDown\anat\sub-006_ses-headDown_T2w_seg-manual.nii.gz","805","5","",73.05944366065565,0.0,-0.1620645531087059,0.0,11.383770089014552,0.0,7.6716277911062,0.0,7.936221609070869,0.0,11.82770526393919,0.0,3.9253941012388585,0.0,3.7462336898673425,0.0,0.7414665444731384,0.0,1.7146130582220607,0.0,0.9631402059757346,0.0,""
"2026-09-25 17:18:19","git-master-bddc7a050319718b5e4e0856afec0bc9ea96418f","C:\Users\marco\Desktop\ds004507\derivatives\labels\sub-006\ses-headDown\anat\sub-006_ses-headDown_T2w_seg-manual.nii.gz","806","5","",72.85644333006441,0.0,-0.2070937529853353,0.0,11.39355909703311,0.0,7.605574183058318,0.0,7.923789686897064,0.0,11.851454815077856,0.0,3.852601361029836,0.0,3.752972822028482,0.0,0.7436251964361682,0.0,2.2638024541738435,0.0,0.9684506433897901,0.0,""
"2026-09-25 17:18:19","git-master-bddc7a050319718b5e4e0856afec0bc9ea96418f","C:\Users\marco\Desktop\ds004507\derivatives\labels\sub-006\ses-headDown\anat\sub-006_ses-headDown_T2w_seg-manual.nii.gz","807","5","",72.33340996140033,0.0,-0.25602751601960033,0.0,11.403640588553571,0.0,7.565755253606152,0.0,7.8883493249705285,0.0,11.840541922286219,0.0,3.8500006636948028,0.0,3.7157545899113495,0.0,0.7457592704009746,0.0,2.4195196713976603,0.0,0.9628837027656788,0.0,""
"2026-09-25 17:18:19","git-master-bddc7a050319718b5e4e0856afec0bc9ea96418f","C:\Users\marco\Desktop\ds004507\derivatives\labels\sub-006\ses-headDown\anat\sub-006_ses-headDown_T2w_seg-manual.nii.gz","808","5","",71.81191701563012,0.0,-0.3088657774862308,0.0,11.41401453271172,0.0,7.574279265669274,0.0,7.8489128795954874,0.0,11.804040140159035,0.0,3.9365364413573833,0.0,3.6377428243118906,0.0,0.7468645147026892,0.0,2.3072359239402496,0.0,0.9454849271660898,0.0,""
"2026-09-25 17:18:19","git-master-bddc7a050319718b5e4e0856afec0bc9ea96418f","C:\Users\marco\Desktop\ds004507\derivatives\labels\sub-006\ses-headDown\anat\sub-006_ses-headDown_T2w_seg-manual.nii.gz","809","5","",71.57303521452307,0.0,-0.3678393184586133,0.0,11.424847914142433,0.0,7.6771655507960475,0.0,7.942689915710179,0.0,11.631489089936515,0.0,3.976956454840426,0.0,3.700209095955621,0.0,0.7303090350978414,0.0,2.3782626504557522,0.0,0.963070557265821,0.0,""
"2026-09-25 17:18:19","git-master-bddc7a050319718b5e4e0856afec0bc9ea96418f","C:\Users\marco\Desktop\ds004507\derivatives\labels\sub-006\ses-headDown\anat\sub-006_ses-headDown_T2w_seg-manual.nii.gz","810","5","",71.67198184914767,0.0,-0.43099562610729597,0.0,11.435994447289723,0.0,7.71690851067378,0.0,7.9854731566251465,0.0,11.572708074211805,0.0,3.991763323863278,0.0,3.725145186810502,0.0,0.7237834015516984,0.0,2.7066318063571564,0.0,0.9664821223803368,0.0,""
"2026-09-25 17:18:19","git-master-bddc7a050319718b5e4e0856afec0bc9ea96418f","C:\Users\marco\Desktop\ds004507\derivatives\labels\sub-006\ses-headDown\anat\sub-006_ses-headDown_T2w_seg-manual.nii.gz","811","5","",72.2171056676046,0.0,-0.49805564137394687,0.0,11.447433213108969,0.0,7.723225220158571,0.0,7.992664772391767,0.0,11.635964026977856,0.0,3.97451683568221,0.0,3.7487083844763607,0.0,0.7265854543222537,0.0,3.1696368438057534,0.0,0.9633222592241817,0.0,""
"2026-09-25 17:18:19","git-master-bddc7a050319718b5e4e0856afec0bc9ea96418f","C:\Users\marco\Desktop\ds004507\derivatives\labels\sub-006\ses-headDown\anat\sub-006_ses-headDown_T2w_seg-manual.nii.gz","812","5","",73.51590187070305,0.0,-0.5698555363584318,0.0,11.459226764460377,0.0,7.730250800573017,0.0,7.976070740762098,0.0,11.8730722272266,0.0,3.9051568092743234,0.0,3.8250939912986928,0.0,0.740659739834745,0.0,3.6252372078993673,0.0,0.9629619363898952,0.0,""
"2026-09-25 17:18:19","git-master-bddc7a050319718b5e4e0856afec0bc9ea96418f","C:\Users\marco\Desktop\ds004507\derivatives\labels\sub-006\ses-headDown\anat\sub-006_ses-headDown_T2w_seg-manual.nii.gz","813","5","",73.70217067199734,0.0,-0.6472308373708826,0.0,11.471437563389465,0.0,7.7299556896952,0.0,7.963575175169061,0.0,11.931099219421128,0.0,3.894217039514025,0.0,3.8357386501811743,0.0,0.7446353235191182,0.0,3.100385807491732,0.0,0.9582795968365999,0.0,""
"2026-09-25 17:18:19","git-master-bddc7a050319718b5e4e0856afec0bc9ea96418f","C:\Users\marco\Desktop\ds004507\derivatives\labels\sub-006\ses-headDown\anat\sub-006_ses-headDown_T2w_seg-manual.nii.gz","814","5","",72.85799016131303,0.0,-0.7285082635383463,0.0,11.483940351203374,0.0,7.634565676659444,0.0,7.909658840184597,0.0,11.890246728586751,0.0,3.9286651387877765,0.0,3.7059005378716674,0.0,0.7466504069477591,0.0,2.795877008326283,0.0,0.9596577073394985,0.0,""
"2026-09-25 17:18:19","git-master-bddc7a050319718b5e4e0856afec0bc9ea96418f","C:\Users\marco\Desktop\ds004507\derivatives\labels\sub-006\ses-headDown\anat\sub-006_ses-headDown_T2w_seg-manual.nii.gz","815","5","",71.27174685929499,0.0,-0.8136874828258227,0.0,11.496735088893397,0.0,7.469393920134884,0.0,7.823077578056968,0.0,11.782327307511606,0.0,4.0053828856117555,0.0,3.464011034523129,0.0,0.7477603504086144,0.0,2.923648866255301,0.0,0.9673362368014073,0.0,""
"2026-09-25 17:18:19","git-master-bddc7a050319718b5e4e0856afec0bc9ea96418f","C:\Users\marco\Desktop\ds004507\derivatives\labels\sub-006\ses-headDown\anat\sub-006_ses-headDown_T2w_seg-manual.nii.gz","816","5","",71.78564837692768,0.0,-0.9047180211822435,0.0,11.509967607530838,0.0,7.648204457566659,0.0,7.875012576509038,0.0,11.795130576128114,0.0,4.106411145563055,0.0,3.5417933120036045,0.0,0.7444715576323424,0.0,3.381848886804493,0.0,0.9643234541447684,0.0,""
"2026-09-25 17:18:19","git-master-bddc7a050319718b5e4e0856afec0bc9ea96418f","C:\Users\marco\Desktop\ds004507\derivatives\labels\sub-006\ses-headDown\anat\sub-006_ses-headDown_T2w_seg-manual.nii.gz","817","5","",72.3058432185197,0.0,-1.0002051867293003,0.0,11.523533540554386,0.0,7.718051782785855,0.0,7.945999605996949,0.0,11.758956204977954,0.0,4.050396802656334,0.0,3.6676549801295213,0.0,0.7370568977033816,0.0,3.512391821573186,0.0,0.9631481871104481,0.0,""
"2026-09-25 17:18:19","git-master-bddc7a050319718b5e4e0856afec0bc9ea96418f","C:\Users\marco\Desktop\ds004507\derivatives\labels\sub-006\ses-headDown\anat\sub-006_ses-headDown_T2w_seg-manual.nii.gz","818","5","",72.74553747291094,0.0,-1.0995910834448577,0.0,11.537391150722637,0.0,7.734692809639993,0.0,8.011262162772818,0.0,11.716162603767199,0.0,3.9413018705751046,0.0,3.7933909390648886,0.0,0.7296838774558934,0.0,3.6497555449230825,0.0,0.9632341277021108,0.0,""
"2026-09-25 17:18:19","git-master-bddc7a050319718b5e4e0856afec0bc9ea96418f","C:\Users\marco\Desktop\ds004507\derivatives\labels\sub-006\ses-headDown\anat\sub-006_ses-headDown_T2w_seg-manual.nii.gz","819","5","",72.99493706116972,0.0,-1.20343173849778,0.0,11.551582037121255,0.0,7.73868265244372,0.0,8.044388179456748,0.0,11.707216973613178,0.0,3.8679224803815893,0.0,3.870760172062131,0.0,0.7265319007758881,0.0,4.130366727953372,0.0,0.9643653129594156,0.0,""
"2026-09-25 17:18:19","git-master-bddc7a050319718b5e4e0856afec0bc9ea96418f","C:\Users\marco\Desktop\ds004507\derivatives\labels\sub-006\ses-headDown\anat\sub-006_ses-headDown_T2w_seg-manual.nii.gz","820","5","",72.78387752411273,0.0,-1.3131162897423643,0.0,11.56621016043498,0.0,7.733269413188441,0.0,8.144362511110568,0.0,11.536420516211203,0.0,3.7875382412070477,0.0,3.945731171981393,0.0,0.7078435633044614,0.0,3.554277509492975,0.0,0.9746945294948479,0.0,""
"2026-09-25 17:18:19","git-master-bddc7a050319718b5e4e0856afec0bc9ea96418f","C:\Users\marco\Desktop\ds004507\derivatives\labels\sub-006\ses-headDown\anat\sub-006_ses-headDown_T2w_seg-manual.nii.gz","821","5","",73.45016081866589,0.0,-1.4266947353708896,0.0,11.581129663602226,0.0,7.858541653810407,0.0,8.173028864761505,0.0,11.585881845367405,0.0,3.875533914320982,0.0,3.9830077394894254,0.0,0.7083309967216642,0.0,2.6346877287290074,0.0,0.9735004029960673,0.0,""
"2026-09-25 17:18:19","git-master-bddc7a050319718b5e4e0856afec0bc9ea96418f","C:\Users\marco\Desktop\ds004507\derivatives\labels\sub-006\ses-headDown\anat\sub-006_ses-headDown_T2w_seg-manual.nii.gz","822","5","",74.96297339232227,0.0,-1.542902897160453,0.0,11.596340499210884,0.0,8.091855661525255,0.0,8.140721533880498,0.0,11.83610469547616,0.0,4.105509305421602,0.0,3.986346356103654,0.0,0.7258950891876136,0.0,1.7523167881639246,0.0,0.9613743680229201,0.0,""
"2026-09-25 17:18:19","git-master-bddc7a050319718b5e4e0856afec0bc9ea96418f","C:\Users\marco\Desktop\ds004507\derivatives\labels\sub-006\ses-headDown\anat\sub-006_ses-headDown_T2w_seg-manual.nii.gz","823","5","",76.48978288330954,0.0,-1.6562476882121242,0.0,11.611967372946673,0.0,8.241341935125398,0.0,8.1766003761729,0.0,11.984518984358699,0.0,4.248950900660427,0.0,3.992391034464972,0.0,0.7310759823837069,0.0,2.6022307362086172,0.0,0.9521427244117212,0.0,""
"2026-09-25 17:18:19","git-master-bddc7a050319718b5e4e0856afec0bc9ea96418f","C:\Users\marco\Desktop\ds004507\derivatives\labels\sub-006\ses-headDown\anat\sub-006_ses-headDown_T2w_seg-manual.nii.gz","824","5","",74.06574405981753,0.0,-1.7600012088730717,0.0,11.627947710029764,0.0,7.982783492355325,0.0,8.102006608689958,0.0,11.685281919521048,0.0,4.139172903907502,0.0,3.8436105884478238,0.0,0.7200902295467997,0.0,2.3025313105159295,0.0,0.9625988686657704,0.0,""
"2026-09-25 17:18:19","git-master-bddc7a050319718b5e4e0856afec0bc9ea96418f","C:\Users\marco\Desktop\ds004507\derivatives\labels\sub-006\ses-headDown\anat\sub-006_ses-headDown_T2w_seg-manual.nii.gz","825","5","",72.19656296274651,0.0,-1.855857632696695,0.0,11.64421905235121,0.0,7.719268414571215,0.0,8.021862881174055,0.0,11.495828088579023,0.0,3.9818773471814026,0.0,3.737391067389813,0.0,0.7158964475964753,0.0,1.1832639169679375,0.0,0.9730447383071762,0.0,""
"2026-09-25 17:18:19","git-master-bddc7a050319718b5e4e0856afec0bc9ea96418f","C:\Users\marco\Desktop\ds004507\derivatives\labels\sub-006\ses-headDown\anat\sub-006_ses-headDown_T2w_seg-manual.nii.gz","826","5","",73.98227207553202,0.0,-1.943254164179491,0.0,11.660802119926505,0.0,7.716489237851368,0.0,8.004419852712386,0.0,11.808457687623779,0.0,3.9030581543236713,0.0,3.813431083527697,0.0,0.7351361268156262,0.0,-0.7119198601590111,0.0,0.9704426599037557,0.0,""
"2026-09-25 17:18:19","git-master-bddc7a050319718b5e4e0856afec0bc9ea96418f","C:\Users\marco\Desktop\ds004507\derivatives\labels\sub-006\ses-headDown\anat\sub-006_ses-headDown_T2w_seg-manual.nii.gz","827","5","",73.80309494828795,0.0,-2.0182472755918974,0.0,11.677842151038918,0.0,7.721538308707753,0.0,8.087175949888534,0.0,11.713163219619616,0.0,3.8987975830276156,0.0,3.8227407256801373,0.0,0.7232321134163651,0.0,1.6431090277591818,0.0,0.9662895003312902,0.0,""
"2026-09-25 17:18:19","git-master-bddc7a050319718b5e4e0856afec0bc9ea96418f","C:\Users\marco\Desktop\ds004507\derivatives\labels\sub-006\ses-headDown\anat\sub-006_ses-headDown_T2w_seg-manual.nii.gz","828","5","",74.1018000796752,0.0,-2.0853497865734396,0.0,11.695172834754393,0.0,7.85967552512702,0.0,8.16056232147628,0.0,11.68330185292309,0.0,3.9505141932590577,0.0,3.9091613318679626,0.0,0.7156263376441835,0.0,1.751971518797404,0.0,0.9616156143427472,0.0,""
"2026-09-25 17:18:19","git-master-bddc7a050319718b5e4e0856afec0bc9ea96418f","C:\Users\marco\Desktop\ds004507\derivatives\labels\sub-006\ses-headDown\anat\sub-006_ses-headDown_T2w_seg-manual.nii.gz","829","5","",74.83862525369165,0.0,-2.144562575145046,0.0,11.712794114950144,0.0,8.08769595615574,0.0,8.228522410337158,0.0,11.714570280051378,0.0,4.031690291591579,0.0,4.056005664564161,0.0,0.7117520250250211,0.0,0.5351624299936759,0.0,0.9568570557436042,0.0,""
"2026-09-25 17:18:19","git-master-bddc7a050319718b5e4e0856afec0bc9ea96418f","C:\Users\marco\Desktop\ds004507\derivatives\labels\sub-006\ses-headDown\anat\sub-006_ses-headDown_T2w_seg-manual.nii.gz","830","5","",75.58407637610195,0.0,-2.1930702137271867,0.0,11.730809622825172,0.0,8.257678193805432,0.0,8.32158465522328,0.0,11.729373115780025,0.0,4.060649936823609,0.0,4.197028256981824,0.0,0.7047245969292989,0.0,1.9344517506791412,0.0,0.9533413468219836,0.0,""
"2026-09-25 17:18:19","git-master-bddc7a050319718b5e4e0856afec0bc9ea96418f","C:\Users\marco\Desktop\ds004507\derivatives\labels\sub-006\ses-headDown\anat\sub-006_ses-headDown_T2w_seg-manual.nii.gz","831","5","",74.53905333102165,0.0,-2.231438729625247,0.0,11.749198400103918,0.0,8.09889553158737,0.0,8.240326834368108,0.0,11.667124230934217,0.0,4.003708860776834,0.0,4.095186670810535,0.0,0.7079226194370117,0.0,1.31294171856136,0.0,0.9539674956566908,0.0,""
"2026-09-25 17:18:19","git-master-bddc7a050319718b5e4e0856afec0bc9ea96418f","C:\Users\marco\Desktop\ds004507\derivatives\labels\sub-006\ses-headDown\anat\sub-006_ses-headDown_T2w_seg-manual.nii.gz","832","5","",73.6015293426106,0.0,-2.261922257957928,0.0,11.767877390189769,0.0,7.881075928981744,0.0,8.139134396049549,0.0,11.65271824371624,0.0,3.923303854893844,0.0,3.9577720740878997,0.0,0.7155448842651702,0.0,0.13954899173141722,0.0,0.9598420769723348,0.0,""
"2026-09-25 17:18:19","git-master-bddc7a050319718b5e4e0856afec0bc9ea96418f","C:\Users\marco\Desktop\ds004507\derivatives\labels\sub-006\ses-headDown\anat\sub-006_ses-headDown_T2w_seg-manual.nii.gz","833","5","",73.60488778632914,0.0,-2.2845213524721535,0.0,11.786846533171488,0.0,7.713479993123505,0.0,8.082256037984797,0.0,11.746028495031753,0.0,3.8435169982132593,0.0,3.8699629949102454,0.0,0.7256308992322911,0.0,-1.019143021340741,0.0,0.9720911949685535,0.0,""
"2026-09-25 17:18:19","git-master-bddc7a050319718b5e4e0856afec0bc9ea96418f","C:\Users\marco\Desktop\ds004507\derivatives\labels\sub-006\ses-headDown\anat\sub-006_ses-headDown_T2w_seg-manual.nii.gz","834","4","",74.24491696684406,0.0,-2.297944330322987,0.0,11.813901196299481,0.0,7.832060707236117,0.0,7.963027781705027,0.0,12.041544808067766,0.0,3.869072339134187,0.0,3.9629883681019296,0.0,0.7501248832552173,0.0,4.58393506919094,0.0,0.9383149448345035,0.0,""
"2026-09-25 17:18:19","git-master-bddc7a050319718b5e4e0856afec0bc9ea96418f","C:\Users\marco\Desktop\ds004507\derivatives\labels\sub-006\ses-headDown\anat\sub-006_ses-headDown_T2w_seg-manual.nii.gz","835","4","",75.49446959466701,0.0,-2.2946255351811016,0.0,11.833919079682913,0.0,8.05045631760334,0.0,8.054661113531333,0.0,12.09295120078184,0.0,4.078613847913546,0.0,3.971842469689794,0.0,0.7458924404678245,0.0,2.706608903128886,0.0,0.9461451345880676,0.0,""
"2026-09-25 17:18:19","git-master-bddc7a050319718b5e4e0856afec0bc9ea96418f","C:\Users\marco\Desktop\ds004507\derivatives\labels\sub-006\ses-headDown\anat\sub-006_ses-headDown_T2w_seg-manual.nii.gz","836","4","",74.6954848782797,0.0,-2.2832984827797387,0.0,11.854231180388194,0.0,8.043337514519868,0.0,8.08496530596279,0.0,11.920351110248898,0.0,4.090995139221075,0.0,3.9523423752987927,0.0,0.7344582040108282,0.0,1.4964026474482262,0.0,0.9548474297126258,0.0,""
"2026-09-25 17:18:19","git-master-bddc7a050319718b5e4e0856afec0bc9ea96418f","C:\Users\marco\Desktop\ds004507\derivatives\labels\sub-006\ses-headDown\anat\sub-006_ses-headDown_T2w_seg-manual.nii.gz","837","4","",72.7394701890813,0.0,-2.263962892000096,0.0,11.87483742697539,0.0,7.889076624539209,0.0,8.024213941490418,0.0,11.686331227858119,0.0,3.9877375290624695,0.0,3.9013390954767395,0.0,0.7268306143393708,0.0,1.3755682771900328,0.0,0.9621311620693475,0.0,""
"2026-09-25 17:18:19","git-master-bddc7a050319718b5e4e0856afec0bc9ea96418f","C:\Users\marco\Desktop\ds004507\derivatives\labels\sub-006\ses-headDown\anat\sub-006_ses-headDown_T2w_seg-manual.nii.gz","838","4","",71.1944750576174,0.0,-2.2346160425834305,0.0,11.89581120708178,0.0,7.7141638062568765,0.0,7.787713094411211,0.0,11.714258879372492,0.0,3.909767367083063,0.0,3.804396439173814,0.0,0.7468955840980505,0.0,3.496140378378823,0.0,0.9628694656770429,0.0,""
"2026-09-25 17:18:19","git-master-bddc7a050319718b5e4e0856afec0bc9ea96418f","C:\Users\marco\Desktop\ds004507\derivatives\labels\sub-006\ses-headDown\anat\sub-006_ses-headDown_T2w_seg-manual.nii.gz","839","4","",73.75323158987717,0.0,-2.194254999498565,0.0,11.917189005061868,0.0,7.918687024976843,0.0,8.019632144608062,0.0,11.762424125899578,0.0,3.9938031208597495,0.0,3.924883904117093,0.0,0.7312507926077706,0.0,3.1571382048048884,0.0,0.9516879296684961,0.0,""
"2026-09-25 17:18:19","git-master-bddc7a050319718b5e4e0856afec0bc9ea96418f","C:\Users\marco\Desktop\ds004507\derivatives\labels\sub-006\ses-headDown\anat\sub-006_ses-headDown_T2w_seg-manual.nii.gz","840","4","",76.47668289803727,0.0,-2.1458822623779366,0.0,11.938860483618186,0.0,8.095063432356023,0.0,8.25913793467376,0.0,11.837652356081714,0.0,4.05682690401921,0.0,4.038236528336812,0.0,0.716388105559148,0.0,1.8071635832396753,0.0,0.9485321371545447,0.0,""
"2026-09-25 17:18:19","git-master-bddc7a050319718b5e4e0856afec0bc9ea96418f","C:\Users\marco\Desktop\ds004507\derivatives\labels\sub-006\ses-headDown\anat\sub-006_ses-headDown_T2w_seg-manual.nii.gz","841","4","",78.14917828032715,0.0,-2.0894970910853727,0.0,11.960825566796386,0.0,8.125513663072374,0.0,8.371737835376484,0.0,11.933544518181687,0.0,4.057991644423648,0.0,4.0675220186487255,0.0,0.7125314685891053,0.0,0.06364104150699672,0.0,0.9574359818893934,0.0,""
"2026-09-25 17:18:19","git-master-bddc7a050319718b5e4e0856afec0bc9ea96418f","C:\Users\marco\Desktop\ds004507\derivatives\labels\sub-006\ses-headDown\anat\sub-006_ses-headDown_T2w_seg-manual.nii.gz","842","4","",75.35038901541198,0.0,-2.021090296893041,0.0,11.98323078650298,0.0,7.764742317702567,0.0,8.047594262262352,0.0,11.95003597033925,0.0,4.023394155060861,0.0,3.7413481626417067,0.0,0.7389003962905595,0.0,1.4904232120648135,0.0,0.9683536547532557,0.0,""
"2026-09-25 17:18:19","git-master-bddc7a050319718b5e4e0856afec0bc9ea96418f","C:\Users\marco\Desktop\ds004507\derivatives\labels\sub-006\ses-headDown\anat\sub-006_ses-headDown_T2w_seg-manual.nii.gz","843","4","",72.71388246220693,0.0,-1.9436643618748726,0.0,12.005965870911325,0.0,7.671487105697846,0.0,7.909973136460212,0.0,11.720128765227594,0.0,3.9256355995500125,0.0,3.7458515061478335,0.0,0.7375834323239582,0.0,1.2165196171296988,0.0,0.9678581055705732,0.0,""
"2026-09-25 17:18:19","git-master-bddc7a050319718b5e4e0856afec0bc9ea96418f","C:\Users\marco\Desktop\ds004507\derivatives\labels\sub-006\ses-headDown\anat\sub-006_ses-headDown_T2w_seg-manual.nii.gz","844","4","",72.19198429774059,0.0,-1.8582200084507159,0.0,12.028994060091968,0.0,7.714906471363105,0.0,7.921993844921865,0.0,11.613354772661484,0.0,3.861866955924821,0.0,3.853039515438284,0.0,0.7310593469540023,0.0,0.6534458806418928,0.0,0.9619647296297904,0.0,""
"2026-09-25 17:18:19","git-master-bddc7a050319718b5e4e0856afec0bc9ea96418f","C:\Users\marco\Desktop\ds004507\derivatives\labels\sub-006\ses-headDown\anat\sub-006_ses-headDown_T2w_seg-manual.nii.gz","845","4","",76.26567229622626,0.0,-1.7637533544389206,0.0,12.052351870308527,0.0,7.798327503420737,0.0,8.084186233165061,0.0,12.030029165592067,0.0,3.937736680190416,0.0,3.8605908232303205,0.0,0.7405051300945535,0.0,1.1404250911534506,0.0,0.955339465529827,0.0,""
"2026-09-25 17:18:19","git-master-bddc7a050319718b5e4e0856afec0bc9ea96418f","C:\Users\marco\Desktop\ds004507\derivatives\labels\sub-006\ses-headDown\anat\sub-006_ses-headDown_T2w_seg-manual.nii.gz","846","4","",76.81244258068399,0.0,-1.6572526616732335,0.0,12.076148842319627,0.0,7.936879000732885,0.0,8.099991279664119,0.0,12.033030274121014,0.0,4.001312900072954,0.0,3.9355661006599307,0.0,0.7395049101114631,0.0,0.8187257045520733,0.0,0.9616314813483191,0.0,""
"2026-09-25 17:18:19","git-master-bddc7a050319718b5e4e0856afec0bc9ea96418f","C:\Users\marco\Desktop\ds004507\derivatives\labels\sub-006\ses-headDown\anat\sub-006_ses-headDown_T2w_seg-manual.nii.gz","847","4","",76.51373526878528,0.0,-1.5500010363234635,0.0,12.10030761098186,0.0,8.093105919553961,0.0,8.127603152681921,0.0,11.914525237078825,0.0,4.116094210310497,0.0,3.9770117092434654,0.0,0.7309639444065855,0.0,0.6491870358588078,0.0,0.9682604839731408,0.0,""
"2026-09-25 17:18:19","git-master-bddc7a050319718b5e4e0856afec0bc9ea96418f","C:\Users\marco\Desktop\ds004507\derivatives\labels\sub-006\ses-headDown\anat\sub-006_ses-headDown_T2w_seg-manual.nii.gz","848","4","",75.74211342373168,0.0,-1.4451161133276185,0.0,12.12485773530431,0.0,8.228832620250824,0.0,8.167654396322375,0.0,11.743248407241802,0.0,4.222608768560716,0.0,4.006223851690109,0.0,0.71850362977596,0.0,0.19307122141483446,0.0,0.9715386776772916,0.0,""
"2026-09-25 17:18:19","git-master-bddc7a050319718b5e4e0856afec0bc9ea96418f","C:\Users\marco\Desktop\ds004507\derivatives\labels\sub-006\ses-headDown\anat\sub-006_ses-headDown_T2w_seg-manual.nii.gz","849","4","",74.96970978435297,0.0,-1.352060505950011,0.0,12.150027230821904,0.0,8.190139531215257,0.0,8.162952111970991,0.0,11.692026898710768,0.0,4.037431173913717,0.0,4.152708357301539,0.0,0.7159323389435718,0.0,-2.874243156519222,0.0,0.9598734159130199,0.0,""
"2026-09-25 17:18:19","git-master-bddc7a050319718b5e4e0856afec0bc9ea96418f","C:\Users\marco\Desktop\ds004507\derivatives\labels\sub-006\ses-headDown\anat\sub-006_ses-headDown_T2w_seg-manual.nii.gz","850","4","",73.62189304524765,0.0,-1.2697631058571115,0.0,12.17575933293734,0.0,7.907067951827782,0.0,7.958386818643166,0.0,11.740146077574819,0.0,3.9243153726262485,0.0,3.982752579201534,0.0,0.7346570572983415,0.0,-0.5740549556794443,0.0,0.9679917236014555,0.0,""
"2026-09-25 17:18:19","git-master-bddc7a050319718b5e4e0856afec0bc9ea96418f","C:\Users\marco\Desktop\ds004507\derivatives\labels\sub-006\ses-headDown\anat\sub-006_ses-headDown_T2w_seg-manual.nii.gz","851","4","",73.07781195379687,0.0,-1.1960738781161386,0.0,12.201941283617135,0.0,7.686366314784787,0.0,7.811208289047253,0.0,11.820524284607524,0.0,3.8633654134994893,0.0,3.823000901285298,0.0,0.7505428790586858,0.0,1.3827139803325799,0.0,0.9739063413337562,0.0,""
"2026-09-25 17:18:19","git-master-bddc7a050319718b5e4e0856afec0bc9ea96418f","C:\Users\marco\Desktop\ds004507\derivatives\labels\sub-006\ses-headDown\anat\sub-006_ses-headDown_T2w_seg-manual.nii.gz","852","4","",74.09590618646212,0.0,-1.1309937866415884,0.0,12.228572940832942,0.0,7.682758260861869,0.0,7.851782825731094,0.0,11.904833406760433,0.0,3.851291141017289,0.0,3.8314671198445795,0.0,0.7516643818581136,0.0,0.21361085480879843,0.0,0.9667989417989418,0.0,""
"2026-09-25 17:18:19","git-master-bddc7a050319718b5e4e0856afec0bc9ea96418f","C:\Users\marco\Desktop\ds004507\derivatives\labels\sub-006\ses-headDown\anat\sub-006_ses-headDown_T2w_seg-manual.nii.gz","853","4","",74.83582087263403,0.0,-1.0799065966465664,0.0,12.255934735616238,0.0,7.935695671627918,0.0,8.030588124840323,0.0,11.791900253431725,0.0,3.949652667143898,0.0,3.9860430044840194,0.0,0.731961491937485,0.0,-0.27878279969927294,0.0,0.9617279350602624,0.0,""
"2026-09-25 17:18:19","git-master-bddc7a050319718b5e4e0856afec0bc9ea96418f","C:\Users\marco\Desktop\ds004507\derivatives\labels\sub-006\ses-headDown\anat\sub-006_ses-headDown_T2w_seg-manual.nii.gz","854","4","",75.27321566807666,0.0,-1.0374317496423422,0.0,12.283745442219889,0.0,8.057102551618382,0.0,8.037988858241496,0.0,11.860169016345997,0.0,4.0063457185248215,0.0,4.05075683309356,0.0,0.7349774717430457,0.0,-0.33604476926583343,0.0,0.9581470063933939,0.0,""
"2026-09-25 17:18:19","git-master-bddc7a050319718b5e4e0856afec0bc9ea96418f","C:\Users\marco\Desktop\ds004507\derivatives\labels\sub-006\ses-headDown\anat\sub-006_ses-headDown_T2w_seg-manual.nii.gz","855","4","",74.99481084482687,0.0,-1.0035695760253927,0.0,12.312004904556526,0.0,8.01882753618823,0.0,7.926567748724116,0.0,11.963237074010289,0.0,4.023670407681646,0.0,3.995157128506584,0.0,0.7490009844209066,0.0,-0.1079540095544165,0.0,0.9583508715854413,0.0,""
"2026-09-25 17:18:19","git-master-bddc7a050319718b5e4e0856afec0bc9ea96418f","C:\Users\marco\Desktop\ds004507\derivatives\labels\sub-006\ses-headDown\anat\sub-006_ses-headDown_T2w_seg-manual.nii.gz","856","4","",72.96065706495514,0.0,-0.98047393246853,0.0,12.340824986377372,0.0,7.722301475138486,0.0,7.776166674703337,0.0,11.804798788668435,0.0,3.9965765451449826,0.0,3.7257249299935036,0.0,0.7523852947435403,0.0,0.16478817078878294,0.0,0.9680663869909365,0.0,""
"2026-09-25 17:18:19","git-master-bddc7a050319718b5e4e0856afec0bc9ea96418f","C:\Users\marco\Desktop\ds004507\derivatives\labels\sub-006\ses-headDown\anat\sub-006_ses-headDown_T2w_seg-manual.nii.gz","857","4","",72.20736290545607,0.0,-0.9692221782547178,0.0,12.370261159763638,0.0,7.679525888987927,0.0,7.81400420594075,0.0,11.631968941070008,0.0,3.9850873366435247,0.0,3.694438552344402,0.0,0.7405114881158954,0.0,-1.0075055231944539,0.0,0.9722176949020459,0.0,""
"2026-09-25 17:18:19","git-master-bddc7a050319718b5e4e0856afec0bc9ea96418f","C:\Users\marco\Desktop\ds004507\derivatives\labels\sub-006\ses-headDown\anat\sub-006_ses-headDown_T2w_seg-manual.nii.gz","858","4","",71.68690552065108,0.0,-0.9665843079852243,0.0,12.400145068323441,0.0,7.682545715517738,0.0,7.8519937183624675,0.0,11.507792836819483,0.0,3.9439250998678483,0.0,3.7386206156498885,0.0,0.7310383816192635,0.0,-0.28701640545418083,0.0,0.9712361444151143,0.0,""
"2026-09-25 17:18:19","git-master-bddc7a050319718b5e4e0856afec0bc9ea96418f","C:\Users\marco\Desktop\ds004507\derivatives\labels\sub-006\ses-headDown\anat\sub-006_ses-headDown_T2w_seg-manual.nii.gz","859","4","",71.47955073416729,0.0,-0.9725603573467226,0.0,12.43047654471728,0.0,7.709290597009955,0.0,7.8564179364738225,0.0,11.483975416777312,0.0,3.888971638247066,0.0,3.8203189587628876,0.0,0.729245357487225,0.0,2.584960747347208,0.0,0.9657655565830472,0.0,""
"2026-09-25 17:18:19","git-master-bddc7a050319718b5e4e0856afec0bc9ea96418f","C:\Users\marco\Desktop\ds004507\derivatives\labels\sub-006\ses-headDown\anat\sub-006_ses-headDown_T2w_seg-manual.nii.gz","860","4","",75.0300822245869,0.0,-0.9914571490237891,0.0,12.461478775765588,0.0,8.025510660269257,0.0,7.935083699665108,0.0,11.946676732802567,0.0,4.1236668118682225,0.0,3.9018438484010343,0.0,0.7471646767499606,0.0,1.09756182210397,0.0,0.9641231009234906,0.0,""
"2026-09-25 17:18:19","git-master-bddc7a050319718b5e4e0856afec0bc9ea96418f","C:\Users\marco\Desktop\ds004507\derivatives\labels\sub-006\ses-headDown\anat\sub-006_ses-headDown_T2w_seg-manual.nii.gz","861","4","",75.93826226697891,0.0,-1.02004403136324,0.0,12.49298354617958,0.0,8.176382844483474,0.0,8.024329963711017,0.0,11.984678037408589,0.0,4.157270246288331,0.0,4.019112598195144,0.0,0.7425246760340306,0.0,-0.4491632910714214,0.0,0.9611672494337374,0.0,""
"2026-09-25 17:18:19","git-master-bddc7a050319718b5e4e0856afec0bc9ea96418f","C:\Users\marco\Desktop\ds004507\derivatives\labels\sub-006\ses-headDown\anat\sub-006_ses-headDown_T2w_seg-manual.nii.gz","862","4","",74.89173364264353,0.0,-1.0572439456391136,0.0,12.524934777533506,0.0,8.108648263850514,0.0,8.02180321458675,0.0,11.853320005932655,0.0,4.09335415144808,0.0,4.015294112402435,0.0,0.7361624355218086,0.0,-2.0016306805499315,0.0,0.9589494754898662,0.0,""
"2026-09-25 17:18:19","git-master-bddc7a050319718b5e4e0856afec0bc9ea96418f","C:\Users\marco\Desktop\ds004507\derivatives\labels\sub-006\ses-headDown\anat\sub-006_ses-headDown_T2w_seg-manual.nii.gz","863","4","",72.08946196619908,0.0,-1.1041330911095548,0.0,12.557388006636591,0.0,7.714396341356485,0.0,7.802206684974961,0.0,11.765603479691555,0.0,4.011110854973066,0.0,3.703285486383419,0.0,0.7484844754465949,0.0,-3.507692003778306,0.0,0.9597057718544264,0.0,""
"2026-09-25 17:18:19","git-master-bddc7a050319718b5e4e0856afec0bc9ea96418f","C:\Users\marco\Desktop\ds004507\derivatives\labels\sub-006\ses-headDown\anat\sub-006_ses-headDown_T2w_seg-manual.nii.gz","864","4","",72.31634801508861,0.0,-1.1639394369389804,0.0,12.590509823706498,0.0,7.908960361997526,0.0,7.868981754819305,0.0,11.694314670715725,0.0,4.09065577943746,0.0,3.818304582560065,0.0,0.7396436985503034,0.0,-1.2871836722727283,0.0,0.9589693158107273,0.0,""
"2026-09-25 17:18:19","git-master-bddc7a050319718b5e4e0856afec0bc9ea96418f","C:\Users\marco\Desktop\ds004507\derivatives\labels\sub-006\ses-headDown\anat\sub-006_ses-headDown_T2w_seg-manual.nii.gz","865","4","",71.29284066228452,0.0,-1.2323557613147547,0.0,12.624076921120484,0.0,8.056945766279393,0.0,7.924685139090823,0.0,11.444888404961429,0.0,4.138135705844169,0.0,3.918810060435224,0.0,0.7206308233935914,0.0,-0.2888406265518312,0.0,0.961532583775527,0.0,""
"2026-09-25 17:18:19","git-master-bddc7a050319718b5e4e0856afec0bc9ea96418f","C:\Users\marco\Desktop\ds004507\derivatives\labels\sub-006\ses-headDown\anat\sub-006_ses-headDown_T2w_seg-manual.nii.gz","866","4","",69.68854587378253,0.0,-1.3093812648158538,0.0,12.658089104734271,0.0,8.111452530627744,0.0,7.958994120505699,0.0,11.14742180189821,0.0,4.145037907861555,0.0,3.966414622766188,0.0,0.7000867981937814,0.0,-0.9993661860928409,0.0,0.9646023901684371,0.0,""
"2026-09-25 17:18:19","git-master-bddc7a050319718b5e4e0856afec0bc9ea96418f","C:\Users\marco\Desktop\ds004507\derivatives\labels\sub-006\ses-headDown\anat\sub-006_ses-headDown_T2w_seg-manual.nii.gz","867","4","",71.97465818902168,0.0,-1.3982419690716237,0.0,12.692712743240433,0.0,8.10273223012376,0.0,8.040332103695855,0.0,11.431977957374322,0.0,4.143485846235807,0.0,3.9592463838879537,0.0,0.7107616615192052,0.0,-3.8830232200868497,0.0,0.9543158777155023,0.0,""
"2026-09-25 17:18:19","git-master-bddc7a050319718b5e4e0856afec0bc9ea96418f","C:\Users\marco\Desktop\ds004507\derivatives\labels\sub-006\ses-headDown\anat\sub-006_ses-headDown_T2w_seg-manual.nii.gz","868","4","",71.13195051617711,0.0,-1.497858008009788,0.0,12.72789157952859,0.0,7.860312271305067,0.0,7.911224531609658,0.0,11.496810139446543,0.0,4.072341037788491,0.0,3.7879712335165756,0.0,0.7254218241240856,0.0,-1.299007361662957,0.0,0.9573321477680036,0.0,""
"2026-09-25 17:18:19","git-master-bddc7a050319718b5e4e0856afec0bc9ea96418f","C:\Users\marco\Desktop\ds004507\derivatives\labels\sub-006\ses-headDown\anat\sub-006_ses-headDown_T2w_seg-manual.nii.gz","869","4","",69.93201885156672,0.0,-1.6060757262423886,0.0,12.763514230085832,0.0,7.765390757280453,0.0,7.865414415992327,0.0,11.381574633129862,0.0,4.052315897155527,0.0,3.7130748601249257,0.0,0.7218002710350566,0.0,0.6224370960077105,0.0,0.9582904503039638,0.0,""
"2026-09-25 17:18:19","git-master-bddc7a050319718b5e4e0856afec0bc9ea96418f","C:\Users\marco\Desktop\ds004507\derivatives\labels\sub-006\ses-headDown\anat\sub-006_ses-headDown_T2w_seg-manual.nii.gz","870","4","",69.66236239441122,0.0,-1.722893570698538,0.0,12.799580488538249,0.0,8.01864259091742,0.0,8.053894097257823,0.0,11.083698332624804,0.0,4.147486743499874,0.0,3.8711558474175463,0.0,0.6870150291816336,0.0,-1.140715675887277,0.0,0.9495706692108491,0.0,""
"2026-09-25 17:18:19","git-master-bddc7a050319718b5e4e0856afec0bc9ea96418f","C:\Users\marco\Desktop\ds004507\derivatives\labels\sub-006\ses-headDown\anat\sub-006_ses-headDown_T2w_seg-manual.nii.gz","871","3","",69.34655865645587,0.0,-1.9039796068567567,0.0,12.85051523231843,0.0,7.947743739189766,0.0,8.100903523758875,0.0,11.041516060371173,0.0,4.129907239802638,0.0,3.817836499387128,0.0,0.6794986674499214,0.0,-3.6460388642321377,0.0,0.9475905254560305,0.0,""
"2026-09-25 17:18:19","git-master-bddc7a050319718b5e4e0856afec0bc9ea96418f","C:\Users\marco\Desktop\ds004507\derivatives\labels\sub-006\ses-headDown\anat\sub-006_ses-headDown_T2w_seg-manual.nii.gz","872","3","",69.15914630739725,0.0,-2.024931919909382,0.0,12.885135424662089,0.0,7.664723951188931,0.0,7.926508626462947,0.0,11.266532760700454,0.0,3.9625709720295,0.0,3.7021529791594308,0.0,0.7097210164213944,0.0,-4.9620350489530525,0.0,0.9570694462582191,0.0,""
"2026-09-25 17:18:19","git-master-bddc7a050319718b5e4e0856afec0bc9ea96418f","C:\Users\marco\Desktop\ds004507\derivatives\labels\sub-006\ses-headDown\anat\sub-006_ses-headDown_T2w_seg-manual.nii.gz","873","3","",69.186792129801,0.0,-2.139671610666471,0.0,12.920087020077958,0.0,7.564034633292562,0.0,7.854280858373209,0.0,11.372903577610277,0.0,3.9182206826891197,0.0,3.6458139506034426,0.0,0.7232147100109872,0.0,-4.768838676076222,0.0,0.9614781211769949,0.0,""
"2026-09-25 17:18:19","git-master-bddc7a050319718b5e4e0856afec0bc9ea96418f","C:\Users\marco\Desktop\ds004507\derivatives\labels\sub-006\ses-headDown\anat\sub-006_ses-headDown_T2w_seg-manual.nii.gz","874","3","",69.42949612366715,0.0,-2.2481986791280235,0.0,12.95537001856604,0.0,7.645675785500661,0.0,7.884220219489659,0.0,11.360628511100643,0.0,3.996856371781498,0.0,3.648819413719163,0.0,0.7199797482187,0.0,-3.066449745601648,0.0,0.9608165502123579,0.0,""
"2026-09-25 17:18:19","git-master-bddc7a050319718b5e4e0856afec0bc9ea96418f","C:\Users\marco\Desktop\ds004507\derivatives\labels\sub-006\ses-headDown\anat\sub-006_ses-headDown_T2w_seg-manual.nii.gz","875","3","",70.34037337235131,0.0,-2.344306721238,0.0,12.991314910742055,0.0,7.744123620570758,0.0,8.03083419907861,0.0,11.26494916235676,0.0,4.019909744618762,0.0,3.724213875951996,0.0,0.7009208859842636,0.0,-1.9796798892908185,0.0,0.9604416214645943,0.0,""
"2026-09-25 17:18:19","git-master-bddc7a050319718b5e4e0856afec0bc9ea96418f","C:\Users\marco\Desktop\ds004507\derivatives\labels\sub-006\ses-headDown\anat\sub-006_ses-headDown_T2w_seg-manual.nii.gz","876","3","",71.26281496887817,0.0,-2.434208420894675,0.0,13.02759028235241,0.0,7.831740785034528,0.0,8.16448985749856,0.0,11.210127437061068,0.0,4.063417281106677,0.0,3.768323503927851,0.0,0.6851290638502511,0.0,-1.2599294737604319,0.0,0.956713684300419,0.0,""
"2026-09-25 17:18:19","git-master-bddc7a050319718b5e4e0856afec0bc9ea96418f","C:\Users\marco\Desktop\ds004507\derivatives\labels\sub-006\ses-headDown\anat\sub-006_ses-headDown_T2w_seg-manual.nii.gz","877","3","",72.19682091324776,0.0,-2.5179037780980478,0.0,13.064196133397102,0.0,7.908527278891969,0.0,8.28518719474951,0.0,11.196163335213566,0.0,4.127378981245241,0.0,3.7811482976467286,0.0,0.6726042818166622,0.0,-0.9071984990104883,0.0,0.9496327387198321,0.0,""
"2026-09-25 17:18:19","git-master-bddc7a050319718b5e4e0856afec0bc9ea96418f","C:\Users\marco\Desktop\ds004507\derivatives\labels\sub-006\ses-headDown\anat\sub-006_ses-headDown_T2w_seg-manual.nii.gz","878","3","",73.36226632648322,0.0,-2.58919261101363,0.0,13.101461985873636,0.0,8.063577160099067,0.0,8.355065966328716,0.0,11.277344817609874,0.0,4.202882284851238,0.0,3.860694875247829,0.0,0.6716493641330795,0.0,0.6444132406328876,0.0,0.9544760223831024,0.0,""
"2026-09-25 17:18:19","git-master-bddc7a050319718b5e4e0856afec0bc9ea96418f","C:\Users\marco\Desktop\ds004507\derivatives\labels\sub-006\ses-headDown\anat\sub-006_ses-headDown_T2w_seg-manual.nii.gz","879","3","",72.51963629691461,0.0,-2.6542810395721372,0.0,13.139057348910084,0.0,8.180648520506775,0.0,8.3442604937531,0.0,11.169682226739546,0.0,4.205718002691028,0.0,3.974930517815747,0.0,0.6644770538032613,0.0,0.24837957526215315,0.0,0.9618669613283435,0.0,""
"2026-09-25 17:18:19","git-master-bddc7a050319718b5e4e0856afec0bc9ea96418f","C:\Users\marco\Desktop\ds004507\derivatives\labels\sub-006\ses-headDown\anat\sub-006_ses-headDown_T2w_seg-manual.nii.gz","880","3","",69.66893082454192,0.0,-2.7131690637735684,0.0,13.17698222250645,0.0,8.259741360115093,0.0,8.252770777022667,0.0,10.873175562602581,0.0,4.13588613476461,0.0,4.123855225350482,0.0,0.6510873508272073,0.0,-2.0952994951226915,0.0,0.9718055555555556,0.0,""
"2026-09-25 17:18:19","git-master-bddc7a050319718b5e4e0856afec0bc9ea96418f","C:\Users\marco\Desktop\ds004507\derivatives\labels\sub-006\ses-headDown\anat\sub-006_ses-headDown_T2w_seg-manual.nii.gz","881","3","",70.58783119647683,0.0,-2.7596613251855038,0.0,13.215565113775364,0.0,8.090222890858866,0.0,8.188708643359108,0.0,11.13499545520038,0.0,4.124815600736932,0.0,3.965407290121935,0.0,0.6768856982411716,0.0,3.1396245200141926,0.0,0.9626348066503377,0.0,""
"2026-09-25 17:18:19","git-master-bddc7a050319718b5e4e0856afec0bc9ea96418f","C:\Users\marco\Desktop\ds004507\derivatives\labels\sub-006\ses-headDown\anat\sub-006_ses-headDown_T2w_seg-manual.nii.gz","882","3","",71.15597665836063,0.0,-2.7999578007436075,0.0,13.25447650045796,0.0,7.896802803805789,0.0,8.127801760095517,0.0,11.301394025873053,0.0,4.078053007637356,0.0,3.8187497961684325,0.0,0.6947184674865108,0.0,4.849076205655567,0.0,0.9608273384895889,0.0,""
"2026-09-25 17:18:19","git-master-bddc7a050319718b5e4e0856afec0bc9ea96418f","C:\Users\marco\Desktop\ds004507\derivatives\labels\sub-006\ses-headDown\anat\sub-006_ses-headDown_T2w_seg-manual.nii.gz","883","3","",71.37336721019334,0.0,-2.83405849044788,0.0,13.293716382554237,0.0,7.6794810989558595,0.0,8.070050127231893,0.0,11.372371274620598,0.0,3.9955983554658836,0.0,3.683882743489976,0.0,0.7045856585632246,0.0,3.0330555618014343,0.0,0.9663831510733091,0.0,""
"2026-09-25 17:18:19","git-master-bddc7a050319718b5e4e0856afec0bc9ea96418f","C:\Users\marco\Desktop\ds004507\derivatives\labels\sub-006\ses-headDown\anat\sub-006_ses-headDown_T2w_seg-manual.nii.gz","884","3","",71.00667507637843,0.0,-2.855770798704534,0.0,13.33361220496988,0.0,7.815078635570322,0.0,8.142147405296575,0.0,11.199357548061132,0.0,3.998634206878227,0.0,3.8164444286920953,0.0,0.6862391276610281,0.0,2.499618507581539,0.0,0.9569546555809161,0.0,""
"2026-09-25 17:18:19","git-master-bddc7a050319718b5e4e0856afec0bc9ea96418f","C:\Users\marco\Desktop\ds004507\derivatives\labels\sub-006\ses-headDown\anat\sub-006_ses-headDown_T2w_seg-manual.nii.gz","885","3","",70.9340555039365,0.0,-2.8712899574892856,0.0,13.373835460326237,0.0,7.986567348832969,0.0,8.193660777330187,0.0,11.09816768772855,0.0,4.064790033748862,0.0,3.9217773150841064,0.0,0.6744586470412571,0.0,2.1347957865450353,0.0,0.9545630721052143,0.0,""
"2026-09-25 17:18:19","git-master-bddc7a050319718b5e4e0856afec0bc9ea96418f","C:\Users\marco\Desktop\ds004507\derivatives\labels\sub-006\ses-headDown\anat\sub-006_ses-headDown_T2w_seg-manual.nii.gz","886","3","",71.15550849286758,0.0,-2.880615966802134,0.0,13.414386148623306,0.0,8.1939472387438,0.0,8.224590243332733,0.0,11.068801693622849,0.0,4.194065836077789,0.0,3.99988140266601,0.0,0.6692442167039117,0.0,1.938587398691924,0.0,0.9592084006462036,0.0,""
"2026-09-25 17:18:19","git-master-bddc7a050319718b5e4e0856afec0bc9ea96418f","C:\Users\marco\Desktop\ds004507\derivatives\labels\sub-006\ses-headDown\anat\sub-006_ses-headDown_T2w_seg-manual.nii.gz","887","3","",69.26528310540932,0.0,-2.8775565838947936,0.0,13.45559060416473,0.0,7.90044406464254,0.0,7.902882597838219,0.0,11.180757790796621,0.0,4.050242715074074,0.0,3.8502013495684664,0.0,0.7062602694617245,0.0,-0.11598412437628669,0.0,0.9458953030989076,0.0,""
"2026-09-25 17:18:19","git-master-bddc7a050319718b5e4e0856afec0bc9ea96418f","C:\Users\marco\Desktop\ds004507\derivatives\labels\sub-006\ses-headDown\anat\sub-006_ses-headDown_T2w_seg-manual.nii.gz","888","3","",68.32304140629618,0.0,-2.8683043557476453,0.0,13.497121381774667,0.0,7.714134475478294,0.0,7.765791253835857,0.0,11.19037267305693,0.0,3.974563283073605,0.0,3.739571192404689,0.0,0.7198951204030846,0.0,-0.8431487351569378,0.0,0.9495130348034796,0.0,""
"2026-09-25 17:18:19","git-master-bddc7a050319718b5e4e0856afec0bc9ea96418f","C:\Users\marco\Desktop\ds004507\derivatives\labels\sub-006\ses-headDown\anat\sub-006_ses-headDown_T2w_seg-manual.nii.gz","889","3","",68.32878339552815,0.0,-2.852859282360688,0.0,13.53897848145312,0.0,7.635018471251062,0.0,7.813316211325648,0.0,11.097646340403777,0.0,3.967027540076383,0.0,3.6679909311746783,0.0,0.7101487695279917,0.0,-0.24290643365002917,0.0,0.9700615957599198,0.0,""
"2026-09-25 17:18:19","git-master-bddc7a050319718b5e4e0856afec0bc9ea96418f","C:\Users\marco\Desktop\ds004507\derivatives\labels\sub-006\ses-headDown\anat\sub-006_ses-headDown_T2w_seg-manual.nii.gz","890","3","",68.53408801051272,0.0,-2.8250270248305704,0.0,13.581487077418144,0.0,7.774495856589128,0.0,7.877784022479638,0.0,11.014293749226821,0.0,4.041343528244076,0.0,3.7331523283450507,0.0,0.6987512950338315,0.0,0.5533572536085815,0.0,0.9630816406680237,0.0,""
"2026-09-25 17:18:19","git-master-bddc7a050319718b5e4e0856afec0bc9ea96418f","C:\Users\marco\Desktop\ds004507\derivatives\labels\sub-006\ses-headDown\anat\sub-006_ses-headDown_T2w_seg-manual.nii.gz","891","3","",68.3966389315393,0.0,-2.790999854881883,0.0,13.624320835092375,0.0,7.909658896203218,0.0,7.940190944251257,0.0,10.906549165200149,0.0,4.103123692399272,0.0,3.8065352038039455,0.0,0.6852986902224509,0.0,0.5724729185005595,0.0,0.9591009947879365,0.0,""
"2026-09-25 17:18:19","git-master-bddc7a050319718b5e4e0856afec0bc9ea96418f","C:\Users\marco\Desktop\ds004507\derivatives\labels\sub-006\ses-headDown\anat\sub-006_ses-headDown_T2w_seg-manual.nii.gz","892","3","",67.9164361586079,0.0,-2.750777772514625,0.0,13.667479754475814,0.0,8.040507590093332,0.0,8.000536976640506,0.0,10.774412588323756,0.0,4.15236803254197,0.0,3.888139557551362,0.0,0.66979095509385,0.0,-0.1855594389740955,0.0,0.9581196581196582,0.0,""
"2026-09-25 17:18:19","git-master-bddc7a050319718b5e4e0856afec0bc9ea96418f","C:\Users\marco\Desktop\ds004507\derivatives\labels\sub-006\ses-headDown\anat\sub-006_ses-headDown_T2w_seg-manual.nii.gz","893","3","",66.73354744346027,0.0,-2.6981621648187604,0.0,13.711287799115787,0.0,7.885786331309935,0.0,7.810349275283446,0.0,10.792489093537968,0.0,4.093211840134847,0.0,3.792574491175087,0.0,0.6898407642926485,0.0,0.829613226810392,0.0,0.9565257418029884,0.0,""
"2026-09-25 17:18:19","git-master-bddc7a050319718b5e4e0856afec0bc9ea96418f","C:\Users\marco\Desktop\ds004507\derivatives\labels\sub-006\ses-headDown\anat\sub-006_ses-headDown_T2w_seg-manual.nii.gz","894","3","",64.9731527163936,0.0,-2.6393474774163734,0.0,13.755419794517532,0.0,7.735263535547768,0.0,7.623389742113329,0.0,10.738590014496937,0.0,3.99180929566347,0.0,3.7434542398842976,0.0,0.7042930625094016,0.0,1.4102818651996354,0.0,0.959463969445987,0.0,""
"2026-09-25 17:18:19","git-master-bddc7a050319718b5e4e0856afec0bc9ea96418f","C:\Users\marco\Desktop\ds004507\derivatives\labels\sub-006\ses-headDown\anat\sub-006_ses-headDown_T2w_seg-manual.nii.gz","895","3","",62.63525197740792,0.0,-2.5743337103074637,0.0,13.799875740681047,0.0,7.5889392028068325,0.0,7.439658377130155,0.0,10.612715351200663,0.0,3.8481603991278384,0.0,3.740778803678994,0.0,0.7131478497441094,0.0,1.5564464761936347,0.0,0.9669343410486537,0.0,""
"2026-09-25 17:18:19","git-master-bddc7a050319718b5e4e0856afec0bc9ea96418f","C:\Users\marco\Desktop\ds004507\derivatives\labels\sub-006\ses-headDown\anat\sub-006_ses-headDown_T2w_seg-manual.nii.gz","896","3","",64.01592346831589,0.0,-2.4969163814374067,0.0,13.844978338785392,0.0,7.744553050409264,0.0,7.57679232355843,0.0,10.734820818019092,0.0,3.981865980310469,0.0,3.762687070098795,0.0,0.7084077710950138,0.0,1.1441719492180498,0.0,0.957751347883628,0.0,""
"2026-09-25 17:18:19","git-master-bddc7a050319718b5e4e0856afec0bc9ea96418f","C:\Users\marco\Desktop\ds004507\derivatives\labels\sub-006\ses-headDown\anat\sub-006_ses-headDown_T2w_seg-manual.nii.gz","897","3","",64.58914251344358,0.0,-2.418380096350389,0.0,13.873591401696695,0.0,7.784930247860429,0.0,7.632448782816837,0.0,10.787881028839275,0.0,4.047023490902935,0.0,3.7379067569574946,0.0,0.7067109294993416,0.0,0.5716154713131841,0.0,0.9516295251965694,0.0,""
"2026-09-25 17:18:19","git-master-bddc7a050319718b5e4e0856afec0bc9ea96418f","C:\Users\marco\Desktop\ds004507\derivatives\labels\sub-006\ses-headDown\anat\sub-006_ses-headDown_T2w_seg-manual.nii.gz","898","3","",64.35490911279098,0.0,-2.33872485504641,0.0,13.885714929414956,0.0,7.710070795160329,0.0,7.606627754905377,0.0,10.77189598366121,0.0,4.043632930905235,0.0,3.666437864255093,0.0,0.7080573249570925,0.0,-0.16122295752096233,0.0,0.9485688729874776,0.0,""
"2026-09-25 17:18:19","git-master-bddc7a050319718b5e4e0856afec0bc9ea96418f","C:\Users\marco\Desktop\ds004507\derivatives\labels\sub-006\ses-headDown\anat\sub-006_ses-headDown_T2w_seg-manual.nii.gz","899","3","",62.51403802897656,0.0,-2.2670043600356795,0.0,13.831226732967943,0.0,7.540281434980065,0.0,7.486960263162421,0.0,10.610247727715276,0.0,3.944053289571322,0.0,3.596228145408743,0.0,0.7085794658141186,0.0,1.2417708892953319,0.0,0.9486709210872639,0.0,""
"2026-09-25 17:18:19","git-master-bddc7a050319718b5e4e0856afec0bc9ea96418f","C:\Users\marco\Desktop\ds004507\derivatives\labels\sub-006\ses-headDown\anat\sub-006_ses-headDown_T2w_seg-manual.nii.gz","900","3","",60.79853957312778,0.0,-2.199253280722788,0.0,13.743362710672834,0.0,7.303070579579285,0.0,7.24799685080633,0.0,10.653317467910021,0.0,3.8171728424360354,0.0,3.4858977371432496,0.0,0.7308771921866641,0.0,1.7405077087338838,0.0,0.951759393558761,0.0,""
"2026-09-25 17:18:19","git-master-bddc7a050319718b5e4e0856afec0bc9ea96418f","C:\Users\marco\Desktop\ds004507\derivatives\labels\sub-006\ses-headDown\anat\sub-006_ses-headDown_T2w_seg-manual.nii.gz","901","3","",59.208413745244656,0.0,-2.135471617107735,0.0,13.622122862529624,0.0,6.998438228957989,0.0,6.889737517837104,0.0,10.901105204245447,0.0,3.662991589499376,0.0,3.3354466394586133,0.0,0.7749505040747292,0.0,1.3349875007946939,0.0,0.9578342904019689,0.0,""
"2026-09-25 17:18:19","git-master-bddc7a050319718b5e4e0856afec0bc9ea96418f","C:\Users\marco\Desktop\ds004507\derivatives\labels\sub-006\ses-headDown\anat\sub-006_ses-headDown_T2w_seg-manual.nii.gz","902","3","",60.43625943002839,0.0,-2.079632183340026,0.0,13.433824377678292,0.0,7.029036093819139,0.0,7.008046024136826,0.0,11.001607921373456,0.0,3.700616313904773,0.0,3.328419779914366,0.0,0.7708674997825503,0.0,0.09269976848803996,0.0,0.9580000202426051,0.0,""
"2026-09-25 17:18:19","git-master-bddc7a050319718b5e4e0856afec0bc9ea96418f","C:\Users\marco\Desktop\ds004507\derivatives\labels\sub-006\ses-headDown\anat\sub-006_ses-headDown_T2w_seg-manual.nii.gz","903","3","",61.851641020690565,0.0,-2.0277652614645474,0.0,13.211764200342541,0.0,7.137853030401545,0.0,7.170167838765724,0.0,11.083406333486694,0.0,3.7816285301099457,0.0,3.3562245002915994,0.0,0.7624613299390197,0.0,-0.16052900101909195,0.0,0.9584989983026205,0.0,""
"2026-09-25 17:18:19","git-master-bddc7a050319718b5e4e0856afec0bc9ea96418f","C:\Users\marco\Desktop\ds004507\derivatives\labels\sub-006\ses-headDown\anat\sub-006_ses-headDown_T2w_seg-manual.nii.gz","904","3","",63.45455851723117,0.0,-1.9798708514813002,0.0,12.95594233052237,0.0,7.324889038705207,0.0,7.376102961723797,0.0,11.146500440585163,0.0,3.906028238114894,0.0,3.4188608005903123,0.0,0.7497319945441374,0.0,0.5753011922732981,0.0,0.9593312245820154,0.0,""
"2026-09-25 17:18:19","git-master-bddc7a050319718b5e4e0856afec0bc9ea96418f","C:\Users\marco\Desktop\ds004507\derivatives\labels\sub-006\ses-headDown\anat\sub-006_ses-headDown_T2w_seg-manual.nii.gz","905","3","",62.930306136360166,0.0,-1.939923726739672,0.0,12.631989409918454,0.0,7.214389918821143,0.0,7.314023481091316,0.0,11.117917674617296,0.0,3.862361728273131,0.0,3.3520281905480127,0.0,0.7531365135724412,0.0,-0.3207593935747802,0.0,0.948523805900704,0.0,""
"2026-09-25 17:18:19","git-master-bddc7a050319718b5e4e0856afec0bc9ea96418f","C:\Users\marco\Desktop\ds004507\derivatives\labels\sub-006\ses-headDown\anat\sub-006_ses-headDown_T2w_seg-manual.nii.gz","906","3","",61.77116481979243,0.0,-1.903951140044052,0.0,12.273606146584997,0.0,7.212975445265409,0.0,7.230761796272888,0.0,10.983364490595562,0.0,3.834090073594925,0.0,3.3788853716704845,0.0,0.7526607787392031,0.0,-0.5096208714336626,0.0,0.9458733891487185,0.0,""
"2026-09-25 17:18:19","git-master-bddc7a050319718b5e4e0856afec0bc9ea96418f","C:\Users\marco\Desktop\ds004507\derivatives\labels\sub-006\ses-headDown\anat\sub-006_ses-headDown_T2w_seg-manual.nii.gz","907","3","",59.97713456752797,0.0,-1.8719530913944404,0.0,11.880792540522004,0.0,7.320645618038003,0.0,7.126317907268515,0.0,10.742840888519964,0.0,3.821213274080276,0.0,3.499432343957727,0.0,0.7483047900444234,0.0,0.008716758696650943,0.0,0.951379974326059,0.0,""
"2026-09-25 17:18:19","git-master-bddc7a050319718b5e4e0856afec0bc9ea96418f","C:\Users\marco\Desktop\ds004507\derivatives\labels\sub-006\ses-headDown\anat\sub-006_ses-headDown_T2w_seg-manual.nii.gz","908","2","",61.36067567134902,0.0,-1.8358816904208257,0.0,11.187045346069523,0.0,7.54861135975419,0.0,7.320886012768334,0.0,10.871865445101564,0.0,3.866642193229086,0.0,3.6819691665251044,0.0,0.7392974408890736,0.0,-0.023471020558774557,0.0,0.9446064139941691,0.0,""
"2026-09-25 17:18:19","git-master-bddc7a050319718b5e4e0856afec0bc9ea96418f","C:\Users\marco\Desktop\ds004507\derivatives\labels\sub-006\ses-headDown\anat\sub-006_ses-headDown_T2w_seg-manual.nii.gz","909","2","",58.897025561146,0.0,-1.8205903400725156,0.0,10.680633334414523,0.0,7.201208723204916,0.0,6.978866567629067,0.0,10.84699142941789,0.0,3.7267837092539473,0.0,3.4744250139509685,0.0,0.7649799239595421,0.0,-1.3693135731829449,0.0,0.9544880967537436,0.0,""
"2026-09-25 17:18:19","git-master-bddc7a050319718b5e4e0856afec0bc9ea96418f","C:\Users\marco\Desktop\ds004507\derivatives\labels\sub-006\ses-headDown\anat\sub-006_ses-headDown_T2w_seg-manual.nii.gz","910","2","",57.320366337773024,0.0,-1.808479825885332,0.0,10.165618690386108,0.0,6.915723930529865,0.0,6.752942122484334,0.0,10.87151898443096,0.0,3.6125216655879107,0.0,3.303202264941953,0.0,0.7835831129961871,0.0,-1.453002833480821,0.0,0.9608160245432863,0.0,""
"2026-09-25 17:18:19","git-master-bddc7a050319718b5e4e0856afec0bc9ea96418f","C:\Users\marco\Desktop\ds004507\derivatives\labels\sub-006\ses-headDown\anat\sub-006_ses-headDown_T2w_seg-manual.nii.gz","911","2","",56.96331958379134,0.0,-1.8007429614196973,0.0,9.63877542684424,0.0,6.71537617318187,0.0,6.68664830233208,0.0,10.963973699152051,0.0,3.53345472734689,0.0,3.1819214458349796,0.0,0.792452272736325,0.0,0.19876868316995822,0.0,0.9622575392490355,0.0,""
"2026-09-25 17:18:19","git-master-bddc7a050319718b5e4e0856afec0bc9ea96418f","C:\Users\marco\Desktop\ds004507\derivatives\labels\sub-006\ses-headDown\anat\sub-006_ses-headDown_T2w_seg-manual.nii.gz","912","2","",58.301239055649425,0.0,-1.799368027278059,0.0,9.134811268254188,0.0,6.885442423636806,0.0,6.8292822872897405,0.0,11.020901105312648,0.0,3.5907783147973626,0.0,3.2946641088394437,0.0,0.7847759822449948,0.0,-1.2190580678030811,0.0,0.9475848908424921,0.0,""
"2026-09-25 17:18:19","git-master-bddc7a050319718b5e4e0856afec0bc9ea96418f","C:\Users\marco\Desktop\ds004507\derivatives\labels\sub-006\ses-headDown\anat\sub-006_ses-headDown_T2w_seg-manual.nii.gz","913","2","",59.420944844687675,0.0,-1.8011740601849218,0.0,8.642436887034016,0.0,7.069319789898733,0.0,6.9580134662545445,0.0,11.031094613410925,0.0,3.666912583793878,0.0,3.402407206104855,0.0,0.7759582531001142,0.0,-2.2264131462903394,0.0,0.9346851791312912,0.0,""
"2026-09-25 17:18:19","git-master-bddc7a050319718b5e4e0856afec0bc9ea96418f","C:\Users\marco\Desktop\ds004507\derivatives\labels\sub-006\ses-headDown\anat\sub-006_ses-headDown_T2w_seg-manual.nii.gz","914","2","",59.03979505326453,0.0,-1.8085467874074892,0.0,8.17050235234981,0.0,7.097400926323696,0.0,6.9381296907566465,0.0,10.929085043928977,0.0,3.724111735131281,0.0,3.3732891911924154,0.0,0.7726308570968137,0.0,-0.4729084513149102,0.0,0.9352096258010032,0.0,""
"2026-09-25 17:18:19","git-master-bddc7a050319718b5e4e0856afec0bc9ea96418f","C:\Users\marco\Desktop\ds004507\derivatives\labels\sub-006\ses-headDown\anat\sub-006_ses-headDown_T2w_seg-manual.nii.gz","915","2","",58.985314672143254,0.0,-1.8210883882681017,0.0,7.717885069891635,0.0,6.887748406334447,0.0,6.849666733242539,0.0,11.072242137051514,0.0,3.707570172047602,0.0,3.1801782342868448,0.0,0.7850047178837705,0.0,-0.2334777883735386,0.0,0.9475881013961535,0.0,""
"2026-09-25 17:18:19","git-master-bddc7a050319718b5e4e0856afec0bc9ea96418f","C:\Users\marco\Desktop\ds004507\derivatives\labels\sub-006\ses-headDown\anat\sub-006_ses-headDown_T2w_seg-manual.nii.gz","916","2","",59.171227541124175,0.0,-1.8368107712514927,0.0,7.2771997216943785,0.0,6.642790657865309,0.0,6.774477634646629,0.0,11.263504109267085,0.0,3.6721585004234982,0.0,2.97063215744181,0.0,0.7983384833945049,0.0,-0.6025827197711494,0.0,0.9636148308594177,0.0,""
"2026-09-25 17:18:19","git-master-bddc7a050319718b5e4e0856afec0bc9ea96418f","C:\Users\marco\Desktop\ds004507\derivatives\labels\sub-006\ses-headDown\anat\sub-006_ses-headDown_T2w_seg-manual.nii.gz","917","2","",60.11893381094339,0.0,-1.859291913390787,0.0,6.862152748289737,0.0,7.030385888634406,0.0,7.0811577432266875,0.0,10.901849877401972,0.0,3.7656414012423336,0.0,3.2647444873920715,0.0,0.7582342008801857,0.0,-0.2044113081472655,0.0,0.9641474508787774,0.0,""
"2026-09-25 17:18:19","git-master-bddc7a050319718b5e4e0856afec0bc9ea96418f","C:\Users\marco\Desktop\ds004507\derivatives\labels\sub-006\ses-headDown\anat\sub-006_ses-headDown_T2w_seg-manual.nii.gz","918","2","",60.471249575916,0.0,-1.8857483076800814,0.0,6.462375052036611,0.0,7.204612030494988,0.0,7.196616263945542,0.0,10.76702235264235,0.0,3.813573292217015,0.0,3.3910387382779725,0.0,0.7437157940047986,0.0,0.15274112533024833,0.0,0.9629374283498757,0.0,""
"2026-09-25 17:18:19","git-master-bddc7a050319718b5e4e0856afec0bc9ea96418f","C:\Users\marco\Desktop\ds004507\derivatives\labels\sub-006\ses-headDown\anat\sub-006_ses-headDown_T2w_seg-manual.nii.gz","919","2","",60.28771388652666,0.0,-1.915782428904376,0.0,6.0763397052198505,0.0,7.186805992337907,0.0,7.139975355589315,0.0,10.83633886427767,0.0,3.8205092743319566,0.0,3.3662967180059504,0.0,0.7522246752044504,0.0,0.4729764784760291,0.0,0.9601590275275386,0.0,""
"2026-09-25 17:18:19","git-master-bddc7a050319718b5e4e0856afec0bc9ea96418f","C:\Users\marco\Desktop\ds004507\derivatives\labels\sub-006\ses-headDown\anat\sub-006_ses-headDown_T2w_seg-manual.nii.gz","920","2","",62.69738106735908,0.0,-1.9529707864390229,0.0,5.718072182782798,0.0,7.212238261232324,0.0,7.351162829474783,0.0,10.973913062837024,0.0,3.8807884097034915,0.0,3.331449851528833,0.0,0.7424513013561227,0.0,0.15909588840419725,0.0,0.9696805490058231,0.0,""
"2026-09-25 17:18:19","git-master-bddc7a050319718b5e4e0856afec0bc9ea96418f","C:\Users\marco\Desktop\ds004507\derivatives\labels\sub-006\ses-headDown\anat\sub-006_ses-headDown_T2w_seg-manual.nii.gz","921","2","",64.6595509144598,0.0,-1.9933381852120724,0.0,5.372237032471174,0.0,7.231704336308639,0.0,7.518695957300635,0.0,11.08001379710685,0.0,3.916614877803204,0.0,3.3150894585054353,0.0,0.7345243572067772,0.0,-0.36524240542668607,0.0,0.976707519457743,0.0,""
"2026-09-25 17:18:19","git-master-bddc7a050319718b5e4e0856afec0bc9ea96418f","C:\Users\marco\Desktop\ds004507\derivatives\labels\sub-006\ses-headDown\anat\sub-006_ses-headDown_T2w_seg-manual.nii.gz","922","2","",65.60761077323745,0.0,-2.038474013126159,0.0,5.04506996538603,0.0,7.236824716549018,0.0,7.585885598334604,0.0,11.125659289078051,0.0,3.9054421874124965,0.0,3.331382529136521,0.0,0.7315038882602563,0.0,-1.1899733396809336,0.0,0.9782866955501217,0.0,""
"2026-09-25 17:18:19","git-master-bddc7a050319718b5e4e0856afec0bc9ea96418f","C:\Users\marco\Desktop\ds004507\derivatives\labels\sub-006\ses-headDown\anat\sub-006_ses-headDown_T2w_seg-manual.nii.gz","923","2","",65.63277566349875,0.0,-2.089568699389365,0.0,4.7413976041864885,0.0,7.2984099894000565,0.0,7.578899675474665,0.0,11.114851494908624,0.0,3.895753358727323,0.0,3.402656630672734,0.0,0.7314726190758583,0.0,-1.0736682340805799,0.0,0.9703082511635323,0.0,""
"2026-09-25 17:18:19","git-master-bddc7a050319718b5e4e0856afec0bc9ea96418f","C:\Users\marco\Desktop\ds004507\derivatives\labels\sub-006\ses-headDown\anat\sub-006_ses-headDown_T2w_seg-manual.nii.gz","924","2","",65.4627079388832,0.0,-2.1423844538720855,0.0,4.450529843096256,0.0,7.391528083015091,0.0,7.5728092450428095,0.0,11.076688007104318,0.0,3.9147599227641687,0.0,3.476768160250922,0.0,0.7297141524184427,0.0,-0.664327303641008,0.0,0.9624734619800548,0.0,""
"2026-09-25 17:18:19","git-master-bddc7a050319718b5e4e0856afec0bc9ea96418f","C:\Users\marco\Desktop\ds004507\derivatives\labels\sub-006\ses-headDown\anat\sub-006_ses-headDown_T2w_seg-manual.nii.gz","925","2","",65.48341287699587,0.0,-2.195695355828869,0.0,4.1841846265303255,0.0,7.546429361884444,0.0,7.644252475110175,0.0,10.99239395430985,0.0,4.039890347803055,0.0,3.5065390140813895,0.0,0.7184894954750889,0.0,-0.097138069908972,0.0,0.9647350002872151,0.0,""
"2026-09-25 17:18:19","git-master-bddc7a050319718b5e4e0856afec0bc9ea96418f","C:\Users\marco\Desktop\ds004507\derivatives\labels\sub-006\ses-headDown\anat\sub-006_ses-headDown_T2w_seg-manual.nii.gz","926","2","",66.0803341256368,0.0,-2.2450332350604856,0.0,3.938261189479178,0.0,7.650870711601822,0.0,7.724133505649717,0.0,10.94406379685801,0.0,4.109534671421955,0.0,3.5413360401798673,0.0,0.7083373608380099,0.0,1.0619891279807532,0.0,0.9698703309312494,0.0,""
"2026-09-25 17:18:19","git-master-bddc7a050319718b5e4e0856afec0bc9ea96418f","C:\Users\marco\Desktop\ds004507\derivatives\labels\sub-006\ses-headDown\anat\sub-006_ses-headDown_T2w_seg-manual.nii.gz","927","2","",66.9890811991991,0.0,-2.2917225251357864,0.0,3.705957838002278,0.0,7.725253182871452,0.0,7.8113965900680125,0.0,10.915542470515883,0.0,4.1459563755330935,0.0,3.5792968073383586,0.0,0.6984535883453479,0.0,2.466227764790992,0.0,0.976365685140453,0.0,""
"2026-09-25 17:18:19","git-master-bddc7a050319718b5e4e0856afec0bc9ea96418f","C:\Users\marco\Desktop\ds004507\derivatives\labels\sub-006\ses-headDown\anat\sub-006_ses-headDown_T2w_seg-manual.nii.gz","928","2","",67.46042186079929,0.0,-2.3324539490116627,0.0,3.504387341956615,0.0,7.788405098177323,0.0,7.942939739346027,0.0,10.865959203050958,0.0,4.166974993414343,0.0,3.6214301047629798,0.0,0.6821388502363077,0.0,2.0671236785147964,0.0,0.9771666439855294,0.0,""
"2026-09-25 17:18:19","git-master-bddc7a050319718b5e4e0856afec0bc9ea96418f","C:\Users\marco\Desktop\ds004507\derivatives\labels\sub-006\ses-headDown\anat\sub-006_ses-headDown_T2w_seg-manual.nii.gz","929","2","",67.71305168156475,0.0,-2.37020720251008,0.0,3.3182213418614124,0.0,7.823459824483066,0.0,8.020373105919402,0.0,10.83964282956714,0.0,4.1858589655119856,0.0,3.637600858971081,0.0,0.6727022308741545,0.0,2.255935328567916,0.0,0.974628793161468,0.0,""
"2026-09-25 17:18:19","git-master-bddc7a050319718b5e4e0856afec0bc9ea96418f","C:\Users\marco\Desktop\ds004507\derivatives\labels\sub-006\ses-headDown\anat\sub-006_ses-headDown_T2w_seg-manual.nii.gz","930","2","",67.72266945695827,0.0,-2.4046513778113203,0.0,3.1491714483778317,0.0,7.827295451899779,0.0,8.037684491709848,0.0,10.839178560506776,0.0,4.202371108961175,0.0,3.6249243429386038,0.0,0.6709079656752088,0.0,3.09798668565361,0.0,0.9683811538161423,0.0,""
"2026-09-25 17:18:19","git-master-bddc7a050319718b5e4e0856afec0bc9ea96418f","C:\Users\marco\Desktop\ds004507\derivatives\labels\sub-006\ses-headDown\anat\sub-006_ses-headDown_T2w_seg-manual.nii.gz","931","2","",67.93547968206997,0.0,-2.4334713936366485,0.0,3.0092723673437933,0.0,7.828893322892339,0.0,8.010113018573087,0.0,10.906187791748634,0.0,4.214075228542861,0.0,3.6148180943494785,0.0,0.6785557716737052,0.0,3.378000520686921,0.0,0.96805095183486,0.0,""
"2026-09-25 17:18:19","git-master-bddc7a050319718b5e4e0856afec0bc9ea96418f","C:\Users\marco\Desktop\ds004507\derivatives\labels\sub-006\ses-headDown\anat\sub-006_ses-headDown_T2w_seg-manual.nii.gz","932","2","",67.73676949559844,0.0,-2.4596451268580592,0.0,2.883104920090157,0.0,7.829286097449084,0.0,7.979043008516675,0.0,10.890396171416707,0.0,4.205355054539981,0.0,3.6239310429091027,0.0,0.6803926892019321,0.0,3.264574732506322,0.0,0.9704446517412935,0.0,""
"2026-09-25 17:18:19","git-master-bddc7a050319718b5e4e0856afec0bc9ea96418f","C:\Users\marco\Desktop\ds004507\derivatives\labels\sub-006\ses-headDown\anat\sub-006_ses-headDown_T2w_seg-manual.nii.gz","933","2","",66.59463759684684,0.0,-2.481518857049154,0.0,2.7792587467755476,0.0,7.827638238228502,0.0,7.951833563880511,0.0,10.678003578480231,0.0,4.153607819148534,0.0,3.674030419079968,0.0,0.6672325459158155,0.0,2.4419608937677553,0.0,0.977231772684198,0.0,""
"2026-09-25 17:18:19","git-master-bddc7a050319718b5e4e0856afec0bc9ea96418f","C:\Users\marco\Desktop\ds004507\derivatives\labels\sub-006\ses-headDown\anat\sub-006_ses-headDown_T2w_seg-manual.nii.gz","934","2","",67.63622979729797,0.0,-2.4987625239306825,0.0,2.699472757468298,0.0,8.000470788171508,0.0,8.034008589205046,0.0,10.726469391735893,0.0,4.19460374630784,0.0,3.8058670418636678,0.0,0.6625932729717412,0.0,2.8005667650557893,0.0,0.9707403783431181,0.0,""
"2026-09-25 17:18:19","git-master-bddc7a050319718b5e4e0856afec0bc9ea96418f","C:\Users\marco\Desktop\ds004507\derivatives\labels\sub-006\ses-headDown\anat\sub-006_ses-headDown_T2w_seg-manual.nii.gz","935","2","",69.09795379009044,0.0,-2.513360550854981,0.0,2.6334384175227816,0.0,8.186639957989872,0.0,8.132537105071185,0.0,10.83719163016854,0.0,4.248023650382908,0.0,3.938616307606964,0.0,0.6609484566189902,0.0,3.3681211873231085,0.0,0.9606963600657026,0.0,""
"2026-09-25 17:18:19","git-master-bddc7a050319718b5e4e0856afec0bc9ea96418f","C:\Users\marco\Desktop\ds004507\derivatives\labels\sub-006\ses-headDown\anat\sub-006_ses-headDown_T2w_seg-manual.nii.gz","936","2","",68.64090620069825,0.0,-2.5226676662160843,0.0,2.5949172855877296,0.0,8.111594130641402,0.0,8.109932865805495,0.0,10.783074981560079,0.0,4.191051121721547,0.0,3.9205430089198554,0.0,0.6590438461970257,0.0,2.800125576667384,0.0,0.9569974241925637,0.0,""
"2026-09-25 17:18:19","git-master-bddc7a050319718b5e4e0856afec0bc9ea96418f","C:\Users\marco\Desktop\ds004507\derivatives\labels\sub-006\ses-headDown\anat\sub-006_ses-headDown_T2w_seg-manual.nii.gz","937","2","",67.38617630935107,0.0,-2.5283375249593725,0.0,2.5753170797741363,0.0,8.029404980643527,0.0,8.094801128069612,0.0,10.599876128723668,0.0,4.160358548765154,0.0,3.8690464318783735,0.0,0.6448559573984067,0.0,2.9639330506542176,0.0,0.9533757733250893,0.0,""
"2026-09-25 17:18:19","git-master-bddc7a050319718b5e4e0856afec0bc9ea96418f","C:\Users\marco\Desktop\ds004507\derivatives\labels\sub-006\ses-headDown\anat\sub-006_ses-headDown_T2w_seg-manual.nii.gz","938","2","",65.55131383476389,0.0,-2.531362106162432,0.0,2.569477547503423,0.0,7.942020686900628,0.0,8.085103936900865,0.0,10.322799309176022,0.0,4.148778670866918,0.0,3.793242016033711,0.0,0.621734775234948,0.0,3.6599609498356416,0.0,0.9498103297344617,0.0,""
"2026-09-25 17:18:19","git-master-bddc7a050319718b5e4e0856afec0bc9ea96418f","C:\Users\marco\Desktop\ds004507\derivatives\labels\sub-006\ses-headDown\anat\sub-006_ses-headDown_T2w_seg-manual.nii.gz","939","1","",66.24947277429139,0.0,-2.5262181885328685,0.0,2.611862022048518,0.0,8.359958590386269,0.0,8.359176305621354,0.0,10.119850909275238,0.0,4.354491370563063,0.0,4.005467219823205,0.0,0.5636441296536164,0.0,4.764826060404655,0.0,0.9376246083736827,0.0,""
"2026-09-25 17:18:19","git-master-bddc7a050319718b5e4e0856afec0bc9ea96418f","C:\Users\marco\Desktop\ds004507\derivatives\labels\sub-006\ses-headDown\anat\sub-006_ses-headDown_T2w_seg-manual.nii.gz","940","1","",66.50895512143514,0.0,-2.5152896035585415,0.0,2.6800426845865033,0.0,8.34023948600627,0.0,8.350445128979683,0.0,10.159287446771073,0.0,4.337170726242736,0.0,4.003068759763535,0.0,0.569531385621303,0.0,1.6515126759676475,0.0,0.9503521234981368,0.0,""
"2026-09-25 17:18:19","git-master-bddc7a050319718b5e4e0856afec0bc9ea96418f","C:\Users\marco\Desktop\ds004507\derivatives\labels\sub-006\ses-headDown\anat\sub-006_ses-headDown_T2w_seg-manual.nii.gz","941","1","",67.75784205233924,0.0,-2.4998870709813783,0.0,2.7714803902337644,0.0,8.29006563140546,0.0,8.333944863503701,0.0,10.397250457449069,0.0,4.329811437812388,0.0,3.9602541935930713,0.0,0.5963196029589877,0.0,2.6139047144026852,0.0,0.9586252169124725,0.0,""
"2026-09-25 17:18:19","git-master-bddc7a050319718b5e4e0856afec0bc9ea96418f","C:\Users\marco\Desktop\ds004507\derivatives\labels\sub-006\ses-headDown\anat\sub-006_ses-headDown_T2w_seg-manual.nii.gz","942","1","",69.28461046937676,0.0,-2.4800103929963373,0.0,2.886168013427972,0.0,8.268276650392647,0.0,8.35273735718902,0.0,10.644367277907955,0.0,4.358096296698926,0.0,3.9101803536937205,0.0,0.6195269331804671,0.0,4.613726068567209,0.0,0.965299696055498,0.0,""
"2026-09-25 17:18:19","git-master-bddc7a050319718b5e4e0856afec0bc9ea96418f","C:\Users\marco\Desktop\ds004507\derivatives\labels\sub-006\ses-headDown\anat\sub-006_ses-headDown_T2w_seg-manual.nii.gz","943","1","",69.80224400832665,0.0,-2.45468655471003,0.0,3.0291463902521176,0.0,8.392468928690116,0.0,8.496042023448872,0.0,10.544009103253256,0.0,4.4784100413980275,0.0,3.914058887292088,0.0,0.5920131611803262,0.0,2.1228612080648204,0.0,0.975436135196797,0.0,""
"2026-09-25 17:18:19","git-master-bddc7a050319718b5e4e0856afec0bc9ea96418f","C:\Users\marco\Desktop\ds004507\derivatives\labels\sub-006\ses-headDown\anat\sub-006_ses-headDown_T2w_seg-manual.nii.gz","944","1","",69.18181953581526,0.0,-2.4231364275201956,0.0,3.2044194430914055,0.0,8.311516152075827,0.0,8.43405435065762,0.0,10.50781218315432,0.0,4.30852863050386,0.0,4.002987521571965,0.0,0.596415132978466,0.0,5.193496344546883,0.0,0.973027051062307,0.0,""
"2026-09-25 17:18:19","git-master-bddc7a050319718b5e4e0856afec0bc9ea96418f","C:\Users\marco\Desktop\ds004507\derivatives\labels\sub-006\ses-headDown\anat\sub-006_ses-headDown_T2w_seg-manual.nii.gz","945","1","",68.89288565028362,0.0,-2.3871104786181307,0.0,3.402874563584712,0.0,8.30219012540173,0.0,8.383367398202955,0.0,10.49450410662792,0.0,4.240376980120951,0.0,4.0618131452807775,0.0,0.6015511945941832,0.0,6.131611812244131,0.0,0.968739931610633,0.0,""
"2026-09-25 17:18:19","git-master-bddc7a050319718b5e4e0856afec0bc9ea96418f","C:\Users\marco\Desktop\ds004507\derivatives\labels\sub-006\ses-headDown\anat\sub-006_ses-headDown_T2w_seg-manual.nii.gz","946","1","",69.282939271628,0.0,-2.3466083428803555,0.0,3.624494517253477,0.0,8.397571426282859,0.0,8.389402354125956,0.0,10.509402702945788,0.0,4.321092643092098,0.0,4.076478783190761,0.0,0.6022889793263106,0.0,4.241504453253793,0.0,0.9658360112822688,0.0,""
"2026-09-25 17:18:19","git-master-bddc7a050319718b5e4e0856afec0bc9ea96418f","C:\Users\marco\Desktop\ds004507\derivatives\labels\sub-006\ses-headDown\anat\sub-006_ses-headDown_T2w_seg-manual.nii.gz","947","1","",70.83937984071869,0.0,-2.2996826445334024,0.0,3.8792897977001797,0.0,8.453902390454509,0.0,8.485646033436197,0.0,10.64498541949664,0.0,4.3492050788718855,0.0,4.1046973115826235,0.0,0.6037753021246136,0.0,5.156656484613641,0.0,0.9736276352552337,0.0,""
"2026-09-25 17:18:19","git-master-bddc7a050319718b5e4e0856afec0bc9ea96418f","C:\Users\marco\Desktop\ds004507\derivatives\labels\sub-006\ses-headDown\anat\sub-006_ses-headDown_T2w_seg-manual.nii.gz","948","1","",71.42031637015099,0.0,-2.247499952829649,0.0,4.161148202139865,0.0,8.704269010699756,0.0,8.626344680533444,0.0,10.541467055418448,0.0,4.518751313668157,0.0,4.1855176970315995,0.0,0.5732851958837111,0.0,2.6975165659070472,0.0,0.9736449880185334,0.0,""
"2026-09-25 17:18:19","git-master-bddc7a050319718b5e4e0856afec0bc9ea96418f","C:\Users\marco\Desktop\ds004507\derivatives\labels\sub-006\ses-headDown\anat\sub-006_ses-headDown_T2w_seg-manual.nii.gz","949","1","",71.27598246346537,0.0,-2.1908383710862784,0.0,4.466010113969618,0.0,8.852453932139072,0.0,8.687764461245163,0.0,10.433557178318242,0.0,4.61213921015763,0.0,4.240314721981444,0.0,0.5534983621899879,0.0,0.07565671939239943,0.0,0.9709205373910019,0.0,""
"2026-09-25 17:18:19","git-master-bddc7a050319718b5e4e0856afec0bc9ea96418f","C:\Users\marco\Desktop\ds004507\derivatives\labels\sub-006\ses-headDown\anat\sub-006_ses-headDown_T2w_seg-manual.nii.gz","950","1","",70.45969906080718,0.0,-2.1295025946419406,0.0,4.794835339276431,0.0,8.679321764450457,0.0,8.572426698689913,0.0,10.481027810940846,0.0,4.468220226342939,0.0,4.211101538107517,0.0,0.5753356412597448,0.0,-0.5394009767053911,0.0,0.9684500368861515,0.0,""
"2026-09-25 17:18:19","git-master-bddc7a050319718b5e4e0856afec0bc9ea96418f","C:\Users\marco\Desktop\ds004507\derivatives\labels\sub-006\ses-headDown\anat\sub-006_ses-headDown_T2w_seg-manual.nii.gz","951","1","",70.65790504591688,0.0,-2.066837550367538,0.0,5.145535379779461,0.0,8.75150182375722,0.0,8.562057703182846,0.0,10.531115066032115,0.0,4.49636712082952,0.0,4.2551347029277,0.0,0.5821957976158277,0.0,0.19566805521313424,0.0,0.96649706716568,0.0,""
"2026-09-25 17:18:19","git-master-bddc7a050319718b5e4e0856afec0bc9ea96418f","C:\Users\marco\Desktop\ds004507\derivatives\labels\sub-006\ses-headDown\anat\sub-006_ses-headDown_T2w_seg-manual.nii.gz","952","1","",70.56979379825405,0.0,-2.0067971168868786,0.0,5.501645099554471,0.0,8.80522669926537,0.0,8.57138672733072,0.0,10.52091898062692,0.0,4.5582899454098875,0.0,4.246936753855482,0.0,0.5798219147872483,0.0,-0.5207716653599415,0.0,0.9648592386956365,0.0,""
"2026-09-25 17:18:19","git-master-bddc7a050319718b5e4e0856afec0bc9ea96418f","C:\Users\marco\Desktop\ds004507\derivatives\labels\sub-006\ses-headDown\anat\sub-006_ses-headDown_T2w_seg-manual.nii.gz","953","1","",70.1048813921531,0.0,-1.949539531469904,0.0,5.862754460923293,0.0,8.783405858607477,0.0,8.580057399625625,0.0,10.466914428067946,0.0,4.606218235401939,0.0,4.177187623205538,0.0,0.5727429291331363,0.0,-2.218811247078163,0.0,0.9623044055455431,0.0,""
"2026-09-25 17:18:19","git-master-bddc7a050319718b5e4e0856afec0bc9ea96418f","C:\Users\marco\Desktop\ds004507\derivatives\labels\sub-006\ses-headDown\anat\sub-006_ses-headDown_T2w_seg-manual.nii.gz","954","1","",69.05137393268873,0.0,-1.8957915448203877,0.0,6.230118831025987,0.0,8.55018744663134,0.0,8.544862762657685,0.0,10.40327958342572,0.0,4.531749290761402,0.0,4.018438155869937,0.0,0.5704024541410398,0.0,-3.794921128682166,0.0,0.9556820614134599,0.0,""
"2026-09-25 17:18:19","git-master-bddc7a050319718b5e4e0856afec0bc9ea96418f","C:\Users\marco\Desktop\ds004507\derivatives\labels\sub-006\ses-headDown\anat\sub-006_ses-headDown_T2w_seg-manual.nii.gz","955","1","",69.04023679833513,0.0,-1.845796328842663,0.0,6.604082617469587,0.0,8.36984705919369,0.0,8.405588249589302,0.0,10.543197732861564,0.0,4.464940434483326,0.0,3.904906624710364,0.0,0.6024771836113456,0.0,-3.5502964198555236,0.0,0.9600325833056842,0.0,""
"2026-09-25 17:18:19","git-master-bddc7a050319718b5e4e0856afec0bc9ea96418f","C:\Users\marco\Desktop\ds004507\derivatives\labels\sub-006\ses-headDown\anat\sub-006_ses-headDown_T2w_seg-manual.nii.gz","956","1","",69.95651983954993,0.0,-1.798585964766313,0.0,6.982891178870088,0.0,8.313482961626981,0.0,8.38213459796123,0.0,10.671503659690986,0.0,4.396937655306663,0.0,3.9165453063203186,0.0,0.6188738628320123,0.0,-3.567780228577429,0.0,0.9655266422963389,0.0,""
"2026-09-25 17:18:19","git-master-bddc7a050319718b5e4e0856afec0bc9ea96418f","C:\Users\marco\Desktop\ds004507\derivatives\labels\sub-006\ses-headDown\anat\sub-006_ses-headDown_T2w_seg-manual.nii.gz","957","1","",71.55664688618407,0.0,-1.7541607244520903,0.0,7.366516512912843,0.0,8.378905003750496,0.0,8.497467743014052,0.0,10.740538397294646,0.0,4.336561673395555,0.0,4.042343330354941,0.0,0.6115295472047975,0.0,-4.192245748050655,0.0,0.9697787217381968,0.0,""
"2026-09-25 17:18:19","git-master-bddc7a050319718b5e4e0856afec0bc9ea96418f","C:\Users\marco\Desktop\ds004507\derivatives\labels\sub-006\ses-headDown\anat\sub-006_ses-headDown_T2w_seg-manual.nii.gz","958","1","",71.23139158909551,0.0,-1.7138534308992448,0.0,7.757165689323269,0.0,8.308012182247872,0.0,8.372846535933256,0.0,10.817960674325738,0.0,4.398309669109546,0.0,3.909702513138325,0.0,0.6329747241674895,0.0,-3.5023871779362654,0.0,0.9730249452590636,0.0,""
"2026-09-25 17:18:19","git-master-bddc7a050319718b5e4e0856afec0bc9ea96418f","C:\Users\marco\Desktop\ds004507\derivatives\labels\sub-006\ses-headDown\anat\sub-006_ses-headDown_T2w_seg-manual.nii.gz","959","1","",71.63353645258424,0.0,-1.6766957631616592,0.0,8.153094845504334,0.0,8.28428872249682,0.0,8.342227614309776,0.0,10.912955970095929,0.0,4.406026410022699,0.0,3.8782623124741207,0.0,0.6446336437917741,0.0,-3.9079937899914503,0.0,0.9690943147813046,0.0,""
"2026-09-25 17:18:19","git-master-bddc7a050319718b5e4e0856afec0bc9ea96418f","C:\Users\marco\Desktop\ds004507\derivatives\labels\sub-006\ses-headDown\anat\sub-006_ses-headDown_T2w_seg-manual.nii.gz","960","1","",72.10657417183624,0.0,-1.6423245407108598,0.0,8.55364972368407,0.0,8.338198633654791,0.0,8.42080293869405,0.0,10.943270254857966,0.0,4.413542217005285,0.0,3.924656416649507,0.0,0.6379413068516145,0.0,-3.9040751467262442,0.0,0.9640068190113771,0.0,""
"2026-09-25 17:18:19","git-master-bddc7a050319718b5e4e0856afec0bc9ea96418f","C:\Users\marco\Desktop\ds004507\derivatives\labels\sub-006\ses-headDown\anat\sub-006_ses-headDown_T2w_seg-manual.nii.gz","961","1","",72.08616737854781,0.0,-1.610982300110106,0.0,8.959187694370893,0.0,8.512269174970402,0.0,8.644011697066407,0.0,10.823343394400286,0.0,4.4682631137807,0.0,4.044006061189703,0.0,0.6016428929921379,0.0,-2.0814246411056505,0.0,0.9628349399392461,0.0,""
"2026-09-25 17:18:19","git-master-bddc7a050319718b5e4e0856afec0bc9ea96418f","C:\Users\marco\Desktop\ds004507\derivatives\labels\sub-006\ses-headDown\anat\sub-006_ses-headDown_T2w_seg-manual.nii.gz","962","1","",71.19495501945741,0.0,-1.5838812151882233,0.0,9.371561936989965,0.0,8.480285908832432,0.0,8.528009449211718,0.0,10.729264367633757,0.0,4.4282298959215876,0.0,4.052056012910844,0.0,0.6068200633013672,0.0,-1.0894633151676383,0.0,0.9559288648131931,0.0,""
"2026-09-25 17:18:19","git-master-bddc7a050319718b5e4e0856afec0bc9ea96418f","C:\Users\marco\Desktop\ds004507\derivatives\labels\sub-006\ses-headDown\anat\sub-006_ses-headDown_T2w_seg-manual.nii.gz","963","1","",70.44198383714647,0.0,-1.5595674627108775,0.0,9.788339249530711,0.0,8.455843745730924,0.0,8.45266007965358,0.0,10.620813262484178,0.0,4.423393124004976,0.0,4.032450621725948,0.0,0.6053994334734163,0.0,-1.3217612404358974,0.0,0.9576656051522217,0.0,""
"2026-09-25 17:18:19","git-master-bddc7a050319718b5e4e0856afec0bc9ea96418f","C:\Users\marco\Desktop\ds004507\derivatives\labels\sub-006\ses-headDown\anat\sub-006_ses-headDown_T2w_seg-manual.nii.gz","964","1","",70.0791485944616,0.0,-1.5380411471121846,0.0,10.209479560539272,0.0,8.420503714066559,0.0,8.440340941653336,0.0,10.555493384647887,0.0,4.455255442513104,0.0,3.9652482715534556,0.0,0.6004525002475383,0.0,-2.007431719973419,0.0,0.9650914226261551,0.0,""
"2026-09-25 17:18:19","git-master-bddc7a050319718b5e4e0856afec0bc9ea96418f","C:\Users\marco\Desktop\ds004507\derivatives\labels\sub-006\ses-headDown\anat\sub-006_ses-headDown_T2w_seg-manual.nii.gz","965","1","",70.77444208952025,0.0,-1.5201508485315278,0.0,10.636216637842525,0.0,8.27538716384457,0.0,8.502114259336588,0.0,10.726773778810962,0.0,4.511792338665999,0.0,3.763594825178572,0.0,0.609675559865641,0.0,-0.7935436016232105,0.0,0.9676076235402278,0.0,""
"2026-09-25 17:18:19","git-master-bddc7a050319718b5e4e0856afec0bc9ea96418f","C:\Users\marco\Desktop\ds004507\derivatives\labels\sub-006\ses-headDown\anat\sub-006_ses-headDown_T2w_seg-manual.nii.gz","966","1","",71.02766030825892,0.0,-1.505896823512479,0.0,11.068407525842462,0.0,8.280828605748022,0.0,8.516146465008863,0.0,10.734173354192057,0.0,4.4479695051690085,0.0,3.832859100579015,0.0,0.6087317121083723,0.0,-1.585565103802755,0.0,0.9700833601289869,0.0,""
"2026-09-25 17:18:19","git-master-bddc7a050319718b5e4e0856afec0bc9ea96418f","C:\Users\marco\Desktop\ds004507\derivatives\labels\sub-006\ses-headDown\anat\sub-006_ses-headDown_T2w_seg-manual.nii.gz","967","1","",71.28496129846671,0.0,-1.4944307083969937,0.0,11.504699323776332,0.0,8.294561631541347,0.0,8.499975904087473,0.0,10.712346295785963,0.0,4.383766780903067,0.0,3.910794850638279,0.0,0.6085960425324288,0.0,-2.7637915320262305,0.0,0.9725216555794371,0.0,""
"2026-09-25 17:18:19","git-master-bddc7a050319718b5e4e0856afec0bc9ea96418f","C:\Users\marco\Desktop\ds004507\derivatives\labels\sub-006\ses-headDown\anat\sub-006_ses-headDown_T2w_seg-manual.nii.gz","968","1","",71.66070054517161,0.0,-1.4857525552036002,0.0,11.945046326791546,0.0,8.27538283316541,0.0,8.463217003563715,0.0,10.708494276213905,0.0,4.352334949244789,0.0,3.92304788392062,0.0,0.6126790626270322,0.0,-3.9374459803088895,0.0,0.9742545407070453,0.0,""
"2026-09-25 17:18:19","git-master-bddc7a050319718b5e4e0856afec0bc9ea96418f","C:\Users\marco\Desktop\ds004507\derivatives\labels\sub-006\ses-headDown\anat\sub-006_ses-headDown_T2w_seg-manual.nii.gz","969","1","",71.64608593936751,0.0,-1.481317083668584,0.0,12.391395660387767,0.0,8.29669653340416,0.0,8.50401943301297,0.0,10.812205917877364,0.0,4.258066428227576,0.0,4.038630105176583,0.0,0.6175380401390093,0.0,-6.91086825708188,0.0,0.9642858578369713,0.0,""
"2026-09-25 17:18:19","git-master-bddc7a050319718b5e4e0856afec0bc9ea96418f","C:\Users\marco\Desktop\ds004507\derivatives\labels\sub-006\ses-headDown\anat\sub-006_ses-headDown_T2w_seg-manual.nii.gz","970","1","",71.98065674584686,0.0,-1.4799121494338139,0.0,12.84189411765261,0.0,8.522884626905492,0.0,8.60315025677029,0.0,10.726147514291263,0.0,4.3605017600171925,0.0,4.1623828668883,0.0,0.5962554527210043,0.0,-5.49946409616769,0.0,0.9612807780512106,0.0,""
"2026-09-25 17:18:19","git-master-bddc7a050319718b5e4e0856afec0bc9ea96418f","C:\Users\marco\Desktop\ds004507\derivatives\labels\sub-006\ses-headDown\anat\sub-006_ses-headDown_T2w_seg-manual.nii.gz","971","1","",72.51757578720455,0.0,-1.4812953092675007,0.0,13.296146188469875,0.0,8.744444135052714,0.0,8.712481740594466,0.0,10.6053070223548,0.0,4.502436566057013,0.0,4.2420075689956995,0.0,0.5701557846531032,0.0,-3.2638013900395695,0.0,0.9631100182625584,0.0,""
"2026-09-25 17:18:19","git-master-bddc7a050319718b5e4e0856afec0bc9ea96418f","C:\Users\marco\Desktop\ds004507\derivatives\labels\sub-006\ses-headDown\anat\sub-006_ses-headDown_T2w_seg-manual.nii.gz","972","1","",73.13660575233857,0.0,-1.4858302273078068,0.0,13.754563067376104,0.0,8.722624038915942,0.0,8.77974766085261,0.0,10.617557063836976,0.0,4.514564303685572,0.0,4.20805973523037,0.0,0.5623290832605539,0.0,-4.054676117254458,0.0,0.9684653087859598,0.0,""
"2026-09-25 17:18:19","git-master-bddc7a050319718b5e4e0856afec0bc9ea96418f","C:\Users\marco\Desktop\ds004507\derivatives\labels\sub-006\ses-headDown\anat\sub-006_ses-headDown_T2w_seg-manual.nii.gz","973","1","",74.06599097585898,0.0,-1.494486605217109,0.0,14.218221380426513,0.0,9.090735441987382,0.0,9.06548016700658,0.0,10.482522160285436,0.0,4.699853706569891,0.0,4.390881735417493,0.0,0.4989869381002097,0.0,-5.117769046092803,0.0,0.9732582936067871,0.0,""
"2026-09-25 17:18:19","git-master-bddc7a050319718b5e4e0856afec0bc9ea96418f","C:\Users\marco\Desktop\ds004507\derivatives\labels\sub-006\ses-headDown\anat\sub-006_ses-headDown_T2w_seg-manual.nii.gz","974","1","",74.55866896075499,0.0,-1.505930946641506,0.0,14.685300086993665,0.0,9.29828266204924,0.0,9.20617936703159,0.0,10.381470737414798,0.0,4.771999742267315,0.0,4.526282919781926,0.0,0.46208062392968535,0.0,-4.229296185076579,0.0,0.9746878276317539,0.0,""
"2026-09-25 17:18:19","git-master-bddc7a050319718b5e4e0856afec0bc9ea96418f","C:\Users\marco\Desktop\ds004507\derivatives\labels\sub-006\ses-headDown\anat\sub-006_ses-headDown_T2w_seg-manual.nii.gz","975","1","",75.12904795297119,0.0,-1.520163201290507,0.0,15.155741420109305,0.0,9.376879505957612,0.0,9.262810507025065,0.0,10.341086028501008,0.0,4.764984980333871,0.0,4.611894525623742,0.0,0.44369832674981374,0.0,-0.1163087368931679,0.0,0.9727229651553165,0.0,""
"2026-09-25 17:18:19","git-master-bddc7a050319718b5e4e0856afec0bc9ea96418f","C:\Users\marco\Desktop\ds004507\derivatives\labels\sub-006\ses-headDown\anat\sub-006_ses-headDown_T2w_seg-manual.nii.gz","976","1","",78.13901743525855,0.0,-1.5381529335287412,0.0,15.630566151261974,0.0,9.645475566066553,0.0,9.606683741639927,0.0,10.407828972840074,0.0,4.912960863489966,0.0,4.7325147025765855,0.0,0.38341385846467313,0.0,11.980559764747087,0.0,0.9677736487070292,0.0,""
"2026-09-25 17:18:19","git-master-bddc7a050319718b5e4e0856afec0bc9ea96418f","C:\Users\marco\Desktop\ds004507\derivatives\labels\sub-006\ses-headDown\anat\sub-006_ses-headDown_T2w_seg-manual.nii.gz","977","1","",78.28944108143124,0.0,-1.5596574759313948,0.0,16.10929663902174,0.0,9.454168525272994,0.0,9.494632236048236,0.0,10.541639359265842,0.0,4.881455886117931,0.0,4.572712639155062,0.0,0.4301630274516852,0.0,8.337895531806382,0.0,0.9722018572399397,0.0,""
"2026-09-25 17:18:19","git-master-bddc7a050319718b5e4e0856afec0bc9ea96418f","C:\Users\marco\Desktop\ds004507\derivatives\labels\sub-006\ses-headDown\anat\sub-006_ses-headDown_T2w_seg-manual.nii.gz","978","1","",77.73710568700528,0.0,-1.5839494603861966,0.0,16.591020822988337,0.0,9.249459652189019,0.0,9.319581706880248,0.0,10.63969684619964,0.0,4.80413984697336,0.0,4.44531980521566,0.0,0.4822853654872721,0.0,1.165880461700433,0.0,0.9768235216670557,0.0,""
"2026-09-25 17:18:19","git-master-bddc7a050319718b5e4e0856afec0bc9ea96418f","C:\Users\marco\Desktop\ds004507\derivatives\labels\sub-006\ses-headDown\anat\sub-006_ses-headDown_T2w_seg-manual.nii.gz","979","1","",77.42425678390539,0.0,-1.6110287846127611,0.0,17.075676117991556,0.0,9.224315064131932,0.0,9.251714656661308,0.0,10.659355872140837,0.0,4.740876796644455,0.0,4.483438267487477,0.0,0.49639047322553004,0.0,-4.559647657998331,0.0,0.97786719207457,0.0,""
"2026-09-25 17:18:19","git-master-bddc7a050319718b5e4e0856afec0bc9ea96418f","C:\Users\marco\Desktop\ds004507\derivatives\labels\sub-006\ses-headDown\anat\sub-006_ses-headDown_T2w_seg-manual.nii.gz","980","1","",81.18783473371002,0.0,-1.642470428319421,0.0,17.564673615794035,0.0,9.672374936417967,0.0,9.728021629186829,0.0,10.721295379573421,0.0,4.988113836749426,0.0,4.68426109966854,0.0,0.41717225359022064,0.0,-1.11635677750303,0.0,0.9764771083574673,0.0,""
"2026-09-25 17:18:19","git-master-bddc7a050319718b5e4e0856afec0bc9ea96418f","C:\Users\marco\Desktop\ds004507\derivatives\labels\sub-006\ses-headDown\anat\sub-006_ses-headDown_T2w_seg-manual.nii.gz","981","1","",80.41300221451992,0.0,-1.67681988492041,0.0,18.056390191758897,0.0,9.533002249559663,0.0,9.698859006343627,0.0,10.620322585183377,0.0,4.9806583193859435,0.0,4.55234393017372,0.0,0.4071383697554942,0.0,0.09852569045583007,0.0,0.9817073263758839,0.0,""
"2026-09-25 17:18:19","git-master-bddc7a050319718b5e4e0856afec0bc9ea96418f","C:\Users\marco\Desktop\ds004507\derivatives\labels\sub-006\ses-headDown\anat\sub-006_ses-headDown_T2w_seg-manual.nii.gz","982","1","",79.20236942718343,0.0,-1.7139557965995555,0.0,18.550637583285607,0.0,9.28464606137263,0.0,9.546724115570548,0.0,10.577186955990651,0.0,4.916597807667606,0.0,4.368048253705026,0.0,0.4303501481978039,0.0,-1.0941846693802,0.0,0.983990339703975,0.0,""
"2026-09-25 17:18:19","git-master-bddc7a050319718b5e4e0856afec0bc9ea96418f","C:\Users\marco\Desktop\ds004507\derivatives\labels\sub-006\ses-headDown\anat\sub-006_ses-headDown_T2w_seg-manual.nii.gz","983","1","",83.45250122675625,0.0,-1.754362460631767,0.0,19.047741525016836,0.0,9.601154537346604,0.0,9.801813384613546,0.0,10.928470914246262,0.0,5.0721916764887665,0.0,4.528962860857837,0.0,0.44214312367975805,0.0,-5.528348360927661,0.0,0.9686337090799915,0.0,""
"2026-09-25 17:18:19","git-master-bddc7a050319718b5e4e0856afec0bc9ea96418f","C:\Users\marco\Desktop\ds004507\derivatives\labels\sub-006\ses-headDown\anat\sub-006_ses-headDown_T2w_seg-manual.nii.gz","984","1","",84.32699585979718,0.0,-1.7987659368205702,0.0,19.548084135817952,0.0,9.594080372355961,0.0,9.771279844060212,0.0,11.039257809651426,0.0,4.943560833692288,0.0,4.650519538663672,0.0,0.4649066203008744,0.0,-8.075932591411963,0.0,0.9671736118979541,0.0,""
