Timestamp,SCT Version,Filename,Slice (I->S),VertLevel,DistancePMJ,MEAN(area),STD(area),MEAN(angle_AP),STD(angle_AP),MEAN(angle_RL),STD(angle_RL),MEAN(diameter_AP),STD(diameter_AP),MEAN(diameter_AP_ellipse),STD(diameter_AP_ellipse),MEAN(diameter_RL),STD(diameter_RL),MEAN(length_anterior),STD(length_anterior),MEAN(length_posterior),STD(length_posterior),MEAN(eccentricity),STD(eccentricity),MEAN(orientation),STD(orientation),MEAN(solidity),STD(solidity),SUM(length)
"2026-09-25 17:16:12","git-master-bddc7a050319718b5e4e0856afec0bc9ea96418f","C:\Users\marco\Desktop\ds004507\derivatives\labels\sub-005\ses-headDown\anat\sub-005_ses-headDown_T2w_seg-manual.nii.gz","647","9","","","","","","","","","","","","","","","","","","","","","","","",""
"2026-09-25 17:16:12","git-master-bddc7a050319718b5e4e0856afec0bc9ea96418f","C:\Users\marco\Desktop\ds004507\derivatives\labels\sub-005\ses-headDown\anat\sub-005_ses-headDown_T2w_seg-manual.nii.gz","648","9","","","","","","","","","","","","","","","","","","","","","","","",""
"2026-09-25 17:16:12","git-master-bddc7a050319718b5e4e0856afec0bc9ea96418f","C:\Users\marco\Desktop\ds004507\derivatives\labels\sub-005\ses-headDown\anat\sub-005_ses-headDown_T2w_seg-manual.nii.gz","649","9","","","","","","","","","","","","","","","","","","","","","","","",""
"2026-09-25 17:16:12","git-master-bddc7a050319718b5e4e0856afec0bc9ea96418f","C:\Users\marco\Desktop\ds004507\derivatives\labels\sub-005\ses-headDown\anat\sub-005_ses-headDown_T2w_seg-manual.nii.gz","650","9","","","","","","","","","","","","","","","","","","","","","","","",""
"2026-09-25 17:16:12","git-master-bddc7a050319718b5e4e0856afec0bc9ea96418f","C:\Users\marco\Desktop\ds004507\derivatives\labels\sub-005\ses-headDown\anat\sub-005_ses-headDown_T2w_seg-manual.nii.gz","651","9","","","","","","","","","","","","","","","","","","","","","","","",""
"2026-09-25 17:16:12","git-master-bddc7a050319718b5e4e0856afec0bc9ea96418f","C:\Users\marco\Desktop\ds004507\derivatives\labels\sub-005\ses-headDown\anat\sub-005_ses-headDown_T2w_seg-manual.nii.gz","652","9","","","","","","","","","","","","","","","","","","","","","","","",""
"2026-09-25 17:16:12","git-master-bddc7a050319718b5e4e0856afec0bc9ea96418f","C:\Users\marco\Desktop\ds004507\derivatives\labels\sub-005\ses-headDown\anat\sub-005_ses-headDown_T2w_seg-manual.nii.gz","653","9","","","","","","","","","","","","","","","","","","","","","","","",""
"2026-09-25 17:16:12","git-master-bddc7a050319718b5e4e0856afec0bc9ea96418f","C:\Users\marco\Desktop\ds004507\derivatives\labels\sub-005\ses-headDown\anat\sub-005_ses-headDown_T2w_seg-manual.nii.gz","654","9","","","","","","","","","","","","","","","","","","","","","","","",""
"2026-09-25 17:16:12","git-master-bddc7a050319718b5e4e0856afec0bc9ea96418f","C:\Users\marco\Desktop\ds004507\derivatives\labels\sub-005\ses-headDown\anat\sub-005_ses-headDown_T2w_seg-manual.nii.gz","655","9","","","","","","","","","","","","","","","","","","","","","","","",""
"2026-09-25 17:16:12","git-master-bddc7a050319718b5e4e0856afec0bc9ea96418f","C:\Users\marco\Desktop\ds004507\derivatives\labels\sub-005\ses-headDown\anat\sub-005_ses-headDown_T2w_seg-manual.nii.gz","656","9","","","","","","","","","","","","","","","","","","","","","","","",""
"2026-09-25 17:16:12","git-master-bddc7a050319718b5e4e0856afec0bc9ea96418f","C:\Users\marco\Desktop\ds004507\derivatives\labels\sub-005\ses-headDown\anat\sub-005_ses-headDown_T2w_seg-manual.nii.gz","657","9","",9.2224434966854,0.0,-68.34417165305123,0.0,36.29176467979187,0.0,2.7196221332006285,0.0,3.5464062509896026,0.0,3.330555136350443,0.0,1.4343908490039006,0.0,1.285231284196728,0.0,0.3435476300943911,0.0,-78.55857662156203,0.0,0.9408658922914467,0.0,""
"2026-09-25 17:16:12","git-master-bddc7a050319718b5e4e0856afec0bc9ea96418f","C:\Users\marco\Desktop\ds004507\derivatives\labels\sub-005\ses-headDown\anat\sub-005_ses-headDown_T2w_seg-manual.nii.gz","658","9","",22.411516725186274,0.0,-14.987332650835548,0.0,24.705607299843408,0.0,3.689489672913282,0.0,3.8635267473057686,0.0,7.233305827781866,0.0,1.7630355202985106,0.0,1.9264541526147712,0.0,0.7587354976703968,0.0,-21.072120380970496,0.0,0.9191388842487784,0.0,""
"2026-09-25 17:16:12","git-master-bddc7a050319718b5e4e0856afec0bc9ea96418f","C:\Users\marco\Desktop\ds004507\derivatives\labels\sub-005\ses-headDown\anat\sub-005_ses-headDown_T2w_seg-manual.nii.gz","659","9","",29.994129765956284,0.0,10.223488421533851,0.0,20.113785836529733,0.0,4.878691568067303,0.0,4.904594596334821,0.0,7.750433774942296,0.0,2.417663697190976,0.0,2.461027870876327,0.0,0.7354723901489058,0.0,-2.8961040150823396,0.0,0.9428558353131317,0.0,""
"2026-09-25 17:16:12","git-master-bddc7a050319718b5e4e0856afec0bc9ea96418f","C:\Users\marco\Desktop\ds004507\derivatives\labels\sub-005\ses-headDown\anat\sub-005_ses-headDown_T2w_seg-manual.nii.gz","660","9","",30.97154608412073,0.0,12.991662815802698,0.0,22.95242669836489,0.0,5.246422371989642,0.0,5.353813058317348,0.0,7.270659243142425,0.0,2.6766923083607166,0.0,2.569730063628925,0.0,0.6662151512730374,0.0,-4.64906041714414,0.0,0.9649949185027885,0.0,""
"2026-09-25 17:16:12","git-master-bddc7a050319718b5e4e0856afec0bc9ea96418f","C:\Users\marco\Desktop\ds004507\derivatives\labels\sub-005\ses-headDown\anat\sub-005_ses-headDown_T2w_seg-manual.nii.gz","661","9","",26.41341101181424,0.0,2.4804456660318053,0.0,31.86361147438632,0.0,4.380896780252291,0.0,4.5761686237431904,0.0,7.437068523206173,0.0,2.218150392108428,0.0,2.1627463881438636,0.0,0.7877558759718041,0.0,-10.256534530024839,0.0,0.9577435498130439,0.0,""
"2026-09-25 17:16:12","git-master-bddc7a050319718b5e4e0856afec0bc9ea96418f","C:\Users\marco\Desktop\ds004507\derivatives\labels\sub-005\ses-headDown\anat\sub-005_ses-headDown_T2w_seg-manual.nii.gz","662","9","",26.96236336665083,0.0,8.982873010727358,0.0,37.16048538146769,0.0,4.282889754564785,0.0,4.417591344347839,0.0,7.785336521614083,0.0,2.2195478620773788,0.0,2.0633418924874056,0.0,0.8226847540236749,0.0,-7.4017228655427285,0.0,0.956382866551492,0.0,""
"2026-09-25 17:16:12","git-master-bddc7a050319718b5e4e0856afec0bc9ea96418f","C:\Users\marco\Desktop\ds004507\derivatives\labels\sub-005\ses-headDown\anat\sub-005_ses-headDown_T2w_seg-manual.nii.gz","663","9","",35.96860750167956,0.0,11.631580084114649,0.0,30.730295509267474,0.0,5.272776723636352,0.0,5.362543896662299,0.0,8.482963531729304,0.0,2.6453190768322905,0.0,2.6274576468040616,0.0,0.7743398933192777,0.0,-4.692808831565977,0.0,0.9448517553233227,0.0,""
"2026-09-25 17:16:12","git-master-bddc7a050319718b5e4e0856afec0bc9ea96418f","C:\Users\marco\Desktop\ds004507\derivatives\labels\sub-005\ses-headDown\anat\sub-005_ses-headDown_T2w_seg-manual.nii.gz","664","9","",36.64082130703409,0.0,12.159292246805538,0.0,18.020228831193407,0.0,5.726241624162986,0.0,5.816887235661327,0.0,8.023914065447595,0.0,2.8499908587789236,0.0,2.8762507653840625,0.0,0.6671950133103685,0.0,-6.90144359027547,0.0,0.9474163558044056,0.0,""
"2026-09-25 17:16:12","git-master-bddc7a050319718b5e4e0856afec0bc9ea96418f","C:\Users\marco\Desktop\ds004507\derivatives\labels\sub-005\ses-headDown\anat\sub-005_ses-headDown_T2w_seg-manual.nii.gz","665","9","",30.04075165350271,0.0,11.473776032439769,0.0,6.18547395039225,0.0,5.314038477235,0.0,5.497799943791908,0.0,7.0636017873351244,0.0,2.6483630263016504,0.0,2.6656754509333496,0.0,0.6005938202634638,0.0,-9.913032026391289,0.0,0.9606589870859574,0.0,""
"2026-09-25 17:16:12","git-master-bddc7a050319718b5e4e0856afec0bc9ea96418f","C:\Users\marco\Desktop\ds004507\derivatives\labels\sub-005\ses-headDown\anat\sub-005_ses-headDown_T2w_seg-manual.nii.gz","666","9","",31.320151712044847,0.0,10.588696030468144,0.0,9.161874233076155,0.0,4.418926951297573,0.0,4.881292649216475,0.0,8.366117486116114,0.0,2.0567175796390686,0.0,2.3622093716585044,0.0,0.8054865827419047,0.0,0.13930994754150383,0.0,0.9579514151841908,0.0,""
"2026-09-25 17:16:12","git-master-bddc7a050319718b5e4e0856afec0bc9ea96418f","C:\Users\marco\Desktop\ds004507\derivatives\labels\sub-005\ses-headDown\anat\sub-005_ses-headDown_T2w_seg-manual.nii.gz","667","9","",36.652307214654975,0.0,9.46119883074046,0.0,20.050027110510086,0.0,5.4065608197701955,0.0,5.604898342638316,0.0,8.377482102976893,0.0,2.6323786967588503,0.0,2.7741821230113453,0.0,0.7384441574836142,0.0,-1.3151403236576296,0.0,0.9549508127341746,0.0,""
"2026-09-25 17:16:12","git-master-bddc7a050319718b5e4e0856afec0bc9ea96418f","C:\Users\marco\Desktop\ds004507\derivatives\labels\sub-005\ses-headDown\anat\sub-005_ses-headDown_T2w_seg-manual.nii.gz","668","9","",38.897921782478456,0.0,8.146129768474763,0.0,25.20480059674148,0.0,5.861526019158952,0.0,5.954966380568978,0.0,8.326830487286383,0.0,2.9149447678799265,0.0,2.9465812512790257,0.0,0.6988869855799212,0.0,-2.900437268352552,0.0,0.956658949737535,0.0,""
"2026-09-25 17:16:12","git-master-bddc7a050319718b5e4e0856afec0bc9ea96418f","C:\Users\marco\Desktop\ds004507\derivatives\labels\sub-005\ses-headDown\anat\sub-005_ses-headDown_T2w_seg-manual.nii.gz","669","9","",39.66973392186375,0.0,6.734611437564609,0.0,25.265527841606364,0.0,6.107205345424216,0.0,6.211646878191081,0.0,8.170786636327703,0.0,3.107851177360123,0.0,2.9993541680640927,0.0,0.6369598312683593,0.0,0.9618953863172499,0.0,0.9574803831645223,0.0,""
"2026-09-25 17:16:12","git-master-bddc7a050319718b5e4e0856afec0bc9ea96418f","C:\Users\marco\Desktop\ds004507\derivatives\labels\sub-005\ses-headDown\anat\sub-005_ses-headDown_T2w_seg-manual.nii.gz","670","9","",41.346472015637744,0.0,5.338806296741963,0.0,22.65996553100916,0.0,6.68647136920959,0.0,6.800053621477528,0.0,7.780158544091805,0.0,3.5405388796719084,0.0,3.1459324895376812,0.0,0.4839820698957385,0.0,13.835163673717918,0.0,0.9513921137793379,0.0,""
"2026-09-25 17:16:12","git-master-bddc7a050319718b5e4e0856afec0bc9ea96418f","C:\Users\marco\Desktop\ds004507\derivatives\labels\sub-005\ses-headDown\anat\sub-005_ses-headDown_T2w_seg-manual.nii.gz","671","9","",38.85983987511042,0.0,4.222622944581762,0.0,20.886797484343777,0.0,5.921273617347083,0.0,6.164301838899452,0.0,8.03329194678196,0.0,3.048114543714579,0.0,2.8731590736325043,0.0,0.6330944074529603,0.0,1.871447902780064,0.0,0.956509250576318,0.0,""
"2026-09-25 17:16:12","git-master-bddc7a050319718b5e4e0856afec0bc9ea96418f","C:\Users\marco\Desktop\ds004507\derivatives\labels\sub-005\ses-headDown\anat\sub-005_ses-headDown_T2w_seg-manual.nii.gz","672","9","",41.26191874248656,0.0,3.325394711789302,0.0,19.82583201213361,0.0,6.022890537398451,0.0,6.239043639933925,0.0,8.429574068842445,0.0,3.075008362181423,0.0,2.9478821752170288,0.0,0.6724350626686254,0.0,-1.0682298426441899,0.0,0.9680706425029674,0.0,""
"2026-09-25 17:16:12","git-master-bddc7a050319718b5e4e0856afec0bc9ea96418f","C:\Users\marco\Desktop\ds004507\derivatives\labels\sub-005\ses-headDown\anat\sub-005_ses-headDown_T2w_seg-manual.nii.gz","673","9","",43.44048938555998,0.0,2.637350684210193,0.0,19.45966150584111,0.0,6.242872377040603,0.0,6.451643802421187,0.0,8.653466161565415,0.0,3.1642448414003814,0.0,3.078627535640222,0.0,0.6662941027897581,0.0,-0.011194010150122558,0.0,0.9628834604463237,0.0,""
"2026-09-25 17:16:12","git-master-bddc7a050319718b5e4e0856afec0bc9ea96418f","C:\Users\marco\Desktop\ds004507\derivatives\labels\sub-005\ses-headDown\anat\sub-005_ses-headDown_T2w_seg-manual.nii.gz","674","9","",43.10147230700032,0.0,2.1593484323804115,0.0,19.701458660341338,0.0,6.211547812631015,0.0,6.473928062328525,0.0,8.620233885370643,0.0,3.1120869468371013,0.0,3.099460865793913,0.0,0.6597814439635777,0.0,2.4406293612575576,0.0,0.9359823325326088,0.0,""
"2026-09-25 17:16:12","git-master-bddc7a050319718b5e4e0856afec0bc9ea96418f","C:\Users\marco\Desktop\ds004507\derivatives\labels\sub-005\ses-headDown\anat\sub-005_ses-headDown_T2w_seg-manual.nii.gz","675","9","",42.1909548204835,0.0,1.9363838882977942,0.0,20.236865648230438,0.0,6.065044224398528,0.0,6.198374330734711,0.0,8.707698320928243,0.0,3.1052332610934577,0.0,2.9598109633050704,0.0,0.7018862362918165,0.0,6.887197898063478,0.0,0.9208177207562277,0.0,""
"2026-09-25 17:16:12","git-master-bddc7a050319718b5e4e0856afec0bc9ea96418f","C:\Users\marco\Desktop\ds004507\derivatives\labels\sub-005\ses-headDown\anat\sub-005_ses-headDown_T2w_seg-manual.nii.gz","676","9","",44.92478913381899,0.0,1.968769075578606,0.0,20.50780878346919,0.0,6.559619191752295,0.0,6.683021701787401,0.0,8.578636304157504,0.0,3.3238595831591438,0.0,3.2357596085931513,0.0,0.62073458013179,0.0,5.7710647711259915,0.0,0.9411971702370764,0.0,""
"2026-09-25 17:16:12","git-master-bddc7a050319718b5e4e0856afec0bc9ea96418f","C:\Users\marco\Desktop\ds004507\derivatives\labels\sub-005\ses-headDown\anat\sub-005_ses-headDown_T2w_seg-manual.nii.gz","677","9","",47.73000132671041,0.0,2.21203002097778,0.0,20.562210975844874,0.0,7.032102611194394,0.0,7.154447839384807,0.0,8.49091303483923,0.0,3.543748137060103,0.0,3.488354474134291,0.0,0.5357831516461362,0.0,2.101837449621674,0.0,0.9576270896428999,0.0,""
"2026-09-25 17:16:12","git-master-bddc7a050319718b5e4e0856afec0bc9ea96418f","C:\Users\marco\Desktop\ds004507\derivatives\labels\sub-005\ses-headDown\anat\sub-005_ses-headDown_T2w_seg-manual.nii.gz","678","9","",50.06560791134194,0.0,2.665966113212823,0.0,20.400256522340715,0.0,7.327895736817145,0.0,7.4096627736270495,0.0,8.588407628357594,0.0,3.6974979313077223,0.0,3.6303978055094226,0.0,0.5024815239908164,0.0,0.9607458686584451,0.0,0.9621192303135566,0.0,""
"2026-09-25 17:16:12","git-master-bddc7a050319718b5e4e0856afec0bc9ea96418f","C:\Users\marco\Desktop\ds004507\derivatives\labels\sub-005\ses-headDown\anat\sub-005_ses-headDown_T2w_seg-manual.nii.gz","679","9","",52.345021177429516,0.0,3.341334946840436,0.0,20.00996246199966,0.0,7.424193098664205,0.0,7.379543117419259,0.0,9.034534923076793,0.0,3.7490265438403103,0.0,3.6751665548238948,0.0,0.5764395975437925,0.0,10.667282845272466,0.0,0.9556602453313887,0.0,""
"2026-09-25 17:16:12","git-master-bddc7a050319718b5e4e0856afec0bc9ea96418f","C:\Users\marco\Desktop\ds004507\derivatives\labels\sub-005\ses-headDown\anat\sub-005_ses-headDown_T2w_seg-manual.nii.gz","680","9","",48.069637105289175,0.0,4.657320211729705,0.0,19.486594774534613,0.0,6.926803392945237,0.0,7.061820281218495,0.0,8.72358884057428,0.0,3.469063690656282,0.0,3.457739702288955,0.0,0.5871826273629167,0.0,8.114843041437231,0.0,0.9650521662470194,0.0,""
"2026-09-25 17:16:12","git-master-bddc7a050319718b5e4e0856afec0bc9ea96418f","C:\Users\marco\Desktop\ds004507\derivatives\labels\sub-005\ses-headDown\anat\sub-005_ses-headDown_T2w_seg-manual.nii.gz","681","9","",45.66264939550133,0.0,6.675763566604716,0.0,18.981981777466622,0.0,6.662998973684864,0.0,6.742318266852824,0.0,8.587063858033574,0.0,3.3438388518193096,0.0,3.3191601218655546,0.0,0.6183546768579702,0.0,-1.074472602207038,0.0,0.9676228267475865,0.0,""
"2026-09-25 17:16:12","git-master-bddc7a050319718b5e4e0856afec0bc9ea96418f","C:\Users\marco\Desktop\ds004507\derivatives\labels\sub-005\ses-headDown\anat\sub-005_ses-headDown_T2w_seg-manual.nii.gz","682","9","",45.13372996041653,0.0,9.38960402912311,0.0,18.50293925272386,0.0,6.600689931467563,0.0,6.644031482999496,0.0,8.55982790941546,0.0,3.351067919537534,0.0,3.2496220119300285,0.0,0.6297100044275037,0.0,-7.4006822478813925,0.0,0.9631343741597765,0.0,""
"2026-09-25 17:16:12","git-master-bddc7a050319718b5e4e0856afec0bc9ea96418f","C:\Users\marco\Desktop\ds004507\derivatives\labels\sub-005\ses-headDown\anat\sub-005_ses-headDown_T2w_seg-manual.nii.gz","683","9","",46.02217528017304,0.0,12.565959894845708,0.0,18.049867723945315,0.0,6.683515401510216,0.0,6.9154534317995955,0.0,8.545558264299878,0.0,3.4555734983357516,0.0,3.2279419031744645,0.0,0.5871575111350178,0.0,-3.9362906314279296,0.0,0.9537854599137945,0.0,""
"2026-09-25 17:16:12","git-master-bddc7a050319718b5e4e0856afec0bc9ea96418f","C:\Users\marco\Desktop\ds004507\derivatives\labels\sub-005\ses-headDown\anat\sub-005_ses-headDown_T2w_seg-manual.nii.gz","684","9","",47.24908369102744,0.0,13.948396600752949,0.0,17.631710742822992,0.0,7.023201684832316,0.0,7.20603726804829,0.0,8.533580576627354,0.0,3.7409466162056977,0.0,3.282255068626619,0.0,0.5347540027979769,0.0,-4.437513481969637,0.0,0.9547335024984629,0.0,""
"2026-09-25 17:16:12","git-master-bddc7a050319718b5e4e0856afec0bc9ea96418f","C:\Users\marco\Desktop\ds004507\derivatives\labels\sub-005\ses-headDown\anat\sub-005_ses-headDown_T2w_seg-manual.nii.gz","685","9","",49.70977239822036,0.0,11.636679289217,0.0,17.24349929564274,0.0,6.613552083973137,0.0,6.85375943583859,0.0,9.30805792955162,0.0,3.386963555209738,0.0,3.2265885287633993,0.0,0.6550820208443218,0.0,7.840405664673067,0.0,0.9523802418539261,0.0,""
"2026-09-25 17:16:12","git-master-bddc7a050319718b5e4e0856afec0bc9ea96418f","C:\Users\marco\Desktop\ds004507\derivatives\labels\sub-005\ses-headDown\anat\sub-005_ses-headDown_T2w_seg-manual.nii.gz","686","9","",51.10586707459488,0.0,7.484804850855388,0.0,16.882716741396543,0.0,6.262557985004652,0.0,6.463338928235205,0.0,9.963382937157093,0.0,3.0724632290986413,0.0,3.190094755906011,0.0,0.7598761084806667,0.0,12.817084592980413,0.0,0.9578798991272276,0.0,""
"2026-09-25 17:16:12","git-master-bddc7a050319718b5e4e0856afec0bc9ea96418f","C:\Users\marco\Desktop\ds004507\derivatives\labels\sub-005\ses-headDown\anat\sub-005_ses-headDown_T2w_seg-manual.nii.gz","687","9","",50.939748379073045,0.0,2.8246678448940963,0.0,16.549629744107705,0.0,6.242052900056867,0.0,6.303684162766039,0.0,10.178105124811077,0.0,3.027148511016768,0.0,3.2149043890401,0.0,0.7849834087067145,0.0,6.441994843749706,0.0,0.9691070623417299,0.0,""
"2026-09-25 17:16:12","git-master-bddc7a050319718b5e4e0856afec0bc9ea96418f","C:\Users\marco\Desktop\ds004507\derivatives\labels\sub-005\ses-headDown\anat\sub-005_ses-headDown_T2w_seg-manual.nii.gz","688","9","",50.61477742520527,0.0,-0.3536268965472513,0.0,16.24897408917297,0.0,6.38327713233419,0.0,6.469800465716908,0.0,10.083512842074034,0.0,3.113573143882874,0.0,3.269703988451316,0.0,0.7669276887585083,0.0,2.0167611133452175,0.0,0.9638550454996027,0.0,""
"2026-09-25 17:16:12","git-master-bddc7a050319718b5e4e0856afec0bc9ea96418f","C:\Users\marco\Desktop\ds004507\derivatives\labels\sub-005\ses-headDown\anat\sub-005_ses-headDown_T2w_seg-manual.nii.gz","689","9","",47.83143440648757,0.0,-1.8546358781075516,0.0,15.984157871126474,0.0,6.4549600460283365,0.0,6.640822692712655,0.0,9.302186859388566,0.0,3.138097413585465,0.0,3.316862632442871,0.0,0.6940415348189455,0.0,0.723831249478658,0.0,0.9522350515988047,0.0,""
"2026-09-25 17:16:12","git-master-bddc7a050319718b5e4e0856afec0bc9ea96418f","C:\Users\marco\Desktop\ds004507\derivatives\labels\sub-005\ses-headDown\anat\sub-005_ses-headDown_T2w_seg-manual.nii.gz","690","9","",45.48233469167607,0.0,-2.0275832745695754,0.0,15.747972435152203,0.0,6.454512890246743,0.0,6.745015054529573,0.0,8.695063568211168,0.0,3.207755398366607,0.0,3.2467574918801367,0.0,0.6281976752083621,0.0,2.016144532144064,0.0,0.9465877400806539,0.0,""
"2026-09-25 17:16:12","git-master-bddc7a050319718b5e4e0856afec0bc9ea96418f","C:\Users\marco\Desktop\ds004507\derivatives\labels\sub-005\ses-headDown\anat\sub-005_ses-headDown_T2w_seg-manual.nii.gz","691","9","",44.5896446916074,0.0,-1.1855103010938317,0.0,15.540572128660726,0.0,6.417158214870929,0.0,6.743646165671236,0.0,8.522230459450629,0.0,3.271906974154452,0.0,3.1452512407164765,0.0,0.6085154411730017,0.0,3.146827461059267,0.0,0.9499042667079451,0.0,""
"2026-09-25 17:16:12","git-master-bddc7a050319718b5e4e0856afec0bc9ea96418f","C:\Users\marco\Desktop\ds004507\derivatives\labels\sub-005\ses-headDown\anat\sub-005_ses-headDown_T2w_seg-manual.nii.gz","692","9","",45.94513228975135,0.0,0.24109713841655409,0.0,15.362102690906589,0.0,6.395729567743555,0.0,6.601691252459538,0.0,8.956232780521221,0.0,3.236651973590531,0.0,3.1590775941530236,0.0,0.6757773444195705,0.0,0.31172908800619115,0.0,0.9634579244101065,0.0,""
"2026-09-25 17:16:12","git-master-bddc7a050319718b5e4e0856afec0bc9ea96418f","C:\Users\marco\Desktop\ds004507\derivatives\labels\sub-005\ses-headDown\anat\sub-005_ses-headDown_T2w_seg-manual.nii.gz","693","8","",46.1842679650111,0.0,1.793954723419316,0.0,15.184415722237098,0.0,6.4187520316576885,0.0,6.652568320541258,0.0,8.900552664583314,0.0,3.1851482208689257,0.0,3.233603810788763,0.0,0.664337001627571,0.0,-0.15015303644240843,0.0,0.9423312883435583,0.0,""
"2026-09-25 17:16:12","git-master-bddc7a050319718b5e4e0856afec0bc9ea96418f","C:\Users\marco\Desktop\ds004507\derivatives\labels\sub-005\ses-headDown\anat\sub-005_ses-headDown_T2w_seg-manual.nii.gz","694","8","",45.00901453204235,0.0,2.6305287421989725,0.0,15.101917934142282,0.0,6.464965568017034,0.0,6.66891361534452,0.0,8.59355234038808,0.0,3.2495823823962775,0.0,3.2153831856207558,0.0,0.6292204476135489,0.0,0.9132240741518558,0.0,0.9520939148889653,0.0,""
"2026-09-25 17:16:12","git-master-bddc7a050319718b5e4e0856afec0bc9ea96418f","C:\Users\marco\Desktop\ds004507\derivatives\labels\sub-005\ses-headDown\anat\sub-005_ses-headDown_T2w_seg-manual.nii.gz","695","8","",44.30181712475135,0.0,3.367885196882017,0.0,15.03746389039129,0.0,6.4653325816428,0.0,6.656774901280549,0.0,8.437215722507576,0.0,3.269353977944061,0.0,3.1959786036987383,0.0,0.6144039977515396,0.0,0.38351869877161016,0.0,0.9596519978072994,0.0,""
"2026-09-25 17:16:12","git-master-bddc7a050319718b5e4e0856afec0bc9ea96418f","C:\Users\marco\Desktop\ds004507\derivatives\labels\sub-005\ses-headDown\anat\sub-005_ses-headDown_T2w_seg-manual.nii.gz","696","8","",44.06267574313811,0.0,4.00602408746845,0.0,14.991053590984123,0.0,6.419853072534988,0.0,6.6161521783493455,0.0,8.4315428109418,0.0,3.2444630075122767,0.0,3.1753900650227105,0.0,0.6198876520415434,0.0,-1.7392691625831451,0.0,0.9650055370985604,0.0,""
"2026-09-25 17:16:12","git-master-bddc7a050319718b5e4e0856afec0bc9ea96418f","C:\Users\marco\Desktop\ds004507\derivatives\labels\sub-005\ses-headDown\anat\sub-005_ses-headDown_T2w_seg-manual.nii.gz","697","8","",46.586058410129304,0.0,4.446540064173597,0.0,14.980801751697824,0.0,6.501612471213398,0.0,6.675360594868129,0.0,8.866471621242416,0.0,3.198462650872189,0.0,3.3031498203412086,0.0,0.6564144750099559,0.0,1.5142734465378485,0.0,0.9566722019080128,0.0,""
"2026-09-25 17:16:12","git-master-bddc7a050319718b5e4e0856afec0bc9ea96418f","C:\Users\marco\Desktop\ds004507\derivatives\labels\sub-005\ses-headDown\anat\sub-005_ses-headDown_T2w_seg-manual.nii.gz","698","8","",47.6032488303697,0.0,4.788684800043091,0.0,14.988636949853905,0.0,6.558966609434509,0.0,6.72601991881439,0.0,9.006369760743421,0.0,3.1700813117713293,0.0,3.388885297663179,0.0,0.6645991091802119,0.0,3.5747824186742903,0.0,0.9520552598122803,0.0,""
"2026-09-25 17:16:12","git-master-bddc7a050319718b5e4e0856afec0bc9ea96418f","C:\Users\marco\Desktop\ds004507\derivatives\labels\sub-005\ses-headDown\anat\sub-005_ses-headDown_T2w_seg-manual.nii.gz","699","8","",47.1142470038593,0.0,5.0324582950769345,0.0,15.014559185452368,0.0,6.591915487198319,0.0,6.768130150188127,0.0,8.851237229444811,0.0,3.1593189902096976,0.0,3.4325964969886216,0.0,0.6444415545523114,0.0,4.44225775382618,0.0,0.9511547108113632,0.0,""
"2026-09-25 17:16:12","git-master-bddc7a050319718b5e4e0856afec0bc9ea96418f","C:\Users\marco\Desktop\ds004507\derivatives\labels\sub-005\ses-headDown\anat\sub-005_ses-headDown_T2w_seg-manual.nii.gz","700","8","",45.70096205194355,0.0,5.08008802608091,0.0,15.076615969546298,0.0,6.59974228009705,0.0,6.838048971340713,0.0,8.506534312063033,0.0,3.2588707628684945,0.0,3.340871517228556,0.0,0.591883223718765,0.0,-5.127275866642382,0.0,0.9591968344849808,0.0,""
"2026-09-25 17:16:12","git-master-bddc7a050319718b5e4e0856afec0bc9ea96418f","C:\Users\marco\Desktop\ds004507\derivatives\labels\sub-005\ses-headDown\anat\sub-005_ses-headDown_T2w_seg-manual.nii.gz","701","8","",45.047426842463864,0.0,5.029708983224033,0.0,15.15669242211466,0.0,6.547872660607565,0.0,6.844827204482712,0.0,8.394778990703706,0.0,3.2670078663966806,0.0,3.2808647942108844,0.0,0.5783319629403796,0.0,-8.351294831939336,0.0,0.9691142379615432,0.0,""
"2026-09-25 17:16:12","git-master-bddc7a050319718b5e4e0856afec0bc9ea96418f","C:\Users\marco\Desktop\ds004507\derivatives\labels\sub-005\ses-headDown\anat\sub-005_ses-headDown_T2w_seg-manual.nii.gz","702","8","",45.15364137542025,0.0,4.881321166506306,0.0,15.254788543157453,0.0,6.436306628729863,0.0,6.7884648496141216,0.0,8.515971265366828,0.0,3.1837303007942563,0.0,3.252576327935607,0.0,0.6037877722171551,0.0,-5.229799142064684,0.0,0.9809069212410502,0.0,""
"2026-09-25 17:16:12","git-master-bddc7a050319718b5e4e0856afec0bc9ea96418f","C:\Users\marco\Desktop\ds004507\derivatives\labels\sub-005\ses-headDown\anat\sub-005_ses-headDown_T2w_seg-manual.nii.gz","703","8","",45.64628006073357,0.0,4.640677008406105,0.0,15.367038104764655,0.0,6.363762122863228,0.0,6.750950162562671,0.0,8.698186123704312,0.0,3.152016165232726,0.0,3.211745957630503,0.0,0.6298596676589091,0.0,-6.904181458244098,0.0,0.9740360916263173,0.0,""
"2026-09-25 17:16:12","git-master-bddc7a050319718b5e4e0856afec0bc9ea96418f","C:\Users\marco\Desktop\ds004507\derivatives\labels\sub-005\ses-headDown\anat\sub-005_ses-headDown_T2w_seg-manual.nii.gz","704","8","",45.8805576262122,0.0,4.405891818895335,0.0,15.475478696394914,0.0,6.266945091129525,0.0,6.712852585419104,0.0,8.821086067230995,0.0,3.1299392488160707,0.0,3.1370058423134544,0.0,0.6486216573686656,0.0,-7.5956888129145295,0.0,0.9616769306440949,0.0,""
"2026-09-25 17:16:12","git-master-bddc7a050319718b5e4e0856afec0bc9ea96418f","C:\Users\marco\Desktop\ds004507\derivatives\labels\sub-005\ses-headDown\anat\sub-005_ses-headDown_T2w_seg-manual.nii.gz","705","8","",45.856474071856155,0.0,4.176965597973995,0.0,15.580110318048227,0.0,6.145855533528753,0.0,6.674172118183421,0.0,8.884671095946876,0.0,3.1174995515442907,0.0,3.028355981984462,0.0,0.6600737413464245,0.0,-7.304321206075978,0.0,0.9438294382943829,0.0,""
"2026-09-25 17:16:12","git-master-bddc7a050319718b5e4e0856afec0bc9ea96418f","C:\Users\marco\Desktop\ds004507\derivatives\labels\sub-005\ses-headDown\anat\sub-005_ses-headDown_T2w_seg-manual.nii.gz","706","8","",45.86056521640495,0.0,3.9598062190917687,0.0,15.67715670727596,0.0,6.326402339488207,0.0,6.716577741106838,0.0,8.79625391739458,0.0,3.23506859335498,0.0,3.0913337461332273,0.0,0.645506127511912,0.0,-7.690220620115151,0.0,0.9578013169917209,0.0,""
"2026-09-25 17:16:12","git-master-bddc7a050319718b5e4e0856afec0bc9ea96418f","C:\Users\marco\Desktop\ds004507\derivatives\labels\sub-005\ses-headDown\anat\sub-005_ses-headDown_T2w_seg-manual.nii.gz","707","8","",45.573655775398045,0.0,3.7485515232566042,0.0,15.770425867857472,0.0,6.37948293848156,0.0,6.717425410380051,0.0,8.72477982511717,0.0,3.251239572182623,0.0,3.128243366298938,0.0,0.6381339089594289,0.0,-7.680547237577984,0.0,0.9600899450191727,0.0,""
"2026-09-25 17:16:12","git-master-bddc7a050319718b5e4e0856afec0bc9ea96418f","C:\Users\marco\Desktop\ds004507\derivatives\labels\sub-005\ses-headDown\anat\sub-005_ses-headDown_T2w_seg-manual.nii.gz","708","8","",44.99574574883544,0.0,3.5432015104685015,0.0,15.859917799792765,0.0,6.305097330508814,0.0,6.67671512600306,0.0,8.670248819114649,0.0,3.1660124880272202,0.0,3.139084842481594,0.0,0.6379570856889752,0.0,-7.275301058464477,0.0,0.9506953223767383,0.0,""
"2026-09-25 17:16:12","git-master-bddc7a050319718b5e4e0856afec0bc9ea96418f","C:\Users\marco\Desktop\ds004507\derivatives\labels\sub-005\ses-headDown\anat\sub-005_ses-headDown_T2w_seg-manual.nii.gz","709","8","",44.47884527464609,0.0,3.3496975940065763,0.0,15.941884025317751,0.0,6.284685107101072,0.0,6.53968125845327,0.0,8.679943761155698,0.0,3.158290623572429,0.0,3.126394483528643,0.0,0.657276700210561,0.0,-6.268851832368852,0.0,0.9611327344657304,0.0,""
"2026-09-25 17:16:12","git-master-bddc7a050319718b5e4e0856afec0bc9ea96418f","C:\Users\marco\Desktop\ds004507\derivatives\labels\sub-005\ses-headDown\anat\sub-005_ses-headDown_T2w_seg-manual.nii.gz","710","8","",44.56327705907368,0.0,3.1621324761176695,0.0,16.020100719430747,0.0,6.318507719517533,0.0,6.506715819034618,0.0,8.674873007953384,0.0,3.1846492000258424,0.0,3.13385851949169,0.0,0.6612657667484922,0.0,-5.738333371184078,0.0,0.9721224467272003,0.0,""
"2026-09-25 17:16:12","git-master-bddc7a050319718b5e4e0856afec0bc9ea96418f","C:\Users\marco\Desktop\ds004507\derivatives\labels\sub-005\ses-headDown\anat\sub-005_ses-headDown_T2w_seg-manual.nii.gz","711","8","",45.249041102118206,0.0,2.9805061568017814,0.0,16.094567882131752,0.0,6.406565167758197,0.0,6.577818807747102,0.0,8.655036559507707,0.0,3.2450882173874613,0.0,3.1614769503707363,0.0,0.649924285302769,0.0,-5.683745674910155,0.0,0.9836644591611479,0.0,""
"2026-09-25 17:16:12","git-master-bddc7a050319718b5e4e0856afec0bc9ea96418f","C:\Users\marco\Desktop\ds004507\derivatives\labels\sub-005\ses-headDown\anat\sub-005_ses-headDown_T2w_seg-manual.nii.gz","712","8","",45.00718480138136,0.0,2.8107842454930383,0.0,16.16156044364817,0.0,6.377059467009512,0.0,6.525640064317533,0.0,8.682886404759687,0.0,3.2544921843983863,0.0,3.1225672826111266,0.0,0.659596109592689,0.0,-10.193413005125278,0.0,0.98503738347977,0.0,""
"2026-09-25 17:16:12","git-master-bddc7a050319718b5e4e0856afec0bc9ea96418f","C:\Users\marco\Desktop\ds004507\derivatives\labels\sub-005\ses-headDown\anat\sub-005_ses-headDown_T2w_seg-manual.nii.gz","713","8","",44.75868664178262,0.0,2.6470258548631103,0.0,16.22482681109664,0.0,6.338278944868769,0.0,6.487940605575348,0.0,8.6856893304328,0.0,3.248024219864636,0.0,3.090254725004133,0.0,0.664859478334331,0.0,-14.470882924933942,0.0,0.9754137714466553,0.0,""
"2026-09-25 17:16:12","git-master-bddc7a050319718b5e4e0856afec0bc9ea96418f","C:\Users\marco\Desktop\ds004507\derivatives\labels\sub-005\ses-headDown\anat\sub-005_ses-headDown_T2w_seg-manual.nii.gz","714","8","",44.503546623321995,0.0,2.489230984911998,0.0,16.284366984477167,0.0,6.290223601335966,0.0,6.464720431520549,0.0,8.663445336527046,0.0,3.22568432378621,0.0,3.064539277549756,0.0,0.6657143915276951,0.0,-18.51615543433615,0.0,0.9547936230618039,0.0,""
"2026-09-25 17:16:12","git-master-bddc7a050319718b5e4e0856afec0bc9ea96418f","C:\Users\marco\Desktop\ds004507\derivatives\labels\sub-005\ses-headDown\anat\sub-005_ses-headDown_T2w_seg-manual.nii.gz","715","8","",45.422102041199075,0.0,2.343382095861502,0.0,16.336474675189677,0.0,6.530098095260632,0.0,6.601006542940669,0.0,8.655668661369628,0.0,3.338485237249143,0.0,3.1916128580114895,0.0,0.6465896157560274,0.0,-14.813039052471987,0.0,0.9607146834707437,0.0,""
"2026-09-25 17:16:12","git-master-bddc7a050319718b5e4e0856afec0bc9ea96418f","C:\Users\marco\Desktop\ds004507\derivatives\labels\sub-005\ses-headDown\anat\sub-005_ses-headDown_T2w_seg-manual.nii.gz","716","8","",45.8777736857469,0.0,2.2035140468774013,0.0,16.384874897683222,0.0,6.578451947924692,0.0,6.608927592030381,0.0,8.72113084205201,0.0,3.3510582068783634,0.0,3.227393741046328,0.0,0.6516615283852248,0.0,-12.949022734307297,0.0,0.9592650513870337,0.0,""
"2026-09-25 17:16:12","git-master-bddc7a050319718b5e4e0856afec0bc9ea96418f","C:\Users\marco\Desktop\ds004507\derivatives\labels\sub-005\ses-headDown\anat\sub-005_ses-headDown_T2w_seg-manual.nii.gz","717","8","",45.87056155696546,0.0,2.0696268379596967,0.0,16.429567651957797,0.0,6.435285159328144,0.0,6.488483578789682,0.0,8.859831878574195,0.0,3.263403232673872,0.0,3.1718819266542715,0.0,0.6809301294152876,0.0,-12.924106479842079,0.0,0.9504447268106735,0.0,""
"2026-09-25 17:16:12","git-master-bddc7a050319718b5e4e0856afec0bc9ea96418f","C:\Users\marco\Desktop\ds004507\derivatives\labels\sub-005\ses-headDown\anat\sub-005_ses-headDown_T2w_seg-manual.nii.gz","718","8","",44.95216296702631,0.0,1.9477141901732953,0.0,16.466860612176355,0.0,6.3749024038866295,0.0,6.39435042427012,0.0,8.85249961399026,0.0,3.2440739611200273,0.0,3.130828442766602,0.0,0.6914851392958709,0.0,-13.564164090549628,0.0,0.9612544467303702,0.0,""
"2026-09-25 17:16:12","git-master-bddc7a050319718b5e4e0856afec0bc9ea96418f","C:\Users\marco\Desktop\ds004507\derivatives\labels\sub-005\ses-headDown\anat\sub-005_ses-headDown_T2w_seg-manual.nii.gz","719","8","",44.599138559270976,0.0,1.831794049166701,0.0,16.500460025726003,0.0,6.381342207976253,0.0,6.402394074726915,0.0,8.808687993698687,0.0,3.208064888456233,0.0,3.1732773195200203,0.0,0.6864377645381226,0.0,-13.459502232560014,0.0,0.963223749836118,0.0,""
"2026-09-25 17:16:12","git-master-bddc7a050319718b5e4e0856afec0bc9ea96418f","C:\Users\marco\Desktop\ds004507\derivatives\labels\sub-005\ses-headDown\anat\sub-005_ses-headDown_T2w_seg-manual.nii.gz","720","8","",44.81148833369946,0.0,1.7218664149399143,0.0,16.530365892606746,0.0,6.454604571597016,0.0,6.512614530160068,0.0,8.72839701769948,0.0,3.1553760146824894,0.0,3.2992285569145263,0.0,0.6657880051420425,0.0,-12.610120905873238,0.0,0.956352636127917,0.0,""
"2026-09-25 17:16:12","git-master-bddc7a050319718b5e4e0856afec0bc9ea96418f","C:\Users\marco\Desktop\ds004507\derivatives\labels\sub-005\ses-headDown\anat\sub-005_ses-headDown_T2w_seg-manual.nii.gz","721","8","",45.96580643782327,0.0,1.623932174577172,0.0,16.552894893966567,0.0,6.44476185792482,0.0,6.555308408203145,0.0,8.888280115731854,0.0,3.2352009091535385,0.0,3.2095609487712813,0.0,0.6751787646221108,0.0,-13.971086522622313,0.0,0.9634851564287881,0.0,""
"2026-09-25 17:16:12","git-master-bddc7a050319718b5e4e0856afec0bc9ea96418f","C:\Users\marco\Desktop\ds004507\derivatives\labels\sub-005\ses-headDown\anat\sub-005_ses-headDown_T2w_seg-manual.nii.gz","722","8","",46.54939189606116,0.0,1.5319979465315365,0.0,16.5717393276031,0.0,6.381080677504463,0.0,6.5027061192467634,0.0,9.058304464914562,0.0,3.240543666607007,0.0,3.1405370108974555,0.0,0.6951960743717648,0.0,-13.334371549955922,0.0,0.9708017739968702,0.0,""
"2026-09-25 17:16:12","git-master-bddc7a050319718b5e4e0856afec0bc9ea96418f","C:\Users\marco\Desktop\ds004507\derivatives\labels\sub-005\ses-headDown\anat\sub-005_ses-headDown_T2w_seg-manual.nii.gz","723","8","",46.56224470841313,0.0,1.4460637308030075,0.0,16.586899193516352,0.0,6.263561030335945,0.0,6.354807663290923,0.0,9.238470065247602,0.0,3.1714042870428947,0.0,3.0921567432930495,0.0,0.7258399343910046,0.0,-10.699975987874067,0.0,0.9783024888321634,0.0,""
"2026-09-25 17:16:12","git-master-bddc7a050319718b5e4e0856afec0bc9ea96418f","C:\Users\marco\Desktop\ds004507\derivatives\labels\sub-005\ses-headDown\anat\sub-005_ses-headDown_T2w_seg-manual.nii.gz","724","8","",47.02520047853729,0.0,1.372134709176762,0.0,16.594695137724297,0.0,6.375580997449879,0.0,6.534801996994779,0.0,9.145435927723547,0.0,3.247377411924793,0.0,3.1282035855250867,0.0,0.6989368854233409,0.0,-13.315248633734004,0.0,0.9645602817398234,0.0,""
"2026-09-25 17:16:12","git-master-bddc7a050319718b5e4e0856afec0bc9ea96418f","C:\Users\marco\Desktop\ds004507\derivatives\labels\sub-005\ses-headDown\anat\sub-005_ses-headDown_T2w_seg-manual.nii.gz","725","8","",47.3734405110097,0.0,1.3042102654295238,0.0,16.59881046355861,0.0,6.52689033039164,0.0,6.68268401017135,0.0,9.043902638216064,0.0,3.3035369740861107,0.0,3.2233533563055303,0.0,0.6732505615473269,0.0,-12.448171909666788,0.0,0.9620509774373658,0.0,""
"2026-09-25 17:16:12","git-master-bddc7a050319718b5e4e0856afec0bc9ea96418f","C:\Users\marco\Desktop\ds004507\derivatives\labels\sub-005\ses-headDown\anat\sub-005_ses-headDown_T2w_seg-manual.nii.gz","726","8","",47.60696480583033,0.0,1.2422903995612926,0.0,16.599245171019287,0.0,6.717489029161227,0.0,6.798453702820637,0.0,8.933870196725158,0.0,3.3398829735268465,0.0,3.3776060556343803,0.0,0.6487809627629627,0.0,-8.098745815672423,0.0,0.9707745759247906,0.0,""
"2026-09-25 17:16:12","git-master-bddc7a050319718b5e4e0856afec0bc9ea96418f","C:\Users\marco\Desktop\ds004507\derivatives\labels\sub-005\ses-headDown\anat\sub-005_ses-headDown_T2w_seg-manual.nii.gz","727","8","",47.593152126877655,0.0,1.1923826617517708,0.0,16.59231879152376,0.0,6.522442026913276,0.0,6.657060434153469,0.0,9.125181050796403,0.0,3.3145300247133096,0.0,3.207912002199966,0.0,0.6828259563698077,0.0,-7.67158773918879,0.0,0.9675972244737429,0.0,""
"2026-09-25 17:16:12","git-master-bddc7a050319718b5e4e0856afec0bc9ea96418f","C:\Users\marco\Desktop\ds004507\derivatives\labels\sub-005\ses-headDown\anat\sub-005_ses-headDown_T2w_seg-manual.nii.gz","728","8","",47.71198972801515,0.0,1.1484820710500472,0.0,16.58171067568437,0.0,6.353607209020933,0.0,6.556245956723733,0.0,9.292291085797913,0.0,3.23598990858002,0.0,3.117617300440913,0.0,0.7083152792966082,0.0,-7.146182135714832,0.0,0.9697230934263253,0.0,""
"2026-09-25 17:16:12","git-master-bddc7a050319718b5e4e0856afec0bc9ea96418f","C:\Users\marco\Desktop\ds004507\derivatives\labels\sub-005\ses-headDown\anat\sub-005_ses-headDown_T2w_seg-manual.nii.gz","729","8","",47.963477609242815,0.0,1.1105886274561223,0.0,16.567420823501127,0.0,6.2109845754842,0.0,6.496010270531428,0.0,9.43520030172969,0.0,3.104262625126978,0.0,3.1067219503572217,0.0,0.7252489315433643,0.0,-6.522529005250547,0.0,0.9771521827825378,0.0,""
"2026-09-25 17:16:12","git-master-bddc7a050319718b5e4e0856afec0bc9ea96418f","C:\Users\marco\Desktop\ds004507\derivatives\labels\sub-005\ses-headDown\anat\sub-005_ses-headDown_T2w_seg-manual.nii.gz","730","8","",47.7390081915132,0.0,1.084710985902732,0.0,16.545762583046553,0.0,6.17552231611274,0.0,6.4610300303990895,0.0,9.44712315847379,0.0,3.0875049417016833,0.0,3.0880173744110575,0.0,0.7295454387985522,0.0,-6.447715590973057,0.0,0.9575065316410376,0.0,""
"2026-09-25 17:16:12","git-master-bddc7a050319718b5e4e0856afec0bc9ea96418f","C:\Users\marco\Desktop\ds004507\derivatives\labels\sub-005\ses-headDown\anat\sub-005_ses-headDown_T2w_seg-manual.nii.gz","731","8","",47.86207259479689,0.0,1.0648417262690986,0.0,16.52041643160365,0.0,6.222116944109506,0.0,6.48376798163945,0.0,9.436881196467894,0.0,3.16096946782154,0.0,3.0611474762879665,0.0,0.7264984687025932,0.0,-7.672052810118383,0.0,0.9584124259798934,0.0,""
"2026-09-25 17:16:12","git-master-bddc7a050319718b5e4e0856afec0bc9ea96418f","C:\Users\marco\Desktop\ds004507\derivatives\labels\sub-005\ses-headDown\anat\sub-005_ses-headDown_T2w_seg-manual.nii.gz","732","8","",48.33267081909389,0.0,1.050980848555222,0.0,16.49138236917242,0.0,6.350768459474496,0.0,6.564224124252508,0.0,9.404474415712004,0.0,3.3246562034865477,0.0,3.0261122559879485,0.0,0.7161080212554872,0.0,-10.195540662686524,0.0,0.9798698657991053,0.0,""
"2026-09-25 17:16:12","git-master-bddc7a050319718b5e4e0856afec0bc9ea96418f","C:\Users\marco\Desktop\ds004507\derivatives\labels\sub-005\ses-headDown\anat\sub-005_ses-headDown_T2w_seg-manual.nii.gz","733","8","",48.34258968374635,0.0,1.049137227183333,0.0,16.454962550797802,0.0,6.28910122161368,0.0,6.54844978821294,0.0,9.403555866631018,0.0,3.2659004455459293,0.0,3.023200776067751,0.0,0.717671413520059,0.0,-8.297049792427288,0.0,0.975326692165342,0.0,""
"2026-09-25 17:16:12","git-master-bddc7a050319718b5e4e0856afec0bc9ea96418f","C:\Users\marco\Desktop\ds004507\derivatives\labels\sub-005\ses-headDown\anat\sub-005_ses-headDown_T2w_seg-manual.nii.gz","734","8","",48.237431231610145,0.0,1.053302266140279,0.0,16.414843649385396,0.0,6.289781304485631,0.0,6.550252694603213,0.0,9.379854976687469,0.0,3.2760379419768038,0.0,3.0137433625088277,0.0,0.7157396148509448,0.0,-7.364357494552342,0.0,0.9755383443960663,0.0,""
"2026-09-25 17:16:12","git-master-bddc7a050319718b5e4e0856afec0bc9ea96418f","C:\Users\marco\Desktop\ds004507\derivatives\labels\sub-005\ses-headDown\anat\sub-005_ses-headDown_T2w_seg-manual.nii.gz","735","8","",48.0171954626853,0.0,1.0634759654260602,0.0,16.371025664935207,0.0,6.3528087080903495,0.0,6.569632843423325,0.0,9.333371745881356,0.0,3.355068692779171,0.0,2.9977400153111784,0.0,0.7103126252481448,0.0,-7.3974637690616865,0.0,0.9805048224912785,0.0,""
"2026-09-25 17:16:12","git-master-bddc7a050319718b5e4e0856afec0bc9ea96418f","C:\Users\marco\Desktop\ds004507\derivatives\labels\sub-005\ses-headDown\anat\sub-005_ses-headDown_T2w_seg-manual.nii.gz","736","7","",47.68916325156286,0.0,1.096761957737349,0.0,16.294179155410166,0.0,6.442268859003487,0.0,6.520748403158457,0.0,9.209895014204092,0.0,3.364229094877064,0.0,3.078039764126423,0.0,0.7061968952610883,0.0,-8.313519145282092,0.0,0.9844766100272708,0.0,""
"2026-09-25 17:16:12","git-master-bddc7a050319718b5e4e0856afec0bc9ea96418f","C:\Users\marco\Desktop\ds004507\derivatives\labels\sub-005\ses-headDown\anat\sub-005_ses-headDown_T2w_seg-manual.nii.gz","737","7","",47.15810712070313,0.0,1.1371881906914665,0.0,16.224852173083153,0.0,6.387219389765536,0.0,6.430054583765513,0.0,9.224300691197406,0.0,3.31027817646891,0.0,3.0769412132966263,0.0,0.7169469535891021,0.0,-9.812069541624856,0.0,0.9795467631809707,0.0,""
"2026-09-25 17:16:12","git-master-bddc7a050319718b5e4e0856afec0bc9ea96418f","C:\Users\marco\Desktop\ds004507\derivatives\labels\sub-005\ses-headDown\anat\sub-005_ses-headDown_T2w_seg-manual.nii.gz","738","7","",48.018536964678596,0.0,1.1879908599334454,0.0,16.14909117261244,0.0,6.508206230381582,0.0,6.543258605558415,0.0,9.228915075093235,0.0,3.3407905249220633,0.0,3.167415705459519,0.0,0.7049832897875064,0.0,-11.310131519873805,0.0,0.9711540983353325,0.0,""
"2026-09-25 17:16:12","git-master-bddc7a050319718b5e4e0856afec0bc9ea96418f","C:\Users\marco\Desktop\ds004507\derivatives\labels\sub-005\ses-headDown\anat\sub-005_ses-headDown_T2w_seg-manual.nii.gz","739","7","",48.38786708423278,0.0,1.2491689017790595,0.0,16.066884184862303,0.0,6.565514090983562,0.0,6.592643767886097,0.0,9.2295398883657,0.0,3.364351904340863,0.0,3.2011621866426996,0.0,0.699760579659335,0.0,-12.641947166719447,0.0,0.9660470611445208,0.0,""
"2026-09-25 17:16:12","git-master-bddc7a050319718b5e4e0856afec0bc9ea96418f","C:\Users\marco\Desktop\ds004507\derivatives\labels\sub-005\ses-headDown\anat\sub-005_ses-headDown_T2w_seg-manual.nii.gz","740","7","",47.58969718209204,0.0,1.3207210804938412,0.0,15.978218727981025,0.0,6.476266004811196,0.0,6.494679195953885,0.0,9.207620207058508,0.0,3.323777547125743,0.0,3.152488457685452,0.0,0.7088303268975789,0.0,-13.198448658898348,0.0,0.9679786896166379,0.0,""
"2026-09-25 17:16:12","git-master-bddc7a050319718b5e4e0856afec0bc9ea96418f","C:\Users\marco\Desktop\ds004507\derivatives\labels\sub-005\ses-headDown\anat\sub-005_ses-headDown_T2w_seg-manual.nii.gz","741","7","",46.80641420359404,0.0,1.4037375064420319,0.0,15.882397942506067,0.0,6.401301808886651,0.0,6.458647412176759,0.0,9.092886683874188,0.0,3.200371268176641,0.0,3.2009305407100093,0.0,0.7038934763357441,0.0,-11.312356002162735,0.0,0.9771218406077069,0.0,""
"2026-09-25 17:16:12","git-master-bddc7a050319718b5e4e0856afec0bc9ea96418f","C:\Users\marco\Desktop\ds004507\derivatives\labels\sub-005\ses-headDown\anat\sub-005_ses-headDown_T2w_seg-manual.nii.gz","742","7","",47.0222550283764,0.0,1.4998519621445536,0.0,15.778370849989951,0.0,6.414995512586469,0.0,6.431164340741978,0.0,9.225594161960387,0.0,3.1720752853731,0.0,3.2429202272133693,0.0,0.7168041937859586,0.0,-11.441388007593577,0.0,0.9842099855263888,0.0,""
"2026-09-25 17:16:12","git-master-bddc7a050319718b5e4e0856afec0bc9ea96418f","C:\Users\marco\Desktop\ds004507\derivatives\labels\sub-005\ses-headDown\anat\sub-005_ses-headDown_T2w_seg-manual.nii.gz","743","7","",48.030169312381325,0.0,1.606332002757453,0.0,15.667825070263458,0.0,6.473749909706436,0.0,6.563524281230338,0.0,9.263765156830006,0.0,3.2026656516082794,0.0,3.271084258098157,0.0,0.7053088074953312,0.0,-12.61209540939544,0.0,0.9757839006694631,0.0,""
"2026-09-25 17:16:12","git-master-bddc7a050319718b5e4e0856afec0bc9ea96418f","C:\Users\marco\Desktop\ds004507\derivatives\labels\sub-005\ses-headDown\anat\sub-005_ses-headDown_T2w_seg-manual.nii.gz","744","7","",48.3697311906986,0.0,1.7231743973425535,0.0,15.550744129747171,0.0,6.455061783388883,0.0,6.629240283303275,0.0,9.267266588852655,0.0,3.2305292242713284,0.0,3.224532559117555,0.0,0.6984920068326548,0.0,-12.540488420604824,0.0,0.969165790798349,0.0,""
"2026-09-25 17:16:12","git-master-bddc7a050319718b5e4e0856afec0bc9ea96418f","C:\Users\marco\Desktop\ds004507\derivatives\labels\sub-005\ses-headDown\anat\sub-005_ses-headDown_T2w_seg-manual.nii.gz","745","7","",47.30329660493261,0.0,1.850375563511649,0.0,15.427111104853727,0.0,6.311572519744624,0.0,6.48411502448999,0.0,9.318916263980993,0.0,3.210928404152184,0.0,3.1006441155924405,0.0,0.7182363618870076,0.0,-10.187903135670314,0.0,0.9770016172483899,0.0,""
"2026-09-25 17:16:12","git-master-bddc7a050319718b5e4e0856afec0bc9ea96418f","C:\Users\marco\Desktop\ds004507\derivatives\labels\sub-005\ses-headDown\anat\sub-005_ses-headDown_T2w_seg-manual.nii.gz","746","7","",48.2591279067276,0.0,1.990109418806829,0.0,15.295518010722768,0.0,6.405886032549207,0.0,6.573452039293781,0.0,9.417142148815032,0.0,3.1918259979329173,0.0,3.2140600346162898,0.0,0.7160708008710219,0.0,-11.261098626513776,0.0,0.9738340165683225,0.0,""
"2026-09-25 17:16:12","git-master-bddc7a050319718b5e4e0856afec0bc9ea96418f","C:\Users\marco\Desktop\ds004507\derivatives\labels\sub-005\ses-headDown\anat\sub-005_ses-headDown_T2w_seg-manual.nii.gz","747","7","",50.100052735298966,0.0,2.1418212834027246,0.0,15.156276609234313,0.0,6.588649364996789,0.0,6.79494727773223,0.0,9.487151350821676,0.0,3.322206545021029,0.0,3.26644281997576,0.0,0.6976907046872487,0.0,-10.284605672464188,0.0,0.9607166563414067,0.0,""
"2026-09-25 17:16:12","git-master-bddc7a050319718b5e4e0856afec0bc9ea96418f","C:\Users\marco\Desktop\ds004507\derivatives\labels\sub-005\ses-headDown\anat\sub-005_ses-headDown_T2w_seg-manual.nii.gz","748","7","",50.49787613345128,0.0,2.3038695451654276,0.0,15.010405263572034,0.0,6.598669517878687,0.0,6.791367931124161,0.0,9.562511023319134,0.0,3.3833018642783395,0.0,3.2153676536003473,0.0,0.7035280716459084,0.0,-9.092655761387084,0.0,0.9534461233062563,0.0,""
"2026-09-25 17:16:12","git-master-bddc7a050319718b5e4e0856afec0bc9ea96418f","C:\Users\marco\Desktop\ds004507\derivatives\labels\sub-005\ses-headDown\anat\sub-005_ses-headDown_T2w_seg-manual.nii.gz","749","7","",49.87928351088635,0.0,2.4762466262435208,0.0,14.857883716498234,0.0,6.4692402426709235,0.0,6.657962463514938,0.0,9.63155999107265,0.0,3.3460197741099647,0.0,3.1232204685609584,0.0,0.7225896479894673,0.0,-8.61776526912708,0.0,0.9568337556859443,0.0,""
"2026-09-25 17:16:12","git-master-bddc7a050319718b5e4e0856afec0bc9ea96418f","C:\Users\marco\Desktop\ds004507\derivatives\labels\sub-005\ses-headDown\anat\sub-005_ses-headDown_T2w_seg-manual.nii.gz","750","7","",49.64730144389305,0.0,2.658264205464376,0.0,14.698788215119833,0.0,6.3439290167079205,0.0,6.64197999877377,0.0,9.67206622483241,0.0,3.2500537650935732,0.0,3.0938752516143477,0.0,0.726906145464882,0.0,-9.50319358966632,0.0,0.9704748020287738,0.0,""
"2026-09-25 17:16:12","git-master-bddc7a050319718b5e4e0856afec0bc9ea96418f","C:\Users\marco\Desktop\ds004507\derivatives\labels\sub-005\ses-headDown\anat\sub-005_ses-headDown_T2w_seg-manual.nii.gz","751","7","",50.087848975925894,0.0,2.836839465139076,0.0,14.53329479353543,0.0,6.376569547500401,0.0,6.58877860162022,0.0,9.786313279546576,0.0,3.241581267245547,0.0,3.134988280254854,0.0,0.7393132617198697,0.0,-10.547063781037513,0.0,0.9567342111271729,0.0,""
"2026-09-25 17:16:12","git-master-bddc7a050319718b5e4e0856afec0bc9ea96418f","C:\Users\marco\Desktop\ds004507\derivatives\labels\sub-005\ses-headDown\anat\sub-005_ses-headDown_T2w_seg-manual.nii.gz","752","7","",50.00240325235476,0.0,2.999062403192872,0.0,14.364598807398227,0.0,6.2388085950310606,0.0,6.452412634963183,0.0,9.893582205022884,0.0,3.1514730886307247,0.0,3.0873355064003354,0.0,0.7577390533331639,0.0,-9.980853579968706,0.0,0.9592293967507906,0.0,""
"2026-09-25 17:16:12","git-master-bddc7a050319718b5e4e0856afec0bc9ea96418f","C:\Users\marco\Desktop\ds004507\derivatives\labels\sub-005\ses-headDown\anat\sub-005_ses-headDown_T2w_seg-manual.nii.gz","753","7","",50.03635580118165,0.0,3.145760213823991,0.0,14.19285118834572,0.0,6.176942446816022,0.0,6.386732628542084,0.0,9.92937554633294,0.0,3.132088206954146,0.0,3.0448542398618765,0.0,0.7656675554404873,0.0,-9.005655327484668,0.0,0.9667816483111578,0.0,""
"2026-09-25 17:16:12","git-master-bddc7a050319718b5e4e0856afec0bc9ea96418f","C:\Users\marco\Desktop\ds004507\derivatives\labels\sub-005\ses-headDown\anat\sub-005_ses-headDown_T2w_seg-manual.nii.gz","754","7","",50.15592312118298,0.0,3.2769416192788223,0.0,14.018043468391975,0.0,6.248246204972416,0.0,6.402630581648913,0.0,9.871905631569101,0.0,3.2025903102238384,0.0,3.0456558947485775,0.0,0.7611277994896936,0.0,-8.738081990310175,0.0,0.9732295417849506,0.0,""
"2026-09-25 17:16:12","git-master-bddc7a050319718b5e4e0856afec0bc9ea96418f","C:\Users\marco\Desktop\ds004507\derivatives\labels\sub-005\ses-headDown\anat\sub-005_ses-headDown_T2w_seg-manual.nii.gz","755","7","",49.63688551483502,0.0,3.3917997772673796,0.0,13.840004957265641,0.0,6.340065486924089,0.0,6.371670629558897,0.0,9.734832014541936,0.0,3.255335692753498,0.0,3.0847297941705905,0.0,0.756036823723386,0.0,-10.582471483111583,0.0,0.9753751317062145,0.0,""
"2026-09-25 17:16:12","git-master-bddc7a050319718b5e4e0856afec0bc9ea96418f","C:\Users\marco\Desktop\ds004507\derivatives\labels\sub-005\ses-headDown\anat\sub-005_ses-headDown_T2w_seg-manual.nii.gz","756","7","",50.18505784896764,0.0,3.486270439074234,0.0,13.657910489089842,0.0,6.3512710771722976,0.0,6.482928652615623,0.0,9.802429802289957,0.0,3.2564770998221673,0.0,3.0947939773501303,0.0,0.750066646052338,0.0,-11.135186303222643,0.0,0.9745913017360266,0.0,""
"2026-09-25 17:16:12","git-master-bddc7a050319718b5e4e0856afec0bc9ea96418f","C:\Users\marco\Desktop\ds004507\derivatives\labels\sub-005\ses-headDown\anat\sub-005_ses-headDown_T2w_seg-manual.nii.gz","757","7","",51.14853562145795,0.0,3.5652570268463695,0.0,13.472721040657909,0.0,6.271727170435699,0.0,6.4924238661049225,0.0,10.050540840012157,0.0,3.1803356313315434,0.0,3.091391539104155,0.0,0.7628087414459428,0.0,-13.38168327141345,0.0,0.9544817820060825,0.0,""
"2026-09-25 17:16:12","git-master-bddc7a050319718b5e4e0856afec0bc9ea96418f","C:\Users\marco\Desktop\ds004507\derivatives\labels\sub-005\ses-headDown\anat\sub-005_ses-headDown_T2w_seg-manual.nii.gz","758","7","",51.96258227945448,0.0,3.6287653113124514,0.0,13.284428405565905,0.0,6.263000780885627,0.0,6.541479092577818,0.0,10.190844781021768,0.0,3.1693824722371264,0.0,3.0936183086485003,0.0,0.7664892860813997,0.0,-16.375993908662302,0.0,0.9417231376915245,0.0,""
"2026-09-25 17:16:12","git-master-bddc7a050319718b5e4e0856afec0bc9ea96418f","C:\Users\marco\Desktop\ds004507\derivatives\labels\sub-005\ses-headDown\anat\sub-005_ses-headDown_T2w_seg-manual.nii.gz","759","7","",52.30476903233185,0.0,3.6768004548447326,0.0,13.093024428274486,0.0,6.383153940882766,0.0,6.680108302749006,0.0,10.102554793198177,0.0,3.272923859624482,0.0,3.1102300812582846,0.0,0.7501763215289552,0.0,-18.96396741131977,0.0,0.9491569984527731,0.0,""
"2026-09-25 17:16:12","git-master-bddc7a050319718b5e4e0856afec0bc9ea96418f","C:\Users\marco\Desktop\ds004507\derivatives\labels\sub-005\ses-headDown\anat\sub-005_ses-headDown_T2w_seg-manual.nii.gz","760","7","",52.414516468218736,0.0,3.7069253507450153,0.0,12.898006162256324,0.0,6.389263413435053,0.0,6.656522563972854,0.0,10.13997273474697,0.0,3.2665438770538593,0.0,3.1227195363811946,0.0,0.7543521575986396,0.0,-19.526647939080462,0.0,0.9484896949685682,0.0,""
"2026-09-25 17:16:12","git-master-bddc7a050319718b5e4e0856afec0bc9ea96418f","C:\Users\marco\Desktop\ds004507\derivatives\labels\sub-005\ses-headDown\anat\sub-005_ses-headDown_T2w_seg-manual.nii.gz","761","7","",52.701057337620355,0.0,3.7183306914929055,0.0,12.699194138909373,0.0,6.336044545245704,0.0,6.6000167805397325,0.0,10.29901312601162,0.0,3.204437112453888,0.0,3.131607432791816,0.0,0.7674841487529241,0.0,-18.337126014120297,0.0,0.952095736015334,0.0,""
"2026-09-25 17:16:12","git-master-bddc7a050319718b5e4e0856afec0bc9ea96418f","C:\Users\marco\Desktop\ds004507\derivatives\labels\sub-005\ses-headDown\anat\sub-005_ses-headDown_T2w_seg-manual.nii.gz","762","7","",52.77152149510302,0.0,3.7142730554603993,0.0,12.497237811980584,0.0,6.281270529850235,0.0,6.49163681639847,0.0,10.448193412741439,0.0,3.1621553700164315,0.0,3.119115159833803,0.0,0.7832870868262626,0.0,-16.59887199096999,0.0,0.9560441399958133,0.0,""
"2026-09-25 17:16:12","git-master-bddc7a050319718b5e4e0856afec0bc9ea96418f","C:\Users\marco\Desktop\ds004507\derivatives\labels\sub-005\ses-headDown\anat\sub-005_ses-headDown_T2w_seg-manual.nii.gz","763","7","",53.02536548971401,0.0,3.694751863455075,0.0,12.292129582980543,0.0,6.2787263203168715,0.0,6.4391123417075855,0.0,10.525194233415789,0.0,3.1465132402834795,0.0,3.1322130800333916,0.0,0.7909717033811166,0.0,-15.675309193321995,0.0,0.9580028822991121,0.0,""
"2026-09-25 17:16:12","git-master-bddc7a050319718b5e4e0856afec0bc9ea96418f","C:\Users\marco\Desktop\ds004507\derivatives\labels\sub-005\ses-headDown\anat\sub-005_ses-headDown_T2w_seg-manual.nii.gz","764","7","",53.88664754258826,0.0,3.6597658024687116,0.0,12.083861940574549,0.0,6.349806331120643,0.0,6.533611088198941,0.0,10.512173983688063,0.0,3.1486833785742374,0.0,3.2011229525464056,0.0,0.7833396307799739,0.0,-16.549077337557403,0.0,0.9569222852660659,0.0,""
"2026-09-25 17:16:12","git-master-bddc7a050319718b5e4e0856afec0bc9ea96418f","C:\Users\marco\Desktop\ds004507\derivatives\labels\sub-005\ses-headDown\anat\sub-005_ses-headDown_T2w_seg-manual.nii.gz","765","7","",54.49280638241011,0.0,3.605240227051618,0.0,11.871590353929138,0.0,6.208098590060533,0.0,6.452277018604262,0.0,10.690546836804785,0.0,3.1445973940590166,0.0,3.0635011960015164,0.0,0.7972115737416319,0.0,-15.988543017080918,0.0,0.9614223582710265,0.0,""
"2026-09-25 17:16:12","git-master-bddc7a050319718b5e4e0856afec0bc9ea96418f","C:\Users\marco\Desktop\ds004507\derivatives\labels\sub-005\ses-headDown\anat\sub-005_ses-headDown_T2w_seg-manual.nii.gz","766","7","",54.649027582748936,0.0,3.5336098745118316,0.0,11.655802939043488,0.0,6.161249638296877,0.0,6.319590855145663,0.0,10.920061692771009,0.0,3.1321468962038495,0.0,3.0291027420930288,0.0,0.8151371930787163,0.0,-15.582748335956829,0.0,0.9586775084023567,0.0,""
"2026-09-25 17:16:12","git-master-bddc7a050319718b5e4e0856afec0bc9ea96418f","C:\Users\marco\Desktop\ds004507\derivatives\labels\sub-005\ses-headDown\anat\sub-005_ses-headDown_T2w_seg-manual.nii.gz","767","7","",54.86066896560188,0.0,3.446496916260601,0.0,11.436826611071615,0.0,6.157422406109303,0.0,6.238685649190322,0.0,11.133878999428543,0.0,3.0835145297361457,0.0,3.0739078763731578,0.0,0.8281645879662833,0.0,-15.112151812348712,0.0,0.9606813663617769,0.0,""
"2026-09-25 17:16:12","git-master-bddc7a050319718b5e4e0856afec0bc9ea96418f","C:\Users\marco\Desktop\ds004507\derivatives\labels\sub-005\ses-headDown\anat\sub-005_ses-headDown_T2w_seg-manual.nii.gz","768","7","",55.200650442689444,0.0,3.3438947497833333,0.0,11.21465475616216,0.0,6.148430667720712,0.0,6.245071637807649,0.0,11.244161495861729,0.0,3.0206673461684237,0.0,3.1277633215522886,0.0,0.8315118372954311,0.0,-14.985640539933897,0.0,0.961620072169406,0.0,""
"2026-09-25 17:16:12","git-master-bddc7a050319718b5e4e0856afec0bc9ea96418f","C:\Users\marco\Desktop\ds004507\derivatives\labels\sub-005\ses-headDown\anat\sub-005_ses-headDown_T2w_seg-manual.nii.gz","769","7","",55.51081025967321,0.0,3.225796253410966,0.0,10.989280888711223,0.0,6.077875321377217,0.0,6.339475119793519,0.0,11.138271154309116,0.0,2.998781908659295,0.0,3.0790934127179224,0.0,0.8222257516600231,0.0,-16.029554254808225,0.0,0.9446064139941691,0.0,""
"2026-09-25 17:16:12","git-master-bddc7a050319718b5e4e0856afec0bc9ea96418f","C:\Users\marco\Desktop\ds004507\derivatives\labels\sub-005\ses-headDown\anat\sub-005_ses-headDown_T2w_seg-manual.nii.gz","770","6","",55.932586120777,0.0,3.048965125623127,0.0,10.697651143513554,0.0,5.947066025490086,0.0,6.364791360766901,0.0,11.340584692570488,0.0,2.9567145305744016,0.0,2.9903514949156844,0.0,0.8276530089661686,0.0,-16.937981729454567,0.0,0.9452493261455526,0.0,""
"2026-09-25 17:16:12","git-master-bddc7a050319718b5e4e0856afec0bc9ea96418f","C:\Users\marco\Desktop\ds004507\derivatives\labels\sub-005\ses-headDown\anat\sub-005_ses-headDown_T2w_seg-manual.nii.gz","771","6","",55.48693807525507,0.0,2.872345524693631,0.0,10.440057062231991,0.0,6.070968616600506,0.0,6.308571713764422,0.0,11.294588803408134,0.0,3.06090698312187,0.0,3.010061633478637,0.0,0.8294722543249048,0.0,-16.491207680297695,0.0,0.9468288726477606,0.0,""
"2026-09-25 17:16:12","git-master-bddc7a050319718b5e4e0856afec0bc9ea96418f","C:\Users\marco\Desktop\ds004507\derivatives\labels\sub-005\ses-headDown\anat\sub-005_ses-headDown_T2w_seg-manual.nii.gz","772","6","",56.44577275487588,0.0,2.5245494663861705,0.0,10.185377366885353,0.0,6.0025707497905785,0.0,6.305328836375444,0.0,11.533226415755845,0.0,3.0501904701362403,0.0,2.9523802796543386,0.0,0.837224739717877,0.0,-16.2071342464255,0.0,0.9417746502587656,0.0,""
"2026-09-25 17:16:12","git-master-bddc7a050319718b5e4e0856afec0bc9ea96418f","C:\Users\marco\Desktop\ds004507\derivatives\labels\sub-005\ses-headDown\anat\sub-005_ses-headDown_T2w_seg-manual.nii.gz","773","6","",56.847932034741575,0.0,1.8813264912496561,0.0,9.939395255879454,0.0,6.149292835808554,0.0,6.330123409047076,0.0,11.549346142727455,0.0,3.1480195041847985,0.0,3.001273331623755,0.0,0.8363850550920225,0.0,-16.363845639127323,0.0,0.943266581298709,0.0,""
"2026-09-25 17:16:12","git-master-bddc7a050319718b5e4e0856afec0bc9ea96418f","C:\Users\marco\Desktop\ds004507\derivatives\labels\sub-005\ses-headDown\anat\sub-005_ses-headDown_T2w_seg-manual.nii.gz","774","6","",56.91082265277649,0.0,0.9146807279900047,0.0,9.703435493056594,0.0,6.271539501617914,0.0,6.337141463655271,0.0,11.525826830664318,0.0,3.2531988691905345,0.0,3.0183406324273796,0.0,0.8352757443740819,0.0,-15.97786999031922,0.0,0.9483303270050785,0.0,""
"2026-09-25 17:16:12","git-master-bddc7a050319718b5e4e0856afec0bc9ea96418f","C:\Users\marco\Desktop\ds004507\derivatives\labels\sub-005\ses-headDown\anat\sub-005_ses-headDown_T2w_seg-manual.nii.gz","775","6","",57.4461728839877,0.0,-0.37537201052301583,0.0,9.477546665126106,0.0,6.258669334377684,0.0,6.3388045725169215,0.0,11.58708320478865,0.0,3.26764256888402,0.0,2.9910267654936646,0.0,0.837092167798107,0.0,-14.429538244914683,0.0,0.9584192738841103,0.0,""
"2026-09-25 17:16:12","git-master-bddc7a050319718b5e4e0856afec0bc9ea96418f","C:\Users\marco\Desktop\ds004507\derivatives\labels\sub-005\ses-headDown\anat\sub-005_ses-headDown_T2w_seg-manual.nii.gz","776","6","",58.469911927995184,0.0,-1.9876352427980108,0.0,9.261774161776506,0.0,6.202267346422687,0.0,6.352120035813186,0.0,11.684167318976908,0.0,3.1898443400190453,0.0,3.0124230064036417,0.0,0.8392778312686802,0.0,-12.417335833886009,0.0,0.9671133850309512,0.0,""
"2026-09-25 17:16:12","git-master-bddc7a050319718b5e4e0856afec0bc9ea96418f","C:\Users\marco\Desktop\ds004507\derivatives\labels\sub-005\ses-headDown\anat\sub-005_ses-headDown_T2w_seg-manual.nii.gz","777","6","",58.72495256798307,0.0,-3.864298049284404,0.0,9.05616030360217,0.0,6.100883345608982,0.0,6.305323402878387,0.0,11.83797565896367,0.0,3.064634008042886,0.0,3.0362493375660957,0.0,0.84626167014719,0.0,-11.693460246015004,0.0,0.9472941569006353,0.0,""
"2026-09-25 17:16:12","git-master-bddc7a050319718b5e4e0856afec0bc9ea96418f","C:\Users\marco\Desktop\ds004507\derivatives\labels\sub-005\ses-headDown\anat\sub-005_ses-headDown_T2w_seg-manual.nii.gz","778","6","",59.2705760468062,0.0,-5.425313719965468,0.0,8.861675858334516,0.0,5.993440436032072,0.0,6.152278890773465,0.0,12.152543509695304,0.0,3.005678662182379,0.0,2.9877617738496935,0.0,0.8623051638020927,0.0,-10.389321780678992,0.0,0.9557899063860229,0.0,""
"2026-09-25 17:16:12","git-master-bddc7a050319718b5e4e0856afec0bc9ea96418f","C:\Users\marco\Desktop\ds004507\derivatives\labels\sub-005\ses-headDown\anat\sub-005_ses-headDown_T2w_seg-manual.nii.gz","779","6","",61.00358812781749,0.0,-6.018528317569159,0.0,8.678368094114632,0.0,5.986666758434973,0.0,6.208253745992393,0.0,12.388735282081303,0.0,2.97159946574729,0.0,3.0150672926876827,0.0,0.8653675936044004,0.0,-10.45262635753554,0.0,0.957950069998978,0.0,""
"2026-09-25 17:16:12","git-master-bddc7a050319718b5e4e0856afec0bc9ea96418f","C:\Users\marco\Desktop\ds004507\derivatives\labels\sub-005\ses-headDown\anat\sub-005_ses-headDown_T2w_seg-manual.nii.gz","780","6","",62.18818525379263,0.0,-5.729080634320861,0.0,8.505341318383298,0.0,5.907301810281099,0.0,6.262283767455497,0.0,12.611330884386502,0.0,2.9297571655786143,0.0,2.977544644702484,0.0,0.8679824513965371,0.0,-10.988739944219313,0.0,0.9476551560673915,0.0,""
"2026-09-25 17:16:12","git-master-bddc7a050319718b5e4e0856afec0bc9ea96418f","C:\Users\marco\Desktop\ds004507\derivatives\labels\sub-005\ses-headDown\anat\sub-005_ses-headDown_T2w_seg-manual.nii.gz","781","6","",63.245311981862336,0.0,-4.55371808991993,0.0,8.342624883879518,0.0,5.995953983843059,0.0,6.394571404359039,0.0,12.646669274774307,0.0,2.954698890211645,0.0,3.041255093631414,0.0,0.8626449013783666,0.0,-11.10959630964359,0.0,0.9422903660679363,0.0,""
"2026-09-25 17:16:12","git-master-bddc7a050319718b5e4e0856afec0bc9ea96418f","C:\Users\marco\Desktop\ds004507\derivatives\labels\sub-005\ses-headDown\anat\sub-005_ses-headDown_T2w_seg-manual.nii.gz","782","6","",64.04912372957466,0.0,-2.8090844454722967,0.0,8.190245842752665,0.0,6.091023837788293,0.0,6.456330907546692,0.0,12.736898785197369,0.0,3.0075925245515918,0.0,3.083431313236701,0.0,0.8618496036607353,0.0,-10.396239508799358,0.0,0.9445120878008086,0.0,""
"2026-09-25 17:16:12","git-master-bddc7a050319718b5e4e0856afec0bc9ea96418f","C:\Users\marco\Desktop\ds004507\derivatives\labels\sub-005\ses-headDown\anat\sub-005_ses-headDown_T2w_seg-manual.nii.gz","783","6","",64.0913373978058,0.0,-0.9763537517244107,0.0,8.048229048026066,0.0,6.065668769427688,0.0,6.42118722747347,0.0,12.841787385779623,0.0,3.014383311474366,0.0,3.051285457953322,0.0,0.8658842832180959,0.0,-9.287542730705413,0.0,0.9462842086857565,0.0,""
"2026-09-25 17:16:12","git-master-bddc7a050319718b5e4e0856afec0bc9ea96418f","C:\Users\marco\Desktop\ds004507\derivatives\labels\sub-005\ses-headDown\anat\sub-005_ses-headDown_T2w_seg-manual.nii.gz","784","6","",63.61911233791699,0.0,0.5655764431879364,0.0,7.916597251263736,0.0,6.072794072626628,0.0,6.474288231691322,0.0,12.64277226266987,0.0,2.975871186799169,0.0,3.096922885827459,0.0,0.8588276246850134,0.0,-8.750021062638387,0.0,0.9420835038768793,0.0,""
"2026-09-25 17:16:12","git-master-bddc7a050319718b5e4e0856afec0bc9ea96418f","C:\Users\marco\Desktop\ds004507\derivatives\labels\sub-005\ses-headDown\anat\sub-005_ses-headDown_T2w_seg-manual.nii.gz","785","6","",65.48280205438651,0.0,1.813829101485452,0.0,7.795371196357703,0.0,6.106166695790639,0.0,6.435092704328048,0.0,13.053949996025962,0.0,3.033023333826261,0.0,3.073143361964379,0.0,0.8700512143570983,0.0,-8.920822556874773,0.0,0.9433526011560693,0.0,""
"2026-09-25 17:16:12","git-master-bddc7a050319718b5e4e0856afec0bc9ea96418f","C:\Users\marco\Desktop\ds004507\derivatives\labels\sub-005\ses-headDown\anat\sub-005_ses-headDown_T2w_seg-manual.nii.gz","786","6","",66.70472775714474,0.0,2.714247452464319,0.0,7.68646929732204,0.0,6.199313993109843,0.0,6.523217308686391,0.0,13.146568792448628,0.0,3.0476497022283575,0.0,3.151664290881486,0.0,0.8682138115324796,0.0,-9.229185147785742,0.0,0.9459153990000603,0.0,""
"2026-09-25 17:16:12","git-master-bddc7a050319718b5e4e0856afec0bc9ea96418f","C:\Users\marco\Desktop\ds004507\derivatives\labels\sub-005\ses-headDown\anat\sub-005_ses-headDown_T2w_seg-manual.nii.gz","787","6","",67.66590629992893,0.0,3.3210326695918067,0.0,7.588015132158285,0.0,6.321463038718264,0.0,6.591835869883525,0.0,13.193091134895585,0.0,3.220691274486219,0.0,3.100771764232045,0.0,0.866230485108367,0.0,-9.792898472813864,0.0,0.9580096241828755,0.0,""
"2026-09-25 17:16:12","git-master-bddc7a050319718b5e4e0856afec0bc9ea96418f","C:\Users\marco\Desktop\ds004507\derivatives\labels\sub-005\ses-headDown\anat\sub-005_ses-headDown_T2w_seg-manual.nii.gz","788","6","",69.00350707217991,0.0,3.634921831828637,0.0,7.500022587968157,0.0,6.524880569535172,0.0,6.757093905890541,0.0,13.136243094360834,0.0,3.324328764290508,0.0,3.2005518052446646,0.0,0.8574312134457327,0.0,-9.925992377047281,0.0,0.9478097552049447,0.0,""
"2026-09-25 17:16:12","git-master-bddc7a050319718b5e4e0856afec0bc9ea96418f","C:\Users\marco\Desktop\ds004507\derivatives\labels\sub-005\ses-headDown\anat\sub-005_ses-headDown_T2w_seg-manual.nii.gz","789","6","",70.59584731012636,0.0,3.656353049929622,0.0,7.422503969493208,0.0,6.671409409822619,0.0,6.954414101279742,0.0,13.086700968182232,0.0,3.347228735841934,0.0,3.3241806739806856,0.0,0.8470548691066588,0.0,-10.08639367260776,0.0,0.9443128170572828,0.0,""
"2026-09-25 17:16:12","git-master-bddc7a050319718b5e4e0856afec0bc9ea96418f","C:\Users\marco\Desktop\ds004507\derivatives\labels\sub-005\ses-headDown\anat\sub-005_ses-headDown_T2w_seg-manual.nii.gz","790","6","",72.35248384581169,0.0,3.3853501495989735,0.0,7.355470055898824,0.0,6.673486422111868,0.0,7.045685426880019,0.0,13.269890142687315,0.0,3.356240093820542,0.0,3.3172463282913256,0.0,0.847102234445444,0.0,-10.551902975285664,0.0,0.952736074786325,0.0,""
"2026-09-25 17:16:12","git-master-bddc7a050319718b5e4e0856afec0bc9ea96418f","C:\Users\marco\Desktop\ds004507\derivatives\labels\sub-005\ses-headDown\anat\sub-005_ses-headDown_T2w_seg-manual.nii.gz","791","6","",73.99165842715063,0.0,2.86806357441729,0.0,7.297805181295922,0.0,6.59432990601436,0.0,7.021175590127057,0.0,13.636010094370683,0.0,3.388342630760086,0.0,3.2059872752542735,0.0,0.8572345260587284,0.0,-10.917715545362103,0.0,0.9548040648339772,0.0,""
"2026-09-25 17:16:12","git-master-bddc7a050319718b5e4e0856afec0bc9ea96418f","C:\Users\marco\Desktop\ds004507\derivatives\labels\sub-005\ses-headDown\anat\sub-005_ses-headDown_T2w_seg-manual.nii.gz","792","6","",74.76114454907122,0.0,2.2434892698003015,0.0,7.246141989400956,0.0,6.616071934653253,0.0,7.119727141421139,0.0,13.611843040311237,0.0,3.4018696255154657,0.0,3.2142023091377876,0.0,0.8523003961510917,0.0,-10.399883863174786,0.0,0.9515382544422145,0.0,""
"2026-09-25 17:16:12","git-master-bddc7a050319718b5e4e0856afec0bc9ea96418f","C:\Users\marco\Desktop\ds004507\derivatives\labels\sub-005\ses-headDown\anat\sub-005_ses-headDown_T2w_seg-manual.nii.gz","793","6","",76.66692977619358,0.0,1.6709945268486426,0.0,7.196939422247429,0.0,6.826612872439139,0.0,7.222926500014769,0.0,13.765095092131347,0.0,3.4146248045971794,0.0,3.411988067841959,0.0,0.8512709059987276,0.0,-9.66424147379318,0.0,0.9478633315384992,0.0,""
"2026-09-25 17:16:12","git-master-bddc7a050319718b5e4e0856afec0bc9ea96418f","C:\Users\marco\Desktop\ds004507\derivatives\labels\sub-005\ses-headDown\anat\sub-005_ses-headDown_T2w_seg-manual.nii.gz","794","6","",76.24737954033475,0.0,1.1508457847381894,0.0,7.1501994280735515,0.0,6.841894474776175,0.0,7.1955563075838835,0.0,13.7056171283084,0.0,3.3424239068124795,0.0,3.499470567963695,0.0,0.8510972690065772,0.0,-10.20007149882293,0.0,0.95634515363573,0.0,""
"2026-09-25 17:16:12","git-master-bddc7a050319718b5e4e0856afec0bc9ea96418f","C:\Users\marco\Desktop\ds004507\derivatives\labels\sub-005\ses-headDown\anat\sub-005_ses-headDown_T2w_seg-manual.nii.gz","795","6","",73.4589346395976,0.0,0.6788313734747182,0.0,7.105718309962727,0.0,6.679329808961532,0.0,7.132774502296715,0.0,13.34088034114526,0.0,3.30096583325488,0.0,3.3783639757066517,0.0,0.8449509031039503,0.0,-11.4743519642491,0.0,0.9506752880292244,0.0,""
"2026-09-25 17:16:12","git-master-bddc7a050319718b5e4e0856afec0bc9ea96418f","C:\Users\marco\Desktop\ds004507\derivatives\labels\sub-005\ses-headDown\anat\sub-005_ses-headDown_T2w_seg-manual.nii.gz","796","6","",71.91588114650014,0.0,0.2550417342136276,0.0,7.063497351179041,0.0,6.438682879846525,0.0,6.955694633751135,0.0,13.40316521001108,0.0,3.184552298220701,0.0,3.2541305816258244,0.0,0.8543169125040325,0.0,-12.229371716478708,0.0,0.941905703509517,0.0,""
"2026-09-25 17:16:12","git-master-bddc7a050319718b5e4e0856afec0bc9ea96418f","C:\Users\marco\Desktop\ds004507\derivatives\labels\sub-005\ses-headDown\anat\sub-005_ses-headDown_T2w_seg-manual.nii.gz","797","6","",72.01468180608356,0.0,-0.12046379561987319,0.0,7.023537764474029,0.0,6.40063800674031,0.0,6.834998747116813,0.0,13.604975682600257,0.0,3.2066402919404506,0.0,3.1939977147998597,0.0,0.8646400324859468,0.0,-11.418251737096694,0.0,0.9348852295197547,0.0,""
"2026-09-25 17:16:12","git-master-bddc7a050319718b5e4e0856afec0bc9ea96418f","C:\Users\marco\Desktop\ds004507\derivatives\labels\sub-005\ses-headDown\anat\sub-005_ses-headDown_T2w_seg-manual.nii.gz","798","6","",72.06737413908624,0.0,-0.4476507274747315,0.0,6.985840693406838,0.0,6.53519114002568,0.0,6.841024290482943,0.0,13.550230169942411,0.0,3.3546377551922317,0.0,3.180553384833449,0.0,0.8631903790031917,0.0,-10.546642394054132,0.0,0.9294311828572519,0.0,""
"2026-09-25 17:16:12","git-master-bddc7a050319718b5e4e0856afec0bc9ea96418f","C:\Users\marco\Desktop\ds004507\derivatives\labels\sub-005\ses-headDown\anat\sub-005_ses-headDown_T2w_seg-manual.nii.gz","799","6","",70.96420576160168,0.0,-0.7265036636690068,0.0,6.950407213615834,0.0,6.471032151510393,0.0,6.799655088289246,0.0,13.434844858614458,0.0,3.263739341946971,0.0,3.2072928095634223,0.0,0.8624407230061368,0.0,-12.233859782267688,0.0,0.9267865457093987,0.0,""
"2026-09-25 17:16:12","git-master-bddc7a050319718b5e4e0856afec0bc9ea96418f","C:\Users\marco\Desktop\ds004507\derivatives\labels\sub-005\ses-headDown\anat\sub-005_ses-headDown_T2w_seg-manual.nii.gz","800","6","",70.65284291196582,0.0,-0.9570210438436977,0.0,6.917238334041481,0.0,6.370306125032281,0.0,6.708436570249944,0.0,13.543662377358093,0.0,3.079142347953731,0.0,3.291163777078549,0.0,0.868711027564427,0.0,-12.529736406400419,0.0,0.9323805743019716,0.0,""
"2026-09-25 17:16:12","git-master-bddc7a050319718b5e4e0856afec0bc9ea96418f","C:\Users\marco\Desktop\ds004507\derivatives\labels\sub-005\ses-headDown\anat\sub-005_ses-headDown_T2w_seg-manual.nii.gz","801","5","",73.53699219378053,0.0,-1.1571043909077734,0.0,6.882056183187806,0.0,6.716640203760464,0.0,6.994564143654974,0.0,13.468111458287996,0.0,3.22150902899565,0.0,3.4951311747648135,0.0,0.8545661205725528,0.0,-11.592692381355327,0.0,0.9481711257593383,0.0,""
"2026-09-25 17:16:12","git-master-bddc7a050319718b5e4e0856afec0bc9ea96418f","C:\Users\marco\Desktop\ds004507\derivatives\labels\sub-005\ses-headDown\anat\sub-005_ses-headDown_T2w_seg-manual.nii.gz","802","5","",72.41171111958089,0.0,-1.2619519658729499,0.0,6.856985002059846,0.0,6.6233128868262225,0.0,6.88985889378656,0.0,13.474165814935892,0.0,3.232497541817101,0.0,3.390815345009121,0.0,0.8593646439307326,0.0,-11.518444174389638,0.0,0.9447812001640546,0.0,""
"2026-09-25 17:16:12","git-master-bddc7a050319718b5e4e0856afec0bc9ea96418f","C:\Users\marco\Desktop\ds004507\derivatives\labels\sub-005\ses-headDown\anat\sub-005_ses-headDown_T2w_seg-manual.nii.gz","803","5","",70.27354442559462,0.0,-1.3297529110514954,0.0,6.833653246064648,0.0,6.600943408546282,0.0,6.833301892481926,0.0,13.220510286459785,0.0,3.2107952241748157,0.0,3.390148184371466,0.0,0.8559529846260647,0.0,-9.947749942195166,0.0,0.9482288782636584,0.0,""
"2026-09-25 17:16:12","git-master-bddc7a050319718b5e4e0856afec0bc9ea96418f","C:\Users\marco\Desktop\ds004507\derivatives\labels\sub-005\ses-headDown\anat\sub-005_ses-headDown_T2w_seg-manual.nii.gz","804","5","",69.09417955709861,0.0,-1.360510815226135,0.0,6.812061307629988,0.0,6.524753370742528,0.0,6.805086350223915,0.0,13.082465746766735,0.0,3.160870461436421,0.0,3.3638829093061067,0.0,0.8540347233606836,0.0,-9.06060290596579,0.0,0.9402035645057661,0.0,""
"2026-09-25 17:16:12","git-master-bddc7a050319718b5e4e0856afec0bc9ea96418f","C:\Users\marco\Desktop\ds004507\derivatives\labels\sub-005\ses-headDown\anat\sub-005_ses-headDown_T2w_seg-manual.nii.gz","805","5","",69.50527027554209,0.0,-1.3542280120027685,0.0,6.792209563144955,0.0,6.3733943334488945,0.0,6.778675193307449,0.0,13.214573916512533,0.0,3.0993630674033836,0.0,3.274031266045511,0.0,0.858384070377195,0.0,-9.859276857075026,0.0,0.9186135920119183,0.0,""
"2026-09-25 17:16:12","git-master-bddc7a050319718b5e4e0856afec0bc9ea96418f","C:\Users\marco\Desktop\ds004507\derivatives\labels\sub-005\ses-headDown\anat\sub-005_ses-headDown_T2w_seg-manual.nii.gz","806","5","",69.22774541883294,0.0,-1.3047312536416158,0.0,6.774388562138957,0.0,6.3714001106396765,0.0,6.697477077451183,0.0,13.317640002447218,0.0,3.0806774782076105,0.0,3.2907226324320655,0.0,0.8643257114493406,0.0,-11.052680586449199,0.0,0.9202370163486808,0.0,""
"2026-09-25 17:16:12","git-master-bddc7a050319718b5e4e0856afec0bc9ea96418f","C:\Users\marco\Desktop\ds004507\derivatives\labels\sub-005\ses-headDown\anat\sub-005_ses-headDown_T2w_seg-manual.nii.gz","807","5","",70.95430709765738,0.0,-1.2099560355211492,0.0,6.7586956166007415,0.0,6.449666533547143,0.0,6.822273601282667,0.0,13.367193266695045,0.0,3.12447965407945,0.0,3.3251868794676933,0.0,0.8599320847341011,0.0,-10.231633487300751,0.0,0.9348747144121691,0.0,""
"2026-09-25 17:16:12","git-master-bddc7a050319718b5e4e0856afec0bc9ea96418f","C:\Users\marco\Desktop\ds004507\derivatives\labels\sub-005\ses-headDown\anat\sub-005_ses-headDown_T2w_seg-manual.nii.gz","808","5","",72.433815534326,0.0,-1.078126661014274,0.0,6.744744164972252,0.0,6.553925275204668,0.0,6.882562065534742,0.0,13.486895238954961,0.0,3.209839449960416,0.0,3.344085825244252,0.0,0.8599535369654243,0.0,-10.279460477566946,0.0,0.9451046922234622,0.0,""
"2026-09-25 17:16:12","git-master-bddc7a050319718b5e4e0856afec0bc9ea96418f","C:\Users\marco\Desktop\ds004507\derivatives\labels\sub-005\ses-headDown\anat\sub-005_ses-headDown_T2w_seg-manual.nii.gz","809","5","",73.47618139941915,0.0,-0.9092365297628243,0.0,6.732534438860656,0.0,6.653747053734076,0.0,6.906881008159538,0.0,13.605570980620708,0.0,3.303771924131757,0.0,3.349975129602319,0.0,0.8615559005994008,0.0,-10.708680189778093,0.0,0.9476462521965758,0.0,""
"2026-09-25 17:16:12","git-master-bddc7a050319718b5e4e0856afec0bc9ea96418f","C:\Users\marco\Desktop\ds004507\derivatives\labels\sub-005\ses-headDown\anat\sub-005_ses-headDown_T2w_seg-manual.nii.gz","810","5","",74.29291877721894,0.0,-0.7032789691146243,0.0,6.722066654593698,0.0,6.720031088220518,0.0,6.982945418742669,0.0,13.611560138193587,0.0,3.36280236928552,0.0,3.3572287189349974,0.0,0.8583791168979958,0.0,-10.362618289336057,0.0,0.9431359555320038,0.0,""
"2026-09-25 17:16:12","git-master-bddc7a050319718b5e4e0856afec0bc9ea96418f","C:\Users\marco\Desktop\ds004507\derivatives\labels\sub-005\ses-headDown\anat\sub-005_ses-headDown_T2w_seg-manual.nii.gz","811","5","",74.29735943955485,0.0,-0.4478877841184448,0.0,6.7139218271801795,0.0,6.719315683479743,0.0,6.98700658088306,0.0,13.598570010799621,0.0,3.2702206038414565,0.0,3.449095079638287,0.0,0.8579070595367652,0.0,-10.840214474727869,0.0,0.9512890152752275,0.0,""
"2026-09-25 17:16:12","git-master-bddc7a050319718b5e4e0856afec0bc9ea96418f","C:\Users\marco\Desktop\ds004507\derivatives\labels\sub-005\ses-headDown\anat\sub-005_ses-headDown_T2w_seg-manual.nii.gz","812","5","",73.87183890818055,0.0,-0.1854185400642462,0.0,6.707616244235011,0.0,6.647687678909299,0.0,6.946359504260796,0.0,13.595855810112326,0.0,3.250609252421312,0.0,3.397078426487987,0.0,0.8596246631832257,0.0,-11.244612387393532,0.0,0.9566841711096709,0.0,""
"2026-09-25 17:16:12","git-master-bddc7a050319718b5e4e0856afec0bc9ea96418f","C:\Users\marco\Desktop\ds004507\derivatives\labels\sub-005\ses-headDown\anat\sub-005_ses-headDown_T2w_seg-manual.nii.gz","813","5","",73.98566428543299,0.0,0.06350228576820144,0.0,6.703053208384106,0.0,6.664163259966838,0.0,6.953435988150603,0.0,13.597106825763042,0.0,3.315632983877093,0.0,3.348530276089744,0.0,0.8593396869753751,0.0,-11.177567045194358,0.0,0.9544400013637179,0.0,""
"2026-09-25 17:16:12","git-master-bddc7a050319718b5e4e0856afec0bc9ea96418f","C:\Users\marco\Desktop\ds004507\derivatives\labels\sub-005\ses-headDown\anat\sub-005_ses-headDown_T2w_seg-manual.nii.gz","814","5","",74.77414083373075,0.0,0.2887455161455055,0.0,6.700232797321094,0.0,6.831402180366839,0.0,7.030532782685615,0.0,13.583638449032563,0.0,3.463316941965026,0.0,3.3680852384018136,0.0,0.8556161819848902,0.0,-10.719375052114648,0.0,0.9488437389909952,0.0,""
"2026-09-25 17:16:12","git-master-bddc7a050319718b5e4e0856afec0bc9ea96418f","C:\Users\marco\Desktop\ds004507\derivatives\labels\sub-005\ses-headDown\anat\sub-005_ses-headDown_T2w_seg-manual.nii.gz","815","5","",75.33568851287306,0.0,0.48767394202325176,0.0,6.6993487088526,0.0,7.1228739592450205,0.0,7.1197290291002355,0.0,13.508171693086622,0.0,3.6747440315554627,0.0,3.448129927689558,0.0,0.8498127861202678,0.0,-10.639351169179031,0.0,0.9591688765230019,0.0,""
"2026-09-25 17:16:12","git-master-bddc7a050319718b5e4e0856afec0bc9ea96418f","C:\Users\marco\Desktop\ds004507\derivatives\labels\sub-005\ses-headDown\anat\sub-005_ses-headDown_T2w_seg-manual.nii.gz","816","5","",76.15613204393867,0.0,0.6563381159318302,0.0,6.700691422374004,0.0,7.022817504117752,0.0,7.079951031151503,0.0,13.753622189983556,0.0,3.6049366918283106,0.0,3.417880812289442,0.0,0.8572201050418996,0.0,-10.188794506998335,0.0,0.9598645548099382,0.0,""
"2026-09-25 17:16:12","git-master-bddc7a050319718b5e4e0856afec0bc9ea96418f","C:\Users\marco\Desktop\ds004507\derivatives\labels\sub-005\ses-headDown\anat\sub-005_ses-headDown_T2w_seg-manual.nii.gz","817","5","",76.62131833712846,0.0,0.8013191132255232,0.0,6.703776813009385,0.0,6.950107315428335,0.0,7.081744748381231,0.0,13.845496072669015,0.0,3.5197961963524316,0.0,3.4303111190759035,0.0,0.859290268746626,0.0,-9.794719070586094,0.0,0.9509292950599706,0.0,""
"2026-09-25 17:16:12","git-master-bddc7a050319718b5e4e0856afec0bc9ea96418f","C:\Users\marco\Desktop\ds004507\derivatives\labels\sub-005\ses-headDown\anat\sub-005_ses-headDown_T2w_seg-manual.nii.gz","818","5","",76.47770390915932,0.0,0.9226191994664054,0.0,6.708604821720872,0.0,6.890179278323772,0.0,7.102664816388196,0.0,13.788067031137365,0.0,3.4393490337040147,0.0,3.4508302446197567,0.0,0.8570922394526023,0.0,-9.620343579141078,0.0,0.9415287254575762,0.0,""
"2026-09-25 17:16:12","git-master-bddc7a050319718b5e4e0856afec0bc9ea96418f","C:\Users\marco\Desktop\ds004507\derivatives\labels\sub-005\ses-headDown\anat\sub-005_ses-headDown_T2w_seg-manual.nii.gz","819","5","",75.6766559505145,0.0,1.0202408970745467,0.0,6.715175374659236,0.0,6.7885671824126055,0.0,7.097154736352008,0.0,13.667404207524902,0.0,3.3588990874179854,0.0,3.42966809499462,0.0,0.8545914427124203,0.0,-9.7183385437816,0.0,0.9412018202613875,0.0,""
"2026-09-25 17:16:12","git-master-bddc7a050319718b5e4e0856afec0bc9ea96418f","C:\Users\marco\Desktop\ds004507\derivatives\labels\sub-005\ses-headDown\anat\sub-005_ses-headDown_T2w_seg-manual.nii.gz","820","5","",75.41736082307607,0.0,1.0876119167171754,0.0,6.723972312582671,0.0,6.6522747203092365,0.0,7.003719306845101,0.0,13.784919913257943,0.0,3.2873676852563225,0.0,3.364907035052914,0.0,0.8612816552018658,0.0,-9.477017309658152,0.0,0.9536087289846362,0.0,""
"2026-09-25 17:16:12","git-master-bddc7a050319718b5e4e0856afec0bc9ea96418f","C:\Users\marco\Desktop\ds004507\derivatives\labels\sub-005\ses-headDown\anat\sub-005_ses-headDown_T2w_seg-manual.nii.gz","821","5","",75.58899716011445,0.0,1.1286820538307358,0.0,6.734704967859032,0.0,6.632957094252833,0.0,6.983197553814457,0.0,13.880421103140234,0.0,3.2658223263189377,0.0,3.367134767933895,0.0,0.8642214901616445,0.0,-9.461679417967945,0.0,0.9493461585281135,0.0,""
"2026-09-25 17:16:12","git-master-bddc7a050319718b5e4e0856afec0bc9ea96418f","C:\Users\marco\Desktop\ds004507\derivatives\labels\sub-005\ses-headDown\anat\sub-005_ses-headDown_T2w_seg-manual.nii.gz","822","5","",76.0150572210141,0.0,1.14608289597591,0.0,6.747179544632926,0.0,6.5870930004475055,0.0,6.978524340353765,0.0,13.983084206387348,0.0,3.2189310769054,0.0,3.368161923542105,0.0,0.8665474142160621,0.0,-9.010942268788869,0.0,0.9522418672963283,0.0,""
"2026-09-25 17:16:12","git-master-bddc7a050319718b5e4e0856afec0bc9ea96418f","C:\Users\marco\Desktop\ds004507\derivatives\labels\sub-005\ses-headDown\anat\sub-005_ses-headDown_T2w_seg-manual.nii.gz","823","5","",76.37374576934538,0.0,1.139815053494159,0.0,6.761395830475488,0.0,6.488052213570618,0.0,6.9548688922718815,0.0,14.097303533221615,0.0,3.1556755013732896,0.0,3.332376712197328,0.0,0.8698050521518831,0.0,-8.46734619246262,0.0,0.9603672775245491,0.0,""
"2026-09-25 17:16:12","git-master-bddc7a050319718b5e4e0856afec0bc9ea96418f","C:\Users\marco\Desktop\ds004507\derivatives\labels\sub-005\ses-headDown\anat\sub-005_ses-headDown_T2w_seg-manual.nii.gz","824","5","",76.09030253345117,0.0,1.1085636705737496,0.0,6.777450320518563,0.0,6.383697543523943,0.0,6.8780596055459435,0.0,14.211095213586077,0.0,3.151215809700916,0.0,3.2324817338230267,0.0,0.8750669656766511,0.0,-9.06754404204414,0.0,0.9519476657544929,0.0,""
"2026-09-25 17:16:12","git-master-bddc7a050319718b5e4e0856afec0bc9ea96418f","C:\Users\marco\Desktop\ds004507\derivatives\labels\sub-005\ses-headDown\anat\sub-005_ses-headDown_T2w_seg-manual.nii.gz","825","5","",75.53689790090176,0.0,1.0457516076697,0.0,6.795826155541619,0.0,6.3881505365513895,0.0,6.858430091229469,0.0,14.154948117441442,0.0,3.0721637248837492,0.0,3.3159868116676394,0.0,0.8747763424734636,0.0,-9.00473599653735,0.0,0.9510097005940639,0.0,""
"2026-09-25 17:16:12","git-master-bddc7a050319718b5e4e0856afec0bc9ea96418f","C:\Users\marco\Desktop\ds004507\derivatives\labels\sub-005\ses-headDown\anat\sub-005_ses-headDown_T2w_seg-manual.nii.gz","826","5","",75.73870492582633,0.0,0.959265707731332,0.0,6.815942510045538,0.0,6.3985986432695,0.0,6.807954601325042,0.0,14.319741005842882,0.0,2.979631250987209,0.0,3.4189673922822896,0.0,0.8796432073362411,0.0,-7.8816506179704255,0.0,0.943058782236467,0.0,""
"2026-09-25 17:16:12","git-master-bddc7a050319718b5e4e0856afec0bc9ea96418f","C:\Users\marco\Desktop\ds004507\derivatives\labels\sub-005\ses-headDown\anat\sub-005_ses-headDown_T2w_seg-manual.nii.gz","827","5","",75.39977417007982,0.0,0.8491033272701174,0.0,6.837799027859476,0.0,6.3624209385690405,0.0,6.7115685151892235,0.0,14.468556562622917,0.0,2.9213747961967678,0.0,3.441046142372273,0.0,0.8858869350321511,0.0,-6.875057543543973,0.0,0.9366374452798399,0.0,""
"2026-09-25 17:16:12","git-master-bddc7a050319718b5e4e0856afec0bc9ea96418f","C:\Users\marco\Desktop\ds004507\derivatives\labels\sub-005\ses-headDown\anat\sub-005_ses-headDown_T2w_seg-manual.nii.gz","828","5","",73.71189245082873,0.0,0.7152618149265427,0.0,6.861395336765317,0.0,6.2460206516328505,0.0,6.570258001585381,0.0,14.428934756335424,0.0,2.9212520970913274,0.0,3.324768554541524,0.0,0.8903078847822216,0.0,-6.772716545261368,0.0,0.9378624617807769,0.0,""
"2026-09-25 17:16:12","git-master-bddc7a050319718b5e4e0856afec0bc9ea96418f","C:\Users\marco\Desktop\ds004507\derivatives\labels\sub-005\ses-headDown\anat\sub-005_ses-headDown_T2w_seg-manual.nii.gz","829","5","",72.04737715397115,0.0,0.5524749055648173,0.0,6.887117382918617,0.0,6.061770564111824,0.0,6.432512067609892,0.0,14.363532395422768,0.0,2.9167151139722955,0.0,3.1450554501395294,0.0,0.8941114963419203,0.0,-6.674648934686343,0.0,0.9404193071136105,0.0,""
"2026-09-25 17:16:12","git-master-bddc7a050319718b5e4e0856afec0bc9ea96418f","C:\Users\marco\Desktop\ds004507\derivatives\labels\sub-005\ses-headDown\anat\sub-005_ses-headDown_T2w_seg-manual.nii.gz","830","5","",71.75592349108311,0.0,0.36205550263917313,0.0,6.914867683515533,0.0,6.043447232324276,0.0,6.4510369618546,0.0,14.409293724609272,0.0,2.7889308517938782,0.0,3.2545163805303985,0.0,0.894184632515833,0.0,-5.413690606276437,0.0,0.9218924497671863,0.0,""
"2026-09-25 17:16:12","git-master-bddc7a050319718b5e4e0856afec0bc9ea96418f","C:\Users\marco\Desktop\ds004507\derivatives\labels\sub-005\ses-headDown\anat\sub-005_ses-headDown_T2w_seg-manual.nii.gz","831","5","",72.22992351376787,0.0,0.1479520883571907,0.0,6.944355856968183,0.0,5.989485390342904,0.0,6.432563741088152,0.0,14.640887187695197,0.0,2.726215773470414,0.0,3.2632696168724897,0.0,0.8981692312534308,0.0,-5.521497343358012,0.0,0.9109095712175994,0.0,""
"2026-09-25 17:16:12","git-master-bddc7a050319718b5e4e0856afec0bc9ea96418f","C:\Users\marco\Desktop\ds004507\derivatives\labels\sub-005\ses-headDown\anat\sub-005_ses-headDown_T2w_seg-manual.nii.gz","832","5","",73.33481821244688,0.0,-0.08983225353512118,0.0,6.975581377524468,0.0,5.963986037703984,0.0,6.411161526397691,0.0,14.922438493547686,0.0,2.760402077030533,0.0,3.203583960673451,0.0,0.9030027866446526,0.0,-6.704114968220283,0.0,0.9131196582362145,0.0,""
"2026-09-25 17:16:12","git-master-bddc7a050319718b5e4e0856afec0bc9ea96418f","C:\Users\marco\Desktop\ds004507\derivatives\labels\sub-005\ses-headDown\anat\sub-005_ses-headDown_T2w_seg-manual.nii.gz","833","5","",75.04389319045227,0.0,-0.35129311855514517,0.0,7.008543702287572,0.0,6.147535474922741,0.0,6.517118117499696,0.0,14.999776258936315,0.0,2.8648666125848155,0.0,3.2826688623379257,0.0,0.900680987694588,0.0,-7.437541449883625,0.0,0.925898752751284,0.0,""
"2026-09-25 17:16:12","git-master-bddc7a050319718b5e4e0856afec0bc9ea96418f","C:\Users\marco\Desktop\ds004507\derivatives\labels\sub-005\ses-headDown\anat\sub-005_ses-headDown_T2w_seg-manual.nii.gz","834","4","",75.46023836180298,0.0,-0.6910949567723298,0.0,7.049873594925869,0.0,6.059847221695234,0.0,6.505442746849685,0.0,15.0713476385694,0.0,2.986967907941486,0.0,3.0728793137537487,0.0,0.9020444895286412,0.0,-6.768178246846276,0.0,0.9537037037037037,0.0,""
"2026-09-25 17:16:12","git-master-bddc7a050319718b5e4e0856afec0bc9ea96418f","C:\Users\marco\Desktop\ds004507\derivatives\labels\sub-005\ses-headDown\anat\sub-005_ses-headDown_T2w_seg-manual.nii.gz","835","4","",76.23685963418035,0.0,-0.9135268537759146,0.0,7.076250041213484,0.0,6.074228233622306,0.0,6.575389393278344,0.0,15.058440466105338,0.0,2.9970589543281565,0.0,3.0771692792941496,0.0,0.8996201168393163,0.0,-6.940948614739043,0.0,0.956454643048846,0.0,""
"2026-09-25 17:16:12","git-master-bddc7a050319718b5e4e0856afec0bc9ea96418f","C:\Users\marco\Desktop\ds004507\derivatives\labels\sub-005\ses-headDown\anat\sub-005_ses-headDown_T2w_seg-manual.nii.gz","836","4","",76.53096019834705,0.0,-1.1218155654739275,0.0,7.100490304674535,0.0,6.081208047635901,0.0,6.615556820661169,0.0,15.026308768317529,0.0,2.9978735900692306,0.0,3.0833344575666706,0.0,0.8978636153498912,0.0,-7.2036947367200295,0.0,0.9587088113492945,0.0,""
"2026-09-25 17:16:12","git-master-bddc7a050319718b5e4e0856afec0bc9ea96418f","C:\Users\marco\Desktop\ds004507\derivatives\labels\sub-005\ses-headDown\anat\sub-005_ses-headDown_T2w_seg-manual.nii.gz","837","4","",76.70325699543764,0.0,-1.3159619526002946,0.0,7.122594713228392,0.0,6.10348054081166,0.0,6.6467770856653,0.0,14.995835333660073,0.0,2.9961736226749167,0.0,3.1073069181367425,0.0,0.8964000752907595,0.0,-7.366094027519597,0.0,0.959731869365139,0.0,""
"2026-09-25 17:16:12","git-master-bddc7a050319718b5e4e0856afec0bc9ea96418f","C:\Users\marco\Desktop\ds004507\derivatives\labels\sub-005\ses-headDown\anat\sub-005_ses-headDown_T2w_seg-manual.nii.gz","838","4","",77.47479271104669,0.0,-1.4924322272077837,0.0,7.142029986313609,0.0,6.19214779351437,0.0,6.710213515752599,0.0,15.010940537194944,0.0,3.00541750034097,0.0,3.1867302931733996,0.0,0.8945216749994805,0.0,-7.006554393363979,0.0,0.9576861661087479,0.0,""
"2026-09-25 17:16:12","git-master-bddc7a050319718b5e4e0856afec0bc9ea96418f","C:\Users\marco\Desktop\ds004507\derivatives\labels\sub-005\ses-headDown\anat\sub-005_ses-headDown_T2w_seg-manual.nii.gz","839","4","",78.90707600845795,0.0,-1.6494653336626939,0.0,7.158530237466129,0.0,6.327856716789016,0.0,6.8105046656896775,0.0,15.05947680932721,0.0,3.1350917118613277,0.0,3.1927650049276886,0.0,0.8918910360502557,0.0,-6.049483708510736,0.0,0.9567165051845619,0.0,""
"2026-09-25 17:16:12","git-master-bddc7a050319718b5e4e0856afec0bc9ea96418f","C:\Users\marco\Desktop\ds004507\derivatives\labels\sub-005\ses-headDown\anat\sub-005_ses-headDown_T2w_seg-manual.nii.gz","840","4","",79.00137342845667,0.0,-1.7923669943179932,0.0,7.172896390022807,0.0,6.333568709447543,0.0,6.8637246782275945,0.0,15.001012920843545,0.0,3.110462911985806,0.0,3.2231057974617374,0.0,0.889160813321974,0.0,-5.459271438768095,0.0,0.9456557385016785,0.0,""
"2026-09-25 17:16:12","git-master-bddc7a050319718b5e4e0856afec0bc9ea96418f","C:\Users\marco\Desktop\ds004507\derivatives\labels\sub-005\ses-headDown\anat\sub-005_ses-headDown_T2w_seg-manual.nii.gz","841","4","",77.55750050845354,0.0,-1.9211396217629582,0.0,7.185128658905465,0.0,6.20234535174845,0.0,6.864305668536504,0.0,14.805831445311757,0.0,2.9043083831782806,0.0,3.29803696857017,0.0,0.8859985292908076,0.0,-5.488310024185619,0.0,0.9253966600515625,0.0,""
"2026-09-25 17:16:12","git-master-bddc7a050319718b5e4e0856afec0bc9ea96418f","C:\Users\marco\Desktop\ds004507\derivatives\labels\sub-005\ses-headDown\anat\sub-005_ses-headDown_T2w_seg-manual.nii.gz","842","4","",78.06928872770023,0.0,-2.028727663853711,0.0,7.194160739122058,0.0,6.36759725256671,0.0,6.986026329848669,0.0,14.553138439346158,0.0,2.9866372074490717,0.0,3.3809600451176376,0.0,0.8771308932206795,0.0,-6.2913529309281895,0.0,0.938772337862031,0.0,""
"2026-09-25 17:16:12","git-master-bddc7a050319718b5e4e0856afec0bc9ea96418f","C:\Users\marco\Desktop\ds004507\derivatives\labels\sub-005\ses-headDown\anat\sub-005_ses-headDown_T2w_seg-manual.nii.gz","843","4","",79.12238109043604,0.0,-2.1204347862330617,0.0,7.200793073621523,0.0,6.5500433533590865,0.0,7.113443587905707,0.0,14.42190568297552,0.0,3.1002330317816993,0.0,3.4498103215773868,0.0,0.8698275430484582,0.0,-6.0188217589593895,0.0,0.9466325558048416,0.0,""
"2026-09-25 17:16:12","git-master-bddc7a050319718b5e4e0856afec0bc9ea96418f","C:\Users\marco\Desktop\ds004507\derivatives\labels\sub-005\ses-headDown\anat\sub-005_ses-headDown_T2w_seg-manual.nii.gz","844","4","",80.01637185935621,0.0,-2.1980284995615404,0.0,7.2052924094584325,0.0,6.651658766682128,0.0,7.19788047657789,0.0,14.406203262354804,0.0,3.158520951835744,0.0,3.4931378148463836,0.0,0.8662180337348256,0.0,-5.431616951248723,0.0,0.9456356811428944,0.0,""
"2026-09-25 17:16:12","git-master-bddc7a050319718b5e4e0856afec0bc9ea96418f","C:\Users\marco\Desktop\ds004507\derivatives\labels\sub-005\ses-headDown\anat\sub-005_ses-headDown_T2w_seg-manual.nii.gz","845","4","",80.01107989870205,0.0,-2.259747962236959,0.0,7.2073922440217215,0.0,6.554210933225048,0.0,7.17991493738927,0.0,14.52898384757645,0.0,3.0610990872011423,0.0,3.4931118460239055,0.0,0.8693553804551104,0.0,-5.211970541830219,0.0,0.9302258079879002,0.0,""
"2026-09-25 17:16:12","git-master-bddc7a050319718b5e4e0856afec0bc9ea96418f","C:\Users\marco\Desktop\ds004507\derivatives\labels\sub-005\ses-headDown\anat\sub-005_ses-headDown_T2w_seg-manual.nii.gz","846","4","",80.25131826850367,0.0,-2.3003087977587553,0.0,7.206292866663079,0.0,6.584886817401429,0.0,7.106873785990176,0.0,14.667570395091266,0.0,3.1208345879055033,0.0,3.464052229495926,0.0,0.8747207291175287,0.0,-6.663495805886225,0.0,0.935061168414884,0.0,""
"2026-09-25 17:16:12","git-master-bddc7a050319718b5e4e0856afec0bc9ea96418f","C:\Users\marco\Desktop\ds004507\derivatives\labels\sub-005\ses-headDown\anat\sub-005_ses-headDown_T2w_seg-manual.nii.gz","847","4","",79.81086618598113,0.0,-2.3267666036690886,0.0,7.203060634634999,0.0,6.600163829487188,0.0,7.066669242203256,0.0,14.65785346165512,0.0,3.157860430348845,0.0,3.4423033991383427,0.0,0.8760969239014598,0.0,-6.949489287260834,0.0,0.9373545242869853,0.0,""
"2026-09-25 17:16:12","git-master-bddc7a050319718b5e4e0856afec0bc9ea96418f","C:\Users\marco\Desktop\ds004507\derivatives\labels\sub-005\ses-headDown\anat\sub-005_ses-headDown_T2w_seg-manual.nii.gz","848","4","",79.08974382615212,0.0,-2.3391220960320958,0.0,7.19769549408884,0.0,6.62618970976576,0.0,7.071855892120766,0.0,14.54646732530806,0.0,3.18877556371175,0.0,3.43741414605401,0.0,0.8738704389703172,0.0,-6.109121501311389,0.0,0.9365628305770879,0.0,""
"2026-09-25 17:16:12","git-master-bddc7a050319718b5e4e0856afec0bc9ea96418f","C:\Users\marco\Desktop\ds004507\derivatives\labels\sub-005\ses-headDown\anat\sub-005_ses-headDown_T2w_seg-manual.nii.gz","849","4","",80.13036256048767,0.0,-2.3320882570999277,0.0,7.1893974097369915,0.0,6.834263365459465,0.0,7.150256109586846,0.0,14.581255039763546,0.0,3.354882008174507,0.0,3.4793813572849577,0.0,0.8715105132249765,0.0,-5.224948306585505,0.0,0.9387405845464201,0.0,""
"2026-09-25 17:16:12","git-master-bddc7a050319718b5e4e0856afec0bc9ea96418f","C:\Users\marco\Desktop\ds004507\derivatives\labels\sub-005\ses-headDown\anat\sub-005_ses-headDown_T2w_seg-manual.nii.gz","850","4","",78.97650476156193,0.0,-2.307427025481764,0.0,7.1784326085830985,0.0,6.744446923970658,0.0,7.081822884941353,0.0,14.47911335169336,0.0,3.335244627615706,0.0,3.4092022963549518,0.0,0.8722289158154773,0.0,-5.325979228589358,0.0,0.9408700445614693,0.0,""
"2026-09-25 17:16:12","git-master-bddc7a050319718b5e4e0856afec0bc9ea96418f","C:\Users\marco\Desktop\ds004507\derivatives\labels\sub-005\ses-headDown\anat\sub-005_ses-headDown_T2w_seg-manual.nii.gz","851","4","",77.65346681729837,0.0,-2.268662358534626,0.0,7.165334148311571,0.0,6.673722419727844,0.0,7.0325129346162045,0.0,14.306681030896332,0.0,3.305348155554015,0.0,3.3683742641738292,0.0,0.8707723298500888,0.0,-5.37172292586653,0.0,0.9374033370174075,0.0,""
"2026-09-25 17:16:12","git-master-bddc7a050319718b5e4e0856afec0bc9ea96418f","C:\Users\marco\Desktop\ds004507\derivatives\labels\sub-005\ses-headDown\anat\sub-005_ses-headDown_T2w_seg-manual.nii.gz","852","4","",77.11308937645973,0.0,-2.2157933435504074,0.0,7.15010185751681,0.0,6.776532261726225,0.0,7.084280275417163,0.0,14.087509810948678,0.0,3.3481941730980482,0.0,3.428338088628177,0.0,0.864358164594073,0.0,-4.856109087550744,0.0,0.9250059424768243,0.0,""
"2026-09-25 17:16:12","git-master-bddc7a050319718b5e4e0856afec0bc9ea96418f","C:\Users\marco\Desktop\ds004507\derivatives\labels\sub-005\ses-headDown\anat\sub-005_ses-headDown_T2w_seg-manual.nii.gz","853","4","",77.410746928752,0.0,-2.1399980734715265,0.0,7.1314011344948085,0.0,6.687358860128213,0.0,6.970512246952093,0.0,14.367726322488673,0.0,3.2189736585569246,0.0,3.4683852015712877,0.0,0.8742676441058752,0.0,-6.118574971107313,0.0,0.9354998742992848,0.0,""
"2026-09-25 17:16:12","git-master-bddc7a050319718b5e4e0856afec0bc9ea96418f","C:\Users\marco\Desktop\ds004507\derivatives\labels\sub-005\ses-headDown\anat\sub-005_ses-headDown_T2w_seg-manual.nii.gz","854","4","",78.49301395146198,0.0,-2.05008883768256,0.0,7.11056527198794,0.0,6.6469304426947335,0.0,7.000822596085715,0.0,14.530684510013225,0.0,3.1656471286149697,0.0,3.481283314079764,0.0,0.8762821427240283,0.0,-5.781597703715534,0.0,0.9448568825981714,0.0,""
"2026-09-25 17:16:12","git-master-bddc7a050319718b5e4e0856afec0bc9ea96418f","C:\Users\marco\Desktop\ds004507\derivatives\labels\sub-005\ses-headDown\anat\sub-005_ses-headDown_T2w_seg-manual.nii.gz","855","4","",79.46482628318282,0.0,-1.9460632147730936,0.0,7.0875939521158395,0.0,6.640286380866638,0.0,7.092386118838259,0.0,14.554106693864238,0.0,3.1626970510718517,0.0,3.477589329794787,0.0,0.873207051361065,0.0,-4.784306536712358,0.0,0.9511925194706586,0.0,""
"2026-09-25 17:16:12","git-master-bddc7a050319718b5e4e0856afec0bc9ea96418f","C:\Users\marco\Desktop\ds004507\derivatives\labels\sub-005\ses-headDown\anat\sub-005_ses-headDown_T2w_seg-manual.nii.gz","856","4","",78.43385324823636,0.0,-1.8243870633579735,0.0,7.061952648286435,0.0,6.6447047873803795,0.0,7.087963600323261,0.0,14.356697040502302,0.0,3.1695560136099235,0.0,3.475148773770456,0.0,0.8696145369228165,0.0,-4.918142268813569,0.0,0.9498255089292608,0.0,""
"2026-09-25 17:16:12","git-master-bddc7a050319718b5e4e0856afec0bc9ea96418f","C:\Users\marco\Desktop\ds004507\derivatives\labels\sub-005\ses-headDown\anat\sub-005_ses-headDown_T2w_seg-manual.nii.gz","857","4","",78.94113853686629,0.0,-1.7143910744679778,0.0,7.033373024284614,0.0,6.638922445623973,0.0,7.065186527483611,0.0,14.471542698327376,0.0,3.1673386885251418,0.0,3.4715837570988315,0.0,0.8726818588913547,0.0,-5.497081639680018,0.0,0.9500315864590282,0.0,""
"2026-09-25 17:16:12","git-master-bddc7a050319718b5e4e0856afec0bc9ea96418f","C:\Users\marco\Desktop\ds004507\derivatives\labels\sub-005\ses-headDown\anat\sub-005_ses-headDown_T2w_seg-manual.nii.gz","858","4","",79.4856991181078,0.0,-1.6298612174837372,0.0,7.002655618868459,0.0,6.640193122581338,0.0,7.026286446789044,0.0,14.659604031328202,0.0,3.165793848691517,0.0,3.4743992738898206,0.0,0.8775854332617068,0.0,-5.45626776355635,0.0,0.9463132289449855,0.0,""
"2026-09-25 17:16:12","git-master-bddc7a050319718b5e4e0856afec0bc9ea96418f","C:\Users\marco\Desktop\ds004507\derivatives\labels\sub-005\ses-headDown\anat\sub-005_ses-headDown_T2w_seg-manual.nii.gz","859","4","",79.86637131758894,0.0,-1.5764555974818864,0.0,6.969800006585144,0.0,6.669636574614607,0.0,6.972568774809094,0.0,14.890130459459778,0.0,3.1722880236358617,0.0,3.497348550978746,0.0,0.8835269523418816,0.0,-4.574114946655081,0.0,0.937813315149263,0.0,""
"2026-09-25 17:16:12","git-master-bddc7a050319718b5e4e0856afec0bc9ea96418f","C:\Users\marco\Desktop\ds004507\derivatives\labels\sub-005\ses-headDown\anat\sub-005_ses-headDown_T2w_seg-manual.nii.gz","860","4","",81.6740954812146,0.0,-1.5697462973793654,0.0,6.933735491257701,0.0,6.912445524514653,0.0,6.920041433637952,0.0,15.40005027790307,0.0,3.24273230481419,0.0,3.6697132197004634,0.0,0.8931685851681769,0.0,-3.4054313787774975,0.0,0.9308810407678697,0.0,""
"2026-09-25 17:16:12","git-master-bddc7a050319718b5e4e0856afec0bc9ea96418f","C:\Users\marco\Desktop\ds004507\derivatives\labels\sub-005\ses-headDown\anat\sub-005_ses-headDown_T2w_seg-manual.nii.gz","861","4","",79.86038410873428,0.0,-1.5980601934763632,0.0,6.895262804739726,0.0,6.927424251953387,0.0,6.865390564640469,0.0,15.063602036740438,0.0,3.275711974204721,0.0,3.6517122777486666,0.0,0.889785950663735,0.0,-3.6617136910528267,0.0,0.9367928596888457,0.0,""
"2026-09-25 17:16:12","git-master-bddc7a050319718b5e4e0856afec0bc9ea96418f","C:\Users\marco\Desktop\ds004507\derivatives\labels\sub-005\ses-headDown\anat\sub-005_ses-headDown_T2w_seg-manual.nii.gz","862","4","",77.24365139169721,0.0,-1.6575029658857066,0.0,6.8546488027064685,0.0,6.8674274592733155,0.0,6.8392292304344755,0.0,14.496757403873362,0.0,3.2898166723847027,0.0,3.5776107868886124,0.0,0.8816593177839265,0.0,-4.4861424189502355,0.0,0.9412848453167499,0.0,""
"2026-09-25 17:16:12","git-master-bddc7a050319718b5e4e0856afec0bc9ea96418f","C:\Users\marco\Desktop\ds004507\derivatives\labels\sub-005\ses-headDown\anat\sub-005_ses-headDown_T2w_seg-manual.nii.gz","863","4","",76.44155618551336,0.0,-1.75196251379831,0.0,6.811625011954354,0.0,6.866565968787241,0.0,6.879292877335669,0.0,14.257888949277207,0.0,3.298917297128745,0.0,3.567648671658495,0.0,0.8758829558902798,0.0,-5.1639347018444175,0.0,0.9297381127328728,0.0,""
"2026-09-25 17:16:12","git-master-bddc7a050319718b5e4e0856afec0bc9ea96418f","C:\Users\marco\Desktop\ds004507\derivatives\labels\sub-005\ses-headDown\anat\sub-005_ses-headDown_T2w_seg-manual.nii.gz","864","4","",74.96143972266624,0.0,-1.8930908883683288,0.0,6.765385855489607,0.0,6.711383357545384,0.0,6.775698050467989,0.0,14.204937524083611,0.0,3.242710497120946,0.0,3.4686728604244386,0.0,0.8788948306303276,0.0,-5.388719693084005,0.0,0.9212851588900407,0.0,""
"2026-09-25 17:16:12","git-master-bddc7a050319718b5e4e0856afec0bc9ea96418f","C:\Users\marco\Desktop\ds004507\derivatives\labels\sub-005\ses-headDown\anat\sub-005_ses-headDown_T2w_seg-manual.nii.gz","865","4","",75.51290487182673,0.0,-2.065310962404822,0.0,6.717001684931534,0.0,6.681998084092824,0.0,6.824832074870539,0.0,14.215682671771965,0.0,3.2240529460029057,0.0,3.457945138089918,0.0,0.8771832462406594,0.0,-5.3732706090352265,0.0,0.9269851340074452,0.0,""
"2026-09-25 17:16:12","git-master-bddc7a050319718b5e4e0856afec0bc9ea96418f","C:\Users\marco\Desktop\ds004507\derivatives\labels\sub-005\ses-headDown\anat\sub-005_ses-headDown_T2w_seg-manual.nii.gz","866","4","",77.45308748214957,0.0,-2.26861021667419,0.0,6.666471861035985,0.0,6.754489924892052,0.0,6.969246086207188,0.0,14.287991757365022,0.0,3.2267208576355055,0.0,3.5277690672565467,0.0,0.8729276945900006,0.0,-5.301745121940502,0.0,0.9408512320227091,0.0,""
"2026-09-25 17:16:12","git-master-bddc7a050319718b5e4e0856afec0bc9ea96418f","C:\Users\marco\Desktop\ds004507\derivatives\labels\sub-005\ses-headDown\anat\sub-005_ses-headDown_T2w_seg-manual.nii.gz","867","4","",77.18739446428312,0.0,-2.5146039894978323,0.0,6.612989973694317,0.0,6.73363514705824,0.0,6.861255326426808,0.0,14.471657490827178,0.0,3.1440044384781083,0.0,3.589630708580132,0.0,0.8804005804357942,0.0,-5.876364337016771,0.0,0.9341254682404937,0.0,""
"2026-09-25 17:16:12","git-master-bddc7a050319718b5e4e0856afec0bc9ea96418f","C:\Users\marco\Desktop\ds004507\derivatives\labels\sub-005\ses-headDown\anat\sub-005_ses-headDown_T2w_seg-manual.nii.gz","868","4","",77.51834498046162,0.0,-2.7993386803219544,0.0,6.556822113365672,0.0,6.803988517776785,0.0,6.90245281941047,0.0,14.448797330062662,0.0,3.2086452045710705,0.0,3.595343313205715,0.0,0.878473260986539,0.0,-6.3985303198696295,0.0,0.9328308237856986,0.0,""
"2026-09-25 17:16:12","git-master-bddc7a050319718b5e4e0856afec0bc9ea96418f","C:\Users\marco\Desktop\ds004507\derivatives\labels\sub-005\ses-headDown\anat\sub-005_ses-headDown_T2w_seg-manual.nii.gz","869","4","",78.22734638046107,0.0,-3.095825973351984,0.0,6.498504284867725,0.0,6.9373702931408525,0.0,6.97738505589261,0.0,14.410935402274589,0.0,3.356756428949711,0.0,3.580613864191141,0.0,0.8749716896273139,0.0,-6.565334397218651,0.0,0.9363755301295362,0.0,""
"2026-09-25 17:16:12","git-master-bddc7a050319718b5e4e0856afec0bc9ea96418f","C:\Users\marco\Desktop\ds004507\derivatives\labels\sub-005\ses-headDown\anat\sub-005_ses-headDown_T2w_seg-manual.nii.gz","870","4","",79.25484029823241,0.0,-3.392521789271236,0.0,6.438035774332645,0.0,7.127817604632623,0.0,7.034682520645574,0.0,14.448203076477624,0.0,3.5676889376652654,0.0,3.560128666967358,0.0,0.8734634137537597,0.0,-6.188736977228776,0.0,0.9450562604740245,0.0,""
"2026-09-25 17:16:12","git-master-bddc7a050319718b5e4e0856afec0bc9ea96418f","C:\Users\marco\Desktop\ds004507\derivatives\labels\sub-005\ses-headDown\anat\sub-005_ses-headDown_T2w_seg-manual.nii.gz","871","3","",77.79908594278677,0.0,-3.7347335734373157,0.0,6.3494666618324125,0.0,7.009868376641098,0.0,6.956644658549692,0.0,14.33677662775802,0.0,3.4800743078825493,0.0,3.529794068758548,0.0,0.8743861469347246,0.0,-5.701611517194466,0.0,0.9445054274911575,0.0,""
"2026-09-25 17:16:12","git-master-bddc7a050319718b5e4e0856afec0bc9ea96418f","C:\Users\marco\Desktop\ds004507\derivatives\labels\sub-005\ses-headDown\anat\sub-005_ses-headDown_T2w_seg-manual.nii.gz","872","3","",77.49975427026448,0.0,-3.9552469714624463,0.0,6.274213925224195,0.0,7.077308319032095,0.0,7.043721762558916,0.0,14.10918485902057,0.0,3.490265285708882,0.0,3.5870430333232144,0.0,0.8664018556679717,0.0,-5.79552244186064,0.0,0.9495527980968909,0.0,""
"2026-09-25 17:16:12","git-master-bddc7a050319718b5e4e0856afec0bc9ea96418f","C:\Users\marco\Desktop\ds004507\derivatives\labels\sub-005\ses-headDown\anat\sub-005_ses-headDown_T2w_seg-manual.nii.gz","873","3","",76.76409504564653,0.0,-4.133989623083721,0.0,6.195995587521305,0.0,7.01510193846021,0.0,6.994478582008386,0.0,14.129477442377432,0.0,3.4421319731589604,0.0,3.572969965301249,0.0,0.8688344010163402,0.0,-5.088961446862611,0.0,0.951028480923759,0.0,""
"2026-09-25 17:16:12","git-master-bddc7a050319718b5e4e0856afec0bc9ea96418f","C:\Users\marco\Desktop\ds004507\derivatives\labels\sub-005\ses-headDown\anat\sub-005_ses-headDown_T2w_seg-manual.nii.gz","874","3","",75.29234736719643,0.0,-4.271002928470204,0.0,6.114809634899496,0.0,6.83933336488362,0.0,6.825947931177123,0.0,14.230301271372772,0.0,3.3728783208502455,0.0,3.4664550440333746,0.0,0.8773020010357455,0.0,-4.602389937147641,0.0,0.9513303643010671,0.0,""
"2026-09-25 17:16:12","git-master-bddc7a050319718b5e4e0856afec0bc9ea96418f","C:\Users\marco\Desktop\ds004507\derivatives\labels\sub-005\ses-headDown\anat\sub-005_ses-headDown_T2w_seg-manual.nii.gz","875","3","",73.74455708299138,0.0,-4.3663220256948385,0.0,6.030654033881944,0.0,6.655411203200206,0.0,6.631811661603671,0.0,14.306426573459573,0.0,3.3033742870017493,0.0,3.352036916198457,0.0,0.8860621249086396,0.0,-4.620991519455813,0.0,0.9505261067417283,0.0,""
"2026-09-25 17:16:12","git-master-bddc7a050319718b5e4e0856afec0bc9ea96418f","C:\Users\marco\Desktop\ds004507\derivatives\labels\sub-005\ses-headDown\anat\sub-005_ses-headDown_T2w_seg-manual.nii.gz","876","3","",73.48164383707241,0.0,-4.41997563104119,0.0,5.943526731945894,0.0,6.626950570044189,0.0,6.560173227533468,0.0,14.312957976538813,0.0,3.242064076987646,0.0,3.384886493056542,0.0,0.8887776745107863,0.0,-4.79916685836395,0.0,0.947553143743964,0.0,""
"2026-09-25 17:16:12","git-master-bddc7a050319718b5e4e0856afec0bc9ea96418f","C:\Users\marco\Desktop\ds004507\derivatives\labels\sub-005\ses-headDown\anat\sub-005_ses-headDown_T2w_seg-manual.nii.gz","877","3","",73.81259173128183,0.0,-4.420628085763243,0.0,5.852613561834689,0.0,6.590160670783229,0.0,6.592866733191945,0.0,14.300006027997114,0.0,3.2527888627244304,0.0,3.3373718080587986,0.0,0.887378257980005,0.0,-4.878582709822151,0.0,0.9625953483199574,0.0,""
"2026-09-25 17:16:12","git-master-bddc7a050319718b5e4e0856afec0bc9ea96418f","C:\Users\marco\Desktop\ds004507\derivatives\labels\sub-005\ses-headDown\anat\sub-005_ses-headDown_T2w_seg-manual.nii.gz","878","3","",73.66490803031996,0.0,-4.377744164313816,0.0,5.75858735664789,0.0,6.58373986731976,0.0,6.6029032789830975,0.0,14.257100985098626,0.0,3.201398554920244,0.0,3.382341312399515,0.0,0.8862876831292787,0.0,-4.4939803609918325,0.0,0.9629309283022188,0.0,""
"2026-09-25 17:16:12","git-master-bddc7a050319718b5e4e0856afec0bc9ea96418f","C:\Users\marco\Desktop\ds004507\derivatives\labels\sub-005\ses-headDown\anat\sub-005_ses-headDown_T2w_seg-manual.nii.gz","879","3","",73.37795126760696,0.0,-4.309444370689439,0.0,5.663031873001343,0.0,6.618492173802538,0.0,6.664275607218453,0.0,14.094736622822726,0.0,3.1755443552672955,0.0,3.442947818535243,0.0,0.8810266330709278,0.0,-4.3818635916582584,0.0,0.9497716405783773,0.0,""
"2026-09-25 17:16:12","git-master-bddc7a050319718b5e4e0856afec0bc9ea96418f","C:\Users\marco\Desktop\ds004507\derivatives\labels\sub-005\ses-headDown\anat\sub-005_ses-headDown_T2w_seg-manual.nii.gz","880","3","",73.44825132447161,0.0,-4.230947396957029,0.0,5.567306347628148,0.0,6.659862240897902,0.0,6.766609932968505,0.0,13.920675253201424,0.0,3.160860783164505,0.0,3.4990014577333977,0.0,0.8739035874714693,0.0,-4.652654937200671,0.0,0.9354591300096458,0.0,""
"2026-09-25 17:16:12","git-master-bddc7a050319718b5e4e0856afec0bc9ea96418f","C:\Users\marco\Desktop\ds004507\derivatives\labels\sub-005\ses-headDown\anat\sub-005_ses-headDown_T2w_seg-manual.nii.gz","881","3","",74.31841613096431,0.0,-4.155446064686364,0.0,5.4725897349743855,0.0,6.656294839141645,0.0,6.850162596827715,0.0,13.927311017143998,0.0,3.1078475790953854,0.0,3.548447260046259,0.0,0.8706781215814725,0.0,-5.032324254181041,0.0,0.9365505375870745,0.0,""
"2026-09-25 17:16:12","git-master-bddc7a050319718b5e4e0856afec0bc9ea96418f","C:\Users\marco\Desktop\ds004507\derivatives\labels\sub-005\ses-headDown\anat\sub-005_ses-headDown_T2w_seg-manual.nii.gz","882","3","",74.91774223312989,0.0,-4.083623976998989,0.0,5.379113375976313,0.0,6.658025507042816,0.0,6.846681308996926,0.0,14.002910005592197,0.0,3.219679128395856,0.0,3.43834637864696,0.0,0.8723106845684089,0.0,-4.986989252231526,0.0,0.9447690750104253,0.0,""
"2026-09-25 17:16:12","git-master-bddc7a050319718b5e4e0856afec0bc9ea96418f","C:\Users\marco\Desktop\ds004507\derivatives\labels\sub-005\ses-headDown\anat\sub-005_ses-headDown_T2w_seg-manual.nii.gz","883","3","",74.31398220893864,0.0,-4.015074820657881,0.0,5.286741389038485,0.0,6.6550247810906065,0.0,6.852205507883462,0.0,13.85693127820451,0.0,3.202997068666247,0.0,3.4520277124243592,0.0,0.8691456477171167,0.0,-5.299839905759519,0.0,0.9496006556124168,0.0,""
"2026-09-25 17:16:12","git-master-bddc7a050319718b5e4e0856afec0bc9ea96418f","C:\Users\marco\Desktop\ds004507\derivatives\labels\sub-005\ses-headDown\anat\sub-005_ses-headDown_T2w_seg-manual.nii.gz","884","3","",72.7773616924079,0.0,-3.9495274680534287,0.0,5.195383055895001,0.0,6.654653220603895,0.0,6.8147467803735315,0.0,13.660901072557769,0.0,3.1465871651732025,0.0,3.508066055430692,0.0,0.8666795655399954,0.0,-5.383111155508649,0.0,0.94865155294519,0.0,""
"2026-09-25 17:16:12","git-master-bddc7a050319718b5e4e0856afec0bc9ea96418f","C:\Users\marco\Desktop\ds004507\derivatives\labels\sub-005\ses-headDown\anat\sub-005_ses-headDown_T2w_seg-manual.nii.gz","885","3","",71.66067128721279,0.0,-3.8869832634664387,0.0,5.10503950594887,0.0,6.72630424234835,0.0,6.8099180786544435,0.0,13.479355634660445,0.0,3.142591174155853,0.0,3.583713068192497,0.0,0.862917228789947,0.0,-5.0490703527634935,0.0,0.9464067874705393,0.0,""
"2026-09-25 17:16:12","git-master-bddc7a050319718b5e4e0856afec0bc9ea96418f","C:\Users\marco\Desktop\ds004507\derivatives\labels\sub-005\ses-headDown\anat\sub-005_ses-headDown_T2w_seg-manual.nii.gz","886","3","",72.16655873062813,0.0,-3.8274434868525975,0.0,5.015711845701888,0.0,6.905098246452182,0.0,6.911023405818285,0.0,13.349392234109233,0.0,3.253351019576828,0.0,3.6517472268753544,0.0,0.855557824832791,0.0,-4.449609737683445,0.0,0.948398868816895,0.0,""
"2026-09-25 17:16:12","git-master-bddc7a050319718b5e4e0856afec0bc9ea96418f","C:\Users\marco\Desktop\ds004507\derivatives\labels\sub-005\ses-headDown\anat\sub-005_ses-headDown_T2w_seg-manual.nii.gz","887","3","",71.89016261193302,0.0,-3.7714561748052837,0.0,4.927586388155565,0.0,6.868510487300133,0.0,6.871495178662283,0.0,13.382748130514578,0.0,3.3450057854076363,0.0,3.5235047018924965,0.0,0.8581108678496028,0.0,-4.885688448507238,0.0,0.949455343222164,0.0,""
"2026-09-25 17:16:12","git-master-bddc7a050319718b5e4e0856afec0bc9ea96418f","C:\Users\marco\Desktop\ds004507\derivatives\labels\sub-005\ses-headDown\anat\sub-005_ses-headDown_T2w_seg-manual.nii.gz","888","3","",71.11129828629086,0.0,-3.718886490092583,0.0,4.840618613903481,0.0,6.802684720330789,0.0,6.864321030639697,0.0,13.249597348093463,0.0,3.3134852534000228,0.0,3.4891994669307658,0.0,0.8553094895283525,0.0,-4.781232794900401,0.0,0.9476418831895846,0.0,""
"2026-09-25 17:16:12","git-master-bddc7a050319718b5e4e0856afec0bc9ea96418f","C:\Users\marco\Desktop\ds004507\derivatives\labels\sub-005\ses-headDown\anat\sub-005_ses-headDown_T2w_seg-manual.nii.gz","889","3","",71.15440009089767,0.0,-3.669325486805008,0.0,4.754670790588492,0.0,6.777539927472725,0.0,6.877543926429821,0.0,13.248062608917706,0.0,3.252496783083921,0.0,3.525043144388804,0.0,0.8546870712273877,0.0,-4.733782999599442,0.0,0.9486142421967896,0.0,""
"2026-09-25 17:16:12","git-master-bddc7a050319718b5e4e0856afec0bc9ea96418f","C:\Users\marco\Desktop\ds004507\derivatives\labels\sub-005\ses-headDown\anat\sub-005_ses-headDown_T2w_seg-manual.nii.gz","890","3","",71.85924290581328,0.0,-3.6227740680802065,0.0,4.669743880920782,0.0,6.748548722829647,0.0,6.897160954922744,0.0,13.365120890849521,0.0,3.1868163474419453,0.0,3.561732375387702,0.0,0.8565377578576227,0.0,-4.9731367555152435,0.0,0.9502511695582948,0.0,""
"2026-09-25 17:16:12","git-master-bddc7a050319718b5e4e0856afec0bc9ea96418f","C:\Users\marco\Desktop\ds004507\derivatives\labels\sub-005\ses-headDown\anat\sub-005_ses-headDown_T2w_seg-manual.nii.gz","891","3","",72.4634337511033,0.0,-3.579233086619629,0.0,4.585838827049594,0.0,6.681234019300786,0.0,6.917633832780348,0.0,13.456519141084367,0.0,3.134425978960033,0.0,3.5468080403407534,0.0,0.8576855365641917,0.0,-5.5899696398926135,0.0,0.9516500075264862,0.0,""
"2026-09-25 17:16:12","git-master-bddc7a050319718b5e4e0856afec0bc9ea96418f","C:\Users\marco\Desktop\ds004507\derivatives\labels\sub-005\ses-headDown\anat\sub-005_ses-headDown_T2w_seg-manual.nii.gz","892","3","",71.3105005199873,0.0,-3.5391141275136024,0.0,4.50309621966757,0.0,6.697229846095337,0.0,6.973188674857333,0.0,13.163765971904734,0.0,3.1520852226535148,0.0,3.5451446234418227,0.0,0.8481199435981517,0.0,-6.529649918553028,0.0,0.9650453684176221,0.0,""
"2026-09-25 17:16:12","git-master-bddc7a050319718b5e4e0856afec0bc9ea96418f","C:\Users\marco\Desktop\ds004507\derivatives\labels\sub-005\ses-headDown\anat\sub-005_ses-headDown_T2w_seg-manual.nii.gz","893","3","",70.67879075881662,0.0,-3.5025552823316297,0.0,4.421564077235407,0.0,6.787109965677932,0.0,6.990286727854374,0.0,13.018892230329683,0.0,3.177050783327687,0.0,3.6100591823502453,0.0,0.8436023099928465,0.0,-5.972636911962129,0.0,0.9607916026931071,0.0,""
"2026-09-25 17:16:12","git-master-bddc7a050319718b5e4e0856afec0bc9ea96418f","C:\Users\marco\Desktop\ds004507\derivatives\labels\sub-005\ses-headDown\anat\sub-005_ses-headDown_T2w_seg-manual.nii.gz","894","3","",70.48819975592359,0.0,-3.4690096216773285,0.0,4.3410572400291985,0.0,6.821780396200806,0.0,6.96116186524802,0.0,12.987460260084847,0.0,3.191963681698936,0.0,3.6298167145018705,0.0,0.8442148282018852,0.0,-5.659996289630629,0.0,0.9573726335669986,0.0,""
"2026-09-25 17:16:12","git-master-bddc7a050319718b5e4e0856afec0bc9ea96418f","C:\Users\marco\Desktop\ds004507\derivatives\labels\sub-005\ses-headDown\anat\sub-005_ses-headDown_T2w_seg-manual.nii.gz","895","3","",70.3774761050067,0.0,-3.4384776990997397,0.0,4.2615765213950905,0.0,6.869769152155244,0.0,6.930990742094445,0.0,12.986300605289411,0.0,3.2159630764610783,0.0,3.653806075694165,0.0,0.8456630458485229,0.0,-5.5297544785172645,0.0,0.9546726335775861,0.0,""
"2026-09-25 17:16:12","git-master-bddc7a050319718b5e4e0856afec0bc9ea96418f","C:\Users\marco\Desktop\ds004507\derivatives\labels\sub-005\ses-headDown\anat\sub-005_ses-headDown_T2w_seg-manual.nii.gz","896","3","",70.0454070367439,0.0,-3.4109600276412193,0.0,4.183122716375109,0.0,6.998094751858101,0.0,6.940113848184137,0.0,12.927314389872004,0.0,3.28856938899353,0.0,3.709525362864571,0.0,0.8436260696524537,0.0,-5.384044496929004,0.0,0.95304771112023,0.0,""
"2026-09-25 17:16:12","git-master-bddc7a050319718b5e4e0856afec0bc9ea96418f","C:\Users\marco\Desktop\ds004507\derivatives\labels\sub-005\ses-headDown\anat\sub-005_ses-headDown_T2w_seg-manual.nii.gz","897","3","",69.47128071017558,0.0,-3.3867312029654104,0.0,4.10579013573597,0.0,7.193369094719254,0.0,6.995415385442565,0.0,12.72984344950729,0.0,3.493705598540222,0.0,3.6996634961790322,0.0,0.835453367763188,0.0,-5.4164389547898635,0.0,0.9619701670750155,0.0,""
"2026-09-25 17:16:12","git-master-bddc7a050319718b5e4e0856afec0bc9ea96418f","C:\Users\marco\Desktop\ds004507\derivatives\labels\sub-005\ses-headDown\anat\sub-005_ses-headDown_T2w_seg-manual.nii.gz","898","3","",69.98156114232283,0.0,-3.3662030364243094,0.0,4.029720263560297,0.0,7.217751435207718,0.0,6.9908587057583595,0.0,12.813348962878568,0.0,3.455548374133664,0.0,3.762203061074054,0.0,0.8380365414071805,0.0,-4.983900375020088,0.0,0.9575051668416104,0.0,""
"2026-09-25 17:16:13","git-master-bddc7a050319718b5e4e0856afec0bc9ea96418f","C:\Users\marco\Desktop\ds004507\derivatives\labels\sub-005\ses-headDown\anat\sub-005_ses-headDown_T2w_seg-manual.nii.gz","899","3","",70.7731040240163,0.0,-3.348690652058926,0.0,3.9546802082762578,0.0,7.22192657324082,0.0,6.970733166110022,0.0,12.993673785728461,0.0,3.4471014195916,0.0,3.7748251536492203,0.0,0.843838267419039,0.0,-4.463773420960956,0.0,0.955329662704082,0.0,""
"2026-09-25 17:16:13","git-master-bddc7a050319718b5e4e0856afec0bc9ea96418f","C:\Users\marco\Desktop\ds004507\derivatives\labels\sub-005\ses-headDown\anat\sub-005_ses-headDown_T2w_seg-manual.nii.gz","900","3","",70.74044514408867,0.0,-3.3328631940427385,0.0,3.880670650515896,0.0,7.210479345049381,0.0,6.946303816106781,0.0,13.037248526841795,0.0,3.462720833256965,0.0,3.747758511792416,0.0,0.846216543790819,0.0,-3.9185130672478143,0.0,0.9529188599674205,0.0,""
"2026-09-25 17:16:13","git-master-bddc7a050319718b5e4e0856afec0bc9ea96418f","C:\Users\marco\Desktop\ds004507\derivatives\labels\sub-005\ses-headDown\anat\sub-005_ses-headDown_T2w_seg-manual.nii.gz","901","3","",69.88350189648662,0.0,-3.3171849051603433,0.0,3.8076922547620287,0.0,7.176780666346495,0.0,6.932052705696881,0.0,12.922325318647676,0.0,3.4617753450494138,0.0,3.715005321297081,0.0,0.8439362352096128,0.0,-3.563055208888305,0.0,0.9503463115716376,0.0,""
"2026-09-25 17:16:13","git-master-bddc7a050319718b5e4e0856afec0bc9ea96418f","C:\Users\marco\Desktop\ds004507\derivatives\labels\sub-005\ses-headDown\anat\sub-005_ses-headDown_T2w_seg-manual.nii.gz","902","3","",70.18194618409657,0.0,-3.2999497888806744,0.0,3.7357926129141137,0.0,7.115464161620605,0.0,6.953483049561977,0.0,13.006373602589742,0.0,3.3851258951202965,0.0,3.7303382665003086,0.0,0.8450913894341766,0.0,-3.940912491503544,0.0,0.9552300189252916,0.0,""
"2026-09-25 17:16:13","git-master-bddc7a050319718b5e4e0856afec0bc9ea96418f","C:\Users\marco\Desktop\ds004507\derivatives\labels\sub-005\ses-headDown\anat\sub-005_ses-headDown_T2w_seg-manual.nii.gz","903","3","",69.9172523322633,0.0,-3.280819163635202,0.0,3.66520738909968,0.0,7.126299399817798,0.0,7.009739992435847,0.0,12.84213275304145,0.0,3.4070154434716486,0.0,3.7192839563461493,0.0,0.8378315500159688,0.0,-3.5942575603870077,0.0,0.9589304767466726,0.0,""
"2026-09-25 17:16:13","git-master-bddc7a050319718b5e4e0856afec0bc9ea96418f","C:\Users\marco\Desktop\ds004507\derivatives\labels\sub-005\ses-headDown\anat\sub-005_ses-headDown_T2w_seg-manual.nii.gz","904","3","",68.57715204743671,0.0,-3.2601990110398877,0.0,3.5956557471856208,0.0,6.992147856456611,0.0,6.9451833562578535,0.0,12.716676697965218,0.0,3.3605490401940297,0.0,3.631598816262582,0.0,0.8376919963917187,0.0,-3.019616446264626,0.0,0.9581354270822654,0.0,""
"2026-09-25 17:16:13","git-master-bddc7a050319718b5e4e0856afec0bc9ea96418f","C:\Users\marco\Desktop\ds004507\derivatives\labels\sub-005\ses-headDown\anat\sub-005_ses-headDown_T2w_seg-manual.nii.gz","905","3","",67.82007479626935,0.0,-3.2380891773690785,0.0,3.5271382509348976,0.0,6.909752307803104,0.0,6.89086259028202,0.0,12.67079501775934,0.0,3.353706862338366,0.0,3.5560454454647386,0.0,0.8391899154331203,0.0,-2.810030076189976,0.0,0.9578102618882821,0.0,""
"2026-09-25 17:16:13","git-master-bddc7a050319718b5e4e0856afec0bc9ea96418f","C:\Users\marco\Desktop\ds004507\derivatives\labels\sub-005\ses-headDown\anat\sub-005_ses-headDown_T2w_seg-manual.nii.gz","906","3","",68.11829109727417,0.0,-3.2144895025030418,0.0,3.4596554499986363,0.0,6.958252696350391,0.0,6.9194225409280286,0.0,12.65694544574704,0.0,3.4276617388826094,0.0,3.5305909574677807,0.0,0.8372806569954275,0.0,-3.091566146144673,0.0,0.9596804663996201,0.0,""
"2026-09-25 17:16:13","git-master-bddc7a050319718b5e4e0856afec0bc9ea96418f","C:\Users\marco\Desktop\ds004507\derivatives\labels\sub-005\ses-headDown\anat\sub-005_ses-headDown_T2w_seg-manual.nii.gz","907","3","",68.41617307894352,0.0,-3.1893998199672486,0.0,3.393207879976301,0.0,7.05456547389569,0.0,7.017421944998974,0.0,12.5369419542261,0.0,3.5299202760420556,0.0,3.5246451978536344,0.0,0.8286686087980739,0.0,-3.4280964796095703,0.0,0.9611555181601459,0.0,""
"2026-09-25 17:16:13","git-master-bddc7a050319718b5e4e0856afec0bc9ea96418f","C:\Users\marco\Desktop\ds004507\derivatives\labels\sub-005\ses-headDown\anat\sub-005_ses-headDown_T2w_seg-manual.nii.gz","908","2","",67.7001349936587,0.0,-3.15581538620652,0.0,3.3124164798883444,0.0,7.052940306093388,0.0,6.994404889489644,0.0,12.419430301913621,0.0,3.535208133703602,0.0,3.5177321723897865,0.0,0.8263325933401179,0.0,-3.8484199164347865,0.0,0.9553332393969283,0.0,""
"2026-09-25 17:16:13","git-master-bddc7a050319718b5e4e0856afec0bc9ea96418f","C:\Users\marco\Desktop\ds004507\derivatives\labels\sub-005\ses-headDown\anat\sub-005_ses-headDown_T2w_seg-manual.nii.gz","909","2","",68.46583664407225,0.0,-3.130598931531608,0.0,3.2570499825519743,0.0,7.069793755127848,0.0,6.987385419888026,0.0,12.585858649920201,0.0,3.555445806028747,0.0,3.5143479490991005,0.0,0.8316781013111577,0.0,-3.406811261037112,0.0,0.9511947899006661,0.0,""
"2026-09-25 17:16:13","git-master-bddc7a050319718b5e4e0856afec0bc9ea96418f","C:\Users\marco\Desktop\ds004507\derivatives\labels\sub-005\ses-headDown\anat\sub-005_ses-headDown_T2w_seg-manual.nii.gz","910","2","",68.65225752336163,0.0,-3.104406657481932,0.0,3.20236249012792,0.0,7.14840061388472,0.0,7.009084385884549,0.0,12.595024595122531,0.0,3.5999929157651467,0.0,3.548407698119573,0.0,0.8307975019107757,0.0,-2.884539056426711,0.0,0.9500617731482284,0.0,""
"2026-09-25 17:16:13","git-master-bddc7a050319718b5e4e0856afec0bc9ea96418f","C:\Users\marco\Desktop\ds004507\derivatives\labels\sub-005\ses-headDown\anat\sub-005_ses-headDown_T2w_seg-manual.nii.gz","911","2","",68.47660728489399,0.0,-3.077238514344167,0.0,3.148354107962762,0.0,7.254398050027041,0.0,7.045573667067361,0.0,12.4970816945146,0.0,3.6443482729384873,0.0,3.6100497770885536,0.0,0.8259260911846245,0.0,-2.3316126499229606,0.0,0.9509704674720904,0.0,""
"2026-09-25 17:16:13","git-master-bddc7a050319718b5e4e0856afec0bc9ea96418f","C:\Users\marco\Desktop\ds004507\derivatives\labels\sub-005\ses-headDown\anat\sub-005_ses-headDown_T2w_seg-manual.nii.gz","912","2","",68.7352938099431,0.0,-3.0486063438643027,0.0,3.0953648652455614,0.0,7.246848606731203,0.0,7.0415718791762725,0.0,12.464166531664237,0.0,3.578160646382827,0.0,3.668687960348376,0.0,0.8251272956752558,0.0,-1.9577470035163813,0.0,0.9506049809065404,0.0,""
"2026-09-25 17:16:13","git-master-bddc7a050319718b5e4e0856afec0bc9ea96418f","C:\Users\marco\Desktop\ds004507\derivatives\labels\sub-005\ses-headDown\anat\sub-005_ses-headDown_T2w_seg-manual.nii.gz","913","2","",68.99397006594765,0.0,-3.018753892264984,0.0,3.043225405666558,0.0,7.246555415165872,0.0,7.074260327435781,0.0,12.416057343736416,0.0,3.563574223735875,0.0,3.682981191429997,0.0,0.8217782695533248,0.0,-1.9388090371067372,0.0,0.9523840006333297,0.0,""
"2026-09-25 17:16:13","git-master-bddc7a050319718b5e4e0856afec0bc9ea96418f","C:\Users\marco\Desktop\ds004507\derivatives\labels\sub-005\ses-headDown\anat\sub-005_ses-headDown_T2w_seg-manual.nii.gz","914","2","",69.54241256373575,0.0,-2.9879251089717327,0.0,2.991765962506442,0.0,7.250181518543978,0.0,7.120367103026049,0.0,12.422015267734038,0.0,3.569083531065815,0.0,3.6810979874781635,0.0,0.8193969099378724,0.0,-2.000422648468043,0.0,0.9559832772054996,0.0,""
"2026-09-25 17:16:13","git-master-bddc7a050319718b5e4e0856afec0bc9ea96418f","C:\Users\marco\Desktop\ds004507\derivatives\labels\sub-005\ses-headDown\anat\sub-005_ses-headDown_T2w_seg-manual.nii.gz","915","2","",70.81528093502725,0.0,-2.955875777563107,0.0,2.941156777255347,0.0,7.256349607550172,0.0,7.163329460792616,0.0,12.578334996622715,0.0,3.5732309594292735,0.0,3.683118648120899,0.0,0.8219849472011788,0.0,-1.9084875242597876,0.0,0.9619886895987819,0.0,""
"2026-09-25 17:16:13","git-master-bddc7a050319718b5e4e0856afec0bc9ea96418f","C:\Users\marco\Desktop\ds004507\derivatives\labels\sub-005\ses-headDown\anat\sub-005_ses-headDown_T2w_seg-manual.nii.gz","916","2","",70.34964555769189,0.0,-2.9223614590349904,0.0,2.891568441772786,0.0,7.246788068624399,0.0,7.167134898453012,0.0,12.480789509856617,0.0,3.579003250634995,0.0,3.667784817989404,0.0,0.8186366843405932,0.0,-2.608052079539267,0.0,0.9602801972958211,0.0,""
"2026-09-25 17:16:13","git-master-bddc7a050319718b5e4e0856afec0bc9ea96418f","C:\Users\marco\Desktop\ds004507\derivatives\labels\sub-005\ses-headDown\anat\sub-005_ses-headDown_T2w_seg-manual.nii.gz","917","2","",69.59402714652147,0.0,-2.887870313988028,0.0,2.842660928778884,0.0,7.2397568886752675,0.0,7.147638985377956,0.0,12.396835464144292,0.0,3.5545044156531174,0.0,3.6852524730221505,0.0,0.8170452925485582,0.0,-3.3166254983250245,0.0,0.9560900966418249,0.0,""
"2026-09-25 17:16:13","git-master-bddc7a050319718b5e4e0856afec0bc9ea96418f","C:\Users\marco\Desktop\ds004507\derivatives\labels\sub-005\ses-headDown\anat\sub-005_ses-headDown_T2w_seg-manual.nii.gz","918","2","",68.83809885659916,0.0,-2.852402286275825,0.0,2.7944343235990763,0.0,7.239594993568764,0.0,7.1057761424570005,0.0,12.387417832204727,0.0,3.48928299845616,0.0,3.750311995112604,0.0,0.8191155733198997,0.0,-3.8613219174552116,0.0,0.9503053858967241,0.0,""
"2026-09-25 17:16:13","git-master-bddc7a050319718b5e4e0856afec0bc9ea96418f","C:\Users\marco\Desktop\ds004507\derivatives\labels\sub-005\ses-headDown\anat\sub-005_ses-headDown_T2w_seg-manual.nii.gz","919","2","",68.58938468600269,0.0,-2.8152243139588746,0.0,2.7473998726075495,0.0,7.227696082189977,0.0,7.159524987785589,0.0,12.194010972095452,0.0,3.4941226013115334,0.0,3.733573480878444,0.0,0.8093480987972241,0.0,-4.737842466671544,0.0,0.9586372633274036,0.0,""
"2026-09-25 17:16:13","git-master-bddc7a050319718b5e4e0856afec0bc9ea96418f","C:\Users\marco\Desktop\ds004507\derivatives\labels\sub-005\ses-headDown\anat\sub-005_ses-headDown_T2w_seg-manual.nii.gz","920","2","",68.7754478553345,0.0,-2.7770689990502246,0.0,2.701046958296586,0.0,7.245414871437469,0.0,7.182659442007365,0.0,12.172185217692219,0.0,3.497245127699226,0.0,3.7481697437382433,0.0,0.807310451079963,0.0,-4.9338900394968315,0.0,0.9626387421096227,0.0,""
"2026-09-25 17:16:13","git-master-bddc7a050319718b5e4e0856afec0bc9ea96418f","C:\Users\marco\Desktop\ds004507\derivatives\labels\sub-005\ses-headDown\anat\sub-005_ses-headDown_T2w_seg-manual.nii.gz","921","2","",69.17888210409338,0.0,-2.737936283278389,0.0,2.6553756529114705,0.0,7.279177558719951,0.0,7.186243387034052,0.0,12.252031913796106,0.0,3.49887589614808,0.0,3.780301662571871,0.0,0.8099125542989856,0.0,-4.623152926697283,0.0,0.9636196457633684,0.0,""
"2026-09-25 17:16:13","git-master-bddc7a050319718b5e4e0856afec0bc9ea96418f","C:\Users\marco\Desktop\ds004507\derivatives\labels\sub-005\ses-headDown\anat\sub-005_ses-headDown_T2w_seg-manual.nii.gz","922","2","",68.9300447997374,0.0,-2.6973372039900876,0.0,2.6107270860189096,0.0,7.275923981394116,0.0,7.210289036870866,0.0,12.169798337265526,0.0,3.4992829610684697,0.0,3.7766410203256466,0.0,0.8055689425113459,0.0,-4.333836093908422,0.0,0.9659638925643466,0.0,""
"2026-09-25 17:16:13","git-master-bddc7a050319718b5e4e0856afec0bc9ea96418f","C:\Users\marco\Desktop\ds004507\derivatives\labels\sub-005\ses-headDown\anat\sub-005_ses-headDown_T2w_seg-manual.nii.gz","923","2","",69.39052337576747,0.0,-2.655784818113005,0.0,2.56926965507823,0.0,7.339682432897131,0.0,7.256432623985026,0.0,12.17238040567591,0.0,3.5638502343725933,0.0,3.775832198524538,0.0,0.802880555822019,0.0,-4.767176487997723,0.0,0.9589366167949004,0.0,""
"2026-09-25 17:16:13","git-master-bddc7a050319718b5e4e0856afec0bc9ea96418f","C:\Users\marco\Desktop\ds004507\derivatives\labels\sub-005\ses-headDown\anat\sub-005_ses-headDown_T2w_seg-manual.nii.gz","924","2","",70.140636490628,0.0,-2.613577294814933,0.0,2.531300972406357,0.0,7.424612789491028,0.0,7.300999529134093,0.0,12.227081760387241,0.0,3.666306632510792,0.0,3.758306156980236,0.0,0.8021438569157344,0.0,-5.3438736047097,0.0,0.9519733646822386,0.0,""
"2026-09-25 17:16:13","git-master-bddc7a050319718b5e4e0856afec0bc9ea96418f","C:\Users\marco\Desktop\ds004507\derivatives\labels\sub-005\ses-headDown\anat\sub-005_ses-headDown_T2w_seg-manual.nii.gz","925","2","",70.90552007217862,0.0,-2.5706852345531703,0.0,2.498863024454621,0.0,7.49546087998328,0.0,7.319526792093083,0.0,12.327265685909975,0.0,3.7993256343504442,0.0,3.6961352456328354,0.0,0.8046311523687425,0.0,-5.556305301100198,0.0,0.9545416942819623,0.0,""
"2026-09-25 17:16:13","git-master-bddc7a050319718b5e4e0856afec0bc9ea96418f","C:\Users\marco\Desktop\ds004507\derivatives\labels\sub-005\ses-headDown\anat\sub-005_ses-headDown_T2w_seg-manual.nii.gz","926","2","",71.23536831249716,0.0,-2.526971575681336,0.0,2.473063413991502,0.0,7.570684043642184,0.0,7.405422951755488,0.0,12.23967510938965,0.0,3.839532994398597,0.0,3.731151049243587,0.0,0.796057878867986,0.0,-6.278057092398834,0.0,0.954187904482922,0.0,""
"2026-09-25 17:16:13","git-master-bddc7a050319718b5e4e0856afec0bc9ea96418f","C:\Users\marco\Desktop\ds004507\derivatives\labels\sub-005\ses-headDown\anat\sub-005_ses-headDown_T2w_seg-manual.nii.gz","927","2","",71.16645134550679,0.0,-2.482710110391892,0.0,2.4516899014695523,0.0,7.6136836123175655,0.0,7.464846215694446,0.0,12.132221161579244,0.0,3.8539817363286186,0.0,3.7597018759889465,0.0,0.7882731507917378,0.0,-6.782663614106369,0.0,0.954941646604949,0.0,""
"2026-09-25 17:16:13","git-master-bddc7a050319718b5e4e0856afec0bc9ea96418f","C:\Users\marco\Desktop\ds004507\derivatives\labels\sub-005\ses-headDown\anat\sub-005_ses-headDown_T2w_seg-manual.nii.gz","928","2","",70.66252195571165,0.0,-2.43790081401454,0.0,2.4347426667605796,0.0,7.612746149200104,0.0,7.47400141940138,0.0,12.040010385836073,0.0,3.854710463388132,0.0,3.758035685811972,0.0,0.7839977208267815,0.0,-6.884560866379514,0.0,0.9578214578214578,0.0,""
"2026-09-25 17:16:13","git-master-bddc7a050319718b5e4e0856afec0bc9ea96418f","C:\Users\marco\Desktop\ds004507\derivatives\labels\sub-005\ses-headDown\anat\sub-005_ses-headDown_T2w_seg-manual.nii.gz","929","2","",71.42629256445734,0.0,-2.3921326485640266,0.0,2.425542265427294,0.0,7.6107913710874335,0.0,7.493302020132667,0.0,12.131556803059896,0.0,3.8687096267043697,0.0,3.742081744383064,0.0,0.786425147739494,0.0,-7.050050750478627,0.0,0.9560914091887543,0.0,""
"2026-09-25 17:16:13","git-master-bddc7a050319718b5e4e0856afec0bc9ea96418f","C:\Users\marco\Desktop\ds004507\derivatives\labels\sub-005\ses-headDown\anat\sub-005_ses-headDown_T2w_seg-manual.nii.gz","930","2","",72.04483393862301,0.0,-2.3458164688560617,0.0,2.4207688855431586,0.0,7.631248531688046,0.0,7.550610528727921,0.0,12.140903495026661,0.0,3.89743824476091,0.0,3.7338102869271363,0.0,0.7830196442747706,0.0,-7.0803456092877495,0.0,0.9553130029492829,0.0,""
"2026-09-25 17:16:13","git-master-bddc7a050319718b5e4e0856afec0bc9ea96418f","C:\Users\marco\Desktop\ds004507\derivatives\labels\sub-005\ses-headDown\anat\sub-005_ses-headDown_T2w_seg-manual.nii.gz","931","2","",72.48194478785084,0.0,-2.298952253990741,0.0,2.420422537302264,0.0,7.6610962436446215,0.0,7.6260152701728,0.0,12.091996795795223,0.0,3.92067012351012,0.0,3.740426120134502,0.0,0.7760519064392338,0.0,-7.010637114779443,0.0,0.955818360960024,0.0,""
"2026-09-25 17:16:13","git-master-bddc7a050319718b5e4e0856afec0bc9ea96418f","C:\Users\marco\Desktop\ds004507\derivatives\labels\sub-005\ses-headDown\anat\sub-005_ses-headDown_T2w_seg-manual.nii.gz","932","2","",72.4840040430615,0.0,-2.251265892339814,0.0,2.4267167823996365,0.0,7.646433539527203,0.0,7.638961823327593,0.0,12.063468513031331,0.0,3.844639020083983,0.0,3.80179451944322,0.0,0.7739589490772799,0.0,-6.949286114171528,0.0,0.9597439137024977,0.0,""
"2026-09-25 17:16:13","git-master-bddc7a050319718b5e4e0856afec0bc9ea96418f","C:\Users\marco\Desktop\ds004507\derivatives\labels\sub-005\ses-headDown\anat\sub-005_ses-headDown_T2w_seg-manual.nii.gz","933","2","",72.66693644296191,0.0,-2.20289431128304,0.0,2.438544633975072,0.0,7.653123455397024,0.0,7.650325905040707,0.0,12.079275345544726,0.0,3.8291364485976915,0.0,3.8239870067993325,0.0,0.773869684521377,0.0,-7.2341769121879205,0.0,0.9593153133200862,0.0,""
"2026-09-25 17:16:13","git-master-bddc7a050319718b5e4e0856afec0bc9ea96418f","C:\Users\marco\Desktop\ds004507\derivatives\labels\sub-005\ses-headDown\anat\sub-005_ses-headDown_T2w_seg-manual.nii.gz","934","2","",73.2120032247681,0.0,-2.153974519068033,0.0,2.4547991712998027,0.0,7.684985067898492,0.0,7.663916232634951,0.0,12.148690617676586,0.0,3.854074012864105,0.0,3.8309110550343863,0.0,0.7758733762620708,0.0,-7.652678296954325,0.0,0.9589800512038893,0.0,""
"2026-09-25 17:16:13","git-master-bddc7a050319718b5e4e0856afec0bc9ea96418f","C:\Users\marco\Desktop\ds004507\derivatives\labels\sub-005\ses-headDown\anat\sub-005_ses-headDown_T2w_seg-manual.nii.gz","935","2","",74.48153281664894,0.0,-2.1043694183632913,0.0,2.4765868165197107,0.0,7.758423301991839,0.0,7.684654646373698,0.0,12.307791873577326,0.0,3.9195833845724377,0.0,3.8388399174194006,0.0,0.7811057659382049,0.0,-8.058964349971454,0.0,0.9632322878781137,0.0,""
"2026-09-25 17:16:13","git-master-bddc7a050319718b5e4e0856afec0bc9ea96418f","C:\Users\marco\Desktop\ds004507\derivatives\labels\sub-005\ses-headDown\anat\sub-005_ses-headDown_T2w_seg-manual.nii.gz","936","2","",74.22861015652673,0.0,-2.0539418508880973,0.0,2.505013246785637,0.0,7.764841187861152,0.0,7.6894036846141836,0.0,12.262151623579408,0.0,3.86477857056257,0.0,3.900062617298582,0.0,0.7789311497217737,0.0,-7.476804097054486,0.0,0.9579972185281904,0.0,""
"2026-09-25 17:16:13","git-master-bddc7a050319718b5e4e0856afec0bc9ea96418f","C:\Users\marco\Desktop\ds004507\derivatives\labels\sub-005\ses-headDown\anat\sub-005_ses-headDown_T2w_seg-manual.nii.gz","937","2","",73.50428115949212,0.0,-2.0029659294659363,0.0,2.5378648780842137,0.0,7.76741544490147,0.0,7.687126883286828,0.0,12.153642236629066,0.0,3.819084560884875,0.0,3.948330884016595,0.0,0.7745112819544148,0.0,-6.551082927329224,0.0,0.9534648706128699,0.0,""
"2026-09-25 17:16:13","git-master-bddc7a050319718b5e4e0856afec0bc9ea96418f","C:\Users\marco\Desktop\ds004507\derivatives\labels\sub-005\ses-headDown\anat\sub-005_ses-headDown_T2w_seg-manual.nii.gz","938","2","",72.48973310257499,0.0,-1.9514416398412526,0.0,2.575141491860541,0.0,7.779758274219578,0.0,7.679035490424184,0.0,12.006805446164083,0.0,3.8122747760318987,0.0,3.9674834981876788,0.0,0.7687437467619446,0.0,-5.3869352698449235,0.0,0.9519777748379415,0.0,""
"2026-09-25 17:16:13","git-master-bddc7a050319718b5e4e0856afec0bc9ea96418f","C:\Users\marco\Desktop\ds004507\derivatives\labels\sub-005\ses-headDown\anat\sub-005_ses-headDown_T2w_seg-manual.nii.gz","939","1","",73.21373701702699,0.0,-1.8764644684030243,0.0,2.6394534095056432,0.0,7.863909014582088,0.0,7.77501615249099,0.0,11.953788635655764,0.0,3.800311712620915,0.0,4.063597301961173,0.0,0.7595724047793795,0.0,-4.154221389951522,0.0,0.9693455950952952,0.0,""
"2026-09-25 17:16:13","git-master-bddc7a050319718b5e4e0856afec0bc9ea96418f","C:\Users\marco\Desktop\ds004507\derivatives\labels\sub-005\ses-headDown\anat\sub-005_ses-headDown_T2w_seg-manual.nii.gz","940","1","",72.0904352860382,0.0,-1.8173560940970028,0.0,2.697802804416807,0.0,7.673849427085199,0.0,7.664708992488135,0.0,11.955829170714292,0.0,3.7939896885610738,0.0,3.879859738524125,0.0,0.7674407295550587,0.0,-4.553848357999652,0.0,0.9568427150646556,0.0,""
"2026-09-25 17:16:13","git-master-bddc7a050319718b5e4e0856afec0bc9ea96418f","C:\Users\marco\Desktop\ds004507\derivatives\labels\sub-005\ses-headDown\anat\sub-005_ses-headDown_T2w_seg-manual.nii.gz","941","1","",71.36413707540416,0.0,-1.757495757624129,0.0,2.7622128092634286,0.0,7.616656480035119,0.0,7.6080505770757965,0.0,11.936372074655356,0.0,3.7382779862248197,0.0,3.8783784938103003,0.0,0.7705467188970909,0.0,-5.185804684316888,0.0,0.9538584731263486,0.0,""
"2026-09-25 17:16:13","git-master-bddc7a050319718b5e4e0856afec0bc9ea96418f","C:\Users\marco\Desktop\ds004507\derivatives\labels\sub-005\ses-headDown\anat\sub-005_ses-headDown_T2w_seg-manual.nii.gz","942","1","",70.9179162150743,0.0,-1.6968834408479638,0.0,2.832681739335822,0.0,7.5688752133622295,0.0,7.550220610188236,0.0,11.954066565804945,0.0,3.6928225386835005,0.0,3.8760526746787294,0.0,0.7752132843142594,0.0,-5.977096970089039,0.0,0.9564864064746043,0.0,""
"2026-09-25 17:16:13","git-master-bddc7a050319718b5e4e0856afec0bc9ea96418f","C:\Users\marco\Desktop\ds004507\derivatives\labels\sub-005\ses-headDown\anat\sub-005_ses-headDown_T2w_seg-manual.nii.gz","943","1","",70.66991368292611,0.0,-1.6355191280387555,0.0,2.909207816267581,0.0,7.459937612449079,0.0,7.464566085298976,0.0,12.035183022760695,0.0,3.689522827098785,0.0,3.770414785350294,0.0,0.7844053332180934,0.0,-6.768241707962056,0.0,0.960872177244529,0.0,""
"2026-09-25 17:16:13","git-master-bddc7a050319718b5e4e0856afec0bc9ea96418f","C:\Users\marco\Desktop\ds004507\derivatives\labels\sub-005\ses-headDown\anat\sub-005_ses-headDown_T2w_seg-manual.nii.gz","944","1","",70.66670738544134,0.0,-1.5732258614619061,0.0,2.993212797624236,0.0,7.366827176784191,0.0,7.41210932232023,0.0,12.109418421324404,0.0,3.681500091998636,0.0,3.6853270847855537,0.0,0.790764696830592,0.0,-6.934378500663002,0.0,0.9609739964598281,0.0,""
"2026-09-25 17:16:13","git-master-bddc7a050319718b5e4e0856afec0bc9ea96418f","C:\Users\marco\Desktop\ds004507\derivatives\labels\sub-005\ses-headDown\anat\sub-005_ses-headDown_T2w_seg-manual.nii.gz","945","1","",70.6826207615164,0.0,-1.510047873705723,0.0,3.0843358575985556,0.0,7.309761229936592,0.0,7.439372629224998,0.0,12.104702335590433,0.0,3.609990857440133,0.0,3.699770372496459,0.0,0.788839770308753,0.0,-6.0616500461928515,0.0,0.9653008157146367,0.0,""
"2026-09-25 17:16:13","git-master-bddc7a050319718b5e4e0856afec0bc9ea96418f","C:\Users\marco\Desktop\ds004507\derivatives\labels\sub-005\ses-headDown\anat\sub-005_ses-headDown_T2w_seg-manual.nii.gz","946","1","",71.13183325051445,0.0,-1.4461178823791752,0.0,3.181505736586474,0.0,7.438696653834447,0.0,7.55418505271176,0.0,12.042512404592632,0.0,3.717647413118028,0.0,3.7210492407164186,0.0,0.7785638686405942,0.0,-5.691436457539933,0.0,0.9613835906971339,0.0,""
"2026-09-25 17:16:13","git-master-bddc7a050319718b5e4e0856afec0bc9ea96418f","C:\Users\marco\Desktop\ds004507\derivatives\labels\sub-005\ses-headDown\anat\sub-005_ses-headDown_T2w_seg-manual.nii.gz","947","1","",71.8799989446067,0.0,-1.3814359003550647,0.0,3.2847194489457183,0.0,7.676958035050028,0.0,7.708236354293305,0.0,11.954319019936294,0.0,3.9267609163252235,0.0,3.7501971187248047,0.0,0.7642983298266852,0.0,-5.713179454798256,0.0,0.9547692324285608,0.0,""
"2026-09-25 17:16:13","git-master-bddc7a050319718b5e4e0856afec0bc9ea96418f","C:\Users\marco\Desktop\ds004507\derivatives\labels\sub-005\ses-headDown\anat\sub-005_ses-headDown_T2w_seg-manual.nii.gz","948","1","",72.43481803236888,0.0,-1.3159577122412227,0.0,3.394328837682616,0.0,7.789339472187572,0.0,7.798237491238077,0.0,11.893927358715255,0.0,3.953208187179836,0.0,3.836131285007735,0.0,0.7550566384172106,0.0,-5.107753655690449,0.0,0.9631356637334723,0.0,""
"2026-09-25 17:16:13","git-master-bddc7a050319718b5e4e0856afec0bc9ea96418f","C:\Users\marco\Desktop\ds004507\derivatives\labels\sub-005\ses-headDown\anat\sub-005_ses-headDown_T2w_seg-manual.nii.gz","949","1","",72.18227156870556,0.0,-1.2494622104949276,0.0,3.512102129978211,0.0,7.85334103503556,0.0,7.8612921468083155,0.0,11.76733428018967,0.0,4.005487299791342,0.0,3.847853735244217,0.0,0.7440071158350896,0.0,-4.815729489186517,0.0,0.9638419547854492,0.0,""
"2026-09-25 17:16:13","git-master-bddc7a050319718b5e4e0856afec0bc9ea96418f","C:\Users\marco\Desktop\ds004507\derivatives\labels\sub-005\ses-headDown\anat\sub-005_ses-headDown_T2w_seg-manual.nii.gz","950","1","",71.89387624825895,0.0,-1.1822148400559966,0.0,3.6359029662976745,0.0,7.856986012423094,0.0,7.835847554464152,0.0,11.74459830413992,0.0,4.014162077809947,0.0,3.842823934613147,0.0,0.7448531970294436,0.0,-4.353268776972466,0.0,0.963022429494767,0.0,""
"2026-09-25 17:16:13","git-master-bddc7a050319718b5e4e0856afec0bc9ea96418f","C:\Users\marco\Desktop\ds004507\derivatives\labels\sub-005\ses-headDown\anat\sub-005_ses-headDown_T2w_seg-manual.nii.gz","951","1","",71.92001524771194,0.0,-1.114215647350729,0.0,3.7657266743580604,0.0,7.84668344512276,0.0,7.8027917792292545,0.0,11.756062814684853,0.0,3.9716265790080416,0.0,3.875056866114718,0.0,0.7479700001686406,0.0,-3.9608477651465455,0.0,0.9647374163407693,0.0,""
"2026-09-25 17:16:13","git-master-bddc7a050319718b5e4e0856afec0bc9ea96418f","C:\Users\marco\Desktop\ds004507\derivatives\labels\sub-005\ses-headDown\anat\sub-005_ses-headDown_T2w_seg-manual.nii.gz","952","1","",72.44750997554107,0.0,-1.0454646821327822,0.0,3.901568397594348,0.0,7.860391851376019,0.0,7.830826332075241,0.0,11.735974840029893,0.0,3.8874631324410793,0.0,3.9729287189349405,0.0,0.7448313451930056,0.0,-3.825124604320351,0.0,0.9712618189760479,0.0,""
"2026-09-25 17:16:13","git-master-bddc7a050319718b5e4e0856afec0bc9ea96418f","C:\Users\marco\Desktop\ds004507\derivatives\labels\sub-005\ses-headDown\anat\sub-005_ses-headDown_T2w_seg-manual.nii.gz","953","1","",72.71661678906965,0.0,-0.9757409488944482,0.0,4.0451877297215795,0.0,7.859939086564912,0.0,7.869889280603995,0.0,11.720208669474259,0.0,3.8742456358153086,0.0,3.9856934507496042,0.0,0.7410162956736713,0.0,-3.5417751805890476,0.0,0.9732900440950791,0.0,""
"2026-09-25 17:16:13","git-master-bddc7a050319718b5e4e0856afec0bc9ea96418f","C:\Users\marco\Desktop\ds004507\derivatives\labels\sub-005\ses-headDown\anat\sub-005_ses-headDown_T2w_seg-manual.nii.gz","954","1","",73.18846691387115,0.0,-0.9051772317673188,0.0,4.195512580482386,0.0,7.9334881087459515,0.0,7.976464602005773,0.0,11.677610606987736,0.0,3.931436853271145,0.0,4.0020512554748064,0.0,0.7302518529670261,0.0,-3.797513107029218,0.0,0.9712464870502149,0.0,""
"2026-09-25 17:16:13","git-master-bddc7a050319718b5e4e0856afec0bc9ea96418f","C:\Users\marco\Desktop\ds004507\derivatives\labels\sub-005\ses-headDown\anat\sub-005_ses-headDown_T2w_seg-manual.nii.gz","955","1","",73.86383310903354,0.0,-0.8338620493948276,0.0,4.3518289299873265,0.0,8.07009704960101,0.0,8.071432029177098,0.0,11.666665707586219,0.0,4.050311335424402,0.0,4.019785714176608,0.0,0.7220489051531143,0.0,-3.7237163456450597,0.0,0.9684148386710838,0.0,""
"2026-09-25 17:16:13","git-master-bddc7a050319718b5e4e0856afec0bc9ea96418f","C:\Users\marco\Desktop\ds004507\derivatives\labels\sub-005\ses-headDown\anat\sub-005_ses-headDown_T2w_seg-manual.nii.gz","956","1","",74.57224862511795,0.0,-0.7617954908884643,0.0,4.51412955338086,0.0,8.226837460728817,0.0,8.119603115166752,0.0,11.695707972976045,0.0,4.193843859178198,0.0,4.0329936015506185,0.0,0.7197396380019423,0.0,-3.316626942493148,0.0,0.9665980508377544,0.0,""
"2026-09-25 17:16:13","git-master-bddc7a050319718b5e4e0856afec0bc9ea96418f","C:\Users\marco\Desktop\ds004507\derivatives\labels\sub-005\ses-headDown\anat\sub-005_ses-headDown_T2w_seg-manual.nii.gz","957","1","",74.83563380460774,0.0,-0.6888892871169685,0.0,4.683108240956912,0.0,8.294451554923931,0.0,8.101570475614814,0.0,11.729587552919066,0.0,4.267089249245459,0.0,4.027362305678473,0.0,0.7231432835894851,0.0,-3.4343446645277007,0.0,0.9675606979847895,0.0,""
"2026-09-25 17:16:13","git-master-bddc7a050319718b5e4e0856afec0bc9ea96418f","C:\Users\marco\Desktop\ds004507\derivatives\labels\sub-005\ses-headDown\anat\sub-005_ses-headDown_T2w_seg-manual.nii.gz","958","1","",74.32748818188647,0.0,-0.6150111017415963,0.0,4.859800659070846,0.0,8.27021984964642,0.0,8.116639153714015,0.0,11.650501257437671,0.0,4.311974160525969,0.0,3.9582456891204507,0.0,0.7173452784163462,0.0,-4.309801730529169,0.0,0.9646891976084557,0.0,""
"2026-09-25 17:16:13","git-master-bddc7a050319718b5e4e0856afec0bc9ea96418f","C:\Users\marco\Desktop\ds004507\derivatives\labels\sub-005\ses-headDown\anat\sub-005_ses-headDown_T2w_seg-manual.nii.gz","959","1","",74.62235575696923,0.0,-0.5403820234456247,0.0,5.042439444850256,0.0,8.269927213715532,0.0,8.175747926384357,0.0,11.621516522818254,0.0,4.332472145215746,0.0,3.9374550684997853,0.0,0.7106694727023534,0.0,-5.710535231737744,0.0,0.9649686479765954,0.0,""
"2026-09-25 17:16:13","git-master-bddc7a050319718b5e4e0856afec0bc9ea96418f","C:\Users\marco\Desktop\ds004507\derivatives\labels\sub-005\ses-headDown\anat\sub-005_ses-headDown_T2w_seg-manual.nii.gz","960","1","",75.34694038963055,0.0,-0.4650021861844656,0.0,5.231014271024894,0.0,8.25334683220673,0.0,8.224413220672384,0.0,11.664214295637844,0.0,4.329040451290031,0.0,3.9243063809166987,0.0,0.7090498594356219,0.0,-6.283860916187454,0.0,0.9655997773838474,0.0,""
"2026-09-25 17:16:13","git-master-bddc7a050319718b5e4e0856afec0bc9ea96418f","C:\Users\marco\Desktop\ds004507\derivatives\labels\sub-005\ses-headDown\anat\sub-005_ses-headDown_T2w_seg-manual.nii.gz","961","1","",75.88305561208574,0.0,-0.38887172825663857,0.0,5.42551449041542,0.0,8.169166677188208,0.0,8.206470110685073,0.0,11.77297303716278,0.0,4.303632278963827,0.0,3.8655343982243813,0.0,0.7170104291640799,0.0,-4.689479843367561,0.0,0.9624728180981001,0.0,""
"2026-09-25 17:16:13","git-master-bddc7a050319718b5e4e0856afec0bc9ea96418f","C:\Users\marco\Desktop\ds004507\derivatives\labels\sub-005\ses-headDown\anat\sub-005_ses-headDown_T2w_seg-manual.nii.gz","962","1","",76.41639493249048,0.0,-0.3117260529916062,0.0,5.628006191990386,0.0,8.170595802491963,0.0,8.269386102917657,0.0,11.76998344757191,0.0,4.271610165336058,0.0,3.898985637155906,0.0,0.7115908385525522,0.0,-3.8949956365636824,0.0,0.9533190483166843,0.0,""
"2026-09-25 17:16:13","git-master-bddc7a050319718b5e4e0856afec0bc9ea96418f","C:\Users\marco\Desktop\ds004507\derivatives\labels\sub-005\ses-headDown\anat\sub-005_ses-headDown_T2w_seg-manual.nii.gz","963","1","",75.89970886848467,0.0,-0.23378616043953834,0.0,5.836728964657446,0.0,8.123237612962214,0.0,8.310258440971014,0.0,11.672370642841543,0.0,4.241107686076174,0.0,3.88212992688604,0.0,0.7021040682270198,0.0,-4.461853251456446,0.0,0.9540593861911835,0.0,""
"2026-09-25 17:16:13","git-master-bddc7a050319718b5e4e0856afec0bc9ea96418f","C:\Users\marco\Desktop\ds004507\derivatives\labels\sub-005\ses-headDown\anat\sub-005_ses-headDown_T2w_seg-manual.nii.gz","964","1","",74.77614915864955,0.0,-0.15509637500585238,0.0,6.051321093781824,0.0,8.087011141868794,0.0,8.27653499973412,0.0,11.549797106199497,0.0,4.2090707964105825,0.0,3.8779403454582133,0.0,0.697495202031648,0.0,-4.989841598988474,0.0,0.9561855213831544,0.0,""
"2026-09-25 17:16:13","git-master-bddc7a050319718b5e4e0856afec0bc9ea96418f","C:\Users\marco\Desktop\ds004507\derivatives\labels\sub-005\ses-headDown\anat\sub-005_ses-headDown_T2w_seg-manual.nii.gz","965","1","",73.44184436966552,0.0,-0.07565688620605242,0.0,6.271767903215577,0.0,8.082596241095688,0.0,8.178097847652948,0.0,11.439059808402815,0.0,4.173253715863518,0.0,3.909342525232171,0.0,0.6991898722273269,0.0,-4.881208812511104,0.0,0.9553988334297352,0.0,""
"2026-09-25 17:16:13","git-master-bddc7a050319718b5e4e0856afec0bc9ea96418f","C:\Users\marco\Desktop\ds004507\derivatives\labels\sub-005\ses-headDown\anat\sub-005_ses-headDown_T2w_seg-manual.nii.gz","966","1","",72.57165391069536,0.0,0.004664301598312243,0.0,6.499078875160114,0.0,8.07536462952224,0.0,8.153466063773081,0.0,11.348619878733269,0.0,4.130595870697737,0.0,3.944768758824503,0.0,0.69556713386942,0.0,-4.500583251308752,0.0,0.9513476212865613,0.0,""
"2026-09-25 17:16:13","git-master-bddc7a050319718b5e4e0856afec0bc9ea96418f","C:\Users\marco\Desktop\ds004507\derivatives\labels\sub-005\ses-headDown\anat\sub-005_ses-headDown_T2w_seg-manual.nii.gz","967","1","",73.23534467585816,0.0,0.08591081888638454,0.0,6.733561639855167,0.0,7.909820041076384,0.0,8.192690950707519,0.0,11.466424483121017,0.0,4.0248602856986135,0.0,3.8849597553777704,0.0,0.6996042276635323,0.0,-3.8127811946058063,0.0,0.9683448025009207,0.0,""
"2026-09-25 17:16:13","git-master-bddc7a050319718b5e4e0856afec0bc9ea96418f","C:\Users\marco\Desktop\ds004507\derivatives\labels\sub-005\ses-headDown\anat\sub-005_ses-headDown_T2w_seg-manual.nii.gz","968","1","",73.05775637699008,0.0,0.16462519965197817,0.0,6.974513279573654,0.0,7.826664982031309,0.0,8.152440471590634,0.0,11.481720303863748,0.0,3.9508122706340285,0.0,3.8758527113972803,0.0,0.7041666665349405,0.0,-3.6399968967699152,0.0,0.9784500765800438,0.0,""
"2026-09-25 17:16:13","git-master-bddc7a050319718b5e4e0856afec0bc9ea96418f","C:\Users\marco\Desktop\ds004507\derivatives\labels\sub-005\ses-headDown\anat\sub-005_ses-headDown_T2w_seg-manual.nii.gz","969","1","",72.45787147881212,0.0,0.23846381299568098,0.0,7.222404310681048,0.0,7.873365948526849,0.0,8.095883482386643,0.0,11.415390838403294,0.0,3.9570419366721588,0.0,3.9163240118546896,0.0,0.7049710599685906,0.0,-3.8443444792021833,0.0,0.9749002578953219,0.0,""
"2026-09-25 17:16:13","git-master-bddc7a050319718b5e4e0856afec0bc9ea96418f","C:\Users\marco\Desktop\ds004507\derivatives\labels\sub-005\ses-headDown\anat\sub-005_ses-headDown_T2w_seg-manual.nii.gz","970","1","",72.6718871051955,0.0,0.30508306766461557,0.0,7.477703897974473,0.0,8.05327885743555,0.0,8.153414939005383,0.0,11.380255682728277,0.0,4.087631941957167,0.0,3.965646915478383,0.0,0.6976356678695225,0.0,-3.9950631625671775,0.0,0.955359494337635,0.0,""
"2026-09-25 17:16:13","git-master-bddc7a050319718b5e4e0856afec0bc9ea96418f","C:\Users\marco\Desktop\ds004507\derivatives\labels\sub-005\ses-headDown\anat\sub-005_ses-headDown_T2w_seg-manual.nii.gz","971","1","","","","","","","","","","","","","","","","","","","","","","","",""
"2026-09-25 17:16:13","git-master-bddc7a050319718b5e4e0856afec0bc9ea96418f","C:\Users\marco\Desktop\ds004507\derivatives\labels\sub-005\ses-headDown\anat\sub-005_ses-headDown_T2w_seg-manual.nii.gz","972","1","","","","","","","","","","","","","","","","","","","","","","","",""
"2026-09-25 17:16:13","git-master-bddc7a050319718b5e4e0856afec0bc9ea96418f","C:\Users\marco\Desktop\ds004507\derivatives\labels\sub-005\ses-headDown\anat\sub-005_ses-headDown_T2w_seg-manual.nii.gz","973","1","","","","","","","","","","","","","","","","","","","","","","","",""
"2026-09-25 17:16:13","git-master-bddc7a050319718b5e4e0856afec0bc9ea96418f","C:\Users\marco\Desktop\ds004507\derivatives\labels\sub-005\ses-headDown\anat\sub-005_ses-headDown_T2w_seg-manual.nii.gz","974","1","","","","","","","","","","","","","","","","","","","","","","","",""
"2026-09-25 17:16:13","git-master-bddc7a050319718b5e4e0856afec0bc9ea96418f","C:\Users\marco\Desktop\ds004507\derivatives\labels\sub-005\ses-headDown\anat\sub-005_ses-headDown_T2w_seg-manual.nii.gz","975","1","","","","","","","","","","","","","","","","","","","","","","","",""
"2026-09-25 17:16:13","git-master-bddc7a050319718b5e4e0856afec0bc9ea96418f","C:\Users\marco\Desktop\ds004507\derivatives\labels\sub-005\ses-headDown\anat\sub-005_ses-headDown_T2w_seg-manual.nii.gz","976","1","","","","","","","","","","","","","","","","","","","","","","","",""
"2026-09-25 17:16:13","git-master-bddc7a050319718b5e4e0856afec0bc9ea96418f","C:\Users\marco\Desktop\ds004507\derivatives\labels\sub-005\ses-headDown\anat\sub-005_ses-headDown_T2w_seg-manual.nii.gz","977","1","","","","","","","","","","","","","","","","","","","","","","","",""
"2026-09-25 17:16:13","git-master-bddc7a050319718b5e4e0856afec0bc9ea96418f","C:\Users\marco\Desktop\ds004507\derivatives\labels\sub-005\ses-headDown\anat\sub-005_ses-headDown_T2w_seg-manual.nii.gz","978","1","","","","","","","","","","","","","","","","","","","","","","","",""
"2026-09-25 17:16:13","git-master-bddc7a050319718b5e4e0856afec0bc9ea96418f","C:\Users\marco\Desktop\ds004507\derivatives\labels\sub-005\ses-headDown\anat\sub-005_ses-headDown_T2w_seg-manual.nii.gz","979","1","","","","","","","","","","","","","","","","","","","","","","","",""
"2026-09-25 17:16:13","git-master-bddc7a050319718b5e4e0856afec0bc9ea96418f","C:\Users\marco\Desktop\ds004507\derivatives\labels\sub-005\ses-headDown\anat\sub-005_ses-headDown_T2w_seg-manual.nii.gz","980","1","","","","","","","","","","","","","","","","","","","","","","","",""
"2026-09-25 17:16:13","git-master-bddc7a050319718b5e4e0856afec0bc9ea96418f","C:\Users\marco\Desktop\ds004507\derivatives\labels\sub-005\ses-headDown\anat\sub-005_ses-headDown_T2w_seg-manual.nii.gz","981","1","","","","","","","","","","","","","","","","","","","","","","","",""
"2026-09-25 17:16:13","git-master-bddc7a050319718b5e4e0856afec0bc9ea96418f","C:\Users\marco\Desktop\ds004507\derivatives\labels\sub-005\ses-headDown\anat\sub-005_ses-headDown_T2w_seg-manual.nii.gz","982","1","","","","","","","","","","","","","","","","","","","","","","","",""
"2026-09-25 17:16:13","git-master-bddc7a050319718b5e4e0856afec0bc9ea96418f","C:\Users\marco\Desktop\ds004507\derivatives\labels\sub-005\ses-headDown\anat\sub-005_ses-headDown_T2w_seg-manual.nii.gz","983","1","","","","","","","","","","","","","","","","","","","","","","","",""
"2026-09-25 17:16:13","git-master-bddc7a050319718b5e4e0856afec0bc9ea96418f","C:\Users\marco\Desktop\ds004507\derivatives\labels\sub-005\ses-headDown\anat\sub-005_ses-headDown_T2w_seg-manual.nii.gz","984","1","","","","","","","","","","","","","","","","","","","","","","","",""
