Timestamp,SCT Version,Filename,Slice (I->S),VertLevel,DistancePMJ,MEAN(area),STD(area),MEAN(angle_AP),STD(angle_AP),MEAN(angle_RL),STD(angle_RL),MEAN(diameter_AP),STD(diameter_AP),MEAN(diameter_AP_ellipse),STD(diameter_AP_ellipse),MEAN(diameter_RL),STD(diameter_RL),MEAN(length_anterior),STD(length_anterior),MEAN(length_posterior),STD(length_posterior),MEAN(eccentricity),STD(eccentricity),MEAN(orientation),STD(orientation),MEAN(solidity),STD(solidity),SUM(length)
"2026-09-25 17:14:09","git-master-bddc7a050319718b5e4e0856afec0bc9ea96418f","C:\Users\marco\Desktop\ds004507\derivatives\labels\sub-004\ses-headDown\anat\sub-004_ses-headDown_T2w_seg-manual.nii.gz","647","9","","","","","","","","","","","","","","","","","","","","","","","",""
"2026-09-25 17:14:09","git-master-bddc7a050319718b5e4e0856afec0bc9ea96418f","C:\Users\marco\Desktop\ds004507\derivatives\labels\sub-004\ses-headDown\anat\sub-004_ses-headDown_T2w_seg-manual.nii.gz","648","9","","","","","","","","","","","","","","","","","","","","","","","",""
"2026-09-25 17:14:09","git-master-bddc7a050319718b5e4e0856afec0bc9ea96418f","C:\Users\marco\Desktop\ds004507\derivatives\labels\sub-004\ses-headDown\anat\sub-004_ses-headDown_T2w_seg-manual.nii.gz","649","9","","","","","","","","","","","","","","","","","","","","","","","",""
"2026-09-25 17:14:09","git-master-bddc7a050319718b5e4e0856afec0bc9ea96418f","C:\Users\marco\Desktop\ds004507\derivatives\labels\sub-004\ses-headDown\anat\sub-004_ses-headDown_T2w_seg-manual.nii.gz","650","9","","","","","","","","","","","","","","","","","","","","","","","",""
"2026-09-25 17:14:09","git-master-bddc7a050319718b5e4e0856afec0bc9ea96418f","C:\Users\marco\Desktop\ds004507\derivatives\labels\sub-004\ses-headDown\anat\sub-004_ses-headDown_T2w_seg-manual.nii.gz","651","9","","","","","","","","","","","","","","","","","","","","","","","",""
"2026-09-25 17:14:09","git-master-bddc7a050319718b5e4e0856afec0bc9ea96418f","C:\Users\marco\Desktop\ds004507\derivatives\labels\sub-004\ses-headDown\anat\sub-004_ses-headDown_T2w_seg-manual.nii.gz","652","9","","","","","","","","","","","","","","","","","","","","","","","",""
"2026-09-25 17:14:09","git-master-bddc7a050319718b5e4e0856afec0bc9ea96418f","C:\Users\marco\Desktop\ds004507\derivatives\labels\sub-004\ses-headDown\anat\sub-004_ses-headDown_T2w_seg-manual.nii.gz","653","9","","","","","","","","","","","","","","","","","","","","","","","",""
"2026-09-25 17:14:09","git-master-bddc7a050319718b5e4e0856afec0bc9ea96418f","C:\Users\marco\Desktop\ds004507\derivatives\labels\sub-004\ses-headDown\anat\sub-004_ses-headDown_T2w_seg-manual.nii.gz","654","9","","","","","","","","","","","","","","","","","","","","","","","",""
"2026-09-25 17:14:09","git-master-bddc7a050319718b5e4e0856afec0bc9ea96418f","C:\Users\marco\Desktop\ds004507\derivatives\labels\sub-004\ses-headDown\anat\sub-004_ses-headDown_T2w_seg-manual.nii.gz","655","9","","","","","","","","","","","","","","","","","","","","","","","",""
"2026-09-25 17:14:09","git-master-bddc7a050319718b5e4e0856afec0bc9ea96418f","C:\Users\marco\Desktop\ds004507\derivatives\labels\sub-004\ses-headDown\anat\sub-004_ses-headDown_T2w_seg-manual.nii.gz","656","9","","","","","","","","","","","","","","","","","","","","","","","",""
"2026-09-25 17:14:09","git-master-bddc7a050319718b5e4e0856afec0bc9ea96418f","C:\Users\marco\Desktop\ds004507\derivatives\labels\sub-004\ses-headDown\anat\sub-004_ses-headDown_T2w_seg-manual.nii.gz","657","9","","","","","","","","","","","","","","","","","","","","","","","",""
"2026-09-25 17:14:09","git-master-bddc7a050319718b5e4e0856afec0bc9ea96418f","C:\Users\marco\Desktop\ds004507\derivatives\labels\sub-004\ses-headDown\anat\sub-004_ses-headDown_T2w_seg-manual.nii.gz","658","9","","","","","","","","","","","","","","","","","","","","","","","",""
"2026-09-25 17:14:09","git-master-bddc7a050319718b5e4e0856afec0bc9ea96418f","C:\Users\marco\Desktop\ds004507\derivatives\labels\sub-004\ses-headDown\anat\sub-004_ses-headDown_T2w_seg-manual.nii.gz","659","9","","","","","","","","","","","","","","","","","","","","","","","",""
"2026-09-25 17:14:09","git-master-bddc7a050319718b5e4e0856afec0bc9ea96418f","C:\Users\marco\Desktop\ds004507\derivatives\labels\sub-004\ses-headDown\anat\sub-004_ses-headDown_T2w_seg-manual.nii.gz","660","9","","","","","","","","","","","","","","","","","","","","","","","",""
"2026-09-25 17:14:09","git-master-bddc7a050319718b5e4e0856afec0bc9ea96418f","C:\Users\marco\Desktop\ds004507\derivatives\labels\sub-004\ses-headDown\anat\sub-004_ses-headDown_T2w_seg-manual.nii.gz","661","9","","","","","","","","","","","","","","","","","","","","","","","",""
"2026-09-25 17:14:09","git-master-bddc7a050319718b5e4e0856afec0bc9ea96418f","C:\Users\marco\Desktop\ds004507\derivatives\labels\sub-004\ses-headDown\anat\sub-004_ses-headDown_T2w_seg-manual.nii.gz","662","9","","","","","","","","","","","","","","","","","","","","","","","",""
"2026-09-25 17:14:09","git-master-bddc7a050319718b5e4e0856afec0bc9ea96418f","C:\Users\marco\Desktop\ds004507\derivatives\labels\sub-004\ses-headDown\anat\sub-004_ses-headDown_T2w_seg-manual.nii.gz","663","9","","","","","","","","","","","","","","","","","","","","","","","",""
"2026-09-25 17:14:09","git-master-bddc7a050319718b5e4e0856afec0bc9ea96418f","C:\Users\marco\Desktop\ds004507\derivatives\labels\sub-004\ses-headDown\anat\sub-004_ses-headDown_T2w_seg-manual.nii.gz","664","9","","","","","","","","","","","","","","","","","","","","","","","",""
"2026-09-25 17:14:09","git-master-bddc7a050319718b5e4e0856afec0bc9ea96418f","C:\Users\marco\Desktop\ds004507\derivatives\labels\sub-004\ses-headDown\anat\sub-004_ses-headDown_T2w_seg-manual.nii.gz","665","9","","","","","","","","","","","","","","","","","","","","","","","",""
"2026-09-25 17:14:09","git-master-bddc7a050319718b5e4e0856afec0bc9ea96418f","C:\Users\marco\Desktop\ds004507\derivatives\labels\sub-004\ses-headDown\anat\sub-004_ses-headDown_T2w_seg-manual.nii.gz","666","9","","","","","","","","","","","","","","","","","","","","","","","",""
"2026-09-25 17:14:09","git-master-bddc7a050319718b5e4e0856afec0bc9ea96418f","C:\Users\marco\Desktop\ds004507\derivatives\labels\sub-004\ses-headDown\anat\sub-004_ses-headDown_T2w_seg-manual.nii.gz","667","9","","","","","","","","","","","","","","","","","","","","","","","",""
"2026-09-25 17:14:09","git-master-bddc7a050319718b5e4e0856afec0bc9ea96418f","C:\Users\marco\Desktop\ds004507\derivatives\labels\sub-004\ses-headDown\anat\sub-004_ses-headDown_T2w_seg-manual.nii.gz","668","9","","","","","","","","","","","","","","","","","","","","","","","",""
"2026-09-25 17:14:09","git-master-bddc7a050319718b5e4e0856afec0bc9ea96418f","C:\Users\marco\Desktop\ds004507\derivatives\labels\sub-004\ses-headDown\anat\sub-004_ses-headDown_T2w_seg-manual.nii.gz","669","9","","","","","","","","","","","","","","","","","","","","","","","",""
"2026-09-25 17:14:09","git-master-bddc7a050319718b5e4e0856afec0bc9ea96418f","C:\Users\marco\Desktop\ds004507\derivatives\labels\sub-004\ses-headDown\anat\sub-004_ses-headDown_T2w_seg-manual.nii.gz","670","9","","","","","","","","","","","","","","","","","","","","","","","",""
"2026-09-25 17:14:09","git-master-bddc7a050319718b5e4e0856afec0bc9ea96418f","C:\Users\marco\Desktop\ds004507\derivatives\labels\sub-004\ses-headDown\anat\sub-004_ses-headDown_T2w_seg-manual.nii.gz","671","9","","","","","","","","","","","","","","","","","","","","","","","",""
"2026-09-25 17:14:09","git-master-bddc7a050319718b5e4e0856afec0bc9ea96418f","C:\Users\marco\Desktop\ds004507\derivatives\labels\sub-004\ses-headDown\anat\sub-004_ses-headDown_T2w_seg-manual.nii.gz","672","9","","","","","","","","","","","","","","","","","","","","","","","",""
"2026-09-25 17:14:09","git-master-bddc7a050319718b5e4e0856afec0bc9ea96418f","C:\Users\marco\Desktop\ds004507\derivatives\labels\sub-004\ses-headDown\anat\sub-004_ses-headDown_T2w_seg-manual.nii.gz","673","9","","","","","","","","","","","","","","","","","","","","","","","",""
"2026-09-25 17:14:09","git-master-bddc7a050319718b5e4e0856afec0bc9ea96418f","C:\Users\marco\Desktop\ds004507\derivatives\labels\sub-004\ses-headDown\anat\sub-004_ses-headDown_T2w_seg-manual.nii.gz","674","9","","","","","","","","","","","","","","","","","","","","","","","",""
"2026-09-25 17:14:09","git-master-bddc7a050319718b5e4e0856afec0bc9ea96418f","C:\Users\marco\Desktop\ds004507\derivatives\labels\sub-004\ses-headDown\anat\sub-004_ses-headDown_T2w_seg-manual.nii.gz","675","9","","","","","","","","","","","","","","","","","","","","","","","",""
"2026-09-25 17:14:09","git-master-bddc7a050319718b5e4e0856afec0bc9ea96418f","C:\Users\marco\Desktop\ds004507\derivatives\labels\sub-004\ses-headDown\anat\sub-004_ses-headDown_T2w_seg-manual.nii.gz","676","9","","","","","","","","","","","","","","","","","","","","","","","",""
"2026-09-25 17:14:09","git-master-bddc7a050319718b5e4e0856afec0bc9ea96418f","C:\Users\marco\Desktop\ds004507\derivatives\labels\sub-004\ses-headDown\anat\sub-004_ses-headDown_T2w_seg-manual.nii.gz","677","9","","","","","","","","","","","","","","","","","","","","","","","",""
"2026-09-25 17:14:09","git-master-bddc7a050319718b5e4e0856afec0bc9ea96418f","C:\Users\marco\Desktop\ds004507\derivatives\labels\sub-004\ses-headDown\anat\sub-004_ses-headDown_T2w_seg-manual.nii.gz","678","9","","","","","","","","","","","","","","","","","","","","","","","",""
"2026-09-25 17:14:09","git-master-bddc7a050319718b5e4e0856afec0bc9ea96418f","C:\Users\marco\Desktop\ds004507\derivatives\labels\sub-004\ses-headDown\anat\sub-004_ses-headDown_T2w_seg-manual.nii.gz","679","9","","","","","","","","","","","","","","","","","","","","","","","",""
"2026-09-25 17:14:09","git-master-bddc7a050319718b5e4e0856afec0bc9ea96418f","C:\Users\marco\Desktop\ds004507\derivatives\labels\sub-004\ses-headDown\anat\sub-004_ses-headDown_T2w_seg-manual.nii.gz","680","9","","","","","","","","","","","","","","","","","","","","","","","",""
"2026-09-25 17:14:09","git-master-bddc7a050319718b5e4e0856afec0bc9ea96418f","C:\Users\marco\Desktop\ds004507\derivatives\labels\sub-004\ses-headDown\anat\sub-004_ses-headDown_T2w_seg-manual.nii.gz","681","9","","","","","","","","","","","","","","","","","","","","","","","",""
"2026-09-25 17:14:09","git-master-bddc7a050319718b5e4e0856afec0bc9ea96418f","C:\Users\marco\Desktop\ds004507\derivatives\labels\sub-004\ses-headDown\anat\sub-004_ses-headDown_T2w_seg-manual.nii.gz","682","9","","","","","","","","","","","","","","","","","","","","","","","",""
"2026-09-25 17:14:09","git-master-bddc7a050319718b5e4e0856afec0bc9ea96418f","C:\Users\marco\Desktop\ds004507\derivatives\labels\sub-004\ses-headDown\anat\sub-004_ses-headDown_T2w_seg-manual.nii.gz","683","9","","","","","","","","","","","","","","","","","","","","","","","",""
"2026-09-25 17:14:09","git-master-bddc7a050319718b5e4e0856afec0bc9ea96418f","C:\Users\marco\Desktop\ds004507\derivatives\labels\sub-004\ses-headDown\anat\sub-004_ses-headDown_T2w_seg-manual.nii.gz","684","9","","","","","","","","","","","","","","","","","","","","","","","",""
"2026-09-25 17:14:09","git-master-bddc7a050319718b5e4e0856afec0bc9ea96418f","C:\Users\marco\Desktop\ds004507\derivatives\labels\sub-004\ses-headDown\anat\sub-004_ses-headDown_T2w_seg-manual.nii.gz","685","9","","","","","","","","","","","","","","","","","","","","","","","",""
"2026-09-25 17:14:09","git-master-bddc7a050319718b5e4e0856afec0bc9ea96418f","C:\Users\marco\Desktop\ds004507\derivatives\labels\sub-004\ses-headDown\anat\sub-004_ses-headDown_T2w_seg-manual.nii.gz","686","9","",32.14335740911859,0.0,17.418271041406467,0.0,25.99666637792366,0.0,5.02924412812387,0.0,5.025251787570567,0.0,8.14865873243755,0.0,2.5921793016042782,0.0,2.4370648265195918,0.0,0.7872007707000959,0.0,-3.5105893917793844,0.0,0.9554351099066546,0.0,""
"2026-09-25 17:14:09","git-master-bddc7a050319718b5e4e0856afec0bc9ea96418f","C:\Users\marco\Desktop\ds004507\derivatives\labels\sub-004\ses-headDown\anat\sub-004_ses-headDown_T2w_seg-manual.nii.gz","687","9","",30.593957631485704,0.0,5.998974300508646,0.0,25.252212089229776,0.0,4.6448999803646815,0.0,4.731077193340958,0.0,8.190000659907799,0.0,2.2888353092154192,0.0,2.356064671149262,0.0,0.8159584054002716,0.0,-1.5911424623058261,0.0,0.9404727393471412,0.0,""
"2026-09-25 17:14:09","git-master-bddc7a050319718b5e4e0856afec0bc9ea96418f","C:\Users\marco\Desktop\ds004507\derivatives\labels\sub-004\ses-headDown\anat\sub-004_ses-headDown_T2w_seg-manual.nii.gz","688","9","",29.396581001044378,0.0,-2.120506500328467,0.0,24.536253809512846,0.0,4.601988408735568,0.0,4.8247489061610604,0.0,7.811876837634257,0.0,2.260045956402363,0.0,2.3419424523332046,0.0,0.7843197720216796,0.0,-2.251551253531156,0.0,0.9492568342340857,0.0,""
"2026-09-25 17:14:09","git-master-bddc7a050319718b5e4e0856afec0bc9ea96418f","C:\Users\marco\Desktop\ds004507\derivatives\labels\sub-004\ses-headDown\anat\sub-004_ses-headDown_T2w_seg-manual.nii.gz","689","9","",33.82007798126247,0.0,-6.659854231667828,0.0,23.84999745161065,0.0,4.965207935249697,0.0,5.101495339861115,0.0,8.444460177467665,0.0,2.382224140981164,0.0,2.5829837942685323,0.0,0.7929612924211432,0.0,-3.0961840127208533,0.0,0.9468033285975238,0.0,""
"2026-09-25 17:14:09","git-master-bddc7a050319718b5e4e0856afec0bc9ea96418f","C:\Users\marco\Desktop\ds004507\derivatives\labels\sub-004\ses-headDown\anat\sub-004_ses-headDown_T2w_seg-manual.nii.gz","690","9","",39.8838438191186,0.0,-7.5612225632624845,0.0,23.194588734356273,0.0,5.271535964404162,0.0,5.295724923410004,0.0,9.67339530126938,0.0,2.479527871450815,0.0,2.792008092953347,0.0,0.8347400128199209,0.0,-4.398271761309761,0.0,0.9350917998157262,0.0,""
"2026-09-25 17:14:09","git-master-bddc7a050319718b5e4e0856afec0bc9ea96418f","C:\Users\marco\Desktop\ds004507\derivatives\labels\sub-004\ses-headDown\anat\sub-004_ses-headDown_T2w_seg-manual.nii.gz","691","9","",42.14628447386633,0.0,-5.484735570766647,0.0,22.571112652181505,0.0,5.2421417416135165,0.0,5.3239247481175624,0.0,10.383159450400207,0.0,2.472111379975538,0.0,2.7700303616379793,0.0,0.8579583364139906,0.0,-6.036935312052348,0.0,0.9238772299008268,0.0,""
"2026-09-25 17:14:09","git-master-bddc7a050319718b5e4e0856afec0bc9ea96418f","C:\Users\marco\Desktop\ds004507\derivatives\labels\sub-004\ses-headDown\anat\sub-004_ses-headDown_T2w_seg-manual.nii.gz","692","9","",41.493282545798365,0.0,-2.3039873424467396,0.0,21.98059294472024,0.0,5.494299311643301,0.0,5.52755921483689,0.0,9.900423395209229,0.0,2.5243762353670753,0.0,2.9699230762762263,0.0,0.8296287559843323,0.0,-4.434212286172975,0.0,0.9015017667844523,0.0,""
"2026-09-25 17:14:09","git-master-bddc7a050319718b5e4e0856afec0bc9ea96418f","C:\Users\marco\Desktop\ds004507\derivatives\labels\sub-004\ses-headDown\anat\sub-004_ses-headDown_T2w_seg-manual.nii.gz","693","8","",38.443426880718306,0.0,-0.6620701251897367,0.0,21.3232670750174,0.0,5.3261460423241695,0.0,5.545186633071837,0.0,9.062308510952922,0.0,2.583840483626029,0.0,2.7423055586981406,0.0,0.7909385464356108,0.0,2.4740485492558335,0.0,0.9260143198090692,0.0,""
"2026-09-25 17:14:09","git-master-bddc7a050319718b5e4e0856afec0bc9ea96418f","C:\Users\marco\Desktop\ds004507\derivatives\labels\sub-004\ses-headDown\anat\sub-004_ses-headDown_T2w_seg-manual.nii.gz","694","8","",42.6278153558093,0.0,-1.0436504761490852,0.0,20.905979637026917,0.0,5.534683724827985,0.0,5.5664385914046015,0.0,9.89840426121833,0.0,2.6399418587290038,0.0,2.894741866098982,0.0,0.8247333863957673,0.0,-0.4558973397383288,0.0,0.9277282338575665,0.0,""
"2026-09-25 17:14:09","git-master-bddc7a050319718b5e4e0856afec0bc9ea96418f","C:\Users\marco\Desktop\ds004507\derivatives\labels\sub-004\ses-headDown\anat\sub-004_ses-headDown_T2w_seg-manual.nii.gz","695","8","",42.0065304953055,0.0,-2.2594961966575475,0.0,20.509446699632292,0.0,5.611465066352734,0.0,5.586602692056935,0.0,9.623100450554436,0.0,2.7049552001948283,0.0,2.906509866157906,0.0,0.8080666199750309,0.0,-5.412276165763737,0.0,0.9375629699502843,0.0,""
"2026-09-25 17:14:09","git-master-bddc7a050319718b5e4e0856afec0bc9ea96418f","C:\Users\marco\Desktop\ds004507\derivatives\labels\sub-004\ses-headDown\anat\sub-004_ses-headDown_T2w_seg-manual.nii.gz","696","8","",38.06806022843648,0.0,-4.150310156944629,0.0,20.133616669780587,0.0,5.576783410249385,0.0,5.606044893570787,0.0,8.606646306052246,0.0,2.763902487734085,0.0,2.8128809225153004,0.0,0.7585312278474522,0.0,-10.506575631575588,0.0,0.9509111816639488,0.0,""
"2026-09-25 17:14:09","git-master-bddc7a050319718b5e4e0856afec0bc9ea96418f","C:\Users\marco\Desktop\ds004507\derivatives\labels\sub-004\ses-headDown\anat\sub-004_ses-headDown_T2w_seg-manual.nii.gz","697","8","",39.22059951121562,0.0,-6.016230218071399,0.0,19.79106556360496,0.0,5.503873342430125,0.0,5.626890967050825,0.0,8.992994509828712,0.0,2.70752221143802,0.0,2.7963511309921047,0.0,0.7794682245260277,0.0,-2.5267220439416054,0.0,0.9375253935311009,0.0,""
"2026-09-25 17:14:09","git-master-bddc7a050319718b5e4e0856afec0bc9ea96418f","C:\Users\marco\Desktop\ds004507\derivatives\labels\sub-004\ses-headDown\anat\sub-004_ses-headDown_T2w_seg-manual.nii.gz","698","8","",39.636054511687135,0.0,-6.876034383148493,0.0,19.472410977885247,0.0,5.582032104869235,0.0,5.711739524348964,0.0,9.010752699785405,0.0,2.7283401295793337,0.0,2.8536919752899013,0.0,0.7728468392587257,0.0,-0.19327265180642889,0.0,0.9359472661377175,0.0,""
"2026-09-25 17:14:09","git-master-bddc7a050319718b5e4e0856afec0bc9ea96418f","C:\Users\marco\Desktop\ds004507\derivatives\labels\sub-004\ses-headDown\anat\sub-004_ses-headDown_T2w_seg-manual.nii.gz","699","8","",38.87058519829436,0.0,-6.8901892018473445,0.0,19.174015158534882,0.0,5.634372534376167,0.0,5.725068828000802,0.0,8.779865380288241,0.0,2.7649728259299216,0.0,2.8693997084462457,0.0,0.7582530765743406,0.0,-0.4932658899619987,0.0,0.9422035175015471,0.0,""
"2026-09-25 17:14:09","git-master-bddc7a050319718b5e4e0856afec0bc9ea96418f","C:\Users\marco\Desktop\ds004507\derivatives\labels\sub-004\ses-headDown\anat\sub-004_ses-headDown_T2w_seg-manual.nii.gz","700","8","",35.06533921623538,0.0,-5.692571140933337,0.0,18.90506566548754,0.0,5.282954696770934,0.0,5.335113174445648,0.0,8.339483460328028,0.0,2.7064780955862604,0.0,2.576476601184674,0.0,0.7686987780679079,0.0,0.5037455694935802,0.0,0.9546690806796331,0.0,""
"2026-09-25 17:14:09","git-master-bddc7a050319718b5e4e0856afec0bc9ea96418f","C:\Users\marco\Desktop\ds004507\derivatives\labels\sub-004\ses-headDown\anat\sub-004_ses-headDown_T2w_seg-manual.nii.gz","701","8","",34.99279059268675,0.0,-3.318378842963837,0.0,18.664707659076115,0.0,5.1577789718126885,0.0,5.125635179360047,0.0,8.630384118893478,0.0,2.6626542100716826,0.0,2.4951247617410064,0.0,0.8017880168812337,0.0,1.7601208638121333,0.0,0.9470644189296633,0.0,""
"2026-09-25 17:14:09","git-master-bddc7a050319718b5e4e0856afec0bc9ea96418f","C:\Users\marco\Desktop\ds004507\derivatives\labels\sub-004\ses-headDown\anat\sub-004_ses-headDown_T2w_seg-manual.nii.gz","702","8","",35.76509565449462,0.0,-0.5572150152036759,0.0,18.445289727181017,0.0,5.235822658506677,0.0,5.186608328633565,0.0,8.745430101903779,0.0,2.6913609109428,0.0,2.544461747563878,0.0,0.7962207148076285,0.0,0.6810696734254602,0.0,0.9436330780935597,0.0,""
"2026-09-25 17:14:09","git-master-bddc7a050319718b5e4e0856afec0bc9ea96418f","C:\Users\marco\Desktop\ds004507\derivatives\labels\sub-004\ses-headDown\anat\sub-004_ses-headDown_T2w_seg-manual.nii.gz","703","8","",35.77557238986514,0.0,2.23196436770862,0.0,18.25218909153925,0.0,5.605495867202712,0.0,5.720973555342822,0.0,7.952619427147117,0.0,2.870873368044393,0.0,2.7346224991583186,0.0,0.6887394065975796,0.0,-5.771206719744638,0.0,0.963666851863663,0.0,""
"2026-09-25 17:14:09","git-master-bddc7a050319718b5e4e0856afec0bc9ea96418f","C:\Users\marco\Desktop\ds004507\derivatives\labels\sub-004\ses-headDown\anat\sub-004_ses-headDown_T2w_seg-manual.nii.gz","704","8","",37.92880151550531,0.0,3.737863993485133,0.0,18.092317501206512,0.0,5.625827434093102,0.0,5.794254114935565,0.0,8.421987728072118,0.0,2.800936723578737,0.0,2.8248907105143646,0.0,0.721391558326568,0.0,-3.387557538716079,0.0,0.9563295041233814,0.0,""
"2026-09-25 17:14:09","git-master-bddc7a050319718b5e4e0856afec0bc9ea96418f","C:\Users\marco\Desktop\ds004507\derivatives\labels\sub-004\ses-headDown\anat\sub-004_ses-headDown_T2w_seg-manual.nii.gz","705","8","",40.02645706258138,0.0,4.4265525594740955,0.0,17.953838021440177,0.0,5.590720118148611,0.0,5.778344608632114,0.0,8.99817078177372,0.0,2.725559798571552,0.0,2.865160319577058,0.0,0.7653924088870081,0.0,-1.3546862105753514,0.0,0.9492190351259231,0.0,""
"2026-09-25 17:14:09","git-master-bddc7a050319718b5e4e0856afec0bc9ea96418f","C:\Users\marco\Desktop\ds004507\derivatives\labels\sub-004\ses-headDown\anat\sub-004_ses-headDown_T2w_seg-manual.nii.gz","706","8","",41.55969283156384,0.0,4.248402202381471,0.0,17.8381321147062,0.0,5.55625849033065,0.0,5.740595033522133,0.0,9.439580834087664,0.0,2.6990176058191104,0.0,2.8572408845115387,0.0,0.7937069985391564,0.0,-1.8215599708440684,0.0,0.948634098556485,0.0,""
"2026-09-25 17:14:09","git-master-bddc7a050319718b5e4e0856afec0bc9ea96418f","C:\Users\marco\Desktop\ds004507\derivatives\labels\sub-004\ses-headDown\anat\sub-004_ses-headDown_T2w_seg-manual.nii.gz","707","8","",41.42238588249391,0.0,3.3988466752625186,0.0,17.753647889320014,0.0,5.55167600019641,0.0,5.783199136716024,0.0,9.336905216523869,0.0,2.674346300071082,0.0,2.8773297001253275,0.0,0.784940758349794,0.0,-2.1476781404584777,0.0,0.9408765587871496,0.0,""
"2026-09-25 17:14:09","git-master-bddc7a050319718b5e4e0856afec0bc9ea96418f","C:\Users\marco\Desktop\ds004507\derivatives\labels\sub-004\ses-headDown\anat\sub-004_ses-headDown_T2w_seg-manual.nii.gz","708","8","",42.7004952036658,0.0,2.5703687261817283,0.0,17.68358562499433,0.0,5.651582446846872,0.0,5.933582473553591,0.0,9.385878664190145,0.0,2.725277334806448,0.0,2.9263051120404238,0.0,0.7748487591176649,0.0,-3.013798467517797,0.0,0.9312222335844383,0.0,""
"2026-09-25 17:14:09","git-master-bddc7a050319718b5e4e0856afec0bc9ea96418f","C:\Users\marco\Desktop\ds004507\derivatives\labels\sub-004\ses-headDown\anat\sub-004_ses-headDown_T2w_seg-manual.nii.gz","709","8","",45.14283987825919,0.0,1.7900250480779178,0.0,17.62772236362385,0.0,5.832744726859802,0.0,6.158246840499182,0.0,9.58035497225476,0.0,2.84162925447313,0.0,2.991115472386672,0.0,0.7660236914479687,0.0,-4.271747506870254,0.0,0.9213668465386142,0.0,""
"2026-09-25 17:14:09","git-master-bddc7a050319718b5e4e0856afec0bc9ea96418f","C:\Users\marco\Desktop\ds004507\derivatives\labels\sub-004\ses-headDown\anat\sub-004_ses-headDown_T2w_seg-manual.nii.gz","710","8","",44.7163725958725,0.0,1.091784218370651,0.0,17.595878689392876,0.0,5.80774576573649,0.0,6.063845925229495,0.0,9.583503122353047,0.0,2.8894155297737925,0.0,2.9183302359626975,0.0,0.7743203903812991,0.0,-3.9520169625797648,0.0,0.9294689496313481,0.0,""
"2026-09-25 17:14:09","git-master-bddc7a050319718b5e4e0856afec0bc9ea96418f","C:\Users\marco\Desktop\ds004507\derivatives\labels\sub-004\ses-headDown\anat\sub-004_ses-headDown_T2w_seg-manual.nii.gz","711","8","",45.60171465714536,0.0,0.4486908107973665,0.0,17.580072690537108,0.0,5.897053185305296,0.0,6.0297032190516795,0.0,9.834882122321089,0.0,2.921539147168256,0.0,2.97551403813704,0.0,0.7892910007002333,0.0,-3.4574881518651326,0.0,0.9323755459411824,0.0,""
"2026-09-25 17:14:09","git-master-bddc7a050319718b5e4e0856afec0bc9ea96418f","C:\Users\marco\Desktop\ds004507\derivatives\labels\sub-004\ses-headDown\anat\sub-004_ses-headDown_T2w_seg-manual.nii.gz","712","8","",47.19611472787556,0.0,-0.14532166936222557,0.0,17.57852369004229,0.0,6.040684033942181,0.0,6.066454916222313,0.0,10.15156181128301,0.0,2.9304110823700324,0.0,3.1102729515721483,0.0,0.8016165388023861,0.0,-2.507541388638998,0.0,0.932755710351287,0.0,""
"2026-09-25 17:14:09","git-master-bddc7a050319718b5e4e0856afec0bc9ea96418f","C:\Users\marco\Desktop\ds004507\derivatives\labels\sub-004\ses-headDown\anat\sub-004_ses-headDown_T2w_seg-manual.nii.gz","713","8","",48.346019169266285,0.0,-0.6655114695291117,0.0,17.598364433912757,0.0,6.1097686254089645,0.0,6.266742336129349,0.0,10.053540981130931,0.0,2.873618739571768,0.0,3.236149885837196,0.0,0.7816689235328841,0.0,0.11566996513152494,0.0,0.9362491548725269,0.0,""
"2026-09-25 17:14:09","git-master-bddc7a050319718b5e4e0856afec0bc9ea96418f","C:\Users\marco\Desktop\ds004507\derivatives\labels\sub-004\ses-headDown\anat\sub-004_ses-headDown_T2w_seg-manual.nii.gz","714","8","",48.30255086473669,0.0,-1.1210089046806737,0.0,17.63690333278767,0.0,5.906348684404962,0.0,6.2342721793488085,0.0,10.116150751223895,0.0,2.693218063402713,0.0,3.2131306210022488,0.0,0.7872328913517063,0.0,1.0455758528361248,0.0,0.9307218164683708,0.0,""
"2026-09-25 17:14:09","git-master-bddc7a050319718b5e4e0856afec0bc9ea96418f","C:\Users\marco\Desktop\ds004507\derivatives\labels\sub-004\ses-headDown\anat\sub-004_ses-headDown_T2w_seg-manual.nii.gz","715","8","",48.11558515584997,0.0,-1.5272183897156233,0.0,17.68967272101288,0.0,5.685091057284344,0.0,6.145138437736084,0.0,10.258656958828837,0.0,2.543572294313308,0.0,3.1415187629710357,0.0,0.8006410326700292,0.0,1.2014058853147216,0.0,0.9244686921408788,0.0,""
"2026-09-25 17:14:09","git-master-bddc7a050319718b5e4e0856afec0bc9ea96418f","C:\Users\marco\Desktop\ds004507\derivatives\labels\sub-004\ses-headDown\anat\sub-004_ses-headDown_T2w_seg-manual.nii.gz","716","8","",48.74531150644613,0.0,-1.8687393707097895,0.0,17.761098988778166,0.0,5.689514036578392,0.0,6.140020362626453,0.0,10.450260714657688,0.0,2.5982664896787715,0.0,3.091247546899621,0.0,0.8091285463362177,0.0,1.018592263890973,0.0,0.925331162690026,0.0,""
"2026-09-25 17:14:09","git-master-bddc7a050319718b5e4e0856afec0bc9ea96418f","C:\Users\marco\Desktop\ds004507\derivatives\labels\sub-004\ses-headDown\anat\sub-004_ses-headDown_T2w_seg-manual.nii.gz","717","8","",49.91648910950022,0.0,-2.184967024538565,0.0,17.845615405246857,0.0,6.023464068290523,0.0,6.283468696172157,0.0,10.331409279438297,0.0,2.775177998442956,0.0,3.248286069847568,0.0,0.7932086899449724,0.0,-1.5689868928516546,0.0,0.9396099241493151,0.0,""
"2026-09-25 17:14:09","git-master-bddc7a050319718b5e4e0856afec0bc9ea96418f","C:\Users\marco\Desktop\ds004507\derivatives\labels\sub-004\ses-headDown\anat\sub-004_ses-headDown_T2w_seg-manual.nii.gz","718","8","",52.566787549003294,0.0,-2.50658251644846,0.0,17.935099403236958,0.0,6.294072498247639,0.0,6.416566263406467,0.0,10.577777879108455,0.0,2.901014884606395,0.0,3.3930576136412443,0.0,0.7929115861665621,0.0,-3.1978021508672967,0.0,0.950068309622112,0.0,""
"2026-09-25 17:14:09","git-master-bddc7a050319718b5e4e0856afec0bc9ea96418f","C:\Users\marco\Desktop\ds004507\derivatives\labels\sub-004\ses-headDown\anat\sub-004_ses-headDown_T2w_seg-manual.nii.gz","719","8","",57.45287988481222,0.0,-2.845637195842934,0.0,18.02824962029502,0.0,6.348692266554019,0.0,6.482078573725993,0.0,11.527616260091591,0.0,2.901610122400869,0.0,3.4470821441531494,0.0,0.8264996810014611,0.0,-2.4379245966528065,0.0,0.9497014352158278,0.0,""
"2026-09-25 17:14:09","git-master-bddc7a050319718b5e4e0856afec0bc9ea96418f","C:\Users\marco\Desktop\ds004507\derivatives\labels\sub-004\ses-headDown\anat\sub-004_ses-headDown_T2w_seg-manual.nii.gz","720","8","",48.69817909152412,0.0,-3.210742013770202,0.0,18.126872761969484,0.0,6.16484807370539,0.0,6.1086536688056325,0.0,10.149907196958107,0.0,2.9271010704004103,0.0,3.2377470033049804,0.0,0.7947221103485247,0.0,-1.3767116594852056,0.0,0.9591042773062441,0.0,""
"2026-09-25 17:14:09","git-master-bddc7a050319718b5e4e0856afec0bc9ea96418f","C:\Users\marco\Desktop\ds004507\derivatives\labels\sub-004\ses-headDown\anat\sub-004_ses-headDown_T2w_seg-manual.nii.gz","721","8","",46.13148629787681,0.0,-3.591211843378851,0.0,18.228724424327034,0.0,6.064443547364103,0.0,6.008446878155323,0.0,9.735507514570875,0.0,2.8871028903103735,0.0,3.17734065705373,0.0,0.7856961522299908,0.0,-0.6346636157868986,0.0,0.9570587608986834,0.0,""
"2026-09-25 17:14:09","git-master-bddc7a050319718b5e4e0856afec0bc9ea96418f","C:\Users\marco\Desktop\ds004507\derivatives\labels\sub-004\ses-headDown\anat\sub-004_ses-headDown_T2w_seg-manual.nii.gz","722","8","",50.976000365342486,0.0,-3.987029926774067,0.0,18.33380138565042,0.0,6.06128820351339,0.0,6.2209697081417135,0.0,10.494158323169037,0.0,2.7775493699923612,0.0,3.283738833521029,0.0,0.8053327122455632,0.0,-0.4361665749764398,0.0,0.9427835563349268,0.0,""
"2026-09-25 17:14:09","git-master-bddc7a050319718b5e4e0856afec0bc9ea96418f","C:\Users\marco\Desktop\ds004507\derivatives\labels\sub-004\ses-headDown\anat\sub-004_ses-headDown_T2w_seg-manual.nii.gz","723","8","",47.38119293453158,0.0,-4.409537962491288,0.0,18.444493152227842,0.0,5.748000060500734,0.0,6.017962453987703,0.0,10.026613803377996,0.0,2.740443966434101,0.0,3.0075560940666333,0.0,0.7997143695666208,0.0,-5.212516626606523,0.0,0.9512383194407744,0.0,""
"2026-09-25 17:14:09","git-master-bddc7a050319718b5e4e0856afec0bc9ea96418f","C:\Users\marco\Desktop\ds004507\derivatives\labels\sub-004\ses-headDown\anat\sub-004_ses-headDown_T2w_seg-manual.nii.gz","724","8","",46.92360042331873,0.0,-4.848115455851778,0.0,18.55857355825177,0.0,5.788177829858172,0.0,6.047347219438899,0.0,9.933544032766985,0.0,2.791586264332705,0.0,2.9965915655254665,0.0,0.7933580023714645,0.0,-2.5939222388758028,0.0,0.9516584441326539,0.0,""
"2026-09-25 17:14:09","git-master-bddc7a050319718b5e4e0856afec0bc9ea96418f","C:\Users\marco\Desktop\ds004507\derivatives\labels\sub-004\ses-headDown\anat\sub-004_ses-headDown_T2w_seg-manual.nii.gz","725","8","",47.98236273485572,0.0,-5.301778598899342,0.0,18.67583818037745,0.0,6.010356623140811,0.0,6.190296807215226,0.0,10.025858060911016,0.0,2.8858866273906676,0.0,3.1244699957501427,0.0,0.7865671329343255,0.0,4.445287406405914,0.0,0.9465666576665449,0.0,""
"2026-09-25 17:14:09","git-master-bddc7a050319718b5e4e0856afec0bc9ea96418f","C:\Users\marco\Desktop\ds004507\derivatives\labels\sub-004\ses-headDown\anat\sub-004_ses-headDown_T2w_seg-manual.nii.gz","726","8","",44.677688631528966,0.0,-5.778832386417887,0.0,18.798054273227983,0.0,5.810633379029068,0.0,6.01776762450064,0.0,9.624726349597463,0.0,2.8605968030319797,0.0,2.950036575997088,0.0,0.7803166149975028,0.0,6.488587531848138,0.0,0.9424723606422797,0.0,""
"2026-09-25 17:14:09","git-master-bddc7a050319718b5e4e0856afec0bc9ea96418f","C:\Users\marco\Desktop\ds004507\derivatives\labels\sub-004\ses-headDown\anat\sub-004_ses-headDown_T2w_seg-manual.nii.gz","727","8","",46.041068740125844,0.0,-6.202015865306554,0.0,18.917268915729842,0.0,5.797688627952573,0.0,6.098092187466937,0.0,9.850217229594245,0.0,2.796662396589359,0.0,3.0010262313632134,0.0,0.7849879099341961,0.0,4.431463685620284,0.0,0.9485573385536007,0.0,""
"2026-09-25 17:14:09","git-master-bddc7a050319718b5e4e0856afec0bc9ea96418f","C:\Users\marco\Desktop\ds004507\derivatives\labels\sub-004\ses-headDown\anat\sub-004_ses-headDown_T2w_seg-manual.nii.gz","728","8","",48.86759857484118,0.0,-6.556914963324819,0.0,19.031665056702234,0.0,5.9025041605262025,0.0,6.256270335018922,0.0,10.243589779112254,0.0,2.7808748563577166,0.0,3.121629304168486,0.0,0.7918238258255746,0.0,0.6665987947251741,0.0,0.9562255852357149,0.0,""
"2026-09-25 17:14:09","git-master-bddc7a050319718b5e4e0856afec0bc9ea96418f","C:\Users\marco\Desktop\ds004507\derivatives\labels\sub-004\ses-headDown\anat\sub-004_ses-headDown_T2w_seg-manual.nii.gz","729","8","",49.69063659192254,0.0,-6.773394015098365,0.0,19.135162244075147,0.0,6.113265287278949,0.0,6.301523736662958,0.0,10.27836705370093,0.0,2.9710605188792845,0.0,3.1422047683996652,0.0,0.7900162722248484,0.0,-2.6662811909050723,0.0,0.954473416359993,0.0,""
"2026-09-25 17:14:09","git-master-bddc7a050319718b5e4e0856afec0bc9ea96418f","C:\Users\marco\Desktop\ds004507\derivatives\labels\sub-004\ses-headDown\anat\sub-004_ses-headDown_T2w_seg-manual.nii.gz","730","8","",48.85829735249528,0.0,-6.845693593434509,0.0,19.227325221531203,0.0,6.015193606433348,0.0,6.2252531365343735,0.0,10.121412696245448,0.0,2.9273610275155604,0.0,3.087832578917787,0.0,0.7884643690791954,0.0,-3.825784937227782,0.0,0.9605262426798069,0.0,""
"2026-09-25 17:14:09","git-master-bddc7a050319718b5e4e0856afec0bc9ea96418f","C:\Users\marco\Desktop\ds004507\derivatives\labels\sub-004\ses-headDown\anat\sub-004_ses-headDown_T2w_seg-manual.nii.gz","731","8","",47.90703750977701,0.0,-6.817733206436448,0.0,19.311626285106588,0.0,5.830818581348523,0.0,6.078165842608482,0.0,10.094240055099926,0.0,2.824523795941712,0.0,3.00629478540681,0.0,0.7974569945613581,0.0,-4.383571212946236,0.0,0.9679435867270477,0.0,""
"2026-09-25 17:14:09","git-master-bddc7a050319718b5e4e0856afec0bc9ea96418f","C:\Users\marco\Desktop\ds004507\derivatives\labels\sub-004\ses-headDown\anat\sub-004_ses-headDown_T2w_seg-manual.nii.gz","732","8","",47.55031985664051,0.0,-6.67074175474628,0.0,19.386607538093575,0.0,5.63554085467096,0.0,5.856760466128918,0.0,10.408684875173904,0.0,2.725250542937858,0.0,2.9102903117331023,0.0,0.8263575107325523,0.0,-4.87533295226032,0.0,0.9740849516203519,0.0,""
"2026-09-25 17:14:09","git-master-bddc7a050319718b5e4e0856afec0bc9ea96418f","C:\Users\marco\Desktop\ds004507\derivatives\labels\sub-004\ses-headDown\anat\sub-004_ses-headDown_T2w_seg-manual.nii.gz","733","8","",47.29681564137565,0.0,-6.360446621602106,0.0,19.448885484591088,0.0,5.902458414935383,0.0,6.06456313945675,0.0,9.917075278580516,0.0,2.8512706169781707,0.0,3.051187797957213,0.0,0.7880209179091167,0.0,-3.6665071349859244,0.0,0.9714891250832934,0.0,""
"2026-09-25 17:14:09","git-master-bddc7a050319718b5e4e0856afec0bc9ea96418f","C:\Users\marco\Desktop\ds004507\derivatives\labels\sub-004\ses-headDown\anat\sub-004_ses-headDown_T2w_seg-manual.nii.gz","734","8","",46.342803456300175,0.0,-5.949227803381675,0.0,19.503366466076073,0.0,5.955015147772514,0.0,6.074610024716385,0.0,9.628488467492785,0.0,2.863698929123418,0.0,3.0913162186490957,0.0,0.7751734583627389,0.0,-1.7030772655017066,0.0,0.9693822586296589,0.0,""
"2026-09-25 17:14:09","git-master-bddc7a050319718b5e4e0856afec0bc9ea96418f","C:\Users\marco\Desktop\ds004507\derivatives\labels\sub-004\ses-headDown\anat\sub-004_ses-headDown_T2w_seg-manual.nii.gz","735","8","",44.51197008643461,0.0,-5.436986274267958,0.0,19.550055202786748,0.0,5.6781059694174285,0.0,5.780312548357308,0.0,9.704245120222767,0.0,2.704327677225864,0.0,2.9737782921915645,0.0,0.803245704955409,0.0,0.9475924945240353,0.0,0.9691179737836036,0.0,""
"2026-09-25 17:14:09","git-master-bddc7a050319718b5e4e0856afec0bc9ea96418f","C:\Users\marco\Desktop\ds004507\derivatives\labels\sub-004\ses-headDown\anat\sub-004_ses-headDown_T2w_seg-manual.nii.gz","736","7","",45.90108844649012,0.0,-4.428135922721475,0.0,19.59726972096555,0.0,6.055842340747741,0.0,6.032938402009624,0.0,9.628608818871928,0.0,2.9993708752084123,0.0,3.0564714655393295,0.0,0.7793700771165201,0.0,1.9926466498081843,0.0,0.9525716694772344,0.0,""
"2026-09-25 17:14:09","git-master-bddc7a050319718b5e4e0856afec0bc9ea96418f","C:\Users\marco\Desktop\ds004507\derivatives\labels\sub-004\ses-headDown\anat\sub-004_ses-headDown_T2w_seg-manual.nii.gz","737","7","",45.672674759923936,0.0,-3.6752852717188222,0.0,19.61679452133294,0.0,5.900299619564009,0.0,5.974807853941042,0.0,9.677754858114655,0.0,2.840435443369223,0.0,3.059864176194786,0.0,0.7866223852894678,0.0,1.7206693813433287,0.0,0.9381561748433266,0.0,""
"2026-09-25 17:14:09","git-master-bddc7a050319718b5e4e0856afec0bc9ea96418f","C:\Users\marco\Desktop\ds004507\derivatives\labels\sub-004\ses-headDown\anat\sub-004_ses-headDown_T2w_seg-manual.nii.gz","738","7","",46.38554443872421,0.0,-3.021035030759013,0.0,19.62707043488161,0.0,6.026820741583811,0.0,6.0478564319915895,0.0,9.707763154053445,0.0,2.9259635301209594,0.0,3.100857211462851,0.0,0.782136379515642,0.0,2.5185154617208205,0.0,0.9468065126525492,0.0,""
"2026-09-25 17:14:09","git-master-bddc7a050319718b5e4e0856afec0bc9ea96418f","C:\Users\marco\Desktop\ds004507\derivatives\labels\sub-004\ses-headDown\anat\sub-004_ses-headDown_T2w_seg-manual.nii.gz","739","7","",47.03839282019967,0.0,-2.4656294859022805,0.0,19.628098358987785,0.0,6.186993780629841,0.0,6.117854732148984,0.0,9.738663592044524,0.0,3.0461865951360223,0.0,3.1408071854938187,0.0,0.7778694552568807,0.0,3.497424556657825,0.0,0.9593088142749783,0.0,""
"2026-09-25 17:14:09","git-master-bddc7a050319718b5e4e0856afec0bc9ea96418f","C:\Users\marco\Desktop\ds004507\derivatives\labels\sub-004\ses-headDown\anat\sub-004_ses-headDown_T2w_seg-manual.nii.gz","740","7","",45.816867252041085,0.0,-2.0292772912776593,0.0,19.618030311040204,0.0,5.940407652988192,0.0,5.942579771612476,0.0,9.806688394139554,0.0,2.830460261477397,0.0,3.109947391510795,0.0,0.7953887406475056,0.0,3.0938406673571435,0.0,0.941848508939391,0.0,""
"2026-09-25 17:14:09","git-master-bddc7a050319718b5e4e0856afec0bc9ea96418f","C:\Users\marco\Desktop\ds004507\derivatives\labels\sub-004\ses-headDown\anat\sub-004_ses-headDown_T2w_seg-manual.nii.gz","741","7","",46.5614982891602,0.0,-1.7322686505755944,0.0,19.595010273685787,0.0,5.7082137599264025,0.0,5.835059792988077,0.0,10.152279136494046,0.0,2.749995978056996,0.0,2.958217781869407,0.0,0.8175421725923696,0.0,2.580320675874157,0.0,0.9563541058443431,0.0,""
"2026-09-25 17:14:09","git-master-bddc7a050319718b5e4e0856afec0bc9ea96418f","C:\Users\marco\Desktop\ds004507\derivatives\labels\sub-004\ses-headDown\anat\sub-004_ses-headDown_T2w_seg-manual.nii.gz","742","7","",47.9505878169252,0.0,-1.5349085215757239,0.0,19.56272938818979,0.0,5.627377406304418,0.0,5.792962988856065,0.0,10.57813766006046,0.0,2.653436457222284,0.0,2.973940949082134,0.0,0.8362445408573181,0.0,0.6463428722862756,0.0,0.9696636058311356,0.0,""
"2026-09-25 17:14:09","git-master-bddc7a050319718b5e4e0856afec0bc9ea96418f","C:\Users\marco\Desktop\ds004507\derivatives\labels\sub-004\ses-headDown\anat\sub-004_ses-headDown_T2w_seg-manual.nii.gz","743","7","",49.39339434427078,0.0,-1.4372360543516787,0.0,19.521181547064444,0.0,5.636251813441959,0.0,5.781026295885963,0.0,11.021861564712134,0.0,2.5135010801287723,0.0,3.1227507333131874,0.0,0.8512212385146822,0.0,-1.908208359242588,0.0,0.9730441142965379,0.0,""
"2026-09-25 17:14:09","git-master-bddc7a050319718b5e4e0856afec0bc9ea96418f","C:\Users\marco\Desktop\ds004507\derivatives\labels\sub-004\ses-headDown\anat\sub-004_ses-headDown_T2w_seg-manual.nii.gz","744","7","",48.66716703943689,0.0,-1.479181191565609,0.0,19.46663896411787,0.0,5.227991004397412,0.0,5.59000314151464,0.0,11.306334608736632,0.0,2.3178634213620612,0.0,2.9101275830353504,0.0,0.8689098342326044,0.0,1.026494996193633,0.0,0.9472602627798636,0.0,""
"2026-09-25 17:14:09","git-master-bddc7a050319718b5e4e0856afec0bc9ea96418f","C:\Users\marco\Desktop\ds004507\derivatives\labels\sub-004\ses-headDown\anat\sub-004_ses-headDown_T2w_seg-manual.nii.gz","745","7","",49.43078056586766,0.0,-1.6407786840595007,0.0,19.400927234301204,0.0,5.441399115138401,0.0,5.7174484901823615,0.0,11.171323223679307,0.0,2.4954539280285606,0.0,2.94594518710984,0.0,0.8584649287763557,0.0,2.4632223004078337,0.0,0.9584311737389658,0.0,""
"2026-09-25 17:14:09","git-master-bddc7a050319718b5e4e0856afec0bc9ea96418f","C:\Users\marco\Desktop\ds004507\derivatives\labels\sub-004\ses-headDown\anat\sub-004_ses-headDown_T2w_seg-manual.nii.gz","746","7","",50.311345793844325,0.0,-1.8659679012721189,0.0,19.328178113593513,0.0,5.830161164218524,0.0,5.9253295508275565,0.0,10.856576576006493,0.0,2.767669723495021,0.0,3.0624914407235027,0.0,0.8372237023480323,0.0,3.3631528226609686,0.0,0.9688923556204682,0.0,""
"2026-09-25 17:14:09","git-master-bddc7a050319718b5e4e0856afec0bc9ea96418f","C:\Users\marco\Desktop\ds004507\derivatives\labels\sub-004\ses-headDown\anat\sub-004_ses-headDown_T2w_seg-manual.nii.gz","747","7","",50.559141173694904,0.0,-2.1306697956381924,0.0,19.24990508966195,0.0,6.165808155094126,0.0,6.090343185302409,0.0,10.475318062353317,0.0,2.9902453528318547,0.0,3.175562802262271,0.0,0.8136183305074569,0.0,4.200630958991226,0.0,0.9576402321083172,0.0,""
"2026-09-25 17:14:09","git-master-bddc7a050319718b5e4e0856afec0bc9ea96418f","C:\Users\marco\Desktop\ds004507\derivatives\labels\sub-004\ses-headDown\anat\sub-004_ses-headDown_T2w_seg-manual.nii.gz","748","7","",51.32453069988564,0.0,-2.3623643800119254,0.0,19.1688738361281,0.0,6.205969403459412,0.0,6.15905161871807,0.0,10.547516004465843,0.0,2.9687335476257632,0.0,3.2372358558336485,0.0,0.8118036750562196,0.0,4.798500001327758,0.0,0.9624387241354431,0.0,""
"2026-09-25 17:14:09","git-master-bddc7a050319718b5e4e0856afec0bc9ea96418f","C:\Users\marco\Desktop\ds004507\derivatives\labels\sub-004\ses-headDown\anat\sub-004_ses-headDown_T2w_seg-manual.nii.gz","749","7","",50.70481412764165,0.0,-2.5734476366143295,0.0,19.0861121967004,0.0,5.990505749480742,0.0,6.014277990511141,0.0,10.643314953668789,0.0,2.8874953688418215,0.0,3.10301038063892,0.0,0.8245233421935092,0.0,3.9115406572532168,0.0,0.962463177947913,0.0,""
"2026-09-25 17:14:09","git-master-bddc7a050319718b5e4e0856afec0bc9ea96418f","C:\Users\marco\Desktop\ds004507\derivatives\labels\sub-004\ses-headDown\anat\sub-004_ses-headDown_T2w_seg-manual.nii.gz","750","7","",50.24897104150696,0.0,-2.7639278476089237,0.0,19.001617507421088,0.0,5.804989409755155,0.0,5.8744193383990755,0.0,10.771643648076392,0.0,2.851058515812767,0.0,2.9539308939423883,0.0,0.8381964403267861,0.0,2.6310058017553564,0.0,0.9569783025344293,0.0,""
"2026-09-25 17:14:09","git-master-bddc7a050319718b5e4e0856afec0bc9ea96418f","C:\Users\marco\Desktop\ds004507\derivatives\labels\sub-004\ses-headDown\anat\sub-004_ses-headDown_T2w_seg-manual.nii.gz","751","7","",52.777939390882764,0.0,-2.9296993117684815,0.0,18.91503836319583,0.0,6.169439837007943,0.0,6.133573325492262,0.0,10.955079765335217,0.0,3.056533112488505,0.0,3.112906724519437,0.0,0.8285680507886761,0.0,2.842435507527472,0.0,0.9435587082294653,0.0,""
"2026-09-25 17:14:09","git-master-bddc7a050319718b5e4e0856afec0bc9ea96418f","C:\Users\marco\Desktop\ds004507\derivatives\labels\sub-004\ses-headDown\anat\sub-004_ses-headDown_T2w_seg-manual.nii.gz","752","7","",52.54803015871411,0.0,-3.0666730829279736,0.0,18.826017803635064,0.0,6.135776420050315,0.0,6.179858850570123,0.0,10.895795627709212,0.0,3.010824525297078,0.0,3.124951894753237,0.0,0.8235629410831189,0.0,2.50549137545857,0.0,0.9539586255827602,0.0,""
"2026-09-25 17:14:09","git-master-bddc7a050319718b5e4e0856afec0bc9ea96418f","C:\Users\marco\Desktop\ds004507\derivatives\labels\sub-004\ses-headDown\anat\sub-004_ses-headDown_T2w_seg-manual.nii.gz","753","7","",51.796480682666726,0.0,-3.183092308151665,0.0,18.73524779249153,0.0,5.970627711628072,0.0,6.111963175803196,0.0,10.92061934761848,0.0,2.915991943651587,0.0,3.0546357679764857,0.0,0.8284613078048224,0.0,1.8665898049084524,0.0,0.9630395978165511,0.0,""
"2026-09-25 17:14:09","git-master-bddc7a050319718b5e4e0856afec0bc9ea96418f","C:\Users\marco\Desktop\ds004507\derivatives\labels\sub-004\ses-headDown\anat\sub-004_ses-headDown_T2w_seg-manual.nii.gz","754","7","",51.31373420325131,0.0,-3.278963936356647,0.0,18.64272550774304,0.0,5.810697364876132,0.0,6.0116354415589335,0.0,11.042851626204083,0.0,2.842371627089522,0.0,2.96832573778661,0.0,0.8387411806479458,0.0,1.3196543717567701,0.0,0.9654950533430083,0.0,""
"2026-09-25 17:14:09","git-master-bddc7a050319718b5e4e0856afec0bc9ea96418f","C:\Users\marco\Desktop\ds004507\derivatives\labels\sub-004\ses-headDown\anat\sub-004_ses-headDown_T2w_seg-manual.nii.gz","755","7","",53.60521282586644,0.0,-3.3460865139812075,0.0,18.547742053503676,0.0,6.20957874585819,0.0,6.270683227871523,0.0,11.015468557892294,0.0,3.009921943422716,0.0,3.199656802435474,0.0,0.8219905411827344,0.0,2.9818101319216277,0.0,0.9546240194129179,0.0,""
"2026-09-25 17:14:09","git-master-bddc7a050319718b5e4e0856afec0bc9ea96418f","C:\Users\marco\Desktop\ds004507\derivatives\labels\sub-004\ses-headDown\anat\sub-004_ses-headDown_T2w_seg-manual.nii.gz","756","7","",54.225033866571245,0.0,-3.38858048927493,0.0,18.450640293977955,0.0,6.075364711331602,0.0,6.254932753977117,0.0,11.21962656749537,0.0,2.916744640186371,0.0,3.1586200711452315,0.0,0.8297614214030182,0.0,1.897835731329218,0.0,0.9555267409860018,0.0,""
"2026-09-25 17:14:09","git-master-bddc7a050319718b5e4e0856afec0bc9ea96418f","C:\Users\marco\Desktop\ds004507\derivatives\labels\sub-004\ses-headDown\anat\sub-004_ses-headDown_T2w_seg-manual.nii.gz","757","7","",54.374734444339886,0.0,-3.4105541845217195,0.0,18.351768830819417,0.0,5.865272988569155,0.0,6.174849249558921,0.0,11.453023041384958,0.0,2.8156240103068138,0.0,3.0496489782623413,0.0,0.8421474565005139,0.0,0.8975395397045592,0.0,0.9511914438792027,0.0,""
"2026-09-25 17:14:09","git-master-bddc7a050319718b5e4e0856afec0bc9ea96418f","C:\Users\marco\Desktop\ds004507\derivatives\labels\sub-004\ses-headDown\anat\sub-004_ses-headDown_T2w_seg-manual.nii.gz","758","7","",54.66959957383175,0.0,-3.4120099698740862,0.0,18.251124697876385,0.0,5.824882571807299,0.0,6.140209727716069,0.0,11.60651635691048,0.0,2.8461131802272033,0.0,2.978769391580096,0.0,0.8486023499014206,0.0,1.5623348967801889,0.0,0.9315851403597243,0.0,""
"2026-09-25 17:14:09","git-master-bddc7a050319718b5e4e0856afec0bc9ea96418f","C:\Users\marco\Desktop\ds004507\derivatives\labels\sub-004\ses-headDown\anat\sub-004_ses-headDown_T2w_seg-manual.nii.gz","759","7","",56.18817868226073,0.0,-3.3806375068500985,0.0,18.147632216515852,0.0,6.038896359535951,0.0,6.309213672714283,0.0,11.507617027999844,0.0,2.9520076808182614,0.0,3.086888678717689,0.0,0.8361461911546948,0.0,0.09573293240788061,0.0,0.9439118095233383,0.0,""
"2026-09-25 17:14:09","git-master-bddc7a050319718b5e4e0856afec0bc9ea96418f","C:\Users\marco\Desktop\ds004507\derivatives\labels\sub-004\ses-headDown\anat\sub-004_ses-headDown_T2w_seg-manual.nii.gz","760","7","",57.07650190976461,0.0,-3.3287419557557905,0.0,18.042351843739063,0.0,6.069286491962967,0.0,6.415326170710561,0.0,11.51392243674922,0.0,2.9293293521305057,0.0,3.139957139832462,0.0,0.8303939779117304,0.0,-0.37451244519168797,0.0,0.9589234100674636,0.0,""
"2026-09-25 17:14:09","git-master-bddc7a050319718b5e4e0856afec0bc9ea96418f","C:\Users\marco\Desktop\ds004507\derivatives\labels\sub-004\ses-headDown\anat\sub-004_ses-headDown_T2w_seg-manual.nii.gz","761","7","",56.980942335620334,0.0,-3.256319013115913,0.0,17.935280462718115,0.0,5.9636023075106595,0.0,6.419332940304745,0.0,11.536516613319595,0.0,2.8419039317155526,0.0,3.1216983757951065,0.0,0.8308828903032396,0.0,-0.1454563218433553,0.0,0.966548440224377,0.0,""
"2026-09-25 17:14:09","git-master-bddc7a050319718b5e4e0856afec0bc9ea96418f","C:\Users\marco\Desktop\ds004507\derivatives\labels\sub-004\ses-headDown\anat\sub-004_ses-headDown_T2w_seg-manual.nii.gz","762","7","",55.06819494219677,0.0,-3.159255454365905,0.0,17.82605426151393,0.0,5.780217751963317,0.0,6.230227129296139,0.0,11.41860856556493,0.0,2.7916683288208746,0.0,2.9885494231424423,0.0,0.8380280776913989,0.0,0.3880624481577494,0.0,0.947180882734734,0.0,""
"2026-09-25 17:14:09","git-master-bddc7a050319718b5e4e0856afec0bc9ea96418f","C:\Users\marco\Desktop\ds004507\derivatives\labels\sub-004\ses-headDown\anat\sub-004_ses-headDown_T2w_seg-manual.nii.gz","763","7","",54.83946876630278,0.0,-3.033423029782046,0.0,17.714303039423438,0.0,5.860696202605216,0.0,6.14354363166179,0.0,11.445644197442927,0.0,2.743853659153622,0.0,3.1168425434515936,0.0,0.8436995053916435,0.0,1.8366627415261285,0.0,0.9450586698908847,0.0,""
"2026-09-25 17:14:09","git-master-bddc7a050319718b5e4e0856afec0bc9ea96418f","C:\Users\marco\Desktop\ds004507\derivatives\labels\sub-004\ses-headDown\anat\sub-004_ses-headDown_T2w_seg-manual.nii.gz","764","7","",54.868385462674276,0.0,-2.8870263723268987,0.0,17.60074182645826,0.0,6.009120151053367,0.0,6.1662250555565405,0.0,11.315565794921866,0.0,2.775847290050881,0.0,3.233272861002486,0.0,0.8380396190064212,0.0,2.265786537603642,0.0,0.9511424154089388,0.0,""
"2026-09-25 17:14:09","git-master-bddc7a050319718b5e4e0856afec0bc9ea96418f","C:\Users\marco\Desktop\ds004507\derivatives\labels\sub-004\ses-headDown\anat\sub-004_ses-headDown_T2w_seg-manual.nii.gz","765","7","",55.00616550469748,0.0,-2.72246239579699,0.0,17.485798075469017,0.0,6.174561068372287,0.0,6.274713078066836,0.0,11.059378797954837,0.0,2.886571693220066,0.0,3.287989375152222,0.0,0.8234643780433116,0.0,1.7251138568543192,0.0,0.9594372938237388,0.0,""
"2026-09-25 17:14:09","git-master-bddc7a050319718b5e4e0856afec0bc9ea96418f","C:\Users\marco\Desktop\ds004507\derivatives\labels\sub-004\ses-headDown\anat\sub-004_ses-headDown_T2w_seg-manual.nii.gz","766","7","",55.78651007795372,0.0,-2.5459079500089246,0.0,17.37132147354779,0.0,6.247365289332064,0.0,6.320715153556508,0.0,11.165173560292104,0.0,2.9921743315685743,0.0,3.2551909577634905,0.0,0.8243270939453439,0.0,2.4472828427204805,0.0,0.9430137386282289,0.0,""
"2026-09-25 17:14:09","git-master-bddc7a050319718b5e4e0856afec0bc9ea96418f","C:\Users\marco\Desktop\ds004507\derivatives\labels\sub-004\ses-headDown\anat\sub-004_ses-headDown_T2w_seg-manual.nii.gz","767","7","",56.97310334954268,0.0,-2.373502669415181,0.0,17.25983735106996,0.0,6.134817059065597,0.0,6.299774127239348,0.0,11.44848141342794,0.0,2.988485388343506,0.0,3.146331670722091,0.0,0.8346310590871172,0.0,2.430994447173969,0.0,0.9401239387545515,0.0,""
"2026-09-25 17:14:09","git-master-bddc7a050319718b5e4e0856afec0bc9ea96418f","C:\Users\marco\Desktop\ds004507\derivatives\labels\sub-004\ses-headDown\anat\sub-004_ses-headDown_T2w_seg-manual.nii.gz","768","7","",58.468776395779734,0.0,-2.2045593309796447,0.0,17.15085513293796,0.0,6.144994791870876,0.0,6.352791101694927,0.0,11.657094533673346,0.0,3.0150979015581547,0.0,3.129896890312722,0.0,0.838332437406973,0.0,1.9607401635327506,0.0,0.9393828321617125,0.0,""
"2026-09-25 17:14:09","git-master-bddc7a050319718b5e4e0856afec0bc9ea96418f","C:\Users\marco\Desktop\ds004507\derivatives\labels\sub-004\ses-headDown\anat\sub-004_ses-headDown_T2w_seg-manual.nii.gz","769","7","",60.25388867846763,0.0,-2.039080804366499,0.0,17.044380266802683,0.0,6.462689380476981,0.0,6.566262022886644,0.0,11.642598048657721,0.0,3.152930387490985,0.0,3.309758992985996,0.0,0.8257843658904438,0.0,1.144130167185172,0.0,0.9347041280803642,0.0,""
"2026-09-25 17:14:09","git-master-bddc7a050319718b5e4e0856afec0bc9ea96418f","C:\Users\marco\Desktop\ds004507\derivatives\labels\sub-004\ses-headDown\anat\sub-004_ses-headDown_T2w_seg-manual.nii.gz","770","6","",60.37635895436924,0.0,-1.8191844691733405,0.0,16.90352207263427,0.0,6.274198966537903,0.0,6.573744820988378,0.0,11.82535770565135,0.0,3.0311288665087526,0.0,3.2430701000291506,0.0,0.8312475642466853,0.0,2.8640401785374614,0.0,0.9288902570417116,0.0,""
"2026-09-25 17:14:09","git-master-bddc7a050319718b5e4e0856afec0bc9ea96418f","C:\Users\marco\Desktop\ds004507\derivatives\labels\sub-004\ses-headDown\anat\sub-004_ses-headDown_T2w_seg-manual.nii.gz","771","6","",59.14377559026568,0.0,-1.64231175525991,0.0,16.790783539779508,0.0,5.990691844238723,0.0,6.5112611148546495,0.0,11.795757048687996,0.0,2.8944726099765257,0.0,3.096219234262197,0.0,0.8338425907951615,0.0,2.5661307925211667,0.0,0.9382513383152311,0.0,""
"2026-09-25 17:14:09","git-master-bddc7a050319718b5e4e0856afec0bc9ea96418f","C:\Users\marco\Desktop\ds004507\derivatives\labels\sub-004\ses-headDown\anat\sub-004_ses-headDown_T2w_seg-manual.nii.gz","772","6","",60.13090133416386,0.0,-1.4705457205843149,0.0,16.68177688923599,0.0,6.090851125676777,0.0,6.562384675330951,0.0,11.890830973571196,0.0,2.9235381338090476,0.0,3.16731299186773,0.0,0.8339211611384417,0.0,1.44056306331188,0.0,0.9468839990727884,0.0,""
"2026-09-25 17:14:09","git-master-bddc7a050319718b5e4e0856afec0bc9ea96418f","C:\Users\marco\Desktop\ds004507\derivatives\labels\sub-004\ses-headDown\anat\sub-004_ses-headDown_T2w_seg-manual.nii.gz","773","6","",61.98049242541039,0.0,-1.3038911411856358,0.0,16.576514398185985,0.0,6.268980887813845,0.0,6.667479100244688,0.0,12.076428784397253,0.0,2.9482172721086597,0.0,3.3207636157051845,0.0,0.8337725525543069,0.0,1.7625342738758556,0.0,0.9384228825715677,0.0,""
"2026-09-25 17:14:09","git-master-bddc7a050319718b5e4e0856afec0bc9ea96418f","C:\Users\marco\Desktop\ds004507\derivatives\labels\sub-004\ses-headDown\anat\sub-004_ses-headDown_T2w_seg-manual.nii.gz","774","6","",63.1193339201164,0.0,-1.1423523662383872,0.0,16.475007913870634,0.0,6.381745305462844,0.0,6.728647144156873,0.0,12.193659828294193,0.0,3.0099819162999246,0.0,3.3717633891629193,0.0,0.8339667006420799,0.0,2.3376895117973,0.0,0.9289269952610878,0.0,""
"2026-09-25 17:14:09","git-master-bddc7a050319718b5e4e0856afec0bc9ea96418f","C:\Users\marco\Desktop\ds004507\derivatives\labels\sub-004\ses-headDown\anat\sub-004_ses-headDown_T2w_seg-manual.nii.gz","775","6","",63.11763473103924,0.0,-0.985933335430962,0.0,16.377268857604726,0.0,6.409685042871415,0.0,6.714854756726641,0.0,12.174674748385325,0.0,3.134360873729501,0.0,3.275324169141914,0.0,0.8341469678190822,0.0,1.928941649812146,0.0,0.9394826215798936,0.0,""
"2026-09-25 17:14:09","git-master-bddc7a050319718b5e4e0856afec0bc9ea96418f","C:\Users\marco\Desktop\ds004507\derivatives\labels\sub-004\ses-headDown\anat\sub-004_ses-headDown_T2w_seg-manual.nii.gz","776","6","",64.04842266746431,0.0,-0.8346375963440742,0.0,16.28330822879142,0.0,6.418733645305492,0.0,6.76705512107577,0.0,12.258446736752814,0.0,3.1034167262660257,0.0,3.3153169190394665,0.0,0.8338229118170909,0.0,2.68329132634182,0.0,0.9688062387522496,0.0,""
"2026-09-25 17:14:09","git-master-bddc7a050319718b5e4e0856afec0bc9ea96418f","C:\Users\marco\Desktop\ds004507\derivatives\labels\sub-004\ses-headDown\anat\sub-004_ses-headDown_T2w_seg-manual.nii.gz","777","6","",63.19989162328864,0.0,-0.6897509882079886,0.0,16.194087931479427,0.0,6.39286604760859,0.0,6.694289342619635,0.0,12.322180963482795,0.0,2.967394981716207,0.0,3.425471065892382,0.0,0.8395382210141403,0.0,0.6096350761056746,0.0,0.9660436612541272,0.0,""
"2026-09-25 17:14:09","git-master-bddc7a050319718b5e4e0856afec0bc9ea96418f","C:\Users\marco\Desktop\ds004507\derivatives\labels\sub-004\ses-headDown\anat\sub-004_ses-headDown_T2w_seg-manual.nii.gz","778","6","",62.99803267951619,0.0,-0.5499950455100341,0.0,16.10867292428066,0.0,6.370021472752382,0.0,6.700013354797443,0.0,12.26671035569583,0.0,2.9731339761528557,0.0,3.3968874965995264,0.0,0.8376404203087817,0.0,1.9337137325545553,0.0,0.9420104562967152,0.0,""
"2026-09-25 17:14:09","git-master-bddc7a050319718b5e4e0856afec0bc9ea96418f","C:\Users\marco\Desktop\ds004507\derivatives\labels\sub-004\ses-headDown\anat\sub-004_ses-headDown_T2w_seg-manual.nii.gz","779","6","",63.283953438471926,0.0,-0.4153718461325997,0.0,16.027072377365183,0.0,6.388694814266647,0.0,6.695359830549002,0.0,12.266946963752147,0.0,3.088363045549824,0.0,3.3003317687168234,0.0,0.8379009500233052,0.0,2.509526829933143,0.0,0.9419813928893306,0.0,""
"2026-09-25 17:14:09","git-master-bddc7a050319718b5e4e0856afec0bc9ea96418f","C:\Users\marco\Desktop\ds004507\derivatives\labels\sub-004\ses-headDown\anat\sub-004_ses-headDown_T2w_seg-manual.nii.gz","780","6","",63.67534278015781,0.0,-0.2858832026879054,0.0,15.949295069042646,0.0,6.411418301091177,0.0,6.645033331704632,0.0,12.341828378680926,0.0,3.158788030829749,0.0,3.2526302702614283,0.0,0.8426242363200377,0.0,2.2649573691187075,0.0,0.9553609889171653,0.0,""
"2026-09-25 17:14:09","git-master-bddc7a050319718b5e4e0856afec0bc9ea96418f","C:\Users\marco\Desktop\ds004507\derivatives\labels\sub-004\ses-headDown\anat\sub-004_ses-headDown_T2w_seg-manual.nii.gz","781","6","",63.97009178616199,0.0,-0.1615306767705802,0.0,15.875349389194835,0.0,6.440177634242793,0.0,6.596756229932766,0.0,12.394624296679448,0.0,3.130680196766782,0.0,3.3094974374760113,0.0,0.8465399802409578,0.0,2.824946603902607,0.0,0.9555373603383854,0.0,""
"2026-09-25 17:14:09","git-master-bddc7a050319718b5e4e0856afec0bc9ea96418f","C:\Users\marco\Desktop\ds004507\derivatives\labels\sub-004\ses-headDown\anat\sub-004_ses-headDown_T2w_seg-manual.nii.gz","782","6","",64.54991466356785,0.0,-0.04231559321024071,0.0,15.805243342708199,0.0,6.631828123482361,0.0,6.71071462768755,0.0,12.253243083612242,0.0,3.2734651508893124,0.0,3.358362972593049,0.0,0.8366954467473124,0.0,5.13466882727179,0.0,0.9397360703812316,0.0,""
"2026-09-25 17:14:09","git-master-bddc7a050319718b5e4e0856afec0bc9ea96418f","C:\Users\marco\Desktop\ds004507\derivatives\labels\sub-004\ses-headDown\anat\sub-004_ses-headDown_T2w_seg-manual.nii.gz","783","6","",65.76223890199724,0.0,0.07047600332740671,0.0,15.739949233308364,0.0,6.448479642080601,0.0,6.663014726339757,0.0,12.450142166552325,0.0,3.2490413614280245,0.0,3.1994382806525756,0.0,0.844689829322558,0.0,3.4392163867280194,0.0,0.9689223578840515,0.0,""
"2026-09-25 17:14:09","git-master-bddc7a050319718b5e4e0856afec0bc9ea96418f","C:\Users\marco\Desktop\ds004507\derivatives\labels\sub-004\ses-headDown\anat\sub-004_ses-headDown_T2w_seg-manual.nii.gz","784","6","",65.78853347997035,0.0,0.17812783050562928,0.0,15.678513845473951,0.0,6.409403029090954,0.0,6.631144327729956,0.0,12.488778735523466,0.0,3.1946526215707296,0.0,3.2147504075202233,0.0,0.8473905120176022,0.0,2.2607599704534547,0.0,0.9651701324830887,0.0,""
"2026-09-25 17:14:09","git-master-bddc7a050319718b5e4e0856afec0bc9ea96418f","C:\Users\marco\Desktop\ds004507\derivatives\labels\sub-004\ses-headDown\anat\sub-004_ses-headDown_T2w_seg-manual.nii.gz","785","6","",65.85038854396814,0.0,0.28063939245587494,0.0,15.620943508642316,0.0,6.4695923977920335,0.0,6.750179728852748,0.0,12.315060237051092,0.0,3.1407055223059444,0.0,3.3288868754860887,0.0,0.835942122056963,0.0,2.9951585259816413,0.0,0.9569831133455062,0.0,""
"2026-09-25 17:14:09","git-master-bddc7a050319718b5e4e0856afec0bc9ea96418f","C:\Users\marco\Desktop\ds004507\derivatives\labels\sub-004\ses-headDown\anat\sub-004_ses-headDown_T2w_seg-manual.nii.gz","786","6","",66.60944048047543,0.0,0.3780103295051545,0.0,15.56724419144477,0.0,6.684471349189629,0.0,6.911702808253397,0.0,12.155969139672848,0.0,3.2062234743486777,0.0,3.478247874840951,0.0,0.8226210005505911,0.0,3.3436060610648197,0.0,0.9585009464001952,0.0,""
"2026-09-25 17:14:09","git-master-bddc7a050319718b5e4e0856afec0bc9ea96418f","C:\Users\marco\Desktop\ds004507\derivatives\labels\sub-004\ses-headDown\anat\sub-004_ses-headDown_T2w_seg-manual.nii.gz","787","6","",67.73248680124073,0.0,0.47024040731868216,0.0,15.517421504273567,0.0,6.982178019196102,0.0,6.96324245851918,0.0,12.20849096211803,0.0,3.3825756788881627,0.0,3.599602340307939,0.0,0.8213624359071495,0.0,1.6904248859861546,0.0,0.9673367638808121,0.0,""
"2026-09-25 17:14:09","git-master-bddc7a050319718b5e4e0856afec0bc9ea96418f","C:\Users\marco\Desktop\ds004507\derivatives\labels\sub-004\ses-headDown\anat\sub-004_ses-headDown_T2w_seg-manual.nii.gz","788","6","",67.45660102853586,0.0,0.5573295060425161,0.0,15.471480701848934,0.0,6.935850125809791,0.0,6.907716018770746,0.0,12.328542301487033,0.0,3.3172060983355878,0.0,3.6186440274742036,0.0,0.8282878972472941,0.0,1.4808588558719165,0.0,0.9624147438688144,0.0,""
"2026-09-25 17:14:09","git-master-bddc7a050319718b5e4e0856afec0bc9ea96418f","C:\Users\marco\Desktop\ds004507\derivatives\labels\sub-004\ses-headDown\anat\sub-004_ses-headDown_T2w_seg-manual.nii.gz","789","6","",67.46976270590848,0.0,0.6379924165334473,0.0,15.43040013588305,0.0,6.788523526454949,0.0,6.879647245873445,0.0,12.426802111819788,0.0,3.164690383460796,0.0,3.6238331429941533,0.0,0.8327588585735184,0.0,0.21147461880226115,0.0,0.9565838645158167,0.0,""
"2026-09-25 17:14:09","git-master-bddc7a050319718b5e4e0856afec0bc9ea96418f","C:\Users\marco\Desktop\ds004507\derivatives\labels\sub-004\ses-headDown\anat\sub-004_ses-headDown_T2w_seg-manual.nii.gz","790","6","",67.4820350545602,0.0,0.7135145553834481,0.0,15.393213370276692,0.0,6.7017177549799,0.0,6.865296185684903,0.0,12.435600360031806,0.0,3.18395835550632,0.0,3.5177593994735803,0.0,0.8337991776905516,0.0,0.6932751592848898,0.0,0.9521937715203446,0.0,""
"2026-09-25 17:14:09","git-master-bddc7a050319718b5e4e0856afec0bc9ea96418f","C:\Users\marco\Desktop\ds004507\derivatives\labels\sub-004\ses-headDown\anat\sub-004_ses-headDown_T2w_seg-manual.nii.gz","791","6","",68.01712195748446,0.0,0.7838961433281714,0.0,15.359924099349081,0.0,6.834189248739739,0.0,6.9801174285202805,0.0,12.300768736058432,0.0,3.2754796161604256,0.0,3.5587096325793137,0.0,0.8230718744793847,0.0,0.29239794095801397,0.0,0.962420335256973,0.0,""
"2026-09-25 17:14:09","git-master-bddc7a050319718b5e4e0856afec0bc9ea96418f","C:\Users\marco\Desktop\ds004507\derivatives\labels\sub-004\ses-headDown\anat\sub-004_ses-headDown_T2w_seg-manual.nii.gz","792","6","",68.90049163313692,0.0,0.8491374426499513,0.0,15.330535678162839,0.0,6.952325269282515,0.0,7.040561870270524,0.0,12.341317032200482,0.0,3.3130137103077666,0.0,3.6393115589747476,0.0,0.820791084005065,0.0,-0.4195209904761552,0.0,0.9703298328025954,0.0,""
"2026-09-25 17:14:09","git-master-bddc7a050319718b5e4e0856afec0bc9ea96418f","C:\Users\marco\Desktop\ds004507\derivatives\labels\sub-004\ses-headDown\anat\sub-004_ses-headDown_T2w_seg-manual.nii.gz","793","6","",69.31650971524664,0.0,0.9092387498089323,0.0,15.305051124030623,0.0,6.83019527100073,0.0,6.900684156853492,0.0,12.662575252175122,0.0,3.26150541401414,0.0,3.5686898569865897,0.0,0.8384582301721407,0.0,-0.28090438886866137,0.0,0.9607751966814784,0.0,""
"2026-09-25 17:14:09","git-master-bddc7a050319718b5e4e0856afec0bc9ea96418f","C:\Users\marco\Desktop\ds004507\derivatives\labels\sub-004\ses-headDown\anat\sub-004_ses-headDown_T2w_seg-manual.nii.gz","794","6","",67.86557233262707,0.0,0.9642003880741999,0.0,15.283473118021778,0.0,6.64960226978284,0.0,6.788750128665062,0.0,12.569335720166773,0.0,3.2949800225112362,0.0,3.354622247271604,0.0,0.8415981993801067,0.0,-0.15579118924098992,0.0,0.9522922636103152,0.0,""
"2026-09-25 17:14:09","git-master-bddc7a050319718b5e4e0856afec0bc9ea96418f","C:\Users\marco\Desktop\ds004507\derivatives\labels\sub-004\ses-headDown\anat\sub-004_ses-headDown_T2w_seg-manual.nii.gz","795","6","",68.45337352637203,0.0,1.0127380126827967,0.0,15.266781931401905,0.0,6.770612630446497,0.0,6.81855801536061,0.0,12.65381818274331,0.0,3.339376823223349,0.0,3.431235807223147,0.0,0.8423979732372373,0.0,0.7418676303835495,0.0,0.9494765024918311,0.0,""
"2026-09-25 17:14:09","git-master-bddc7a050319718b5e4e0856afec0bc9ea96418f","C:\Users\marco\Desktop\ds004507\derivatives\labels\sub-004\ses-headDown\anat\sub-004_ses-headDown_T2w_seg-manual.nii.gz","796","6","",68.34029698327024,0.0,1.0561368874022037,0.0,15.25400244449935,0.0,6.762156687403184,0.0,6.881295233655093,0.0,12.572563168866921,0.0,3.2066297670603476,0.0,3.5555269203428366,0.0,0.8368643347389606,0.0,0.7782852339632853,0.0,0.9449322325633144,0.0,""
"2026-09-25 17:14:09","git-master-bddc7a050319718b5e4e0856afec0bc9ea96418f","C:\Users\marco\Desktop\ds004507\derivatives\labels\sub-004\ses-headDown\anat\sub-004_ses-headDown_T2w_seg-manual.nii.gz","797","6","",68.05102375230084,0.0,1.0943973445026072,0.0,15.245135845521446,0.0,6.806056236872063,0.0,6.872714871230847,0.0,12.537668364105276,0.0,3.1974982438665336,0.0,3.608557993005529,0.0,0.8363564801022183,0.0,-0.29635785157694905,0.0,0.9468607352672422,0.0,""
"2026-09-25 17:14:09","git-master-bddc7a050319718b5e4e0856afec0bc9ea96418f","C:\Users\marco\Desktop\ds004507\derivatives\labels\sub-004\ses-headDown\anat\sub-004_ses-headDown_T2w_seg-manual.nii.gz","798","6","",67.77143603125073,0.0,1.1275196981090418,0.0,15.240182993863316,0.0,6.71722265150203,0.0,6.7668712946014224,0.0,12.640886333451588,0.0,3.1926164607396323,0.0,3.524606190762398,0.0,0.8444317604781659,0.0,-0.6665644225808876,0.0,0.9571552139324944,0.0,""
"2026-09-25 17:14:09","git-master-bddc7a050319718b5e4e0856afec0bc9ea96418f","C:\Users\marco\Desktop\ds004507\derivatives\labels\sub-004\ses-headDown\anat\sub-004_ses-headDown_T2w_seg-manual.nii.gz","799","6","",67.55476766999904,0.0,1.1561269322792362,0.0,15.238229146530575,0.0,6.441549068585117,0.0,6.636564757153205,0.0,12.8109857697535,0.0,3.0651854243133037,0.0,3.3763636442718137,0.0,0.8553532101441033,0.0,0.8310476606623074,0.0,0.9629600963050443,0.0,""
"2026-09-25 17:14:09","git-master-bddc7a050319718b5e4e0856afec0bc9ea96418f","C:\Users\marco\Desktop\ds004507\derivatives\labels\sub-004\ses-headDown\anat\sub-004_ses-headDown_T2w_seg-manual.nii.gz","800","6","",67.52775467380167,0.0,1.1820873890814585,0.0,15.236528684562067,0.0,6.55380257826987,0.0,6.6737860071870365,0.0,12.771112742141966,0.0,3.093664923039641,0.0,3.460137655230229,0.0,0.8525970746954042,0.0,1.9903137332412741,0.0,0.9282303370786517,0.0,""
"2026-09-25 17:14:09","git-master-bddc7a050319718b5e4e0856afec0bc9ea96418f","C:\Users\marco\Desktop\ds004507\derivatives\labels\sub-004\ses-headDown\anat\sub-004_ses-headDown_T2w_seg-manual.nii.gz","801","5","",68.92827902283383,0.0,1.213006083561134,0.0,15.229376213448004,0.0,6.831731185176254,0.0,6.8655284399208485,0.0,12.630388671263727,0.0,3.2264859714073424,0.0,3.6052452137689124,0.0,0.8393624002932109,0.0,0.9269025424451716,0.0,0.955040294076064,0.0,""
"2026-09-25 17:14:09","git-master-bddc7a050319718b5e4e0856afec0bc9ea96418f","C:\Users\marco\Desktop\ds004507\derivatives\labels\sub-004\ses-headDown\anat\sub-004_ses-headDown_T2w_seg-manual.nii.gz","802","5","",70.04351804590131,0.0,1.2379375149174352,0.0,15.219410551424806,0.0,6.589356824760758,0.0,6.790402749832902,0.0,13.019851305494418,0.0,3.1603899109371842,0.0,3.4289669138235737,0.0,0.8530430515715834,0.0,1.5560905341034936,0.0,0.9299839939640541,0.0,""
"2026-09-25 17:14:09","git-master-bddc7a050319718b5e4e0856afec0bc9ea96418f","C:\Users\marco\Desktop\ds004507\derivatives\labels\sub-004\ses-headDown\anat\sub-004_ses-headDown_T2w_seg-manual.nii.gz","803","5","",70.32355753278081,0.0,1.2627227853973608,0.0,15.206248173852066,0.0,6.626697908564503,0.0,6.7750753884211194,0.0,13.09951775688794,0.0,3.191064948242636,0.0,3.4356329603218674,0.0,0.8558640418012925,0.0,2.3430806586661133,0.0,0.9369247400483403,0.0,""
"2026-09-25 17:14:09","git-master-bddc7a050319718b5e4e0856afec0bc9ea96418f","C:\Users\marco\Desktop\ds004507\derivatives\labels\sub-004\ses-headDown\anat\sub-004_ses-headDown_T2w_seg-manual.nii.gz","804","5","",71.7181162336969,0.0,1.2873618946330527,0.0,15.18988797515741,0.0,6.822520279505825,0.0,6.897300025393619,0.0,13.097160832465034,0.0,3.317060490423593,0.0,3.5054597890822317,0.0,0.8500128289933316,0.0,2.495024676692441,0.0,0.952526137953484,0.0,""
"2026-09-25 17:14:09","git-master-bddc7a050319718b5e4e0856afec0bc9ea96418f","C:\Users\marco\Desktop\ds004507\derivatives\labels\sub-004\ses-headDown\anat\sub-004_ses-headDown_T2w_seg-manual.nii.gz","805","5","",74.2750965940134,0.0,1.3118548424213639,0.0,15.170328665275983,0.0,7.02609742997924,0.0,7.137635677214371,0.0,13.1303543852556,0.0,3.4177106558689885,0.0,3.6083867741102513,0.0,0.8392969991052368,0.0,2.5963279366454315,0.0,0.9548511864566981,0.0,""
"2026-09-25 17:14:09","git-master-bddc7a050319718b5e4e0856afec0bc9ea96418f","C:\Users\marco\Desktop\ds004507\derivatives\labels\sub-004\ses-headDown\anat\sub-004_ses-headDown_T2w_seg-manual.nii.gz","806","5","",76.5129223954432,0.0,1.3362016287229128,0.0,15.147568769913487,0.0,7.077095514819442,0.0,7.38440198499555,0.0,13.206016802667127,0.0,3.3320233416351477,0.0,3.745072173184294,0.0,0.829054188001162,0.0,3.6681931664861285,0.0,0.932969571467059,0.0,""
"2026-09-25 17:14:09","git-master-bddc7a050319718b5e4e0856afec0bc9ea96418f","C:\Users\marco\Desktop\ds004507\derivatives\labels\sub-004\ses-headDown\anat\sub-004_ses-headDown_T2w_seg-manual.nii.gz","807","5","",75.12733870537363,0.0,1.3603730215520287,0.0,15.120965472814923,0.0,6.813451182870524,0.0,7.287513758340757,0.0,13.084058082712923,0.0,3.2287323628159283,0.0,3.5847188200545945,0.0,0.8305297827350236,0.0,1.9617235146696475,0.0,0.9573507355351196,0.0,""
"2026-09-25 17:14:09","git-master-bddc7a050319718b5e4e0856afec0bc9ea96418f","C:\Users\marco\Desktop\ds004507\derivatives\labels\sub-004\ses-headDown\anat\sub-004_ses-headDown_T2w_seg-manual.nii.gz","808","5","",75.16405937547107,0.0,1.3843836377811198,0.0,15.09083580741933,0.0,6.932999063675227,0.0,7.285089916463892,0.0,13.02469511801738,0.0,3.381080419645874,0.0,3.551918644029352,0.0,0.8289402684617058,0.0,1.2840461064532618,0.0,0.9720396785030014,0.0,""
"2026-09-25 17:14:09","git-master-bddc7a050319718b5e4e0856afec0bc9ea96418f","C:\Users\marco\Desktop\ds004507\derivatives\labels\sub-004\ses-headDown\anat\sub-004_ses-headDown_T2w_seg-manual.nii.gz","809","5","",75.28531810391681,0.0,1.4082480943168962,0.0,15.05749762779774,0.0,7.006914224546535,0.0,7.239965422439953,0.0,13.116608998379782,0.0,3.418169165410108,0.0,3.588745059136427,0.0,0.8337544044865686,0.0,1.8678155788407496,0.0,0.9715732157456837,0.0,""
"2026-09-25 17:14:09","git-master-bddc7a050319718b5e4e0856afec0bc9ea96418f","C:\Users\marco\Desktop\ds004507\derivatives\labels\sub-004\ses-headDown\anat\sub-004_ses-headDown_T2w_seg-manual.nii.gz","810","5","",75.50695779086837,0.0,1.431966392092212,0.0,15.020948326186451,0.0,7.003445068391009,0.0,7.230583129813675,0.0,13.216317144952015,0.0,3.3421503733261653,0.0,3.661294695064844,0.0,0.8370421711582983,0.0,1.9680250405235165,0.0,0.9581873022735342,0.0,""
"2026-09-25 17:14:09","git-master-bddc7a050319718b5e4e0856afec0bc9ea96418f","C:\Users\marco\Desktop\ds004507\derivatives\labels\sub-004\ses-headDown\anat\sub-004_ses-headDown_T2w_seg-manual.nii.gz","811","5","",75.98007282092874,0.0,1.455538532187858,0.0,14.981185117041322,0.0,7.008904368130771,0.0,7.3348384636106365,0.0,13.17728851320335,0.0,3.2740238992826924,0.0,3.7348804688480777,0.0,0.8307359884548844,0.0,0.6327370150784842,0.0,0.9418298644209037,0.0,""
"2026-09-25 17:14:09","git-master-bddc7a050319718b5e4e0856afec0bc9ea96418f","C:\Users\marco\Desktop\ds004507\derivatives\labels\sub-004\ses-headDown\anat\sub-004_ses-headDown_T2w_seg-manual.nii.gz","812","5","",75.99560476398511,0.0,1.4789499004241717,0.0,14.937882830023502,0.0,7.1102799927434654,0.0,7.420251398849147,0.0,13.076044950603269,0.0,3.3550862610151855,0.0,3.755193731728279,0.0,0.8233803201429255,0.0,1.5667065043533883,0.0,0.949157698377727,0.0,""
"2026-09-25 17:14:09","git-master-bddc7a050319718b5e4e0856afec0bc9ea96418f","C:\Users\marco\Desktop\ds004507\derivatives\labels\sub-004\ses-headDown\anat\sub-004_ses-headDown_T2w_seg-manual.nii.gz","813","5","",75.77492287789417,0.0,1.5021858837708648,0.0,14.890714053464414,0.0,7.039667989012064,0.0,7.416996268903547,0.0,13.062279876076808,0.0,3.403154674122684,0.0,3.6365133148893793,0.0,0.8231541797599466,0.0,1.413616364149986,0.0,0.9770956988089254,0.0,""
"2026-09-25 17:14:09","git-master-bddc7a050319718b5e4e0856afec0bc9ea96418f","C:\Users\marco\Desktop\ds004507\derivatives\labels\sub-004\ses-headDown\anat\sub-004_ses-headDown_T2w_seg-manual.nii.gz","814","5","",76.68089989175381,0.0,1.5252757153002932,0.0,14.840318557592557,0.0,7.015005648749391,0.0,7.382058534548703,0.0,13.248035671471541,0.0,3.3163794325195193,0.0,3.6986262162298713,0.0,0.8302166401700609,0.0,1.7639705909729237,0.0,0.966294887186187,0.0,""
"2026-09-25 17:14:09","git-master-bddc7a050319718b5e4e0856afec0bc9ea96418f","C:\Users\marco\Desktop\ds004507\derivatives\labels\sub-004\ses-headDown\anat\sub-004_ses-headDown_T2w_seg-manual.nii.gz","815","5","",77.32095045957182,0.0,1.5482193969711657,0.0,14.786692476332142,0.0,7.078913854683232,0.0,7.3958789399188,0.0,13.311809510416255,0.0,3.2392310745264874,0.0,3.839682780156744,0.0,0.8313555620802502,0.0,1.9937599230115195,0.0,0.9510311533116002,0.0,""
"2026-09-25 17:14:09","git-master-bddc7a050319718b5e4e0856afec0bc9ea96418f","C:\Users\marco\Desktop\ds004507\derivatives\labels\sub-004\ses-headDown\anat\sub-004_ses-headDown_T2w_seg-manual.nii.gz","816","5","",77.12246117231817,0.0,1.5710169308748245,0.0,14.729831776927119,0.0,7.195907730173914,0.0,7.465960700409041,0.0,13.167763226251475,0.0,3.2848201723567154,0.0,3.911087557817199,0.0,0.8237227914621671,0.0,1.5627341485346284,0.0,0.9529732902167525,0.0,""
"2026-09-25 17:14:09","git-master-bddc7a050319718b5e4e0856afec0bc9ea96418f","C:\Users\marco\Desktop\ds004507\derivatives\labels\sub-004\ses-headDown\anat\sub-004_ses-headDown_T2w_seg-manual.nii.gz","817","5","",77.14433168300997,0.0,1.593668319234358,0.0,14.66973226072224,0.0,7.24960387658741,0.0,7.4919763869766784,0.0,13.13760857752252,0.0,3.4737853501402727,0.0,3.7758185264471376,0.0,0.8214577236840568,0.0,0.4245779644958656,0.0,0.9596996245306634,0.0,""
"2026-09-25 17:14:09","git-master-bddc7a050319718b5e4e0856afec0bc9ea96418f","C:\Users\marco\Desktop\ds004507\derivatives\labels\sub-004\ses-headDown\anat\sub-004_ses-headDown_T2w_seg-manual.nii.gz","818","5","",75.76947344507668,0.0,1.616129722931869,0.0,14.605413957081513,0.0,7.064369859460075,0.0,7.391529326292421,0.0,13.114076006873214,0.0,3.416467648288969,0.0,3.647902211171106,0.0,0.826017968571498,0.0,0.3985163591908759,0.0,0.9708262234022248,0.0,""
"2026-09-25 17:14:09","git-master-bddc7a050319718b5e4e0856afec0bc9ea96418f","C:\Users\marco\Desktop\ds004507\derivatives\labels\sub-004\ses-headDown\anat\sub-004_ses-headDown_T2w_seg-manual.nii.gz","819","5","",74.59322475916983,0.0,1.6384449883899428,0.0,14.537843631058406,0.0,7.014871595386931,0.0,7.328629791376252,0.0,13.115241155443309,0.0,3.2996480191665643,0.0,3.7152235762203674,0.0,0.8293045893382007,0.0,1.1854751636600462,0.0,0.9698640442969971,0.0,""
"2026-09-25 17:14:09","git-master-bddc7a050319718b5e4e0856afec0bc9ea96418f","C:\Users\marco\Desktop\ds004507\derivatives\labels\sub-004\ses-headDown\anat\sub-004_ses-headDown_T2w_seg-manual.nii.gz","820","5","",74.11319986990954,0.0,1.6606141184866166,0.0,14.467016250879004,0.0,6.960384084767713,0.0,7.293841952252591,0.0,13.16187410290947,0.0,3.2070697802822736,0.0,3.7533143044854396,0.0,0.8323922717786438,0.0,1.9809628348424788,0.0,0.9561902369061812,0.0,""
"2026-09-25 17:14:09","git-master-bddc7a050319718b5e4e0856afec0bc9ea96418f","C:\Users\marco\Desktop\ds004507\derivatives\labels\sub-004\ses-headDown\anat\sub-004_ses-headDown_T2w_seg-manual.nii.gz","821","5","",74.36933968919486,0.0,1.682637116217784,0.0,14.392926634290792,0.0,6.878258930737733,0.0,7.305205770656118,0.0,13.205281897111039,0.0,3.157907242302666,0.0,3.720351688435067,0.0,0.8330269512863696,0.0,2.2178661897528835,0.0,0.942446220176696,0.0,""
"2026-09-25 17:14:09","git-master-bddc7a050319718b5e4e0856afec0bc9ea96418f","C:\Users\marco\Desktop\ds004507\derivatives\labels\sub-004\ses-headDown\anat\sub-004_ses-headDown_T2w_seg-manual.nii.gz","822","5","",74.98725393763043,0.0,1.7045139846963453,0.0,14.315569449719433,0.0,6.840955712295432,0.0,7.382003175747613,0.0,13.168556505743256,0.0,3.146258812653648,0.0,3.6946968996417833,0.0,0.8281011427162883,0.0,1.6900711739036585,0.0,0.9469572751488786,0.0,""
"2026-09-25 17:14:09","git-master-bddc7a050319718b5e4e0856afec0bc9ea96418f","C:\Users\marco\Desktop\ds004507\derivatives\labels\sub-004\ses-headDown\anat\sub-004_ses-headDown_T2w_seg-manual.nii.gz","823","5","",74.80370432346038,0.0,1.726215503139423,0.0,14.23428262016876,0.0,7.029872730296149,0.0,7.387806720154481,0.0,13.13809406384434,0.0,3.386684170538162,0.0,3.6431885597579865,0.0,0.8269191454550123,0.0,1.6203700329298907,0.0,0.9621721037432457,0.0,""
"2026-09-25 17:14:09","git-master-bddc7a050319718b5e4e0856afec0bc9ea96418f","C:\Users\marco\Desktop\ds004507\derivatives\labels\sub-004\ses-headDown\anat\sub-004_ses-headDown_T2w_seg-manual.nii.gz","824","5","",74.08311450898529,0.0,1.7477562895169532,0.0,14.149384506604797,0.0,7.03654225369952,0.0,7.263333766526502,0.0,13.149670781762374,0.0,3.380044787923868,0.0,3.656497465775651,0.0,0.8335616023938723,0.0,0.6773894539917307,0.0,0.9586982961004956,0.0,""
"2026-09-25 17:14:09","git-master-bddc7a050319718b5e4e0856afec0bc9ea96418f","C:\Users\marco\Desktop\ds004507\derivatives\labels\sub-004\ses-headDown\anat\sub-004_ses-headDown_T2w_seg-manual.nii.gz","825","5","",74.3038624172732,0.0,1.7691509600263726,0.0,14.061196511307289,0.0,7.103525655377493,0.0,7.351037597264127,0.0,13.01784333787773,0.0,3.406940108488118,0.0,3.696585546889375,0.0,0.8249159734825265,0.0,1.1104819168974767,0.0,0.9499949754528327,0.0,""
"2026-09-25 17:14:09","git-master-bddc7a050319718b5e4e0856afec0bc9ea96418f","C:\Users\marco\Desktop\ds004507\derivatives\labels\sub-004\ses-headDown\anat\sub-004_ses-headDown_T2w_seg-manual.nii.gz","826","5","",74.64016876729985,0.0,1.7903995184657693,0.0,13.969712437581839,0.0,7.110205472814576,0.0,7.4708005778902455,0.0,12.90978774373428,0.0,3.4405749693954526,0.0,3.669630503419123,0.0,0.8155108894999122,0.0,2.1022848697232766,0.0,0.9481368256927545,0.0,""
"2026-09-25 17:14:09","git-master-bddc7a050319718b5e4e0856afec0bc9ea96418f","C:\Users\marco\Desktop\ds004507\derivatives\labels\sub-004\ses-headDown\anat\sub-004_ses-headDown_T2w_seg-manual.nii.gz","827","5","",74.32714822056568,0.0,1.8115019687360272,0.0,13.874925961763203,0.0,6.969373462652138,0.0,7.428780691342889,0.0,12.977085090825872,0.0,3.418691924151716,0.0,3.550681538500422,0.0,0.8199295764126961,0.0,2.287681208020992,0.0,0.9565706216204397,0.0,""
"2026-09-25 17:14:09","git-master-bddc7a050319718b5e4e0856afec0bc9ea96418f","C:\Users\marco\Desktop\ds004507\derivatives\labels\sub-004\ses-headDown\anat\sub-004_ses-headDown_T2w_seg-manual.nii.gz","828","5","",75.14031312984727,0.0,1.8324437050831575,0.0,13.77649869907673,0.0,7.061871767119849,0.0,7.5120833283683535,0.0,12.96886928725601,0.0,3.4636580480387402,0.0,3.59821371908111,0.0,0.815153281501063,0.0,1.5628700232237316,0.0,0.951298929730176,0.0,""
"2026-09-25 17:14:09","git-master-bddc7a050319718b5e4e0856afec0bc9ea96418f","C:\Users\marco\Desktop\ds004507\derivatives\labels\sub-004\ses-headDown\anat\sub-004_ses-headDown_T2w_seg-manual.nii.gz","829","5","",75.63899126556252,0.0,1.8532101243482135,0.0,13.67408820984694,0.0,7.069440187007716,0.0,7.48954320869845,0.0,13.047956000079347,0.0,3.3461360740690274,0.0,3.723304112938689,0.0,0.8188361404038449,0.0,3.2147336913627114,0.0,0.9392200277999964,0.0,""
"2026-09-25 17:14:09","git-master-bddc7a050319718b5e4e0856afec0bc9ea96418f","C:\Users\marco\Desktop\ds004507\derivatives\labels\sub-004\ses-headDown\anat\sub-004_ses-headDown_T2w_seg-manual.nii.gz","830","5","",76.77770866024314,0.0,1.8738304516561828,0.0,13.568349521432221,0.0,7.147717056944809,0.0,7.551580163777001,0.0,13.094245839661347,0.0,3.354223916470828,0.0,3.793493140473981,0.0,0.8169377494122696,0.0,2.3085009988828906,0.0,0.9398952902321754,0.0,""
"2026-09-25 17:14:09","git-master-bddc7a050319718b5e4e0856afec0bc9ea96418f","C:\Users\marco\Desktop\ds004507\derivatives\labels\sub-004\ses-headDown\anat\sub-004_ses-headDown_T2w_seg-manual.nii.gz","831","5","",77.83196938963658,0.0,1.8943046915086494,0.0,13.459275599783172,0.0,7.286115009975101,0.0,7.562065790193572,0.0,13.195194816918358,0.0,3.4175316855206805,0.0,3.8685833244544208,0.0,0.8193604676119212,0.0,1.635869532822865,0.0,0.9459273361703913,0.0,""
"2026-09-25 17:14:09","git-master-bddc7a050319718b5e4e0856afec0bc9ea96418f","C:\Users\marco\Desktop\ds004507\derivatives\labels\sub-004\ses-headDown\anat\sub-004_ses-headDown_T2w_seg-manual.nii.gz","832","5","",78.1843561647868,0.0,1.9146328484963155,0.0,13.3468593127783,0.0,7.328367142206563,0.0,7.455290253112404,0.0,13.371134970515993,0.0,3.4316594596233356,0.0,3.896707682583228,0.0,0.8300545261346839,0.0,2.2860926488067657,0.0,0.9546385245531227,0.0,""
"2026-09-25 17:14:09","git-master-bddc7a050319718b5e4e0856afec0bc9ea96418f","C:\Users\marco\Desktop\ds004507\derivatives\labels\sub-004\ses-headDown\anat\sub-004_ses-headDown_T2w_seg-manual.nii.gz","833","5","",77.67714282306326,0.0,1.9348149272982096,0.0,13.231093432109116,0.0,6.950773828392119,0.0,7.3195490001098,0.0,13.515222008467113,0.0,3.3076167798633707,0.0,3.643157048528749,0.0,0.8406504041507641,0.0,1.673661284034218,0.0,0.9744729489458979,0.0,""
"2026-09-25 17:14:09","git-master-bddc7a050319718b5e4e0856afec0bc9ea96418f","C:\Users\marco\Desktop\ds004507\derivatives\labels\sub-004\ses-headDown\anat\sub-004_ses-headDown_T2w_seg-manual.nii.gz","834","4","",77.37072590109489,0.0,1.9594729185162894,0.0,13.086870145388463,0.0,7.070256091459311,0.0,7.2697341741516075,0.0,13.456994864175071,0.0,3.2734582157343213,0.0,3.7967978757249896,0.0,0.8415239984369836,0.0,0.6339840079002242,0.0,0.9711612407075109,0.0,""
"2026-09-25 17:14:09","git-master-bddc7a050319718b5e4e0856afec0bc9ea96418f","C:\Users\marco\Desktop\ds004507\derivatives\labels\sub-004\ses-headDown\anat\sub-004_ses-headDown_T2w_seg-manual.nii.gz","835","4","",77.86984998223583,0.0,1.9765067586118328,0.0,12.988028948547294,0.0,7.083885716486636,0.0,7.366710928676161,0.0,13.529453338382302,0.0,3.1786383478897196,0.0,3.905247368596916,0.0,0.8387642642208928,0.0,1.5283715094904657,0.0,0.9526834649203862,0.0,""
"2026-09-25 17:14:09","git-master-bddc7a050319718b5e4e0856afec0bc9ea96418f","C:\Users\marco\Desktop\ds004507\derivatives\labels\sub-004\ses-headDown\anat\sub-004_ses-headDown_T2w_seg-manual.nii.gz","836","4","",77.96930201411556,0.0,1.993490331289966,0.0,12.88992684873513,0.0,7.26707216062091,0.0,7.480384792507427,0.0,13.36894427720551,0.0,3.3001424871698615,0.0,3.9669296734510486,0.0,0.8283486506980737,0.0,1.4819360698624608,0.0,0.9544933405980419,0.0,""
"2026-09-25 17:14:09","git-master-bddc7a050319718b5e4e0856afec0bc9ea96418f","C:\Users\marco\Desktop\ds004507\derivatives\labels\sub-004\ses-headDown\anat\sub-004_ses-headDown_T2w_seg-manual.nii.gz","837","4","",77.72515046326555,0.0,2.0104236367697728,0.0,12.792564542126987,0.0,7.52630952114845,0.0,7.586079429072009,0.0,13.067303585431393,0.0,3.543818334767664,0.0,3.9824911863807864,0.0,0.8142298968329025,0.0,0.7257201857741278,0.0,0.9698892848124815,0.0,""
"2026-09-25 17:14:09","git-master-bddc7a050319718b5e4e0856afec0bc9ea96418f","C:\Users\marco\Desktop\ds004507\derivatives\labels\sub-004\ses-headDown\anat\sub-004_ses-headDown_T2w_seg-manual.nii.gz","838","4","",77.2641115895694,0.0,2.0272779522002597,0.0,12.696368778990752,0.0,7.366283358467514,0.0,7.537052578723186,0.0,13.073034354108662,0.0,3.436981716595265,0.0,3.9293016418722484,0.0,0.8170672278911533,0.0,0.18537989409138078,0.0,0.9680208827138875,0.0,""
"2026-09-25 17:14:09","git-master-bddc7a050319718b5e4e0856afec0bc9ea96418f","C:\Users\marco\Desktop\ds004507\derivatives\labels\sub-004\ses-headDown\anat\sub-004_ses-headDown_T2w_seg-manual.nii.gz","839","4","",76.65072644501598,0.0,2.044071231209829,0.0,12.601078279328323,0.0,7.207090612831205,0.0,7.500075595896303,0.0,13.090206352782506,0.0,3.376917406560683,0.0,3.8301732062705223,0.0,0.8195806280211351,0.0,0.14428207224630624,0.0,0.9728938664450034,0.0,""
"2026-09-25 17:14:09","git-master-bddc7a050319718b5e4e0856afec0bc9ea96418f","C:\Users\marco\Desktop\ds004507\derivatives\labels\sub-004\ses-headDown\anat\sub-004_ses-headDown_T2w_seg-manual.nii.gz","840","4","",76.1367808248161,0.0,2.060814245441833,0.0,12.506534611985085,0.0,7.087101945365208,0.0,7.457975515309987,0.0,13.15079513162613,0.0,3.338933968498336,0.0,3.7481679768668714,0.0,0.8235579275252293,0.0,0.3477495871276697,0.0,0.9778028463290951,0.0,""
"2026-09-25 17:14:09","git-master-bddc7a050319718b5e4e0856afec0bc9ea96418f","C:\Users\marco\Desktop\ds004507\derivatives\labels\sub-004\ses-headDown\anat\sub-004_ses-headDown_T2w_seg-manual.nii.gz","841","4","",76.16475284713083,0.0,2.077489044113305,0.0,12.41300689357401,0.0,7.090017570626922,0.0,7.381695626491991,0.0,13.331820704934062,0.0,3.3011733815152438,0.0,3.7888441891116784,0.0,0.8326536289796682,0.0,0.5817048309042603,0.0,0.972779827304317,0.0,""
"2026-09-25 17:14:09","git-master-bddc7a050319718b5e4e0856afec0bc9ea96418f","C:\Users\marco\Desktop\ds004507\derivatives\labels\sub-004\ses-headDown\anat\sub-004_ses-headDown_T2w_seg-manual.nii.gz","842","4","",78.20432965760435,0.0,2.0940920387494733,0.0,12.32055288315415,0.0,7.230417165708717,0.0,7.560757138966112,0.0,13.438156427588774,0.0,3.279799479744828,0.0,3.9506176859638895,0.0,0.8266451734777971,0.0,0.04699816956287084,0.0,0.9588565527826117,0.0,""
"2026-09-25 17:14:09","git-master-bddc7a050319718b5e4e0856afec0bc9ea96418f","C:\Users\marco\Desktop\ds004507\derivatives\labels\sub-004\ses-headDown\anat\sub-004_ses-headDown_T2w_seg-manual.nii.gz","843","4","",79.86104648090163,0.0,2.110644771430733,0.0,12.228852346521766,0.0,7.372832272857765,0.0,7.7229002397336055,0.0,13.461368126678853,0.0,3.3427869903713954,0.0,4.03004528248637,0.0,0.8190398423035461,0.0,-0.2633830624801498,0.0,0.9519859810569448,0.0,""
"2026-09-25 17:14:09","git-master-bddc7a050319718b5e4e0856afec0bc9ea96418f","C:\Users\marco\Desktop\ds004507\derivatives\labels\sub-004\ses-headDown\anat\sub-004_ses-headDown_T2w_seg-manual.nii.gz","844","4","",79.94307675448174,0.0,2.127140062430066,0.0,12.138014115293242,0.0,7.457726525984114,0.0,7.741481096892825,0.0,13.369999273055456,0.0,3.548467374053632,0.0,3.9092591519304816,0.0,0.8153085796923134,0.0,0.16666398205969873,0.0,0.9616092167450916,0.0,""
"2026-09-25 17:14:09","git-master-bddc7a050319718b5e4e0856afec0bc9ea96418f","C:\Users\marco\Desktop\ds004507\derivatives\labels\sub-004\ses-headDown\anat\sub-004_ses-headDown_T2w_seg-manual.nii.gz","845","4","",79.1070444766557,0.0,2.143552783364392,0.0,12.048420118461017,0.0,7.243964655229577,0.0,7.554740023677401,0.0,13.446897340824489,0.0,3.5272788095455705,0.0,3.716685845684007,0.0,0.8270620354090988,0.0,-0.5939051415982761,0.0,0.9681312998195981,0.0,""
"2026-09-25 17:14:09","git-master-bddc7a050319718b5e4e0856afec0bc9ea96418f","C:\Users\marco\Desktop\ds004507\derivatives\labels\sub-004\ses-headDown\anat\sub-004_ses-headDown_T2w_seg-manual.nii.gz","846","4","",78.76157643834792,0.0,2.1599152455532544,0.0,11.959585851926091,0.0,7.120025084009401,0.0,7.439425156874747,0.0,13.597514708712152,0.0,3.4860178458686875,0.0,3.634007238140714,0.0,0.8369706415328999,0.0,-0.821466648322835,0.0,0.9682094993318242,0.0,""
"2026-09-25 17:14:09","git-master-bddc7a050319718b5e4e0856afec0bc9ea96418f","C:\Users\marco\Desktop\ds004507\derivatives\labels\sub-004\ses-headDown\anat\sub-004_ses-headDown_T2w_seg-manual.nii.gz","847","4","",78.9822309925161,0.0,2.1762274493256264,0.0,11.871511902793394,0.0,7.12148562661474,0.0,7.419083257027784,0.0,13.801594692417995,0.0,3.444307603187423,0.0,3.677178023427317,0.0,0.8432302260312937,0.0,-0.3723462706001724,0.0,0.9618730326214493,0.0,""
"2026-09-25 17:14:09","git-master-bddc7a050319718b5e4e0856afec0bc9ea96418f","C:\Users\marco\Desktop\ds004507\derivatives\labels\sub-004\ses-headDown\anat\sub-004_ses-headDown_T2w_seg-manual.nii.gz","848","4","",77.95953785719254,0.0,2.1924534983373323,0.0,11.784745635263008,0.0,7.1219465721909785,0.0,7.356805093929647,0.0,13.752505214084598,0.0,3.400775942534029,0.0,3.721170629656949,0.0,0.8448883093312857,0.0,-0.23288656494719523,0.0,0.9621142476266672,0.0,""
"2026-09-25 17:14:09","git-master-bddc7a050319718b5e4e0856afec0bc9ea96418f","C:\Users\marco\Desktop\ds004507\derivatives\labels\sub-004\ses-headDown\anat\sub-004_ses-headDown_T2w_seg-manual.nii.gz","849","4","",77.64538894504615,0.0,2.208625702403186,0.0,11.69879946927614,0.0,7.130769204025904,0.0,7.428857341011781,0.0,13.574104382926098,0.0,3.373330192508502,0.0,3.7574390115174015,0.0,0.8365804512346876,0.0,-0.2241514218965159,0.0,0.951923945304984,0.0,""
"2026-09-25 17:14:09","git-master-bddc7a050319718b5e4e0856afec0bc9ea96418f","C:\Users\marco\Desktop\ds004507\derivatives\labels\sub-004\ses-headDown\anat\sub-004_ses-headDown_T2w_seg-manual.nii.gz","850","4","",77.78203810954112,0.0,2.2247476516817897,0.0,11.613619457109582,0.0,7.165723007265655,0.0,7.560585875654151,0.0,13.3337608356688,0.0,3.3786916010869232,0.0,3.787031406178732,0.0,0.8236949438617045,0.0,-0.18954882832318176,0.0,0.9395291674096455,0.0,""
"2026-09-25 17:14:09","git-master-bddc7a050319718b5e4e0856afec0bc9ea96418f","C:\Users\marco\Desktop\ds004507\derivatives\labels\sub-004\ses-headDown\anat\sub-004_ses-headDown_T2w_seg-manual.nii.gz","851","4","",77.80547239528327,0.0,2.2407942206378126,0.0,11.529591397097311,0.0,7.308599558475331,0.0,7.535458484356812,0.0,13.22080776378066,0.0,3.4999899051385346,0.0,3.8086096533367964,0.0,0.821657572675764,0.0,0.4383938496021293,0.0,0.9520712033967699,0.0,""
"2026-09-25 17:14:09","git-master-bddc7a050319718b5e4e0856afec0bc9ea96418f","C:\Users\marco\Desktop\ds004507\derivatives\labels\sub-004\ses-headDown\anat\sub-004_ses-headDown_T2w_seg-manual.nii.gz","852","4","",77.13437754180998,0.0,2.2567761802114146,0.0,11.446553897025538,0.0,7.233108606627864,0.0,7.412789780553773,0.0,13.281682352816636,0.0,3.5015598056175916,0.0,3.7315488010102724,0.0,0.8295614995032661,0.0,0.38025725337375643,0.0,0.9594068030799321,0.0,""
"2026-09-25 17:14:09","git-master-bddc7a050319718b5e4e0856afec0bc9ea96418f","C:\Users\marco\Desktop\ds004507\derivatives\labels\sub-004\ses-headDown\anat\sub-004_ses-headDown_T2w_seg-manual.nii.gz","853","4","",76.18614944468573,0.0,2.272707888981747,0.0,11.364288030500749,0.0,7.110780726382146,0.0,7.286196479811795,0.0,13.361768487561275,0.0,3.4566984546721296,0.0,3.6540822717100157,0.0,0.8382402272661308,0.0,-0.010839306616279965,0.0,0.9634357874420636,0.0,""
"2026-09-25 17:14:09","git-master-bddc7a050319718b5e4e0856afec0bc9ea96418f","C:\Users\marco\Desktop\ds004507\derivatives\labels\sub-004\ses-headDown\anat\sub-004_ses-headDown_T2w_seg-manual.nii.gz","854","4","",75.21982214596018,0.0,2.288574990783237,0.0,11.28301580458485,0.0,7.086382533312352,0.0,7.247052670875386,0.0,13.31742807891837,0.0,3.41217086077903,0.0,3.6742116725333216,0.0,0.8389700022779132,0.0,-0.572039356411191,0.0,0.9641684829969349,0.0,""
"2026-09-25 17:14:09","git-master-bddc7a050319718b5e4e0856afec0bc9ea96418f","C:\Users\marco\Desktop\ds004507\derivatives\labels\sub-004\ses-headDown\anat\sub-004_ses-headDown_T2w_seg-manual.nii.gz","855","4","",74.85599004829528,0.0,2.304366720707617,0.0,11.202906315053184,0.0,7.193444973219082,0.0,7.289337908156307,0.0,13.135590081631596,0.0,3.46697506001384,0.0,3.7264699132052415,0.0,0.8317514115094323,0.0,-0.20254096188560367,0.0,0.9511801926054975,0.0,""
"2026-09-25 17:14:09","git-master-bddc7a050319718b5e4e0856afec0bc9ea96418f","C:\Users\marco\Desktop\ds004507\derivatives\labels\sub-004\ses-headDown\anat\sub-004_ses-headDown_T2w_seg-manual.nii.gz","856","4","",75.10988387590254,0.0,2.320108204152909,0.0,11.123573595393385,0.0,7.2948807261670146,0.0,7.337499359028426,0.0,13.008556123706523,0.0,3.5534455512331977,0.0,3.741435174933817,0.0,0.8257361019971066,0.0,0.026160950394219104,0.0,0.9447411837436032,0.0,""
"2026-09-25 17:14:09","git-master-bddc7a050319718b5e4e0856afec0bc9ea96418f","C:\Users\marco\Desktop\ds004507\derivatives\labels\sub-004\ses-headDown\anat\sub-004_ses-headDown_T2w_seg-manual.nii.gz","857","4","",76.11822510540068,0.0,2.3357958527016005,0.0,11.04507382014589,0.0,7.350316267826319,0.0,7.371209688510962,0.0,13.003013250150818,0.0,3.6590349681071186,0.0,3.6912812997192,0.0,0.8237966760205171,0.0,-0.222245701929029,0.0,0.952046378874969,0.0,""
"2026-09-25 17:14:09","git-master-bddc7a050319718b5e4e0856afec0bc9ea96418f","C:\Users\marco\Desktop\ds004507\derivatives\labels\sub-004\ses-headDown\anat\sub-004_ses-headDown_T2w_seg-manual.nii.gz","858","4","",75.24983990364349,0.0,2.351397368983546,0.0,10.96791050963773,0.0,7.20377395159454,0.0,7.325719894718491,0.0,12.921273770578713,0.0,3.551523456339574,0.0,3.652250495254966,0.0,0.8237521107656448,0.0,0.14348135829279038,0.0,0.964554252473867,0.0,""
"2026-09-25 17:14:09","git-master-bddc7a050319718b5e4e0856afec0bc9ea96418f","C:\Users\marco\Desktop\ds004507\derivatives\labels\sub-004\ses-headDown\anat\sub-004_ses-headDown_T2w_seg-manual.nii.gz","859","4","",74.67663299365918,0.0,2.366948643436426,0.0,10.891528775248796,0.0,7.130738029939628,0.0,7.339427597049455,0.0,12.861134680510538,0.0,3.470803994668981,0.0,3.6599340352706466,0.0,0.8211519569159544,0.0,-0.1577476881689227,0.0,0.9688791592287033,0.0,""
"2026-09-25 17:14:09","git-master-bddc7a050319718b5e4e0856afec0bc9ea96418f","C:\Users\marco\Desktop\ds004507\derivatives\labels\sub-004\ses-headDown\anat\sub-004_ses-headDown_T2w_seg-manual.nii.gz","860","4","",74.48582488264705,0.0,2.3824496765293492,0.0,10.815929062693321,0.0,7.1393296174719465,0.0,7.403722698325513,0.0,12.827679113036403,0.0,3.429081774113689,0.0,3.710247843358257,0.0,0.8166251660849659,0.0,-0.9993108500959562,0.0,0.9644435376953884,0.0,""
"2026-09-25 17:14:09","git-master-bddc7a050319718b5e4e0856afec0bc9ea96418f","C:\Users\marco\Desktop\ds004507\derivatives\labels\sub-004\ses-headDown\anat\sub-004_ses-headDown_T2w_seg-manual.nii.gz","861","4","",74.72908132563218,0.0,2.3978681733579346,0.0,10.741616998745522,0.0,7.217002550312712,0.0,7.386337874095866,0.0,12.838085267998586,0.0,3.4571637299945372,0.0,3.759838820318174,0.0,0.8179087172948024,0.0,-0.7030846806848399,0.0,0.9484283658997799,0.0,""
"2026-09-25 17:14:09","git-master-bddc7a050319718b5e4e0856afec0bc9ea96418f","C:\Users\marco\Desktop\ds004507\derivatives\labels\sub-004\ses-headDown\anat\sub-004_ses-headDown_T2w_seg-manual.nii.gz","862","4","",74.98638205871532,0.0,2.413229256252672,0.0,10.66820296982253,0.0,7.301288036540508,0.0,7.4683387063603615,0.0,12.760319680470142,0.0,3.4923228783312688,0.0,3.8089651582092388,0.0,0.8106369995379532,0.0,-0.15561439846172137,0.0,0.9486194221670429,0.0,""
"2026-09-25 17:14:09","git-master-bddc7a050319718b5e4e0856afec0bc9ea96418f","C:\Users\marco\Desktop\ds004507\derivatives\labels\sub-004\ses-headDown\anat\sub-004_ses-headDown_T2w_seg-manual.nii.gz","863","4","",75.15246201459797,0.0,2.4285401027890248,0.0,10.595575411545912,0.0,7.384015548165768,0.0,7.57572368217342,0.0,12.660042230925153,0.0,3.5165544211891038,0.0,3.8674611269766634,0.0,0.8011994399382963,0.0,0.1687524754772831,0.0,0.956241788639374,0.0,""
"2026-09-25 17:14:09","git-master-bddc7a050319718b5e4e0856afec0bc9ea96418f","C:\Users\marco\Desktop\ds004507\derivatives\labels\sub-004\ses-headDown\anat\sub-004_ses-headDown_T2w_seg-manual.nii.gz","864","4","",74.92205920895815,0.0,2.443779185242996,0.0,10.524073157048976,0.0,7.4456329162600605,0.0,7.561027505068914,0.0,12.668103753917903,0.0,3.4811518591056165,0.0,3.9644810571544444,0.0,0.8023478681424508,0.0,-0.9645935375471464,0.0,0.957125382790516,0.0,""
"2026-09-25 17:14:09","git-master-bddc7a050319718b5e4e0856afec0bc9ea96418f","C:\Users\marco\Desktop\ds004507\derivatives\labels\sub-004\ses-headDown\anat\sub-004_ses-headDown_T2w_seg-manual.nii.gz","865","4","",75.63207114148287,0.0,2.4589500950683267,0.0,10.453642479948172,0.0,7.478600235025542,0.0,7.63735891605058,0.0,12.684640797910731,0.0,3.507367586553138,0.0,3.9712326484724043,0.0,0.7984012195141501,0.0,-0.30446946958132914,0.0,0.9609736127534559,0.0,""
"2026-09-25 17:14:09","git-master-bddc7a050319718b5e4e0856afec0bc9ea96418f","C:\Users\marco\Desktop\ds004507\derivatives\labels\sub-004\ses-headDown\anat\sub-004_ses-headDown_T2w_seg-manual.nii.gz","866","4","",75.69506349007507,0.0,2.4740707738322536,0.0,10.384002420836772,0.0,7.417284899608281,0.0,7.643952224278797,0.0,12.68989234884839,0.0,3.5225006904933807,0.0,3.8947842091148996,0.0,0.7981514805012389,0.0,0.6632386854557577,0.0,0.9636554704054303,0.0,""
"2026-09-25 17:14:09","git-master-bddc7a050319718b5e4e0856afec0bc9ea96418f","C:\Users\marco\Desktop\ds004507\derivatives\labels\sub-004\ses-headDown\anat\sub-004_ses-headDown_T2w_seg-manual.nii.gz","867","4","",73.75207143798971,0.0,2.489130459012549,0.0,10.315323340121235,0.0,7.174844615049654,0.0,7.441267761624424,0.0,12.665474706372704,0.0,3.472734104137479,0.0,3.702110510912175,0.0,0.8091767391375462,0.0,1.0810502080126898,0.0,0.9618693602334225,0.0,""
"2026-09-25 17:14:09","git-master-bddc7a050319718b5e4e0856afec0bc9ea96418f","C:\Users\marco\Desktop\ds004507\derivatives\labels\sub-004\ses-headDown\anat\sub-004_ses-headDown_T2w_seg-manual.nii.gz","868","4","",73.96862317333863,0.0,2.5041112152650857,0.0,10.247890631302193,0.0,7.146298819357797,0.0,7.444858072909049,0.0,12.726224213196591,0.0,3.421489514791485,0.0,3.7248093045663127,0.0,0.8110303218689285,0.0,0.5413638692627399,0.0,0.9639573085839926,0.0,""
"2026-09-25 17:14:09","git-master-bddc7a050319718b5e4e0856afec0bc9ea96418f","C:\Users\marco\Desktop\ds004507\derivatives\labels\sub-004\ses-headDown\anat\sub-004_ses-headDown_T2w_seg-manual.nii.gz","869","4","",74.15227229593764,0.0,2.519041746034819,0.0,10.181252399345839,0.0,7.1473070496071776,0.0,7.4815136013508035,0.0,12.768112628806444,0.0,3.3395029263147076,0.0,3.80780412329247,0.0,0.8103410104456836,0.0,0.10341293291383044,0.0,0.968474443722542,0.0,""
"2026-09-25 17:14:09","git-master-bddc7a050319718b5e4e0856afec0bc9ea96418f","C:\Users\marco\Desktop\ds004507\derivatives\labels\sub-004\ses-headDown\anat\sub-004_ses-headDown_T2w_seg-manual.nii.gz","870","4","",73.91924851027544,0.0,2.5339220518717522,0.0,10.115409007282278,0.0,7.148807310672659,0.0,7.524452379292384,0.0,12.771214943736526,0.0,3.2186466700416583,0.0,3.930160640631,0.0,0.808007066743024,0.0,-0.03887926742512373,0.0,0.9754109138724524,0.0,""
"2026-09-25 17:14:09","git-master-bddc7a050319718b5e4e0856afec0bc9ea96418f","C:\Users\marco\Desktop\ds004507\derivatives\labels\sub-004\ses-headDown\anat\sub-004_ses-headDown_T2w_seg-manual.nii.gz","871","3","",72.51082160154509,0.0,2.5552205491907927,0.0,10.02264260795147,0.0,7.150265061495993,0.0,7.484775335881567,0.0,12.608865520791324,0.0,3.24495748662713,0.0,3.905307574868863,0.0,0.8047513009177591,0.0,1.1067641475457082,0.0,0.9662682602921647,0.0,""
"2026-09-25 17:14:09","git-master-bddc7a050319718b5e4e0856afec0bc9ea96418f","C:\Users\marco\Desktop\ds004507\derivatives\labels\sub-004\ses-headDown\anat\sub-004_ses-headDown_T2w_seg-manual.nii.gz","872","3","",73.53401096426836,0.0,2.5705095322159006,0.0,9.95712676438463,0.0,7.403378940367078,0.0,7.561327634175869,0.0,12.604813614210505,0.0,3.5450641384654578,0.0,3.858314801901621,0.0,0.8000775737201581,0.0,0.33794774067918987,0.0,0.9568701019824739,0.0,""
"2026-09-25 17:14:09","git-master-bddc7a050319718b5e4e0856afec0bc9ea96418f","C:\Users\marco\Desktop\ds004507\derivatives\labels\sub-004\ses-headDown\anat\sub-004_ses-headDown_T2w_seg-manual.nii.gz","873","3","",73.65429666775871,0.0,2.5857411244880857,0.0,9.89252473614265,0.0,7.457707726290156,0.0,7.597477428522871,0.0,12.533826330032674,0.0,3.6278913435482694,0.0,3.8298163827418863,0.0,0.7953048825377487,0.0,0.6888862700538189,0.0,0.9513152525667792,0.0,""
"2026-09-25 17:14:09","git-master-bddc7a050319718b5e4e0856afec0bc9ea96418f","C:\Users\marco\Desktop\ds004507\derivatives\labels\sub-004\ses-headDown\anat\sub-004_ses-headDown_T2w_seg-manual.nii.gz","874","3","",73.26793017895861,0.0,2.600915327198104,0.0,9.828837155559816,0.0,7.365634309605249,0.0,7.582057601902099,0.0,12.475695293116658,0.0,3.5744547952041765,0.0,3.7911795144010725,0.0,0.7940496203675471,0.0,1.601961628655744,0.0,0.9517515576729673,0.0,""
"2026-09-25 17:14:09","git-master-bddc7a050319718b5e4e0856afec0bc9ea96418f","C:\Users\marco\Desktop\ds004507\derivatives\labels\sub-004\ses-headDown\anat\sub-004_ses-headDown_T2w_seg-manual.nii.gz","875","3","",73.07377233925887,0.0,2.6160177954361514,0.0,9.766293951914012,0.0,7.199689161202083,0.0,7.4789109219456185,0.0,12.599867117067124,0.0,3.519471249511062,0.0,3.6802179116910207,0.0,0.804725296539722,0.0,2.056003634179601,0.0,0.9641514843229391,0.0,""
"2026-09-25 17:14:09","git-master-bddc7a050319718b5e4e0856afec0bc9ea96418f","C:\Users\marco\Desktop\ds004507\derivatives\labels\sub-004\ses-headDown\anat\sub-004_ses-headDown_T2w_seg-manual.nii.gz","876","3","",72.84852372191634,0.0,2.6310413601993825,0.0,9.705011800092722,0.0,7.174006037872495,0.0,7.504425790275496,0.0,12.56045170934784,0.0,3.4621596305948867,0.0,3.711846407277608,0.0,0.8018591742673156,0.0,1.8358146571397937,0.0,0.971233142456402,0.0,""
"2026-09-25 17:14:09","git-master-bddc7a050319718b5e4e0856afec0bc9ea96418f","C:\Users\marco\Desktop\ds004507\derivatives\labels\sub-004\ses-headDown\anat\sub-004_ses-headDown_T2w_seg-manual.nii.gz","877","3","",72.73321539039226,0.0,2.6460075430830985,0.0,9.644647953743549,0.0,7.173894860577814,0.0,7.4968044618971,0.0,12.58516078795423,0.0,3.4045934471197214,0.0,3.769301413458092,0.0,0.8031161808727807,0.0,1.4626699301903994,0.0,0.9725563104784757,0.0,""
"2026-09-25 17:14:09","git-master-bddc7a050319718b5e4e0856afec0bc9ea96418f","C:\Users\marco\Desktop\ds004507\derivatives\labels\sub-004\ses-headDown\anat\sub-004_ses-headDown_T2w_seg-manual.nii.gz","878","3","",72.78897719349212,0.0,2.6609163453269638,0.0,9.585202994225435,0.0,7.190706201605333,0.0,7.435279343227056,0.0,12.704003251585977,0.0,3.3640610289247515,0.0,3.826645172680582,0.0,0.8108256053611111,0.0,1.0076327556219666,0.0,0.9678060293006666,0.0,""
"2026-09-25 17:14:09","git-master-bddc7a050319718b5e4e0856afec0bc9ea96418f","C:\Users\marco\Desktop\ds004507\derivatives\labels\sub-004\ses-headDown\anat\sub-004_ses-headDown_T2w_seg-manual.nii.gz","879","3","",73.279276449348,0.0,2.675739080997194,0.0,9.527138350169112,0.0,7.409611127288759,0.0,7.518317617883772,0.0,12.638299664530445,0.0,3.5255716933501864,0.0,3.884039433938572,0.0,0.803770207749232,0.0,-0.004957610893660869,0.0,0.9572558085144173,0.0,""
"2026-09-25 17:14:09","git-master-bddc7a050319718b5e4e0856afec0bc9ea96418f","C:\Users\marco\Desktop\ds004507\derivatives\labels\sub-004\ses-headDown\anat\sub-004_ses-headDown_T2w_seg-manual.nii.gz","880","3","",73.58238742789976,0.0,2.690497270556012,0.0,9.470110582030257,0.0,7.590876629582642,0.0,7.593214329941132,0.0,12.553757427045266,0.0,3.6475198181493074,0.0,3.9433568114333344,0.0,0.7962586295008067,0.0,-0.11230994483889861,0.0,0.9534253577272793,0.0,""
"2026-09-25 17:14:09","git-master-bddc7a050319718b5e4e0856afec0bc9ea96418f","C:\Users\marco\Desktop\ds004507\derivatives\labels\sub-004\ses-headDown\anat\sub-004_ses-headDown_T2w_seg-manual.nii.gz","881","3","",73.40720907583189,0.0,2.7051980875164694,0.0,9.414005182888587,0.0,7.663704192097136,0.0,7.600144597993458,0.0,12.504085285496295,0.0,3.7133109032907043,0.0,3.9503932888064313,0.0,0.7940094309905997,0.0,-0.08130423999222051,0.0,0.9515699965776435,0.0,""
"2026-09-25 17:14:09","git-master-bddc7a050319718b5e4e0856afec0bc9ea96418f","C:\Users\marco\Desktop\ds004507\derivatives\labels\sub-004\ses-headDown\anat\sub-004_ses-headDown_T2w_seg-manual.nii.gz","882","3","",72.343068007174,0.0,2.719834362242028,0.0,9.358938238073119,0.0,7.530185813497545,0.0,7.462291929633818,0.0,12.551709510233431,0.0,3.692311188828535,0.0,3.83787462466901,0.0,0.8040567675279299,0.0,-0.6442309804341158,0.0,0.9474388171132763,0.0,""
"2026-09-25 17:14:09","git-master-bddc7a050319718b5e4e0856afec0bc9ea96418f","C:\Users\marco\Desktop\ds004507\derivatives\labels\sub-004\ses-headDown\anat\sub-004_ses-headDown_T2w_seg-manual.nii.gz","883","3","",72.7479244355381,0.0,2.7343845858979297,0.0,9.305257924160086,0.0,7.441719874046282,0.0,7.4439001597495515,0.0,12.612464641082386,0.0,3.637282792361517,0.0,3.8044370816847657,0.0,0.8072450680514431,0.0,-0.40311109429425895,0.0,0.9466408970833351,0.0,""
"2026-09-25 17:14:09","git-master-bddc7a050319718b5e4e0856afec0bc9ea96418f","C:\Users\marco\Desktop\ds004507\derivatives\labels\sub-004\ses-headDown\anat\sub-004_ses-headDown_T2w_seg-manual.nii.gz","884","3","",72.86998671373817,0.0,2.7488774452752587,0.0,9.252503166886935,0.0,7.311828601848321,0.0,7.403461857181815,0.0,12.677419001613321,0.0,3.578193737715514,0.0,3.7336348641328065,0.0,0.8117170624219734,0.0,-0.42055319332179075,0.0,0.9507062923285505,0.0,""
"2026-09-25 17:14:09","git-master-bddc7a050319718b5e4e0856afec0bc9ea96418f","C:\Users\marco\Desktop\ds004507\derivatives\labels\sub-004\ses-headDown\anat\sub-004_ses-headDown_T2w_seg-manual.nii.gz","885","3","",72.51830599060337,0.0,2.763312941714892,0.0,9.200674440476305,0.0,7.2028930865506435,0.0,7.354823477513235,0.0,12.691800946718761,0.0,3.5446527963946144,0.0,3.6582402901560287,0.0,0.8148690646191395,0.0,-0.7398395203248342,0.0,0.9550213653609322,0.0,""
"2026-09-25 17:14:09","git-master-bddc7a050319718b5e4e0856afec0bc9ea96418f","C:\Users\marco\Desktop\ds004507\derivatives\labels\sub-004\ses-headDown\anat\sub-004_ses-headDown_T2w_seg-manual.nii.gz","886","3","",71.47131734187288,0.0,2.777669567818821,0.0,9.150120293218913,0.0,7.422204261104392,0.0,7.411949395127403,0.0,12.413396808741426,0.0,3.657401170417951,0.0,3.7648030906864416,0.0,0.8020147890071527,0.0,-1.1844585678183863,0.0,0.9390921032747993,0.0,""
"2026-09-25 17:14:09","git-master-bddc7a050319718b5e4e0856afec0bc9ea96418f","C:\Users\marco\Desktop\ds004507\derivatives\labels\sub-004\ses-headDown\anat\sub-004_ses-headDown_T2w_seg-manual.nii.gz","887","3","",72.42990786070247,0.0,2.791954498164073,0.0,9.100726352099803,0.0,7.588803434794922,0.0,7.505098273300862,0.0,12.405814955851566,0.0,3.769407897854279,0.0,3.8193955369406436,0.0,0.7962506557330665,0.0,-2.289005970495766,0.0,0.9473528204355603,0.0,""
"2026-09-25 17:14:09","git-master-bddc7a050319718b5e4e0856afec0bc9ea96418f","C:\Users\marco\Desktop\ds004507\derivatives\labels\sub-004\ses-headDown\anat\sub-004_ses-headDown_T2w_seg-manual.nii.gz","888","3","",72.89623721530178,0.0,2.8061820742034307,0.0,9.05226129457096,0.0,7.658239678783361,0.0,7.536302246413547,0.0,12.40701979594985,0.0,3.78710542171763,0.0,3.871134257065731,0.0,0.7943818023539679,0.0,-3.066174645718392,0.0,0.9572732166192542,0.0,""
"2026-09-25 17:14:09","git-master-bddc7a050319718b5e4e0856afec0bc9ea96418f","C:\Users\marco\Desktop\ds004507\derivatives\labels\sub-004\ses-headDown\anat\sub-004_ses-headDown_T2w_seg-manual.nii.gz","889","3","",71.6122707067038,0.0,2.8203522973175223,0.0,9.004725551840162,0.0,7.597516995662798,0.0,7.451103350360533,0.0,12.292288647987176,0.0,3.654264210225982,0.0,3.9432527854368162,0.0,0.7953421284846571,0.0,-3.002771746525182,0.0,0.9582379092011316,0.0,""
"2026-09-25 17:14:09","git-master-bddc7a050319718b5e4e0856afec0bc9ea96418f","C:\Users\marco\Desktop\ds004507\derivatives\labels\sub-004\ses-headDown\anat\sub-004_ses-headDown_T2w_seg-manual.nii.gz","890","3","",71.8791291935197,0.0,2.8344293279808634,0.0,8.95870173738204,0.0,7.551562947124482,0.0,7.462318272227008,0.0,12.279513217980323,0.0,3.680261480423322,0.0,3.8713014667011594,0.0,0.7941616684750338,0.0,-2.3516300109301413,0.0,0.9524421360607805,0.0,""
"2026-09-25 17:14:09","git-master-bddc7a050319718b5e4e0856afec0bc9ea96418f","C:\Users\marco\Desktop\ds004507\derivatives\labels\sub-004\ses-headDown\anat\sub-004_ses-headDown_T2w_seg-manual.nii.gz","891","3","",71.82758348408582,0.0,2.848449013210349,0.0,8.913609396688384,0.0,7.428805403879611,0.0,7.426426952587535,0.0,12.335475361603754,0.0,3.6516170937871597,0.0,3.7771883100924515,0.0,0.7983908842493813,0.0,-2.191357738258191,0.0,0.9511342191321318,0.0,""
"2026-09-25 17:14:09","git-master-bddc7a050319718b5e4e0856afec0bc9ea96418f","C:\Users\marco\Desktop\ds004507\derivatives\labels\sub-004\ses-headDown\anat\sub-004_ses-headDown_T2w_seg-manual.nii.gz","892","3","",71.81580100961403,0.0,2.8624113544336365,0.0,8.869448908942609,0.0,7.298090228193659,0.0,7.388389719792413,0.0,12.424238557810567,0.0,3.6088013636622707,0.0,3.689288864531388,0.0,0.8039665961191212,0.0,-2.3827814328946024,0.0,0.9529278003117919,0.0,""
"2026-09-25 17:14:09","git-master-bddc7a050319718b5e4e0856afec0bc9ea96418f","C:\Users\marco\Desktop\ds004507\derivatives\labels\sub-004\ses-headDown\anat\sub-004_ses-headDown_T2w_seg-manual.nii.gz","893","3","",72.59990472720291,0.0,2.8763020186234662,0.0,8.826454027347133,0.0,7.300856891676083,0.0,7.441337446282515,0.0,12.479135317565559,0.0,3.632584606978088,0.0,3.668272284697995,0.0,0.8027604704235627,0.0,-2.7238803041357866,0.0,0.9557100080781019,0.0,""
"2026-09-25 17:14:09","git-master-bddc7a050319718b5e4e0856afec0bc9ea96418f","C:\Users\marco\Desktop\ds004507\derivatives\labels\sub-004\ses-headDown\anat\sub-004_ses-headDown_T2w_seg-manual.nii.gz","894","3","",71.85116174734496,0.0,2.8901138433651017,0.0,8.784742642061849,0.0,7.399332862576207,0.0,7.4382967510190525,0.0,12.371105798775455,0.0,3.6454972913160613,0.0,3.7538355712601454,0.0,0.7990153000435666,0.0,-2.4038227604260536,0.0,0.9499446842926694,0.0,""
"2026-09-25 17:14:09","git-master-bddc7a050319718b5e4e0856afec0bc9ea96418f","C:\Users\marco\Desktop\ds004507\derivatives\labels\sub-004\ses-headDown\anat\sub-004_ses-headDown_T2w_seg-manual.nii.gz","895","3","",71.53998079801615,0.0,2.9038683332393327,0.0,8.743965401409538,0.0,7.40706433011997,0.0,7.435046260241225,0.0,12.326386738937789,0.0,3.674163803245312,0.0,3.732900526874657,0.0,0.7975975662693884,0.0,-2.1053932626415284,0.0,0.9473158261622107,0.0,""
"2026-09-25 17:14:09","git-master-bddc7a050319718b5e4e0856afec0bc9ea96418f","C:\Users\marco\Desktop\ds004507\derivatives\labels\sub-004\ses-headDown\anat\sub-004_ses-headDown_T2w_seg-manual.nii.gz","896","3","",71.98652859638696,0.0,2.917565489707282,0.0,8.704122646487004,0.0,7.278163599701915,0.0,7.435375489549352,0.0,12.392310406709745,0.0,3.708026783055603,0.0,3.570136816646312,0.0,0.7999795269421763,0.0,-2.0048583999892013,0.0,0.9508740639838982,0.0,""
"2026-09-25 17:14:09","git-master-bddc7a050319718b5e4e0856afec0bc9ea96418f","C:\Users\marco\Desktop\ds004507\derivatives\labels\sub-004\ses-headDown\anat\sub-004_ses-headDown_T2w_seg-manual.nii.gz","897","3","",71.49816134624426,0.0,2.9311766512117448,0.0,8.665682776977032,0.0,7.023723232339796,0.0,7.339082514444603,0.0,12.484878944166438,0.0,3.5560232773987015,0.0,3.4676999549410943,0.0,0.8089106856639914,0.0,-2.2933229142771454,0.0,0.9630095810209081,0.0,""
"2026-09-25 17:14:09","git-master-bddc7a050319718b5e4e0856afec0bc9ea96418f","C:\Users\marco\Desktop\ds004507\derivatives\labels\sub-004\ses-headDown\anat\sub-004_ses-headDown_T2w_seg-manual.nii.gz","898","3","",71.71075510939895,0.0,2.9447233209441057,0.0,8.628296016506972,0.0,7.063138306693693,0.0,7.337960224642163,0.0,12.451506331052371,0.0,3.536331570415122,0.0,3.5268067362785707,0.0,0.8078527345697437,0.0,-1.2217024475768996,0.0,0.9701905337407388,0.0,""
"2026-09-25 17:14:09","git-master-bddc7a050319718b5e4e0856afec0bc9ea96418f","C:\Users\marco\Desktop\ds004507\derivatives\labels\sub-004\ses-headDown\anat\sub-004_ses-headDown_T2w_seg-manual.nii.gz","899","3","",72.06847132422193,0.0,2.958212666651837,0.0,8.591845752689657,0.0,7.20725191615129,0.0,7.3785855567294,0.0,12.374553274435655,0.0,3.591572096179134,0.0,3.6156798199721556,0.0,0.80276793455836,0.0,-0.31146030154267357,0.0,0.9686086800849896,0.0,""
"2026-09-25 17:14:09","git-master-bddc7a050319718b5e4e0856afec0bc9ea96418f","C:\Users\marco\Desktop\ds004507\derivatives\labels\sub-004\ses-headDown\anat\sub-004_ses-headDown_T2w_seg-manual.nii.gz","900","3","",72.05175204200124,0.0,2.9716375250762543,0.0,8.556449497301106,0.0,7.293081787876197,0.0,7.417972352766093,0.0,12.325485370508728,0.0,3.6830983469519074,0.0,3.6099834409242897,0.0,0.7986118342994829,0.0,-1.1244043579951843,0.0,0.9522650764013642,0.0,""
"2026-09-25 17:14:09","git-master-bddc7a050319718b5e4e0856afec0bc9ea96418f","C:\Users\marco\Desktop\ds004507\derivatives\labels\sub-004\ses-headDown\anat\sub-004_ses-headDown_T2w_seg-manual.nii.gz","901","3","",72.53354780772618,0.0,2.9849764064904467,0.0,8.52245972614847,0.0,7.535382197349091,0.0,7.567652715715056,0.0,12.184495593726435,0.0,3.866681816284546,0.0,3.6687003810645455,0.0,0.7834714594203516,0.0,-0.9921040539175685,0.0,0.9546953420127545,0.0,""
"2026-09-25 17:14:09","git-master-bddc7a050319718b5e4e0856afec0bc9ea96418f","C:\Users\marco\Desktop\ds004507\derivatives\labels\sub-004\ses-headDown\anat\sub-004_ses-headDown_T2w_seg-manual.nii.gz","902","3","",72.91729881655309,0.0,2.99825797344533,0.0,8.489408241948619,0.0,7.687001819997821,0.0,7.6596515163287675,0.0,12.09916948405509,0.0,3.9540731524517323,0.0,3.7329286675460884,0.0,0.7740782712715123,0.0,-0.5380877725715121,0.0,0.9574863946317673,0.0,""
"2026-09-25 17:14:09","git-master-bddc7a050319718b5e4e0856afec0bc9ea96418f","C:\Users\marco\Desktop\ds004507\derivatives\labels\sub-004\ses-headDown\anat\sub-004_ses-headDown_T2w_seg-manual.nii.gz","903","3","",73.14152463234426,0.0,3.01148222746883,0.0,8.457295305521093,0.0,7.744261606027118,0.0,7.711559807476606,0.0,12.045698718216633,0.0,3.9468281665093916,0.0,3.7974334395177265,0.0,0.7680611370174315,0.0,0.06480063187083461,0.0,0.9605460314808295,0.0,""
"2026-09-25 17:14:09","git-master-bddc7a050319718b5e4e0856afec0bc9ea96418f","C:\Users\marco\Desktop\ds004507\derivatives\labels\sub-004\ses-headDown\anat\sub-004_ses-headDown_T2w_seg-manual.nii.gz","904","3","",73.14641808065115,0.0,3.024627680423873,0.0,8.426473576442342,0.0,7.771507996935877,0.0,7.85822727742958,0.0,11.868905748457125,0.0,3.9087259440360134,0.0,3.862782052899863,0.0,0.749203168140902,0.0,0.3411706764283985,0.0,0.9707574772108418,0.0,""
"2026-09-25 17:14:09","git-master-bddc7a050319718b5e4e0856afec0bc9ea96418f","C:\Users\marco\Desktop\ds004507\derivatives\labels\sub-004\ses-headDown\anat\sub-004_ses-headDown_T2w_seg-manual.nii.gz","905","3","",73.35047298496471,0.0,3.0377015011859236,0.0,8.396826479084769,0.0,7.777449100014043,0.0,7.852509540637131,0.0,11.911142871188245,0.0,3.8514106594541127,0.0,3.92603844055993,0.0,0.7518192534706829,0.0,0.9942322336645777,0.0,0.9739596677180204,0.0,""
"2026-09-25 17:14:09","git-master-bddc7a050319718b5e4e0856afec0bc9ea96418f","C:\Users\marco\Desktop\ds004507\derivatives\labels\sub-004\ses-headDown\anat\sub-004_ses-headDown_T2w_seg-manual.nii.gz","906","3","",73.0163534807928,0.0,3.0507180187819314,0.0,8.368119467645474,0.0,7.775945980466984,0.0,7.80343227844859,0.0,11.905599730707072,0.0,3.7870232188923536,0.0,3.9889227615746305,0.0,0.7551916279780059,0.0,1.3091812431809877,0.0,0.9740619774884456,0.0,""
"2026-09-25 17:14:09","git-master-bddc7a050319718b5e4e0856afec0bc9ea96418f","C:\Users\marco\Desktop\ds004507\derivatives\labels\sub-004\ses-headDown\anat\sub-004_ses-headDown_T2w_seg-manual.nii.gz","907","3","",71.72555742416095,0.0,3.0636772347649073,0.0,8.34035277044926,0.0,7.77275864287825,0.0,7.7581246748641055,0.0,11.718473724690737,0.0,3.7205425985749123,0.0,4.0522160443033375,0.0,0.749466519150368,0.0,0.9023382502600427,0.0,0.9725689205870252,0.0,""
"2026-09-25 17:14:09","git-master-bddc7a050319718b5e4e0856afec0bc9ea96418f","C:\Users\marco\Desktop\ds004507\derivatives\labels\sub-004\ses-headDown\anat\sub-004_ses-headDown_T2w_seg-manual.nii.gz","908","2","",69.93823226577926,0.0,3.0814918453360183,0.0,8.304023570466153,0.0,7.652440712180133,0.0,7.6851292195128424,0.0,11.559063089275185,0.0,3.631910288459963,0.0,4.02053042372017,0.0,0.7469702605033895,0.0,1.6127710262523223,0.0,0.97089835512442,0.0,""
"2026-09-25 17:14:09","git-master-bddc7a050319718b5e4e0856afec0bc9ea96418f","C:\Users\marco\Desktop\ds004507\derivatives\labels\sub-004\ses-headDown\anat\sub-004_ses-headDown_T2w_seg-manual.nii.gz","909","2","",69.92023727981987,0.0,3.0956404059396636,0.0,8.276654775136732,0.0,7.756794102437781,0.0,7.734137398187033,0.0,11.470861526057744,0.0,3.858948015317321,0.0,3.8978460871204597,0.0,0.7384667084605292,0.0,2.5274154364908723,0.0,0.9634959578508985,0.0,""
"2026-09-25 17:14:09","git-master-bddc7a050319718b5e4e0856afec0bc9ea96418f","C:\Users\marco\Desktop\ds004507\derivatives\labels\sub-004\ses-headDown\anat\sub-004_ses-headDown_T2w_seg-manual.nii.gz","910","2","",70.36550400833592,0.0,3.109711626346939,0.0,8.250557582301301,0.0,7.786498529692218,0.0,7.798759665333491,0.0,11.425678006565763,0.0,3.932850693154926,0.0,3.853647836537292,0.0,0.7307877737201832,0.0,2.493004038592665,0.0,0.9685187705907076,0.0,""
"2026-09-25 17:14:09","git-master-bddc7a050319718b5e4e0856afec0bc9ea96418f","C:\Users\marco\Desktop\ds004507\derivatives\labels\sub-004\ses-headDown\anat\sub-004_ses-headDown_T2w_seg-manual.nii.gz","911","2","",70.66700521682851,0.0,3.123705510374223,0.0,8.225732413942488,0.0,7.787854734564668,0.0,7.849910372297392,0.0,11.382338153404069,0.0,3.9457379791522693,0.0,3.8421167554123987,0.0,0.724105859964859,0.0,2.001721161665735,0.0,0.9732668161935911,0.0,""
"2026-09-25 17:14:09","git-master-bddc7a050319718b5e4e0856afec0bc9ea96418f","C:\Users\marco\Desktop\ds004507\derivatives\labels\sub-004\ses-headDown\anat\sub-004_ses-headDown_T2w_seg-manual.nii.gz","912","2","",70.52652485277505,0.0,3.138280287693216,0.0,8.203106321380949,0.0,7.786259066020729,0.0,7.884498011838788,0.0,11.30348014908775,0.0,3.928878316317011,0.0,3.857380749703718,0.0,0.7164590643224585,0.0,1.5251570008824733,0.0,0.9740444276861756,0.0,""
"2026-09-25 17:14:09","git-master-bddc7a050319718b5e4e0856afec0bc9ea96418f","C:\Users\marco\Desktop\ds004507\derivatives\labels\sub-004\ses-headDown\anat\sub-004_ses-headDown_T2w_seg-manual.nii.gz","913","2","",69.95465804562924,0.0,3.1547524138309364,0.0,8.184532985275355,0.0,7.786203481370375,0.0,7.925425218132613,0.0,11.155554736042161,0.0,3.852688933484978,0.0,3.933514547885397,0.0,0.703751177366279,0.0,1.5143076174796317,0.0,0.9761602482719707,0.0,""
"2026-09-25 17:14:09","git-master-bddc7a050319718b5e4e0856afec0bc9ea96418f","C:\Users\marco\Desktop\ds004507\derivatives\labels\sub-004\ses-headDown\anat\sub-004_ses-headDown_T2w_seg-manual.nii.gz","914","2","",69.95498763380948,0.0,3.176386800186859,0.0,8.17507202187238,0.0,7.790250843564727,0.0,7.9179190087764075,0.0,11.181472326558877,0.0,3.778953938542287,0.0,4.01129690502244,0.0,0.7060803464949876,0.0,2.388325848659186,0.0,0.9824794165772521,0.0,""
"2026-09-25 17:14:09","git-master-bddc7a050319718b5e4e0856afec0bc9ea96418f","C:\Users\marco\Desktop\ds004507\derivatives\labels\sub-004\ses-headDown\anat\sub-004_ses-headDown_T2w_seg-manual.nii.gz","915","2","",69.7220281347877,0.0,3.201892266928997,0.0,8.172446556003138,0.0,7.975034876233699,0.0,8.056928378313204,0.0,10.987573119781725,0.0,3.903234530389899,0.0,4.0718003458438,0.0,0.6788773211463586,0.0,2.0237310645348865,0.0,0.9728586561390247,0.0,""
"2026-09-25 17:14:09","git-master-bddc7a050319718b5e4e0856afec0bc9ea96418f","C:\Users\marco\Desktop\ds004507\derivatives\labels\sub-004\ses-headDown\anat\sub-004_ses-headDown_T2w_seg-manual.nii.gz","916","2","",69.27796943613897,0.0,3.231268298499667,0.0,8.176656617411155,0.0,8.145067115076541,0.0,8.130250573422728,0.0,10.833214663259639,0.0,4.043036608476835,0.0,4.102030506599706,0.0,0.6608794792594503,0.0,1.3357300651801447,0.0,0.9630727876853389,0.0,""
"2026-09-25 17:14:09","git-master-bddc7a050319718b5e4e0856afec0bc9ea96418f","C:\Users\marco\Desktop\ds004507\derivatives\labels\sub-004\ses-headDown\anat\sub-004_ses-headDown_T2w_seg-manual.nii.gz","917","2","",68.84344675935057,0.0,3.2645143239662513,0.0,8.187701844805941,0.0,8.246577814176318,0.0,8.134578780545345,0.0,10.75053048772843,0.0,4.115803505418352,0.0,4.130774308757964,0.0,0.6532786437097576,0.0,0.6550213901222406,0.0,0.961362534608121,0.0,""
"2026-09-25 17:14:09","git-master-bddc7a050319718b5e4e0856afec0bc9ea96418f","C:\Users\marco\Desktop\ds004507\derivatives\labels\sub-004\ses-headDown\anat\sub-004_ses-headDown_T2w_seg-manual.nii.gz","918","2","",68.83754065982204,0.0,3.3016297170212026,0.0,8.205581485862988,0.0,8.367515945999902,0.0,8.275502125882056,0.0,10.544430107110784,0.0,4.138915986995942,0.0,4.22859995900396,0.0,0.6197210823092113,0.0,-0.2722046816576779,0.0,0.9684345229631736,0.0,""
"2026-09-25 17:14:09","git-master-bddc7a050319718b5e4e0856afec0bc9ea96418f","C:\Users\marco\Desktop\ds004507\derivatives\labels\sub-004\ses-headDown\anat\sub-004_ses-headDown_T2w_seg-manual.nii.gz","919","2","",67.68262107673576,0.0,3.343902780727224,0.0,8.232570599937114,0.0,8.346567292111637,0.0,8.2383822860597,0.0,10.401164981440157,0.0,4.131292614712351,0.0,4.215274677399284,0.0,0.6103776531304388,0.0,-1.0640583503352161,0.0,0.9686978010040832,0.0,""
"2026-09-25 17:14:09","git-master-bddc7a050319718b5e4e0856afec0bc9ea96418f","C:\Users\marco\Desktop\ds004507\derivatives\labels\sub-004\ses-headDown\anat\sub-004_ses-headDown_T2w_seg-manual.nii.gz","920","2","",67.81687045887864,0.0,3.390042797225811,0.0,8.266388314569593,0.0,8.254570805978314,0.0,8.175429638299374,0.0,10.511416964081413,0.0,4.063356010327269,0.0,4.191214795651047,0.0,0.6280222695415988,0.0,-0.03054279559501394,0.0,0.9724121996875805,0.0,""
"2026-09-25 17:14:09","git-master-bddc7a050319718b5e4e0856afec0bc9ea96418f","C:\Users\marco\Desktop\ds004507\derivatives\labels\sub-004\ses-headDown\anat\sub-004_ses-headDown_T2w_seg-manual.nii.gz","921","2","",67.9399437492313,0.0,3.4400487680602727,0.0,8.3070314817966,0.0,8.218339512022848,0.0,8.155565439942954,0.0,10.582420066583822,0.0,4.115904436064273,0.0,4.102435075958574,0.0,0.6371834018109078,0.0,0.7654349725120052,0.0,0.9697487363238412,0.0,""
"2026-09-25 17:14:09","git-master-bddc7a050319718b5e4e0856afec0bc9ea96418f","C:\Users\marco\Desktop\ds004507\derivatives\labels\sub-004\ses-headDown\anat\sub-004_ses-headDown_T2w_seg-manual.nii.gz","922","2","",67.91788058887481,0.0,3.4939196245032083,0.0,8.354496537766282,0.0,8.262070812363326,0.0,8.192730909569674,0.0,10.54961291852221,0.0,4.271780715280947,0.0,3.9902900970823794,0.0,0.630003259096588,0.0,0.2684430651277481,0.0,0.9637397148489298,0.0,""
"2026-09-25 17:14:09","git-master-bddc7a050319718b5e4e0856afec0bc9ea96418f","C:\Users\marco\Desktop\ds004507\derivatives\labels\sub-004\ses-headDown\anat\sub-004_ses-headDown_T2w_seg-manual.nii.gz","923","2","",68.78310531699063,0.0,3.551654227556508,0.0,8.408779502738762,0.0,8.307346486813028,0.0,8.245887226996114,0.0,10.576638767496938,0.0,4.315872232468872,0.0,3.9914742543441566,0.0,0.6262377894468666,0.0,-1.5694752854130474,0.0,0.9702787258248009,0.0,""
"2026-09-25 17:14:09","git-master-bddc7a050319718b5e4e0856afec0bc9ea96418f","C:\Users\marco\Desktop\ds004507\derivatives\labels\sub-004\ses-headDown\anat\sub-004_ses-headDown_T2w_seg-manual.nii.gz","924","2","",67.3344238873009,0.0,3.6145379140201626,0.0,8.472143340240818,0.0,8.311214908167583,0.0,8.233059126488673,0.0,10.364261441227544,0.0,4.306519505432537,0.0,4.004695402735046,0.0,0.6072151884093057,0.0,-0.9802349684786574,0.0,0.9819255236694941,0.0,""
"2026-09-25 17:14:09","git-master-bddc7a050319718b5e4e0856afec0bc9ea96418f","C:\Users\marco\Desktop\ds004507\derivatives\labels\sub-004\ses-headDown\anat\sub-004_ses-headDown_T2w_seg-manual.nii.gz","925","2","",67.38823824232655,0.0,3.6812812372799213,0.0,8.542309247896698,0.0,8.340999759281642,0.0,8.250596292790634,0.0,10.383020825452537,0.0,4.26479841253427,0.0,4.0762013467473714,0.0,0.6070624544428355,0.0,-0.928678870155657,0.0,0.9780724217573233,0.0,""
"2026-09-25 17:14:09","git-master-bddc7a050319718b5e4e0856afec0bc9ea96418f","C:\Users\marco\Desktop\ds004507\derivatives\labels\sub-004\ses-headDown\anat\sub-004_ses-headDown_T2w_seg-manual.nii.gz","926","2","",68.22777971960838,0.0,3.7518825739870953,0.0,8.619270581897892,0.0,8.35826303818737,0.0,8.309236254340169,0.0,10.464493408996962,0.0,4.227783130404807,0.0,4.130479907782563,0.0,0.6078651241971341,0.0,-1.7968174629543017,0.0,0.9747864415444443,0.0,""
"2026-09-25 17:14:09","git-master-bddc7a050319718b5e4e0856afec0bc9ea96418f","C:\Users\marco\Desktop\ds004507\derivatives\labels\sub-004\ses-headDown\anat\sub-004_ses-headDown_T2w_seg-manual.nii.gz","927","2","",68.63590230692067,0.0,3.826340208059997,0.0,8.703020218320136,0.0,8.34394547815413,0.0,8.366483109390922,0.0,10.453168430461147,0.0,4.187312476175324,0.0,4.156633001978805,0.0,0.5992346162953419,0.0,-2.443621922832959,0.0,0.9761041561069449,0.0,""
"2026-09-25 17:14:09","git-master-bddc7a050319718b5e4e0856afec0bc9ea96418f","C:\Users\marco\Desktop\ds004507\derivatives\labels\sub-004\ses-headDown\anat\sub-004_ses-headDown_T2w_seg-manual.nii.gz","928","2","",66.89508264227123,0.0,3.904652330683936,0.0,8.793550553123403,0.0,8.298366547688472,0.0,8.326607526012019,0.0,10.2064478782207,0.0,4.089989907477441,0.0,4.208376640211031,0.0,0.5783082313340621,0.0,-0.20502412919811042,0.0,0.9740316901408451,0.0,""
"2026-09-25 17:14:09","git-master-bddc7a050319718b5e4e0856afec0bc9ea96418f","C:\Users\marco\Desktop\ds004507\derivatives\labels\sub-004\ses-headDown\anat\sub-004_ses-headDown_T2w_seg-manual.nii.gz","929","2","",66.85062808387337,0.0,3.988099755737485,0.0,8.893104602883135,0.0,8.156212146540932,0.0,8.272564627578156,0.0,10.30049335823872,0.0,4.1720135609638795,0.0,3.9841985855770528,0.0,0.5956771313014276,0.0,-0.28864857517049247,0.0,0.9613676709784706,0.0,""
"2026-09-25 17:14:09","git-master-bddc7a050319718b5e4e0856afec0bc9ea96418f","C:\Users\marco\Desktop\ds004507\derivatives\labels\sub-004\ses-headDown\anat\sub-004_ses-headDown_T2w_seg-manual.nii.gz","930","2","",68.33376014941544,0.0,4.075395325716813,0.0,8.999411948151186,0.0,8.21633589139095,0.0,8.340790311785177,0.0,10.475380528116697,0.0,4.289179789109264,0.0,3.9271561022816863,0.0,0.6049286908616545,0.0,1.0016570394876139,0.0,0.9643474076089124,0.0,""
"2026-09-25 17:14:09","git-master-bddc7a050319718b5e4e0856afec0bc9ea96418f","C:\Users\marco\Desktop\ds004507\derivatives\labels\sub-004\ses-headDown\anat\sub-004_ses-headDown_T2w_seg-manual.nii.gz","931","2","",69.33024176540437,0.0,4.16653659058294,0.0,9.11246182348677,0.0,8.277898232742386,0.0,8.398758778425009,0.0,10.570547567699709,0.0,4.336931855231237,0.0,3.940966377511149,0.0,0.6072046126374412,0.0,1.6005234507028898,0.0,0.9687642107269392,0.0,""
"2026-09-25 17:14:09","git-master-bddc7a050319718b5e4e0856afec0bc9ea96418f","C:\Users\marco\Desktop\ds004507\derivatives\labels\sub-004\ses-headDown\anat\sub-004_ses-headDown_T2w_seg-manual.nii.gz","932","2","",68.97873576221792,0.0,4.2615209778074,0.0,9.232242882590635,0.0,8.28794735183594,0.0,8.397975393442762,0.0,10.512369878134427,0.0,4.299399127624899,0.0,3.9885482242110406,0.0,0.6013290586757759,0.0,1.5294070513742317,0.0,0.9683989369019464,0.0,""
"2026-09-25 17:14:09","git-master-bddc7a050319718b5e4e0856afec0bc9ea96418f","C:\Users\marco\Desktop\ds004507\derivatives\labels\sub-004\ses-headDown\anat\sub-004_ses-headDown_T2w_seg-manual.nii.gz","933","2","",67.57080487410477,0.0,4.360345792372246,0.0,9.358743198305062,0.0,8.341419160649163,0.0,8.373976688936734,0.0,10.314160081869119,0.0,4.249397079562818,0.0,4.092022081086346,0.0,0.5838086504479364,0.0,2.8965898913727504,0.0,0.9650199885779555,0.0,""
"2026-09-25 17:14:09","git-master-bddc7a050319718b5e4e0856afec0bc9ea96418f","C:\Users\marco\Desktop\ds004507\derivatives\labels\sub-004\ses-headDown\anat\sub-004_ses-headDown_T2w_seg-manual.nii.gz","934","2","",67.81057722481266,0.0,4.46428526260497,0.0,9.494176223669884,0.0,8.058107604172797,0.0,8.251525336611763,0.0,10.507472584332191,0.0,4.053790521582878,0.0,4.004317082589918,0.0,0.6185744174839383,0.0,2.073323237390965,0.0,0.9675182834298769,0.0,""
"2026-09-25 17:14:09","git-master-bddc7a050319718b5e4e0856afec0bc9ea96418f","C:\Users\marco\Desktop\ds004507\derivatives\labels\sub-004\ses-headDown\anat\sub-004_ses-headDown_T2w_seg-manual.nii.gz","935","2","",67.99603932885225,0.0,4.572055869081818,0.0,9.63628712657576,0.0,7.921494350159602,0.0,8.204834767183058,0.0,10.600264712107819,0.0,3.9870952915268947,0.0,3.934399058632708,0.0,0.6331128005812451,0.0,2.5666218300044124,0.0,0.9665968056033524,0.0,""
"2026-09-25 17:14:09","git-master-bddc7a050319718b5e4e0856afec0bc9ea96418f","C:\Users\marco\Desktop\ds004507\derivatives\labels\sub-004\ses-headDown\anat\sub-004_ses-headDown_T2w_seg-manual.nii.gz","936","2","",68.34280293535983,0.0,4.683654076129756,0.0,9.785060115695117,0.0,7.9516997072378715,0.0,8.199406176050532,0.0,10.637799373956586,0.0,4.029116096401794,0.0,3.9225836108360785,0.0,0.6371009207217174,0.0,1.2919558436459555,0.0,0.9697968056033522,0.0,""
"2026-09-25 17:14:09","git-master-bddc7a050319718b5e4e0856afec0bc9ea96418f","C:\Users\marco\Desktop\ds004507\derivatives\labels\sub-004\ses-headDown\anat\sub-004_ses-headDown_T2w_seg-manual.nii.gz","937","2","",68.93902389680424,0.0,4.79907618898052,0.0,9.940478686644004,0.0,8.086736894802375,0.0,8.245547280271998,0.0,10.636461316040425,0.0,4.1033944826509785,0.0,3.9833424121513965,0.0,0.6314990097549801,0.0,-1.111109965922969,0.0,0.9766068532818533,0.0,""
"2026-09-25 17:14:09","git-master-bddc7a050319718b5e4e0856afec0bc9ea96418f","C:\Users\marco\Desktop\ds004507\derivatives\labels\sub-004\ses-headDown\anat\sub-004_ses-headDown_T2w_seg-manual.nii.gz","938","2","",69.7454021689869,0.0,4.918318353770615,0.0,10.102525621982105,0.0,8.182512043014357,0.0,8.39837231856316,0.0,10.58375712192262,0.0,4.077208836154328,0.0,4.10530320686003,0.0,0.6085504103984217,0.0,-0.27891626161235283,0.0,0.9784628378378378,0.0,""
"2026-09-25 17:14:09","git-master-bddc7a050319718b5e4e0856afec0bc9ea96418f","C:\Users\marco\Desktop\ds004507\derivatives\labels\sub-004\ses-headDown\anat\sub-004_ses-headDown_T2w_seg-manual.nii.gz","939","1","",70.74683193162909,0.0,5.073727332115794,0.0,10.316084770649862,0.0,8.306064967911228,0.0,8.341058819068973,0.0,10.67435929940003,0.0,4.242789996110431,0.0,4.063274971800797,0.0,0.6240170524761793,0.0,1.5659609396407461,0.0,0.9801827125790583,0.0,""
"2026-09-25 17:14:09","git-master-bddc7a050319718b5e4e0856afec0bc9ea96418f","C:\Users\marco\Desktop\ds004507\derivatives\labels\sub-004\ses-headDown\anat\sub-004_ses-headDown_T2w_seg-manual.nii.gz","940","1","",70.15623514519345,0.0,5.196029039460709,0.0,10.485835395145441,0.0,8.306399604978244,0.0,8.319974325581155,0.0,10.619654185105206,0.0,4.125112685517542,0.0,4.181286919460702,0.0,0.6214470026705107,0.0,-1.2073431450841006,0.0,0.9802251503249407,0.0,""
"2026-09-25 17:14:09","git-master-bddc7a050319718b5e4e0856afec0bc9ea96418f","C:\Users\marco\Desktop\ds004507\derivatives\labels\sub-004\ses-headDown\anat\sub-004_ses-headDown_T2w_seg-manual.nii.gz","941","1","",70.10886196638467,0.0,5.321574253011702,0.0,10.6611663151443,0.0,8.261082119287503,0.0,8.307825400510923,0.0,10.656519243522737,0.0,4.055890362359004,0.0,4.205191756928499,0.0,0.6262110555666798,0.0,-2.6622132506195912,0.0,0.9773135920552434,0.0,""
"2026-09-25 17:14:09","git-master-bddc7a050319718b5e4e0856afec0bc9ea96418f","C:\Users\marco\Desktop\ds004507\derivatives\labels\sub-004\ses-headDown\anat\sub-004_ses-headDown_T2w_seg-manual.nii.gz","942","1","",70.22345671679206,0.0,5.450359393136577,0.0,10.842061641325984,0.0,8.215067426112585,0.0,8.319708520154474,0.0,10.701885514956043,0.0,4.033072946107112,0.0,4.1819944800054705,0.0,0.628971532073374,0.0,-3.656341592207287,0.0,0.9747686267539072,0.0,""
"2026-09-25 17:14:09","git-master-bddc7a050319718b5e4e0856afec0bc9ea96418f","C:\Users\marco\Desktop\ds004507\derivatives\labels\sub-004\ses-headDown\anat\sub-004_ses-headDown_T2w_seg-manual.nii.gz","943","1","",70.17364477181225,0.0,5.58238085417668,0.0,11.028505373346094,0.0,8.204595102016892,0.0,8.366823760491199,0.0,10.68681385470111,0.0,4.047838833393388,0.0,4.1567562686235044,0.0,0.622130775531345,0.0,-4.869685378214392,0.0,0.9753416712249734,0.0,""
"2026-09-25 17:14:09","git-master-bddc7a050319718b5e4e0856afec0bc9ea96418f","C:\Users\marco\Desktop\ds004507\derivatives\labels\sub-004\ses-headDown\anat\sub-004_ses-headDown_T2w_seg-manual.nii.gz","944","1","",70.46672173853587,0.0,5.7190155894508825,0.0,11.22283095634627,0.0,8.112653927155499,0.0,8.39215650522424,0.0,10.773347760142569,0.0,3.91749818865299,0.0,4.195155738502509,0.0,0.6270351864817755,0.0,-3.5458230189079627,0.0,0.972731859539838,0.0,""
"2026-09-25 17:14:09","git-master-bddc7a050319718b5e4e0856afec0bc9ea96418f","C:\Users\marco\Desktop\ds004507\derivatives\labels\sub-004\ses-headDown\anat\sub-004_ses-headDown_T2w_seg-manual.nii.gz","945","1","",71.46986447379763,0.0,5.859025056262053,0.0,11.422899786849072,0.0,8.135134700930811,0.0,8.418912090508995,0.0,10.92691444105007,0.0,4.07586861432428,0.0,4.05926608660653,0.0,0.6372920565719871,0.0,-1.4296579966513492,0.0,0.9623086616694133,0.0,""
"2026-09-25 17:14:09","git-master-bddc7a050319718b5e4e0856afec0bc9ea96418f","C:\Users\marco\Desktop\ds004507\derivatives\labels\sub-004\ses-headDown\anat\sub-004_ses-headDown_T2w_seg-manual.nii.gz","946","1","",71.46389763450107,0.0,6.002250963251622,0.0,11.628429292248098,0.0,8.196300208086646,0.0,8.38653407530785,0.0,10.942222804839462,0.0,4.2127361032471295,0.0,3.9835641048395165,0.0,0.642239169365326,0.0,-0.7964238576719257,0.0,0.95721424532178,0.0,""
"2026-09-25 17:14:09","git-master-bddc7a050319718b5e4e0856afec0bc9ea96418f","C:\Users\marco\Desktop\ds004507\derivatives\labels\sub-004\ses-headDown\anat\sub-004_ses-headDown_T2w_seg-manual.nii.gz","947","1","",69.54554864436673,0.0,6.148088286578463,0.0,11.839477777043939,0.0,8.240772226587229,0.0,8.265463436687858,0.0,10.714843695340628,0.0,4.1336847180800875,0.0,4.107087508507143,0.0,0.6363342812280104,0.0,-2.8145325477628256,0.0,0.9653724512364487,0.0,""
"2026-09-25 17:14:09","git-master-bddc7a050319718b5e4e0856afec0bc9ea96418f","C:\Users\marco\Desktop\ds004507\derivatives\labels\sub-004\ses-headDown\anat\sub-004_ses-headDown_T2w_seg-manual.nii.gz","948","1","",69.7341024234807,0.0,6.289642673025406,0.0,12.059124310202517,0.0,8.229707798319108,0.0,8.229322052786369,0.0,10.77225162778714,0.0,4.129068744663004,0.0,4.100639053656104,0.0,0.6452490970713275,0.0,-1.7901481066155833,0.0,0.9699700592875863,0.0,""
"2026-09-25 17:14:09","git-master-bddc7a050319718b5e4e0856afec0bc9ea96418f","C:\Users\marco\Desktop\ds004507\derivatives\labels\sub-004\ses-headDown\anat\sub-004_ses-headDown_T2w_seg-manual.nii.gz","949","1","",70.3145675039743,0.0,6.420904287400218,0.0,12.28643479523906,0.0,8.251479442403047,0.0,8.24436438270394,0.0,10.781958743376137,0.0,4.094851992973071,0.0,4.156627449429975,0.0,0.644441239134934,0.0,-1.980002712872929,0.0,0.9772022424263109,0.0,""
"2026-09-25 17:14:09","git-master-bddc7a050319718b5e4e0856afec0bc9ea96418f","C:\Users\marco\Desktop\ds004507\derivatives\labels\sub-004\ses-headDown\anat\sub-004_ses-headDown_T2w_seg-manual.nii.gz","950","1","",71.3548499901259,0.0,6.542778720186842,0.0,12.52070670202254,0.0,8.413644369657787,0.0,8.412362049563432,0.0,10.716208031821594,0.0,4.145512058882379,0.0,4.268132310775408,0.0,0.6175464176875841,0.0,-2.513027575058413,0.0,0.9807495178638569,0.0,""
"2026-09-25 17:14:09","git-master-bddc7a050319718b5e4e0856afec0bc9ea96418f","C:\Users\marco\Desktop\ds004507\derivatives\labels\sub-004\ses-headDown\anat\sub-004_ses-headDown_T2w_seg-manual.nii.gz","951","1","",72.72932329443402,0.0,6.655274743983782,0.0,12.76190884258775,0.0,8.718188034900104,0.0,8.743663820953499,0.0,10.584375298566506,0.0,4.311757449453066,0.0,4.406430585447039,0.0,0.5635080159049469,0.0,-2.6181625783681852,0.0,0.977756088405049,0.0,""
"2026-09-25 17:14:09","git-master-bddc7a050319718b5e4e0856afec0bc9ea96418f","C:\Users\marco\Desktop\ds004507\derivatives\labels\sub-004\ses-headDown\anat\sub-004_ses-headDown_T2w_seg-manual.nii.gz","952","1","",73.042289943649,0.0,6.755284381954397,0.0,13.012279511917882,0.0,8.68488431958454,0.0,8.85255358723509,0.0,10.596509959961914,0.0,4.3268745573688285,0.0,4.358009762215713,0.0,0.549550111081273,0.0,0.2471725031505887,0.0,0.9731787965526411,0.0,""
"2026-09-25 17:14:09","git-master-bddc7a050319718b5e4e0856afec0bc9ea96418f","C:\Users\marco\Desktop\ds004507\derivatives\labels\sub-004\ses-headDown\anat\sub-004_ses-headDown_T2w_seg-manual.nii.gz","953","1","",72.22129500349199,0.0,6.844607952820118,0.0,13.270431780046144,0.0,8.42743493402345,0.0,8.692518557951779,0.0,10.639537249889559,0.0,4.250424535854343,0.0,4.177010398169108,0.0,0.5757698241486148,0.0,0.8058745120394861,0.0,0.9765091196160463,0.0,""
"2026-09-25 17:14:09","git-master-bddc7a050319718b5e4e0856afec0bc9ea96418f","C:\Users\marco\Desktop\ds004507\derivatives\labels\sub-004\ses-headDown\anat\sub-004_ses-headDown_T2w_seg-manual.nii.gz","954","1","",71.7288620833245,0.0,6.924589796298503,0.0,13.535344697776752,0.0,8.243361628145816,0.0,8.5308145955392,0.0,10.682737119535428,0.0,4.146664262148654,0.0,4.096697365997161,0.0,0.6018304990269472,0.0,1.650515344773786,0.0,0.9791715487993721,0.0,""
"2026-09-25 17:14:09","git-master-bddc7a050319718b5e4e0856afec0bc9ea96418f","C:\Users\marco\Desktop\ds004507\derivatives\labels\sub-004\ses-headDown\anat\sub-004_ses-headDown_T2w_seg-manual.nii.gz","955","1","",71.91352875050522,0.0,6.9952363158633135,0.0,13.806979391049966,0.0,8.257752392979661,0.0,8.477031737997708,0.0,10.692373301421785,0.0,4.073635826345558,0.0,4.1841165666341045,0.0,0.6093450962980731,0.0,3.4004617625007,0.0,0.9779900318418184,0.0,""
"2026-09-25 17:14:09","git-master-bddc7a050319718b5e4e0856afec0bc9ea96418f","C:\Users\marco\Desktop\ds004507\derivatives\labels\sub-004\ses-headDown\anat\sub-004_ses-headDown_T2w_seg-manual.nii.gz","956","1","",71.26470557956578,0.0,7.053891821102929,0.0,14.087175772300451,0.0,8.474505596208378,0.0,8.522497290123255,0.0,10.547892743683025,0.0,4.21299115894365,0.0,4.261514437264727,0.0,0.5890268326476116,0.0,3.4032490442248045,0.0,0.9752403648228083,0.0,""
"2026-09-25 17:14:09","git-master-bddc7a050319718b5e4e0856afec0bc9ea96418f","C:\Users\marco\Desktop\ds004507\derivatives\labels\sub-004\ses-headDown\anat\sub-004_ses-headDown_T2w_seg-manual.nii.gz","957","1","",72.88482624762176,0.0,7.101455451465316,0.0,14.375201223797767,0.0,8.567696223979926,0.0,8.739616244561404,0.0,10.628377228672306,0.0,4.201422878508376,0.0,4.36627334547155,0.0,0.5689561104501252,0.0,3.394980639604287,0.0,0.9709803892153364,0.0,""
"2026-09-25 17:14:09","git-master-bddc7a050319718b5e4e0856afec0bc9ea96418f","C:\Users\marco\Desktop\ds004507\derivatives\labels\sub-004\ses-headDown\anat\sub-004_ses-headDown_T2w_seg-manual.nii.gz","958","1","",73.16754403048542,0.0,7.139707001010182,0.0,14.66974018181623,0.0,8.527093922313513,0.0,8.844551361610835,0.0,10.602494384488567,0.0,4.159326292863946,0.0,4.367767629449568,0.0,0.55123170444468,0.0,0.22966731667768148,0.0,0.9631030152597022,0.0,""
"2026-09-25 17:14:09","git-master-bddc7a050319718b5e4e0856afec0bc9ea96418f","C:\Users\marco\Desktop\ds004507\derivatives\labels\sub-004\ses-headDown\anat\sub-004_ses-headDown_T2w_seg-manual.nii.gz","959","1","",71.80851031540443,0.0,7.1686496992741615,0.0,14.970745185821322,0.0,8.394423778006233,0.0,8.77107252964968,0.0,10.45803934571876,0.0,4.134334488538128,0.0,4.260089289468105,0.0,0.5441962334562164,0.0,-4.699801514301667,0.0,0.9560104604448407,0.0,""
"2026-09-25 17:14:09","git-master-bddc7a050319718b5e4e0856afec0bc9ea96418f","C:\Users\marco\Desktop\ds004507\derivatives\labels\sub-004\ses-headDown\anat\sub-004_ses-headDown_T2w_seg-manual.nii.gz","960","1","",72.35091485268192,0.0,7.186071875308824,0.0,15.279667437765504,0.0,8.360619133467086,0.0,8.620592523374766,0.0,10.586466479127289,0.0,4.166708366292539,0.0,4.193910767174547,0.0,0.5800585179264018,0.0,-1.3065205032796925,0.0,0.971052945206843,0.0,""
"2026-09-25 17:14:09","git-master-bddc7a050319718b5e4e0856afec0bc9ea96418f","C:\Users\marco\Desktop\ds004507\derivatives\labels\sub-004\ses-headDown\anat\sub-004_ses-headDown_T2w_seg-manual.nii.gz","961","1","",73.54278035267268,0.0,7.1919770199368065,0.0,15.596383932231936,0.0,8.601250348278509,0.0,8.850551223438348,0.0,10.51595924925992,0.0,4.240738506894398,0.0,4.3605118413841115,0.0,0.5380607346561155,0.0,-1.135355620965102,0.0,0.9777273686371131,0.0,""
"2026-09-25 17:14:09","git-master-bddc7a050319718b5e4e0856afec0bc9ea96418f","C:\Users\marco\Desktop\ds004507\derivatives\labels\sub-004\ses-headDown\anat\sub-004_ses-headDown_T2w_seg-manual.nii.gz","962","1","",74.27558395255556,0.0,7.188580403346907,0.0,15.919315631042465,0.0,8.792102710053152,0.0,9.03965077238461,0.0,10.462485984132366,0.0,4.296497977071093,0.0,4.495604732982059,0.0,0.5033755489822154,0.0,1.1763748852604339,0.0,0.9712103331764572,0.0,""
"2026-09-25 17:14:09","git-master-bddc7a050319718b5e4e0856afec0bc9ea96418f","C:\Users\marco\Desktop\ds004507\derivatives\labels\sub-004\ses-headDown\anat\sub-004_ses-headDown_T2w_seg-manual.nii.gz","963","1","",74.74174875212324,0.0,7.1758817028987565,0.0,16.248405732845338,0.0,8.864219118765497,0.0,9.103685724015708,0.0,10.490091684395678,0.0,4.33221178987565,0.0,4.532007328889846,0.0,0.4966261086116739,0.0,4.475783000467779,0.0,0.958641526577955,0.0,""
"2026-09-25 17:14:09","git-master-bddc7a050319718b5e4e0856afec0bc9ea96418f","C:\Users\marco\Desktop\ds004507\derivatives\labels\sub-004\ses-headDown\anat\sub-004_ses-headDown_T2w_seg-manual.nii.gz","964","1","",76.37800542182754,0.0,7.152107708324415,0.0,16.584732755118804,0.0,8.842207779698622,0.0,9.092010533700037,0.0,10.639547606097079,0.0,4.3870641014038005,0.0,4.455143678294821,0.0,0.5192221400266996,0.0,1.1084701857682102,0.0,0.9661000394329503,0.0,""
"2026-09-25 17:14:09","git-master-bddc7a050319718b5e4e0856afec0bc9ea96418f","C:\Users\marco\Desktop\ds004507\derivatives\labels\sub-004\ses-headDown\anat\sub-004_ses-headDown_T2w_seg-manual.nii.gz","965","1","",75.83888708068862,0.0,7.1163674633953935,0.0,16.928724969850858,0.0,8.723896126629453,0.0,8.987559825653804,0.0,10.688062131294426,0.0,4.348271409097959,0.0,4.375624717531495,0.0,0.5409311650374429,0.0,1.4915695009325294,0.0,0.9750424943297583,0.0,""
"2026-09-25 17:14:09","git-master-bddc7a050319718b5e4e0856afec0bc9ea96418f","C:\Users\marco\Desktop\ds004507\derivatives\labels\sub-004\ses-headDown\anat\sub-004_ses-headDown_T2w_seg-manual.nii.gz","966","1","",75.80571163453186,0.0,7.071315279112276,0.0,17.276178071260517,0.0,8.619691153991397,0.0,8.959869204279345,0.0,10.762587891100278,0.0,4.26495258334568,0.0,4.354738570645718,0.0,0.5539771699946789,0.0,2.126802729683079,0.0,0.9789160484032938,0.0,""
"2026-09-25 17:14:09","git-master-bddc7a050319718b5e4e0856afec0bc9ea96418f","C:\Users\marco\Desktop\ds004507\derivatives\labels\sub-004\ses-headDown\anat\sub-004_ses-headDown_T2w_seg-manual.nii.gz","967","1","",77.48755064058311,0.0,7.016947317367493,0.0,17.62549252494961,0.0,8.616988777472073,0.0,9.080821973004303,0.0,10.906086053951016,0.0,4.194634167418448,0.0,4.422354610053626,0.0,0.5537971024106176,0.0,2.117589281914844,0.0,0.9780106970101038,0.0,""
"2026-09-25 17:14:09","git-master-bddc7a050319718b5e4e0856afec0bc9ea96418f","C:\Users\marco\Desktop\ds004507\derivatives\labels\sub-004\ses-headDown\anat\sub-004_ses-headDown_T2w_seg-manual.nii.gz","968","1","",82.71093376355681,0.0,6.951926591485126,0.0,17.97462319757282,0.0,8.882182190543109,0.0,9.455866799998475,0.0,11.170393689155521,0.0,4.255437666245616,0.0,4.626744524297493,0.0,0.532359756956382,0.0,0.7557366962542729,0.0,0.9756534513596705,0.0,""
"2026-09-25 17:14:09","git-master-bddc7a050319718b5e4e0856afec0bc9ea96418f","C:\Users\marco\Desktop\ds004507\derivatives\labels\sub-004\ses-headDown\anat\sub-004_ses-headDown_T2w_seg-manual.nii.gz","969","1","",82.4485152393031,0.0,6.874464207775548,0.0,18.323489578753865,0.0,8.78348245889849,0.0,9.469235944769792,0.0,11.169854336718195,0.0,4.2732514986069985,0.0,4.510230960291491,0.0,0.5303972881907415,0.0,-0.009950990440659835,0.0,0.9600572556679339,0.0,""
"2026-09-25 17:14:09","git-master-bddc7a050319718b5e4e0856afec0bc9ea96418f","C:\Users\marco\Desktop\ds004507\derivatives\labels\sub-004\ses-headDown\anat\sub-004_ses-headDown_T2w_seg-manual.nii.gz","970","1","",83.2084375297656,0.0,6.787660350873315,0.0,18.672125878895237,0.0,8.912448697471,0.0,9.485543303536456,0.0,11.224286101293368,0.0,4.403719058434996,0.0,4.508729639036004,0.0,0.5345629146251354,0.0,2.566762939992846,0.0,0.9579900716252916,0.0,""
"2026-09-25 17:14:09","git-master-bddc7a050319718b5e4e0856afec0bc9ea96418f","C:\Users\marco\Desktop\ds004507\derivatives\labels\sub-004\ses-headDown\anat\sub-004_ses-headDown_T2w_seg-manual.nii.gz","971","1","",85.09746669603506,0.0,6.691508120019203,0.0,19.02051272890824,0.0,9.204864386267067,0.0,9.548033624481347,0.0,11.342106832230442,0.0,4.597553314414888,0.0,4.6073110718521795,0.0,0.5397561673422121,0.0,4.6504095315587906,0.0,0.9645659325720429,0.0,""
"2026-09-25 17:14:09","git-master-bddc7a050319718b5e4e0856afec0bc9ea96418f","C:\Users\marco\Desktop\ds004507\derivatives\labels\sub-004\ses-headDown\anat\sub-004_ses-headDown_T2w_seg-manual.nii.gz","972","1","",86.88947342331323,0.0,6.5851079466173985,0.0,19.368601350536434,0.0,9.413518758972794,0.0,9.656737011658139,0.0,11.46910885248394,0.0,4.7300899524936115,0.0,4.683428806479182,0.0,0.539512117292384,0.0,-1.491009109112242,0.0,0.9649537860296536,0.0,""
"2026-09-25 17:14:09","git-master-bddc7a050319718b5e4e0856afec0bc9ea96418f","C:\Users\marco\Desktop\ds004507\derivatives\labels\sub-004\ses-headDown\anat\sub-004_ses-headDown_T2w_seg-manual.nii.gz","973","1","",88.22126993031188,0.0,6.46576552074425,0.0,19.716263396381237,0.0,9.676757920877346,0.0,9.889560881927435,0.0,11.412994882348837,0.0,4.956126506019248,0.0,4.720631414858097,0.0,0.4980844567255396,0.0,7.965367019942995,0.0,0.9624213866891002,0.0,""
"2026-09-25 17:14:09","git-master-bddc7a050319718b5e4e0856afec0bc9ea96418f","C:\Users\marco\Desktop\ds004507\derivatives\labels\sub-004\ses-headDown\anat\sub-004_ses-headDown_T2w_seg-manual.nii.gz","974","1","",90.49231649576087,0.0,6.337036221590907,0.0,20.063583723110426,0.0,9.65341245859842,0.0,10.012998896677917,0.0,11.58143695192879,0.0,4.880883024982356,0.0,4.772529433616063,0.0,0.5014563282935055,0.0,11.139147640977631,0.0,0.9585438952672318,0.0,""
"2026-09-25 17:14:09","git-master-bddc7a050319718b5e4e0856afec0bc9ea96418f","C:\Users\marco\Desktop\ds004507\derivatives\labels\sub-004\ses-headDown\anat\sub-004_ses-headDown_T2w_seg-manual.nii.gz","975","1","",92.18457317896926,0.0,6.198910968376478,0.0,20.41027506459741,0.0,9.653036787453354,0.0,10.123958061840277,0.0,11.677125538141148,0.0,4.803478845629903,0.0,4.849557941823452,0.0,0.4922787924602425,0.0,5.380984171351469,0.0,0.9556766586722719,0.0,""
"2026-09-25 17:14:09","git-master-bddc7a050319718b5e4e0856afec0bc9ea96418f","C:\Users\marco\Desktop\ds004507\derivatives\labels\sub-004\ses-headDown\anat\sub-004_ses-headDown_T2w_seg-manual.nii.gz","976","1","",90.96293988510081,0.0,6.050931840872837,0.0,20.755911034120178,0.0,10.157067742557608,0.0,10.386505271007003,0.0,11.228792344082164,0.0,5.195882271638499,0.0,4.961185470919109,0.0,0.37887579163508894,0.0,-10.850629473545858,0.0,0.9570446389575094,0.0,""
"2026-09-25 17:14:09","git-master-bddc7a050319718b5e4e0856afec0bc9ea96418f","C:\Users\marco\Desktop\ds004507\derivatives\labels\sub-004\ses-headDown\anat\sub-004_ses-headDown_T2w_seg-manual.nii.gz","977","1","",98.55566779288202,0.0,5.889489439602997,0.0,21.09918415985639,0.0,10.63843435137281,0.0,10.836331418680532,0.0,11.649605232839528,0.0,5.300719502106458,0.0,5.3377148492663515,0.0,0.36715540942500313,0.0,26.32780107711666,0.0,0.9604915928612611,0.0,""
"2026-09-25 17:14:09","git-master-bddc7a050319718b5e4e0856afec0bc9ea96418f","C:\Users\marco\Desktop\ds004507\derivatives\labels\sub-004\ses-headDown\anat\sub-004_ses-headDown_T2w_seg-manual.nii.gz","978","1","",106.15743425387038,0.0,5.718604833824816,0.0,21.440792061770487,0.0,11.125235635340925,0.0,11.231732960942038,0.0,12.086866385814039,0.0,5.598263078210795,0.0,5.52697255713013,0.0,0.36928375020809223,0.0,30.180448399415575,0.0,0.9670806516853394,0.0,""
"2026-09-25 17:14:09","git-master-bddc7a050319718b5e4e0856afec0bc9ea96418f","C:\Users\marco\Desktop\ds004507\derivatives\labels\sub-004\ses-headDown\anat\sub-004_ses-headDown_T2w_seg-manual.nii.gz","979","1","",111.57946399777964,0.0,5.5382680985642105,0.0,21.780729036606193,0.0,11.406613389695604,0.0,11.497771310126343,0.0,12.403032886866013,0.0,5.832876375488143,0.0,5.5737370142074605,0.0,0.37502620577105106,0.0,20.647528632158743,0.0,0.971635294956232,0.0,""
"2026-09-25 17:14:09","git-master-bddc7a050319718b5e4e0856afec0bc9ea96418f","C:\Users\marco\Desktop\ds004507\derivatives\labels\sub-004\ses-headDown\anat\sub-004_ses-headDown_T2w_seg-manual.nii.gz","980","1","",112.75296001313217,0.0,5.348469301557644,0.0,22.11898942860602,0.0,11.249452104728325,0.0,11.56221761223192,0.0,12.47936499789829,0.0,5.701688959490488,0.0,5.5477631452378375,0.0,0.3762778081312992,0.0,23.55248430712351,0.0,0.9683685748667699,0.0,""
"2026-09-25 17:14:09","git-master-bddc7a050319718b5e4e0856afec0bc9ea96418f","C:\Users\marco\Desktop\ds004507\derivatives\labels\sub-004\ses-headDown\anat\sub-004_ses-headDown_T2w_seg-manual.nii.gz","981","1","","","","","","","","","","","","","","","","","","","","","","","",""
"2026-09-25 17:14:09","git-master-bddc7a050319718b5e4e0856afec0bc9ea96418f","C:\Users\marco\Desktop\ds004507\derivatives\labels\sub-004\ses-headDown\anat\sub-004_ses-headDown_T2w_seg-manual.nii.gz","982","1","","","","","","","","","","","","","","","","","","","","","","","",""
"2026-09-25 17:14:09","git-master-bddc7a050319718b5e4e0856afec0bc9ea96418f","C:\Users\marco\Desktop\ds004507\derivatives\labels\sub-004\ses-headDown\anat\sub-004_ses-headDown_T2w_seg-manual.nii.gz","983","1","","","","","","","","","","","","","","","","","","","","","","","",""
"2026-09-25 17:14:09","git-master-bddc7a050319718b5e4e0856afec0bc9ea96418f","C:\Users\marco\Desktop\ds004507\derivatives\labels\sub-004\ses-headDown\anat\sub-004_ses-headDown_T2w_seg-manual.nii.gz","984","1","","","","","","","","","","","","","","","","","","","","","","","",""
