Timestamp,SCT Version,Filename,Slice (I->S),VertLevel,DistancePMJ,MEAN(area),STD(area),MEAN(angle_AP),STD(angle_AP),MEAN(angle_RL),STD(angle_RL),MEAN(diameter_AP),STD(diameter_AP),MEAN(diameter_AP_ellipse),STD(diameter_AP_ellipse),MEAN(diameter_RL),STD(diameter_RL),MEAN(length_anterior),STD(length_anterior),MEAN(length_posterior),STD(length_posterior),MEAN(eccentricity),STD(eccentricity),MEAN(orientation),STD(orientation),MEAN(solidity),STD(solidity),SUM(length)
"2026-09-29 14:11:04","git-master-bddc7a050319718b5e4e0856afec0bc9ea96418f","C:\Users\marco\Desktop\ds004507\sub-010\ses-headDown\anat\sub-010_ses-headDown_T2w_seg.nii.gz","647","9","",44.26590090658934,0.0,-0.3603156959226341,0.0,13.445440119718471,0.0,6.359262718879015,0.0,6.639097436742396,0.0,8.607203576976028,0.0,3.168852147040452,0.0,3.1904105718385627,0.0,0.6363419354639525,0.0,4.659507324940058,0.0,0.9599939803518357,0.0,""
"2026-09-29 14:11:04","git-master-bddc7a050319718b5e4e0856afec0bc9ea96418f","C:\Users\marco\Desktop\ds004507\sub-010\ses-headDown\anat\sub-010_ses-headDown_T2w_seg.nii.gz","648","9","",43.489603511009136,0.0,-0.380663641332883,0.0,13.435158035072446,0.0,6.013632800565925,0.0,6.477630058196967,0.0,8.693958489942093,0.0,3.09173871510923,0.0,2.921894085456695,0.0,0.6665407856886991,0.0,2.94536776709753,0.0,0.9743833695883408,0.0,""
"2026-09-29 14:11:04","git-master-bddc7a050319718b5e4e0856afec0bc9ea96418f","C:\Users\marco\Desktop\ds004507\sub-010\ses-headDown\anat\sub-010_ses-headDown_T2w_seg.nii.gz","649","9","",44.01831251214329,0.0,-0.40026199795003986,0.0,13.42520048147256,0.0,6.100612489136839,0.0,6.563144728295344,0.0,8.693103351887483,0.0,3.150378422660265,0.0,2.950234066476575,0.0,0.6552385687588173,0.0,1.071145818657259,0.0,0.9654407999759046,0.0,""
"2026-09-29 14:11:04","git-master-bddc7a050319718b5e4e0856afec0bc9ea96418f","C:\Users\marco\Desktop\ds004507\sub-010\ses-headDown\anat\sub-010_ses-headDown_T2w_seg.nii.gz","650","9","",44.86824233522797,0.0,-0.4191516570556246,0.0,13.415549815305722,0.0,6.330397469970539,0.0,6.717993682394036,0.0,8.643408817907329,0.0,3.2607578697996336,0.0,3.0696396001709054,0.0,0.6288628230810454,0.0,0.9214131969473118,0.0,0.9590054152620997,0.0,""
"2026-09-29 14:11:04","git-master-bddc7a050319718b5e4e0856afec0bc9ea96418f","C:\Users\marco\Desktop\ds004507\sub-010\ses-headDown\anat\sub-010_ses-headDown_T2w_seg.nii.gz","651","9","",45.35184494108351,0.0,-0.4373326228906183,0.0,13.406206088383835,0.0,6.500734780924579,0.0,6.815677795826182,0.0,8.578301118171098,0.0,3.3558379056319367,0.0,3.144896875292642,0.0,0.6072127065557816,0.0,3.449431863269116,0.0,0.9701290069905463,0.0,""
"2026-09-29 14:11:04","git-master-bddc7a050319718b5e4e0856afec0bc9ea96418f","C:\Users\marco\Desktop\ds004507\sub-010\ses-headDown\anat\sub-010_ses-headDown_T2w_seg.nii.gz","652","9","",45.08997159958747,0.0,-0.45453233222130895,0.0,13.397287474259995,0.0,6.49720734468467,0.0,6.754772763574854,0.0,8.60246750321713,0.0,3.288394224217659,0.0,3.2088131204670103,0.0,0.61916482837564,0.0,4.188006373456219,0.0,0.9669921715214161,0.0,""
"2026-09-29 14:11:04","git-master-bddc7a050319718b5e4e0856afec0bc9ea96418f","C:\Users\marco\Desktop\ds004507\sub-010\ses-headDown\anat\sub-010_ses-headDown_T2w_seg.nii.gz","653","9","",45.41787855043523,0.0,-0.4709552239160379,0.0,13.388705507642388,0.0,6.496657810225863,0.0,6.767234957885263,0.0,8.648078842327653,0.0,3.2709349587182666,0.0,3.2257228515075966,0.0,0.6226326830328965,0.0,2.819770466099925,0.0,0.9718320813399457,0.0,""
"2026-09-29 14:11:04","git-master-bddc7a050319718b5e4e0856afec0bc9ea96418f","C:\Users\marco\Desktop\ds004507\sub-010\ses-headDown\anat\sub-010_ses-headDown_T2w_seg.nii.gz","654","9","",46.05565832439431,0.0,-0.4866694459985751,0.0,13.380430711192098,0.0,6.569378862722635,0.0,6.835060263352724,0.0,8.68854724557329,0.0,3.3184351603549724,0.0,3.2509437023676626,0.0,0.6172908635647527,0.0,1.3324823689828265,0.0,0.96932828507167,0.0,""
"2026-09-29 14:11:04","git-master-bddc7a050319718b5e4e0856afec0bc9ea96418f","C:\Users\marco\Desktop\ds004507\sub-010\ses-headDown\anat\sub-010_ses-headDown_T2w_seg.nii.gz","655","9","",46.720210202127795,0.0,-0.5016750036708704,0.0,13.372463129111539,0.0,6.70816148700895,0.0,6.927753473692104,0.0,8.710398912925257,0.0,3.421061480512619,0.0,3.287100006496331,0.0,0.6061335707790536,0.0,0.7492624600941151,0.0,0.9550934694367165,0.0,""
"2026-09-29 14:11:04","git-master-bddc7a050319718b5e4e0856afec0bc9ea96418f","C:\Users\marco\Desktop\ds004507\sub-010\ses-headDown\anat\sub-010_ses-headDown_T2w_seg.nii.gz","656","9","",46.20499666929886,0.0,-0.515726601905802,0.0,13.364909199919351,0.0,6.49188579444245,0.0,6.85259132369211,0.0,8.724219675021898,0.0,3.40809011043724,0.0,3.0837956840052105,0.0,0.6188444268644654,0.0,0.4854497128055405,0.0,0.9661782675448061,0.0,""
"2026-09-29 14:11:04","git-master-bddc7a050319718b5e4e0856afec0bc9ea96418f","C:\Users\marco\Desktop\ds004507\sub-010\ses-headDown\anat\sub-010_ses-headDown_T2w_seg.nii.gz","657","9","",46.29107836339974,0.0,-0.5289741602655651,0.0,13.357704008266788,0.0,6.474241082568265,0.0,6.857491175870505,0.0,8.725595529843686,0.0,3.3815226686092497,0.0,3.092718413959015,0.0,0.6183348510053177,0.0,1.20993585949991,0.0,0.9721690744622768,0.0,""
"2026-09-29 14:11:04","git-master-bddc7a050319718b5e4e0856afec0bc9ea96418f","C:\Users\marco\Desktop\ds004507\sub-010\ses-headDown\anat\sub-010_ses-headDown_T2w_seg.nii.gz","658","9","",46.442274058789344,0.0,-0.5415130799596958,0.0,13.350806225712542,0.0,6.499050196839465,0.0,6.873138767730458,0.0,8.721690545687247,0.0,3.333367243731891,0.0,3.165682953107574,0.0,0.6156094898394177,0.0,1.8392403472775003,0.0,0.9773639462632838,0.0,""
"2026-09-29 14:11:04","git-master-bddc7a050319718b5e4e0856afec0bc9ea96418f","C:\Users\marco\Desktop\ds004507\sub-010\ses-headDown\anat\sub-010_ses-headDown_T2w_seg.nii.gz","659","9","",46.50387922743431,0.0,-0.5533433662232906,0.0,13.344215888925282,0.0,6.516780322408014,0.0,6.879998961890712,0.0,8.718581392815148,0.0,3.2741669719244126,0.0,3.242613350483602,0.0,0.6142291045906277,0.0,1.8915677184748996,0.0,0.9802942232038512,0.0,""
"2026-09-29 14:11:04","git-master-bddc7a050319718b5e4e0856afec0bc9ea96418f","C:\Users\marco\Desktop\ds004507\sub-010\ses-headDown\anat\sub-010_ses-headDown_T2w_seg.nii.gz","660","9","",47.01930619541831,0.0,-0.5642469887191783,0.0,13.338027669583623,0.0,6.654414669398444,0.0,6.951165952014732,0.0,8.735666468995449,0.0,3.298165911107172,0.0,3.356248758291273,0.0,0.6056428989571434,0.0,1.3751685991069027,0.0,0.9588695506863649,0.0,""
"2026-09-29 14:11:04","git-master-bddc7a050319718b5e4e0856afec0bc9ea96418f","C:\Users\marco\Desktop\ds004507\sub-010\ses-headDown\anat\sub-010_ses-headDown_T2w_seg.nii.gz","661","9","",47.76090906339447,0.0,-0.5743193504661229,0.0,13.332200246920575,0.0,6.662034538784093,0.0,6.988877172932149,0.0,8.83177795191016,0.0,3.345861035459827,0.0,3.3161735033242667,0.0,0.6112849736668863,0.0,2.1357164041093712,0.0,0.9545421463083201,0.0,""
"2026-09-29 14:11:04","git-master-bddc7a050319718b5e4e0856afec0bc9ea96418f","C:\Users\marco\Desktop\ds004507\sub-010\ses-headDown\anat\sub-010_ses-headDown_T2w_seg.nii.gz","662","9","",47.69548333080917,0.0,-0.5836831027133986,0.0,13.326680428885181,0.0,6.6031678104268,0.0,6.957721280344976,0.0,8.853391534806834,0.0,3.3359220678845825,0.0,3.267245742542218,0.0,0.6183835357849772,0.0,4.1595402524488065,0.0,0.9619607509327107,0.0,""
"2026-09-29 14:11:04","git-master-bddc7a050319718b5e4e0856afec0bc9ea96418f","C:\Users\marco\Desktop\ds004507\sub-010\ses-headDown\anat\sub-010_ses-headDown_T2w_seg.nii.gz","663","9","",46.79410248175643,0.0,-0.5923382499899769,0.0,13.321468244675644,0.0,6.5199015807978045,0.0,6.877795555281259,0.0,8.772286494569245,0.0,3.265730722738102,0.0,3.254170858059702,0.0,0.6206782371723764,0.0,6.447871101514756,0.0,0.9765285984818076,0.0,""
"2026-09-29 14:11:04","git-master-bddc7a050319718b5e4e0856afec0bc9ea96418f","C:\Users\marco\Desktop\ds004507\sub-010\ses-headDown\anat\sub-010_ses-headDown_T2w_seg.nii.gz","664","9","",46.79707268362409,0.0,-0.600094022380526,0.0,13.316646572293953,0.0,6.511532014703518,0.0,6.91587833884315,0.0,8.725581657501294,0.0,3.270329924686462,0.0,3.2412020900170564,0.0,0.6096991646042577,0.0,3.9795931298060077,0.0,0.984371792607509,0.0,""
"2026-09-29 14:11:04","git-master-bddc7a050319718b5e4e0856afec0bc9ea96418f","C:\Users\marco\Desktop\ds004507\sub-010\ses-headDown\anat\sub-010_ses-headDown_T2w_seg.nii.gz","665","9","",47.236756985103064,0.0,-0.6069913097563041,0.0,13.312197720348106,0.0,6.5040384009260075,0.0,6.882522393706651,0.0,8.859881081031082,0.0,3.2074232684409405,0.0,3.296615132485067,0.0,0.6291416073370751,0.0,2.3913082613430414,0.0,0.9747301855351392,0.0,""
"2026-09-29 14:11:04","git-master-bddc7a050319718b5e4e0856afec0bc9ea96418f","C:\Users\marco\Desktop\ds004507\sub-010\ses-headDown\anat\sub-010_ses-headDown_T2w_seg.nii.gz","666","9","",48.55301304040455,0.0,-0.6131800112561061,0.0,13.308056625488454,0.0,6.6573603221060065,0.0,6.932163267602713,0.0,9.04511350586318,0.0,3.2947916751676933,0.0,3.3625686469383127,0.0,0.6423660263109531,0.0,1.1036424082442684,0.0,0.9600401659705786,0.0,""
"2026-09-29 14:11:04","git-master-bddc7a050319718b5e4e0856afec0bc9ea96418f","C:\Users\marco\Desktop\ds004507\sub-010\ses-headDown\anat\sub-010_ses-headDown_T2w_seg.nii.gz","667","9","",50.22551835729907,0.0,-0.6186601301519788,0.0,13.304223309493445,0.0,6.868179636196632,0.0,7.026931528805681,0.0,9.233686600454549,0.0,3.488556894042495,0.0,3.3796227421541367,0.0,0.648280154225223,0.0,0.3298696306398474,0.0,0.9490759858836819,0.0,""
"2026-09-29 14:11:04","git-master-bddc7a050319718b5e4e0856afec0bc9ea96418f","C:\Users\marco\Desktop\ds004507\sub-010\ses-headDown\anat\sub-010_ses-headDown_T2w_seg.nii.gz","668","9","",49.713217723932054,0.0,-0.6232681527566658,0.0,13.300768834753647,0.0,6.550504913559247,0.0,6.8443011343549145,0.0,9.38459323245924,0.0,3.371041223484812,0.0,3.1794636900744355,0.0,0.6837800309902397,0.0,1.555177295384302,0.0,0.962330111044406,0.0,""
"2026-09-29 14:11:04","git-master-bddc7a050319718b5e4e0856afec0bc9ea96418f","C:\Users\marco\Desktop\ds004507\sub-010\ses-headDown\anat\sub-010_ses-headDown_T2w_seg.nii.gz","669","9","",50.062016550401616,0.0,-0.6269904586064684,0.0,13.297699164304346,0.0,6.577082852806216,0.0,6.887548414417061,0.0,9.383388000977332,0.0,3.3641006701030696,0.0,3.2129821827031466,0.0,0.6790350328525369,0.0,2.439531108556874,0.0,0.9563865832891991,0.0,""
"2026-09-29 14:11:04","git-master-bddc7a050319718b5e4e0856afec0bc9ea96418f","C:\Users\marco\Desktop\ds004507\sub-010\ses-headDown\anat\sub-010_ses-headDown_T2w_seg.nii.gz","670","9","",50.442342499250806,0.0,-0.630004193965689,0.0,13.294937360588387,0.0,6.738169133665639,0.0,6.970452905232225,0.0,9.3461502570942,0.0,3.4119021999492123,0.0,3.326266933716427,0.0,0.6660245767770928,0.0,2.236203437078542,0.0,0.9543329156364599,0.0,""
"2026-09-29 14:11:04","git-master-bddc7a050319718b5e4e0856afec0bc9ea96418f","C:\Users\marco\Desktop\ds004507\sub-010\ses-headDown\anat\sub-010_ses-headDown_T2w_seg.nii.gz","671","9","",50.75782890337202,0.0,-0.6323093604870412,0.0,13.292483438002456,0.0,6.922117796528442,0.0,7.030676728681752,0.0,9.334135511790915,0.0,3.4803053911305173,0.0,3.4418124053979255,0.0,0.6576657085595282,0.0,1.2889561965067904,0.0,0.9579316531971251,0.0,""
"2026-09-29 14:11:04","git-master-bddc7a050319718b5e4e0856afec0bc9ea96418f","C:\Users\marco\Desktop\ds004507\sub-010\ses-headDown\anat\sub-010_ses-headDown_T2w_seg.nii.gz","672","9","",51.29257689985754,0.0,-0.6337696972226983,0.0,13.290396626238614,0.0,6.92928349624929,0.0,7.004965945702267,0.0,9.456772559235283,0.0,3.502613905458932,0.0,3.4266695907903593,0.0,0.6717283141743924,0.0,1.1847493152267359,0.0,0.9564708443745081,0.0,""
"2026-09-29 14:11:04","git-master-bddc7a050319718b5e4e0856afec0bc9ea96418f","C:\Users\marco\Desktop\ds004507\sub-010\ses-headDown\anat\sub-010_ses-headDown_T2w_seg.nii.gz","673","9","",50.45241012958692,0.0,-0.6343170747765087,0.0,13.288706558149265,0.0,6.646959231385798,0.0,6.840950186383922,0.0,9.524523499643868,0.0,3.397256058692741,0.0,3.249703172693058,0.0,0.695386252344754,0.0,0.9457337652678381,0.0,0.9650590771791656,0.0,""
"2026-09-29 14:11:04","git-master-bddc7a050319718b5e4e0856afec0bc9ea96418f","C:\Users\marco\Desktop\ds004507\sub-010\ses-headDown\anat\sub-010_ses-headDown_T2w_seg.nii.gz","674","9","",50.40969269432219,0.0,-0.6341558873560198,0.0,13.287324423816385,0.0,6.497433034450814,0.0,6.773388654928199,0.0,9.610788102103514,0.0,3.2994096887400235,0.0,3.1980233457107907,0.0,0.7093997268891056,0.0,-0.24983725203104468,0.0,0.9693705673631722,0.0,""
"2026-09-29 14:11:04","git-master-bddc7a050319718b5e4e0856afec0bc9ea96418f","C:\Users\marco\Desktop\ds004507\sub-010\ses-headDown\anat\sub-010_ses-headDown_T2w_seg.nii.gz","675","9","",50.85015509339471,0.0,-0.6332861348205296,0.0,13.286250230280126,0.0,6.495750846271748,0.0,6.799370298757956,0.0,9.658664735546893,0.0,3.223819226728116,0.0,3.2719316195436323,0.0,0.7101142013621139,0.0,-1.3317144542029578,0.0,0.9693351032546415,0.0,""
"2026-09-29 14:11:04","git-master-bddc7a050319718b5e4e0856afec0bc9ea96418f","C:\Users\marco\Desktop\ds004507\sub-010\ses-headDown\anat\sub-010_ses-headDown_T2w_seg.nii.gz","676","9","",50.046956630647685,0.0,-0.6315988066139898,0.0,13.285531362253527,0.0,6.498207732145413,0.0,6.811102085817194,0.0,9.492508483270889,0.0,3.148643270466514,0.0,3.3495644616788987,0.0,0.6964692720933169,0.0,0.7419005456097361,0.0,0.9709474462899397,0.0,""
"2026-09-29 14:11:04","git-master-bddc7a050319718b5e4e0856afec0bc9ea96418f","C:\Users\marco\Desktop\ds004507\sub-010\ses-headDown\anat\sub-010_ses-headDown_T2w_seg.nii.gz","677","9","",50.8982983621242,0.0,-0.6289712639633425,0.0,13.285221128185736,0.0,6.774312167027931,0.0,6.950284553415994,0.0,9.451859675487844,0.0,3.36277101772902,0.0,3.4115411492989107,0.0,0.6774787535483772,0.0,-0.6718289800187868,0.0,0.9606893662305519,0.0,""
"2026-09-29 14:11:04","git-master-bddc7a050319718b5e4e0856afec0bc9ea96418f","C:\Users\marco\Desktop\ds004507\sub-010\ses-headDown\anat\sub-010_ses-headDown_T2w_seg.nii.gz","678","9","",51.200162227091276,0.0,-0.6256351514196716,0.0,13.285218852388438,0.0,6.731774763481027,0.0,6.910488107919076,0.0,9.55622481757549,0.0,3.406929013742347,0.0,3.3248457497386807,0.0,0.689597354611364,0.0,-1.6405718495754957,0.0,0.9616560666481966,0.0,""
"2026-09-29 14:11:04","git-master-bddc7a050319718b5e4e0856afec0bc9ea96418f","C:\Users\marco\Desktop\ds004507\sub-010\ses-headDown\anat\sub-010_ses-headDown_T2w_seg.nii.gz","679","9","",51.13820188839136,0.0,-0.6215904670630671,0.0,13.285524534557625,0.0,6.500714604051824,0.0,6.773806156311619,0.0,9.731219130133509,0.0,3.3061958880858775,0.0,3.194518715965946,0.0,0.7179308735576208,0.0,-1.5945129171512231,0.0,0.9700827890768826,0.0,""
"2026-09-29 14:11:04","git-master-bddc7a050319718b5e4e0856afec0bc9ea96418f","C:\Users\marco\Desktop\ds004507\sub-010\ses-headDown\anat\sub-010_ses-headDown_T2w_seg.nii.gz","680","9","",51.66282685925879,0.0,-0.6167554497636707,0.0,13.286173706925643,0.0,6.496324739100178,0.0,6.784967262698222,0.0,9.823128134048579,0.0,3.229099397271757,0.0,3.2672253418284205,0.0,0.7231200857133016,0.0,-0.39512563348792606,0.0,0.9724324117720993,0.0,""
"2026-09-29 14:11:04","git-master-bddc7a050319718b5e4e0856afec0bc9ea96418f","C:\Users\marco\Desktop\ds004507\sub-010\ses-headDown\anat\sub-010_ses-headDown_T2w_seg.nii.gz","681","9","",50.95011393613498,0.0,-0.6109529490328778,0.0,13.287243349733485,0.0,6.411763813131,0.0,6.664017940872606,0.0,9.878930612812992,0.0,3.1533934699499104,0.0,3.25837034318109,0.0,0.7380459496024803,0.0,-0.8273936803092738,0.0,0.9648546884437359,0.0,""
"2026-09-29 14:11:04","git-master-bddc7a050319718b5e4e0856afec0bc9ea96418f","C:\Users\marco\Desktop\ds004507\sub-010\ses-headDown\anat\sub-010_ses-headDown_T2w_seg.nii.gz","682","9","",50.92703494646961,0.0,-0.604441863554236,0.0,13.28862093285896,0.0,6.31954960838061,0.0,6.615365696709686,0.0,9.963575627312533,0.0,3.188990000680932,0.0,3.1305596076996784,0.0,0.7477260250736456,0.0,-0.6875794512047249,0.0,0.9596854159780686,0.0,""
"2026-09-29 14:11:04","git-master-bddc7a050319718b5e4e0856afec0bc9ea96418f","C:\Users\marco\Desktop\ds004507\sub-010\ses-headDown\anat\sub-010_ses-headDown_T2w_seg.nii.gz","683","9","",51.37031459474382,0.0,-0.5972221898311281,0.0,13.290306448653416,0.0,6.29459916353955,0.0,6.631788969970435,0.0,10.034684794231156,0.0,3.291003041202357,0.0,3.0035961223371928,0.0,0.7504725145906085,0.0,0.2589767353817275,0.0,0.9599185073195884,0.0,""
"2026-09-29 14:11:04","git-master-bddc7a050319718b5e4e0856afec0bc9ea96418f","C:\Users\marco\Desktop\ds004507\sub-010\ses-headDown\anat\sub-010_ses-headDown_T2w_seg.nii.gz","684","9","",51.629963441373704,0.0,-0.589239416622696,0.0,13.292323574131135,0.0,6.450597066616076,0.0,6.671758462723015,0.0,10.01238198888578,0.0,3.3703161475418186,0.0,3.0802809190742577,0.0,0.7456353387097788,0.0,2.080959133319677,0.0,0.9687220281243397,0.0,""
"2026-09-29 14:11:04","git-master-bddc7a050319718b5e4e0856afec0bc9ea96418f","C:\Users\marco\Desktop\ds004507\sub-010\ses-headDown\anat\sub-010_ses-headDown_T2w_seg.nii.gz","685","9","",52.14125632114132,0.0,-0.5802618778343732,0.0,13.294772947934725,0.0,6.478093350130013,0.0,6.734321440620752,0.0,9.99447478801128,0.0,3.2523055691714804,0.0,3.225787780958533,0.0,0.7388801645418126,0.0,1.131931970983004,0.0,0.9690769557384776,0.0,""
"2026-09-29 14:11:04","git-master-bddc7a050319718b5e4e0856afec0bc9ea96418f","C:\Users\marco\Desktop\ds004507\sub-010\ses-headDown\anat\sub-010_ses-headDown_T2w_seg.nii.gz","686","9","",51.83409780228497,0.0,-0.5705757310710835,0.0,13.297530201605648,0.0,6.374750819130936,0.0,6.646851518258995,0.0,10.08178073540758,0.0,3.156318192648278,0.0,3.2184326264826586,0.0,0.7513373537533793,0.0,1.2041624366070374,0.0,0.9585231463808651,0.0,""
"2026-09-29 14:11:04","git-master-bddc7a050319718b5e4e0856afec0bc9ea96418f","C:\Users\marco\Desktop\ds004507\sub-010\ses-headDown\anat\sub-010_ses-headDown_T2w_seg.nii.gz","687","9","",51.26488409386574,0.0,-0.5601809716503366,0.0,13.300595320137234,0.0,6.169255939912207,0.0,6.49005936519235,0.0,10.235887987628027,0.0,3.079887755004043,0.0,3.0893681849081642,0.0,0.7730812147112288,0.0,1.5020273788130225,0.0,0.9520461227075379,0.0,""
"2026-09-29 14:11:04","git-master-bddc7a050319718b5e4e0856afec0bc9ea96418f","C:\Users\marco\Desktop\ds004507\sub-010\ses-headDown\anat\sub-010_ses-headDown_T2w_seg.nii.gz","688","9","",51.260924882954335,0.0,-0.5490503399630676,0.0,13.303980127351496,0.0,5.899529359430688,0.0,6.385085152836448,0.0,10.397932170015112,0.0,3.0027972245111263,0.0,2.896732134919562,0.0,0.7892271699594838,0.0,0.6656348230308127,0.0,0.9699578235407192,0.0,""
"2026-09-29 14:11:04","git-master-bddc7a050319718b5e4e0856afec0bc9ea96418f","C:\Users\marco\Desktop\ds004507\sub-010\ses-headDown\anat\sub-010_ses-headDown_T2w_seg.nii.gz","689","9","",52.018990980472694,0.0,-0.5368976495987066,0.0,13.307808897289709,0.0,6.1497802978520495,0.0,6.418056853898167,0.0,10.410106598695336,0.0,3.1071770351882337,0.0,3.0426032626638158,0.0,0.7873353132807074,0.0,-0.2726606957415909,0.0,0.9556535659676412,0.0,""
"2026-09-29 14:11:04","git-master-bddc7a050319718b5e4e0856afec0bc9ea96418f","C:\Users\marco\Desktop\ds004507\sub-010\ses-headDown\anat\sub-010_ses-headDown_T2w_seg.nii.gz","690","9","",52.81098760974564,0.0,-0.5240363222889668,0.0,13.311945444044207,0.0,6.350868014424542,0.0,6.472279074755848,0.0,10.434401768157633,0.0,3.2084484255824512,0.0,3.14241958884209,0.0,0.7843750633691953,0.0,-0.6467476054358331,0.0,0.9517102855126948,0.0,""
"2026-09-29 14:11:04","git-master-bddc7a050319718b5e4e0856afec0bc9ea96418f","C:\Users\marco\Desktop\ds004507\sub-010\ses-headDown\anat\sub-010_ses-headDown_T2w_seg.nii.gz","691","9","",53.69686462875782,0.0,-0.5107322182969591,0.0,13.316176611215917,0.0,6.441758656236495,0.0,6.5117220019826885,0.0,10.533118033435148,0.0,3.2500911354461492,0.0,3.1916675207903453,0.0,0.7858551195329684,0.0,-0.6470807289111923,0.0,0.952936934213285,0.0,""
"2026-09-29 14:11:04","git-master-bddc7a050319718b5e4e0856afec0bc9ea96418f","C:\Users\marco\Desktop\ds004507\sub-010\ses-headDown\anat\sub-010_ses-headDown_T2w_seg.nii.gz","692","9","",54.76272626719901,0.0,-0.49727246712138734,0.0,13.320272191506888,0.0,6.374233879973351,0.0,6.500687170621237,0.0,10.768527263098871,0.0,3.1766329671268245,0.0,3.1976009128465273,0.0,0.7972307630695056,0.0,-0.5067772843153826,0.0,0.9523146536721198,0.0,""
"2026-09-29 14:11:04","git-master-bddc7a050319718b5e4e0856afec0bc9ea96418f","C:\Users\marco\Desktop\ds004507\sub-010\ses-headDown\anat\sub-010_ses-headDown_T2w_seg.nii.gz","693","8","",54.40860034111263,0.0,-0.4802220942993536,0.0,13.324562026510751,0.0,6.240147282746695,0.0,6.401106228009768,0.0,10.855327549938076,0.0,3.0757088460979976,0.0,3.1644384366486973,0.0,0.8076412427840585,0.0,0.08873016124227749,0.0,0.9588484634404804,0.0,""
"2026-09-29 14:11:04","git-master-bddc7a050319718b5e4e0856afec0bc9ea96418f","C:\Users\marco\Desktop\ds004507\sub-010\ses-headDown\anat\sub-010_ses-headDown_T2w_seg.nii.gz","694","8","",53.94055632815206,0.0,-0.4689874042034025,0.0,13.326740117482677,0.0,5.999491136805367,0.0,6.266688057755863,0.0,10.992892098249001,0.0,2.935809991765203,0.0,3.0636811450401638,0.0,0.8213669820035776,0.0,-0.1620320951369647,0.0,0.967846108474545,0.0,""
"2026-09-29 14:11:04","git-master-bddc7a050319718b5e4e0856afec0bc9ea96418f","C:\Users\marco\Desktop\ds004507\sub-010\ses-headDown\anat\sub-010_ses-headDown_T2w_seg.nii.gz","695","8","",54.12325061479034,0.0,-0.45804964969419176,0.0,13.32848572479195,0.0,6.061183723364889,0.0,6.247541398072953,0.0,11.065949957216986,0.0,2.9677392079922855,0.0,3.093444515372603,0.0,0.8253722287863053,0.0,0.24652209512488105,0.0,0.9640090504678631,0.0,""
"2026-09-29 14:11:04","git-master-bddc7a050319718b5e4e0856afec0bc9ea96418f","C:\Users\marco\Desktop\ds004507\sub-010\ses-headDown\anat\sub-010_ses-headDown_T2w_seg.nii.gz","696","8","",54.81153733065886,0.0,-0.4474088316533264,0.0,13.329798852500272,0.0,6.321535096065986,0.0,6.310390786249498,0.0,11.102572031359875,0.0,3.116921078860377,0.0,3.2046140172056092,0.0,0.8227350142286334,0.0,1.0410108532670599,0.0,0.9499885581572103,0.0,""
"2026-09-29 14:11:04","git-master-bddc7a050319718b5e4e0856afec0bc9ea96418f","C:\Users\marco\Desktop\ds004507\sub-010\ses-headDown\anat\sub-010_ses-headDown_T2w_seg.nii.gz","697","8","",55.29934290684751,0.0,-0.4372505415814915,0.0,13.330409229458223,0.0,6.174556957300588,0.0,6.272169035603882,0.0,11.277651907808456,0.0,3.0723366264247445,0.0,3.102220330875844,0.0,0.8309782689632368,0.0,0.5375792212744642,0.0,0.9380893357907313,0.0,""
"2026-09-29 14:11:04","git-master-bddc7a050319718b5e4e0856afec0bc9ea96418f","C:\Users\marco\Desktop\ds004507\sub-010\ses-headDown\anat\sub-010_ses-headDown_T2w_seg.nii.gz","698","8","",56.1209063797533,0.0,-0.4274448731663491,0.0,13.330506069054543,0.0,6.018824204018303,0.0,6.254821199265391,0.0,11.462353401513534,0.0,3.011414385582963,0.0,3.00740981843534,0.0,0.8378971278896635,0.0,0.4034565493990755,0.0,0.9507628820527758,0.0,""
"2026-09-29 14:11:04","git-master-bddc7a050319718b5e4e0856afec0bc9ea96418f","C:\Users\marco\Desktop\ds004507\sub-010\ses-headDown\anat\sub-010_ses-headDown_T2w_seg.nii.gz","699","8","",57.06335890945897,0.0,-0.4179361507509435,0.0,13.33017045512504,0.0,5.891685107055363,0.0,6.244823242385461,0.0,11.655346016342975,0.0,2.9420299982403826,0.0,2.9496551088149796,0.0,0.8442916018889046,0.0,0.47459359427666553,0.0,0.9707975285479344,0.0,""
"2026-09-29 14:11:04","git-master-bddc7a050319718b5e4e0856afec0bc9ea96418f","C:\Users\marco\Desktop\ds004507\sub-010\ses-headDown\anat\sub-010_ses-headDown_T2w_seg.nii.gz","700","8","",57.795848295099766,0.0,-0.40885429167628995,0.0,13.329213186830538,0.0,5.891817844745386,0.0,6.220885785792837,0.0,11.860709227333405,0.0,2.873169587323813,0.0,3.0186482574215727,0.0,0.8513479602977985,0.0,0.5874625285761339,0.0,0.9694730874756403,0.0,""
"2026-09-29 14:11:04","git-master-bddc7a050319718b5e4e0856afec0bc9ea96418f","C:\Users\marco\Desktop\ds004507\sub-010\ses-headDown\anat\sub-010_ses-headDown_T2w_seg.nii.gz","701","8","",57.23252036493872,0.0,-0.400180741453078,0.0,13.327661272168577,0.0,5.891716364890366,0.0,6.162119215237774,0.0,11.874095537591888,0.0,2.804600534243319,0.0,3.087115830647046,0.0,0.8548004701399733,0.0,0.40843733009965116,0.0,0.9692853419571409,0.0,""
"2026-09-29 14:11:04","git-master-bddc7a050319718b5e4e0856afec0bc9ea96418f","C:\Users\marco\Desktop\ds004507\sub-010\ses-headDown\anat\sub-010_ses-headDown_T2w_seg.nii.gz","702","8","",57.08324953058116,0.0,-0.3918041448834947,0.0,13.325676872205884,0.0,6.003631027479378,0.0,6.156848562910424,0.0,11.866211079600507,0.0,2.8544810931287468,0.0,3.149149934350631,0.0,0.8548551952807143,0.0,0.010521765227369417,0.0,0.963926642541845,0.0,""
"2026-09-29 14:11:04","git-master-bddc7a050319718b5e4e0856afec0bc9ea96418f","C:\Users\marco\Desktop\ds004507\sub-010\ses-headDown\anat\sub-010_ses-headDown_T2w_seg.nii.gz","703","8","",58.77034004150538,0.0,-0.3837987420936829,0.0,13.323151850824622,0.0,6.364636059420315,0.0,6.29508437510295,0.0,11.94679949066232,0.0,3.16737700134728,0.0,3.197259058073035,0.0,0.8499074635058476,0.0,-0.6674270452283395,0.0,0.9462732103380553,0.0,""
"2026-09-29 14:11:04","git-master-bddc7a050319718b5e4e0856afec0bc9ea96418f","C:\Users\marco\Desktop\ds004507\sub-010\ses-headDown\anat\sub-010_ses-headDown_T2w_seg.nii.gz","704","8","",59.84490314375195,0.0,-0.3762573359174725,0.0,13.31995099139756,0.0,6.311725319993118,0.0,6.373365698661089,0.0,12.017476229669057,0.0,3.1117974649375078,0.0,3.1999278550556105,0.0,0.8477860404266466,0.0,-0.4108203005317875,0.0,0.9464522340469584,0.0,""
"2026-09-29 14:11:04","git-master-bddc7a050319718b5e4e0856afec0bc9ea96418f","C:\Users\marco\Desktop\ds004507\sub-010\ses-headDown\anat\sub-010_ses-headDown_T2w_seg.nii.gz","705","8","",60.22524630088989,0.0,-0.3690128894567943,0.0,13.316317557096806,0.0,6.142232591650889,0.0,6.36941120881381,0.0,12.09390460064406,0.0,3.0170324011434495,0.0,3.125200190507439,0.0,0.849995613208419,0.0,0.20039934046127417,0.0,0.9590930858000556,0.0,""
"2026-09-29 14:11:04","git-master-bddc7a050319718b5e4e0856afec0bc9ea96418f","C:\Users\marco\Desktop\ds004507\sub-010\ses-headDown\anat\sub-010_ses-headDown_T2w_seg.nii.gz","706","8","",59.7609507484242,0.0,-0.36208396336070353,0.0,13.312224498348707,0.0,5.901402953855807,0.0,6.262545667399319,0.0,12.180727762573246,0.0,2.950275607670735,0.0,2.951127346185072,0.0,0.8577001334888862,0.0,1.1021546587065463,0.0,0.9853461706088837,0.0,""
"2026-09-29 14:11:04","git-master-bddc7a050319718b5e4e0856afec0bc9ea96418f","C:\Users\marco\Desktop\ds004507\sub-010\ses-headDown\anat\sub-010_ses-headDown_T2w_seg.nii.gz","707","8","",59.98184969399745,0.0,-0.3556747217761093,0.0,13.3073742999753,0.0,5.892666816760284,0.0,6.230536954192626,0.0,12.295364901137138,0.0,2.9490913764170896,0.0,2.9435754403431944,0.0,0.8620623787646253,0.0,0.7782431884550505,0.0,0.9787097996492923,0.0,""
"2026-09-29 14:11:04","git-master-bddc7a050319718b5e4e0856afec0bc9ea96418f","C:\Users\marco\Desktop\ds004507\sub-010\ses-headDown\anat\sub-010_ses-headDown_T2w_seg.nii.gz","708","8","",60.35362376055311,0.0,-0.3495624446262345,0.0,13.30209137950248,0.0,5.892475091315887,0.0,6.201252770264806,0.0,12.444936972021464,0.0,2.9150213819340522,0.0,2.977453709381835,0.0,0.8669353045878513,0.0,0.546553380930682,0.0,0.9729284348260123,0.0,""
"2026-09-29 14:11:04","git-master-bddc7a050319718b5e4e0856afec0bc9ea96418f","C:\Users\marco\Desktop\ds004507\sub-010\ses-headDown\anat\sub-010_ses-headDown_T2w_seg.nii.gz","709","8","",60.87545127831023,0.0,-0.34374713225307607,0.0,13.296375721242638,0.0,5.918848854856408,0.0,6.187484097630238,0.0,12.600041459887928,0.0,2.8695525304161174,0.0,3.049296324440291,0.0,0.8710597975667793,0.0,0.37859843673835136,0.0,0.9687503588005981,0.0,""
"2026-09-29 14:11:04","git-master-bddc7a050319718b5e4e0856afec0bc9ea96418f","C:\Users\marco\Desktop\ds004507\sub-010\ses-headDown\anat\sub-010_ses-headDown_T2w_seg.nii.gz","710","8","",61.830311387025766,0.0,-0.33843295051829875,0.0,13.289929688479292,0.0,6.300639208203934,0.0,6.38253133123427,0.0,12.40216971926139,0.0,3.1140673786159856,0.0,3.186571829587949,0.0,0.8571418484972265,0.0,-0.6424788576568244,0.0,0.960643349133056,0.0,""
"2026-09-29 14:11:04","git-master-bddc7a050319718b5e4e0856afec0bc9ea96418f","C:\Users\marco\Desktop\ds004507\sub-010\ses-headDown\anat\sub-010_ses-headDown_T2w_seg.nii.gz","711","8","",62.19361689101942,0.0,-0.33345285759576027,0.0,13.282996627161863,0.0,6.446647209284687,0.0,6.464471241840407,0.0,12.300901030808898,0.0,3.180353818809143,0.0,3.266293390475544,0.0,0.8507696493795317,0.0,-0.984558049968073,0.0,0.955351405455556,0.0,""
"2026-09-29 14:11:04","git-master-bddc7a050319718b5e4e0856afec0bc9ea96418f","C:\Users\marco\Desktop\ds004507\sub-010\ses-headDown\anat\sub-010_ses-headDown_T2w_seg.nii.gz","712","8","",62.27967049516983,0.0,-0.32876973292141853,0.0,13.275630616646353,0.0,6.405961663604489,0.0,6.463584975655017,0.0,12.306374817773218,0.0,3.133381928539235,0.0,3.2725797350652543,0.0,0.8508855856696098,0.0,-0.9164708766933243,0.0,0.9518700621169243,0.0,""
"2026-09-29 14:11:04","git-master-bddc7a050319718b5e4e0856afec0bc9ea96418f","C:\Users\marco\Desktop\ds004507\sub-010\ses-headDown\anat\sub-010_ses-headDown_T2w_seg.nii.gz","713","8","",62.77014182059025,0.0,-0.32453206198918727,0.0,13.267615067072056,0.0,6.1607753267876,0.0,6.396914541664135,0.0,12.540843533694368,0.0,3.065573382199629,0.0,3.095201944587971,0.0,0.8600103720582143,0.0,-0.8713129147186506,0.0,0.9488220735007368,0.0,""
"2026-09-29 14:11:04","git-master-bddc7a050319718b5e4e0856afec0bc9ea96418f","C:\Users\marco\Desktop\ds004507\sub-010\ses-headDown\anat\sub-010_ses-headDown_T2w_seg.nii.gz","714","8","",64.14395154723964,0.0,-0.32068416458065974,0.0,13.259031008401035,0.0,6.277834855125331,0.0,6.52157960629826,0.0,12.571011672731718,0.0,3.1340250149615865,0.0,3.143809840163744,0.0,0.8547556941986915,0.0,-0.6030433273253788,0.0,0.9593350673186973,0.0,""
"2026-09-29 14:11:04","git-master-bddc7a050319718b5e4e0856afec0bc9ea96418f","C:\Users\marco\Desktop\ds004507\sub-010\ses-headDown\anat\sub-010_ses-headDown_T2w_seg.nii.gz","715","8","",65.31590373280464,0.0,-0.317133237960612,0.0,13.250013732099506,0.0,6.465973760055941,0.0,6.653625692286653,0.0,12.54074806187368,0.0,3.225424358359494,0.0,3.2405494016964465,0.0,0.8476422258817963,0.0,-0.47154750684908286,0.0,0.9689611468546756,0.0,""
"2026-09-29 14:11:04","git-master-bddc7a050319718b5e4e0856afec0bc9ea96418f","C:\Users\marco\Desktop\ds004507\sub-010\ses-headDown\anat\sub-010_ses-headDown_T2w_seg.nii.gz","716","8","",65.07464147179412,0.0,-0.31397208613662,0.0,13.240427768614618,0.0,6.478450163388239,0.0,6.613711460704991,0.0,12.556151684424044,0.0,3.2408012630752077,0.0,3.2376489003130313,0.0,0.8500288968624261,0.0,-0.9221944499484487,0.0,0.9626980939663027,0.0,""
"2026-09-29 14:11:04","git-master-bddc7a050319718b5e4e0856afec0bc9ea96418f","C:\Users\marco\Desktop\ds004507\sub-010\ses-headDown\anat\sub-010_ses-headDown_T2w_seg.nii.gz","717","8","",65.03547515961891,0.0,-0.31125639243408926,0.0,13.230191655560157,0.0,6.462999081601107,0.0,6.562094361783017,0.0,12.66721153437905,0.0,3.13321905894433,0.0,3.3297800226567773,0.0,0.8552884536020918,0.0,-0.9617445768496333,0.0,0.9630879349205664,0.0,""
"2026-09-29 14:11:04","git-master-bddc7a050319718b5e4e0856afec0bc9ea96418f","C:\Users\marco\Desktop\ds004507\sub-010\ses-headDown\anat\sub-010_ses-headDown_T2w_seg.nii.gz","718","8","",65.58543528494896,0.0,-0.3088376712634302,0.0,13.219521999865414,0.0,6.50307240986577,0.0,6.59044367983394,0.0,12.74516911142595,0.0,3.078727280609106,0.0,3.4243451292566642,0.0,0.8558702734780538,0.0,-0.9250259535016209,0.0,0.9601455450740668,0.0,""
"2026-09-29 14:11:04","git-master-bddc7a050319718b5e4e0856afec0bc9ea96418f","C:\Users\marco\Desktop\ds004507\sub-010\ses-headDown\anat\sub-010_ses-headDown_T2w_seg.nii.gz","719","8","",67.03052414363921,0.0,-0.3067530444216992,0.0,13.208364552658015,0.0,6.643524597233178,0.0,6.7536367486156195,0.0,12.736349255280738,0.0,3.1530286225008366,0.0,3.490495974732341,0.0,0.8478182219773747,0.0,-0.9036505625406652,0.0,0.949482381925419,0.0,""
"2026-09-29 14:11:04","git-master-bddc7a050319718b5e4e0856afec0bc9ea96418f","C:\Users\marco\Desktop\ds004507\sub-010\ses-headDown\anat\sub-010_ses-headDown_T2w_seg.nii.gz","720","8","",65.79096490515738,0.0,-0.30516955993727474,0.0,13.196475129300968,0.0,6.46240824618242,0.0,6.612740139649771,0.0,12.730898804921106,0.0,3.198998084585861,0.0,3.26341016159656,0.0,0.8544561703611064,0.0,-0.7744809686186253,0.0,0.9552817735507927,0.0,""
"2026-09-29 14:11:04","git-master-bddc7a050319718b5e4e0856afec0bc9ea96418f","C:\Users\marco\Desktop\ds004507\sub-010\ses-headDown\anat\sub-010_ses-headDown_T2w_seg.nii.gz","721","8","",65.16650821392898,0.0,-0.30388304902925395,0.0,13.184151782256363,0.0,6.391450113551351,0.0,6.526599143898171,0.0,12.759007451646335,0.0,3.1924767040498243,0.0,3.198973409501527,0.0,0.8592593556571992,0.0,-0.840359016009683,0.0,0.959647903092232,0.0,""
"2026-09-29 14:11:04","git-master-bddc7a050319718b5e4e0856afec0bc9ea96418f","C:\Users\marco\Desktop\ds004507\sub-010\ses-headDown\anat\sub-010_ses-headDown_T2w_seg.nii.gz","722","8","",65.43941679521076,0.0,-0.30289351175954465,0.0,13.171394476500923,0.0,6.461582817367207,0.0,6.525061327829163,0.0,12.823586568507467,0.0,3.132354072987968,0.0,3.3292287443792388,0.0,0.8608654424484175,0.0,-1.1038093377904208,0.0,0.9611877987139595,0.0,""
"2026-09-29 14:11:04","git-master-bddc7a050319718b5e4e0856afec0bc9ea96418f","C:\Users\marco\Desktop\ds004507\sub-010\ses-headDown\anat\sub-010_ses-headDown_T2w_seg.nii.gz","723","8","",66.41959192879312,0.0,-0.3024236787533477,0.0,13.157877423802875,0.0,6.4629156370659615,0.0,6.5739893070063085,0.0,12.910053505040405,0.0,3.083161972931197,0.0,3.3797536641347645,0.0,0.8606401079198968,0.0,-0.8083114298424147,0.0,0.9631744621551613,0.0,""
"2026-09-29 14:11:04","git-master-bddc7a050319718b5e4e0856afec0bc9ea96418f","C:\Users\marco\Desktop\ds004507\sub-010\ses-headDown\anat\sub-010_ses-headDown_T2w_seg.nii.gz","724","8","",66.54138945423186,0.0,-0.30226938059753417,0.0,13.143898877149873,0.0,6.421211824988111,0.0,6.560729865957691,0.0,12.972124284347702,0.0,3.0259856282404543,0.0,3.395226196747657,0.0,0.8626554021146405,0.0,-0.29379415246499624,0.0,0.9635606733606294,0.0,""
"2026-09-29 14:11:04","git-master-bddc7a050319718b5e4e0856afec0bc9ea96418f","C:\Users\marco\Desktop\ds004507\sub-010\ses-headDown\anat\sub-010_ses-headDown_T2w_seg.nii.gz","725","8","",66.25933977796429,0.0,-0.3024120564144816,0.0,13.129485928832754,0.0,6.3259967064730445,0.0,6.509516686101636,0.0,13.045429599482837,0.0,2.964322751645898,0.0,3.361673954827147,0.0,0.8665727447407213,0.0,0.2564416434514311,0.0,0.9611482858927091,0.0,""
"2026-09-29 14:11:04","git-master-bddc7a050319718b5e4e0856afec0bc9ea96418f","C:\Users\marco\Desktop\ds004507\sub-010\ses-headDown\anat\sub-010_ses-headDown_T2w_seg.nii.gz","726","8","",67.24020512695999,0.0,-0.3030187540447872,0.0,13.114393972857316,0.0,6.086203415857449,0.0,6.495448904401002,0.0,13.296580868949224,0.0,2.9098436593317913,0.0,3.1763597565256583,0.0,0.8724927633423754,0.0,0.06365625628336433,0.0,0.948305475403171,0.0,""
"2026-09-29 14:11:04","git-master-bddc7a050319718b5e4e0856afec0bc9ea96418f","C:\Users\marco\Desktop\ds004507\sub-010\ses-headDown\anat\sub-010_ses-headDown_T2w_seg.nii.gz","727","8","",67.88454522865392,0.0,-0.3039966689448526,0.0,13.098758524407135,0.0,6.166337510998503,0.0,6.5231885605051865,0.0,13.3672460613275,0.0,3.0034128134388776,0.0,3.1629246975596246,0.0,0.8728379992827696,0.0,-0.5268743212193543,0.0,0.9490193340821923,0.0,""
"2026-09-29 14:11:04","git-master-bddc7a050319718b5e4e0856afec0bc9ea96418f","C:\Users\marco\Desktop\ds004507\sub-010\ses-headDown\anat\sub-010_ses-headDown_T2w_seg.nii.gz","728","8","",68.25964281359745,0.0,-0.3052715575403873,0.0,13.082688176791782,0.0,6.356013582785052,0.0,6.557302804792624,0.0,13.364392923493694,0.0,3.1296349986790397,0.0,3.226378584106013,0.0,0.8713534774668621,0.0,-1.0223507819416964,0.0,0.9541687166299364,0.0,""
"2026-09-29 14:11:04","git-master-bddc7a050319718b5e4e0856afec0bc9ea96418f","C:\Users\marco\Desktop\ds004507\sub-010\ses-headDown\anat\sub-010_ses-headDown_T2w_seg.nii.gz","729","8","",68.26449248136655,0.0,-0.30695478475445115,0.0,13.066019656871607,0.0,6.437495707030193,0.0,6.552323807046324,0.0,13.385741056875112,0.0,3.14909847611318,0.0,3.288397230917013,0.0,0.8720026238949299,0.0,-0.656560392166696,0.0,0.9540853135124182,0.0,""
"2026-09-29 14:11:04","git-master-bddc7a050319718b5e4e0856afec0bc9ea96418f","C:\Users\marco\Desktop\ds004507\sub-010\ses-headDown\anat\sub-010_ses-headDown_T2w_seg.nii.gz","730","8","",69.04425225521321,0.0,-0.30906491084556814,0.0,13.048725413205362,0.0,6.342188217009319,0.0,6.54170653939975,0.0,13.59517489730068,0.0,3.0663740740750782,0.0,3.275814142934241,0.0,0.87652888567119,0.0,-0.07782070958393128,0.0,0.956200048565267,0.0,""
"2026-09-29 14:11:04","git-master-bddc7a050319718b5e4e0856afec0bc9ea96418f","C:\Users\marco\Desktop\ds004507\sub-010\ses-headDown\anat\sub-010_ses-headDown_T2w_seg.nii.gz","731","8","",69.27706593546462,0.0,-0.31147200972613076,0.0,13.030995719176863,0.0,6.166229303022174,0.0,6.5093495959516705,0.0,13.76316237772898,0.0,2.9493209456008587,0.0,3.2169083574213153,0.0,0.8810801736947873,0.0,0.32595911069333533,0.0,0.9619312240471216,0.0,""
"2026-09-29 14:11:04","git-master-bddc7a050319718b5e4e0856afec0bc9ea96418f","C:\Users\marco\Desktop\ds004507\sub-010\ses-headDown\anat\sub-010_ses-headDown_T2w_seg.nii.gz","732","8","",68.08659615922048,0.0,-0.3142317635501875,0.0,13.012748810795092,0.0,5.92465884013531,0.0,6.438481889213908,0.0,13.759176684584064,0.0,2.817692881505995,0.0,3.106965958629315,0.0,0.8837573109374817,0.0,0.29176641267674425,0.0,0.9734441243813837,0.0,""
"2026-09-29 14:11:04","git-master-bddc7a050319718b5e4e0856afec0bc9ea96418f","C:\Users\marco\Desktop\ds004507\sub-010\ses-headDown\anat\sub-010_ses-headDown_T2w_seg.nii.gz","733","8","",68.82179370817762,0.0,-0.31747409669604376,0.0,12.993793690297501,0.0,6.112195680506564,0.0,6.534619991083497,0.0,13.71608186415738,0.0,2.9594257826209796,0.0,3.1527698978855847,0.0,0.8791715803408331,0.0,-0.41587351142534507,0.0,0.9600476511439071,0.0,""
"2026-09-29 14:11:04","git-master-bddc7a050319718b5e4e0856afec0bc9ea96418f","C:\Users\marco\Desktop\ds004507\sub-010\ses-headDown\anat\sub-010_ses-headDown_T2w_seg.nii.gz","734","8","",69.14871470415434,0.0,-0.32101340104331866,0.0,12.974402515497856,0.0,6.281924942330129,0.0,6.615783347127988,0.0,13.62358704332696,0.0,3.0642938145637593,0.0,3.2176311277663694,0.0,0.8741296103607343,0.0,-0.8131057752737014,0.0,0.9513753358170489,0.0,""
"2026-09-29 14:11:04","git-master-bddc7a050319718b5e4e0856afec0bc9ea96418f","C:\Users\marco\Desktop\ds004507\sub-010\ses-headDown\anat\sub-010_ses-headDown_T2w_seg.nii.gz","735","8","",68.6996739319372,0.0,-0.3248496764330308,0.0,12.95457523298195,0.0,6.368798869147099,0.0,6.654799445550011,0.0,13.47584618090356,0.0,3.0849692077322493,0.0,3.28382966141485,0.0,0.8695575281699054,0.0,-0.7326603659928983,0.0,0.952054794520548,0.0,""
"2026-09-29 14:11:04","git-master-bddc7a050319718b5e4e0856afec0bc9ea96418f","C:\Users\marco\Desktop\ds004507\sub-010\ses-headDown\anat\sub-010_ses-headDown_T2w_seg.nii.gz","736","7","",69.44599485737642,0.0,-0.33118520780944466,0.0,12.924714299249285,0.0,6.472891894835292,0.0,6.624248209325927,0.0,13.711687847352275,0.0,3.122981266882733,0.0,3.349910627952559,0.0,0.8755598790716961,0.0,-0.36253898973746956,0.0,0.949088453747468,0.0,""
"2026-09-29 14:11:04","git-master-bddc7a050319718b5e4e0856afec0bc9ea96418f","C:\Users\marco\Desktop\ds004507\sub-010\ses-headDown\anat\sub-010_ses-headDown_T2w_seg.nii.gz","737","7","",68.64760199158081,0.0,-0.33679102415011924,0.0,12.900284307442464,0.0,6.126033265493812,0.0,6.53714798943333,0.0,13.68621262240355,0.0,2.898249931692805,0.0,3.227783333801007,0.0,0.8785485929696957,0.0,0.737312534752536,0.0,0.9568504463757781,0.0,""
"2026-09-29 14:11:04","git-master-bddc7a050319718b5e4e0856afec0bc9ea96418f","C:\Users\marco\Desktop\ds004507\sub-010\ses-headDown\anat\sub-010_ses-headDown_T2w_seg.nii.gz","738","7","",69.48388115819833,0.0,-0.3428456663170466,0.0,12.875193808866566,0.0,5.970758660901877,0.0,6.560765996649247,0.0,13.826457132158264,0.0,2.786819837145954,0.0,3.183938823755924,0.0,0.8802426949964954,0.0,0.3681619911086045,0.0,0.9509220788225481,0.0,""
"2026-09-29 14:11:04","git-master-bddc7a050319718b5e4e0856afec0bc9ea96418f","C:\Users\marco\Desktop\ds004507\sub-010\ses-headDown\anat\sub-010_ses-headDown_T2w_seg.nii.gz","739","7","",70.53014032588773,0.0,-0.3493491327997492,0.0,12.849442490798594,0.0,5.964929470583756,0.0,6.600963583074583,0.0,14.008395050025491,0.0,2.7571405874122967,0.0,3.207788883171459,0.0,0.8820028262183158,0.0,-0.19376898674686394,0.0,0.9404637961958989,0.0,""
"2026-09-29 14:11:04","git-master-bddc7a050319718b5e4e0856afec0bc9ea96418f","C:\Users\marco\Desktop\ds004507\sub-010\ses-headDown\anat\sub-010_ses-headDown_T2w_seg.nii.gz","740","7","",71.22386612981025,0.0,-0.35630142199975173,0.0,12.823030036386868,0.0,6.1066954365303605,0.0,6.633076742543861,0.0,14.107716337296434,0.0,2.8299771646001908,0.0,3.2767182719301697,0.0,0.8825301268657066,0.0,-0.26618764524107835,0.0,0.9348115171767534,0.0,""
"2026-09-29 14:11:04","git-master-bddc7a050319718b5e4e0856afec0bc9ea96418f","C:\Users\marco\Desktop\ds004507\sub-010\ses-headDown\anat\sub-010_ses-headDown_T2w_seg.nii.gz","741","7","",72.35906299601585,0.0,-0.3637497761935609,0.0,12.795886436306757,0.0,6.481938110368684,0.0,6.74987090697795,0.0,13.95491780790789,0.0,3.1373396307506605,0.0,3.3445984796180235,0.0,0.8752188809300429,0.0,0.010034252745136196,0.0,0.946826334314833,0.0,""
"2026-09-29 14:11:04","git-master-bddc7a050319718b5e4e0856afec0bc9ea96418f","C:\Users\marco\Desktop\ds004507\sub-010\ses-headDown\anat\sub-010_ses-headDown_T2w_seg.nii.gz","742","7","",72.21306681322676,0.0,-0.37176505790810177,0.0,12.7679065763467,0.0,6.489455886117711,0.0,6.752242114643871,0.0,13.934271283680795,0.0,3.026188729732441,0.0,3.46326715638527,0.0,0.8747480385254007,0.0,0.3309899231186991,0.0,0.9492868094664046,0.0,""
"2026-09-29 14:11:04","git-master-bddc7a050319718b5e4e0856afec0bc9ea96418f","C:\Users\marco\Desktop\ds004507\sub-010\ses-headDown\anat\sub-010_ses-headDown_T2w_seg.nii.gz","743","7","",70.87418661021437,0.0,-0.38022915412913966,0.0,12.739264192718464,0.0,6.195475606984781,0.0,6.640014050389733,0.0,13.927792930822534,0.0,2.9314700592587353,0.0,3.264005547726045,0.0,0.8790003450373611,0.0,0.6785195408951892,0.0,0.9675381479729306,0.0,""
"2026-09-29 14:11:04","git-master-bddc7a050319718b5e4e0856afec0bc9ea96418f","C:\Users\marco\Desktop\ds004507\sub-010\ses-headDown\anat\sub-010_ses-headDown_T2w_seg.nii.gz","744","7","",70.00910178783568,0.0,-0.38914206243478605,0.0,12.709958935422435,0.0,5.9254054964054745,0.0,6.525292344204208,0.0,13.988275766974786,0.0,2.8627510327341223,0.0,3.0626544636713517,0.0,0.884500046563542,0.0,0.8418606754673913,0.0,0.9708902122817189,0.0,""
"2026-09-29 14:11:04","git-master-bddc7a050319718b5e4e0856afec0bc9ea96418f","C:\Users\marco\Desktop\ds004507\sub-010\ses-headDown\anat\sub-010_ses-headDown_T2w_seg.nii.gz","745","7","",70.79440898758538,0.0,-0.398503780285738,0.0,12.679990450528306,0.0,5.92594600275439,0.0,6.502791921235444,0.0,14.141363959078252,0.0,2.7952295404069414,0.0,3.1307164623474484,0.0,0.8880008762351059,0.0,0.673072976905092,0.0,0.9406531744741438,0.0,""
"2026-09-29 14:11:04","git-master-bddc7a050319718b5e4e0856afec0bc9ea96418f","C:\Users\marco\Desktop\ds004507\sub-010\ses-headDown\anat\sub-010_ses-headDown_T2w_seg.nii.gz","746","7","",71.36745405364985,0.0,-0.40840878945165077,0.0,12.64921852856554,0.0,5.948910061694426,0.0,6.53561186840213,0.0,14.203528177590524,0.0,2.751162603115871,0.0,3.1977474585785552,0.0,0.8878464621355155,0.0,0.36570842734222286,0.0,0.9433824267174507,0.0,""
"2026-09-29 14:11:04","git-master-bddc7a050319718b5e4e0856afec0bc9ea96418f","C:\Users\marco\Desktop\ds004507\sub-010\ses-headDown\anat\sub-010_ses-headDown_T2w_seg.nii.gz","747","7","",72.64998449857686,0.0,-0.4188334629393477,0.0,12.617677422887947,0.0,6.3282865741527505,0.0,6.693702908955075,0.0,14.046455860852596,0.0,2.9307829439676705,0.0,3.39750363018508,0.0,0.8790005846548479,0.0,0.6960541862420513,0.0,0.9568889993822021,0.0,""
"2026-09-29 14:11:04","git-master-bddc7a050319718b5e4e0856afec0bc9ea96418f","C:\Users\marco\Desktop\ds004507\sub-010\ses-headDown\anat\sub-010_ses-headDown_T2w_seg.nii.gz","748","7","",72.92966207816343,0.0,-0.42970693316761704,0.0,12.585471548086014,0.0,6.45237489049239,0.0,6.759248508151961,0.0,14.011456558377358,0.0,2.985766056325415,0.0,3.466608834166975,0.0,0.8759353497346629,0.0,1.1228306448087741,0.0,0.9606990134750152,0.0,""
"2026-09-29 14:11:04","git-master-bddc7a050319718b5e4e0856afec0bc9ea96418f","C:\Users\marco\Desktop\ds004507\sub-010\ses-headDown\anat\sub-010_ses-headDown_T2w_seg.nii.gz","749","7","",72.20570198298472,0.0,-0.44102919648022676,0.0,12.552600518930031,0.0,6.26693899884398,0.0,6.696595444364745,0.0,14.113356200349502,0.0,2.9182991697637664,0.0,3.348639829080213,0.0,0.8801811099138642,0.0,1.2337072842023495,0.0,0.9547421192984774,0.0,""
"2026-09-29 14:11:04","git-master-bddc7a050319718b5e4e0856afec0bc9ea96418f","C:\Users\marco\Desktop\ds004507\sub-010\ses-headDown\anat\sub-010_ses-headDown_T2w_seg.nii.gz","750","7","",71.26309081313693,0.0,-0.4528002490657255,0.0,12.51906394648405,0.0,5.938219895013904,0.0,6.552912508430596,0.0,14.249523526615224,0.0,2.8566246170983702,0.0,3.0815952779155333,0.0,0.88797079186935,0.0,0.6941903735813223,0.0,0.9468555699724746,0.0,""
"2026-09-29 14:11:04","git-master-bddc7a050319718b5e4e0856afec0bc9ea96418f","C:\Users\marco\Desktop\ds004507\sub-010\ses-headDown\anat\sub-010_ses-headDown_T2w_seg.nii.gz","751","7","",74.6200009453475,0.0,-0.4651618056145326,0.0,12.484650875685261,0.0,6.23442569468705,0.0,6.837624905344449,0.0,14.221603187767432,0.0,3.008630589603838,0.0,3.225795105083212,0.0,0.8767525248694654,0.0,0.8591385888738515,0.0,0.9593032878075366,0.0,""
"2026-09-29 14:11:04","git-master-bddc7a050319718b5e4e0856afec0bc9ea96418f","C:\Users\marco\Desktop\ds004507\sub-010\ses-headDown\anat\sub-010_ses-headDown_T2w_seg.nii.gz","752","7","",75.379326895493,0.0,-0.47799575766850777,0.0,12.44953593024893,0.0,6.436838569197813,0.0,6.931181959853626,0.0,14.131522998462685,0.0,3.1263174811349557,0.0,3.310521088062858,0.0,0.8714322001582858,0.0,1.6272141865197087,0.0,0.9666428339356286,0.0,""
"2026-09-29 14:11:04","git-master-bddc7a050319718b5e4e0856afec0bc9ea96418f","C:\Users\marco\Desktop\ds004507\sub-010\ses-headDown\anat\sub-010_ses-headDown_T2w_seg.nii.gz","753","7","",75.18459971487819,0.0,-0.49127847997463825,0.0,12.413753755403249,0.0,6.518952275399064,0.0,6.930581691915797,0.0,14.10139984920548,0.0,3.1429444607945256,0.0,3.3760078146045394,0.0,0.8708791189357061,0.0,1.9572245569833742,0.0,0.9699270997436135,0.0,""
"2026-09-29 14:11:04","git-master-bddc7a050319718b5e4e0856afec0bc9ea96418f","C:\Users\marco\Desktop\ds004507\sub-010\ses-headDown\anat\sub-010_ses-headDown_T2w_seg.nii.gz","754","7","",74.82087353758551,0.0,-0.5050099672313669,0.0,12.377303933017808,0.0,6.503797726722389,0.0,6.890602956520223,0.0,14.157607669743685,0.0,3.0688300841681118,0.0,3.434967642554278,0.0,0.8735536973012261,0.0,1.670481972100593,0.0,0.9625703564727954,0.0,""
"2026-09-29 14:11:04","git-master-bddc7a050319718b5e4e0856afec0bc9ea96418f","C:\Users\marco\Desktop\ds004507\sub-010\ses-headDown\anat\sub-010_ses-headDown_T2w_seg.nii.gz","755","7","",74.47641029183593,0.0,-0.5192138323214068,0.0,12.340150842226777,0.0,6.471619964321955,0.0,6.84206506201752,0.0,14.239568738984495,0.0,2.9947918118525627,0.0,3.4768281524693925,0.0,0.8769942716204502,0.0,1.3912410090236198,0.0,0.9281530122993538,0.0,""
"2026-09-29 14:11:04","git-master-bddc7a050319718b5e4e0856afec0bc9ea96418f","C:\Users\marco\Desktop\ds004507\sub-010\ses-headDown\anat\sub-010_ses-headDown_T2w_seg.nii.gz","756","7","",75.0110621770182,0.0,-0.5340081570533642,0.0,12.30211776940821,0.0,6.325161272653127,0.0,6.909678644691124,0.0,14.199288858774022,0.0,2.954292321974755,0.0,3.3708689506783722,0.0,0.8735997546553467,0.0,1.1936455182522638,0.0,0.9324666132007569,0.0,""
"2026-09-29 14:11:04","git-master-bddc7a050319718b5e4e0856afec0bc9ea96418f","C:\Users\marco\Desktop\ds004507\sub-010\ses-headDown\anat\sub-010_ses-headDown_T2w_seg.nii.gz","757","7","",75.79482125541428,0.0,-0.5492512211631059,0.0,12.263415252925816,0.0,6.405109318040193,0.0,6.918341078666087,0.0,14.16658755079635,0.0,3.095655079913915,0.0,3.309454238126278,0.0,0.8726445076256929,0.0,1.603166164481104,0.0,0.9580625409915657,0.0,""
"2026-09-29 14:11:04","git-master-bddc7a050319718b5e4e0856afec0bc9ea96418f","C:\Users\marco\Desktop\ds004507\sub-010\ses-headDown\anat\sub-010_ses-headDown_T2w_seg.nii.gz","758","7","",75.95185556167354,0.0,-0.5649430174677466,0.0,12.224042847512571,0.0,6.513358392276499,0.0,6.9017890474617865,0.0,14.106228706762302,0.0,3.199021615768286,0.0,3.314336776508213,0.0,0.8721246840532749,0.0,2.456517588435141,0.0,0.9785012294480231,0.0,""
"2026-09-29 14:11:04","git-master-bddc7a050319718b5e4e0856afec0bc9ea96418f","C:\Users\marco\Desktop\ds004507\sub-010\ses-headDown\anat\sub-010_ses-headDown_T2w_seg.nii.gz","759","7","",75.29672449195684,0.0,-0.5810835385214569,0.0,12.184000104762159,0.0,6.5185211435087576,0.0,6.887423728603354,0.0,14.036339532192605,0.0,3.139470738272934,0.0,3.379050405235824,0.0,0.8713266322406565,0.0,3.237477996658801,0.0,0.9791781096122132,0.0,""
"2026-09-29 14:11:04","git-master-bddc7a050319718b5e4e0856afec0bc9ea96418f","C:\Users\marco\Desktop\ds004507\sub-010\ses-headDown\anat\sub-010_ses-headDown_T2w_seg.nii.gz","760","7","",75.58826160532021,0.0,-0.5977436242069988,0.0,12.143180525696273,0.0,6.514377982604883,0.0,6.86220312387269,0.0,14.163025760802483,0.0,3.0705814080548763,0.0,3.4437965745500074,0.0,0.8747748944670758,0.0,2.304391379119639,0.0,0.9756213027979427,0.0,""
"2026-09-29 14:11:04","git-master-bddc7a050319718b5e4e0856afec0bc9ea96418f","C:\Users\marco\Desktop\ds004507\sub-010\ses-headDown\anat\sub-010_ses-headDown_T2w_seg.nii.gz","761","7","",76.8440577016229,0.0,-0.6149468747074905,0.0,12.101547916577154,0.0,6.792003136865089,0.0,6.988501926923738,0.0,14.092645884298634,0.0,3.2323666966126674,0.0,3.559636440252422,0.0,0.8683146143649288,0.0,2.80964563389952,0.0,0.9610751896216476,0.0,""
"2026-09-29 14:11:04","git-master-bddc7a050319718b5e4e0856afec0bc9ea96418f","C:\Users\marco\Desktop\ds004507\sub-010\ses-headDown\anat\sub-010_ses-headDown_T2w_seg.nii.gz","762","7","",77.55527809704047,0.0,-0.6325988142107934,0.0,12.059243050235821,0.0,6.931734751956483,0.0,7.034065106243966,0.0,14.102224595488396,0.0,3.301098020882602,0.0,3.630636731073882,0.0,0.8667126673086668,0.0,3.094688608859724,0.0,0.9601275473326303,0.0,""
"2026-09-29 14:11:04","git-master-bddc7a050319718b5e4e0856afec0bc9ea96418f","C:\Users\marco\Desktop\ds004507\sub-010\ses-headDown\anat\sub-010_ses-headDown_T2w_seg.nii.gz","763","7","",77.27664865613268,0.0,-0.6506994328671878,0.0,12.016265453747769,0.0,6.834770251936789,0.0,6.977575564598321,0.0,14.156729178200328,0.0,3.273799893001964,0.0,3.5609703589348256,0.0,0.8700723257181567,0.0,3.113582149350343,0.0,0.968447417818932,0.0,""
"2026-09-29 14:11:04","git-master-bddc7a050319718b5e4e0856afec0bc9ea96418f","C:\Users\marco\Desktop\ds004507\sub-010\ses-headDown\anat\sub-010_ses-headDown_T2w_seg.nii.gz","764","7","",75.93892292942706,0.0,-0.6692487204997838,0.0,11.972614651364518,0.0,6.523155251208837,0.0,6.852491928364012,0.0,14.163327249032086,0.0,3.2110217948654345,0.0,3.312133456343403,0.0,0.8751681539492908,0.0,3.139721588043473,0.0,0.976030911765757,0.0,""
"2026-09-29 14:11:04","git-master-bddc7a050319718b5e4e0856afec0bc9ea96418f","C:\Users\marco\Desktop\ds004507\sub-010\ses-headDown\anat\sub-010_ses-headDown_T2w_seg.nii.gz","765","7","",74.83203273072652,0.0,-0.6883647284686353,0.0,11.928112622391613,0.0,6.526695536370337,0.0,6.793737981726292,0.0,14.073617971676079,0.0,3.1546405634871464,0.0,3.372054972883191,0.0,0.8757706106315798,0.0,3.5080687365584113,0.0,0.9776655955413668,0.0,""
"2026-09-29 14:11:04","git-master-bddc7a050319718b5e4e0856afec0bc9ea96418f","C:\Users\marco\Desktop\ds004507\sub-010\ses-headDown\anat\sub-010_ses-headDown_T2w_seg.nii.gz","766","7","",74.832611090347,0.0,-0.7079765962319909,0.0,11.882864916671497,0.0,6.515739645566065,0.0,6.743201464018184,0.0,14.173848112879318,0.0,3.0901884854094557,0.0,3.4255511601566093,0.0,0.8795444631387663,0.0,3.2671176116884646,0.0,0.9558771886311401,0.0,""
"2026-09-29 14:11:04","git-master-bddc7a050319718b5e4e0856afec0bc9ea96418f","C:\Users\marco\Desktop\ds004507\sub-010\ses-headDown\anat\sub-010_ses-headDown_T2w_seg.nii.gz","767","7","",75.26296064614239,0.0,-0.728037084320647,0.0,11.83694197483437,0.0,6.479084002295146,0.0,6.717654524141691,0.0,14.285378036666662,0.0,3.015955681491788,0.0,3.4631283208033583,0.0,0.882528357631707,0.0,3.5091272702808505,0.0,0.9438029800325805,0.0,""
"2026-09-29 14:11:04","git-master-bddc7a050319718b5e4e0856afec0bc9ea96418f","C:\Users\marco\Desktop\ds004507\sub-010\ses-headDown\anat\sub-010_ses-headDown_T2w_seg.nii.gz","768","7","",75.76035126086443,0.0,-0.7485461795519427,0.0,11.790343299523874,0.0,6.499674833572754,0.0,6.736970998407193,0.0,14.296306790979763,0.0,3.0210300546375883,0.0,3.4786447789351653,0.0,0.8819534389552565,0.0,3.818859356714615,0.0,0.9459079846507416,0.0,""
"2026-09-29 14:11:04","git-master-bddc7a050319718b5e4e0856afec0bc9ea96418f","C:\Users\marco\Desktop\ds004507\sub-010\ses-headDown\anat\sub-010_ses-headDown_T2w_seg.nii.gz","769","7","",76.05330116828064,0.0,-0.7695038683434823,0.0,11.743068390906407,0.0,6.727410262050261,0.0,6.824472507521657,0.0,14.113100193233457,0.0,3.259651192195939,0.0,3.467759069854323,0.0,0.8753134959096965,0.0,2.851274251236603,0.0,0.9509241555130656,0.0,""
"2026-09-29 14:11:04","git-master-bddc7a050319718b5e4e0856afec0bc9ea96418f","C:\Users\marco\Desktop\ds004507\sub-010\ses-headDown\anat\sub-010_ses-headDown_T2w_seg.nii.gz","770","6","",75.75165163448187,0.0,-0.7968831078603648,0.0,11.681889721578354,0.0,6.5321283231185605,0.0,6.882180985908194,0.0,14.095389239767895,0.0,3.1163745132908516,0.0,3.415753809827709,0.0,0.8726995540072805,0.0,3.4074372526447467,0.0,0.9874081846799581,0.0,""
"2026-09-29 14:11:04","git-master-bddc7a050319718b5e4e0856afec0bc9ea96418f","C:\Users\marco\Desktop\ds004507\sub-010\ses-headDown\anat\sub-010_ses-headDown_T2w_seg.nii.gz","771","6","",76.06236484867807,0.0,-0.8203483516154237,0.0,11.629926408888881,0.0,6.527679423569891,0.0,6.781502890878909,0.0,14.256063328530203,0.0,3.0507278841006906,0.0,3.4769515394692005,0.0,0.8795731027939291,0.0,2.3816278129778365,0.0,0.9825746869369382,0.0,""
"2026-09-29 14:11:04","git-master-bddc7a050319718b5e4e0856afec0bc9ea96418f","C:\Users\marco\Desktop\ds004507\sub-010\ses-headDown\anat\sub-010_ses-headDown_T2w_seg.nii.gz","772","6","",76.34878320094504,0.0,-0.8443329332687837,0.0,11.577177279282857,0.0,6.512918715389987,0.0,6.826477721876915,0.0,14.21718864264253,0.0,2.9873295469613055,0.0,3.5255891684286818,0.0,0.8771553330683095,0.0,2.7614391347669214,0.0,0.9618131674107608,0.0,""
"2026-09-29 14:11:04","git-master-bddc7a050319718b5e4e0856afec0bc9ea96418f","C:\Users\marco\Desktop\ds004507\sub-010\ses-headDown\anat\sub-010_ses-headDown_T2w_seg.nii.gz","773","6","",76.64761351930348,0.0,-0.8688368281315237,0.0,11.523641616248614,0.0,6.53530285717395,0.0,6.896100504348725,0.0,14.222945504319174,0.0,2.963882364968193,0.0,3.5714204922057577,0.0,0.8745940695108142,0.0,3.591444674508545,0.0,0.9498644393471699,0.0,""
"2026-09-29 14:11:04","git-master-bddc7a050319718b5e4e0856afec0bc9ea96418f","C:\Users\marco\Desktop\ds004507\sub-010\ses-headDown\anat\sub-010_ses-headDown_T2w_seg.nii.gz","774","6","",77.19598516545945,0.0,-0.8938600103826402,0.0,11.469318699006646,0.0,6.667707955615437,0.0,6.9794174202423624,0.0,14.206120413591044,0.0,3.044398196162386,0.0,3.6233097594530514,0.0,0.8709255580959909,0.0,3.6277784711168963,0.0,0.9521766015548758,0.0,""
"2026-09-29 14:11:04","git-master-bddc7a050319718b5e4e0856afec0bc9ea96418f","C:\Users\marco\Desktop\ds004507\sub-010\ses-headDown\anat\sub-010_ses-headDown_T2w_seg.nii.gz","775","6","",77.86311279204992,0.0,-0.9194024530416471,0.0,11.414207802636637,0.0,6.835823786470291,0.0,7.069069035801127,0.0,14.115873908665321,0.0,3.188640817077007,0.0,3.6471829693932842,0.0,0.8655589338475538,0.0,2.4071815342820755,0.0,0.9606725779652591,0.0,""
"2026-09-29 14:11:04","git-master-bddc7a050319718b5e4e0856afec0bc9ea96418f","C:\Users\marco\Desktop\ds004507\sub-010\ses-headDown\anat\sub-010_ses-headDown_T2w_seg.nii.gz","776","6","",77.58195909988828,0.0,-0.9454641279411764,0.0,11.358308198204504,0.0,6.6455480155201805,0.0,7.05483352935735,0.0,14.245508426285088,0.0,3.1215688462838216,0.0,3.523979169236359,0.0,0.868760688593394,0.0,1.3160482328283563,0.0,0.9595176571920758,0.0,""
"2026-09-29 14:11:04","git-master-bddc7a050319718b5e4e0856afec0bc9ea96418f","C:\Users\marco\Desktop\ds004507\sub-010\ses-headDown\anat\sub-010_ses-headDown_T2w_seg.nii.gz","777","6","",76.11443143535814,0.0,-0.9721747930879889,0.0,11.301421484420365,0.0,6.548667242755416,0.0,6.935956100396979,0.0,14.130642907021482,0.0,3.060854894672052,0.0,3.4878123480833634,0.0,0.871247985646973,0.0,2.500621183336945,0.0,0.9474906560047642,0.0,""
"2026-09-29 14:11:04","git-master-bddc7a050319718b5e4e0856afec0bc9ea96418f","C:\Users\marco\Desktop\ds004507\sub-010\ses-headDown\anat\sub-010_ses-headDown_T2w_seg.nii.gz","778","6","",75.83310385499884,0.0,-0.9994046077884629,0.0,11.243744096760217,0.0,6.567724870104308,0.0,6.953914167516096,0.0,14.022847513051063,0.0,2.963698695082818,0.0,3.6040261750214895,0.0,0.8683564668816861,0.0,2.974707495995436,0.0,0.9431758256259525,0.0,""
"2026-09-29 14:11:04","git-master-bddc7a050319718b5e4e0856afec0bc9ea96418f","C:\Users\marco\Desktop\ds004507\sub-010\ses-headDown\anat\sub-010_ses-headDown_T2w_seg.nii.gz","779","6","",76.91665821499751,0.0,-1.0271535380198014,0.0,11.185275290605627,0.0,6.737127256268945,0.0,7.0616247812837205,0.0,13.95897057009154,0.0,3.105763891244914,0.0,3.6313633650240305,0.0,0.8625568326510215,0.0,2.7029338352943215,0.0,0.9553079319172391,0.0,""
"2026-09-29 14:11:04","git-master-bddc7a050319718b5e4e0856afec0bc9ea96418f","C:\Users\marco\Desktop\ds004507\sub-010\ses-headDown\anat\sub-010_ses-headDown_T2w_seg.nii.gz","780","6","",77.41913277089145,0.0,-1.055421548338968,0.0,11.126014318401689,0.0,6.77148011976695,0.0,7.1281292324705925,0.0,13.944487515491515,0.0,3.231547385426412,0.0,3.5399327343405376,0.0,0.8594686321949586,0.0,2.2747241152268347,0.0,0.9716649871891077,0.0,""
"2026-09-29 14:11:04","git-master-bddc7a050319718b5e4e0856afec0bc9ea96418f","C:\Users\marco\Desktop\ds004507\sub-010\ses-headDown\anat\sub-010_ses-headDown_T2w_seg.nii.gz","781","6","",76.38490264247962,0.0,-1.0842086018517547,0.0,11.065960429799489,0.0,6.539979562779064,0.0,7.10388139372163,0.0,13.952379032358214,0.0,3.1017157047092843,0.0,3.4382638580697797,0.0,0.860667090918708,0.0,2.282673018843392,0.0,0.9735168127691293,0.0,""
"2026-09-29 14:11:04","git-master-bddc7a050319718b5e4e0856afec0bc9ea96418f","C:\Users\marco\Desktop\ds004507\sub-010\ses-headDown\anat\sub-010_ses-headDown_T2w_seg.nii.gz","782","6","",76.96366027873432,0.0,-1.113514660181851,0.0,11.005112871798586,0.0,6.540803094996721,0.0,7.186036061228387,0.0,13.922009183685205,0.0,3.0404413672640236,0.0,3.5003617277326975,0.0,0.856489937671451,0.0,2.70091951780603,0.0,0.9500736015701668,0.0,""
"2026-09-29 14:11:04","git-master-bddc7a050319718b5e4e0856afec0bc9ea96418f","C:\Users\marco\Desktop\ds004507\sub-010\ses-headDown\anat\sub-010_ses-headDown_T2w_seg.nii.gz","783","6","",78.21650777537194,0.0,-1.1434694067096358,0.0,10.94327196614794,0.0,6.591362315470115,0.0,7.285507620569472,0.0,13.99867959233958,0.0,3.0192400049964148,0.0,3.5721223104737003,0.0,0.8538966520789718,0.0,2.5629184570924446,0.0,0.948077189525265,0.0,""
"2026-09-29 14:11:04","git-master-bddc7a050319718b5e4e0856afec0bc9ea96418f","C:\Users\marco\Desktop\ds004507\sub-010\ses-headDown\anat\sub-010_ses-headDown_T2w_seg.nii.gz","784","6","",79.49021489955696,0.0,-1.1739430463163292,0.0,10.88063536953141,0.0,6.964325039782385,0.0,7.404045252982629,0.0,13.902010536226202,0.0,3.2602270818115864,0.0,3.704097957970798,0.0,0.8462930051095267,0.0,1.7794383765245734,0.0,0.9663050568602075,0.0,""
"2026-09-29 14:11:04","git-master-bddc7a050319718b5e4e0856afec0bc9ea96418f","C:\Users\marco\Desktop\ds004507\sub-010\ses-headDown\anat\sub-010_ses-headDown_T2w_seg.nii.gz","785","6","",78.95227053256313,0.0,-1.2049355333783367,0.0,10.81720231967704,0.0,7.047487576812021,0.0,7.376915656637982,0.0,13.805967870284567,0.0,3.346827293707642,0.0,3.7006602831043782,0.0,0.845271349991266,0.0,1.6065109768189105,0.0,0.9699279494830532,0.0,""
"2026-09-29 14:11:04","git-master-bddc7a050319718b5e4e0856afec0bc9ea96418f","C:\Users\marco\Desktop\ds004507\sub-010\ses-headDown\anat\sub-010_ses-headDown_T2w_seg.nii.gz","786","6","",77.5698291538984,0.0,-1.2364468205284938,0.0,10.752972052865438,0.0,6.819189162916167,0.0,7.245235749782634,0.0,13.825416612629853,0.0,3.2856935367822047,0.0,3.5334956261339623,0.0,0.8515909597334868,0.0,1.5867254437499287,0.0,0.9713549816924711,0.0,""
"2026-09-29 14:11:04","git-master-bddc7a050319718b5e4e0856afec0bc9ea96418f","C:\Users\marco\Desktop\ds004507\sub-010\ses-headDown\anat\sub-010_ses-headDown_T2w_seg.nii.gz","787","6","",76.78768886229713,0.0,-1.2684768586216402,0.0,10.68794380408848,0.0,6.559349032526174,0.0,7.12446547657953,0.0,13.94386294380803,0.0,3.2235629432852337,0.0,3.3357860892409397,0.0,0.8596149274857673,0.0,1.1206545333413238,0.0,0.9848308315163214,0.0,""
"2026-09-29 14:11:04","git-master-bddc7a050319718b5e4e0856afec0bc9ea96418f","C:\Users\marco\Desktop\ds004507\sub-010\ses-headDown\anat\sub-010_ses-headDown_T2w_seg.nii.gz","788","6","",76.20626939671233,0.0,-1.3010255967001956,0.0,10.622116807208057,0.0,6.5605034887431515,0.0,7.072900612946331,0.0,13.94119620605097,0.0,3.164112917671849,0.0,3.396390571071303,0.0,0.8617470668970998,0.0,1.0382806570572376,0.0,0.9810329360502371,0.0,""
"2026-09-29 14:11:04","git-master-bddc7a050319718b5e4e0856afec0bc9ea96418f","C:\Users\marco\Desktop\ds004507\sub-010\ses-headDown\anat\sub-010_ses-headDown_T2w_seg.nii.gz","789","6","",77.00506691827219,0.0,-1.3342226201245668,0.0,10.555290096286832,0.0,6.552554156525719,0.0,7.2139046535777505,0.0,13.887244824726354,0.0,3.0939202549689617,0.0,3.4586339015567584,0.0,0.8544640021867433,0.0,0.8302146798578337,0.0,0.9471599180343028,0.0,""
"2026-09-29 14:11:04","git-master-bddc7a050319718b5e4e0856afec0bc9ea96418f","C:\Users\marco\Desktop\ds004507\sub-010\ses-headDown\anat\sub-010_ses-headDown_T2w_seg.nii.gz","790","6","",79.0247558216028,0.0,-1.367938196208282,0.0,10.487662590053906,0.0,6.947150262014887,0.0,7.413113270472796,0.0,13.782816780562865,0.0,3.359189306150455,0.0,3.5879609558644323,0.0,0.8428983905844178,0.0,1.620473368173271,0.0,0.9587084622110941,0.0,""
"2026-09-29 14:11:04","git-master-bddc7a050319718b5e4e0856afec0bc9ea96418f","C:\Users\marco\Desktop\ds004507\sub-010\ses-headDown\anat\sub-010_ses-headDown_T2w_seg.nii.gz","791","6","",79.42960301942094,0.0,-1.4017951936270834,0.0,10.418887517590983,0.0,7.144206989500529,0.0,7.481689001928973,0.0,13.68466632596145,0.0,3.4625760069296323,0.0,3.6816309825708973,0.0,0.837312547352486,0.0,1.9195533196062973,0.0,0.9685701796568099,0.0,""
"2026-09-29 14:11:04","git-master-bddc7a050319718b5e4e0856afec0bc9ea96418f","C:\Users\marco\Desktop\ds004507\sub-010\ses-headDown\anat\sub-010_ses-headDown_T2w_seg.nii.gz","792","6","",78.31632595984014,0.0,-1.4354165152397846,0.0,10.34861760975084,0.0,7.065259026137353,0.0,7.366549157454943,0.0,13.676250743647707,0.0,3.4032342889711393,0.0,3.662024737166214,0.0,0.8423718344485066,0.0,1.778081822532397,0.0,0.9674441497638518,0.0,""
"2026-09-29 14:11:04","git-master-bddc7a050319718b5e4e0856afec0bc9ea96418f","C:\Users\marco\Desktop\ds004507\sub-010\ses-headDown\anat\sub-010_ses-headDown_T2w_seg.nii.gz","793","6","",76.851895381076,0.0,-1.4685507806876938,0.0,10.276620550157656,0.0,6.850633780480258,0.0,7.137402314862019,0.0,13.765070787244053,0.0,3.3282399322413645,0.0,3.522393848238894,0.0,0.855042026678182,0.0,1.6866358491583364,0.0,0.9657731551084004,0.0,""
"2026-09-29 14:11:04","git-master-bddc7a050319718b5e4e0856afec0bc9ea96418f","C:\Users\marco\Desktop\ds004507\sub-010\ses-headDown\anat\sub-010_ses-headDown_T2w_seg.nii.gz","794","6","",75.41133806615166,0.0,-1.5011980089940367,0.0,10.202894426207324,0.0,6.556624601019707,0.0,6.973784817355638,0.0,13.780011121841918,0.0,3.184014417358849,0.0,3.372610183660858,0.0,0.8624866778483037,0.0,1.4755610485807298,0.0,0.9756799163179917,0.0,""
"2026-09-29 14:11:04","git-master-bddc7a050319718b5e4e0856afec0bc9ea96418f","C:\Users\marco\Desktop\ds004507\sub-010\ses-headDown\anat\sub-010_ses-headDown_T2w_seg.nii.gz","795","6","",74.83294518897279,0.0,-1.5332364748678728,0.0,10.127003735670437,0.0,6.558666151936189,0.0,7.00917066427803,0.0,13.74381562807133,0.0,3.210974822573468,0.0,3.347691329362721,0.0,0.8601783462049308,0.0,1.6152676033498046,0.0,0.9766832336260255,0.0,""
"2026-09-29 14:11:04","git-master-bddc7a050319718b5e4e0856afec0bc9ea96418f","C:\Users\marco\Desktop\ds004507\sub-010\ses-headDown\anat\sub-010_ses-headDown_T2w_seg.nii.gz","796","6","",74.23067611451633,0.0,-1.5647879596950593,0.0,10.049378767587696,0.0,6.5595955151297485,0.0,7.047488382484643,0.0,13.586297658674068,0.0,3.168893782713605,0.0,3.3907017324161437,0.0,0.8548916893980024,0.0,1.9899328333124238,0.0,0.9456026812458141,0.0,""
"2026-09-29 14:11:04","git-master-bddc7a050319718b5e4e0856afec0bc9ea96418f","C:\Users\marco\Desktop\ds004507\sub-010\ses-headDown\anat\sub-010_ses-headDown_T2w_seg.nii.gz","797","6","",75.42786841395724,0.0,-1.5958524863341552,0.0,9.970017529877222,0.0,6.857539999721723,0.0,7.184991454119946,0.0,13.42427011349672,0.0,3.308485622342285,0.0,3.549054377379438,0.0,0.844528145334346,0.0,1.8535628210270818,0.0,0.9527796495573924,0.0,""
"2026-09-29 14:11:04","git-master-bddc7a050319718b5e4e0856afec0bc9ea96418f","C:\Users\marco\Desktop\ds004507\sub-010\ses-headDown\anat\sub-010_ses-headDown_T2w_seg.nii.gz","798","6","",76.75662223248241,0.0,-1.6264300783717491,0.0,9.88891801636927,0.0,7.1417867133119755,0.0,7.295019799488999,0.0,13.340870646835283,0.0,3.449352566208533,0.0,3.6924341471034423,0.0,0.8372497488672466,0.0,1.569736575814738,0.0,0.9748625892583771,0.0,""
"2026-09-29 14:11:04","git-master-bddc7a050319718b5e4e0856afec0bc9ea96418f","C:\Users\marco\Desktop\ds004507\sub-010\ses-headDown\anat\sub-010_ses-headDown_T2w_seg.nii.gz","799","6","",76.53692768104308,0.0,-1.656520760092393,0.0,9.806078207752101,0.0,7.082520963167677,0.0,7.259535947990053,0.0,13.387741776092616,0.0,3.3763514773873786,0.0,3.7061694857802983,0.0,0.8401664493233711,0.0,1.6138931734538606,0.0,0.9717648448155707,0.0,""
"2026-09-29 14:11:04","git-master-bddc7a050319718b5e4e0856afec0bc9ea96418f","C:\Users\marco\Desktop\ds004507\sub-010\ses-headDown\anat\sub-010_ses-headDown_T2w_seg.nii.gz","800","6","",76.5557922281072,0.0,-1.6861245564485356,0.0,9.72149607251785,0.0,6.920564657412065,0.0,7.200661209047154,0.0,13.587210990435892,0.0,3.235960595419848,0.0,3.6846040619922165,0.0,0.8480234280296929,0.0,1.575618895875499,0.0,0.9636224879165607,0.0,""
"2026-09-29 14:11:04","git-master-bddc7a050319718b5e4e0856afec0bc9ea96418f","C:\Users\marco\Desktop\ds004507\sub-010\ses-headDown\anat\sub-010_ses-headDown_T2w_seg.nii.gz","801","5","",75.14761380622625,0.0,-1.7209188357609535,0.0,9.617379926574895,0.0,6.581265131608021,0.0,7.094799142238344,0.0,13.533031176211054,0.0,3.1796416080817167,0.0,3.401623523526304,0.0,0.8515595134347753,0.0,1.6959429218938475,0.0,0.9532974082627662,0.0,""
"2026-09-29 14:11:04","git-master-bddc7a050319718b5e4e0856afec0bc9ea96418f","C:\Users\marco\Desktop\ds004507\sub-010\ses-headDown\anat\sub-010_ses-headDown_T2w_seg.nii.gz","802","5","",78.07415156876714,0.0,-1.7485958815721188,0.0,9.530655425076104,0.0,7.0583631946732215,0.0,7.414903180918037,0.0,13.370626485554581,0.0,3.436925311497507,0.0,3.6214378831757146,0.0,0.831900832795124,0.0,2.254360288069845,0.0,0.9771092668224944,0.0,""
"2026-09-29 14:11:04","git-master-bddc7a050319718b5e4e0856afec0bc9ea96418f","C:\Users\marco\Desktop\ds004507\sub-010\ses-headDown\anat\sub-010_ses-headDown_T2w_seg.nii.gz","803","5","",78.09330189008449,0.0,-1.7758165723459067,0.0,9.442289774298615,0.0,7.168908818867263,0.0,7.551086494524399,0.0,13.219864916646914,0.0,3.4568207510510134,0.0,3.7120880678162496,0.0,0.820732341907136,0.0,2.1730387129288276,0.0,0.9784985740045908,0.0,""
"2026-09-29 14:11:04","git-master-bddc7a050319718b5e4e0856afec0bc9ea96418f","C:\Users\marco\Desktop\ds004507\sub-010\ses-headDown\anat\sub-010_ses-headDown_T2w_seg.nii.gz","804","5","",77.39684370082307,0.0,-1.8025809326644773,0.0,9.352281159174803,0.0,7.17141631015856,0.0,7.573129538088232,0.0,13.126390941309037,0.0,3.404759018865643,0.0,3.766657291292917,0.0,0.8167871750142263,0.0,2.284488775780863,0.0,0.9743700519367471,0.0,""
"2026-09-29 14:11:04","git-master-bddc7a050319718b5e4e0856afec0bc9ea96418f","C:\Users\marco\Desktop\ds004507\sub-010\ses-headDown\anat\sub-010_ses-headDown_T2w_seg.nii.gz","805","5","",76.83457681915756,0.0,-1.828888987398937,0.0,9.260627763319063,0.0,7.174167833904673,0.0,7.553274843461964,0.0,13.071527565579837,0.0,3.3771903639142664,0.0,3.796977469990406,0.0,0.8161427290721287,0.0,2.478327855437924,0.0,0.9735126348117448,0.0,""
"2026-09-29 14:11:04","git-master-bddc7a050319718b5e4e0856afec0bc9ea96418f","C:\Users\marco\Desktop\ds004507\sub-010\ses-headDown\anat\sub-010_ses-headDown_T2w_seg.nii.gz","806","5","",76.38208144806913,0.0,-1.8547407616994145,0.0,9.167327769457119,0.0,7.1791127941010116,0.0,7.565278861230308,0.0,12.99567698004609,0.0,3.398604414359752,0.0,3.780508379741259,0.0,0.8130510033949294,0.0,2.2604939487069844,0.0,0.9758381100797567,0.0,""
"2026-09-29 14:11:04","git-master-bddc7a050319718b5e4e0856afec0bc9ea96418f","C:\Users\marco\Desktop\ds004507\sub-010\ses-headDown\anat\sub-010_ses-headDown_T2w_seg.nii.gz","807","5","",77.24802903163034,0.0,-1.8800450388590135,0.0,9.072049055117036,0.0,7.248400258119115,0.0,7.726229714820163,0.0,12.870455750468448,0.0,3.329356101679604,0.0,3.9190441564395107,0.0,0.7996946359777061,0.0,3.7809833091388683,0.0,0.9560166975304569,0.0,""
"2026-09-29 14:11:04","git-master-bddc7a050319718b5e4e0856afec0bc9ea96418f","C:\Users\marco\Desktop\ds004507\sub-010\ses-headDown\anat\sub-010_ses-headDown_T2w_seg.nii.gz","808","5","",78.13725943806294,0.0,-1.9048474843274024,0.0,8.974953664858964,0.0,7.6143557805397455,0.0,7.9384962100459715,0.0,12.639604157873025,0.0,3.6301864770391647,0.0,3.9841693035005816,0.0,0.7777058456160605,0.0,3.039369035575327,0.0,0.9679144648071778,0.0,""
"2026-09-29 14:11:04","git-master-bddc7a050319718b5e4e0856afec0bc9ea96418f","C:\Users\marco\Desktop\ds004507\sub-010\ses-headDown\anat\sub-010_ses-headDown_T2w_seg.nii.gz","809","5","",77.98581247482568,0.0,-1.9291937491037832,0.0,8.876204687154395,0.0,7.6609022550968655,0.0,7.951045733536607,0.0,12.593775064823893,0.0,3.6889393396312475,0.0,3.9719629154656184,0.0,0.7753994413872427,0.0,2.473900189013859,0.0,0.9692221857209073,0.0,""
"2026-09-29 14:11:04","git-master-bddc7a050319718b5e4e0856afec0bc9ea96418f","C:\Users\marco\Desktop\ds004507\sub-010\ses-headDown\anat\sub-010_ses-headDown_T2w_seg.nii.gz","810","5","",77.19108692727569,0.0,-1.9530838595519502,0.0,8.775800323434197,0.0,7.434884866729231,0.0,7.851664005403903,0.0,12.670284135215788,0.0,3.5843591511041852,0.0,3.850525715625046,0.0,0.784807712082172,0.0,1.9021011750818135,0.0,0.9683453244872641,0.0,""
"2026-09-29 14:11:04","git-master-bddc7a050319718b5e4e0856afec0bc9ea96418f","C:\Users\marco\Desktop\ds004507\sub-010\ses-headDown\anat\sub-010_ses-headDown_T2w_seg.nii.gz","811","5","",76.79890591058661,0.0,-1.9765178421532328,0.0,8.673738781957077,0.0,7.217040218142442,0.0,7.811262443051558,0.0,12.729206232843323,0.0,3.554410680717858,0.0,3.6626295374245834,0.0,0.7895663400413822,0.0,1.1696234143417907,0.0,0.9760167766424308,0.0,""
"2026-09-29 14:11:04","git-master-bddc7a050319718b5e4e0856afec0bc9ea96418f","C:\Users\marco\Desktop\ds004507\sub-010\ses-headDown\anat\sub-010_ses-headDown_T2w_seg.nii.gz","812","5","",78.53456299952859,0.0,-1.9994501175700972,0.0,8.569852104716666,0.0,7.389289810436295,0.0,7.930487820597178,0.0,12.738078252508238,0.0,3.670762501693212,0.0,3.7185273087430826,0.0,0.782548340300139,0.0,2.840021501525846,0.0,0.9599638405104606,0.0,""
"2026-09-29 14:11:04","git-master-bddc7a050319718b5e4e0856afec0bc9ea96418f","C:\Users\marco\Desktop\ds004507\sub-010\ses-headDown\anat\sub-010_ses-headDown_T2w_seg.nii.gz","813","5","",78.06675771779464,0.0,-2.0218351218611534,0.0,8.463971344739694,0.0,7.482184641482927,0.0,7.947599526803752,0.0,12.642472797622588,0.0,3.6256370180059405,0.0,3.8565476234769873,0.0,0.7776728626755299,0.0,4.609487519581495,0.0,0.9601292391044186,0.0,""
"2026-09-29 14:11:04","git-master-bddc7a050319718b5e4e0856afec0bc9ea96418f","C:\Users\marco\Desktop\ds004507\sub-010\ses-headDown\anat\sub-010_ses-headDown_T2w_seg.nii.gz","814","5","",78.48640684711636,0.0,-2.043764101300196,0.0,8.356426606564204,0.0,7.67146316733018,0.0,8.086923298684908,0.0,12.462471035353238,0.0,3.738397523008372,0.0,3.933065644321808,0.0,0.7604202462726735,0.0,4.318124129408919,0.0,0.9700272578526993,0.0,""
"2026-09-29 14:11:04","git-master-bddc7a050319718b5e4e0856afec0bc9ea96418f","C:\Users\marco\Desktop\ds004507\sub-010\ses-headDown\anat\sub-010_ses-headDown_T2w_seg.nii.gz","815","5","",78.7092928271941,0.0,-2.0652370826528537,0.0,8.247216166807016,0.0,7.796253834364548,0.0,8.187669380730414,0.0,12.312154953258906,0.0,3.8532762054761776,0.0,3.9429776288883707,0.0,0.7468266674737302,0.0,3.3277547420709834,0.0,0.9786528115701073,0.0,""
"2026-09-29 14:11:04","git-master-bddc7a050319718b5e4e0856afec0bc9ea96418f","C:\Users\marco\Desktop\ds004507\sub-010\ses-headDown\anat\sub-010_ses-headDown_T2w_seg.nii.gz","816","5","",78.21452013244368,0.0,-2.086254092656988,0.0,8.136338317593639,0.0,7.794456968379073,0.0,8.175915600385935,0.0,12.249124706720078,0.0,3.8643213013493765,0.0,3.930135667029697,0.0,0.7446372096931052,0.0,2.8511720062739343,0.0,0.9787730085287749,0.0,""
"2026-09-29 14:11:04","git-master-bddc7a050319718b5e4e0856afec0bc9ea96418f","C:\Users\marco\Desktop\ds004507\sub-010\ses-headDown\anat\sub-010_ses-headDown_T2w_seg.nii.gz","817","5","",77.94398482469657,0.0,-2.1068151580145718,0.0,8.02379136709464,0.0,7.7995065768463405,0.0,8.16512508933773,0.0,12.230780968587329,0.0,3.8171644962614995,0.0,3.9823420805848415,0.0,0.7445307186951714,0.0,3.2293716821354073,0.0,0.9699763298866326,0.0,""
"2026-09-29 14:11:04","git-master-bddc7a050319718b5e4e0856afec0bc9ea96418f","C:\Users\marco\Desktop\ds004507\sub-010\ses-headDown\anat\sub-010_ses-headDown_T2w_seg.nii.gz","818","5","",77.67329581927919,0.0,-2.126783544701666,0.0,7.909071502254245,0.0,7.786508557676478,0.0,8.107899449715921,0.0,12.283091282672865,0.0,3.7622953548829257,0.0,4.024213202793552,0.0,0.7511679661959908,0.0,1.9929576646440228,0.0,0.9753893142214668,0.0,""
"2026-09-29 14:11:04","git-master-bddc7a050319718b5e4e0856afec0bc9ea96418f","C:\Users\marco\Desktop\ds004507\sub-010\ses-headDown\anat\sub-010_ses-headDown_T2w_seg.nii.gz","819","5","",77.62708752298863,0.0,-2.1462960624506007,0.0,7.7926778448139995,0.0,7.727626248594547,0.0,8.035705268596871,0.0,12.33651357877903,0.0,3.709817134878793,0.0,4.017809113715753,0.0,0.7587097967812003,0.0,1.4822145841457042,0.0,0.9783182909384779,0.0,""
"2026-09-29 14:11:04","git-master-bddc7a050319718b5e4e0856afec0bc9ea96418f","C:\Users\marco\Desktop\ds004507\sub-010\ses-headDown\anat\sub-010_ses-headDown_T2w_seg.nii.gz","820","5","",77.47768988598757,0.0,-2.1653527374493753,0.0,7.674608810677696,0.0,7.695767082371495,0.0,8.045082068713317,0.0,12.297764241301868,0.0,3.6849892346157467,0.0,4.010777847755749,0.0,0.7562156155903262,0.0,2.39586116048,0.0,0.9688081928604838,0.0,""
"2026-09-29 14:11:04","git-master-bddc7a050319718b5e4e0856afec0bc9ea96418f","C:\Users\marco\Desktop\ds004507\sub-010\ses-headDown\anat\sub-010_ses-headDown_T2w_seg.nii.gz","821","5","",77.36934358733467,0.0,-2.183953595729066,0.0,7.5548628409308405,0.0,7.755334218073216,0.0,8.114693378073143,0.0,12.174701642766387,0.0,3.753948697056299,0.0,4.001385521016916,0.0,0.7454173269839998,0.0,3.6290098408267535,0.0,0.9575520323034168,0.0,""
"2026-09-29 14:11:04","git-master-bddc7a050319718b5e4e0856afec0bc9ea96418f","C:\Users\marco\Desktop\ds004507\sub-010\ses-headDown\anat\sub-010_ses-headDown_T2w_seg.nii.gz","822","5","",77.66170765003731,0.0,-2.20209866315682,0.0,7.43343840244654,0.0,7.92071144151833,0.0,8.155863346928754,0.0,12.049788478951085,0.0,3.9605534128365276,0.0,3.9601580286818026,0.0,0.7361191106890307,0.0,3.308984251798996,0.0,0.9650676553393087,0.0,""
"2026-09-29 14:11:04","git-master-bddc7a050319718b5e4e0856afec0bc9ea96418f","C:\Users\marco\Desktop\ds004507\sub-010\ses-headDown\anat\sub-010_ses-headDown_T2w_seg.nii.gz","823","5","",77.7075762480823,0.0,-2.2196968210435424,0.0,7.309997499968036,0.0,7.831260370610434,0.0,8.221115491150465,0.0,12.038291299395373,0.0,3.9099499498753976,0.0,3.9213104207350367,0.0,0.7304902844008635,0.0,3.6505273175153805,0.0,0.9743587474878641,0.0,""
"2026-09-29 14:11:04","git-master-bddc7a050319718b5e4e0856afec0bc9ea96418f","C:\Users\marco\Desktop\ds004507\sub-010\ses-headDown\anat\sub-010_ses-headDown_T2w_seg.nii.gz","824","5","",78.22731670640108,0.0,-2.236793684813546,0.0,7.184705910764563,0.0,7.823134332210282,0.0,8.227383381548615,0.0,12.14144865985435,0.0,3.7941717549439664,0.0,4.028962577266316,0.0,0.7353605542940362,0.0,4.123972307508766,0.0,0.9747178116467554,0.0,""
"2026-09-29 14:11:04","git-master-bddc7a050319718b5e4e0856afec0bc9ea96418f","C:\Users\marco\Desktop\ds004507\sub-010\ses-headDown\anat\sub-010_ses-headDown_T2w_seg.nii.gz","825","5","",78.11323621281205,0.0,-2.2534348550038934,0.0,7.057730299671107,0.0,7.820848823351419,0.0,8.200117201687094,0.0,12.180402836902001,0.0,3.7595856646530854,0.0,4.061263158698334,0.0,0.7394381002002133,0.0,3.577720896637274,0.0,0.9709503752022284,0.0,""
"2026-09-29 14:11:04","git-master-bddc7a050319718b5e4e0856afec0bc9ea96418f","C:\Users\marco\Desktop\ds004507\sub-010\ses-headDown\anat\sub-010_ses-headDown_T2w_seg.nii.gz","826","5","",77.77405924188567,0.0,-2.269620356086572,0.0,6.929069328714602,0.0,7.815444541847265,0.0,8.211985832658133,0.0,12.152390028112562,0.0,3.7538040536466637,0.0,4.061640488200601,0.0,0.73706914683092,0.0,2.5972313522368577,0.0,0.9685074603024983,0.0,""
"2026-09-29 14:11:04","git-master-bddc7a050319718b5e4e0856afec0bc9ea96418f","C:\Users\marco\Desktop\ds004507\sub-010\ses-headDown\anat\sub-010_ses-headDown_T2w_seg.nii.gz","827","5","",77.65962499300527,0.0,-2.285350212257685,0.0,6.79872169645543,0.0,7.815017704299557,0.0,8.27203730807547,0.0,12.111523243055931,0.0,3.702414410336366,0.0,4.112603293963192,0.0,0.7303942774403407,0.0,2.2486153153992565,0.0,0.9695558038928241,0.0,""
"2026-09-29 14:11:04","git-master-bddc7a050319718b5e4e0856afec0bc9ea96418f","C:\Users\marco\Desktop\ds004507\sub-010\ses-headDown\anat\sub-010_ses-headDown_T2w_seg.nii.gz","828","5","",76.80223762017985,0.0,-2.300578888991292,0.0,6.66651716015646,0.0,7.820209887760211,0.0,8.127254960016261,0.0,12.121497015119179,0.0,3.6584324791448495,0.0,4.161777408615363,0.0,0.7419069854470142,0.0,3.4563670161777864,0.0,0.9643865542551068,0.0,""
"2026-09-29 14:11:04","git-master-bddc7a050319718b5e4e0856afec0bc9ea96418f","C:\Users\marco\Desktop\ds004507\sub-010\ses-headDown\anat\sub-010_ses-headDown_T2w_seg.nii.gz","829","5","",76.48468176918146,0.0,-2.3152608644469903,0.0,6.5322848821130455,0.0,7.8207758064853,0.0,8.105671157627345,0.0,12.11523022464995,0.0,3.6793522829856187,0.0,4.1414235234996815,0.0,0.7432191426201618,0.0,3.1347636127147114,0.0,0.9660701716903339,0.0,""
"2026-09-29 14:11:04","git-master-bddc7a050319718b5e4e0856afec0bc9ea96418f","C:\Users\marco\Desktop\ds004507\sub-010\ses-headDown\anat\sub-010_ses-headDown_T2w_seg.nii.gz","830","5","",75.99247948862416,0.0,-2.3294872846971293,0.0,6.396361395551307,0.0,7.786115986973324,0.0,8.092231049470778,0.0,12.090109018605995,0.0,3.590042655716723,0.0,4.196073331256601,0.0,0.7429675852928077,0.0,1.796128077613134,0.0,0.9508535113365181,0.0,""
"2026-09-29 14:11:04","git-master-bddc7a050319718b5e4e0856afec0bc9ea96418f","C:\Users\marco\Desktop\ds004507\sub-010\ses-headDown\anat\sub-010_ses-headDown_T2w_seg.nii.gz","831","5","",75.97726513940675,0.0,-2.3432581719129435,0.0,6.258745662307749,0.0,7.8342714658352675,0.0,8.155679885826231,0.0,12.040423809487551,0.0,3.5863212590794156,0.0,4.247950206755851,0.0,0.7354960989577736,0.0,1.409331555896224,0.0,0.9415381509749409,0.0,""
"2026-09-29 14:11:04","git-master-bddc7a050319718b5e4e0856afec0bc9ea96418f","C:\Users\marco\Desktop\ds004507\sub-010\ses-headDown\anat\sub-010_ses-headDown_T2w_seg.nii.gz","832","5","",76.48308094219381,0.0,-2.3565735478938605,0.0,6.119436692487883,0.0,8.00060244602401,0.0,8.281322222961833,0.0,11.964768620146028,0.0,3.7574480543208395,0.0,4.243154391703171,0.0,0.7217256442262037,0.0,2.401862284126404,0.0,0.9473001457638057,0.0,""
"2026-09-29 14:11:04","git-master-bddc7a050319718b5e4e0856afec0bc9ea96418f","C:\Users\marco\Desktop\ds004507\sub-010\ses-headDown\anat\sub-010_ses-headDown_T2w_seg.nii.gz","833","5","",76.49109931423482,0.0,-2.369433434062276,0.0,5.978433545181879,0.0,8.178574612704653,0.0,8.311594541773083,0.0,11.867824805586206,0.0,3.978691045787492,0.0,4.199883566917161,0.0,0.7138026285893935,0.0,2.752998519224512,0.0,0.9501730959446093,0.0,""
"2026-09-29 14:11:04","git-master-bddc7a050319718b5e4e0856afec0bc9ea96418f","C:\Users\marco\Desktop\ds004507\sub-010\ses-headDown\anat\sub-010_ses-headDown_T2w_seg.nii.gz","834","4","",75.41515069420875,0.0,-2.384532249946859,0.0,5.80217858300645,0.0,7.829310408225327,0.0,8.215518676896064,0.0,11.723012321487351,0.0,3.9150242974812155,0.0,3.914286110744111,0.0,0.7133551548033539,0.0,1.9499659686018953,0.0,0.9690641918020109,0.0,""
"2026-09-29 14:11:04","git-master-bddc7a050319718b5e4e0856afec0bc9ea96418f","C:\Users\marco\Desktop\ds004507\sub-010\ses-headDown\anat\sub-010_ses-headDown_T2w_seg.nii.gz","835","4","",74.67923936588883,0.0,-2.3945115036097206,0.0,5.677894338013228,0.0,7.83853998305802,0.0,8.168593818543686,0.0,11.663606432943991,0.0,3.8770070613176495,0.0,3.9615329217403707,0.0,0.7138015699763556,0.0,3.3268376995279767,0.0,0.9683948956073757,0.0,""
"2026-09-29 14:11:04","git-master-bddc7a050319718b5e4e0856afec0bc9ea96418f","C:\Users\marco\Desktop\ds004507\sub-010\ses-headDown\anat\sub-010_ses-headDown_T2w_seg.nii.gz","836","4","",74.36410838062109,0.0,-2.404207394692284,0.0,5.552553931984137,0.0,7.840122839136538,0.0,8.147212846097487,0.0,11.636860062105136,0.0,3.8710204091340827,0.0,3.969102430002456,0.0,0.7140239885553961,0.0,3.42608584053414,0.0,0.9690768985949395,0.0,""
"2026-09-29 14:11:04","git-master-bddc7a050319718b5e4e0856afec0bc9ea96418f","C:\Users\marco\Desktop\ds004507\sub-010\ses-headDown\anat\sub-010_ses-headDown_T2w_seg.nii.gz","837","4","",74.37952351119955,0.0,-2.4136199267085465,0.0,5.42643331142546,0.0,7.835952953244588,0.0,8.149816561120861,0.0,11.639814340748684,0.0,3.881884234105504,0.0,3.9540687191390838,0.0,0.7139790875825058,0.0,2.522884183839812,0.0,0.9709713935125501,0.0,""
"2026-09-29 14:11:04","git-master-bddc7a050319718b5e4e0856afec0bc9ea96418f","C:\Users\marco\Desktop\ds004507\sub-010\ses-headDown\anat\sub-010_ses-headDown_T2w_seg.nii.gz","838","4","",74.3944472289686,0.0,-2.4225872004393647,0.0,5.300676616951753,0.0,7.833655958105161,0.0,8.181126546414069,0.0,11.672392351680086,0.0,3.8317610505192268,0.0,4.001894907585934,0.0,0.7132644902701855,0.0,1.6299294573566467,0.0,0.9739714387244991,0.0,""
"2026-09-29 14:11:04","git-master-bddc7a050319718b5e4e0856afec0bc9ea96418f","C:\Users\marco\Desktop\ds004507\sub-010\ses-headDown\anat\sub-010_ses-headDown_T2w_seg.nii.gz","839","4","",74.23823975691687,0.0,-2.4312104299778237,0.0,5.1767685549900975,0.0,7.812565746485555,0.0,8.126255349929215,0.0,11.702633614893664,0.0,3.7834638403740777,0.0,4.029101906111477,0.0,0.7195136949456203,0.0,1.502419982474383,0.0,0.9727725397125087,0.0,""
"2026-09-29 14:11:04","git-master-bddc7a050319718b5e4e0856afec0bc9ea96418f","C:\Users\marco\Desktop\ds004507\sub-010\ses-headDown\anat\sub-010_ses-headDown_T2w_seg.nii.gz","840","4","",74.1217161244526,0.0,-2.439550335398222,0.0,5.054384572386086,0.0,7.789186215204504,0.0,8.054381423964468,0.0,11.731524880186353,0.0,3.7528206395024877,0.0,4.036365575702017,0.0,0.7270726394098903,0.0,1.8091847216665429,0.0,0.9709276080738578,0.0,""
"2026-09-29 14:11:04","git-master-bddc7a050319718b5e4e0856afec0bc9ea96418f","C:\Users\marco\Desktop\ds004507\sub-010\ses-headDown\anat\sub-010_ses-headDown_T2w_seg.nii.gz","841","4","",74.38587701198344,0.0,-2.4475057410843553,0.0,4.934072016161362,0.0,7.786562749162083,0.0,8.057092380433636,0.0,11.759623364348275,0.0,3.7753607428692106,0.0,4.011202006292873,0.0,0.7284016627923453,0.0,2.3504876265714625,0.0,0.9732941566668487,0.0,""
"2026-09-29 14:11:04","git-master-bddc7a050319718b5e4e0856afec0bc9ea96418f","C:\Users\marco\Desktop\ds004507\sub-010\ses-headDown\anat\sub-010_ses-headDown_T2w_seg.nii.gz","842","4","",73.64552238328865,0.0,-2.455056430411253,0.0,4.81594517334699,0.0,7.784463529716791,0.0,8.080164101969897,0.0,11.669150615242009,0.0,3.7407037296547943,0.0,4.043759800061996,0.0,0.7213673844591519,0.0,2.823035143139152,0.0,0.9703250655808251,0.0,""
"2026-09-29 14:11:04","git-master-bddc7a050319718b5e4e0856afec0bc9ea96418f","C:\Users\marco\Desktop\ds004507\sub-010\ses-headDown\anat\sub-010_ses-headDown_T2w_seg.nii.gz","843","4","",73.01521563989157,0.0,-2.4623238268657603,0.0,4.699350559475503,0.0,7.787203733173847,0.0,8.07455688059952,0.0,11.605926310138406,0.0,3.7177047941186756,0.0,4.069498939055172,0.0,0.7182639457990745,0.0,3.331273337778454,0.0,0.9690067749560307,0.0,""
"2026-09-29 14:11:04","git-master-bddc7a050319718b5e4e0856afec0bc9ea96418f","C:\Users\marco\Desktop\ds004507\sub-010\ses-headDown\anat\sub-010_ses-headDown_T2w_seg.nii.gz","844","4","",73.02700092201287,0.0,-2.469267465484566,0.0,4.584508479986762,0.0,7.7983143566363555,0.0,8.008915642920845,0.0,11.643842009158735,0.0,3.740852270713371,0.0,4.057462085922985,0.0,0.7258656895426023,0.0,3.933519577139392,0.0,0.9729946361196502,0.0,""
"2026-09-29 14:11:04","git-master-bddc7a050319718b5e4e0856afec0bc9ea96418f","C:\Users\marco\Desktop\ds004507\sub-010\ses-headDown\anat\sub-010_ses-headDown_T2w_seg.nii.gz","845","4","",72.57601833453406,0.0,-2.4757457227964528,0.0,4.472191024039124,0.0,7.721923506207399,0.0,7.924626366627807,0.0,11.667735237498972,0.0,3.6963713384717956,0.0,4.025552167735603,0.0,0.7339077589353084,0.0,4.423203905693401,0.0,0.9732672191422518,0.0,""
"2026-09-29 14:11:04","git-master-bddc7a050319718b5e4e0856afec0bc9ea96418f","C:\Users\marco\Desktop\ds004507\sub-010\ses-headDown\anat\sub-010_ses-headDown_T2w_seg.nii.gz","846","4","",72.08434539688439,0.0,-2.4819407145521413,0.0,4.361412918216897,0.0,7.684911850212267,0.0,7.897415366804747,0.0,11.634471210933123,0.0,3.6789990857936634,0.0,4.0059127644186034,0.0,0.7342549352217786,0.0,4.64471227543737,0.0,0.9721928136617605,0.0,""
"2026-09-29 14:11:04","git-master-bddc7a050319718b5e4e0856afec0bc9ea96418f","C:\Users\marco\Desktop\ds004507\sub-010\ses-headDown\anat\sub-010_ses-headDown_T2w_seg.nii.gz","847","4","",71.65164892073291,0.0,-2.487852443196167,0.0,4.252174804527761,0.0,7.6995221588302964,0.0,7.935220252347106,0.0,11.545971384332042,0.0,3.6955621575236868,0.0,4.00396000130661,0.0,0.7264000072319524,0.0,4.582537954547185,0.0,0.969626442285239,0.0,""
"2026-09-29 14:11:04","git-master-bddc7a050319718b5e4e0856afec0bc9ea96418f","C:\Users\marco\Desktop\ds004507\sub-010\ses-headDown\anat\sub-010_ses-headDown_T2w_seg.nii.gz","848","4","",72.64607883284037,0.0,-2.4932785951883885,0.0,4.145581243299851,0.0,7.7313711436518995,0.0,8.007210415485886,0.0,11.586198007253863,0.0,3.6688483351179166,0.0,4.062522808533982,0.0,0.7227573162321507,0.0,4.430066189152244,0.0,0.9578748312090639,0.0,""
"2026-09-29 14:11:04","git-master-bddc7a050319718b5e4e0856afec0bc9ea96418f","C:\Users\marco\Desktop\ds004507\sub-010\ses-headDown\anat\sub-010_ses-headDown_T2w_seg.nii.gz","849","4","",73.35065998359474,0.0,-2.4984012724550686,0.0,4.040643404234371,0.0,7.832958780297076,0.0,8.081577010842476,0.0,11.581786563885391,0.0,3.717964373273454,0.0,4.114994407023623,0.0,0.7162453183060652,0.0,5.194013217004897,0.0,0.9554304245431194,0.0,""
"2026-09-29 14:11:04","git-master-bddc7a050319718b5e4e0856afec0bc9ea96418f","C:\Users\marco\Desktop\ds004507\sub-010\ses-headDown\anat\sub-010_ses-headDown_T2w_seg.nii.gz","850","4","",73.82175914323368,0.0,-2.5032407092405164,0.0,3.9372516229783328,0.0,7.983043558662703,0.0,8.16081170799086,0.0,11.543483921553847,0.0,3.817841011124958,0.0,4.165202547537746,0.0,0.7071947897450959,0.0,6.454125602574053,0.0,0.9600332178332456,0.0,""
"2026-09-29 14:11:04","git-master-bddc7a050319718b5e4e0856afec0bc9ea96418f","C:\Users\marco\Desktop\ds004507\sub-010\ses-headDown\anat\sub-010_ses-headDown_T2w_seg.nii.gz","851","4","",74.08154851425228,0.0,-2.507655295038886,0.0,3.8361816176533634,0.0,8.143653049678182,0.0,8.257286426783825,0.0,11.483485716682189,0.0,3.918806285415711,0.0,4.224846764262471,0.0,0.6948595495929796,0.0,7.111640339788303,0.0,0.9690585954569345,0.0,""
"2026-09-29 14:11:04","git-master-bddc7a050319718b5e4e0856afec0bc9ea96418f","C:\Users\marco\Desktop\ds004507\sub-010\ses-headDown\anat\sub-010_ses-headDown_T2w_seg.nii.gz","852","4","",73.07476348920989,0.0,-2.5117057333765,0.0,3.737104718113087,0.0,8.147954656511999,0.0,8.186433802881036,0.0,11.3830413244965,0.0,3.957258693781731,0.0,4.190695962730268,0.0,0.694834635967033,0.0,6.186412419707956,0.0,0.9696245377829031,0.0,""
"2026-09-29 14:11:04","git-master-bddc7a050319718b5e4e0856afec0bc9ea96418f","C:\Users\marco\Desktop\ds004507\sub-010\ses-headDown\anat\sub-010_ses-headDown_T2w_seg.nii.gz","853","4","",71.93246605029623,0.0,-2.515472949551027,0.0,3.639579103673619,0.0,8.061329170468818,0.0,8.0713387712872,0.0,11.307192132121333,0.0,3.9514957750045836,0.0,4.109833395464234,0.0,0.7002956695642997,0.0,4.911462190933686,0.0,0.9693055300450818,0.0,""
"2026-09-29 14:11:04","git-master-bddc7a050319718b5e4e0856afec0bc9ea96418f","C:\Users\marco\Desktop\ds004507\sub-010\ses-headDown\anat\sub-010_ses-headDown_T2w_seg.nii.gz","854","4","",71.70828251463179,0.0,-2.5188760276240867,0.0,3.5440494022801077,0.0,7.8971990440664515,0.0,8.009804891183567,0.0,11.335033926572965,0.0,3.8945491666411676,0.0,4.002649877425283,0.0,0.7075530980665169,0.0,4.319968682812494,0.0,0.9751703717266631,0.0,""
"2026-09-29 14:11:04","git-master-bddc7a050319718b5e4e0856afec0bc9ea96418f","C:\Users\marco\Desktop\ds004507\sub-010\ses-headDown\anat\sub-010_ses-headDown_T2w_seg.nii.gz","855","4","",71.88935069442667,0.0,-2.5218542874517538,0.0,3.4508513137325787,0.0,7.867603335194453,0.0,8.009340038419733,0.0,11.372340461223587,0.0,3.8915672476273535,0.0,3.9760360875671,0.0,0.709915913654606,0.0,3.783245457314846,0.0,0.9740288187685925,0.0,""
"2026-09-29 14:11:04","git-master-bddc7a050319718b5e4e0856afec0bc9ea96418f","C:\Users\marco\Desktop\ds004507\sub-010\ses-headDown\anat\sub-010_ses-headDown_T2w_seg.nii.gz","856","4","",71.64456695319622,0.0,-2.5245493389950444,0.0,3.359208982017611,0.0,7.8620714199873385,0.0,8.036782438578097,0.0,11.324696089920115,0.0,3.872904753879984,0.0,3.9891666661073546,0.0,0.7042787183259545,0.0,3.410058141775629,0.0,0.9704867580825315,0.0,""
"2026-09-29 14:11:04","git-master-bddc7a050319718b5e4e0856afec0bc9ea96418f","C:\Users\marco\Desktop\ds004507\sub-010\ses-headDown\anat\sub-010_ses-headDown_T2w_seg.nii.gz","857","4","",70.64521912601084,0.0,-2.5269409547533104,0.0,3.2692341104526337,0.0,7.854196790268871,0.0,8.088637424594099,0.0,11.146921148200077,0.0,3.8153029153609657,0.0,4.038893874907905,0.0,0.6880399674548,0.0,3.266526038995899,0.0,0.9653457628443857,0.0,""
"2026-09-29 14:11:04","git-master-bddc7a050319718b5e4e0856afec0bc9ea96418f","C:\Users\marco\Desktop\ds004507\sub-010\ses-headDown\anat\sub-010_ses-headDown_T2w_seg.nii.gz","858","4","",70.85231657436242,0.0,-2.5288470809599226,0.0,3.1819301763773744,0.0,7.853706852685531,0.0,8.128196025952663,0.0,11.138227393304204,0.0,3.820313878655974,0.0,4.0333929740295575,0.0,0.6836972782869953,0.0,2.9357224082152387,0.0,0.9668570877354995,0.0,""
"2026-09-29 14:11:04","git-master-bddc7a050319718b5e4e0856afec0bc9ea96418f","C:\Users\marco\Desktop\ds004507\sub-010\ses-headDown\anat\sub-010_ses-headDown_T2w_seg.nii.gz","859","4","",70.847957661868,0.0,-2.530470008225511,0.0,3.096185794413638,0.0,7.853952593272137,0.0,8.164123323398194,0.0,11.098030528238349,0.0,3.8289208092717772,0.0,4.02503178400036,0.0,0.6772975570744934,0.0,2.786065852309795,0.0,0.9720215742091842,0.0,""
"2026-09-29 14:11:04","git-master-bddc7a050319718b5e4e0856afec0bc9ea96418f","C:\Users\marco\Desktop\ds004507\sub-010\ses-headDown\anat\sub-010_ses-headDown_T2w_seg.nii.gz","860","4","",70.58185656299771,0.0,-2.5318097371755623,0.0,3.0120012943915224,0.0,7.854553668599445,0.0,8.191783671471347,0.0,11.026348955171882,0.0,3.8325857509889993,0.0,4.0219679176104455,0.0,0.6693713142794318,0.0,2.7975602942619306,0.0,0.9794993929099877,0.0,""
"2026-09-29 14:11:04","git-master-bddc7a050319718b5e4e0856afec0bc9ea96418f","C:\Users\marco\Desktop\ds004507\sub-010\ses-headDown\anat\sub-010_ses-headDown_T2w_seg.nii.gz","861","4","",70.08403094627324,0.0,-2.5326842154153506,0.0,2.9303815674038636,0.0,7.854697892854427,0.0,8.157483003932823,0.0,11.001796780690421,0.0,3.76893936807722,0.0,4.085758524777207,0.0,0.6709879792051275,0.0,2.6565137024389056,0.0,0.9777431893263846,0.0,""
"2026-09-29 14:11:04","git-master-bddc7a050319718b5e4e0856afec0bc9ea96418f","C:\Users\marco\Desktop\ds004507\sub-010\ses-headDown\anat\sub-010_ses-headDown_T2w_seg.nii.gz","862","4","",69.5859192841057,0.0,-2.533235042873895,0.0,2.850547610163888,0.0,7.824537785333986,0.0,8.097682385493636,0.0,10.998081250056863,0.0,3.751797435206605,0.0,4.072740350127381,0.0,0.6766288811646857,0.0,2.46937913933735,0.0,0.9749798234927723,0.0,""
"2026-09-29 14:11:04","git-master-bddc7a050319718b5e4e0856afec0bc9ea96418f","C:\Users\marco\Desktop\ds004507\sub-010\ses-headDown\anat\sub-010_ses-headDown_T2w_seg.nii.gz","863","4","",69.339107675173,0.0,-2.533502676147642,0.0,2.7722766560789607,0.0,7.7860695751577795,0.0,8.037406184381755,0.0,11.025911426763686,0.0,3.760648916322715,0.0,4.025420658835064,0.0,0.6845201055125602,0.0,2.4026434919354243,0.0,0.972681449496686,0.0,""
"2026-09-29 14:11:04","git-master-bddc7a050319718b5e4e0856afec0bc9ea96418f","C:\Users\marco\Desktop\ds004507\sub-010\ses-headDown\anat\sub-010_ses-headDown_T2w_seg.nii.gz","864","4","",70.09813988142656,0.0,-2.533365746939996,0.0,2.6962397326819363,0.0,7.782553700853212,0.0,8.03260254210558,0.0,11.133041984174264,0.0,3.7688390407931074,0.0,4.013714660060105,0.0,0.6923580860875096,0.0,2.921201442708699,0.0,0.9745091579132248,0.0,""
"2026-09-29 14:11:04","git-master-bddc7a050319718b5e4e0856afec0bc9ea96418f","C:\Users\marco\Desktop\ds004507\sub-010\ses-headDown\anat\sub-010_ses-headDown_T2w_seg.nii.gz","865","4","",69.70990145536584,0.0,-2.532844483023952,0.0,2.6223267262281733,0.0,7.713977840072473,0.0,7.9651906914071855,0.0,11.147670806838182,0.0,3.725277087386159,0.0,3.9887007526863134,0.0,0.6995879091396233,0.0,3.8502399922763773,0.0,0.9766131683345997,0.0,""
"2026-09-29 14:11:04","git-master-bddc7a050319718b5e4e0856afec0bc9ea96418f","C:\Users\marco\Desktop\ds004507\sub-010\ses-headDown\anat\sub-010_ses-headDown_T2w_seg.nii.gz","866","4","",68.95919089035363,0.0,-2.532040024418749,0.0,2.5499793244207725,0.0,7.657601572187849,0.0,7.89189864409318,0.0,11.118372502367523,0.0,3.6883427249787304,0.0,3.969258847209118,0.0,0.7043963465529192,0.0,4.6580740794582285,0.0,0.9775538121579459,0.0,""
"2026-09-29 14:11:04","git-master-bddc7a050319718b5e4e0856afec0bc9ea96418f","C:\Users\marco\Desktop\ds004507\sub-010\ses-headDown\anat\sub-010_ses-headDown_T2w_seg.nii.gz","867","4","",68.20810600701722,0.0,-2.530891685916562,0.0,2.4795335724328607,0.0,7.670808114342796,0.0,7.848124581991173,0.0,11.05780258526325,0.0,3.7002203614945497,0.0,3.970587752848246,0.0,0.7044674451898402,0.0,4.932894598037116,0.0,0.9758368887730253,0.0,""
"2026-09-29 14:11:04","git-master-bddc7a050319718b5e4e0856afec0bc9ea96418f","C:\Users\marco\Desktop\ds004507\sub-010\ses-headDown\anat\sub-010_ses-headDown_T2w_seg.nii.gz","868","4","",67.6782261122522,0.0,-2.5292983229662207,0.0,2.411550322602924,0.0,7.574957260567623,0.0,7.768409640392239,0.0,11.079985388291522,0.0,3.6434846057921155,0.0,3.931472654775508,0.0,0.7129630037372044,0.0,4.639611784369695,0.0,0.9723642800389135,0.0,""
"2026-09-29 14:11:04","git-master-bddc7a050319718b5e4e0856afec0bc9ea96418f","C:\Users\marco\Desktop\ds004507\sub-010\ses-headDown\anat\sub-010_ses-headDown_T2w_seg.nii.gz","869","4","",67.1873146336897,0.0,-2.5274217601907742,0.0,2.345134824524712,0.0,7.438643610605762,0.0,7.678333612950411,0.0,11.117251776194854,0.0,3.60554650969846,0.0,3.833097100907302,0.0,0.7230797319557162,0.0,4.08589002948101,0.0,0.9709658920218508,0.0,""
"2026-09-29 14:11:04","git-master-bddc7a050319718b5e4e0856afec0bc9ea96418f","C:\Users\marco\Desktop\ds004507\sub-010\ses-headDown\anat\sub-010_ses-headDown_T2w_seg.nii.gz","870","4","",66.70760837277338,0.0,-2.5252619969223122,0.0,2.2802872704502035,0.0,7.269759173055324,0.0,7.581308422282383,0.0,11.159353411602119,0.0,3.603440817045591,0.0,3.666318356009733,0.0,0.7337976706803222,0.0,3.299296977312137,0.0,0.9725121270027929,0.0,""
"2026-09-29 14:11:04","git-master-bddc7a050319718b5e4e0856afec0bc9ea96418f","C:\Users\marco\Desktop\ds004507\sub-010\ses-headDown\anat\sub-010_ses-headDown_T2w_seg.nii.gz","871","3","",67.0743798194651,0.0,-2.521423697529979,0.0,2.190940751064894,0.0,7.273750798223515,0.0,7.565170298861592,0.0,11.246854038113462,0.0,3.6143224881675593,0.0,3.6594283100559553,0.0,0.7399629016783793,0.0,3.7534181427605255,0.0,0.9749450549450549,0.0,""
"2026-09-29 14:11:04","git-master-bddc7a050319718b5e4e0856afec0bc9ea96418f","C:\Users\marco\Desktop\ds004507\sub-010\ses-headDown\anat\sub-010_ses-headDown_T2w_seg.nii.gz","872","3","",67.07714486822853,0.0,-2.5182524804874085,0.0,2.13169724462476,0.0,7.275362224725313,0.0,7.593380340443525,0.0,11.22482647483003,0.0,3.5498159148212878,0.0,3.7255463099040256,0.0,0.7364490793188156,0.0,3.9063597952652573,0.0,0.9767353903625389,0.0,""
"2026-09-29 14:11:04","git-master-bddc7a050319718b5e4e0856afec0bc9ea96418f","C:\Users\marco\Desktop\ds004507\sub-010\ses-headDown\anat\sub-010_ses-headDown_T2w_seg.nii.gz","873","3","",66.79799449836068,0.0,-2.514798047951926,0.0,2.0740239175354076,0.0,7.278870355727515,0.0,7.574309263296707,0.0,11.206861786515862,0.0,3.5251973917453054,0.0,3.75367296398221,0.0,0.737018772882511,0.0,4.249361936765508,0.0,0.9745734040273637,0.0,""
"2026-09-29 14:11:04","git-master-bddc7a050319718b5e4e0856afec0bc9ea96418f","C:\Users\marco\Desktop\ds004507\sub-010\ses-headDown\anat\sub-010_ses-headDown_T2w_seg.nii.gz","874","3","",66.38791648477579,0.0,-2.511060398453738,0.0,2.017920900531548,0.0,7.28288827540897,0.0,7.524052765828641,0.0,11.201025233407305,0.0,3.531138256209093,0.0,3.751750019199877,0.0,0.7407905502005945,0.0,4.6410744276454805,0.0,0.970178440121906,0.0,""
"2026-09-29 14:11:04","git-master-bddc7a050319718b5e4e0856afec0bc9ea96418f","C:\Users\marco\Desktop\ds004507\sub-010\ses-headDown\anat\sub-010_ses-headDown_T2w_seg.nii.gz","875","3","",66.64207221033188,0.0,-2.5068776852596293,0.0,1.9642862669429884,0.0,7.279716014712148,0.0,7.517532489156129,0.0,11.260718439840788,0.0,3.5313501491690484,0.0,3.7483658655430996,0.0,0.7445154452073164,0.0,4.294885710716858,0.0,0.9721812088949366,0.0,""
"2026-09-29 14:11:04","git-master-bddc7a050319718b5e4e0856afec0bc9ea96418f","C:\Users\marco\Desktop\ds004507\sub-010\ses-headDown\anat\sub-010_ses-headDown_T2w_seg.nii.gz","876","3","",66.55346263014411,0.0,-2.5023510497707275,0.0,1.912559689067046,0.0,7.281074364293088,0.0,7.559729018864131,0.0,11.226767453558576,0.0,3.537613993453331,0.0,3.743460370839757,0.0,0.7392041341866017,0.0,4.41066212410322,0.0,0.9726540878078257,0.0,""
"2026-09-29 14:11:04","git-master-bddc7a050319718b5e4e0856afec0bc9ea96418f","C:\Users\marco\Desktop\ds004507\sub-010\ses-headDown\anat\sub-010_ses-headDown_T2w_seg.nii.gz","877","3","",66.42445634005234,0.0,-2.497541180438409,0.0,1.8624046635274083,0.0,7.2840973540857465,0.0,7.606965787834132,0.0,11.181906504773343,0.0,3.545053771792804,0.0,3.739043582292943,0.0,0.7329271173331589,0.0,4.694435854056028,0.0,0.9730858490457293,0.0,""
"2026-09-29 14:11:04","git-master-bddc7a050319718b5e4e0856afec0bc9ea96418f","C:\Users\marco\Desktop\ds004507\sub-010\ses-headDown\anat\sub-010_ses-headDown_T2w_seg.nii.gz","878","3","",66.67831464970632,0.0,-2.4923469155902582,0.0,1.814382843245697,0.0,7.285640206880027,0.0,7.597565720645193,0.0,11.242045550147997,0.0,3.5471987471766755,0.0,3.7384414597033517,0.0,0.7370577507953942,0.0,4.821782460901821,0.0,0.9756672401828602,0.0,""
"2026-09-29 14:11:04","git-master-bddc7a050319718b5e4e0856afec0bc9ea96418f","C:\Users\marco\Desktop\ds004507\sub-010\ses-headDown\anat\sub-010_ses-headDown_T2w_seg.nii.gz","879","3","",66.52913965925268,0.0,-2.486748010217328,0.0,1.7686071372905923,0.0,7.28387150170798,0.0,7.5908265237443375,0.0,11.240219932803996,0.0,3.5478835761644554,0.0,3.7359879255435247,0.0,0.7375177101470776,0.0,4.677344952225281,0.0,0.9739873092963838,0.0,""
"2026-09-29 14:11:04","git-master-bddc7a050319718b5e4e0856afec0bc9ea96418f","C:\Users\marco\Desktop\ds004507\sub-010\ses-headDown\anat\sub-010_ses-headDown_T2w_seg.nii.gz","880","3","",66.6345416226294,0.0,-2.4808658497641014,0.0,1.72440396702039,0.0,7.3408363158683665,0.0,7.605253448751989,0.0,11.237940114385944,0.0,3.5827096389008966,0.0,3.7581266769674704,0.0,0.7362125729980246,0.0,4.626433717618034,0.0,0.9687649702010193,0.0,""
"2026-09-29 14:11:04","git-master-bddc7a050319718b5e4e0856afec0bc9ea96418f","C:\Users\marco\Desktop\ds004507\sub-010\ses-headDown\anat\sub-010_ses-headDown_T2w_seg.nii.gz","881","3","",67.37165074841907,0.0,-2.474659964956916,0.0,1.6819981427115225,0.0,7.503688079049226,0.0,7.656126425913396,0.0,11.262392677488984,0.0,3.6788801822554444,0.0,3.824807896793782,0.0,0.7334008972301297,0.0,4.862584354921681,0.0,0.9591389374114572,0.0,""
"2026-09-29 14:11:04","git-master-bddc7a050319718b5e4e0856afec0bc9ea96418f","C:\Users\marco\Desktop\ds004507\sub-010\ses-headDown\anat\sub-010_ses-headDown_T2w_seg.nii.gz","882","3","",67.89519701618997,0.0,-2.4679887078214726,0.0,1.6421765857171469,0.0,7.612948121121203,0.0,7.777647465891761,0.0,11.173936009869314,0.0,3.7827502103164092,0.0,3.830197910804794,0.0,0.717723540410387,0.0,4.752337710961423,0.0,0.9600549005153918,0.0,""
"2026-09-29 14:11:04","git-master-bddc7a050319718b5e4e0856afec0bc9ea96418f","C:\Users\marco\Desktop\ds004507\sub-010\ses-headDown\anat\sub-010_ses-headDown_T2w_seg.nii.gz","883","3","",67.79603497510445,0.0,-2.461034170161334,0.0,1.6039283309750965,0.0,7.660731198306727,0.0,7.840304392995536,0.0,11.07331859460507,0.0,3.8298311734377437,0.0,3.8309000248689835,0.0,0.7061281661283741,0.0,5.1380346613221795,0.0,0.9620509684480062,0.0,""
"2026-09-29 14:11:04","git-master-bddc7a050319718b5e4e0856afec0bc9ea96418f","C:\Users\marco\Desktop\ds004507\sub-010\ses-headDown\anat\sub-010_ses-headDown_T2w_seg.nii.gz","884","3","",67.09273454948129,0.0,-2.4537963493145476,0.0,1.56725344338666,0.0,7.64753897667627,0.0,7.833995186034787,0.0,10.975995073853152,0.0,3.812540203447627,0.0,3.8349987732286417,0.0,0.7004117798335323,0.0,6.054466886082436,0.0,0.9642850932099578,0.0,""
"2026-09-29 14:11:04","git-master-bddc7a050319718b5e4e0856afec0bc9ea96418f","C:\Users\marco\Desktop\ds004507\sub-010\ses-headDown\anat\sub-010_ses-headDown_T2w_seg.nii.gz","885","3","",67.59769115926683,0.0,-2.446072879496851,0.0,1.5332762002442268,0.0,7.648176779307324,0.0,7.8626917513291605,0.0,11.018631416782883,0.0,3.744246057853665,0.0,3.9039307214536594,0.0,0.7005719325239088,0.0,6.030853173400712,0.0,0.9679839340025842,0.0,""
"2026-09-29 14:11:04","git-master-bddc7a050319718b5e4e0856afec0bc9ea96418f","C:\Users\marco\Desktop\ds004507\sub-010\ses-headDown\anat\sub-010_ses-headDown_T2w_seg.nii.gz","886","3","",67.95155499218146,0.0,-2.438045864308684,0.0,1.50098524787162,0.0,7.688409889515776,0.0,7.8890660915624125,0.0,11.034901477098856,0.0,3.768072997563804,0.0,3.920336891951972,0.0,0.6992026215639514,0.0,5.832524687970509,0.0,0.9696468009951797,0.0,""
"2026-09-29 14:11:04","git-master-bddc7a050319718b5e4e0856afec0bc9ea96418f","C:\Users\marco\Desktop\ds004507\sub-010\ses-headDown\anat\sub-010_ses-headDown_T2w_seg.nii.gz","887","3","",68.12411431204339,0.0,-2.4297355359466737,0.0,1.4702682283343684,0.0,7.743613090710623,0.0,7.906546077930341,0.0,11.032709048651906,0.0,3.828366240667902,0.0,3.9152468500427213,0.0,0.6974367121067556,0.0,5.672080503158325,0.0,0.9696102397632999,0.0,""
"2026-09-29 14:11:04","git-master-bddc7a050319718b5e4e0856afec0bc9ea96418f","C:\Users\marco\Desktop\ds004507\sub-010\ses-headDown\anat\sub-010_ses-headDown_T2w_seg.nii.gz","888","3","",67.87364965742665,0.0,-2.421000222218633,0.0,1.4419123384883419,0.0,7.738825693063159,0.0,7.885458494219252,0.0,11.025870543347772,0.0,3.7576837780259282,0.0,3.981141915037231,0.0,0.698941783315227,0.0,6.322030601210409,0.0,0.9677775886530325,0.0,""
"2026-09-29 14:11:04","git-master-bddc7a050319718b5e4e0856afec0bc9ea96418f","C:\Users\marco\Desktop\ds004507\sub-010\ses-headDown\anat\sub-010_ses-headDown_T2w_seg.nii.gz","889","3","",67.62311627658153,0.0,-2.41190061561205,0.0,1.4155805149033398,0.0,7.677652875124174,0.0,7.849053901479691,0.0,11.037171765132374,0.0,3.7377018236798114,0.0,3.9399510514443623,0.0,0.703019950204424,0.0,6.6762644724616464,0.0,0.966216091836318,0.0,""
"2026-09-29 14:11:04","git-master-bddc7a050319718b5e4e0856afec0bc9ea96418f","C:\Users\marco\Desktop\ds004507\sub-010\ses-headDown\anat\sub-010_ses-headDown_T2w_seg.nii.gz","890","3","",67.44302847223645,0.0,-2.4025176620660216,0.0,1.390823046022466,0.0,7.6178063151770825,0.0,7.818598075375063,0.0,11.050009307460208,0.0,3.737767738458628,0.0,3.880038576718455,0.0,0.7066484160569277,0.0,6.851857132111793,0.0,0.9651399793798081,0.0,""
"2026-09-29 14:11:04","git-master-bddc7a050319718b5e4e0856afec0bc9ea96418f","C:\Users\marco\Desktop\ds004507\sub-010\ses-headDown\anat\sub-010_ses-headDown_T2w_seg.nii.gz","891","3","",67.44415516226276,0.0,-2.3927703949828185,0.0,1.3680898515483273,0.0,7.617755553214955,0.0,7.818756086788736,0.0,11.048657661239043,0.0,3.7386848084056994,0.0,3.8790707448092556,0.0,0.7065474121343521,0.0,6.863802903017127,0.0,0.9650408438417004,0.0,""
"2026-09-29 14:11:04","git-master-bddc7a050319718b5e4e0856afec0bc9ea96418f","C:\Users\marco\Desktop\ds004507\sub-010\ses-headDown\anat\sub-010_ses-headDown_T2w_seg.nii.gz","892","3","",68.07991811072552,0.0,-2.3824961735211656,0.0,1.3456161706635625,0.0,7.685722751286246,0.0,7.84014828123391,0.0,11.11827148196052,0.0,3.7992495621612488,0.0,3.886473189124997,0.0,0.7090317608391208,0.0,6.972689303535219,0.0,0.9607047374995435,0.0,""
"2026-09-29 14:11:04","git-master-bddc7a050319718b5e4e0856afec0bc9ea96418f","C:\Users\marco\Desktop\ds004507\sub-010\ses-headDown\anat\sub-010_ses-headDown_T2w_seg.nii.gz","893","3","",68.63518045961382,0.0,-2.3718221099869594,0.0,1.3223143679106542,0.0,7.734268152233852,0.0,7.833825596538618,0.0,11.220950335900667,0.0,3.8384227997128653,0.0,3.8958453525209866,0.0,0.7158031865446526,0.0,7.0876569924887365,0.0,0.9590560133708808,0.0,""
"2026-09-29 14:11:04","git-master-bddc7a050319718b5e4e0856afec0bc9ea96418f","C:\Users\marco\Desktop\ds004507\sub-010\ses-headDown\anat\sub-010_ses-headDown_T2w_seg.nii.gz","894","3","",68.88836726387295,0.0,-2.360698841737764,0.0,1.2976962356157091,0.0,7.734247154629241,0.0,7.779863683695055,0.0,11.352950891970925,0.0,3.8284665675847322,0.0,3.9057805870445086,0.0,0.7282665555720877,0.0,7.184049291348892,0.0,0.9626489256493302,0.0,""
"2026-09-29 14:11:04","git-master-bddc7a050319718b5e4e0856afec0bc9ea96418f","C:\Users\marco\Desktop\ds004507\sub-010\ses-headDown\anat\sub-010_ses-headDown_T2w_seg.nii.gz","895","3","",68.41630363335325,0.0,-2.3488567977730117,0.0,1.2709718149844995,0.0,7.641983093072751,0.0,7.702729121700107,0.0,11.38997779618346,0.0,3.7637369894691477,0.0,3.878246103603604,0.0,0.7365954598438724,0.0,6.990360942044455,0.0,0.9593996015351515,0.0,""
"2026-09-29 14:11:04","git-master-bddc7a050319718b5e4e0856afec0bc9ea96418f","C:\Users\marco\Desktop\ds004507\sub-010\ses-headDown\anat\sub-010_ses-headDown_T2w_seg.nii.gz","896","3","",68.17591464721991,0.0,-2.3365954404595572,0.0,1.2430186361000557,0.0,7.512731140499694,0.0,7.6310325678115865,0.0,11.457279766822356,0.0,3.7328307704161463,0.0,3.779900370083548,0.0,0.745796570684371,0.0,6.287425221643202,0.0,0.9546858839752017,0.0,""
"2026-09-29 14:11:04","git-master-bddc7a050319718b5e4e0856afec0bc9ea96418f","C:\Users\marco\Desktop\ds004507\sub-010\ses-headDown\anat\sub-010_ses-headDown_T2w_seg.nii.gz","897","3","",68.1587717369897,0.0,-2.323914763239196,0.0,1.2138366779429823,0.0,7.360919331569581,0.0,7.569303045461949,0.0,11.546388508994054,0.0,3.731663585174973,0.0,3.629255746394608,0.0,0.755146648743908,0.0,5.153484383879048,0.0,0.9508857395902072,0.0,""
"2026-09-29 14:11:04","git-master-bddc7a050319718b5e4e0856afec0bc9ea96418f","C:\Users\marco\Desktop\ds004507\sub-010\ses-headDown\anat\sub-010_ses-headDown_T2w_seg.nii.gz","898","3","",67.9288593976997,0.0,-2.3105451595322113,0.0,1.1826358720747285,0.0,7.301510047038176,0.0,7.55421839724736,0.0,11.522886072637577,0.0,3.6892206510725614,0.0,3.6122893959656155,0.0,0.7551223360664285,0.0,4.340536502934944,0.0,0.970110412583255,0.0,""
"2026-09-29 14:11:04","git-master-bddc7a050319718b5e4e0856afec0bc9ea96418f","C:\Users\marco\Desktop\ds004507\sub-010\ses-headDown\anat\sub-010_ses-headDown_T2w_seg.nii.gz","899","3","",68.00825941277,0.0,-2.2966962654996514,0.0,1.1500305374687954,0.0,7.278460887244194,0.0,7.544712343145476,0.0,11.551085803525506,0.0,3.672880761028929,0.0,3.6055801262152642,0.0,0.7572027937488998,0.0,3.846654242483533,0.0,0.9776468250782846,0.0,""
"2026-09-29 14:11:04","git-master-bddc7a050319718b5e4e0856afec0bc9ea96418f","C:\Users\marco\Desktop\ds004507\sub-010\ses-headDown\anat\sub-010_ses-headDown_T2w_seg.nii.gz","900","3","",68.26165978928717,0.0,-2.2824279803663217,0.0,1.1161962054297858,0.0,7.275749673666378,0.0,7.543662854171091,0.0,11.598997579415874,0.0,3.6713138858928076,0.0,3.6044357877735704,0.0,0.7596157353341036,0.0,3.5051030494470026,0.0,0.9784315846662908,0.0,""
"2026-09-29 14:11:04","git-master-bddc7a050319718b5e4e0856afec0bc9ea96418f","C:\Users\marco\Desktop\ds004507\sub-010\ses-headDown\anat\sub-010_ses-headDown_T2w_seg.nii.gz","901","3","",68.515108814281,0.0,-2.267560534062459,0.0,1.0806060733182477,0.0,7.272579964294038,0.0,7.563887788953107,0.0,11.609427659016095,0.0,3.6701072212544785,0.0,3.6024727430395593,0.0,0.758622879220349,0.0,3.0549784799614357,0.0,0.9785083187467437,0.0,""
"2026-09-29 14:11:04","git-master-bddc7a050319718b5e4e0856afec0bc9ea96418f","C:\Users\marco\Desktop\ds004507\sub-010\ses-headDown\anat\sub-010_ses-headDown_T2w_seg.nii.gz","902","3","",68.5771232400878,0.0,-2.2521238371364527,0.0,1.0433478031823957,0.0,7.271776463783832,0.0,7.569026897108176,0.0,11.611628211642405,0.0,3.67079265932153,0.0,3.600983804462302,0.0,0.7583488826483388,0.0,2.9301037105294028,0.0,0.9785267349260524,0.0,""
"2026-09-29 14:11:04","git-master-bddc7a050319718b5e4e0856afec0bc9ea96418f","C:\Users\marco\Desktop\ds004507\sub-010\ses-headDown\anat\sub-010_ses-headDown_T2w_seg.nii.gz","903","3","",68.65931760795195,0.0,-2.2362676717308836,0.0,1.004860327660568,0.0,7.272459794916826,0.0,7.566734214428092,0.0,11.62952700877044,0.0,3.6733840357080005,0.0,3.5990757592088265,0.0,0.7593672481298719,0.0,3.0148430433385336,0.0,0.9771153225928505,0.0,""
"2026-09-29 14:11:04","git-master-bddc7a050319718b5e4e0856afec0bc9ea96418f","C:\Users\marco\Desktop\ds004507\sub-010\ses-headDown\anat\sub-010_ses-headDown_T2w_seg.nii.gz","904","3","",68.91285704424769,0.0,-2.219902132934263,0.0,0.9648801991045952,0.0,7.274714792607822,0.0,7.558772359880861,0.0,11.686307021197138,0.0,3.6787558305235732,0.0,3.5959589620842496,0.0,0.7626494903879614,0.0,3.3267526091636888,0.0,0.9727046590515949,0.0,""
"2026-09-29 14:11:04","git-master-bddc7a050319718b5e4e0856afec0bc9ea96418f","C:\Users\marco\Desktop\ds004507\sub-010\ses-headDown\anat\sub-010_ses-headDown_T2w_seg.nii.gz","905","3","",69.16674727132416,0.0,-2.202877346610738,0.0,0.9229682723233547,0.0,7.276665083651912,0.0,7.517371293041483,0.0,11.79876639811583,0.0,3.679399421732258,0.0,3.597265661919653,0.0,0.7706529940179134,0.0,3.569164825181933,0.0,0.9658505913076876,0.0,""
"2026-09-29 14:11:04","git-master-bddc7a050319718b5e4e0856afec0bc9ea96418f","C:\Users\marco\Desktop\ds004507\sub-010\ses-headDown\anat\sub-010_ses-headDown_T2w_seg.nii.gz","906","3","",69.1986481324768,0.0,-2.1854330091749445,0.0,0.8798269616092548,0.0,7.2799722378882645,0.0,7.5023684684541365,0.0,11.828116331391872,0.0,3.681515873244536,0.0,3.5984563646437286,0.0,0.7730621437582418,0.0,3.9405079181283167,0.0,0.9639896207445634,0.0,""
"2026-09-29 14:11:04","git-master-bddc7a050319718b5e4e0856afec0bc9ea96418f","C:\Users\marco\Desktop\ds004507\sub-010\ses-headDown\anat\sub-010_ses-headDown_T2w_seg.nii.gz","907","3","",68.94795619231816,0.0,-2.1675691124563055,0.0,0.8354562512015208,0.0,7.285059191886551,0.0,7.526766906387021,0.0,11.742027248343115,0.0,3.6863274715543186,0.0,3.598731720332232,0.0,0.7675318142604614,0.0,4.488006377957996,0.0,0.9689075630252101,0.0,""
"2026-09-29 14:11:04","git-master-bddc7a050319718b5e4e0856afec0bc9ea96418f","C:\Users\marco\Desktop\ds004507\sub-010\ses-headDown\anat\sub-010_ses-headDown_T2w_seg.nii.gz","908","2","",68.587456523941,0.0,-2.140766134238603,0.0,0.7684009540663395,0.0,7.292440729763443,0.0,7.510428141906305,0.0,11.697971547190951,0.0,3.68964729152912,0.0,3.6027934382343227,0.0,0.7666809849524842,0.0,5.182263427724155,0.0,0.9756132142350773,0.0,""
"2026-09-29 14:11:04","git-master-bddc7a050319718b5e4e0856afec0bc9ea96418f","C:\Users\marco\Desktop\ds004507\sub-010\ses-headDown\anat\sub-010_ses-headDown_T2w_seg.nii.gz","909","2","",68.58921530331875,0.0,-2.1196026525744367,0.0,0.7151037908149286,0.0,7.289774705473876,0.0,7.5185910306179595,0.0,11.69801418613567,0.0,3.691757448361302,0.0,3.5980172571125744,0.0,0.7660978901499589,0.0,5.04484582101628,0.0,0.9708213312661982,0.0,""
"2026-09-29 14:11:04","git-master-bddc7a050319718b5e4e0856afec0bc9ea96418f","C:\Users\marco\Desktop\ds004507\sub-010\ses-headDown\anat\sub-010_ses-headDown_T2w_seg.nii.gz","910","2","",68.77895023230826,0.0,-2.097880081399447,0.0,0.6601686454670763,0.0,7.287528810450351,0.0,7.546204952234359,0.0,11.690167355113736,0.0,3.692300869098688,0.0,3.5952279413516632,0.0,0.763737392086579,0.0,4.777697835103312,0.0,0.9706502302018456,0.0,""
"2026-09-29 14:11:04","git-master-bddc7a050319718b5e4e0856afec0bc9ea96418f","C:\Users\marco\Desktop\ds004507\sub-010\ses-headDown\anat\sub-010_ses-headDown_T2w_seg.nii.gz","911","2","",69.05610937138844,0.0,-2.075598391606758,0.0,0.6035955072069548,0.0,7.285232275179156,0.0,7.5807360735400575,0.0,11.681087047514257,0.0,3.6925643002329225,0.0,3.592667974946233,0.0,0.7608058378075797,0.0,4.465032479511097,0.0,0.9725470332948847,0.0,""
"2026-09-29 14:11:04","git-master-bddc7a050319718b5e4e0856afec0bc9ea96418f","C:\Users\marco\Desktop\ds004507\sub-010\ses-headDown\anat\sub-010_ses-headDown_T2w_seg.nii.gz","912","2","",69.32013901846015,0.0,-2.0527575540530716,0.0,0.5453843671547992,0.0,7.282640812391694,0.0,7.610095249343548,0.0,11.67647399155976,0.0,3.693608778042387,0.0,3.5890320343493074,0.0,0.7584373065695696,0.0,4.191806412618203,0.0,0.9742188594647611,0.0,""
"2026-09-29 14:11:04","git-master-bddc7a050319718b5e4e0856afec0bc9ea96418f","C:\Users\marco\Desktop\ds004507\sub-010\ses-headDown\anat\sub-010_ses-headDown_T2w_seg.nii.gz","913","2","",69.32180690086223,0.0,-2.0291364390101463,0.0,0.4848876529798628,0.0,7.28270903262224,0.0,7.610095249343548,0.0,11.67647399155976,0.0,3.694666368154923,0.0,3.5880426644673173,0.0,0.7584373065695696,0.0,4.191806412618203,0.0,0.9742188594647611,0.0,""
"2026-09-29 14:11:04","git-master-bddc7a050319718b5e4e0856afec0bc9ea96418f","C:\Users\marco\Desktop\ds004507\sub-010\ses-headDown\anat\sub-010_ses-headDown_T2w_seg.nii.gz","914","2","",69.12230166293647,0.0,-2.004917052071648,0.0,0.4226387069275459,0.0,7.286483426466773,0.0,7.602566064977564,0.0,11.655011296682119,0.0,3.699057869914613,0.0,3.5874255565521604,0.0,0.7579597353879864,0.0,4.560288629893887,0.0,0.9724835287700658,0.0,""
"2026-09-29 14:11:04","git-master-bddc7a050319718b5e4e0856afec0bc9ea96418f","C:\Users\marco\Desktop\ds004507\sub-010\ses-headDown\anat\sub-010_ses-headDown_T2w_seg.nii.gz","915","2","",68.73472750352374,0.0,-1.980138377423067,0.0,0.3587518497630011,0.0,7.289524597082249,0.0,7.585861150185833,0.0,11.613711256675908,0.0,3.7003682373840774,0.0,3.5891563596981717,0.0,0.7571992058621484,0.0,4.856668990345202,0.0,0.9715988865949733,0.0,""
"2026-09-29 14:11:04","git-master-bddc7a050319718b5e4e0856afec0bc9ea96418f","C:\Users\marco\Desktop\ds004507\sub-010\ses-headDown\anat\sub-010_ses-headDown_T2w_seg.nii.gz","916","2","",68.21154153223317,0.0,-1.9548003853872529,0.0,0.29322712654428984,0.0,7.289085990901606,0.0,7.561615071028204,0.0,11.557962021966302,0.0,3.6962285103143913,0.0,3.5928574805872153,0.0,0.756291523315875,0.0,4.808367346341589,0.0,0.9727197074215904,0.0,""
"2026-09-29 14:11:04","git-master-bddc7a050319718b5e4e0856afec0bc9ea96418f","C:\Users\marco\Desktop\ds004507\sub-010\ses-headDown\anat\sub-010_ses-headDown_T2w_seg.nii.gz","917","2","",67.93748181884177,0.0,-1.9287209093368785,0.0,0.22553140757548326,0.0,7.2840190426336004,0.0,7.55215915453751,0.0,11.525898364115,0.0,3.6986244648771467,0.0,3.5853945777564538,0.0,0.7554252072031447,0.0,4.301372957945974,0.0,0.9727216481360125,0.0,""
"2026-09-29 14:11:04","git-master-bddc7a050319718b5e4e0856afec0bc9ea96418f","C:\Users\marco\Desktop\ds004507\sub-010\ses-headDown\anat\sub-010_ses-headDown_T2w_seg.nii.gz","918","2","",68.09172829740596,0.0,-1.905138053530017,0.0,0.15596957206458234,0.0,7.279927506969045,0.0,7.580468551269881,0.0,11.515963828890348,0.0,3.6969165966567332,0.0,3.583010910312312,0.0,0.7527861297581621,0.0,3.84493982082805,0.0,0.9746074305953991,0.0,""
"2026-09-29 14:11:04","git-master-bddc7a050319718b5e4e0856afec0bc9ea96418f","C:\Users\marco\Desktop\ds004507\sub-010\ses-headDown\anat\sub-010_ses-headDown_T2w_seg.nii.gz","919","2","",68.11453675006665,0.0,-1.8856011895737146,0.0,0.0847702613883565,0.0,7.276259619903699,0.0,7.6019712948973845,0.0,11.490892344666273,0.0,3.693894206057565,0.0,3.5823654138461336,0.0,0.7498792297032899,0.0,3.3850446621285655,0.0,0.9770955002320996,0.0,""
"2026-09-29 14:11:04","git-master-bddc7a050319718b5e4e0856afec0bc9ea96418f","C:\Users\marco\Desktop\ds004507\sub-010\ses-headDown\anat\sub-010_ses-headDown_T2w_seg.nii.gz","920","2","",67.83965443675615,0.0,-1.8710059474999485,0.0,0.011933595271688845,0.0,7.27456982405107,0.0,7.598868901386994,0.0,11.447569526602885,0.0,3.6924011181208014,0.0,3.582168705930268,0.0,0.7479113257882898,0.0,3.1317545715774577,0.0,0.9785647529554111,0.0,""
"2026-09-29 14:11:04","git-master-bddc7a050319718b5e4e0856afec0bc9ea96418f","C:\Users\marco\Desktop\ds004507\sub-010\ses-headDown\anat\sub-010_ses-headDown_T2w_seg.nii.gz","921","2","",67.564058204013,0.0,-1.8626168145379296,0.0,-0.06295903113832375,0.0,7.283728861891182,0.0,7.5719196674569265,0.0,11.445695578424086,0.0,3.7010827538497413,0.0,3.582646108041441,0.0,0.7498984039507659,0.0,4.244069064004114,0.0,0.9734705689409591,0.0,""
"2026-09-29 14:11:04","git-master-bddc7a050319718b5e4e0856afec0bc9ea96418f","C:\Users\marco\Desktop\ds004507\sub-010\ses-headDown\anat\sub-010_ses-headDown_T2w_seg.nii.gz","922","2","",66.60627824985977,0.0,-1.8602041613215972,0.0,-0.1398310944289171,0.0,7.277234936113446,0.0,7.555458370208589,0.0,11.31262634304586,0.0,3.759423580962864,0.0,3.5178113551505823,0.0,0.7441949678735827,0.0,3.44070227682285,0.0,0.9746382395723638,0.0,""
"2026-09-29 14:11:04","git-master-bddc7a050319718b5e4e0856afec0bc9ea96418f","C:\Users\marco\Desktop\ds004507\sub-010\ses-headDown\anat\sub-010_ses-headDown_T2w_seg.nii.gz","923","2","",66.06367711738045,0.0,-1.8627336161022408,0.0,-0.2183397226174692,0.0,7.272389536304635,0.0,7.548450059843555,0.0,11.233491666499857,0.0,3.7929798858350625,0.0,3.4794096504695724,0.0,0.7405880068503401,0.0,2.8459908673959617,0.0,0.9758646063281825,0.0,""
"2026-09-29 14:11:04","git-master-bddc7a050319718b5e4e0856afec0bc9ea96418f","C:\Users\marco\Desktop\ds004507\sub-010\ses-headDown\anat\sub-010_ses-headDown_T2w_seg.nii.gz","924","2","",66.06299083917652,0.0,-1.8702051475412758,0.0,-0.2984846981848763,0.0,7.272342761497557,0.0,7.548278011394588,0.0,11.233217806451822,0.0,3.792290680504914,0.0,3.4800520809926425,0.0,0.7405870395036923,0.0,2.8456432005766112,0.0,0.9758220520049292,0.0,""
"2026-09-29 14:11:04","git-master-bddc7a050319718b5e4e0856afec0bc9ea96418f","C:\Users\marco\Desktop\ds004507\sub-010\ses-headDown\anat\sub-010_ses-headDown_T2w_seg.nii.gz","925","2","",66.06193015225506,0.0,-1.8835380957545291,0.0,-0.3805700832754371,0.0,7.272270005365948,0.0,7.547374757037513,0.0,11.23178004119964,0.0,3.7913509324073926,0.0,3.4809190729585553,0.0,0.7405819609337914,0.0,2.84381794977502,0.0,0.9755986418078495,0.0,""
"2026-09-29 14:11:04","git-master-bddc7a050319718b5e4e0856afec0bc9ea96418f","C:\Users\marco\Desktop\ds004507\sub-010\ses-headDown\anat\sub-010_ses-headDown_T2w_seg.nii.gz","926","2","",66.06044533031101,0.0,-1.9031917956141524,0.0,-0.4647474162339286,0.0,7.2721091003752845,0.0,7.546630723328211,0.0,11.23129291502205,0.0,3.7900561439878384,0.0,3.482052956387446,0.0,0.7406156232115338,0.0,2.8310424790118454,0.0,0.9760439978105271,0.0,""
"2026-09-29 14:11:04","git-master-bddc7a050319718b5e4e0856afec0bc9ea96418f","C:\Users\marco\Desktop\ds004507\sub-010\ses-headDown\anat\sub-010_ses-headDown_T2w_seg.nii.gz","927","2","",66.82376234342517,0.0,-1.9277867894828649,0.0,-0.5505597964242441,0.0,7.268474542335906,0.0,7.578378301135214,0.0,11.323303749670439,0.0,3.785072410915078,0.0,3.4834021314208288,0.0,0.7429792615759729,0.0,1.9277283092392534,0.0,0.9761373713172435,0.0,""
"2026-09-29 14:11:04","git-master-bddc7a050319718b5e4e0856afec0bc9ea96418f","C:\Users\marco\Desktop\ds004507\sub-010\ses-headDown\anat\sub-010_ses-headDown_T2w_seg.nii.gz","928","2","",67.87090207119876,0.0,-1.9573227605423982,0.0,-0.6380068830563815,0.0,7.263559855288125,0.0,7.622121535372212,0.0,11.44974655188118,0.0,3.778559013126436,0.0,3.4850008421616887,0.0,0.746217507371839,0.0,0.6948589798055113,0.0,0.9759087920224084,0.0,""
"2026-09-29 14:11:04","git-master-bddc7a050319718b5e4e0856afec0bc9ea96418f","C:\Users\marco\Desktop\ds004507\sub-010\ses-headDown\anat\sub-010_ses-headDown_T2w_seg.nii.gz","929","2","",67.86822385567434,0.0,-1.9923737640168828,0.0,-0.7272782747040674,0.0,7.263408483788459,0.0,7.6211316326828396,0.0,11.44993085399964,0.0,3.7764621824538103,0.0,3.4869463013346484,0.0,0.746304183849233,0.0,0.683114745196275,0.0,0.9758000631662879,0.0,""
"2026-09-29 14:11:04","git-master-bddc7a050319718b5e4e0856afec0bc9ea96418f","C:\Users\marco\Desktop\ds004507\sub-010\ses-headDown\anat\sub-010_ses-headDown_T2w_seg.nii.gz","930","2","",67.61143079125445,0.0,-2.034087610724985,0.0,-0.8187530212236792,0.0,7.264445966645091,0.0,7.618677429337603,0.0,11.399000708385962,0.0,3.7748240360594627,0.0,3.489621930585628,0.0,0.7438258902064248,0.0,1.1972399070425392,0.0,0.976876972690394,0.0,""
"2026-09-29 14:11:04","git-master-bddc7a050319718b5e4e0856afec0bc9ea96418f","C:\Users\marco\Desktop\ds004507\sub-010\ses-headDown\anat\sub-010_ses-headDown_T2w_seg.nii.gz","931","2","",67.16648670848771,0.0,-2.0807402015048377,0.0,-0.911860544238279,0.0,7.262003408718076,0.0,7.582951957210664,0.0,11.373599083270637,0.0,3.7692379400763336,0.0,3.4927654686417426,0.0,0.7453018444526326,0.0,1.6137289661222851,0.0,0.9706166647983622,0.0,""
"2026-09-29 14:11:04","git-master-bddc7a050319718b5e4e0856afec0bc9ea96418f","C:\Users\marco\Desktop\ds004507\sub-010\ses-headDown\anat\sub-010_ses-headDown_T2w_seg.nii.gz","932","2","",66.76925013888469,0.0,-2.1323308595348553,0.0,-1.0066003519336268,0.0,7.25851839821173,0.0,7.541961614465048,0.0,11.368720539390806,0.0,3.762391233405358,0.0,3.4961271648063716,0.0,0.7482686383567251,0.0,1.8403222331669316,0.0,0.9625867353915014,0.0,""
"2026-09-29 14:11:04","git-master-bddc7a050319718b5e4e0856afec0bc9ea96418f","C:\Users\marco\Desktop\ds004507\sub-010\ses-headDown\anat\sub-010_ses-headDown_T2w_seg.nii.gz","933","2","",66.76471091445387,0.0,-2.1890884603048053,0.0,-1.1030477922034143,0.0,7.258319572421785,0.0,7.542323956959811,0.0,11.365914602536717,0.0,3.7589513739241567,0.0,3.4993681984976277,0.0,0.7480951531114065,0.0,1.8273235060226287,0.0,0.9623686528905451,0.0,""
"2026-09-29 14:11:04","git-master-bddc7a050319718b5e4e0856afec0bc9ea96418f","C:\Users\marco\Desktop\ds004507\sub-010\ses-headDown\anat\sub-010_ses-headDown_T2w_seg.nii.gz","934","2","",66.492490470584,0.0,-2.2528478844102118,0.0,-1.2018085425996343,0.0,7.258107269720922,0.0,7.555561649246533,0.0,11.298000129963153,0.0,3.7557212312170685,0.0,3.5023860385038534,0.0,0.7434637101849788,0.0,1.7914847246367882,0.0,0.9682785434607685,0.0,""
"2026-09-29 14:11:04","git-master-bddc7a050319718b5e4e0856afec0bc9ea96418f","C:\Users\marco\Desktop\ds004507\sub-010\ses-headDown\anat\sub-010_ses-headDown_T2w_seg.nii.gz","935","2","",66.21127332220658,0.0,-2.3215412157194413,0.0,-1.3021988878630237,0.0,7.257913589549099,0.0,7.5633070768351365,0.0,11.234582678982578,0.0,3.8009835877766935,0.0,3.456930001772405,0.0,0.7394284098454572,0.0,1.4681016649180216,0.0,0.9720152426317255,0.0,""
"2026-09-29 14:11:04","git-master-bddc7a050319718b5e4e0856afec0bc9ea96418f","C:\Users\marco\Desktop\ds004507\sub-010\ses-headDown\anat\sub-010_ses-headDown_T2w_seg.nii.gz","936","2","",66.19762414629179,0.0,-2.3951672764906973,0.0,-1.4042181552264243,0.0,7.3154694862294924,0.0,7.586332529972938,0.0,11.194430190272342,0.0,3.8450309378836227,0.0,3.47043854834587,0.0,0.7353372496936343,0.0,1.2882975176935676,0.0,0.9690747807530068,0.0,""
"2026-09-29 14:11:04","git-master-bddc7a050319718b5e4e0856afec0bc9ea96418f","C:\Users\marco\Desktop\ds004507\sub-010\ses-headDown\anat\sub-010_ses-headDown_T2w_seg.nii.gz","937","2","",66.71094200590406,0.0,-2.4737248644019267,0.0,-1.5078656637563093,0.0,7.485745124362735,0.0,7.64503517118262,0.0,11.19391574345747,0.0,3.8346838761143314,0.0,3.6510612482484035,0.0,0.7304523552621053,0.0,1.6983650253817113,0.0,0.9555535047584408,0.0,""
"2026-09-29 14:11:04","git-master-bddc7a050319718b5e4e0856afec0bc9ea96418f","C:\Users\marco\Desktop\ds004507\sub-010\ses-headDown\anat\sub-010_ses-headDown_T2w_seg.nii.gz","938","2","",66.70313139708776,0.0,-2.559389350175152,0.0,-1.6138589127977996,0.0,7.484965682641301,0.0,7.6274758375955285,0.0,11.207357087679256,0.0,3.8286118923302186,0.0,3.6563537903110817,0.0,0.7326730011185729,0.0,1.7943017704907078,0.0,0.956024647593389,0.0,""
