Timestamp,SCT Version,Filename,Slice (I->S),VertLevel,DistancePMJ,MEAN(area),STD(area),MEAN(angle_AP),STD(angle_AP),MEAN(angle_RL),STD(angle_RL),MEAN(diameter_AP),STD(diameter_AP),MEAN(diameter_AP_ellipse),STD(diameter_AP_ellipse),MEAN(diameter_RL),STD(diameter_RL),MEAN(length_anterior),STD(length_anterior),MEAN(length_posterior),STD(length_posterior),MEAN(eccentricity),STD(eccentricity),MEAN(orientation),STD(orientation),MEAN(solidity),STD(solidity),SUM(length)
"2026-09-29 13:39:36","git-master-bddc7a050319718b5e4e0856afec0bc9ea96418f","C:\Users\marco\Desktop\ds004507\derivatives\labels\sub-009\ses-headUp\anat\sub-009_ses-headUp_T2w_seg-manual.nii.gz","647","9","","","","","","","","","","","","","","","","","","","","","","","",""
"2026-09-29 13:39:36","git-master-bddc7a050319718b5e4e0856afec0bc9ea96418f","C:\Users\marco\Desktop\ds004507\derivatives\labels\sub-009\ses-headUp\anat\sub-009_ses-headUp_T2w_seg-manual.nii.gz","648","9","","","","","","","","","","","","","","","","","","","","","","","",""
"2026-09-29 13:39:36","git-master-bddc7a050319718b5e4e0856afec0bc9ea96418f","C:\Users\marco\Desktop\ds004507\derivatives\labels\sub-009\ses-headUp\anat\sub-009_ses-headUp_T2w_seg-manual.nii.gz","649","9","","","","","","","","","","","","","","","","","","","","","","","",""
"2026-09-29 13:39:36","git-master-bddc7a050319718b5e4e0856afec0bc9ea96418f","C:\Users\marco\Desktop\ds004507\derivatives\labels\sub-009\ses-headUp\anat\sub-009_ses-headUp_T2w_seg-manual.nii.gz","650","9","","","","","","","","","","","","","","","","","","","","","","","",""
"2026-09-29 13:39:36","git-master-bddc7a050319718b5e4e0856afec0bc9ea96418f","C:\Users\marco\Desktop\ds004507\derivatives\labels\sub-009\ses-headUp\anat\sub-009_ses-headUp_T2w_seg-manual.nii.gz","651","9","","","","","","","","","","","","","","","","","","","","","","","",""
"2026-09-29 13:39:36","git-master-bddc7a050319718b5e4e0856afec0bc9ea96418f","C:\Users\marco\Desktop\ds004507\derivatives\labels\sub-009\ses-headUp\anat\sub-009_ses-headUp_T2w_seg-manual.nii.gz","652","9","","","","","","","","","","","","","","","","","","","","","","","",""
"2026-09-29 13:39:36","git-master-bddc7a050319718b5e4e0856afec0bc9ea96418f","C:\Users\marco\Desktop\ds004507\derivatives\labels\sub-009\ses-headUp\anat\sub-009_ses-headUp_T2w_seg-manual.nii.gz","653","9","","","","","","","","","","","","","","","","","","","","","","","",""
"2026-09-29 13:39:36","git-master-bddc7a050319718b5e4e0856afec0bc9ea96418f","C:\Users\marco\Desktop\ds004507\derivatives\labels\sub-009\ses-headUp\anat\sub-009_ses-headUp_T2w_seg-manual.nii.gz","654","9","","","","","","","","","","","","","","","","","","","","","","","",""
"2026-09-29 13:39:36","git-master-bddc7a050319718b5e4e0856afec0bc9ea96418f","C:\Users\marco\Desktop\ds004507\derivatives\labels\sub-009\ses-headUp\anat\sub-009_ses-headUp_T2w_seg-manual.nii.gz","655","9","","","","","","","","","","","","","","","","","","","","","","","",""
"2026-09-29 13:39:36","git-master-bddc7a050319718b5e4e0856afec0bc9ea96418f","C:\Users\marco\Desktop\ds004507\derivatives\labels\sub-009\ses-headUp\anat\sub-009_ses-headUp_T2w_seg-manual.nii.gz","656","9","","","","","","","","","","","","","","","","","","","","","","","",""
"2026-09-29 13:39:36","git-master-bddc7a050319718b5e4e0856afec0bc9ea96418f","C:\Users\marco\Desktop\ds004507\derivatives\labels\sub-009\ses-headUp\anat\sub-009_ses-headUp_T2w_seg-manual.nii.gz","657","9","","","","","","","","","","","","","","","","","","","","","","","",""
"2026-09-29 13:39:36","git-master-bddc7a050319718b5e4e0856afec0bc9ea96418f","C:\Users\marco\Desktop\ds004507\derivatives\labels\sub-009\ses-headUp\anat\sub-009_ses-headUp_T2w_seg-manual.nii.gz","658","9","","","","","","","","","","","","","","","","","","","","","","","",""
"2026-09-29 13:39:36","git-master-bddc7a050319718b5e4e0856afec0bc9ea96418f","C:\Users\marco\Desktop\ds004507\derivatives\labels\sub-009\ses-headUp\anat\sub-009_ses-headUp_T2w_seg-manual.nii.gz","659","9","","","","","","","","","","","","","","","","","","","","","","","",""
"2026-09-29 13:39:36","git-master-bddc7a050319718b5e4e0856afec0bc9ea96418f","C:\Users\marco\Desktop\ds004507\derivatives\labels\sub-009\ses-headUp\anat\sub-009_ses-headUp_T2w_seg-manual.nii.gz","660","9","","","","","","","","","","","","","","","","","","","","","","","",""
"2026-09-29 13:39:36","git-master-bddc7a050319718b5e4e0856afec0bc9ea96418f","C:\Users\marco\Desktop\ds004507\derivatives\labels\sub-009\ses-headUp\anat\sub-009_ses-headUp_T2w_seg-manual.nii.gz","661","9","","","","","","","","","","","","","","","","","","","","","","","",""
"2026-09-29 13:39:36","git-master-bddc7a050319718b5e4e0856afec0bc9ea96418f","C:\Users\marco\Desktop\ds004507\derivatives\labels\sub-009\ses-headUp\anat\sub-009_ses-headUp_T2w_seg-manual.nii.gz","662","9","","","","","","","","","","","","","","","","","","","","","","","",""
"2026-09-29 13:39:36","git-master-bddc7a050319718b5e4e0856afec0bc9ea96418f","C:\Users\marco\Desktop\ds004507\derivatives\labels\sub-009\ses-headUp\anat\sub-009_ses-headUp_T2w_seg-manual.nii.gz","663","9","","","","","","","","","","","","","","","","","","","","","","","",""
"2026-09-29 13:39:36","git-master-bddc7a050319718b5e4e0856afec0bc9ea96418f","C:\Users\marco\Desktop\ds004507\derivatives\labels\sub-009\ses-headUp\anat\sub-009_ses-headUp_T2w_seg-manual.nii.gz","664","9","","","","","","","","","","","","","","","","","","","","","","","",""
"2026-09-29 13:39:36","git-master-bddc7a050319718b5e4e0856afec0bc9ea96418f","C:\Users\marco\Desktop\ds004507\derivatives\labels\sub-009\ses-headUp\anat\sub-009_ses-headUp_T2w_seg-manual.nii.gz","665","9","","","","","","","","","","","","","","","","","","","","","","","",""
"2026-09-29 13:39:36","git-master-bddc7a050319718b5e4e0856afec0bc9ea96418f","C:\Users\marco\Desktop\ds004507\derivatives\labels\sub-009\ses-headUp\anat\sub-009_ses-headUp_T2w_seg-manual.nii.gz","666","9","","","","","","","","","","","","","","","","","","","","","","","",""
"2026-09-29 13:39:36","git-master-bddc7a050319718b5e4e0856afec0bc9ea96418f","C:\Users\marco\Desktop\ds004507\derivatives\labels\sub-009\ses-headUp\anat\sub-009_ses-headUp_T2w_seg-manual.nii.gz","667","9","","","","","","","","","","","","","","","","","","","","","","","",""
"2026-09-29 13:39:36","git-master-bddc7a050319718b5e4e0856afec0bc9ea96418f","C:\Users\marco\Desktop\ds004507\derivatives\labels\sub-009\ses-headUp\anat\sub-009_ses-headUp_T2w_seg-manual.nii.gz","668","9","","","","","","","","","","","","","","","","","","","","","","","",""
"2026-09-29 13:39:36","git-master-bddc7a050319718b5e4e0856afec0bc9ea96418f","C:\Users\marco\Desktop\ds004507\derivatives\labels\sub-009\ses-headUp\anat\sub-009_ses-headUp_T2w_seg-manual.nii.gz","669","9","","","","","","","","","","","","","","","","","","","","","","","",""
"2026-09-29 13:39:36","git-master-bddc7a050319718b5e4e0856afec0bc9ea96418f","C:\Users\marco\Desktop\ds004507\derivatives\labels\sub-009\ses-headUp\anat\sub-009_ses-headUp_T2w_seg-manual.nii.gz","670","9","","","","","","","","","","","","","","","","","","","","","","","",""
"2026-09-29 13:39:36","git-master-bddc7a050319718b5e4e0856afec0bc9ea96418f","C:\Users\marco\Desktop\ds004507\derivatives\labels\sub-009\ses-headUp\anat\sub-009_ses-headUp_T2w_seg-manual.nii.gz","671","9","","","","","","","","","","","","","","","","","","","","","","","",""
"2026-09-29 13:39:36","git-master-bddc7a050319718b5e4e0856afec0bc9ea96418f","C:\Users\marco\Desktop\ds004507\derivatives\labels\sub-009\ses-headUp\anat\sub-009_ses-headUp_T2w_seg-manual.nii.gz","672","9","","","","","","","","","","","","","","","","","","","","","","","",""
"2026-09-29 13:39:36","git-master-bddc7a050319718b5e4e0856afec0bc9ea96418f","C:\Users\marco\Desktop\ds004507\derivatives\labels\sub-009\ses-headUp\anat\sub-009_ses-headUp_T2w_seg-manual.nii.gz","673","9","","","","","","","","","","","","","","","","","","","","","","","",""
"2026-09-29 13:39:36","git-master-bddc7a050319718b5e4e0856afec0bc9ea96418f","C:\Users\marco\Desktop\ds004507\derivatives\labels\sub-009\ses-headUp\anat\sub-009_ses-headUp_T2w_seg-manual.nii.gz","674","9","","","","","","","","","","","","","","","","","","","","","","","",""
"2026-09-29 13:39:36","git-master-bddc7a050319718b5e4e0856afec0bc9ea96418f","C:\Users\marco\Desktop\ds004507\derivatives\labels\sub-009\ses-headUp\anat\sub-009_ses-headUp_T2w_seg-manual.nii.gz","675","9","","","","","","","","","","","","","","","","","","","","","","","",""
"2026-09-29 13:39:36","git-master-bddc7a050319718b5e4e0856afec0bc9ea96418f","C:\Users\marco\Desktop\ds004507\derivatives\labels\sub-009\ses-headUp\anat\sub-009_ses-headUp_T2w_seg-manual.nii.gz","676","9","","","","","","","","","","","","","","","","","","","","","","","",""
"2026-09-29 13:39:36","git-master-bddc7a050319718b5e4e0856afec0bc9ea96418f","C:\Users\marco\Desktop\ds004507\derivatives\labels\sub-009\ses-headUp\anat\sub-009_ses-headUp_T2w_seg-manual.nii.gz","677","9","","","","","","","","","","","","","","","","","","","","","","","",""
"2026-09-29 13:39:36","git-master-bddc7a050319718b5e4e0856afec0bc9ea96418f","C:\Users\marco\Desktop\ds004507\derivatives\labels\sub-009\ses-headUp\anat\sub-009_ses-headUp_T2w_seg-manual.nii.gz","678","9","","","","","","","","","","","","","","","","","","","","","","","",""
"2026-09-29 13:39:36","git-master-bddc7a050319718b5e4e0856afec0bc9ea96418f","C:\Users\marco\Desktop\ds004507\derivatives\labels\sub-009\ses-headUp\anat\sub-009_ses-headUp_T2w_seg-manual.nii.gz","679","9","","","","","","","","","","","","","","","","","","","","","","","",""
"2026-09-29 13:39:36","git-master-bddc7a050319718b5e4e0856afec0bc9ea96418f","C:\Users\marco\Desktop\ds004507\derivatives\labels\sub-009\ses-headUp\anat\sub-009_ses-headUp_T2w_seg-manual.nii.gz","680","9","","","","","","","","","","","","","","","","","","","","","","","",""
"2026-09-29 13:39:36","git-master-bddc7a050319718b5e4e0856afec0bc9ea96418f","C:\Users\marco\Desktop\ds004507\derivatives\labels\sub-009\ses-headUp\anat\sub-009_ses-headUp_T2w_seg-manual.nii.gz","681","9","","","","","","","","","","","","","","","","","","","","","","","",""
"2026-09-29 13:39:36","git-master-bddc7a050319718b5e4e0856afec0bc9ea96418f","C:\Users\marco\Desktop\ds004507\derivatives\labels\sub-009\ses-headUp\anat\sub-009_ses-headUp_T2w_seg-manual.nii.gz","682","9","","","","","","","","","","","","","","","","","","","","","","","",""
"2026-09-29 13:39:36","git-master-bddc7a050319718b5e4e0856afec0bc9ea96418f","C:\Users\marco\Desktop\ds004507\derivatives\labels\sub-009\ses-headUp\anat\sub-009_ses-headUp_T2w_seg-manual.nii.gz","683","9","","","","","","","","","","","","","","","","","","","","","","","",""
"2026-09-29 13:39:36","git-master-bddc7a050319718b5e4e0856afec0bc9ea96418f","C:\Users\marco\Desktop\ds004507\derivatives\labels\sub-009\ses-headUp\anat\sub-009_ses-headUp_T2w_seg-manual.nii.gz","684","9","","","","","","","","","","","","","","","","","","","","","","","",""
"2026-09-29 13:39:36","git-master-bddc7a050319718b5e4e0856afec0bc9ea96418f","C:\Users\marco\Desktop\ds004507\derivatives\labels\sub-009\ses-headUp\anat\sub-009_ses-headUp_T2w_seg-manual.nii.gz","685","9","","","","","","","","","","","","","","","","","","","","","","","",""
"2026-09-29 13:39:36","git-master-bddc7a050319718b5e4e0856afec0bc9ea96418f","C:\Users\marco\Desktop\ds004507\derivatives\labels\sub-009\ses-headUp\anat\sub-009_ses-headUp_T2w_seg-manual.nii.gz","686","9","","","","","","","","","","","","","","","","","","","","","","","",""
"2026-09-29 13:39:36","git-master-bddc7a050319718b5e4e0856afec0bc9ea96418f","C:\Users\marco\Desktop\ds004507\derivatives\labels\sub-009\ses-headUp\anat\sub-009_ses-headUp_T2w_seg-manual.nii.gz","687","9","","","","","","","","","","","","","","","","","","","","","","","",""
"2026-09-29 13:39:36","git-master-bddc7a050319718b5e4e0856afec0bc9ea96418f","C:\Users\marco\Desktop\ds004507\derivatives\labels\sub-009\ses-headUp\anat\sub-009_ses-headUp_T2w_seg-manual.nii.gz","688","9","","","","","","","","","","","","","","","","","","","","","","","",""
"2026-09-29 13:39:36","git-master-bddc7a050319718b5e4e0856afec0bc9ea96418f","C:\Users\marco\Desktop\ds004507\derivatives\labels\sub-009\ses-headUp\anat\sub-009_ses-headUp_T2w_seg-manual.nii.gz","689","9","","","","","","","","","","","","","","","","","","","","","","","",""
"2026-09-29 13:39:36","git-master-bddc7a050319718b5e4e0856afec0bc9ea96418f","C:\Users\marco\Desktop\ds004507\derivatives\labels\sub-009\ses-headUp\anat\sub-009_ses-headUp_T2w_seg-manual.nii.gz","690","9","","","","","","","","","","","","","","","","","","","","","","","",""
"2026-09-29 13:39:36","git-master-bddc7a050319718b5e4e0856afec0bc9ea96418f","C:\Users\marco\Desktop\ds004507\derivatives\labels\sub-009\ses-headUp\anat\sub-009_ses-headUp_T2w_seg-manual.nii.gz","691","9","","","","","","","","","","","","","","","","","","","","","","","",""
"2026-09-29 13:39:36","git-master-bddc7a050319718b5e4e0856afec0bc9ea96418f","C:\Users\marco\Desktop\ds004507\derivatives\labels\sub-009\ses-headUp\anat\sub-009_ses-headUp_T2w_seg-manual.nii.gz","692","9","",50.982198578085566,0.0,-10.089649487087174,0.0,34.50994600965958,0.0,6.218989457761365,0.0,6.55725971103918,0.0,9.834361575464403,0.0,3.123753476245279,0.0,3.0952359815160864,0.0,0.7452633331777843,0.0,2.2495987357049203,0.0,0.9655238460065122,0.0,""
"2026-09-29 13:39:36","git-master-bddc7a050319718b5e4e0856afec0bc9ea96418f","C:\Users\marco\Desktop\ds004507\derivatives\labels\sub-009\ses-headUp\anat\sub-009_ses-headUp_T2w_seg-manual.nii.gz","693","8","",52.78471450189782,0.0,-6.558660792014904,0.0,34.36283247270759,0.0,6.168234783188745,0.0,6.391425801083763,0.0,10.5549592973372,0.0,3.0951733641441486,0.0,3.0730614190445964,0.0,0.7958166189885305,0.0,1.3483441342723301,0.0,0.9597742992355297,0.0,""
"2026-09-29 13:39:36","git-master-bddc7a050319718b5e4e0856afec0bc9ea96418f","C:\Users\marco\Desktop\ds004507\derivatives\labels\sub-009\ses-headUp\anat\sub-009_ses-headUp_T2w_seg-manual.nii.gz","694","8","",52.36832263008826,0.0,-5.749068095384988,0.0,34.32233128555327,0.0,6.140585824010185,0.0,6.392365672171108,0.0,10.476755110029663,0.0,3.065329763806081,0.0,3.075256060204105,0.0,0.792148191731026,0.0,0.8132833104354521,0.0,0.964455024601787,0.0,""
"2026-09-29 13:39:36","git-master-bddc7a050319718b5e4e0856afec0bc9ea96418f","C:\Users\marco\Desktop\ds004507\derivatives\labels\sub-009\ses-headUp\anat\sub-009_ses-headUp_T2w_seg-manual.nii.gz","695","8","",51.9519307582787,0.0,-4.9394753987550715,0.0,34.28183009839895,0.0,6.112936864831626,0.0,6.393305543258454,0.0,10.398550922722126,0.0,3.035486163468013,0.0,3.0774507013636128,0.0,0.7884797644735216,0.0,0.27822248659857407,0.0,0.9691357499680443,0.0,""
"2026-09-29 13:39:36","git-master-bddc7a050319718b5e4e0856afec0bc9ea96418f","C:\Users\marco\Desktop\ds004507\derivatives\labels\sub-009\ses-headUp\anat\sub-009_ses-headUp_T2w_seg-manual.nii.gz","696","8","",51.53553888646914,0.0,-4.129882702125155,0.0,34.24132891124462,0.0,6.085287905653066,0.0,6.3942454143458,0.0,10.320346735414589,0.0,3.0056425631299453,0.0,3.079645342523121,0.0,0.7848113372160173,0.0,-0.25683833723830407,0.0,0.9738164753343016,0.0,""
"2026-09-29 13:39:36","git-master-bddc7a050319718b5e4e0856afec0bc9ea96418f","C:\Users\marco\Desktop\ds004507\derivatives\labels\sub-009\ses-headUp\anat\sub-009_ses-headUp_T2w_seg-manual.nii.gz","697","8","",51.22855057297467,0.0,-3.3427511513571395,0.0,34.20046555749285,0.0,6.050503168208207,0.0,6.378638199090707,0.0,10.294344083479416,0.0,2.965277584701915,0.0,3.0852255835062925,0.0,0.7844314169724832,0.0,-0.5228729109244756,0.0,0.9756183701835903,0.0,""
"2026-09-29 13:39:36","git-master-bddc7a050319718b5e4e0856afec0bc9ea96418f","C:\Users\marco\Desktop\ds004507\derivatives\labels\sub-009\ses-headUp\anat\sub-009_ses-headUp_T2w_seg-manual.nii.gz","698","8","",51.41387827189805,0.0,-2.6566947569676755,0.0,34.15797245405251,0.0,5.983607428564999,0.0,6.2885690952946405,0.0,10.503248340719876,0.0,2.877566404869052,0.0,3.106041023695947,0.0,0.7988497782918159,0.0,0.4217106410675343,0.0,0.9644655277065204,0.0,""
"2026-09-29 13:39:36","git-master-bddc7a050319718b5e4e0856afec0bc9ea96418f","C:\Users\marco\Desktop\ds004507\derivatives\labels\sub-009\ses-headUp\anat\sub-009_ses-headUp_T2w_seg-manual.nii.gz","699","8","",51.59920597082144,0.0,-1.9706383625782116,0.0,34.115479350612176,0.0,5.91671168892179,0.0,6.198499991498574,0.0,10.712152597960339,0.0,2.7898552250361894,0.0,3.126856463885601,0.0,0.8132681396111486,0.0,1.3662941930595442,0.0,0.9533126852294505,0.0,""
"2026-09-29 13:39:36","git-master-bddc7a050319718b5e4e0856afec0bc9ea96418f","C:\Users\marco\Desktop\ds004507\derivatives\labels\sub-009\ses-headUp\anat\sub-009_ses-headUp_T2w_seg-manual.nii.gz","700","8","",51.78453366974482,0.0,-1.2845819681887476,0.0,34.07298624717185,0.0,5.849815949278582,0.0,6.108430887702507,0.0,10.9210568552008,0.0,2.702144045203327,0.0,3.1476719040752554,0.0,0.8276865009304814,0.0,2.3108777450515543,0.0,0.9421598427523805,0.0,""
"2026-09-29 13:39:36","git-master-bddc7a050319718b5e4e0856afec0bc9ea96418f","C:\Users\marco\Desktop\ds004507\derivatives\labels\sub-009\ses-headUp\anat\sub-009_ses-headUp_T2w_seg-manual.nii.gz","701","8","",51.71562882629403,0.0,-0.6450173741066337,0.0,34.029761014751344,0.0,5.842933428167103,0.0,6.0587260816369595,0.0,10.997823559125889,0.0,2.689138647530797,0.0,3.1537947806363067,0.0,0.8343395865116929,0.0,2.691598655580132,0.0,0.9361064029688191,0.0,""
"2026-09-29 13:39:36","git-master-bddc7a050319718b5e4e0856afec0bc9ea96418f","C:\Users\marco\Desktop\ds004507\derivatives\labels\sub-009\ses-headUp\anat\sub-009_ses-headUp_T2w_seg-manual.nii.gz","702","8","",51.20181703368845,0.0,-0.08681343056238255,0.0,33.985254556615544,0.0,5.9410740394861525,0.0,6.079658796599819,0.0,10.843349544749076,0.0,2.8068683686388494,0.0,3.1342056708473027,0.0,0.8274034395511924,0.0,2.085559943547702,0.0,0.9389769178988978,0.0,""
"2026-09-29 13:39:36","git-master-bddc7a050319718b5e4e0856afec0bc9ea96418f","C:\Users\marco\Desktop\ds004507\derivatives\labels\sub-009\ses-headUp\anat\sub-009_ses-headUp_T2w_seg-manual.nii.gz","703","8","",50.68800524108286,0.0,0.4713905129818686,0.0,33.94074809847975,0.0,6.039214650805201,0.0,6.100591511562679,0.0,10.688875530372261,0.0,2.924598089746902,0.0,3.114616561058299,0.0,0.820467292590692,0.0,1.4795212315152726,0.0,0.9418474328289764,0.0,""
"2026-09-29 13:39:36","git-master-bddc7a050319718b5e4e0856afec0bc9ea96418f","C:\Users\marco\Desktop\ds004507\derivatives\labels\sub-009\ses-headUp\anat\sub-009_ses-headUp_T2w_seg-manual.nii.gz","704","8","",50.174193448477276,0.0,1.02959445652612,0.0,33.89624164034396,0.0,6.13735526212425,0.0,6.121524226525539,0.0,10.534401515995448,0.0,3.0423278108549545,0.0,3.0950274512692952,0.0,0.8135311456301915,0.0,0.8734825194828426,0.0,0.9447179477590552,0.0,""
"2026-09-29 13:39:36","git-master-bddc7a050319718b5e4e0856afec0bc9ea96418f","C:\Users\marco\Desktop\ds004507\derivatives\labels\sub-009\ses-headUp\anat\sub-009_ses-headUp_T2w_seg-manual.nii.gz","705","8","",50.064043712857156,0.0,1.5172118631003357,0.0,33.85062476226578,0.0,6.205932027111729,0.0,6.178178331620657,0.0,10.404431851240517,0.0,3.1230470497292098,0.0,3.0828849773825184,0.0,0.8040016076489567,0.0,0.7521971146106671,0.0,0.9480822154374113,0.0,""
"2026-09-29 13:39:36","git-master-bddc7a050319718b5e4e0856afec0bc9ea96418f","C:\Users\marco\Desktop\ds004507\derivatives\labels\sub-009\ses-headUp\anat\sub-009_ses-headUp_T2w_seg-manual.nii.gz","706","8","",50.29027902472492,0.0,1.9460071555328553,0.0,33.804082534235626,0.0,6.249872253489565,0.0,6.264600261825991,0.0,10.294882477837156,0.0,3.1729242200753003,0.0,3.076948033414265,0.0,0.7923109104837766,0.0,1.0348727990387039,0.0,0.9518579437393322,0.0,""
"2026-09-29 13:39:36","git-master-bddc7a050319718b5e4e0856afec0bc9ea96418f","C:\Users\marco\Desktop\ds004507\derivatives\labels\sub-009\ses-headUp\anat\sub-009_ses-headUp_T2w_seg-manual.nii.gz","707","8","",50.51651433659268,0.0,2.374802447965375,0.0,33.75754030620546,0.0,6.293812479867402,0.0,6.351022192031325,0.0,10.185333104433793,0.0,3.222801390421391,0.0,3.071011089446011,0.0,0.7806202133185965,0.0,1.3175484834667408,0.0,0.9556336720412529,0.0,""
"2026-09-29 13:39:36","git-master-bddc7a050319718b5e4e0856afec0bc9ea96418f","C:\Users\marco\Desktop\ds004507\derivatives\labels\sub-009\ses-headUp\anat\sub-009_ses-headUp_T2w_seg-manual.nii.gz","708","8","",50.74274964846044,0.0,2.8035977403978944,0.0,33.71099807817531,0.0,6.337752706245238,0.0,6.437444122236657,0.0,10.075783731030432,0.0,3.2726785607674813,0.0,3.065074145477757,0.0,0.7689295161534164,0.0,1.6002241678947775,0.0,0.9594094003431738,0.0,""
"2026-09-29 13:39:36","git-master-bddc7a050319718b5e4e0856afec0bc9ea96418f","C:\Users\marco\Desktop\ds004507\derivatives\labels\sub-009\ses-headUp\anat\sub-009_ses-headUp_T2w_seg-manual.nii.gz","709","8","",49.495906850314064,0.0,3.138289567721735,0.0,33.662958275821566,0.0,6.289481860059604,0.0,6.420212042599466,0.0,9.848152100773827,0.0,3.244695094070109,0.0,3.044786765989495,0.0,0.7571161709684235,0.0,0.8387694524183805,0.0,0.9618558383785162,0.0,""
"2026-09-29 13:39:36","git-master-bddc7a050319718b5e4e0856afec0bc9ea96418f","C:\Users\marco\Desktop\ds004507\derivatives\labels\sub-009\ses-headUp\anat\sub-009_ses-headUp_T2w_seg-manual.nii.gz","710","8","",47.69665976091239,0.0,3.43769259562982,0.0,33.614356883096484,0.0,6.206631861662669,0.0,6.364109709271327,0.0,9.576239624197258,0.0,3.1875138884814382,0.0,3.0191179731812308,0.0,0.7452568327760009,0.0,-0.31423416302218055,0.0,0.9638037925638917,0.0,""
"2026-09-29 13:39:36","git-master-bddc7a050319718b5e4e0856afec0bc9ea96418f","C:\Users\marco\Desktop\ds004507\derivatives\labels\sub-009\ses-headUp\anat\sub-009_ses-headUp_T2w_seg-manual.nii.gz","711","8","",45.897412671510715,0.0,3.7370956235379054,0.0,33.565755490371394,0.0,6.123781863265733,0.0,6.3080073759431885,0.0,9.304327147620688,0.0,3.1303326828927673,0.0,2.9934491803729664,0.0,0.7333974945835782,0.0,-1.4672377784627413,0.0,0.9657517467492672,0.0,""
"2026-09-29 13:39:36","git-master-bddc7a050319718b5e4e0856afec0bc9ea96418f","C:\Users\marco\Desktop\ds004507\derivatives\labels\sub-009\ses-headUp\anat\sub-009_ses-headUp_T2w_seg-manual.nii.gz","712","8","",44.09816558210904,0.0,4.03649865144599,0.0,33.51715409764631,0.0,6.0409318648687975,0.0,6.25190504261505,0.0,9.032414671044117,0.0,3.0731514773040964,0.0,2.9677803875647015,0.0,0.7215381563911556,0.0,-2.6202413939033025,0.0,0.9676997009346427,0.0,""
"2026-09-29 13:39:36","git-master-bddc7a050319718b5e4e0856afec0bc9ea96418f","C:\Users\marco\Desktop\ds004507\derivatives\labels\sub-009\ses-headUp\anat\sub-009_ses-headUp_T2w_seg-manual.nii.gz","713","8","",45.50820673172617,0.0,4.218850346843814,0.0,33.46665857653416,0.0,6.133388101590352,0.0,6.31640015527399,0.0,9.215998675507937,0.0,3.1161013797905865,0.0,3.0172867217997665,0.0,0.7274423485677474,0.0,-1.5461405948015585,0.0,0.9654049944616762,0.0,""
"2026-09-29 13:39:36","git-master-bddc7a050319718b5e4e0856afec0bc9ea96418f","C:\Users\marco\Desktop\ds004507\derivatives\labels\sub-009\ses-headUp\anat\sub-009_ses-headUp_T2w_seg-manual.nii.gz","714","8","",47.23917670524519,0.0,4.389496908990611,0.0,33.4159736425833,0.0,6.243374961823757,0.0,6.392955012531638,0.0,9.445132328075795,0.0,3.169064393084593,0.0,3.0743105687391643,0.0,0.7351228937812406,0.0,-0.24932935424557678,0.0,0.9626860219228754,0.0,""
"2026-09-29 13:39:36","git-master-bddc7a050319718b5e4e0856afec0bc9ea96418f","C:\Users\marco\Desktop\ds004507\derivatives\labels\sub-009\ses-headUp\anat\sub-009_ses-headUp_T2w_seg-manual.nii.gz","715","8","",48.970146678764216,0.0,4.560143471137408,0.0,33.36528870863245,0.0,6.3533618220571615,0.0,6.469509869789285,0.0,9.674265980643654,0.0,3.2220274063785994,0.0,3.1313344156785625,0.0,0.7428034389947339,0.0,1.047481886310405,0.0,0.9599670493840746,0.0,""
"2026-09-29 13:39:36","git-master-bddc7a050319718b5e4e0856afec0bc9ea96418f","C:\Users\marco\Desktop\ds004507\derivatives\labels\sub-009\ses-headUp\anat\sub-009_ses-headUp_T2w_seg-manual.nii.gz","716","8","",50.53840333853552,0.0,4.718782754259065,0.0,33.314412056426534,0.0,6.452839959520646,0.0,6.536385701640453,0.0,9.887329436212552,0.0,3.26886364243848,0.0,3.1839763170821658,0.0,0.7502830489426703,0.0,2.110490553619565,0.0,0.9572748968685183,0.0,""
"2026-09-29 13:39:36","git-master-bddc7a050319718b5e4e0856afec0bc9ea96418f","C:\Users\marco\Desktop\ds004507\derivatives\labels\sub-009\ses-headUp\anat\sub-009_ses-headUp_T2w_seg-manual.nii.gz","717","8","",50.47952686082958,0.0,4.757349247129324,0.0,33.26161822167,0.0,6.447230869284922,0.0,6.506471279426824,0.0,9.939690921791854,0.0,3.2544321061571004,0.0,3.192798763127821,0.0,0.7557533062350373,0.0,0.8354734884604751,0.0,0.9548509445854078,0.0,""
"2026-09-29 13:39:36","git-master-bddc7a050319718b5e4e0856afec0bc9ea96418f","C:\Users\marco\Desktop\ds004507\derivatives\labels\sub-009\ses-headUp\anat\sub-009_ses-headUp_T2w_seg-manual.nii.gz","718","8","",50.42065038312365,0.0,4.795915739999582,0.0,33.20882438691347,0.0,6.441621779049198,0.0,6.476556857213195,0.0,9.992052407371155,0.0,3.2400005698757206,0.0,3.2016212091734766,0.0,0.7612235635274044,0.0,-0.43954357669861466,0.0,0.9524269923022972,0.0,""
"2026-09-29 13:39:36","git-master-bddc7a050319718b5e4e0856afec0bc9ea96418f","C:\Users\marco\Desktop\ds004507\derivatives\labels\sub-009\ses-headUp\anat\sub-009_ses-headUp_T2w_seg-manual.nii.gz","719","8","",50.361773905417714,0.0,4.83448223286984,0.0,33.15603055215694,0.0,6.436012688813474,0.0,6.446642434999566,0.0,10.044413892950457,0.0,3.225569033594341,0.0,3.2104436552191324,0.0,0.7666938208197714,0.0,-1.7145606418577044,0.0,0.9500030400191867,0.0,""
"2026-09-29 13:39:36","git-master-bddc7a050319718b5e4e0856afec0bc9ea96418f","C:\Users\marco\Desktop\ds004507\derivatives\labels\sub-009\ses-headUp\anat\sub-009_ses-headUp_T2w_seg-manual.nii.gz","720","8","",50.60726559204544,0.0,4.836002186604183,0.0,33.10265437818042,0.0,6.4329294766794805,0.0,6.431888037868244,0.0,10.128439645286528,0.0,3.2011460678236685,0.0,3.231783408855812,0.0,0.7723254443724643,0.0,-1.8728574145706376,0.0,0.949661198248505,0.0,""
"2026-09-29 13:39:36","git-master-bddc7a050319718b5e4e0856afec0bc9ea96418f","C:\Users\marco\Desktop\ds004507\derivatives\labels\sub-009\ses-headUp\anat\sub-009_ses-headUp_T2w_seg-manual.nii.gz","721","8","",51.66440571689624,0.0,4.738731369309417,0.0,33.047725299617255,0.0,6.436581939483438,0.0,6.457560374289744,0.0,10.29690344230732,0.0,3.150079290081548,0.0,3.286502649401889,0.0,0.7783873779526926,0.0,0.9467665925728386,0.0,0.9548716511776335,0.0,""
"2026-09-29 13:39:36","git-master-bddc7a050319718b5e4e0856afec0bc9ea96418f","C:\Users\marco\Desktop\ds004507\derivatives\labels\sub-009\ses-headUp\anat\sub-009_ses-headUp_T2w_seg-manual.nii.gz","722","8","",52.72154584174704,0.0,4.641460552014651,0.0,32.99279622105409,0.0,6.440234402287395,0.0,6.483232710711243,0.0,10.46536723932811,0.0,3.0990125123394274,0.0,3.341221889947967,0.0,0.784449311532921,0.0,3.7663905997163143,0.0,0.960082104106762,0.0,""
"2026-09-29 13:39:36","git-master-bddc7a050319718b5e4e0856afec0bc9ea96418f","C:\Users\marco\Desktop\ds004507\derivatives\labels\sub-009\ses-headUp\anat\sub-009_ses-headUp_T2w_seg-manual.nii.gz","723","8","",53.77868596659784,0.0,4.544189734719885,0.0,32.93786714249093,0.0,6.4438868650913514,0.0,6.508905047132742,0.0,10.633831036348901,0.0,3.047945734597307,0.0,3.395941130494044,0.0,0.7905112451131493,0.0,6.586014606859791,0.0,0.9652925570358906,0.0,""
"2026-09-29 13:39:36","git-master-bddc7a050319718b5e4e0856afec0bc9ea96418f","C:\Users\marco\Desktop\ds004507\derivatives\labels\sub-009\ses-headUp\anat\sub-009_ses-headUp_T2w_seg-manual.nii.gz","724","8","",54.319494488527845,0.0,4.384992570549651,0.0,32.881955077789144,0.0,6.418294310743642,0.0,6.551008034619904,0.0,10.68159548307165,0.0,3.008792853586584,0.0,3.4095014571570577,0.0,0.7895061729513706,0.0,7.548756313235245,0.0,0.9666595933730845,0.0,""
"2026-09-29 13:39:36","git-master-bddc7a050319718b5e4e0856afec0bc9ea96418f","C:\Users\marco\Desktop\ds004507\derivatives\labels\sub-009\ses-headUp\anat\sub-009_ses-headUp_T2w_seg-manual.nii.gz","725","8","",54.240705086952886,0.0,4.151483790128851,0.0,32.82486342972103,0.0,6.357607735813933,0.0,6.612827803385863,0.0,10.58452070943675,0.0,2.9839366486535384,0.0,3.3736710871603948,0.0,0.7800206938991836,0.0,6.283239258689061,0.0,0.963414529799957,0.0,""
"2026-09-29 13:39:36","git-master-bddc7a050319718b5e4e0856afec0bc9ea96418f","C:\Users\marco\Desktop\ds004507\derivatives\labels\sub-009\ses-headUp\anat\sub-009_ses-headUp_T2w_seg-manual.nii.gz","726","8","",54.16191568537792,0.0,3.9179750097080523,0.0,32.76777178165291,0.0,6.296921160884224,0.0,6.674647572151821,0.0,10.48744593580185,0.0,2.9590804437204925,0.0,3.337840717163732,0.0,0.7705352148469965,0.0,5.017722204142878,0.0,0.9601694662268295,0.0,""
"2026-09-29 13:39:36","git-master-bddc7a050319718b5e4e0856afec0bc9ea96418f","C:\Users\marco\Desktop\ds004507\derivatives\labels\sub-009\ses-headUp\anat\sub-009_ses-headUp_T2w_seg-manual.nii.gz","727","8","",54.08312628380296,0.0,3.6844662292872536,0.0,32.71068013358479,0.0,6.236234585954516,0.0,6.73646734091778,0.0,10.39037116216695,0.0,2.9342242387874466,0.0,3.3020103471670685,0.0,0.7610497357948094,0.0,3.7522051495966933,0.0,0.9569244026537019,0.0,""
"2026-09-29 13:39:36","git-master-bddc7a050319718b5e4e0856afec0bc9ea96418f","C:\Users\marco\Desktop\ds004507\derivatives\labels\sub-009\ses-headUp\anat\sub-009_ses-headUp_T2w_seg-manual.nii.gz","728","8","",54.1223019158892,0.0,3.3637963682516743,0.0,32.65219429174938,0.0,6.229934776716754,0.0,6.745136446982896,0.0,10.372153724438089,0.0,2.954333680521354,0.0,3.2756010961954,0.0,0.7596182223542454,0.0,3.802686817125754,0.0,0.9575056590697657,0.0,""
"2026-09-29 13:39:36","git-master-bddc7a050319718b5e4e0856afec0bc9ea96418f","C:\Users\marco\Desktop\ds004507\derivatives\labels\sub-009\ses-headUp\anat\sub-009_ses-headUp_T2w_seg-manual.nii.gz","729","8","",54.228886138638984,0.0,2.99332017543622,0.0,32.592911767761244,0.0,6.254713119302963,0.0,6.723433745790387,0.0,10.39899762151268,0.0,3.0001377774935207,0.0,3.2545753418094425,0.0,0.7627889749774659,0.0,4.605167754412108,0.0,0.9602733840510814,0.0,""
"2026-09-29 13:39:36","git-master-bddc7a050319718b5e4e0856afec0bc9ea96418f","C:\Users\marco\Desktop\ds004507\derivatives\labels\sub-009\ses-headUp\anat\sub-009_ses-headUp_T2w_seg-manual.nii.gz","730","8","",54.335470361388765,0.0,2.622843982620766,0.0,32.533629243773106,0.0,6.279491461889172,0.0,6.701731044597878,0.0,10.42584151858727,0.0,3.0459418744656874,0.0,3.233549587423485,0.0,0.7659597276006863,0.0,5.407648691698461,0.0,0.9630411090323973,0.0,""
"2026-09-29 13:39:36","git-master-bddc7a050319718b5e4e0856afec0bc9ea96418f","C:\Users\marco\Desktop\ds004507\derivatives\labels\sub-009\ses-headUp\anat\sub-009_ses-headUp_T2w_seg-manual.nii.gz","731","8","",54.442054584138546,0.0,2.252367789805312,0.0,32.47434671978496,0.0,6.304269804475381,0.0,6.680028343405368,0.0,10.452685415661861,0.0,3.091745971437854,0.0,3.2125238330375274,0.0,0.7691304802239068,0.0,6.210129628984815,0.0,0.9658088340137131,0.0,""
"2026-09-29 13:39:36","git-master-bddc7a050319718b5e4e0856afec0bc9ea96418f","C:\Users\marco\Desktop\ds004507\derivatives\labels\sub-009\ses-headUp\anat\sub-009_ses-headUp_T2w_seg-manual.nii.gz","732","8","",55.050126359461004,0.0,1.7694350935818592,0.0,32.41324770154622,0.0,6.354065033237046,0.0,6.6678682919361405,0.0,10.571299000206006,0.0,3.104415845155093,0.0,3.2496491880819534,0.0,0.7755402271437569,0.0,6.417482406522763,0.0,0.965084180113768,0.0,""
"2026-09-29 13:39:36","git-master-bddc7a050319718b5e4e0856afec0bc9ea96418f","C:\Users\marco\Desktop\ds004507\derivatives\labels\sub-009\ses-headUp\anat\sub-009_ses-headUp_T2w_seg-manual.nii.gz","733","8","",55.76963981313294,0.0,1.2615120632677397,0.0,32.351745017918454,0.0,6.409419570037701,0.0,6.657828829294308,0.0,10.710305848632274,0.0,3.109722558149014,0.0,3.2996970118886875,0.0,0.7826697505739693,0.0,6.4925844818943945,0.0,0.9635834420179871,0.0,""
"2026-09-29 13:39:36","git-master-bddc7a050319718b5e4e0856afec0bc9ea96418f","C:\Users\marco\Desktop\ds004507\derivatives\labels\sub-009\ses-headUp\anat\sub-009_ses-headUp_T2w_seg-manual.nii.gz","734","8","",56.48915326680488,0.0,0.7535890329536199,0.0,32.29024233429069,0.0,6.464774106838357,0.0,6.647789366652477,0.0,10.849312697058542,0.0,3.1150292711429355,0.0,3.3497448356954216,0.0,0.7897992740041815,0.0,6.567686557266026,0.0,0.9620827039222062,0.0,""
"2026-09-29 13:39:36","git-master-bddc7a050319718b5e4e0856afec0bc9ea96418f","C:\Users\marco\Desktop\ds004507\derivatives\labels\sub-009\ses-headUp\anat\sub-009_ses-headUp_T2w_seg-manual.nii.gz","735","8","",57.20866672047681,0.0,0.24566600263950028,0.0,32.228739650662924,0.0,6.520128643639012,0.0,6.6377499040106445,0.0,10.98831954548481,0.0,3.1203359841368568,0.0,3.3997926595021557,0.0,0.7969287974343937,0.0,6.642788632637658,0.0,0.9605819658264253,0.0,""
"2026-09-29 13:39:36","git-master-bddc7a050319718b5e4e0856afec0bc9ea96418f","C:\Users\marco\Desktop\ds004507\derivatives\labels\sub-009\ses-headUp\anat\sub-009_ses-headUp_T2w_seg-manual.nii.gz","736","7","",57.91406873720188,0.0,-2.215800084577098,0.0,31.985318726219283,0.0,6.748193735770636,0.0,6.846687544027041,0.0,10.78179958614863,0.0,3.3591864059597416,0.0,3.3890073298108945,0.0,0.7724934714418518,0.0,4.055058298295703,0.0,0.9376627604166666,0.0,""
"2026-09-29 13:39:36","git-master-bddc7a050319718b5e4e0856afec0bc9ea96418f","C:\Users\marco\Desktop\ds004507\derivatives\labels\sub-009\ses-headUp\anat\sub-009_ses-headUp_T2w_seg-manual.nii.gz","737","7","",58.21513793597731,0.0,-4.286935964530248,0.0,31.809589923840655,0.0,6.585325974407121,0.0,6.812664972419638,0.0,10.926890122635344,0.0,3.1979059636975298,0.0,3.387420010709592,0.0,0.7817284556439458,0.0,3.8246298183054086,0.0,0.9426790999310772,0.0,""
"2026-09-29 13:39:36","git-master-bddc7a050319718b5e4e0856afec0bc9ea96418f","C:\Users\marco\Desktop\ds004507\derivatives\labels\sub-009\ses-headUp\anat\sub-009_ses-headUp_T2w_seg-manual.nii.gz","738","7","",58.43521162034619,0.0,-5.041549079562259,0.0,31.630380837801095,0.0,6.562262990311512,0.0,6.780760376378348,0.0,11.047160161953137,0.0,3.177395230555366,0.0,3.384867759756146,0.0,0.7893967749154105,0.0,4.448791240452666,0.0,0.9489447332858868,0.0,""
"2026-09-29 13:39:36","git-master-bddc7a050319718b5e4e0856afec0bc9ea96418f","C:\Users\marco\Desktop\ds004507\derivatives\labels\sub-009\ses-headUp\anat\sub-009_ses-headUp_T2w_seg-manual.nii.gz","739","7","",58.244324748489944,0.0,-4.126430943956211,0.0,31.447679970771013,0.0,6.661836760201877,0.0,6.7669541724402045,0.0,11.048067812140388,0.0,3.2754387628729966,0.0,3.38639799732888,0.0,0.7896329923219161,0.0,4.498536713567512,0.0,0.9558502648752448,0.0,""
"2026-09-29 13:39:36","git-master-bddc7a050319718b5e4e0856afec0bc9ea96418f","C:\Users\marco\Desktop\ds004507\derivatives\labels\sub-009\ses-headUp\anat\sub-009_ses-headUp_T2w_seg-manual.nii.gz","740","7","",55.72906244747424,0.0,1.1688300681028423,0.0,31.25954817232168,0.0,6.86204131426589,0.0,6.862942502696813,0.0,10.380510802323611,0.0,3.4419481207172087,0.0,3.420093193548682,0.0,0.7483560430934606,0.0,-3.6636697921878136,0.0,0.9606151496159554,0.0,""
"2026-09-29 13:39:36","git-master-bddc7a050319718b5e4e0856afec0bc9ea96418f","C:\Users\marco\Desktop\ds004507\derivatives\labels\sub-009\ses-headUp\anat\sub-009_ses-headUp_T2w_seg-manual.nii.gz","741","7","",57.152887760705156,0.0,5.6778578387379355,0.0,31.06700858498707,0.0,6.842036814255112,0.0,6.867001344753873,0.0,10.594010961281308,0.0,3.3814531965697854,0.0,3.4605836176853253,0.0,0.7595446761793473,0.0,-2.711710759421938,0.0,0.9639316943531195,0.0,""
"2026-09-29 13:39:36","git-master-bddc7a050319718b5e4e0856afec0bc9ea96418f","C:\Users\marco\Desktop\ds004507\derivatives\labels\sub-009\ses-headUp\anat\sub-009_ses-headUp_T2w_seg-manual.nii.gz","742","7","",59.85509752448958,0.0,7.979494429947161,0.0,30.87086339249656,0.0,6.785947822311746,0.0,6.889587576323319,0.0,11.054471613004704,0.0,3.2568640800004256,0.0,3.52908374231132,0.0,0.7819941340151315,0.0,1.4274805408878426,0.0,0.9635089129694365,0.0,""
"2026-09-29 13:39:36","git-master-bddc7a050319718b5e4e0856afec0bc9ea96418f","C:\Users\marco\Desktop\ds004507\derivatives\labels\sub-009\ses-headUp\anat\sub-009_ses-headUp_T2w_seg-manual.nii.gz","743","7","",61.29656920968246,0.0,5.001457634964887,0.0,30.669966140370022,0.0,6.9005869098396,0.0,7.078622339591892,0.0,11.122509878770904,0.0,3.232065476121042,0.0,3.668521433718558,0.0,0.7713138005651393,0.0,3.299395567113471,0.0,0.9542867123727493,0.0,""
"2026-09-29 13:39:36","git-master-bddc7a050319718b5e4e0856afec0bc9ea96418f","C:\Users\marco\Desktop\ds004507\derivatives\labels\sub-009\ses-headUp\anat\sub-009_ses-headUp_T2w_seg-manual.nii.gz","744","7","",57.713198394859035,0.0,0.1746033544427874,0.0,30.463678917988215,0.0,6.7725256984882405,0.0,6.970321621907135,0.0,10.608209265291569,0.0,3.284903971528725,0.0,3.487621726959516,0.0,0.7529110913733129,0.0,2.563107166393995,0.0,0.9516199848842949,0.0,""
"2026-09-29 13:39:36","git-master-bddc7a050319718b5e4e0856afec0bc9ea96418f","C:\Users\marco\Desktop\ds004507\derivatives\labels\sub-009\ses-headUp\anat\sub-009_ses-headUp_T2w_seg-manual.nii.gz","745","7","",55.3476248955685,0.0,-3.934020627353737,0.0,30.253665565166717,0.0,6.811150103135372,0.0,6.9665388491939195,0.0,10.153591680396705,0.0,3.405721323996394,0.0,3.405428779138979,0.0,0.7264908244253457,0.0,2.946320391075582,0.0,0.9522040208676026,0.0,""
"2026-09-29 13:39:36","git-master-bddc7a050319718b5e4e0856afec0bc9ea96418f","C:\Users\marco\Desktop\ds004507\derivatives\labels\sub-009\ses-headUp\anat\sub-009_ses-headUp_T2w_seg-manual.nii.gz","746","7","",56.521965232141476,0.0,-6.3199367807804805,0.0,30.039621145896906,0.0,7.188544043413113,0.0,7.222712569438694,0.0,9.9825218314154,0.0,3.606858550252837,0.0,3.5816854931602764,0.0,0.6901277661230469,0.0,5.925129079298729,0.0,0.9556979784265107,0.0,""
"2026-09-29 13:39:36","git-master-bddc7a050319718b5e4e0856afec0bc9ea96418f","C:\Users\marco\Desktop\ds004507\derivatives\labels\sub-009\ses-headUp\anat\sub-009_ses-headUp_T2w_seg-manual.nii.gz","747","7","",62.316030978078366,0.0,-6.027765789036074,0.0,29.819146526097132,0.0,7.038787248872985,0.0,7.299525743437949,0.0,10.985459811082931,0.0,3.4209192781690927,0.0,3.6178679707038923,0.0,0.7428092155625572,0.0,3.903050230139292,0.0,0.9509460347927022,0.0,""
"2026-09-29 13:39:36","git-master-bddc7a050319718b5e4e0856afec0bc9ea96418f","C:\Users\marco\Desktop\ds004507\derivatives\labels\sub-009\ses-headUp\anat\sub-009_ses-headUp_T2w_seg-manual.nii.gz","748","7","",64.6663854385891,0.0,-4.957234607029625,0.0,29.59481892865551,0.0,6.854753798780217,0.0,7.161982130773379,0.0,11.582449080151035,0.0,3.3072756978407605,0.0,3.547478100939456,0.0,0.7850149767194825,0.0,3.361032901092729,0.0,0.9572301196450631,0.0,""
"2026-09-29 13:39:36","git-master-bddc7a050319718b5e4e0856afec0bc9ea96418f","C:\Users\marco\Desktop\ds004507\derivatives\labels\sub-009\ses-headUp\anat\sub-009_ses-headUp_T2w_seg-manual.nii.gz","749","7","",63.86918810618109,0.0,-3.309401376780387,0.0,29.36662484475211,0.0,6.701612421720229,0.0,6.892337064119749,0.0,11.72757682233491,0.0,3.289377068388794,0.0,3.4122353533314356,0.0,0.8088636167775292,0.0,4.211791515697712,0.0,0.9713546054617856,0.0,""
"2026-09-29 13:39:36","git-master-bddc7a050319718b5e4e0856afec0bc9ea96418f","C:\Users\marco\Desktop\ds004507\derivatives\labels\sub-009\ses-headUp\anat\sub-009_ses-headUp_T2w_seg-manual.nii.gz","750","7","",65.18954793694952,0.0,-1.9199503452416575,0.0,29.132104350070982,0.0,6.972122174715785,0.0,7.220340563237896,0.0,11.54904329678771,0.0,3.411608421968993,0.0,3.5605137527467914,0.0,0.7797479571542719,0.0,3.25321710995272,0.0,0.9579739454531149,0.0,""
"2026-09-29 13:39:36","git-master-bddc7a050319718b5e4e0856afec0bc9ea96418f","C:\Users\marco\Desktop\ds004507\derivatives\labels\sub-009\ses-headUp\anat\sub-009_ses-headUp_T2w_seg-manual.nii.gz","751","7","",66.2455648254586,0.0,-0.7190551043279597,0.0,28.892995712176127,0.0,7.0227342476756975,0.0,7.2716655724038315,0.0,11.657467564326064,0.0,3.3782500062147105,0.0,3.6444842414609866,0.0,0.7811365765379183,0.0,2.6694870933794013,0.0,0.9593425140234293,0.0,""
"2026-09-29 13:39:36","git-master-bddc7a050319718b5e4e0856afec0bc9ea96418f","C:\Users\marco\Desktop\ds004507\derivatives\labels\sub-009\ses-headUp\anat\sub-009_ses-headUp_T2w_seg-manual.nii.gz","752","7","",65.7395522850737,0.0,0.3179062951774779,0.0,28.649887189225193,0.0,6.933388300376254,0.0,7.124930483780813,0.0,11.778904742682084,0.0,3.2621830586314076,0.0,3.6712052417448473,0.0,0.7963465336716856,0.0,2.2453509505277753,0.0,0.9622971387083278,0.0,""
"2026-09-29 13:39:36","git-master-bddc7a050319718b5e4e0856afec0bc9ea96418f","C:\Users\marco\Desktop\ds004507\derivatives\labels\sub-009\ses-headUp\anat\sub-009_ses-headUp_T2w_seg-manual.nii.gz","753","7","",60.11777224980847,0.0,1.1267329836132391,0.0,28.40118831504271,0.0,6.76239702581157,0.0,6.7964017438258,0.0,11.396229437257428,0.0,3.1470977535858355,0.0,3.6152992722257347,0.0,0.8027450910126325,0.0,1.6760515258646353,0.0,0.942643046534077,0.0,""
"2026-09-29 13:39:36","git-master-bddc7a050319718b5e4e0856afec0bc9ea96418f","C:\Users\marco\Desktop\ds004507\derivatives\labels\sub-009\ses-headUp\anat\sub-009_ses-headUp_T2w_seg-manual.nii.gz","754","7","",62.12160379265475,0.0,1.7071540661006006,0.0,28.146813171416223,0.0,6.8587669983666055,0.0,6.919323786726126,0.0,11.518628027177224,0.0,3.3254207079376257,0.0,3.5333462904289803,0.0,0.7995069872049052,0.0,3.0737222174052325,0.0,0.9558691775963176,0.0,""
"2026-09-29 13:39:36","git-master-bddc7a050319718b5e4e0856afec0bc9ea96418f","C:\Users\marco\Desktop\ds004507\derivatives\labels\sub-009\ses-headUp\anat\sub-009_ses-headUp_T2w_seg-manual.nii.gz","755","7","",65.422749838408,0.0,2.1227565808902265,0.0,27.888299771979526,0.0,7.038024686208655,0.0,7.1341875583480805,0.0,11.71727013821314,0.0,3.474726706760182,0.0,3.563297979448473,0.0,0.7932643353004907,0.0,4.987277889651961,0.0,0.9668619275887231,0.0,""
"2026-09-29 13:39:36","git-master-bddc7a050319718b5e4e0856afec0bc9ea96418f","C:\Users\marco\Desktop\ds004507\derivatives\labels\sub-009\ses-headUp\anat\sub-009_ses-headUp_T2w_seg-manual.nii.gz","756","7","",67.18468788017876,0.0,2.348285534344723,0.0,27.62498353323411,0.0,7.2334461906723355,0.0,7.286311455252606,0.0,11.795809530849887,0.0,3.4168091121959687,0.0,3.816637078476367,0.0,0.7864072500630552,0.0,6.843654298533252,0.0,0.9565419718061822,0.0,""
"2026-09-29 13:39:36","git-master-bddc7a050319718b5e4e0856afec0bc9ea96418f","C:\Users\marco\Desktop\ds004507\derivatives\labels\sub-009\ses-headUp\anat\sub-009_ses-headUp_T2w_seg-manual.nii.gz","757","7","",66.56707825882022,0.0,2.308012646015636,0.0,27.354840391347622,0.0,7.1140933677335125,0.0,7.278339588770922,0.0,11.78099781980948,0.0,3.3975852986114896,0.0,3.7165080691220225,0.0,0.7863329505055645,0.0,7.4886986456276485,0.0,0.9622944006578168,0.0,""
"2026-09-29 13:39:36","git-master-bddc7a050319718b5e4e0856afec0bc9ea96418f","C:\Users\marco\Desktop\ds004507\derivatives\labels\sub-009\ses-headUp\anat\sub-009_ses-headUp_T2w_seg-manual.nii.gz","758","7","",66.49917982285953,0.0,2.1788029788288545,0.0,27.081561531345862,0.0,7.017650365063875,0.0,7.187182177988483,0.0,11.908448141050746,0.0,3.3748238309706906,0.0,3.642826534093184,0.0,0.7967350527469198,0.0,7.104874931752424,0.0,0.9630762737567964,0.0,""
"2026-09-29 13:39:36","git-master-bddc7a050319718b5e4e0856afec0bc9ea96418f","C:\Users\marco\Desktop\ds004507\derivatives\labels\sub-009\ses-headUp\anat\sub-009_ses-headUp_T2w_seg-manual.nii.gz","759","7","",67.21443998925645,0.0,1.9812773871881817,0.0,26.80544727005396,0.0,6.978997726668276,0.0,7.039034899905291,0.0,12.176679019891063,0.0,3.3435577995327797,0.0,3.6354399271354962,0.0,0.81589398131308,0.0,5.686145515972952,0.0,0.9566956525960738,0.0,""
"2026-09-29 13:39:36","git-master-bddc7a050319718b5e4e0856afec0bc9ea96418f","C:\Users\marco\Desktop\ds004507\derivatives\labels\sub-009\ses-headUp\anat\sub-009_ses-headUp_T2w_seg-manual.nii.gz","760","7","",66.52715487082015,0.0,1.8077370832126467,0.0,26.526607065108742,0.0,6.942413238921127,0.0,7.26763043096948,0.0,11.914419439888347,0.0,3.298537989863768,0.0,3.6438752490573587,0.0,0.7917729559782374,0.0,3.423565123200826,0.0,0.9487703749494514,0.0,""
"2026-09-29 13:39:36","git-master-bddc7a050319718b5e4e0856afec0bc9ea96418f","C:\Users\marco\Desktop\ds004507\derivatives\labels\sub-009\ses-headUp\anat\sub-009_ses-headUp_T2w_seg-manual.nii.gz","761","7","",67.34562206190762,0.0,1.6494772332160663,0.0,26.24602469084236,0.0,6.94143072915754,0.0,7.225751344339805,0.0,12.032865487121724,0.0,3.359052950604982,0.0,3.582377778552558,0.0,0.7985865255158627,0.0,3.1674991640038774,0.0,0.9513340906425454,0.0,""
"2026-09-29 13:39:36","git-master-bddc7a050319718b5e4e0856afec0bc9ea96418f","C:\Users\marco\Desktop\ds004507\derivatives\labels\sub-009\ses-headUp\anat\sub-009_ses-headUp_T2w_seg-manual.nii.gz","762","7","",69.00665021270159,0.0,1.5054098995153835,0.0,25.963822616260295,0.0,6.994489744285448,0.0,7.112239371137256,0.0,12.28605125993996,0.0,3.458037827719657,0.0,3.536451916565792,0.0,0.8148470021391822,0.0,4.475799657637714,0.0,0.9580868032378624,0.0,""
"2026-09-29 13:39:36","git-master-bddc7a050319718b5e4e0856afec0bc9ea96418f","C:\Users\marco\Desktop\ds004507\derivatives\labels\sub-009\ses-headUp\anat\sub-009_ses-headUp_T2w_seg-manual.nii.gz","763","7","",70.07192069123437,0.0,1.3820970605344778,0.0,25.679246803641554,0.0,7.195532819876723,0.0,7.484384751457306,0.0,12.016738903261786,0.0,3.4174968479627617,0.0,3.778035971913962,0.0,0.7815192923625492,0.0,7.087805656836457,0.0,0.9527083607421051,0.0,""
"2026-09-29 13:39:36","git-master-bddc7a050319718b5e4e0856afec0bc9ea96418f","C:\Users\marco\Desktop\ds004507\derivatives\labels\sub-009\ses-headUp\anat\sub-009_ses-headUp_T2w_seg-manual.nii.gz","764","7","",69.28449561142565,0.0,1.2773645240239173,0.0,25.392539477378573,0.0,7.1933455202483465,0.0,7.444031917500324,0.0,11.917559390658798,0.0,3.4370399584575213,0.0,3.756305561790825,0.0,0.7808421949891601,0.0,7.141720120866569,0.0,0.9521292182792532,0.0,""
"2026-09-29 13:39:36","git-master-bddc7a050319718b5e4e0856afec0bc9ea96418f","C:\Users\marco\Desktop\ds004507\derivatives\labels\sub-009\ses-headUp\anat\sub-009_ses-headUp_T2w_seg-manual.nii.gz","765","7","",68.01936856305305,0.0,1.1868433724387775,0.0,25.104199341554118,0.0,7.127915071755885,0.0,7.306673583237094,0.0,11.878964048241714,0.0,3.4383561159646723,0.0,3.689558955791212,0.0,0.7884543839637622,0.0,6.510012945236021,0.0,0.9547126047744128,0.0,""
"2026-09-29 13:39:36","git-master-bddc7a050319718b5e4e0856afec0bc9ea96418f","C:\Users\marco\Desktop\ds004507\derivatives\labels\sub-009\ses-headUp\anat\sub-009_ses-headUp_T2w_seg-manual.nii.gz","766","7","",67.15696284368381,0.0,1.1138162348247405,0.0,24.81384661000805,0.0,7.081879409230272,0.0,7.280360059791477,0.0,11.841596783634282,0.0,3.349539467784525,0.0,3.732339941445747,0.0,0.7886735233244336,0.0,6.374841075391089,0.0,0.9606529246596578,0.0,""
"2026-09-29 13:39:36","git-master-bddc7a050319718b5e4e0856afec0bc9ea96418f","C:\Users\marco\Desktop\ds004507\derivatives\labels\sub-009\ses-headUp\anat\sub-009_ses-headUp_T2w_seg-manual.nii.gz","767","7","",68.51473996651016,0.0,1.06266196054037,0.0,24.520971006063153,0.0,6.94909704528305,0.0,7.227309837847681,0.0,12.20441070628372,0.0,3.2130480207444445,0.0,3.736049024538606,0.0,0.8051730340375824,0.0,7.060398118022066,0.0,0.9477897686535515,0.0,""
"2026-09-29 13:39:36","git-master-bddc7a050319718b5e4e0856afec0bc9ea96418f","C:\Users\marco\Desktop\ds004507\derivatives\labels\sub-009\ses-headUp\anat\sub-009_ses-headUp_T2w_seg-manual.nii.gz","768","7","",69.43123551365852,0.0,1.0257266013635673,0.0,24.226452470321068,0.0,6.913926597026283,0.0,7.233743866072368,0.0,12.392988881905534,0.0,3.155847867678928,0.0,3.758078729347355,0.0,0.8118687391723313,0.0,6.99565639264697,0.0,0.9388814357356394,0.0,""
"2026-09-29 13:39:36","git-master-bddc7a050319718b5e4e0856afec0bc9ea96418f","C:\Users\marco\Desktop\ds004507\derivatives\labels\sub-009\ses-headUp\anat\sub-009_ses-headUp_T2w_seg-manual.nii.gz","769","7","",69.34112935819738,0.0,1.0030106234773173,0.0,23.930290083360408,0.0,7.022567245944319,0.0,7.322721075723229,0.0,12.277025254876348,0.0,3.2110229825580308,0.0,3.811544263386288,0.0,0.8026448246414272,0.0,5.79548413093118,0.0,0.9387810506311931,0.0,""
"2026-09-29 13:39:36","git-master-bddc7a050319718b5e4e0856afec0bc9ea96418f","C:\Users\marco\Desktop\ds004507\derivatives\labels\sub-009\ses-headUp\anat\sub-009_ses-headUp_T2w_seg-manual.nii.gz","770","6","",67.28664770172144,0.0,1.0065157378745817,0.0,23.501180195933962,0.0,7.019112663127105,0.0,7.2848280794112785,0.0,11.840086551791012,0.0,3.42864442651849,0.0,3.590468236608615,0.0,0.7883178995698475,0.0,5.0485918492808874,0.0,0.9582021185227598,0.0,""
"2026-09-29 13:39:36","git-master-bddc7a050319718b5e4e0856afec0bc9ea96418f","C:\Users\marco\Desktop\ds004507\derivatives\labels\sub-009\ses-headUp\anat\sub-009_ses-headUp_T2w_seg-manual.nii.gz","771","6","",69.5634365483734,0.0,1.0381977236580946,0.0,23.15454201330751,0.0,7.278715357115403,0.0,7.486913647668914,0.0,11.953264830602135,0.0,3.4118527417592155,0.0,3.8668626153561876,0.0,0.7795319438482928,0.0,5.664080996167897,0.0,0.9470098685242196,0.0,""
"2026-09-29 13:39:36","git-master-bddc7a050319718b5e4e0856afec0bc9ea96418f","C:\Users\marco\Desktop\ds004507\derivatives\labels\sub-009\ses-headUp\anat\sub-009_ses-headUp_T2w_seg-manual.nii.gz","772","6","",69.65678777013673,0.0,1.0915364700934507,0.0,22.80538829222922,0.0,7.345917749389152,0.0,7.467975148353859,0.0,12.063722153416583,0.0,3.3690430524887214,0.0,3.976874696900431,0.0,0.7852514828065853,0.0,7.935068660009461,0.0,0.9385365943577448,0.0,""
"2026-09-29 13:39:36","git-master-bddc7a050319718b5e4e0856afec0bc9ea96418f","C:\Users\marco\Desktop\ds004507\derivatives\labels\sub-009\ses-headUp\anat\sub-009_ses-headUp_T2w_seg-manual.nii.gz","773","6","",71.08700765924853,0.0,1.1665296700231593,0.0,22.453717922868147,0.0,7.2216532884573805,0.0,7.431373647616942,0.0,12.36572355819486,0.0,3.3087625323838075,0.0,3.9128907560735735,0.0,0.7988428743943542,0.0,7.649430003803896,0.0,0.9437097591434301,0.0,""
"2026-09-29 13:39:36","git-master-bddc7a050319718b5e4e0856afec0bc9ea96418f","C:\Users\marco\Desktop\ds004507\derivatives\labels\sub-009\ses-headUp\anat\sub-009_ses-headUp_T2w_seg-manual.nii.gz","774","6","",73.73204966239246,0.0,1.2631742361084375,0.0,22.099530200451444,0.0,7.092948317134807,0.0,7.496505508232391,0.0,12.652742136103377,0.0,3.2814737911939074,0.0,3.8114745259409,0.0,0.8051710203872039,0.0,5.1620626416597375,0.0,0.9540189679270136,0.0,""
"2026-09-29 13:39:36","git-master-bddc7a050319718b5e4e0856afec0bc9ea96418f","C:\Users\marco\Desktop\ds004507\derivatives\labels\sub-009\ses-headUp\anat\sub-009_ses-headUp_T2w_seg-manual.nii.gz","775","6","",73.82751438069879,0.0,1.38146630082921,0.0,21.74282482526438,0.0,7.332922072541836,0.0,7.698802389597837,0.0,12.317459031514446,0.0,3.379554874741085,0.0,3.9533671978007505,0.0,0.780599366386714,0.0,5.394886638795742,0.0,0.9415159676798769,0.0,""
"2026-09-29 13:39:36","git-master-bddc7a050319718b5e4e0856afec0bc9ea96418f","C:\Users\marco\Desktop\ds004507\derivatives\labels\sub-009\ses-headUp\anat\sub-009_ses-headUp_T2w_seg-manual.nii.gz","776","6","",74.63239077540345,0.0,1.5286097793543658,0.0,21.38276366196743,0.0,7.424059426482043,0.0,7.603701332875283,0.0,12.539049423917604,0.0,3.6722113798250318,0.0,3.751848046657012,0.0,0.7950091991851265,0.0,2.0524893041686934,0.0,0.9511818845752186,0.0,""
"2026-09-29 13:39:36","git-master-bddc7a050319718b5e4e0856afec0bc9ea96418f","C:\Users\marco\Desktop\ds004507\derivatives\labels\sub-009\ses-headUp\anat\sub-009_ses-headUp_T2w_seg-manual.nii.gz","777","6","",76.49279248997708,0.0,1.6818686296782128,0.0,21.020187776611593,0.0,7.4132131425833245,0.0,7.708830691755047,0.0,12.710367807103886,0.0,3.622166809104507,0.0,3.791046333478818,0.0,0.7950912153928118,0.0,3.76675035347048,0.0,0.9520774864270358,0.0,""
"2026-09-29 13:39:36","git-master-bddc7a050319718b5e4e0856afec0bc9ea96418f","C:\Users\marco\Desktop\ds004507\derivatives\labels\sub-009\ses-headUp\anat\sub-009_ses-headUp_T2w_seg-manual.nii.gz","778","6","",77.77316873592687,0.0,1.8309007056263624,0.0,20.65509948406625,0.0,7.538234599432642,0.0,7.835701514449077,0.0,12.792700942170505,0.0,3.57173118024328,0.0,3.9665034191893622,0.0,0.7904482155766267,0.0,6.079382684678828,0.0,0.9559980033490748,0.0,""
"2026-09-29 13:39:36","git-master-bddc7a050319718b5e4e0856afec0bc9ea96418f","C:\Users\marco\Desktop\ds004507\derivatives\labels\sub-009\ses-headUp\anat\sub-009_ses-headUp_T2w_seg-manual.nii.gz","779","6","",78.21687750060896,0.0,1.9705361207351948,0.0,20.28750156552321,0.0,7.785410665119693,0.0,7.916009403475989,0.0,12.740372790428665,0.0,3.6565194294218992,0.0,4.128891235697793,0.0,0.7833960262070758,0.0,6.501132800718986,0.0,0.9646462961340989,0.0,""
"2026-09-29 13:39:36","git-master-bddc7a050319718b5e4e0856afec0bc9ea96418f","C:\Users\marco\Desktop\ds004507\derivatives\labels\sub-009\ses-headUp\anat\sub-009_ses-headUp_T2w_seg-manual.nii.gz","780","6","",78.94618554722842,0.0,2.10077724825186,0.0,19.91739726849674,0.0,7.889463697236906,0.0,7.991634515661068,0.0,12.50074451340355,0.0,3.805451411337687,0.0,4.0840122858992185,0.0,0.7689634996583118,0.0,4.511780809463719,0.0,0.9696328562538893,0.0,""
"2026-09-29 13:39:36","git-master-bddc7a050319718b5e4e0856afec0bc9ea96418f","C:\Users\marco\Desktop\ds004507\derivatives\labels\sub-009\ses-headUp\anat\sub-009_ses-headUp_T2w_seg-manual.nii.gz","781","6","",79.3832806674321,0.0,2.2184980468263227,0.0,19.543959554201624,0.0,7.8170896683173785,0.0,8.141481100877757,0.0,12.603087056631407,0.0,3.591029042603674,0.0,4.226060625713704,0.0,0.7633440017546859,0.0,5.831652416775072,0.0,0.9555280919826301,0.0,""
"2026-09-29 13:39:36","git-master-bddc7a050319718b5e4e0856afec0bc9ea96418f","C:\Users\marco\Desktop\ds004507\derivatives\labels\sub-009\ses-headUp\anat\sub-009_ses-headUp_T2w_seg-manual.nii.gz","782","6","",77.92972371252266,0.0,2.3268329019051808,0.0,19.168029581505223,0.0,7.721924625004471,0.0,7.995835726080133,0.0,12.48018442580333,0.0,3.596980396960482,0.0,4.124944228043988,0.0,0.767815997838643,0.0,6.552928435403834,0.0,0.9576447364989716,0.0,""
"2026-09-29 13:39:36","git-master-bddc7a050319718b5e4e0856afec0bc9ea96418f","C:\Users\marco\Desktop\ds004507\derivatives\labels\sub-009\ses-headUp\anat\sub-009_ses-headUp_T2w_seg-manual.nii.gz","783","6","",77.28522189925377,0.0,2.425784725628827,0.0,18.789613575501594,0.0,7.74084579189947,0.0,7.978520399031498,0.0,12.401380420449332,0.0,3.690829585023149,0.0,4.050016206876321,0.0,0.7654893443682631,0.0,6.795594387237551,0.0,0.9537328650219344,0.0,""
"2026-09-29 13:39:36","git-master-bddc7a050319718b5e4e0856afec0bc9ea96418f","C:\Users\marco\Desktop\ds004507\derivatives\labels\sub-009\ses-headUp\anat\sub-009_ses-headUp_T2w_seg-manual.nii.gz","784","6","",78.45768914689289,0.0,2.515356393130037,0.0,18.408718286725627,0.0,7.94586309866345,0.0,8.179206001251957,0.0,12.427247658213775,0.0,3.810316821513667,0.0,4.135546277149782,0.0,0.7528006789123187,0.0,6.916995759656595,0.0,0.9443931258414509,0.0,""
"2026-09-29 13:39:36","git-master-bddc7a050319718b5e4e0856afec0bc9ea96418f","C:\Users\marco\Desktop\ds004507\derivatives\labels\sub-009\ses-headUp\anat\sub-009_ses-headUp_T2w_seg-manual.nii.gz","785","6","",80.76324607722132,0.0,2.5955507425339723,0.0,18.025350991153026,0.0,8.34411918001727,0.0,8.353412288018426,0.0,12.409587574855358,0.0,3.9633984252609817,0.0,4.380720754756287,0.0,0.7395134201502739,0.0,7.511838005534167,0.0,0.9530767403183654,0.0,""
"2026-09-29 13:39:36","git-master-bddc7a050319718b5e4e0856afec0bc9ea96418f","C:\Users\marco\Desktop\ds004507\derivatives\labels\sub-009\ses-headUp\anat\sub-009_ses-headUp_T2w_seg-manual.nii.gz","786","6","",80.41398036870542,0.0,2.6632473229594034,0.0,17.638704396537083,0.0,8.161045110759158,0.0,8.300014733599571,0.0,12.42250986234354,0.0,3.929813867777875,0.0,4.231231242981282,0.0,0.7440239777357917,0.0,6.826644766230989,0.0,0.9641698618273465,0.0,""
"2026-09-29 13:39:36","git-master-bddc7a050319718b5e4e0856afec0bc9ea96418f","C:\Users\marco\Desktop\ds004507\derivatives\labels\sub-009\ses-headUp\anat\sub-009_ses-headUp_T2w_seg-manual.nii.gz","787","6","",79.17892754820505,0.0,2.721574168513666,0.0,17.24961251975926,0.0,8.062828532337543,0.0,8.273960514299267,0.0,12.282419962720581,0.0,3.847018165732527,0.0,4.215810366605015,0.0,0.7389710169041096,0.0,5.34442826839847,0.0,0.962163002657002,0.0,""
"2026-09-29 13:39:36","git-master-bddc7a050319718b5e4e0856afec0bc9ea96418f","C:\Users\marco\Desktop\ds004507\derivatives\labels\sub-009\ses-headUp\anat\sub-009_ses-headUp_T2w_seg-manual.nii.gz","788","6","",79.37438279903456,0.0,2.770533332337288,0.0,16.85808595511076,0.0,8.157969787089712,0.0,8.287620945101217,0.0,12.26576521189339,0.0,3.9269016523411566,0.0,4.231068134748556,0.0,0.7371689597609088,0.0,4.0591426456901605,0.0,0.962196816773962,0.0,""
"2026-09-29 13:39:36","git-master-bddc7a050319718b5e4e0856afec0bc9ea96418f","C:\Users\marco\Desktop\ds004507\derivatives\labels\sub-009\ses-headUp\anat\sub-009_ses-headUp_T2w_seg-manual.nii.gz","789","6","",80.91676808926206,0.0,2.8101266662791695,0.0,16.464135876049543,0.0,8.318587320465705,0.0,8.340491263611884,0.0,12.390130084928408,0.0,4.09896166703807,0.0,4.219625653427634,0.0,0.7394948012085008,0.0,3.7562492413858184,0.0,0.9667631069928629,0.0,""
"2026-09-29 13:39:36","git-master-bddc7a050319718b5e4e0856afec0bc9ea96418f","C:\Users\marco\Desktop\ds004507\derivatives\labels\sub-009\ses-headUp\anat\sub-009_ses-headUp_T2w_seg-manual.nii.gz","790","6","",81.32263217170944,0.0,2.840355820896585,0.0,16.06777403520032,0.0,8.180417681028302,0.0,8.419190630060497,0.0,12.414236196051618,0.0,4.010302555475662,0.0,4.170115125552639,0.0,0.7348881089458272,0.0,5.012716608391409,0.0,0.9657048249763481,0.0,""
"2026-09-29 13:39:36","git-master-bddc7a050319718b5e4e0856afec0bc9ea96418f","C:\Users\marco\Desktop\ds004507\derivatives\labels\sub-009\ses-headUp\anat\sub-009_ses-headUp_T2w_seg-manual.nii.gz","791","6","",80.4108974612285,0.0,2.8581018045200803,0.0,15.66822238251666,0.0,8.158220660212837,0.0,8.279891492084813,0.0,12.338589065322596,0.0,3.974268032365678,0.0,4.183952627847159,0.0,0.7414002904685919,0.0,5.422798850993061,0.0,0.9733672315963517,0.0,""
"2026-09-29 13:39:36","git-master-bddc7a050319718b5e4e0856afec0bc9ea96418f","C:\Users\marco\Desktop\ds004507\derivatives\labels\sub-009\ses-headUp\anat\sub-009_ses-headUp_T2w_seg-manual.nii.gz","792","6","",80.44689663596604,0.0,2.866486486106505,0.0,15.266299582422414,0.0,8.175721231577056,0.0,8.41679447446152,0.0,12.283865488717797,0.0,3.878793405579687,0.0,4.2969278259973684,0.0,0.7281158009310531,0.0,5.025347333823013,0.0,0.960232375760209,0.0,""
"2026-09-29 13:39:36","git-master-bddc7a050319718b5e4e0856afec0bc9ea96418f","C:\Users\marco\Desktop\ds004507\derivatives\labels\sub-009\ses-headUp\anat\sub-009_ses-headUp_T2w_seg-manual.nii.gz","793","6","",81.17040615708721,0.0,2.8683786182061444,0.0,14.864411242689375,0.0,8.191874328526255,0.0,8.49850688086021,0.0,12.30683697850773,0.0,3.901512869889306,0.0,4.29036145863695,0.0,0.7231991528706119,0.0,3.7750147732417196,0.0,0.9583363703845996,0.0,""
"2026-09-29 13:39:36","git-master-bddc7a050319718b5e4e0856afec0bc9ea96418f","C:\Users\marco\Desktop\ds004507\derivatives\labels\sub-009\ses-headUp\anat\sub-009_ses-headUp_T2w_seg-manual.nii.gz","794","6","",81.25745898749128,0.0,2.866646837498152,0.0,14.464985016844471,0.0,8.196445531495119,0.0,8.447623162718381,0.0,12.256852204808903,0.0,3.990755859705586,0.0,4.205689671789534,0.0,0.7240485427778035,0.0,2.4024768721680765,0.0,0.9712381403245764,0.0,""
"2026-09-29 13:39:36","git-master-bddc7a050319718b5e4e0856afec0bc9ea96418f","C:\Users\marco\Desktop\ds004507\derivatives\labels\sub-009\ses-headUp\anat\sub-009_ses-headUp_T2w_seg-manual.nii.gz","795","6","",78.32034459181165,0.0,2.8641596647905474,0.0,14.070470604169762,0.0,8.210011067947708,0.0,8.440724919241434,0.0,11.77583699558382,0.0,3.865547049079012,0.0,4.344464018868695,0.0,0.6972958510962978,0.0,2.4144323200794178,0.0,0.9740194223735654,0.0,""
"2026-09-29 13:39:36","git-master-bddc7a050319718b5e4e0856afec0bc9ea96418f","C:\Users\marco\Desktop\ds004507\derivatives\labels\sub-009\ses-headUp\anat\sub-009_ses-headUp_T2w_seg-manual.nii.gz","796","6","",79.22296765939504,0.0,2.860665286353818,0.0,13.682662514030257,0.0,8.236565283712977,0.0,8.50542499455052,0.0,12.075674124942836,0.0,3.8074144512565242,0.0,4.429150832456452,0.0,0.7097288102226764,0.0,0.533710157852906,0.0,0.9667540718764783,0.0,""
"2026-09-29 13:39:36","git-master-bddc7a050319718b5e4e0856afec0bc9ea96418f","C:\Users\marco\Desktop\ds004507\derivatives\labels\sub-009\ses-headUp\anat\sub-009_ses-headUp_T2w_seg-manual.nii.gz","797","6","",80.03275622454481,0.0,2.8564154863805347,0.0,13.299996939423396,0.0,8.227962906595403,0.0,8.38043782801788,0.0,12.279816056238811,0.0,3.7979224780014236,0.0,4.430040428593978,0.0,0.7305010532780977,0.0,1.8129266510636846,0.0,0.96499556153714,0.0,""
"2026-09-29 13:39:36","git-master-bddc7a050319718b5e4e0856afec0bc9ea96418f","C:\Users\marco\Desktop\ds004507\derivatives\labels\sub-009\ses-headUp\anat\sub-009_ses-headUp_T2w_seg-manual.nii.gz","798","6","",81.18065016667947,0.0,2.8514102501076897,0.0,12.922545634726056,0.0,8.326131033776177,0.0,8.388678770543027,0.0,12.380687901568026,0.0,3.828287005136981,0.0,4.497844028639195,0.0,0.7353730050535153,0.0,2.210208670427444,0.0,0.9659677366941434,0.0,""
"2026-09-29 13:39:36","git-master-bddc7a050319718b5e4e0856afec0bc9ea96418f","C:\Users\marco\Desktop\ds004507\derivatives\labels\sub-009\ses-headUp\anat\sub-009_ses-headUp_T2w_seg-manual.nii.gz","799","6","",81.32468643099871,0.0,2.8456495611535257,0.0,12.550378650614613,0.0,8.401465951664528,0.0,8.530991697333796,0.0,12.300739136340532,0.0,3.821341849696273,0.0,4.580124101968254,0.0,0.7201293372958327,0.0,1.1709635298103787,0.0,0.964054046918226,0.0,""
"2026-09-29 13:39:36","git-master-bddc7a050319718b5e4e0856afec0bc9ea96418f","C:\Users\marco\Desktop\ds004507\derivatives\labels\sub-009\ses-headUp\anat\sub-009_ses-headUp_T2w_seg-manual.nii.gz","800","6","",77.34999902848347,0.0,2.839133401517536,0.0,12.183564334064938,0.0,8.05283313589772,0.0,8.486149007906345,0.0,11.892443599280165,0.0,3.631538769922179,0.0,4.421294365975541,0.0,0.7005789687079023,0.0,1.6278789862291845,0.0,0.95079754601227,0.0,""
"2026-09-29 13:39:36","git-master-bddc7a050319718b5e4e0856afec0bc9ea96418f","C:\Users\marco\Desktop\ds004507\derivatives\labels\sub-009\ses-headUp\anat\sub-009_ses-headUp_T2w_seg-manual.nii.gz","801","5","",80.51638769569591,0.0,2.8297290311735273,0.0,11.734129979687424,0.0,8.30369154122873,0.0,8.480276155067422,0.0,12.15177160952586,0.0,3.9649985080826298,0.0,4.338693033146099,0.0,0.7162309208304043,0.0,3.884498310812152,0.0,0.9618979151689432,0.0,""
"2026-09-29 13:39:36","git-master-bddc7a050319718b5e4e0856afec0bc9ea96418f","C:\Users\marco\Desktop\ds004507\derivatives\labels\sub-009\ses-headUp\anat\sub-009_ses-headUp_T2w_seg-manual.nii.gz","802","5","",79.7285313900554,0.0,2.8207316169720493,0.0,11.36271399973374,0.0,8.242822849799726,0.0,8.342717739950258,0.0,12.200074183114983,0.0,3.868218302864949,0.0,4.374604546934776,0.0,0.7295886470135393,0.0,5.857680211920977,0.0,0.9652198932294167,0.0,""
"2026-09-29 13:39:36","git-master-bddc7a050319718b5e4e0856afec0bc9ea96418f","C:\Users\marco\Desktop\ds004507\derivatives\labels\sub-009\ses-headUp\anat\sub-009_ses-headUp_T2w_seg-manual.nii.gz","803","5","",79.42232362188327,0.0,2.8108684338223355,0.0,10.997749197632217,0.0,8.241920603625891,0.0,8.367092637221708,0.0,12.20914233091841,0.0,3.818235372107432,0.0,4.423685231518459,0.0,0.7282382471541059,0.0,4.941655056587583,0.0,0.9681126380120938,0.0,""
"2026-09-29 13:39:36","git-master-bddc7a050319718b5e4e0856afec0bc9ea96418f","C:\Users\marco\Desktop\ds004507\derivatives\labels\sub-009\ses-headUp\anat\sub-009_ses-headUp_T2w_seg-manual.nii.gz","804","5","",78.71818158248529,0.0,2.800139441240702,0.0,10.639308803554067,0.0,8.2834314202214,0.0,8.492611124365336,0.0,12.06420348705667,0.0,3.8224914373470007,0.0,4.460939982874399,0.0,0.7097160074838503,0.0,5.409261371820375,0.0,0.9523785396721364,0.0,""
"2026-09-29 13:39:36","git-master-bddc7a050319718b5e4e0856afec0bc9ea96418f","C:\Users\marco\Desktop\ds004507\derivatives\labels\sub-009\ses-headUp\anat\sub-009_ses-headUp_T2w_seg-manual.nii.gz","805","5","",79.21454253358132,0.0,2.7885445959620214,0.0,10.287463094389487,0.0,8.273718252080952,0.0,8.55954367843165,0.0,12.034851861331887,0.0,3.868075889789762,0.0,4.405642362291191,0.0,0.702708779936664,0.0,6.248526538625862,0.0,0.9401725627238359,0.0,""
"2026-09-29 13:39:36","git-master-bddc7a050319718b5e4e0856afec0bc9ea96418f","C:\Users\marco\Desktop\ds004507\derivatives\labels\sub-009\ses-headUp\anat\sub-009_ses-headUp_T2w_seg-manual.nii.gz","806","5","",81.23339069318047,0.0,2.7760838519812414,0.0,9.942279435770807,0.0,8.236773295092899,0.0,8.54255865388788,0.0,12.180876158994835,0.0,3.9378382099596743,0.0,4.298935085133226,0.0,0.7127991474472675,0.0,5.382055850323846,0.0,0.9511366464407474,0.0,""
"2026-09-29 13:39:36","git-master-bddc7a050319718b5e4e0856afec0bc9ea96418f","C:\Users\marco\Desktop\ds004507\derivatives\labels\sub-009\ses-headUp\anat\sub-009_ses-headUp_T2w_seg-manual.nii.gz","807","5","",82.29135290019259,0.0,2.76275716059604,0.0,9.60382232512883,0.0,8.356767392437527,0.0,8.627966895389688,0.0,12.133034426264642,0.0,4.0102122910343025,0.0,4.346555101403224,0.0,0.7030533486595233,0.0,2.8682162321832796,0.0,0.974993260543311,0.0,""
"2026-09-29 13:39:36","git-master-bddc7a050319718b5e4e0856afec0bc9ea96418f","C:\Users\marco\Desktop\ds004507\derivatives\labels\sub-009\ses-headUp\anat\sub-009_ses-headUp_T2w_seg-manual.nii.gz","808","5","",83.88215688155688,0.0,2.748446368560544,0.0,9.273090561355605,0.0,8.368387630344857,0.0,8.685288240532726,0.0,12.36872371433957,0.0,3.9517120161623462,0.0,4.416675614182511,0.0,0.7119488330825732,0.0,3.694811542541126,0.0,0.9765982577775081,0.0,""
"2026-09-29 13:39:36","git-master-bddc7a050319718b5e4e0856afec0bc9ea96418f","C:\Users\marco\Desktop\ds004507\derivatives\labels\sub-009\ses-headUp\anat\sub-009_ses-headUp_T2w_seg-manual.nii.gz","809","5","",83.85961081270044,0.0,2.7331907614044697,0.0,8.949855800687859,0.0,8.366710631268415,0.0,8.718292623661164,0.0,12.37844192160246,0.0,3.9530611817977563,0.0,4.413649449470658,0.0,0.7098841811829489,0.0,2.2719422812982004,0.0,0.9703324762311418,0.0,""
"2026-09-29 13:39:36","git-master-bddc7a050319718b5e4e0856afec0bc9ea96418f","C:\Users\marco\Desktop\ds004507\derivatives\labels\sub-009\ses-headUp\anat\sub-009_ses-headUp_T2w_seg-manual.nii.gz","810","5","",84.74371100610726,0.0,2.7170690076899793,0.0,8.633552991150637,0.0,8.518155265531913,0.0,8.828897815132903,0.0,12.369899547167526,0.0,4.04396748687068,0.0,4.474187778661232,0.0,0.700338849148379,0.0,1.9459013712927051,0.0,0.9595001701857648,0.0,""
"2026-09-29 13:39:36","git-master-bddc7a050319718b5e4e0856afec0bc9ea96418f","C:\Users\marco\Desktop\ds004507\derivatives\labels\sub-009\ses-headUp\anat\sub-009_ses-headUp_T2w_seg-manual.nii.gz","811","5","",85.38121870265499,0.0,2.700081045586358,0.0,8.324232585498587,0.0,8.672844832922712,0.0,8.970749334070478,0.0,12.255775481119425,0.0,4.109715814053837,0.0,4.5631290188688745,0.0,0.6808611196829645,0.0,1.7669943363528444,0.0,0.9576034388701379,0.0,""
"2026-09-29 13:39:36","git-master-bddc7a050319718b5e4e0856afec0bc9ea96418f","C:\Users\marco\Desktop\ds004507\derivatives\labels\sub-009\ses-headUp\anat\sub-009_ses-headUp_T2w_seg-manual.nii.gz","812","5","",85.68909673354092,0.0,2.6822268109846426,0.0,8.021942569892603,0.0,8.806980024183327,0.0,9.060254650623975,0.0,12.143145262256365,0.0,4.182617427671158,0.0,4.624362596512168,0.0,0.665773324396444,0.0,1.3450073147124983,0.0,0.9654073414199689,0.0,""
"2026-09-29 13:39:36","git-master-bddc7a050319718b5e4e0856afec0bc9ea96418f","C:\Users\marco\Desktop\ds004507\derivatives\labels\sub-009\ses-headUp\anat\sub-009_ses-headUp_T2w_seg-manual.nii.gz","813","5","",86.57193368373665,0.0,2.6635062375613643,0.0,7.72672852065942,0.0,8.973377964860656,0.0,9.046812355444809,0.0,12.22433828228518,0.0,4.337891116194981,0.0,4.635486848665675,0.0,0.6725321385694513,0.0,1.3976107474780313,0.0,0.9721213976608979,0.0,""
"2026-09-29 13:39:36","git-master-bddc7a050319718b5e4e0856afec0bc9ea96418f","C:\Users\marco\Desktop\ds004507\derivatives\labels\sub-009\ses-headUp\anat\sub-009_ses-headUp_T2w_seg-manual.nii.gz","814","5","",86.93501899799473,0.0,2.6438798702963835,0.0,7.4389597122694,0.0,8.900368138468673,0.0,9.014489990772118,0.0,12.230475473171515,0.0,4.246856916598864,0.0,4.653511221869809,0.0,0.675835910163332,0.0,2.3498378265602415,0.0,0.9725392996502371,0.0,""
"2026-09-29 13:39:36","git-master-bddc7a050319718b5e4e0856afec0bc9ea96418f","C:\Users\marco\Desktop\ds004507\derivatives\labels\sub-009\ses-headUp\anat\sub-009_ses-headUp_T2w_seg-manual.nii.gz","815","5","",87.58698269988001,0.0,2.6232294528078524,0.0,7.159668222620492,0.0,8.880448454016092,0.0,8.995613985326237,0.0,12.428294762316856,0.0,4.144706994677503,0.0,4.7357414593385885,0.0,0.689897087064776,0.0,-0.3531381978087649,0.0,0.9707239232638372,0.0,""
"2026-09-29 13:39:36","git-master-bddc7a050319718b5e4e0856afec0bc9ea96418f","C:\Users\marco\Desktop\ds004507\derivatives\labels\sub-009\ses-headUp\anat\sub-009_ses-headUp_T2w_seg-manual.nii.gz","816","5","",87.32347972330939,0.0,2.601712439639977,0.0,6.887595337155088,0.0,8.568649654495076,0.0,8.915171386850018,0.0,12.572131233872682,0.0,4.041402606650191,0.0,4.527247047844884,0.0,0.7049356650898846,0.0,-0.199417325581425,0.0,0.9761360616881043,0.0,""
"2026-09-29 13:39:36","git-master-bddc7a050319718b5e4e0856afec0bc9ea96418f","C:\Users\marco\Desktop\ds004507\derivatives\labels\sub-009\ses-headUp\anat\sub-009_ses-headUp_T2w_seg-manual.nii.gz","817","5","",86.23649848619227,0.0,2.579328754255703,0.0,6.62277516095874,0.0,8.414201827725492,0.0,8.851205980861964,0.0,12.517824699507875,0.0,4.036604169157662,0.0,4.37759765856783,0.0,0.7070677561511496,0.0,1.3781983718631308,0.0,0.9717612519099716,0.0,""
"2026-09-29 13:39:36","git-master-bddc7a050319718b5e4e0856afec0bc9ea96418f","C:\Users\marco\Desktop\ds004507\derivatives\labels\sub-009\ses-headUp\anat\sub-009_ses-headUp_T2w_seg-manual.nii.gz","818","5","",86.36268445729124,0.0,2.5560783184843165,0.0,6.365239854474797,0.0,8.488708246288693,0.0,8.921273076226152,0.0,12.441388533058564,0.0,4.0949455709471705,0.0,4.393762675341524,0.0,0.6969369147440418,0.0,1.6898628693226234,0.0,0.9641202080449864,0.0,""
"2026-09-29 13:39:36","git-master-bddc7a050319718b5e4e0856afec0bc9ea96418f","C:\Users\marco\Desktop\ds004507\derivatives\labels\sub-009\ses-headUp\anat\sub-009_ses-headUp_T2w_seg-manual.nii.gz","819","5","",88.54751279478978,0.0,2.5319610526064187,0.0,6.115019693509565,0.0,8.695215460499494,0.0,9.138245839729493,0.0,12.478580259741411,0.0,4.202279352440367,0.0,4.492936108059126,0.0,0.6808181049820227,0.0,0.6184244725712524,0.0,0.9638799794547519,0.0,""
"2026-09-29 13:39:36","git-master-bddc7a050319718b5e4e0856afec0bc9ea96418f","C:\Users\marco\Desktop\ds004507\derivatives\labels\sub-009\ses-headUp\anat\sub-009_ses-headUp_T2w_seg-manual.nii.gz","820","5","",89.79452445515727,0.0,2.5069768754400488,0.0,5.872143129163594,0.0,9.0297911859342,0.0,9.295703476270766,0.0,12.40549089085659,0.0,4.492339171562994,0.0,4.537452014371205,0.0,0.662145856643442,0.0,2.9811447221750482,0.0,0.9646364140999241,0.0,""
"2026-09-29 13:39:36","git-master-bddc7a050319718b5e4e0856afec0bc9ea96418f","C:\Users\marco\Desktop\ds004507\derivatives\labels\sub-009\ses-headUp\anat\sub-009_ses-headUp_T2w_seg-manual.nii.gz","821","5","",90.74658004660651,0.0,2.480968045661085,0.0,5.637983526830634,0.0,9.02640661829951,0.0,9.164778986593182,0.0,12.631574371283177,0.0,4.449446247706696,0.0,4.576960370592813,0.0,0.687968329233179,0.0,1.2833421814596873,0.0,0.9662622317841757,0.0,""
"2026-09-29 13:39:36","git-master-bddc7a050319718b5e4e0856afec0bc9ea96418f","C:\Users\marco\Desktop\ds004507\derivatives\labels\sub-009\ses-headUp\anat\sub-009_ses-headUp_T2w_seg-manual.nii.gz","822","5","",90.6592941531036,0.0,2.45405267797254,0.0,5.411567328944545,0.0,9.016863223574877,0.0,9.129653384590448,0.0,12.644894670521996,0.0,4.407526767092881,0.0,4.609336456481997,0.0,0.6918898560739001,0.0,1.0638249426780793,0.0,0.9712015012936079,0.0,""
"2026-09-29 13:39:36","git-master-bddc7a050319718b5e4e0856afec0bc9ea96418f","C:\Users\marco\Desktop\ds004507\derivatives\labels\sub-009\ses-headUp\anat\sub-009_ses-headUp_T2w_seg-manual.nii.gz","823","5","",90.99820252326626,0.0,2.426270096010029,0.0,5.192580805762768,0.0,8.961011298142315,0.0,9.101628736064114,0.0,12.725159791456466,0.0,4.4188817665077265,0.0,4.542129531634589,0.0,0.6987841538938974,0.0,0.6799780249742996,0.0,0.9692060659092899,0.0,""
"2026-09-29 13:39:36","git-master-bddc7a050319718b5e4e0856afec0bc9ea96418f","C:\Users\marco\Desktop\ds004507\derivatives\labels\sub-009\ses-headUp\anat\sub-009_ses-headUp_T2w_seg-manual.nii.gz","824","5","",90.46585603050583,0.0,2.3976202128883615,0.0,4.981044070528315,0.0,8.917022900666039,0.0,9.068991399561497,0.0,12.692098882287628,0.0,4.416302751283897,0.0,4.500720149382142,0.0,0.6994988894013466,0.0,0.8638092762266725,0.0,0.96767806011637,0.0,""
"2026-09-29 13:39:36","git-master-bddc7a050319718b5e4e0856afec0bc9ea96418f","C:\Users\marco\Desktop\ds004507\derivatives\labels\sub-009\ses-headUp\anat\sub-009_ses-headUp_T2w_seg-manual.nii.gz","825","5","",89.0287327896204,0.0,2.3677979002166585,0.0,4.775427389832,0.0,8.913192717889943,0.0,9.042954902732463,0.0,12.527946949279457,0.0,4.368308288089947,0.0,4.544884429799996,0.0,0.6920737404899353,0.0,1.6080352472749662,0.0,0.9689367274175592,0.0,""
"2026-09-29 13:39:36","git-master-bddc7a050319718b5e4e0856afec0bc9ea96418f","C:\Users\marco\Desktop\ds004507\derivatives\labels\sub-009\ses-headUp\anat\sub-009_ses-headUp_T2w_seg-manual.nii.gz","826","5","",88.3116642165343,0.0,2.3361548328798203,0.0,4.572456200370758,0.0,8.894755552896076,0.0,9.016450355994031,0.0,12.474005671308358,0.0,4.306989942750893,0.0,4.5877656101451825,0.0,0.6910296355492193,0.0,1.7501309285621407,0.0,0.9670323409302642,0.0,""
"2026-09-29 13:39:36","git-master-bddc7a050319718b5e4e0856afec0bc9ea96418f","C:\Users\marco\Desktop\ds004507\derivatives\labels\sub-009\ses-headUp\anat\sub-009_ses-headUp_T2w_seg-manual.nii.gz","827","5","",86.50901804332494,0.0,2.301734872296128,0.0,4.368368302247681,0.0,8.702016194870765,0.0,8.864206079994428,0.0,12.410195226611592,0.0,4.173555776893683,0.0,4.528460417977081,0.0,0.699867031508834,0.0,2.354732462211078,0.0,0.9732839356184315,0.0,""
"2026-09-29 13:39:36","git-master-bddc7a050319718b5e4e0856afec0bc9ea96418f","C:\Users\marco\Desktop\ds004507\derivatives\labels\sub-009\ses-headUp\anat\sub-009_ses-headUp_T2w_seg-manual.nii.gz","828","5","",87.52863606171002,0.0,2.2644218468708686,0.0,4.163121724576375,0.0,8.591052418510133,0.0,8.805761045129254,0.0,12.66215463125565,0.0,4.188665238959332,0.0,4.402387179550801,0.0,0.7183596073097626,0.0,1.337902810718337,0.0,0.9589165239779612,0.0,""
"2026-09-29 13:39:36","git-master-bddc7a050319718b5e4e0856afec0bc9ea96418f","C:\Users\marco\Desktop\ds004507\derivatives\labels\sub-009\ses-headUp\anat\sub-009_ses-headUp_T2w_seg-manual.nii.gz","829","5","",87.21105885723927,0.0,2.22456252959206,0.0,3.956859343276508,0.0,8.496767625783905,0.0,8.846356492469114,0.0,12.613917464447109,0.0,4.156477888662698,0.0,4.340289737121208,0.0,0.7126902229475814,0.0,2.0254474267589373,0.0,0.9664565753462455,0.0,""
"2026-09-29 13:39:36","git-master-bddc7a050319718b5e4e0856afec0bc9ea96418f","C:\Users\marco\Desktop\ds004507\derivatives\labels\sub-009\ses-headUp\anat\sub-009_ses-headUp_T2w_seg-manual.nii.gz","830","5","",87.67307486795114,0.0,2.182156572022314,0.0,3.7495845599663937,0.0,8.574098465374773,0.0,8.923895294238607,0.0,12.54146505221348,0.0,4.173323036401727,0.0,4.400775428973045,0.0,0.7026125098760709,0.0,1.8508956772383507,0.0,0.9662481632735923,0.0,""
"2026-09-29 13:39:36","git-master-bddc7a050319718b5e4e0856afec0bc9ea96418f","C:\Users\marco\Desktop\ds004507\derivatives\labels\sub-009\ses-headUp\anat\sub-009_ses-headUp_T2w_seg-manual.nii.gz","831","5","",88.9797644120845,0.0,2.137203617316657,0.0,3.541300891355893,0.0,8.774296532131737,0.0,8.997021892408998,0.0,12.559644067220207,0.0,4.265379139711081,0.0,4.508917392420656,0.0,0.6977483760288653,0.0,0.458218980368131,0.0,0.9582706466818621,0.0,""
"2026-09-29 13:39:36","git-master-bddc7a050319718b5e4e0856afec0bc9ea96418f","C:\Users\marco\Desktop\ds004507\derivatives\labels\sub-009\ses-headUp\anat\sub-009_ses-headUp_T2w_seg-manual.nii.gz","832","5","",89.57873189518148,0.0,2.089703301613844,0.0,3.332011970049194,0.0,8.903334780461492,0.0,9.05045761382608,0.0,12.587793232845586,0.0,4.351831464093189,0.0,4.5515033163683025,0.0,0.6950060504410197,0.0,-0.5749109625298842,0.0,0.9580601826974745,0.0,""
"2026-09-29 13:39:36","git-master-bddc7a050319718b5e4e0856afec0bc9ea96418f","C:\Users\marco\Desktop\ds004507\derivatives\labels\sub-009\ses-headUp\anat\sub-009_ses-headUp_T2w_seg-manual.nii.gz","833","5","",88.68414776395758,0.0,2.039655255456915,0.0,3.121721545340795,0.0,8.805940111229758,0.0,9.07961165787714,0.0,12.51862352585856,0.0,4.268406907532085,0.0,4.537533203697673,0.0,0.6884452236583188,0.0,0.08543926285226637,0.0,0.954433100483611,0.0,""
"2026-09-29 13:39:36","git-master-bddc7a050319718b5e4e0856afec0bc9ea96418f","C:\Users\marco\Desktop\ds004507\derivatives\labels\sub-009\ses-headUp\anat\sub-009_ses-headUp_T2w_seg-manual.nii.gz","834","4","",86.89752880612083,0.0,1.9766325594454255,0.0,2.8710390893627564,0.0,8.617279337870437,0.0,8.981633502482131,0.0,12.42183427312316,0.0,4.106133974835134,0.0,4.511145363035303,0.0,0.6907934884992882,0.0,-0.2659068892874495,0.0,0.9552189660849523,0.0,""
"2026-09-29 13:39:36","git-master-bddc7a050319718b5e4e0856afec0bc9ea96418f","C:\Users\marco\Desktop\ds004507\derivatives\labels\sub-009\ses-headUp\anat\sub-009_ses-headUp_T2w_seg-manual.nii.gz","835","4","",88.2720251307802,0.0,1.92658513961741,0.0,2.681945995078663,0.0,8.620291370679151,0.0,8.946403130026043,0.0,12.603350750344745,0.0,4.126138612441724,0.0,4.494152758237428,0.0,0.7042125883968,0.0,-0.3377013354258898,0.0,0.9494243055714904,0.0,""
"2026-09-29 13:39:36","git-master-bddc7a050319718b5e4e0856afec0bc9ea96418f","C:\Users\marco\Desktop\ds004507\derivatives\labels\sub-009\ses-headUp\anat\sub-009_ses-headUp_T2w_seg-manual.nii.gz","836","4","",88.19721950821271,0.0,1.8746837729647474,0.0,2.4921360717612835,0.0,8.564419454153471,0.0,8.888018446199306,0.0,12.658839877562555,0.0,4.071225660258544,0.0,4.493193793894929,0.0,0.7120443848219039,0.0,0.0399187364816182,0.0,0.9445252460777923,0.0,""
"2026-09-29 13:39:36","git-master-bddc7a050319718b5e4e0856afec0bc9ea96418f","C:\Users\marco\Desktop\ds004507\derivatives\labels\sub-009\ses-headUp\anat\sub-009_ses-headUp_T2w_seg-manual.nii.gz","837","4","",87.66890105112826,0.0,1.8209282892861067,0.0,2.3016114034560755,0.0,8.53184733516985,0.0,8.857052841127574,0.0,12.633429349100647,0.0,4.020306609959047,0.0,4.5115407252108035,0.0,0.7130470604803677,0.0,0.8845654718715711,0.0,0.9409694261185004,0.0,""
"2026-09-29 13:39:36","git-master-bddc7a050319718b5e4e0856afec0bc9ea96418f","C:\Users\marco\Desktop\ds004507\derivatives\labels\sub-009\ses-headUp\anat\sub-009_ses-headUp_T2w_seg-manual.nii.gz","838","4","",87.68285887223668,0.0,1.7653185183801567,0.0,2.110374074208495,0.0,8.604758760604739,0.0,8.904079704936507,0.0,12.572246859283077,0.0,4.0522929532166865,0.0,4.552465807388053,0.0,0.7059787980779594,0.0,2.2138510161804654,0.0,0.939204484208257,0.0,""
"2026-09-29 13:39:36","git-master-bddc7a050319718b5e4e0856afec0bc9ea96418f","C:\Users\marco\Desktop\ds004507\derivatives\labels\sub-009\ses-headUp\anat\sub-009_ses-headUp_T2w_seg-manual.nii.gz","839","4","",87.96751706996557,0.0,1.7069268244775855,0.0,1.9180742513189828,0.0,8.677675581034991,0.0,9.0408598020479,0.0,12.46482518125631,0.0,4.076540745779051,0.0,4.60113483525594,0.0,0.6882234232968186,0.0,-0.5779622870839409,0.0,0.9469648890114464,0.0,""
"2026-09-29 13:39:36","git-master-bddc7a050319718b5e4e0856afec0bc9ea96418f","C:\Users\marco\Desktop\ds004507\derivatives\labels\sub-009\ses-headUp\anat\sub-009_ses-headUp_T2w_seg-manual.nii.gz","840","4","",89.33877125522535,0.0,1.6466802040983703,0.0,1.7250705963655601,0.0,8.811580087914823,0.0,9.184205498549671,0.0,12.47207638868081,0.0,4.216568511739134,0.0,4.595011576175688,0.0,0.6765412370701218,0.0,-2.97283584262284,0.0,0.9614232069536164,0.0,""
"2026-09-29 13:39:36","git-master-bddc7a050319718b5e4e0856afec0bc9ea96418f","C:\Users\marco\Desktop\ds004507\derivatives\labels\sub-009\ses-headUp\anat\sub-009_ses-headUp_T2w_seg-manual.nii.gz","841","4","",90.7999247407735,0.0,1.5845785125966327,0.0,1.5313654411297266,0.0,8.929952218100528,0.0,9.286773121527945,0.0,12.535835537721967,0.0,4.350465550279615,0.0,4.5794866678209125,0.0,0.6716977382720943,0.0,-3.924585763209838,0.0,0.9705132871116477,0.0,""
"2026-09-29 13:39:36","git-master-bddc7a050319718b5e4e0856afec0bc9ea96418f","C:\Users\marco\Desktop\ds004507\derivatives\labels\sub-009\ses-headUp\anat\sub-009_ses-headUp_T2w_seg-manual.nii.gz","842","4","",91.35428083936752,0.0,1.5206216053264943,0.0,1.3369611173929814,0.0,8.956271908448395,0.0,9.301218998068844,0.0,12.597937684545174,0.0,4.356321160583167,0.0,4.599950747865228,0.0,0.6744584257769616,0.0,-2.387028161618548,0.0,0.9621689785624212,0.0,""
"2026-09-29 13:39:36","git-master-bddc7a050319718b5e4e0856afec0bc9ea96418f","C:\Users\marco\Desktop\ds004507\derivatives\labels\sub-009\ses-headUp\anat\sub-009_ses-headUp_T2w_seg-manual.nii.gz","843","4","",90.27582560112393,0.0,1.453881480944706,0.0,1.1415152879517876,0.0,8.949684875672917,0.0,9.276433975718225,0.0,12.492121260587497,0.0,4.290309364055437,0.0,4.659375511617481,0.0,0.669730777932727,0.0,-2.7655408280307388,0.0,0.9653733800539215,0.0,""
"2026-09-29 13:39:36","git-master-bddc7a050319718b5e4e0856afec0bc9ea96418f","C:\Users\marco\Desktop\ds004507\derivatives\labels\sub-009\ses-headUp\anat\sub-009_ses-headUp_T2w_seg-manual.nii.gz","844","4","",90.46557561871639,0.0,1.3852856485363478,0.0,0.9453801217266382,0.0,8.838321152693712,0.0,9.212633400781286,0.0,12.616996758560648,0.0,4.2722707504790645,0.0,4.566050402214648,0.0,0.6827797095520411,0.0,-2.8101969553467208,0.0,0.9638947959100885,0.0,""
"2026-09-29 13:39:36","git-master-bddc7a050319718b5e4e0856afec0bc9ea96418f","C:\Users\marco\Desktop\ds004507\derivatives\labels\sub-009\ses-headUp\anat\sub-009_ses-headUp_T2w_seg-manual.nii.gz","845","4","",90.74479799703437,0.0,1.3148340121044018,0.0,0.7485582039374259,0.0,8.79430661538087,0.0,9.21586082562632,0.0,12.662153477233339,0.0,4.278732625270356,0.0,4.515573990110514,0.0,0.6847930426322362,0.0,-2.8830950373748534,0.0,0.9639005219295155,0.0,""
"2026-09-29 13:39:36","git-master-bddc7a050319718b5e4e0856afec0bc9ea96418f","C:\Users\marco\Desktop\ds004507\derivatives\labels\sub-009\ses-headUp\anat\sub-009_ses-headUp_T2w_seg-manual.nii.gz","846","4","",89.93475984096737,0.0,1.2425264756518504,0.0,0.5510521198040431,0.0,8.98976713960448,0.0,9.392159802621618,0.0,12.31718071537429,0.0,4.2862222938456185,0.0,4.703544845758861,0.0,0.6469585991706447,0.0,-3.346333567923494,0.0,0.9715578539107951,0.0,""
"2026-09-29 13:39:36","git-master-bddc7a050319718b5e4e0856afec0bc9ea96418f","C:\Users\marco\Desktop\ds004507\derivatives\labels\sub-009\ses-headUp\anat\sub-009_ses-headUp_T2w_seg-manual.nii.gz","847","4","",89.93965943242297,0.0,1.1674348668743377,0.0,0.352527798460471,0.0,8.990421187176521,0.0,9.422670015452338,0.0,12.292629862299055,0.0,4.2896851308376664,0.0,4.7007360563388545,0.0,0.6421952166863253,0.0,-3.3147940339311392,0.0,0.968830886071841,0.0,""
"2026-09-29 13:39:36","git-master-bddc7a050319718b5e4e0856afec0bc9ea96418f","C:\Users\marco\Desktop\ds004507\derivatives\labels\sub-009\ses-headUp\anat\sub-009_ses-headUp_T2w_seg-manual.nii.gz","848","4","",89.05253325807372,0.0,1.0904871115572135,0.0,0.15333016586252243,0.0,8.734857654169927,0.0,9.228951641129532,0.0,12.415543412035413,0.0,4.238753477382297,0.0,4.496104176787629,0.0,0.6676425830327944,0.0,-3.186295230019386,0.0,0.9723086400241046,0.0,""
"2026-09-29 13:39:36","git-master-bddc7a050319718b5e4e0856afec0bc9ea96418f","C:\Users\marco\Desktop\ds004507\derivatives\labels\sub-009\ses-headUp\anat\sub-009_ses-headUp_T2w_seg-manual.nii.gz","849","4","",88.06574377931875,0.0,1.0116831886302884,0.0,-0.046537934795252235,0.0,8.486956511959017,0.0,9.019018961577245,0.0,12.544143036812418,0.0,4.1891187523620275,0.0,4.297837759596988,0.0,0.6950279020801995,0.0,-3.441555152134732,0.0,0.972309119141361,0.0,""
"2026-09-29 13:39:36","git-master-bddc7a050319718b5e4e0856afec0bc9ea96418f","C:\Users\marco\Desktop\ds004507\derivatives\labels\sub-009\ses-headUp\anat\sub-009_ses-headUp_T2w_seg-manual.nii.gz","850","4","",87.77165345755711,0.0,0.931023077023373,0.0,-0.24707366031830294,0.0,8.510597731918107,0.0,9.000886258719524,0.0,12.536650408859133,0.0,4.196472374659371,0.0,4.314125357258735,0.0,0.6960783776986876,0.0,-4.5612917962236725,0.0,0.9591503267973857,0.0,""
"2026-09-29 13:39:36","git-master-bddc7a050319718b5e4e0856afec0bc9ea96418f","C:\Users\marco\Desktop\ds004507\derivatives\labels\sub-009\ses-headUp\anat\sub-009_ses-headUp_T2w_seg-manual.nii.gz","851","4","",86.434642792305,0.0,0.8475787132744212,0.0,-0.4486020332164043,0.0,8.486387682774804,0.0,8.98668879224128,0.0,12.372082418182753,0.0,4.185905536007319,0.0,4.300482146767484,0.0,0.6872298358283507,0.0,-3.401851826621347,0.0,0.9675972340786917,0.0,""
"2026-09-29 13:39:36","git-master-bddc7a050319718b5e4e0856afec0bc9ea96418f","C:\Users\marco\Desktop\ds004507\derivatives\labels\sub-009\ses-headUp\anat\sub-009_ses-headUp_T2w_seg-manual.nii.gz","852","4","",87.06039055558544,0.0,0.7622782715172635,0.0,-0.6507861369022262,0.0,8.532989597817846,0.0,9.031800982983741,0.0,12.40088798186439,0.0,4.182078592443076,0.0,4.35091100537477,0.0,0.6852306935840532,0.0,-3.610626506503058,0.0,0.9641834613608292,0.0,""
"2026-09-29 13:39:36","git-master-bddc7a050319718b5e4e0856afec0bc9ea96418f","C:\Users\marco\Desktop\ds004507\derivatives\labels\sub-009\ses-headUp\anat\sub-009_ses-headUp_T2w_seg-manual.nii.gz","853","4","",87.76796374749016,0.0,0.6751218350490126,0.0,-0.853622866963017,0.0,8.654093217957886,0.0,9.095933662179531,0.0,12.416653832094067,0.0,4.183358817639401,0.0,4.470734400318486,0.0,0.6804797332536864,0.0,-4.909510665716457,0.0,0.958920386939455,0.0,""
"2026-09-29 13:39:36","git-master-bddc7a050319718b5e4e0856afec0bc9ea96418f","C:\Users\marco\Desktop\ds004507\derivatives\labels\sub-009\ses-headUp\anat\sub-009_ses-headUp_T2w_seg-manual.nii.gz","854","4","",86.67642936811089,0.0,0.5861094871667812,0.0,-1.0571091189860249,0.0,8.85338828410558,0.0,9.138797661061274,0.0,12.21296670106181,0.0,4.188113485269055,0.0,4.665274798836527,0.0,0.6633757371251425,0.0,-7.020399134109199,0.0,0.9618193891102258,0.0,""
"2026-09-29 13:39:36","git-master-bddc7a050319718b5e4e0856afec0bc9ea96418f","C:\Users\marco\Desktop\ds004507\derivatives\labels\sub-009\ses-headUp\anat\sub-009_ses-headUp_T2w_seg-manual.nii.gz","855","4","",87.48726425699837,0.0,0.49431364767046904,0.0,-1.2615600780566738,0.0,8.873813658676186,0.0,9.085111930099497,0.0,12.405346321394786,0.0,4.269017744997873,0.0,4.604795913678314,0.0,0.6807003730641124,0.0,-8.163641248305693,0.0,0.9633434440570503,0.0,""
"2026-09-29 13:39:36","git-master-bddc7a050319718b5e4e0856afec0bc9ea96418f","C:\Users\marco\Desktop\ds004507\derivatives\labels\sub-009\ses-headUp\anat\sub-009_ses-headUp_T2w_seg-manual.nii.gz","856","4","",87.7528450902198,0.0,0.4006624886431652,0.0,-1.466647615825746,0.0,8.878069624618107,0.0,9.124053024818172,0.0,12.396694469028425,0.0,4.23417469607866,0.0,4.643894928539448,0.0,0.6767892557026481,0.0,-7.870528665992971,0.0,0.9663385974564328,0.0,""
"2026-09-29 13:39:36","git-master-bddc7a050319718b5e4e0856afec0bc9ea96418f","C:\Users\marco\Desktop\ds004507\derivatives\labels\sub-009\ses-headUp\anat\sub-009_ses-headUp_T2w_seg-manual.nii.gz","857","4","",87.92649056504999,0.0,0.3051562303053035,0.0,-1.672368364832786,0.0,8.894576736240813,0.0,9.173702666647689,0.0,12.341619185276103,0.0,4.186002844492467,0.0,4.708573891748347,0.0,0.6689209514789852,0.0,-6.06888248864375,0.0,0.9667115903932118,0.0,""
"2026-09-29 13:39:36","git-master-bddc7a050319718b5e4e0856afec0bc9ea96418f","C:\Users\marco\Desktop\ds004507\derivatives\labels\sub-009\ses-headUp\anat\sub-009_ses-headUp_T2w_seg-manual.nii.gz","858","4","",88.46151937876378,0.0,0.20779509287731743,0.0,-1.8787189576173386,0.0,8.951755547853772,0.0,9.152142577018438,0.0,12.394728511451195,0.0,4.226920696220344,0.0,4.724834851633426,0.0,0.6743740268313585,0.0,-2.686523817730754,0.0,0.9603691639522258,0.0,""
"2026-09-29 13:39:36","git-master-bddc7a050319718b5e4e0856afec0bc9ea96418f","C:\Users\marco\Desktop\ds004507\derivatives\labels\sub-009\ses-headUp\anat\sub-009_ses-headUp_T2w_seg-manual.nii.gz","859","4","",88.99429205888968,0.0,0.1076524576861476,0.0,-2.086003950202209,0.0,9.003709751444477,0.0,9.107158537195037,0.0,12.47195304211151,0.0,4.285496761465062,0.0,4.718212989979414,0.0,0.68316847248891,0.0,-1.5398055408435558,0.0,0.9622148863581249,0.0,""
"2026-09-29 13:39:36","git-master-bddc7a050319718b5e4e0856afec0bc9ea96418f","C:\Users\marco\Desktop\ds004507\derivatives\labels\sub-009\ses-headUp\anat\sub-009_ses-headUp_T2w_seg-manual.nii.gz","860","4","",88.982006667353,0.0,0.007666569414051777,0.0,-2.2927201903958356,0.0,9.011319862450023,0.0,9.141736372915146,0.0,12.388444969325844,0.0,4.294237264114151,0.0,4.717082598335873,0.0,0.6746021520386171,0.0,-1.2309274137252149,0.0,0.9670491454822914,0.0,""
"2026-09-29 13:39:36","git-master-bddc7a050319718b5e4e0856afec0bc9ea96418f","C:\Users\marco\Desktop\ds004507\derivatives\labels\sub-009\ses-headUp\anat\sub-009_ses-headUp_T2w_seg-manual.nii.gz","861","4","",89.05902193384597,0.0,-0.09115701337285395,0.0,-2.498272768973772,0.0,8.996132399498366,0.0,9.224629420017221,0.0,12.29268531437918,0.0,4.303550765915731,0.0,4.692581633582635,0.0,0.6609541734697033,0.0,-1.8680536165289972,0.0,0.9722458334538455,0.0,""
"2026-09-29 13:39:36","git-master-bddc7a050319718b5e4e0856afec0bc9ea96418f","C:\Users\marco\Desktop\ds004507\derivatives\labels\sub-009\ses-headUp\anat\sub-009_ses-headUp_T2w_seg-manual.nii.gz","862","4","",89.85969658806077,0.0,-0.18781273210845353,0.0,-2.7020667767115714,0.0,8.979693881217457,0.0,9.324591014339719,0.0,12.33315509855649,0.0,4.36384582861792,0.0,4.615848052599539,0.0,0.6545036447713923,0.0,-3.5593483294081616,0.0,0.9751788424019077,0.0,""
"2026-09-29 13:39:36","git-master-bddc7a050319718b5e4e0856afec0bc9ea96418f","C:\Users\marco\Desktop\ds004507\derivatives\labels\sub-009\ses-headUp\anat\sub-009_ses-headUp_T2w_seg-manual.nii.gz","863","4","",89.02841311234373,0.0,-0.281215769596757,0.0,-2.9032170715489367,0.0,8.983082778086485,0.0,9.245122155951323,0.0,12.314257673265216,0.0,4.41755087124642,0.0,4.565531906840064,0.0,0.6605553649979258,0.0,-2.8852805026694957,0.0,0.9749459397488527,0.0,""
"2026-09-29 13:39:36","git-master-bddc7a050319718b5e4e0856afec0bc9ea96418f","C:\Users\marco\Desktop\ds004507\derivatives\labels\sub-009\ses-headUp\anat\sub-009_ses-headUp_T2w_seg-manual.nii.gz","864","4","",88.37745481259358,0.0,-0.3724498868937274,0.0,-3.102601424522572,0.0,8.986950774032286,0.0,9.212622736061608,0.0,12.259452303951187,0.0,4.420377840699091,0.0,4.566572933333194,0.0,0.659744209644691,0.0,-2.265418886111765,0.0,0.9751930981516479,0.0,""
"2026-09-29 13:39:36","git-master-bddc7a050319718b5e4e0856afec0bc9ea96418f","C:\Users\marco\Desktop\ds004507\derivatives\labels\sub-009\ses-headUp\anat\sub-009_ses-headUp_T2w_seg-manual.nii.gz","865","4","",87.90679108370891,0.0,-0.4615149076884471,0.0,-3.3002183139213668,0.0,8.987340365781028,0.0,9.194732000000839,0.0,12.193865779760117,0.0,4.42275908287244,0.0,4.564581282908589,0.0,0.656821529952221,0.0,-2.058365584293742,0.0,0.974963186261422,0.0,""
"2026-09-29 13:39:36","git-master-bddc7a050319718b5e4e0856afec0bc9ea96418f","C:\Users\marco\Desktop\ds004507\derivatives\labels\sub-009\ses-headUp\anat\sub-009_ses-headUp_T2w_seg-manual.nii.gz","866","4","",87.61639132058826,0.0,-0.5484106556699985,0.0,-3.496066218034211,0.0,8.980294050058887,0.0,9.159089193099282,0.0,12.142624889837714,0.0,4.47512694366297,0.0,4.505167106395916,0.0,0.6565386771610484,0.0,-2.622722701774192,0.0,0.9732990727293039,0.0,""
"2026-09-29 13:39:36","git-master-bddc7a050319718b5e4e0856afec0bc9ea96418f","C:\Users\marco\Desktop\ds004507\derivatives\labels\sub-009\ses-headUp\anat\sub-009_ses-headUp_T2w_seg-manual.nii.gz","867","4","",88.13911128069329,0.0,-0.6320521201226496,0.0,-3.6892566918799536,0.0,9.04312504876321,0.0,9.215556950329757,0.0,12.192324917273027,0.0,4.454232077812796,0.0,4.588892970950414,0.0,0.6547469456357994,0.0,-3.748453894173813,0.0,0.9753353794346749,0.0,""
"2026-09-29 13:39:36","git-master-bddc7a050319718b5e4e0856afec0bc9ea96418f","C:\Users\marco\Desktop\ds004507\derivatives\labels\sub-009\ses-headUp\anat\sub-009_ses-headUp_T2w_seg-manual.nii.gz","868","4","",87.57541354087721,0.0,-0.7135239058070675,0.0,-3.8806733045748056,0.0,9.065218265340787,0.0,9.175568678440268,0.0,12.159780046392957,0.0,4.481530661254067,0.0,4.5836876040867205,0.0,0.6562067521738475,0.0,-4.087997708040682,0.0,0.9746122069912853,0.0,""
"2026-09-29 13:39:36","git-master-bddc7a050319718b5e4e0856afec0bc9ea96418f","C:\Users\marco\Desktop\ds004507\derivatives\labels\sub-009\ses-headUp\anat\sub-009_ses-headUp_T2w_seg-manual.nii.gz","869","4","",87.25221118064847,0.0,-0.7928259762812964,0.0,-4.070315125314122,0.0,9.138156155777738,0.0,9.161625247556687,0.0,12.100358086523432,0.0,4.5511464619939215,0.0,4.587009693783815,0.0,0.6531395840028807,0.0,-3.5357187382850017,0.0,0.9698934713698532,0.0,""
"2026-09-29 13:39:36","git-master-bddc7a050319718b5e4e0856afec0bc9ea96418f","C:\Users\marco\Desktop\ds004507\derivatives\labels\sub-009\ses-headUp\anat\sub-009_ses-headUp_T2w_seg-manual.nii.gz","870","4","",88.49641727951551,0.0,-0.8699582951033803,0.0,-4.258181223293258,0.0,9.353521176060173,0.0,9.296227527804886,0.0,12.069426846990378,0.0,4.657203248039502,0.0,4.696317928020672,0.0,0.6377669283505875,0.0,-1.9859815798169702,0.0,0.9599430885410967,0.0,""
"2026-09-29 13:39:36","git-master-bddc7a050319718b5e4e0856afec0bc9ea96418f","C:\Users\marco\Desktop\ds004507\derivatives\labels\sub-009\ses-headUp\anat\sub-009_ses-headUp_T2w_seg-manual.nii.gz","871","3","",86.64399188116623,0.0,-0.9684618864112083,0.0,-4.50511491495902,0.0,9.358964252307176,0.0,9.34059862167765,0.0,11.799018748962435,0.0,4.7241567931873005,0.0,4.634807459119876,0.0,0.61098524354294,0.0,-3.1701311938038113,0.0,0.9617528991971455,0.0,""
"2026-09-29 13:39:36","git-master-bddc7a050319718b5e4e0856afec0bc9ea96418f","C:\Users\marco\Desktop\ds004507\derivatives\labels\sub-009\ses-headUp\anat\sub-009_ses-headUp_T2w_seg-manual.nii.gz","872","3","",86.62054443451947,0.0,-1.0364693819664672,0.0,-4.680887164016022,0.0,9.369598003757396,0.0,9.399000003564735,0.0,11.761340933432814,0.0,4.6219648631684,0.0,4.747633140588995,0.0,0.6010784602402428,0.0,-0.18046281339327974,0.0,0.964421464880045,0.0,""
"2026-09-29 13:39:36","git-master-bddc7a050319718b5e4e0856afec0bc9ea96418f","C:\Users\marco\Desktop\ds004507\derivatives\labels\sub-009\ses-headUp\anat\sub-009_ses-headUp_T2w_seg-manual.nii.gz","873","3","",86.11160065387993,0.0,-1.1025483801984621,0.0,-4.8550779235398975,0.0,9.26618038974441,0.0,9.33989566301343,0.0,11.790084907148774,0.0,4.508735920955553,0.0,4.757444468788855,0.0,0.6099624679358405,0.0,0.3038712374357062,0.0,0.9598531073457619,0.0,""
"2026-09-29 13:39:36","git-master-bddc7a050319718b5e4e0856afec0bc9ea96418f","C:\Users\marco\Desktop\ds004507\derivatives\labels\sub-009\ses-headUp\anat\sub-009_ses-headUp_T2w_seg-manual.nii.gz","874","3","",85.38386129737745,0.0,-1.1666989386833853,0.0,-5.027687030886315,0.0,9.100806917706478,0.0,9.220147403130502,0.0,11.857624529997155,0.0,4.415597571552732,0.0,4.685209346153747,0.0,0.6287225084135145,0.0,-0.7603382251578324,0.0,0.9553908126759864,0.0,""
"2026-09-29 13:39:36","git-master-bddc7a050319718b5e4e0856afec0bc9ea96418f","C:\Users\marco\Desktop\ds004507\derivatives\labels\sub-009\ses-headUp\anat\sub-009_ses-headUp_T2w_seg-manual.nii.gz","875","3","",84.93825405048347,0.0,-1.2284390674348684,0.0,-5.198318734168556,0.0,8.966520930300412,0.0,9.143056333888822,0.0,11.916104255691977,0.0,4.4124216402540455,0.0,4.554099290046366,0.0,0.6412551769183288,0.0,-1.7669128791982327,0.0,0.9663589842570333,0.0,""
"2026-09-29 13:39:36","git-master-bddc7a050319718b5e4e0856afec0bc9ea96418f","C:\Users\marco\Desktop\ds004507\derivatives\labels\sub-009\ses-headUp\anat\sub-009_ses-headUp_T2w_seg-manual.nii.gz","876","3","",84.62761399897181,0.0,-1.2875279848740724,0.0,-5.366775073150791,0.0,8.995056160177993,0.0,9.120002665784128,0.0,11.859509530103848,0.0,4.385630007212165,0.0,4.609426152965829,0.0,0.639217494947508,0.0,-0.9003089382518148,0.0,0.9656581790749154,0.0,""
"2026-09-29 13:39:36","git-master-bddc7a050319718b5e4e0856afec0bc9ea96418f","C:\Users\marco\Desktop\ds004507\derivatives\labels\sub-009\ses-headUp\anat\sub-009_ses-headUp_T2w_seg-manual.nii.gz","877","3","",84.94265265460002,0.0,-1.3446889137330076,0.0,-5.533649405250646,0.0,9.025504529222333,0.0,9.142869765833115,0.0,11.843538839572872,0.0,4.420955404847515,0.0,4.604549124374819,0.0,0.6356592960441965,0.0,-0.03468649926301576,0.0,0.9659055128729841,0.0,""
"2026-09-29 13:39:36","git-master-bddc7a050319718b5e4e0856afec0bc9ea96418f","C:\Users\marco\Desktop\ds004507\derivatives\labels\sub-009\ses-headUp\anat\sub-009_ses-headUp_T2w_seg-manual.nii.gz","878","3","",85.82129093405773,0.0,-1.3999219395405735,0.0,-5.6989417997632446,0.0,9.025278404976463,0.0,9.204147224887377,0.0,11.890736583104783,0.0,4.523848486259562,0.0,4.5014299187169025,0.0,0.6331036164349012,0.0,0.6079513470975267,0.0,0.9694253006429095,0.0,""
"2026-09-29 13:39:36","git-master-bddc7a050319718b5e4e0856afec0bc9ea96418f","C:\Users\marco\Desktop\ds004507\derivatives\labels\sub-009\ses-headUp\anat\sub-009_ses-headUp_T2w_seg-manual.nii.gz","879","3","",85.04717566048448,0.0,-1.452263430969661,0.0,-5.861861748636597,0.0,9.044628420544615,0.0,9.221007986202103,0.0,11.834302259507314,0.0,4.5078026481644455,0.0,4.53682577238017,0.0,0.6267772405615998,0.0,3.3566060783829923,0.0,0.969237740409901,0.0,""
"2026-09-29 13:39:36","git-master-bddc7a050319718b5e4e0856afec0bc9ea96418f","C:\Users\marco\Desktop\ds004507\derivatives\labels\sub-009\ses-headUp\anat\sub-009_ses-headUp_T2w_seg-manual.nii.gz","880","3","",84.61236219901495,0.0,-1.5024365662706016,0.0,-6.023003025265383,0.0,9.036770532128942,0.0,9.211267505336545,0.0,11.8067235958011,0.0,4.520977943828956,0.0,4.515792588299987,0.0,0.6255657999009069,0.0,2.000502496738242,0.0,0.9725127200984973,0.0,""
"2026-09-29 13:39:36","git-master-bddc7a050319718b5e4e0856afec0bc9ea96418f","C:\Users\marco\Desktop\ds004507\derivatives\labels\sub-009\ses-headUp\anat\sub-009_ses-headUp_T2w_seg-manual.nii.gz","881","3","",84.55575206795497,0.0,-1.5506824110698285,0.0,-6.182563666899845,0.0,9.019468430920707,0.0,9.170642539462099,0.0,11.825607402466673,0.0,4.549224484855654,0.0,4.470243946065052,0.0,0.6312044368978453,0.0,0.4213598033836742,0.0,0.975872813787937,0.0,""
"2026-09-29 13:39:36","git-master-bddc7a050319718b5e4e0856afec0bc9ea96418f","C:\Users\marco\Desktop\ds004507\derivatives\labels\sub-009\ses-headUp\anat\sub-009_ses-headUp_T2w_seg-manual.nii.gz","882","3","",85.01079761821269,0.0,-1.596760208368347,0.0,-6.34034655204165,0.0,9.008124754913027,0.0,9.087128724497935,0.0,11.920176107577513,0.0,4.582160194187652,0.0,4.425964560725375,0.0,0.6471408134118459,0.0,2.4451374216121997,0.0,0.9759618740576692,0.0,""
"2026-09-29 13:39:36","git-master-bddc7a050319718b5e4e0856afec0bc9ea96418f","C:\Users\marco\Desktop\ds004507\derivatives\labels\sub-009\ses-headUp\anat\sub-009_ses-headUp_T2w_seg-manual.nii.gz","883","3","",83.57910497530794,0.0,-1.6399476979951613,0.0,-6.495760637095528,0.0,8.860315262843294,0.0,8.948738051514962,0.0,11.909609926173399,0.0,4.477042084712821,0.0,4.383273178130474,0.0,0.6597822566843172,0.0,2.0922363807698483,0.0,0.9674477917867434,0.0,""
"2026-09-29 13:39:36","git-master-bddc7a050319718b5e4e0856afec0bc9ea96418f","C:\Users\marco\Desktop\ds004507\derivatives\labels\sub-009\ses-headUp\anat\sub-009_ses-headUp_T2w_seg-manual.nii.gz","884","3","",83.47434308715604,0.0,-1.6812085642550945,0.0,-6.649596598708313,0.0,8.893128642822631,0.0,8.936763265765396,0.0,11.89946117123742,0.0,4.424311857671417,0.0,4.468816785151215,0.0,0.6602172947639834,0.0,2.4839256636359934,0.0,0.9599352169490917,0.0,""
"2026-09-29 13:39:36","git-master-bddc7a050319718b5e4e0856afec0bc9ea96418f","C:\Users\marco\Desktop\ds004507\derivatives\labels\sub-009\ses-headUp\anat\sub-009_ses-headUp_T2w_seg-manual.nii.gz","885","3","",84.39384512316197,0.0,-1.720542913065029,0.0,-6.80185494609601,0.0,9.041606407539218,0.0,9.011137173882362,0.0,11.905853212470992,0.0,4.407671796727365,0.0,4.633934610811855,0.0,0.6535330722963608,0.0,3.493517204737538,0.0,0.9568541730090394,0.0,""
"2026-09-29 13:39:36","git-master-bddc7a050319718b5e4e0856afec0bc9ea96418f","C:\Users\marco\Desktop\ds004507\derivatives\labels\sub-009\ses-headUp\anat\sub-009_ses-headUp_T2w_seg-manual.nii.gz","886","3","",83.95004946517304,0.0,-1.7572285909013832,0.0,-6.95194554000491,0.0,8.92111889234069,0.0,8.942909521371794,0.0,11.95994877387074,0.0,4.288320774744191,0.0,4.6327981175965,0.0,0.6639429603827028,0.0,3.457664452587304,0.0,0.9700453508222331,0.0,""
"2026-09-29 13:39:36","git-master-bddc7a050319718b5e4e0856afec0bc9ea96418f","C:\Users\marco\Desktop\ds004507\derivatives\labels\sub-009\ses-headUp\anat\sub-009_ses-headUp_T2w_seg-manual.nii.gz","887","3","",84.42483326159646,0.0,-1.7915067301963403,0.0,-7.100067451233118,0.0,8.95351514552178,0.0,8.967435076017114,0.0,11.965031096995853,0.0,4.284386947596415,0.0,4.6691281979253665,0.0,0.6620156733241034,0.0,2.7552949631420365,0.0,0.9762194329325657,0.0,""
"2026-09-29 13:39:36","git-master-bddc7a050319718b5e4e0856afec0bc9ea96418f","C:\Users\marco\Desktop\ds004507\derivatives\labels\sub-009\ses-headUp\anat\sub-009_ses-headUp_T2w_seg-manual.nii.gz","888","3","",84.97515685950054,0.0,-1.823859004329127,0.0,-7.246615523308643,0.0,9.001692041568466,0.0,9.006592801330296,0.0,11.958643514660857,0.0,4.317573936949484,0.0,4.6841181046189835,0.0,0.657852755756798,0.0,2.370189393080518,0.0,0.9782670921383785,0.0,""
"2026-09-29 13:39:36","git-master-bddc7a050319718b5e4e0856afec0bc9ea96418f","C:\Users\marco\Desktop\ds004507\derivatives\labels\sub-009\ses-headUp\anat\sub-009_ses-headUp_T2w_seg-manual.nii.gz","889","3","",85.20542600165575,0.0,-1.854285512702311,0.0,-7.391590420426612,0.0,9.001733757377886,0.0,9.024640460277231,0.0,11.957430437961508,0.0,4.354753979182913,0.0,4.646979778194973,0.0,0.6560346734451351,0.0,2.8126341279346034,0.0,0.9770806806343327,0.0,""
"2026-09-29 13:39:36","git-master-bddc7a050319718b5e4e0856afec0bc9ea96418f","C:\Users\marco\Desktop\ds004507\derivatives\labels\sub-009\ses-headUp\anat\sub-009_ses-headUp_T2w_seg-manual.nii.gz","890","3","",85.17585947824314,0.0,-1.881583060047389,0.0,-7.534012044340311,0.0,9.003605179171458,0.0,9.02165613650339,0.0,11.960523994431945,0.0,4.395468594085759,0.0,4.608136585085698,0.0,0.656545767418481,0.0,3.3022913045912863,0.0,0.9737015234248564,0.0,""
"2026-09-29 13:39:36","git-master-bddc7a050319718b5e4e0856afec0bc9ea96418f","C:\Users\marco\Desktop\ds004507\derivatives\labels\sub-009\ses-headUp\anat\sub-009_ses-headUp_T2w_seg-manual.nii.gz","891","3","",85.14614016096209,0.0,-1.9069553271965165,0.0,-7.674864501428751,0.0,8.996659772740934,0.0,9.069672215626257,0.0,11.92696538599301,0.0,4.4724238782692955,0.0,4.524235894471637,0.0,0.6492958708988796,0.0,2.5920151260855997,0.0,0.9730415649038935,0.0,""
"2026-09-29 13:39:36","git-master-bddc7a050319718b5e4e0856afec0bc9ea96418f","C:\Users\marco\Desktop\ds004507\derivatives\labels\sub-009\ses-headUp\anat\sub-009_ses-headUp_T2w_seg-manual.nii.gz","892","3","",85.11633670923393,0.0,-1.9304023945538213,0.0,-7.814148622824303,0.0,8.985943389875963,0.0,9.12043540565249,0.0,11.895220595903423,0.0,4.539828098377942,0.0,4.44611529149802,0.0,0.6419334587817742,0.0,1.3078763145409038,0.0,0.9736913406012946,0.0,""
"2026-09-29 13:39:36","git-master-bddc7a050319718b5e4e0856afec0bc9ea96418f","C:\Users\marco\Desktop\ds004507\derivatives\labels\sub-009\ses-headUp\anat\sub-009_ses-headUp_T2w_seg-manual.nii.gz","893","3","",85.086571129908,0.0,-1.951443129679947,0.0,-7.951474056129507,0.0,8.981025477696365,0.0,9.074104792655138,0.0,11.945880543872864,0.0,4.499894043902183,0.0,4.481131433794181,0.0,0.6503647248666292,0.0,0.6107232161211029,0.0,0.9730418997588396,0.0,""
"2026-09-29 13:39:36","git-master-bddc7a050319718b5e4e0856afec0bc9ea96418f","C:\Users\marco\Desktop\ds004507\derivatives\labels\sub-009\ses-headUp\anat\sub-009_ses-headUp_T2w_seg-manual.nii.gz","894","3","",84.39894773710024,0.0,-1.9698371633459897,0.0,-8.08664815625295,0.0,8.959274431710485,0.0,9.054322122829236,0.0,11.884490328763805,0.0,4.504055708777406,0.0,4.455218722933079,0.0,0.6477134268227093,0.0,1.6367086427795658,0.0,0.9701487485722907,0.0,""
"2026-09-29 13:39:36","git-master-bddc7a050319718b5e4e0856afec0bc9ea96418f","C:\Users\marco\Desktop\ds004507\derivatives\labels\sub-009\ses-headUp\anat\sub-009_ses-headUp_T2w_seg-manual.nii.gz","895","3","",84.18978208517747,0.0,-1.986306448748449,0.0,-8.22025949764411,0.0,8.942768619660601,0.0,9.056691393845387,0.0,11.876151247404927,0.0,4.557128607244506,0.0,4.385640012416094,0.0,0.6468591400510414,0.0,2.4498172061495884,0.0,0.9657756352052916,0.0,""
"2026-09-29 13:39:36","git-master-bddc7a050319718b5e4e0856afec0bc9ea96418f","C:\Users\marco\Desktop\ds004507\derivatives\labels\sub-009\ses-headUp\anat\sub-009_ses-headUp_T2w_seg-manual.nii.gz","896","3","",84.54320650016705,0.0,-2.000851045336139,0.0,-8.35230901752843,0.0,8.945379594942812,0.0,9.079706009417313,0.0,11.93288328065324,0.0,4.64800119322421,0.0,4.297378401718602,0.0,0.6488020878686254,0.0,2.6121828294841576,0.0,0.9604724302655733,0.0,""
"2026-09-29 13:39:36","git-master-bddc7a050319718b5e4e0856afec0bc9ea96418f","C:\Users\marco\Desktop\ds004507\derivatives\labels\sub-009\ses-headUp\anat\sub-009_ses-headUp_T2w_seg-manual.nii.gz","897","3","",83.274756184125,0.0,-2.0125087935747383,0.0,-8.482019180756337,0.0,9.061110766144807,0.0,9.107914170487991,0.0,11.742534219758243,0.0,4.619956408325947,0.0,4.441154357818861,0.0,0.6309435297088208,0.0,2.3320800495396803,0.0,0.9590163342854743,0.0,""
"2026-09-29 13:39:36","git-master-bddc7a050319718b5e4e0856afec0bc9ea96418f","C:\Users\marco\Desktop\ds004507\derivatives\labels\sub-009\ses-headUp\anat\sub-009_ses-headUp_T2w_seg-manual.nii.gz","898","3","",82.69008411427353,0.0,-2.0220015324401652,0.0,-8.609977831980984,0.0,9.018450690494145,0.0,9.071921334221436,0.0,11.685875667684735,0.0,4.506161501058177,0.0,4.512289189435969,0.0,0.6303131387324205,0.0,1.3773143740220526,0.0,0.9622666085169189,0.0,""
"2026-09-29 13:39:36","git-master-bddc7a050319718b5e4e0856afec0bc9ea96418f","C:\Users\marco\Desktop\ds004507\derivatives\labels\sub-009\ses-headUp\anat\sub-009_ses-headUp_T2w_seg-manual.nii.gz","899","3","",82.70632643073702,0.0,-2.0295698602790377,0.0,-8.736380964727276,0.0,8.946461826289697,0.0,9.03946229305916,0.0,11.70347100506102,0.0,4.413169112054391,0.0,4.533292714235306,0.0,0.6351674802483734,0.0,1.0100350591080067,0.0,0.9671761076976533,0.0,""
"2026-09-29 13:39:36","git-master-bddc7a050319718b5e4e0856afec0bc9ea96418f","C:\Users\marco\Desktop\ds004507\derivatives\labels\sub-009\ses-headUp\anat\sub-009_ses-headUp_T2w_seg-manual.nii.gz","900","3","",83.39084787021858,0.0,-2.0349732726813365,0.0,-8.861035692900534,0.0,8.966874434691888,0.0,9.079155288218754,0.0,11.754447084877848,0.0,4.452732511514083,0.0,4.514141923177805,0.0,0.6351343026887177,0.0,2.6392629511251773,0.0,0.9711124928027456,0.0,""
"2026-09-29 13:39:36","git-master-bddc7a050319718b5e4e0856afec0bc9ea96418f","C:\Users\marco\Desktop\ds004507\derivatives\labels\sub-009\ses-headUp\anat\sub-009_ses-headUp_T2w_seg-manual.nii.gz","901","3","",82.93981999674695,0.0,-2.0374902111367073,0.0,-8.983363480921444,0.0,8.968785161495976,0.0,9.013357194274132,0.0,11.724132169685403,0.0,4.489647064010887,0.0,4.479138097485088,0.0,0.6394990254602849,0.0,3.15336820331439,0.0,0.9689107462056267,0.0,""
"2026-09-29 13:39:36","git-master-bddc7a050319718b5e4e0856afec0bc9ea96418f","C:\Users\marco\Desktop\ds004507\derivatives\labels\sub-009\ses-headUp\anat\sub-009_ses-headUp_T2w_seg-manual.nii.gz","902","3","",82.5334626115282,0.0,-2.038082853365641,0.0,-9.104142528045966,0.0,8.939514191131156,0.0,9.010030682302965,0.0,11.66403958377258,0.0,4.494564792809876,0.0,4.444949398321279,0.0,0.6349275121024137,0.0,3.730872964438883,0.0,0.9698831545221233,0.0,""
"2026-09-29 13:39:36","git-master-bddc7a050319718b5e4e0856afec0bc9ea96418f","C:\Users\marco\Desktop\ds004507\derivatives\labels\sub-009\ses-headUp\anat\sub-009_ses-headUp_T2w_seg-manual.nii.gz","903","3","",82.30899066276395,0.0,-2.036751200078983,0.0,-9.223373944437924,0.0,8.92042194281084,0.0,9.050899311925585,0.0,11.604529997112612,0.0,4.485401040650655,0.0,4.435020902160185,0.0,0.6258151949591426,0.0,4.247728377230927,0.0,0.9708232740652337,0.0,""
"2026-09-29 13:39:36","git-master-bddc7a050319718b5e4e0856afec0bc9ea96418f","C:\Users\marco\Desktop\ds004507\derivatives\labels\sub-009\ses-headUp\anat\sub-009_ses-headUp_T2w_seg-manual.nii.gz","904","3","",82.42819051121862,0.0,-2.0327736317591936,0.0,-9.340480443823898,0.0,9.097043498903753,0.0,8.998889406005363,0.0,11.656671605985784,0.0,4.548590693632701,0.0,4.548452805271052,0.0,0.6355841738793616,0.0,3.694045080710053,0.0,0.9542105233075212,0.0,""
"2026-09-29 13:39:36","git-master-bddc7a050319718b5e4e0856afec0bc9ea96418f","C:\Users\marco\Desktop\ds004507\derivatives\labels\sub-009\ses-headUp\anat\sub-009_ses-headUp_T2w_seg-manual.nii.gz","905","3","",83.63390387083739,0.0,-2.0263906369618745,0.0,-9.455658999000502,0.0,9.198294226933537,0.0,9.033361055103235,0.0,11.741398728634021,0.0,4.569965503371907,0.0,4.628328723561631,0.0,0.6388098026162043,0.0,3.410122895985093,0.0,0.9484238859496152,0.0,""
"2026-09-29 13:39:36","git-master-bddc7a050319718b5e4e0856afec0bc9ea96418f","C:\Users\marco\Desktop\ds004507\derivatives\labels\sub-009\ses-headUp\anat\sub-009_ses-headUp_T2w_seg-manual.nii.gz","906","3","",84.00876153092793,0.0,-2.01808325734119,0.0,-9.569297128613693,0.0,9.163742713956118,0.0,9.029996144380556,0.0,11.775477122624865,0.0,4.50143380838449,0.0,4.662308905571629,0.0,0.6418238953340338,0.0,3.417198170895187,0.0,0.955551675438018,0.0,""
"2026-09-29 13:39:36","git-master-bddc7a050319718b5e4e0856afec0bc9ea96418f","C:\Users\marco\Desktop\ds004507\derivatives\labels\sub-009\ses-headUp\anat\sub-009_ses-headUp_T2w_seg-manual.nii.gz","907","3","",82.53272358641458,0.0,-2.007851466712334,0.0,-9.681395990545925,0.0,8.948085612837474,0.0,8.924581591536306,0.0,11.712876504151852,0.0,4.309122830591039,0.0,4.638962782246435,0.0,0.6476403385094626,0.0,3.7603840475593278,0.0,0.9781460134486071,0.0,""
"2026-09-29 13:39:36","git-master-bddc7a050319718b5e4e0856afec0bc9ea96418f","C:\Users\marco\Desktop\ds004507\derivatives\labels\sub-009\ses-headUp\anat\sub-009_ses-headUp_T2w_seg-manual.nii.gz","908","2","",80.70941656344658,0.0,-1.9893542232030244,0.0,-9.83315348710271,0.0,8.794468989322295,0.0,8.790255684716518,0.0,11.664263893884998,0.0,4.343507845486061,0.0,4.450961143836234,0.0,0.657326751496987,0.0,6.7623111168743995,0.0,0.9685724646440227,0.0,""
"2026-09-29 13:39:36","git-master-bddc7a050319718b5e4e0856afec0bc9ea96418f","C:\Users\marco\Desktop\ds004507\derivatives\labels\sub-009\ses-headUp\anat\sub-009_ses-headUp_T2w_seg-manual.nii.gz","909","2","",81.0086968430624,0.0,-1.968048387768908,0.0,-9.971574567364039,0.0,8.78359015089201,0.0,8.827305738909535,0.0,11.737866104012772,0.0,4.36629233109114,0.0,4.41729781980087,0.0,0.6591201596703693,0.0,6.998665412497947,0.0,0.9572580706788529,0.0,""
"2026-09-29 13:39:36","git-master-bddc7a050319718b5e4e0856afec0bc9ea96418f","C:\Users\marco\Desktop\ds004507\derivatives\labels\sub-009\ses-headUp\anat\sub-009_ses-headUp_T2w_seg-manual.nii.gz","910","2","",80.99874255570086,0.0,-1.942989203453149,0.0,-10.107012563174655,0.0,8.740017416475256,0.0,8.801420162374576,0.0,11.717024259097164,0.0,4.425806919433081,0.0,4.314210497042175,0.0,0.6601144751251332,0.0,6.221509160426601,0.0,0.9554578921764412,0.0,""
"2026-09-29 13:39:36","git-master-bddc7a050319718b5e4e0856afec0bc9ea96418f","C:\Users\marco\Desktop\ds004507\derivatives\labels\sub-009\ses-headUp\anat\sub-009_ses-headUp_T2w_seg-manual.nii.gz","911","2","",80.41794929400845,0.0,-1.914176344418776,0.0,-10.239473250368249,0.0,8.426184440377725,0.0,8.731529674961687,0.0,11.807781841922033,0.0,4.261383955163597,0.0,4.164800485214129,0.0,0.6731058444999174,0.0,4.430642487756016,0.0,0.962544308715962,0.0,""
"2026-09-29 13:39:36","git-master-bddc7a050319718b5e4e0856afec0bc9ea96418f","C:\Users\marco\Desktop\ds004507\derivatives\labels\sub-009\ses-headUp\anat\sub-009_ses-headUp_T2w_seg-manual.nii.gz","912","2","",79.28801620543237,0.0,-1.8816094461111021,0.0,-10.368962425901005,0.0,8.381630038535114,0.0,8.654311467252011,0.0,11.76261724131254,0.0,4.278300704027368,0.0,4.103329334507747,0.0,0.6772579442267841,0.0,5.913206717184956,0.0,0.9707013454381875,0.0,""
"2026-09-29 13:39:36","git-master-bddc7a050319718b5e4e0856afec0bc9ea96418f","C:\Users\marco\Desktop\ds004507\derivatives\labels\sub-009\ses-headUp\anat\sub-009_ses-headUp_T2w_seg-manual.nii.gz","913","2","",80.5724064313054,0.0,-1.8452881088468145,0.0,-10.495485898022185,0.0,8.614528239944756,0.0,8.796621067774117,0.0,11.703846553296309,0.0,4.327099571013717,0.0,4.28742866893104,0.0,0.6593661844694733,0.0,5.115153970004326,0.0,0.9643774448528268,0.0,""
"2026-09-29 13:39:36","git-master-bddc7a050319718b5e4e0856afec0bc9ea96418f","C:\Users\marco\Desktop\ds004507\derivatives\labels\sub-009\ses-headUp\anat\sub-009_ses-headUp_T2w_seg-manual.nii.gz","914","2","",82.00778694070378,0.0,-1.805211901849157,0.0,-10.619049476733712,0.0,8.78181893055976,0.0,8.9312987450268,0.0,11.760882206138096,0.0,4.37577215574002,0.0,4.40604677481974,0.0,0.6506139802482114,0.0,4.857395266017738,0.0,0.9602415455840912,0.0,""
"2026-09-29 13:39:36","git-master-bddc7a050319718b5e4e0856afec0bc9ea96418f","C:\Users\marco\Desktop\ds004507\derivatives\labels\sub-009\ses-headUp\anat\sub-009_ses-headUp_T2w_seg-manual.nii.gz","915","2","",82.15829668919794,0.0,-1.761380367729775,0.0,-10.73965896453519,0.0,8.795135672429623,0.0,8.93044566789428,0.0,11.822801483924538,0.0,4.416463874380209,0.0,4.378671798049414,0.0,0.6552854798104184,0.0,5.384601536381318,0.0,0.9572849349895155,0.0,""
"2026-09-29 13:39:36","git-master-bddc7a050319718b5e4e0856afec0bc9ea96418f","C:\Users\marco\Desktop\ds004507\derivatives\labels\sub-009\ses-headUp\anat\sub-009_ses-headUp_T2w_seg-manual.nii.gz","916","2","",82.06284546491605,0.0,-1.7137930274178235,0.0,-10.857320147450757,0.0,8.824586750437966,0.0,8.88800395963763,0.0,11.824454430369746,0.0,4.50526498268147,0.0,4.319321767756495,0.0,0.6595475832014241,0.0,5.5019145308013,0.0,0.9600531296464806,0.0,""
"2026-09-29 13:39:36","git-master-bddc7a050319718b5e4e0856afec0bc9ea96418f","C:\Users\marco\Desktop\ds004507\derivatives\labels\sub-009\ses-headUp\anat\sub-009_ses-headUp_T2w_seg-manual.nii.gz","917","2","",82.3417883920779,0.0,-1.6624493855369347,0.0,-10.97203878633403,0.0,8.810073389819596,0.0,8.83911877407094,0.0,11.870947394674095,0.0,4.524622756852386,0.0,4.285450632967211,0.0,0.6673462411566675,0.0,5.521670971623042,0.0,0.9648605031945792,0.0,""
"2026-09-29 13:39:36","git-master-bddc7a050319718b5e4e0856afec0bc9ea96418f","C:\Users\marco\Desktop\ds004507\derivatives\labels\sub-009\ses-headUp\anat\sub-009_ses-headUp_T2w_seg-manual.nii.gz","918","2","",82.47448264415016,0.0,-1.6073489362306557,0.0,-11.083820608447267,0.0,8.753515026188134,0.0,8.783446689738877,0.0,11.931065345633673,0.0,4.429222078278321,0.0,4.324292947909814,0.0,0.6767685793073851,0.0,5.1861063675878745,0.0,0.9594012708386874,0.0,""
"2026-09-29 13:39:36","git-master-bddc7a050319718b5e4e0856afec0bc9ea96418f","C:\Users\marco\Desktop\ds004507\derivatives\labels\sub-009\ses-headUp\anat\sub-009_ses-headUp_T2w_seg-manual.nii.gz","919","2","",82.19453832175489,0.0,-1.5484911694369292,0.0,-11.192671299310824,0.0,8.844813848127954,0.0,8.767916626649615,0.0,11.87066996336445,0.0,4.422559725718537,0.0,4.4222541224094165,0.0,0.6741217374057732,0.0,4.797367880415104,0.0,0.957898990226194,0.0,""
"2026-09-29 13:39:36","git-master-bddc7a050319718b5e4e0856afec0bc9ea96418f","C:\Users\marco\Desktop\ds004507\derivatives\labels\sub-009\ses-headUp\anat\sub-009_ses-headUp_T2w_seg-manual.nii.gz","920","2","",81.89727320326553,0.0,-1.4858755776121655,0.0,-11.298596494818913,0.0,8.825148799541763,0.0,8.756670036160367,0.0,11.83040680295545,0.0,4.401504386634006,0.0,4.423644412907756,0.0,0.6723257362616171,0.0,6.056171973630055,0.0,0.9726671089434268,0.0,""
"2026-09-29 13:39:36","git-master-bddc7a050319718b5e4e0856afec0bc9ea96418f","C:\Users\marco\Desktop\ds004507\derivatives\labels\sub-009\ses-headUp\anat\sub-009_ses-headUp_T2w_seg-manual.nii.gz","921","2","",82.48475689997369,0.0,-1.4195016629054087,0.0,-11.40160177361759,0.0,8.89725665017993,0.0,8.853966926265667,0.0,11.769985272363341,0.0,4.454606904010731,0.0,4.442649746169199,0.0,0.6588779919459811,0.0,4.963032601210864,0.0,0.974662523294643,0.0,""
"2026-09-29 13:39:36","git-master-bddc7a050319718b5e4e0856afec0bc9ea96418f","C:\Users\marco\Desktop\ds004507\derivatives\labels\sub-009\ses-headUp\anat\sub-009_ses-headUp_T2w_seg-manual.nii.gz","922","2","",82.80255011536381,0.0,-1.349368944783028,0.0,-11.501692649740884,0.0,8.930609376179252,0.0,8.87651344588209,0.0,11.782180061518309,0.0,4.594669561993358,0.0,4.335939814185895,0.0,0.6574901144908396,0.0,4.536926934599343,0.0,0.9697695049388747,0.0,""
"2026-09-29 13:39:36","git-master-bddc7a050319718b5e4e0856afec0bc9ea96418f","C:\Users\marco\Desktop\ds004507\derivatives\labels\sub-009\ses-headUp\anat\sub-009_ses-headUp_T2w_seg-manual.nii.gz","923","2","",83.30437422244776,0.0,-1.2754769681042721,0.0,-11.598874565500928,0.0,9.253958632119495,0.0,9.064487611125013,0.0,11.668933674209029,0.0,4.698162305787707,0.0,4.555796326331789,0.0,0.6297410424162228,0.0,7.991463411016013,0.0,0.972845891618667,0.0,""
"2026-09-29 13:39:36","git-master-bddc7a050319718b5e4e0856afec0bc9ea96418f","C:\Users\marco\Desktop\ds004507\derivatives\labels\sub-009\ses-headUp\anat\sub-009_ses-headUp_T2w_seg-manual.nii.gz","924","2","",83.61091645000057,0.0,-1.1975360724622237,0.0,-11.69293000323177,0.0,8.993576439601378,0.0,8.949932804387764,0.0,11.810121501759838,0.0,4.548636911588659,0.0,4.4449395280127195,0.0,0.6523983843477892,0.0,7.035561187994018,0.0,0.9636057130573401,0.0,""
"2026-09-29 13:39:36","git-master-bddc7a050319718b5e4e0856afec0bc9ea96418f","C:\Users\marco\Desktop\ds004507\derivatives\labels\sub-009\ses-headUp\anat\sub-009_ses-headUp_T2w_seg-manual.nii.gz","925","2","",83.73022994074073,0.0,-1.1158350674058992,0.0,-11.784087982811833,0.0,8.914528870955445,0.0,8.935239733033288,0.0,11.877763608740324,0.0,4.5041838655094235,0.0,4.410345005446022,0.0,0.658850942283382,0.0,6.688498713878834,0.0,0.9719347924180034,0.0,""
"2026-09-29 13:39:36","git-master-bddc7a050319718b5e4e0856afec0bc9ea96418f","C:\Users\marco\Desktop\ds004507\derivatives\labels\sub-009\ses-headUp\anat\sub-009_ses-headUp_T2w_seg-manual.nii.gz","926","2","",82.87184146143044,0.0,-1.0303736450576952,0.0,-11.872353663929722,0.0,8.893943325748449,0.0,8.995285841160364,0.0,11.743440982009952,0.0,4.533126571892536,0.0,4.360816753855913,0.0,0.6427117277858254,0.0,4.523156584585191,0.0,0.9725224553668121,0.0,""
"2026-09-29 13:39:36","git-master-bddc7a050319718b5e4e0856afec0bc9ea96418f","C:\Users\marco\Desktop\ds004507\derivatives\labels\sub-009\ses-headUp\anat\sub-009_ses-headUp_T2w_seg-manual.nii.gz","927","2","",83.5727646759731,0.0,-0.9411515639786715,0.0,-11.957732106259522,0.0,9.086377699956053,0.0,9.12851527034905,0.0,11.729662101128058,0.0,4.63308125212524,0.0,4.453296447830813,0.0,0.6279179892607593,0.0,3.0953107037215926,0.0,0.959747795049484,0.0,""
"2026-09-29 13:39:36","git-master-bddc7a050319718b5e4e0856afec0bc9ea96418f","C:\Users\marco\Desktop\ds004507\derivatives\labels\sub-009\ses-headUp\anat\sub-009_ses-headUp_T2w_seg-manual.nii.gz","928","2","",84.27351387034145,0.0,-0.848168659748715,0.0,-12.040228263684678,0.0,9.2053891296194,0.0,9.252768609687285,0.0,11.701213378637119,0.0,4.712562165584576,0.0,4.4928269640348235,0.0,0.6120211102300337,0.0,4.181977218589783,0.0,0.9546531014959925,0.0,""
"2026-09-29 13:39:36","git-master-bddc7a050319718b5e4e0856afec0bc9ea96418f","C:\Users\marco\Desktop\ds004507\derivatives\labels\sub-009\ses-headUp\anat\sub-009_ses-headUp_T2w_seg-manual.nii.gz","929","2","",83.83760036785431,0.0,-0.7573627640377782,0.0,-12.115388510116752,0.0,9.09427952727371,0.0,9.226958731312642,0.0,11.706315852732715,0.0,4.581515223981445,0.0,4.512764303292263,0.0,0.6153267047541309,0.0,4.061497424066886,0.0,0.9511646919778098,0.0,""
"2026-09-29 13:39:36","git-master-bddc7a050319718b5e4e0856afec0bc9ea96418f","C:\Users\marco\Desktop\ds004507\derivatives\labels\sub-009\ses-headUp\anat\sub-009_ses-headUp_T2w_seg-manual.nii.gz","930","2","",81.92574397226095,0.0,-0.6766519223569828,0.0,-12.177281269161133,0.0,8.93674986753052,0.0,9.086394935279651,0.0,11.629932232675067,0.0,4.4532599948368565,0.0,4.483489872693664,0.0,0.6241735727757185,0.0,2.3138636538590216,0.0,0.9487742833006462,0.0,""
"2026-09-29 13:39:36","git-master-bddc7a050319718b5e4e0856afec0bc9ea96418f","C:\Users\marco\Desktop\ds004507\derivatives\labels\sub-009\ses-headUp\anat\sub-009_ses-headUp_T2w_seg-manual.nii.gz","931","2","",80.60960279416193,0.0,-0.6093363731253527,0.0,-12.22344789286125,0.0,8.873625955796623,0.0,8.959372608724872,0.0,11.573584243198887,0.0,4.459363577678937,0.0,4.414262378117685,0.0,0.6329568840092142,0.0,3.1459998020381272,0.0,0.9512080876032873,0.0,""
"2026-09-29 13:39:36","git-master-bddc7a050319718b5e4e0856afec0bc9ea96418f","C:\Users\marco\Desktop\ds004507\derivatives\labels\sub-009\ses-headUp\anat\sub-009_ses-headUp_T2w_seg-manual.nii.gz","932","2","",80.17910945343559,0.0,-0.5554173730210724,0.0,-12.253904540524378,0.0,8.821334264899953,0.0,8.920833251298673,0.0,11.525542518941341,0.0,4.482681231615144,0.0,4.338653033284809,0.0,0.6329998076797031,0.0,4.840703645596168,0.0,0.9566122408706929,0.0,""
"2026-09-29 13:39:36","git-master-bddc7a050319718b5e4e0856afec0bc9ea96418f","C:\Users\marco\Desktop\ds004507\derivatives\labels\sub-009\ses-headUp\anat\sub-009_ses-headUp_T2w_seg-manual.nii.gz","933","2","",79.31523355346002,0.0,-0.5148958011816105,0.0,-12.268661993790337,0.0,8.604244054324862,0.0,8.834921114074561,0.0,11.509528330990692,0.0,4.38931528601372,0.0,4.214928768311142,0.0,0.6397447379344677,0.0,4.299922614730545,0.0,0.962559951934741,0.0,""
"2026-09-29 13:39:36","git-master-bddc7a050319718b5e4e0856afec0bc9ea96418f","C:\Users\marco\Desktop\ds004507\derivatives\labels\sub-009\ses-headUp\anat\sub-009_ses-headUp_T2w_seg-manual.nii.gz","934","2","",78.76005321848763,0.0,-0.48777224389977264,0.0,-12.267725599516906,0.0,8.372437952984791,0.0,8.675611426903785,0.0,11.633133565835532,0.0,4.2583762271093795,0.0,4.114061725875412,0.0,0.6657108245134,0.0,4.570562051543715,0.0,0.964504505116592,0.0,""
"2026-09-29 13:39:36","git-master-bddc7a050319718b5e4e0856afec0bc9ea96418f","C:\Users\marco\Desktop\ds004507\derivatives\labels\sub-009\ses-headUp\anat\sub-009_ses-headUp_T2w_seg-manual.nii.gz","935","2","",78.75897115118677,0.0,-0.47404705909372435,0.0,-12.25109524083064,0.0,8.591949452331736,0.0,8.830425999083657,0.0,11.446191518411672,0.0,4.362692747229823,0.0,4.229256705101914,0.0,0.6362241089611778,0.0,4.88068235017351,0.0,0.9580358546508,0.0,""
"2026-09-29 13:39:36","git-master-bddc7a050319718b5e4e0856afec0bc9ea96418f","C:\Users\marco\Desktop\ds004507\derivatives\labels\sub-009\ses-headUp\anat\sub-009_ses-headUp_T2w_seg-manual.nii.gz","936","2","",79.89388120293017,0.0,-0.47372042053601005,0.0,-12.218765336187717,0.0,8.815423892387386,0.0,8.984006483455135,0.0,11.464315185078117,0.0,4.47176944608316,0.0,4.343654446304226,0.0,0.6210923408214521,0.0,6.388843690591713,0.0,0.9628871365895191,0.0,""
"2026-09-29 13:39:36","git-master-bddc7a050319718b5e4e0856afec0bc9ea96418f","C:\Users\marco\Desktop\ds004507\derivatives\labels\sub-009\ses-headUp\anat\sub-009_ses-headUp_T2w_seg-manual.nii.gz","937","2","",79.81135044849253,0.0,-0.48679234183263403,0.0,-12.170724866428058,0.0,8.821145790767504,0.0,9.082654943884764,0.0,11.34224724414313,0.0,4.500478477309114,0.0,4.320667313458389,0.0,0.5988611502476412,0.0,7.647370362994371,0.0,0.9635469443626405,0.0,""
"2026-09-29 13:39:36","git-master-bddc7a050319718b5e4e0856afec0bc9ea96418f","C:\Users\marco\Desktop\ds004507\derivatives\labels\sub-009\ses-headUp\anat\sub-009_ses-headUp_T2w_seg-manual.nii.gz","938","2","",78.78540398031524,0.0,-0.5132626801476932,0.0,-12.106957429944877,0.0,8.844068923943247,0.0,9.110655832065822,0.0,11.116874295951986,0.0,4.534576787313753,0.0,4.309492136629493,0.0,0.5730306408187036,0.0,6.6475114358176635,0.0,0.9784760019792182,0.0,""
"2026-09-29 13:39:36","git-master-bddc7a050319718b5e4e0856afec0bc9ea96418f","C:\Users\marco\Desktop\ds004507\derivatives\labels\sub-009\ses-headUp\anat\sub-009_ses-headUp_T2w_seg-manual.nii.gz","939","1","",79.97443556727524,0.0,-0.5570830488118235,0.0,-12.020460964934106,0.0,8.961593958647494,0.0,9.031362712090703,0.0,11.358966763595042,0.0,4.592024079524561,0.0,4.369569879122934,0.0,0.6064958661954372,0.0,9.651868375372205,0.0,0.9494135765904513,0.0,""
"2026-09-29 13:39:36","git-master-bddc7a050319718b5e4e0856afec0bc9ea96418f","C:\Users\marco\Desktop\ds004507\derivatives\labels\sub-009\ses-headUp\anat\sub-009_ses-headUp_T2w_seg-manual.nii.gz","940","1","",80.44544660421197,0.0,-0.5945223775002684,0.0,-11.95433122634037,0.0,9.03730154700213,0.0,9.058479096017056,0.0,11.32625592797224,0.0,4.655060390680309,0.0,4.382241156321821,0.0,0.6002570219991191,0.0,10.206079560070027,0.0,0.9562930484168853,0.0,""
"2026-09-29 13:39:36","git-master-bddc7a050319718b5e4e0856afec0bc9ea96418f","C:\Users\marco\Desktop\ds004507\derivatives\labels\sub-009\ses-headUp\anat\sub-009_ses-headUp_T2w_seg-manual.nii.gz","941","1","",80.5852046808488,0.0,-0.6360294551007148,0.0,-11.8833987243771,0.0,9.01435295511695,0.0,9.034688976122215,0.0,11.337164668587583,0.0,4.6275375733534885,0.0,4.386815381763463,0.0,0.6038514862080736,0.0,9.919086471507049,0.0,0.9619565447649165,0.0,""
"2026-09-29 13:39:36","git-master-bddc7a050319718b5e4e0856afec0bc9ea96418f","C:\Users\marco\Desktop\ds004507\derivatives\labels\sub-009\ses-headUp\anat\sub-009_ses-headUp_T2w_seg-manual.nii.gz","942","1","",80.26120861306575,0.0,-0.6832313811779633,0.0,-11.80574235369648,0.0,8.853285710896031,0.0,8.939629750877705,0.0,11.409140815936329,0.0,4.473231976151071,0.0,4.380053734744961,0.0,0.6212125821844096,0.0,8.454407400378955,0.0,0.9659176754431839,0.0,""
"2026-09-29 13:39:36","git-master-bddc7a050319718b5e4e0856afec0bc9ea96418f","C:\Users\marco\Desktop\ds004507\derivatives\labels\sub-009\ses-headUp\anat\sub-009_ses-headUp_T2w_seg-manual.nii.gz","943","1","",81.08277264100599,0.0,-0.7385679361198525,0.0,-11.718455155416786,0.0,8.932440448081312,0.0,8.976768679152014,0.0,11.426439543992421,0.0,4.478191566883998,0.0,4.454248881197313,0.0,0.6186847897842567,0.0,7.03232128442392,0.0,0.966368824124803,0.0,""
"2026-09-29 13:39:36","git-master-bddc7a050319718b5e4e0856afec0bc9ea96418f","C:\Users\marco\Desktop\ds004507\derivatives\labels\sub-009\ses-headUp\anat\sub-009_ses-headUp_T2w_seg-manual.nii.gz","944","1","",81.93445874392525,0.0,-0.7979714356212677,0.0,-11.626343974982744,0.0,9.063243422482897,0.0,9.031776892213944,0.0,11.44409973764939,0.0,4.5156492168824185,0.0,4.547594205600477,0.0,0.6141231711134593,0.0,6.030943717956166,0.0,0.9660701406923673,0.0,""
"2026-09-29 13:39:36","git-master-bddc7a050319718b5e4e0856afec0bc9ea96418f","C:\Users\marco\Desktop\ds004507\derivatives\labels\sub-009\ses-headUp\anat\sub-009_ses-headUp_T2w_seg-manual.nii.gz","945","1","",82.1891750143476,0.0,-0.8646949914824762,0.0,-11.525539344645106,0.0,9.204857919689678,0.0,9.06107406752745,0.0,11.495650779684572,0.0,4.5550419319161115,0.0,4.649815987773566,0.0,0.6153934066566219,0.0,6.266136026846427,0.0,0.9656279501157565,0.0,""
"2026-09-29 13:39:36","git-master-bddc7a050319718b5e4e0856afec0bc9ea96418f","C:\Users\marco\Desktop\ds004507\derivatives\labels\sub-009\ses-headUp\anat\sub-009_ses-headUp_T2w_seg-manual.nii.gz","946","1","",82.14515590378093,0.0,-0.937923903823646,0.0,-11.416981908124411,0.0,9.162094055076041,0.0,9.053463347918044,0.0,11.506933317786924,0.0,4.534422291033386,0.0,4.627671764042655,0.0,0.6172266986295646,0.0,6.59176036269989,0.0,0.9638188084490955,0.0,""
"2026-09-29 13:39:36","git-master-bddc7a050319718b5e4e0856afec0bc9ea96418f","C:\Users\marco\Desktop\ds004507\derivatives\labels\sub-009\ses-headUp\anat\sub-009_ses-headUp_T2w_seg-manual.nii.gz","947","1","",81.82902287661206,0.0,-1.015218435071935,0.0,-11.303575523289043,0.0,9.021230678652271,0.0,9.017992604912777,0.0,11.497565748909631,0.0,4.4783214904736495,0.0,4.542909188178622,0.0,0.6203032035934368,0.0,6.9114771985182175,0.0,0.961819937084047,0.0,""
"2026-09-29 13:39:36","git-master-bddc7a050319718b5e4e0856afec0bc9ea96418f","C:\Users\marco\Desktop\ds004507\derivatives\labels\sub-009\ses-headUp\anat\sub-009_ses-headUp_T2w_seg-manual.nii.gz","948","1","",80.16268136225823,0.0,-1.1014553136587508,0.0,-11.179471140999079,0.0,8.815353662329338,0.0,8.879055026629084,0.0,11.482523774886808,0.0,4.3619958910070835,0.0,4.4533577713222545,0.0,0.6339582410937443,0.0,6.668835385652421,0.0,0.9652522700320121,0.0,""
"2026-09-29 13:39:36","git-master-bddc7a050319718b5e4e0856afec0bc9ea96418f","C:\Users\marco\Desktop\ds004507\derivatives\labels\sub-009\ses-headUp\anat\sub-009_ses-headUp_T2w_seg-manual.nii.gz","949","1","",79.94757972054087,0.0,-1.1925680265383236,0.0,-11.049509283185772,0.0,8.75725195406689,0.0,8.853162456959074,0.0,11.538426296602974,0.0,4.359125224522423,0.0,4.398126729544466,0.0,0.6413094990634572,0.0,6.1308812303701945,0.0,0.9663662077122424,0.0,""
"2026-09-29 13:39:36","git-master-bddc7a050319718b5e4e0856afec0bc9ea96418f","C:\Users\marco\Desktop\ds004507\derivatives\labels\sub-009\ses-headUp\anat\sub-009_ses-headUp_T2w_seg-manual.nii.gz","950","1","",81.18371795146,0.0,-1.2885565737106532,0.0,-10.913689949849122,0.0,8.846925553864924,0.0,8.94031489590275,0.0,11.665273314058132,0.0,4.469709491019666,0.0,4.377216062845258,0.0,0.6423569775025754,0.0,5.297614732671541,0.0,0.9651617501247377,0.0,""
"2026-09-29 13:39:36","git-master-bddc7a050319718b5e4e0856afec0bc9ea96418f","C:\Users\marco\Desktop\ds004507\derivatives\labels\sub-009\ses-headUp\anat\sub-009_ses-headUp_T2w_seg-manual.nii.gz","951","1","",82.16114344281807,0.0,-1.3934798608944206,0.0,-10.767088709801968,0.0,8.90298383313767,0.0,9.013859982305656,0.0,11.710839316636196,0.0,4.519153441475723,0.0,4.383830391661948,0.0,0.6383960164252607,0.0,4.276927544921924,0.0,0.9608330065809038,0.0,""
"2026-09-29 13:39:36","git-master-bddc7a050319718b5e4e0856afec0bc9ea96418f","C:\Users\marco\Desktop\ds004507\derivatives\labels\sub-009\ses-headUp\anat\sub-009_ses-headUp_T2w_seg-manual.nii.gz","952","1","",82.59635206202859,0.0,-1.5024624109825748,0.0,-10.615570118070313,0.0,8.964810602628217,0.0,9.069328061967523,0.0,11.684863340921348,0.0,4.593611484417977,0.0,4.3711991182102405,0.0,0.6303245980080775,0.0,3.242961168742671,0.0,0.9565325209422914,0.0,""
"2026-09-29 13:39:36","git-master-bddc7a050319718b5e4e0856afec0bc9ea96418f","C:\Users\marco\Desktop\ds004507\derivatives\labels\sub-009\ses-headUp\anat\sub-009_ses-headUp_T2w_seg-manual.nii.gz","953","1","",81.99416561686414,0.0,-1.6179389886956053,0.0,-10.456177169644295,0.0,9.04428622901351,0.0,9.091116192245638,0.0,11.53058177496197,0.0,4.729214133431026,0.0,4.315072095582483,0.0,0.6149428902777816,0.0,2.216512904804328,0.0,0.9528566031061819,0.0,""
"2026-09-29 13:39:36","git-master-bddc7a050319718b5e4e0856afec0bc9ea96418f","C:\Users\marco\Desktop\ds004507\derivatives\labels\sub-009\ses-headUp\anat\sub-009_ses-headUp_T2w_seg-manual.nii.gz","954","1","",82.38458778510056,0.0,-1.7407157641034712,0.0,-10.287887061711073,0.0,9.176297197093492,0.0,9.125335076498061,0.0,11.48190776751909,0.0,4.799412505260577,0.0,4.376884691832915,0.0,0.6068971343691566,0.0,3.0601715034187897,0.0,0.9569034234059566,0.0,""
"2026-09-29 13:39:36","git-master-bddc7a050319718b5e4e0856afec0bc9ea96418f","C:\Users\marco\Desktop\ds004507\derivatives\labels\sub-009\ses-headUp\anat\sub-009_ses-headUp_T2w_seg-manual.nii.gz","955","1","",82.89545863771743,0.0,-1.8675466731869415,0.0,-10.11464529520109,0.0,9.247027812185987,0.0,9.13353870503581,0.0,11.491042973527579,0.0,4.7980395782470735,0.0,4.448988233938914,0.0,0.6065390365066401,0.0,4.47439149142784,0.0,0.9634903363061289,0.0,""
"2026-09-29 13:39:36","git-master-bddc7a050319718b5e4e0856afec0bc9ea96418f","C:\Users\marco\Desktop\ds004507\derivatives\labels\sub-009\ses-headUp\anat\sub-009_ses-headUp_T2w_seg-manual.nii.gz","956","1","",82.35422522323498,0.0,-2.002481254490376,0.0,-9.93147383498598,0.0,8.923797759516566,0.0,8.990948131709676,0.0,11.613211649265406,0.0,4.547817285657464,0.0,4.375980473859102,0.0,0.632392642505215,0.0,5.624573655488491,0.0,0.9699064819818161,0.0,""
"2026-09-29 13:39:36","git-master-bddc7a050319718b5e4e0856afec0bc9ea96418f","C:\Users\marco\Desktop\ds004507\derivatives\labels\sub-009\ses-headUp\anat\sub-009_ses-headUp_T2w_seg-manual.nii.gz","957","1","",82.02117550125881,0.0,-2.1430818702167436,0.0,-9.741320301626827,0.0,8.837996183622572,0.0,8.968420579032239,0.0,11.610639067339012,0.0,4.470486161501935,0.0,4.367510022120638,0.0,0.6348791711584238,0.0,4.782004541983284,0.0,0.9692048036501122,0.0,""
"2026-09-29 13:39:36","git-master-bddc7a050319718b5e4e0856afec0bc9ea96418f","C:\Users\marco\Desktop\ds004507\derivatives\labels\sub-009\ses-headUp\anat\sub-009_ses-headUp_T2w_seg-manual.nii.gz","958","1","",81.83682841678714,0.0,-2.2877296533880647,0.0,-9.546179573164784,0.0,8.921786376853884,0.0,9.031652326818161,0.0,11.51896558708103,0.0,4.516648729085034,0.0,4.405137647768851,0.0,0.6206749302792285,0.0,2.516041658788166,0.0,0.9634189653131289,0.0,""
"2026-09-29 13:39:36","git-master-bddc7a050319718b5e4e0856afec0bc9ea96418f","C:\Users\marco\Desktop\ds004507\derivatives\labels\sub-009\ses-headUp\anat\sub-009_ses-headUp_T2w_seg-manual.nii.gz","959","1","",80.97431765973168,0.0,-2.442077130902268,0.0,-9.33901563139999,0.0,8.929792633622949,0.0,9.05777609794891,0.0,11.418361077001212,0.0,4.519408823342589,0.0,4.41038381028036,0.0,0.6087062198882578,0.0,3.56995266202647,0.0,0.9702481195700094,0.0,""
"2026-09-29 13:39:36","git-master-bddc7a050319718b5e4e0856afec0bc9ea96418f","C:\Users\marco\Desktop\ds004507\derivatives\labels\sub-009\ses-headUp\anat\sub-009_ses-headUp_T2w_seg-manual.nii.gz","960","1","",80.41331603137918,0.0,-2.600459432185812,0.0,-9.126819670811802,0.0,9.01066202576092,0.0,9.10514340421178,0.0,11.313093282367308,0.0,4.574923964020992,0.0,4.4357380617399285,0.0,0.5931406975420925,0.0,4.50800208513699,0.0,0.9725576463640389,0.0,""
"2026-09-29 13:39:36","git-master-bddc7a050319718b5e4e0856afec0bc9ea96418f","C:\Users\marco\Desktop\ds004507\derivatives\labels\sub-009\ses-headUp\anat\sub-009_ses-headUp_T2w_seg-manual.nii.gz","961","1","",80.27442718321083,0.0,-2.7644904867464315,0.0,-8.907578883870862,0.0,9.193539807415364,0.0,9.182251659659617,0.0,11.201296889357689,0.0,4.7042961696885826,0.0,4.489243637726782,0.0,0.5725396384586547,0.0,5.283845296068614,0.0,0.9685396947100767,0.0,""
"2026-09-29 13:39:36","git-master-bddc7a050319718b5e4e0856afec0bc9ea96418f","C:\Users\marco\Desktop\ds004507\derivatives\labels\sub-009\ses-headUp\anat\sub-009_ses-headUp_T2w_seg-manual.nii.gz","962","1","",80.7229612046282,0.0,-2.9365753119519025,0.0,-8.678230187836029,0.0,9.231016141953448,0.0,9.267693698811424,0.0,11.167012301549999,0.0,4.7063370523012455,0.0,4.524679089652205,0.0,0.5577205066908354,0.0,6.0495207743490695,0.0,0.9615507351240024,0.0,""
"2026-09-29 13:39:36","git-master-bddc7a050319718b5e4e0856afec0bc9ea96418f","C:\Users\marco\Desktop\ds004507\derivatives\labels\sub-009\ses-headUp\anat\sub-009_ses-headUp_T2w_seg-manual.nii.gz","963","1","",80.72971171424368,0.0,-3.112681440030551,0.0,-8.443814803554549,0.0,9.17938087129343,0.0,9.290391605146418,0.0,11.13642776356395,0.0,4.648703606645783,0.0,4.530677264647648,0.0,0.5513360233444122,0.0,6.259298772518054,0.0,0.9576100693543506,0.0,""
"2026-09-29 13:39:36","git-master-bddc7a050319718b5e4e0856afec0bc9ea96418f","C:\Users\marco\Desktop\ds004507\derivatives\labels\sub-009\ses-headUp\anat\sub-009_ses-headUp_T2w_seg-manual.nii.gz","964","1","",79.05865796670207,0.0,-3.2960192143418237,0.0,-8.200264099989466,0.0,8.947651653308911,0.0,9.119856842808591,0.0,11.070436291921673,0.0,4.488445970018902,0.0,4.459205683290009,0.0,0.566786328872807,0.0,4.807484969943313,0.0,0.9645968897932341,0.0,""
"2026-09-29 13:39:36","git-master-bddc7a050319718b5e4e0856afec0bc9ea96418f","C:\Users\marco\Desktop\ds004507\derivatives\labels\sub-009\ses-headUp\anat\sub-009_ses-headUp_T2w_seg-manual.nii.gz","965","1","",79.12804790697743,0.0,-3.4857678078068552,0.0,-7.948560815188945,0.0,8.862705860126868,0.0,9.026532278996232,0.0,11.142502793708916,0.0,4.465615159584555,0.0,4.3970907005423125,0.0,0.5857868110492114,0.0,4.937090423044217,0.0,0.9665169964991414,0.0,""
"2026-09-29 13:39:36","git-master-bddc7a050319718b5e4e0856afec0bc9ea96418f","C:\Users\marco\Desktop\ds004507\derivatives\labels\sub-009\ses-headUp\anat\sub-009_ses-headUp_T2w_seg-manual.nii.gz","966","1","",79.93550173536727,0.0,-3.6772973703800096,0.0,-7.69175840660766,0.0,8.838893098353031,0.0,8.971866950050211,0.0,11.272637092306288,0.0,4.4943107067025085,0.0,4.344582391650522,0.0,0.6054219746272121,0.0,5.895464020782893,0.0,0.9656615168793122,0.0,""
"2026-09-29 13:39:36","git-master-bddc7a050319718b5e4e0856afec0bc9ea96418f","C:\Users\marco\Desktop\ds004507\derivatives\labels\sub-009\ses-headUp\anat\sub-009_ses-headUp_T2w_seg-manual.nii.gz","967","1","",79.2892180500229,0.0,-3.8531580877968334,0.0,-7.4237048332328825,0.0,8.680234845655868,0.0,8.917797112743845,0.0,11.282198301952732,0.0,4.3339486428368295,0.0,4.346286202819037,0.0,0.6125126620587192,0.0,7.272481303321066,0.0,0.9621415132077531,0.0,""
"2026-09-29 13:39:36","git-master-bddc7a050319718b5e4e0856afec0bc9ea96418f","C:\Users\marco\Desktop\ds004507\derivatives\labels\sub-009\ses-headUp\anat\sub-009_ses-headUp_T2w_seg-manual.nii.gz","968","1","",78.99278348993478,0.0,-4.007151599379289,0.0,-7.149493800536979,0.0,8.550554000788075,0.0,8.860088484911172,0.0,11.343134021578235,0.0,4.229061613229276,0.0,4.3214923875588,0.0,0.6241346713678417,0.0,7.588850835871827,0.0,0.962810925524594,0.0,""
"2026-09-29 13:39:36","git-master-bddc7a050319718b5e4e0856afec0bc9ea96418f","C:\Users\marco\Desktop\ds004507\derivatives\labels\sub-009\ses-headUp\anat\sub-009_ses-headUp_T2w_seg-manual.nii.gz","969","1","",79.04619805510292,0.0,-4.139277905127376,0.0,-6.869125308519949,0.0,8.449850563749658,0.0,8.798741066552193,0.0,11.455444251182797,0.0,4.179649617879848,0.0,4.27020094586981,0.0,0.6402880025545796,0.0,6.844572618435164,0.0,0.967669753829835,0.0,""
"2026-09-29 13:39:36","git-master-bddc7a050319718b5e4e0856afec0bc9ea96418f","C:\Users\marco\Desktop\ds004507\derivatives\labels\sub-009\ses-headUp\anat\sub-009_ses-headUp_T2w_seg-manual.nii.gz","970","1","",79.52470060345091,0.0,-4.231372601341979,0.0,-6.577435346372063,0.0,8.447120638600952,0.0,8.875189936329434,0.0,11.483092034264052,0.0,4.22351628069651,0.0,4.223604357904444,0.0,0.634496914824761,0.0,5.7685281669678545,0.0,0.9646910328215559,0.0,""
"2026-09-29 13:39:36","git-master-bddc7a050319718b5e4e0856afec0bc9ea96418f","C:\Users\marco\Desktop\ds004507\derivatives\labels\sub-009\ses-headUp\anat\sub-009_ses-headUp_T2w_seg-manual.nii.gz","971","1","",79.9509624141126,0.0,-4.305286371539463,0.0,-6.280589381744436,0.0,8.458450754629157,0.0,8.911844243018301,0.0,11.518535094897523,0.0,4.2794282670506,0.0,4.179022487578558,0.0,0.6334412311376727,0.0,5.468093962922966,0.0,0.9630413878724546,0.0,""
"2026-09-29 13:39:36","git-master-bddc7a050319718b5e4e0856afec0bc9ea96418f","C:\Users\marco\Desktop\ds004507\derivatives\labels\sub-009\ses-headUp\anat\sub-009_ses-headUp_T2w_seg-manual.nii.gz","972","1","",80.1954540251872,0.0,-4.350116764163337,0.0,-5.975489861272031,0.0,8.480087587213049,0.0,8.84385555296019,0.0,11.584961882730564,0.0,4.342471144449348,0.0,4.137616442763702,0.0,0.6458462498845099,0.0,6.779201387183087,0.0,0.9654749040078041,0.0,""
"2026-09-29 13:39:36","git-master-bddc7a050319718b5e4e0856afec0bc9ea96418f","C:\Users\marco\Desktop\ds004507\derivatives\labels\sub-009\ses-headUp\anat\sub-009_ses-headUp_T2w_seg-manual.nii.gz","973","1","",80.28979946534842,0.0,-4.362246498132179,0.0,-5.661088246903074,0.0,8.492470596048104,0.0,8.858393795185911,0.0,11.584140104598504,0.0,4.356038811802585,0.0,4.13643178424552,0.0,0.6443474053876705,0.0,7.295222039246018,0.0,0.9689276061695598,0.0,""
"2026-09-29 13:39:36","git-master-bddc7a050319718b5e4e0856afec0bc9ea96418f","C:\Users\marco\Desktop\ds004507\derivatives\labels\sub-009\ses-headUp\anat\sub-009_ses-headUp_T2w_seg-manual.nii.gz","974","1","",80.37240150967875,0.0,-4.356209311634784,0.0,-5.341516438658846,0.0,8.50104798924363,0.0,8.887705841847938,0.0,11.57383915282615,0.0,4.352679282993834,0.0,4.148368706249797,0.0,0.6405260910868442,0.0,7.503691936366523,0.0,0.9724037243231927,0.0,""
"2026-09-29 13:39:36","git-master-bddc7a050319718b5e4e0856afec0bc9ea96418f","C:\Users\marco\Desktop\ds004507\derivatives\labels\sub-009\ses-headUp\anat\sub-009_ses-headUp_T2w_seg-manual.nii.gz","975","1","",80.64653019304357,0.0,-4.313838620564593,0.0,-5.011597150865852,0.0,8.506020343822913,0.0,8.853342023551768,0.0,11.628223276127494,0.0,4.34714245678433,0.0,4.158877887038582,0.0,0.6482655331722089,0.0,7.499552679103498,0.0,0.974298279058869,0.0,""
"2026-09-29 13:39:36","git-master-bddc7a050319718b5e4e0856afec0bc9ea96418f","C:\Users\marco\Desktop\ds004507\derivatives\labels\sub-009\ses-headUp\anat\sub-009_ses-headUp_T2w_seg-manual.nii.gz","976","1","",81.04397171282908,0.0,-4.246021120646208,0.0,-4.674431845380424,0.0,8.55337560581147,0.0,8.844759181595427,0.0,11.664108991941603,0.0,4.373453068993359,0.0,4.17992253681811,0.0,0.6519179319811422,0.0,7.746113337852541,0.0,0.9704293130355786,0.0,""
"2026-09-29 13:39:36","git-master-bddc7a050319718b5e4e0856afec0bc9ea96418f","C:\Users\marco\Desktop\ds004507\derivatives\labels\sub-009\ses-headUp\anat\sub-009_ses-headUp_T2w_seg-manual.nii.gz","977","1","",81.52949383005793,0.0,-4.1600273286934,0.0,-4.332090812971827,0.0,8.631004373092367,0.0,8.854591322738962,0.0,11.686781559550543,0.0,4.42251185150134,0.0,4.208492521591028,0.0,0.6526510141640531,0.0,8.171745365181632,0.0,0.9624435464701687,0.0,""
"2026-09-29 13:39:36","git-master-bddc7a050319718b5e4e0856afec0bc9ea96418f","C:\Users\marco\Desktop\ds004507\derivatives\labels\sub-009\ses-headUp\anat\sub-009_ses-headUp_T2w_seg-manual.nii.gz","978","1","","","","","","","","","","","","","","","","","","","","","","","",""
"2026-09-29 13:39:36","git-master-bddc7a050319718b5e4e0856afec0bc9ea96418f","C:\Users\marco\Desktop\ds004507\derivatives\labels\sub-009\ses-headUp\anat\sub-009_ses-headUp_T2w_seg-manual.nii.gz","979","1","","","","","","","","","","","","","","","","","","","","","","","",""
"2026-09-29 13:39:36","git-master-bddc7a050319718b5e4e0856afec0bc9ea96418f","C:\Users\marco\Desktop\ds004507\derivatives\labels\sub-009\ses-headUp\anat\sub-009_ses-headUp_T2w_seg-manual.nii.gz","980","1","","","","","","","","","","","","","","","","","","","","","","","",""
"2026-09-29 13:39:36","git-master-bddc7a050319718b5e4e0856afec0bc9ea96418f","C:\Users\marco\Desktop\ds004507\derivatives\labels\sub-009\ses-headUp\anat\sub-009_ses-headUp_T2w_seg-manual.nii.gz","981","1","","","","","","","","","","","","","","","","","","","","","","","",""
"2026-09-29 13:39:36","git-master-bddc7a050319718b5e4e0856afec0bc9ea96418f","C:\Users\marco\Desktop\ds004507\derivatives\labels\sub-009\ses-headUp\anat\sub-009_ses-headUp_T2w_seg-manual.nii.gz","982","1","","","","","","","","","","","","","","","","","","","","","","","",""
"2026-09-29 13:39:36","git-master-bddc7a050319718b5e4e0856afec0bc9ea96418f","C:\Users\marco\Desktop\ds004507\derivatives\labels\sub-009\ses-headUp\anat\sub-009_ses-headUp_T2w_seg-manual.nii.gz","983","1","","","","","","","","","","","","","","","","","","","","","","","",""
"2026-09-29 13:39:36","git-master-bddc7a050319718b5e4e0856afec0bc9ea96418f","C:\Users\marco\Desktop\ds004507\derivatives\labels\sub-009\ses-headUp\anat\sub-009_ses-headUp_T2w_seg-manual.nii.gz","984","1","","","","","","","","","","","","","","","","","","","","","","","",""
