Timestamp,SCT Version,Filename,Slice (I->S),VertLevel,DistancePMJ,MEAN(area),STD(area),MEAN(angle_AP),STD(angle_AP),MEAN(angle_RL),STD(angle_RL),MEAN(diameter_AP),STD(diameter_AP),MEAN(diameter_AP_ellipse),STD(diameter_AP_ellipse),MEAN(diameter_RL),STD(diameter_RL),MEAN(length_anterior),STD(length_anterior),MEAN(length_posterior),STD(length_posterior),MEAN(eccentricity),STD(eccentricity),MEAN(orientation),STD(orientation),MEAN(solidity),STD(solidity),SUM(length)
"2026-09-25 17:23:02","git-master-bddc7a050319718b5e4e0856afec0bc9ea96418f","C:\Users\marco\Desktop\ds004507\derivatives\labels\sub-011\ses-headUp\anat\sub-011_ses-headUp_T2w_seg-manual.nii.gz","601","10","","","","","","","","","","","","","","","","","","","","","","","",""
"2026-09-25 17:23:02","git-master-bddc7a050319718b5e4e0856afec0bc9ea96418f","C:\Users\marco\Desktop\ds004507\derivatives\labels\sub-011\ses-headUp\anat\sub-011_ses-headUp_T2w_seg-manual.nii.gz","602","10","","","","","","","","","","","","","","","","","","","","","","","",""
"2026-09-25 17:23:02","git-master-bddc7a050319718b5e4e0856afec0bc9ea96418f","C:\Users\marco\Desktop\ds004507\derivatives\labels\sub-011\ses-headUp\anat\sub-011_ses-headUp_T2w_seg-manual.nii.gz","603","10","","","","","","","","","","","","","","","","","","","","","","","",""
"2026-09-25 17:23:02","git-master-bddc7a050319718b5e4e0856afec0bc9ea96418f","C:\Users\marco\Desktop\ds004507\derivatives\labels\sub-011\ses-headUp\anat\sub-011_ses-headUp_T2w_seg-manual.nii.gz","604","10","","","","","","","","","","","","","","","","","","","","","","","",""
"2026-09-25 17:23:02","git-master-bddc7a050319718b5e4e0856afec0bc9ea96418f","C:\Users\marco\Desktop\ds004507\derivatives\labels\sub-011\ses-headUp\anat\sub-011_ses-headUp_T2w_seg-manual.nii.gz","605","10","","","","","","","","","","","","","","","","","","","","","","","",""
"2026-09-25 17:23:02","git-master-bddc7a050319718b5e4e0856afec0bc9ea96418f","C:\Users\marco\Desktop\ds004507\derivatives\labels\sub-011\ses-headUp\anat\sub-011_ses-headUp_T2w_seg-manual.nii.gz","606","10","","","","","","","","","","","","","","","","","","","","","","","",""
"2026-09-25 17:23:02","git-master-bddc7a050319718b5e4e0856afec0bc9ea96418f","C:\Users\marco\Desktop\ds004507\derivatives\labels\sub-011\ses-headUp\anat\sub-011_ses-headUp_T2w_seg-manual.nii.gz","607","10","","","","","","","","","","","","","","","","","","","","","","","",""
"2026-09-25 17:23:02","git-master-bddc7a050319718b5e4e0856afec0bc9ea96418f","C:\Users\marco\Desktop\ds004507\derivatives\labels\sub-011\ses-headUp\anat\sub-011_ses-headUp_T2w_seg-manual.nii.gz","608","10","","","","","","","","","","","","","","","","","","","","","","","",""
"2026-09-25 17:23:02","git-master-bddc7a050319718b5e4e0856afec0bc9ea96418f","C:\Users\marco\Desktop\ds004507\derivatives\labels\sub-011\ses-headUp\anat\sub-011_ses-headUp_T2w_seg-manual.nii.gz","609","10","","","","","","","","","","","","","","","","","","","","","","","",""
"2026-09-25 17:23:02","git-master-bddc7a050319718b5e4e0856afec0bc9ea96418f","C:\Users\marco\Desktop\ds004507\derivatives\labels\sub-011\ses-headUp\anat\sub-011_ses-headUp_T2w_seg-manual.nii.gz","610","10","","","","","","","","","","","","","","","","","","","","","","","",""
"2026-09-25 17:23:02","git-master-bddc7a050319718b5e4e0856afec0bc9ea96418f","C:\Users\marco\Desktop\ds004507\derivatives\labels\sub-011\ses-headUp\anat\sub-011_ses-headUp_T2w_seg-manual.nii.gz","611","10","","","","","","","","","","","","","","","","","","","","","","","",""
"2026-09-25 17:23:02","git-master-bddc7a050319718b5e4e0856afec0bc9ea96418f","C:\Users\marco\Desktop\ds004507\derivatives\labels\sub-011\ses-headUp\anat\sub-011_ses-headUp_T2w_seg-manual.nii.gz","612","10","","","","","","","","","","","","","","","","","","","","","","","",""
"2026-09-25 17:23:02","git-master-bddc7a050319718b5e4e0856afec0bc9ea96418f","C:\Users\marco\Desktop\ds004507\derivatives\labels\sub-011\ses-headUp\anat\sub-011_ses-headUp_T2w_seg-manual.nii.gz","613","10","","","","","","","","","","","","","","","","","","","","","","","",""
"2026-09-25 17:23:02","git-master-bddc7a050319718b5e4e0856afec0bc9ea96418f","C:\Users\marco\Desktop\ds004507\derivatives\labels\sub-011\ses-headUp\anat\sub-011_ses-headUp_T2w_seg-manual.nii.gz","614","10","","","","","","","","","","","","","","","","","","","","","","","",""
"2026-09-25 17:23:02","git-master-bddc7a050319718b5e4e0856afec0bc9ea96418f","C:\Users\marco\Desktop\ds004507\derivatives\labels\sub-011\ses-headUp\anat\sub-011_ses-headUp_T2w_seg-manual.nii.gz","615","10","","","","","","","","","","","","","","","","","","","","","","","",""
"2026-09-25 17:23:02","git-master-bddc7a050319718b5e4e0856afec0bc9ea96418f","C:\Users\marco\Desktop\ds004507\derivatives\labels\sub-011\ses-headUp\anat\sub-011_ses-headUp_T2w_seg-manual.nii.gz","616","10","","","","","","","","","","","","","","","","","","","","","","","",""
"2026-09-25 17:23:02","git-master-bddc7a050319718b5e4e0856afec0bc9ea96418f","C:\Users\marco\Desktop\ds004507\derivatives\labels\sub-011\ses-headUp\anat\sub-011_ses-headUp_T2w_seg-manual.nii.gz","617","10","","","","","","","","","","","","","","","","","","","","","","","",""
"2026-09-25 17:23:02","git-master-bddc7a050319718b5e4e0856afec0bc9ea96418f","C:\Users\marco\Desktop\ds004507\derivatives\labels\sub-011\ses-headUp\anat\sub-011_ses-headUp_T2w_seg-manual.nii.gz","618","10","","","","","","","","","","","","","","","","","","","","","","","",""
"2026-09-25 17:23:02","git-master-bddc7a050319718b5e4e0856afec0bc9ea96418f","C:\Users\marco\Desktop\ds004507\derivatives\labels\sub-011\ses-headUp\anat\sub-011_ses-headUp_T2w_seg-manual.nii.gz","619","10","","","","","","","","","","","","","","","","","","","","","","","",""
"2026-09-25 17:23:02","git-master-bddc7a050319718b5e4e0856afec0bc9ea96418f","C:\Users\marco\Desktop\ds004507\derivatives\labels\sub-011\ses-headUp\anat\sub-011_ses-headUp_T2w_seg-manual.nii.gz","620","10","","","","","","","","","","","","","","","","","","","","","","","",""
"2026-09-25 17:23:02","git-master-bddc7a050319718b5e4e0856afec0bc9ea96418f","C:\Users\marco\Desktop\ds004507\derivatives\labels\sub-011\ses-headUp\anat\sub-011_ses-headUp_T2w_seg-manual.nii.gz","621","10","","","","","","","","","","","","","","","","","","","","","","","",""
"2026-09-25 17:23:02","git-master-bddc7a050319718b5e4e0856afec0bc9ea96418f","C:\Users\marco\Desktop\ds004507\derivatives\labels\sub-011\ses-headUp\anat\sub-011_ses-headUp_T2w_seg-manual.nii.gz","622","10","","","","","","","","","","","","","","","","","","","","","","","",""
"2026-09-25 17:23:02","git-master-bddc7a050319718b5e4e0856afec0bc9ea96418f","C:\Users\marco\Desktop\ds004507\derivatives\labels\sub-011\ses-headUp\anat\sub-011_ses-headUp_T2w_seg-manual.nii.gz","623","10","","","","","","","","","","","","","","","","","","","","","","","",""
"2026-09-25 17:23:02","git-master-bddc7a050319718b5e4e0856afec0bc9ea96418f","C:\Users\marco\Desktop\ds004507\derivatives\labels\sub-011\ses-headUp\anat\sub-011_ses-headUp_T2w_seg-manual.nii.gz","624","10","","","","","","","","","","","","","","","","","","","","","","","",""
"2026-09-25 17:23:02","git-master-bddc7a050319718b5e4e0856afec0bc9ea96418f","C:\Users\marco\Desktop\ds004507\derivatives\labels\sub-011\ses-headUp\anat\sub-011_ses-headUp_T2w_seg-manual.nii.gz","625","10","","","","","","","","","","","","","","","","","","","","","","","",""
"2026-09-25 17:23:02","git-master-bddc7a050319718b5e4e0856afec0bc9ea96418f","C:\Users\marco\Desktop\ds004507\derivatives\labels\sub-011\ses-headUp\anat\sub-011_ses-headUp_T2w_seg-manual.nii.gz","626","10","","","","","","","","","","","","","","","","","","","","","","","",""
"2026-09-25 17:23:02","git-master-bddc7a050319718b5e4e0856afec0bc9ea96418f","C:\Users\marco\Desktop\ds004507\derivatives\labels\sub-011\ses-headUp\anat\sub-011_ses-headUp_T2w_seg-manual.nii.gz","627","10","","","","","","","","","","","","","","","","","","","","","","","",""
"2026-09-25 17:23:02","git-master-bddc7a050319718b5e4e0856afec0bc9ea96418f","C:\Users\marco\Desktop\ds004507\derivatives\labels\sub-011\ses-headUp\anat\sub-011_ses-headUp_T2w_seg-manual.nii.gz","628","10","","","","","","","","","","","","","","","","","","","","","","","",""
"2026-09-25 17:23:02","git-master-bddc7a050319718b5e4e0856afec0bc9ea96418f","C:\Users\marco\Desktop\ds004507\derivatives\labels\sub-011\ses-headUp\anat\sub-011_ses-headUp_T2w_seg-manual.nii.gz","629","10","","","","","","","","","","","","","","","","","","","","","","","",""
"2026-09-25 17:23:02","git-master-bddc7a050319718b5e4e0856afec0bc9ea96418f","C:\Users\marco\Desktop\ds004507\derivatives\labels\sub-011\ses-headUp\anat\sub-011_ses-headUp_T2w_seg-manual.nii.gz","630","10","","","","","","","","","","","","","","","","","","","","","","","",""
"2026-09-25 17:23:02","git-master-bddc7a050319718b5e4e0856afec0bc9ea96418f","C:\Users\marco\Desktop\ds004507\derivatives\labels\sub-011\ses-headUp\anat\sub-011_ses-headUp_T2w_seg-manual.nii.gz","631","10","","","","","","","","","","","","","","","","","","","","","","","",""
"2026-09-25 17:23:02","git-master-bddc7a050319718b5e4e0856afec0bc9ea96418f","C:\Users\marco\Desktop\ds004507\derivatives\labels\sub-011\ses-headUp\anat\sub-011_ses-headUp_T2w_seg-manual.nii.gz","632","10","","","","","","","","","","","","","","","","","","","","","","","",""
"2026-09-25 17:23:02","git-master-bddc7a050319718b5e4e0856afec0bc9ea96418f","C:\Users\marco\Desktop\ds004507\derivatives\labels\sub-011\ses-headUp\anat\sub-011_ses-headUp_T2w_seg-manual.nii.gz","633","10","","","","","","","","","","","","","","","","","","","","","","","",""
"2026-09-25 17:23:02","git-master-bddc7a050319718b5e4e0856afec0bc9ea96418f","C:\Users\marco\Desktop\ds004507\derivatives\labels\sub-011\ses-headUp\anat\sub-011_ses-headUp_T2w_seg-manual.nii.gz","634","10","","","","","","","","","","","","","","","","","","","","","","","",""
"2026-09-25 17:23:02","git-master-bddc7a050319718b5e4e0856afec0bc9ea96418f","C:\Users\marco\Desktop\ds004507\derivatives\labels\sub-011\ses-headUp\anat\sub-011_ses-headUp_T2w_seg-manual.nii.gz","635","10","","","","","","","","","","","","","","","","","","","","","","","",""
"2026-09-25 17:23:02","git-master-bddc7a050319718b5e4e0856afec0bc9ea96418f","C:\Users\marco\Desktop\ds004507\derivatives\labels\sub-011\ses-headUp\anat\sub-011_ses-headUp_T2w_seg-manual.nii.gz","636","10","","","","","","","","","","","","","","","","","","","","","","","",""
"2026-09-25 17:23:02","git-master-bddc7a050319718b5e4e0856afec0bc9ea96418f","C:\Users\marco\Desktop\ds004507\derivatives\labels\sub-011\ses-headUp\anat\sub-011_ses-headUp_T2w_seg-manual.nii.gz","637","10","","","","","","","","","","","","","","","","","","","","","","","",""
"2026-09-25 17:23:02","git-master-bddc7a050319718b5e4e0856afec0bc9ea96418f","C:\Users\marco\Desktop\ds004507\derivatives\labels\sub-011\ses-headUp\anat\sub-011_ses-headUp_T2w_seg-manual.nii.gz","638","10","","","","","","","","","","","","","","","","","","","","","","","",""
"2026-09-25 17:23:02","git-master-bddc7a050319718b5e4e0856afec0bc9ea96418f","C:\Users\marco\Desktop\ds004507\derivatives\labels\sub-011\ses-headUp\anat\sub-011_ses-headUp_T2w_seg-manual.nii.gz","639","10","","","","","","","","","","","","","","","","","","","","","","","",""
"2026-09-25 17:23:02","git-master-bddc7a050319718b5e4e0856afec0bc9ea96418f","C:\Users\marco\Desktop\ds004507\derivatives\labels\sub-011\ses-headUp\anat\sub-011_ses-headUp_T2w_seg-manual.nii.gz","640","10","","","","","","","","","","","","","","","","","","","","","","","",""
"2026-09-25 17:23:02","git-master-bddc7a050319718b5e4e0856afec0bc9ea96418f","C:\Users\marco\Desktop\ds004507\derivatives\labels\sub-011\ses-headUp\anat\sub-011_ses-headUp_T2w_seg-manual.nii.gz","641","10","","","","","","","","","","","","","","","","","","","","","","","",""
"2026-09-25 17:23:02","git-master-bddc7a050319718b5e4e0856afec0bc9ea96418f","C:\Users\marco\Desktop\ds004507\derivatives\labels\sub-011\ses-headUp\anat\sub-011_ses-headUp_T2w_seg-manual.nii.gz","642","10","","","","","","","","","","","","","","","","","","","","","","","",""
"2026-09-25 17:23:02","git-master-bddc7a050319718b5e4e0856afec0bc9ea96418f","C:\Users\marco\Desktop\ds004507\derivatives\labels\sub-011\ses-headUp\anat\sub-011_ses-headUp_T2w_seg-manual.nii.gz","643","10","","","","","","","","","","","","","","","","","","","","","","","",""
"2026-09-25 17:23:02","git-master-bddc7a050319718b5e4e0856afec0bc9ea96418f","C:\Users\marco\Desktop\ds004507\derivatives\labels\sub-011\ses-headUp\anat\sub-011_ses-headUp_T2w_seg-manual.nii.gz","644","10","","","","","","","","","","","","","","","","","","","","","","","",""
"2026-09-25 17:23:02","git-master-bddc7a050319718b5e4e0856afec0bc9ea96418f","C:\Users\marco\Desktop\ds004507\derivatives\labels\sub-011\ses-headUp\anat\sub-011_ses-headUp_T2w_seg-manual.nii.gz","645","10","","","","","","","","","","","","","","","","","","","","","","","",""
"2026-09-25 17:23:02","git-master-bddc7a050319718b5e4e0856afec0bc9ea96418f","C:\Users\marco\Desktop\ds004507\derivatives\labels\sub-011\ses-headUp\anat\sub-011_ses-headUp_T2w_seg-manual.nii.gz","646","10","",34.04164383821493,0.0,3.232735944241362,0.0,25.02692981583624,0.0,5.067900652472049,0.0,5.262899697898146,0.0,8.317790037522185,0.0,2.5022458511612564,0.0,2.5656548013107923,0.0,0.7743740177265384,0.0,3.320789157137475,0.0,0.9542027366657359,0.0,""
"2026-09-25 17:23:02","git-master-bddc7a050319718b5e4e0856afec0bc9ea96418f","C:\Users\marco\Desktop\ds004507\derivatives\labels\sub-011\ses-headUp\anat\sub-011_ses-headUp_T2w_seg-manual.nii.gz","647","9","",36.98615535800351,0.0,4.556329164987161,0.0,24.875898223586972,0.0,5.4231347011022635,0.0,5.620642168248447,0.0,8.508929476284735,0.0,2.811358620971386,0.0,2.6117760801308774,0.0,0.7507749430421906,0.0,5.850257319587366,0.0,0.9620449264136328,0.0,""
"2026-09-25 17:23:02","git-master-bddc7a050319718b5e4e0856afec0bc9ea96418f","C:\Users\marco\Desktop\ds004507\derivatives\labels\sub-011\ses-headUp\anat\sub-011_ses-headUp_T2w_seg-manual.nii.gz","648","9","",39.27889773291174,0.0,5.118317440147687,0.0,24.78270118051865,0.0,5.530464684810926,0.0,5.719178780046385,0.0,8.819980610388765,0.0,2.723134081956042,0.0,2.807330602854884,0.0,0.7609843363660297,0.0,5.2099788260629945,0.0,0.9507526779558085,0.0,""
"2026-09-25 17:23:02","git-master-bddc7a050319718b5e4e0856afec0bc9ea96418f","C:\Users\marco\Desktop\ds004507\derivatives\labels\sub-011\ses-headUp\anat\sub-011_ses-headUp_T2w_seg-manual.nii.gz","649","9","",42.531499131213835,0.0,5.550731586021291,0.0,24.691371395868803,0.0,5.851958305109196,0.0,5.97746115995694,0.0,9.093679904935843,0.0,2.8291645526730025,0.0,3.022793752436194,0.0,0.7533211922948949,0.0,3.550688843451413,0.0,0.9508015287638918,0.0,""
"2026-09-25 17:23:02","git-master-bddc7a050319718b5e4e0856afec0bc9ea96418f","C:\Users\marco\Desktop\ds004507\derivatives\labels\sub-011\ses-headUp\anat\sub-011_ses-headUp_T2w_seg-manual.nii.gz","650","9","",46.9654654813853,0.0,5.823669880464835,0.0,24.60233977542632,0.0,6.4370379396716,0.0,6.432353716006103,0.0,9.321407704643601,0.0,3.1742781122912618,0.0,3.262759827380338,0.0,0.7236610791222537,0.0,0.6372308742709576,0.0,0.9648086555915535,0.0,""
"2026-09-25 17:23:02","git-master-bddc7a050319718b5e4e0856afec0bc9ea96418f","C:\Users\marco\Desktop\ds004507\derivatives\labels\sub-011\ses-headUp\anat\sub-011_ses-headUp_T2w_seg-manual.nii.gz","651","9","",46.4662491987137,0.0,5.838520749771198,0.0,24.517069084115427,0.0,6.422881785644951,0.0,6.474764240176055,0.0,9.164442521976998,0.0,3.1196122532905144,0.0,3.3032695323544368,0.0,0.7073291003367376,0.0,0.09359329392306656,0.0,0.9675438871527959,0.0,""
"2026-09-25 17:23:02","git-master-bddc7a050319718b5e4e0856afec0bc9ea96418f","C:\Users\marco\Desktop\ds004507\derivatives\labels\sub-011\ses-headUp\anat\sub-011_ses-headUp_T2w_seg-manual.nii.gz","652","9","",46.500506330322196,0.0,5.72430420483142,0.0,24.43368848947495,0.0,6.411303836991747,0.0,6.528150365784964,0.0,9.083263006406979,0.0,3.104516832813263,0.0,3.306787004178484,0.0,0.6953382802739241,0.0,-0.3434698808324702,0.0,0.966167992621744,0.0,""
"2026-09-25 17:23:02","git-master-bddc7a050319718b5e4e0856afec0bc9ea96418f","C:\Users\marco\Desktop\ds004507\derivatives\labels\sub-011\ses-headUp\anat\sub-011_ses-headUp_T2w_seg-manual.nii.gz","653","9","",48.629868372416965,0.0,5.421440277565584,0.0,24.353074567121723,0.0,6.535995401431072,0.0,6.692818887270643,0.0,9.230412796764082,0.0,3.2522491949971277,0.0,3.283746206433944,0.0,0.6886737246301452,0.0,-1.0975792317450568,0.0,0.9594521047852784,0.0,""
"2026-09-25 17:23:02","git-master-bddc7a050319718b5e4e0856afec0bc9ea96418f","C:\Users\marco\Desktop\ds004507\derivatives\labels\sub-011\ses-headUp\anat\sub-011_ses-headUp_T2w_seg-manual.nii.gz","654","9","",49.59460690983579,0.0,5.051697223013892,0.0,24.275830724396414,0.0,6.454123517978552,0.0,6.645203638185076,0.0,9.507735021496071,0.0,3.200833467590756,0.0,3.2532900503877955,0.0,0.7135991472328652,0.0,1.6752906330892714,0.0,0.9469711515935707,0.0,""
"2026-09-25 17:23:02","git-master-bddc7a050319718b5e4e0856afec0bc9ea96418f","C:\Users\marco\Desktop\ds004507\derivatives\labels\sub-011\ses-headUp\anat\sub-011_ses-headUp_T2w_seg-manual.nii.gz","655","9","",49.634860741428064,0.0,4.693576253253378,0.0,24.200497721213896,0.0,6.3671831475969665,0.0,6.558392017690804,0.0,9.663732758239512,0.0,3.1537225199553665,0.0,3.2134606276416005,0.0,0.7340775711807268,0.0,4.570268038493937,0.0,0.9407056296018188,0.0,""
"2026-09-25 17:23:02","git-master-bddc7a050319718b5e4e0856afec0bc9ea96418f","C:\Users\marco\Desktop\ds004507\derivatives\labels\sub-011\ses-headUp\anat\sub-011_ses-headUp_T2w_seg-manual.nii.gz","656","9","",47.72443781195818,0.0,4.426814412101989,0.0,24.12840716708584,0.0,6.4336696140825635,0.0,6.522438122554295,0.0,9.331699735605994,0.0,3.2834175747425087,0.0,3.150252039340055,0.0,0.7146798557006615,0.0,4.957327177128403,0.0,0.958700957386897,0.0,""
"2026-09-25 17:23:02","git-master-bddc7a050319718b5e4e0856afec0bc9ea96418f","C:\Users\marco\Desktop\ds004507\derivatives\labels\sub-011\ses-headUp\anat\sub-011_ses-headUp_T2w_seg-manual.nii.gz","657","9","",45.38337627897831,0.0,4.243418852862874,0.0,24.059280436827535,0.0,6.2879981276931565,0.0,6.383190410622347,0.0,9.041761591746223,0.0,3.2234880729086828,0.0,3.0645100547844737,0.0,0.7082328099957775,0.0,3.2156687534622916,0.0,0.9638827372482731,0.0,""
"2026-09-25 17:23:02","git-master-bddc7a050319718b5e4e0856afec0bc9ea96418f","C:\Users\marco\Desktop\ds004507\derivatives\labels\sub-011\ses-headUp\anat\sub-011_ses-headUp_T2w_seg-manual.nii.gz","658","9","",43.12684653913435,0.0,4.114241925102005,0.0,23.992083215160573,0.0,6.082377978650737,0.0,6.234069963658598,0.0,8.779944020419627,0.0,3.095526639972873,0.0,2.9868513386778632,0.0,0.7038402958285912,0.0,0.4474457817445395,0.0,0.9644125065955856,0.0,""
"2026-09-25 17:23:02","git-master-bddc7a050319718b5e4e0856afec0bc9ea96418f","C:\Users\marco\Desktop\ds004507\derivatives\labels\sub-011\ses-headUp\anat\sub-011_ses-headUp_T2w_seg-manual.nii.gz","659","9","",42.609811578761736,0.0,4.089463776201915,0.0,23.928609667555826,0.0,6.098772930487933,0.0,6.313758782483269,0.0,8.575488180874231,0.0,3.075684703146139,0.0,3.0230882273417947,0.0,0.6758648450293168,0.0,-2.749787471325614,0.0,0.9719053137654129,0.0,""
"2026-09-25 17:23:02","git-master-bddc7a050319718b5e4e0856afec0bc9ea96418f","C:\Users\marco\Desktop\ds004507\derivatives\labels\sub-011\ses-headUp\anat\sub-011_ses-headUp_T2w_seg-manual.nii.gz","660","9","",43.40737204775894,0.0,4.101857905353032,0.0,23.867680198479846,0.0,6.255126661855589,0.0,6.407228459391907,0.0,8.606975921997684,0.0,3.146914446543178,0.0,3.10821221531241,0.0,0.6676100264655599,0.0,-0.6197673822756484,0.0,0.9712327561594881,0.0,""
"2026-09-25 17:23:02","git-master-bddc7a050319718b5e4e0856afec0bc9ea96418f","C:\Users\marco\Desktop\ds004507\derivatives\labels\sub-011\ses-headUp\anat\sub-011_ses-headUp_T2w_seg-manual.nii.gz","661","9","",45.00289982167127,0.0,4.140686666052686,0.0,23.808696855200814,0.0,6.48726063861821,0.0,6.498151760445963,0.0,8.79786828611533,0.0,3.269685055627867,0.0,3.2175755829903436,0.0,0.6740769841317131,0.0,4.950190515542585,0.0,0.9647542165653398,0.0,""
"2026-09-25 17:23:02","git-master-bddc7a050319718b5e4e0856afec0bc9ea96418f","C:\Users\marco\Desktop\ds004507\derivatives\labels\sub-011\ses-headUp\anat\sub-011_ses-headUp_T2w_seg-manual.nii.gz","662","9","",42.958920117427375,0.0,4.184985967452131,0.0,23.75392207037365,0.0,6.074997373367349,0.0,6.245401930735737,0.0,8.788734617321355,0.0,3.035594930132166,0.0,3.039402443235183,0.0,0.7029811802862923,0.0,1.5468115910866898,0.0,0.9570942145157955,0.0,""
"2026-09-25 17:23:02","git-master-bddc7a050319718b5e4e0856afec0bc9ea96418f","C:\Users\marco\Desktop\ds004507\derivatives\labels\sub-011\ses-headUp\anat\sub-011_ses-headUp_T2w_seg-manual.nii.gz","663","9","",42.30700245393881,0.0,4.232019038765576,0.0,23.701260014563854,0.0,5.920764780171702,0.0,6.10261602685385,0.0,8.884057198968865,0.0,2.915551987013257,0.0,3.005212793158444,0.0,0.7262944045618462,0.0,1.9214428911620087,0.0,0.955347060018746,0.0,""
"2026-09-25 17:23:02","git-master-bddc7a050319718b5e4e0856afec0bc9ea96418f","C:\Users\marco\Desktop\ds004507\derivatives\labels\sub-011\ses-headUp\anat\sub-011_ses-headUp_T2w_seg-manual.nii.gz","664","9","",43.14657983411665,0.0,4.281981149272593,0.0,23.650861596986957,0.0,6.042993621320925,0.0,6.077648614930899,0.0,9.091297191803681,0.0,2.917702453583769,0.0,3.1252911677371564,0.0,0.7436173018241587,0.0,6.343942288949348,0.0,0.959935099327941,0.0,""
"2026-09-25 17:23:02","git-master-bddc7a050319718b5e4e0856afec0bc9ea96418f","C:\Users\marco\Desktop\ds004507\derivatives\labels\sub-011\ses-headUp\anat\sub-011_ses-headUp_T2w_seg-manual.nii.gz","665","9","",42.87004448556051,0.0,4.337212176565393,0.0,23.604552670888303,0.0,6.062358812985382,0.0,6.080330253462286,0.0,9.020898136203462,0.0,3.0654916881745713,0.0,2.996867124810811,0.0,0.7386296782140208,0.0,2.9209932812679327,0.0,0.9602523678504246,0.0,""
"2026-09-25 17:23:02","git-master-bddc7a050319718b5e4e0856afec0bc9ea96418f","C:\Users\marco\Desktop\ds004507\derivatives\labels\sub-011\ses-headUp\anat\sub-011_ses-headUp_T2w_seg-manual.nii.gz","666","9","",43.60934281327486,0.0,4.394978522845391,0.0,23.560218298727115,0.0,6.185994129725347,0.0,6.227916709447698,0.0,8.945752031255033,0.0,3.1918188019005194,0.0,2.994175327824828,0.0,0.7163647641964812,0.0,1.9410807408281563,0.0,0.9607800075231628,0.0,""
"2026-09-25 17:23:02","git-master-bddc7a050319718b5e4e0856afec0bc9ea96418f","C:\Users\marco\Desktop\ds004507\derivatives\labels\sub-011\ses-headUp\anat\sub-011_ses-headUp_T2w_seg-manual.nii.gz","667","9","",46.14620082079348,0.0,4.456254916342529,0.0,23.518619318890472,0.0,6.4927216086476305,0.0,6.60926873939372,0.0,8.896491245365297,0.0,3.2653728974815186,0.0,3.227348711166112,0.0,0.6685322259816724,0.0,5.909827680780004,0.0,0.9621695600825859,0.0,""
"2026-09-25 17:23:02","git-master-bddc7a050319718b5e4e0856afec0bc9ea96418f","C:\Users\marco\Desktop\ds004507\derivatives\labels\sub-011\ses-headUp\anat\sub-011_ses-headUp_T2w_seg-manual.nii.gz","668","9","",46.59259676206712,0.0,4.522207484955589,0.0,23.480678425382155,0.0,6.604692033705358,0.0,6.7605795711262155,0.0,8.81984024119773,0.0,3.358795554061257,0.0,3.245896479644101,0.0,0.6416933487043629,0.0,2.6711609872296096,0.0,0.9480938884310274,0.0,""
"2026-09-25 17:23:02","git-master-bddc7a050319718b5e4e0856afec0bc9ea96418f","C:\Users\marco\Desktop\ds004507\derivatives\labels\sub-011\ses-headUp\anat\sub-011_ses-headUp_T2w_seg-manual.nii.gz","669","9","",46.25066383905402,0.0,4.590691517806433,0.0,23.44472223293824,0.0,6.610665181308672,0.0,6.768589562780964,0.0,8.774684703666926,0.0,3.4028063862170845,0.0,3.2078587950915876,0.0,0.6356336584297353,0.0,-0.19889935841871098,0.0,0.9392450752511027,0.0,""
"2026-09-25 17:23:02","git-master-bddc7a050319718b5e4e0856afec0bc9ea96418f","C:\Users\marco\Desktop\ds004507\derivatives\labels\sub-011\ses-headUp\anat\sub-011_ses-headUp_T2w_seg-manual.nii.gz","670","9","",44.98258908976595,0.0,4.663263361014941,0.0,23.41197536482757,0.0,6.444903239426331,0.0,6.526238629504645,0.0,8.827183791678321,0.0,3.3062455599639615,0.0,3.1386576794623697,0.0,0.6726384257119529,0.0,1.8401862899974804,0.0,0.9525743100495977,0.0,""
"2026-09-25 17:23:02","git-master-bddc7a050319718b5e4e0856afec0bc9ea96418f","C:\Users\marco\Desktop\ds004507\derivatives\labels\sub-011\ses-headUp\anat\sub-011_ses-headUp_T2w_seg-manual.nii.gz","671","9","",45.56411980400805,0.0,4.739918697578343,0.0,23.382445288972548,0.0,6.418398399837095,0.0,6.530909570341888,0.0,8.931528396372528,0.0,3.3521109852184,0.0,3.0662874146186945,0.0,0.6821492799704814,0.0,1.0834527558172597,0.0,0.9523162468490107,0.0,""
"2026-09-25 17:23:02","git-master-bddc7a050319718b5e4e0856afec0bc9ea96418f","C:\Users\marco\Desktop\ds004507\derivatives\labels\sub-011\ses-headUp\anat\sub-011_ses-headUp_T2w_seg-manual.nii.gz","672","9","",46.48135057383783,0.0,4.8191007617201285,0.0,23.35490809436846,0.0,6.4365396714121825,0.0,6.624835731211272,0.0,8.990019857653259,0.0,3.423408418345084,0.0,3.0131312530670984,0.0,0.6754025342812813,0.0,-0.3413904263129404,0.0,0.9497977384255641,0.0,""
"2026-09-25 17:23:02","git-master-bddc7a050319718b5e4e0856afec0bc9ea96418f","C:\Users\marco\Desktop\ds004507\derivatives\labels\sub-011\ses-headUp\anat\sub-011_ses-headUp_T2w_seg-manual.nii.gz","673","9","",45.62780590574766,0.0,4.902944158960637,0.0,23.331054595358516,0.0,6.414340718097212,0.0,6.695489806998709,0.0,8.733613000043583,0.0,3.356342915073292,0.0,3.05799780302392,0.0,0.6408938926577304,0.0,0.13919515814465183,0.0,0.9612744378449977,0.0,""
"2026-09-25 17:23:02","git-master-bddc7a050319718b5e4e0856afec0bc9ea96418f","C:\Users\marco\Desktop\ds004507\derivatives\labels\sub-011\ses-headUp\anat\sub-011_ses-headUp_T2w_seg-manual.nii.gz","674","9","",44.645649198971036,0.0,4.985750090937416,0.0,23.30896972068779,0.0,6.295858241400517,0.0,6.62177486020753,0.0,8.656434437423007,0.0,3.2147342980162557,0.0,3.081123943384262,0.0,0.6435330866485959,0.0,-0.23734658173179612,0.0,0.9626043801866054,0.0,""
"2026-09-25 17:23:02","git-master-bddc7a050319718b5e4e0856afec0bc9ea96418f","C:\Users\marco\Desktop\ds004507\derivatives\labels\sub-011\ses-headUp\anat\sub-011_ses-headUp_T2w_seg-manual.nii.gz","675","9","",43.79106909011036,0.0,5.067303792057147,0.0,23.288051448459882,0.0,6.146172202305413,0.0,6.481614315464013,0.0,8.695105592287552,0.0,3.054215062076931,0.0,3.0919571402284833,0.0,0.6665839930545765,0.0,-1.235596230495948,0.0,0.9579950962400252,0.0,""
"2026-09-25 17:23:02","git-master-bddc7a050319718b5e4e0856afec0bc9ea96418f","C:\Users\marco\Desktop\ds004507\derivatives\labels\sub-011\ses-headUp\anat\sub-011_ses-headUp_T2w_seg-manual.nii.gz","676","9","",45.71982237227823,0.0,5.140511465032528,0.0,23.268291158411454,0.0,6.369577138731,0.0,6.635482634637482,0.0,8.81911449954119,0.0,3.2533831599549643,0.0,3.1161939787760353,0.0,0.6587233732456778,0.0,-3.555602223488205,0.0,0.9569170032949692,0.0,""
"2026-09-25 17:23:02","git-master-bddc7a050319718b5e4e0856afec0bc9ea96418f","C:\Users\marco\Desktop\ds004507\derivatives\labels\sub-011\ses-headUp\anat\sub-011_ses-headUp_T2w_seg-manual.nii.gz","677","9","",45.105479458733164,0.0,5.209087082935076,0.0,23.24917509006908,0.0,6.39419656618499,0.0,6.575592883954425,0.0,8.750619965458844,0.0,3.278238389685678,0.0,3.115958176499312,0.0,0.6598779603702771,0.0,-5.446862474224543,0.0,0.9606852859751893,0.0,""
"2026-09-25 17:23:02","git-master-bddc7a050319718b5e4e0856afec0bc9ea96418f","C:\Users\marco\Desktop\ds004507\derivatives\labels\sub-011\ses-headUp\anat\sub-011_ses-headUp_T2w_seg-manual.nii.gz","678","9","",42.11758009585603,0.0,5.273339449436313,0.0,23.230660295319023,0.0,6.233282851932158,0.0,6.316195601405276,0.0,8.50245555279625,0.0,3.140401609145559,0.0,3.092881242786598,0.0,0.6694467406328078,0.0,-6.937960032188688,0.0,0.9689768525723337,0.0,""
"2026-09-25 17:23:02","git-master-bddc7a050319718b5e4e0856afec0bc9ea96418f","C:\Users\marco\Desktop\ds004507\derivatives\labels\sub-011\ses-headUp\anat\sub-011_ses-headUp_T2w_seg-manual.nii.gz","679","9","",42.44124359162878,0.0,5.328953170016687,0.0,23.213349616761416,0.0,6.017166220229013,0.0,6.255572573504532,0.0,8.692666289740778,0.0,2.9855653737023515,0.0,3.0316008465266626,0.0,0.6935529534132797,0.0,0.11636429559575845,0.0,0.9667432005959652,0.0,""
"2026-09-25 17:23:02","git-master-bddc7a050319718b5e4e0856afec0bc9ea96418f","C:\Users\marco\Desktop\ds004507\derivatives\labels\sub-011\ses-headUp\anat\sub-011_ses-headUp_T2w_seg-manual.nii.gz","680","9","",43.04410903483512,0.0,5.38055907747002,0.0,23.196598618508624,0.0,5.982800952422978,0.0,6.3304772331763735,0.0,8.721511649109186,0.0,2.9617195287393674,0.0,3.021081423683611,0.0,0.6853984229952148,0.0,3.168934868254575,0.0,0.9646547726327602,0.0,""
"2026-09-25 17:23:02","git-master-bddc7a050319718b5e4e0856afec0bc9ea96418f","C:\Users\marco\Desktop\ds004507\derivatives\labels\sub-011\ses-headUp\anat\sub-011_ses-headUp_T2w_seg-manual.nii.gz","681","9","",43.87496125893827,0.0,5.4269243240072305,0.0,23.1805795781422,0.0,6.208709788223128,0.0,6.587322419501572,0.0,8.499576361842017,0.0,3.124303495091677,0.0,3.0844062931314515,0.0,0.630805648186351,0.0,0.11999663288507456,0.0,0.9633046046279349,0.0,""
"2026-09-25 17:23:02","git-master-bddc7a050319718b5e4e0856afec0bc9ea96418f","C:\Users\marco\Desktop\ds004507\derivatives\labels\sub-011\ses-headUp\anat\sub-011_ses-headUp_T2w_seg-manual.nii.gz","682","9","",46.01375237773803,0.0,5.465588063994061,0.0,23.165638155580396,0.0,6.494028687187361,0.0,6.830011276078571,0.0,8.570247219226625,0.0,3.2903317228007563,0.0,3.2036969643866047,0.0,0.6038419520395065,0.0,-2.8488998708642277,0.0,0.9751766580388488,0.0,""
"2026-09-25 17:23:02","git-master-bddc7a050319718b5e4e0856afec0bc9ea96418f","C:\Users\marco\Desktop\ds004507\derivatives\labels\sub-011\ses-headUp\anat\sub-011_ses-headUp_T2w_seg-manual.nii.gz","683","9","",47.44237223393912,0.0,5.500248606192412,0.0,23.15125749516972,0.0,6.6856655249264,0.0,6.927204572069314,0.0,8.728118943195955,0.0,3.39089555866599,0.0,3.2947699662604104,0.0,0.6059694800273827,0.0,-2.314577604021339,0.0,0.978931518931519,0.0,""
"2026-09-25 17:23:02","git-master-bddc7a050319718b5e4e0856afec0bc9ea96418f","C:\Users\marco\Desktop\ds004507\derivatives\labels\sub-011\ses-headUp\anat\sub-011_ses-headUp_T2w_seg-manual.nii.gz","684","9","",46.82778878847324,0.0,5.5287514667453905,0.0,23.137739819875446,0.0,6.6479964263733375,0.0,6.706107761778844,0.0,8.975732630366261,0.0,3.344758341951382,0.0,3.3032380844219555,0.0,0.6629205003459199,0.0,5.976215981783695,0.0,0.9599469399469399,0.0,""
"2026-09-25 17:23:02","git-master-bddc7a050319718b5e4e0856afec0bc9ea96418f","C:\Users\marco\Desktop\ds004507\derivatives\labels\sub-011\ses-headUp\anat\sub-011_ses-headUp_T2w_seg-manual.nii.gz","685","9","",46.20981981432828,0.0,5.550483874817828,0.0,23.12517232424883,0.0,6.392018202673733,0.0,6.5232972874561375,0.0,9.108801538748388,0.0,3.2363430943360116,0.0,3.155675108337721,0.0,0.6971572378599358,0.0,4.910573422197643,0.0,0.9557258535519405,0.0,""
"2026-09-25 17:23:02","git-master-bddc7a050319718b5e4e0856afec0bc9ea96418f","C:\Users\marco\Desktop\ds004507\derivatives\labels\sub-011\ses-headUp\anat\sub-011_ses-headUp_T2w_seg-manual.nii.gz","686","9","",45.401275659204266,0.0,5.568216128734163,0.0,23.113166519955662,0.0,6.112043244528727,0.0,6.378512574184219,0.0,9.128253481666315,0.0,3.119003825268179,0.0,2.9930394192605476,0.0,0.7151033816806953,0.0,1.0868253623592266,0.0,0.9518147082453616,0.0,""
"2026-09-25 17:23:02","git-master-bddc7a050319718b5e4e0856afec0bc9ea96418f","C:\Users\marco\Desktop\ds004507\derivatives\labels\sub-011\ses-headUp\anat\sub-011_ses-headUp_T2w_seg-manual.nii.gz","687","9","",43.86632262939797,0.0,5.578872358759436,0.0,23.10215493451276,0.0,6.006351782741446,0.0,6.332795550312975,0.0,8.851883643220674,0.0,3.0434161328675926,0.0,2.9629356498738533,0.0,0.6983067915828192,0.0,-1.8976436347500016,0.0,0.931084683270741,0.0,""
"2026-09-25 17:23:02","git-master-bddc7a050319718b5e4e0856afec0bc9ea96418f","C:\Users\marco\Desktop\ds004507\derivatives\labels\sub-011\ses-headUp\anat\sub-011_ses-headUp_T2w_seg-manual.nii.gz","688","9","",43.06344190550868,0.0,5.583684163126736,0.0,23.091965289587815,0.0,6.036940847635424,0.0,6.356740163151662,0.0,8.640051915295423,0.0,3.0554586724309054,0.0,2.981482175204518,0.0,0.6765084751712267,0.0,-3.0108969869583695,0.0,0.9454917417513657,0.0,""
"2026-09-25 17:23:02","git-master-bddc7a050319718b5e4e0856afec0bc9ea96418f","C:\Users\marco\Desktop\ds004507\derivatives\labels\sub-011\ses-headUp\anat\sub-011_ses-headUp_T2w_seg-manual.nii.gz","689","9","",43.12860400805944,0.0,5.584497175353621,0.0,23.082338112994382,0.0,6.145604913285111,0.0,6.419222340641949,0.0,8.555882312509791,0.0,3.1116727383697373,0.0,3.0339321749153747,0.0,0.6598556192673198,0.0,-2.7964463813141953,0.0,0.9733583277512963,0.0,""
"2026-09-25 17:23:02","git-master-bddc7a050319718b5e4e0856afec0bc9ea96418f","C:\Users\marco\Desktop\ds004507\derivatives\labels\sub-011\ses-headUp\anat\sub-011_ses-headUp_T2w_seg-manual.nii.gz","690","9","",47.37752675487259,0.0,5.577312772733289,0.0,23.07383645957807,0.0,6.309288512903116,0.0,6.497941910997292,0.0,9.283733430490281,0.0,3.150989852008441,0.0,3.1582986608946757,0.0,0.7106116463873235,0.0,0.38940225073221857,0.0,0.9575997364911104,0.0,""
"2026-09-25 17:23:02","git-master-bddc7a050319718b5e4e0856afec0bc9ea96418f","C:\Users\marco\Desktop\ds004507\derivatives\labels\sub-011\ses-headUp\anat\sub-011_ses-headUp_T2w_seg-manual.nii.gz","691","9","",47.7566375099193,0.0,5.565206323721862,0.0,23.066027844384177,0.0,6.29586034067316,0.0,6.448921982106388,0.0,9.415905314111884,0.0,3.1341690565112685,0.0,3.1616912841618916,0.0,0.7283903713232687,0.0,1.1843183764448826,0.0,0.958698539695947,0.0,""
"2026-09-25 17:23:02","git-master-bddc7a050319718b5e4e0856afec0bc9ea96418f","C:\Users\marco\Desktop\ds004507\derivatives\labels\sub-011\ses-headUp\anat\sub-011_ses-headUp_T2w_seg-manual.nii.gz","692","9","",44.991526021655744,0.0,5.549100712017669,0.0,23.058782322745998,0.0,6.138528853816734,0.0,6.296113710077908,0.0,9.064087819816883,0.0,3.0717362098411956,0.0,3.0667926439755377,0.0,0.719375038234666,0.0,0.03660184076135565,0.0,0.9734939759036144,0.0,""
"2026-09-25 17:23:02","git-master-bddc7a050319718b5e4e0856afec0bc9ea96418f","C:\Users\marco\Desktop\ds004507\derivatives\labels\sub-011\ses-headUp\anat\sub-011_ses-headUp_T2w_seg-manual.nii.gz","693","8","",45.616166944746425,0.0,5.5102624759861,0.0,23.049489420713062,0.0,6.3449071463721305,0.0,6.563998520706676,0.0,8.849484743293786,0.0,3.168503511830184,0.0,3.1764036345419466,0.0,0.670689823166869,0.0,-5.740977897106675,0.0,0.9691252144082333,0.0,""
"2026-09-25 17:23:02","git-master-bddc7a050319718b5e4e0856afec0bc9ea96418f","C:\Users\marco\Desktop\ds004507\derivatives\labels\sub-011\ses-headUp\anat\sub-011_ses-headUp_T2w_seg-manual.nii.gz","694","8","",47.07462370068575,0.0,5.471371931306959,0.0,23.044070366351253,0.0,6.441968493308936,0.0,6.640903756510362,0.0,9.011812504078183,0.0,3.217677792587952,0.0,3.2242907007209847,0.0,0.6759430757730968,0.0,-4.037519788802184,0.0,0.9591327981126063,0.0,""
"2026-09-25 17:23:02","git-master-bddc7a050319718b5e4e0856afec0bc9ea96418f","C:\Users\marco\Desktop\ds004507\derivatives\labels\sub-011\ses-headUp\anat\sub-011_ses-headUp_T2w_seg-manual.nii.gz","695","8","",46.79729605197247,0.0,5.425881663542976,0.0,23.039580643434192,0.0,6.542355175258056,0.0,6.622213313984038,0.0,8.940032196619303,0.0,3.3336179088059406,0.0,3.208737266452115,0.0,0.6716402828853607,0.0,-3.0565873203490685,0.0,0.964839031217907,0.0,""
"2026-09-25 17:23:02","git-master-bddc7a050319718b5e4e0856afec0bc9ea96418f","C:\Users\marco\Desktop\ds004507\derivatives\labels\sub-011\ses-headUp\anat\sub-011_ses-headUp_T2w_seg-manual.nii.gz","696","8","",45.989447682486855,0.0,5.373789748731907,0.0,23.03602035240361,0.0,6.583226563251338,0.0,6.577024016499094,0.0,8.80544960705022,0.0,3.3878772089109432,0.0,3.195349354340394,0.0,0.6649063945477298,0.0,-1.73085103427286,0.0,0.9741049728756499,0.0,""
"2026-09-25 17:23:02","git-master-bddc7a050319718b5e4e0856afec0bc9ea96418f","C:\Users\marco\Desktop\ds004507\derivatives\labels\sub-011\ses-headUp\anat\sub-011_ses-headUp_T2w_seg-manual.nii.gz","697","8","",46.218436584035175,0.0,5.314433435508696,0.0,23.0334825714865,0.0,6.474145393391575,0.0,6.5955828188700885,0.0,8.832095619627715,0.0,3.201598224176574,0.0,3.272547169215001,0.0,0.6650774007189074,0.0,1.4091346106821985,0.0,0.9709664623558931,0.0,""
"2026-09-25 17:23:02","git-master-bddc7a050319718b5e4e0856afec0bc9ea96418f","C:\Users\marco\Desktop\ds004507\derivatives\labels\sub-011\ses-headUp\anat\sub-011_ses-headUp_T2w_seg-manual.nii.gz","698","8","",46.89291823831803,0.0,5.2454940026877,0.0,23.03229285120819,0.0,6.558135459364069,0.0,6.633080920082668,0.0,8.933464673808981,0.0,3.303534061889828,0.0,3.2546013974742407,0.0,0.6698110993632986,0.0,0.027805358694195093,0.0,0.9725226999099593,0.0,""
"2026-09-25 17:23:02","git-master-bddc7a050319718b5e4e0856afec0bc9ea96418f","C:\Users\marco\Desktop\ds004507\derivatives\labels\sub-011\ses-headUp\anat\sub-011_ses-headUp_T2w_seg-manual.nii.gz","699","8","",46.878533803808935,0.0,5.173271501540876,0.0,23.030600860661057,0.0,6.536452415446915,0.0,6.588923342711512,0.0,9.021756417147287,0.0,3.3027385910001237,0.0,3.233713824446791,0.0,0.682799305529142,0.0,-0.580237659768088,0.0,0.9734543552415182,0.0,""
"2026-09-25 17:23:02","git-master-bddc7a050319718b5e4e0856afec0bc9ea96418f","C:\Users\marco\Desktop\ds004507\derivatives\labels\sub-011\ses-headUp\anat\sub-011_ses-headUp_T2w_seg-manual.nii.gz","700","8","",46.02027471930467,0.0,5.099430468800992,0.0,23.027690502222455,0.0,6.397633559977375,0.0,6.462675478432601,0.0,9.058783611869028,0.0,3.1851378630240306,0.0,3.212495696953344,0.0,0.7006990541632301,0.0,-0.8896919905254469,0.0,0.9729061724443632,0.0,""
"2026-09-25 17:23:02","git-master-bddc7a050319718b5e4e0856afec0bc9ea96418f","C:\Users\marco\Desktop\ds004507\derivatives\labels\sub-011\ses-headUp\anat\sub-011_ses-headUp_T2w_seg-manual.nii.gz","701","8","",44.050572349074244,0.0,5.026533161234946,0.0,23.022076809981616,0.0,6.151844070220084,0.0,6.260404512873573,0.0,8.96518913757039,0.0,2.9706632074805044,0.0,3.1811808627395792,0.0,0.7157778230740981,0.0,-2.8623305733533746,0.0,0.9696325738482982,0.0,""
"2026-09-25 17:23:02","git-master-bddc7a050319718b5e4e0856afec0bc9ea96418f","C:\Users\marco\Desktop\ds004507\derivatives\labels\sub-011\ses-headUp\anat\sub-011_ses-headUp_T2w_seg-manual.nii.gz","702","8","",43.31503871117138,0.0,4.954698904997333,0.0,23.01342083795192,0.0,6.1790277384848435,0.0,6.294580787176315,0.0,8.763966722823486,0.0,3.0953501943691126,0.0,3.0836775441157305,0.0,0.6951265196657083,0.0,-2.7480595239902263,0.0,0.9541276371249052,0.0,""
"2026-09-25 17:23:02","git-master-bddc7a050319718b5e4e0856afec0bc9ea96418f","C:\Users\marco\Desktop\ds004507\derivatives\labels\sub-011\ses-headUp\anat\sub-011_ses-headUp_T2w_seg-manual.nii.gz","703","8","",43.311077170083315,0.0,4.883652868922302,0.0,23.002510336345303,0.0,6.254790465948724,0.0,6.3700187266274915,0.0,8.643080862550168,0.0,3.154533378436619,0.0,3.1002570875121047,0.0,0.6757619186759977,0.0,-1.2246114618356914,0.0,0.954476299608539,0.0,""
"2026-09-25 17:23:02","git-master-bddc7a050319718b5e4e0856afec0bc9ea96418f","C:\Users\marco\Desktop\ds004507\derivatives\labels\sub-011\ses-headUp\anat\sub-011_ses-headUp_T2w_seg-manual.nii.gz","704","8","",43.740913529680164,0.0,4.813395479226521,0.0,22.98934463053565,0.0,6.309691037433569,0.0,6.4229864316244125,0.0,8.64041294449666,0.0,3.103580025668973,0.0,3.206111011764596,0.0,0.6686435818107493,0.0,0.48672715864699523,0.0,0.9667897265425324,0.0,""
"2026-09-25 17:23:02","git-master-bddc7a050319718b5e4e0856afec0bc9ea96418f","C:\Users\marco\Desktop\ds004507\derivatives\labels\sub-011\ses-headUp\anat\sub-011_ses-headUp_T2w_seg-manual.nii.gz","705","8","",43.75142908532527,0.0,4.744164236703,0.0,22.973245492487937,0.0,6.216432765025418,0.0,6.328725750871874,0.0,8.783106332603685,0.0,3.0441977952012773,0.0,3.172234969824141,0.0,0.6931280918710686,0.0,-2.1874287427838874,0.0,0.9551998882810708,0.0,""
"2026-09-25 17:23:02","git-master-bddc7a050319718b5e4e0856afec0bc9ea96418f","C:\Users\marco\Desktop\ds004507\derivatives\labels\sub-011\ses-headUp\anat\sub-011_ses-headUp_T2w_seg-manual.nii.gz","706","8","",44.90378065238036,0.0,4.6759207902981235,0.0,22.95432301900286,0.0,6.1340129166184285,0.0,6.4252229001080305,0.0,8.905239083708073,0.0,3.0692242339782365,0.0,3.0647886826401924,0.0,0.6924149037459658,0.0,-1.7008151818111639,0.0,0.9713103243691313,0.0,""
"2026-09-25 17:23:02","git-master-bddc7a050319718b5e4e0856afec0bc9ea96418f","C:\Users\marco\Desktop\ds004507\derivatives\labels\sub-011\ses-headUp\anat\sub-011_ses-headUp_T2w_seg-manual.nii.gz","707","8","",46.15734613292913,0.0,4.608468180517511,0.0,22.933140019701657,0.0,6.181266334501965,0.0,6.530838409149209,0.0,9.022619562793341,0.0,3.156045193436092,0.0,3.025221141065873,0.0,0.6899597433545128,0.0,-0.9624012719701349,0.0,0.9724189703387888,0.0,""
"2026-09-25 17:23:02","git-master-bddc7a050319718b5e4e0856afec0bc9ea96418f","C:\Users\marco\Desktop\ds004507\derivatives\labels\sub-011\ses-headUp\anat\sub-011_ses-headUp_T2w_seg-manual.nii.gz","708","8","",47.19865346805416,0.0,4.541806787633936,0.0,22.909695229954803,0.0,6.3767986182147,0.0,6.6029773360865684,0.0,9.125596189857568,0.0,3.2809611811539514,0.0,3.095837437060748,0.0,0.6901513118650935,0.0,-0.9214429712508471,0.0,0.9514125999119664,0.0,""
"2026-09-25 17:23:02","git-master-bddc7a050319718b5e4e0856afec0bc9ea96418f","C:\Users\marco\Desktop\ds004507\derivatives\labels\sub-011\ses-headUp\anat\sub-011_ses-headUp_T2w_seg-manual.nii.gz","709","8","",48.217587710664475,0.0,4.476254076157097,0.0,22.883080216241705,0.0,6.516117144990484,0.0,6.778188049833958,0.0,9.092071014961594,0.0,3.2906844452604815,0.0,3.2254326997300025,0.0,0.6662502967489419,0.0,-1.6465147051041618,0.0,0.9693644440239308,0.0,""
"2026-09-25 17:23:02","git-master-bddc7a050319718b5e4e0856afec0bc9ea96418f","C:\Users\marco\Desktop\ds004507\derivatives\labels\sub-011\ses-headUp\anat\sub-011_ses-headUp_T2w_seg-manual.nii.gz","710","8","",48.50176656720475,0.0,4.411612972949557,0.0,22.85385695842287,0.0,6.571998940578653,0.0,6.838162471570048,0.0,9.058022811880596,0.0,3.355202679906205,0.0,3.2167962606724485,0.0,0.6557762460970054,0.0,-3.6470839672033244,0.0,0.9623761285562696,0.0,""
"2026-09-25 17:23:02","git-master-bddc7a050319718b5e4e0856afec0bc9ea96418f","C:\Users\marco\Desktop\ds004507\derivatives\labels\sub-011\ses-headUp\anat\sub-011_ses-headUp_T2w_seg-manual.nii.gz","711","8","",48.251138124272295,0.0,4.34776502527358,0.0,22.822363226358963,0.0,6.606438935192049,0.0,6.857480662658355,0.0,8.975571033731725,0.0,3.4057629239232328,0.0,3.2006760112688166,0.0,0.6448979505095042,0.0,-4.268283626683353,0.0,0.9564184582297751,0.0,""
"2026-09-25 17:23:02","git-master-bddc7a050319718b5e4e0856afec0bc9ea96418f","C:\Users\marco\Desktop\ds004507\derivatives\labels\sub-011\ses-headUp\anat\sub-011_ses-headUp_T2w_seg-manual.nii.gz","712","8","",47.629007071241865,0.0,4.284710571042203,0.0,22.788597169869682,0.0,6.652995325698738,0.0,6.87831322824927,0.0,8.828001262591636,0.0,3.404323491458496,0.0,3.248671834240242,0.0,0.6268310852762975,0.0,-2.137790756112915,0.0,0.965272500889267,0.0,""
"2026-09-25 17:23:02","git-master-bddc7a050319718b5e4e0856afec0bc9ea96418f","C:\Users\marco\Desktop\ds004507\derivatives\labels\sub-011\ses-headUp\anat\sub-011_ses-headUp_T2w_seg-manual.nii.gz","713","8","",49.125707626895064,0.0,4.222847386414136,0.0,22.751416178556678,0.0,6.70300923272796,0.0,6.971844029718827,0.0,9.017420182207982,0.0,3.4112065283122712,0.0,3.291802704415689,0.0,0.6341455693026128,0.0,-4.050015531629445,0.0,0.9574674784769438,0.0,""
"2026-09-25 17:23:02","git-master-bddc7a050319718b5e4e0856afec0bc9ea96418f","C:\Users\marco\Desktop\ds004507\derivatives\labels\sub-011\ses-headUp\anat\sub-011_ses-headUp_T2w_seg-manual.nii.gz","714","8","",49.30920487483998,0.0,4.161818816403548,0.0,22.711839495392187,0.0,6.772648053101353,0.0,6.949257985542241,0.0,9.053305994458855,0.0,3.3896593910609307,0.0,3.3829886620404217,0.0,0.640923555822678,0.0,-5.596968139217156,0.0,0.9597204508490548,0.0,""
"2026-09-25 17:23:02","git-master-bddc7a050319718b5e4e0856afec0bc9ea96418f","C:\Users\marco\Desktop\ds004507\derivatives\labels\sub-011\ses-headUp\anat\sub-011_ses-headUp_T2w_seg-manual.nii.gz","715","8","",48.48537154379549,0.0,4.101585448066075,0.0,22.669978476621555,0.0,6.743604258507206,0.0,6.873512535659791,0.0,8.955304608598054,0.0,3.3684303547755885,0.0,3.3751739037316177,0.0,0.6408038927025,0.0,-6.510668026726132,0.0,0.9648535943072122,0.0,""
"2026-09-25 17:23:02","git-master-bddc7a050319718b5e4e0856afec0bc9ea96418f","C:\Users\marco\Desktop\ds004507\derivatives\labels\sub-011\ses-headUp\anat\sub-011_ses-headUp_T2w_seg-manual.nii.gz","716","8","",46.859347304581526,0.0,4.042187388624668,0.0,22.6257160449295,0.0,6.487702059137058,0.0,6.802249179441171,0.0,8.729673214068203,0.0,3.376299504623957,0.0,3.111402554513101,0.0,0.6267356628440616,0.0,-6.459809369998584,0.0,0.9659771022616334,0.0,""
"2026-09-25 17:23:02","git-master-bddc7a050319718b5e4e0856afec0bc9ea96418f","C:\Users\marco\Desktop\ds004507\derivatives\labels\sub-011\ses-headUp\anat\sub-011_ses-headUp_T2w_seg-manual.nii.gz","717","8","",47.05100432329277,0.0,3.983983575700726,0.0,22.578014163656526,0.0,6.688480636688286,0.0,6.936384744641353,0.0,8.625696118452284,0.0,3.3960609921052027,0.0,3.2924196445830836,0.0,0.5937097547399084,0.0,-1.9848345332696473,0.0,0.9572328792512279,0.0,""
"2026-09-25 17:23:02","git-master-bddc7a050319718b5e4e0856afec0bc9ea96418f","C:\Users\marco\Desktop\ds004507\derivatives\labels\sub-011\ses-headUp\anat\sub-011_ses-headUp_T2w_seg-manual.nii.gz","718","8","",46.734302034636436,0.0,3.926576500778172,0.0,22.528013272809257,0.0,6.662256826939023,0.0,6.888002508673732,0.0,8.634957758142765,0.0,3.3598554271970147,0.0,3.302401399742008,0.0,0.6021922857167082,0.0,-1.2391322003088971,0.0,0.9568492796490583,0.0,""
"2026-09-25 17:23:02","git-master-bddc7a050319718b5e4e0856afec0bc9ea96418f","C:\Users\marco\Desktop\ds004507\derivatives\labels\sub-011\ses-headUp\anat\sub-011_ses-headUp_T2w_seg-manual.nii.gz","719","8","",46.56622007574251,0.0,3.8699664246731036,0.0,22.475710329248543,0.0,6.5246166218101305,0.0,6.742604288544991,0.0,8.781629488203203,0.0,3.3031715680574085,0.0,3.221445053752722,0.0,0.6394401081926121,0.0,-1.3657788662917154,0.0,0.9581432497899556,0.0,""
"2026-09-25 17:23:02","git-master-bddc7a050319718b5e4e0856afec0bc9ea96418f","C:\Users\marco\Desktop\ds004507\derivatives\labels\sub-011\ses-headUp\anat\sub-011_ses-headUp_T2w_seg-manual.nii.gz","720","8","",47.85851259390469,0.0,3.8142732950339497,0.0,22.42075532431009,0.0,6.506484030245148,0.0,6.662131056054121,0.0,9.125100811007812,0.0,3.2899567969873855,0.0,3.2165272332577617,0.0,0.6828701185560475,0.0,3.0389203056049285,0.0,0.9484818435635544,0.0,""
"2026-09-25 17:23:02","git-master-bddc7a050319718b5e4e0856afec0bc9ea96418f","C:\Users\marco\Desktop\ds004507\derivatives\labels\sub-011\ses-headUp\anat\sub-011_ses-headUp_T2w_seg-manual.nii.gz","721","8","",48.69732036672111,0.0,3.759697218297351,0.0,22.362561558261504,0.0,6.647845529054474,0.0,6.746453648910017,0.0,9.189873884208735,0.0,3.4200963925178143,0.0,3.2277491365366604,0.0,0.6789907910658965,0.0,4.323030727792351,0.0,0.9605042877438887,0.0,""
"2026-09-25 17:23:02","git-master-bddc7a050319718b5e4e0856afec0bc9ea96418f","C:\Users\marco\Desktop\ds004507\derivatives\labels\sub-011\ses-headUp\anat\sub-011_ses-headUp_T2w_seg-manual.nii.gz","722","8","",49.87212880464446,0.0,3.705919482475111,0.0,22.302047842827307,0.0,6.812643076283848,0.0,6.859368617456308,0.0,9.278973907326657,0.0,3.48017936425478,0.0,3.3324637120290683,0.0,0.6734573252391773,0.0,3.603946687159123,0.0,0.9618730407250243,0.0,""
"2026-09-25 17:23:02","git-master-bddc7a050319718b5e4e0856afec0bc9ea96418f","C:\Users\marco\Desktop\ds004507\derivatives\labels\sub-011\ses-headUp\anat\sub-011_ses-headUp_T2w_seg-manual.nii.gz","723","8","",50.70733942786206,0.0,3.6529403162915477,0.0,22.239210579287878,0.0,6.847681183919575,0.0,6.919948587202977,0.0,9.38567413258372,0.0,3.4595382777571793,0.0,3.3881429061623956,0.0,0.675435226487072,0.0,2.205421200913785,0.0,0.9519174136581615,0.0,""
"2026-09-25 17:23:02","git-master-bddc7a050319718b5e4e0856afec0bc9ea96418f","C:\Users\marco\Desktop\ds004507\derivatives\labels\sub-011\ses-headUp\anat\sub-011_ses-headUp_T2w_seg-manual.nii.gz","724","8","",48.80789336492445,0.0,3.600959799718353,0.0,22.1734617549505,0.0,6.320274679934922,0.0,6.7249416693910735,0.0,9.379771113507914,0.0,3.3956411356275997,0.0,2.9246335443073224,0.0,0.6969933165094792,0.0,3.7023209057270803,0.0,0.939305657077306,0.0,""
"2026-09-25 17:23:02","git-master-bddc7a050319718b5e4e0856afec0bc9ea96418f","C:\Users\marco\Desktop\ds004507\derivatives\labels\sub-011\ses-headUp\anat\sub-011_ses-headUp_T2w_seg-manual.nii.gz","725","8","",48.72374340392059,0.0,3.5500184979452603,0.0,22.104673755642928,0.0,6.499388935852259,0.0,6.859774685948889,0.0,9.156346802771678,0.0,3.3573294094027912,0.0,3.142059526449468,0.0,0.660401832163763,0.0,-2.1364183084103603,0.0,0.9570370074089568,0.0,""
"2026-09-25 17:23:02","git-master-bddc7a050319718b5e4e0856afec0bc9ea96418f","C:\Users\marco\Desktop\ds004507\derivatives\labels\sub-011\ses-headUp\anat\sub-011_ses-headUp_T2w_seg-manual.nii.gz","726","8","",49.460091795766964,0.0,3.4998769322163756,0.0,22.033541173618172,0.0,6.613092788144463,0.0,6.962571559786942,0.0,9.150936759748422,0.0,3.3150617616934817,0.0,3.2980310264509822,0.0,0.6482142142821237,0.0,-7.429012126826796,0.0,0.9598034431623876,0.0,""
"2026-09-25 17:23:02","git-master-bddc7a050319718b5e4e0856afec0bc9ea96418f","C:\Users\marco\Desktop\ds004507\derivatives\labels\sub-011\ses-headUp\anat\sub-011_ses-headUp_T2w_seg-manual.nii.gz","727","8","",50.70360044492005,0.0,3.450535302138603,0.0,21.960059870601302,0.0,6.536905752499208,0.0,6.960862109599777,0.0,9.413106481770503,0.0,3.2816279143046514,0.0,3.2552778381945564,0.0,0.6730343868929296,0.0,-9.97935204817302,0.0,0.9444172943970267,0.0,""
"2026-09-25 17:23:02","git-master-bddc7a050319718b5e4e0856afec0bc9ea96418f","C:\Users\marco\Desktop\ds004507\derivatives\labels\sub-011\ses-headUp\anat\sub-011_ses-headUp_T2w_seg-manual.nii.gz","728","8","",51.976339600741376,0.0,3.402274050987676,0.0,21.883397608031103,0.0,6.62816964308747,0.0,6.941096647413518,0.0,9.610553563400691,0.0,3.371730814250987,0.0,3.256438828836483,0.0,0.6914345115074498,0.0,-8.108763516649113,0.0,0.9562621177410896,0.0,""
"2026-09-25 17:23:02","git-master-bddc7a050319718b5e4e0856afec0bc9ea96418f","C:\Users\marco\Desktop\ds004507\derivatives\labels\sub-011\ses-headUp\anat\sub-011_ses-headUp_T2w_seg-manual.nii.gz","729","8","",52.65317032786238,0.0,3.3549736286608103,0.0,21.80389600635332,0.0,6.583646790479104,0.0,6.89430947249886,0.0,9.73604401539342,0.0,3.288795034363385,0.0,3.29485175611572,0.0,0.7059132905069186,0.0,-4.307270438751065,0.0,0.9494066735352263,0.0,""
"2026-09-25 17:23:02","git-master-bddc7a050319718b5e4e0856afec0bc9ea96418f","C:\Users\marco\Desktop\ds004507\derivatives\labels\sub-011\ses-headUp\anat\sub-011_ses-headUp_T2w_seg-manual.nii.gz","730","8","",53.024968781706555,0.0,3.308474150190176,0.0,21.722021619096854,0.0,6.624904697076437,0.0,6.942123430366032,0.0,9.728440614816778,0.0,3.323861653650142,0.0,3.3010430434262954,0.0,0.6997611998418761,0.0,-3.7571019093094886,0.0,0.9440880558981379,0.0,""
"2026-09-25 17:23:02","git-master-bddc7a050319718b5e4e0856afec0bc9ea96418f","C:\Users\marco\Desktop\ds004507\derivatives\labels\sub-011\ses-headUp\anat\sub-011_ses-headUp_T2w_seg-manual.nii.gz","731","8","",53.16115018795051,0.0,3.262775788872826,0.0,21.637769788363833,0.0,6.820188884229703,0.0,7.105924670761048,0.0,9.581472423428655,0.0,3.5657435766673933,0.0,3.2544453075623085,0.0,0.6706804427075682,0.0,-8.018289626342579,0.0,0.9490444494747557,0.0,""
"2026-09-25 17:23:02","git-master-bddc7a050319718b5e4e0856afec0bc9ea96418f","C:\Users\marco\Desktop\ds004507\derivatives\labels\sub-011\ses-headUp\anat\sub-011_ses-headUp_T2w_seg-manual.nii.gz","732","8","",52.51549164940922,0.0,3.218239529951584,0.0,21.55005674617999,0.0,6.731504602633984,0.0,6.89400892800162,0.0,9.664468387539754,0.0,3.42404773555639,0.0,3.3074568670775935,0.0,0.700375910037492,0.0,-5.460618629577247,0.0,0.9626293055202421,0.0,""
"2026-09-25 17:23:02","git-master-bddc7a050319718b5e4e0856afec0bc9ea96418f","C:\Users\marco\Desktop\ds004507\derivatives\labels\sub-011\ses-headUp\anat\sub-011_ses-headUp_T2w_seg-manual.nii.gz","733","8","",51.68136870420938,0.0,3.174585251784328,0.0,21.459705788758313,0.0,6.550961491905012,0.0,6.672378676722073,0.0,9.796760616300004,0.0,3.270495168389866,0.0,3.2804663235151463,0.0,0.731321492164844,0.0,-3.826467231549467,0.0,0.962435851422183,0.0,""
"2026-09-25 17:23:02","git-master-bddc7a050319718b5e4e0856afec0bc9ea96418f","C:\Users\marco\Desktop\ds004507\derivatives\labels\sub-011\ses-headUp\anat\sub-011_ses-headUp_T2w_seg-manual.nii.gz","734","8","",51.52138763685903,0.0,3.131732957174121,0.0,21.366950428383458,0.0,6.479542564038546,0.0,6.617415632522608,0.0,9.86947887683115,0.0,3.229866231662301,0.0,3.249676332376246,0.0,0.7414169076298496,0.0,-3.1166923858641473,0.0,0.9595521229688562,0.0,""
"2026-09-25 17:23:02","git-master-bddc7a050319718b5e4e0856afec0bc9ea96418f","C:\Users\marco\Desktop\ds004507\derivatives\labels\sub-011\ses-headUp\anat\sub-011_ses-headUp_T2w_seg-manual.nii.gz","735","8","",52.727299211873586,0.0,3.089682795743188,0.0,21.271785511989645,0.0,6.674855990318719,0.0,6.872709541417589,0.0,9.79721418836374,0.0,3.40337203907992,0.0,3.271483951238799,0.0,0.712673091710684,0.0,-3.4006867767817996,0.0,0.9620253164556962,0.0,""
"2026-09-25 17:23:02","git-master-bddc7a050319718b5e4e0856afec0bc9ea96418f","C:\Users\marco\Desktop\ds004507\derivatives\labels\sub-011\ses-headUp\anat\sub-011_ses-headUp_T2w_seg-manual.nii.gz","736","7","",53.172596156147335,0.0,3.03439675034165,0.0,21.137767485682787,0.0,6.86043068439521,0.0,6.900295351043322,0.0,9.84600075799232,0.0,3.4174635763181516,0.0,3.442967108077058,0.0,0.713336052574517,0.0,-0.7006245387919235,0.0,0.9570474643566144,0.0,""
"2026-09-25 17:23:02","git-master-bddc7a050319718b5e4e0856afec0bc9ea96418f","C:\Users\marco\Desktop\ds004507\derivatives\labels\sub-011\ses-headUp\anat\sub-011_ses-headUp_T2w_seg-manual.nii.gz","737","7","",53.54831294735524,0.0,2.993790478842193,0.0,21.03236705744646,0.0,6.818438051771108,0.0,6.935674832579645,0.0,9.941445465213587,0.0,3.5313976474329345,0.0,3.2870404043381733,0.0,0.7164224473810231,0.0,-3.0447601980675385,0.0,0.9588002457217939,0.0,""
"2026-09-25 17:23:02","git-master-bddc7a050319718b5e4e0856afec0bc9ea96418f","C:\Users\marco\Desktop\ds004507\derivatives\labels\sub-011\ses-headUp\anat\sub-011_ses-headUp_T2w_seg-manual.nii.gz","738","7","",54.05793131940398,0.0,2.9540529377342963,0.0,20.9243203358413,0.0,6.799833894550435,0.0,6.985600207568183,0.0,9.989373162703432,0.0,3.518181273774674,0.0,3.281652620775761,0.0,0.7148204304969834,0.0,-5.335614046577395,0.0,0.9655334309328836,0.0,""
"2026-09-25 17:23:02","git-master-bddc7a050319718b5e4e0856afec0bc9ea96418f","C:\Users\marco\Desktop\ds004507\derivatives\labels\sub-011\ses-headUp\anat\sub-011_ses-headUp_T2w_seg-manual.nii.gz","739","7","",53.783979547265595,0.0,2.915184279567537,0.0,20.813619924640573,0.0,6.67381386771893,0.0,6.921411663283456,0.0,10.022151476236244,0.0,3.390646237761232,0.0,3.2831676299576973,0.0,0.7227528334270032,0.0,-5.63582126690083,0.0,0.9646352301408516,0.0,""
"2026-09-25 17:23:02","git-master-bddc7a050319718b5e4e0856afec0bc9ea96418f","C:\Users\marco\Desktop\ds004507\derivatives\labels\sub-011\ses-headUp\anat\sub-011_ses-headUp_T2w_seg-manual.nii.gz","740","7","",52.085159281965254,0.0,2.877184655943175,0.0,20.70025840603232,0.0,6.362364396521029,0.0,6.655512640618412,0.0,10.0610313587929,0.0,3.180884119826778,0.0,3.181480276694251,0.0,0.7499138917842737,0.0,-2.5968519164577164,0.0,0.9472426048984571,0.0,""
"2026-09-25 17:23:02","git-master-bddc7a050319718b5e4e0856afec0bc9ea96418f","C:\Users\marco\Desktop\ds004507\derivatives\labels\sub-011\ses-headUp\anat\sub-011_ses-headUp_T2w_seg-manual.nii.gz","741","7","",52.31035503435001,0.0,2.8404122660626223,0.0,20.583120979256357,0.0,6.653289262221452,0.0,6.709481415917835,0.0,9.938655594500693,0.0,3.32228681691115,0.0,3.3310024453103027,0.0,0.7376248159541301,0.0,-3.2820858227058727,0.0,0.9595882924749004,0.0,""
"2026-09-25 17:23:02","git-master-bddc7a050319718b5e4e0856afec0bc9ea96418f","C:\Users\marco\Desktop\ds004507\derivatives\labels\sub-011\ses-headUp\anat\sub-011_ses-headUp_T2w_seg-manual.nii.gz","742","7","",50.60680198334921,0.0,2.804560573152559,0.0,20.463136065638675,0.0,6.146001024349696,0.0,6.334346574301874,0.0,10.160387494766058,0.0,3.108662227551068,0.0,3.037338796798628,0.0,0.778341018604128,0.0,-2.643705528180758,0.0,0.9689147653395728,0.0,""
"2026-09-25 17:23:02","git-master-bddc7a050319718b5e4e0856afec0bc9ea96418f","C:\Users\marco\Desktop\ds004507\derivatives\labels\sub-011\ses-headUp\anat\sub-011_ses-headUp_T2w_seg-manual.nii.gz","743","7","",50.37046607470885,0.0,2.7695785695902746,0.0,20.340453016819588,0.0,5.927866426327585,0.0,6.1873999906423505,0.0,10.326449872330997,0.0,3.033592387328256,0.0,2.8942740389993284,0.0,0.799523094347038,0.0,-3.444065196660418,0.0,0.9667264542556023,0.0,""
"2026-09-25 17:23:02","git-master-bddc7a050319718b5e4e0856afec0bc9ea96418f","C:\Users\marco\Desktop\ds004507\derivatives\labels\sub-011\ses-headUp\anat\sub-011_ses-headUp_T2w_seg-manual.nii.gz","744","7","",53.43954588262506,0.0,2.7354263799757548,0.0,20.215222544776335,0.0,6.571541312993591,0.0,6.621181653654968,0.0,10.227217943856592,0.0,3.354091520239149,0.0,3.2174497927544414,0.0,0.7621122840297642,0.0,-6.908536599752841,0.0,0.9516995136421402,0.0,""
"2026-09-25 17:23:02","git-master-bddc7a050319718b5e4e0856afec0bc9ea96418f","C:\Users\marco\Desktop\ds004507\derivatives\labels\sub-011\ses-headUp\anat\sub-011_ses-headUp_T2w_seg-manual.nii.gz","745","7","",56.27272083584577,0.0,2.7019912516883764,0.0,20.088137646982883,0.0,6.783445416369838,0.0,6.918520606841311,0.0,10.345789678919115,0.0,3.4519230416715208,0.0,3.3315223746983174,0.0,0.7434240496385871,0.0,-7.312783325538896,0.0,0.9674044578621469,0.0,""
"2026-09-25 17:23:02","git-master-bddc7a050319718b5e4e0856afec0bc9ea96418f","C:\Users\marco\Desktop\ds004507\derivatives\labels\sub-011\ses-headUp\anat\sub-011_ses-headUp_T2w_seg-manual.nii.gz","746","7","",55.698283311832355,0.0,2.668768595263852,0.0,19.96102420236446,0.0,6.522281102773437,0.0,6.773820476307318,0.0,10.532178927588747,0.0,3.2608277403096704,0.0,3.261453362463767,0.0,0.7646940580629072,0.0,-5.166609282321993,0.0,0.9683118349824804,0.0,""
"2026-09-25 17:23:02","git-master-bddc7a050319718b5e4e0856afec0bc9ea96418f","C:\Users\marco\Desktop\ds004507\derivatives\labels\sub-011\ses-headUp\anat\sub-011_ses-headUp_T2w_seg-manual.nii.gz","747","7","",54.81064009561323,0.0,2.6357360886956163,0.0,19.833886453995976,0.0,6.29346809327335,0.0,6.64240632693318,0.0,10.650176188180676,0.0,3.1070898918352987,0.0,3.1863782014380506,0.0,0.7816592912093141,0.0,-3.313267302644877,0.0,0.9699715376714709,0.0,""
"2026-09-25 17:23:02","git-master-bddc7a050319718b5e4e0856afec0bc9ea96418f","C:\Users\marco\Desktop\ds004507\derivatives\labels\sub-011\ses-headUp\anat\sub-011_ses-headUp_T2w_seg-manual.nii.gz","748","7","",55.16295545993612,0.0,2.6028937672433132,0.0,19.706725415707563,0.0,6.327066319067577,0.0,6.714411855236328,0.0,10.670004941950653,0.0,3.129064220355141,0.0,3.1980020987124367,0.0,0.7771830223339818,0.0,-2.982280955673979,0.0,0.975941358486586,0.0,""
"2026-09-25 17:23:02","git-master-bddc7a050319718b5e4e0856afec0bc9ea96418f","C:\Users\marco\Desktop\ds004507\derivatives\labels\sub-011\ses-headUp\anat\sub-011_ses-headUp_T2w_seg-manual.nii.gz","749","7","",57.48806413556905,0.0,2.5702976375080926,0.0,19.57953628166305,0.0,6.588761185605325,0.0,6.85130715945255,0.0,10.808139732418104,0.0,3.239351159717319,0.0,3.3494100258880057,0.0,0.7734186375949023,0.0,-3.565107020554519,0.0,0.962883124941165,0.0,""
"2026-09-25 17:23:02","git-master-bddc7a050319718b5e4e0856afec0bc9ea96418f","C:\Users\marco\Desktop\ds004507\derivatives\labels\sub-011\ses-headUp\anat\sub-011_ses-headUp_T2w_seg-manual.nii.gz","750","7","",59.49686618367899,0.0,2.537925393560774,0.0,19.452323867622017,0.0,6.73212117773096,0.0,6.890391155246123,0.0,11.02617943489618,0.0,3.3384765848322164,0.0,3.393644592898744,0.0,0.7805415190988962,0.0,-3.5666653344519563,0.0,0.9610393469026146,0.0,""
"2026-09-25 17:23:02","git-master-bddc7a050319718b5e4e0856afec0bc9ea96418f","C:\Users\marco\Desktop\ds004507\derivatives\labels\sub-011\ses-headUp\anat\sub-011_ses-headUp_T2w_seg-manual.nii.gz","751","7","",59.97957425403611,0.0,2.505743496482619,0.0,19.32509302543434,0.0,6.685479716196813,0.0,6.858236660062478,0.0,11.098336576875319,0.0,3.350377297110324,0.0,3.3351024190864886,0.0,0.786219652629239,0.0,-3.63279806017289,0.0,0.9569812722305391,0.0,""
"2026-09-25 17:23:02","git-master-bddc7a050319718b5e4e0856afec0bc9ea96418f","C:\Users\marco\Desktop\ds004507\derivatives\labels\sub-011\ses-headUp\anat\sub-011_ses-headUp_T2w_seg-manual.nii.gz","752","7","",59.73962675181918,0.0,2.4737519788645983,0.0,19.197844775898204,0.0,6.542856373027746,0.0,6.807445320837051,0.0,11.100937983112432,0.0,3.302636164769395,0.0,3.240220208258351,0.0,0.7896718710626932,0.0,-3.8250942290005683,0.0,0.9501458536649152,0.0,""
"2026-09-25 17:23:02","git-master-bddc7a050319718b5e4e0856afec0bc9ea96418f","C:\Users\marco\Desktop\ds004507\derivatives\labels\sub-011\ses-headUp\anat\sub-011_ses-headUp_T2w_seg-manual.nii.gz","753","7","",63.935648506048416,0.0,2.4419956931985984,0.0,19.070576846621616,0.0,6.808704019410653,0.0,6.924904013661742,0.0,11.681693636306747,0.0,3.4219956243674203,0.0,3.386708395043233,0.0,0.8051353710269947,0.0,-3.4859914234634144,0.0,0.9572687456851681,0.0,""
"2026-09-25 17:23:02","git-master-bddc7a050319718b5e4e0856afec0bc9ea96418f","C:\Users\marco\Desktop\ds004507\derivatives\labels\sub-011\ses-headUp\anat\sub-011_ses-headUp_T2w_seg-manual.nii.gz","754","7","",62.68094049050066,0.0,2.4104747125321846,0.0,18.943291626621626,0.0,6.51387446057201,0.0,6.8177217427804475,0.0,11.691086147494328,0.0,3.3180259660157483,0.0,3.1958484945562615,0.0,0.8123566308031238,0.0,-0.7426137279847116,0.0,0.9751532783697467,0.0,""
"2026-09-25 17:23:02","git-master-bddc7a050319718b5e4e0856afec0bc9ea96418f","C:\Users\marco\Desktop\ds004507\derivatives\labels\sub-011\ses-headUp\anat\sub-011_ses-headUp_T2w_seg-manual.nii.gz","755","7","",62.719072343342084,0.0,2.3791442609195976,0.0,18.815993890895747,0.0,6.54498246130607,0.0,6.9532218764444735,0.0,11.56927631089523,0.0,3.391616690984563,0.0,3.153365770321507,0.0,0.7983520723908725,0.0,-0.0961960085790875,0.0,0.9786355303833432,0.0,""
"2026-09-25 17:23:02","git-master-bddc7a050319718b5e4e0856afec0bc9ea96418f","C:\Users\marco\Desktop\ds004507\derivatives\labels\sub-011\ses-headUp\anat\sub-011_ses-headUp_T2w_seg-manual.nii.gz","756","7","",64.69122919851245,0.0,2.3480043684191774,0.0,18.688684666053042,0.0,6.8928125408776095,0.0,7.286945171916641,0.0,11.473664469016644,0.0,3.6000811378567334,0.0,3.292731403020876,0.0,0.7724298789115677,0.0,-1.7104997802398128,0.0,0.9699405815471637,0.0,""
"2026-09-25 17:23:02","git-master-bddc7a050319718b5e4e0856afec0bc9ea96418f","C:\Users\marco\Desktop\ds004507\derivatives\labels\sub-011\ses-headUp\anat\sub-011_ses-headUp_T2w_seg-manual.nii.gz","757","7","",65.79244319437768,0.0,2.3170887097068524,0.0,18.561363536145244,0.0,6.909746747330846,0.0,7.359513756331156,0.0,11.5654462298431,0.0,3.535366270754809,0.0,3.3743804765760372,0.0,0.7714126565844096,0.0,-2.9341494621350037,0.0,0.9732831074214067,0.0,""
"2026-09-25 17:23:02","git-master-bddc7a050319718b5e4e0856afec0bc9ea96418f","C:\Users\marco\Desktop\ds004507\derivatives\labels\sub-011\ses-headUp\anat\sub-011_ses-headUp_T2w_seg-manual.nii.gz","758","7","",66.61205817118915,0.0,2.286419778870039,0.0,18.434031825812074,0.0,6.913318925069034,0.0,7.33238659278756,0.0,11.741633767830018,0.0,3.466088619399714,0.0,3.44723030566932,0.0,0.7809006479345856,0.0,-2.491444671940741,0.0,0.963189801727963,0.0,""
"2026-09-25 17:23:02","git-master-bddc7a050319718b5e4e0856afec0bc9ea96418f","C:\Users\marco\Desktop\ds004507\derivatives\labels\sub-011\ses-headUp\anat\sub-011_ses-headUp_T2w_seg-manual.nii.gz","759","7","",66.8722061996091,0.0,2.2559415451965226,0.0,18.306693542487523,0.0,6.753373775309856,0.0,7.2204344227413,0.0,11.92685133495591,0.0,3.385481875361001,0.0,3.3678918999488556,0.0,0.7955820554277923,0.0,-2.573504735554085,0.0,0.9587295433731793,0.0,""
"2026-09-25 17:23:02","git-master-bddc7a050319718b5e4e0856afec0bc9ea96418f","C:\Users\marco\Desktop\ds004507\derivatives\labels\sub-011\ses-headUp\anat\sub-011_ses-headUp_T2w_seg-manual.nii.gz","760","7","",67.26056044209466,0.0,2.2256540363450092,0.0,18.179349717417928,0.0,6.601657938625977,0.0,7.111536359159927,0.0,12.089417557467204,0.0,3.3652729379344275,0.0,3.23638500069155,0.0,0.8086848297205456,0.0,-3.1772686413140723,0.0,0.9624211773058929,0.0,""
"2026-09-25 17:23:02","git-master-bddc7a050319718b5e4e0856afec0bc9ea96418f","C:\Users\marco\Desktop\ds004507\derivatives\labels\sub-011\ses-headUp\anat\sub-011_ses-headUp_T2w_seg-manual.nii.gz","761","7","",69.3513655549642,0.0,2.195579727969403,0.0,18.05200110793039,0.0,6.878314731782581,0.0,7.189536984410835,0.0,12.186424623925463,0.0,3.562963495489878,0.0,3.3153512362927025,0.0,0.8074311538298458,0.0,-3.5620595126772328,0.0,0.9733529928459325,0.0,""
"2026-09-25 17:23:02","git-master-bddc7a050319718b5e4e0856afec0bc9ea96418f","C:\Users\marco\Desktop\ds004507\derivatives\labels\sub-011\ses-headUp\anat\sub-011_ses-headUp_T2w_seg-manual.nii.gz","762","7","",65.96964549767493,0.0,2.1657635725342166,0.0,17.924649346370643,0.0,6.593570544776038,0.0,6.880040375850805,0.0,12.1069688409695,0.0,3.3288611205209877,0.0,3.2647094242550505,0.0,0.8226996744027208,0.0,-4.402295546810848,0.0,0.9631673486014285,0.0,""
"2026-09-25 17:23:02","git-master-bddc7a050319718b5e4e0856afec0bc9ea96418f","C:\Users\marco\Desktop\ds004507\derivatives\labels\sub-011\ses-headUp\anat\sub-011_ses-headUp_T2w_seg-manual.nii.gz","763","7","",64.84519755803427,0.0,2.1361382690327,0.0,17.79729697828122,0.0,6.600573292998362,0.0,6.916468565256095,0.0,11.936208251917439,0.0,3.2414298665590073,0.0,3.359143426439356,0.0,0.814312168579824,0.0,-3.9720129763051286,0.0,0.9523049490564609,0.0,""
"2026-09-25 17:23:02","git-master-bddc7a050319718b5e4e0856afec0bc9ea96418f","C:\Users\marco\Desktop\ds004507\derivatives\labels\sub-011\ses-headUp\anat\sub-011_ses-headUp_T2w_seg-manual.nii.gz","764","7","",65.97807715331817,0.0,2.1067038428538005,0.0,17.669945038359057,0.0,6.8295621166552865,0.0,7.1844799684879925,0.0,11.803451467934737,0.0,3.3060546053517537,0.0,3.5235075113035332,0.0,0.7933922023117336,0.0,-2.5704806483110443,0.0,0.9458552129923867,0.0,""
"2026-09-25 17:23:02","git-master-bddc7a050319718b5e4e0856afec0bc9ea96418f","C:\Users\marco\Desktop\ds004507\derivatives\labels\sub-011\ses-headUp\anat\sub-011_ses-headUp_T2w_seg-manual.nii.gz","765","7","",68.23012377285015,0.0,2.0774715517583813,0.0,17.542594769329448,0.0,7.045547571261528,0.0,7.397213562243639,0.0,11.898636257835875,0.0,3.4458776126039092,0.0,3.5996699586576186,0.0,0.783262033410406,0.0,-0.9173732842099258,0.0,0.9487645335071253,0.0,""
"2026-09-25 17:23:02","git-master-bddc7a050319718b5e4e0856afec0bc9ea96418f","C:\Users\marco\Desktop\ds004507\derivatives\labels\sub-011\ses-headUp\anat\sub-011_ses-headUp_T2w_seg-manual.nii.gz","766","7","",67.16894387164872,0.0,2.0485088395239623,0.0,17.415249490115897,0.0,6.98008331952932,0.0,7.322060910784132,0.0,11.852276455060897,0.0,3.3796329012420974,0.0,3.6004504182872226,0.0,0.786351463696838,0.0,-1.5648821250665574,0.0,0.9680111736852132,0.0,""
"2026-09-25 17:23:02","git-master-bddc7a050319718b5e4e0856afec0bc9ea96418f","C:\Users\marco\Desktop\ds004507\derivatives\labels\sub-011\ses-headUp\anat\sub-011_ses-headUp_T2w_seg-manual.nii.gz","767","7","",66.73731858421083,0.0,2.0197371213732223,0.0,17.287909587910523,0.0,6.945780182244044,0.0,7.20732515259924,0.0,12.027824921074874,0.0,3.3057970273695334,0.0,3.63998315487451,0.0,0.8000848144094673,0.0,-2.840286949381368,0.0,0.9655530845464061,0.0,""
"2026-09-25 17:23:02","git-master-bddc7a050319718b5e4e0856afec0bc9ea96418f","C:\Users\marco\Desktop\ds004507\derivatives\labels\sub-011\ses-headUp\anat\sub-011_ses-headUp_T2w_seg-manual.nii.gz","768","7","",67.42653793723348,0.0,1.99115642055201,0.0,17.160576099664596,0.0,7.043859951296016,0.0,7.163684161976255,0.0,12.223687642052175,0.0,3.3132405227444597,0.0,3.7306194285515555,0.0,0.8102150218111822,0.0,-3.957192478214614,0.0,0.9559198763644856,0.0,""
"2026-09-25 17:23:02","git-master-bddc7a050319718b5e4e0856afec0bc9ea96418f","C:\Users\marco\Desktop\ds004507\derivatives\labels\sub-011\ses-headUp\anat\sub-011_ses-headUp_T2w_seg-manual.nii.gz","769","7","",69.58002344048872,0.0,1.9627667602313272,0.0,17.03325006239363,0.0,7.371988612031139,0.0,7.304095650201515,0.0,12.190418843084187,0.0,3.49221335087953,0.0,3.8797752611516083,0.0,0.8006241365491862,0.0,-4.101336557567539,0.0,0.9577971495779715,0.0,""
"2026-09-25 17:23:02","git-master-bddc7a050319718b5e4e0856afec0bc9ea96418f","C:\Users\marco\Desktop\ds004507\derivatives\labels\sub-011\ses-headUp\anat\sub-011_ses-headUp_T2w_seg-manual.nii.gz","770","6","",69.64960248014144,0.0,1.9256633344696605,0.0,16.865197960907455,0.0,7.512467427343228,0.0,7.404295555028255,0.0,11.845195795203685,0.0,3.859420847152221,0.0,3.653046580191007,0.0,0.7805538927552474,0.0,-2.1653089730348176,0.0,0.9678193366266761,0.0,""
"2026-09-25 17:23:02","git-master-bddc7a050319718b5e4e0856afec0bc9ea96418f","C:\Users\marco\Desktop\ds004507\derivatives\labels\sub-011\ses-headUp\anat\sub-011_ses-headUp_T2w_seg-manual.nii.gz","771","6","",69.99598003579193,0.0,1.8950529846864348,0.0,16.72517293714651,0.0,7.1636025677626955,0.0,7.301858431445742,0.0,12.087266129985535,0.0,3.5812584259951494,0.0,3.582344141767546,0.0,0.7967608933953465,0.0,-3.7843862253875393,0.0,0.9585304597289426,0.0,""
"2026-09-25 17:23:02","git-master-bddc7a050319718b5e4e0856afec0bc9ea96418f","C:\Users\marco\Desktop\ds004507\derivatives\labels\sub-011\ses-headUp\anat\sub-011_ses-headUp_T2w_seg-manual.nii.gz","772","6","",70.37497261938266,0.0,1.864690024137191,0.0,16.585165166042184,0.0,7.117220864262578,0.0,7.330592016832679,0.0,12.19952440576787,0.0,3.492320352904097,0.0,3.6249005113584807,0.0,0.7993318716113579,0.0,-2.8591606637605036,0.0,0.9548874466637182,0.0,""
"2026-09-25 17:23:02","git-master-bddc7a050319718b5e4e0856afec0bc9ea96418f","C:\Users\marco\Desktop\ds004507\derivatives\labels\sub-011\ses-headUp\anat\sub-011_ses-headUp_T2w_seg-manual.nii.gz","773","6","",71.20743195295627,0.0,1.8345744905937846,0.0,16.445176550747007,0.0,7.058995865269338,0.0,7.429241693403189,0.0,12.323914611185373,0.0,3.463460199171245,0.0,3.595535666098094,0.0,0.7978749086240156,0.0,-1.984902113741335,0.0,0.963714172262781,0.0,""
"2026-09-25 17:23:02","git-master-bddc7a050319718b5e4e0856afec0bc9ea96418f","C:\Users\marco\Desktop\ds004507\derivatives\labels\sub-011\ses-headUp\anat\sub-011_ses-headUp_T2w_seg-manual.nii.gz","774","6","",72.85314518935957,0.0,1.8047064210812838,0.0,16.30520899435886,0.0,7.113043178676527,0.0,7.5709662813118,0.0,12.47387024326792,0.0,3.498606301412749,0.0,3.6144368772637785,0.0,0.7947477785579404,0.0,-2.8427941549213913,0.0,0.9678109392948275,0.0,""
"2026-09-25 17:23:02","git-master-bddc7a050319718b5e4e0856afec0bc9ea96418f","C:\Users\marco\Desktop\ds004507\derivatives\labels\sub-011\ses-headUp\anat\sub-011_ses-headUp_T2w_seg-manual.nii.gz","775","6","",74.5600263317568,0.0,1.7750858518854176,0.0,16.165264399844798,0.0,7.3954698200318205,0.0,7.705832667229559,0.0,12.5348034774729,0.0,3.6110886984245414,0.0,3.7843811216072796,0.0,0.7886371818779246,0.0,-4.972998899694556,0.0,0.9580005086214699,0.0,""
"2026-09-25 17:23:02","git-master-bddc7a050319718b5e4e0856afec0bc9ea96418f","C:\Users\marco\Desktop\ds004507\derivatives\labels\sub-011\ses-headUp\anat\sub-011_ses-headUp_T2w_seg-manual.nii.gz","776","6","",73.413307653143,0.0,1.7457128185600248,0.0,16.025344669964873,0.0,7.567923560724074,0.0,7.703310432920155,0.0,12.264594337717549,0.0,3.6999660680381297,0.0,3.8679574926859446,0.0,0.7781379788252182,0.0,-4.547721772056037,0.0,0.9651741293532339,0.0,""
"2026-09-25 17:23:02","git-master-bddc7a050319718b5e4e0856afec0bc9ea96418f","C:\Users\marco\Desktop\ds004507\derivatives\labels\sub-011\ses-headUp\anat\sub-011_ses-headUp_T2w_seg-manual.nii.gz","777","6","",72.38422955493685,0.0,1.7166492625362868,0.0,15.885459191246216,0.0,7.558049364792084,0.0,7.667512179788562,0.0,12.144897151975963,0.0,3.7095288020911354,0.0,3.8485205627009487,0.0,0.7755018519101188,0.0,-4.4214294958142375,0.0,0.936383524030396,0.0,""
"2026-09-25 17:23:02","git-master-bddc7a050319718b5e4e0856afec0bc9ea96418f","C:\Users\marco\Desktop\ds004507\derivatives\labels\sub-011\ses-headUp\anat\sub-011_ses-headUp_T2w_seg-manual.nii.gz","778","6","",73.36054713671287,0.0,1.6878333329196866,0.0,15.74560364872871,0.0,7.343533756838875,0.0,7.573384871170251,0.0,12.361393535409816,0.0,3.5754669780624933,0.0,3.7680667787763813,0.0,0.7900114056755696,0.0,-4.513954164129154,0.0,0.9560943057416714,0.0,""
"2026-09-25 17:23:02","git-master-bddc7a050319718b5e4e0856afec0bc9ea96418f","C:\Users\marco\Desktop\ds004507\derivatives\labels\sub-011\ses-headUp\anat\sub-011_ses-headUp_T2w_seg-manual.nii.gz","779","6","",74.33400140766116,0.0,1.6592650621025207,0.0,15.605779942871461,0.0,7.357916112542919,0.0,7.527307247560547,0.0,12.504718423549011,0.0,3.6269976082927737,0.0,3.7309185042501456,0.0,0.7985246853959735,0.0,-4.368825798686356,0.0,0.969985600069606,0.0,""
"2026-09-25 17:23:02","git-master-bddc7a050319718b5e4e0856afec0bc9ea96418f","C:\Users\marco\Desktop\ds004507\derivatives\labels\sub-011\ses-headUp\anat\sub-011_ses-headUp_T2w_seg-manual.nii.gz","780","6","",74.7384636444406,0.0,1.6309444818033758,0.0,15.465989973318536,0.0,7.433144074388097,0.0,7.4878042757526915,0.0,12.589650561876853,0.0,3.6739600626876294,0.0,3.7591840117004676,0.0,0.8037969906412954,0.0,-3.461400323382909,0.0,0.9669305499356532,0.0,""
"2026-09-25 17:23:02","git-master-bddc7a050319718b5e4e0856afec0bc9ea96418f","C:\Users\marco\Desktop\ds004507\derivatives\labels\sub-011\ses-headUp\anat\sub-011_ses-headUp_T2w_seg-manual.nii.gz","781","6","",74.27586491769513,0.0,1.6028716230742248,0.0,15.326235638823247,0.0,7.306526722831703,0.0,7.415138151414073,0.0,12.655904936012483,0.0,3.510799869091157,0.0,3.795726853740546,0.0,0.8102977903103727,0.0,-2.133996027272935,0.0,0.9579061812974171,0.0,""
"2026-09-25 17:23:02","git-master-bddc7a050319718b5e4e0856afec0bc9ea96418f","C:\Users\marco\Desktop\ds004507\derivatives\labels\sub-011\ses-headUp\anat\sub-011_ses-headUp_T2w_seg-manual.nii.gz","782","6","",71.74212561857026,0.0,1.5750465163075213,0.0,15.186518837172434,0.0,7.127687747472457,0.0,7.420899301662441,0.0,12.368925201893337,0.0,3.4205525136592514,0.0,3.707135233813206,0.0,0.8000276376642274,0.0,-2.5310300275131628,0.0,0.9549032688458973,0.0,""
"2026-09-25 17:23:02","git-master-bddc7a050319718b5e4e0856afec0bc9ea96418f","C:\Users\marco\Desktop\ds004507\derivatives\labels\sub-011\ses-headUp\anat\sub-011_ses-headUp_T2w_seg-manual.nii.gz","783","6","",72.00968021462164,0.0,1.5475311485342909,0.0,15.046852111761266,0.0,7.0564061032750045,0.0,7.431326300325628,0.0,12.593182351323444,0.0,3.408278186195106,0.0,3.648127917079899,0.0,0.8072809400304006,0.0,-3.0642712039497972,0.0,0.9614898798056782,0.0,""
"2026-09-25 17:23:02","git-master-bddc7a050319718b5e4e0856afec0bc9ea96418f","C:\Users\marco\Desktop\ds004507\derivatives\labels\sub-011\ses-headUp\anat\sub-011_ses-headUp_T2w_seg-manual.nii.gz","784","6","",73.73549904226786,0.0,1.5202636099250355,0.0,14.907227972952352,0.0,7.161997517749629,0.0,7.426443216655064,0.0,12.887292173017542,0.0,3.481996475609077,0.0,3.680001042140552,0.0,0.817121111523917,0.0,-2.721490485268191,0.0,0.9494760390101047,0.0,""
"2026-09-25 17:23:02","git-master-bddc7a050319718b5e4e0856afec0bc9ea96418f","C:\Users\marco\Desktop\ds004507\derivatives\labels\sub-011\ses-headUp\anat\sub-011_ses-headUp_T2w_seg-manual.nii.gz","785","6","",74.92528038424622,0.0,1.4932439280299417,0.0,14.767648312825555,0.0,7.298014866207927,0.0,7.520430650010083,0.0,12.903441149649861,0.0,3.578360084424096,0.0,3.7196547817838312,0.0,0.8123789417643672,0.0,-2.963155716446834,0.0,0.9386193557030945,0.0,""
"2026-09-25 17:23:02","git-master-bddc7a050319718b5e4e0856afec0bc9ea96418f","C:\Users\marco\Desktop\ds004507\derivatives\labels\sub-011\ses-headUp\anat\sub-011_ses-headUp_T2w_seg-manual.nii.gz","786","6","",74.98586171041221,0.0,1.4664721297950032,0.0,14.628115021892151,0.0,7.297433547857583,0.0,7.544507999379444,0.0,12.80753123111251,0.0,3.59751521653292,0.0,3.699918331324663,0.0,0.807999517568115,0.0,-3.088065122006783,0.0,0.9422331727514294,0.0,""
"2026-09-25 17:23:02","git-master-bddc7a050319718b5e4e0856afec0bc9ea96418f","C:\Users\marco\Desktop\ds004507\derivatives\labels\sub-011\ses-headUp\anat\sub-011_ses-headUp_T2w_seg-manual.nii.gz","787","6","",74.23963167821634,0.0,1.4400377721890765,0.0,14.488629989020144,0.0,7.125828575711251,0.0,7.383061533604206,0.0,12.820758679178356,0.0,3.5000459340156214,0.0,3.625782641695631,0.0,0.8175431560264552,0.0,-2.3621538954997368,0.0,0.9595035596800018,0.0,""
"2026-09-25 17:23:02","git-master-bddc7a050319718b5e4e0856afec0bc9ea96418f","C:\Users\marco\Desktop\ds004507\derivatives\labels\sub-011\ses-headUp\anat\sub-011_ses-headUp_T2w_seg-manual.nii.gz","788","6","",73.43894213318092,0.0,1.4142094728309331,0.0,14.349195101359571,0.0,7.034551666495437,0.0,7.309772461600608,0.0,12.761192912163935,0.0,3.4039185139570733,0.0,3.6306331525383637,0.0,0.8196863375837716,0.0,-2.147300788996076,0.0,0.9678063057070639,0.0,""
"2026-09-25 17:23:02","git-master-bddc7a050319718b5e4e0856afec0bc9ea96418f","C:\Users\marco\Desktop\ds004507\derivatives\labels\sub-011\ses-headUp\anat\sub-011_ses-headUp_T2w_seg-manual.nii.gz","789","6","",74.04705175617885,0.0,1.3895864871966517,0.0,14.20982603579638,0.0,7.4194912984728285,0.0,7.471995485706869,0.0,12.504308519698608,0.0,3.603289333949667,0.0,3.8162019645231613,0.0,0.8016352059698677,0.0,-1.6737887891594596,0.0,0.9591360934614762,0.0,""
"2026-09-25 17:23:02","git-master-bddc7a050319718b5e4e0856afec0bc9ea96418f","C:\Users\marco\Desktop\ds004507\derivatives\labels\sub-011\ses-headUp\anat\sub-011_ses-headUp_T2w_seg-manual.nii.gz","790","6","",74.20777436982614,0.0,1.3659278359667706,0.0,14.070512136347473,0.0,7.425828937693663,0.0,7.51538601815444,0.0,12.467794021349725,0.0,3.5825011335632286,0.0,3.843327804130435,0.0,0.7979045148772675,0.0,0.19591128060073637,0.0,0.9542491843226767,0.0,""
"2026-09-25 17:23:02","git-master-bddc7a050319718b5e4e0856afec0bc9ea96418f","C:\Users\marco\Desktop\ds004507\derivatives\labels\sub-011\ses-headUp\anat\sub-011_ses-headUp_T2w_seg-manual.nii.gz","791","6","",74.59349571272087,0.0,1.34323357686456,0.0,13.93125528109618,0.0,7.450207765629507,0.0,7.6353706499376575,0.0,12.481828165588379,0.0,3.555759174002846,0.0,3.8944485916266616,0.0,0.7909996763673521,0.0,-0.3024484411673307,0.0,0.9400784866137787,0.0,""
"2026-09-25 17:23:02","git-master-bddc7a050319718b5e4e0856afec0bc9ea96418f","C:\Users\marco\Desktop\ds004507\derivatives\labels\sub-011\ses-headUp\anat\sub-011_ses-headUp_T2w_seg-manual.nii.gz","792","6","",75.40328323902071,0.0,1.3215037645614511,0.0,13.792057345816266,0.0,7.489488538954949,0.0,7.739031191101036,0.0,12.593522871291338,0.0,3.567576147875675,0.0,3.9219123910792733,0.0,0.7887488118405797,0.0,-2.0900455936870324,0.0,0.9374072282595353,0.0,""
"2026-09-25 17:23:02","git-master-bddc7a050319718b5e4e0856afec0bc9ea96418f","C:\Users\marco\Desktop\ds004507\derivatives\labels\sub-011\ses-headUp\anat\sub-011_ses-headUp_T2w_seg-manual.nii.gz","793","6","",76.48636599080315,0.0,1.300738450761784,0.0,13.652920203898828,0.0,7.453914820362362,0.0,7.73032928796908,0.0,12.800577512366202,0.0,3.5992351837964365,0.0,3.8546796365659257,0.0,0.7970487076503013,0.0,-2.8412861592693734,0.0,0.9560780142748068,0.0,""
"2026-09-25 17:23:02","git-master-bddc7a050319718b5e4e0856afec0bc9ea96418f","C:\Users\marco\Desktop\ds004507\derivatives\labels\sub-011\ses-headUp\anat\sub-011_ses-headUp_T2w_seg-manual.nii.gz","794","6","",77.46561447042563,0.0,1.2809376842875604,0.0,13.51384572627921,0.0,7.480278209376657,0.0,7.795331040376093,0.0,12.784933202376534,0.0,3.6752528509929023,0.0,3.8050253583837548,0.0,0.7926107707165783,0.0,-2.5801030286289945,0.0,0.9502018842530283,0.0,""
"2026-09-25 17:23:02","git-master-bddc7a050319718b5e4e0856afec0bc9ea96418f","C:\Users\marco\Desktop\ds004507\derivatives\labels\sub-011\ses-headUp\anat\sub-011_ses-headUp_T2w_seg-manual.nii.gz","795","6","",78.64113370133354,0.0,1.2623426765351622,0.0,13.374852690754455,0.0,7.531003370081233,0.0,7.89686067732204,0.0,12.912985506157804,0.0,3.7440239345155564,0.0,3.7869794355656765,0.0,0.7912124289988416,0.0,-1.6586146046243568,0.0,0.9325718041971288,0.0,""
"2026-09-25 17:23:02","git-master-bddc7a050319718b5e4e0856afec0bc9ea96418f","C:\Users\marco\Desktop\ds004507\derivatives\labels\sub-011\ses-headUp\anat\sub-011_ses-headUp_T2w_seg-manual.nii.gz","796","6","",76.90636600975672,0.0,1.2447123302706409,0.0,13.235927292792038,0.0,7.332344402357081,0.0,7.734455124704045,0.0,12.836972260001245,0.0,3.6989073007312285,0.0,3.6334371016258524,0.0,0.7980926109953675,0.0,-0.09690250274772105,0.0,0.947228085823648,0.0,""
"2026-09-25 17:23:02","git-master-bddc7a050319718b5e4e0856afec0bc9ea96418f","C:\Users\marco\Desktop\ds004507\derivatives\labels\sub-011\ses-headUp\anat\sub-011_ses-headUp_T2w_seg-manual.nii.gz","797","6","",76.12530725801038,0.0,1.228046682733636,0.0,13.097071390972442,0.0,7.206580879165688,0.0,7.620853365643622,0.0,12.784260275971194,0.0,3.5822539485556004,0.0,3.624326930610087,0.0,0.8028986990610316,0.0,-0.7116483978711602,0.0,0.9530526452598341,0.0,""
"2026-09-25 17:23:02","git-master-bddc7a050319718b5e4e0856afec0bc9ea96418f","C:\Users\marco\Desktop\ds004507\derivatives\labels\sub-011\ses-headUp\anat\sub-011_ses-headUp_T2w_seg-manual.nii.gz","798","6","",76.11155512241469,0.0,1.2123457688678503,0.0,12.958286840843703,0.0,7.345848893984718,0.0,7.595870473340273,0.0,12.739468337064675,0.0,3.5456334605640203,0.0,3.8002154334206986,0.0,0.8027857427265752,0.0,-1.9428772281583406,0.0,0.9531461108300426,0.0,""
"2026-09-25 17:23:02","git-master-bddc7a050319718b5e4e0856afec0bc9ea96418f","C:\Users\marco\Desktop\ds004507\derivatives\labels\sub-011\ses-headUp\anat\sub-011_ses-headUp_T2w_seg-manual.nii.gz","799","6","",75.80301497169506,0.0,1.1976096213828764,0.0,12.81957549485045,0.0,7.6595480704358385,0.0,7.597639702940614,0.0,12.659815253330743,0.0,3.643022920268643,0.0,4.016525150167196,0.0,0.7998963985778239,0.0,-1.9537794500055523,0.0,0.9621250764196067,0.0,""
"2026-09-25 17:23:02","git-master-bddc7a050319718b5e4e0856afec0bc9ea96418f","C:\Users\marco\Desktop\ds004507\derivatives\labels\sub-011\ses-headUp\anat\sub-011_ses-headUp_T2w_seg-manual.nii.gz","800","6","",76.43660574538232,0.0,1.183838270816026,0.0,12.680939202262934,0.0,7.621748571912542,0.0,7.633854583407505,0.0,12.690467917989828,0.0,3.623995829395581,0.0,3.9977527425169614,0.0,0.7988408701349041,0.0,-2.7305332929826167,0.0,0.9734193548387097,0.0,""
"2026-09-25 17:23:02","git-master-bddc7a050319718b5e4e0856afec0bc9ea96418f","C:\Users\marco\Desktop\ds004507\derivatives\labels\sub-011\ses-headUp\anat\sub-011_ses-headUp_T2w_seg-manual.nii.gz","801","5","",78.58262301593011,0.0,1.1687599004141698,0.0,12.51469191986104,0.0,7.835056760648937,0.0,7.806549173473208,0.0,12.808010274101434,0.0,3.803361272245894,0.0,4.031695488403043,0.0,0.7927820518224649,0.0,-2.7045273392949234,0.0,0.9477466504263093,0.0,""
"2026-09-25 17:23:02","git-master-bddc7a050319718b5e4e0856afec0bc9ea96418f","C:\Users\marco\Desktop\ds004507\derivatives\labels\sub-011\ses-headUp\anat\sub-011_ses-headUp_T2w_seg-manual.nii.gz","802","5","",76.91839267009786,0.0,1.155554800305459,0.0,12.353756063624422,0.0,7.644350567614968,0.0,7.769213254474835,0.0,12.72089068834227,0.0,3.7129000952404136,0.0,3.9314504723745545,0.0,0.7918275166260222,0.0,-0.37096521460317966,0.0,0.9274401165336873,0.0,""
"2026-09-25 17:23:02","git-master-bddc7a050319718b5e4e0856afec0bc9ea96418f","C:\Users\marco\Desktop\ds004507\derivatives\labels\sub-011\ses-headUp\anat\sub-011_ses-headUp_T2w_seg-manual.nii.gz","803","5","",78.7328629734304,0.0,1.1437065840679739,0.0,12.19293609586729,0.0,7.702422053257174,0.0,8.017954053028088,0.0,12.699679848634695,0.0,3.820708471209263,0.0,3.881713582047911,0.0,0.7754660369323718,0.0,-2.0561628021046463,0.0,0.9523555168527588,0.0,""
"2026-09-25 17:23:02","git-master-bddc7a050319718b5e4e0856afec0bc9ea96418f","C:\Users\marco\Desktop\ds004507\derivatives\labels\sub-011\ses-headUp\anat\sub-011_ses-headUp_T2w_seg-manual.nii.gz","804","5","",80.57245757010017,0.0,1.1332152862889138,0.0,12.032235330066658,0.0,7.707709906828873,0.0,7.981622455070556,0.0,12.942893749675541,0.0,3.708773972899592,0.0,3.9989359339292814,0.0,0.7871619132956693,0.0,-1.3349298668494745,0.0,0.9673762359908353,0.0,""
"2026-09-25 17:23:02","git-master-bddc7a050319718b5e4e0856afec0bc9ea96418f","C:\Users\marco\Desktop\ds004507\derivatives\labels\sub-011\ses-headUp\anat\sub-011_ses-headUp_T2w_seg-manual.nii.gz","805","5","",78.90337791388075,0.0,1.1240809371140108,0.0,11.871657069544533,0.0,7.71537750661369,0.0,7.99499876925747,0.0,12.780999181369543,0.0,3.67286215135978,0.0,4.042515355253911,0.0,0.780159748466821,0.0,-2.134221777444175,0.0,0.9649050466953865,0.0,""
"2026-09-25 17:23:02","git-master-bddc7a050319718b5e4e0856afec0bc9ea96418f","C:\Users\marco\Desktop\ds004507\derivatives\labels\sub-011\ses-headUp\anat\sub-011_ses-headUp_T2w_seg-manual.nii.gz","806","5","",76.736380724626,0.0,1.1163035624207296,0.0,11.711204607125,0.0,7.482722814630583,0.0,7.717983354705358,0.0,12.792687364668806,0.0,3.5420163007534127,0.0,3.940706513877171,0.0,0.7973903649521824,0.0,-1.740758766366644,0.0,0.9696997160296821,0.0,""
"2026-09-25 17:23:02","git-master-bddc7a050319718b5e4e0856afec0bc9ea96418f","C:\Users\marco\Desktop\ds004507\derivatives\labels\sub-011\ses-headUp\anat\sub-011_ses-headUp_T2w_seg-manual.nii.gz","807","5","",76.71162948131258,0.0,1.109883183969001,0.0,11.550881224794258,0.0,7.419782542805905,0.0,7.625533062069488,0.0,12.838300435049677,0.0,3.6442359755769376,0.0,3.775546567228967,0.0,0.8044810420839711,0.0,-3.3049960330795494,0.0,0.9644875625530684,0.0,""
"2026-09-25 17:23:02","git-master-bddc7a050319718b5e4e0856afec0bc9ea96418f","C:\Users\marco\Desktop\ds004507\derivatives\labels\sub-011\ses-headUp\anat\sub-011_ses-headUp_T2w_seg-manual.nii.gz","808","5","",78.76891787762301,0.0,1.1048198195294752,0.0,11.3906901933637,0.0,7.387447633537677,0.0,7.6059022608069355,0.0,13.193922587849334,0.0,3.6147969879771162,0.0,3.772650645560561,0.0,0.8169655431057896,0.0,-3.9967752265681966,0.0,0.9598658336809412,0.0,""
"2026-09-25 17:23:02","git-master-bddc7a050319718b5e4e0856afec0bc9ea96418f","C:\Users\marco\Desktop\ds004507\derivatives\labels\sub-011\ses-headUp\anat\sub-011_ses-headUp_T2w_seg-manual.nii.gz","809","5","",80.96086052870169,0.0,1.1011134829892881,0.0,11.230634772136092,0.0,7.631336389421401,0.0,7.691742644285464,0.0,13.383474790783266,0.0,3.7539654666373248,0.0,3.8773709227840754,0.0,0.8183526944560249,0.0,-2.8892366824548645,0.0,0.9680782527476309,0.0,""
"2026-09-25 17:23:02","git-master-bddc7a050319718b5e4e0856afec0bc9ea96418f","C:\Users\marco\Desktop\ds004507\derivatives\labels\sub-011\ses-headUp\anat\sub-011_ses-headUp_T2w_seg-manual.nii.gz","810","5","",79.23730180854227,0.0,1.0987641844353473,0.0,11.070718208575002,0.0,7.708072134063486,0.0,7.669783827071237,0.0,13.143857796011234,0.0,3.7094144530181685,0.0,3.998657681045317,0.0,0.8120249782793296,0.0,-1.8687837892047632,0.0,0.959807551061565,0.0,""
"2026-09-25 17:23:02","git-master-bddc7a050319718b5e4e0856afec0bc9ea96418f","C:\Users\marco\Desktop\ds004507\derivatives\labels\sub-011\ses-headUp\anat\sub-011_ses-headUp_T2w_seg-manual.nii.gz","811","5","",77.6455804280018,0.0,1.0977719302151212,0.0,10.910943737977455,0.0,7.554607176684991,0.0,7.615166376937605,0.0,13.01356777648433,0.0,3.579149546853657,0.0,3.9754576298313333,0.0,0.8109096388435381,0.0,-1.4309875326175534,0.0,0.9582493103779005,0.0,""
"2026-09-25 17:23:02","git-master-bddc7a050319718b5e4e0856afec0bc9ea96418f","C:\Users\marco\Desktop\ds004507\derivatives\labels\sub-011\ses-headUp\anat\sub-011_ses-headUp_T2w_seg-manual.nii.gz","812","5","",77.82264210384099,0.0,1.098136722974938,0.0,10.751314583150005,0.0,7.412413022155228,0.0,7.6019526661291845,0.0,13.093598980083476,0.0,3.5992327287316455,0.0,3.8131802934235823,0.0,0.8141820141133126,0.0,-1.7417324448638614,0.0,0.9533315514954411,0.0,""
"2026-09-25 17:23:02","git-master-bddc7a050319718b5e4e0856afec0bc9ea96418f","C:\Users\marco\Desktop\ds004507\derivatives\labels\sub-011\ses-headUp\anat\sub-011_ses-headUp_T2w_seg-manual.nii.gz","813","5","",78.58164006554767,0.0,1.099858561675789,0.0,10.591833954088228,0.0,7.566879425177454,0.0,7.710828099377517,0.0,13.106423688754367,0.0,3.7350845454265382,0.0,3.8317948797509165,0.0,0.8085597512609572,0.0,-1.404254657922332,0.0,0.9537859015879674,0.0,""
"2026-09-25 17:23:02","git-master-bddc7a050319718b5e4e0856afec0bc9ea96418f","C:\Users\marco\Desktop\ds004507\derivatives\labels\sub-011\ses-headUp\anat\sub-011_ses-headUp_T2w_seg-manual.nii.gz","814","5","",79.61216708525714,0.0,1.1029374415866393,0.0,10.432505047659735,0.0,7.7049189880936515,0.0,7.78514597230585,0.0,13.1535031419388,0.0,3.7462821364221237,0.0,3.958636851671528,0.0,0.8060248749427659,0.0,-1.3111643715283154,0.0,0.9579493355122027,0.0,""
"2026-09-25 17:23:02","git-master-bddc7a050319718b5e4e0856afec0bc9ea96418f","C:\Users\marco\Desktop\ds004507\derivatives\labels\sub-011\ses-headUp\anat\sub-011_ses-headUp_T2w_seg-manual.nii.gz","815","5","",79.31522039177591,0.0,1.107373354255241,0.0,10.273331047290776,0.0,7.668664338982948,0.0,7.748415104835043,0.0,13.15399662458632,0.0,3.6900206947855523,0.0,3.9786436441973962,0.0,0.8080949578998154,0.0,-1.3455241495341235,0.0,0.9601114302697585,0.0,""
"2026-09-25 17:23:02","git-master-bddc7a050319718b5e4e0856afec0bc9ea96418f","C:\Users\marco\Desktop\ds004507\derivatives\labels\sub-011\ses-headUp\anat\sub-011_ses-headUp_T2w_seg-manual.nii.gz","816","5","",78.28790934484137,0.0,1.1131662874564532,0.0,10.114315122656532,0.0,7.374725586787064,0.0,7.606656972111362,0.0,13.229904025453022,0.0,3.590298060570444,0.0,3.7844275262166205,0.0,0.8179766797713662,0.0,-0.4411263996270033,0.0,0.9659728970429686,0.0,""
"2026-09-25 17:23:02","git-master-bddc7a050319718b5e4e0856afec0bc9ea96418f","C:\Users\marco\Desktop\ds004507\derivatives\labels\sub-011\ses-headUp\anat\sub-011_ses-headUp_T2w_seg-manual.nii.gz","817","5","",77.4122352915299,0.0,1.1203162251180716,0.0,9.955460429375115,0.0,7.152481209580831,0.0,7.416809527327167,0.0,13.327394807678775,0.0,3.496085187249802,0.0,3.6563960223310294,0.0,0.830798926014767,0.0,0.12678165744050895,0.0,0.9629400208554306,0.0,""
"2026-09-25 17:23:02","git-master-bddc7a050319718b5e4e0856afec0bc9ea96418f","C:\Users\marco\Desktop\ds004507\derivatives\labels\sub-011\ses-headUp\anat\sub-011_ses-headUp_T2w_seg-manual.nii.gz","818","5","",76.39533436754111,0.0,1.1288231472241694,0.0,9.796770108705404,0.0,7.21103419256605,0.0,7.409902571771909,0.0,13.159027584908271,0.0,3.5093723420005833,0.0,3.7016618505654666,0.0,0.8260571032495043,0.0,0.5060701365121516,0.0,0.9529826114434623,0.0,""
"2026-09-25 17:23:02","git-master-bddc7a050319718b5e4e0856afec0bc9ea96418f","C:\Users\marco\Desktop\ds004507\derivatives\labels\sub-011\ses-headUp\anat\sub-011_ses-headUp_T2w_seg-manual.nii.gz","819","5","",77.41000834145359,0.0,1.1386870296959521,0.0,9.638247287248737,0.0,7.403209734263172,0.0,7.5613145579853684,0.0,13.058248226551662,0.0,3.6605885560175047,0.0,3.742621178245668,0.0,0.8152958255625717,0.0,-0.7642556978962267,0.0,0.9551781087946039,0.0,""
"2026-09-25 17:23:02","git-master-bddc7a050319718b5e4e0856afec0bc9ea96418f","C:\Users\marco\Desktop\ds004507\derivatives\labels\sub-011\ses-headUp\anat\sub-011_ses-headUp_T2w_seg-manual.nii.gz","820","5","",79.03712372802454,0.0,1.1499078442501323,0.0,9.479895076654543,0.0,7.40509434907592,0.0,7.598072533126957,0.0,13.181878136640172,0.0,3.7357749538979443,0.0,3.6693193951779755,0.0,0.8171538844415471,0.0,-2.499712292651463,0.0,0.9700856783780021,0.0,""
"2026-09-25 17:23:02","git-master-bddc7a050319718b5e4e0856afec0bc9ea96418f","C:\Users\marco\Desktop\ds004507\derivatives\labels\sub-011\ses-headUp\anat\sub-011_ses-headUp_T2w_seg-manual.nii.gz","821","5","",78.72529768102453,0.0,1.1624855582348306,0.0,9.321716573329992,0.0,7.17059178362025,0.0,7.516638677050583,0.0,13.288701407805702,0.0,3.6175928778055333,0.0,3.5529989058147167,0.0,0.8245303237172814,0.0,-1.922891774282718,0.0,0.9793479144511429,0.0,""
"2026-09-25 17:23:02","git-master-bddc7a050319718b5e4e0856afec0bc9ea96418f","C:\Users\marco\Desktop\ds004507\derivatives\labels\sub-011\ses-headUp\anat\sub-011_ses-headUp_T2w_seg-manual.nii.gz","822","5","",79.45550095544779,0.0,1.1764201344430083,0.0,9.163714858153694,0.0,7.1787673817409505,0.0,7.480039560322215,0.0,13.48761314023619,0.0,3.5753475017909886,0.0,3.603419879949962,0.0,0.8321268649961674,0.0,-2.869066568506476,0.0,0.9703432033383441,0.0,""
"2026-09-25 17:23:02","git-master-bddc7a050319718b5e4e0856afec0bc9ea96418f","C:\Users\marco\Desktop\ds004507\derivatives\labels\sub-011\ses-headUp\anat\sub-011_ses-headUp_T2w_seg-manual.nii.gz","823","5","",79.50243025890232,0.0,1.1917115309034405,0.0,9.005892996193543,0.0,7.220596129405514,0.0,7.513096901188796,0.0,13.491542108895414,0.0,3.5657756178862794,0.0,3.6548205115192345,0.0,0.8305689896189329,0.0,-3.810376363155679,0.0,0.9599634381240953,0.0,""
"2026-09-25 17:23:02","git-master-bddc7a050319718b5e4e0856afec0bc9ea96418f","C:\Users\marco\Desktop\ds004507\derivatives\labels\sub-011\ses-headUp\anat\sub-011_ses-headUp_T2w_seg-manual.nii.gz","824","5","",78.52749267506782,0.0,1.207859641091889,0.0,8.84765094262878,0.0,7.318554740347453,0.0,7.523707166060047,0.0,13.285452207206106,0.0,3.6101848378319303,0.0,3.7083699025155226,0.0,0.8241211803088255,0.0,-4.069367274271967,0.0,0.948326979630149,0.0,""
"2026-09-25 17:23:02","git-master-bddc7a050319718b5e4e0856afec0bc9ea96418f","C:\Users\marco\Desktop\ds004507\derivatives\labels\sub-011\ses-headUp\anat\sub-011_ses-headUp_T2w_seg-manual.nii.gz","825","5","",79.18977152189696,0.0,1.2232531324017655,0.0,8.687046541822848,0.0,7.393404644149631,0.0,7.66591865096119,0.0,13.270243466535696,0.0,3.6403743603387353,0.0,3.753030283810895,0.0,0.8162568410699884,0.0,-2.641348887087533,0.0,0.943803172261214,0.0,""
"2026-09-25 17:23:02","git-master-bddc7a050319718b5e4e0856afec0bc9ea96418f","C:\Users\marco\Desktop\ds004507\derivatives\labels\sub-011\ses-headUp\anat\sub-011_ses-headUp_T2w_seg-manual.nii.gz","826","5","",81.2920865803588,0.0,1.2366696709545526,0.0,8.522600945092556,0.0,7.539316512466553,0.0,7.793510171017221,0.0,13.423148578585984,0.0,3.7169126189085704,0.0,3.8224038935579823,0.0,0.8140687268287022,0.0,-2.980339146107312,0.0,0.9529473817733022,0.0,""
"2026-09-25 17:23:02","git-master-bddc7a050319718b5e4e0856afec0bc9ea96418f","C:\Users\marco\Desktop\ds004507\derivatives\labels\sub-011\ses-headUp\anat\sub-011_ses-headUp_T2w_seg-manual.nii.gz","827","5","",81.62448699621092,0.0,1.2481093148441322,0.0,8.354307040523418,0.0,7.781412434193349,0.0,7.940041734131479,0.0,13.276390042238816,0.0,3.8339220408640804,0.0,3.9474903933292693,0.0,0.8014558746629249,0.0,-4.458851853079157,0.0,0.963922205246931,0.0,""
"2026-09-25 17:23:02","git-master-bddc7a050319718b5e4e0856afec0bc9ea96418f","C:\Users\marco\Desktop\ds004507\derivatives\labels\sub-011\ses-headUp\anat\sub-011_ses-headUp_T2w_seg-manual.nii.gz","828","5","",80.1586564170934,0.0,1.2575721145101826,0.0,8.182157863082377,0.0,7.782074447560108,0.0,7.833807305164669,0.0,13.157044710091483,0.0,3.7883037433802516,0.0,3.9937707041798562,0.0,0.8034218191987756,0.0,-4.118824716541607,0.0,0.9595301445017388,0.0,""
"2026-09-25 17:23:02","git-master-bddc7a050319718b5e4e0856afec0bc9ea96418f","C:\Users\marco\Desktop\ds004507\derivatives\labels\sub-011\ses-headUp\anat\sub-011_ses-headUp_T2w_seg-manual.nii.gz","829","5","",80.54207507196794,0.0,1.265058112330568,0.0,8.00614661713469,0.0,7.784477651145607,0.0,7.847538006727119,0.0,13.155255171339727,0.0,3.739931609692864,0.0,4.044546041452742,0.0,0.8025625434151867,0.0,-3.2566665417755334,0.0,0.9644781681454454,0.0,""
"2026-09-25 17:23:02","git-master-bddc7a050319718b5e4e0856afec0bc9ea96418f","C:\Users\marco\Desktop\ds004507\derivatives\labels\sub-011\ses-headUp\anat\sub-011_ses-headUp_T2w_seg-manual.nii.gz","830","5","",80.68999410244325,0.0,1.2705673422832844,0.0,7.826266699629029,0.0,7.703008697748269,0.0,7.7579997743008535,0.0,13.269010242165352,0.0,3.701950779931749,0.0,4.001057917816519,0.0,0.8112631144121699,0.0,-1.7169108661473684,0.0,0.9609545927030462,0.0,""
"2026-09-25 17:23:02","git-master-bddc7a050319718b5e4e0856afec0bc9ea96418f","C:\Users\marco\Desktop\ds004507\derivatives\labels\sub-011\ses-headUp\anat\sub-011_ses-headUp_T2w_seg-manual.nii.gz","831","5","",78.81526873641782,0.0,1.2740998296779495,0.0,7.642511723952784,0.0,7.430413964026386,0.0,7.589887694638223,0.0,13.236526171772764,0.0,3.764400689818682,0.0,3.666013274207705,0.0,0.8192523897753251,0.0,-1.6170294685744762,0.0,0.9534337538373457,0.0,""
"2026-09-25 17:23:02","git-master-bddc7a050319718b5e4e0856afec0bc9ea96418f","C:\Users\marco\Desktop\ds004507\derivatives\labels\sub-011\ses-headUp\anat\sub-011_ses-headUp_T2w_seg-manual.nii.gz","832","5","",79.5023678935215,0.0,1.275655590956816,0.0,7.454875544458416,0.0,7.443920602744689,0.0,7.512770819854133,0.0,13.402165902891747,0.0,3.630336359521007,0.0,3.8135842432236826,0.0,0.8280745063870465,0.0,-1.874298467073267,0.0,0.9601277337307849,0.0,""
"2026-09-25 17:23:02","git-master-bddc7a050319718b5e4e0856afec0bc9ea96418f","C:\Users\marco\Desktop\ds004507\derivatives\labels\sub-011\ses-headUp\anat\sub-011_ses-headUp_T2w_seg-manual.nii.gz","833","5","",78.83990365349021,0.0,1.2752346335652955,0.0,7.2633522816605485,0.0,7.603644736246798,0.0,7.668168914850476,0.0,13.050293950330321,0.0,3.643898326254467,0.0,3.9597464099923303,0.0,0.8091617837126657,0.0,-2.155669288352662,0.0,0.9631780551093537,0.0,""
"2026-09-25 17:23:02","git-master-bddc7a050319718b5e4e0856afec0bc9ea96418f","C:\Users\marco\Desktop\ds004507\derivatives\labels\sub-011\ses-headUp\anat\sub-011_ses-headUp_T2w_seg-manual.nii.gz","834","4","",78.87505224145241,0.0,1.272691594853616,0.0,7.0614984740684035,0.0,7.815037983545203,0.0,7.844258674983394,0.0,12.812065413245733,0.0,3.7031133886897845,0.0,4.111924594855418,0.0,0.7906599091352298,0.0,-3.2391986400212134,0.0,0.9749068322981367,0.0,""
"2026-09-25 17:23:02","git-master-bddc7a050319718b5e4e0856afec0bc9ea96418f","C:\Users\marco\Desktop\ds004507\derivatives\labels\sub-011\ses-headUp\anat\sub-011_ses-headUp_T2w_seg-manual.nii.gz","835","4","",79.85966987116039,0.0,1.2695905593683388,0.0,6.924157161350048,0.0,7.766989633835567,0.0,7.756666367267475,0.0,13.172109617459254,0.0,3.6677442914827636,0.0,4.099245342352803,0.0,0.8077426073402226,0.0,-2.6140808201700594,0.0,0.9650137136560804,0.0,""
"2026-09-25 17:23:02","git-master-bddc7a050319718b5e4e0856afec0bc9ea96418f","C:\Users\marco\Desktop\ds004507\derivatives\labels\sub-011\ses-headUp\anat\sub-011_ses-headUp_T2w_seg-manual.nii.gz","836","4","",80.0032923510198,0.0,1.2657866781456533,0.0,6.785427998882317,0.0,7.6868283478118755,0.0,7.74490484003521,0.0,13.277077594996333,0.0,3.6004249274503035,0.0,4.086403420361572,0.0,0.8121274299832384,0.0,-2.0793337568112085,0.0,0.9625054623338729,0.0,""
"2026-09-25 17:23:02","git-master-bddc7a050319718b5e4e0856afec0bc9ea96418f","C:\Users\marco\Desktop\ds004507\derivatives\labels\sub-011\ses-headUp\anat\sub-011_ses-headUp_T2w_seg-manual.nii.gz","837","4","",79.30591968103062,0.0,1.2612799511855597,0.0,6.645310986665209,0.0,7.57455412547413,0.0,7.808974093286597,0.0,13.126969345856967,0.0,3.501155296592404,0.0,4.073398828881726,0.0,0.8038143770642769,0.0,-1.6349574499446609,0.0,0.9673820783315145,0.0,""
"2026-09-25 17:23:02","git-master-bddc7a050319718b5e4e0856afec0bc9ea96418f","C:\Users\marco\Desktop\ds004507\derivatives\labels\sub-011\ses-headUp\anat\sub-011_ses-headUp_T2w_seg-manual.nii.gz","838","4","",78.84810390453832,0.0,1.2553675109263214,0.0,6.502414970987051,0.0,7.495875248613448,0.0,7.695045404923569,0.0,13.170387336374796,0.0,3.4666845916347007,0.0,4.029190656978748,0.0,0.8114949416515438,0.0,-1.3957797485845076,0.0,0.9638667831103005,0.0,""
"2026-09-25 17:23:02","git-master-bddc7a050319718b5e4e0856afec0bc9ea96418f","C:\Users\marco\Desktop\ds004507\derivatives\labels\sub-011\ses-headUp\anat\sub-011_ses-headUp_T2w_seg-manual.nii.gz","839","4","",78.63059132455986,0.0,1.2487521998499358,0.0,6.358127956842718,0.0,7.382443665016121,0.0,7.6033212912950505,0.0,13.254604391922848,0.0,3.4339871758803584,0.0,3.9484564891357623,0.0,0.819024194526262,0.0,-2.114497511498071,0.0,0.9550539117231182,0.0,""
"2026-09-25 17:23:02","git-master-bddc7a050319718b5e4e0856afec0bc9ea96418f","C:\Users\marco\Desktop\ds004507\derivatives\labels\sub-011\ses-headUp\anat\sub-011_ses-headUp_T2w_seg-manual.nii.gz","840","4","",78.65338194109523,0.0,1.2414340179564027,0.0,6.21244994423221,0.0,7.234259374682147,0.0,7.533801752401041,0.0,13.379620512501127,0.0,3.403063049329378,0.0,3.8311963253527694,0.0,0.8264021356884316,0.0,-3.7911107386853518,0.0,0.9409434641699675,0.0,""
"2026-09-25 17:23:02","git-master-bddc7a050319718b5e4e0856afec0bc9ea96418f","C:\Users\marco\Desktop\ds004507\derivatives\labels\sub-011\ses-headUp\anat\sub-011_ses-headUp_T2w_seg-manual.nii.gz","841","4","",79.91477971882178,0.0,1.2327100598225038,0.0,6.063987274841024,0.0,7.379906453160913,0.0,7.694659780029691,0.0,13.397646581553776,0.0,3.499329526201245,0.0,3.880576926959668,0.0,0.8185724216609305,0.0,-4.50405079603718,0.0,0.9507791202392095,0.0,""
"2026-09-25 17:23:02","git-master-bddc7a050319718b5e4e0856afec0bc9ea96418f","C:\Users\marco\Desktop\ds004507\derivatives\labels\sub-011\ses-headUp\anat\sub-011_ses-headUp_T2w_seg-manual.nii.gz","842","4","",80.0573888799693,0.0,1.2232831932784083,0.0,5.914131125767794,0.0,7.4194056217721895,0.0,7.702922175288482,0.0,13.439420571358516,0.0,3.5664090095624865,0.0,3.8529966122097026,0.0,0.819338934994619,0.0,-4.212817618767437,0.0,0.9515967076542519,0.0,""
"2026-09-25 17:23:02","git-master-bddc7a050319718b5e4e0856afec0bc9ea96418f","C:\Users\marco\Desktop\ds004507\derivatives\labels\sub-011\ses-headUp\anat\sub-011_ses-headUp_T2w_seg-manual.nii.gz","843","4","",79.0812094245378,0.0,1.213153418324116,0.0,5.76288149701252,0.0,7.352756880515974,0.0,7.558588938177415,0.0,13.504942481915348,0.0,3.6043014994131015,0.0,3.7484553811028727,0.0,0.828701675689497,0.0,-2.917411206876124,0.0,0.9433962264150944,0.0,""
"2026-09-25 17:23:02","git-master-bddc7a050319718b5e4e0856afec0bc9ea96418f","C:\Users\marco\Desktop\ds004507\derivatives\labels\sub-011\ses-headUp\anat\sub-011_ses-headUp_T2w_seg-manual.nii.gz","844","4","",78.88493980453926,0.0,1.2016177803495018,0.0,5.608842987714161,0.0,7.277888593516953,0.0,7.46105146171049,0.0,13.56450267365118,0.0,3.493694712773259,0.0,3.784193880743694,0.0,0.8350828812462637,0.0,-3.074838342449401,0.0,0.9626962289108515,0.0,""
"2026-09-25 17:23:02","git-master-bddc7a050319718b5e4e0856afec0bc9ea96418f","C:\Users\marco\Desktop\ds004507\derivatives\labels\sub-011\ses-headUp\anat\sub-011_ses-headUp_T2w_seg-manual.nii.gz","845","4","",78.78571368809473,0.0,1.1893791851603919,0.0,5.4534092805683185,0.0,7.317851369716862,0.0,7.46753367756061,0.0,13.500934338320834,0.0,3.498454079623125,0.0,3.819397290093736,0.0,0.8329227805048011,0.0,-2.626474574137083,0.0,0.9638529269367181,0.0,""
"2026-09-25 17:23:02","git-master-bddc7a050319718b5e4e0856afec0bc9ea96418f","C:\Users\marco\Desktop\ds004507\derivatives\labels\sub-011\ses-headUp\anat\sub-011_ses-headUp_T2w_seg-manual.nii.gz","846","4","",78.78353107520422,0.0,1.1764376327567858,0.0,5.296580375574992,0.0,7.472645209115699,0.0,7.5780355857277755,0.0,13.314237475924308,0.0,3.6185795999627004,0.0,3.854065609152999,0.0,0.8222213734651089,0.0,-1.572319901939171,0.0,0.9468663204926941,0.0,""
"2026-09-25 17:23:02","git-master-bddc7a050319718b5e4e0856afec0bc9ea96418f","C:\Users\marco\Desktop\ds004507\derivatives\labels\sub-011\ses-headUp\anat\sub-011_ses-headUp_T2w_seg-manual.nii.gz","847","4","",79.28623527325841,0.0,1.1620901097750704,0.0,5.136959990851358,0.0,7.478961316557281,0.0,7.655320757224764,0.0,13.332639278585136,0.0,3.6489572801545527,0.0,3.8300040364027286,0.0,0.8187208573526271,0.0,-2.472912477037078,0.0,0.950247429828314,0.0,""
"2026-09-25 17:23:02","git-master-bddc7a050319718b5e4e0856afec0bc9ea96418f","C:\Users\marco\Desktop\ds004507\derivatives\labels\sub-011\ses-headUp\anat\sub-011_ses-headUp_T2w_seg-manual.nii.gz","848","4","",79.78857190769297,0.0,1.1470395713222445,0.0,4.975943552571973,0.0,7.514186692148113,0.0,7.703434594408006,0.0,13.328198799646348,0.0,3.6757589767482624,0.0,3.8384277153998507,0.0,0.8160457897505523,0.0,-3.3004161068173636,0.0,0.9522503925909895,0.0,""
"2026-09-25 17:23:02","git-master-bddc7a050319718b5e4e0856afec0bc9ea96418f","C:\Users\marco\Desktop\ds004507\derivatives\labels\sub-011\ses-headUp\anat\sub-011_ses-headUp_T2w_seg-manual.nii.gz","849","4","",80.29054097850792,0.0,1.1312860173983086,0.0,4.813531060736836,0.0,7.5783213358881945,0.0,7.7223770972775005,0.0,13.300916039107944,0.0,3.6989846897438294,0.0,3.8793366461443655,0.0,0.8141961706588845,0.0,-4.054830791280028,0.0,0.9528752087807206,0.0,""
"2026-09-25 17:23:02","git-master-bddc7a050319718b5e4e0856afec0bc9ea96418f","C:\Users\marco\Desktop\ds004507\derivatives\labels\sub-011\ses-headUp\anat\sub-011_ses-headUp_T2w_seg-manual.nii.gz","850","4","",79.82772807596814,0.0,1.1141263685356877,0.0,4.648326317027995,0.0,7.549333666888394,0.0,7.721219014968645,0.0,13.296919898164049,0.0,3.670222603979057,0.0,3.8791110629093373,0.0,0.8141338332994267,0.0,-3.253054410588707,0.0,0.9533877139583684,0.0,""
"2026-09-25 17:23:02","git-master-bddc7a050319718b5e4e0856afec0bc9ea96418f","C:\Users\marco\Desktop\ds004507\derivatives\labels\sub-011\ses-headUp\anat\sub-011_ses-headUp_T2w_seg-manual.nii.gz","851","4","",79.60567764799926,0.0,1.0962636387092455,0.0,4.481725629495158,0.0,7.531772211472839,0.0,7.6933871362768675,0.0,13.277123041189208,0.0,3.672905430720837,0.0,3.858866780752003,0.0,0.8150094524618042,0.0,-3.076243241312448,0.0,0.9569162555098517,0.0,""
"2026-09-25 17:23:02","git-master-bddc7a050319718b5e4e0856afec0bc9ea96418f","C:\Users\marco\Desktop\ds004507\derivatives\labels\sub-011\ses-headUp\anat\sub-011_ses-headUp_T2w_seg-manual.nii.gz","852","4","",79.62438969460129,0.0,1.0776978279189817,0.0,4.313728998138327,0.0,7.525636969641531,0.0,7.638881461202168,0.0,13.241525468183424,0.0,3.7070331699691694,0.0,3.8186037996723616,0.0,0.8168230281460169,0.0,-3.52439728345125,0.0,0.9634608334351705,0.0,""
"2026-09-25 17:23:02","git-master-bddc7a050319718b5e4e0856afec0bc9ea96418f","C:\Users\marco\Desktop\ds004507\derivatives\labels\sub-011\ses-headUp\anat\sub-011_ses-headUp_T2w_seg-manual.nii.gz","853","4","",78.91810971816876,0.0,1.0577257859167284,0.0,4.142941379094385,0.0,7.464015224143557,0.0,7.614150835417425,0.0,13.159698666299285,0.0,3.695634153082137,0.0,3.76838107106142,0.0,0.8156090611031216,0.0,-3.091795739619684,0.0,0.956179095344853,0.0,""
"2026-09-25 17:23:02","git-master-bddc7a050319718b5e4e0856afec0bc9ea96418f","C:\Users\marco\Desktop\ds004507\derivatives\labels\sub-011\ses-headUp\anat\sub-011_ses-headUp_T2w_seg-manual.nii.gz","854","4","",79.17709244446328,0.0,1.037050592895806,0.0,3.9707589976035913,0.0,7.427537586632205,0.0,7.656367528263021,0.0,13.180262676531623,0.0,3.6683933655968066,0.0,3.759144221035398,0.0,0.8139831971694027,0.0,-2.832038290984636,0.0,0.9551873504221241,0.0,""
"2026-09-25 17:23:02","git-master-bddc7a050319718b5e4e0856afec0bc9ea96418f","C:\Users\marco\Desktop\ds004507\derivatives\labels\sub-011\ses-headUp\anat\sub-011_ses-headUp_T2w_seg-manual.nii.gz","855","4","",80.40133787348482,0.0,1.0156722488562144,0.0,3.797181853665946,0.0,7.416204057107474,0.0,7.765531539738953,0.0,13.303217498880437,0.0,3.625310807513178,0.0,3.790893249594296,0.0,0.81194543634486,0.0,-2.7451249375461066,0.0,0.960485598666984,0.0,""
"2026-09-25 17:23:02","git-master-bddc7a050319718b5e4e0856afec0bc9ea96418f","C:\Users\marco\Desktop\ds004507\derivatives\labels\sub-011\ses-headUp\anat\sub-011_ses-headUp_T2w_seg-manual.nii.gz","856","4","",80.90083797488995,0.0,0.9928875312246219,0.0,3.620817237877119,0.0,7.4291541795159945,0.0,7.668432565187706,0.0,13.4690208001028,0.0,3.5835758781853433,0.0,3.8455783013306513,0.0,0.821949495855125,0.0,-2.9503394627677952,0.0,0.9593910799727741,0.0,""
"2026-09-25 17:23:02","git-master-bddc7a050319718b5e4e0856afec0bc9ea96418f","C:\Users\marco\Desktop\ds004507\derivatives\labels\sub-011\ses-headUp\anat\sub-011_ses-headUp_T2w_seg-manual.nii.gz","857","4","",80.55436897232066,0.0,0.9693995910895546,0.0,3.443060221659625,0.0,7.456102725465508,0.0,7.641248251887605,0.0,13.421618282016853,0.0,3.5727929204938516,0.0,3.883309804971656,0.0,0.8219229374771125,0.0,-2.871750770638547,0.0,0.9577126644261764,0.0,""
"2026-09-25 17:23:02","git-master-bddc7a050319718b5e4e0856afec0bc9ea96418f","C:\Users\marco\Desktop\ds004507\derivatives\labels\sub-011\ses-headUp\anat\sub-011_ses-headUp_T2w_seg-manual.nii.gz","858","4","",79.36193086577691,0.0,0.9452084284510127,0.0,3.2639108050134644,0.0,7.497049694956013,0.0,7.683978599838652,0.0,13.161009944622595,0.0,3.5929619344387023,0.0,3.904087760517311,0.0,0.8118657612108224,0.0,-2.509358861158362,0.0,0.9554503520271911,0.0,""
"2026-09-25 17:23:02","git-master-bddc7a050319718b5e4e0856afec0bc9ea96418f","C:\Users\marco\Desktop\ds004507\derivatives\labels\sub-011\ses-headUp\anat\sub-011_ses-headUp_T2w_seg-manual.nii.gz","859","4","",80.10133291114967,0.0,0.9196107504566728,0.0,3.0819799044066025,0.0,7.4182499663145105,0.0,7.678876967634911,0.0,13.382587330823906,0.0,3.547646638406292,0.0,3.870603327908219,0.0,0.8188949534582223,0.0,-2.5860279294317383,0.0,0.9576064868069584,0.0,""
"2026-09-25 17:23:02","git-master-bddc7a050319718b5e4e0856afec0bc9ea96418f","C:\Users\marco\Desktop\ds004507\derivatives\labels\sub-011\ses-headUp\anat\sub-011_ses-headUp_T2w_seg-manual.nii.gz","860","4","",80.4779466583381,0.0,0.8933097806349434,0.0,2.8986602572998117,0.0,7.378484818136444,0.0,7.66679585731689,0.0,13.499386803067267,0.0,3.539939533349413,0.0,3.838545284787031,0.0,0.8230700686644598,0.0,-2.439463918532445,0.0,0.9526336082705315,0.0,""
"2026-09-25 17:23:02","git-master-bddc7a050319718b5e4e0856afec0bc9ea96418f","C:\Users\marco\Desktop\ds004507\derivatives\labels\sub-011\ses-headUp\anat\sub-011_ses-headUp_T2w_seg-manual.nii.gz","861","4","",80.4917721073422,0.0,0.8663055189858243,0.0,2.7139518636930924,0.0,7.377754250421814,0.0,7.64773526888459,0.0,13.511408361352677,0.0,3.5698406192680654,0.0,3.8079136311537485,0.0,0.8243911068295346,0.0,-2.069666828460483,0.0,0.9405317164179104,0.0,""
"2026-09-25 17:23:02","git-master-bddc7a050319718b5e4e0856afec0bc9ea96418f","C:\Users\marco\Desktop\ds004507\derivatives\labels\sub-011\ses-headUp\anat\sub-011_ses-headUp_T2w_seg-manual.nii.gz","862","4","",79.31801086897183,0.0,0.8378946084739815,0.0,2.5264706704408284,0.0,7.30142750129735,0.0,7.561053741347044,0.0,13.389006158008806,0.0,3.5084245706869903,0.0,3.79300293061036,0.0,0.8252851707657135,0.0,-2.285656267470183,0.0,0.9560649892894495,0.0,""
"2026-09-25 17:23:02","git-master-bddc7a050319718b5e4e0856afec0bc9ea96418f","C:\Users\marco\Desktop\ds004507\derivatives\labels\sub-011\ses-headUp\anat\sub-011_ses-headUp_T2w_seg-manual.nii.gz","863","4","",78.49475125213364,0.0,0.8087803430216121,0.0,2.337605789465643,0.0,7.263867889808663,0.0,7.505644340398003,0.0,13.30674665195916,0.0,3.486394538625846,0.0,3.7774733511828167,0.0,0.8257420066454192,0.0,-2.4161414425209737,0.0,0.9644896058019202,0.0,""
"2026-09-25 17:23:02","git-master-bddc7a050319718b5e4e0856afec0bc9ea96418f","C:\Users\marco\Desktop\ds004507\derivatives\labels\sub-011\ses-headUp\anat\sub-011_ses-headUp_T2w_seg-manual.nii.gz","864","4","",78.02199325682764,0.0,0.778962722628716,0.0,2.1473572207675358,0.0,7.265075415955751,0.0,7.481507066037466,0.0,13.264629843203743,0.0,3.503750523084632,0.0,3.761324892871119,0.0,0.8257616144686518,0.0,-2.461122353612856,0.0,0.9658055659553226,0.0,""
"2026-09-25 17:23:02","git-master-bddc7a050319718b5e4e0856afec0bc9ea96418f","C:\Users\marco\Desktop\ds004507\derivatives\labels\sub-011\ses-headUp\anat\sub-011_ses-headUp_T2w_seg-manual.nii.gz","865","4","",77.7674561859994,0.0,0.7477383366820529,0.0,1.9543474601951176,0.0,7.330336603445807,0.0,7.477361158653608,0.0,13.223923002728712,0.0,3.5289806938200696,0.0,3.8013559096257374,0.0,0.824785669002549,0.0,-2.3609313958697595,0.0,0.9508567572792251,0.0,""
"2026-09-25 17:23:02","git-master-bddc7a050319718b5e4e0856afec0bc9ea96418f","C:\Users\marco\Desktop\ds004507\derivatives\labels\sub-011\ses-headUp\anat\sub-011_ses-headUp_T2w_seg-manual.nii.gz","866","4","",77.52339737988166,0.0,0.7158105434016654,0.0,1.7599605894321144,0.0,7.371670018990679,0.0,7.525386542803378,0.0,13.141668965484842,0.0,3.5478437747279354,0.0,3.823826244262744,0.0,0.8196889312587533,0.0,-2.568099595916357,0.0,0.9468140576422758,0.0,""
"2026-09-25 17:23:02","git-master-bddc7a050319718b5e4e0856afec0bc9ea96418f","C:\Users\marco\Desktop\ds004507\derivatives\labels\sub-011\ses-headUp\anat\sub-011_ses-headUp_T2w_seg-manual.nii.gz","867","4","",77.28981683847441,0.0,0.6831793427875533,0.0,1.5641966084785262,0.0,7.389075662590369,0.0,7.625583218486779,0.0,13.01786773147213,0.0,3.56033976580823,0.0,3.828735896782139,0.0,0.8104714012372647,0.0,-3.0826269537526483,0.0,0.9536774670444745,0.0,""
"2026-09-25 17:23:02","git-master-bddc7a050319718b5e4e0856afec0bc9ea96418f","C:\Users\marco\Desktop\ds004507\derivatives\labels\sub-011\ses-headUp\anat\sub-011_ses-headUp_T2w_seg-manual.nii.gz","868","4","",77.29680610908052,0.0,0.6491412862221632,0.0,1.3656861950773698,0.0,7.3925854962104065,0.0,7.620642873984806,0.0,13.054247331838894,0.0,3.5696148157466054,0.0,3.8229706804638006,0.0,0.8119171123976239,0.0,-3.4678312699019815,0.0,0.9521704917138801,0.0,""
"2026-09-25 17:23:02","git-master-bddc7a050319718b5e4e0856afec0bc9ea96418f","C:\Users\marco\Desktop\ds004507\derivatives\labels\sub-011\ses-headUp\anat\sub-011_ses-headUp_T2w_seg-manual.nii.gz","869","4","",77.06125927948611,0.0,0.6143997856182527,0.0,1.1658068818547882,0.0,7.43232556625179,0.0,7.641793933379915,0.0,12.984967903688554,0.0,3.6186295718277295,0.0,3.813695994424061,0.0,0.8083677138589159,0.0,-3.282198009977131,0.0,0.9525784126878738,0.0,""
"2026-09-25 17:23:02","git-master-bddc7a050319718b5e4e0856afec0bc9ea96418f","C:\Users\marco\Desktop\ds004507\derivatives\labels\sub-011\ses-headUp\anat\sub-011_ses-headUp_T2w_seg-manual.nii.gz","870","4","",76.58317634969119,0.0,0.5789548409758218,0.0,0.9645586688107819,0.0,7.5082958727145215,0.0,7.689036396672105,0.0,12.810029447021112,0.0,3.7073840340516018,0.0,3.8009118386629197,0.0,0.7998232056211407,0.0,-2.5257271739780967,0.0,0.9549012299664554,0.0,""
"2026-09-25 17:23:02","git-master-bddc7a050319718b5e4e0856afec0bc9ea96418f","C:\Users\marco\Desktop\ds004507\derivatives\labels\sub-011\ses-headUp\anat\sub-011_ses-headUp_T2w_seg-manual.nii.gz","871","3","",77.31580090940356,0.0,0.5236770595234181,0.0,0.6585939087173738,0.0,7.507107426851215,0.0,7.662787135399886,0.0,12.988047555894708,0.0,3.7133763989283746,0.0,3.7937310279228402,0.0,0.8074122987094305,0.0,-2.188448969202468,0.0,0.950998407448242,0.0,""
"2026-09-25 17:23:02","git-master-bddc7a050319718b5e4e0856afec0bc9ea96418f","C:\Users\marco\Desktop\ds004507\derivatives\labels\sub-011\ses-headUp\anat\sub-011_ses-headUp_T2w_seg-manual.nii.gz","872","3","",76.69417517413291,0.0,0.4769158436343381,0.0,0.3952272991283468,0.0,7.5049011359059605,0.0,7.6630650835672025,0.0,12.88528184185775,0.0,3.71861975509403,0.0,3.78628138081193,0.0,0.8039289437491054,0.0,-1.5672194804986601,0.0,0.9453018557510731,0.0,""
"2026-09-25 17:23:02","git-master-bddc7a050319718b5e4e0856afec0bc9ea96418f","C:\Users\marco\Desktop\ds004507\derivatives\labels\sub-011\ses-headUp\anat\sub-011_ses-headUp_T2w_seg-manual.nii.gz","873","3","",75.80888973693263,0.0,0.43308644138930363,0.0,0.13499064425384819,0.0,7.506159079826937,0.0,7.61009184005233,0.0,12.829050290643124,0.0,3.6482370300951876,0.0,3.8579220497317497,0.0,0.8050609845556634,0.0,-1.8607784917924866,0.0,0.9471524752079933,0.0,""
"2026-09-25 17:23:02","git-master-bddc7a050319718b5e4e0856afec0bc9ea96418f","C:\Users\marco\Desktop\ds004507\derivatives\labels\sub-011\ses-headUp\anat\sub-011_ses-headUp_T2w_seg-manual.nii.gz","874","3","",75.50681558573294,0.0,0.3921889949245835,0.0,-0.12210602968791737,0.0,7.505559972027409,0.0,7.589023104976953,0.0,12.80424501678226,0.0,3.6207482103549977,0.0,3.8848117616724114,0.0,0.8054260960881219,0.0,-1.7082214510591738,0.0,0.9489029494116523,0.0,""
"2026-09-25 17:23:02","git-master-bddc7a050319718b5e4e0856afec0bc9ea96418f","C:\Users\marco\Desktop\ds004507\derivatives\labels\sub-011\ses-headUp\anat\sub-011_ses-headUp_T2w_seg-manual.nii.gz","875","3","",75.50569196879341,0.0,0.35422362538901087,0.0,-0.3760533306332747,0.0,7.50414648120299,0.0,7.608751102928342,0.0,12.765563997683834,0.0,3.6189016743045785,0.0,3.885244806898412,0.0,0.8029382938970429,0.0,-1.346158797350387,0.0,0.9516241668921516,0.0,""
"2026-09-25 17:23:02","git-master-bddc7a050319718b5e4e0856afec0bc9ea96418f","C:\Users\marco\Desktop\ds004507\derivatives\labels\sub-011\ses-headUp\anat\sub-011_ses-headUp_T2w_seg-manual.nii.gz","876","3","",75.28124644587477,0.0,0.3191904350684808,0.0,-0.6268424864516352,0.0,7.503907205758476,0.0,7.629620595813541,0.0,12.693457552799893,0.0,3.614526326210087,0.0,3.8893808795483884,0.0,0.7991902146718293,0.0,-1.3432581717500496,0.0,0.9536542375995399,0.0,""
"2026-09-25 17:23:02","git-master-bddc7a050319718b5e4e0856afec0bc9ea96418f","C:\Users\marco\Desktop\ds004507\derivatives\labels\sub-011\ses-headUp\anat\sub-011_ses-headUp_T2w_seg-manual.nii.gz","877","3","",74.77307905371143,0.0,0.28708950940879757,0.0,-0.874465330672263,0.0,7.505105417541541,0.0,7.612992471729752,0.0,12.63034503162535,0.0,3.6081150404903384,0.0,3.896990377051203,0.0,0.797918858467495,0.0,-1.8189952856508997,0.0,0.9518222560460003,0.0,""
"2026-09-25 17:23:02","git-master-bddc7a050319718b5e4e0856afec0bc9ea96418f","C:\Users\marco\Desktop\ds004507\derivatives\labels\sub-011\ses-headUp\anat\sub-011_ses-headUp_T2w_seg-manual.nii.gz","878","3","",74.75794489674655,0.0,0.2579209189368587,0.0,-1.1189142881622145,0.0,7.506169557101189,0.0,7.579257821820209,0.0,12.680578368050076,0.0,3.6029760711764323,0.0,3.903193485924757,0.0,0.8017153489340668,0.0,-2.1866248863230133,0.0,0.9512801261075984,0.0,""
"2026-09-25 17:23:02","git-master-bddc7a050319718b5e4e0856afec0bc9ea96418f","C:\Users\marco\Desktop\ds004507\derivatives\labels\sub-011\ses-headUp\anat\sub-011_ses-headUp_T2w_seg-manual.nii.gz","879","3","",74.43876177333419,0.0,0.23213586750570053,0.0,-1.3596916449328753,0.0,7.507900227770128,0.0,7.562562342943054,0.0,12.647319445163898,0.0,3.67987051781476,0.0,3.828029709955368,0.0,0.8015275680717138,0.0,-2.63551343821137,0.0,0.950857490542081,0.0,""
"2026-09-25 17:23:02","git-master-bddc7a050319718b5e4e0856afec0bc9ea96418f","C:\Users\marco\Desktop\ds004507\derivatives\labels\sub-011\ses-headUp\anat\sub-011_ses-headUp_T2w_seg-manual.nii.gz","880","3","",74.93492221952613,0.0,0.20939605444703516,0.0,-1.5971566698771367,0.0,7.504762061428633,0.0,7.55121243538307,0.0,12.712740549413297,0.0,3.6761427498689003,0.0,3.828619311559733,0.0,0.8044635538399619,0.0,-2.186844329611762,0.0,0.9532245487539904,0.0,""
"2026-09-25 17:23:02","git-master-bddc7a050319718b5e4e0856afec0bc9ea96418f","C:\Users\marco\Desktop\ds004507\derivatives\labels\sub-011\ses-headUp\anat\sub-011_ses-headUp_T2w_seg-manual.nii.gz","881","3","",74.66375247384175,0.0,0.18958872518903355,0.0,-1.8314263405874294,0.0,7.427763498580235,0.0,7.498055194957568,0.0,12.69379900097291,0.0,3.5864653273944023,0.0,3.8412981711858327,0.0,0.8069018629668021,0.0,-1.6803916277799142,0.0,0.9506877000457247,0.0,""
"2026-09-25 17:23:02","git-master-bddc7a050319718b5e4e0856afec0bc9ea96418f","C:\Users\marco\Desktop\ds004507\derivatives\labels\sub-011\ses-headUp\anat\sub-011_ses-headUp_T2w_seg-manual.nii.gz","882","3","",74.38649789902847,0.0,0.17271390338660964,0.0,-2.0624957555401644,0.0,7.323831323334027,0.0,7.437496097654406,0.0,12.719522141714913,0.0,3.51510651970764,0.0,3.8087248036263874,0.0,0.811189055364326,0.0,-1.617470956634896,0.0,0.958097867143289,0.0,""
"2026-09-25 17:23:02","git-master-bddc7a050319718b5e4e0856afec0bc9ea96418f","C:\Users\marco\Desktop\ds004507\derivatives\labels\sub-011\ses-headUp\anat\sub-011_ses-headUp_T2w_seg-manual.nii.gz","883","3","",74.98603805239041,0.0,0.15877160727433504,0.0,-2.2903605064570605,0.0,7.341586645503855,0.0,7.426200700110291,0.0,12.834864328249356,0.0,3.568195806135996,0.0,3.77339083936786,0.0,0.815606907462901,0.0,-1.9757903312224856,0.0,0.9619386898977565,0.0,""
"2026-09-25 17:23:02","git-master-bddc7a050319718b5e4e0856afec0bc9ea96418f","C:\Users\marco\Desktop\ds004507\derivatives\labels\sub-011\ses-headUp\anat\sub-011_ses-headUp_T2w_seg-manual.nii.gz","884","3","",76.2318366501844,0.0,0.14776185055210678,0.0,-2.5150166640198273,0.0,7.478705156641102,0.0,7.495029871935928,0.0,12.93925968172299,0.0,3.7049577349335534,0.0,3.773747421707548,0.0,0.8151226722999849,0.0,-2.5186971902313924,0.0,0.9495922199803364,0.0,""
"2026-09-25 17:23:02","git-master-bddc7a050319718b5e4e0856afec0bc9ea96418f","C:\Users\marco\Desktop\ds004507\derivatives\labels\sub-011\ses-headUp\anat\sub-011_ses-headUp_T2w_seg-manual.nii.gz","885","3","",76.4097678957564,0.0,0.1396846431688741,0.0,-2.7364607636307796,0.0,7.384551746433488,0.0,7.606056657347261,0.0,12.88928696604684,0.0,3.6710260270382244,0.0,3.713525719395264,0.0,0.8073155527543253,0.0,-3.2439099092725425,0.0,0.9549895755385934,0.0,""
"2026-09-25 17:23:02","git-master-bddc7a050319718b5e4e0856afec0bc9ea96418f","C:\Users\marco\Desktop\ds004507\derivatives\labels\sub-011\ses-headUp\anat\sub-011_ses-headUp_T2w_seg-manual.nii.gz","886","3","",74.83420528441306,0.0,0.1348783644217359,0.0,-2.954318442996394,0.0,7.387821324144132,0.0,7.573506580069319,0.0,12.679294241328504,0.0,3.64814237564082,0.0,3.739678948503312,0.0,0.801993938472129,0.0,-3.836107265840546,0.0,0.955647847040184,0.0,""
"2026-09-25 17:23:02","git-master-bddc7a050319718b5e4e0856afec0bc9ea96418f","C:\Users\marco\Desktop\ds004507\derivatives\labels\sub-011\ses-headUp\anat\sub-011_ses-headUp_T2w_seg-manual.nii.gz","887","3","",73.54054123182765,0.0,0.1332302282362006,0.0,-3.1687102055906253,0.0,7.383473408934368,0.0,7.465207115548909,0.0,12.537602812059925,0.0,3.622869101492124,0.0,3.760604307442243,0.0,0.8034140707384745,0.0,-3.4831052311746142,0.0,0.943707085261904,0.0,""
"2026-09-25 17:23:02","git-master-bddc7a050319718b5e4e0856afec0bc9ea96418f","C:\Users\marco\Desktop\ds004507\derivatives\labels\sub-011\ses-headUp\anat\sub-011_ses-headUp_T2w_seg-manual.nii.gz","888","3","",73.20279508735325,0.0,0.1345146539806098,0.0,-3.3798815998255987,0.0,7.379744025117082,0.0,7.463617814390142,0.0,12.441390523355818,0.0,3.6614022364472167,0.0,3.718341788669865,0.0,0.800047197195399,0.0,-3.1954100519699757,0.0,0.9467945108517609,0.0,""
"2026-09-25 17:23:02","git-master-bddc7a050319718b5e4e0856afec0bc9ea96418f","C:\Users\marco\Desktop\ds004507\derivatives\labels\sub-011\ses-headUp\anat\sub-011_ses-headUp_T2w_seg-manual.nii.gz","889","3","",73.02126423332113,0.0,0.1387316404944344,0.0,-3.58783121837819,0.0,7.319327720560971,0.0,7.496629833752003,0.0,12.410608535465423,0.0,3.6132495779495506,0.0,3.7060781426114207,0.0,0.7969452485037221,0.0,-3.1987539365457724,0.0,0.961377971192413,0.0,""
"2026-09-25 17:23:02","git-master-bddc7a050319718b5e4e0856afec0bc9ea96418f","C:\Users\marco\Desktop\ds004507\derivatives\labels\sub-011\ses-headUp\anat\sub-011_ses-headUp_T2w_seg-manual.nii.gz","890","3","",72.83908014838238,0.0,0.1458811846521292,0.0,-3.792558023988113,0.0,7.261903975034963,0.0,7.475886775886157,0.0,12.437721552936665,0.0,3.564801900714197,0.0,3.6971020743207657,0.0,0.7991598231477435,0.0,-3.585584764933758,0.0,0.9723345822204786,0.0,""
"2026-09-25 17:23:02","git-master-bddc7a050319718b5e4e0856afec0bc9ea96418f","C:\Users\marco\Desktop\ds004507\derivatives\labels\sub-011\ses-headUp\anat\sub-011_ses-headUp_T2w_seg-manual.nii.gz","891","3","",72.814546071418,0.0,0.155963281110273,0.0,-3.9940613360360047,0.0,7.31574508120506,0.0,7.433699241399772,0.0,12.460973564740529,0.0,3.646000216088687,0.0,3.6697448651163733,0.0,0.802532183947438,0.0,-3.910677149273586,0.0,0.9690664708646968,0.0,""
"2026-09-25 17:23:02","git-master-bddc7a050319718b5e4e0856afec0bc9ea96418f","C:\Users\marco\Desktop\ds004507\derivatives\labels\sub-011\ses-headUp\anat\sub-011_ses-headUp_T2w_seg-manual.nii.gz","892","3","",72.8321492738837,0.0,0.16897792195274694,0.0,-4.192340817229814,0.0,7.501876488389497,0.0,7.524050321495346,0.0,12.396203670854925,0.0,3.771019359687436,0.0,3.7308571287020604,0.0,0.7947250814279093,0.0,-3.1219472666912136,0.0,0.9573820522318915,0.0,""
"2026-09-25 17:23:02","git-master-bddc7a050319718b5e4e0856afec0bc9ea96418f","C:\Users\marco\Desktop\ds004507\derivatives\labels\sub-011\ses-headUp\anat\sub-011_ses-headUp_T2w_seg-manual.nii.gz","893","3","",73.43671345318755,0.0,0.18515067399646223,0.0,-4.3871485176743485,0.0,7.5827850880817085,0.0,7.572889535681631,0.0,12.36497937620857,0.0,3.739222582925043,0.0,3.8435625051566658,0.0,0.7905090652239469,0.0,-1.5873878846315133,0.0,0.958475931166555,0.0,""
"2026-09-25 17:23:02","git-master-bddc7a050319718b5e4e0856afec0bc9ea96418f","C:\Users\marco\Desktop\ds004507\derivatives\labels\sub-011\ses-headUp\anat\sub-011_ses-headUp_T2w_seg-manual.nii.gz","894","3","",73.45745614899512,0.0,0.2045943035965709,0.0,-4.578361048582474,0.0,7.58679814638439,0.0,7.619509934774772,0.0,12.348369238922153,0.0,3.7887160104696025,0.0,3.7980821359147883,0.0,0.786921804002039,0.0,-1.5594229072959314,0.0,0.9594439496102998,0.0,""
"2026-09-25 17:23:02","git-master-bddc7a050319718b5e4e0856afec0bc9ea96418f","C:\Users\marco\Desktop\ds004507\derivatives\labels\sub-011\ses-headUp\anat\sub-011_ses-headUp_T2w_seg-manual.nii.gz","895","3","",73.19637464652824,0.0,0.22697041670722126,0.0,-4.766351259060996,0.0,7.6234471257473135,0.0,7.576350161402142,0.0,12.33666264182827,0.0,3.845809167317683,0.0,3.7776379584296302,0.0,0.7891957439008415,0.0,-3.071217898856462,0.0,0.9503178626561066,0.0,""
"2026-09-25 17:23:02","git-master-bddc7a050319718b5e4e0856afec0bc9ea96418f","C:\Users\marco\Desktop\ds004507\derivatives\labels\sub-011\ses-headUp\anat\sub-011_ses-headUp_T2w_seg-manual.nii.gz","896","3","",72.67381940418588,0.0,0.25227898112767455,0.0,-4.951120290602909,0.0,7.637636360809301,0.0,7.571674073365145,0.0,12.306587617654307,0.0,3.8376454563787004,0.0,3.799990904430601,0.0,0.7883158102194088,0.0,-3.740795943069899,0.0,0.9476162642736318,0.0,""
"2026-09-25 17:23:02","git-master-bddc7a050319718b5e4e0856afec0bc9ea96418f","C:\Users\marco\Desktop\ds004507\derivatives\labels\sub-011\ses-headUp\anat\sub-011_ses-headUp_T2w_seg-manual.nii.gz","897","3","",72.59282633195232,0.0,0.28051995615576975,0.0,-5.1326695414379495,0.0,7.618334031133688,0.0,7.5827650276831635,0.0,12.294330034784219,0.0,3.786752103057047,0.0,3.8315819280766403,0.0,0.7871400440010822,0.0,-3.4588263847996763,0.0,0.9526198353660636,0.0,""
"2026-09-25 17:23:02","git-master-bddc7a050319718b5e4e0856afec0bc9ea96418f","C:\Users\marco\Desktop\ds004507\derivatives\labels\sub-011\ses-headUp\anat\sub-011_ses-headUp_T2w_seg-manual.nii.gz","898","3","",73.01360828905163,0.0,0.31169329119679473,0.0,-5.3110006545168345,0.0,7.595037873713989,0.0,7.577130613026217,0.0,12.293704735641722,0.0,3.764706771744703,0.0,3.830331101969285,0.0,0.7874655195164889,0.0,-3.0846211817392213,0.0,0.9581817998668454,0.0,""
"2026-09-25 17:23:02","git-master-bddc7a050319718b5e4e0856afec0bc9ea96418f","C:\Users\marco\Desktop\ds004507\derivatives\labels\sub-011\ses-headUp\anat\sub-011_ses-headUp_T2w_seg-manual.nii.gz","899","3","",72.87521005170878,0.0,0.3457989242705004,0.0,-5.486115505638418,0.0,7.557810989547635,0.0,7.5865275463750175,0.0,12.24329176929152,0.0,3.7876949743536055,0.0,3.7701160151940294,0.0,0.7848622436062012,0.0,-2.928533822747914,0.0,0.961500902264415,0.0,""
"2026-09-25 17:23:02","git-master-bddc7a050319718b5e4e0856afec0bc9ea96418f","C:\Users\marco\Desktop\ds004507\derivatives\labels\sub-011\ses-headUp\anat\sub-011_ses-headUp_T2w_seg-manual.nii.gz","900","3","",71.94724559363232,0.0,0.3829495534483054,0.0,-5.657892687515243,0.0,7.245656169705039,0.0,7.4714859155601445,0.0,12.26867918103218,0.0,3.6156751177129034,0.0,3.629981051992135,0.0,0.7931741517682295,0.0,-2.658666949853894,0.0,0.9763262387122045,0.0,""
"2026-09-25 17:23:02","git-master-bddc7a050319718b5e4e0856afec0bc9ea96418f","C:\Users\marco\Desktop\ds004507\derivatives\labels\sub-011\ses-headUp\anat\sub-011_ses-headUp_T2w_seg-manual.nii.gz","901","3","",72.50134074855865,0.0,0.4234833735874112,0.0,-5.825964743235126,0.0,7.5332068997662525,0.0,7.658321112170264,0.0,12.17233805247479,0.0,3.779542972352506,0.0,3.753663927413747,0.0,0.7771626591068133,0.0,-2.439414449358077,0.0,0.9536071346759797,0.0,""
"2026-09-25 17:23:02","git-master-bddc7a050319718b5e4e0856afec0bc9ea96418f","C:\Users\marco\Desktop\ds004507\derivatives\labels\sub-011\ses-headUp\anat\sub-011_ses-headUp_T2w_seg-manual.nii.gz","902","3","",73.05684662507731,0.0,0.4669491483878609,0.0,-5.990828811499605,0.0,7.670694673149289,0.0,7.7787429160795325,0.0,12.086230460909894,0.0,3.8561155893932177,0.0,3.8145790837560716,0.0,0.7652857822079804,0.0,-2.682776553160991,0.0,0.9509406658374401,0.0,""
"2026-09-25 17:23:02","git-master-bddc7a050319718b5e4e0856afec0bc9ea96418f","C:\Users\marco\Desktop\ds004507\derivatives\labels\sub-011\ses-headUp\anat\sub-011_ses-headUp_T2w_seg-manual.nii.gz","903","3","",73.4355017570756,0.0,0.513346729489114,0.0,-6.152487728927795,0.0,7.81979148720942,0.0,7.832139906403059,0.0,12.009433612074789,0.0,3.8407501325268094,0.0,3.9790413546826096,0.0,0.7580508979681682,0.0,-2.9371737643512725,0.0,0.9528073701336316,0.0,""
"2026-09-25 17:23:02","git-master-bddc7a050319718b5e4e0856afec0bc9ea96418f","C:\Users\marco\Desktop\ds004507\derivatives\labels\sub-011\ses-headUp\anat\sub-011_ses-headUp_T2w_seg-manual.nii.gz","904","3","",73.73512324516555,0.0,0.5626759435111368,0.0,-6.310944489080178,0.0,7.885026089380192,0.0,7.8838514493767855,0.0,11.935641656381856,0.0,3.793533366094168,0.0,4.0914927232860245,0.0,0.7507360669874096,0.0,-3.933747981275486,0.0,0.9623096869181553,0.0,""
"2026-09-25 17:23:02","git-master-bddc7a050319718b5e4e0856afec0bc9ea96418f","C:\Users\marco\Desktop\ds004507\derivatives\labels\sub-011\ses-headUp\anat\sub-011_ses-headUp_T2w_seg-manual.nii.gz","905","3","",73.73875156550473,0.0,0.6149365895281756,0.0,-6.46620223212122,0.0,7.851954494963344,0.0,7.958785390692933,0.0,11.848887666414834,0.0,3.7841031618344343,0.0,4.06785133312891,0.0,0.7407533977352414,0.0,-5.552784723591457,0.0,0.9761421775698761,0.0,""
"2026-09-25 17:23:02","git-master-bddc7a050319718b5e4e0856afec0bc9ea96418f","C:\Users\marco\Desktop\ds004507\derivatives\labels\sub-011\ses-headUp\anat\sub-011_ses-headUp_T2w_seg-manual.nii.gz","906","3","",72.89396801185922,0.0,0.6701284364413284,0.0,-6.618264234638447,0.0,7.853622727718761,0.0,7.994467447205465,0.0,11.720872510538886,0.0,3.8372944524339334,0.0,4.016328275284828,0.0,0.7312837534722226,0.0,-6.481390965098875,0.0,0.9787165198373626,0.0,""
"2026-09-25 17:23:02","git-master-bddc7a050319718b5e4e0856afec0bc9ea96418f","C:\Users\marco\Desktop\ds004507\derivatives\labels\sub-011\ses-headUp\anat\sub-011_ses-headUp_T2w_seg-manual.nii.gz","907","3","",71.00829253237865,0.0,0.7282512202499445,0.0,-6.7671338996181305,0.0,7.796779698987434,0.0,7.864622256047752,0.0,11.517170524603312,0.0,3.8700420615191433,0.0,3.926737637468291,0.0,0.7305486757287011,0.0,-6.30534283685861,0.0,0.9681171319102354,0.0,""
"2026-09-25 17:23:02","git-master-bddc7a050319718b5e4e0856afec0bc9ea96418f","C:\Users\marco\Desktop\ds004507\derivatives\labels\sub-011\ses-headUp\anat\sub-011_ses-headUp_T2w_seg-manual.nii.gz","908","2","",72.39426364053784,0.0,0.7998063307879956,0.0,-6.935600727442093,0.0,8.009792590344919,0.0,8.03099108728755,0.0,11.510016702382817,0.0,3.9407366740013994,0.0,4.069055916343519,0.0,0.7163517699272957,0.0,-6.80499933860684,0.0,0.966804979253112,0.0,""
"2026-09-25 17:23:02","git-master-bddc7a050319718b5e4e0856afec0bc9ea96418f","C:\Users\marco\Desktop\ds004507\derivatives\labels\sub-011\ses-headUp\anat\sub-011_ses-headUp_T2w_seg-manual.nii.gz","909","2","",72.9255495183192,0.0,0.8577756571931223,0.0,-7.06137934181189,0.0,8.10952053408285,0.0,8.12316013251096,0.0,11.439776692695903,0.0,3.9813925321177406,0.0,4.12812800196511,0.0,0.7040315505322108,0.0,-6.776004801448471,0.0,0.9637013694687568,0.0,""
"2026-09-25 17:23:02","git-master-bddc7a050319718b5e4e0856afec0bc9ea96418f","C:\Users\marco\Desktop\ds004507\derivatives\labels\sub-011\ses-headUp\anat\sub-011_ses-headUp_T2w_seg-manual.nii.gz","910","2","",72.88043664917336,0.0,0.9179083542918739,0.0,-7.184810614251213,0.0,8.138070459981071,0.0,8.09514431062879,0.0,11.415814178817019,0.0,4.022595307668217,0.0,4.115475152312854,0.0,0.7050639013939847,0.0,-6.768065035928256,0.0,0.9644811978304183,0.0,""
"2026-09-25 17:23:02","git-master-bddc7a050319718b5e4e0856afec0bc9ea96418f","C:\Users\marco\Desktop\ds004507\derivatives\labels\sub-011\ses-headUp\anat\sub-011_ses-headUp_T2w_seg-manual.nii.gz","911","2","",72.69140652595057,0.0,0.9796670491734593,0.0,-7.305102077184467,0.0,8.16872213627728,0.0,8.058584716989182,0.0,11.4205645950711,0.0,4.097590472726262,0.0,4.071131663551019,0.0,0.7085894354988127,0.0,-6.957797413873008,0.0,0.9673968026702362,0.0,""
"2026-09-25 17:23:02","git-master-bddc7a050319718b5e4e0856afec0bc9ea96418f","C:\Users\marco\Desktop\ds004507\derivatives\labels\sub-011\ses-headUp\anat\sub-011_ses-headUp_T2w_seg-manual.nii.gz","912","2","",72.57493420457881,0.0,1.0425143871576887,0.0,-7.421461747752636,0.0,8.22827802635393,0.0,8.08210002331305,0.0,11.432743720668293,0.0,4.20156477707928,0.0,4.026713249274652,0.0,0.7072879537548552,0.0,-7.448989147583444,0.0,0.9704983515195428,0.0,""
"2026-09-25 17:23:02","git-master-bddc7a050319718b5e4e0856afec0bc9ea96418f","C:\Users\marco\Desktop\ds004507\derivatives\labels\sub-011\ses-headUp\anat\sub-011_ses-headUp_T2w_seg-manual.nii.gz","913","2","",71.45211790681569,0.0,1.1056936003482525,0.0,-7.53104743954172,0.0,8.048373318811759,0.0,8.017129021766234,0.0,11.384637707657983,0.0,4.061785862903993,0.0,3.986587455907767,0.0,0.7099960542559034,0.0,-8.027312995903408,0.0,0.9684183650770021,0.0,""
"2026-09-25 17:23:02","git-master-bddc7a050319718b5e4e0856afec0bc9ea96418f","C:\Users\marco\Desktop\ds004507\derivatives\labels\sub-011\ses-headUp\anat\sub-011_ses-headUp_T2w_seg-manual.nii.gz","914","2","",71.62459824224555,0.0,1.1691570270240692,0.0,-7.634837140117314,0.0,8.092637094766062,0.0,8.061112822623837,0.0,11.342971374947686,0.0,4.136656846701608,0.0,3.955980248064454,0.0,0.7034643951727734,0.0,-6.784679541158496,0.0,0.9655473981128013,0.0,""
"2026-09-25 17:23:02","git-master-bddc7a050319718b5e4e0856afec0bc9ea96418f","C:\Users\marco\Desktop\ds004507\derivatives\labels\sub-011\ses-headUp\anat\sub-011_ses-headUp_T2w_seg-manual.nii.gz","915","2","",72.42063499610825,0.0,1.2328729300308743,0.0,-7.733480896446607,0.0,8.162074295381338,0.0,8.125352886761705,0.0,11.371069982990676,0.0,4.192966045085564,0.0,3.9691082502957733,0.0,0.6995624570506584,0.0,-5.981511161378948,0.0,0.9645701671392777,0.0,""
"2026-09-25 17:23:02","git-master-bddc7a050319718b5e4e0856afec0bc9ea96418f","C:\Users\marco\Desktop\ds004507\derivatives\labels\sub-011\ses-headUp\anat\sub-011_ses-headUp_T2w_seg-manual.nii.gz","916","2","",73.45654231366389,0.0,1.2968411785371834,0.0,-7.826983557903993,0.0,8.167622293459795,0.0,8.158936298835881,0.0,11.491944030317386,0.0,4.173241041425856,0.0,3.9943812520339397,0.0,0.7040797047678071,0.0,-6.132784223754207,0.0,0.9666982334970532,0.0,""
"2026-09-25 17:23:02","git-master-bddc7a050319718b5e4e0856afec0bc9ea96418f","C:\Users\marco\Desktop\ds004507\derivatives\labels\sub-011\ses-headUp\anat\sub-011_ses-headUp_T2w_seg-manual.nii.gz","917","2","",74.26512094587171,0.0,1.3611088768919097,0.0,-7.914388651552446,0.0,8.06191922642946,0.0,8.098765222494924,0.0,11.701261412588384,0.0,4.197503137435971,0.0,3.8644160889934884,0.0,0.7216616953856374,0.0,-5.919351114708463,0.0,0.9726249340213907,0.0,""
"2026-09-25 17:23:02","git-master-bddc7a050319718b5e4e0856afec0bc9ea96418f","C:\Users\marco\Desktop\ds004507\derivatives\labels\sub-011\ses-headUp\anat\sub-011_ses-headUp_T2w_seg-manual.nii.gz","918","2","",73.87704766589421,0.0,1.4256914818725799,0.0,-7.995385192508942,0.0,7.973742028315012,0.0,8.049767642951586,0.0,11.724082445136712,0.0,4.112395327593517,0.0,3.8613467007214957,0.0,0.7270280733721989,0.0,-5.4735522827961525,0.0,0.9616203494178867,0.0,""
"2026-09-25 17:23:02","git-master-bddc7a050319718b5e4e0856afec0bc9ea96418f","C:\Users\marco\Desktop\ds004507\derivatives\labels\sub-011\ses-headUp\anat\sub-011_ses-headUp_T2w_seg-manual.nii.gz","919","2","",73.47830925899746,0.0,1.4905258091959979,0.0,-8.0712609470317,0.0,7.877684088387244,0.0,8.054962372700052,0.0,11.662957209226455,0.0,4.046026274427451,0.0,3.8316578139597928,0.0,0.7231016089917073,0.0,-4.53818022640252,0.0,0.961449860950496,0.0,""
"2026-09-25 17:23:02","git-master-bddc7a050319718b5e4e0856afec0bc9ea96418f","C:\Users\marco\Desktop\ds004507\derivatives\labels\sub-011\ses-headUp\anat\sub-011_ses-headUp_T2w_seg-manual.nii.gz","920","2","",73.41359943220658,0.0,1.5556117157706018,0.0,-8.142019903801733,0.0,7.866790299495485,0.0,8.090843877670691,0.0,11.609695502555793,0.0,4.049032219849634,0.0,3.817758079645851,0.0,0.7171464419447633,0.0,-3.7481856534355646,0.0,0.9660969132320335,0.0,""
"2026-09-25 17:23:02","git-master-bddc7a050319718b5e4e0856afec0bc9ea96418f","C:\Users\marco\Desktop\ds004507\derivatives\labels\sub-011\ses-headUp\anat\sub-011_ses-headUp_T2w_seg-manual.nii.gz","921","2","",73.92733529796624,0.0,1.6209647548478543,0.0,-8.207346851555599,0.0,8.120100525277804,0.0,8.0992126763956,0.0,11.700703650782339,0.0,4.17200423519203,0.0,3.948096290085775,0.0,0.7217033491416095,0.0,-4.361146799263774,0.0,0.9552456628419546,0.0,""
"2026-09-25 17:23:02","git-master-bddc7a050319718b5e4e0856afec0bc9ea96418f","C:\Users\marco\Desktop\ds004507\derivatives\labels\sub-011\ses-headUp\anat\sub-011_ses-headUp_T2w_seg-manual.nii.gz","922","2","",74.51881951220338,0.0,1.686663132292137,0.0,-8.265652839148492,0.0,8.159262740555803,0.0,8.105177406527048,0.0,11.778291611525933,0.0,4.163592540706203,0.0,3.9956701998496005,0.0,0.7255574662165426,0.0,-4.431780660093195,0.0,0.9533661341023842,0.0,""
"2026-09-25 17:23:02","git-master-bddc7a050319718b5e4e0856afec0bc9ea96418f","C:\Users\marco\Desktop\ds004507\derivatives\labels\sub-011\ses-headUp\anat\sub-011_ses-headUp_T2w_seg-manual.nii.gz","923","2","",74.55063396796508,0.0,1.7526124111277728,0.0,-8.318858023753315,0.0,8.179827414630548,0.0,8.171546065957719,0.0,11.713992520157898,0.0,4.156377511738642,0.0,4.023449902891907,0.0,0.7162539301132504,0.0,-3.8427377744180786,0.0,0.9570432897713816,0.0,""
"2026-09-25 17:23:02","git-master-bddc7a050319718b5e4e0856afec0bc9ea96418f","C:\Users\marco\Desktop\ds004507\derivatives\labels\sub-011\ses-headUp\anat\sub-011_ses-headUp_T2w_seg-manual.nii.gz","924","2","",74.18212790828584,0.0,1.8188124355152104,0.0,-8.36696528950546,0.0,8.145389935595855,0.0,8.2096241599822,0.0,11.644611242176934,0.0,4.158425787334919,0.0,3.986964148260935,0.0,0.7091260573300839,0.0,-3.992691105009646,0.0,0.9577197853384192,0.0,""
"2026-09-25 17:23:02","git-master-bddc7a050319718b5e4e0856afec0bc9ea96418f","C:\Users\marco\Desktop\ds004507\derivatives\labels\sub-011\ses-headUp\anat\sub-011_ses-headUp_T2w_seg-manual.nii.gz","925","2","",73.70865228699914,0.0,1.8852630487174764,0.0,-8.409977437365526,0.0,8.03363800041035,0.0,8.143384020814809,0.0,11.703994055287875,0.0,4.172981227967908,0.0,3.860656772442442,0.0,0.7182453230090522,0.0,-6.042540329075211,0.0,0.9479600128491709,0.0,""
"2026-09-25 17:23:02","git-master-bddc7a050319718b5e4e0856afec0bc9ea96418f","C:\Users\marco\Desktop\ds004507\derivatives\labels\sub-011\ses-headUp\anat\sub-011_ses-headUp_T2w_seg-manual.nii.gz","926","2","",75.04858453734997,0.0,1.9520578540768614,0.0,-8.445989438696321,0.0,8.294808949704132,0.0,8.280419087607916,0.0,11.69773211123114,0.0,4.238293337380213,0.0,4.056515612323918,0.0,0.7062899431007734,0.0,-5.435944150467035,0.0,0.9456549076654522,0.0,""
"2026-09-25 17:23:02","git-master-bddc7a050319718b5e4e0856afec0bc9ea96418f","C:\Users\marco\Desktop\ds004507\derivatives\labels\sub-011\ses-headUp\anat\sub-011_ses-headUp_T2w_seg-manual.nii.gz","927","2","",75.58947839361085,0.0,2.0191183154627868,0.0,-8.476596138341925,0.0,8.351628006343837,0.0,8.296308161102338,0.0,11.720104099600064,0.0,4.173631718717417,0.0,4.17799628762642,0.0,0.7063272153484952,0.0,-5.368573854332221,0.0,0.9441795971189524,0.0,""
"2026-09-25 17:23:02","git-master-bddc7a050319718b5e4e0856afec0bc9ea96418f","C:\Users\marco\Desktop\ds004507\derivatives\labels\sub-011\ses-headUp\anat\sub-011_ses-headUp_T2w_seg-manual.nii.gz","928","2","",75.85963528218807,0.0,2.086428618702736,0.0,-8.502117339315323,0.0,8.29042624991003,0.0,8.286487065960534,0.0,11.74047903011976,0.0,4.116270040095393,0.0,4.174156209814638,0.0,0.708406115426362,0.0,-5.371621704573826,0.0,0.9501544603520545,0.0,""
"2026-09-25 17:23:02","git-master-bddc7a050319718b5e4e0856afec0bc9ea96418f","C:\Users\marco\Desktop\ds004507\derivatives\labels\sub-011\ses-headUp\anat\sub-011_ses-headUp_T2w_seg-manual.nii.gz","929","2","",76.14135423540549,0.0,2.153988593783037,0.0,-8.522554562947567,0.0,8.197445495909735,0.0,8.30687890373917,0.0,11.736382482759696,0.0,4.12547806705013,0.0,4.071967428859605,0.0,0.7063933342923876,0.0,-5.188301504786403,0.0,0.9635428989572535,0.0,""
"2026-09-25 17:23:02","git-master-bddc7a050319718b5e4e0856afec0bc9ea96418f","C:\Users\marco\Desktop\ds004507\derivatives\labels\sub-011\ses-headUp\anat\sub-011_ses-headUp_T2w_seg-manual.nii.gz","930","2","",76.40242323206998,0.0,2.2218603466355167,0.0,-8.53663906215302,0.0,8.290375427239832,0.0,8.380947541038756,0.0,11.674036730471066,0.0,4.117651286521765,0.0,4.172724140718067,0.0,0.6960919771463724,0.0,-4.801633853187139,0.0,0.9643251959807847,0.0,""
"2026-09-25 17:23:02","git-master-bddc7a050319718b5e4e0856afec0bc9ea96418f","C:\Users\marco\Desktop\ds004507\derivatives\labels\sub-011\ses-headUp\anat\sub-011_ses-headUp_T2w_seg-manual.nii.gz","931","2","",76.67097017741963,0.0,2.2900279145666977,0.0,-8.544690210785827,0.0,8.31856804475084,0.0,8.394449274425037,0.0,11.68535124139263,0.0,4.181370766665721,0.0,4.137197278085121,0.0,0.695654420556983,0.0,-5.1358120530925495,0.0,0.9692697479744217,0.0,""
"2026-09-25 17:23:02","git-master-bddc7a050319718b5e4e0856afec0bc9ea96418f","C:\Users\marco\Desktop\ds004507\derivatives\labels\sub-011\ses-headUp\anat\sub-011_ses-headUp_T2w_seg-manual.nii.gz","932","2","",76.7983582703933,0.0,2.3584443481165436,0.0,-8.547661172855062,0.0,8.335969788467589,0.0,8.398161208408045,0.0,11.696722537417724,0.0,4.231471218340978,0.0,4.104498570126611,0.0,0.6960502617250595,0.0,-5.604893156742595,0.0,0.967634119710757,0.0,""
"2026-09-25 17:23:02","git-master-bddc7a050319718b5e4e0856afec0bc9ea96418f","C:\Users\marco\Desktop\ds004507\derivatives\labels\sub-011\ses-headUp\anat\sub-011_ses-headUp_T2w_seg-manual.nii.gz","933","2","",76.97048325313847,0.0,2.4271094635101447,0.0,-8.545552107941607,0.0,8.390457777645254,0.0,8.428246825768746,0.0,11.687639041332082,0.0,4.264140773912499,0.0,4.126317003732756,0.0,0.6927465621282061,0.0,-5.879454957616254,0.0,0.9611507434627666,0.0,""
"2026-09-25 17:23:02","git-master-bddc7a050319718b5e4e0856afec0bc9ea96418f","C:\Users\marco\Desktop\ds004507\derivatives\labels\sub-011\ses-headUp\anat\sub-011_ses-headUp_T2w_seg-manual.nii.gz","934","2","",77.77468045835687,0.0,2.4960540906332946,0.0,-8.537727970626111,0.0,8.569090737034243,0.0,8.543505981759118,0.0,11.655905401457439,0.0,4.3287077206612095,0.0,4.240383016373032,0.0,0.6802270488278335,0.0,-5.509365856656658,0.0,0.9618217411942679,0.0,""
"2026-09-25 17:23:02","git-master-bddc7a050319718b5e4e0856afec0bc9ea96418f","C:\Users\marco\Desktop\ds004507\derivatives\labels\sub-011\ses-headUp\anat\sub-011_ses-headUp_T2w_seg-manual.nii.gz","935","2","",77.85130544968935,0.0,2.565324371219416,0.0,-8.52323517951724,0.0,8.60243114552079,0.0,8.589412562860348,0.0,11.618695605104293,0.0,4.327357368835199,0.0,4.2750737766855895,0.0,0.6733767583361476,0.0,-5.7462805934419325,0.0,0.9590966726950382,0.0,""
"2026-09-25 17:23:02","git-master-bddc7a050319718b5e4e0856afec0bc9ea96418f","C:\Users\marco\Desktop\ds004507\derivatives\labels\sub-011\ses-headUp\anat\sub-011_ses-headUp_T2w_seg-manual.nii.gz","936","2","",77.85770662645864,0.0,2.634842466125889,0.0,-8.503660134813535,0.0,8.543224401138112,0.0,8.581445544975175,0.0,11.63376021486671,0.0,4.289391294805922,0.0,4.2538331063321895,0.0,0.6751612162691735,0.0,-4.7109631257915705,0.0,0.9586894107056149,0.0,""
"2026-09-25 17:23:02","git-master-bddc7a050319718b5e4e0856afec0bc9ea96418f","C:\Users\marco\Desktop\ds004507\derivatives\labels\sub-011\ses-headUp\anat\sub-011_ses-headUp_T2w_seg-manual.nii.gz","937","2","",77.78581587560674,0.0,2.704608177335429,0.0,-8.479001625648255,0.0,8.439811166011935,0.0,8.553387875292831,0.0,11.668655520259925,0.0,4.225328002277107,0.0,4.214483163734828,0.0,0.6802041253436057,0.0,-3.430238408321256,0.0,0.9625104162440852,0.0,""
"2026-09-25 17:23:02","git-master-bddc7a050319718b5e4e0856afec0bc9ea96418f","C:\Users\marco\Desktop\ds004507\derivatives\labels\sub-011\ses-headUp\anat\sub-011_ses-headUp_T2w_seg-manual.nii.gz","938","2","",77.5363404746625,0.0,2.774621305834677,0.0,-8.449258347654524,0.0,8.351009691410148,0.0,8.54886460585972,0.0,11.671300415103097,0.0,4.146192040229983,0.0,4.204817651180166,0.0,0.6808004897638836,0.0,-3.5429304004383124,0.0,0.9721150255197311,0.0,""
"2026-09-25 17:23:02","git-master-bddc7a050319718b5e4e0856afec0bc9ea96418f","C:\Users\marco\Desktop\ds004507\derivatives\labels\sub-011\ses-headUp\anat\sub-011_ses-headUp_T2w_seg-manual.nii.gz","939","1","",76.82204845397506,0.0,2.866406006735836,0.0,-8.40092309841541,0.0,8.370186388418606,0.0,8.558321337684541,0.0,11.539172262507655,0.0,4.158547194016051,0.0,4.211639194402556,0.0,0.6707588651905969,0.0,-2.6015998920369254,0.0,0.9799847985812009,0.0,""
"2026-09-25 17:23:02","git-master-bddc7a050319718b5e4e0856afec0bc9ea96418f","C:\Users\marco\Desktop\ds004507\derivatives\labels\sub-011\ses-headUp\anat\sub-011_ses-headUp_T2w_seg-manual.nii.gz","940","1","",76.53078432345042,0.0,2.939085647320291,0.0,-8.35531910170924,0.0,8.39539896966898,0.0,8.53184396598192,0.0,11.487846147270277,0.0,4.2510253778069345,0.0,4.1443735918620455,0.0,0.6696398178816366,0.0,-3.3437065583858208,0.0,0.9791451778399767,0.0,""
"2026-09-25 17:23:02","git-master-bddc7a050319718b5e4e0856afec0bc9ea96418f","C:\Users\marco\Desktop\ds004507\derivatives\labels\sub-011\ses-headUp\anat\sub-011_ses-headUp_T2w_seg-manual.nii.gz","941","1","",75.97708691519472,0.0,3.0120311877832124,0.0,-8.304213663147136,0.0,8.461271251819767,0.0,8.536832090758061,0.0,11.38474722428071,0.0,4.281190976414632,0.0,4.180080275405135,0.0,0.661503594543074,0.0,-3.4466468059303823,0.0,0.9675771233452093,0.0,""
"2026-09-25 17:23:02","git-master-bddc7a050319718b5e4e0856afec0bc9ea96418f","C:\Users\marco\Desktop\ds004507\derivatives\labels\sub-011\ses-headUp\anat\sub-011_ses-headUp_T2w_seg-manual.nii.gz","942","1","",75.49958105243377,0.0,3.085242364607303,0.0,-8.24760327148973,0.0,8.522054838410513,0.0,8.542549966254006,0.0,11.31350496502077,0.0,4.303397339556658,0.0,4.218657498853856,0.0,0.6556377968758547,0.0,-2.9266563390573097,0.0,0.9586183634379679,0.0,""
"2026-09-25 17:23:02","git-master-bddc7a050319718b5e4e0856afec0bc9ea96418f","C:\Users\marco\Desktop\ds004507\derivatives\labels\sub-011\ses-headUp\anat\sub-011_ses-headUp_T2w_seg-manual.nii.gz","943","1","",75.06503860102741,0.0,3.158718911896008,0.0,-8.185484231615693,0.0,8.506530070990609,0.0,8.519236219240646,0.0,11.293456368434779,0.0,4.290729401888638,0.0,4.215800669101969,0.0,0.656468451569488,0.0,-2.4106829328565382,0.0,0.9588805770651782,0.0,""
"2026-09-25 17:23:02","git-master-bddc7a050319718b5e4e0856afec0bc9ea96418f","C:\Users\marco\Desktop\ds004507\derivatives\labels\sub-011\ses-headUp\anat\sub-011_ses-headUp_T2w_seg-manual.nii.gz","944","1","",73.96384277669274,0.0,3.232488416220643,0.0,-8.117271589100989,0.0,8.26884628501669,0.0,8.42721738069917,0.0,11.23885996038839,0.0,4.058099040295833,0.0,4.2107472447208565,0.0,0.6616312710304161,0.0,-3.8100780944948633,0.0,0.9657176898610227,0.0,""
"2026-09-25 17:23:02","git-master-bddc7a050319718b5e4e0856afec0bc9ea96418f","C:\Users\marco\Desktop\ds004507\derivatives\labels\sub-011\ses-headUp\anat\sub-011_ses-headUp_T2w_seg-manual.nii.gz","945","1","",74.1478510141468,0.0,3.306592178601499,0.0,-8.042086085772434,0.0,8.251865101660698,0.0,8.441471084340277,0.0,11.226930228807216,0.0,4.059443703259867,0.0,4.192421398400833,0.0,0.6592785160016772,0.0,-4.116046876621284,0.0,0.9635080057579765,0.0,""
"2026-09-25 17:23:02","git-master-bddc7a050319718b5e4e0856afec0bc9ea96418f","C:\Users\marco\Desktop\ds004507\derivatives\labels\sub-011\ses-headUp\anat\sub-011_ses-headUp_T2w_seg-manual.nii.gz","946","1","",74.25493769330893,0.0,3.380960164126921,0.0,-7.961373649199495,0.0,8.258597632434315,0.0,8.388774106734257,0.0,11.266592770594807,0.0,4.131558404701098,0.0,4.127039227733218,0.0,0.6674046059372966,0.0,-3.328804742666052,0.0,0.9665006195648602,0.0,""
"2026-09-25 17:23:02","git-master-bddc7a050319718b5e4e0856afec0bc9ea96418f","C:\Users\marco\Desktop\ds004507\derivatives\labels\sub-011\ses-headUp\anat\sub-011_ses-headUp_T2w_seg-manual.nii.gz","947","1","",74.15625371591618,0.0,3.4555920870906798,0.0,-7.875129208207573,0.0,8.29875551219132,0.0,8.357631616600422,0.0,11.26637577249825,0.0,4.230541551109999,0.0,4.068213961081322,0.0,0.6704571866094697,0.0,-2.5727989419639186,0.0,0.9704668609305068,0.0,""
"2026-09-25 17:23:02","git-master-bddc7a050319718b5e4e0856afec0bc9ea96418f","C:\Users\marco\Desktop\ds004507\derivatives\labels\sub-011\ses-headUp\anat\sub-011_ses-headUp_T2w_seg-manual.nii.gz","948","1","",74.01480841229092,0.0,3.5304876593258485,0.0,-7.783347546739684,0.0,8.376989206263032,0.0,8.41829161255919,0.0,11.190114637984955,0.0,4.319022637221316,0.0,4.057966569041717,0.0,0.6587896350861414,0.0,-2.877370573020158,0.0,0.9699405389307181,0.0,""
"2026-09-25 17:23:02","git-master-bddc7a050319718b5e4e0856afec0bc9ea96418f","C:\Users\marco\Desktop\ds004507\derivatives\labels\sub-011\ses-headUp\anat\sub-011_ses-headUp_T2w_seg-manual.nii.gz","949","1","",74.8745864806695,0.0,3.6057019136556425,0.0,-7.684854109317568,0.0,8.371680456423228,0.0,8.426071155700779,0.0,11.331993571743705,0.0,4.330368847210056,0.0,4.041311609213172,0.0,0.6686208877761683,0.0,-4.422166486481738,0.0,0.9617083146864384,0.0,""
"2026-09-25 17:23:02","git-master-bddc7a050319718b5e4e0856afec0bc9ea96418f","C:\Users\marco\Desktop\ds004507\derivatives\labels\sub-011\ses-headUp\anat\sub-011_ses-headUp_T2w_seg-manual.nii.gz","950","1","",75.47793425726844,0.0,3.6812204469163743,0.0,-7.579930135834255,0.0,8.390399288094574,0.0,8.444933827510518,0.0,11.358802972319614,0.0,4.366421691649991,0.0,4.023977596444583,0.0,0.6687678761331596,0.0,-3.5984035295405756,0.0,0.958260720939039,0.0,""
"2026-09-25 17:23:02","git-master-bddc7a050319718b5e4e0856afec0bc9ea96418f","C:\Users\marco\Desktop\ds004507\derivatives\labels\sub-011\ses-headUp\anat\sub-011_ses-headUp_T2w_seg-manual.nii.gz","951","1","",75.39489909984053,0.0,3.757001385743141,0.0,-7.469444975900495,0.0,8.448089164523136,0.0,8.495293886107001,0.0,11.239951139709598,0.0,4.345217362604112,0.0,4.102871801919024,0.0,0.6543071101947195,0.0,-3.169377300887062,0.0,0.9589317683937602,0.0,""
"2026-09-25 17:23:02","git-master-bddc7a050319718b5e4e0856afec0bc9ea96418f","C:\Users\marco\Desktop\ds004507\derivatives\labels\sub-011\ses-headUp\anat\sub-011_ses-headUp_T2w_seg-manual.nii.gz","952","1","",75.01693581637791,0.0,3.8330444214515436,0.0,-7.353392446732677,0.0,8.503005790687356,0.0,8.528435208684256,0.0,11.128913016620627,0.0,4.276472607743686,0.0,4.226533182943669,0.0,0.6423145451929881,0.0,-3.3875818708716956,0.0,0.96211130404969,0.0,""
"2026-09-25 17:23:02","git-master-bddc7a050319718b5e4e0856afec0bc9ea96418f","C:\Users\marco\Desktop\ds004507\derivatives\labels\sub-011\ses-headUp\anat\sub-011_ses-headUp_T2w_seg-manual.nii.gz","953","1","",75.11805881008692,0.0,3.9093492428167766,0.0,-7.231766275759258,0.0,8.497582261886444,0.0,8.47929016664834,0.0,11.245338592486444,0.0,4.207150933056487,0.0,4.290431328829956,0.0,0.6568308308432015,0.0,-3.701820804210552,0.0,0.9652894488392706,0.0,""
"2026-09-25 17:23:02","git-master-bddc7a050319718b5e4e0856afec0bc9ea96418f","C:\Users\marco\Desktop\ds004507\derivatives\labels\sub-011\ses-headUp\anat\sub-011_ses-headUp_T2w_seg-manual.nii.gz","954","1","",77.39597698227601,0.0,3.9859978936276352,0.0,-7.102793658439496,0.0,8.566998921228153,0.0,8.557683650306943,0.0,11.46333111161524,0.0,4.250397050094398,0.0,4.316601871133753,0.0,0.6652941979134013,0.0,-4.057267967895442,0.0,0.9613395815130128,0.0,""
"2026-09-25 17:23:02","git-master-bddc7a050319718b5e4e0856afec0bc9ea96418f","C:\Users\marco\Desktop\ds004507\derivatives\labels\sub-011\ses-headUp\anat\sub-011_ses-headUp_T2w_seg-manual.nii.gz","955","1","",77.73254736457643,0.0,4.062921069590094,0.0,-6.969632614259204,0.0,8.440179491264152,0.0,8.56885696080474,0.0,11.538432899857012,0.0,4.2065905969088675,0.0,4.233588894355282,0.0,0.6696865237273705,0.0,-5.254241056348834,0.0,0.9651638232725142,0.0,""
"2026-09-25 17:23:02","git-master-bddc7a050319718b5e4e0856afec0bc9ea96418f","C:\Users\marco\Desktop\ds004507\derivatives\labels\sub-011\ses-headUp\anat\sub-011_ses-headUp_T2w_seg-manual.nii.gz","956","1","",77.33386054384374,0.0,4.1401046877208,0.0,-6.833593446301016,0.0,8.380840307309272,0.0,8.607922572520991,0.0,11.472015032377687,0.0,4.186845419154587,0.0,4.193994888154683,0.0,0.660705856749137,0.0,-5.61439632273753,0.0,0.9720074393336454,0.0,""
"2026-09-25 17:23:02","git-master-bddc7a050319718b5e4e0856afec0bc9ea96418f","C:\Users\marco\Desktop\ds004507\derivatives\labels\sub-011\ses-headUp\anat\sub-011_ses-headUp_T2w_seg-manual.nii.gz","957","1","",76.91301902321158,0.0,4.217548415587668,0.0,-6.6951832327930445,0.0,8.432656660165236,0.0,8.657855860943773,0.0,11.36303434669334,0.0,4.217325904429929,0.0,4.215330755735308,0.0,0.6475756246012562,0.0,-5.034781892031586,0.0,0.9741295917493965,0.0,""
"2026-09-25 17:23:02","git-master-bddc7a050319718b5e4e0856afec0bc9ea96418f","C:\Users\marco\Desktop\ds004507\derivatives\labels\sub-011\ses-headUp\anat\sub-011_ses-headUp_T2w_seg-manual.nii.gz","958","1","",76.92783805646954,0.0,4.2952655604991845,0.0,-6.554274853184915,0.0,8.433821226387897,0.0,8.58382022783265,0.0,11.441019055175556,0.0,4.247968444809726,0.0,4.1858527815781725,0.0,0.6611191099389958,0.0,-4.953520469327663,0.0,0.9582230600942061,0.0,""
"2026-09-25 17:23:02","git-master-bddc7a050319718b5e4e0856afec0bc9ea96418f","C:\Users\marco\Desktop\ds004507\derivatives\labels\sub-011\ses-headUp\anat\sub-011_ses-headUp_T2w_seg-manual.nii.gz","959","1","",77.48678414343667,0.0,4.373323764376893,0.0,-6.410239704655564,0.0,8.452591344857947,0.0,8.61747470947109,0.0,11.468002491168052,0.0,4.2854274964675225,0.0,4.167163848390425,0.0,0.6598052915874242,0.0,-6.404863560879932,0.0,0.9576859934229617,0.0,""
"2026-09-25 17:23:02","git-master-bddc7a050319718b5e4e0856afec0bc9ea96418f","C:\Users\marco\Desktop\ds004507\derivatives\labels\sub-011\ses-headUp\anat\sub-011_ses-headUp_T2w_seg-manual.nii.gz","960","1","",78.44414593609473,0.0,4.451640650592803,0.0,-6.263825441870328,0.0,8.583087401649959,0.0,8.709044691364365,0.0,11.51608465797705,0.0,4.371411744063873,0.0,4.211675657586085,0.0,0.6542693864877166,0.0,-6.645396673858051,0.0,0.9509944228410946,0.0,""
"2026-09-25 17:23:02","git-master-bddc7a050319718b5e4e0856afec0bc9ea96418f","C:\Users\marco\Desktop\ds004507\derivatives\labels\sub-011\ses-headUp\anat\sub-011_ses-headUp_T2w_seg-manual.nii.gz","961","1","",79.24081946189555,0.0,4.530215864922421,0.0,-6.115030322109481,0.0,8.658640527391265,0.0,8.773000951147555,0.0,11.570418795493792,0.0,4.413900691082318,0.0,4.244739836308947,0.0,0.6519754511541138,0.0,-6.498335147061804,0.0,0.9477428499306293,0.0,""
"2026-09-25 17:23:02","git-master-bddc7a050319718b5e4e0856afec0bc9ea96418f","C:\Users\marco\Desktop\ds004507\derivatives\labels\sub-011\ses-headUp\anat\sub-011_ses-headUp_T2w_seg-manual.nii.gz","962","1","",79.53033886356013,0.0,4.609049050439806,0.0,-5.963852653446499,0.0,8.620679325479307,0.0,8.7729415904207,0.0,11.6009861106743,0.0,4.390494348470312,0.0,4.230184977008995,0.0,0.6542866430256679,0.0,-6.605561132892492,0.0,0.9527472877664783,0.0,""
"2026-09-25 17:23:02","git-master-bddc7a050319718b5e4e0856afec0bc9ea96418f","C:\Users\marco\Desktop\ds004507\derivatives\labels\sub-011\ses-headUp\anat\sub-011_ses-headUp_T2w_seg-manual.nii.gz","963","1","",79.4911746623798,0.0,4.688180416568952,0.0,-5.809913914808722,0.0,8.740533691794896,0.0,8.806592218263788,0.0,11.531075395084438,0.0,4.491720452183215,0.0,4.248813239611682,0.0,0.645518612611253,0.0,-6.7779477059976765,0.0,0.9547955271382726,0.0,""
"2026-09-25 17:23:02","git-master-bddc7a050319718b5e4e0856afec0bc9ea96418f","C:\Users\marco\Desktop\ds004507\derivatives\labels\sub-011\ses-headUp\anat\sub-011_ses-headUp_T2w_seg-manual.nii.gz","964","1","",79.74876777930174,0.0,4.7676228120301225,0.0,-5.653085777564314,0.0,8.7501195690595,0.0,8.786927729881818,0.0,11.564008478707416,0.0,4.5113026111467125,0.0,4.238816957912788,0.0,0.650070427447289,0.0,-7.476746915801676,0.0,0.9553931393355887,0.0,""
"2026-09-25 17:23:02","git-master-bddc7a050319718b5e4e0856afec0bc9ea96418f","C:\Users\marco\Desktop\ds004507\derivatives\labels\sub-011\ses-headUp\anat\sub-011_ses-headUp_T2w_seg-manual.nii.gz","965","1","",80.2192106585188,0.0,4.84732164558293,0.0,-5.493868975450758,0.0,8.758528983783078,0.0,8.762130607975116,0.0,11.654670642252482,0.0,4.482719377751063,0.0,4.275809606032016,0.0,0.6592660996367363,0.0,-7.092681149624681,0.0,0.9565238892330729,0.0,""
"2026-09-25 17:23:02","git-master-bddc7a050319718b5e4e0856afec0bc9ea96418f","C:\Users\marco\Desktop\ds004507\derivatives\labels\sub-011\ses-headUp\anat\sub-011_ses-headUp_T2w_seg-manual.nii.gz","966","1","",80.50384952747349,0.0,4.9272765378620775,0.0,-5.332262299145709,0.0,8.793171803414381,0.0,8.772241323655344,0.0,11.689744770483706,0.0,4.479071446427176,0.0,4.314100356987206,0.0,0.6607908463911981,0.0,-7.0567647048744755,0.0,0.9598549417509029,0.0,""
"2026-09-25 17:23:02","git-master-bddc7a050319718b5e4e0856afec0bc9ea96418f","C:\Users\marco\Desktop\ds004507\derivatives\labels\sub-011\ses-headUp\anat\sub-011_ses-headUp_T2w_seg-manual.nii.gz","967","1","",80.25369344147416,0.0,5.007487106728701,0.0,-5.168264607106196,0.0,8.856701047993727,0.0,8.83817958929377,0.0,11.577050071973696,0.0,4.556236003205296,0.0,4.3004650447884325,0.0,0.6458982741765269,0.0,-8.877206513620935,0.0,0.9660069783464699,0.0,""
"2026-09-25 17:23:02","git-master-bddc7a050319718b5e4e0856afec0bc9ea96418f","C:\Users\marco\Desktop\ds004507\derivatives\labels\sub-011\ses-headUp\anat\sub-011_ses-headUp_T2w_seg-manual.nii.gz","968","1","",80.26457118060382,0.0,5.08801994169933,0.0,-5.0012448950682735,0.0,8.859333985347694,0.0,8.808608890116284,0.0,11.578916096845036,0.0,4.506470989442906,0.0,4.352862995904789,0.0,0.6490474058372587,0.0,-8.769256582993187,0.0,0.9663705886348704,0.0,""
"2026-09-25 17:23:02","git-master-bddc7a050319718b5e4e0856afec0bc9ea96418f","C:\Users\marco\Desktop\ds004507\derivatives\labels\sub-011\ses-headUp\anat\sub-011_ses-headUp_T2w_seg-manual.nii.gz","969","1","",80.96202880324348,0.0,5.16883406923973,0.0,-4.831579483664197,0.0,8.893192920227884,0.0,8.850472735460677,0.0,11.626734050605565,0.0,4.512073298165067,0.0,4.381119622062817,0.0,0.6484984102986142,0.0,-8.240367743216352,0.0,0.9717054771473136,0.0,""
"2026-09-25 17:23:02","git-master-bddc7a050319718b5e4e0856afec0bc9ea96418f","C:\Users\marco\Desktop\ds004507\derivatives\labels\sub-011\ses-headUp\anat\sub-011_ses-headUp_T2w_seg-manual.nii.gz","970","1","",80.6006507848468,0.0,5.249902231494016,0.0,-4.6595196162526,0.0,8.827877284719003,0.0,8.834209012124688,0.0,11.5919002724221,0.0,4.401389102496714,0.0,4.426488182222289,0.0,0.647454063772245,0.0,-7.031836995480051,0.0,0.9726661648083864,0.0,""
"2026-09-25 17:23:02","git-master-bddc7a050319718b5e4e0856afec0bc9ea96418f","C:\Users\marco\Desktop\ds004507\derivatives\labels\sub-011\ses-headUp\anat\sub-011_ses-headUp_T2w_seg-manual.nii.gz","971","1","",79.80232884429847,0.0,5.331224023264869,0.0,-4.4850647894529745,0.0,8.764581728041003,0.0,8.812106731369132,0.0,11.490279715728676,0.0,4.250293888217071,0.0,4.5142878398239334,0.0,0.6415758990888552,0.0,-6.036709920668023,0.0,0.9716502244963896,0.0,""
"2026-09-25 17:23:02","git-master-bddc7a050319718b5e4e0856afec0bc9ea96418f","C:\Users\marco\Desktop\ds004507\derivatives\labels\sub-011\ses-headUp\anat\sub-011_ses-headUp_T2w_seg-manual.nii.gz","972","1","",80.66175100838787,0.0,5.412799036512393,0.0,-4.308214586047458,0.0,8.954799116237684,0.0,8.94896266142549,0.0,11.425126965995837,0.0,4.290725681076161,0.0,4.664073435161523,0.0,0.6216812948023644,0.0,-6.968855934211226,0.0,0.9781996325780772,0.0,""
"2026-09-25 17:23:02","git-master-bddc7a050319718b5e4e0856afec0bc9ea96418f","C:\Users\marco\Desktop\ds004507\derivatives\labels\sub-011\ses-headUp\anat\sub-011_ses-headUp_T2w_seg-manual.nii.gz","973","1","","","","","","","","","","","","","","","","","","","","","","","",""
"2026-09-25 17:23:02","git-master-bddc7a050319718b5e4e0856afec0bc9ea96418f","C:\Users\marco\Desktop\ds004507\derivatives\labels\sub-011\ses-headUp\anat\sub-011_ses-headUp_T2w_seg-manual.nii.gz","974","1","","","","","","","","","","","","","","","","","","","","","","","",""
"2026-09-25 17:23:02","git-master-bddc7a050319718b5e4e0856afec0bc9ea96418f","C:\Users\marco\Desktop\ds004507\derivatives\labels\sub-011\ses-headUp\anat\sub-011_ses-headUp_T2w_seg-manual.nii.gz","975","1","","","","","","","","","","","","","","","","","","","","","","","",""
"2026-09-25 17:23:02","git-master-bddc7a050319718b5e4e0856afec0bc9ea96418f","C:\Users\marco\Desktop\ds004507\derivatives\labels\sub-011\ses-headUp\anat\sub-011_ses-headUp_T2w_seg-manual.nii.gz","976","1","","","","","","","","","","","","","","","","","","","","","","","",""
"2026-09-25 17:23:02","git-master-bddc7a050319718b5e4e0856afec0bc9ea96418f","C:\Users\marco\Desktop\ds004507\derivatives\labels\sub-011\ses-headUp\anat\sub-011_ses-headUp_T2w_seg-manual.nii.gz","977","1","","","","","","","","","","","","","","","","","","","","","","","",""
"2026-09-25 17:23:02","git-master-bddc7a050319718b5e4e0856afec0bc9ea96418f","C:\Users\marco\Desktop\ds004507\derivatives\labels\sub-011\ses-headUp\anat\sub-011_ses-headUp_T2w_seg-manual.nii.gz","978","1","","","","","","","","","","","","","","","","","","","","","","","",""
"2026-09-25 17:23:02","git-master-bddc7a050319718b5e4e0856afec0bc9ea96418f","C:\Users\marco\Desktop\ds004507\derivatives\labels\sub-011\ses-headUp\anat\sub-011_ses-headUp_T2w_seg-manual.nii.gz","979","1","","","","","","","","","","","","","","","","","","","","","","","",""
"2026-09-25 17:23:02","git-master-bddc7a050319718b5e4e0856afec0bc9ea96418f","C:\Users\marco\Desktop\ds004507\derivatives\labels\sub-011\ses-headUp\anat\sub-011_ses-headUp_T2w_seg-manual.nii.gz","980","1","","","","","","","","","","","","","","","","","","","","","","","",""
"2026-09-25 17:23:02","git-master-bddc7a050319718b5e4e0856afec0bc9ea96418f","C:\Users\marco\Desktop\ds004507\derivatives\labels\sub-011\ses-headUp\anat\sub-011_ses-headUp_T2w_seg-manual.nii.gz","981","1","","","","","","","","","","","","","","","","","","","","","","","",""
"2026-09-25 17:23:02","git-master-bddc7a050319718b5e4e0856afec0bc9ea96418f","C:\Users\marco\Desktop\ds004507\derivatives\labels\sub-011\ses-headUp\anat\sub-011_ses-headUp_T2w_seg-manual.nii.gz","982","1","","","","","","","","","","","","","","","","","","","","","","","",""
"2026-09-25 17:23:02","git-master-bddc7a050319718b5e4e0856afec0bc9ea96418f","C:\Users\marco\Desktop\ds004507\derivatives\labels\sub-011\ses-headUp\anat\sub-011_ses-headUp_T2w_seg-manual.nii.gz","983","1","","","","","","","","","","","","","","","","","","","","","","","",""
"2026-09-25 17:23:02","git-master-bddc7a050319718b5e4e0856afec0bc9ea96418f","C:\Users\marco\Desktop\ds004507\derivatives\labels\sub-011\ses-headUp\anat\sub-011_ses-headUp_T2w_seg-manual.nii.gz","984","1","","","","","","","","","","","","","","","","","","","","","","","",""
