Timestamp,SCT Version,Filename,Slice (I->S),VertLevel,DistancePMJ,MEAN(area),STD(area),MEAN(angle_AP),STD(angle_AP),MEAN(angle_RL),STD(angle_RL),MEAN(diameter_AP),STD(diameter_AP),MEAN(diameter_AP_ellipse),STD(diameter_AP_ellipse),MEAN(diameter_RL),STD(diameter_RL),MEAN(length_anterior),STD(length_anterior),MEAN(length_posterior),STD(length_posterior),MEAN(eccentricity),STD(eccentricity),MEAN(orientation),STD(orientation),MEAN(solidity),STD(solidity),SUM(length)
"2026-09-25 17:14:49","git-master-bddc7a050319718b5e4e0856afec0bc9ea96418f","C:\Users\marco\Desktop\ds004507\derivatives\labels\sub-004\ses-headNormal\anat\sub-004_ses-headNormal_T2w_seg-manual.nii.gz","647","9","",43.33015862341484,0.0,-0.1599425292484118,0.0,20.123727694175585,0.0,5.63993064334135,0.0,6.066548380703507,0.0,9.192780506592516,0.0,2.6968530202048724,0.0,2.9430776231364777,0.0,0.7504142635310731,0.0,3.7825244062272834,0.0,0.9396001110123622,0.0,""
"2026-09-25 17:14:49","git-master-bddc7a050319718b5e4e0856afec0bc9ea96418f","C:\Users\marco\Desktop\ds004507\derivatives\labels\sub-004\ses-headNormal\anat\sub-004_ses-headNormal_T2w_seg-manual.nii.gz","648","9","",44.10725258812903,0.0,1.5726889242416444,0.0,20.349249569272782,0.0,5.711717477928369,0.0,6.064006809158415,0.0,9.268625406536318,0.0,2.7374895516099538,0.0,2.9742279263184153,0.0,0.7562800092082441,0.0,7.015482165321167,0.0,0.9546356960119635,0.0,""
"2026-09-25 17:14:49","git-master-bddc7a050319718b5e4e0856afec0bc9ea96418f","C:\Users\marco\Desktop\ds004507\derivatives\labels\sub-004\ses-headNormal\anat\sub-004_ses-headNormal_T2w_seg-manual.nii.gz","649","9","",44.70802959739278,0.0,2.606287677439547,0.0,20.400729373640864,0.0,5.819332365210776,0.0,6.063947801703317,0.0,9.328324277179549,0.0,2.8124571443312694,0.0,3.0068752208795066,0.0,0.7597874618108125,0.0,9.020694627923618,0.0,0.9646805482429426,0.0,""
"2026-09-25 17:14:49","git-master-bddc7a050319718b5e4e0856afec0bc9ea96418f","C:\Users\marco\Desktop\ds004507\derivatives\labels\sub-004\ses-headNormal\anat\sub-004_ses-headNormal_T2w_seg-manual.nii.gz","650","9","",44.822240592347434,0.0,2.940869702281767,0.0,20.278407738652756,0.0,5.924040826650423,0.0,6.035530659480815,0.0,9.367693160216216,0.0,2.8822146850323263,0.0,3.041826141618097,0.0,0.7644744702618104,0.0,9.000686761501944,0.0,0.9634806170271473,0.0,""
"2026-09-25 17:14:49","git-master-bddc7a050319718b5e4e0856afec0bc9ea96418f","C:\Users\marco\Desktop\ds004507\derivatives\labels\sub-004\ses-headNormal\anat\sub-004_ses-headNormal_T2w_seg-manual.nii.gz","651","9","",45.63417387710062,0.0,2.326458773513916,0.0,19.918847969939137,0.0,6.133447796968264,0.0,6.3118288822287125,0.0,9.266384533007333,0.0,2.942672738756503,0.0,3.190775058211761,0.0,0.7316086439704247,0.0,13.548607593718778,0.0,0.9413192823592569,0.0,""
"2026-09-25 17:14:49","git-master-bddc7a050319718b5e4e0856afec0bc9ea96418f","C:\Users\marco\Desktop\ds004507\derivatives\labels\sub-004\ses-headNormal\anat\sub-004_ses-headNormal_T2w_seg-manual.nii.gz","652","9","",45.604132425665355,0.0,1.366347904961684,0.0,19.488002047737282,0.0,6.0014600307617965,0.0,6.407383359672754,0.0,9.26374731533957,0.0,2.837299325799444,0.0,3.1641607049623524,0.0,0.7222206952146718,0.0,10.899249529160539,0.0,0.9230259477080419,0.0,""
"2026-09-25 17:14:49","git-master-bddc7a050319718b5e4e0856afec0bc9ea96418f","C:\Users\marco\Desktop\ds004507\derivatives\labels\sub-004\ses-headNormal\anat\sub-004_ses-headNormal_T2w_seg-manual.nii.gz","653","9","",45.590728311381696,0.0,0.3814673910572742,0.0,19.073063240152194,0.0,5.896789064451472,0.0,6.403732799762408,0.0,9.291904815550392,0.0,2.7389942591186296,0.0,3.1577948053328417,0.0,0.7245388179227403,0.0,7.993003686723991,0.0,0.9179473822851564,0.0,""
"2026-09-25 17:14:49","git-master-bddc7a050319718b5e4e0856afec0bc9ea96418f","C:\Users\marco\Desktop\ds004507\derivatives\labels\sub-004\ses-headNormal\anat\sub-004_ses-headNormal_T2w_seg-manual.nii.gz","654","9","",46.077686514830226,0.0,-0.48002473849744787,0.0,18.716481794556223,0.0,5.9954240743744895,0.0,6.368264436747932,0.0,9.30843297507678,0.0,2.731953507301307,0.0,3.263470567073182,0.0,0.7285649819040183,0.0,7.329195193756983,0.0,0.9297243462698649,0.0,""
"2026-09-25 17:14:49","git-master-bddc7a050319718b5e4e0856afec0bc9ea96418f","C:\Users\marco\Desktop\ds004507\derivatives\labels\sub-004\ses-headNormal\anat\sub-004_ses-headNormal_T2w_seg-manual.nii.gz","655","9","",48.66151871929533,0.0,-1.1581513335908395,0.0,18.44775187312086,0.0,6.40507361504327,0.0,6.940404485447999,0.0,9.078084142602703,0.0,2.90230457655845,0.0,3.502769038484821,0.0,0.6401910131626382,0.0,-2.438703689406819,0.0,0.9327577227622103,0.0,""
"2026-09-25 17:14:49","git-master-bddc7a050319718b5e4e0856afec0bc9ea96418f","C:\Users\marco\Desktop\ds004507\derivatives\labels\sub-004\ses-headNormal\anat\sub-004_ses-headNormal_T2w_seg-manual.nii.gz","656","9","",46.354026787381024,0.0,-1.702402297774333,0.0,18.243980499631338,0.0,6.113938431837271,0.0,6.642829011526518,0.0,9.072050292146898,0.0,2.7536485574186007,0.0,3.36028987441867,0.0,0.6755126171098093,0.0,-2.727395393455854,0.0,0.9283260358525144,0.0,""
"2026-09-25 17:14:49","git-master-bddc7a050319718b5e4e0856afec0bc9ea96418f","C:\Users\marco\Desktop\ds004507\derivatives\labels\sub-004\ses-headNormal\anat\sub-004_ses-headNormal_T2w_seg-manual.nii.gz","657","9","",42.37162318292356,0.0,-2.1227729404161924,0.0,18.100617085640643,0.0,5.6659205676392865,0.0,6.07754072858824,0.0,9.064137453717146,0.0,2.595259178345575,0.0,3.0706613892937105,0.0,0.74187681541429,0.0,-0.18850874908811846,0.0,0.924690496199701,0.0,""
"2026-09-25 17:14:49","git-master-bddc7a050319718b5e4e0856afec0bc9ea96418f","C:\Users\marco\Desktop\ds004507\derivatives\labels\sub-004\ses-headNormal\anat\sub-004_ses-headNormal_T2w_seg-manual.nii.gz","658","9","",39.38723991016152,0.0,-2.414383500783582,0.0,18.02032865914019,0.0,5.527057096012698,0.0,5.749907292168866,0.0,8.853075544212146,0.0,2.700964935759081,0.0,2.8260921602536175,0.0,0.7603745822657877,0.0,-0.4204273448778443,0.0,0.9292828629735781,0.0,""
"2026-09-25 17:14:49","git-master-bddc7a050319718b5e4e0856afec0bc9ea96418f","C:\Users\marco\Desktop\ds004507\derivatives\labels\sub-004\ses-headNormal\anat\sub-004_ses-headNormal_T2w_seg-manual.nii.gz","659","9","",43.00217501799338,0.0,-2.5180641501780245,0.0,18.03257293030635,0.0,5.853581713407495,0.0,5.97767112996434,0.0,9.188116753877251,0.0,2.8881875174788707,0.0,2.9653941959286247,0.0,0.7594508366733035,0.0,0.16686848199496784,0.0,0.9457218928635431,0.0,""
"2026-09-25 17:14:49","git-master-bddc7a050319718b5e4e0856afec0bc9ea96418f","C:\Users\marco\Desktop\ds004507\derivatives\labels\sub-004\ses-headNormal\anat\sub-004_ses-headNormal_T2w_seg-manual.nii.gz","660","9","",43.33916726926608,0.0,-2.498174696881605,0.0,18.10565412918599,0.0,5.861715377529862,0.0,5.937428567050249,0.0,9.258067658390345,0.0,2.891531915153169,0.0,2.9701834623766934,0.0,0.767206975418077,0.0,1.3126254198973906,0.0,0.9554224033305437,0.0,""
"2026-09-25 17:14:49","git-master-bddc7a050319718b5e4e0856afec0bc9ea96418f","C:\Users\marco\Desktop\ds004507\derivatives\labels\sub-004\ses-headNormal\anat\sub-004_ses-headNormal_T2w_seg-manual.nii.gz","661","9","",42.35405438011286,0.0,-2.3546909309415875,0.0,18.23944590515263,0.0,5.7834802047542,0.0,5.854459052809906,0.0,9.137317556731478,0.0,2.838432415545056,0.0,2.945047789209144,0.0,0.7668886297651095,0.0,2.75893194442438,0.0,0.9534803126268016,0.0,""
"2026-09-25 17:14:49","git-master-bddc7a050319718b5e4e0856afec0bc9ea96418f","C:\Users\marco\Desktop\ds004507\derivatives\labels\sub-004\ses-headNormal\anat\sub-004_ses-headNormal_T2w_seg-manual.nii.gz","662","9","",43.79087813136517,0.0,-2.067790707261308,0.0,18.443444989362487,0.0,6.054056794921368,0.0,6.1598339694178055,0.0,8.970058396932895,0.0,2.958812960401861,0.0,3.095243834519506,0.0,0.7264956339630778,0.0,4.103695878555017,0.0,0.9305532996372355,0.0,""
"2026-09-25 17:14:49","git-master-bddc7a050319718b5e4e0856afec0bc9ea96418f","C:\Users\marco\Desktop\ds004507\derivatives\labels\sub-004\ses-headNormal\anat\sub-004_ses-headNormal_T2w_seg-manual.nii.gz","663","9","",43.156289354149486,0.0,-1.7023041205597593,0.0,18.692057391823212,0.0,5.939550397640068,0.0,6.1249308352843554,0.0,9.029458320862421,0.0,2.8988304413963095,0.0,3.0407199562437586,0.0,0.7345938150189294,0.0,2.0176470387766887,0.0,0.9390978162947303,0.0,""
"2026-09-25 17:14:49","git-master-bddc7a050319718b5e4e0856afec0bc9ea96418f","C:\Users\marco\Desktop\ds004507\derivatives\labels\sub-004\ses-headNormal\anat\sub-004_ses-headNormal_T2w_seg-manual.nii.gz","664","9","",41.668702579548274,0.0,-1.3375039172453964,0.0,18.948721433924028,0.0,5.821302697891011,0.0,6.064684325950956,0.0,8.925674280216526,0.0,2.8059873735245766,0.0,3.015315324366435,0.0,0.7334006206316884,0.0,1.9637200256446632,0.0,0.9500677261434828,0.0,""
"2026-09-25 17:14:49","git-master-bddc7a050319718b5e4e0856afec0bc9ea96418f","C:\Users\marco\Desktop\ds004507\derivatives\labels\sub-004\ses-headNormal\anat\sub-004_ses-headNormal_T2w_seg-manual.nii.gz","665","9","",40.743660832253006,0.0,-0.9842257393996822,0.0,19.208883772556245,0.0,5.808417518769611,0.0,6.0589353413940055,0.0,8.779751371610853,0.0,2.7622965044599637,0.0,3.0461210143096467,0.0,0.7235978142642502,0.0,3.542403101982657,0.0,0.9586518065152632,0.0,""
"2026-09-25 17:14:49","git-master-bddc7a050319718b5e4e0856afec0bc9ea96418f","C:\Users\marco\Desktop\ds004507\derivatives\labels\sub-004\ses-headNormal\anat\sub-004_ses-headNormal_T2w_seg-manual.nii.gz","666","9","",44.80500668533456,0.0,-0.6457381484414274,0.0,19.47346748427388,0.0,6.119404048070214,0.0,6.249241477899258,0.0,9.182109333818834,0.0,2.9912921041896845,0.0,3.128111943880529,0.0,0.7325588031619397,0.0,3.085482805737193,0.0,0.9609190294084601,0.0,""
"2026-09-25 17:14:49","git-master-bddc7a050319718b5e4e0856afec0bc9ea96418f","C:\Users\marco\Desktop\ds004507\derivatives\labels\sub-004\ses-headNormal\anat\sub-004_ses-headNormal_T2w_seg-manual.nii.gz","667","9","",42.50721259543995,0.0,-0.322087269924556,0.0,19.74239124571959,0.0,5.852477147550846,0.0,5.981542604734585,0.0,9.001897378214638,0.0,2.8716516318279517,0.0,2.980825515722894,0.0,0.7473789973694127,0.0,0.08524762404950748,0.0,0.9630451256732403,0.0,""
"2026-09-25 17:14:49","git-master-bddc7a050319718b5e4e0856afec0bc9ea96418f","C:\Users\marco\Desktop\ds004507\derivatives\labels\sub-004\ses-headNormal\anat\sub-004_ses-headNormal_T2w_seg-manual.nii.gz","668","9","",40.71102138138102,0.0,-0.010047178925361083,0.0,20.014658280205936,0.0,5.62237265110051,0.0,5.82445346505683,0.0,8.888807521179274,0.0,2.726018601072715,0.0,2.896354050027795,0.0,0.7554121189005496,0.0,-2.1971158998761435,0.0,0.9627211272354772,0.0,""
"2026-09-25 17:14:49","git-master-bddc7a050319718b5e4e0856afec0bc9ea96418f","C:\Users\marco\Desktop\ds004507\derivatives\labels\sub-004\ses-headNormal\anat\sub-004_ses-headNormal_T2w_seg-manual.nii.gz","669","9","",41.35629594808943,0.0,0.2903713736249437,0.0,20.290239261595794,0.0,5.603622123090919,0.0,5.917425436075064,0.0,9.038987163674648,0.0,2.661072806564695,0.0,2.942549316526225,0.0,0.7557704982303516,0.0,-2.972523380273397,0.0,0.9583903868247314,0.0,""
"2026-09-25 17:14:49","git-master-bddc7a050319718b5e4e0856afec0bc9ea96418f","C:\Users\marco\Desktop\ds004507\derivatives\labels\sub-004\ses-headNormal\anat\sub-004_ses-headNormal_T2w_seg-manual.nii.gz","670","9","",44.043443559069175,0.0,0.5744967932651937,0.0,20.57037968027297,0.0,5.767800615757537,0.0,6.046532513545977,0.0,9.50664906530939,0.0,2.788951259126357,0.0,2.9788493566311796,0.0,0.7713436162265391,0.0,-3.569746242021077,0.0,0.9436968915204436,0.0,""
"2026-09-25 17:14:49","git-master-bddc7a050319718b5e4e0856afec0bc9ea96418f","C:\Users\marco\Desktop\ds004507\derivatives\labels\sub-004\ses-headNormal\anat\sub-004_ses-headNormal_T2w_seg-manual.nii.gz","671","9","",43.738316086952715,0.0,0.8451072090760672,0.0,20.854216285844565,0.0,5.700983603371098,0.0,5.963952430174595,0.0,9.472656539137397,0.0,2.7303008360945493,0.0,2.970682767276549,0.0,0.7769403031688638,0.0,-3.4332463347652498,0.0,0.95173881553388,0.0,""
"2026-09-25 17:14:49","git-master-bddc7a050319718b5e4e0856afec0bc9ea96418f","C:\Users\marco\Desktop\ds004507\derivatives\labels\sub-004\ses-headNormal\anat\sub-004_ses-headNormal_T2w_seg-manual.nii.gz","672","9","",43.1087867761878,0.0,1.1040623827975802,0.0,21.141195684063625,0.0,5.716024846160688,0.0,5.9559902033115,0.0,9.253450230235872,0.0,2.7119247686067616,0.0,3.004100077553926,0.0,0.7642207200638319,0.0,-4.906408967276294,0.0,0.9644021844386687,0.0,""
"2026-09-25 17:14:49","git-master-bddc7a050319718b5e4e0856afec0bc9ea96418f","C:\Users\marco\Desktop\ds004507\derivatives\labels\sub-004\ses-headNormal\anat\sub-004_ses-headNormal_T2w_seg-manual.nii.gz","673","9","",43.639025836730944,0.0,1.3417153402347246,0.0,21.42970536452263,0.0,5.983724296646243,0.0,6.1788754015671925,0.0,9.03173611281492,0.0,2.8601944985063676,0.0,3.1235297981398755,0.0,0.729284046368871,0.0,-9.128901849130434,0.0,0.9715393424580824,0.0,""
"2026-09-25 17:14:49","git-master-bddc7a050319718b5e4e0856afec0bc9ea96418f","C:\Users\marco\Desktop\ds004507\derivatives\labels\sub-004\ses-headNormal\anat\sub-004_ses-headNormal_T2w_seg-manual.nii.gz","674","9","",45.22949995120157,0.0,1.1951737520966865,0.0,21.662776447196052,0.0,6.032513481004524,0.0,6.1990662582147955,0.0,9.458278706215172,0.0,2.981649354780225,0.0,3.0508641262242984,0.0,0.7545661118687391,0.0,-4.575584424253768,0.0,0.9643564631347867,0.0,""
"2026-09-25 17:14:49","git-master-bddc7a050319718b5e4e0856afec0bc9ea96418f","C:\Users\marco\Desktop\ds004507\derivatives\labels\sub-004\ses-headNormal\anat\sub-004_ses-headNormal_T2w_seg-manual.nii.gz","675","9","",47.369033779226996,0.0,0.5347799049009344,0.0,21.81739369262359,0.0,6.272523768756191,0.0,6.400025107851572,0.0,9.632725514394018,0.0,3.096947078426031,0.0,3.175576690330159,0.0,0.7470280742587344,0.0,-0.6511182670853559,0.0,0.9569679107994664,0.0,""
"2026-09-25 17:14:49","git-master-bddc7a050319718b5e4e0856afec0bc9ea96418f","C:\Users\marco\Desktop\ds004507\derivatives\labels\sub-004\ses-headNormal\anat\sub-004_ses-headNormal_T2w_seg-manual.nii.gz","676","9","",49.02393741964724,0.0,-0.6194352869131421,0.0,21.89681035254512,0.0,6.468661639782764,0.0,6.629128100721239,0.0,9.623998330323383,0.0,3.158362515080368,0.0,3.310299124702395,0.0,0.7246941841563483,0.0,2.3969986334790603,0.0,0.951794234753881,0.0,""
"2026-09-25 17:14:49","git-master-bddc7a050319718b5e4e0856afec0bc9ea96418f","C:\Users\marco\Desktop\ds004507\derivatives\labels\sub-004\ses-headNormal\anat\sub-004_ses-headNormal_T2w_seg-manual.nii.gz","677","9","",48.97073096020665,0.0,-2.306664712678538,0.0,21.89528626197976,0.0,6.350962831860316,0.0,6.718191423752086,0.0,9.486737422065499,0.0,3.10546958021046,0.0,3.245493251649856,0.0,0.7059922419447116,0.0,4.180787382856353,0.0,0.9518354124987269,0.0,""
"2026-09-25 17:14:49","git-master-bddc7a050319718b5e4e0856afec0bc9ea96418f","C:\Users\marco\Desktop\ds004507\derivatives\labels\sub-004\ses-headNormal\anat\sub-004_ses-headNormal_T2w_seg-manual.nii.gz","678","9","",51.00663302710777,0.0,-4.713830117686859,0.0,21.782833723457095,0.0,6.325494209743572,0.0,6.704584105732421,0.0,9.879253376982154,0.0,3.044587458121889,0.0,3.2809067516216834,0.0,0.7334705628078227,0.0,-0.7077867446509796,0.0,0.9558597695797784,0.0,""
"2026-09-25 17:14:49","git-master-bddc7a050319718b5e4e0856afec0bc9ea96418f","C:\Users\marco\Desktop\ds004507\derivatives\labels\sub-004\ses-headNormal\anat\sub-004_ses-headNormal_T2w_seg-manual.nii.gz","679","9","",52.353058212877116,0.0,-6.946791789906172,0.0,21.594965710407777,0.0,6.420879882896167,0.0,6.824749908447004,0.0,9.884912339031278,0.0,3.064577183940916,0.0,3.356302698955252,0.0,0.7218148313931743,0.0,-2.6375572303427255,0.0,0.9612997485998676,0.0,""
"2026-09-25 17:14:49","git-master-bddc7a050319718b5e4e0856afec0bc9ea96418f","C:\Users\marco\Desktop\ds004507\derivatives\labels\sub-004\ses-headNormal\anat\sub-004_ses-headNormal_T2w_seg-manual.nii.gz","680","9","",52.5025704819504,0.0,-8.700000497462526,0.0,21.331284664377176,0.0,6.53232320478756,0.0,6.909969058113941,0.0,9.671492123367347,0.0,3.1343694768316723,0.0,3.3979537279558882,0.0,0.6991229622258915,0.0,-0.4290805199012384,0.0,0.9668351640750068,0.0,""
"2026-09-25 17:14:49","git-master-bddc7a050319718b5e4e0856afec0bc9ea96418f","C:\Users\marco\Desktop\ds004507\derivatives\labels\sub-004\ses-headNormal\anat\sub-004_ses-headNormal_T2w_seg-manual.nii.gz","681","9","",50.52301457383843,0.0,-9.348222084841339,0.0,20.97586589612988,0.0,6.428610562021876,0.0,6.555631804600921,0.0,9.69127135605972,0.0,3.1816400173751695,0.0,3.2469705446467065,0.0,0.7361779561190676,0.0,7.876227353462934,0.0,0.9699053620573755,0.0,""
"2026-09-25 17:14:49","git-master-bddc7a050319718b5e4e0856afec0bc9ea96418f","C:\Users\marco\Desktop\ds004507\derivatives\labels\sub-004\ses-headNormal\anat\sub-004_ses-headNormal_T2w_seg-manual.nii.gz","682","9","",50.99521230442234,0.0,-8.760092286932776,0.0,20.514491869796753,0.0,6.310084966552254,0.0,6.710113240056244,0.0,9.712202756596088,0.0,3.007565447635886,0.0,3.3025195189163674,0.0,0.7227022779456437,0.0,0.5507212374342529,0.0,0.9607585144851694,0.0,""
"2026-09-25 17:14:49","git-master-bddc7a050319718b5e4e0856afec0bc9ea96418f","C:\Users\marco\Desktop\ds004507\derivatives\labels\sub-004\ses-headNormal\anat\sub-004_ses-headNormal_T2w_seg-manual.nii.gz","683","9","",51.7343806466673,0.0,-7.251914845209938,0.0,19.973694180945493,0.0,6.572059103715765,0.0,6.93742210618993,0.0,9.536025846547737,0.0,3.149337395806089,0.0,3.4227217079096763,0.0,0.6833088542162592,0.0,-5.386454303412096,0.0,0.9561368529091342,0.0,""
"2026-09-25 17:14:49","git-master-bddc7a050319718b5e4e0856afec0bc9ea96418f","C:\Users\marco\Desktop\ds004507\derivatives\labels\sub-004\ses-headNormal\anat\sub-004_ses-headNormal_T2w_seg-manual.nii.gz","684","9","",51.95008169784983,0.0,-5.005433230206386,0.0,19.373053576202906,0.0,7.0753618333530115,0.0,7.1307578759998425,0.0,9.203400426377733,0.0,3.5215276649089615,0.0,3.55383416844405,0.0,0.632053304232163,0.0,-5.996256976207589,0.0,0.9591490610187032,0.0,""
"2026-09-25 17:14:49","git-master-bddc7a050319718b5e4e0856afec0bc9ea96418f","C:\Users\marco\Desktop\ds004507\derivatives\labels\sub-004\ses-headNormal\anat\sub-004_ses-headNormal_T2w_seg-manual.nii.gz","685","9","",49.77567543199327,0.0,-2.55553701459923,0.0,18.776851420200764,0.0,6.906478707134942,0.0,7.1476855921845175,0.0,9.04108442878277,0.0,3.3406429664132706,0.0,3.565835740721671,0.0,0.6121494036788141,0.0,3.430022238392718,0.0,0.9711160933598871,0.0,""
"2026-09-25 17:14:49","git-master-bddc7a050319718b5e4e0856afec0bc9ea96418f","C:\Users\marco\Desktop\ds004507\derivatives\labels\sub-004\ses-headNormal\anat\sub-004_ses-headNormal_T2w_seg-manual.nii.gz","686","9","",49.27168366354646,0.0,-0.9049150206973764,0.0,18.2919112684117,0.0,6.611889313563123,0.0,7.0034586953155875,0.0,9.10084327861655,0.0,3.1831407299750913,0.0,3.4287485835880314,0.0,0.6375783977839514,0.0,1.2951498781122384,0.0,0.949662917901076,0.0,""
"2026-09-25 17:14:49","git-master-bddc7a050319718b5e4e0856afec0bc9ea96418f","C:\Users\marco\Desktop\ds004507\derivatives\labels\sub-004\ses-headNormal\anat\sub-004_ses-headNormal_T2w_seg-manual.nii.gz","687","9","",46.96683838016136,0.0,0.09687659641094773,0.0,17.898094957228807,0.0,6.104462650482195,0.0,6.553321724947474,0.0,9.201742110363156,0.0,2.9016836986134207,0.0,3.202778951868775,0.0,0.6969972782447109,0.0,-1.7929465423233644,0.0,0.9410861132503118,0.0,""
"2026-09-25 17:14:49","git-master-bddc7a050319718b5e4e0856afec0bc9ea96418f","C:\Users\marco\Desktop\ds004507\derivatives\labels\sub-004\ses-headNormal\anat\sub-004_ses-headNormal_T2w_seg-manual.nii.gz","688","9","",42.13728097675431,0.0,0.4477882521609823,0.0,17.596222766724715,0.0,5.427461510401414,0.0,5.819075151854369,0.0,9.273805485089124,0.0,2.5068357246657325,0.0,2.9206257857356817,0.0,0.7786370151134625,0.0,-2.234921722360234,0.0,0.9578006698854864,0.0,""
"2026-09-25 17:14:49","git-master-bddc7a050319718b5e4e0856afec0bc9ea96418f","C:\Users\marco\Desktop\ds004507\derivatives\labels\sub-004\ses-headNormal\anat\sub-004_ses-headNormal_T2w_seg-manual.nii.gz","689","9","",41.67171055202989,0.0,-0.13906902604176558,0.0,17.428472892254547,0.0,5.517025046723516,0.0,5.780275203268368,0.0,9.250948623755214,0.0,2.7699488144853053,0.0,2.747076232238211,0.0,0.7807597491519664,0.0,-2.452790059054525,0.0,0.9441146026224219,0.0,""
"2026-09-25 17:14:49","git-master-bddc7a050319718b5e4e0856afec0bc9ea96418f","C:\Users\marco\Desktop\ds004507\derivatives\labels\sub-004\ses-headNormal\anat\sub-004_ses-headNormal_T2w_seg-manual.nii.gz","690","9","",43.54931521153543,0.0,-0.8891828973548194,0.0,17.36583717516622,0.0,5.664515082574152,0.0,5.868727511367649,0.0,9.536844524079909,0.0,2.814517925948085,0.0,2.8499971566260665,0.0,0.7879883809352938,0.0,-3.9637156942958276,0.0,0.9536436392805281,0.0,""
"2026-09-25 17:14:49","git-master-bddc7a050319718b5e4e0856afec0bc9ea96418f","C:\Users\marco\Desktop\ds004507\derivatives\labels\sub-004\ses-headNormal\anat\sub-004_ses-headNormal_T2w_seg-manual.nii.gz","691","9","",46.23480826109555,0.0,-1.5021408959488254,0.0,17.397103582513743,0.0,5.875906659667865,0.0,6.042430988568481,0.0,9.800766895000699,0.0,2.8126775612207924,0.0,3.063229098447072,0.0,0.7871312312472715,0.0,-4.712136789115611,0.0,0.9623711748850484,0.0,""
"2026-09-25 17:14:49","git-master-bddc7a050319718b5e4e0856afec0bc9ea96418f","C:\Users\marco\Desktop\ds004507\derivatives\labels\sub-004\ses-headNormal\anat\sub-004_ses-headNormal_T2w_seg-manual.nii.gz","692","9","",48.719150098602036,0.0,-1.7556481955411256,0.0,17.5223115557416,0.0,6.160770919159052,0.0,6.279097342765825,0.0,9.8088513066387,0.0,2.881278422807457,0.0,3.2794924963515957,0.0,0.7682532425037094,0.0,-3.191823354865162,0.0,0.9533813525410164,0.0,""
"2026-09-25 17:14:49","git-master-bddc7a050319718b5e4e0856afec0bc9ea96418f","C:\Users\marco\Desktop\ds004507\derivatives\labels\sub-004\ses-headNormal\anat\sub-004_ses-headNormal_T2w_seg-manual.nii.gz","693","8","",46.527665838020006,0.0,-1.3386747097313987,0.0,17.890501213465136,0.0,6.158883610024666,0.0,6.157810418065676,0.0,9.57993383689233,0.0,2.9079041755046067,0.0,3.250979434520059,0.0,0.7660490287273287,0.0,0.7535680619312766,0.0,0.9443069306930693,0.0,""
"2026-09-25 17:14:49","git-master-bddc7a050319718b5e4e0856afec0bc9ea96418f","C:\Users\marco\Desktop\ds004507\derivatives\labels\sub-004\ses-headNormal\anat\sub-004_ses-headNormal_T2w_seg-manual.nii.gz","694","8","",42.14298416060156,0.0,-0.5245411265452828,0.0,18.279757852709704,0.0,5.958127790351206,0.0,6.042513917488962,0.0,9.023684217291613,0.0,2.8675754549653334,0.0,3.0905523353858726,0.0,0.7415968813291717,0.0,-0.739350447949654,0.0,0.9409146271770035,0.0,""
"2026-09-25 17:14:49","git-master-bddc7a050319718b5e4e0856afec0bc9ea96418f","C:\Users\marco\Desktop\ds004507\derivatives\labels\sub-004\ses-headNormal\anat\sub-004_ses-headNormal_T2w_seg-manual.nii.gz","695","8","",40.25465014482308,0.0,0.36452100284008127,0.0,18.68760220580885,0.0,5.841091142393363,0.0,5.9250396344439835,0.0,8.8199026480191,0.0,2.789111242556751,0.0,3.051979899836612,0.0,0.7404316548811786,0.0,-1.033160086656807,0.0,0.9384920634920635,0.0,""
"2026-09-25 17:14:49","git-master-bddc7a050319718b5e4e0856afec0bc9ea96418f","C:\Users\marco\Desktop\ds004507\derivatives\labels\sub-004\ses-headNormal\anat\sub-004_ses-headNormal_T2w_seg-manual.nii.gz","696","8","",40.338728457891364,0.0,1.288066249734163,0.0,19.10380653018157,0.0,5.795680243127177,0.0,5.817775517218132,0.0,8.886997522498106,0.0,2.70562311613411,0.0,3.0900571269930666,0.0,0.7559339642586678,0.0,-0.6139355848497898,0.0,0.9380025358653574,0.0,""
"2026-09-25 17:14:49","git-master-bddc7a050319718b5e4e0856afec0bc9ea96418f","C:\Users\marco\Desktop\ds004507\derivatives\labels\sub-004\ses-headNormal\anat\sub-004_ses-headNormal_T2w_seg-manual.nii.gz","697","8","",39.93859883691656,0.0,1.9828433355507604,0.0,19.46157545386592,0.0,5.781503331691211,0.0,5.814334721972063,0.0,8.819725721762476,0.0,2.8471318235026826,0.0,2.934371508188529,0.0,0.7519095157662671,0.0,-2.4588068331019803,0.0,0.9474374027658329,0.0,""
"2026-09-25 17:14:49","git-master-bddc7a050319718b5e4e0856afec0bc9ea96418f","C:\Users\marco\Desktop\ds004507\derivatives\labels\sub-004\ses-headNormal\anat\sub-004_ses-headNormal_T2w_seg-manual.nii.gz","698","8","",42.38591981594139,0.0,2.5106340173715593,0.0,19.777392882523106,0.0,5.96699842224566,0.0,6.05490751242846,0.0,8.973706828695084,0.0,2.9867528163281465,0.0,2.9802456059175135,0.0,0.738075050960374,0.0,0.41271043217304015,0.0,0.951577254487278,0.0,""
"2026-09-25 17:14:49","git-master-bddc7a050319718b5e4e0856afec0bc9ea96418f","C:\Users\marco\Desktop\ds004507\derivatives\labels\sub-004\ses-headNormal\anat\sub-004_ses-headNormal_T2w_seg-manual.nii.gz","699","8","",45.01848694896198,0.0,2.8979265924723108,0.0,20.058083854492573,0.0,6.13356593248958,0.0,6.253530585051197,0.0,9.221654129385565,0.0,3.0545562307451553,0.0,3.079009701744424,0.0,0.7335970941333778,0.0,4.229450551484692,0.0,0.9503442692811463,0.0,""
"2026-09-25 17:14:49","git-master-bddc7a050319718b5e4e0856afec0bc9ea96418f","C:\Users\marco\Desktop\ds004507\derivatives\labels\sub-004\ses-headNormal\anat\sub-004_ses-headNormal_T2w_seg-manual.nii.gz","700","8","",42.61630786528278,0.0,3.083545485839491,0.0,20.288762390354275,0.0,5.824730696650195,0.0,5.799038294473266,0.0,9.383417727518973,0.0,2.850867474814972,0.0,2.9738632218352237,0.0,0.7847778894018299,0.0,2.15402425941694,0.0,0.9391983345471717,0.0,""
"2026-09-25 17:14:49","git-master-bddc7a050319718b5e4e0856afec0bc9ea96418f","C:\Users\marco\Desktop\ds004507\derivatives\labels\sub-004\ses-headNormal\anat\sub-004_ses-headNormal_T2w_seg-manual.nii.gz","701","8","",44.10322981675364,0.0,3.0765193159603736,0.0,20.472196286790894,0.0,5.9629560016190855,0.0,5.977915525785838,0.0,9.37365792422936,0.0,2.979752379196493,0.0,2.983203622422592,0.0,0.7689666318549067,0.0,0.7635071028691426,0.0,0.9439811767000708,0.0,""
"2026-09-25 17:14:49","git-master-bddc7a050319718b5e4e0856afec0bc9ea96418f","C:\Users\marco\Desktop\ds004507\derivatives\labels\sub-004\ses-headNormal\anat\sub-004_ses-headNormal_T2w_seg-manual.nii.gz","702","8","",46.184971470982475,0.0,2.9293464528694972,0.0,20.621450796646098,0.0,6.150254173560087,0.0,6.252777255480515,0.0,9.36668883778867,0.0,3.1020289424821135,0.0,3.0482252310779727,0.0,0.7445358254395716,0.0,-0.2585969141130162,0.0,0.9547476043650289,0.0,""
"2026-09-25 17:14:49","git-master-bddc7a050319718b5e4e0856afec0bc9ea96418f","C:\Users\marco\Desktop\ds004507\derivatives\labels\sub-004\ses-headNormal\anat\sub-004_ses-headNormal_T2w_seg-manual.nii.gz","703","8","",46.838665268102744,0.0,2.6069501748357293,0.0,20.728156414701758,0.0,6.130499748301952,0.0,6.293100834788597,0.0,9.487200517068938,0.0,2.97446721018271,0.0,3.1560325381192422,0.0,0.7483185841356075,0.0,-0.9462842521250352,0.0,0.967548117187279,0.0,""
"2026-09-25 17:14:49","git-master-bddc7a050319718b5e4e0856afec0bc9ea96418f","C:\Users\marco\Desktop\ds004507\derivatives\labels\sub-004\ses-headNormal\anat\sub-004_ses-headNormal_T2w_seg-manual.nii.gz","704","8","",45.97577733220544,0.0,2.0650726295095407,0.0,20.7819971054779,0.0,5.861525314706437,0.0,6.006529207807677,0.0,9.742863824421798,0.0,2.8187725827018157,0.0,3.0427527320046215,0.0,0.7852862674365385,0.0,-0.11784203926668002,0.0,0.9677338191527545,0.0,""
"2026-09-25 17:14:49","git-master-bddc7a050319718b5e4e0856afec0bc9ea96418f","C:\Users\marco\Desktop\ds004507\derivatives\labels\sub-004\ses-headNormal\anat\sub-004_ses-headNormal_T2w_seg-manual.nii.gz","705","8","",45.13338644543647,0.0,1.3825131389576497,0.0,20.80207022987001,0.0,5.6827145842980675,0.0,5.829624184767316,0.0,9.863473270960984,0.0,2.7284894115878533,0.0,2.954225172710214,0.0,0.8065573807723015,0.0,-0.5863308155475471,0.0,0.9664457955072703,0.0,""
"2026-09-25 17:14:49","git-master-bddc7a050319718b5e4e0856afec0bc9ea96418f","C:\Users\marco\Desktop\ds004507\derivatives\labels\sub-004\ses-headNormal\anat\sub-004_ses-headNormal_T2w_seg-manual.nii.gz","706","8","",44.66379157108327,0.0,0.550403313255629,0.0,20.786288685401445,0.0,5.688125635294624,0.0,5.882176430734919,0.0,9.76212204565101,0.0,2.7372492599015152,0.0,2.950876375393109,0.0,0.7980697704136336,0.0,-3.235794524639596,0.0,0.9659293510404617,0.0,""
"2026-09-25 17:14:49","git-master-bddc7a050319718b5e4e0856afec0bc9ea96418f","C:\Users\marco\Desktop\ds004507\derivatives\labels\sub-004\ses-headNormal\anat\sub-004_ses-headNormal_T2w_seg-manual.nii.gz","707","8","",46.67729157157011,0.0,-0.3367045150355299,0.0,20.742384097365033,0.0,6.176202824785126,0.0,6.2536835585815425,0.0,9.617658320528971,0.0,2.985757133871635,0.0,3.1904456909134913,0.0,0.7581751241574198,0.0,-0.4763523365009439,0.0,0.9401830369367014,0.0,""
"2026-09-25 17:14:49","git-master-bddc7a050319718b5e4e0856afec0bc9ea96418f","C:\Users\marco\Desktop\ds004507\derivatives\labels\sub-004\ses-headNormal\anat\sub-004_ses-headNormal_T2w_seg-manual.nii.gz","708","8","",47.19230652984174,0.0,-1.1524772696261638,0.0,20.698982960228733,0.0,6.333316691328266,0.0,6.392722740951761,0.0,9.505744312678894,0.0,3.074385733795963,0.0,3.258930957532303,0.0,0.7400921878576913,0.0,1.170318523777547,0.0,0.9306466757015963,0.0,""
"2026-09-25 17:14:49","git-master-bddc7a050319718b5e4e0856afec0bc9ea96418f","C:\Users\marco\Desktop\ds004507\derivatives\labels\sub-004\ses-headNormal\anat\sub-004_ses-headNormal_T2w_seg-manual.nii.gz","709","8","",46.3057122869303,0.0,-1.890050596020105,0.0,20.65719068497139,0.0,6.188093881545793,0.0,6.3196878551237115,0.0,9.420650900960526,0.0,3.018742787240395,0.0,3.169351094305398,0.0,0.741490133243375,0.0,1.5447400831890965,0.0,0.9372756566081181,0.0,""
"2026-09-25 17:14:49","git-master-bddc7a050319718b5e4e0856afec0bc9ea96418f","C:\Users\marco\Desktop\ds004507\derivatives\labels\sub-004\ses-headNormal\anat\sub-004_ses-headNormal_T2w_seg-manual.nii.gz","710","8","",46.495698053637305,0.0,-2.4955026715504127,0.0,20.618119194132948,0.0,6.348663572826586,0.0,6.456278858467278,0.0,9.268108474478066,0.0,3.1377994277286176,0.0,3.210864145097969,0.0,0.7169192697765127,0.0,1.198722465688806,0.0,0.9465379089449192,0.0,""
"2026-09-25 17:14:49","git-master-bddc7a050319718b5e4e0856afec0bc9ea96418f","C:\Users\marco\Desktop\ds004507\derivatives\labels\sub-004\ses-headNormal\anat\sub-004_ses-headNormal_T2w_seg-manual.nii.gz","711","8","",46.693365092610094,0.0,-3.0130053585997105,0.0,20.58086567874917,0.0,6.159369988923922,0.0,6.371177503816145,0.0,9.455908433453413,0.0,2.963160006003805,0.0,3.1962099829201183,0.0,0.7362756956145355,0.0,1.2671058565488476,0.0,0.9533653231189565,0.0,""
"2026-09-25 17:14:49","git-master-bddc7a050319718b5e4e0856afec0bc9ea96418f","C:\Users\marco\Desktop\ds004507\derivatives\labels\sub-004\ses-headNormal\anat\sub-004_ses-headNormal_T2w_seg-manual.nii.gz","712","8","",46.85903751813289,0.0,-3.45239735307925,0.0,20.545229196725533,0.0,5.861068046014186,0.0,6.192365741395686,0.0,9.766543570596522,0.0,2.6953227011406193,0.0,3.165745344873566,0.0,0.7732675328845817,0.0,1.3095041018273867,0.0,0.9580853743829292,0.0,""
"2026-09-25 17:14:49","git-master-bddc7a050319718b5e4e0856afec0bc9ea96418f","C:\Users\marco\Desktop\ds004507\derivatives\labels\sub-004\ses-headNormal\anat\sub-004_ses-headNormal_T2w_seg-manual.nii.gz","713","8","",46.84860406711603,0.0,-3.774842896101579,0.0,20.512021746830236,0.0,6.06579158707531,0.0,6.214041605133587,0.0,9.668449898935307,0.0,2.8416440063714905,0.0,3.2241475807038196,0.0,0.7660559630673437,0.0,0.01159735712440324,0.0,0.9598322756226992,0.0,""
"2026-09-25 17:14:49","git-master-bddc7a050319718b5e4e0856afec0bc9ea96418f","C:\Users\marco\Desktop\ds004507\derivatives\labels\sub-004\ses-headNormal\anat\sub-004_ses-headNormal_T2w_seg-manual.nii.gz","714","8","",47.3796423037777,0.0,-3.9952370836453186,0.0,20.48094376024337,0.0,6.237341692840188,0.0,6.330901274664305,0.0,9.544146392625061,0.0,2.9807138890403224,0.0,3.256627803799865,0.0,0.7477590424055306,0.0,-0.82809405242682,0.0,0.9579147386597915,0.0,""
"2026-09-25 17:14:49","git-master-bddc7a050319718b5e4e0856afec0bc9ea96418f","C:\Users\marco\Desktop\ds004507\derivatives\labels\sub-004\ses-headNormal\anat\sub-004_ses-headNormal_T2w_seg-manual.nii.gz","715","8","",48.295779748071375,0.0,-4.137948506629453,0.0,20.451489627942017,0.0,6.429800820281666,0.0,6.494914255261814,0.0,9.46787234846054,0.0,3.1281427436136764,0.0,3.301658076667989,0.0,0.7275495054971414,0.0,-0.7216934375563309,0.0,0.9557022185675015,0.0,""
"2026-09-25 17:14:49","git-master-bddc7a050319718b5e4e0856afec0bc9ea96418f","C:\Users\marco\Desktop\ds004507\derivatives\labels\sub-004\ses-headNormal\anat\sub-004_ses-headNormal_T2w_seg-manual.nii.gz","716","8","",49.68133092472057,0.0,-4.17879402812321,0.0,20.424168649831692,0.0,6.7103195649204705,0.0,6.6875208716168295,0.0,9.543885477077588,0.0,3.304765321998442,0.0,3.405554242922029,0.0,0.7134047017860649,0.0,1.4099834062694074,0.0,0.9563798059632613,0.0,""
"2026-09-25 17:14:49","git-master-bddc7a050319718b5e4e0856afec0bc9ea96418f","C:\Users\marco\Desktop\ds004507\derivatives\labels\sub-004\ses-headNormal\anat\sub-004_ses-headNormal_T2w_seg-manual.nii.gz","717","8","",51.12547093593843,0.0,-4.103272423312636,0.0,20.39928936066528,0.0,6.665803385295224,0.0,6.801643579813977,0.0,9.644314545248001,0.0,3.2437588506067465,0.0,3.422044534688477,0.0,0.7089689805435911,0.0,1.4492275070847962,0.0,0.9623365731862841,0.0,""
"2026-09-25 17:14:49","git-master-bddc7a050319718b5e4e0856afec0bc9ea96418f","C:\Users\marco\Desktop\ds004507\derivatives\labels\sub-004\ses-headNormal\anat\sub-004_ses-headNormal_T2w_seg-manual.nii.gz","718","8","",51.94227166136442,0.0,-3.9804001521572556,0.0,20.376039413699523,0.0,6.4172657961666975,0.0,6.7425450196868795,0.0,9.920107530646062,0.0,3.0361173619885244,0.0,3.3811484341781735,0.0,0.7298647166624418,0.0,1.5537755493554897,0.0,0.9630222343595334,0.0,""
"2026-09-25 17:14:49","git-master-bddc7a050319718b5e4e0856afec0bc9ea96418f","C:\Users\marco\Desktop\ds004507\derivatives\labels\sub-004\ses-headNormal\anat\sub-004_ses-headNormal_T2w_seg-manual.nii.gz","719","8","",51.71254372552805,0.0,-3.8197155836777616,0.0,20.354623269103968,0.0,5.945682352031916,0.0,6.426749352810293,0.0,10.474536037568896,0.0,2.6695375666961416,0.0,3.276144785335774,0.0,0.7889020139855266,0.0,2.478513930942934,0.0,0.953282728873859,0.0,""
"2026-09-25 17:14:49","git-master-bddc7a050319718b5e4e0856afec0bc9ea96418f","C:\Users\marco\Desktop\ds004507\derivatives\labels\sub-004\ses-headNormal\anat\sub-004_ses-headNormal_T2w_seg-manual.nii.gz","720","8","",51.44912748610092,0.0,-3.67659011450475,0.0,20.335961163989317,0.0,6.16872155439053,0.0,6.469475715024143,0.0,10.266564609191873,0.0,2.865890277792856,0.0,3.302831276597673,0.0,0.7759805257756333,0.0,-0.32921220608974444,0.0,0.943155158946491,0.0,""
"2026-09-25 17:14:49","git-master-bddc7a050319718b5e4e0856afec0bc9ea96418f","C:\Users\marco\Desktop\ds004507\derivatives\labels\sub-004\ses-headNormal\anat\sub-004_ses-headNormal_T2w_seg-manual.nii.gz","721","8","",51.33809360057176,0.0,-3.5438845608479785,0.0,20.31893257057102,0.0,6.285709016990837,0.0,6.4691563922989355,0.0,10.157236631154223,0.0,3.0166184013526083,0.0,3.2690906156382282,0.0,0.7708616820420259,0.0,-1.516062897975638,0.0,0.9470504189157504,0.0,""
"2026-09-25 17:14:49","git-master-bddc7a050319718b5e4e0856afec0bc9ea96418f","C:\Users\marco\Desktop\ds004507\derivatives\labels\sub-004\ses-headNormal\anat\sub-004_ses-headNormal_T2w_seg-manual.nii.gz","722","8","",51.399997517110975,0.0,-3.421601829455519,0.0,20.30353779058717,0.0,6.2334276410309934,0.0,6.394474995255175,0.0,10.220058996441953,0.0,3.0696713194305225,0.0,3.16375632160047,0.0,0.780042749369477,0.0,-0.6795594128523779,0.0,0.9654073699635509,0.0,""
"2026-09-25 17:14:49","git-master-bddc7a050319718b5e4e0856afec0bc9ea96418f","C:\Users\marco\Desktop\ds004507\derivatives\labels\sub-004\ses-headNormal\anat\sub-004_ses-headNormal_T2w_seg-manual.nii.gz","723","8","",51.65782637775748,0.0,-3.317580876657701,0.0,20.29100452361246,0.0,6.166776859232575,0.0,6.325741685664628,0.0,10.449565386214864,0.0,3.0075172354349733,0.0,3.1592596237976025,0.0,0.7956335798224797,0.0,-0.10976792281020709,0.0,0.9671444088856975,0.0,""
"2026-09-25 17:14:49","git-master-bddc7a050319718b5e4e0856afec0bc9ea96418f","C:\Users\marco\Desktop\ds004507\derivatives\labels\sub-004\ses-headNormal\anat\sub-004_ses-headNormal_T2w_seg-manual.nii.gz","724","8","",50.63923104010258,0.0,-3.2246585694046663,0.0,20.280209827702215,0.0,6.074993664801501,0.0,6.264848550079032,0.0,10.355104074757067,0.0,2.9824179076043373,0.0,3.092575757197164,0.0,0.7959672011311848,0.0,-1.0011680123522315,0.0,0.967143396867766,0.0,""
"2026-09-25 17:14:49","git-master-bddc7a050319718b5e4e0856afec0bc9ea96418f","C:\Users\marco\Desktop\ds004507\derivatives\labels\sub-004\ses-headNormal\anat\sub-004_ses-headNormal_T2w_seg-manual.nii.gz","725","8","",48.86062378968532,0.0,-3.142184056317244,0.0,20.271051653589915,0.0,5.9827674452128425,0.0,6.215254951802629,0.0,10.055784917600725,0.0,2.9840606903524485,0.0,2.998706754860394,0.0,0.7860879074037525,0.0,-2.494132269946738,0.0,0.9655130543983533,0.0,""
"2026-09-25 17:14:49","git-master-bddc7a050319718b5e4e0856afec0bc9ea96418f","C:\Users\marco\Desktop\ds004507\derivatives\labels\sub-004\ses-headNormal\anat\sub-004_ses-headNormal_T2w_seg-manual.nii.gz","726","8","",47.963225312303756,0.0,-3.0760436440673233,0.0,20.264451574253883,0.0,5.99865060941571,0.0,6.201694458745677,0.0,9.90537349496398,0.0,2.989364798784284,0.0,3.009285810631426,0.0,0.7796891115135396,0.0,-1.3004391385271563,0.0,0.9613672684016473,0.0,""
"2026-09-25 17:14:49","git-master-bddc7a050319718b5e4e0856afec0bc9ea96418f","C:\Users\marco\Desktop\ds004507\derivatives\labels\sub-004\ses-headNormal\anat\sub-004_ses-headNormal_T2w_seg-manual.nii.gz","727","8","",47.37709372426947,0.0,-3.0229779098461034,0.0,20.259898727731223,0.0,6.058039456752924,0.0,6.222660993774859,0.0,9.760968011065026,0.0,3.0072043975508045,0.0,3.05083505920212,0.0,0.7702679228082618,0.0,0.09803603252120341,0.0,0.9564141247897008,0.0,""
"2026-09-25 17:14:49","git-master-bddc7a050319718b5e4e0856afec0bc9ea96418f","C:\Users\marco\Desktop\ds004507\derivatives\labels\sub-004\ses-headNormal\anat\sub-004_ses-headNormal_T2w_seg-manual.nii.gz","728","8","",47.160027382142864,0.0,-2.9803736872524573,0.0,20.25698381317827,0.0,6.094681150034642,0.0,6.2342086076339065,0.0,9.710524151418198,0.0,2.9969670572117257,0.0,3.097714092822916,0.0,0.7664163988497749,0.0,0.9117225960495035,0.0,0.9533382310380907,0.0,""
"2026-09-25 17:14:49","git-master-bddc7a050319718b5e4e0856afec0bc9ea96418f","C:\Users\marco\Desktop\ds004507\derivatives\labels\sub-004\ses-headNormal\anat\sub-004_ses-headNormal_T2w_seg-manual.nii.gz","729","8","",47.66266006936351,0.0,-2.9521571708477405,0.0,20.256321312694055,0.0,5.998302321566222,0.0,6.167322815236423,0.0,9.946894140348894,0.0,2.8807591433531368,0.0,3.117543178213085,0.0,0.7843440625053659,0.0,-0.40211820581739066,0.0,0.9573040997605213,0.0,""
"2026-09-25 17:14:49","git-master-bddc7a050319718b5e4e0856afec0bc9ea96418f","C:\Users\marco\Desktop\ds004507\derivatives\labels\sub-004\ses-headNormal\anat\sub-004_ses-headNormal_T2w_seg-manual.nii.gz","730","8","",48.001929764904816,0.0,-2.9319427894040877,0.0,20.254174735084355,0.0,5.8276767273558585,0.0,6.049489942864479,0.0,10.260947726500575,0.0,2.7478765920898525,0.0,3.079800135266006,0.0,0.8068109518732335,0.0,0.18059642822625666,0.0,0.9650859911246749,0.0,""
"2026-09-25 17:14:49","git-master-bddc7a050319718b5e4e0856afec0bc9ea96418f","C:\Users\marco\Desktop\ds004507\derivatives\labels\sub-004\ses-headNormal\anat\sub-004_ses-headNormal_T2w_seg-manual.nii.gz","731","8","",48.26819960256037,0.0,-2.9142333266104283,0.0,20.24932626319674,0.0,5.8061224317522795,0.0,6.0300114830100195,0.0,10.366862978175885,0.0,2.7227529669704063,0.0,3.083369464781873,0.0,0.8125812578939529,0.0,1.2269670799740657,0.0,0.9685558473454224,0.0,""
"2026-09-25 17:14:49","git-master-bddc7a050319718b5e4e0856afec0bc9ea96418f","C:\Users\marco\Desktop\ds004507\derivatives\labels\sub-004\ses-headNormal\anat\sub-004_ses-headNormal_T2w_seg-manual.nii.gz","732","8","",48.4767409321958,0.0,-2.897316933662358,0.0,20.240079778234584,0.0,6.104604174347596,0.0,6.222658437882642,0.0,10.038811350506116,0.0,2.910636121803102,0.0,3.193968052544494,0.0,0.7843781784629188,0.0,2.2142523406041383,0.0,0.9619414168756268,0.0,""
"2026-09-25 17:14:49","git-master-bddc7a050319718b5e4e0856afec0bc9ea96418f","C:\Users\marco\Desktop\ds004507\derivatives\labels\sub-004\ses-headNormal\anat\sub-004_ses-headNormal_T2w_seg-manual.nii.gz","733","8","",47.442112282048015,0.0,-2.881485941256592,0.0,20.224811847769303,0.0,6.0421952236248195,0.0,6.214244233454253,0.0,9.844676196165688,0.0,2.915378540943752,0.0,3.1268166826810675,0.0,0.7755011810511364,0.0,0.7586014806237538,0.0,0.9507385733275963,0.0,""
"2026-09-25 17:14:49","git-master-bddc7a050319718b5e4e0856afec0bc9ea96418f","C:\Users\marco\Desktop\ds004507\derivatives\labels\sub-004\ses-headNormal\anat\sub-004_ses-headNormal_T2w_seg-manual.nii.gz","734","8","",46.912566586238256,0.0,-2.8663229550340072,0.0,20.205835729250335,0.0,6.053947988960586,0.0,6.202270082859743,0.0,9.757095299567107,0.0,2.909795317002054,0.0,3.144152671958532,0.0,0.771962444751719,0.0,-1.060509741708703,0.0,0.9507909609447894,0.0,""
"2026-09-25 17:14:49","git-master-bddc7a050319718b5e4e0856afec0bc9ea96418f","C:\Users\marco\Desktop\ds004507\derivatives\labels\sub-004\ses-headNormal\anat\sub-004_ses-headNormal_T2w_seg-manual.nii.gz","735","8","",47.18120629881375,0.0,-2.851827990545661,0.0,20.183150803494136,0.0,6.208227461869201,0.0,6.214467524103523,0.0,9.781640380781539,0.0,2.9175117610809522,0.0,3.2907157007882484,0.0,0.7722493436174488,0.0,-2.980030955014998,0.0,0.9653475497231905,0.0,""
"2026-09-25 17:14:49","git-master-bddc7a050319718b5e4e0856afec0bc9ea96418f","C:\Users\marco\Desktop\ds004507\derivatives\labels\sub-004\ses-headNormal\anat\sub-004_ses-headNormal_T2w_seg-manual.nii.gz","736","7","",48.85735616976713,0.0,-2.8325890388975496,0.0,20.14054885564675,0.0,6.273877064927921,0.0,6.401759348764802,0.0,9.92938368371089,0.0,2.9091141257836264,0.0,3.3647629391442955,0.0,0.7644114144889179,0.0,-0.2814499040313997,0.0,0.9439306358381503,0.0,""
"2026-09-25 17:14:49","git-master-bddc7a050319718b5e4e0856afec0bc9ea96418f","C:\Users\marco\Desktop\ds004507\derivatives\labels\sub-004\ses-headNormal\anat\sub-004_ses-headNormal_T2w_seg-manual.nii.gz","737","7","",51.00046422990762,0.0,-2.8204025124154364,0.0,20.104051496218272,0.0,6.349438498627295,0.0,6.496019679172372,0.0,10.170198350164855,0.0,2.9897627005328373,0.0,3.359675798094458,0.0,0.7693625981452986,0.0,-0.04834144493575568,0.0,0.951125948867753,0.0,""
"2026-09-25 17:14:49","git-master-bddc7a050319718b5e4e0856afec0bc9ea96418f","C:\Users\marco\Desktop\ds004507\derivatives\labels\sub-004\ses-headNormal\anat\sub-004_ses-headNormal_T2w_seg-manual.nii.gz","738","7","",51.671124494824035,0.0,-2.808906993896204,0.0,20.063700097483444,0.0,6.316552278236201,0.0,6.473509048406724,0.0,10.304827497839948,0.0,2.9975036094693652,0.0,3.319048668766835,0.0,0.7779184453838672,0.0,-0.08473214584034802,0.0,0.9604370765478643,0.0,""
"2026-09-25 17:14:49","git-master-bddc7a050319718b5e4e0856afec0bc9ea96418f","C:\Users\marco\Desktop\ds004507\derivatives\labels\sub-004\ses-headNormal\anat\sub-004_ses-headNormal_T2w_seg-manual.nii.gz","739","7","",51.19969029092269,0.0,-2.7981024964425063,0.0,20.01949256265689,0.0,6.203766640504117,0.0,6.357035313627122,0.0,10.36876090301126,0.0,2.9453335769448996,0.0,3.2584330635592176,0.0,0.7898922606511118,0.0,-0.35347710671959465,0.0,0.9673102942363127,0.0,""
"2026-09-25 17:14:49","git-master-bddc7a050319718b5e4e0856afec0bc9ea96418f","C:\Users\marco\Desktop\ds004507\derivatives\labels\sub-004\ses-headNormal\anat\sub-004_ses-headNormal_T2w_seg-manual.nii.gz","740","7","",50.66530729605209,0.0,-2.7883611755134994,0.0,19.96934175802064,0.0,6.11446003634733,0.0,6.212966327335111,0.0,10.505930480100288,0.0,2.8676427337198738,0.0,3.2468173026274565,0.0,0.8061670751752333,0.0,-0.7892034930696836,0.0,0.9470804471059404,0.0,""
"2026-09-25 17:14:49","git-master-bddc7a050319718b5e4e0856afec0bc9ea96418f","C:\Users\marco\Desktop\ds004507\derivatives\labels\sub-004\ses-headNormal\anat\sub-004_ses-headNormal_T2w_seg-manual.nii.gz","741","7","",50.99940024313534,0.0,-2.7794704573567084,0.0,19.914423443429463,0.0,6.1199152325049075,0.0,6.223798311061154,0.0,10.500338622152356,0.0,2.9123604488274615,0.0,3.207554783677446,0.0,0.8053149580884217,0.0,0.49383570715538083,0.0,0.9583750135039679,0.0,""
"2026-09-25 17:14:49","git-master-bddc7a050319718b5e4e0856afec0bc9ea96418f","C:\Users\marco\Desktop\ds004507\derivatives\labels\sub-004\ses-headNormal\anat\sub-004_ses-headNormal_T2w_seg-manual.nii.gz","742","7","",51.31277292945722,0.0,-2.771270873982313,0.0,19.85562605712453,0.0,6.11093213164957,0.0,6.25175502280869,0.0,10.451131369657189,0.0,2.9525390605487303,0.0,3.1583930711008397,0.0,0.8013162210921442,0.0,2.2956410295679532,0.0,0.974527484252678,0.0,""
"2026-09-25 17:14:49","git-master-bddc7a050319718b5e4e0856afec0bc9ea96418f","C:\Users\marco\Desktop\ds004507\derivatives\labels\sub-004\ses-headNormal\anat\sub-004_ses-headNormal_T2w_seg-manual.nii.gz","743","7","",50.490889907241616,0.0,-2.7639751128049794,0.0,19.791747693512267,0.0,5.9435753742846265,0.0,6.136219136532246,0.0,10.455311861459428,0.0,2.8281212705756253,0.0,3.115454103709001,0.0,0.8096323199950989,0.0,3.4367305231530185,0.0,0.96536687972541,0.0,""
"2026-09-25 17:14:49","git-master-bddc7a050319718b5e4e0856afec0bc9ea96418f","C:\Users\marco\Desktop\ds004507\derivatives\labels\sub-004\ses-headNormal\anat\sub-004_ses-headNormal_T2w_seg-manual.nii.gz","744","7","",50.95711350334589,0.0,-2.7576895598073015,0.0,19.722171285905343,0.0,5.835865963517616,0.0,6.14668898399771,0.0,10.527728090254966,0.0,2.7704574326924742,0.0,3.065408530825142,0.0,0.8118517582874866,0.0,3.2905503631040816,0.0,0.9538005989694734,0.0,""
"2026-09-25 17:14:49","git-master-bddc7a050319718b5e4e0856afec0bc9ea96418f","C:\Users\marco\Desktop\ds004507\derivatives\labels\sub-004\ses-headNormal\anat\sub-004_ses-headNormal_T2w_seg-manual.nii.gz","745","7","",51.695693868463856,0.0,-2.7520952230341287,0.0,19.64868614696565,0.0,5.878241175271601,0.0,6.212163952794667,0.0,10.544162035524353,0.0,2.8044338005834373,0.0,3.0738073746881636,0.0,0.8078812751575294,0.0,2.9688934954736528,0.0,0.9557481816407621,0.0,""
"2026-09-25 17:14:49","git-master-bddc7a050319718b5e4e0856afec0bc9ea96418f","C:\Users\marco\Desktop\ds004507\derivatives\labels\sub-004\ses-headNormal\anat\sub-004_ses-headNormal_T2w_seg-manual.nii.gz","746","7","",52.43610423318259,0.0,-2.7472452830893648,0.0,19.570986785389607,0.0,6.1345477214179835,0.0,6.321937408051447,0.0,10.451166222375141,0.0,2.959100656304091,0.0,3.1754470651138926,0.0,0.7962785925880871,0.0,2.795834852327593,0.0,0.9795051534374741,0.0,""
"2026-09-25 17:14:49","git-master-bddc7a050319718b5e4e0856afec0bc9ea96418f","C:\Users\marco\Desktop\ds004507\derivatives\labels\sub-004\ses-headNormal\anat\sub-004_ses-headNormal_T2w_seg-manual.nii.gz","747","7","",52.70853691649559,0.0,-2.7435651506927967,0.0,19.486638236459157,0.0,6.20243451842184,0.0,6.36735317402155,0.0,10.479492277615844,0.0,2.93384710178081,0.0,3.2685874166410303,0.0,0.7942425544961804,0.0,3.624948988605637,0.0,0.9514403239513578,0.0,""
"2026-09-25 17:14:49","git-master-bddc7a050319718b5e4e0856afec0bc9ea96418f","C:\Users\marco\Desktop\ds004507\derivatives\labels\sub-004\ses-headNormal\anat\sub-004_ses-headNormal_T2w_seg-manual.nii.gz","748","7","",53.7329098084068,0.0,-2.7405762849163895,0.0,19.398344795204185,0.0,6.243330621941754,0.0,6.411396652016295,0.0,10.652987988422156,0.0,2.9153523839459314,0.0,3.3279782379958225,0.0,0.7984138508834431,0.0,4.4377918804698,0.0,0.9396555168005741,0.0,""
"2026-09-25 17:14:49","git-master-bddc7a050319718b5e4e0856afec0bc9ea96418f","C:\Users\marco\Desktop\ds004507\derivatives\labels\sub-004\ses-headNormal\anat\sub-004_ses-headNormal_T2w_seg-manual.nii.gz","749","7","",55.26430712649942,0.0,-2.738278688992817,0.0,19.306102311250715,0.0,6.2743830747544465,0.0,6.46015356246469,0.0,10.909410561824046,0.0,2.9189576993059574,0.0,3.3554253754484895,0.0,0.8057383013156264,0.0,4.989943271506332,0.0,0.9452966459567341,0.0,""
"2026-09-25 17:14:49","git-master-bddc7a050319718b5e4e0856afec0bc9ea96418f","C:\Users\marco\Desktop\ds004507\derivatives\labels\sub-004\ses-headNormal\anat\sub-004_ses-headNormal_T2w_seg-manual.nii.gz","750","7","",54.67729617612409,0.0,-2.7370977761073028,0.0,19.207455448118992,0.0,6.379428979674405,0.0,6.543453296376298,0.0,10.692385575081099,0.0,3.0108443806048872,0.0,3.368584599069518,0.0,0.7906106818163935,0.0,3.3998952223343837,0.0,0.954542853296991,0.0,""
"2026-09-25 17:14:49","git-master-bddc7a050319718b5e4e0856afec0bc9ea96418f","C:\Users\marco\Desktop\ds004507\derivatives\labels\sub-004\ses-headNormal\anat\sub-004_ses-headNormal_T2w_seg-manual.nii.gz","751","7","",54.86577982166491,0.0,-2.736714500733899,0.0,19.104211377706957,0.0,6.387604515869321,0.0,6.618065805232717,0.0,10.669351733938829,0.0,3.012180640887587,0.0,3.3754238749817347,0.0,0.7843783692201487,0.0,3.0706665544932203,0.0,0.9568724750809979,0.0,""
"2026-09-25 17:14:49","git-master-bddc7a050319718b5e4e0856afec0bc9ea96418f","C:\Users\marco\Desktop\ds004507\derivatives\labels\sub-004\ses-headNormal\anat\sub-004_ses-headNormal_T2w_seg-manual.nii.gz","752","7","",55.46016928139388,0.0,-2.737022511123844,0.0,18.996975052852825,0.0,6.376091845200286,0.0,6.664353608862608,0.0,10.77493586660621,0.0,2.9925200563141883,0.0,3.3835717888860986,0.0,0.7856678682985276,0.0,3.7064490905070757,0.0,0.9553965152432912,0.0,""
"2026-09-25 17:14:49","git-master-bddc7a050319718b5e4e0856afec0bc9ea96418f","C:\Users\marco\Desktop\ds004507\derivatives\labels\sub-004\ses-headNormal\anat\sub-004_ses-headNormal_T2w_seg-manual.nii.gz","753","7","",56.026870048041175,0.0,-2.7382876862385985,0.0,18.884193249985348,0.0,6.479692737773107,0.0,6.625351945782959,0.0,10.971081705435038,0.0,3.0711276386099984,0.0,3.408565099163109,0.0,0.7969569001518145,0.0,5.395498748243894,0.0,0.9535003058354149,0.0,""
"2026-09-25 17:14:49","git-master-bddc7a050319718b5e4e0856afec0bc9ea96418f","C:\Users\marco\Desktop\ds004507\derivatives\labels\sub-004\ses-headNormal\anat\sub-004_ses-headNormal_T2w_seg-manual.nii.gz","754","7","",55.463298076430014,0.0,-2.737429726608648,0.0,18.765835545868562,0.0,6.413783163347388,0.0,6.597308799372888,0.0,10.908968405301804,0.0,3.065991307405115,0.0,3.347791855942272,0.0,0.7963701044034927,0.0,4.647434533430117,0.0,0.9607131847362862,0.0,""
"2026-09-25 17:14:49","git-master-bddc7a050319718b5e4e0856afec0bc9ea96418f","C:\Users\marco\Desktop\ds004507\derivatives\labels\sub-004\ses-headNormal\anat\sub-004_ses-headNormal_T2w_seg-manual.nii.gz","755","7","",55.3964365501818,0.0,-2.7336693374562095,0.0,18.643436598685664,0.0,6.332912832758083,0.0,6.543105044433751,0.0,10.977391755231983,0.0,3.021447443048248,0.0,3.3114653897098347,0.0,0.8021686424269852,0.0,2.988982643215149,0.0,0.961456078728392,0.0,""
"2026-09-25 17:14:49","git-master-bddc7a050319718b5e4e0856afec0bc9ea96418f","C:\Users\marco\Desktop\ds004507\derivatives\labels\sub-004\ses-headNormal\anat\sub-004_ses-headNormal_T2w_seg-manual.nii.gz","756","7","",56.849590826832035,0.0,-2.725572692295306,0.0,18.51636443598783,0.0,6.312277785923796,0.0,6.434142587737211,0.0,11.425081292240458,0.0,2.946631075646355,0.0,3.3656467102774417,0.0,0.826125008148467,0.0,0.8928840035763739,0.0,0.9453234341890902,0.0,""
"2026-09-25 17:14:49","git-master-bddc7a050319718b5e4e0856afec0bc9ea96418f","C:\Users\marco\Desktop\ds004507\derivatives\labels\sub-004\ses-headNormal\anat\sub-004_ses-headNormal_T2w_seg-manual.nii.gz","757","7","",57.766899653945245,0.0,-2.7114049376971185,0.0,18.382710774627903,0.0,6.546394111840157,0.0,6.640083361982144,0.0,11.177081992852253,0.0,3.1002699898019457,0.0,3.4461241220382113,0.0,0.8034018752202376,0.0,1.9874514037122135,0.0,0.9520306831613897,0.0,""
"2026-09-25 17:14:49","git-master-bddc7a050319718b5e4e0856afec0bc9ea96418f","C:\Users\marco\Desktop\ds004507\derivatives\labels\sub-004\ses-headNormal\anat\sub-004_ses-headNormal_T2w_seg-manual.nii.gz","758","7","",57.39146421264149,0.0,-2.69347854572921,0.0,18.244961571539186,0.0,6.5480671899608485,0.0,6.628904881537261,0.0,11.022962307524779,0.0,3.1452209311605417,0.0,3.402846258800307,0.0,0.798638783419888,0.0,2.132569739452092,0.0,0.9607099653595619,0.0,""
"2026-09-25 17:14:49","git-master-bddc7a050319718b5e4e0856afec0bc9ea96418f","C:\Users\marco\Desktop\ds004507\derivatives\labels\sub-004\ses-headNormal\anat\sub-004_ses-headNormal_T2w_seg-manual.nii.gz","759","7","",55.77029980019908,0.0,-2.671793413081457,0.0,18.103110949640172,0.0,6.280893294003021,0.0,6.360303704351839,0.0,11.050114231447877,0.0,3.0490412609837474,0.0,3.231852033019273,0.0,0.8177302475471595,0.0,0.8864686934257342,0.0,0.9687853254636545,0.0,""
"2026-09-25 17:14:49","git-master-bddc7a050319718b5e4e0856afec0bc9ea96418f","C:\Users\marco\Desktop\ds004507\derivatives\labels\sub-004\ses-headNormal\anat\sub-004_ses-headNormal_T2w_seg-manual.nii.gz","760","7","",56.54417086577146,0.0,-2.6437464607795174,0.0,17.954278689892465,0.0,6.260012767415224,0.0,6.359044125010601,0.0,11.221984909662229,0.0,2.9786829848590326,0.0,3.2813297825561913,0.0,0.823884958099361,0.0,-0.8867302578987517,0.0,0.9684510729607172,0.0,""
"2026-09-25 17:14:49","git-master-bddc7a050319718b5e4e0856afec0bc9ea96418f","C:\Users\marco\Desktop\ds004507\derivatives\labels\sub-004\ses-headNormal\anat\sub-004_ses-headNormal_T2w_seg-manual.nii.gz","761","7","",56.8989955432724,0.0,-2.611650305595612,0.0,17.80097449986667,0.0,6.229780056987789,0.0,6.344005172114544,0.0,11.409567632003537,0.0,2.911285494682697,0.0,3.3184945623050908,0.0,0.8310377379682498,0.0,-0.774282614699738,0.0,0.9690907421914368,0.0,""
"2026-09-25 17:14:49","git-master-bddc7a050319718b5e4e0856afec0bc9ea96418f","C:\Users\marco\Desktop\ds004507\derivatives\labels\sub-004\ses-headNormal\anat\sub-004_ses-headNormal_T2w_seg-manual.nii.gz","762","7","",57.00516029349554,0.0,-2.57579391121986,0.0,17.643509243827094,0.0,6.220899969310045,0.0,6.374417806378297,0.0,11.514142175467878,0.0,2.8788543763074066,0.0,3.3420455930026383,0.0,0.8322299269739781,0.0,0.20751356327127457,0.0,0.9688345993928016,0.0,""
"2026-09-25 17:14:49","git-master-bddc7a050319718b5e4e0856afec0bc9ea96418f","C:\Users\marco\Desktop\ds004507\derivatives\labels\sub-004\ses-headNormal\anat\sub-004_ses-headNormal_T2w_seg-manual.nii.gz","763","7","",57.209778467010146,0.0,-2.534440910911694,0.0,17.47993428274981,0.0,6.3420024010608165,0.0,6.6628017810417495,0.0,11.176450020236116,0.0,3.003472552608993,0.0,3.338529848451823,0.0,0.8020616334305243,0.0,-0.4392412840106605,0.0,0.9613494098751728,0.0,""
"2026-09-25 17:14:49","git-master-bddc7a050319718b5e4e0856afec0bc9ea96418f","C:\Users\marco\Desktop\ds004507\derivatives\labels\sub-004\ses-headNormal\anat\sub-004_ses-headNormal_T2w_seg-manual.nii.gz","764","7","",57.18254872330383,0.0,-2.488168600434039,0.0,17.310855382789587,0.0,6.375647113015027,0.0,6.689757757594705,0.0,11.178873341098988,0.0,2.9912062197001763,0.0,3.3844408933148515,0.0,0.8010469381775475,0.0,-0.6843399598765658,0.0,0.956827977298039,0.0,""
"2026-09-25 17:14:49","git-master-bddc7a050319718b5e4e0856afec0bc9ea96418f","C:\Users\marco\Desktop\ds004507\derivatives\labels\sub-004\ses-headNormal\anat\sub-004_ses-headNormal_T2w_seg-manual.nii.gz","765","7","",57.47373068097211,0.0,-2.4381338729473927,0.0,17.13755184168865,0.0,6.364619911450023,0.0,6.644693041739243,0.0,11.333999466231328,0.0,2.9405209188849795,0.0,3.424098992565044,0.0,0.8100199584104635,0.0,-0.2715601602863082,0.0,0.9489506631209718,0.0,""
"2026-09-25 17:14:49","git-master-bddc7a050319718b5e4e0856afec0bc9ea96418f","C:\Users\marco\Desktop\ds004507\derivatives\labels\sub-004\ses-headNormal\anat\sub-004_ses-headNormal_T2w_seg-manual.nii.gz","766","7","",58.679747788447926,0.0,-2.38346785428281,0.0,16.959032130356523,0.0,6.322039605878657,0.0,6.645909498014185,0.0,11.563781701079728,0.0,2.9124486736467854,0.0,3.4095909322318714,0.0,0.8183031734020105,0.0,1.320916722229473,0.0,0.9310118324609676,0.0,""
"2026-09-25 17:14:49","git-master-bddc7a050319718b5e4e0856afec0bc9ea96418f","C:\Users\marco\Desktop\ds004507\derivatives\labels\sub-004\ses-headNormal\anat\sub-004_ses-headNormal_T2w_seg-manual.nii.gz","767","7","",60.189557342990256,0.0,-2.3230108985606015,0.0,16.77394630877055,0.0,6.34811881576142,0.0,6.657986812370223,0.0,11.703888689969853,0.0,2.9027944409651387,0.0,3.445324374796281,0.0,0.8223982452687294,0.0,1.4694742486802468,0.0,0.9401781195611145,0.0,""
"2026-09-25 17:14:49","git-master-bddc7a050319718b5e4e0856afec0bc9ea96418f","C:\Users\marco\Desktop\ds004507\derivatives\labels\sub-004\ses-headNormal\anat\sub-004_ses-headNormal_T2w_seg-manual.nii.gz","768","7","",60.475785374428554,0.0,-2.2587888755429932,0.0,16.584569183382783,0.0,6.37218419416152,0.0,6.621184121096699,0.0,11.688670928995204,0.0,2.944467342553796,0.0,3.4277168516077237,0.0,0.8240830670339258,0.0,1.378531912992926,0.0,0.9555949009708371,0.0,""
"2026-09-25 17:14:49","git-master-bddc7a050319718b5e4e0856afec0bc9ea96418f","C:\Users\marco\Desktop\ds004507\derivatives\labels\sub-004\ses-headNormal\anat\sub-004_ses-headNormal_T2w_seg-manual.nii.gz","769","7","",59.11211789865364,0.0,-2.1908014977676005,0.0,16.390893754552184,0.0,6.380242986120603,0.0,6.518719555178932,0.0,11.489017666158212,0.0,3.0492740062453216,0.0,3.3309689798752817,0.0,0.8234512515764846,0.0,1.2578040309587581,0.0,0.9738518270197788,0.0,""
"2026-09-25 17:14:49","git-master-bddc7a050319718b5e4e0856afec0bc9ea96418f","C:\Users\marco\Desktop\ds004507\derivatives\labels\sub-004\ses-headNormal\anat\sub-004_ses-headNormal_T2w_seg-manual.nii.gz","770","6","",59.53029495736772,0.0,-2.0836929394452306,0.0,16.102022527047307,0.0,6.501711326788595,0.0,6.736991658836016,0.0,11.333577415002143,0.0,2.983795059442887,0.0,3.517916267345708,0.0,0.8041491046802264,0.0,2.7035689881071385,0.0,0.9519742143432716,0.0,""
"2026-09-25 17:14:49","git-master-bddc7a050319718b5e4e0856afec0bc9ea96418f","C:\Users\marco\Desktop\ds004507\derivatives\labels\sub-004\ses-headNormal\anat\sub-004_ses-headNormal_T2w_seg-manual.nii.gz","771","6","",60.67219450289391,0.0,-1.9864652296865641,0.0,15.852073293974087,0.0,6.447914130043874,0.0,6.733997028440898,0.0,11.715792007746481,0.0,2.9409436743863133,0.0,3.5069704556575614,0.0,0.8181483293861878,0.0,4.634187158379406,0.0,0.9498898954056311,0.0,""
"2026-09-25 17:14:49","git-master-bddc7a050319718b5e4e0856afec0bc9ea96418f","C:\Users\marco\Desktop\ds004507\derivatives\labels\sub-004\ses-headNormal\anat\sub-004_ses-headNormal_T2w_seg-manual.nii.gz","772","6","",62.18829414089968,0.0,-1.882858956085429,0.0,15.594692676651505,0.0,6.285994533988432,0.0,6.7438937546691475,0.0,12.015607159488416,0.0,2.895139012013147,0.0,3.390855521975285,0.0,0.8275366454310881,0.0,3.8020882139058267,0.0,0.9363723307296477,0.0,""
"2026-09-25 17:14:49","git-master-bddc7a050319718b5e4e0856afec0bc9ea96418f","C:\Users\marco\Desktop\ds004507\derivatives\labels\sub-004\ses-headNormal\anat\sub-004_ses-headNormal_T2w_seg-manual.nii.gz","773","6","",63.784000468664566,0.0,-1.7728726361732356,0.0,15.32984098521192,0.0,6.323635810095766,0.0,6.792352217920752,0.0,12.199604221834461,0.0,2.899864501493586,0.0,3.4237713086021793,0.0,0.8306687872406996,0.0,3.7014522126102674,0.0,0.93687360696514,0.0,""
"2026-09-25 17:14:49","git-master-bddc7a050319718b5e4e0856afec0bc9ea96418f","C:\Users\marco\Desktop\ds004507\derivatives\labels\sub-004\ses-headNormal\anat\sub-004_ses-headNormal_T2w_seg-manual.nii.gz","774","6","",65.46486000517449,0.0,-1.6565048851714126,0.0,15.05747858729478,0.0,6.526710721584739,0.0,6.9193663089015125,0.0,12.228793230325143,0.0,2.947314555549905,0.0,3.579396166034834,0.0,0.8243400841497702,0.0,3.970509542103748,0.0,0.9416268919235954,0.0,""
"2026-09-25 17:14:49","git-master-bddc7a050319718b5e4e0856afec0bc9ea96418f","C:\Users\marco\Desktop\ds004507\derivatives\labels\sub-004\ses-headNormal\anat\sub-004_ses-headNormal_T2w_seg-manual.nii.gz","775","6","",66.82445002496564,0.0,-1.5351235206084968,0.0,14.780742767146052,0.0,6.690955514063848,0.0,7.063782638229049,0.0,12.171230020181307,0.0,2.9849712640245754,0.0,3.7059842500392723,0.0,0.8142795456698273,0.0,3.724341793768833,0.0,0.9372176212398423,0.0,""
"2026-09-25 17:14:49","git-master-bddc7a050319718b5e4e0856afec0bc9ea96418f","C:\Users\marco\Desktop\ds004507\derivatives\labels\sub-004\ses-headNormal\anat\sub-004_ses-headNormal_T2w_seg-manual.nii.gz","776","6","",66.3322693919685,0.0,-1.412834666937222,0.0,14.509124584717664,0.0,6.61364390617549,0.0,6.947829746038799,0.0,12.314633342050392,0.0,2.9321810874483933,0.0,3.6814628187270966,0.0,0.8256429467569825,0.0,4.887682636844011,0.0,0.9381546850337208,0.0,""
"2026-09-25 17:14:49","git-master-bddc7a050319718b5e4e0856afec0bc9ea96418f","C:\Users\marco\Desktop\ds004507\derivatives\labels\sub-004\ses-headNormal\anat\sub-004_ses-headNormal_T2w_seg-manual.nii.gz","777","6","",67.031589542834,0.0,-1.296258817184963,0.0,14.259908662405683,0.0,6.58965500558514,0.0,7.0006517639798895,0.0,12.404871646162807,0.0,3.0502358118202433,0.0,3.5394191937648967,0.0,0.8255378486936567,0.0,4.258024671104118,0.0,0.936833913634428,0.0,""
"2026-09-25 17:14:49","git-master-bddc7a050319718b5e4e0856afec0bc9ea96418f","C:\Users\marco\Desktop\ds004507\derivatives\labels\sub-004\ses-headNormal\anat\sub-004_ses-headNormal_T2w_seg-manual.nii.gz","778","6","",66.91299715136203,0.0,-1.1842560582850994,0.0,14.028771987797388,0.0,6.533043837239393,0.0,6.942112824981114,0.0,12.510712576574784,0.0,3.013830986752196,0.0,3.5192128504871962,0.0,0.831860352095659,0.0,5.061814162590144,0.0,0.9391896391224933,0.0,""
"2026-09-25 17:14:49","git-master-bddc7a050319718b5e4e0856afec0bc9ea96418f","C:\Users\marco\Desktop\ds004507\derivatives\labels\sub-004\ses-headNormal\anat\sub-004_ses-headNormal_T2w_seg-manual.nii.gz","779","6","",66.81854182784718,0.0,-1.0768281176917025,0.0,13.815819106638758,0.0,6.506372059291461,0.0,6.983076951751727,0.0,12.50852175766308,0.0,2.9787701512196216,0.0,3.5276019080718397,0.0,0.8295848799833849,0.0,4.787839332001451,0.0,0.9439303158926998,0.0,""
"2026-09-25 17:14:49","git-master-bddc7a050319718b5e4e0856afec0bc9ea96418f","C:\Users\marco\Desktop\ds004507\derivatives\labels\sub-004\ses-headNormal\anat\sub-004_ses-headNormal_T2w_seg-manual.nii.gz","780","6","",67.26963544407181,0.0,-0.9739765495835071,0.0,13.62114600662682,0.0,6.601637922256988,0.0,7.062304772520928,0.0,12.466447815238274,0.0,3.005358047046764,0.0,3.596279875210224,0.0,0.8240583428301451,0.0,3.114534127818092,0.0,0.9495076765131364,0.0,""
"2026-09-25 17:14:49","git-master-bddc7a050319718b5e4e0856afec0bc9ea96418f","C:\Users\marco\Desktop\ds004507\derivatives\labels\sub-004\ses-headNormal\anat\sub-004_ses-headNormal_T2w_seg-manual.nii.gz","781","6","",68.46006814428733,0.0,-0.8757027438692998,0.0,13.444840334660991,0.0,6.802064560791551,0.0,7.073606889348264,0.0,12.51792833664147,0.0,3.07079244800708,0.0,3.7312721127844704,0.0,0.825006310156086,0.0,1.6561136409239552,0.0,0.9519550903051911,0.0,""
"2026-09-25 17:14:49","git-master-bddc7a050319718b5e4e0856afec0bc9ea96418f","C:\Users\marco\Desktop\ds004507\derivatives\labels\sub-004\ses-headNormal\anat\sub-004_ses-headNormal_T2w_seg-manual.nii.gz","782","6","",70.24902435619548,0.0,-0.7820079351933058,0.0,13.286981614094435,0.0,6.843888285468185,0.0,7.092997246434002,0.0,12.735195830841029,0.0,3.0815559889235837,0.0,3.762332296544601,0.0,0.830539182122111,0.0,3.7087095192298807,0.0,0.9427259219235445,0.0,""
"2026-09-25 17:14:49","git-master-bddc7a050319718b5e4e0856afec0bc9ea96418f","C:\Users\marco\Desktop\ds004507\derivatives\labels\sub-004\ses-headNormal\anat\sub-004_ses-headNormal_T2w_seg-manual.nii.gz","783","6","",67.9610247650483,0.0,-0.6940385850528242,0.0,13.152294809276265,0.0,6.545456258467221,0.0,6.930782120240661,0.0,12.615158690886435,0.0,3.0347984045536696,0.0,3.5106578539135507,0.0,0.8355583479652159,0.0,2.7045101880095057,0.0,0.9522891041699274,0.0,""
"2026-09-25 17:14:49","git-master-bddc7a050319718b5e4e0856afec0bc9ea96418f","C:\Users\marco\Desktop\ds004507\derivatives\labels\sub-004\ses-headNormal\anat\sub-004_ses-headNormal_T2w_seg-manual.nii.gz","784","6","",68.47264148866681,0.0,-0.6106507273430435,0.0,13.036221383434969,0.0,6.706976941114185,0.0,6.984868474463127,0.0,12.548867095953733,0.0,3.0986837512987715,0.0,3.608293189815413,0.0,0.8307283962775153,0.0,1.409074853667951,0.0,0.9611066571367481,0.0,""
"2026-09-25 17:14:49","git-master-bddc7a050319718b5e4e0856afec0bc9ea96418f","C:\Users\marco\Desktop\ds004507\derivatives\labels\sub-004\ses-headNormal\anat\sub-004_ses-headNormal_T2w_seg-manual.nii.gz","785","6","",69.84227889112118,0.0,-0.5318450458393156,0.0,12.938807638494504,0.0,6.873424677469639,0.0,7.075238563803254,0.0,12.573523130680725,0.0,3.114033539931153,0.0,3.7593911375384854,0.0,0.8266565014481663,0.0,1.2577418708661667,0.0,0.9547447121115343,0.0,""
"2026-09-25 17:14:49","git-master-bddc7a050319718b5e4e0856afec0bc9ea96418f","C:\Users\marco\Desktop\ds004507\derivatives\labels\sub-004\ses-headNormal\anat\sub-004_ses-headNormal_T2w_seg-manual.nii.gz","786","6","",70.73519584740498,0.0,-0.4576221315387542,0.0,12.860093084256148,0.0,6.867274424348172,0.0,7.088306482099984,0.0,12.702400803220552,0.0,3.105914573204569,0.0,3.7613598511436024,0.0,0.8296973216517335,0.0,2.5869304766231407,0.0,0.9396169196251514,0.0,""
"2026-09-25 17:14:49","git-master-bddc7a050319718b5e4e0856afec0bc9ea96418f","C:\Users\marco\Desktop\ds004507\derivatives\labels\sub-004\ses-headNormal\anat\sub-004_ses-headNormal_T2w_seg-manual.nii.gz","787","6","",70.4047517312167,0.0,-0.38798248925881273,0.0,12.800110543936773,0.0,6.7202473929503315,0.0,7.007226948300006,0.0,12.827233134880577,0.0,3.1182841380612505,0.0,3.60196325488908,0.0,0.83759397537483,0.0,4.174576293052928,0.0,0.9347744343123324,0.0,""
"2026-09-25 17:14:49","git-master-bddc7a050319718b5e4e0856afec0bc9ea96418f","C:\Users\marco\Desktop\ds004507\derivatives\labels\sub-004\ses-headNormal\anat\sub-004_ses-headNormal_T2w_seg-manual.nii.gz","788","6","",68.67365240274121,0.0,-0.32292654423586403,0.0,12.758886259707147,0.0,6.605056690494561,0.0,6.942204092428404,0.0,12.620599249761245,0.0,3.0486351978388933,0.0,3.556421492655668,0.0,0.8351190179427591,0.0,2.780566830101645,0.0,0.9636958997722096,0.0,""
"2026-09-25 17:14:49","git-master-bddc7a050319718b5e4e0856afec0bc9ea96418f","C:\Users\marco\Desktop\ds004507\derivatives\labels\sub-004\ses-headNormal\anat\sub-004_ses-headNormal_T2w_seg-manual.nii.gz","789","6","",69.26857782085753,0.0,-0.26360076110254105,0.0,12.741137471691639,0.0,6.684277390752413,0.0,7.129906130372398,0.0,12.412310547268287,0.0,3.044577941801977,0.0,3.639699448950436,0.0,0.8183945363536357,0.0,3.7211729092740877,0.0,0.959611545079998,0.0,""
"2026-09-25 17:14:49","git-master-bddc7a050319718b5e4e0856afec0bc9ea96418f","C:\Users\marco\Desktop\ds004507\derivatives\labels\sub-004\ses-headNormal\anat\sub-004_ses-headNormal_T2w_seg-manual.nii.gz","790","6","",70.78168822795053,0.0,-0.2088594274777729,0.0,12.742178574137478,0.0,6.927816874440153,0.0,7.267431793148434,0.0,12.382547748997709,0.0,3.242086082739283,0.0,3.6857307917008706,0.0,0.8096288311643216,0.0,4.788674452992093,0.0,0.9492923528674576,0.0,""
"2026-09-25 17:14:49","git-master-bddc7a050319718b5e4e0856afec0bc9ea96418f","C:\Users\marco\Desktop\ds004507\derivatives\labels\sub-004\ses-headNormal\anat\sub-004_ses-headNormal_T2w_seg-manual.nii.gz","791","6","",71.29676703469346,0.0,-0.15870271453968043,0.0,12.762007266885638,0.0,7.0718828016449375,0.0,7.293376623649584,0.0,12.44224200671689,0.0,3.3339177122325174,0.0,3.73796508941242,0.0,0.8101491251504722,0.0,5.012923583134238,0.0,0.9458766444478626,0.0,""
"2026-09-25 17:14:49","git-master-bddc7a050319718b5e4e0856afec0bc9ea96418f","C:\Users\marco\Desktop\ds004507\derivatives\labels\sub-004\ses-headNormal\anat\sub-004_ses-headNormal_T2w_seg-manual.nii.gz","792","6","",71.10848856401586,0.0,-0.11313075684868422,0.0,12.800614955512696,0.0,7.182074784780888,0.0,7.276177390352047,0.0,12.453402491255877,0.0,3.359815794885138,0.0,3.822258989895751,0.0,0.8115328812758253,0.0,4.65947285939453,0.0,0.9518210514565314,0.0,""
"2026-09-25 17:14:49","git-master-bddc7a050319718b5e4e0856afec0bc9ea96418f","C:\Users\marco\Desktop\ds004507\derivatives\labels\sub-004\ses-headNormal\anat\sub-004_ses-headNormal_T2w_seg-manual.nii.gz","793","6","",71.15028354764024,0.0,-0.07214365648417827,0.0,12.85798671556926,0.0,7.308115083071147,0.0,7.288286608758116,0.0,12.387534666926957,0.0,3.413721722605025,0.0,3.894393360466122,0.0,0.8085906754801461,0.0,4.572836452077582,0.0,0.959841894686279,0.0,""
"2026-09-25 17:14:49","git-master-bddc7a050319718b5e4e0856afec0bc9ea96418f","C:\Users\marco\Desktop\ds004507\derivatives\labels\sub-004\ses-headNormal\anat\sub-004_ses-headNormal_T2w_seg-manual.nii.gz","794","6","",71.42220462261886,0.0,-0.03574148718120372,0.0,12.934101256818355,0.0,7.138579297029931,0.0,7.28034706283914,0.0,12.484058565944204,0.0,3.3509888688871685,0.0,3.7875904281427624,0.0,0.8123490694671716,0.0,5.5197513148938135,0.0,0.9538565629228687,0.0,""
"2026-09-25 17:14:49","git-master-bddc7a050319718b5e4e0856afec0bc9ea96418f","C:\Users\marco\Desktop\ds004507\derivatives\labels\sub-004\ses-headNormal\anat\sub-004_ses-headNormal_T2w_seg-manual.nii.gz","795","6","",72.60343788699464,0.0,-0.005070551945396275,0.0,13.011262784050606,0.0,7.092118757739244,0.0,7.280765065326937,0.0,12.729124953135404,0.0,3.3281621838863553,0.0,3.763956573852888,0.0,0.8202170950586282,0.0,3.6047781107700554,0.0,0.9694076354253998,0.0,""
"2026-09-25 17:14:49","git-master-bddc7a050319718b5e4e0856afec0bc9ea96418f","C:\Users\marco\Desktop\ds004507\derivatives\labels\sub-004\ses-headNormal\anat\sub-004_ses-headNormal_T2w_seg-manual.nii.gz","796","6","",72.0981691170305,0.0,0.021015369378582588,0.0,13.071405546932382,0.0,7.090533459820256,0.0,7.267685910662727,0.0,12.678972683074992,0.0,3.272176889878881,0.0,3.8183565699413755,0.0,0.8193953177975806,0.0,4.159062587404335,0.0,0.9633803591582865,0.0,""
"2026-09-25 17:14:49","git-master-bddc7a050319718b5e4e0856afec0bc9ea96418f","C:\Users\marco\Desktop\ds004507\derivatives\labels\sub-004\ses-headNormal\anat\sub-004_ses-headNormal_T2w_seg-manual.nii.gz","797","6","",71.54439657106731,0.0,0.04251627099334772,0.0,13.11455019813209,0.0,7.095316161760045,0.0,7.234066440190899,0.0,12.647251651857982,0.0,3.247214878818028,0.0,3.848101282942017,0.0,0.8202517619121502,0.0,4.52434067428888,0.0,0.9556669344836775,0.0,""
"2026-09-25 17:14:49","git-master-bddc7a050319718b5e4e0856afec0bc9ea96418f","C:\Users\marco\Desktop\ds004507\derivatives\labels\sub-004\ses-headNormal\anat\sub-004_ses-headNormal_T2w_seg-manual.nii.gz","798","6","",71.59508619295626,0.0,0.059432152253535035,0.0,13.140712210740014,0.0,7.05275871578309,0.0,7.236159027002465,0.0,12.693804233797701,0.0,3.2174311739805552,0.0,3.8353275418025357,0.0,0.8216082764216828,0.0,4.735696351053843,0.0,0.9503862124075917,0.0,""
"2026-09-25 17:14:49","git-master-bddc7a050319718b5e4e0856afec0bc9ea96418f","C:\Users\marco\Desktop\ds004507\derivatives\labels\sub-004\ses-headNormal\anat\sub-004_ses-headNormal_T2w_seg-manual.nii.gz","799","6","",72.12184305709545,0.0,0.07176301600521293,0.0,13.149901843760043,0.0,7.004353768479273,0.0,7.309386530650615,0.0,12.717662901290398,0.0,3.207693892574474,0.0,3.7966598759047985,0.0,0.8182747598932255,0.0,5.079856865917289,0.0,0.948385641117247,0.0,""
"2026-09-25 17:14:49","git-master-bddc7a050319718b5e4e0856afec0bc9ea96418f","C:\Users\marco\Desktop\ds004507\derivatives\labels\sub-004\ses-headNormal\anat\sub-004_ses-headNormal_T2w_seg-manual.nii.gz","800","6","",72.41858281346684,0.0,0.07950886692529381,0.0,13.142124107601363,0.0,7.197196461431856,0.0,7.384217251866303,0.0,12.550047844679824,0.0,3.4643242083468238,0.0,3.732872253085033,0.0,0.808583385198005,0.0,3.653487954135268,0.0,0.9597432125183897,0.0,""
"2026-09-25 17:14:49","git-master-bddc7a050319718b5e4e0856afec0bc9ea96418f","C:\Users\marco\Desktop\ds004507\derivatives\labels\sub-004\ses-headNormal\anat\sub-004_ses-headNormal_T2w_seg-manual.nii.gz","801","5","",72.81456260831021,0.0,0.08192637663768991,0.0,13.107333965493,0.0,7.080809446905903,0.0,7.293450959923409,0.0,12.775088748443743,0.0,3.375380914391616,0.0,3.7054285325142873,0.0,0.821011287149735,0.0,3.282262348177517,0.0,0.9809446032394175,0.0,""
"2026-09-25 17:14:49","git-master-bddc7a050319718b5e4e0856afec0bc9ea96418f","C:\Users\marco\Desktop\ds004507\derivatives\labels\sub-004\ses-headNormal\anat\sub-004_ses-headNormal_T2w_seg-manual.nii.gz","802","5","",74.23965275904222,0.0,0.0783026271743113,0.0,13.058365739979745,0.0,7.040284775104601,0.0,7.393613511083985,0.0,12.89039607401636,0.0,3.238801024406577,0.0,3.801483750698025,0.0,0.8191551624823348,0.0,5.237801217089789,0.0,0.9569924932545445,0.0,""
"2026-09-25 17:14:49","git-master-bddc7a050319718b5e4e0856afec0bc9ea96418f","C:\Users\marco\Desktop\ds004507\derivatives\labels\sub-004\ses-headNormal\anat\sub-004_ses-headNormal_T2w_seg-manual.nii.gz","803","5","",74.58535974639864,0.0,0.07038043191525659,0.0,12.993450243218179,0.0,7.070052404735165,0.0,7.424673742775017,0.0,12.941096347164505,0.0,3.1987225951701035,0.0,3.8713298095650615,0.0,0.8190451899959561,0.0,5.28371993974823,0.0,0.9540180391200705,0.0,""
"2026-09-25 17:14:49","git-master-bddc7a050319718b5e4e0856afec0bc9ea96418f","C:\Users\marco\Desktop\ds004507\derivatives\labels\sub-004\ses-headNormal\anat\sub-004_ses-headNormal_T2w_seg-manual.nii.gz","804","5","",75.06197134758504,0.0,0.058159786986811596,0.0,12.912564508278464,0.0,7.039760947562724,0.0,7.4290884047771355,0.0,13.032412865696937,0.0,3.181804704222459,0.0,3.857956243340264,0.0,0.821580994298555,0.0,5.224446615579475,0.0,0.9448375200447767,0.0,""
"2026-09-25 17:14:49","git-master-bddc7a050319718b5e4e0856afec0bc9ea96418f","C:\Users\marco\Desktop\ds004507\derivatives\labels\sub-004\ses-headNormal\anat\sub-004_ses-headNormal_T2w_seg-manual.nii.gz","805","5","",75.40727175161975,0.0,0.041640688582167115,0.0,12.815681850182347,0.0,7.003443026879494,0.0,7.405401874440482,0.0,13.08088906555321,0.0,3.198552756805611,0.0,3.8048902700738827,0.0,0.8243166093189439,0.0,5.369716512003193,0.0,0.9330905237752238,0.0,""
"2026-09-25 17:14:49","git-master-bddc7a050319718b5e4e0856afec0bc9ea96418f","C:\Users\marco\Desktop\ds004507\derivatives\labels\sub-004\ses-headNormal\anat\sub-004_ses-headNormal_T2w_seg-manual.nii.gz","806","5","",74.67086774820204,0.0,0.020823133453515746,0.0,12.702771901416714,0.0,7.099534505705641,0.0,7.342877278340247,0.0,12.929737670902087,0.0,3.285972166154483,0.0,3.8135623395511584,0.0,0.8230890346899942,0.0,5.036450719562488,0.0,0.9398959257481048,0.0,""
"2026-09-25 17:14:49","git-master-bddc7a050319718b5e4e0856afec0bc9ea96418f","C:\Users\marco\Desktop\ds004507\derivatives\labels\sub-004\ses-headNormal\anat\sub-004_ses-headNormal_T2w_seg-manual.nii.gz","807","5","",75.02292306138136,0.0,-0.0051525700445983515,0.0,12.57057407524089,0.0,7.069285020339081,0.0,7.436141005740445,0.0,12.928277246430449,0.0,3.1784725542761927,0.0,3.890812466062888,0.0,0.8180158440053298,0.0,4.2618650650277825,0.0,0.949354048769154,0.0,""
"2026-09-25 17:14:49","git-master-bddc7a050319718b5e4e0856afec0bc9ea96418f","C:\Users\marco\Desktop\ds004507\derivatives\labels\sub-004\ses-headNormal\anat\sub-004_ses-headNormal_T2w_seg-manual.nii.gz","808","5","",75.36021525404793,0.0,-0.03585656346698296,0.0,12.420630198648361,0.0,7.177436137317869,0.0,7.455352146876785,0.0,12.97971985967877,0.0,3.1920492877774076,0.0,3.985386849540461,0.0,0.8185815614788429,0.0,4.7639093817583005,0.0,0.9541445328785755,0.0,""
"2026-09-25 17:14:49","git-master-bddc7a050319718b5e4e0856afec0bc9ea96418f","C:\Users\marco\Desktop\ds004507\derivatives\labels\sub-004\ses-headNormal\anat\sub-004_ses-headNormal_T2w_seg-manual.nii.gz","809","5","",76.2303397324789,0.0,-0.07085897660063718,0.0,12.254499545827345,0.0,7.347089640339671,0.0,7.512195898966059,0.0,13.024320389130768,0.0,3.346926631564075,0.0,4.000163008775595,0.0,0.8168919705451598,0.0,4.4897052652160445,0.0,0.9556011685033666,0.0,""
"2026-09-25 17:14:49","git-master-bddc7a050319718b5e4e0856afec0bc9ea96418f","C:\Users\marco\Desktop\ds004507\derivatives\labels\sub-004\ses-headNormal\anat\sub-004_ses-headNormal_T2w_seg-manual.nii.gz","810","5","",76.5988580003468,0.0,-0.1101597714810115,0.0,12.07213119878462,0.0,7.436060686027772,0.0,7.595969097445062,0.0,12.985087927638649,0.0,3.4816768961088007,0.0,3.954383789918971,0.0,0.8109619125957254,0.0,3.9595199942027968,0.0,0.9581459331488854,0.0,""
"2026-09-25 17:14:49","git-master-bddc7a050319718b5e4e0856afec0bc9ea96418f","C:\Users\marco\Desktop\ds004507\derivatives\labels\sub-004\ses-headNormal\anat\sub-004_ses-headNormal_T2w_seg-manual.nii.gz","811","5","",75.30398598948148,0.0,-0.15375889527364342,0.0,11.873471453944294,0.0,7.337911060239053,0.0,7.628516942727436,0.0,12.830150244730039,0.0,3.4294512036630658,0.0,3.908459856575987,0.0,0.804037357614282,0.0,4.207273760087653,0.0,0.9627276938377908,0.0,""
"2026-09-25 17:14:49","git-master-bddc7a050319718b5e4e0856afec0bc9ea96418f","C:\Users\marco\Desktop\ds004507\derivatives\labels\sub-004\ses-headNormal\anat\sub-004_ses-headNormal_T2w_seg-manual.nii.gz","812","5","",72.21994279075555,0.0,-0.20208608720026738,0.0,11.656819511528205,0.0,7.120465886755605,0.0,7.423378163703746,0.0,12.686029665739213,0.0,3.1820530562893703,0.0,3.9384128304662345,0.0,0.8109160742976455,0.0,5.440330033991303,0.0,0.955268869629079,0.0,""
"2026-09-25 17:14:49","git-master-bddc7a050319718b5e4e0856afec0bc9ea96418f","C:\Users\marco\Desktop\ds004507\derivatives\labels\sub-004\ses-headNormal\anat\sub-004_ses-headNormal_T2w_seg-manual.nii.gz","813","5","",74.03165688087181,0.0,-0.2555709748348263,0.0,11.42043509076182,0.0,7.120433552564259,0.0,7.495064463758261,0.0,12.814812581034996,0.0,3.349063865742696,0.0,3.7713696868215627,0.0,0.8111244913722016,0.0,5.858330823201995,0.0,0.9473426259889863,0.0,""
"2026-09-25 17:14:49","git-master-bddc7a050319718b5e4e0856afec0bc9ea96418f","C:\Users\marco\Desktop\ds004507\derivatives\labels\sub-004\ses-headNormal\anat\sub-004_ses-headNormal_T2w_seg-manual.nii.gz","814","5","",75.16098930830579,0.0,-0.31059550350711135,0.0,11.176158146237075,0.0,7.126263371086758,0.0,7.481310342062291,0.0,12.968521610285991,0.0,3.3608349257293875,0.0,3.76542844535737,0.0,0.8167438551458347,0.0,6.32653344194691,0.0,0.9532579602548767,0.0,""
"2026-09-25 17:14:49","git-master-bddc7a050319718b5e4e0856afec0bc9ea96418f","C:\Users\marco\Desktop\ds004507\derivatives\labels\sub-004\ses-headNormal\anat\sub-004_ses-headNormal_T2w_seg-manual.nii.gz","815","5","",75.52643809638401,0.0,-0.36501428968947797,0.0,10.930687289336966,0.0,7.21894829702264,0.0,7.442265608000564,0.0,13.02106369779081,0.0,3.3512707253223892,0.0,3.867677571700251,0.0,0.8205593660626027,0.0,5.258932505721243,0.0,0.9551238108681345,0.0,""
"2026-09-25 17:14:49","git-master-bddc7a050319718b5e4e0856afec0bc9ea96418f","C:\Users\marco\Desktop\ds004507\derivatives\labels\sub-004\ses-headNormal\anat\sub-004_ses-headNormal_T2w_seg-manual.nii.gz","816","5","",75.57649736682242,0.0,-0.41760139895083814,0.0,10.687863068376798,0.0,7.33435762429068,0.0,7.437082957055669,0.0,12.966590703266366,0.0,3.4001316019090364,0.0,3.9342260223816443,0.0,0.8191641949403022,0.0,3.417672603239372,0.0,0.9493019776626669,0.0,""
"2026-09-25 17:14:49","git-master-bddc7a050319718b5e4e0856afec0bc9ea96418f","C:\Users\marco\Desktop\ds004507\derivatives\labels\sub-004\ses-headNormal\anat\sub-004_ses-headNormal_T2w_seg-manual.nii.gz","817","5","",75.66134151984056,0.0,-0.46835681369789744,0.0,10.447704687210111,0.0,7.166562603155386,0.0,7.455579569926961,0.0,12.952602848937785,0.0,3.3987090429893323,0.0,3.7678535601660537,0.0,0.8177280633159957,0.0,5.1742822774995405,0.0,0.9575935623962192,0.0,""
"2026-09-25 17:14:49","git-master-bddc7a050319718b5e4e0856afec0bc9ea96418f","C:\Users\marco\Desktop\ds004507\derivatives\labels\sub-004\ses-headNormal\anat\sub-004_ses-headNormal_T2w_seg-manual.nii.gz","818","5","",75.13908404724006,0.0,-0.516731023334004,0.0,10.211046191701866,0.0,7.167041499595803,0.0,7.473447977071898,0.0,12.886836643854025,0.0,3.304619709691028,0.0,3.862421789904775,0.0,0.8146595310274204,0.0,4.443701845729117,0.0,0.9532049990083477,0.0,""
"2026-09-25 17:14:49","git-master-bddc7a050319718b5e4e0856afec0bc9ea96418f","C:\Users\marco\Desktop\ds004507\derivatives\labels\sub-004\ses-headNormal\anat\sub-004_ses-headNormal_T2w_seg-manual.nii.gz","819","5","",75.95453426321961,0.0,-0.5632735553496067,0.0,9.977105257256863,0.0,7.222766087866419,0.0,7.599932786986513,0.0,12.970632040663524,0.0,3.256528105368365,0.0,3.9662379824980536,0.0,0.8103613956368237,0.0,4.789895379390274,0.0,0.9489339939944389,0.0,""
"2026-09-25 17:14:49","git-master-bddc7a050319718b5e4e0856afec0bc9ea96418f","C:\Users\marco\Desktop\ds004507\derivatives\labels\sub-004\ses-headNormal\anat\sub-004_ses-headNormal_T2w_seg-manual.nii.gz","820","5","",76.7591699417604,0.0,-0.6079844349735035,0.0,9.74589890742679,0.0,7.308367747744901,0.0,7.7107728110518465,0.0,12.9790631244952,0.0,3.2721914365462688,0.0,4.036176311198632,0.0,0.8043430427318573,0.0,5.1778512010820235,0.0,0.9509157263623441,0.0,""
"2026-09-25 17:14:49","git-master-bddc7a050319718b5e4e0856afec0bc9ea96418f","C:\Users\marco\Desktop\ds004507\derivatives\labels\sub-004\ses-headNormal\anat\sub-004_ses-headNormal_T2w_seg-manual.nii.gz","821","5","",77.0637108380948,0.0,-0.6508636932925476,0.0,9.517443764059506,0.0,7.359996954911337,0.0,7.726069111872037,0.0,12.98068541575095,0.0,3.326269335684259,0.0,4.033727619227078,0.0,0.8034276439689639,0.0,5.090117185993715,0.0,0.9531550480769231,0.0,""
"2026-09-25 17:14:49","git-master-bddc7a050319718b5e4e0856afec0bc9ea96418f","C:\Users\marco\Desktop\ds004507\derivatives\labels\sub-004\ses-headNormal\anat\sub-004_ses-headNormal_T2w_seg-manual.nii.gz","822","5","",77.22051973141838,0.0,-0.6919113669883098,0.0,9.291756049167205,0.0,7.340300980248194,0.0,7.636340827957556,0.0,13.1890848161948,0.0,3.3855275934026006,0.0,3.9547733868455937,0.0,0.8153353101198664,0.0,4.478205634770767,0.0,0.9461969813214809,0.0,""
"2026-09-25 17:14:49","git-master-bddc7a050319718b5e4e0856afec0bc9ea96418f","C:\Users\marco\Desktop\ds004507\derivatives\labels\sub-004\ses-headNormal\anat\sub-004_ses-headNormal_T2w_seg-manual.nii.gz","823","5","",79.56931103246042,0.0,-0.7307612068500178,0.0,9.069413364328671,0.0,7.6898369007877605,0.0,7.74982484310446,0.0,13.280116561528724,0.0,3.6258725224307895,0.0,4.063964378356971,0.0,0.8120662038903875,0.0,3.9104000917051547,0.0,0.9658053575483516,0.0,""
"2026-09-25 17:14:49","git-master-bddc7a050319718b5e4e0856afec0bc9ea96418f","C:\Users\marco\Desktop\ds004507\derivatives\labels\sub-004\ses-headNormal\anat\sub-004_ses-headNormal_T2w_seg-manual.nii.gz","824","5","",78.98506198138709,0.0,-0.7675964451396612,0.0,8.850160456911976,0.0,7.752961151550251,0.0,7.7821300716852,0.0,13.093569025976795,0.0,3.640540654027246,0.0,4.112420497523004,0.0,0.804111251119244,0.0,3.8817877396061657,0.0,0.9646064182572667,0.0,""
"2026-09-25 17:14:49","git-master-bddc7a050319718b5e4e0856afec0bc9ea96418f","C:\Users\marco\Desktop\ds004507\derivatives\labels\sub-004\ses-headNormal\anat\sub-004_ses-headNormal_T2w_seg-manual.nii.gz","825","5","",77.70246472242823,0.0,-0.802600290972724,0.0,8.633732772389354,0.0,7.480513677376183,0.0,7.6250012091675154,0.0,13.06884506528824,0.0,3.56287647764833,0.0,3.9176371997278525,0.0,0.8118687935513095,0.0,4.1421430772498935,0.0,0.973187663598286,0.0,""
"2026-09-25 17:14:49","git-master-bddc7a050319718b5e4e0856afec0bc9ea96418f","C:\Users\marco\Desktop\ds004507\derivatives\labels\sub-004\ses-headNormal\anat\sub-004_ses-headNormal_T2w_seg-manual.nii.gz","826","5","",76.9675607741216,0.0,-0.8357728024153992,0.0,8.420144141058495,0.0,7.220091344503329,0.0,7.515606030538498,0.0,13.067392705871603,0.0,3.4620059201061286,0.0,3.758085424397201,0.0,0.8178906638725743,0.0,5.305777112565145,0.0,0.9784525981832805,0.0,""
"2026-09-25 17:14:49","git-master-bddc7a050319718b5e4e0856afec0bc9ea96418f","C:\Users\marco\Desktop\ds004507\derivatives\labels\sub-004\ses-headNormal\anat\sub-004_ses-headNormal_T2w_seg-manual.nii.gz","827","5","",77.09828510628817,0.0,-0.8671140391127793,0.0,8.209408027783185,0.0,7.255735430675419,0.0,7.624944449681595,0.0,12.917894003982148,0.0,3.370405703465905,0.0,3.8853297272095153,0.0,0.8072073055788135,0.0,7.267229034251972,0.0,0.965869109748799,0.0,""
"2026-09-25 17:14:49","git-master-bddc7a050319718b5e4e0856afec0bc9ea96418f","C:\Users\marco\Desktop\ds004507\derivatives\labels\sub-004\ses-headNormal\anat\sub-004_ses-headNormal_T2w_seg-manual.nii.gz","828","5","",76.26238905606263,0.0,-0.8964409504073199,0.0,8.001826044221463,0.0,7.2546907607700035,0.0,7.556552523875859,0.0,12.916959269933736,0.0,3.2518576195906594,0.0,4.0028331411793445,0.0,0.8110236746367755,0.0,6.717955894091351,0.0,0.9589011603547516,0.0,""
"2026-09-25 17:14:49","git-master-bddc7a050319718b5e4e0856afec0bc9ea96418f","C:\Users\marco\Desktop\ds004507\derivatives\labels\sub-004\ses-headNormal\anat\sub-004_ses-headNormal_T2w_seg-manual.nii.gz","829","5","",75.69336542373179,0.0,-0.9235705217648771,0.0,7.797706181951911,0.0,7.293812660405333,0.0,7.63818096545536,0.0,12.816221888480205,0.0,3.2872046209002765,0.0,4.006608039505057,0.0,0.8029373572769563,0.0,7.220620040589184,0.0,0.9554701403838917,0.0,""
"2026-09-25 17:14:49","git-master-bddc7a050319718b5e4e0856afec0bc9ea96418f","C:\Users\marco\Desktop\ds004507\derivatives\labels\sub-004\ses-headNormal\anat\sub-004_ses-headNormal_T2w_seg-manual.nii.gz","830","5","",75.9543587394901,0.0,-0.9488690552887249,0.0,7.59648658846206,0.0,7.320074748953042,0.0,7.7003444371660175,0.0,12.81474745859975,0.0,3.287757006123264,0.0,4.032317742829778,0.0,0.7993270886365748,0.0,6.411034914051658,0.0,0.9613009062086291,0.0,""
"2026-09-25 17:14:49","git-master-bddc7a050319718b5e4e0856afec0bc9ea96418f","C:\Users\marco\Desktop\ds004507\derivatives\labels\sub-004\ses-headNormal\anat\sub-004_ses-headNormal_T2w_seg-manual.nii.gz","831","5","",76.9787332466243,0.0,-0.9723366108191683,0.0,7.398178560396815,0.0,7.472410189024874,0.0,7.754183735548486,0.0,12.870269426349113,0.0,3.387730547116275,0.0,4.0846796419086,0.0,0.7981292069397844,0.0,5.4244389355614935,0.0,0.9669297652407862,0.0,""
"2026-09-25 17:14:49","git-master-bddc7a050319718b5e4e0856afec0bc9ea96418f","C:\Users\marco\Desktop\ds004507\derivatives\labels\sub-004\ses-headNormal\anat\sub-004_ses-headNormal_T2w_seg-manual.nii.gz","832","5","",78.20468686033338,0.0,-0.9939732467965096,0.0,7.202793067873036,0.0,7.687277594628206,0.0,7.799469411201789,0.0,12.940515161601457,0.0,3.562589442802176,0.0,4.124688151826031,0.0,0.7979458015324662,0.0,5.037013439605205,0.0,0.967461002462398,0.0,""
"2026-09-25 17:14:49","git-master-bddc7a050319718b5e4e0856afec0bc9ea96418f","C:\Users\marco\Desktop\ds004507\derivatives\labels\sub-004\ses-headNormal\anat\sub-004_ses-headNormal_T2w_seg-manual.nii.gz","833","5","",78.5300249762918,0.0,-1.0137790201129073,0.0,7.010340756849602,0.0,7.592287487060721,0.0,7.7933637666127655,0.0,13.024127926636133,0.0,3.5181235580794934,0.0,4.0741639289812275,0.0,0.8012132381809711,0.0,4.915599656569799,0.0,0.967283950617284,0.0,""
"2026-09-25 17:14:49","git-master-bddc7a050319718b5e4e0856afec0bc9ea96418f","C:\Users\marco\Desktop\ds004507\derivatives\labels\sub-004\ses-headNormal\anat\sub-004_ses-headNormal_T2w_seg-manual.nii.gz","834","4","",81.49081033735064,0.0,-1.0352260979512755,0.0,6.778192539847825,0.0,7.665673226533268,0.0,8.057467006490278,0.0,13.346692032177604,0.0,3.3647252918099735,0.0,4.300947934723294,0.0,0.7972076677503591,0.0,6.347654018838111,0.0,0.9496070272769301,0.0,""
"2026-09-25 17:14:49","git-master-bddc7a050319718b5e4e0856afec0bc9ea96418f","C:\Users\marco\Desktop\ds004507\derivatives\labels\sub-004\ses-headNormal\anat\sub-004_ses-headNormal_T2w_seg-manual.nii.gz","835","4","",79.32723512615577,0.0,-1.0461066990455712,0.0,6.626585743018081,0.0,7.449602212172461,0.0,7.806931357034753,0.0,13.286432106608766,0.0,3.378833918345145,0.0,4.0707682938273155,0.0,0.8090637155384929,0.0,4.007288180764493,0.0,0.95923800267183,0.0,""
"2026-09-25 17:14:49","git-master-bddc7a050319718b5e4e0856afec0bc9ea96418f","C:\Users\marco\Desktop\ds004507\derivatives\labels\sub-004\ses-headNormal\anat\sub-004_ses-headNormal_T2w_seg-manual.nii.gz","836","4","",78.01641568089774,0.0,-1.054546288121976,0.0,6.476565178639902,0.0,7.303030693262296,0.0,7.674524146411287,0.0,13.203242619542559,0.0,3.3655666228006718,0.0,3.9374640704616244,0.0,0.8137011091531499,0.0,2.907836392637756,0.0,0.959105222263117,0.0,""
"2026-09-25 17:14:49","git-master-bddc7a050319718b5e4e0856afec0bc9ea96418f","C:\Users\marco\Desktop\ds004507\derivatives\labels\sub-004\ses-headNormal\anat\sub-004_ses-headNormal_T2w_seg-manual.nii.gz","837","4","",77.55835200157654,0.0,-1.0605448651804903,0.0,6.328130846713288,0.0,7.225958669802774,0.0,7.66024537461988,0.0,13.097123570978987,0.0,3.324923405176554,0.0,3.9010352646262194,0.0,0.8111198485943302,0.0,3.0492986544578997,0.0,0.9492086860507913,0.0,""
"2026-09-25 17:14:49","git-master-bddc7a050319718b5e4e0856afec0bc9ea96418f","C:\Users\marco\Desktop\ds004507\derivatives\labels\sub-004\ses-headNormal\anat\sub-004_ses-headNormal_T2w_seg-manual.nii.gz","838","4","",79.02349282632859,0.0,-1.0616615024088396,0.0,6.182882002683903,0.0,7.208038289109404,0.0,7.661677606978708,0.0,13.358616582287134,0.0,3.285871783756945,0.0,3.9221665053524593,0.0,0.8190441311480896,0.0,4.112684537457455,0.0,0.9453546424384501,0.0,""
"2026-09-25 17:14:49","git-master-bddc7a050319718b5e4e0856afec0bc9ea96418f","C:\Users\marco\Desktop\ds004507\derivatives\labels\sub-004\ses-headNormal\anat\sub-004_ses-headNormal_T2w_seg-manual.nii.gz","839","4","",79.40578034212056,0.0,-1.0603371776259811,0.0,6.039232046847964,0.0,7.2546329656045305,0.0,7.615261383643343,0.0,13.509841906784725,0.0,3.2690984731608497,0.0,3.985534492443681,0.0,0.8259493250393654,0.0,4.621807874471141,0.0,0.9475300465909173,0.0,""
"2026-09-25 17:14:49","git-master-bddc7a050319718b5e4e0856afec0bc9ea96418f","C:\Users\marco\Desktop\ds004507\derivatives\labels\sub-004\ses-headNormal\anat\sub-004_ses-headNormal_T2w_seg-manual.nii.gz","840","4","",78.70521454895243,0.0,-1.0565718908319146,0.0,5.897180979205472,0.0,7.365742699288153,0.0,7.520996704613785,0.0,13.550799544471761,0.0,3.274603473388268,0.0,4.091139225899885,0.0,0.8318354302681574,0.0,4.576668665498957,0.0,0.9557348985081927,0.0,""
"2026-09-25 17:14:49","git-master-bddc7a050319718b5e4e0856afec0bc9ea96418f","C:\Users\marco\Desktop\ds004507\derivatives\labels\sub-004\ses-headNormal\anat\sub-004_ses-headNormal_T2w_seg-manual.nii.gz","841","4","",78.48408963451747,0.0,-1.0479246268786484,0.0,5.758339268171043,0.0,7.4427059029998315,0.0,7.5670201391319125,0.0,13.439706549482098,0.0,3.3649898781096623,0.0,4.077716024890169,0.0,0.8263820730739201,0.0,4.402154129057977,0.0,0.9538934392038355,0.0,""
"2026-09-25 17:14:49","git-master-bddc7a050319718b5e4e0856afec0bc9ea96418f","C:\Users\marco\Desktop\ds004507\derivatives\labels\sub-004\ses-headNormal\anat\sub-004_ses-headNormal_T2w_seg-manual.nii.gz","842","4","",78.38273779631565,0.0,-1.0368363142268127,0.0,5.621107684508168,0.0,7.593643410303607,0.0,7.650106326105053,0.0,13.270535958193962,0.0,3.4644931493245146,0.0,4.129150260979092,0.0,0.8168322789837876,0.0,4.296463814989708,0.0,0.9577514355370276,0.0,""
"2026-09-25 17:14:49","git-master-bddc7a050319718b5e4e0856afec0bc9ea96418f","C:\Users\marco\Desktop\ds004507\derivatives\labels\sub-004\ses-headNormal\anat\sub-004_ses-headNormal_T2w_seg-manual.nii.gz","843","4","",78.40115903434697,0.0,-1.0233069528764076,0.0,5.485486228216847,0.0,7.81855522119948,0.0,7.770255265533206,0.0,13.043287770607357,0.0,3.573113287032824,0.0,4.245441934166656,0.0,0.8031860479977603,0.0,4.259597723294149,0.0,0.9673088875077688,0.0,""
"2026-09-25 17:14:49","git-master-bddc7a050319718b5e4e0856afec0bc9ea96418f","C:\Users\marco\Desktop\ds004507\derivatives\labels\sub-004\ses-headNormal\anat\sub-004_ses-headNormal_T2w_seg-manual.nii.gz","844","4","",79.14151079287373,0.0,-1.0048953110235472,0.0,5.3530952687926145,0.0,7.738813379937805,0.0,7.775278692711166,0.0,13.104735088985366,0.0,3.5888517092383063,0.0,4.149961670699499,0.0,0.8049610431401817,0.0,3.441243785738037,0.0,0.968338876984103,0.0,""
"2026-09-25 17:14:49","git-master-bddc7a050319718b5e4e0856afec0bc9ea96418f","C:\Users\marco\Desktop\ds004507\derivatives\labels\sub-004\ses-headNormal\anat\sub-004_ses-headNormal_T2w_seg-manual.nii.gz","845","4","",79.64079206665363,0.0,-0.9840424092456022,0.0,5.222324363816777,0.0,7.668292542628612,0.0,7.736007731681206,0.0,13.236704073261485,0.0,3.5744279960896908,0.0,4.093864546538922,0.0,0.8112497293672964,0.0,3.214902274310495,0.0,0.9698004174911116,0.0,""
"2026-09-25 17:14:49","git-master-bddc7a050319718b5e4e0856afec0bc9ea96418f","C:\Users\marco\Desktop\ds004507\derivatives\labels\sub-004\ses-headNormal\anat\sub-004_ses-headNormal_T2w_seg-manual.nii.gz","846","4","",79.8990028556867,0.0,-0.9607482475425725,0.0,5.093173513289333,0.0,7.606992709271902,0.0,7.652442382443327,0.0,13.439194723435717,0.0,3.529842147586978,0.0,4.077150561684924,0.0,0.8220521066791046,0.0,3.580573189011523,0.0,0.9716935090287946,0.0,""
"2026-09-25 17:14:49","git-master-bddc7a050319718b5e4e0856afec0bc9ea96418f","C:\Users\marco\Desktop\ds004507\derivatives\labels\sub-004\ses-headNormal\anat\sub-004_ses-headNormal_T2w_seg-manual.nii.gz","847","4","",79.41220254457069,0.0,-0.9325712794166343,0.0,4.967271779304211,0.0,7.527655319290088,0.0,7.630011219652546,0.0,13.3450437036531,0.0,3.4770982282414384,0.0,4.050557091048649,0.0,0.8204205633901259,0.0,3.7606392178936194,0.0,0.9542067166518119,0.0,""
"2026-09-25 17:14:49","git-master-bddc7a050319718b5e4e0856afec0bc9ea96418f","C:\Users\marco\Desktop\ds004507\derivatives\labels\sub-004\ses-headNormal\anat\sub-004_ses-headNormal_T2w_seg-manual.nii.gz","848","4","",79.17633685247434,0.0,-0.9019527468859921,0.0,4.8429988179498125,0.0,7.448886504799203,0.0,7.644276302332064,0.0,13.283811048601308,0.0,3.425697709224125,0.0,4.023188795575078,0.0,0.8178157153712904,0.0,3.88707226304703,0.0,0.946787832301851,0.0,""
"2026-09-25 17:14:49","git-master-bddc7a050319718b5e4e0856afec0bc9ea96418f","C:\Users\marco\Desktop\ds004507\derivatives\labels\sub-004\ses-headNormal\anat\sub-004_ses-headNormal_T2w_seg-manual.nii.gz","849","4","",79.19140577939766,0.0,-0.868892649950646,0.0,4.720354629226138,0.0,7.370686265799249,0.0,7.695237630481884,0.0,13.255496758280339,0.0,3.375640590535038,0.0,3.9950456752642114,0.0,0.8142375626225979,0.0,3.959872324471754,0.0,0.949436855978912,0.0,""
"2026-09-25 17:14:49","git-master-bddc7a050319718b5e4e0856afec0bc9ea96418f","C:\Users\marco\Desktop\ds004507\derivatives\labels\sub-004\ses-headNormal\anat\sub-004_ses-headNormal_T2w_seg-manual.nii.gz","850","4","",78.50281536457993,0.0,-0.8309490798124891,0.0,4.6009758607189015,0.0,7.278722234910406,0.0,7.6127457699539365,0.0,13.205313094027883,0.0,3.324299136371027,0.0,3.9544230985393787,0.0,0.8171013153306546,0.0,3.8691499555740374,0.0,0.9523208932948235,0.0,""
"2026-09-25 17:14:49","git-master-bddc7a050319718b5e4e0856afec0bc9ea96418f","C:\Users\marco\Desktop\ds004507\derivatives\labels\sub-004\ses-headNormal\anat\sub-004_ses-headNormal_T2w_seg-manual.nii.gz","851","4","",78.76826415925721,0.0,-0.7905635979748737,0.0,4.483233475328419,0.0,7.24300987280314,0.0,7.601711134548544,0.0,13.253056237217324,0.0,3.3183018499237633,0.0,3.924708022879376,0.0,0.8191402767485291,0.0,4.151314207767291,0.0,0.9558242471690663,0.0,""
"2026-09-25 17:14:49","git-master-bddc7a050319718b5e4e0856afec0bc9ea96418f","C:\Users\marco\Desktop\ds004507\derivatives\labels\sub-004\ses-headNormal\anat\sub-004_ses-headNormal_T2w_seg-manual.nii.gz","852","4","",79.98775216342949,0.0,-0.7477362044377999,0.0,4.36712747305469,0.0,7.263549179477451,0.0,7.662133724265708,0.0,13.398726187848666,0.0,3.3576487311932475,0.0,3.9059004482842035,0.0,0.8203544468762214,0.0,4.806365081051513,0.0,0.9599469176016407,0.0,""
"2026-09-25 17:14:49","git-master-bddc7a050319718b5e4e0856afec0bc9ea96418f","C:\Users\marco\Desktop\ds004507\derivatives\labels\sub-004\ses-headNormal\anat\sub-004_ses-headNormal_T2w_seg-manual.nii.gz","853","4","",77.82842408526288,0.0,-0.7000246501061823,0.0,4.254301078545681,0.0,7.258720920526022,0.0,7.681465305937171,0.0,13.083973596095356,0.0,3.2987560178106907,0.0,3.959964902715331,0.0,0.8092760333466334,0.0,5.322763087012585,0.0,0.9541568069392901,0.0,""
"2026-09-25 17:14:49","git-master-bddc7a050319718b5e4e0856afec0bc9ea96418f","C:\Users\marco\Desktop\ds004507\derivatives\labels\sub-004\ses-headNormal\anat\sub-004_ses-headNormal_T2w_seg-manual.nii.gz","854","4","",77.23727439118996,0.0,-0.649870863581468,0.0,4.143117668462838,0.0,7.296554656157775,0.0,7.665036481034739,0.0,13.01406823690873,0.0,3.2829439520052612,0.0,4.013610704152513,0.0,0.8080227992781343,0.0,5.452286343418769,0.0,0.9521534553364994,0.0,""
"2026-09-25 17:14:49","git-master-bddc7a050319718b5e4e0856afec0bc9ea96418f","C:\Users\marco\Desktop\ds004507\derivatives\labels\sub-004\ses-headNormal\anat\sub-004_ses-headNormal_T2w_seg-manual.nii.gz","855","4","",78.21430308121072,0.0,-0.5972748448636567,0.0,4.033577242806162,0.0,7.377050386372709,0.0,7.612847249558411,0.0,13.189010110288791,0.0,3.3102125337769595,0.0,4.066837852595749,0.0,0.8165947446707239,0.0,5.194934850270065,0.0,0.9539368627932686,0.0,""
"2026-09-25 17:14:49","git-master-bddc7a050319718b5e4e0856afec0bc9ea96418f","C:\Users\marco\Desktop\ds004507\derivatives\labels\sub-004\ses-headNormal\anat\sub-004_ses-headNormal_T2w_seg-manual.nii.gz","856","4","",77.01786234686297,0.0,-0.5397941153765613,0.0,3.9273286902449764,0.0,7.378683172006764,0.0,7.570992153334055,0.0,13.053865468319307,0.0,3.3377348056009617,0.0,4.040948366405803,0.0,0.8146162601422652,0.0,5.110451016771356,0.0,0.9528956104870072,0.0,""
"2026-09-25 17:14:49","git-master-bddc7a050319718b5e4e0856afec0bc9ea96418f","C:\Users\marco\Desktop\ds004507\derivatives\labels\sub-004\ses-headNormal\anat\sub-004_ses-headNormal_T2w_seg-manual.nii.gz","857","4","",75.82075158254678,0.0,-0.47987094882038617,0.0,3.8227288094933773,0.0,7.350790785881552,0.0,7.543676694540813,0.0,12.89173021756454,0.0,3.357320186885463,0.0,3.9934705989960886,0.0,0.8108525201753572,0.0,5.028656349740534,0.0,0.9512392616848231,0.0,""
"2026-09-25 17:14:49","git-master-bddc7a050319718b5e4e0856afec0bc9ea96418f","C:\Users\marco\Desktop\ds004507\derivatives\labels\sub-004\ses-headNormal\anat\sub-004_ses-headNormal_T2w_seg-manual.nii.gz","858","4","",74.62297078826214,0.0,-0.4175053451951312,0.0,3.7197776005513643,0.0,7.293373227997071,0.0,7.530900873178685,0.0,12.702604358024491,0.0,3.368968677630465,0.0,3.924404550366606,0.0,0.8053035247700001,0.0,4.9495508491776,0.0,0.9489678163867162,0.0,""
"2026-09-25 17:14:49","git-master-bddc7a050319718b5e4e0856afec0bc9ea96418f","C:\Users\marco\Desktop\ds004507\derivatives\labels\sub-004\ses-headNormal\anat\sub-004_ses-headNormal_T2w_seg-manual.nii.gz","859","4","",73.6656442028751,0.0,-0.35364155594833113,0.0,3.6187823934445533,0.0,7.187300392066178,0.0,7.599485621806627,0.0,12.579029265630856,0.0,3.2732122827712287,0.0,3.9140881092949487,0.0,0.7967734219716003,0.0,4.806967739389861,0.0,0.9499492445236604,0.0,""
"2026-09-25 17:14:49","git-master-bddc7a050319718b5e4e0856afec0bc9ea96418f","C:\Users\marco\Desktop\ds004507\derivatives\labels\sub-004\ses-headNormal\anat\sub-004_ses-headNormal_T2w_seg-manual.nii.gz","860","4","",74.03660385070475,0.0,-0.29072220059864173,0.0,3.518093474581711,0.0,7.214731347400241,0.0,7.646088884318166,0.0,12.608871381932905,0.0,3.3176602671259845,0.0,3.8970710802742556,0.0,0.7950948079018555,0.0,4.417752948083075,0.0,0.9520008272030517,0.0,""
"2026-09-25 17:14:49","git-master-bddc7a050319718b5e4e0856afec0bc9ea96418f","C:\Users\marco\Desktop\ds004507\derivatives\labels\sub-004\ses-headNormal\anat\sub-004_ses-headNormal_T2w_seg-manual.nii.gz","861","4","",75.73584973175109,0.0,-0.228747279146063,0.0,3.417710843962838,0.0,7.375666093999259,0.0,7.6707106607133015,0.0,12.792130706930639,0.0,3.502312630694732,0.0,3.873353463304527,0.0,0.8002676825607659,0.0,3.781906475257243,0.0,0.95512256442489,0.0,""
"2026-09-25 17:14:49","git-master-bddc7a050319718b5e4e0856afec0bc9ea96418f","C:\Users\marco\Desktop\ds004507\derivatives\labels\sub-004\ses-headNormal\anat\sub-004_ses-headNormal_T2w_seg-manual.nii.gz","862","4","",75.98554021064228,0.0,-0.16866164060294353,0.0,3.3179427825225756,0.0,7.459854190804587,0.0,7.674301207841804,0.0,12.775345954165752,0.0,3.5284742149260135,0.0,3.9313799758785732,0.0,0.7994645590096534,0.0,3.4445172959910266,0.0,0.9587604182004041,0.0,""
"2026-09-25 17:14:49","git-master-bddc7a050319718b5e4e0856afec0bc9ea96418f","C:\Users\marco\Desktop\ds004507\derivatives\labels\sub-004\ses-headNormal\anat\sub-004_ses-headNormal_T2w_seg-manual.nii.gz","863","4","",75.50992569365609,0.0,-0.10952082100363332,0.0,3.218482975029418,0.0,7.504024802799575,0.0,7.707122475397697,0.0,12.646814769039905,0.0,3.51383840755741,0.0,3.9901863952421652,0.0,0.7925918179730851,0.0,3.490149077281869,0.0,0.9618533282249014,0.0,""
"2026-09-25 17:14:49","git-master-bddc7a050319718b5e4e0856afec0bc9ea96418f","C:\Users\marco\Desktop\ds004507\derivatives\labels\sub-004\ses-headNormal\anat\sub-004_ses-headNormal_T2w_seg-manual.nii.gz","864","4","",74.30900618079252,0.0,-0.05132482034813235,0.0,3.1193314214833654,0.0,7.508177929984223,0.0,7.769174463380982,0.0,12.406537151553092,0.0,3.45840520858892,0.0,4.0497727213953025,0.0,0.7796494594510609,0.0,3.9188018191297713,0.0,0.9644012944983819,0.0,""
"2026-09-25 17:14:49","git-master-bddc7a050319718b5e4e0856afec0bc9ea96418f","C:\Users\marco\Desktop\ds004507\derivatives\labels\sub-004\ses-headNormal\anat\sub-004_ses-headNormal_T2w_seg-manual.nii.gz","865","4","",73.83251309230286,0.0,0.00498124317993201,0.0,3.0207982611507935,0.0,7.515568381080864,0.0,7.727689087942997,0.0,12.315911465974509,0.0,3.4696179783364065,0.0,4.045950402744458,0.0,0.7786477384046664,0.0,4.599607820773322,0.0,0.9688011377141499,0.0,""
"2026-09-25 17:14:49","git-master-bddc7a050319718b5e4e0856afec0bc9ea96418f","C:\Users\marco\Desktop\ds004507\derivatives\labels\sub-004\ses-headNormal\anat\sub-004_ses-headNormal_T2w_seg-manual.nii.gz","866","4","",73.36641685451775,0.0,0.06034221426132648,0.0,2.9225752136802687,0.0,7.439489598370317,0.0,7.652834418106008,0.0,12.293043906775935,0.0,3.478628771989761,0.0,3.960860826380556,0.0,0.7825134906287772,0.0,4.885501150338234,0.0,0.9750989904285513,0.0,""
"2026-09-25 17:14:49","git-master-bddc7a050319718b5e4e0856afec0bc9ea96418f","C:\Users\marco\Desktop\ds004507\derivatives\labels\sub-004\ses-headNormal\anat\sub-004_ses-headNormal_T2w_seg-manual.nii.gz","867","4","",72.9107174674372,0.0,0.11475809289605107,0.0,2.8246622790717915,0.0,7.279941581852581,0.0,7.544610453870014,0.0,12.337934473957374,0.0,3.485437589548983,0.0,3.794503992303598,0.0,0.7912467161233933,0.0,4.776481807824506,0.0,0.9832948526415863,0.0,""
"2026-09-25 17:14:49","git-master-bddc7a050319718b5e4e0856afec0bc9ea96418f","C:\Users\marco\Desktop\ds004507\derivatives\labels\sub-004\ses-headNormal\anat\sub-004_ses-headNormal_T2w_seg-manual.nii.gz","868","4","",71.70704976546503,0.0,0.16728358621619652,0.0,2.72737135048551,0.0,7.29586038134923,0.0,7.5547289827885376,0.0,12.166436390804666,0.0,3.437024891752465,0.0,3.8588354895967645,0.0,0.7837514913538766,0.0,5.988688907407655,0.0,0.9841995353184619,0.0,""
"2026-09-25 17:14:49","git-master-bddc7a050319718b5e4e0856afec0bc9ea96418f","C:\Users\marco\Desktop\ds004507\derivatives\labels\sub-004\ses-headNormal\anat\sub-004_ses-headNormal_T2w_seg-manual.nii.gz","869","4","",71.47062097632558,0.0,0.218863808344106,0.0,2.630392289255207,0.0,7.294648738769303,0.0,7.5479991430788616,0.0,12.138985678400786,0.0,3.4102219399802856,0.0,3.884426798789018,0.0,0.7831153123979899,0.0,5.8099989589845205,0.0,0.9808433911788953,0.0,""
"2026-09-25 17:14:49","git-master-bddc7a050319718b5e4e0856afec0bc9ea96418f","C:\Users\marco\Desktop\ds004507\derivatives\labels\sub-004\ses-headNormal\anat\sub-004_ses-headNormal_T2w_seg-manual.nii.gz","870","4","",72.20143110001882,0.0,0.2694987592797795,0.0,2.5337250953808828,0.0,7.276306654112803,0.0,7.524420934740985,0.0,12.255582336745732,0.0,3.405028734232445,0.0,3.8712779198803577,0.0,0.7893381792557335,0.0,4.240411962555104,0.0,0.9732264202228866,0.0,""
"2026-09-25 17:14:49","git-master-bddc7a050319718b5e4e0856afec0bc9ea96418f","C:\Users\marco\Desktop\ds004507\derivatives\labels\sub-004\ses-headNormal\anat\sub-004_ses-headNormal_T2w_seg-manual.nii.gz","871","3","",70.75751740561515,0.0,0.3426151957436809,0.0,2.3896624231771146,0.0,7.2977466712643855,0.0,7.467866329717705,0.0,12.156937517491873,0.0,3.4271339159177074,0.0,3.870612755346678,0.0,0.7890815532216268,0.0,6.047378505694248,0.0,0.9775609756097561,0.0,""
"2026-09-25 17:14:49","git-master-bddc7a050319718b5e4e0856afec0bc9ea96418f","C:\Users\marco\Desktop\ds004507\derivatives\labels\sub-004\ses-headNormal\anat\sub-004_ses-headNormal_T2w_seg-manual.nii.gz","872","3","",71.286378535557,0.0,0.39337320739434745,0.0,2.2862964529495704,0.0,7.279537885659757,0.0,7.520536333089401,0.0,12.143878581687424,0.0,3.425103601111493,0.0,3.854434284548263,0.0,0.7851538078180345,0.0,4.307062970431484,0.0,0.9700972212507869,0.0,""
"2026-09-25 17:14:49","git-master-bddc7a050319718b5e4e0856afec0bc9ea96418f","C:\Users\marco\Desktop\ds004507\derivatives\labels\sub-004\ses-headNormal\anat\sub-004_ses-headNormal_T2w_seg-manual.nii.gz","873","3","",71.81527629991594,0.0,0.44287069146704483,0.0,2.183349560911494,0.0,7.271351105605572,0.0,7.479317209717855,0.0,12.284130339080876,0.0,3.4267859331631385,0.0,3.8445651724424343,0.0,0.7929543897850063,0.0,3.441598279193399,0.0,0.9662642496803484,0.0,""
"2026-09-25 17:14:49","git-master-bddc7a050319718b5e4e0856afec0bc9ea96418f","C:\Users\marco\Desktop\ds004507\derivatives\labels\sub-004\ses-headNormal\anat\sub-004_ses-headNormal_T2w_seg-manual.nii.gz","874","3","",72.22306305830345,0.0,0.49110764274735497,0.0,2.0808221291737494,0.0,7.270156901898851,0.0,7.425466624644599,0.0,12.443916289534899,0.0,3.4311422349184015,0.0,3.8390146669804492,0.0,0.8023930047306387,0.0,3.221619772800705,0.0,0.966070115249202,0.0,""
"2026-09-25 17:14:49","git-master-bddc7a050319718b5e4e0856afec0bc9ea96418f","C:\Users\marco\Desktop\ds004507\derivatives\labels\sub-004\ses-headNormal\anat\sub-004_ses-headNormal_T2w_seg-manual.nii.gz","875","3","",72.2270701417506,0.0,0.5377689171738099,0.0,1.9788198188757247,0.0,7.271392107786905,0.0,7.525113514614073,0.0,12.34941893936187,0.0,3.436677088065183,0.0,3.8347150197217226,0.0,0.7928577142497967,0.0,3.3306559575079002,0.0,0.9704413071395909,0.0,""
"2026-09-25 17:14:49","git-master-bddc7a050319718b5e4e0856afec0bc9ea96418f","C:\Users\marco\Desktop\ds004507\derivatives\labels\sub-004\ses-headNormal\anat\sub-004_ses-headNormal_T2w_seg-manual.nii.gz","876","3","",71.56541893430479,0.0,0.5826969512650946,0.0,1.8773964987925311,0.0,7.27170466264955,0.0,7.5500796613253796,0.0,12.235090649510603,0.0,3.4410619893249246,0.0,3.830642673324626,0.0,0.7868516483730303,0.0,3.3156246267433835,0.0,0.9709517682126674,0.0,""
"2026-09-25 17:14:49","git-master-bddc7a050319718b5e4e0856afec0bc9ea96418f","C:\Users\marco\Desktop\ds004507\derivatives\labels\sub-004\ses-headNormal\anat\sub-004_ses-headNormal_T2w_seg-manual.nii.gz","877","3","",71.14547162878267,0.0,0.6263644603625323,0.0,1.7763949785631123,0.0,7.27019009319548,0.0,7.563411454404523,0.0,12.156138596218126,0.0,3.446002462305148,0.0,3.824187630890332,0.0,0.7828605482339023,0.0,3.015516401601259,0.0,0.974335242552285,0.0,""
"2026-09-25 17:14:49","git-master-bddc7a050319718b5e4e0856afec0bc9ea96418f","C:\Users\marco\Desktop\ds004507\derivatives\labels\sub-004\ses-headNormal\anat\sub-004_ses-headNormal_T2w_seg-manual.nii.gz","878","3","",71.16885050164566,0.0,0.6687714527861048,0.0,1.6758156122855106,0.0,7.266400982720488,0.0,7.5736976735574,0.0,12.13744046062621,0.0,3.4463206657181766,0.0,3.820080317002311,0.0,0.7813997905582591,0.0,2.517687209695976,0.0,0.9807900438605555,0.0,""
"2026-09-25 17:14:49","git-master-bddc7a050319718b5e4e0856afec0bc9ea96418f","C:\Users\marco\Desktop\ds004507\derivatives\labels\sub-004\ses-headNormal\anat\sub-004_ses-headNormal_T2w_seg-manual.nii.gz","879","3","",71.43388596592517,0.0,0.7092877105476271,0.0,1.5758706887509826,0.0,7.258548554181942,0.0,7.520221519060928,0.0,12.29604327007336,0.0,3.3804664799802033,0.0,3.8780820742017386,0.0,0.7910771029278749,0.0,3.3224747167186033,0.0,0.9740512682533838,0.0,""
"2026-09-25 17:14:49","git-master-bddc7a050319718b5e4e0856afec0bc9ea96418f","C:\Users\marco\Desktop\ds004507\derivatives\labels\sub-004\ses-headNormal\anat\sub-004_ses-headNormal_T2w_seg-manual.nii.gz","880","3","",71.33546986583293,0.0,0.7483859641677475,0.0,1.476402601069548,0.0,7.26535558252372,0.0,7.536199657772779,0.0,12.273661249657309,0.0,3.411494928148517,0.0,3.8538606543752034,0.0,0.7892280138096168,0.0,3.521864204867477,0.0,0.9722361761063495,0.0,""
"2026-09-25 17:14:49","git-master-bddc7a050319718b5e4e0856afec0bc9ea96418f","C:\Users\marco\Desktop\ds004507\derivatives\labels\sub-004\ses-headNormal\anat\sub-004_ses-headNormal_T2w_seg-manual.nii.gz","881","3","",71.15619005663277,0.0,0.7862237950237291,0.0,1.3773587983178506,0.0,7.274241454490865,0.0,7.575421830535582,0.0,12.179554104462168,0.0,3.464220625241913,0.0,3.8100208292489524,0.0,0.7830141271772562,0.0,3.414846111954211,0.0,0.9719661673115019,0.0,""
"2026-09-25 17:14:49","git-master-bddc7a050319718b5e4e0856afec0bc9ea96418f","C:\Users\marco\Desktop\ds004507\derivatives\labels\sub-004\ses-headNormal\anat\sub-004_ses-headNormal_T2w_seg-manual.nii.gz","882","3","",71.15841846631145,0.0,0.8226436788018001,0.0,1.2787928008049687,0.0,7.273145267734761,0.0,7.597488786704705,0.0,12.105050258377275,0.0,3.468882498510459,0.0,3.8042627692243016,0.0,0.7785058476260385,0.0,3.2238089805248795,0.0,0.9702489125989374,0.0,""
"2026-09-25 17:14:49","git-master-bddc7a050319718b5e4e0856afec0bc9ea96418f","C:\Users\marco\Desktop\ds004507\derivatives\labels\sub-004\ses-headNormal\anat\sub-004_ses-headNormal_T2w_seg-manual.nii.gz","883","3","",71.8867325126548,0.0,0.8571730535615529,0.0,1.1808651242393107,0.0,7.274921027519807,0.0,7.535546826685618,0.0,12.340861402866807,0.0,3.4721371056992822,0.0,3.802783921820524,0.0,0.7916434816166277,0.0,3.4304068620485233,0.0,0.9662832324494585,0.0,""
"2026-09-25 17:14:49","git-master-bddc7a050319718b5e4e0856afec0bc9ea96418f","C:\Users\marco\Desktop\ds004507\derivatives\labels\sub-004\ses-headNormal\anat\sub-004_ses-headNormal_T2w_seg-manual.nii.gz","884","3","",72.09836348198027,0.0,0.890442144751518,0.0,1.083363696570971,0.0,7.290427825545701,0.0,7.517625842530889,0.0,12.416890988348749,0.0,3.452085265543435,0.0,3.8383425600022654,0.0,0.7958630892030742,0.0,3.358464679271532,0.0,0.9562036810856632,0.0,""
"2026-09-25 17:14:49","git-master-bddc7a050319718b5e4e0856afec0bc9ea96418f","C:\Users\marco\Desktop\ds004507\derivatives\labels\sub-004\ses-headNormal\anat\sub-004_ses-headNormal_T2w_seg-manual.nii.gz","885","3","",71.77838168949165,0.0,0.9224509773086732,0.0,0.9862888111709596,0.0,7.3134137505357835,0.0,7.534830549190272,0.0,12.341884590293164,0.0,3.4187950568232908,0.0,3.894618693712492,0.0,0.7920095567861181,0.0,3.0665988383038254,0.0,0.943984744873847,0.0,""
"2026-09-25 17:14:49","git-master-bddc7a050319718b5e4e0856afec0bc9ea96418f","C:\Users\marco\Desktop\ds004507\derivatives\labels\sub-004\ses-headNormal\anat\sub-004_ses-headNormal_T2w_seg-manual.nii.gz","886","3","",71.2555692845138,0.0,0.9527270242428929,0.0,0.8898012181029489,0.0,7.313931101120348,0.0,7.504695594892783,0.0,12.311345664399752,0.0,3.4220142182359217,0.0,3.891916882884426,0.0,0.7927282020042576,0.0,3.034484078364559,0.0,0.9479384177294767,0.0,""
"2026-09-25 17:14:49","git-master-bddc7a050319718b5e4e0856afec0bc9ea96418f","C:\Users\marco\Desktop\ds004507\derivatives\labels\sub-004\ses-headNormal\anat\sub-004_ses-headNormal_T2w_seg-manual.nii.gz","887","3","",70.12743673591682,0.0,0.9814278997035598,0.0,0.7938484568549398,0.0,7.305667407449554,0.0,7.5523889360376275,0.0,12.058616717813942,0.0,3.414379626493099,0.0,3.8912877809564543,0.0,0.779101307807962,0.0,2.9940285348700915,0.0,0.9474228182083493,0.0,""
"2026-09-25 17:14:49","git-master-bddc7a050319718b5e4e0856afec0bc9ea96418f","C:\Users\marco\Desktop\ds004507\derivatives\labels\sub-004\ses-headNormal\anat\sub-004_ses-headNormal_T2w_seg-manual.nii.gz","888","3","",70.1283918968006,0.0,1.0088686828911588,0.0,0.6983240081870362,0.0,7.345059190957534,0.0,7.592908339337069,0.0,11.982295355581613,0.0,3.455388765232289,0.0,3.8896704257252455,0.0,0.7733398816951335,0.0,2.4897586287229574,0.0,0.9452109074485429,0.0,""
"2026-09-25 17:14:49","git-master-bddc7a050319718b5e4e0856afec0bc9ea96418f","C:\Users\marco\Desktop\ds004507\derivatives\labels\sub-004\ses-headNormal\anat\sub-004_ses-headNormal_T2w_seg-manual.nii.gz","889","3","",72.22644106179074,0.0,1.0350494007491546,0.0,0.603228140373701,0.0,7.464914639194128,0.0,7.584591860271546,0.0,12.2948773382472,0.0,3.579437674257317,0.0,3.885476964936811,0.0,0.7870490634347808,0.0,1.247389318438061,0.0,0.9424301494476933,0.0,""
"2026-09-25 17:14:49","git-master-bddc7a050319718b5e4e0856afec0bc9ea96418f","C:\Users\marco\Desktop\ds004507\derivatives\labels\sub-004\ses-headNormal\anat\sub-004_ses-headNormal_T2w_seg-manual.nii.gz","890","3","",71.70263043825521,0.0,1.0591826292447724,0.0,0.508829833615938,0.0,7.525337349984612,0.0,7.634094053214261,0.0,12.124365434494708,0.0,3.6476529025314215,0.0,3.877684447453191,0.0,0.7767565715974539,0.0,2.0364040401412398,0.0,0.94887841387169,0.0,""
"2026-09-25 17:14:49","git-master-bddc7a050319718b5e4e0856afec0bc9ea96418f","C:\Users\marco\Desktop\ds004507\derivatives\labels\sub-004\ses-headNormal\anat\sub-004_ses-headNormal_T2w_seg-manual.nii.gz","891","3","",71.50135577639246,0.0,1.082055935006139,0.0,0.4148614552275078,0.0,7.579042946168035,0.0,7.6432173309213844,0.0,12.076972855323186,0.0,3.66106103596131,0.0,3.9179819102067244,0.0,0.7742468104552723,0.0,2.334616814446224,0.0,0.9533264596143416,0.0,""
"2026-09-25 17:14:49","git-master-bddc7a050319718b5e4e0856afec0bc9ea96418f","C:\Users\marco\Desktop\ds004507\derivatives\labels\sub-004\ses-headNormal\anat\sub-004_ses-headNormal_T2w_seg-manual.nii.gz","892","3","",71.25963620077431,0.0,1.1036693437106548,0.0,0.3213232425908627,0.0,7.564397800259306,0.0,7.619666186463764,0.0,12.078081545532934,0.0,3.609892600564694,0.0,3.954505199694612,0.0,0.7758890392052517,0.0,2.4289752362294466,0.0,0.9546342581267244,0.0,""
"2026-09-25 17:14:49","git-master-bddc7a050319718b5e4e0856afec0bc9ea96418f","C:\Users\marco\Desktop\ds004507\derivatives\labels\sub-004\ses-headNormal\anat\sub-004_ses-headNormal_T2w_seg-manual.nii.gz","893","3","",70.21115032582,0.0,1.1237079345886896,0.0,0.22832323169072483,0.0,7.335910836141454,0.0,7.571323041531138,0.0,11.984362540803227,0.0,3.45765038333851,0.0,3.878260452802944,0.0,0.7751572119808815,0.0,2.8663232066863653,0.0,0.9496416881243475,0.0,""
"2026-09-25 17:14:49","git-master-bddc7a050319718b5e4e0856afec0bc9ea96418f","C:\Users\marco\Desktop\ds004507\derivatives\labels\sub-004\ses-headNormal\anat\sub-004_ses-headNormal_T2w_seg-manual.nii.gz","894","3","",70.93681700757058,0.0,1.1420143155477254,0.0,0.13591607659060412,0.0,7.448001280175465,0.0,7.603145673027686,0.0,12.049157819495193,0.0,3.5289943804442383,0.0,3.919006899731227,0.0,0.775770672359969,0.0,3.2921845387412443,0.0,0.9500801209474764,0.0,""
"2026-09-25 17:14:49","git-master-bddc7a050319718b5e4e0856afec0bc9ea96418f","C:\Users\marco\Desktop\ds004507\derivatives\labels\sub-004\ses-headNormal\anat\sub-004_ses-headNormal_T2w_seg-manual.nii.gz","895","3","",71.74310361372565,0.0,1.1590609532851615,0.0,0.04394052461834154,0.0,7.5805530766218965,0.0,7.629763923096531,0.0,12.135537747805158,0.0,3.6283803946969573,0.0,3.9521726819249396,0.0,0.7776232818746964,0.0,3.61531214303348,0.0,0.9517097068283289,0.0,""
"2026-09-25 17:14:49","git-master-bddc7a050319718b5e4e0856afec0bc9ea96418f","C:\Users\marco\Desktop\ds004507\derivatives\labels\sub-004\ses-headNormal\anat\sub-004_ses-headNormal_T2w_seg-manual.nii.gz","896","3","",72.26709478353354,0.0,1.1748478700860965,0.0,-0.047603209795295864,0.0,7.6602882437464235,0.0,7.635304794203152,0.0,12.21109485588097,0.0,3.7068311297271324,0.0,3.953457114019292,0.0,0.7804036804409398,0.0,3.780867977252547,0.0,0.9536937157916883,0.0,""
"2026-09-25 17:14:49","git-master-bddc7a050319718b5e4e0856afec0bc9ea96418f","C:\Users\marco\Desktop\ds004507\derivatives\labels\sub-004\ses-headNormal\anat\sub-004_ses-headNormal_T2w_seg-manual.nii.gz","897","3","",72.79088646530661,0.0,1.1887452791394082,0.0,-0.13849848980449359,0.0,7.686689236893489,0.0,7.664836797752407,0.0,12.258083929750077,0.0,3.7105988196010493,0.0,3.97609041729244,0.0,0.7803938281715788,0.0,3.4645960433381195,0.0,0.9570790297655617,0.0,""
"2026-09-25 17:14:49","git-master-bddc7a050319718b5e4e0856afec0bc9ea96418f","C:\Users\marco\Desktop\ds004507\derivatives\labels\sub-004\ses-headNormal\anat\sub-004_ses-headNormal_T2w_seg-manual.nii.gz","898","3","",72.04404485086414,0.0,1.2012256141261979,0.0,-0.2289068332955535,0.0,7.703470942219784,0.0,7.669536618365468,0.0,12.143213502654907,0.0,3.6875401098883147,0.0,4.015930832331469,0.0,0.7752035415205345,0.0,1.9979112646594954,0.0,0.9573561523529142,0.0,""
"2026-09-25 17:14:49","git-master-bddc7a050319718b5e4e0856afec0bc9ea96418f","C:\Users\marco\Desktop\ds004507\derivatives\labels\sub-004\ses-headNormal\anat\sub-004_ses-headNormal_T2w_seg-manual.nii.gz","899","3","",70.97446492233868,0.0,1.2124463497863918,0.0,-0.31888209193347977,0.0,7.741406854230189,0.0,7.692990799088418,0.0,11.94363353082634,0.0,3.6898939831923108,0.0,4.051512871037878,0.0,0.7646731759619451,0.0,0.6508319966219122,0.0,0.9571898060382198,0.0,""
"2026-09-25 17:14:49","git-master-bddc7a050319718b5e4e0856afec0bc9ea96418f","C:\Users\marco\Desktop\ds004507\derivatives\labels\sub-004\ses-headNormal\anat\sub-004_ses-headNormal_T2w_seg-manual.nii.gz","900","3","",70.44935708334206,0.0,1.2222500610282667,0.0,-0.4083698461699931,0.0,7.836559019100614,0.0,7.7834744729948095,0.0,11.715316584311902,0.0,3.776252567870602,0.0,4.060306451230012,0.0,0.747308067243062,0.0,0.7232779722908688,0.0,0.9591338460804405,0.0,""
"2026-09-25 17:14:49","git-master-bddc7a050319718b5e4e0856afec0bc9ea96418f","C:\Users\marco\Desktop\ds004507\derivatives\labels\sub-004\ses-headNormal\anat\sub-004_ses-headNormal_T2w_seg-manual.nii.gz","901","3","",71.37560471007448,0.0,1.2301644623133308,0.0,-0.4972068737884848,0.0,7.8464988357568215,0.0,7.824343022436192,0.0,11.76637733640783,0.0,3.852576395872722,0.0,3.9939224398840993,0.0,0.7468627057134198,0.0,2.2423714508908565,0.0,0.959126461831591,0.0,""
"2026-09-25 17:14:49","git-master-bddc7a050319718b5e4e0856afec0bc9ea96418f","C:\Users\marco\Desktop\ds004507\derivatives\labels\sub-004\ses-headNormal\anat\sub-004_ses-headNormal_T2w_seg-manual.nii.gz","902","3","",71.85821993452119,0.0,1.236819349881607,0.0,-0.5856096840776905,0.0,7.856032012519355,0.0,7.855381229886016,0.0,11.778425845249053,0.0,3.885069211443644,0.0,3.9709628010757108,0.0,0.7451026623039787,0.0,2.574081574677887,0.0,0.9598909213811557,0.0,""
"2026-09-25 17:14:49","git-master-bddc7a050319718b5e4e0856afec0bc9ea96418f","C:\Users\marco\Desktop\ds004507\derivatives\labels\sub-004\ses-headNormal\anat\sub-004_ses-headNormal_T2w_seg-manual.nii.gz","903","3","",71.81656297377491,0.0,1.242706746931527,0.0,-0.6730515101547436,0.0,7.868673044072068,0.0,7.8761758937274635,0.0,11.73995356349977,0.0,3.8810255861365817,0.0,3.987647457935487,0.0,0.7415598275287868,0.0,1.838113446235608,0.0,0.96095096073068,0.0,""
"2026-09-25 17:14:49","git-master-bddc7a050319718b5e4e0856afec0bc9ea96418f","C:\Users\marco\Desktop\ds004507\derivatives\labels\sub-004\ses-headNormal\anat\sub-004_ses-headNormal_T2w_seg-manual.nii.gz","904","3","",71.55299425249352,0.0,1.249568424740885,0.0,-0.7569993050173696,0.0,7.866848013956789,0.0,7.867482452500365,0.0,11.71728731901465,0.0,3.878721225910614,0.0,3.988126788046175,0.0,0.7410564697853627,0.0,1.395905122230356,0.0,0.9592313658159654,0.0,""
"2026-09-25 17:14:49","git-master-bddc7a050319718b5e4e0856afec0bc9ea96418f","C:\Users\marco\Desktop\ds004507\derivatives\labels\sub-004\ses-headNormal\anat\sub-004_ses-headNormal_T2w_seg-manual.nii.gz","905","3","",71.89403265657735,0.0,1.2597758328895885,0.0,-0.8351377926022819,0.0,7.868862671916303,0.0,7.91508295736898,0.0,11.70380435452853,0.0,3.8784088038860736,0.0,3.9904538680302295,0.0,0.736617325969128,0.0,1.883710835427372,0.0,0.9603253753807439,0.0,""
"2026-09-25 17:14:49","git-master-bddc7a050319718b5e4e0856afec0bc9ea96418f","C:\Users\marco\Desktop\ds004507\derivatives\labels\sub-004\ses-headNormal\anat\sub-004_ses-headNormal_T2w_seg-manual.nii.gz","906","3","",72.61795913769579,0.0,1.2726597647739981,0.0,-0.9086290967008267,0.0,7.869773477355177,0.0,7.962569571751149,0.0,11.754008839933345,0.0,3.8770486563523368,0.0,3.9927248210028408,0.0,0.7355314344582008,0.0,2.1546111496065157,0.0,0.95982591056469,0.0,""
"2026-09-25 17:14:49","git-master-bddc7a050319718b5e4e0856afec0bc9ea96418f","C:\Users\marco\Desktop\ds004507\derivatives\labels\sub-004\ses-headNormal\anat\sub-004_ses-headNormal_T2w_seg-manual.nii.gz","907","3","",73.66429512189431,0.0,1.288220184072651,0.0,-0.9774733747144859,0.0,7.867075068485127,0.0,7.982852867229067,0.0,11.90170527076413,0.0,3.8730560176672,0.0,3.9940190508179265,0.0,0.7416999239507148,0.0,1.6320560874999934,0.0,0.9554263565891473,0.0,""
"2026-09-25 17:14:49","git-master-bddc7a050319718b5e4e0856afec0bc9ea96418f","C:\Users\marco\Desktop\ds004507\derivatives\labels\sub-004\ses-headNormal\anat\sub-004_ses-headNormal_T2w_seg-manual.nii.gz","908","2","",72.57309702211164,0.0,1.3157871669149999,0.0,-1.0623415687133124,0.0,7.870247119123083,0.0,7.890682516112985,0.0,11.873921002697543,0.0,3.875571464755609,0.0,3.994675654367474,0.0,0.7472536634862591,0.0,2.333766205008816,0.0,0.9562647754137116,0.0,""
"2026-09-25 17:14:49","git-master-bddc7a050319718b5e4e0856afec0bc9ea96418f","C:\Users\marco\Desktop\ds004507\derivatives\labels\sub-004\ses-headNormal\anat\sub-004_ses-headNormal_T2w_seg-manual.nii.gz","909","2","",71.5066358243628,0.0,1.3404186316115752,0.0,-1.1169124325352466,0.0,7.878580234185761,0.0,7.914261728557908,0.0,11.644364405318587,0.0,3.8805392926093725,0.0,3.9980409415763885,0.0,0.7333161576374214,0.0,3.49534755480387,0.0,0.9592249960471643,0.0,""
"2026-09-25 17:14:49","git-master-bddc7a050319718b5e4e0856afec0bc9ea96418f","C:\Users\marco\Desktop\ds004507\derivatives\labels\sub-004\ses-headNormal\anat\sub-004_ses-headNormal_T2w_seg-manual.nii.gz","910","2","",70.44020587959083,0.0,1.367859831541978,0.0,-1.1666056613208906,0.0,7.857550144693473,0.0,7.922662551817326,0.0,11.445148007196124,0.0,3.900577664749183,0.0,3.9569724799442896,0.0,0.7215258705159233,0.0,4.1361094883210345,0.0,0.9591911042113762,0.0,""
"2026-09-25 17:14:49","git-master-bddc7a050319718b5e4e0856afec0bc9ea96418f","C:\Users\marco\Desktop\ds004507\derivatives\labels\sub-004\ses-headNormal\anat\sub-004_ses-headNormal_T2w_seg-manual.nii.gz","911","2","",70.09946172064025,0.0,1.3981106394846867,0.0,-1.2114215075067918,0.0,7.83614725067856,0.0,7.929042495073716,0.0,11.375269324347808,0.0,3.9096097446476894,0.0,3.9265375060308703,0.0,0.7169073833598051,0.0,4.003958607330242,0.0,0.9589095295854868,0.0,""
"2026-09-25 17:14:49","git-master-bddc7a050319718b5e4e0856afec0bc9ea96418f","C:\Users\marco\Desktop\ds004507\derivatives\labels\sub-004\ses-headNormal\anat\sub-004_ses-headNormal_T2w_seg-manual.nii.gz","912","2","",71.69383203362963,0.0,1.431572234151522,0.0,-1.2506635868153442,0.0,7.858494142020406,0.0,7.9531623989856595,0.0,11.604058530982563,0.0,3.8663270729906456,0.0,3.9921670690297604,0.0,0.7281417437649441,0.0,2.604336474360729,0.0,0.9625299246153125,0.0,""
"2026-09-25 17:14:49","git-master-bddc7a050319718b5e4e0856afec0bc9ea96418f","C:\Users\marco\Desktop\ds004507\derivatives\labels\sub-004\ses-headNormal\anat\sub-004_ses-headNormal_T2w_seg-manual.nii.gz","913","2","",71.57597085897554,0.0,1.469046799947263,0.0,-1.2829392281551928,0.0,8.009833631143554,0.0,8.098424316939816,0.0,11.394128882313158,0.0,3.914908845122487,0.0,4.094924786021067,0.0,0.702664430931029,0.0,3.2748910043748256,0.0,0.95230017881361,0.0,""
"2026-09-25 17:14:49","git-master-bddc7a050319718b5e4e0856afec0bc9ea96418f","C:\Users\marco\Desktop\ds004507\derivatives\labels\sub-004\ses-headNormal\anat\sub-004_ses-headNormal_T2w_seg-manual.nii.gz","914","2","",71.29857412628267,0.0,1.5093300792154614,0.0,-1.3103387614557054,0.0,8.094553489136413,0.0,8.145407578270474,0.0,11.289210602411366,0.0,3.9516430493675805,0.0,4.142910439768832,0.0,0.6923697764525304,0.0,3.2606607487661865,0.0,0.9500671223379991,0.0,""
"2026-09-25 17:14:49","git-master-bddc7a050319718b5e4e0856afec0bc9ea96418f","C:\Users\marco\Desktop\ds004507\derivatives\labels\sub-004\ses-headNormal\anat\sub-004_ses-headNormal_T2w_seg-manual.nii.gz","915","2","",71.17583661216176,0.0,1.552421866873072,0.0,-1.3328623589846782,0.0,8.108999913693287,0.0,8.119654217396212,0.0,11.302612000928317,0.0,3.9669828362372908,0.0,4.142017077455996,0.0,0.6956293925344232,0.0,2.5166383679312907,0.0,0.953771942813931,0.0,""
"2026-09-25 17:14:49","git-master-bddc7a050319718b5e4e0856afec0bc9ea96418f","C:\Users\marco\Desktop\ds004507\derivatives\labels\sub-004\ses-headNormal\anat\sub-004_ses-headNormal_T2w_seg-manual.nii.gz","916","2","",71.70523711639377,0.0,1.5991241309346604,0.0,-1.3491172364509671,0.0,8.105411728694808,0.0,8.180559274203768,0.0,11.290139748712004,0.0,3.9649252909139183,0.0,4.140486437780888,0.0,0.689181379840622,0.0,1.8328106182823491,0.0,0.9490158217871393,0.0,""
"2026-09-25 17:14:49","git-master-bddc7a050319718b5e4e0856afec0bc9ea96418f","C:\Users\marco\Desktop\ds004507\derivatives\labels\sub-004\ses-headNormal\anat\sub-004_ses-headNormal_T2w_seg-manual.nii.gz","917","2","",71.36467551769542,0.0,1.649436113191812,0.0,-1.3591037291535166,0.0,8.175104957969172,0.0,8.248745231622987,0.0,11.118335023576142,0.0,4.020720975278504,0.0,4.1543839826906686,0.0,0.6700270559434164,0.0,0.4033447081207433,0.0,0.9543310219848571,0.0,""
"2026-09-25 17:14:49","git-master-bddc7a050319718b5e4e0856afec0bc9ea96418f","C:\Users\marco\Desktop\ds004507\derivatives\labels\sub-004\ses-headNormal\anat\sub-004_ses-headNormal_T2w_seg-manual.nii.gz","918","2","",70.951659923816,0.0,1.7025551646700734,0.0,-1.364214912068077,0.0,8.221968426113142,0.0,8.28733002373331,0.0,10.988303806663891,0.0,4.025191113268568,0.0,4.1967773128445724,0.0,0.6566403143332845,0.0,-0.26344111644764834,0.0,0.9589023641053382,0.0,""
"2026-09-25 17:14:49","git-master-bddc7a050319718b5e4e0856afec0bc9ea96418f","C:\Users\marco\Desktop\ds004507\derivatives\labels\sub-004\ses-headNormal\anat\sub-004_ses-headNormal_T2w_seg-manual.nii.gz","919","2","",70.75619711770022,0.0,1.7584809765844813,0.0,-1.3644508276283052,0.0,8.222218534298097,0.0,8.292331577848753,0.0,10.955976031666,0.0,3.966261332107726,0.0,4.25595720219037,0.0,0.6535558691223537,0.0,0.2690840399400123,0.0,0.9598735517721296,0.0,""
"2026-09-25 17:14:49","git-master-bddc7a050319718b5e4e0856afec0bc9ea96418f","C:\Users\marco\Desktop\ds004507\derivatives\labels\sub-004\ses-headNormal\anat\sub-004_ses-headNormal_T2w_seg-manual.nii.gz","920","2","",71.28581119024629,0.0,1.8184154773952004,0.0,-1.3577220943977697,0.0,8.22570928118528,0.0,8.336130470686552,0.0,10.974513982676203,0.0,4.043514195099971,0.0,4.182195086085309,0.0,0.6503999039161402,0.0,1.654189550735869,0.0,0.9606263484275528,0.0,""
"2026-09-25 17:14:49","git-master-bddc7a050319718b5e4e0856afec0bc9ea96418f","C:\Users\marco\Desktop\ds004507\derivatives\labels\sub-004\ses-headNormal\anat\sub-004_ses-headNormal_T2w_seg-manual.nii.gz","921","2","",71.23529235588315,0.0,1.8815558904868037,0.0,-1.3454215157274478,0.0,8.224860446737232,0.0,8.353098872540684,0.0,10.940922530610067,0.0,4.063689313619153,0.0,4.161171133118078,0.0,0.6458120761353159,0.0,1.590587669050448,0.0,0.9629548046614146,0.0,""
"2026-09-25 17:14:49","git-master-bddc7a050319718b5e4e0856afec0bc9ea96418f","C:\Users\marco\Desktop\ds004507\derivatives\labels\sub-004\ses-headNormal\anat\sub-004_ses-headNormal_T2w_seg-manual.nii.gz","922","2","",71.25720689515013,0.0,1.9475008829696316,0.0,-1.3282454395260928,0.0,8.223815379405666,0.0,8.357136600518542,0.0,10.935125996767958,0.0,4.063728177476677,0.0,4.160087201928989,0.0,0.6448871594909469,0.0,1.4088922476761048,0.0,0.9626417388838057,0.0,""
"2026-09-25 17:14:49","git-master-bddc7a050319718b5e4e0856afec0bc9ea96418f","C:\Users\marco\Desktop\ds004507\derivatives\labels\sub-004\ses-headNormal\anat\sub-004_ses-headNormal_T2w_seg-manual.nii.gz","923","2","",71.78659205842902,0.0,2.016250009452772,0.0,-1.3061937662152903,0.0,8.225274754779193,0.0,8.356153158920948,0.0,11.01218049058675,0.0,4.065985865486745,0.0,4.159288889292449,0.0,0.6513119971499628,0.0,1.971247358161978,0.0,0.9566719829877725,0.0,""
"2026-09-25 17:14:49","git-master-bddc7a050319718b5e4e0856afec0bc9ea96418f","C:\Users\marco\Desktop\ds004507\derivatives\labels\sub-004\ses-headNormal\anat\sub-004_ses-headNormal_T2w_seg-manual.nii.gz","924","2","",71.2524526526437,0.0,2.089403773324587,0.0,-1.2764798982035364,0.0,8.228898477108718,0.0,8.336488181115625,0.0,10.949690642990026,0.0,4.071762544354171,0.0,4.157135932754548,0.0,0.6483369206510481,0.0,2.918393805023481,0.0,0.9613844941927924,0.0,""
"2026-09-25 17:14:49","git-master-bddc7a050319718b5e4e0856afec0bc9ea96418f","C:\Users\marco\Desktop\ds004507\derivatives\labels\sub-004\ses-headNormal\anat\sub-004_ses-headNormal_T2w_seg-manual.nii.gz","925","2","",71.0565375664037,0.0,2.165359147319041,0.0,-1.241889644492356,0.0,8.226254466815389,0.0,8.36372977022087,0.0,10.87881373821298,0.0,4.069615474308353,0.0,4.156638992507035,0.0,0.6393440462838225,0.0,1.5700572322348836,0.0,0.9616296847481739,0.0,""
"2026-09-25 17:14:49","git-master-bddc7a050319718b5e4e0856afec0bc9ea96418f","C:\Users\marco\Desktop\ds004507\derivatives\labels\sub-004\ses-headNormal\anat\sub-004_ses-headNormal_T2w_seg-manual.nii.gz","926","2","",71.12631736227905,0.0,2.2441154825124126,0.0,-1.2024227807597965,0.0,8.25219693464593,0.0,8.41567797072663,0.0,10.81877990479335,0.0,4.084092370330477,0.0,4.1681045643154535,0.0,0.6283942485464006,0.0,0.3159180646503655,0.0,0.9618636040729339,0.0,""
"2026-09-25 17:14:49","git-master-bddc7a050319718b5e4e0856afec0bc9ea96418f","C:\Users\marco\Desktop\ds004507\derivatives\labels\sub-004\ses-headNormal\anat\sub-004_ses-headNormal_T2w_seg-manual.nii.gz","927","2","",71.38922740448812,0.0,2.326071927382684,0.0,-1.157382306607447,0.0,8.3639208414702,0.0,8.462033794912893,0.0,10.800441205934948,0.0,4.154974126592057,0.0,4.2089467148781425,0.0,0.6213959661925483,0.0,2.8108508646959085,0.0,0.9688748125345331,0.0,""
"2026-09-25 17:14:49","git-master-bddc7a050319718b5e4e0856afec0bc9ea96418f","C:\Users\marco\Desktop\ds004507\derivatives\labels\sub-004\ses-headNormal\anat\sub-004_ses-headNormal_T2w_seg-manual.nii.gz","928","2","",70.44369768168195,0.0,2.4120260758504335,0.0,-1.1053739915642775,0.0,8.386024036385063,0.0,8.439309469050034,0.0,10.691848138743307,0.0,4.166699840082396,0.0,4.219324196302667,0.0,0.6139145359694487,0.0,1.4190487266234442,0.0,0.9695515523619966,0.0,""
"2026-09-25 17:14:49","git-master-bddc7a050319718b5e4e0856afec0bc9ea96418f","C:\Users\marco\Desktop\ds004507\derivatives\labels\sub-004\ses-headNormal\anat\sub-004_ses-headNormal_T2w_seg-manual.nii.gz","929","2","",70.10201993110556,0.0,2.5007769799586064,0.0,-1.0484876676061696,0.0,8.398073776868982,0.0,8.426531114077333,0.0,10.659176572340545,0.0,4.169998965360159,0.0,4.228074811508824,0.0,0.6123946253877877,0.0,0.16292314851130135,0.0,0.9670372582010744,0.0,""
"2026-09-25 17:14:49","git-master-bddc7a050319718b5e4e0856afec0bc9ea96418f","C:\Users\marco\Desktop\ds004507\derivatives\labels\sub-004\ses-headNormal\anat\sub-004_ses-headNormal_T2w_seg-manual.nii.gz","930","2","",70.3641658545786,0.0,2.592323757255411,0.0,-0.986723076292958,0.0,8.408868243779139,0.0,8.433906051245952,0.0,10.689001231253599,0.0,4.157996195967154,0.0,4.250872047811985,0.0,0.6143515204624669,0.0,-0.6271606653100138,0.0,0.9636451744841839,0.0,""
"2026-09-25 17:14:49","git-master-bddc7a050319718b5e4e0856afec0bc9ea96418f","C:\Users\marco\Desktop\ds004507\derivatives\labels\sub-004\ses-headNormal\anat\sub-004_ses-headNormal_T2w_seg-manual.nii.gz","931","2","",70.62590850353176,0.0,2.687463269098528,0.0,-0.9186858749787409,0.0,8.418106666757376,0.0,8.468768355943988,0.0,10.681507888004546,0.0,4.0865510903136455,0.0,4.331555576443732,0.0,0.6094171618843152,0.0,-1.2863692414680366,0.0,0.9658939894840817,0.0,""
"2026-09-25 17:14:49","git-master-bddc7a050319718b5e4e0856afec0bc9ea96418f","C:\Users\marco\Desktop\ds004507\derivatives\labels\sub-004\ses-headNormal\anat\sub-004_ses-headNormal_T2w_seg-manual.nii.gz","932","2","",70.88717393739351,0.0,2.7861924600821935,0.0,-0.8443753478917552,0.0,8.425861654132277,0.0,8.46678307605492,0.0,10.724851983421892,0.0,4.074941076250161,0.0,4.350920577882115,0.0,0.6137704984774092,0.0,-1.9226618134984919,0.0,0.9678221802704897,0.0,""
"2026-09-25 17:14:49","git-master-bddc7a050319718b5e4e0856afec0bc9ea96418f","C:\Users\marco\Desktop\ds004507\derivatives\labels\sub-004\ses-headNormal\anat\sub-004_ses-headNormal_T2w_seg-manual.nii.gz","933","2","",70.78570682119278,0.0,2.8877117390229,0.0,-0.7651852323272798,0.0,8.402516318740155,0.0,8.434538561244352,0.0,10.75002871916379,0.0,4.11113952564526,0.0,4.291376793094893,0.0,0.619977607503779,0.0,-2.302017973417781,0.0,0.967364221648756,0.0,""
"2026-09-25 17:14:49","git-master-bddc7a050319718b5e4e0856afec0bc9ea96418f","C:\Users\marco\Desktop\ds004507\derivatives\labels\sub-004\ses-headNormal\anat\sub-004_ses-headNormal_T2w_seg-manual.nii.gz","934","2","",70.36979097032419,0.0,2.9920199347461027,0.0,-0.6811153466136087,0.0,8.351181838065306,0.0,8.385260949458397,0.0,10.746827601167329,0.0,4.181686917942373,0.0,4.169494920122935,0.0,0.6254614742421396,0.0,-2.3707161291961785,0.0,0.9645532573257046,0.0,""
"2026-09-25 17:14:49","git-master-bddc7a050319718b5e4e0856afec0bc9ea96418f","C:\Users\marco\Desktop\ds004507\derivatives\labels\sub-004\ses-headNormal\anat\sub-004_ses-headNormal_T2w_seg-manual.nii.gz","935","2","",71.16090579995003,0.0,3.100308720517897,0.0,-0.5900739524104748,0.0,8.38920394949189,0.0,8.430502961410943,0.0,10.813422765003033,0.0,4.181582421996671,0.0,4.2076215274952204,0.0,0.626234836024423,0.0,-2.3549618445594565,0.0,0.9659910309845366,0.0,""
"2026-09-25 17:14:49","git-master-bddc7a050319718b5e4e0856afec0bc9ea96418f","C:\Users\marco\Desktop\ds004507\derivatives\labels\sub-004\ses-headNormal\anat\sub-004_ses-headNormal_T2w_seg-manual.nii.gz","936","2","",70.98507743088734,0.0,3.2117782931098997,0.0,-0.4934551860620619,0.0,8.40497972458299,0.0,8.498030139998098,0.0,10.698316590103442,0.0,4.184524152607062,0.0,4.220455571975928,0.0,0.6068275223469269,0.0,-2.9923432049028134,0.0,0.9705127060270726,0.0,""
"2026-09-25 17:14:49","git-master-bddc7a050319718b5e4e0856afec0bc9ea96418f","C:\Users\marco\Desktop\ds004507\derivatives\labels\sub-004\ses-headNormal\anat\sub-004_ses-headNormal_T2w_seg-manual.nii.gz","937","2","",70.2533239696753,0.0,3.3260290256309615,0.0,-0.39195627735368854,0.0,8.401879972599076,0.0,8.518230514797105,0.0,10.556846954112222,0.0,4.164422045386364,0.0,4.237457927212711,0.0,0.5907024955331662,0.0,-4.393867625459594,0.0,0.9736526827666468,0.0,""
"2026-09-25 17:14:49","git-master-bddc7a050319718b5e4e0856afec0bc9ea96418f","C:\Users\marco\Desktop\ds004507\derivatives\labels\sub-004\ses-headNormal\anat\sub-004_ses-headNormal_T2w_seg-manual.nii.gz","938","2","",69.18325807134114,0.0,3.4430593966771164,0.0,-0.2855772699857238,0.0,8.380347206454045,0.0,8.440984342362894,0.0,10.48848276475569,0.0,4.101994135783825,0.0,4.27835307067022,0.0,0.5935650390014219,0.0,-6.704022134371682,0.0,0.9723508771929824,0.0,""
"2026-09-25 17:14:49","git-master-bddc7a050319718b5e4e0856afec0bc9ea96418f","C:\Users\marco\Desktop\ds004507\derivatives\labels\sub-004\ses-headNormal\anat\sub-004_ses-headNormal_T2w_seg-manual.nii.gz","939","1","",70.25791654475591,0.0,3.6085942818716212,0.0,-0.1300585145100179,0.0,8.423602354821,0.0,8.495401402076848,0.0,10.593069817666866,0.0,4.087853483391921,0.0,4.33574887142908,0.0,0.5973545260717312,0.0,-3.920207810184646,0.0,0.9589638718473075,0.0,""
"2026-09-25 17:14:49","git-master-bddc7a050319718b5e4e0856afec0bc9ea96418f","C:\Users\marco\Desktop\ds004507\derivatives\labels\sub-004\ses-headNormal\anat\sub-004_ses-headNormal_T2w_seg-manual.nii.gz","940","1","",70.24781791221379,0.0,3.737199596214375,0.0,-0.005578360541102001,0.0,8.425454147095842,0.0,8.587452254814739,0.0,10.478318652675593,0.0,4.086127101094532,0.0,4.33932704600131,0.0,0.5726549795813632,0.0,-2.9550000936413996,0.0,0.9651947633413648,0.0,""
"2026-09-25 17:14:49","git-master-bddc7a050319718b5e4e0856afec0bc9ea96418f","C:\Users\marco\Desktop\ds004507\derivatives\labels\sub-004\ses-headNormal\anat\sub-004_ses-headNormal_T2w_seg-manual.nii.gz","941","1","",70.59879561858281,0.0,3.8687693464694637,0.0,0.12412785861700536,0.0,8.424563886468498,0.0,8.576470350807769,0.0,10.557615775622546,0.0,4.086618119224633,0.0,4.337945767243864,0.0,0.5825432085372546,0.0,-3.071953764953909,0.0,0.9638412412380274,0.0,""
"2026-09-25 17:14:49","git-master-bddc7a050319718b5e4e0856afec0bc9ea96418f","C:\Users\marco\Desktop\ds004507\derivatives\labels\sub-004\ses-headNormal\anat\sub-004_ses-headNormal_T2w_seg-manual.nii.gz","942","1","",70.94879389380327,0.0,4.0033008087737825,0.0,0.2590591975989733,0.0,8.425081813528724,0.0,8.537548096256856,0.0,10.664154476719402,0.0,4.086645431496807,0.0,4.338436382031916,0.0,0.5992082075123911,0.0,-3.6150864749874287,0.0,0.9625307435139336,0.0,""
"2026-09-25 17:14:49","git-master-bddc7a050319718b5e4e0856afec0bc9ea96418f","C:\Users\marco\Desktop\ds004507\derivatives\labels\sub-004\ses-headNormal\anat\sub-004_ses-headNormal_T2w_seg-manual.nii.gz","943","1","",70.93575696781545,0.0,4.140791259264227,0.0,0.39921471103947076,0.0,8.431158168866276,0.0,8.545777897362917,0.0,10.631128046177833,0.0,4.083527931625635,0.0,4.347630237240641,0.0,0.594838971079758,0.0,-3.9284158746072158,0.0,0.9688907081457224,0.0,""
"2026-09-25 17:14:49","git-master-bddc7a050319718b5e4e0856afec0bc9ea96418f","C:\Users\marco\Desktop\ds004507\derivatives\labels\sub-004\ses-headNormal\anat\sub-004_ses-headNormal_T2w_seg-manual.nii.gz","944","1","",70.1074382783259,0.0,4.282711304740835,0.0,0.5472026718626664,0.0,8.420500118179799,0.0,8.49291790105876,0.0,10.59573749703475,0.0,4.010580212844776,0.0,4.409919905335024,0.0,0.5979391142791003,0.0,0.677176165791638,0.0,0.973378455930903,0.0,""
"2026-09-25 17:14:49","git-master-bddc7a050319718b5e4e0856afec0bc9ea96418f","C:\Users\marco\Desktop\ds004507\derivatives\labels\sub-004\ses-headNormal\anat\sub-004_ses-headNormal_T2w_seg-manual.nii.gz","945","1","",69.6396915908002,0.0,4.427577983775714,0.0,0.7004089764851864,0.0,8.40507861181619,0.0,8.477208362665824,0.0,10.539093596135853,0.0,4.036675456923903,0.0,4.368403154892287,0.0,0.5940926733999654,0.0,3.0892720723193583,0.0,0.978729837777305,0.0,""
"2026-09-25 17:14:49","git-master-bddc7a050319718b5e4e0856afec0bc9ea96418f","C:\Users\marco\Desktop\ds004507\derivatives\labels\sub-004\ses-headNormal\anat\sub-004_ses-headNormal_T2w_seg-manual.nii.gz","946","1","",69.53261720705838,0.0,4.572329660818834,0.0,0.8588315597160763,0.0,8.3974643497429,0.0,8.50030848887299,0.0,10.476277347826473,0.0,4.087525473321307,0.0,4.309938876421593,0.0,0.5843960594834366,0.0,4.086878315101894,0.0,0.9780153474449772,0.0,""
"2026-09-25 17:14:49","git-master-bddc7a050319718b5e4e0856afec0bc9ea96418f","C:\Users\marco\Desktop\ds004507\derivatives\labels\sub-004\ses-headNormal\anat\sub-004_ses-headNormal_T2w_seg-manual.nii.gz","947","1","",69.78631542892053,0.0,4.713904700320168,0.0,1.0224683563643817,0.0,8.410228031927385,0.0,8.563877486369147,0.0,10.422369756451953,0.0,4.0888420714952805,0.0,4.321385960432106,0.0,0.5699456835705978,0.0,4.44900136426519,0.0,0.9643054786939679,0.0,""
"2026-09-25 17:14:49","git-master-bddc7a050319718b5e4e0856afec0bc9ea96418f","C:\Users\marco\Desktop\ds004507\derivatives\labels\sub-004\ses-headNormal\anat\sub-004_ses-headNormal_T2w_seg-manual.nii.gz","948","1","",71.66686076907028,0.0,4.84154937039585,0.0,1.1939188599922592,0.0,8.396869944467648,0.0,8.604067203846308,0.0,10.630664721932725,0.0,4.070709435451341,0.0,4.326160509016307,0.0,0.5870726861558617,0.0,2.0039021321609094,0.0,0.9704564235818478,0.0,""
"2026-09-25 17:14:49","git-master-bddc7a050319718b5e4e0856afec0bc9ea96418f","C:\Users\marco\Desktop\ds004507\derivatives\labels\sub-004\ses-headNormal\anat\sub-004_ses-headNormal_T2w_seg-manual.nii.gz","949","1","",72.28173671173923,0.0,4.959919454185833,0.0,1.3705723740209739,0.0,8.41017438126655,0.0,8.6085131453661,0.0,10.709004254871282,0.0,4.110261297389704,0.0,4.299913083876846,0.0,0.5948148845171843,0.0,-0.6948377783066899,0.0,0.9756713586902266,0.0,""
"2026-09-25 17:14:49","git-master-bddc7a050319718b5e4e0856afec0bc9ea96418f","C:\Users\marco\Desktop\ds004507\derivatives\labels\sub-004\ses-headNormal\anat\sub-004_ses-headNormal_T2w_seg-manual.nii.gz","950","1","",72.26376867177817,0.0,5.06902078355185,0.0,1.5524252527824323,0.0,8.43518264109628,0.0,8.617968961251282,0.0,10.6961588959486,0.0,4.152714606019523,0.0,4.282468035076756,0.0,0.5922029804281,0.0,-2.6025588588040924,0.0,0.9791690922497769,0.0,""
"2026-09-25 17:14:49","git-master-bddc7a050319718b5e4e0856afec0bc9ea96418f","C:\Users\marco\Desktop\ds004507\derivatives\labels\sub-004\ses-headNormal\anat\sub-004_ses-headNormal_T2w_seg-manual.nii.gz","951","1","",72.24578206403793,0.0,5.168859190355637,0.0,1.739473850608542,0.0,8.456936022729021,0.0,8.673188301824615,0.0,10.630899185845653,0.0,4.143286310049947,0.0,4.313649712679073,0.0,0.578267675662143,0.0,-2.6746016009977884,0.0,0.9801684324911709,0.0,""
"2026-09-25 17:14:49","git-master-bddc7a050319718b5e4e0856afec0bc9ea96418f","C:\Users\marco\Desktop\ds004507\derivatives\labels\sub-004\ses-headNormal\anat\sub-004_ses-headNormal_T2w_seg-manual.nii.gz","952","1","",71.95696226666087,0.0,5.2548193627221975,0.0,1.9343031705490161,0.0,8.453688891402956,0.0,8.708205022383174,0.0,10.557323345763807,0.0,4.0572384071740615,0.0,4.396450484228893,0.0,0.5652475000461675,0.0,-0.9618232085436464,0.0,0.9724499157683418,0.0,""
"2026-09-25 17:14:49","git-master-bddc7a050319718b5e4e0856afec0bc9ea96418f","C:\Users\marco\Desktop\ds004507\derivatives\labels\sub-004\ses-headNormal\anat\sub-004_ses-headNormal_T2w_seg-manual.nii.gz","953","1","",72.39011387827561,0.0,5.331537042813224,0.0,2.134309667932756,0.0,8.44473677356385,0.0,8.702932100884851,0.0,10.603496817321398,0.0,4.022746960253041,0.0,4.421989813310809,0.0,0.5710704091167561,0.0,1.157584283385427,0.0,0.9735917871133324,0.0,""
"2026-09-25 17:14:49","git-master-bddc7a050319718b5e4e0856afec0bc9ea96418f","C:\Users\marco\Desktop\ds004507\derivatives\labels\sub-004\ses-headNormal\anat\sub-004_ses-headNormal_T2w_seg-manual.nii.gz","954","1","",72.91331335364843,0.0,5.3990164237604095,0.0,2.3394875957026793,0.0,8.436794446972646,0.0,8.688247254349484,0.0,10.671135632267417,0.0,4.011807537086361,0.0,4.424986909886283,0.0,0.5806075861918729,0.0,2.4685552564333877,0.0,0.9776413137596841,0.0,""
"2026-09-25 17:14:49","git-master-bddc7a050319718b5e4e0856afec0bc9ea96418f","C:\Users\marco\Desktop\ds004507\derivatives\labels\sub-004\ses-headNormal\anat\sub-004_ses-headNormal_T2w_seg-manual.nii.gz","955","1","",72.89463714754557,0.0,5.457261698695445,0.0,2.5498312068017035,0.0,8.436576689390282,0.0,8.69502819979692,0.0,10.661955822350848,0.0,3.9964157054735,0.0,4.440160983916782,0.0,0.5787302145894823,0.0,1.756024092244168,0.0,0.978645762940938,0.0,""
"2026-09-25 17:14:49","git-master-bddc7a050319718b5e4e0856afec0bc9ea96418f","C:\Users\marco\Desktop\ds004507\derivatives\labels\sub-004\ses-headNormal\anat\sub-004_ses-headNormal_T2w_seg-manual.nii.gz","956","1","",71.79391714158295,0.0,5.501666257520568,0.0,2.767903625400878,0.0,8.421645493582606,0.0,8.738680834947644,0.0,10.439917416082228,0.0,4.061184017307579,0.0,4.3604614762750264,0.0,0.546437594154553,0.0,2.9917142501323406,0.0,0.9775079549264717,0.0,""
"2026-09-25 17:14:49","git-master-bddc7a050319718b5e4e0856afec0bc9ea96418f","C:\Users\marco\Desktop\ds004507\derivatives\labels\sub-004\ses-headNormal\anat\sub-004_ses-headNormal_T2w_seg-manual.nii.gz","957","1","",71.05411813007176,0.0,5.536849091902283,0.0,2.991113655809251,0.0,8.414118219002315,0.0,8.733152843898857,0.0,10.35826635227737,0.0,4.100021614052858,0.0,4.314096604949457,0.0,0.5377378540288831,0.0,6.9017840217965905,0.0,0.9782185574865621,0.0,""
"2026-09-25 17:14:49","git-master-bddc7a050319718b5e4e0856afec0bc9ea96418f","C:\Users\marco\Desktop\ds004507\derivatives\labels\sub-004\ses-headNormal\anat\sub-004_ses-headNormal_T2w_seg-manual.nii.gz","958","1","",70.67500061678234,0.0,5.5628120956589076,0.0,3.2194528772312374,0.0,8.410592710284005,0.0,8.734006382344788,0.0,10.328420520960186,0.0,4.100413879158229,0.0,4.310178831125775,0.0,0.5335818155984555,0.0,9.539738975745358,0.0,0.977183057097818,0.0,""
"2026-09-25 17:14:49","git-master-bddc7a050319718b5e4e0856afec0bc9ea96418f","C:\Users\marco\Desktop\ds004507\derivatives\labels\sub-004\ses-headNormal\anat\sub-004_ses-headNormal_T2w_seg-manual.nii.gz","959","1","",70.65632510548507,0.0,5.579557162608758,0.0,3.4529128688712536,0.0,8.407666812062267,0.0,8.79680360597966,0.0,10.261797812154587,0.0,4.049846196072583,0.0,4.3578206159896835,0.0,0.5149203002492532,0.0,6.95908468048707,0.0,0.9708069402368493,0.0,""
"2026-09-25 17:14:49","git-master-bddc7a050319718b5e4e0856afec0bc9ea96418f","C:\Users\marco\Desktop\ds004507\derivatives\labels\sub-004\ses-headNormal\anat\sub-004_ses-headNormal_T2w_seg-manual.nii.gz","960","1","",71.44760303328182,0.0,5.5824784653967345,0.0,3.6940256768004827,0.0,8.394686457663571,0.0,8.736161407287563,0.0,10.41893626920888,0.0,4.045680457001043,0.0,4.349006000662526,0.0,0.5444019714214272,0.0,8.419650707641539,0.0,0.9696704807941653,0.0,""
"2026-09-25 17:14:49","git-master-bddc7a050319718b5e4e0856afec0bc9ea96418f","C:\Users\marco\Desktop\ds004507\derivatives\labels\sub-004\ses-headNormal\anat\sub-004_ses-headNormal_T2w_seg-manual.nii.gz","961","1","",72.76539473854744,0.0,5.5761842921392,0.0,3.940219280372201,0.0,8.62899077022736,0.0,8.899288509338707,0.0,10.413921242999942,0.0,4.235072777665191,0.0,4.393917992562168,0.0,0.517363685436021,0.0,10.1921388276194,0.0,0.9693007303845945,0.0,""
"2026-09-25 17:14:49","git-master-bddc7a050319718b5e4e0856afec0bc9ea96418f","C:\Users\marco\Desktop\ds004507\derivatives\labels\sub-004\ses-headNormal\anat\sub-004_ses-headNormal_T2w_seg-manual.nii.gz","962","1","",73.90217954774081,0.0,5.560673959611366,0.0,4.191481974215478,0.0,8.866736449774171,0.0,9.068007682896287,0.0,10.372607851064528,0.0,4.41623546831805,0.0,4.450500981456122,0.0,0.48539773659975094,0.0,11.34902149467602,0.0,0.9692707758899219,0.0,""
"2026-09-25 17:14:49","git-master-bddc7a050319718b5e4e0856afec0bc9ea96418f","C:\Users\marco\Desktop\ds004507\derivatives\labels\sub-004\ses-headNormal\anat\sub-004_ses-headNormal_T2w_seg-manual.nii.gz","963","1","",74.15043678732086,0.0,5.535946784588445,0.0,4.447802052959385,0.0,8.86408019632454,0.0,9.024141698723492,0.0,10.420851210939396,0.0,4.387380839212641,0.0,4.4766993571119,0.0,0.5000964192193343,0.0,10.962771163066762,0.0,0.9691537041919325,0.0,""
"2026-09-25 17:14:49","git-master-bddc7a050319718b5e4e0856afec0bc9ea96418f","C:\Users\marco\Desktop\ds004507\derivatives\labels\sub-004\ses-headNormal\anat\sub-004_ses-headNormal_T2w_seg-manual.nii.gz","964","1","",74.93700730590054,0.0,5.497389729278454,0.0,4.711669388581662,0.0,8.860332124458026,0.0,9.060681712260996,0.0,10.486360669841497,0.0,4.375934994164487,0.0,4.48439713029354,0.0,0.5034038160997227,0.0,12.398973855557216,0.0,0.9752742639708785,0.0,""
"2026-09-25 17:14:49","git-master-bddc7a050319718b5e4e0856afec0bc9ea96418f","C:\Users\marco\Desktop\ds004507\derivatives\labels\sub-004\ses-headNormal\anat\sub-004_ses-headNormal_T2w_seg-manual.nii.gz","965","1","",75.90205135656221,0.0,5.449608014631875,0.0,4.980539737710418,0.0,8.8785480205784,0.0,9.161628421222288,0.0,10.546109818048132,0.0,4.3473878518025915,0.0,4.531160168775809,0.0,0.49521954406978563,0.0,8.778858065615687,0.0,0.9785355084337559,0.0,""
"2026-09-25 17:14:49","git-master-bddc7a050319718b5e4e0856afec0bc9ea96418f","C:\Users\marco\Desktop\ds004507\derivatives\labels\sub-004\ses-headNormal\anat\sub-004_ses-headNormal_T2w_seg-manual.nii.gz","966","1","",76.50607983930385,0.0,5.392598479248925,0.0,5.25439747890016,0.0,8.89541989081616,0.0,9.244127458881842,0.0,10.563065253597403,0.0,4.341796428662848,0.0,4.553623462153313,0.0,0.4838455868804073,0.0,5.599854744064002,0.0,0.9808465875971566,0.0,""
"2026-09-25 17:14:49","git-master-bddc7a050319718b5e4e0856afec0bc9ea96418f","C:\Users\marco\Desktop\ds004507\derivatives\labels\sub-004\ses-headNormal\anat\sub-004_ses-headNormal_T2w_seg-manual.nii.gz","967","1","",76.20960365412338,0.0,5.32635796172982,0.0,5.533226990705394,0.0,8.887639741301808,0.0,9.225324458514129,0.0,10.500193574527408,0.0,4.399217741281149,0.0,4.488422000020658,0.0,0.4775839282824723,0.0,8.359394841724065,0.0,0.9841166514776721,0.0,""
"2026-09-25 17:14:49","git-master-bddc7a050319718b5e4e0856afec0bc9ea96418f","C:\Users\marco\Desktop\ds004507\derivatives\labels\sub-004\ses-headNormal\anat\sub-004_ses-headNormal_T2w_seg-manual.nii.gz","968","1","",76.18098352470548,0.0,5.246259270312103,0.0,5.8194629560200495,0.0,8.893318249383151,0.0,9.231712528109966,0.0,10.50028468374623,0.0,4.371122102143296,0.0,4.522196147239855,0.0,0.4764765517672694,0.0,9.439342213772846,0.0,0.9798176692116392,0.0,""
"2026-09-25 17:14:49","git-master-bddc7a050319718b5e4e0856afec0bc9ea96418f","C:\Users\marco\Desktop\ds004507\derivatives\labels\sub-004\ses-headNormal\anat\sub-004_ses-headNormal_T2w_seg-manual.nii.gz","969","1","",76.5935007323242,0.0,5.15691265261931,0.0,6.1105993912928565,0.0,8.902140314897869,0.0,9.290977671393772,0.0,10.520636464798107,0.0,4.336240178991985,0.0,4.565900135905884,0.0,0.4690947263782189,0.0,7.731723357741343,0.0,0.9685982287247359,0.0,""
"2026-09-25 17:14:49","git-master-bddc7a050319718b5e4e0856afec0bc9ea96418f","C:\Users\marco\Desktop\ds004507\derivatives\labels\sub-004\ses-headNormal\anat\sub-004_ses-headNormal_T2w_seg-manual.nii.gz","970","1","",77.15150411657349,0.0,5.058312946820645,0.0,6.406616130057079,0.0,8.864677693043555,0.0,9.332457857225252,0.0,10.593900503784218,0.0,4.296060004343064,0.0,4.568617688700491,0.0,0.47262842214788275,0.0,5.099063322522974,0.0,0.9566762056816783,0.0,""
"2026-09-25 17:14:49","git-master-bddc7a050319718b5e4e0856afec0bc9ea96418f","C:\Users\marco\Desktop\ds004507\derivatives\labels\sub-004\ses-headNormal\anat\sub-004_ses-headNormal_T2w_seg-manual.nii.gz","971","1","",77.55934251704726,0.0,4.95045499108531,0.0,6.707493005845986,0.0,8.7315021390178,0.0,9.285491054464117,0.0,10.752728386805742,0.0,4.252069610712384,0.0,4.479432528305416,0.0,0.5042676091088233,0.0,3.4038871570111975,0.0,0.9502694757471828,0.0,""
"2026-09-25 17:14:49","git-master-bddc7a050319718b5e4e0856afec0bc9ea96418f","C:\Users\marco\Desktop\ds004507\derivatives\labels\sub-004\ses-headNormal\anat\sub-004_ses-headNormal_T2w_seg-manual.nii.gz","972","1","",82.22695880034027,0.0,4.828692693525798,0.0,7.015594636882581,0.0,9.128513681809526,0.0,9.537672625676715,0.0,11.09191329030355,0.0,4.447014881145078,0.0,4.681498800664447,0.0,0.5104234726777382,0.0,9.513216399927963,0.0,0.9564498904267671,0.0,""
"2026-09-25 17:14:49","git-master-bddc7a050319718b5e4e0856afec0bc9ea96418f","C:\Users\marco\Desktop\ds004507\derivatives\labels\sub-004\ses-headNormal\anat\sub-004_ses-headNormal_T2w_seg-manual.nii.gz","973","1","",85.35147291463238,0.0,4.697648757756481,0.0,7.328465707835226,0.0,9.217722939302242,0.0,9.6920875736995,0.0,11.296360458001377,0.0,4.425152459146936,0.0,4.792570480155307,0.0,0.5136662277579549,0.0,9.06375973445748,0.0,0.954596273683759,0.0,""
"2026-09-25 17:14:49","git-master-bddc7a050319718b5e4e0856afec0bc9ea96418f","C:\Users\marco\Desktop\ds004507\derivatives\labels\sub-004\ses-headNormal\anat\sub-004_ses-headNormal_T2w_seg-manual.nii.gz","974","1","",87.08389336589546,0.0,4.557316888349842,0.0,7.646080909545916,0.0,9.27927010805225,0.0,9.812989684346688,0.0,11.332478277081021,0.0,4.392035387182147,0.0,4.887234720870104,0.0,0.4989765694782657,0.0,5.015112884492035,0.0,0.9552063832165086,0.0,""
"2026-09-25 17:14:49","git-master-bddc7a050319718b5e4e0856afec0bc9ea96418f","C:\Users\marco\Desktop\ds004507\derivatives\labels\sub-004\ses-headNormal\anat\sub-004_ses-headNormal_T2w_seg-manual.nii.gz","975","1","",87.5752286601015,0.0,4.407690789878366,0.0,7.968414932856642,0.0,9.59329538461585,0.0,9.964632743432492,0.0,11.166675134724287,0.0,4.553216707714902,0.0,5.040078676900947,0.0,0.45133519296746305,0.0,0.3268715739239853,0.0,0.9687779767233662,0.0,""
"2026-09-25 17:14:49","git-master-bddc7a050319718b5e4e0856afec0bc9ea96418f","C:\Users\marco\Desktop\ds004507\derivatives\labels\sub-004\ses-headNormal\anat\sub-004_ses-headNormal_T2w_seg-manual.nii.gz","976","1","",92.11069485051263,0.0,4.244104114058938,0.0,8.29774575051856,0.0,9.608015339281971,0.0,10.031065746885318,0.0,11.729834084756542,0.0,4.695716067183461,0.0,4.912299272098512,0.0,0.5156062017891586,0.0,7.746509420602078,0.0,0.9656636708461291,0.0,""
"2026-09-25 17:14:49","git-master-bddc7a050319718b5e4e0856afec0bc9ea96418f","C:\Users\marco\Desktop\ds004507\derivatives\labels\sub-004\ses-headNormal\anat\sub-004_ses-headNormal_T2w_seg-manual.nii.gz","977","1","",94.63233331352886,0.0,4.071197645501377,0.0,8.63168301964703,0.0,9.933725334406287,0.0,10.254769233479568,0.0,11.83898096938307,0.0,4.890081440260602,0.0,5.043643894145684,0.0,0.4973590925226176,0.0,12.017476370209735,0.0,0.9519382636531977,0.0,""
"2026-09-25 17:14:49","git-master-bddc7a050319718b5e4e0856afec0bc9ea96418f","C:\Users\marco\Desktop\ds004507\derivatives\labels\sub-004\ses-headNormal\anat\sub-004_ses-headNormal_T2w_seg-manual.nii.gz","978","1","",96.64305301626543,0.0,3.88896522632406,0.0,8.970195755776839,0.0,10.242344309049447,0.0,10.487980257827843,0.0,11.847027541784358,0.0,5.037814949979005,0.0,5.204529359070442,0.0,0.4646913224785088,0.0,13.129259836807318,0.0,0.9395673666274804,0.0,""
"2026-09-25 17:14:49","git-master-bddc7a050319718b5e4e0856afec0bc9ea96418f","C:\Users\marco\Desktop\ds004507\derivatives\labels\sub-004\ses-headNormal\anat\sub-004_ses-headNormal_T2w_seg-manual.nii.gz","979","1","",99.6457629258376,0.0,3.6974006986453634,0.0,9.313252974442774,0.0,10.205791202272108,0.0,10.582935874542748,0.0,12.106885555140902,0.0,5.040418719371348,0.0,5.16537248290076,0.0,0.485700348967501,0.0,11.071347234455247,0.0,0.9405165912518854,0.0,""
"2026-09-25 17:14:49","git-master-bddc7a050319718b5e4e0856afec0bc9ea96418f","C:\Users\marco\Desktop\ds004507\derivatives\labels\sub-004\ses-headNormal\anat\sub-004_ses-headNormal_T2w_seg-manual.nii.gz","980","1","","","","","","","","","","","","","","","","","","","","","","","",""
"2026-09-25 17:14:49","git-master-bddc7a050319718b5e4e0856afec0bc9ea96418f","C:\Users\marco\Desktop\ds004507\derivatives\labels\sub-004\ses-headNormal\anat\sub-004_ses-headNormal_T2w_seg-manual.nii.gz","981","1","","","","","","","","","","","","","","","","","","","","","","","",""
"2026-09-25 17:14:49","git-master-bddc7a050319718b5e4e0856afec0bc9ea96418f","C:\Users\marco\Desktop\ds004507\derivatives\labels\sub-004\ses-headNormal\anat\sub-004_ses-headNormal_T2w_seg-manual.nii.gz","982","1","","","","","","","","","","","","","","","","","","","","","","","",""
"2026-09-25 17:14:49","git-master-bddc7a050319718b5e4e0856afec0bc9ea96418f","C:\Users\marco\Desktop\ds004507\derivatives\labels\sub-004\ses-headNormal\anat\sub-004_ses-headNormal_T2w_seg-manual.nii.gz","983","1","","","","","","","","","","","","","","","","","","","","","","","",""
"2026-09-25 17:14:49","git-master-bddc7a050319718b5e4e0856afec0bc9ea96418f","C:\Users\marco\Desktop\ds004507\derivatives\labels\sub-004\ses-headNormal\anat\sub-004_ses-headNormal_T2w_seg-manual.nii.gz","984","1","","","","","","","","","","","","","","","","","","","","","","","",""
