Timestamp,SCT Version,Filename,Slice (I->S),VertLevel,DistancePMJ,MEAN(area),STD(area),MEAN(angle_AP),STD(angle_AP),MEAN(angle_RL),STD(angle_RL),MEAN(diameter_AP),STD(diameter_AP),MEAN(diameter_AP_ellipse),STD(diameter_AP_ellipse),MEAN(diameter_RL),STD(diameter_RL),MEAN(length_anterior),STD(length_anterior),MEAN(length_posterior),STD(length_posterior),MEAN(eccentricity),STD(eccentricity),MEAN(orientation),STD(orientation),MEAN(solidity),STD(solidity),SUM(length)
"2026-09-29 14:15:16","git-master-bddc7a050319718b5e4e0856afec0bc9ea96418f","C:\Users\marco\Desktop\ds004507\derivatives\labels\sub-010\ses-headNormal\anat\sub-010_ses-headNormal_T2w_seg-manual.nii.gz","647","9","",49.564090801777404,0.0,1.3653086900210967,0.0,14.274653402267964,0.0,6.691752704985561,0.0,6.718231712844128,0.0,9.291470798454315,0.0,3.4518816976192435,0.0,3.2398710073663173,0.0,0.6907746816097337,0.0,-4.774948972625438,0.0,0.9612892332674688,0.0,""
"2026-09-29 14:15:16","git-master-bddc7a050319718b5e4e0856afec0bc9ea96418f","C:\Users\marco\Desktop\ds004507\derivatives\labels\sub-010\ses-headNormal\anat\sub-010_ses-headNormal_T2w_seg-manual.nii.gz","648","9","",49.61464045498327,0.0,1.3402909786005892,0.0,14.235982174129374,0.0,6.772468362145643,0.0,6.782732040774221,0.0,9.250046211872009,0.0,3.53543324886695,0.0,3.237035113278693,0.0,0.6788739671518222,0.0,-4.067279732047406,0.0,0.9639275433625716,0.0,""
"2026-09-29 14:15:16","git-master-bddc7a050319718b5e4e0856afec0bc9ea96418f","C:\Users\marco\Desktop\ds004507\derivatives\labels\sub-010\ses-headNormal\anat\sub-010_ses-headNormal_T2w_seg-manual.nii.gz","649","9","",51.58871172175695,0.0,1.315946740578959,0.0,14.19768727605873,0.0,6.9726061228982985,0.0,7.117547024078392,0.0,9.198401834795941,0.0,3.5754883353817615,0.0,3.397117787516537,0.0,0.633455018217766,0.0,5.3408108162441605,0.0,0.9635303260099592,0.0,""
"2026-09-29 14:15:16","git-master-bddc7a050319718b5e4e0856afec0bc9ea96418f","C:\Users\marco\Desktop\ds004507\derivatives\labels\sub-010\ses-headNormal\anat\sub-010_ses-headNormal_T2w_seg-manual.nii.gz","650","9","",49.72824893456042,0.0,1.2925286093000012,0.0,14.15991053825997,0.0,6.988369637202115,0.0,6.97376193340782,0.0,9.030164653362375,0.0,3.6146215952165734,0.0,3.373748041985541,0.0,0.6352976290011214,0.0,1.2609276428394258,0.0,0.9693605926006054,0.0,""
"2026-09-29 14:15:16","git-master-bddc7a050319718b5e4e0856afec0bc9ea96418f","C:\Users\marco\Desktop\ds004507\derivatives\labels\sub-010\ses-headNormal\anat\sub-010_ses-headNormal_T2w_seg-manual.nii.gz","651","9","",49.050367698643115,0.0,1.2698261678544356,0.0,14.12253476843997,0.0,6.89197019215391,0.0,6.868203808440831,0.0,9.020559558336222,0.0,3.5842878518456542,0.0,3.3076823403082556,0.0,0.6480993280502064,0.0,2.2743032149837776,0.0,0.9694848603485109,0.0,""
"2026-09-29 14:15:16","git-master-bddc7a050319718b5e4e0856afec0bc9ea96418f","C:\Users\marco\Desktop\ds004507\derivatives\labels\sub-010\ses-headNormal\anat\sub-010_ses-headNormal_T2w_seg-manual.nii.gz","652","9","",49.14150494975721,0.0,1.2477973506218796,0.0,14.085536710033038,0.0,6.805638663238814,0.0,6.805133707065389,0.0,9.097134036894142,0.0,3.4625621094535974,0.0,3.3430765537852167,0.0,0.6634769353148418,0.0,4.349421679987001,0.0,0.9696704590924131,0.0,""
"2026-09-29 14:15:16","git-master-bddc7a050319718b5e4e0856afec0bc9ea96418f","C:\Users\marco\Desktop\ds004507\derivatives\labels\sub-010\ses-headNormal\anat\sub-010_ses-headNormal_T2w_seg-manual.nii.gz","653","9","",49.516135001177005,0.0,1.226442187260007,0.0,14.048916657962764,0.0,6.753387148504856,0.0,6.759675801052028,0.0,9.205133482212686,0.0,3.271588058092678,0.0,3.4817990904121774,0.0,0.6786271162857112,0.0,4.87769897211302,0.0,0.9724311850796427,0.0,""
"2026-09-29 14:15:16","git-master-bddc7a050319718b5e4e0856afec0bc9ea96418f","C:\Users\marco\Desktop\ds004507\derivatives\labels\sub-010\ses-headNormal\anat\sub-010_ses-headNormal_T2w_seg-manual.nii.gz","654","9","",48.73319844153049,0.0,1.2059291420920746,0.0,14.012769639511546,0.0,6.497993755963799,0.0,6.580332535144589,0.0,9.260970626629428,0.0,3.1985353011991,0.0,3.299458454764699,0.0,0.7034585011448188,0.0,1.471309732548007,0.0,0.9743742472047813,0.0,""
"2026-09-29 14:15:16","git-master-bddc7a050319718b5e4e0856afec0bc9ea96418f","C:\Users\marco\Desktop\ds004507\derivatives\labels\sub-010\ses-headNormal\anat\sub-010_ses-headNormal_T2w_seg-manual.nii.gz","655","9","",48.604091886060736,0.0,1.186216164205314,0.0,13.97707260583427,0.0,6.468115326176618,0.0,6.591379039054214,0.0,9.280287778902203,0.0,3.209575553314029,0.0,3.2585397728625884,0.0,0.703933828036533,0.0,3.3701926556732333,0.0,0.9644657768218623,0.0,""
"2026-09-29 14:15:16","git-master-bddc7a050319718b5e4e0856afec0bc9ea96418f","C:\Users\marco\Desktop\ds004507\derivatives\labels\sub-010\ses-headNormal\anat\sub-010_ses-headNormal_T2w_seg-manual.nii.gz","656","9","",48.32147779218587,0.0,1.1671769592575332,0.0,13.941754880037676,0.0,6.513490811060801,0.0,6.61600446844076,0.0,9.233822908820436,0.0,3.2803111461406487,0.0,3.233179664920152,0.0,0.6975184127580792,0.0,3.993835458462754,0.0,0.9545455489482388,0.0,""
"2026-09-29 14:15:16","git-master-bddc7a050319718b5e4e0856afec0bc9ea96418f","C:\Users\marco\Desktop\ds004507\derivatives\labels\sub-010\ses-headNormal\anat\sub-010_ses-headNormal_T2w_seg-manual.nii.gz","657","9","",47.95563311238041,0.0,1.1488115502534209,0.0,13.90681673906433,0.0,6.551512905091371,0.0,6.620514233207343,0.0,9.161270069216862,0.0,3.359330387037054,0.0,3.1921825180543184,0.0,0.6912002524458695,0.0,2.620554394510695,0.0,0.9533055282976706,0.0,""
"2026-09-29 14:15:16","git-master-bddc7a050319718b5e4e0856afec0bc9ea96418f","C:\Users\marco\Desktop\ds004507\derivatives\labels\sub-010\ses-headNormal\anat\sub-010_ses-headNormal_T2w_seg-manual.nii.gz","658","9","",48.25097299233715,0.0,1.131204192164275,0.0,13.872306008449257,0.0,6.471398426704551,0.0,6.640067938720063,0.0,9.186509429088956,0.0,3.3295986481578046,0.0,3.141799778546747,0.0,0.6910506083752936,0.0,1.9524078362129353,0.0,0.97511935710067,0.0,""
"2026-09-29 14:15:16","git-master-bddc7a050319718b5e4e0856afec0bc9ea96418f","C:\Users\marco\Desktop\ds004507\derivatives\labels\sub-010\ses-headNormal\anat\sub-010_ses-headNormal_T2w_seg-manual.nii.gz","659","9","",49.2536582014686,0.0,1.1144812743742063,0.0,13.83829455101146,0.0,6.620594532617498,0.0,6.727048432126231,0.0,9.2689858715931,0.0,3.3623659718327183,0.0,3.2582285607847803,0.0,0.687955041593122,0.0,3.3775041367822602,0.0,0.9584715690052359,0.0,""
"2026-09-29 14:15:16","git-master-bddc7a050319718b5e4e0856afec0bc9ea96418f","C:\Users\marco\Desktop\ds004507\derivatives\labels\sub-010\ses-headNormal\anat\sub-010_ses-headNormal_T2w_seg-manual.nii.gz","660","9","",48.85499537157209,0.0,1.0984322449550752,0.0,13.804663902277705,0.0,6.776886283523581,0.0,6.785313713411085,0.0,9.141091125012508,0.0,3.4941366640219864,0.0,3.282749619501595,0.0,0.6692660070389495,0.0,0.1982949314850373,0.0,0.952379253714797,0.0,""
"2026-09-29 14:15:16","git-master-bddc7a050319718b5e4e0856afec0bc9ea96418f","C:\Users\marco\Desktop\ds004507\derivatives\labels\sub-010\ses-headNormal\anat\sub-010_ses-headNormal_T2w_seg-manual.nii.gz","661","9","",48.580947617031775,0.0,1.0830571213775966,0.0,13.771414321709164,0.0,6.797501125164423,0.0,6.80332057282031,0.0,9.074514117571647,0.0,3.520335974658662,0.0,3.2771651505057617,0.0,0.6606792031799763,0.0,-1.8412710453308079,0.0,0.9566724184558736,0.0,""
"2026-09-29 14:15:16","git-master-bddc7a050319718b5e4e0856afec0bc9ea96418f","C:\Users\marco\Desktop\ds004507\derivatives\labels\sub-010\ses-headNormal\anat\sub-010_ses-headNormal_T2w_seg-manual.nii.gz","662","9","",50.74984507109121,0.0,1.0683559207600557,0.0,13.738546067575621,0.0,6.529661174111107,0.0,6.780937782018267,0.0,9.465218645846784,0.0,3.1685011574065287,0.0,3.361160016704578,0.0,0.6976838055366519,0.0,5.782503862143709,0.0,0.9638113570741097,0.0,""
"2026-09-29 14:15:16","git-master-bddc7a050319718b5e4e0856afec0bc9ea96418f","C:\Users\marco\Desktop\ds004507\derivatives\labels\sub-010\ses-headNormal\anat\sub-010_ses-headNormal_T2w_seg-manual.nii.gz","663","9","",49.694792651590475,0.0,1.05462352431949,0.0,13.706226616633861,0.0,6.407671250042857,0.0,6.676350858086539,0.0,9.420320254483258,0.0,3.176203350849493,0.0,3.231467899193363,0.0,0.7054771801073003,0.0,4.9401284931505955,0.0,0.9734263907989222,0.0,""
"2026-09-29 14:15:16","git-master-bddc7a050319718b5e4e0856afec0bc9ea96418f","C:\Users\marco\Desktop\ds004507\derivatives\labels\sub-010\ses-headNormal\anat\sub-010_ses-headNormal_T2w_seg-manual.nii.gz","664","9","",49.93022378213375,0.0,1.0415651038709823,0.0,13.67428938215858,0.0,6.456152575563928,0.0,6.728429289510434,0.0,9.384307603256655,0.0,3.2679700149146655,0.0,3.1881825606492624,0.0,0.6969172702313969,0.0,4.848585761167217,0.0,0.969536836380246,0.0,""
"2026-09-29 14:15:16","git-master-bddc7a050319718b5e4e0856afec0bc9ea96418f","C:\Users\marco\Desktop\ds004507\derivatives\labels\sub-010\ses-headNormal\anat\sub-010_ses-headNormal_T2w_seg-manual.nii.gz","665","9","",51.372036355103425,0.0,1.0291806722889445,0.0,13.642734606615024,0.0,6.577203735026802,0.0,6.841300246863801,0.0,9.513156057971187,0.0,3.3328105422821817,0.0,3.2443931927446203,0.0,0.6944379574426373,0.0,6.120339400371819,0.0,0.9618951143774606,0.0,""
"2026-09-29 14:15:16","git-master-bddc7a050319718b5e4e0856afec0bc9ea96418f","C:\Users\marco\Desktop\ds004507\derivatives\labels\sub-010\ses-headNormal\anat\sub-010_ses-headNormal_T2w_seg-manual.nii.gz","666","9","",53.67119158604232,0.0,1.0174702421674138,0.0,13.611562531318059,0.0,6.709561004121758,0.0,6.949307429250731,0.0,9.848091521225571,0.0,3.315481414605966,0.0,3.3940795895157914,0.0,0.7083948692753304,0.0,8.213601693608991,0.0,0.9583316357176629,0.0,""
"2026-09-29 14:15:16","git-master-bddc7a050319718b5e4e0856afec0bc9ea96418f","C:\Users\marco\Desktop\ds004507\derivatives\labels\sub-010\ses-headNormal\anat\sub-010_ses-headNormal_T2w_seg-manual.nii.gz","667","9","",54.489794867382585,0.0,1.0066444626721216,0.0,13.580893234558905,0.0,6.99348427432777,0.0,7.1328049027873295,0.0,9.717705195171593,0.0,3.4758751713534415,0.0,3.5176091029743284,0.0,0.6787578754356179,0.0,2.0308556767499706,0.0,0.9623735799243487,0.0,""
"2026-09-29 14:15:16","git-master-bddc7a050319718b5e4e0856afec0bc9ea96418f","C:\Users\marco\Desktop\ds004507\derivatives\labels\sub-010\ses-headNormal\anat\sub-010_ses-headNormal_T2w_seg-manual.nii.gz","668","9","",54.67385452406593,0.0,0.9965769759788297,0.0,13.5506553551457,0.0,7.075395610578316,0.0,7.168061010668276,0.0,9.731317056959655,0.0,3.532352584428536,0.0,3.54304302614978,0.0,0.676305792700529,0.0,3.6545627867458217,0.0,0.9696720026136285,0.0,""
"2026-09-29 14:15:16","git-master-bddc7a050319718b5e4e0856afec0bc9ea96418f","C:\Users\marco\Desktop\ds004507\derivatives\labels\sub-010\ses-headNormal\anat\sub-010_ses-headNormal_T2w_seg-manual.nii.gz","669","9","",55.06947358835497,0.0,0.9871835386809309,0.0,13.520801235346976,0.0,7.065083890317945,0.0,7.201635056024194,0.0,9.787129432344772,0.0,3.483424310622095,0.0,3.58165957969585,0.0,0.6771706871405837,0.0,6.046694407542899,0.0,0.9718393449352389,0.0,""
"2026-09-29 14:15:16","git-master-bddc7a050319718b5e4e0856afec0bc9ea96418f","C:\Users\marco\Desktop\ds004507\derivatives\labels\sub-010\ses-headNormal\anat\sub-010_ses-headNormal_T2w_seg-manual.nii.gz","670","9","",55.60275862954916,0.0,0.9784641595857091,0.0,13.491331099990463,0.0,7.014375324033207,0.0,7.23507785092327,0.0,9.849002971498322,0.0,3.3931665140110248,0.0,3.6212088100221815,0.0,0.6782971898697472,0.0,6.370567778354927,0.0,0.9634988287910621,0.0,""
"2026-09-29 14:15:16","git-master-bddc7a050319718b5e4e0856afec0bc9ea96418f","C:\Users\marco\Desktop\ds004507\derivatives\labels\sub-010\ses-headNormal\anat\sub-010_ses-headNormal_T2w_seg-manual.nii.gz","671","9","",54.780336428564695,0.0,0.9705452376041972,0.0,13.462317297699794,0.0,6.958890096723104,0.0,7.063235625035268,0.0,9.928261768776181,0.0,3.503210033541745,0.0,3.455680063181359,0.0,0.7026081556242969,0.0,4.124939679269817,0.0,0.936521665867567,0.0,""
"2026-09-29 14:15:16","git-master-bddc7a050319718b5e4e0856afec0bc9ea96418f","C:\Users\marco\Desktop\ds004507\derivatives\labels\sub-010\ses-headNormal\anat\sub-010_ses-headNormal_T2w_seg-manual.nii.gz","672","9","",55.87133433271367,0.0,0.9634689180217181,0.0,13.433784328283261,0.0,7.026547849327892,0.0,7.171628005938488,0.0,9.971659021497576,0.0,3.544655894112858,0.0,3.4818919552150343,0.0,0.6947349485316263,0.0,2.652885817009433,0.0,0.9613034749776957,0.0,""
"2026-09-29 14:15:16","git-master-bddc7a050319718b5e4e0856afec0bc9ea96418f","C:\Users\marco\Desktop\ds004507\derivatives\labels\sub-010\ses-headNormal\anat\sub-010_ses-headNormal_T2w_seg-manual.nii.gz","673","9","",55.86263367483034,0.0,0.9570666893185014,0.0,13.40563633148593,0.0,7.024624704891885,0.0,7.18017339642746,0.0,9.964535643534768,0.0,3.5194145351970754,0.0,3.505210169694809,0.0,0.6933608814680041,0.0,0.779756762706423,0.0,0.9656877173197022,0.0,""
"2026-09-29 14:15:16","git-master-bddc7a050319718b5e4e0856afec0bc9ea96418f","C:\Users\marco\Desktop\ds004507\derivatives\labels\sub-010\ses-headNormal\anat\sub-010_ses-headNormal_T2w_seg-manual.nii.gz","674","9","",54.933664362866296,0.0,0.9513385570704284,0.0,13.377873516098312,0.0,6.8989627727674705,0.0,7.057125495299141,0.0,9.982629175259056,0.0,3.4314281352485763,0.0,3.4675346375188942,0.0,0.706740693904925,0.0,-1.284356650252159,0.0,0.9519519243899663,0.0,""
"2026-09-29 14:15:16","git-master-bddc7a050319718b5e4e0856afec0bc9ea96418f","C:\Users\marco\Desktop\ds004507\derivatives\labels\sub-010\ses-headNormal\anat\sub-010_ses-headNormal_T2w_seg-manual.nii.gz","675","9","",54.41958730314007,0.0,0.9463266585183491,0.0,13.350520200512912,0.0,6.614616563792136,0.0,6.870460330019247,0.0,10.170555718149643,0.0,3.28858190121126,0.0,3.3260346625808768,0.0,0.737236623740277,0.0,-2.762554903936491,0.0,0.9482534691830895,0.0,""
"2026-09-29 14:15:16","git-master-bddc7a050319718b5e4e0856afec0bc9ea96418f","C:\Users\marco\Desktop\ds004507\derivatives\labels\sub-010\ses-headNormal\anat\sub-010_ses-headNormal_T2w_seg-manual.nii.gz","676","9","",55.67875892959317,0.0,0.9422416612786393,0.0,13.32369732030481,0.0,6.826510319931779,0.0,6.981536244019183,0.0,10.252728182291476,0.0,3.3937874813754343,0.0,3.4327228385563453,0.0,0.7323307892353722,0.0,-0.5153987180602222,0.0,0.9486622631726771,0.0,""
"2026-09-29 14:15:16","git-master-bddc7a050319718b5e4e0856afec0bc9ea96418f","C:\Users\marco\Desktop\ds004507\derivatives\labels\sub-010\ses-headNormal\anat\sub-010_ses-headNormal_T2w_seg-manual.nii.gz","677","9","",56.536067956334385,0.0,0.9388307798801054,0.0,13.297260540354216,0.0,6.995077243866085,0.0,7.087215343285258,0.0,10.26832636665393,0.0,3.513500818043255,0.0,3.48157642582283,0.0,0.7235483601814983,0.0,-0.935435741664145,0.0,0.9559972471846039,0.0,""
"2026-09-29 14:15:16","git-master-bddc7a050319718b5e4e0856afec0bc9ea96418f","C:\Users\marco\Desktop\ds004507\derivatives\labels\sub-010\ses-headNormal\anat\sub-010_ses-headNormal_T2w_seg-manual.nii.gz","678","9","",56.74538313713017,0.0,0.9360940170402284,0.0,13.271210053844971,0.0,7.017663199242737,0.0,7.128628839740677,0.0,10.274289490752292,0.0,3.543172830810753,0.0,3.474490368431984,0.0,0.7200855801405897,0.0,-2.059975132699711,0.0,0.9618135953175148,0.0,""
"2026-09-29 14:15:16","git-master-bddc7a050319718b5e4e0856afec0bc9ea96418f","C:\Users\marco\Desktop\ds004507\derivatives\labels\sub-010\ses-headNormal\anat\sub-010_ses-headNormal_T2w_seg-manual.nii.gz","679","9","",56.23530225277201,0.0,0.9340313752884366,0.0,13.245546052900163,0.0,6.828299232649597,0.0,7.062576249478453,0.0,10.332219184871652,0.0,3.4008910365665184,0.0,3.427408196083079,0.0,0.7297875783885496,0.0,-1.5568454130499163,0.0,0.9585277200471443,0.0,""
"2026-09-29 14:15:16","git-master-bddc7a050319718b5e4e0856afec0bc9ea96418f","C:\Users\marco\Desktop\ds004507\derivatives\labels\sub-010\ses-headNormal\anat\sub-010_ses-headNormal_T2w_seg-manual.nii.gz","680","9","",56.01402820043474,0.0,0.9328956541234235,0.0,13.220413900205264,0.0,6.548321662091892,0.0,6.866754863942891,0.0,10.571979578949467,0.0,3.260948927831198,0.0,3.287372734260694,0.0,0.7597958614697204,0.0,1.4121223501077564,0.0,0.9659055912089799,0.0,""
"2026-09-29 14:15:16","git-master-bddc7a050319718b5e4e0856afec0bc9ea96418f","C:\Users\marco\Desktop\ds004507\derivatives\labels\sub-010\ses-headNormal\anat\sub-010_ses-headNormal_T2w_seg-manual.nii.gz","681","9","",56.17563789277222,0.0,0.9324761915879826,0.0,13.195693067170268,0.0,6.476025126798472,0.0,6.814910106449077,0.0,10.669274531185689,0.0,3.1742058937858126,0.0,3.3018192330126594,0.0,0.7694129256845745,0.0,2.127767076540461,0.0,0.9656056160970409,0.0,""
"2026-09-29 14:15:16","git-master-bddc7a050319718b5e4e0856afec0bc9ea96418f","C:\Users\marco\Desktop\ds004507\derivatives\labels\sub-010\ses-headNormal\anat\sub-010_ses-headNormal_T2w_seg-manual.nii.gz","682","9","",56.231143640218676,0.0,0.932730854977775,0.0,13.171359556861578,0.0,6.441834475639426,0.0,6.759174932148165,0.0,10.7763535347226,0.0,3.1063837647759227,0.0,3.335450710863503,0.0,0.7785240838344156,0.0,1.8533683377972596,0.0,0.9592472138857456,0.0,""
"2026-09-29 14:15:16","git-master-bddc7a050319718b5e4e0856afec0bc9ea96418f","C:\Users\marco\Desktop\ds004507\derivatives\labels\sub-010\ses-headNormal\anat\sub-010_ses-headNormal_T2w_seg-manual.nii.gz","683","9","",55.796714147730306,0.0,0.9336596441607313,0.0,13.147413546239337,0.0,6.350230827552381,0.0,6.629418497004632,0.0,10.927176082694661,0.0,3.0384170323756696,0.0,3.311813795176711,0.0,0.7949323689988066,0.0,1.0872394637189986,0.0,0.950659840186799,0.0,""
"2026-09-29 14:15:16","git-master-bddc7a050319718b5e4e0856afec0bc9ea96418f","C:\Users\marco\Desktop\ds004507\derivatives\labels\sub-010\ses-headNormal\anat\sub-010_ses-headNormal_T2w_seg-manual.nii.gz","684","9","",54.18679105197236,0.0,0.9354310893620378,0.0,13.123952224152601,0.0,6.180882508059704,0.0,6.480303032777908,0.0,10.849050503328684,0.0,2.9682316818031795,0.0,3.2126508262565245,0.0,0.8019995467619754,0.0,-1.2692311385012478,0.0,0.956233847927169,0.0,""
"2026-09-29 14:15:16","git-master-bddc7a050319718b5e4e0856afec0bc9ea96418f","C:\Users\marco\Desktop\ds004507\derivatives\labels\sub-010\ses-headNormal\anat\sub-010_ses-headNormal_T2w_seg-manual.nii.gz","685","9","",54.1418919429822,0.0,0.9380030546140956,0.0,13.100951713512607,0.0,6.290662080959644,0.0,6.436033008759879,0.0,10.892473522744362,0.0,3.125994734594199,0.0,3.164667346365445,0.0,0.8067436958635316,0.0,0.06464598918018027,0.0,0.9468737197123843,0.0,""
"2026-09-29 14:15:16","git-master-bddc7a050319718b5e4e0856afec0bc9ea96418f","C:\Users\marco\Desktop\ds004507\derivatives\labels\sub-010\ses-headNormal\anat\sub-010_ses-headNormal_T2w_seg-manual.nii.gz","686","9","",55.276525494126254,0.0,0.9412491389038704,0.0,13.078339474216405,0.0,6.411091209079064,0.0,6.507784724412469,0.0,10.983775994195454,0.0,3.200119050992329,0.0,3.210972158086735,0.0,0.8055756339317486,0.0,0.6323141715866516,0.0,0.9458308070540239,0.0,""
"2026-09-29 14:15:16","git-master-bddc7a050319718b5e4e0856afec0bc9ea96418f","C:\Users\marco\Desktop\ds004507\derivatives\labels\sub-010\ses-headNormal\anat\sub-010_ses-headNormal_T2w_seg-manual.nii.gz","687","9","",56.65869117451252,0.0,0.9451693394273429,0.0,13.056115668446367,0.0,6.437599138244488,0.0,6.602006493734864,0.0,11.096401312012922,0.0,3.1489683071328494,0.0,3.2886308311116386,0.0,0.8036416080343782,0.0,-0.3108935363570095,0.0,0.9515306762079103,0.0,""
"2026-09-29 14:15:16","git-master-bddc7a050319718b5e4e0856afec0bc9ea96418f","C:\Users\marco\Desktop\ds004507\derivatives\labels\sub-010\ses-headNormal\anat\sub-010_ses-headNormal_T2w_seg-manual.nii.gz","688","9","",56.1267945641142,0.0,0.9498479163397625,0.0,13.03432907062533,0.0,6.284767649455578,0.0,6.467088705395272,0.0,11.212230974712375,0.0,3.081199330358185,0.0,3.203568319097393,0.0,0.8168465146744213,0.0,-1.6009444020119532,0.0,0.9436824540966328,0.0,""
"2026-09-29 14:15:16","git-master-bddc7a050319718b5e4e0856afec0bc9ea96418f","C:\Users\marco\Desktop\ds004507\derivatives\labels\sub-010\ses-headNormal\anat\sub-010_ses-headNormal_T2w_seg-manual.nii.gz","689","9","",56.33157123659338,0.0,0.955411256254579,0.0,13.01305291198143,0.0,6.187717912071323,0.0,6.50330554274139,0.0,11.209370058360086,0.0,3.1043789081349025,0.0,3.08333900393642,0.0,0.8144862030147082,0.0,-0.17790474586459903,0.0,0.944766799534961,0.0,""
"2026-09-29 14:15:16","git-master-bddc7a050319718b5e4e0856afec0bc9ea96418f","C:\Users\marco\Desktop\ds004507\derivatives\labels\sub-010\ses-headNormal\anat\sub-010_ses-headNormal_T2w_seg-manual.nii.gz","690","9","",56.27974396720588,0.0,0.9616486936190267,0.0,12.992165894594127,0.0,6.273791139723346,0.0,6.533863778853302,0.0,11.134524279717256,0.0,3.1963080363903447,0.0,3.0774831033330017,0.0,0.8096779367618536,0.0,1.026780700126757,0.0,0.9500494336436569,0.0,""
"2026-09-29 14:15:16","git-master-bddc7a050319718b5e4e0856afec0bc9ea96418f","C:\Users\marco\Desktop\ds004507\derivatives\labels\sub-010\ses-headNormal\anat\sub-010_ses-headNormal_T2w_seg-manual.nii.gz","691","9","",56.84287237556941,0.0,0.9685602227641469,0.0,12.971668166229623,0.0,6.435063151834345,0.0,6.5682180335923706,0.0,11.13765203452313,0.0,3.264730719451866,0.0,3.170332432382478,0.0,0.8075437125531858,0.0,1.217706051336589,0.0,0.9551921332603388,0.0,""
"2026-09-29 14:15:16","git-master-bddc7a050319718b5e4e0856afec0bc9ea96418f","C:\Users\marco\Desktop\ds004507\derivatives\labels\sub-010\ses-headNormal\anat\sub-010_ses-headNormal_T2w_seg-manual.nii.gz","692","9","",59.29175575663172,0.0,0.9761458378146554,0.0,12.95155987366994,0.0,6.5069456499656795,0.0,6.643512450601534,0.0,11.408168923508974,0.0,3.191132131799559,0.0,3.315813518166121,0.0,0.8129403559806623,0.0,-0.20801305035029052,0.0,0.9550961072524633,0.0,""
"2026-09-29 14:15:16","git-master-bddc7a050319718b5e4e0856afec0bc9ea96418f","C:\Users\marco\Desktop\ds004507\derivatives\labels\sub-010\ses-headNormal\anat\sub-010_ses-headNormal_T2w_seg-manual.nii.gz","693","8","",57.140752959026216,0.0,0.9873040065828811,0.0,12.926062332736123,0.0,6.504728138934663,0.0,6.745435503951521,0.0,10.827989374607544,0.0,3.1099435376089386,0.0,3.394784601325725,0.0,0.7822513939946505,0.0,0.7172245782809483,0.0,0.936523598092419,0.0,""
"2026-09-29 14:15:16","git-master-bddc7a050319718b5e4e0856afec0bc9ea96418f","C:\Users\marco\Desktop\ds004507\derivatives\labels\sub-010\ses-headNormal\anat\sub-010_ses-headNormal_T2w_seg-manual.nii.gz","694","8","",60.57962212021528,0.0,0.9958811231329997,0.0,12.908961713468578,0.0,6.501785642724489,0.0,6.629539996001085,0.0,11.695237296433534,0.0,3.293796972088941,0.0,3.2079886706355474,0.0,0.821349670728909,0.0,0.6549204547570677,0.0,0.9329699775026465,0.0,""
"2026-09-29 14:15:16","git-master-bddc7a050319718b5e4e0856afec0bc9ea96418f","C:\Users\marco\Desktop\ds004507\derivatives\labels\sub-010\ses-headNormal\anat\sub-010_ses-headNormal_T2w_seg-manual.nii.gz","695","8","",60.92204667042735,0.0,1.0049396996448647,0.0,12.892139788465899,0.0,6.503600343454241,0.0,6.576516094323154,0.0,11.84369890315846,0.0,3.3866699616902927,0.0,3.116930381763948,0.0,0.8312345086790609,0.0,0.006514770390540048,0.0,0.9396464762798203,0.0,""
"2026-09-29 14:15:16","git-master-bddc7a050319718b5e4e0856afec0bc9ea96418f","C:\Users\marco\Desktop\ds004507\derivatives\labels\sub-010\ses-headNormal\anat\sub-010_ses-headNormal_T2w_seg-manual.nii.gz","696","8","",59.097909491526345,0.0,1.0144797337322768,0.0,12.875596588533583,0.0,6.515064923772011,0.0,6.58229848381315,0.0,11.46512826249743,0.0,3.396409045208611,0.0,3.1186558785633998,0.0,0.8187754080599173,0.0,-0.8243238393183727,0.0,0.9529533999406565,0.0,""
"2026-09-29 14:15:16","git-master-bddc7a050319718b5e4e0856afec0bc9ea96418f","C:\Users\marco\Desktop\ds004507\derivatives\labels\sub-010\ses-headNormal\anat\sub-010_ses-headNormal_T2w_seg-manual.nii.gz","697","8","",60.301034795941746,0.0,1.0248021195771317,0.0,12.859506533762632,0.0,6.576663198733949,0.0,6.655014502589591,0.0,11.580398446661462,0.0,3.3263082420278023,0.0,3.2503549567061465,0.0,0.8183801379449627,0.0,0.8908840222723506,0.0,0.9516869153843184,0.0,""
"2026-09-29 14:15:16","git-master-bddc7a050319718b5e4e0856afec0bc9ea96418f","C:\Users\marco\Desktop\ds004507\derivatives\labels\sub-010\ses-headNormal\anat\sub-010_ses-headNormal_T2w_seg-manual.nii.gz","698","8","",61.6942219081539,0.0,1.0352060375205545,0.0,12.843189114961278,0.0,6.530550703856381,0.0,6.64297286991593,0.0,11.885848573850991,0.0,3.224545950363654,0.0,3.3060047534927266,0.0,0.8286963984569121,0.0,1.9400138355811092,0.0,0.9560456957530018,0.0,""
"2026-09-29 14:15:16","git-master-bddc7a050319718b5e4e0856afec0bc9ea96418f","C:\Users\marco\Desktop\ds004507\derivatives\labels\sub-010\ses-headNormal\anat\sub-010_ses-headNormal_T2w_seg-manual.nii.gz","699","8","",62.97559808020785,0.0,1.0455238240402565,0.0,12.826503725757476,0.0,6.504487795608647,0.0,6.633687848789102,0.0,12.170066099699675,0.0,3.168936109420744,0.0,3.3355516861879027,0.0,0.8382129236692798,0.0,2.3297719340563368,0.0,0.9602609558269741,0.0,""
"2026-09-29 14:15:16","git-master-bddc7a050319718b5e4e0856afec0bc9ea96418f","C:\Users\marco\Desktop\ds004507\derivatives\labels\sub-010\ses-headNormal\anat\sub-010_ses-headNormal_T2w_seg-manual.nii.gz","700","8","",63.44490761504787,0.0,1.0553469455175313,0.0,12.80886650024774,0.0,6.772592838416383,0.0,6.8059721178332415,0.0,11.98919561079561,0.0,3.3541224379194956,0.0,3.418470400496888,0.0,0.8230528140561636,0.0,1.5357801353613811,0.0,0.9525768360628443,0.0,""
"2026-09-29 14:15:16","git-master-bddc7a050319718b5e4e0856afec0bc9ea96418f","C:\Users\marco\Desktop\ds004507\derivatives\labels\sub-010\ses-headNormal\anat\sub-010_ses-headNormal_T2w_seg-manual.nii.gz","701","8","",63.74170273405202,0.0,1.0646969211297013,0.0,12.790318274549724,0.0,6.850872207826244,0.0,6.900820498664081,0.0,11.918755772405783,0.0,3.414653242018621,0.0,3.436218965807624,0.0,0.8152995645959148,0.0,-0.031274288673322825,0.0,0.9508959833198694,0.0,""
"2026-09-29 14:15:16","git-master-bddc7a050319718b5e4e0856afec0bc9ea96418f","C:\Users\marco\Desktop\ds004507\derivatives\labels\sub-010\ses-headNormal\anat\sub-010_ses-headNormal_T2w_seg-manual.nii.gz","702","8","",63.994422428140886,0.0,1.0737027953643046,0.0,12.771107264526409,0.0,6.787948071786804,0.0,6.903956874525923,0.0,11.99072736399311,0.0,3.388673772862103,0.0,3.3992742989247002,0.0,0.8172146274232209,0.0,-1.0686666370409685,0.0,0.9553870872737265,0.0,""
"2026-09-29 14:15:16","git-master-bddc7a050319718b5e4e0856afec0bc9ea96418f","C:\Users\marco\Desktop\ds004507\derivatives\labels\sub-010\ses-headNormal\anat\sub-010_ses-headNormal_T2w_seg-manual.nii.gz","703","8","",64.2711766235141,0.0,1.0822785474523693,0.0,12.751067541994141,0.0,6.545458541191856,0.0,6.758041443132724,0.0,12.301086521832728,0.0,3.258589521803892,0.0,3.286869019387964,0.0,0.8353776548218543,0.0,-0.38242221348401095,0.0,0.9693489162964943,0.0,""
"2026-09-29 14:15:16","git-master-bddc7a050319718b5e4e0856afec0bc9ea96418f","C:\Users\marco\Desktop\ds004507\derivatives\labels\sub-010\ses-headNormal\anat\sub-010_ses-headNormal_T2w_seg-manual.nii.gz","704","8","",64.73684718272453,0.0,1.0903166593052902,0.0,12.729991225715944,0.0,6.5125186152073855,0.0,6.785678420298324,0.0,12.341038334319377,0.0,3.1885883471837206,0.0,3.323930268023664,0.0,0.8352559048707635,0.0,0.13601076536162943,0.0,0.9718827872927215,0.0,""
"2026-09-29 14:15:16","git-master-bddc7a050319718b5e4e0856afec0bc9ea96418f","C:\Users\marco\Desktop\ds004507\derivatives\labels\sub-010\ses-headNormal\anat\sub-010_ses-headNormal_T2w_seg-manual.nii.gz","705","8","",65.8229448362986,0.0,1.0980106870565316,0.0,12.708251132962925,0.0,6.626608367470199,0.0,6.851731446123183,0.0,12.43083930319811,0.0,3.2414394475981787,0.0,3.38516891987202,0.0,0.8343605635396387,0.0,0.01687430013537078,0.0,0.9665380572559203,0.0,""
"2026-09-29 14:15:16","git-master-bddc7a050319718b5e4e0856afec0bc9ea96418f","C:\Users\marco\Desktop\ds004507\derivatives\labels\sub-010\ses-headNormal\anat\sub-010_ses-headNormal_T2w_seg-manual.nii.gz","706","8","",67.74515983108469,0.0,1.10533912745036,0.0,12.68580565145299,0.0,6.901492253538291,0.0,6.932868661608665,0.0,12.652552241912305,0.0,3.4547124403190717,0.0,3.4467798132192193,0.0,0.8365138506194032,0.0,-0.9674482833915132,0.0,0.9526223129083452,0.0,""
"2026-09-29 14:15:16","git-master-bddc7a050319718b5e4e0856afec0bc9ea96418f","C:\Users\marco\Desktop\ds004507\derivatives\labels\sub-010\ses-headNormal\anat\sub-010_ses-headNormal_T2w_seg-manual.nii.gz","707","8","",68.5123064913475,0.0,1.1120654363235294,0.0,12.662197477575376,0.0,6.88008120697081,0.0,6.928379663336379,0.0,12.80498310104466,0.0,3.4637800719124527,0.0,3.4163011350583568,0.0,0.8409346629177576,0.0,0.3023778455819286,0.0,0.9515716609723863,0.0,""
"2026-09-29 14:15:16","git-master-bddc7a050319718b5e4e0856afec0bc9ea96418f","C:\Users\marco\Desktop\ds004507\derivatives\labels\sub-010\ses-headNormal\anat\sub-010_ses-headNormal_T2w_seg-manual.nii.gz","708","8","",68.48861969448585,0.0,1.1184476761979405,0.0,12.637924415798574,0.0,6.73990357770253,0.0,6.890789094149354,0.0,12.871768587223517,0.0,3.398292972888657,0.0,3.341610604813873,0.0,0.8446284146904255,0.0,0.7737751075432557,0.0,0.9557691928753277,0.0,""
"2026-09-29 14:15:16","git-master-bddc7a050319718b5e4e0856afec0bc9ea96418f","C:\Users\marco\Desktop\ds004507\derivatives\labels\sub-010\ses-headNormal\anat\sub-010_ses-headNormal_T2w_seg-manual.nii.gz","709","8","",67.87960454759872,0.0,1.1244858482391067,0.0,12.612986364617,0.0,6.514929199872202,0.0,6.829854413709581,0.0,12.872933484211591,0.0,3.2790444430282726,0.0,3.235884756843929,0.0,0.8476397662615586,0.0,0.41376951852144417,0.0,0.9638206084169813,0.0,""
"2026-09-29 14:15:16","git-master-bddc7a050319718b5e4e0856afec0bc9ea96418f","C:\Users\marco\Desktop\ds004507\derivatives\labels\sub-010\ses-headNormal\anat\sub-010_ses-headNormal_T2w_seg-manual.nii.gz","710","8","",68.81337748460051,0.0,1.129943414731532,0.0,12.58692533243531,0.0,6.508324938798249,0.0,6.832322228692437,0.0,13.036175190526325,0.0,3.28151379014299,0.0,3.2268111486552593,0.0,0.8516200640839918,0.0,-0.09560391379494115,0.0,0.9635616282963326,0.0,""
"2026-09-29 14:15:16","git-master-bddc7a050319718b5e4e0856afec0bc9ea96418f","C:\Users\marco\Desktop\ds004507\derivatives\labels\sub-010\ses-headNormal\anat\sub-010_ses-headNormal_T2w_seg-manual.nii.gz","711","8","",68.53597001212357,0.0,1.135013917035105,0.0,12.56011500094852,0.0,6.476208758512605,0.0,6.779855280171055,0.0,13.09215833020439,0.0,3.2422403254923156,0.0,3.2339684330202894,0.0,0.855453366195043,0.0,-0.28729486877446325,0.0,0.9614550860724819,0.0,""
"2026-09-29 14:15:16","git-master-bddc7a050319718b5e4e0856afec0bc9ea96418f","C:\Users\marco\Desktop\ds004507\derivatives\labels\sub-010\ses-headNormal\anat\sub-010_ses-headNormal_T2w_seg-manual.nii.gz","712","8","",67.77961855407037,0.0,1.1397403638187655,0.0,12.532638438961008,0.0,6.429954333459921,0.0,6.701638436083439,0.0,13.10949876550747,0.0,3.178708688135751,0.0,3.25124564532417,0.0,0.8594331606853237,0.0,-0.23562661263713772,0.0,0.9586975589581388,0.0,""
"2026-09-29 14:15:16","git-master-bddc7a050319718b5e4e0856afec0bc9ea96418f","C:\Users\marco\Desktop\ds004507\derivatives\labels\sub-010\ses-headNormal\anat\sub-010_ses-headNormal_T2w_seg-manual.nii.gz","713","8","",68.27713183305522,0.0,1.1439507323941476,0.0,12.504161915198342,0.0,6.390671296546407,0.0,6.660964066223666,0.0,13.255979348611536,0.0,3.121183402969396,0.0,3.2694878935770113,0.0,0.8645473060159607,0.0,0.052297256672919734,0.0,0.9582348198721579,0.0,""
"2026-09-29 14:15:16","git-master-bddc7a050319718b5e4e0856afec0bc9ea96418f","C:\Users\marco\Desktop\ds004507\derivatives\labels\sub-010\ses-headNormal\anat\sub-010_ses-headNormal_T2w_seg-manual.nii.gz","714","8","",69.64407959983174,0.0,1.1477095382142513,0.0,12.474809610154855,0.0,6.467781603319226,0.0,6.702947154527328,0.0,13.37976673351672,0.0,3.2177110303787297,0.0,3.250070572940496,0.0,0.8654634732032739,0.0,0.05082770654567867,0.0,0.9422204471400881,0.0,""
"2026-09-29 14:15:16","git-master-bddc7a050319718b5e4e0856afec0bc9ea96418f","C:\Users\marco\Desktop\ds004507\derivatives\labels\sub-010\ses-headNormal\anat\sub-010_ses-headNormal_T2w_seg-manual.nii.gz","715","8","",71.15285460871107,0.0,1.1511242980785164,0.0,12.444789721307593,0.0,6.545200133942622,0.0,6.761280023589172,0.0,13.499606628801864,0.0,3.3288087870354284,0.0,3.2163913469071934,0.0,0.8655245649170091,0.0,0.047877838293892694,0.0,0.935222951952058,0.0,""
"2026-09-29 14:15:16","git-master-bddc7a050319718b5e4e0856afec0bc9ea96418f","C:\Users\marco\Desktop\ds004507\derivatives\labels\sub-010\ses-headNormal\anat\sub-010_ses-headNormal_T2w_seg-manual.nii.gz","716","8","",72.16449164031854,0.0,1.1540875000639834,0.0,12.413893206256235,0.0,6.507034408487451,0.0,6.779873608977809,0.0,13.631777562033287,0.0,3.324100220390768,0.0,3.1829341880966835,0.0,0.8675390616559263,0.0,0.3304355544024751,0.0,0.9674463939632203,0.0,""
"2026-09-29 14:15:16","git-master-bddc7a050319718b5e4e0856afec0bc9ea96418f","C:\Users\marco\Desktop\ds004507\derivatives\labels\sub-010\ses-headNormal\anat\sub-010_ses-headNormal_T2w_seg-manual.nii.gz","717","8","",71.73821407843582,0.0,1.156534640538435,0.0,12.381993833149776,0.0,6.505801184804706,0.0,6.788833716606497,0.0,13.614369569481056,0.0,3.2814076568396344,0.0,3.2243935279650713,0.0,0.8667977518002077,0.0,1.662473560735789,0.0,0.9676305214959611,0.0,""
"2026-09-29 14:15:16","git-master-bddc7a050319718b5e4e0856afec0bc9ea96418f","C:\Users\marco\Desktop\ds004507\derivatives\labels\sub-010\ses-headNormal\anat\sub-010_ses-headNormal_T2w_seg-manual.nii.gz","718","8","",71.47716891193721,0.0,1.1586377416926614,0.0,12.349425414631444,0.0,6.508551106030884,0.0,6.7653201172547375,0.0,13.628599557593889,0.0,3.227335549203941,0.0,3.281215556826944,0.0,0.8680429601346797,0.0,2.3325780539244945,0.0,0.9641278171335742,0.0,""
"2026-09-29 14:15:16","git-master-bddc7a050319718b5e4e0856afec0bc9ea96418f","C:\Users\marco\Desktop\ds004507\derivatives\labels\sub-010\ses-headNormal\anat\sub-010_ses-headNormal_T2w_seg-manual.nii.gz","719","8","",71.97670218566613,0.0,1.160353799474366,0.0,12.316104077957922,0.0,6.5052282751401584,0.0,6.691951864807683,0.0,13.745593602403076,0.0,3.1675914592843553,0.0,3.3376368158558027,0.0,0.873478314119453,0.0,1.5617412448454144,0.0,0.9655146086968042,0.0,""
"2026-09-29 14:15:16","git-master-bddc7a050319718b5e4e0856afec0bc9ea96418f","C:\Users\marco\Desktop\ds004507\derivatives\labels\sub-010\ses-headNormal\anat\sub-010_ses-headNormal_T2w_seg-manual.nii.gz","720","8","",72.22616978054407,0.0,1.161489295247585,0.0,12.28165216542498,0.0,6.521534985963257,0.0,6.779372888315635,0.0,13.64408872500889,0.0,3.1242630550960584,0.0,3.3972719308671975,0.0,0.8677473311617848,0.0,-0.7206054958868864,0.0,0.9525762154426217,0.0,""
"2026-09-29 14:15:16","git-master-bddc7a050319718b5e4e0856afec0bc9ea96418f","C:\Users\marco\Desktop\ds004507\derivatives\labels\sub-010\ses-headNormal\anat\sub-010_ses-headNormal_T2w_seg-manual.nii.gz","721","8","",72.7052139991436,0.0,1.1622807552848984,0.0,12.246529641868037,0.0,6.649893132203289,0.0,6.840542622260802,0.0,13.617892466107753,0.0,3.1722603195382524,0.0,3.4776328126650364,0.0,0.8646795427735025,0.0,-1.8017214416253187,0.0,0.948585748968284,0.0,""
"2026-09-29 14:15:16","git-master-bddc7a050319718b5e4e0856afec0bc9ea96418f","C:\Users\marco\Desktop\ds004507\derivatives\labels\sub-010\ses-headNormal\anat\sub-010_ses-headNormal_T2w_seg-manual.nii.gz","722","8","",73.42475938002309,0.0,1.1627281797615836,0.0,12.210736368811933,0.0,6.882798764888679,0.0,6.858831284515463,0.0,13.690539498139923,0.0,3.308947602681164,0.0,3.5738511622075153,0.0,0.8654500972462259,0.0,-1.4388304605232647,0.0,0.9548675967863258,0.0,""
"2026-09-29 14:15:16","git-master-bddc7a050319718b5e4e0856afec0bc9ea96418f","C:\Users\marco\Desktop\ds004507\derivatives\labels\sub-010\ses-headNormal\anat\sub-010_ses-headNormal_T2w_seg-manual.nii.gz","723","8","",73.4353370845362,0.0,1.1625735428212274,0.0,12.173768049700666,0.0,6.7251121593445715,0.0,6.821298128441727,0.0,13.785986961061237,0.0,3.2256646521545553,0.0,3.499447507190016,0.0,0.8689843326512221,0.0,-0.03958033693318641,0.0,0.9485026973569595,0.0,""
"2026-09-29 14:15:16","git-master-bddc7a050319718b5e4e0856afec0bc9ea96418f","C:\Users\marco\Desktop\ds004507\derivatives\labels\sub-010\ses-headNormal\anat\sub-010_ses-headNormal_T2w_seg-manual.nii.gz","724","8","",72.59843752932355,0.0,1.1620533684180432,0.0,12.136085488729867,0.0,6.600183108041695,0.0,6.740208225911589,0.0,13.773267620484084,0.0,3.166447483232465,0.0,3.4337356248092306,0.0,0.8720766257234263,0.0,0.9526982785030331,0.0,0.9537742953490127,0.0,""
"2026-09-29 14:15:16","git-master-bddc7a050319718b5e4e0856afec0bc9ea96418f","C:\Users\marco\Desktop\ds004507\derivatives\labels\sub-010\ses-headNormal\anat\sub-010_ses-headNormal_T2w_seg-manual.nii.gz","725","8","",71.76512431388028,0.0,1.1611891585499987,0.0,12.097730501986785,0.0,6.539821124991694,0.0,6.663761752395075,0.0,13.72829476603583,0.0,3.1498315126767285,0.0,3.3899896123149653,0.0,0.8742934788659544,0.0,1.3840127937699547,0.0,0.9638859172642643,0.0,""
"2026-09-29 14:15:16","git-master-bddc7a050319718b5e4e0856afec0bc9ea96418f","C:\Users\marco\Desktop\ds004507\derivatives\labels\sub-010\ses-headNormal\anat\sub-010_ses-headNormal_T2w_seg-manual.nii.gz","726","8","",74.69309598549182,0.0,1.159787392303759,0.0,12.0583239211943,0.0,6.738484696869665,0.0,6.808498826933145,0.0,13.95894393591584,0.0,3.293300466008418,0.0,3.445184230861247,0.0,0.8729885780338561,0.0,0.10476421895167132,0.0,0.9529102000755961,0.0,""
"2026-09-29 14:15:16","git-master-bddc7a050319718b5e4e0856afec0bc9ea96418f","C:\Users\marco\Desktop\ds004507\derivatives\labels\sub-010\ses-headNormal\anat\sub-010_ses-headNormal_T2w_seg-manual.nii.gz","727","8","",76.45519447014058,0.0,1.1579555791062768,0.0,12.018075050360352,0.0,6.7988830867933405,0.0,6.8291642690528285,0.0,14.18650828413099,0.0,3.324419452545173,0.0,3.474463634248167,0.0,0.8764231324553451,0.0,-1.8145342713722803,0.0,0.9487121976584103,0.0,""
"2026-09-29 14:15:16","git-master-bddc7a050319718b5e4e0856afec0bc9ea96418f","C:\Users\marco\Desktop\ds004507\derivatives\labels\sub-010\ses-headNormal\anat\sub-010_ses-headNormal_T2w_seg-manual.nii.gz","728","8","",76.62772929578374,0.0,1.1557797274162631,0.0,11.977151984118409,0.0,6.761285499391455,0.0,6.766152484553116,0.0,14.292236461409354,0.0,3.2967265075832595,0.0,3.464558991808196,0.0,0.8808438155008312,0.0,-3.0551888781953664,0.0,0.9478404772446378,0.0,""
"2026-09-29 14:15:16","git-master-bddc7a050319718b5e4e0856afec0bc9ea96418f","C:\Users\marco\Desktop\ds004507\derivatives\labels\sub-010\ses-headNormal\anat\sub-010_ses-headNormal_T2w_seg-manual.nii.gz","729","8","",73.45337041468524,0.0,1.1531308211521947,0.0,11.935301256795679,0.0,6.611247026301737,0.0,6.61562786795559,0.0,14.01941377781239,0.0,3.243091016664078,0.0,3.368156009637659,0.0,0.8816608160773781,0.0,-1.2577492563719752,0.0,0.9478371608076401,0.0,""
"2026-09-29 14:15:16","git-master-bddc7a050319718b5e4e0856afec0bc9ea96418f","C:\Users\marco\Desktop\ds004507\derivatives\labels\sub-010\ses-headNormal\anat\sub-010_ses-headNormal_T2w_seg-manual.nii.gz","730","8","",75.13993606113682,0.0,1.1499873538498477,0.0,11.892479481933957,0.0,6.521819062406242,0.0,6.791267521403136,0.0,14.113757805675537,0.0,3.139103039297284,0.0,3.3827160231089577,0.0,0.8766119926707422,0.0,-0.41430584062414555,0.0,0.9472157756444662,0.0,""
"2026-09-29 14:15:16","git-master-bddc7a050319718b5e4e0856afec0bc9ea96418f","C:\Users\marco\Desktop\ds004507\derivatives\labels\sub-010\ses-headNormal\anat\sub-010_ses-headNormal_T2w_seg-manual.nii.gz","731","8","",76.82646850043106,0.0,1.1464998419596713,0.0,11.848981654309776,0.0,6.4998863800112385,0.0,6.954804745940214,0.0,14.179737344609437,0.0,3.0702029777276985,0.0,3.42968340228354,0.0,0.8714383288395737,0.0,0.19666521724222336,0.0,0.9466301532393354,0.0,""
"2026-09-29 14:15:16","git-master-bddc7a050319718b5e4e0856afec0bc9ea96418f","C:\Users\marco\Desktop\ds004507\derivatives\labels\sub-010\ses-headNormal\anat\sub-010_ses-headNormal_T2w_seg-manual.nii.gz","732","8","",76.1036100368189,0.0,1.1426037756063743,0.0,11.804680628260598,0.0,6.5761530018230765,0.0,6.933683326046808,0.0,14.009837375854067,0.0,3.0929272755424937,0.0,3.4832257262805832,0.0,0.8689348766108493,0.0,0.8387890885799562,0.0,0.9464188271822433,0.0,""
"2026-09-29 14:15:16","git-master-bddc7a050319718b5e4e0856afec0bc9ea96418f","C:\Users\marco\Desktop\ds004507\derivatives\labels\sub-010\ses-headNormal\anat\sub-010_ses-headNormal_T2w_seg-manual.nii.gz","733","8","",77.14065419224073,0.0,1.1381486281922442,0.0,11.759279053317014,0.0,6.617112881226736,0.0,6.915839434413976,0.0,14.183998429402555,0.0,3.0812785794742545,0.0,3.535834301752481,0.0,0.8730144298312863,0.0,-0.4575452464801515,0.0,0.9459083921390244,0.0,""
"2026-09-29 14:15:16","git-master-bddc7a050319718b5e4e0856afec0bc9ea96418f","C:\Users\marco\Desktop\ds004507\derivatives\labels\sub-010\ses-headNormal\anat\sub-010_ses-headNormal_T2w_seg-manual.nii.gz","734","8","",77.61105577763914,0.0,1.13334942713952,0.0,11.713199486632242,0.0,6.6371275344735094,0.0,6.877170400663104,0.0,14.364731586060456,0.0,3.090422595565002,0.0,3.5467049389085075,0.0,0.8778999513883191,0.0,-1.5264669438570893,0.0,0.9461224603283087,0.0,""
"2026-09-29 14:15:16","git-master-bddc7a050319718b5e4e0856afec0bc9ea96418f","C:\Users\marco\Desktop\ds004507\derivatives\labels\sub-010\ses-headNormal\anat\sub-010_ses-headNormal_T2w_seg-manual.nii.gz","735","8","",77.13412412385594,0.0,1.128206171581662,0.0,11.666441759540946,0.0,6.63637742308812,0.0,6.812404974966634,0.0,14.504692748111644,0.0,3.1300390139176546,0.0,3.506338409170465,0.0,0.8828425692958374,0.0,-2.0402121584432122,0.0,0.9472707018195321,0.0,""
"2026-09-29 14:15:16","git-master-bddc7a050319718b5e4e0856afec0bc9ea96418f","C:\Users\marco\Desktop\ds004507\derivatives\labels\sub-010\ses-headNormal\anat\sub-010_ses-headNormal_T2w_seg-manual.nii.gz","736","7","",77.509588061231,0.0,1.119854161966679,0.0,11.596941098556552,0.0,6.5177943791580475,0.0,6.824448887619456,0.0,14.602197131593947,0.0,3.244076422891024,0.0,3.2737179562670238,0.0,0.8840683256938752,0.0,1.0402354473818778,0.0,0.9393680614859095,0.0,""
"2026-09-29 14:15:16","git-master-bddc7a050319718b5e4e0856afec0bc9ea96418f","C:\Users\marco\Desktop\ds004507\derivatives\labels\sub-010\ses-headNormal\anat\sub-010_ses-headNormal_T2w_seg-manual.nii.gz","737","7","",76.68398669109122,0.0,1.112281740747368,0.0,11.538616454417028,0.0,6.526482215842732,0.0,6.918079010751512,0.0,14.273279579937672,0.0,3.145430463847989,0.0,3.3810517519947427,0.0,0.8745880350919034,0.0,1.8364878974832024,0.0,0.9653665766913744,0.0,""
"2026-09-29 14:15:16","git-master-bddc7a050319718b5e4e0856afec0bc9ea96418f","C:\Users\marco\Desktop\ds004507\derivatives\labels\sub-010\ses-headNormal\anat\sub-010_ses-headNormal_T2w_seg-manual.nii.gz","738","7","",76.96677688748123,0.0,1.1041345632573565,0.0,11.47915431386334,0.0,6.527694271686428,0.0,6.883515938378096,0.0,14.398653144178185,0.0,3.0746168063093635,0.0,3.453077465377065,0.0,0.8782319351231676,0.0,1.4188977867258332,0.0,0.9735897473142182,0.0,""
"2026-09-29 14:15:16","git-master-bddc7a050319718b5e4e0856afec0bc9ea96418f","C:\Users\marco\Desktop\ds004507\derivatives\labels\sub-010\ses-headNormal\anat\sub-010_ses-headNormal_T2w_seg-manual.nii.gz","739","7","",76.5956201891433,0.0,1.0954126213629758,0.0,11.41855353383008,0.0,6.525979528832815,0.0,6.839664138188573,0.0,14.414232466778387,0.0,3.0136631734556785,0.0,3.5123163553771373,0.0,0.8802359527014956,0.0,0.8648693761510304,0.0,0.9730686466787926,0.0,""
"2026-09-29 14:15:16","git-master-bddc7a050319718b5e4e0856afec0bc9ea96418f","C:\Users\marco\Desktop\ds004507\derivatives\labels\sub-010\ses-headNormal\anat\sub-010_ses-headNormal_T2w_seg-manual.nii.gz","740","7","",75.82656757523118,0.0,1.0861159065846513,0.0,11.356812962087021,0.0,6.464942737454822,0.0,6.784031220191255,0.0,14.380204256341417,0.0,2.994905300692703,0.0,3.47003743676212,0.0,0.8816210663207639,0.0,0.38857557351005284,0.0,0.9612027607950225,0.0,""
"2026-09-29 14:15:16","git-master-bddc7a050319718b5e4e0856afec0bc9ea96418f","C:\Users\marco\Desktop\ds004507\derivatives\labels\sub-010\ses-headNormal\anat\sub-010_ses-headNormal_T2w_seg-manual.nii.gz","741","7","",75.82136553578356,0.0,1.0762444101043938,0.0,11.2939314374229,0.0,6.296516470958329,0.0,6.677599378105956,0.0,14.617176113628387,0.0,3.0444870187272537,0.0,3.2520294522310746,0.0,0.8895509663073613,0.0,-0.14619201203549173,0.0,0.9368250479281955,0.0,""
"2026-09-29 14:15:16","git-master-bddc7a050319718b5e4e0856afec0bc9ea96418f","C:\Users\marco\Desktop\ds004507\derivatives\labels\sub-010\ses-headNormal\anat\sub-010_ses-headNormal_T2w_seg-manual.nii.gz","742","7","",75.8692361882696,0.0,1.0657160075658338,0.0,11.229744358294502,0.0,6.208004155082515,0.0,6.703199141472514,0.0,14.749095238740203,0.0,2.9900749150131873,0.0,3.217929240069328,0.0,0.8907540851498449,0.0,0.3002818257184472,0.0,0.9469495855381611,0.0,""
"2026-09-29 14:15:16","git-master-bddc7a050319718b5e4e0856afec0bc9ea96418f","C:\Users\marco\Desktop\ds004507\derivatives\labels\sub-010\ses-headNormal\anat\sub-010_ses-headNormal_T2w_seg-manual.nii.gz","743","7","",77.18620060090014,0.0,1.0545306833725234,0.0,11.164249826933613,0.0,6.380102586018507,0.0,6.796023032741354,0.0,14.79322454733177,0.0,3.036934507729613,0.0,3.343168078288894,0.0,0.888223799958458,0.0,2.12866452012666,0.0,0.9486012985779821,0.0,""
"2026-09-29 14:15:16","git-master-bddc7a050319718b5e4e0856afec0bc9ea96418f","C:\Users\marco\Desktop\ds004507\derivatives\labels\sub-010\ses-headNormal\anat\sub-010_ses-headNormal_T2w_seg-manual.nii.gz","744","7","",78.53727750704299,0.0,1.0427705404880054,0.0,11.09760983662229,0.0,6.497779488948337,0.0,6.829260192983178,0.0,14.94445199583568,0.0,3.0670592215550663,0.0,3.430720267393271,0.0,0.8894504070147703,0.0,1.9117947182895954,0.0,0.9525192127834977,0.0,""
"2026-09-29 14:15:16","git-master-bddc7a050319718b5e4e0856afec0bc9ea96418f","C:\Users\marco\Desktop\ds004507\derivatives\labels\sub-010\ses-headNormal\anat\sub-010_ses-headNormal_T2w_seg-manual.nii.gz","745","7","",80.30205477911207,0.0,1.0304355683828632,0.0,11.0298231796772,0.0,6.628580665817726,0.0,6.981071032015558,0.0,14.96571924148862,0.0,3.1171237950034625,0.0,3.511456870814263,0.0,0.884236513899892,0.0,1.7759952491098123,0.0,0.9527180163610297,0.0,""
"2026-09-29 14:15:16","git-master-bddc7a050319718b5e4e0856afec0bc9ea96418f","C:\Users\marco\Desktop\ds004507\derivatives\labels\sub-010\ses-headNormal\anat\sub-010_ses-headNormal_T2w_seg-manual.nii.gz","746","7","",82.60051159181214,0.0,1.017525756302561,0.0,10.96088864197007,0.0,6.794469137012319,0.0,7.242721418368422,0.0,14.878378593704646,0.0,3.1804632135969095,0.0,3.614005923415409,0.0,0.8734496387880715,0.0,2.5342041175898977,0.0,0.9499781260676113,0.0,""
"2026-09-29 14:15:16","git-master-bddc7a050319718b5e4e0856afec0bc9ea96418f","C:\Users\marco\Desktop\ds004507\derivatives\labels\sub-010\ses-headNormal\anat\sub-010_ses-headNormal_T2w_seg-manual.nii.gz","747","7","",84.68451095031207,0.0,1.0040410932773862,0.0,10.8908050031343,0.0,6.8354365962647305,0.0,7.221322804039417,0.0,15.237768415377458,0.0,3.138728677280944,0.0,3.6967079189837864,0.0,0.8805735693932658,0.0,1.214903923975906,0.0,0.9604980192416526,0.0,""
"2026-09-29 14:15:16","git-master-bddc7a050319718b5e4e0856afec0bc9ea96418f","C:\Users\marco\Desktop\ds004507\derivatives\labels\sub-010\ses-headNormal\anat\sub-010_ses-headNormal_T2w_seg-manual.nii.gz","748","7","",82.65704175113275,0.0,0.9898173158841989,0.0,10.819241735099224,0.0,6.871738971902986,0.0,7.208920565598736,0.0,14.818311306162244,0.0,3.319320128124981,0.0,3.552418843778005,0.0,0.8736167663874672,0.0,2.2588913193423976,0.0,0.9651720195693985,0.0,""
"2026-09-29 14:15:16","git-master-bddc7a050319718b5e4e0856afec0bc9ea96418f","C:\Users\marco\Desktop\ds004507\derivatives\labels\sub-010\ses-headNormal\anat\sub-010_ses-headNormal_T2w_seg-manual.nii.gz","749","7","",82.44765227110652,0.0,0.9750186556244917,0.0,10.746525911232311,0.0,6.676669412917627,0.0,7.111254522224871,0.0,15.013866620338236,0.0,3.2484593102594577,0.0,3.4282101026581686,0.0,0.880521668104173,0.0,2.1774865935070333,0.0,0.9716545047952115,0.0,""
"2026-09-29 14:15:16","git-master-bddc7a050319718b5e4e0856afec0bc9ea96418f","C:\Users\marco\Desktop\ds004507\derivatives\labels\sub-010\ses-headNormal\anat\sub-010_ses-headNormal_T2w_seg-manual.nii.gz","750","7","",82.04246935573582,0.0,0.9596451007815372,0.0,10.67265628647005,0.0,6.555891409596655,0.0,7.001912123005523,0.0,15.206651760477568,0.0,3.1481256650253253,0.0,3.40776574457133,0.0,0.8876631689324699,0.0,2.10023739786249,0.0,0.9717774273317894,0.0,""
"2026-09-29 14:15:16","git-master-bddc7a050319718b5e4e0856afec0bc9ea96418f","C:\Users\marco\Desktop\ds004507\derivatives\labels\sub-010\ses-headNormal\anat\sub-010_ses-headNormal_T2w_seg-manual.nii.gz","751","7","",82.36031646200924,0.0,0.9436966395611136,0.0,10.597631612169046,0.0,6.589501732305833,0.0,7.0774370047849064,0.0,15.127359350203813,0.0,3.0954565560845,0.0,3.494045176221333,0.0,0.8833359463677531,0.0,2.4073004419288706,0.0,0.9656451006599093,0.0,""
"2026-09-29 14:15:16","git-master-bddc7a050319718b5e4e0856afec0bc9ea96418f","C:\Users\marco\Desktop\ds004507\derivatives\labels\sub-010\ses-headNormal\anat\sub-010_ses-headNormal_T2w_seg-manual.nii.gz","752","7","",85.01287610763656,0.0,0.9271732601045136,0.0,10.5214506363429,0.0,6.7046720485439995,0.0,7.443301363692645,0.0,14.845595436951967,0.0,3.0775088947057903,0.0,3.627163153838209,0.0,0.8652010653940284,0.0,2.863331304747834,0.0,0.9586862499558175,0.0,""
"2026-09-29 14:15:16","git-master-bddc7a050319718b5e4e0856afec0bc9ea96418f","C:\Users\marco\Desktop\ds004507\derivatives\labels\sub-010\ses-headNormal\anat\sub-010_ses-headNormal_T2w_seg-manual.nii.gz","753","7","",85.61952249076258,0.0,0.9099928149014247,0.0,10.443946450802827,0.0,6.799201227087943,0.0,7.336369604009538,0.0,15.012653787556188,0.0,3.117044911236435,0.0,3.682156315851508,0.0,0.8724387256510958,0.0,2.5310194261934464,0.0,0.9571829042799297,0.0,""
"2026-09-29 14:15:16","git-master-bddc7a050319718b5e4e0856afec0bc9ea96418f","C:\Users\marco\Desktop\ds004507\derivatives\labels\sub-010\ses-headNormal\anat\sub-010_ses-headNormal_T2w_seg-manual.nii.gz","754","7","",84.66857088801072,0.0,0.892155284902229,0.0,10.365117040543133,0.0,6.969785412304675,0.0,7.269217488030024,0.0,14.891012298587917,0.0,3.3038259202058384,0.0,3.6659594920988363,0.0,0.8727514140123591,0.0,2.306618217924216,0.0,0.9575988833478059,0.0,""
"2026-09-29 14:15:16","git-master-bddc7a050319718b5e4e0856afec0bc9ea96418f","C:\Users\marco\Desktop\ds004507\derivatives\labels\sub-010\ses-headNormal\anat\sub-010_ses-headNormal_T2w_seg-manual.nii.gz","755","7","",83.91216676154527,0.0,0.8737427915094309,0.0,10.285126544616718,0.0,7.0713635540531765,0.0,7.256170402032041,0.0,14.844738408654305,0.0,3.34507232203961,0.0,3.726291232013566,0.0,0.8723935243876444,0.0,1.744959211048783,0.0,0.9591230440345299,0.0,""
"2026-09-29 14:15:16","git-master-bddc7a050319718b5e4e0856afec0bc9ea96418f","C:\Users\marco\Desktop\ds004507\derivatives\labels\sub-010\ses-headNormal\anat\sub-010_ses-headNormal_T2w_seg-manual.nii.gz","756","7","",83.4799938281772,0.0,0.8547553230117251,0.0,10.203973700494501,0.0,7.033992390290787,0.0,7.214519185582913,0.0,14.8815134354065,0.0,3.297634911924237,0.0,3.7363574783665494,0.0,0.8745941778100018,0.0,1.2488542644620064,0.0,0.9595194047947798,0.0,""
"2026-09-29 14:15:16","git-master-bddc7a050319718b5e4e0856afec0bc9ea96418f","C:\Users\marco\Desktop\ds004507\derivatives\labels\sub-010\ses-headNormal\anat\sub-010_ses-headNormal_T2w_seg-manual.nii.gz","757","7","",82.95713828125078,0.0,0.835192867818387,0.0,10.121657245548551,0.0,6.844957709145894,0.0,7.093233264109341,0.0,14.939458559429733,0.0,3.241906949849882,0.0,3.6030507592960124,0.0,0.880071548622561,0.0,1.2298711693192221,0.0,0.961109244387008,0.0,""
"2026-09-29 14:15:16","git-master-bddc7a050319718b5e4e0856afec0bc9ea96418f","C:\Users\marco\Desktop\ds004507\derivatives\labels\sub-010\ses-headNormal\anat\sub-010_ses-headNormal_T2w_seg-manual.nii.gz","758","7","",81.5498604207091,0.0,0.8150554144747374,0.0,10.038175917314488,0.0,6.561256917798548,0.0,6.925846452533375,0.0,14.951967998672599,0.0,3.186534477467431,0.0,3.3747224403311167,0.0,0.8862504621283186,0.0,1.826757282110362,0.0,0.9737097165010904,0.0,""
"2026-09-29 14:15:16","git-master-bddc7a050319718b5e4e0856afec0bc9ea96418f","C:\Users\marco\Desktop\ds004507\derivatives\labels\sub-010\ses-headNormal\anat\sub-010_ses-headNormal_T2w_seg-manual.nii.gz","759","7","",81.54034309982957,0.0,0.794178657729397,0.0,9.95319462532827,0.0,6.652843967700569,0.0,6.984136342508543,0.0,14.909599437845262,0.0,3.22010677597535,0.0,3.4327371917252187,0.0,0.8834933063244839,0.0,2.5569003506548893,0.0,0.9472881859705248,0.0,""
"2026-09-29 14:15:16","git-master-bddc7a050319718b5e4e0856afec0bc9ea96418f","C:\Users\marco\Desktop\ds004507\derivatives\labels\sub-010\ses-headNormal\anat\sub-010_ses-headNormal_T2w_seg-manual.nii.gz","760","7","",82.2382673875449,0.0,0.7727268721674705,0.0,9.867044933875778,0.0,6.83812896483976,0.0,7.1060523480259405,0.0,14.779321362015603,0.0,3.284624193580767,0.0,3.5535047712589933,0.0,0.8767420471681737,0.0,3.5313936495585017,0.0,0.9506538511540776,0.0,""
"2026-09-29 14:15:16","git-master-bddc7a050319718b5e4e0856afec0bc9ea96418f","C:\Users\marco\Desktop\ds004507\derivatives\labels\sub-010\ses-headNormal\anat\sub-010_ses-headNormal_T2w_seg-manual.nii.gz","761","7","",82.81377442200638,0.0,0.7507000475091646,0.0,9.779725589511955,0.0,6.918017276677446,0.0,7.14412851666902,0.0,14.771699050926374,0.0,3.31915111837879,0.0,3.5988661582986565,0.0,0.8752471643517432,0.0,3.245868559217016,0.0,0.9523441207030874,0.0,""
"2026-09-29 14:15:16","git-master-bddc7a050319718b5e4e0856afec0bc9ea96418f","C:\Users\marco\Desktop\ds004507\derivatives\labels\sub-010\ses-headNormal\anat\sub-010_ses-headNormal_T2w_seg-manual.nii.gz","762","7","",82.25112239290365,0.0,0.7280981738147398,0.0,9.691235342302747,0.0,6.931704459215055,0.0,7.08854155083031,0.0,14.777808637946178,0.0,3.321361991769662,0.0,3.610342467445393,0.0,0.8774433858972573,0.0,2.5496373274176523,0.0,0.9499829254112975,0.0,""
"2026-09-29 14:15:16","git-master-bddc7a050319718b5e4e0856afec0bc9ea96418f","C:\Users\marco\Desktop\ds004507\derivatives\labels\sub-010\ses-headNormal\anat\sub-010_ses-headNormal_T2w_seg-manual.nii.gz","763","7","",80.2893104524097,0.0,0.7049212415030484,0.0,9.60157294612094,0.0,6.984936463096983,0.0,7.016654379648409,0.0,14.626911630489769,0.0,3.305634429281513,0.0,3.67930203381547,0.0,0.8774090505301452,0.0,3.0638933426941715,0.0,0.9552871273679855,0.0,""
"2026-09-29 14:15:16","git-master-bddc7a050319718b5e4e0856afec0bc9ea96418f","C:\Users\marco\Desktop\ds004507\derivatives\labels\sub-010\ses-headNormal\anat\sub-010_ses-headNormal_T2w_seg-manual.nii.gz","764","7","",81.19060837044557,0.0,0.681087086926699,0.0,9.51056925018173,0.0,6.722000756208029,0.0,7.007136011455301,0.0,14.89174294102235,0.0,3.166407173070118,0.0,3.555593583137911,0.0,0.88236121376757,0.0,2.8114865159673657,0.0,0.956356850602932,0.0,""
"2026-09-29 14:15:16","git-master-bddc7a050319718b5e4e0856afec0bc9ea96418f","C:\Users\marco\Desktop\ds004507\derivatives\labels\sub-010\ses-headNormal\anat\sub-010_ses-headNormal_T2w_seg-manual.nii.gz","765","7","",82.90349005831784,0.0,0.6565956968082756,0.0,9.41822228421555,0.0,6.606959278908445,0.0,6.956680592628112,0.0,15.20271150467257,0.0,3.1758349529730387,0.0,3.431124325935406,0.0,0.8890807751823957,0.0,2.1599534747818208,0.0,0.9624442793114152,0.0,""
"2026-09-29 14:15:16","git-master-bddc7a050319718b5e4e0856afec0bc9ea96418f","C:\Users\marco\Desktop\ds004507\derivatives\labels\sub-010\ses-headNormal\anat\sub-010_ses-headNormal_T2w_seg-manual.nii.gz","766","7","",82.13398258578803,0.0,0.6315292166573216,0.0,9.32469849174401,0.0,6.585617576221392,0.0,7.017134735295774,0.0,15.032457639299569,0.0,3.0474948516273397,0.0,3.5381227245940536,0.0,0.8841379239424784,0.0,2.6627845792800944,0.0,0.9551546394062885,0.0,""
"2026-09-29 14:15:16","git-master-bddc7a050319718b5e4e0856afec0bc9ea96418f","C:\Users\marco\Desktop\ds004507\derivatives\labels\sub-010\ses-headNormal\anat\sub-010_ses-headNormal_T2w_seg-manual.nii.gz","767","7","",81.520259054796,0.0,0.6058876397942453,0.0,9.229996661320389,0.0,6.723614303743464,0.0,7.155278751839208,0.0,14.740325543931,0.0,3.037129247238355,0.0,3.686485056505109,0.0,0.8741872945270688,0.0,3.072990433750955,0.0,0.9489276822000784,0.0,""
"2026-09-29 14:15:16","git-master-bddc7a050319718b5e4e0856afec0bc9ea96418f","C:\Users\marco\Desktop\ds004507\derivatives\labels\sub-010\ses-headNormal\anat\sub-010_ses-headNormal_T2w_seg-manual.nii.gz","768","7","",82.58588633990891,0.0,0.5796709601550121,0.0,9.134115589329829,0.0,6.946162693833978,0.0,7.2676100392497025,0.0,14.68800551130562,0.0,3.223712495914712,0.0,3.7224501979192657,0.0,0.8689519116099718,0.0,2.7504913950542487,0.0,0.9500652251224192,0.0,""
"2026-09-29 14:15:16","git-master-bddc7a050319718b5e4e0856afec0bc9ea96418f","C:\Users\marco\Desktop\ds004507\derivatives\labels\sub-010\ses-headNormal\anat\sub-010_ses-headNormal_T2w_seg-manual.nii.gz","769","7","",83.19554301171702,0.0,0.5528791723121398,0.0,9.037054080312874,0.0,6.9320646993107005,0.0,7.203511967041148,0.0,14.942955235874345,0.0,3.241463204465262,0.0,3.690601494845438,0.0,0.8761341203333644,0.0,2.903068342090455,0.0,0.9416949152542373,0.0,""
"2026-09-29 14:15:16","git-master-bddc7a050319718b5e4e0856afec0bc9ea96418f","C:\Users\marco\Desktop\ds004507\derivatives\labels\sub-010\ses-headNormal\anat\sub-010_ses-headNormal_T2w_seg-manual.nii.gz","770","6","",83.69454843667012,0.0,0.5192299030059254,0.0,8.916565778128453,0.0,7.1059721383874965,0.0,7.252799607693793,0.0,14.865843474947974,0.0,3.41627779768681,0.0,3.689694340700686,0.0,0.872908757798272,0.0,1.931761690493891,0.0,0.9557916381082934,0.0,""
"2026-09-29 14:15:16","git-master-bddc7a050319718b5e4e0856afec0bc9ea96418f","C:\Users\marco\Desktop\ds004507\derivatives\labels\sub-010\ses-headNormal\anat\sub-010_ses-headNormal_T2w_seg-manual.nii.gz","771","6","",83.14426376405841,0.0,0.49043571409729547,0.0,8.814608752841819,0.0,7.135652322248126,0.0,7.365183818948921,0.0,14.712736304088647,0.0,3.36456823218899,0.0,3.7710840900591363,0.0,0.8656389891122804,0.0,2.4491287028057753,0.0,0.9602435842510926,0.0,""
"2026-09-29 14:15:16","git-master-bddc7a050319718b5e4e0856afec0bc9ea96418f","C:\Users\marco\Desktop\ds004507\derivatives\labels\sub-010\ses-headNormal\anat\sub-010_ses-headNormal_T2w_seg-manual.nii.gz","772","6","",82.5545795808554,0.0,0.46103901794246543,0.0,8.711409963333786,0.0,6.938513188432643,0.0,7.19770402740629,0.0,14.862863684163715,0.0,3.245011691184909,0.0,3.693501497247734,0.0,0.8747203766057166,0.0,2.522611731562123,0.0,0.9578069272313542,0.0,""
"2026-09-29 14:15:16","git-master-bddc7a050319718b5e4e0856afec0bc9ea96418f","C:\Users\marco\Desktop\ds004507\derivatives\labels\sub-010\ses-headNormal\anat\sub-010_ses-headNormal_T2w_seg-manual.nii.gz","773","6","",82.29424278097454,0.0,0.43103981446152395,0.0,8.606968172976059,0.0,6.713255914398647,0.0,7.0760998006295655,0.0,15.011575859203171,0.0,3.199790698847364,0.0,3.513465215551283,0.0,0.8819152679708139,0.0,2.0911824352948916,0.0,0.9640794951814806,0.0,""
"2026-09-29 14:15:16","git-master-bddc7a050319718b5e4e0856afec0bc9ea96418f","C:\Users\marco\Desktop\ds004507\derivatives\labels\sub-010\ses-headNormal\anat\sub-010_ses-headNormal_T2w_seg-manual.nii.gz","774","6","",81.92374093345448,0.0,0.4004381047712341,0.0,8.501282161428689,0.0,6.592155658372738,0.0,7.029612574373347,0.0,15.05722496050058,0.0,3.1893297170054047,0.0,3.4028259413673325,0.0,0.8843309447444048,0.0,2.0824341275641345,0.0,0.972429785648699,0.0,""
"2026-09-29 14:15:16","git-master-bddc7a050319718b5e4e0856afec0bc9ea96418f","C:\Users\marco\Desktop\ds004507\derivatives\labels\sub-010\ses-headNormal\anat\sub-010_ses-headNormal_T2w_seg-manual.nii.gz","775","6","",81.22193712070924,0.0,0.36923389123027067,0.0,8.394350725311362,0.0,6.597549816055323,0.0,7.000622026311435,0.0,15.007227310160586,0.0,3.138571376066734,0.0,3.458978439988589,0.0,0.8845154685096316,0.0,2.9504957541625534,0.0,0.9700430714413468,0.0,""
"2026-09-29 14:15:16","git-master-bddc7a050319718b5e4e0856afec0bc9ea96418f","C:\Users\marco\Desktop\ds004507\derivatives\labels\sub-010\ses-headNormal\anat\sub-010_ses-headNormal_T2w_seg-manual.nii.gz","776","6","",81.21270477677845,0.0,0.3374271774844572,0.0,8.286172678874708,0.0,6.598326277325431,0.0,7.05428244976511,0.0,14.884125724646388,0.0,3.083252705940101,0.0,3.5150735713853303,0.0,0.880553527097659,0.0,3.2139458703200665,0.0,0.9539675064751589,0.0,""
"2026-09-29 14:15:16","git-master-bddc7a050319718b5e4e0856afec0bc9ea96418f","C:\Users\marco\Desktop\ds004507\derivatives\labels\sub-010\ses-headNormal\anat\sub-010_ses-headNormal_T2w_seg-manual.nii.gz","777","6","",83.03296167015758,0.0,0.3048673480086147,0.0,8.176434440789397,0.0,7.002908545862128,0.0,7.2086529081486175,0.0,14.81174236755309,0.0,3.3463583473887226,0.0,3.6565501984734046,0.0,0.8735463576043045,0.0,3.113180151914491,0.0,0.9599916202519229,0.0,""
"2026-09-29 14:15:16","git-master-bddc7a050319718b5e4e0856afec0bc9ea96418f","C:\Users\marco\Desktop\ds004507\derivatives\labels\sub-010\ses-headNormal\anat\sub-010_ses-headNormal_T2w_seg-manual.nii.gz","778","6","",82.93635439114632,0.0,0.2717050365192186,0.0,8.065446547175371,0.0,7.057268155421529,0.0,7.26442159904855,0.0,14.6504137035262,0.0,3.3608223552140073,0.0,3.6964458002075213,0.0,0.8683718703475154,0.0,2.4003925605908947,0.0,0.9605821010707695,0.0,""
"2026-09-29 14:15:16","git-master-bddc7a050319718b5e4e0856afec0bc9ea96418f","C:\Users\marco\Desktop\ds004507\derivatives\labels\sub-010\ses-headNormal\anat\sub-010_ses-headNormal_T2w_seg-manual.nii.gz","779","6","",83.60106337043597,0.0,0.2379402533021417,0.0,7.953207904099678,0.0,7.084260566211729,0.0,7.2843842703108805,0.0,14.677896077793175,0.0,3.3107445772974673,0.0,3.7735159889142613,0.0,0.8681432162859686,0.0,2.3797670929790913,0.0,0.9517526937063607,0.0,""
"2026-09-29 14:15:16","git-master-bddc7a050319718b5e4e0856afec0bc9ea96418f","C:\Users\marco\Desktop\ds004507\derivatives\labels\sub-010\ses-headNormal\anat\sub-010_ses-headNormal_T2w_seg-manual.nii.gz","780","6","",84.14598097253142,0.0,0.20357301031469863,0.0,7.839717440893156,0.0,6.990507358077314,0.0,7.259106906980065,0.0,14.80258964996459,0.0,3.2591484194855234,0.0,3.7313589385917907,0.0,0.8714816471716392,0.0,2.7741847484586355,0.0,0.9426836748783848,0.0,""
"2026-09-29 14:15:16","git-master-bddc7a050319718b5e4e0856afec0bc9ea96418f","C:\Users\marco\Desktop\ds004507\derivatives\labels\sub-010\ses-headNormal\anat\sub-010_ses-headNormal_T2w_seg-manual.nii.gz","781","6","",83.15651454108514,0.0,0.16860332123647495,0.0,7.7249741108872625,0.0,6.704910339194408,0.0,7.183323001602484,0.0,14.804070439488529,0.0,3.208357762189447,0.0,3.496552577004961,0.0,0.8743788736216503,0.0,2.9372639292127776,0.0,0.9430616044873587,0.0,""
"2026-09-29 14:15:16","git-master-bddc7a050319718b5e4e0856afec0bc9ea96418f","C:\Users\marco\Desktop\ds004507\derivatives\labels\sub-010\ses-headNormal\anat\sub-010_ses-headNormal_T2w_seg-manual.nii.gz","782","6","",81.71038944423096,0.0,0.13303120152015588,0.0,7.608976892150899,0.0,6.6171656547657065,0.0,7.132330824529895,0.0,14.573622371105026,0.0,3.160373876985303,0.0,3.4567917777804036,0.0,0.8720594231901234,0.0,3.0654008402824164,0.0,0.9504190768504309,0.0,""
"2026-09-29 14:15:16","git-master-bddc7a050319718b5e4e0856afec0bc9ea96418f","C:\Users\marco\Desktop\ds004507\derivatives\labels\sub-010\ses-headNormal\anat\sub-010_ses-headNormal_T2w_seg-manual.nii.gz","783","6","",83.23314210771076,0.0,0.09670607395315506,0.0,7.491410674875655,0.0,6.919049412111545,0.0,7.3091358583323425,0.0,14.538306129629982,0.0,3.3230528012180365,0.0,3.5959966108935086,0.0,0.8644005618723105,0.0,2.726196684038928,0.0,0.9547826619291915,0.0,""
"2026-09-29 14:15:16","git-master-bddc7a050319718b5e4e0856afec0bc9ea96418f","C:\Users\marco\Desktop\ds004507\derivatives\labels\sub-010\ses-headNormal\anat\sub-010_ses-headNormal_T2w_seg-manual.nii.gz","784","6","",83.55606887417176,0.0,0.05977856842934396,0.0,7.372588004193828,0.0,7.131523610201648,0.0,7.337262363425213,0.0,14.427118368611914,0.0,3.4623380864549342,0.0,3.6691855237467137,0.0,0.8610074451337882,0.0,2.18568045982152,0.0,0.9618499563267046,0.0,""
"2026-09-29 14:15:16","git-master-bddc7a050319718b5e4e0856afec0bc9ea96418f","C:\Users\marco\Desktop\ds004507\derivatives\labels\sub-010\ses-headNormal\anat\sub-010_ses-headNormal_T2w_seg-manual.nii.gz","785","6","",83.20064460640567,0.0,0.022248709328651518,0.0,7.252507983144448,0.0,7.16622447952903,0.0,7.351290343930683,0.0,14.36613155356119,0.0,3.4805801621096406,0.0,3.68564431741939,0.0,0.8591558974932458,0.0,1.8222912935673126,0.0,0.9509502781943542,0.0,""
"2026-09-29 14:15:16","git-master-bddc7a050319718b5e4e0856afec0bc9ea96418f","C:\Users\marco\Desktop\ds004507\derivatives\labels\sub-010\ses-headNormal\anat\sub-010_ses-headNormal_T2w_seg-manual.nii.gz","786","6","",83.20500286988771,0.0,-0.015883476767036102,0.0,7.131169745656956,0.0,7.128023301055601,0.0,7.431099135482596,0.0,14.323271753067361,0.0,3.4260036701701067,0.0,3.702019630885494,0.0,0.8548216326622817,0.0,2.3163518341236653,0.0,0.9372150039310594,0.0,""
"2026-09-29 14:15:16","git-master-bddc7a050319718b5e4e0856afec0bc9ea96418f","C:\Users\marco\Desktop\ds004507\derivatives\labels\sub-010\ses-headNormal\anat\sub-010_ses-headNormal_T2w_seg-manual.nii.gz","787","6","",83.58713651134869,0.0,-0.05461796101750191,0.0,7.008572457352143,0.0,7.1162841488921105,0.0,7.541862703755976,0.0,14.231601623435598,0.0,3.3583258460920815,0.0,3.757958302800029,0.0,0.8480368882422251,0.0,3.2873919297818808,0.0,0.9368129915596145,0.0,""
"2026-09-29 14:15:16","git-master-bddc7a050319718b5e4e0856afec0bc9ea96418f","C:\Users\marco\Desktop\ds004507\derivatives\labels\sub-010\ses-headNormal\anat\sub-010_ses-headNormal_T2w_seg-manual.nii.gz","788","6","",81.80809823734728,0.0,-0.09395471226782443,0.0,6.884715316343107,0.0,7.026121632978114,0.0,7.47404494299651,0.0,14.112603393323173,0.0,3.2143748996926074,0.0,3.8117467332855073,0.0,0.8482470604209562,0.0,1.9314723048108995,0.0,0.9321860041030317,0.0,""
"2026-09-29 14:15:16","git-master-bddc7a050319718b5e4e0856afec0bc9ea96418f","C:\Users\marco\Desktop\ds004507\derivatives\labels\sub-010\ses-headNormal\anat\sub-010_ses-headNormal_T2w_seg-manual.nii.gz","789","6","",83.96305702198178,0.0,-0.13404423926896836,0.0,6.759282108273473,0.0,6.809396672523406,0.0,7.51919349311367,0.0,14.356175631898408,0.0,3.28465021930782,0.0,3.5247464532155863,0.0,0.8518481011145025,0.0,1.824994394206684,0.0,0.9493298187043061,0.0,""
"2026-09-29 14:15:16","git-master-bddc7a050319718b5e4e0856afec0bc9ea96418f","C:\Users\marco\Desktop\ds004507\derivatives\labels\sub-010\ses-headNormal\anat\sub-010_ses-headNormal_T2w_seg-manual.nii.gz","790","6","",85.85442989694761,0.0,-0.1747359353779766,0.0,6.632587117152345,0.0,6.992129548687667,0.0,7.605988521940943,0.0,14.450688267364287,0.0,3.4790703288675418,0.0,3.513059219820125,0.0,0.8502716559810993,0.0,1.697743842239244,0.0,0.9682613089084209,0.0,""
"2026-09-29 14:15:16","git-master-bddc7a050319718b5e4e0856afec0bc9ea96418f","C:\Users\marco\Desktop\ds004507\derivatives\labels\sub-010\ses-headNormal\anat\sub-010_ses-headNormal_T2w_seg-manual.nii.gz","791","6","",85.87628489673989,0.0,-0.2160297579760607,0.0,6.5046297020970245,0.0,7.16247618051791,0.0,7.655189071267144,0.0,14.331964665867023,0.0,3.5916891034151996,0.0,3.57078707710271,0.0,0.8453326161201192,0.0,1.5367034156512505,0.0,0.9740363374202572,0.0,""
"2026-09-29 14:15:16","git-master-bddc7a050319718b5e4e0856afec0bc9ea96418f","C:\Users\marco\Desktop\ds004507\derivatives\labels\sub-010\ses-headNormal\anat\sub-010_ses-headNormal_T2w_seg-manual.nii.gz","792","6","",85.19829376166257,0.0,-0.2576928461235338,0.0,6.375860005536573,0.0,7.223287087020585,0.0,7.67902658753306,0.0,14.228157437451049,0.0,3.5917211202402113,0.0,3.6315659667803737,0.0,0.8418513240749991,0.0,1.541261057177239,0.0,0.9690165946503059,0.0,""
"2026-09-29 14:15:16","git-master-bddc7a050319718b5e4e0856afec0bc9ea96418f","C:\Users\marco\Desktop\ds004507\derivatives\labels\sub-010\ses-headNormal\anat\sub-010_ses-headNormal_T2w_seg-manual.nii.gz","793","6","",85.50749003010687,0.0,-0.29937593281845387,0.0,6.246954115138918,0.0,7.230048903969604,0.0,7.723990932973849,0.0,14.314582125817246,0.0,3.551603712800408,0.0,3.6784451911691964,0.0,0.8419276251404085,0.0,1.490330690786142,0.0,0.9648889754670906,0.0,""
"2026-09-29 14:15:16","git-master-bddc7a050319718b5e4e0856afec0bc9ea96418f","C:\Users\marco\Desktop\ds004507\derivatives\labels\sub-010\ses-headNormal\anat\sub-010_ses-headNormal_T2w_seg-manual.nii.gz","794","6","",86.75002713082972,0.0,-0.3407297572552668,0.0,6.118589225737941,0.0,7.2288259007143685,0.0,7.8136163967614465,0.0,14.368550898081168,0.0,3.5750590246444576,0.0,3.653766876069911,0.0,0.839214918669419,0.0,0.10947302692382561,0.0,0.9746849559495929,0.0,""
"2026-09-29 14:15:16","git-master-bddc7a050319718b5e4e0856afec0bc9ea96418f","C:\Users\marco\Desktop\ds004507\derivatives\labels\sub-010\ses-headNormal\anat\sub-010_ses-headNormal_T2w_seg-manual.nii.gz","795","6","",86.99828766288049,0.0,-0.38167195360537043,0.0,5.990903695767476,0.0,7.226208599688368,0.0,7.75772010882418,0.0,14.46532464776491,0.0,3.595353003952731,0.0,3.630855595735637,0.0,0.8440131576958638,0.0,1.0686208089099662,0.0,0.9714127287415802,0.0,""
"2026-09-29 14:15:16","git-master-bddc7a050319718b5e4e0856afec0bc9ea96418f","C:\Users\marco\Desktop\ds004507\derivatives\labels\sub-010\ses-headNormal\anat\sub-010_ses-headNormal_T2w_seg-manual.nii.gz","796","6","",85.61866542769715,0.0,-0.42228481010844615,0.0,5.863764088623979,0.0,7.227239496633349,0.0,7.609333954672369,0.0,14.440615212102871,0.0,3.5536704333550335,0.0,3.6735690632783156,0.0,0.8498847364174509,0.0,1.3418261363821933,0.0,0.9689542382556092,0.0,""
"2026-09-29 14:15:16","git-master-bddc7a050319718b5e4e0856afec0bc9ea96418f","C:\Users\marco\Desktop\ds004507\derivatives\labels\sub-010\ses-headNormal\anat\sub-010_ses-headNormal_T2w_seg-manual.nii.gz","797","6","",82.92750906868824,0.0,-0.4625683008018754,0.0,5.737172192572472,0.0,7.233250750286877,0.0,7.529195284168029,0.0,14.128494954177299,0.0,3.497803602453037,0.0,3.73544714783384,0.0,0.8459571154592591,0.0,2.255219002413577,0.0,0.9683823052192997,0.0,""
"2026-09-29 14:15:16","git-master-bddc7a050319718b5e4e0856afec0bc9ea96418f","C:\Users\marco\Desktop\ds004507\derivatives\labels\sub-010\ses-headNormal\anat\sub-010_ses-headNormal_T2w_seg-manual.nii.gz","798","6","",82.02992446253639,0.0,-0.5025224010674171,0.0,5.611129770587361,0.0,7.399162267114014,0.0,7.601184388735695,0.0,13.842085177210345,0.0,3.5671503773853463,0.0,3.8320118897286677,0.0,0.8356755512459149,0.0,3.040999198854431,0.0,0.9655213606912448,0.0,""
"2026-09-29 14:15:16","git-master-bddc7a050319718b5e4e0856afec0bc9ea96418f","C:\Users\marco\Desktop\ds004507\derivatives\labels\sub-010\ses-headNormal\anat\sub-010_ses-headNormal_T2w_seg-manual.nii.gz","799","6","",84.55256863773575,0.0,-0.5421470876133604,0.0,5.485638560442335,0.0,7.704937631794429,0.0,7.798183737259217,0.0,13.877820185540473,0.0,3.7584682223084678,0.0,3.9464694094859616,0.0,0.8271961002260705,0.0,2.74549957844019,0.0,0.9586367291138032,0.0,""
"2026-09-29 14:15:16","git-master-bddc7a050319718b5e4e0856afec0bc9ea96418f","C:\Users\marco\Desktop\ds004507\derivatives\labels\sub-010\ses-headNormal\anat\sub-010_ses-headNormal_T2w_seg-manual.nii.gz","800","6","",86.37644369312949,0.0,-0.5814423384566774,0.0,5.360700274800256,0.0,7.627040037709525,0.0,7.9479372119785685,0.0,14.019711345598862,0.0,3.6916282208777873,0.0,3.9354118168317385,0.0,0.8237786230968822,0.0,2.1372493168992364,0.0,0.9561239113658913,0.0,""
"2026-09-29 14:15:16","git-master-bddc7a050319718b5e4e0856afec0bc9ea96418f","C:\Users\marco\Desktop\ds004507\derivatives\labels\sub-010\ses-headNormal\anat\sub-010_ses-headNormal_T2w_seg-manual.nii.gz","801","5","",84.22767726183883,0.0,-0.6281024457686587,0.0,5.211607069333693,0.0,7.565676140438025,0.0,7.911807524692875,0.0,13.61042436902133,0.0,3.627012703323,0.0,3.9386634371150246,0.0,0.8136857594806658,0.0,2.8587717325490094,0.0,0.9604539202200826,0.0,""
"2026-09-29 14:15:16","git-master-bddc7a050319718b5e4e0856afec0bc9ea96418f","C:\Users\marco\Desktop\ds004507\derivatives\labels\sub-010\ses-headNormal\anat\sub-010_ses-headNormal_T2w_seg-manual.nii.gz","802","5","",84.853971872262,0.0,-0.6670549046400548,0.0,5.086515063738326,0.0,7.393217491394052,0.0,7.819935483946416,0.0,13.861073926911738,0.0,3.6621789534813374,0.0,3.731038537912714,0.0,0.8255742668049024,0.0,2.8415682808469946,0.0,0.9568411685224966,0.0,""
"2026-09-29 14:15:16","git-master-bddc7a050319718b5e4e0856afec0bc9ea96418f","C:\Users\marco\Desktop\ds004507\derivatives\labels\sub-010\ses-headNormal\anat\sub-010_ses-headNormal_T2w_seg-manual.nii.gz","803","5","",83.26706373578078,0.0,-0.705667557732569,0.0,4.96200001940456,0.0,7.278792468269104,0.0,7.690668231052806,0.0,13.778317548932867,0.0,3.613900522855452,0.0,3.6648919454136513,0.0,0.8297303678759764,0.0,2.296367443227289,0.0,0.9744133302765097,0.0,""
"2026-09-29 14:15:16","git-master-bddc7a050319718b5e4e0856afec0bc9ea96418f","C:\Users\marco\Desktop\ds004507\derivatives\labels\sub-010\ses-headNormal\anat\sub-010_ses-headNormal_T2w_seg-manual.nii.gz","804","5","",83.2516782977143,0.0,-0.7439403894742521,0.0,4.838063598995668,0.0,7.245257447834414,0.0,7.759113149038065,0.0,13.722882248983316,0.0,3.5478345277100196,0.0,3.697422920124394,0.0,0.8247506099833181,0.0,2.826878572411733,0.0,0.9728370268494997,0.0,""
"2026-09-29 14:15:16","git-master-bddc7a050319718b5e4e0856afec0bc9ea96418f","C:\Users\marco\Desktop\ds004507\derivatives\labels\sub-010\ses-headNormal\anat\sub-010_ses-headNormal_T2w_seg-manual.nii.gz","805","5","",84.33433560119289,0.0,-0.7818733855705128,0.0,4.714707438027458,0.0,7.2467250180641924,0.0,7.837904043137676,0.0,13.810887300238733,0.0,3.5200021206734107,0.0,3.7267228973907813,0.0,0.8232804231377552,0.0,3.115751234335866,0.0,0.9637541212391015,0.0,""
"2026-09-29 14:15:16","git-master-bddc7a050319718b5e4e0856afec0bc9ea96418f","C:\Users\marco\Desktop\ds004507\derivatives\labels\sub-010\ses-headNormal\anat\sub-010_ses-headNormal_T2w_seg-manual.nii.gz","806","5","",85.10577781747439,0.0,-0.8194665329820712,0.0,4.591933145006639,0.0,7.351327817827822,0.0,7.846430202004632,0.0,13.854888106594261,0.0,3.6238575003166256,0.0,3.7274703175111967,0.0,0.8238349125017026,0.0,2.429774970920439,0.0,0.9646592791530477,0.0,""
"2026-09-29 14:15:16","git-master-bddc7a050319718b5e4e0856afec0bc9ea96418f","C:\Users\marco\Desktop\ds004507\derivatives\labels\sub-010\ses-headNormal\anat\sub-010_ses-headNormal_T2w_seg-manual.nii.gz","807","5","",85.33419469813396,0.0,-0.8567198199029793,0.0,4.469742301570034,0.0,7.7351861152715236,0.0,8.036437370762055,0.0,13.499278933318466,0.0,3.9370848007376438,0.0,3.7981013145338802,0.0,0.8034825438154589,0.0,2.475854235276686,0.0,0.9703186362458057,0.0,""
"2026-09-29 14:15:16","git-master-bddc7a050319718b5e4e0856afec0bc9ea96418f","C:\Users\marco\Desktop\ds004507\derivatives\labels\sub-010\ses-headNormal\anat\sub-010_ses-headNormal_T2w_seg-manual.nii.gz","808","5","",84.4313562412792,0.0,-0.8935868879464975,0.0,4.348216538946862,0.0,7.711102359279165,0.0,8.051078922087042,0.0,13.416381562682796,0.0,3.840270308406252,0.0,3.870832050872913,0.0,0.7999248339903618,0.0,4.301245543857245,0.0,0.9728589529617563,0.0,""
"2026-09-29 14:15:16","git-master-bddc7a050319718b5e4e0856afec0bc9ea96418f","C:\Users\marco\Desktop\ds004507\derivatives\labels\sub-010\ses-headNormal\anat\sub-010_ses-headNormal_T2w_seg-manual.nii.gz","809","5","",84.34221578823531,0.0,-0.9300831736523386,0.0,4.227331386901015,0.0,7.726646839530646,0.0,8.003790299023846,0.0,13.39534166615515,0.0,3.787047455706594,0.0,3.9395993838240515,0.0,0.8018623411954455,0.0,4.0847441131591316,0.0,0.9769580554026487,0.0,""
"2026-09-29 14:15:16","git-master-bddc7a050319718b5e4e0856afec0bc9ea96418f","C:\Users\marco\Desktop\ds004507\derivatives\labels\sub-010\ses-headNormal\anat\sub-010_ses-headNormal_T2w_seg-manual.nii.gz","810","5","",84.99892738972036,0.0,-0.9662395676650688,0.0,4.1070351084059205,0.0,7.812913494706011,0.0,8.085268511362072,0.0,13.354715270860638,0.0,3.865671563962823,0.0,3.9472419307431883,0.0,0.795835550972645,0.0,4.156440306236989,0.0,0.9811320804511532,0.0,""
"2026-09-29 14:15:16","git-master-bddc7a050319718b5e4e0856afec0bc9ea96418f","C:\Users\marco\Desktop\ds004507\derivatives\labels\sub-010\ses-headNormal\anat\sub-010_ses-headNormal_T2w_seg-manual.nii.gz","811","5","",85.4517794029572,0.0,-1.002056064205442,0.0,3.987329147030443,0.0,7.86387043707984,0.0,8.186522244143335,0.0,13.319616231865545,0.0,3.8895180270031164,0.0,3.9743524100767234,0.0,0.7888077735631318,0.0,3.7983123030551345,0.0,0.9841126828725117,0.0,""
"2026-09-29 14:15:16","git-master-bddc7a050319718b5e4e0856afec0bc9ea96418f","C:\Users\marco\Desktop\ds004507\derivatives\labels\sub-010\ses-headNormal\anat\sub-010_ses-headNormal_T2w_seg-manual.nii.gz","812","5","",85.1576241883553,0.0,-1.0375326585597868,0.0,3.868214920626637,0.0,7.857674641494359,0.0,8.223617043451203,0.0,13.253332389000846,0.0,3.8148724128952205,0.0,4.042802228599139,0.0,0.7841843963402966,0.0,2.9178528485986006,0.0,0.9843798630563336,0.0,""
"2026-09-29 14:15:16","git-master-bddc7a050319718b5e4e0856afec0bc9ea96418f","C:\Users\marco\Desktop\ds004507\derivatives\labels\sub-010\ses-headNormal\anat\sub-010_ses-headNormal_T2w_seg-manual.nii.gz","813","5","",84.20636832228716,0.0,-1.0726693470592745,0.0,3.749693821483239,0.0,7.855157753439164,0.0,8.194754682466208,0.0,13.09929329364018,0.0,3.756773227654481,0.0,4.098384525784683,0.0,0.7801538885466305,0.0,2.3760840132035765,0.0,0.9813212115070573,0.0,""
"2026-09-29 14:15:16","git-master-bddc7a050319718b5e4e0856afec0bc9ea96418f","C:\Users\marco\Desktop\ds004507\derivatives\labels\sub-010\ses-headNormal\anat\sub-010_ses-headNormal_T2w_seg-manual.nii.gz","814","5","",82.99423011590018,0.0,-1.1074506766012533,0.0,3.63179432068318,0.0,7.85828212621787,0.0,8.121867398302644,0.0,12.981142381803448,0.0,3.7732120519418157,0.0,4.085070074276054,0.0,0.7800905393498432,0.0,2.755278558522457,0.0,0.9781385488435602,0.0,""
"2026-09-29 14:15:16","git-master-bddc7a050319718b5e4e0856afec0bc9ea96418f","C:\Users\marco\Desktop\ds004507\derivatives\labels\sub-010\ses-headNormal\anat\sub-010_ses-headNormal_T2w_seg-manual.nii.gz","815","5","",82.3699656234169,0.0,-1.1418302942352763,0.0,3.514599529169552,0.0,7.864590481291881,0.0,8.08960040595334,0.0,12.94330923751584,0.0,3.787999678007337,0.0,4.076590803284543,0.0,0.7806229728188604,0.0,3.462789785460678,0.0,0.9809428554184901,0.0,""
"2026-09-29 14:15:16","git-master-bddc7a050319718b5e4e0856afec0bc9ea96418f","C:\Users\marco\Desktop\ds004507\derivatives\labels\sub-010\ses-headNormal\anat\sub-010_ses-headNormal_T2w_seg-manual.nii.gz","816","5","",82.00554139446827,0.0,-1.1758700020195263,0.0,3.3980026286060334,0.0,7.864211274504419,0.0,8.134128586941692,0.0,12.882702703076834,0.0,3.735331795383817,0.0,4.128879479120601,0.0,0.7754223087940612,0.0,3.305982348545723,0.0,0.9804241309247372,0.0,""
"2026-09-29 14:15:16","git-master-bddc7a050319718b5e4e0856afec0bc9ea96418f","C:\Users\marco\Desktop\ds004507\derivatives\labels\sub-010\ses-headNormal\anat\sub-010_ses-headNormal_T2w_seg-manual.nii.gz","817","5","",81.70847326120389,0.0,-1.2095698013605836,0.0,3.282004880238824,0.0,7.8617136410365624,0.0,8.170223858140453,0.0,12.841638917510672,0.0,3.7116340525224034,0.0,4.150079588514159,0.0,0.7714969652050363,0.0,2.8284755948077795,0.0,0.9762816107196611,0.0,""
"2026-09-29 14:15:16","git-master-bddc7a050319718b5e4e0856afec0bc9ea96418f","C:\Users\marco\Desktop\ds004507\derivatives\labels\sub-010\ses-headNormal\anat\sub-010_ses-headNormal_T2w_seg-manual.nii.gz","818","5","",81.90926264197533,0.0,-1.2429296945517152,0.0,3.1666075210010938,0.0,7.8599685456243416,0.0,8.18605034759757,0.0,12.870948769523816,0.0,3.7222840976272997,0.0,4.137684447997042,0.0,0.7716674054699582,0.0,2.4200446550195065,0.0,0.9724847767767962,0.0,""
"2026-09-29 14:15:16","git-master-bddc7a050319718b5e4e0856afec0bc9ea96418f","C:\Users\marco\Desktop\ds004507\derivatives\labels\sub-010\ses-headNormal\anat\sub-010_ses-headNormal_T2w_seg-manual.nii.gz","819","5","",82.5566727500079,0.0,-1.2759496847534049,0.0,3.051811763677603,0.0,7.8545218465405195,0.0,8.202641309775004,0.0,12.937567502338897,0.0,3.7163412839486485,0.0,4.138180562591871,0.0,0.7733096172655234,0.0,2.429968489442652,0.0,0.9683069018798902,0.0,""
"2026-09-29 14:15:16","git-master-bddc7a050319718b5e4e0856afec0bc9ea96418f","C:\Users\marco\Desktop\ds004507\derivatives\labels\sub-010\ses-headNormal\anat\sub-010_ses-headNormal_T2w_seg-manual.nii.gz","820","5","",82.24354220501245,0.0,-1.3086297759739516,0.0,2.9376187970698497,0.0,7.8323408739837435,0.0,8.219155653661984,0.0,12.87436059459574,0.0,3.6491149893991963,0.0,4.183225884584548,0.0,0.7696936825198277,0.0,3.2529946880877953,0.0,0.9523371027344281,0.0,""
"2026-09-29 14:15:16","git-master-bddc7a050319718b5e4e0856afec0bc9ea96418f","C:\Users\marco\Desktop\ds004507\derivatives\labels\sub-010\ses-headNormal\anat\sub-010_ses-headNormal_T2w_seg-manual.nii.gz","821","5","",82.25066787999417,0.0,-1.3409081758418724,0.0,2.8241399088385504,0.0,7.8272396360143635,0.0,8.204710254281084,0.0,12.904673394581092,0.0,3.656391711734821,0.0,4.170847924279542,0.0,0.7718570959201111,0.0,2.672559711512057,0.0,0.9475879233577471,0.0,""
"2026-09-29 14:15:16","git-master-bddc7a050319718b5e4e0856afec0bc9ea96418f","C:\Users\marco\Desktop\ds004507\derivatives\labels\sub-010\ses-headNormal\anat\sub-010_ses-headNormal_T2w_seg-manual.nii.gz","822","5","",81.73655420284847,0.0,-1.3728312417622621,0.0,2.711294225998772,0.0,7.826843299262258,0.0,8.103580289409313,0.0,12.920023732657421,0.0,3.5946482584109853,0.0,4.2321950408512725,0.0,0.778819312903704,0.0,2.5295305867025655,0.0,0.9482950088668615,0.0,""
"2026-09-29 14:15:16","git-master-bddc7a050319718b5e4e0856afec0bc9ea96418f","C:\Users\marco\Desktop\ds004507\derivatives\labels\sub-010\ses-headNormal\anat\sub-010_ses-headNormal_T2w_seg-manual.nii.gz","823","5","",81.53908351043385,0.0,-1.4044144307429742,0.0,2.5990553732612813,0.0,7.764224841213135,0.0,8.085959186270943,0.0,12.885386058854765,0.0,3.5774881448233256,0.0,4.18673669638981,0.0,0.7785758907831054,0.0,2.691522923689467,0.0,0.9484621883570837,0.0,""
"2026-09-29 14:15:16","git-master-bddc7a050319718b5e4e0856afec0bc9ea96418f","C:\Users\marco\Desktop\ds004507\derivatives\labels\sub-010\ses-headNormal\anat\sub-010_ses-headNormal_T2w_seg-manual.nii.gz","824","5","",81.25041333819568,0.0,-1.4356577508432402,0.0,2.487424417066104,0.0,7.653000821082237,0.0,8.091073084809365,0.0,12.835214431940248,0.0,3.568956745399694,0.0,4.084044075682543,0.0,0.7762858434329953,0.0,3.1674286703806915,0.0,0.9433130317207966,0.0,""
"2026-09-29 14:15:16","git-master-bddc7a050319718b5e4e0856afec0bc9ea96418f","C:\Users\marco\Desktop\ds004507\derivatives\labels\sub-010\ses-headNormal\anat\sub-010_ses-headNormal_T2w_seg-manual.nii.gz","825","5","",80.91611797701064,0.0,-1.4665612108228863,0.0,2.376402401202395,0.0,7.579921317460103,0.0,8.065522293537247,0.0,12.827440928025696,0.0,3.5492364659922457,0.0,4.030684851467858,0.0,0.7775738512234062,0.0,3.8819973424321903,0.0,0.9393480775957166,0.0,""
"2026-09-29 14:15:16","git-master-bddc7a050319718b5e4e0856afec0bc9ea96418f","C:\Users\marco\Desktop\ds004507\derivatives\labels\sub-010\ses-headNormal\anat\sub-010_ses-headNormal_T2w_seg-manual.nii.gz","826","5","",81.02358100301095,0.0,-1.4971248201242118,0.0,2.2659903469815834,0.0,7.623075593948603,0.0,8.038749066796704,0.0,12.86722633236034,0.0,3.5521545811735087,0.0,4.070921012775095,0.0,0.7807948728526957,0.0,4.573195343534867,0.0,0.948009618827288,0.0,""
"2026-09-29 14:15:16","git-master-bddc7a050319718b5e4e0856afec0bc9ea96418f","C:\Users\marco\Desktop\ds004507\derivatives\labels\sub-010\ses-headNormal\anat\sub-010_ses-headNormal_T2w_seg-manual.nii.gz","827","5","",79.49898422088417,0.0,-1.527317695681443,0.0,2.156244919041748,0.0,7.521761146079947,0.0,8.04142393553509,0.0,12.648863727441203,0.0,3.5463983505219647,0.0,3.975362795557982,0.0,0.7718774269943249,0.0,4.623640094451011,0.0,0.9416346498113415,0.0,""
"2026-09-29 14:15:16","git-master-bddc7a050319718b5e4e0856afec0bc9ea96418f","C:\Users\marco\Desktop\ds004507\derivatives\labels\sub-010\ses-headNormal\anat\sub-010_ses-headNormal_T2w_seg-manual.nii.gz","828","5","",79.39011192948198,0.0,-1.5571244065825085,0.0,2.047195311487415,0.0,7.706419373907806,0.0,8.08849879342095,0.0,12.524228665646422,0.0,3.6662598950963696,0.0,4.040159478811437,0.0,0.7634369361953378,0.0,3.993201716746099,0.0,0.9486747031803178,0.0,""
"2026-09-29 14:15:16","git-master-bddc7a050319718b5e4e0856afec0bc9ea96418f","C:\Users\marco\Desktop\ds004507\derivatives\labels\sub-010\ses-headNormal\anat\sub-010_ses-headNormal_T2w_seg-manual.nii.gz","829","5","",80.0741863777086,0.0,-1.5865913066462054,0.0,1.9387591241926263,0.0,7.713706354491277,0.0,8.045735003907305,0.0,12.698688097666627,0.0,3.719369282445862,0.0,3.994337072045416,0.0,0.7734127347822985,0.0,3.7256707975749004,0.0,0.9477739599916335,0.0,""
"2026-09-29 14:15:16","git-master-bddc7a050319718b5e4e0856afec0bc9ea96418f","C:\Users\marco\Desktop\ds004507\derivatives\labels\sub-010\ses-headNormal\anat\sub-010_ses-headNormal_T2w_seg-manual.nii.gz","830","5","",79.63612240310236,0.0,-1.615718408535294,0.0,1.8309372640434867,0.0,7.734256553650885,0.0,8.070389669982736,0.0,12.632173299386222,0.0,3.7827568984596924,0.0,3.9514996551911934,0.0,0.7688567730919302,0.0,3.541551998673349,0.0,0.9489273629584998,0.0,""
"2026-09-29 14:15:16","git-master-bddc7a050319718b5e4e0856afec0bc9ea96418f","C:\Users\marco\Desktop\ds004507\derivatives\labels\sub-010\ses-headNormal\anat\sub-010_ses-headNormal_T2w_seg-manual.nii.gz","831","5","",78.57278108661987,0.0,-1.6445057254576065,0.0,1.7237306168312905,0.0,7.816927619262358,0.0,8.1419193748485,0.0,12.379876189817924,0.0,3.8743242100024826,0.0,3.942603409259875,0.0,0.7532729291168763,0.0,3.6311830474660787,0.0,0.9599196503413467,0.0,""
"2026-09-29 14:15:16","git-master-bddc7a050319718b5e4e0856afec0bc9ea96418f","C:\Users\marco\Desktop\ds004507\derivatives\labels\sub-010\ses-headNormal\anat\sub-010_ses-headNormal_T2w_seg-manual.nii.gz","832","5","",78.3478724473405,0.0,-1.6729532711492119,0.0,1.6171400474309519,0.0,7.8779944468637515,0.0,8.154488044857041,0.0,12.297973158598305,0.0,3.9477861845235487,0.0,3.9302082623402024,0.0,0.7485522710073884,0.0,4.145404718577271,0.0,0.9766021453215517,0.0,""
"2026-09-29 14:15:16","git-master-bddc7a050319718b5e4e0856afec0bc9ea96418f","C:\Users\marco\Desktop\ds004507\derivatives\labels\sub-010\ses-headNormal\anat\sub-010_ses-headNormal_T2w_seg-manual.nii.gz","833","5","",78.35072560114872,0.0,-1.7010610598576523,0.0,1.5111663999796552,0.0,7.8781072801073915,0.0,8.156032279682305,0.0,12.302746695886919,0.0,3.953158701486316,0.0,3.9249485786210756,0.0,0.7486689749804866,0.0,4.105157683710364,0.0,0.9758976270344142,0.0,""
"2026-09-29 14:15:16","git-master-bddc7a050319718b5e4e0856afec0bc9ea96418f","C:\Users\marco\Desktop\ds004507\derivatives\labels\sub-010\ses-headNormal\anat\sub-010_ses-headNormal_T2w_seg-manual.nii.gz","834","4","",78.35369388619988,0.0,-1.733879830755006,0.0,1.3864668785004535,0.0,7.878857583488298,0.0,8.157147753854778,0.0,12.306332006354248,0.0,3.9593063674067874,0.0,3.9195512160815102,0.0,0.7487597249484571,0.0,4.153366401259162,0.0,0.975906607054148,0.0,""
"2026-09-29 14:15:16","git-master-bddc7a050319718b5e4e0856afec0bc9ea96418f","C:\Users\marco\Desktop\ds004507\derivatives\labels\sub-010\ses-headNormal\anat\sub-010_ses-headNormal_T2w_seg-manual.nii.gz","835","4","",78.57691987825281,0.0,-1.7536337751913973,0.0,1.3108118331285739,0.0,7.874833620816501,0.0,8.20131354391258,0.0,12.275058002952843,0.0,3.9006053712289868,0.0,3.9742282495875143,0.0,0.7440167691544656,0.0,3.2799641274403974,0.0,0.9770803795314763,0.0,""
"2026-09-29 14:15:16","git-master-bddc7a050319718b5e4e0856afec0bc9ea96418f","C:\Users\marco\Desktop\ds004507\derivatives\labels\sub-010\ses-headNormal\anat\sub-010_ses-headNormal_T2w_seg-manual.nii.gz","836","4","",78.71945714576431,0.0,-1.7732779187200394,0.0,1.2353571842715843,0.0,7.8723975531496615,0.0,8.229425902062541,0.0,12.255882296396328,0.0,3.864383666603472,0.0,4.008013886546189,0.0,0.7410340459338549,0.0,2.7311569609265085,0.0,0.9778016396158539,0.0,""
"2026-09-29 14:15:16","git-master-bddc7a050319718b5e4e0856afec0bc9ea96418f","C:\Users\marco\Desktop\ds004507\derivatives\labels\sub-010\ses-headNormal\anat\sub-010_ses-headNormal_T2w_seg-manual.nii.gz","837","4","",78.7207891453283,0.0,-1.7927299106601207,0.0,1.1602532293156522,0.0,7.872740301741497,0.0,8.229444754373784,0.0,12.257878609318373,0.0,3.867500722194458,0.0,4.005239579547039,0.0,0.741131729716661,0.0,2.7503912321961512,0.0,0.9777310030125672,0.0,""
"2026-09-29 14:15:16","git-master-bddc7a050319718b5e4e0856afec0bc9ea96418f","C:\Users\marco\Desktop\ds004507\derivatives\labels\sub-010\ses-headNormal\anat\sub-010_ses-headNormal_T2w_seg-manual.nii.gz","838","4","",78.72194897196333,0.0,-1.8119623147982913,0.0,1.0855506789385434,0.0,7.8766873910821396,0.0,8.217708502315556,0.0,12.27315869430115,0.0,3.91944097831488,0.0,3.9572464127672595,0.0,0.7427440848213989,0.0,3.2264791654511105,0.0,0.9777117384843982,0.0,""
"2026-09-29 14:15:16","git-master-bddc7a050319718b5e4e0856afec0bc9ea96418f","C:\Users\marco\Desktop\ds004507\derivatives\labels\sub-010\ses-headNormal\anat\sub-010_ses-headNormal_T2w_seg-manual.nii.gz","839","4","",78.74317540630317,0.0,-1.8310849268426215,0.0,1.011048904451256,0.0,7.881289315449236,0.0,8.205576904122015,0.0,12.291186296479806,0.0,3.977755668937897,0.0,3.9035336465113395,0.0,0.7445203408192146,0.0,3.788202875672373,0.0,0.9778114292819042,0.0,""
"2026-09-29 14:15:16","git-master-bddc7a050319718b5e4e0856afec0bc9ea96418f","C:\Users\marco\Desktop\ds004507\derivatives\labels\sub-010\ses-headNormal\anat\sub-010_ses-headNormal_T2w_seg-manual.nii.gz","840","4","",78.96571356617478,0.0,-1.849933072205714,0.0,0.9370496216915936,0.0,7.878923312272843,0.0,8.233573485960864,0.0,12.286874925389498,0.0,3.9167277026014764,0.0,3.9621956096713657,0.0,0.7422555882905649,0.0,3.493083123111726,0.0,0.9789080280544702,0.0,""
"2026-09-29 14:15:16","git-master-bddc7a050319718b5e4e0856afec0bc9ea96418f","C:\Users\marco\Desktop\ds004507\derivatives\labels\sub-010\ses-headNormal\anat\sub-010_ses-headNormal_T2w_seg-manual.nii.gz","841","4","",79.17947640762696,0.0,-1.8686439935214216,0.0,0.8633019388121562,0.0,7.910636136886577,0.0,8.26443578486364,0.0,12.275785574704505,0.0,3.912506731593164,0.0,3.998129405293413,0.0,0.7394196492575947,0.0,3.3658603195711976,0.0,0.9754080434331834,0.0,""
"2026-09-29 14:15:16","git-master-bddc7a050319718b5e4e0856afec0bc9ea96418f","C:\Users\marco\Desktop\ds004507\derivatives\labels\sub-010\ses-headNormal\anat\sub-010_ses-headNormal_T2w_seg-manual.nii.gz","842","4","",79.38270886697583,0.0,-1.8871902459802676,0.0,0.789856175788989,0.0,7.983243554848466,0.0,8.298736944243123,0.0,12.256562648505891,0.0,3.976454154978581,0.0,4.006789399869885,0.0,0.7358982864194399,0.0,3.440113854854811,0.0,0.9663921587392733,0.0,""
"2026-09-29 14:15:16","git-master-bddc7a050319718b5e4e0856afec0bc9ea96418f","C:\Users\marco\Desktop\ds004507\derivatives\labels\sub-010\ses-headNormal\anat\sub-010_ses-headNormal_T2w_seg-manual.nii.gz","843","4","",79.25424769630568,0.0,-1.9054895123110187,0.0,0.7168639050209087,0.0,7.937395201884126,0.0,8.276397214005208,0.0,12.269435765146657,0.0,3.9389245509133177,0.0,3.998470650970808,0.0,0.7382085959155669,0.0,3.409447530360487,0.0,0.9723109971465171,0.0,""
"2026-09-29 14:15:16","git-master-bddc7a050319718b5e4e0856afec0bc9ea96418f","C:\Users\marco\Desktop\ds004507\derivatives\labels\sub-010\ses-headNormal\anat\sub-010_ses-headNormal_T2w_seg-manual.nii.gz","844","4","",79.12570756765054,0.0,-1.923679010929891,0.0,0.6440733170611689,0.0,7.891411241177038,0.0,8.254049578467855,0.0,12.28237595946282,0.0,3.901199630884069,0.0,3.990211610292969,0.0,0.7405232919667057,0.0,3.3603417209333353,0.0,0.9784367741463889,0.0,""
"2026-09-29 14:15:16","git-master-bddc7a050319718b5e4e0856afec0bc9ea96418f","C:\Users\marco\Desktop\ds004507\derivatives\labels\sub-010\ses-headNormal\anat\sub-010_ses-headNormal_T2w_seg-manual.nii.gz","845","4","",79.32850575808199,0.0,-1.9416215409734021,0.0,0.5717368094838751,0.0,7.963272816553813,0.0,8.288307258700444,0.0,12.263521960478908,0.0,3.964072816467564,0.0,3.9992000000862493,0.0,0.7370260551811171,0.0,3.3331780890863905,0.0,0.9705590517119327,0.0,""
"2026-09-29 14:15:16","git-master-bddc7a050319718b5e4e0856afec0bc9ea96418f","C:\Users\marco\Desktop\ds004507\derivatives\labels\sub-010\ses-headNormal\anat\sub-010_ses-headNormal_T2w_seg-manual.nii.gz","846","4","",79.17894465264536,0.0,-1.9593994372433259,0.0,0.4997033982946564,0.0,7.993653241991895,0.0,8.301042660422311,0.0,12.224497985015754,0.0,3.9914837101700313,0.0,4.002169531821864,0.0,0.7340800592132615,0.0,2.9736030321459817,0.0,0.9656247741333089,0.0,""
"2026-09-29 14:15:16","git-master-bddc7a050319718b5e4e0856afec0bc9ea96418f","C:\Users\marco\Desktop\ds004507\derivatives\labels\sub-010\ses-headNormal\anat\sub-010_ses-headNormal_T2w_seg-manual.nii.gz","847","4","",78.73575080065199,0.0,-1.9770401387019267,0.0,0.42792256742883367,0.0,7.989466042481066,0.0,8.29584283005191,0.0,12.168665695819898,0.0,3.9893426939716417,0.0,4.000123348509424,0.0,0.7315934305935168,0.0,2.337018454294352,0.0,0.9631433672678791,0.0,""
"2026-09-29 14:15:16","git-master-bddc7a050319718b5e4e0856afec0bc9ea96418f","C:\Users\marco\Desktop\ds004507\derivatives\labels\sub-010\ses-headNormal\anat\sub-010_ses-headNormal_T2w_seg-manual.nii.gz","848","4","",78.29237337574166,0.0,-1.9944064708095508,0.0,0.35664749797372375,0.0,7.988680590479088,0.0,8.29773244360569,0.0,12.098270821133884,0.0,3.9885655747493574,0.0,4.000115015729731,0.0,0.7277009650407166,0.0,2.1918390405997417,0.0,0.9601752012485119,0.0,""
"2026-09-29 14:15:16","git-master-bddc7a050319718b5e4e0856afec0bc9ea96418f","C:\Users\marco\Desktop\ds004507\derivatives\labels\sub-010\ses-headNormal\anat\sub-010_ses-headNormal_T2w_seg-manual.nii.gz","849","4","",78.09066128850121,0.0,-2.0116630613574022,0.0,0.28557490561313426,0.0,8.009257046094651,0.0,8.313087603140175,0.0,12.04513127058882,0.0,3.988553992125072,0.0,4.02070305396958,0.0,0.7236457597111581,0.0,2.250239143812979,0.0,0.9582957221678232,0.0,""
"2026-09-29 14:15:16","git-master-bddc7a050319718b5e4e0856afec0bc9ea96418f","C:\Users\marco\Desktop\ds004507\derivatives\labels\sub-010\ses-headNormal\anat\sub-010_ses-headNormal_T2w_seg-manual.nii.gz","850","4","",78.53343905449167,0.0,-2.0287001729061207,0.0,0.2149073824617424,0.0,8.085891456021294,0.0,8.362460366910089,0.0,12.041889273883667,0.0,3.9902201345684873,0.0,4.095671321452808,0.0,0.7195314714923925,0.0,2.720476581671938,0.0,0.9594492106979938,0.0,""
"2026-09-29 14:15:16","git-master-bddc7a050319718b5e4e0856afec0bc9ea96418f","C:\Users\marco\Desktop\ds004507\derivatives\labels\sub-010\ses-headNormal\anat\sub-010_ses-headNormal_T2w_seg-manual.nii.gz","851","4","",78.83507705861521,0.0,-2.045545254958732,0.0,0.14459467979746682,0.0,8.175122774393689,0.0,8.417811956117449,0.0,12.008333918006295,0.0,3.99218074119683,0.0,4.182942033196859,0.0,0.7130882192029104,0.0,2.8537007081786263,0.0,0.9636302368124612,0.0,""
"2026-09-29 14:15:16","git-master-bddc7a050319718b5e4e0856afec0bc9ea96418f","C:\Users\marco\Desktop\ds004507\derivatives\labels\sub-010\ses-headNormal\anat\sub-010_ses-headNormal_T2w_seg-manual.nii.gz","852","4","",79.05606377024337,0.0,-2.062280605870711,0.0,0.07448473169725771,0.0,8.271552326163656,0.0,8.476580017003352,0.0,11.95745664260194,0.0,3.994309613073702,0.0,4.2772427130899535,0.0,0.7053141303015903,0.0,2.794345799626875,0.0,0.9695412844036697,0.0,""
"2026-09-29 14:15:16","git-master-bddc7a050319718b5e4e0856afec0bc9ea96418f","C:\Users\marco\Desktop\ds004507\derivatives\labels\sub-010\ses-headNormal\anat\sub-010_ses-headNormal_T2w_seg-manual.nii.gz","853","4","",79.05527030433998,0.0,-2.0787142194198704,0.0,0.004932936320889994,0.0,8.271513000148373,0.0,8.476580017003352,0.0,11.95745664260194,0.0,3.994350426477574,0.0,4.277162573670798,0.0,0.7053141303015903,0.0,2.794345799626875,0.0,0.9695412844036697,0.0,""
"2026-09-29 14:15:16","git-master-bddc7a050319718b5e4e0856afec0bc9ea96418f","C:\Users\marco\Desktop\ds004507\derivatives\labels\sub-010\ses-headNormal\anat\sub-010_ses-headNormal_T2w_seg-manual.nii.gz","854","4","",78.81258121423475,0.0,-2.0950381188456446,0.0,-0.06441569407867055,0.0,8.273172971709233,0.0,8.475717913706134,0.0,11.92112286948497,0.0,4.015198528366183,0.0,4.25797444334305,0.0,0.703163644306663,0.0,2.60467735580741,0.0,0.9682285817112917,0.0,""
"2026-09-29 14:15:16","git-master-bddc7a050319718b5e4e0856afec0bc9ea96418f","C:\Users\marco\Desktop\ds004507\derivatives\labels\sub-010\ses-headNormal\anat\sub-010_ses-headNormal_T2w_seg-manual.nii.gz","855","4","",78.14657478177631,0.0,-2.111170018555493,0.0,-0.13340878576881857,0.0,8.277806714028348,0.0,8.473347129638787,0.0,11.8212049934133,0.0,4.07245938510308,0.0,4.205347328925266,0.0,0.6972498078206132,0.0,2.0830891353038816,0.0,0.9646186493072519,0.0,""
"2026-09-29 14:15:16","git-master-bddc7a050319718b5e4e0856afec0bc9ea96418f","C:\Users\marco\Desktop\ds004507\derivatives\labels\sub-010\ses-headNormal\anat\sub-010_ses-headNormal_T2w_seg-manual.nii.gz","856","4","",77.96410777883666,0.0,-2.1270825072814903,0.0,-0.20199516586414537,0.0,8.279112964405567,0.0,8.47245198444946,0.0,11.793561996701643,0.0,4.08769662745,0.0,4.191416336955567,0.0,0.695634007826112,0.0,1.9306792580339087,0.0,0.9635793337716415,0.0,""
"2026-09-29 14:15:16","git-master-bddc7a050319718b5e4e0856afec0bc9ea96418f","C:\Users\marco\Desktop\ds004507\derivatives\labels\sub-010\ses-headNormal\anat\sub-010_ses-headNormal_T2w_seg-manual.nii.gz","857","4","",77.98309504106847,0.0,-2.142885292689527,0.0,-0.2703781447934893,0.0,8.286670118615167,0.0,8.478241493040523,0.0,11.78768143772641,0.0,4.0874048712769895,0.0,4.199265247338177,0.0,0.6947299240997526,0.0,1.9513110511601095,0.0,0.9634872233502448,0.0,""
"2026-09-29 14:15:16","git-master-bddc7a050319718b5e4e0856afec0bc9ea96418f","C:\Users\marco\Desktop\ds004507\derivatives\labels\sub-010\ses-headNormal\anat\sub-010_ses-headNormal_T2w_seg-manual.nii.gz","858","4","",78.20335209431929,0.0,-2.158413836107404,0.0,-0.338252280543584,0.0,8.369214405930684,0.0,8.545343893642915,0.0,11.728394458515357,0.0,4.089411683867112,0.0,4.279802722063573,0.0,0.6848253662115058,0.0,2.317940761122213,0.0,0.9632273508143775,0.0,""
"2026-09-29 14:15:16","git-master-bddc7a050319718b5e4e0856afec0bc9ea96418f","C:\Users\marco\Desktop\ds004507\derivatives\labels\sub-010\ses-headNormal\anat\sub-010_ses-headNormal_T2w_seg-manual.nii.gz","859","4","",78.32281758983123,0.0,-2.173805269464526,0.0,-0.40587177931591184,0.0,8.414182222637258,0.0,8.581945203062402,0.0,11.696056106218418,0.0,4.090066831989775,0.0,4.324115390647483,0.0,0.6794228800906439,0.0,2.517920602919724,0.0,0.9630856021584498,0.0,""
"2026-09-29 14:15:16","git-master-bddc7a050319718b5e4e0856afec0bc9ea96418f","C:\Users\marco\Desktop\ds004507\derivatives\labels\sub-010\ses-headNormal\anat\sub-010_ses-headNormal_T2w_seg-manual.nii.gz","860","4","",78.32133321605652,0.0,-2.1890321707487406,0.0,-0.47318571371491935,0.0,8.414058274613096,0.0,8.581945203062402,0.0,11.696056106218418,0.0,4.089099982751486,0.0,4.324958291861611,0.0,0.6794228800906439,0.0,2.517920602919724,0.0,0.9630856021584498,0.0,""
"2026-09-29 14:15:16","git-master-bddc7a050319718b5e4e0856afec0bc9ea96418f","C:\Users\marco\Desktop\ds004507\derivatives\labels\sub-010\ses-headNormal\anat\sub-010_ses-headNormal_T2w_seg-manual.nii.gz","861","4","",77.95717274724556,0.0,-2.204012293693213,0.0,-0.5400409340643321,0.0,8.359364216429531,0.0,8.58745779950265,0.0,11.639115223400358,0.0,4.08484230960731,0.0,4.274521906822222,0.0,0.6749592962274837,0.0,1.8314637348672087,0.0,0.9670663253522812,0.0,""
"2026-09-29 14:15:16","git-master-bddc7a050319718b5e4e0856afec0bc9ea96418f","C:\Users\marco\Desktop\ds004507\derivatives\labels\sub-010\ses-headNormal\anat\sub-010_ses-headNormal_T2w_seg-manual.nii.gz","862","4","",77.55267618870894,0.0,-2.2188827417821906,0.0,-0.6066922042386719,0.0,8.318852130623949,0.0,8.586766229947365,0.0,11.584326301493645,0.0,4.080575912292577,0.0,4.238276218331371,0.0,0.6712330363873835,0.0,1.1182903434978348,0.0,0.9713044306938069,0.0,""
"2026-09-29 14:15:16","git-master-bddc7a050319718b5e4e0856afec0bc9ea96418f","C:\Users\marco\Desktop\ds004507\derivatives\labels\sub-010\ses-headNormal\anat\sub-010_ses-headNormal_T2w_seg-manual.nii.gz","863","4","",77.32934332144312,0.0,-2.233506431361184,0.0,-0.6728844126747782,0.0,8.396729030678694,0.0,8.552643316971938,0.0,11.596162086506046,0.0,4.079561080116234,0.0,4.31716795056246,0.0,0.6752883185142137,0.0,0.9713494652551293,0.0,0.9727200325061255,0.0,""
"2026-09-29 14:15:16","git-master-bddc7a050319718b5e4e0856afec0bc9ea96418f","C:\Users\marco\Desktop\ds004507\derivatives\labels\sub-010\ses-headNormal\anat\sub-010_ses-headNormal_T2w_seg-manual.nii.gz","864","4","",77.34761473862245,0.0,-2.247965628508692,0.0,-0.7387703610892513,0.0,8.431475256107293,0.0,8.571268009207575,0.0,11.568710500752319,0.0,4.113507243508893,0.0,4.3179680125984,0.0,0.6714971145502168,0.0,1.5576680562077394,0.0,0.9700663305333843,0.0,""
"2026-09-29 14:15:16","git-master-bddc7a050319718b5e4e0856afec0bc9ea96418f","C:\Users\marco\Desktop\ds004507\derivatives\labels\sub-010\ses-headNormal\anat\sub-010_ses-headNormal_T2w_seg-manual.nii.gz","865","4","",77.56722305950608,0.0,-2.2622877486299626,0.0,-0.8044010928190302,0.0,8.43027925268077,0.0,8.633849039119102,0.0,11.508519439360153,0.0,4.176587569875724,0.0,4.253691682805046,0.0,0.6611671721771971,0.0,2.755036204823118,0.0,0.9640215420730933,0.0,""
"2026-09-29 14:15:16","git-master-bddc7a050319718b5e4e0856afec0bc9ea96418f","C:\Users\marco\Desktop\ds004507\derivatives\labels\sub-010\ses-headNormal\anat\sub-010_ses-headNormal_T2w_seg-manual.nii.gz","866","4","",77.38390471266523,0.0,-2.2763357367756134,0.0,-0.8695210475075205,0.0,8.432109094559536,0.0,8.641423826364536,0.0,11.473613671186936,0.0,4.123857518566571,0.0,4.308251575992965,0.0,0.6578305839190838,0.0,2.43850258283808,0.0,0.9666649066104243,0.0,""
"2026-09-29 14:15:16","git-master-bddc7a050319718b5e4e0856afec0bc9ea96418f","C:\Users\marco\Desktop\ds004507\derivatives\labels\sub-010\ses-headNormal\anat\sub-010_ses-headNormal_T2w_seg-manual.nii.gz","867","4","",77.03943345548582,0.0,-2.2902740787475366,0.0,-0.9344365944733717,0.0,8.416358276669548,0.0,8.614793608301238,0.0,11.458363961752699,0.0,4.0756479044027305,0.0,4.340710372266816,0.0,0.6592629907573881,0.0,1.668313052872349,0.0,0.969391302057206,0.0,""
"2026-09-29 14:15:16","git-master-bddc7a050319718b5e4e0856afec0bc9ea96418f","C:\Users\marco\Desktop\ds004507\derivatives\labels\sub-010\ses-headNormal\anat\sub-010_ses-headNormal_T2w_seg-manual.nii.gz","868","4","",76.37266821546348,0.0,-2.303993132783018,0.0,-0.9989432613898624,0.0,8.352918807314802,0.0,8.511618374125614,0.0,11.488787664097368,0.0,4.070375556673323,0.0,4.28254325064148,0.0,0.6715478234221643,0.0,0.0920815737848959,0.0,0.9700222724631573,0.0,""
"2026-09-29 14:15:16","git-master-bddc7a050319718b5e4e0856afec0bc9ea96418f","C:\Users\marco\Desktop\ds004507\derivatives\labels\sub-010\ses-headNormal\anat\sub-010_ses-headNormal_T2w_seg-manual.nii.gz","869","4","",76.41064971790263,0.0,-2.317520325277596,0.0,-1.0630919462927964,0.0,8.329653843301191,0.0,8.511931840058594,0.0,11.494493724215628,0.0,4.067238724354415,0.0,4.262415118946776,0.0,0.6719942011906666,0.0,0.04312230390072219,0.0,0.9717884581921695,0.0,""
"2026-09-29 14:15:16","git-master-bddc7a050319718b5e4e0856afec0bc9ea96418f","C:\Users\marco\Desktop\ds004507\derivatives\labels\sub-010\ses-headNormal\anat\sub-010_ses-headNormal_T2w_seg-manual.nii.gz","870","4","",76.8513436446055,0.0,-2.330937882605944,0.0,-1.1270360700451263,0.0,8.329345739482513,0.0,8.571381706053634,0.0,11.486075417347372,0.0,4.065322186555795,0.0,4.2640235529267185,0.0,0.6656757475898692,0.0,0.8668900107041493,0.0,0.9742033383915023,0.0,""
"2026-09-29 14:15:16","git-master-bddc7a050319718b5e4e0856afec0bc9ea96418f","C:\Users\marco\Desktop\ds004507\derivatives\labels\sub-010\ses-headNormal\anat\sub-010_ses-headNormal_T2w_seg-manual.nii.gz","871","3","",76.84730093411447,0.0,-2.352400566727805,0.0,-1.2307508742396402,0.0,8.449894477611485,0.0,8.54190707331954,0.0,11.517026344188503,0.0,4.162403393634064,0.0,4.287491083977421,0.0,0.6707578263218271,0.0,1.2050723750801204,0.0,0.9668674698795181,0.0,""
"2026-09-29 14:15:16","git-master-bddc7a050319718b5e4e0856afec0bc9ea96418f","C:\Users\marco\Desktop\ds004507\derivatives\labels\sub-010\ses-headNormal\anat\sub-010_ses-headNormal_T2w_seg-manual.nii.gz","872","3","",75.67606424206657,0.0,-2.3692925871185957,0.0,-1.3135565839423184,0.0,8.361972133504384,0.0,8.471485541165356,0.0,11.435429757602913,0.0,4.164737091693517,0.0,4.197235041810868,0.0,0.6717155125551397,0.0,3.170637585080832,0.0,0.967458760212661,0.0,""
"2026-09-29 14:15:16","git-master-bddc7a050319718b5e4e0856afec0bc9ea96418f","C:\Users\marco\Desktop\ds004507\derivatives\labels\sub-010\ses-headNormal\anat\sub-010_ses-headNormal_T2w_seg-manual.nii.gz","873","3","",76.05509187806781,0.0,-2.385883182786966,0.0,-1.3957988796811933,0.0,8.332593465888438,0.0,8.467552904151638,0.0,11.499464833910668,0.0,4.160646247025531,0.0,4.171947218862908,0.0,0.67656835906684,0.0,3.307847192494395,0.0,0.9660066866233619,0.0,""
"2026-09-29 14:15:16","git-master-bddc7a050319718b5e4e0856afec0bc9ea96418f","C:\Users\marco\Desktop\ds004507\derivatives\labels\sub-010\ses-headNormal\anat\sub-010_ses-headNormal_T2w_seg-manual.nii.gz","874","3","",76.17228964089632,0.0,-2.402172369883388,0.0,-1.4774775916520653,0.0,8.330159712341752,0.0,8.470004955334002,0.0,11.50842431819317,0.0,4.157038860623674,0.0,4.173120851718078,0.0,0.6769740836647284,0.0,3.6342683846824584,0.0,0.9668555058549777,0.0,""
"2026-09-29 14:15:16","git-master-bddc7a050319718b5e4e0856afec0bc9ea96418f","C:\Users\marco\Desktop\ds004507\derivatives\labels\sub-010\ses-headNormal\anat\sub-010_ses-headNormal_T2w_seg-manual.nii.gz","875","3","",75.98733212735642,0.0,-2.4181601644854,0.0,-1.5585925572552999,0.0,8.359798926658698,0.0,8.482228484818695,0.0,11.454206351202286,0.0,4.176809018504001,0.0,4.182989908154696,0.0,0.6720129089504246,0.0,4.325126041301962,0.0,0.9703986467411795,0.0,""
"2026-09-29 14:15:16","git-master-bddc7a050319718b5e4e0856afec0bc9ea96418f","C:\Users\marco\Desktop\ds004507\derivatives\labels\sub-010\ses-headNormal\anat\sub-010_ses-headNormal_T2w_seg-manual.nii.gz","876","3","",76.80886851455186,0.0,-2.433846582596376,0.0,-1.639143621074277,0.0,8.446974852663416,0.0,8.550897738286547,0.0,11.482265593200804,0.0,4.248951642490688,0.0,4.198023210172728,0.0,0.6673886360078685,0.0,4.0785346433027705,0.0,0.9736462436597436,0.0,""
"2026-09-29 14:15:16","git-master-bddc7a050319718b5e4e0856afec0bc9ea96418f","C:\Users\marco\Desktop\ds004507\derivatives\labels\sub-010\ses-headNormal\anat\sub-010_ses-headNormal_T2w_seg-manual.nii.gz","877","3","",76.2210753480748,0.0,-2.4491494588848512,0.0,-1.718976736716677,0.0,8.358387879870115,0.0,8.468561970746388,0.0,11.500701718864617,0.0,4.242669296030942,0.0,4.115718583839173,0.0,0.6765714231200691,0.0,3.685220675906886,0.0,0.9730282770033456,0.0,""
"2026-09-29 14:15:16","git-master-bddc7a050319718b5e4e0856afec0bc9ea96418f","C:\Users\marco\Desktop\ds004507\derivatives\labels\sub-010\ses-headNormal\anat\sub-010_ses-headNormal_T2w_seg-manual.nii.gz","878","3","",75.86443755602097,0.0,-2.464137307012827,0.0,-1.7982199095032247,0.0,8.349092598001503,0.0,8.473355741898958,0.0,11.437485020665722,0.0,4.236249372264451,0.0,4.112843225737052,0.0,0.6716217657588853,0.0,3.5545935021918393,0.0,0.9667924526227879,0.0,""
"2026-09-29 14:15:16","git-master-bddc7a050319718b5e4e0856afec0bc9ea96418f","C:\Users\marco\Desktop\ds004507\derivatives\labels\sub-010\ses-headNormal\anat\sub-010_ses-headNormal_T2w_seg-manual.nii.gz","879","3","",75.72923995606294,0.0,-2.478823840384433,0.0,-1.8768986635756344,0.0,8.347659168971363,0.0,8.492151138382999,0.0,11.3847400224112,0.0,4.179073869124368,0.0,4.168585299846996,0.0,0.6660231945072133,0.0,4.307305526194009,0.0,0.9662241773878137,0.0,""
"2026-09-29 14:15:16","git-master-bddc7a050319718b5e4e0856afec0bc9ea96418f","C:\Users\marco\Desktop\ds004507\derivatives\labels\sub-010\ses-headNormal\anat\sub-010_ses-headNormal_T2w_seg-manual.nii.gz","880","3","",75.99687067171043,0.0,-2.493209074369609,0.0,-1.955012888570117,0.0,8.335121902340072,0.0,8.461047878391241,0.0,11.445689637607344,0.0,4.1275012278738465,0.0,4.207620674466226,0.0,0.6729136285554799,0.0,5.0770470483686605,0.0,0.9691970298368519,0.0,""
"2026-09-29 14:15:16","git-master-bddc7a050319718b5e4e0856afec0bc9ea96418f","C:\Users\marco\Desktop\ds004507\derivatives\labels\sub-010\ses-headNormal\anat\sub-010_ses-headNormal_T2w_seg-manual.nii.gz","881","3","",76.70766189224494,0.0,-2.5072930242252625,0.0,-2.0325624806028872,0.0,8.316100170400766,0.0,8.344362125873936,0.0,11.667576301588896,0.0,4.170213782681449,0.0,4.145886387719317,0.0,0.698885215813328,0.0,4.4580005160942,0.0,0.9667316863243598,0.0,""
"2026-09-29 14:15:16","git-master-bddc7a050319718b5e4e0856afec0bc9ea96418f","C:\Users\marco\Desktop\ds004507\derivatives\labels\sub-010\ses-headNormal\anat\sub-010_ses-headNormal_T2w_seg-manual.nii.gz","882","3","",75.24402846860214,0.0,-2.5210072409332067,0.0,-2.109418960905774,0.0,8.230094217439188,0.0,8.356531817129042,0.0,11.425727862881184,0.0,4.081398192577702,0.0,4.148696024861486,0.0,0.6818288495492115,0.0,4.440477875077689,0.0,0.9584856247195919,0.0,""
"2026-09-29 14:15:16","git-master-bddc7a050319718b5e4e0856afec0bc9ea96418f","C:\Users\marco\Desktop\ds004507\derivatives\labels\sub-010\ses-headNormal\anat\sub-010_ses-headNormal_T2w_seg-manual.nii.gz","883","3","",75.2291424785139,0.0,-2.5343928296693217,0.0,-2.1856592107640282,0.0,8.20508970126742,0.0,8.34450473247287,0.0,11.444340980945631,0.0,4.048700652293356,0.0,4.156389048974063,0.0,0.6843320369801568,0.0,4.486006091716831,0.0,0.9634800872709858,0.0,""
"2026-09-29 14:15:16","git-master-bddc7a050319718b5e4e0856afec0bc9ea96418f","C:\Users\marco\Desktop\ds004507\derivatives\labels\sub-010\ses-headNormal\anat\sub-010_ses-headNormal_T2w_seg-manual.nii.gz","884","3","",75.1738790009594,0.0,-2.5474771926056707,0.0,-2.261334502630138,0.0,8.267172299412287,0.0,8.394078256595717,0.0,11.37434015173997,0.0,4.106910510191205,0.0,4.1602617892210825,0.0,0.6744538925085649,0.0,4.056946727790777,0.0,0.9692330190278476,0.0,""
"2026-09-29 14:15:16","git-master-bddc7a050319718b5e4e0856afec0bc9ea96418f","C:\Users\marco\Desktop\ds004507\derivatives\labels\sub-010\ses-headNormal\anat\sub-010_ses-headNormal_T2w_seg-manual.nii.gz","885","3","",75.07849968978391,0.0,-2.5602603441269367,0.0,-2.33644477316522,0.0,8.3373450111018,0.0,8.426809337430308,0.0,11.316071785360304,0.0,4.173463353588026,0.0,4.163881657513772,0.0,0.6671760082458185,0.0,3.5818495387948373,0.0,0.9707237453425478,0.0,""
"2026-09-29 14:15:16","git-master-bddc7a050319718b5e4e0856afec0bc9ea96418f","C:\Users\marco\Desktop\ds004507\derivatives\labels\sub-010\ses-headNormal\anat\sub-010_ses-headNormal_T2w_seg-manual.nii.gz","886","3","",75.36579648827619,0.0,-2.572742298470069,0.0,-2.410989964828687,0.0,8.324139000690908,0.0,8.348988232639648,0.0,11.45737816176824,0.0,4.150786827683607,0.0,4.1733521730072995,0.0,0.6848333933426259,0.0,3.734252369291107,0.0,0.9672989019083781,0.0,""
"2026-09-29 14:15:16","git-master-bddc7a050319718b5e4e0856afec0bc9ea96418f","C:\Users\marco\Desktop\ds004507\derivatives\labels\sub-010\ses-headNormal\anat\sub-010_ses-headNormal_T2w_seg-manual.nii.gz","887","3","",75.65262338351546,0.0,-2.584868313481265,0.0,-2.484867262662993,0.0,8.319640664793585,0.0,8.364997726601201,0.0,11.474405397544126,0.0,4.138179047593381,0.0,4.181461617200204,0.0,0.6844992509957195,0.0,4.414013541546685,0.0,0.9682100214750339,0.0,""
"2026-09-29 14:15:16","git-master-bddc7a050319718b5e4e0856afec0bc9ea96418f","C:\Users\marco\Desktop\ds004507\derivatives\labels\sub-010\ses-headNormal\anat\sub-010_ses-headNormal_T2w_seg-manual.nii.gz","888","3","",74.9335211516157,0.0,-2.596652101980522,0.0,-2.558102290533165,0.0,8.153483789212371,0.0,8.274444084901768,0.0,11.501676527036746,0.0,4.0360579801545065,0.0,4.117425809057865,0.0,0.6945126223634085,0.0,4.017546631763914,0.0,0.9639375272978612,0.0,""
"2026-09-29 14:15:16","git-master-bddc7a050319718b5e4e0856afec0bc9ea96418f","C:\Users\marco\Desktop\ds004507\derivatives\labels\sub-010\ses-headNormal\anat\sub-010_ses-headNormal_T2w_seg-manual.nii.gz","889","3","",74.5966145521125,0.0,-2.6081347472208893,0.0,-2.6304934688559785,0.0,8.069552953161383,0.0,8.200626908772009,0.0,11.557801397187319,0.0,3.978477638125141,0.0,4.0910753150362416,0.0,0.7046060736685754,0.0,3.8013359504967648,0.0,0.9619424351529013,0.0,""
"2026-09-29 14:15:16","git-master-bddc7a050319718b5e4e0856afec0bc9ea96418f","C:\Users\marco\Desktop\ds004507\derivatives\labels\sub-010\ses-headNormal\anat\sub-010_ses-headNormal_T2w_seg-manual.nii.gz","890","3","",74.92348217714168,0.0,-2.6193162623549924,0.0,-2.7018086943019206,0.0,8.169192409823214,0.0,8.24225180669435,0.0,11.564037156140168,0.0,4.074389950082903,0.0,4.09480245974031,0.0,0.701085524746089,0.0,3.3429532037120557,0.0,0.9625792632569907,0.0,""
"2026-09-29 14:15:16","git-master-bddc7a050319718b5e4e0856afec0bc9ea96418f","C:\Users\marco\Desktop\ds004507\derivatives\labels\sub-010\ses-headNormal\anat\sub-010_ses-headNormal_T2w_seg-manual.nii.gz","891","3","",75.4748094371667,0.0,-2.630196660357178,0.0,-2.771877839188493,0.0,8.358571039554713,0.0,8.382069413268548,0.0,11.489227808380667,0.0,4.270968154302638,0.0,4.087602885252075,0.0,0.6837410495323812,0.0,2.2944370728464896,0.0,0.9652168237364225,0.0,""
"2026-09-29 14:15:16","git-master-bddc7a050319718b5e4e0856afec0bc9ea96418f","C:\Users\marco\Desktop\ds004507\derivatives\labels\sub-010\ses-headNormal\anat\sub-010_ses-headNormal_T2w_seg-manual.nii.gz","892","3","",74.03506122190697,0.0,-2.6407348971519164,0.0,-2.840531254385606,0.0,7.906967339520149,0.0,8.166099918855457,0.0,11.588208075404834,0.0,3.8947897723585343,0.0,4.012177567161615,0.0,0.7093841141305459,0.0,2.2371765627115874,0.0,0.972858971823445,0.0,""
"2026-09-29 14:15:16","git-master-bddc7a050319718b5e4e0856afec0bc9ea96418f","C:\Users\marco\Desktop\ds004507\derivatives\labels\sub-010\ses-headNormal\anat\sub-010_ses-headNormal_T2w_seg-manual.nii.gz","893","3","",73.6201346571686,0.0,-2.650917307734399,0.0,-2.9077126798910546,0.0,7.8689737184299675,0.0,8.122780892534669,0.0,11.596111169833572,0.0,3.8552761324718574,0.0,4.01369758595811,0.0,0.7136760230993786,0.0,3.5267099242108566,0.0,0.9780706619882188,0.0,""
"2026-09-29 14:15:16","git-master-bddc7a050319718b5e4e0856afec0bc9ea96418f","C:\Users\marco\Desktop\ds004507\derivatives\labels\sub-010\ses-headNormal\anat\sub-010_ses-headNormal_T2w_seg-manual.nii.gz","894","3","",73.32349283344936,0.0,-2.6607986498064027,0.0,-2.9736488618459695,0.0,7.865794428519475,0.0,8.110532465918645,0.0,11.570010627651618,0.0,3.8463832367120188,0.0,4.019411191807457,0.0,0.7131611865438231,0.0,3.11548525189259,0.0,0.980064252613141,0.0,""
"2026-09-29 14:15:16","git-master-bddc7a050319718b5e4e0856afec0bc9ea96418f","C:\Users\marco\Desktop\ds004507\derivatives\labels\sub-010\ses-headNormal\anat\sub-010_ses-headNormal_T2w_seg-manual.nii.gz","895","3","",73.3889465908726,0.0,-2.6703789350724536,0.0,-3.0383400354921783,0.0,7.86285225287599,0.0,8.110630409079187,0.0,11.580934580450474,0.0,3.838873078649886,0.0,4.023979174226104,0.0,0.7137887497242823,0.0,2.7368174490124253,0.0,0.9811242548784251,0.0,""
"2026-09-29 14:15:16","git-master-bddc7a050319718b5e4e0856afec0bc9ea96418f","C:\Users\marco\Desktop\ds004507\derivatives\labels\sub-010\ses-headNormal\anat\sub-010_ses-headNormal_T2w_seg-manual.nii.gz","896","3","",73.76620749042924,0.0,-2.6796581750323973,0.0,-3.1017864418458645,0.0,7.868292851447579,0.0,8.117023254781897,0.0,11.63278262809109,0.0,3.837960939102846,0.0,4.030331912344733,0.0,0.716308775367883,0.0,3.571426497239588,0.0,0.9825135624284687,0.0,""
"2026-09-29 14:15:16","git-master-bddc7a050319718b5e4e0856afec0bc9ea96418f","C:\Users\marco\Desktop\ds004507\derivatives\labels\sub-010\ses-headNormal\anat\sub-010_ses-headNormal_T2w_seg-manual.nii.gz","897","3","",73.17802188121709,0.0,-2.688609015829363,0.0,-3.1638752267548753,0.0,7.866154505472788,0.0,8.109579404820092,0.0,11.545213355551548,0.0,3.829879158392616,0.0,4.0362753470801715,0.0,0.7117582897982171,0.0,3.3652883388400556,0.0,0.981318198194299,0.0,""
"2026-09-29 14:15:16","git-master-bddc7a050319718b5e4e0856afec0bc9ea96418f","C:\Users\marco\Desktop\ds004507\derivatives\labels\sub-010\ses-headNormal\anat\sub-010_ses-headNormal_T2w_seg-manual.nii.gz","898","3","",73.13312770147989,0.0,-2.6971904270846796,0.0,-3.2244371501534212,0.0,7.851056888218987,0.0,8.046763149538164,0.0,11.615673649922183,0.0,3.902492901384528,0.0,3.9485639868344586,0.0,0.7211117825169447,0.0,4.429636452020206,0.0,0.9743898270564202,0.0,""
"2026-09-29 14:15:16","git-master-bddc7a050319718b5e4e0856afec0bc9ea96418f","C:\Users\marco\Desktop\ds004507\derivatives\labels\sub-010\ses-headNormal\anat\sub-010_ses-headNormal_T2w_seg-manual.nii.gz","899","3","",72.92727945804369,0.0,-2.705470835588157,0.0,-3.283755317355001,0.0,7.860525138332382,0.0,8.030217679603227,0.0,11.594010602993986,0.0,3.9191757536590566,0.0,3.941349384673325,0.0,0.7212841161083313,0.0,4.448937968741359,0.0,0.9738971033446554,0.0,""
"2026-09-29 14:15:16","git-master-bddc7a050319718b5e4e0856afec0bc9ea96418f","C:\Users\marco\Desktop\ds004507\derivatives\labels\sub-010\ses-headNormal\anat\sub-010_ses-headNormal_T2w_seg-manual.nii.gz","900","3","",73.4151828480241,0.0,-2.7134502514108387,0.0,-3.34182999904831,0.0,7.871297277429816,0.0,8.008340207466869,0.0,11.671824763540132,0.0,3.9115328078416427,0.0,3.959764469588173,0.0,0.727155854994124,0.0,4.0995017069405195,0.0,0.9758142689987219,0.0,""
"2026-09-29 14:15:16","git-master-bddc7a050319718b5e4e0856afec0bc9ea96418f","C:\Users\marco\Desktop\ds004507\derivatives\labels\sub-010\ses-headNormal\anat\sub-010_ses-headNormal_T2w_seg-manual.nii.gz","901","3","",74.68736338735509,0.0,-2.7211286843968128,0.0,-3.398661469032723,0.0,7.867476715229446,0.0,7.9611735841001305,0.0,11.898954451454332,0.0,3.906002687398251,0.0,3.9614740278311946,0.0,0.7431781154196152,0.0,3.62606517504612,0.0,0.9755462808936038,0.0,""
"2026-09-29 14:15:16","git-master-bddc7a050319718b5e4e0856afec0bc9ea96418f","C:\Users\marco\Desktop\ds004507\derivatives\labels\sub-010\ses-headNormal\anat\sub-010_ses-headNormal_T2w_seg-manual.nii.gz","902","3","",75.26569647465674,0.0,-2.7284924641994186,0.0,-3.454193526723051,0.0,7.855759048706768,0.0,7.9491659028397486,0.0,12.008694511069022,0.0,3.891903437353866,0.0,3.963855611352902,0.0,0.7495422908904446,0.0,1.9984629222089452,0.0,0.9700971112221777,0.0,""
"2026-09-29 14:15:16","git-master-bddc7a050319718b5e4e0856afec0bc9ea96418f","C:\Users\marco\Desktop\ds004507\derivatives\labels\sub-010\ses-headNormal\anat\sub-010_ses-headNormal_T2w_seg-manual.nii.gz","903","3","",74.15520137942117,0.0,-2.7354732050339488,0.0,-3.5081442167553174,0.0,7.862386535948944,0.0,7.929983353793287,0.0,11.852617872261886,0.0,3.9665163015799676,0.0,3.8958702343689757,0.0,0.7431738550394017,0.0,3.1248283563773875,0.0,0.971244151357385,0.0,""
"2026-09-29 14:15:16","git-master-bddc7a050319718b5e4e0856afec0bc9ea96418f","C:\Users\marco\Desktop\ds004507\derivatives\labels\sub-010\ses-headNormal\anat\sub-010_ses-headNormal_T2w_seg-manual.nii.gz","904","3","",74.67319141675958,0.0,-2.7421529988670765,0.0,-3.5608528024887978,0.0,7.867696341602213,0.0,7.9473277857382785,0.0,11.905096307358365,0.0,3.9860786261407384,0.0,3.8816177154614744,0.0,0.7445285951294522,0.0,3.849620361937621,0.0,0.968702680448426,0.0,""
"2026-09-29 14:15:16","git-master-bddc7a050319718b5e4e0856afec0bc9ea96418f","C:\Users\marco\Desktop\ds004507\derivatives\labels\sub-010\ses-headNormal\anat\sub-010_ses-headNormal_T2w_seg-manual.nii.gz","905","3","",75.55307326616135,0.0,-2.7485318539815418,0.0,-3.612319570967277,0.0,7.8661010566413605,0.0,7.965154034417209,0.0,12.01795358223844,0.0,3.980636970939349,0.0,3.885464085702012,0.0,0.7488017449072724,0.0,3.68231828309902,0.0,0.9685269636533015,0.0,""
"2026-09-29 14:15:16","git-master-bddc7a050319718b5e4e0856afec0bc9ea96418f","C:\Users\marco\Desktop\ds004507\derivatives\labels\sub-010\ses-headNormal\anat\sub-010_ses-headNormal_T2w_seg-manual.nii.gz","906","3","",75.9203458022832,0.0,-2.7546097784149772,0.0,-3.6625448099847913,0.0,7.861195161295662,0.0,7.965897677214994,0.0,12.07681589737733,0.0,3.9733906023047605,0.0,3.887804558990901,0.0,0.7516134141445833,0.0,3.1586333908206257,0.0,0.9724833382026676,0.0,""
"2026-09-29 14:15:16","git-master-bddc7a050319718b5e4e0856afec0bc9ea96418f","C:\Users\marco\Desktop\ds004507\derivatives\labels\sub-010\ses-headNormal\anat\sub-010_ses-headNormal_T2w_seg-manual.nii.gz","907","3","",75.62433642664519,0.0,-2.760386779959406,0.0,-3.7115288080178694,0.0,7.866605536438573,0.0,7.95851616575919,0.0,12.042375662991944,0.0,3.9699863053366347,0.0,3.8966192311019388,0.0,0.7504951769511043,0.0,3.8775696382607308,0.0,0.9764261526439176,0.0,""
"2026-09-29 14:15:16","git-master-bddc7a050319718b5e4e0856afec0bc9ea96418f","C:\Users\marco\Desktop\ds004507\derivatives\labels\sub-010\ses-headNormal\anat\sub-010_ses-headNormal_T2w_seg-manual.nii.gz","908","2","",77.3971943995211,0.0,-2.7670658284583207,0.0,-3.77030610115844,0.0,8.218437693369648,0.0,8.187946571791437,0.0,12.019556513579374,0.0,4.063233538711242,0.0,4.1552041546584055,0.0,0.7320799772438947,0.0,4.3984443461385085,0.0,0.9652577448890004,0.0,""
"2026-09-29 14:15:16","git-master-bddc7a050319718b5e4e0856afec0bc9ea96418f","C:\Users\marco\Desktop\ds004507\derivatives\labels\sub-010\ses-headNormal\anat\sub-010_ses-headNormal_T2w_seg-manual.nii.gz","909","2","",78.78028042836567,0.0,-2.7718117619070033,0.0,-3.8138384729392976,0.0,8.286339181173469,0.0,8.22425575408105,0.0,12.23381119293996,0.0,4.105942855526095,0.0,4.180396325647374,0.0,0.740245545915158,0.0,3.7994651470404968,0.0,0.9629999992685531,0.0,""
"2026-09-29 14:15:16","git-master-bddc7a050319718b5e4e0856afec0bc9ea96418f","C:\Users\marco\Desktop\ds004507\derivatives\labels\sub-010\ses-headNormal\anat\sub-010_ses-headNormal_T2w_seg-manual.nii.gz","910","2","",78.61759747950754,0.0,-2.776294648388059,0.0,-3.8562868320525543,0.0,8.307286093314778,0.0,8.28153770363666,0.0,12.144988345281126,0.0,4.1184491976421675,0.0,4.188836895672609,0.0,0.731155505084582,0.0,3.380332144756884,0.0,0.9667874628989831,0.0,""
"2026-09-29 14:15:16","git-master-bddc7a050319718b5e4e0856afec0bc9ea96418f","C:\Users\marco\Desktop\ds004507\derivatives\labels\sub-010\ses-headNormal\anat\sub-010_ses-headNormal_T2w_seg-manual.nii.gz","911","2","",78.21710382639685,0.0,-2.7805144921574505,0.0,-3.8976513839797895,0.0,8.306803097679259,0.0,8.326657545678517,0.0,12.02032321377444,0.0,4.144838069762493,0.0,4.161965027916768,0.0,0.7212111580717212,0.0,3.3629088109755734,0.0,0.9704359331088023,0.0,""
"2026-09-29 14:15:16","git-master-bddc7a050319718b5e4e0856afec0bc9ea96418f","C:\Users\marco\Desktop\ds004507\derivatives\labels\sub-010\ses-headNormal\anat\sub-010_ses-headNormal_T2w_seg-manual.nii.gz","912","2","",78.44089028499349,0.0,-2.7844712973904056,0.0,-3.9379323336590946,0.0,8.299693088969974,0.0,8.333907057766648,0.0,12.042797279827752,0.0,4.1981376917971085,0.0,4.1015553971728655,0.0,0.7218719177109895,0.0,3.8412768297354076,0.0,0.9697501423857416,0.0,""
"2026-09-29 14:15:16","git-master-bddc7a050319718b5e4e0856afec0bc9ea96418f","C:\Users\marco\Desktop\ds004507\derivatives\labels\sub-010\ses-headNormal\anat\sub-010_ses-headNormal_T2w_seg-manual.nii.gz","913","2","",78.15960865248299,0.0,-2.788084137035923,0.0,-3.976796675455273,0.0,8.240160498408498,0.0,8.290709021621053,0.0,12.048550588968926,0.0,4.099553242156055,0.0,4.140607256252443,0.0,0.7256027728914779,0.0,4.2800938349879045,0.0,0.9685845515364908,0.0,""
"2026-09-29 14:15:16","git-master-bddc7a050319718b5e4e0856afec0bc9ea96418f","C:\Users\marco\Desktop\ds004507\derivatives\labels\sub-010\ses-headNormal\anat\sub-010_ses-headNormal_T2w_seg-manual.nii.gz","914","2","",78.31423994820192,0.0,-2.791400229141073,0.0,-4.014439245957933,0.0,8.280740856347622,0.0,8.24790610973951,0.0,12.093612844986872,0.0,4.141324694796576,0.0,4.139416161551046,0.0,0.7313123865375403,0.0,3.5339985299774073,0.0,0.9668218352019511,0.0,""
"2026-09-29 14:15:16","git-master-bddc7a050319718b5e4e0856afec0bc9ea96418f","C:\Users\marco\Desktop\ds004507\derivatives\labels\sub-010\ses-headNormal\anat\sub-010_ses-headNormal_T2w_seg-manual.nii.gz","915","2","",79.12267496147722,0.0,-2.794453298920279,0.0,-4.050999124040298,0.0,8.352104723013598,0.0,8.265550192168774,0.0,12.160466949038947,0.0,4.217570819824727,0.0,4.134533903188871,0.0,0.7334868780344732,0.0,2.8990473227516413,0.0,0.9661764540699865,0.0,""
"2026-09-29 14:15:16","git-master-bddc7a050319718b5e4e0856afec0bc9ea96418f","C:\Users\marco\Desktop\ds004507\derivatives\labels\sub-010\ses-headNormal\anat\sub-010_ses-headNormal_T2w_seg-manual.nii.gz","916","2","",80.25804467148957,0.0,-2.79724334938805,0.0,-4.086476504394762,0.0,8.394720301261321,0.0,8.340351639259772,0.0,12.215291106075947,0.0,4.2704811836122145,0.0,4.1242391176491076,0.0,0.7306085197420141,0.0,2.8483783447857136,0.0,0.9663436307017835,0.0,""
"2026-09-29 14:15:16","git-master-bddc7a050319718b5e4e0856afec0bc9ea96418f","C:\Users\marco\Desktop\ds004507\derivatives\labels\sub-010\ses-headNormal\anat\sub-010_ses-headNormal_T2w_seg-manual.nii.gz","917","2","",80.25442098560082,0.0,-2.7997231763277126,0.0,-4.12067739178631,0.0,8.287900087075187,0.0,8.379956456315925,0.0,12.160077448711634,0.0,4.2348426612868515,0.0,4.053057425788334,0.0,0.7246195015077644,0.0,3.339634033345792,0.0,0.9639234979779572,0.0,""
"2026-09-29 14:15:16","git-master-bddc7a050319718b5e4e0856afec0bc9ea96418f","C:\Users\marco\Desktop\ds004507\derivatives\labels\sub-010\ses-headNormal\anat\sub-010_ses-headNormal_T2w_seg-manual.nii.gz","918","2","",80.00831626941861,0.0,-2.8018725532236637,0.0,-4.153518955042266,0.0,8.193318359395576,0.0,8.329544054082275,0.0,12.203486881880302,0.0,4.144251422999648,0.0,4.049066936395928,0.0,0.7307866582574214,0.0,3.3588160703545373,0.0,0.9648600401470054,0.0,""
"2026-09-29 14:15:16","git-master-bddc7a050319718b5e4e0856afec0bc9ea96418f","C:\Users\marco\Desktop\ds004507\derivatives\labels\sub-010\ses-headNormal\anat\sub-010_ses-headNormal_T2w_seg-manual.nii.gz","919","2","",79.88610612539142,0.0,-2.803758921884844,0.0,-4.185278873028694,0.0,8.202017336663637,0.0,8.291602737229107,0.0,12.229951105511466,0.0,4.1879435463087935,0.0,4.014073790354844,0.0,0.7350830959734875,0.0,4.217963778989636,0.0,0.9697078444145978,0.0,""
"2026-09-29 14:15:16","git-master-bddc7a050319718b5e4e0856afec0bc9ea96418f","C:\Users\marco\Desktop\ds004507\derivatives\labels\sub-010\ses-headNormal\anat\sub-010_ses-headNormal_T2w_seg-manual.nii.gz","920","2","",79.43717879858764,0.0,-2.8053822841376315,0.0,-4.21595732465458,0.0,8.228467535577657,0.0,8.241908108249717,0.0,12.216158867692636,0.0,4.2844666873284,0.0,3.944000848249257,0.0,0.738106596383883,0.0,4.903373538819584,0.0,0.974091770968672,0.0,""
"2026-09-29 14:15:16","git-master-bddc7a050319718b5e4e0856afec0bc9ea96418f","C:\Users\marco\Desktop\ds004507\derivatives\labels\sub-010\ses-headNormal\anat\sub-010_ses-headNormal_T2w_seg-manual.nii.gz","921","2","",77.77022833088122,0.0,-2.806729154433096,0.0,-4.245499053248285,0.0,8.095296423372435,0.0,8.108159848779495,0.0,12.155952457975603,0.0,4.23402042342859,0.0,3.8612759999438446,0.0,0.7450457315181652,0.0,3.2537198042699287,0.0,0.9701727040224091,0.0,""
"2026-09-29 14:15:16","git-master-bddc7a050319718b5e4e0856afec0bc9ea96418f","C:\Users\marco\Desktop\ds004507\derivatives\labels\sub-010\ses-headNormal\anat\sub-010_ses-headNormal_T2w_seg-manual.nii.gz","922","2","",76.66078565482954,0.0,-2.8077118678684343,0.0,-4.2735440543712375,0.0,7.90980555038672,0.0,8.046882723895425,0.0,12.068396473453456,0.0,4.048797941986638,0.0,3.8610076084000813,0.0,0.7452606553188338,0.0,1.9935892654221008,0.0,0.9784750099584815,0.0,""
"2026-09-29 14:15:16","git-master-bddc7a050319718b5e4e0856afec0bc9ea96418f","C:\Users\marco\Desktop\ds004507\derivatives\labels\sub-010\ses-headNormal\anat\sub-010_ses-headNormal_T2w_seg-manual.nii.gz","923","2","",76.28952733262506,0.0,-2.808431580745125,0.0,-4.300508362503005,0.0,7.84573749586903,0.0,8.113898190566912,0.0,11.956668863313624,0.0,4.03285575985911,0.0,3.8128817360099196,0.0,0.7342530582383185,0.0,1.487951406853281,0.0,0.9803012972826121,0.0,""
"2026-09-29 14:15:16","git-master-bddc7a050319718b5e4e0856afec0bc9ea96418f","C:\Users\marco\Desktop\ds004507\derivatives\labels\sub-010\ses-headNormal\anat\sub-010_ses-headNormal_T2w_seg-manual.nii.gz","924","2","",76.57570243660194,0.0,-2.808888293684816,0.0,-4.326392136003082,0.0,7.906666786689578,0.0,8.204535948962203,0.0,11.908389027204667,0.0,4.106660812370458,0.0,3.8000059743191206,0.0,0.7247745603008782,0.0,1.8411887552677928,0.0,0.9735851144491448,0.0,""
"2026-09-29 14:15:16","git-master-bddc7a050319718b5e4e0856afec0bc9ea96418f","C:\Users\marco\Desktop\ds004507\derivatives\labels\sub-010\ses-headNormal\anat\sub-010_ses-headNormal_T2w_seg-manual.nii.gz","925","2","",77.33868753056979,0.0,-2.8090820072239664,0.0,-4.3511955316154225,0.0,8.07442655171375,0.0,8.224112445793752,0.0,11.986011650408264,0.0,4.176700519929359,0.0,3.8977260317843894,0.0,0.7274513943604046,0.0,2.9314214549787536,0.0,0.959168262572048,0.0,""
"2026-09-29 14:15:16","git-master-bddc7a050319718b5e4e0856afec0bc9ea96418f","C:\Users\marco\Desktop\ds004507\derivatives\labels\sub-010\ses-headNormal\anat\sub-010_ses-headNormal_T2w_seg-manual.nii.gz","926","2","",77.33610042640811,0.0,-2.808918311794063,0.0,-4.374531055997845,0.0,8.169054163890483,0.0,8.288236900870427,0.0,11.892096881404948,0.0,4.172071912127428,0.0,3.9969822517630544,0.0,0.717053176730338,0.0,1.8147498305291598,0.0,0.9672136299041847,0.0,""
"2026-09-29 14:15:16","git-master-bddc7a050319718b5e4e0856afec0bc9ea96418f","C:\Users\marco\Desktop\ds004507\derivatives\labels\sub-010\ses-headNormal\anat\sub-010_ses-headNormal_T2w_seg-manual.nii.gz","927","2","",77.74954482506388,0.0,-2.80847138630459,0.0,-4.396703634385584,0.0,8.262491356529436,0.0,8.297905738351556,0.0,11.906316161672967,0.0,4.225525045466716,0.0,4.036966311062719,0.0,0.7171223866094208,0.0,1.1127511800959904,0.0,0.9707690364637299,0.0,""
"2026-09-29 14:15:16","git-master-bddc7a050319718b5e4e0856afec0bc9ea96418f","C:\Users\marco\Desktop\ds004507\derivatives\labels\sub-010\ses-headNormal\anat\sub-010_ses-headNormal_T2w_seg-manual.nii.gz","928","2","",77.8067809669221,0.0,-2.807761460863043,0.0,-4.41779648763652,0.0,8.34110481771534,0.0,8.280684283923168,0.0,11.919791601857728,0.0,4.283250609059259,0.0,4.057854208656081,0.0,0.7192995474608468,0.0,0.45456969909133876,0.0,0.9697792113743544,0.0,""
"2026-09-29 14:15:16","git-master-bddc7a050319718b5e4e0856afec0bc9ea96418f","C:\Users\marco\Desktop\ds004507\derivatives\labels\sub-010\ses-headNormal\anat\sub-010_ses-headNormal_T2w_seg-manual.nii.gz","929","2","",77.28998404383401,0.0,-2.8067885347954813,0.0,-4.437809747634616,0.0,8.392925821581061,0.0,8.256722921774536,0.0,11.886597687008985,0.0,4.316156539699501,0.0,4.0767692818815595,0.0,0.7193699171671147,0.0,-0.1861253812637509,0.0,0.9657680207000547,0.0,""
"2026-09-29 14:15:17","git-master-bddc7a050319718b5e4e0856afec0bc9ea96418f","C:\Users\marco\Desktop\ds004507\derivatives\labels\sub-010\ses-headNormal\anat\sub-010_ses-headNormal_T2w_seg-manual.nii.gz","930","2","",77.01093628862898,0.0,-2.8054919140675283,0.0,-4.456494497066672,0.0,8.391328403082671,0.0,8.257335953474263,0.0,11.84709425437155,0.0,4.312400509571965,0.0,4.0789278935107065,0.0,0.7170756049908941,0.0,-0.019512822708913302,0.0,0.9663100572681516,0.0,""
"2026-09-29 14:15:17","git-master-bddc7a050319718b5e4e0856afec0bc9ea96418f","C:\Users\marco\Desktop\ds004507\derivatives\labels\sub-010\ses-headNormal\anat\sub-010_ses-headNormal_T2w_seg-manual.nii.gz","931","2","",75.80161072088262,0.0,-2.80387833957028,0.0,-4.473878665442627,0.0,8.265476654206866,0.0,8.153141905881725,0.0,11.80676062893463,0.0,4.247787368484619,0.0,4.017689285722247,0.0,0.7232620902833009,0.0,0.2977690554975914,0.0,0.9617393652062429,0.0,""
"2026-09-29 14:15:17","git-master-bddc7a050319718b5e4e0856afec0bc9ea96418f","C:\Users\marco\Desktop\ds004507\derivatives\labels\sub-010\ses-headNormal\anat\sub-010_ses-headNormal_T2w_seg-manual.nii.gz","932","2","",75.45357791781205,0.0,-2.802001758619444,0.0,-4.490183777197426,0.0,8.097379275635033,0.0,8.061173203070457,0.0,11.883871937846564,0.0,4.112892797788607,0.0,3.9844864778464264,0.0,0.7345445788553537,0.0,0.8356018740509534,0.0,0.9596700741932346,0.0,""
"2026-09-29 14:15:17","git-master-bddc7a050319718b5e4e0856afec0bc9ea96418f","C:\Users\marco\Desktop\ds004507\derivatives\labels\sub-010\ses-headNormal\anat\sub-010_ses-headNormal_T2w_seg-manual.nii.gz","933","2","",75.62562301301467,0.0,-2.7998621693368153,0.0,-4.5054099361847415,0.0,7.935249580442744,0.0,7.99350799757447,0.0,12.006931405331722,0.0,3.967476405011927,0.0,3.9677731754308176,0.0,0.7461833905066007,0.0,1.5034198865598731,0.0,0.9635390482923133,0.0,""
"2026-09-29 14:15:17","git-master-bddc7a050319718b5e4e0856afec0bc9ea96418f","C:\Users\marco\Desktop\ds004507\derivatives\labels\sub-010\ses-headNormal\anat\sub-010_ses-headNormal_T2w_seg-manual.nii.gz","934","2","",74.53822337334857,0.0,-2.797432593863621,0.0,-4.519446611066019,0.0,7.845755587871928,0.0,7.913652898107414,0.0,11.944842042159543,0.0,3.955323824400464,0.0,3.8904317634714647,0.0,0.7490476830137444,0.0,2.0516507355333022,0.0,0.9770727315433398,0.0,""
"2026-09-29 14:15:17","git-master-bddc7a050319718b5e4e0856afec0bc9ea96418f","C:\Users\marco\Desktop\ds004507\derivatives\labels\sub-010\ses-headNormal\anat\sub-010_ses-headNormal_T2w_seg-manual.nii.gz","935","2","",74.97471237914866,0.0,-2.794652331744119,0.0,-4.529000527498201,0.0,7.849634755200332,0.0,7.930605681360158,0.0,11.994013437081914,0.0,4.028365343513008,0.0,3.8212694116873247,0.0,0.7501953783484183,0.0,2.974162554376747,0.0,0.9765539155194768,0.0,""
"2026-09-29 14:15:17","git-master-bddc7a050319718b5e4e0856afec0bc9ea96418f","C:\Users\marco\Desktop\ds004507\derivatives\labels\sub-010\ses-headNormal\anat\sub-010_ses-headNormal_T2w_seg-manual.nii.gz","936","2","",74.31602398033934,0.0,-2.7916090502379562,0.0,-4.53314348176565,0.0,7.847644125883378,0.0,7.931800132874878,0.0,11.893384781905521,0.0,4.053238578470699,0.0,3.794405547412679,0.0,0.7450272925008972,0.0,2.003243736584201,0.0,0.978138743895313,0.0,""
"2026-09-29 14:15:17","git-master-bddc7a050319718b5e4e0856afec0bc9ea96418f","C:\Users\marco\Desktop\ds004507\derivatives\labels\sub-010\ses-headNormal\anat\sub-010_ses-headNormal_T2w_seg-manual.nii.gz","937","2","",73.8213154705791,0.0,-2.78830274627961,0.0,-4.531641345705375,0.0,7.841177176826302,0.0,7.93615034516759,0.0,11.814904695674135,0.0,4.04840527479979,0.0,3.792771902026512,0.0,0.7407776755703382,0.0,0.6577606874040974,0.0,0.9785428018021372,0.0,""
"2026-09-29 14:15:17","git-master-bddc7a050319718b5e4e0856afec0bc9ea96418f","C:\Users\marco\Desktop\ds004507\derivatives\labels\sub-010\ses-headNormal\anat\sub-010_ses-headNormal_T2w_seg-manual.nii.gz","938","2","",75.18829839121582,0.0,-2.784733416720738,0.0,-4.52449414462908,0.0,7.843377951360889,0.0,7.975515270672249,0.0,11.982014677162361,0.0,4.051538951743011,0.0,3.791838999617878,0.0,0.7462859273828397,0.0,0.9369119185536758,0.0,0.9723940733921987,0.0,""
