Timestamp,SCT Version,Filename,Slice (I->S),VertLevel,DistancePMJ,MEAN(area),STD(area),MEAN(angle_AP),STD(angle_AP),MEAN(angle_RL),STD(angle_RL),MEAN(diameter_AP),STD(diameter_AP),MEAN(diameter_AP_ellipse),STD(diameter_AP_ellipse),MEAN(diameter_RL),STD(diameter_RL),MEAN(length_anterior),STD(length_anterior),MEAN(length_posterior),STD(length_posterior),MEAN(eccentricity),STD(eccentricity),MEAN(orientation),STD(orientation),MEAN(solidity),STD(solidity),SUM(length)
"2026-09-25 17:15:30","git-master-bddc7a050319718b5e4e0856afec0bc9ea96418f","C:\Users\marco\Desktop\ds004507\derivatives\labels\sub-004\ses-headUp\anat\sub-004_ses-headUp_T2w_seg-manual.nii.gz","647","9","",41.90825924305618,0.0,-7.6200505451344736,0.0,24.109855353076487,0.0,5.296728949110338,0.0,5.5270382374127465,0.0,9.634196329189473,0.0,2.5707891320746006,0.0,2.725939817035737,0.0,0.8185155976318975,0.0,-1.5791274101708492,0.0,0.940046797881305,0.0,""
"2026-09-25 17:15:30","git-master-bddc7a050319718b5e4e0856afec0bc9ea96418f","C:\Users\marco\Desktop\ds004507\derivatives\labels\sub-004\ses-headUp\anat\sub-004_ses-headUp_T2w_seg-manual.nii.gz","648","9","",40.57723527281671,0.0,-4.506537873699973,0.0,24.213209257179123,0.0,5.4242691938830605,0.0,5.6824227430125,0.0,9.17204204308431,0.0,2.558467298505561,0.0,2.8658018953775,0.0,0.7822533383676302,0.0,-4.067565387829791,0.0,0.9466802690914466,0.0,""
"2026-09-25 17:15:30","git-master-bddc7a050319718b5e4e0856afec0bc9ea96418f","C:\Users\marco\Desktop\ds004507\derivatives\labels\sub-004\ses-headUp\anat\sub-004_ses-headUp_T2w_seg-manual.nii.gz","649","9","",41.3063858860127,0.0,-0.7451323109818929,0.0,24.30318444011097,0.0,5.68638274142488,0.0,5.915013904414017,0.0,9.030426643561901,0.0,2.615857362107851,0.0,3.070525379317029,0.0,0.7546632378922575,0.0,-4.528099990229833,0.0,0.9669636518924326,0.0,""
"2026-09-25 17:15:30","git-master-bddc7a050319718b5e4e0856afec0bc9ea96418f","C:\Users\marco\Desktop\ds004507\derivatives\labels\sub-004\ses-headUp\anat\sub-004_ses-headUp_T2w_seg-manual.nii.gz","650","9","",44.30519027758273,0.0,2.986831183527716,0.0,24.376752429480156,0.0,5.846635012419372,0.0,5.970578299049505,0.0,9.617715774321633,0.0,2.725932852254734,0.0,3.1207021601646376,0.0,0.7834588508637303,0.0,0.12138339271508158,0.0,0.9576691414077069,0.0,""
"2026-09-25 17:15:30","git-master-bddc7a050319718b5e4e0856afec0bc9ea96418f","C:\Users\marco\Desktop\ds004507\derivatives\labels\sub-004\ses-headUp\anat\sub-004_ses-headUp_T2w_seg-manual.nii.gz","651","9","",43.169458914361954,0.0,4.9980714869412814,0.0,24.431440911974402,0.0,5.6879745707118134,0.0,5.8799101504083575,0.0,9.461716060260395,0.0,2.7557891241788846,0.0,2.9321854465329293,0.0,0.7833784388504313,0.0,0.7544149308950572,0.0,0.9624895057837922,0.0,""
"2026-09-25 17:15:30","git-master-bddc7a050319718b5e4e0856afec0bc9ea96418f","C:\Users\marco\Desktop\ds004507\derivatives\labels\sub-004\ses-headUp\anat\sub-004_ses-headUp_T2w_seg-manual.nii.gz","652","9","",41.640915640065096,0.0,5.810892941305172,0.0,24.472897474542116,0.0,5.623915092547945,0.0,5.789409692254516,0.0,9.224854663910369,0.0,2.773088508091124,0.0,2.8508265844568204,0.0,0.7784824857692122,0.0,0.8336572108910815,0.0,0.9626691308093728,0.0,""
"2026-09-25 17:15:30","git-master-bddc7a050319718b5e4e0856afec0bc9ea96418f","C:\Users\marco\Desktop\ds004507\derivatives\labels\sub-004\ses-headUp\anat\sub-004_ses-headUp_T2w_seg-manual.nii.gz","653","9","",40.58689306223256,0.0,5.4281394735993524,0.0,24.501135557948626,0.0,5.720796079458264,0.0,5.724165115824065,0.0,9.076567780798284,0.0,2.795853232856479,0.0,2.9249428466017844,0.0,0.7757980136485101,0.0,1.0999271394703607,0.0,0.955134804155541,0.0,""
"2026-09-25 17:15:30","git-master-bddc7a050319718b5e4e0856afec0bc9ea96418f","C:\Users\marco\Desktop\ds004507\derivatives\labels\sub-004\ses-headUp\anat\sub-004_ses-headUp_T2w_seg-manual.nii.gz","654","9","",41.60246179157463,0.0,3.201587768748402,0.0,24.509073052696554,0.0,5.720029675852075,0.0,5.629489132158193,0.0,9.500975867749984,0.0,2.884564116445334,0.0,2.835465559406741,0.0,0.8046384048013979,0.0,2.3644811056817394,0.0,0.9510022374171424,0.0,""
"2026-09-25 17:15:30","git-master-bddc7a050319718b5e4e0856afec0bc9ea96418f","C:\Users\marco\Desktop\ds004507\derivatives\labels\sub-004\ses-headUp\anat\sub-004_ses-headUp_T2w_seg-manual.nii.gz","655","9","",42.09453374514366,0.0,0.7839254254025949,0.0,24.511687708320036,0.0,5.647133704657641,0.0,5.675072441350417,0.0,9.515978920899773,0.0,2.8063086052569086,0.0,2.8408250994007322,0.0,0.802287984445509,0.0,3.2442238346900147,0.0,0.9455195969082858,0.0,""
"2026-09-25 17:15:30","git-master-bddc7a050319718b5e4e0856afec0bc9ea96418f","C:\Users\marco\Desktop\ds004507\derivatives\labels\sub-004\ses-headUp\anat\sub-004_ses-headUp_T2w_seg-manual.nii.gz","656","9","",41.79122332527516,0.0,-1.3226842636793972,0.0,24.51341405152034,0.0,5.605062604164384,0.0,5.794234099763049,0.0,9.213792194239604,0.0,2.7223647377168243,0.0,2.8826978664475593,0.0,0.775260320157778,0.0,2.287603544460981,0.0,0.9436461850336068,0.0,""
"2026-09-25 17:15:30","git-master-bddc7a050319718b5e4e0856afec0bc9ea96418f","C:\Users\marco\Desktop\ds004507\derivatives\labels\sub-004\ses-headUp\anat\sub-004_ses-headUp_T2w_seg-manual.nii.gz","657","9","",40.08604177599624,0.0,-2.3874021329627153,0.0,24.519483841018264,0.0,5.732577110262095,0.0,5.9285520882007825,0.0,8.602778377409543,0.0,2.831954154582483,0.0,2.9006229556796113,0.0,0.7233819946633895,0.0,-2.9330462783778204,0.0,0.9527803264879637,0.0,""
"2026-09-25 17:15:30","git-master-bddc7a050319718b5e4e0856afec0bc9ea96418f","C:\Users\marco\Desktop\ds004507\derivatives\labels\sub-004\ses-headUp\anat\sub-004_ses-headUp_T2w_seg-manual.nii.gz","658","9","",40.277276239079804,0.0,-2.176332722516668,0.0,24.530875701186726,0.0,5.605085551200003,0.0,5.829373511364573,0.0,8.81406927693137,0.0,2.7171030514094627,0.0,2.8879824997905406,0.0,0.7486468625558381,0.0,1.7599804503594303,0.0,0.9637394803751629,0.0,""
"2026-09-25 17:15:30","git-master-bddc7a050319718b5e4e0856afec0bc9ea96418f","C:\Users\marco\Desktop\ds004507\derivatives\labels\sub-004\ses-headUp\anat\sub-004_ses-headUp_T2w_seg-manual.nii.gz","659","9","",40.92225307859477,0.0,-1.0915423095624086,0.0,24.545906605695453,0.0,5.508397220497599,0.0,5.745655378430062,0.0,9.09522997949864,0.0,2.69244923251035,0.0,2.8159479879872484,0.0,0.7748035224335169,0.0,3.6351220142080094,0.0,0.9653458277717163,0.0,""
"2026-09-25 17:15:30","git-master-bddc7a050319718b5e4e0856afec0bc9ea96418f","C:\Users\marco\Desktop\ds004507\derivatives\labels\sub-004\ses-headUp\anat\sub-004_ses-headUp_T2w_seg-manual.nii.gz","660","9","",41.683280788996036,0.0,0.7437337181366471,0.0,24.564575312342203,0.0,5.507193603673945,0.0,5.727646778953428,0.0,9.288881085498403,0.0,2.7992217959077603,0.0,2.7079718077661843,0.0,0.7870079689029355,0.0,0.9846154120816074,0.0,0.9567223594908758,0.0,""
"2026-09-25 17:15:30","git-master-bddc7a050319718b5e4e0856afec0bc9ea96418f","C:\Users\marco\Desktop\ds004507\derivatives\labels\sub-004\ses-headUp\anat\sub-004_ses-headUp_T2w_seg-manual.nii.gz","661","9","",41.4899048200704,0.0,2.686447454591412,0.0,24.58869513416632,0.0,5.779608654882759,0.0,5.878572866907832,0.0,9.020808667150465,0.0,2.964456070583331,0.0,2.815152584299428,0.0,0.7577486083708554,0.0,-3.684444416604678,0.0,0.9463432153472705,0.0,""
"2026-09-25 17:15:30","git-master-bddc7a050319718b5e4e0856afec0bc9ea96418f","C:\Users\marco\Desktop\ds004507\derivatives\labels\sub-004\ses-headUp\anat\sub-004_ses-headUp_T2w_seg-manual.nii.gz","662","9","",40.301569907177274,0.0,3.788334915080431,0.0,24.617001347638436,0.0,5.823931207435421,0.0,5.823361798666314,0.0,8.840103975860952,0.0,2.9333298255887503,0.0,2.8906013818466705,0.0,0.752388210132182,0.0,-3.6562356022744655,0.0,0.945454084679639,0.0,""
"2026-09-25 17:15:30","git-master-bddc7a050319718b5e4e0856afec0bc9ea96418f","C:\Users\marco\Desktop\ds004507\derivatives\labels\sub-004\ses-headUp\anat\sub-004_ses-headUp_T2w_seg-manual.nii.gz","663","9","",40.13262395591416,0.0,4.163381872008839,0.0,24.648932096146385,0.0,5.84110884651086,0.0,5.789763074157725,0.0,8.852794468591563,0.0,2.886342653774289,0.0,2.954766192736571,0.0,0.7564620806482029,0.0,-1.4177391379165747,0.0,0.9514054550187725,0.0,""
"2026-09-25 17:15:30","git-master-bddc7a050319718b5e4e0856afec0bc9ea96418f","C:\Users\marco\Desktop\ds004507\derivatives\labels\sub-004\ses-headUp\anat\sub-004_ses-headUp_T2w_seg-manual.nii.gz","664","9","",43.31107301391864,0.0,3.70193086591695,0.0,24.68504076462747,0.0,6.023736876218093,0.0,6.012176145228745,0.0,9.224413812771733,0.0,2.999113862814873,0.0,3.0246230134032204,0.0,0.7584083783047262,0.0,1.2241524911809987,0.0,0.9636525834360057,0.0,""
"2026-09-25 17:15:30","git-master-bddc7a050319718b5e4e0856afec0bc9ea96418f","C:\Users\marco\Desktop\ds004507\derivatives\labels\sub-004\ses-headUp\anat\sub-004_ses-headUp_T2w_seg-manual.nii.gz","665","9","",44.10169910272122,0.0,2.1490994573640445,0.0,24.726567502445537,0.0,5.9578670429470355,0.0,5.962339179282954,0.0,9.503822663485293,0.0,2.917580838701437,0.0,3.040286204245598,0.0,0.7781313560966054,0.0,2.0446782930048624,0.0,0.9597518456732615,0.0,""
"2026-09-25 17:15:30","git-master-bddc7a050319718b5e4e0856afec0bc9ea96418f","C:\Users\marco\Desktop\ds004507\derivatives\labels\sub-004\ses-headUp\anat\sub-004_ses-headUp_T2w_seg-manual.nii.gz","666","9","",44.836041050947095,0.0,0.2770744701225851,0.0,24.77169757252774,0.0,5.888286182154206,0.0,5.97088533218172,0.0,9.65497962915328,0.0,2.8637574069561142,0.0,3.024528775198092,0.0,0.7858303675183005,0.0,2.8618936996845945,0.0,0.9587804574140371,0.0,""
"2026-09-25 17:15:30","git-master-bddc7a050319718b5e4e0856afec0bc9ea96418f","C:\Users\marco\Desktop\ds004507\derivatives\labels\sub-004\ses-headUp\anat\sub-004_ses-headUp_T2w_seg-manual.nii.gz","667","9","",45.57984997764788,0.0,-1.7458426622085383,0.0,24.820427124272058,0.0,5.854846745034221,0.0,6.048499704865846,0.0,9.676533893599872,0.0,2.869130897441019,0.0,2.9857158475932026,0.0,0.7805616659361421,0.0,3.619562912428482,0.0,0.9624867534819045,0.0,""
"2026-09-25 17:15:30","git-master-bddc7a050319718b5e4e0856afec0bc9ea96418f","C:\Users\marco\Desktop\ds004507\derivatives\labels\sub-004\ses-headUp\anat\sub-004_ses-headUp_T2w_seg-manual.nii.gz","668","9","",45.02724992335367,0.0,-3.4119838475030733,0.0,24.874403545646018,0.0,5.938107633633406,0.0,6.024920300170907,0.0,9.574906992689963,0.0,2.978807279880768,0.0,2.959300353752638,0.0,0.7771936006214171,0.0,2.593498393222046,0.0,0.9684774354951021,0.0,""
"2026-09-25 17:15:30","git-master-bddc7a050319718b5e4e0856afec0bc9ea96418f","C:\Users\marco\Desktop\ds004507\derivatives\labels\sub-004\ses-headUp\anat\sub-004_ses-headUp_T2w_seg-manual.nii.gz","669","9","",46.605143787677505,0.0,-4.786113847318854,0.0,24.932644477974033,0.0,5.94717615655157,0.0,6.1126843960017405,0.0,9.724609901498845,0.0,2.9944632662902424,0.0,2.9527128902613273,0.0,0.777717510055622,0.0,1.8454034895831906,0.0,0.9741727521737584,0.0,""
"2026-09-25 17:15:30","git-master-bddc7a050319718b5e4e0856afec0bc9ea96418f","C:\Users\marco\Desktop\ds004507\derivatives\labels\sub-004\ses-headUp\anat\sub-004_ses-headUp_T2w_seg-manual.nii.gz","670","9","",48.22237575149479,0.0,-5.916437163415006,0.0,24.994454140670733,0.0,5.940183630040595,0.0,6.175565891039824,0.0,9.945164521863557,0.0,2.942815103403143,0.0,2.9973685266374512,0.0,0.7836430241420979,0.0,1.2564236635793187,0.0,0.9788170724829587,0.0,""
"2026-09-25 17:15:30","git-master-bddc7a050319718b5e4e0856afec0bc9ea96418f","C:\Users\marco\Desktop\ds004507\derivatives\labels\sub-004\ses-headUp\anat\sub-004_ses-headUp_T2w_seg-manual.nii.gz","671","9","",48.212771465923915,0.0,-6.775879566798433,0.0,25.060236703803916,0.0,5.959412439520864,0.0,6.097624813968109,0.0,10.110956273349364,0.0,2.8271408289974174,0.0,3.1322716105234463,0.0,0.797636822490703,0.0,0.7741512766913993,0.0,0.9815211656038628,0.0,""
"2026-09-25 17:15:30","git-master-bddc7a050319718b5e4e0856afec0bc9ea96418f","C:\Users\marco\Desktop\ds004507\derivatives\labels\sub-004\ses-headUp\anat\sub-004_ses-headUp_T2w_seg-manual.nii.gz","672","9","",50.06652842425174,0.0,-7.265842317644867,0.0,25.1314740803201,0.0,5.636620178358613,0.0,5.819415522999672,0.0,11.135357631773505,0.0,2.547587201289692,0.0,3.089032977068921,0.0,0.8480410919590182,0.0,-0.3281701113886497,0.0,0.9572540597614679,0.0,""
"2026-09-25 17:15:30","git-master-bddc7a050319718b5e4e0856afec0bc9ea96418f","C:\Users\marco\Desktop\ds004507\derivatives\labels\sub-004\ses-headUp\anat\sub-004_ses-headUp_T2w_seg-manual.nii.gz","673","9","",48.59034000201095,0.0,-7.517304957448497,0.0,25.20624134323221,0.0,5.439915232341043,0.0,5.727868983505315,0.0,10.972566323036983,0.0,2.468268661245803,0.0,2.9716465710952407,0.0,0.8487919230907055,0.0,-1.8619917335650809,0.0,0.9469574561511779,0.0,""
"2026-09-25 17:15:30","git-master-bddc7a050319718b5e4e0856afec0bc9ea96418f","C:\Users\marco\Desktop\ds004507\derivatives\labels\sub-004\ses-headUp\anat\sub-004_ses-headUp_T2w_seg-manual.nii.gz","674","9","",44.500340822424185,0.0,-7.530553925805655,0.0,25.284531981446865,0.0,5.388320687788395,0.0,5.778869683529309,0.0,9.870052522473554,0.0,2.5629901267474864,0.0,2.8253305610409085,0.0,0.8106831039149246,0.0,-3.9308803511106953,0.0,0.9521576333907827,0.0,""
"2026-09-25 17:15:30","git-master-bddc7a050319718b5e4e0856afec0bc9ea96418f","C:\Users\marco\Desktop\ds004507\derivatives\labels\sub-004\ses-headUp\anat\sub-004_ses-headUp_T2w_seg-manual.nii.gz","675","9","",42.89746610773493,0.0,-7.205137148184047,0.0,25.367815508011073,0.0,5.417901281053989,0.0,5.627423853611437,0.0,9.683999347557346,0.0,2.5913259092040626,0.0,2.826575371849926,0.0,0.8138406840478029,0.0,-7.234874471511505,0.0,0.9671598925799475,0.0,""
"2026-09-25 17:15:30","git-master-bddc7a050319718b5e4e0856afec0bc9ea96418f","C:\Users\marco\Desktop\ds004507\derivatives\labels\sub-004\ses-headUp\anat\sub-004_ses-headUp_T2w_seg-manual.nii.gz","676","9","",43.18584512649456,0.0,-6.585116870910276,0.0,25.455391551741975,0.0,5.541423150685781,0.0,5.813502691652931,0.0,9.486989247361414,0.0,2.6682917404175894,0.0,2.873131410268192,0.0,0.7889108986325664,0.0,-7.2641378018507226,0.0,0.9552758270438646,0.0,""
"2026-09-25 17:15:30","git-master-bddc7a050319718b5e4e0856afec0bc9ea96418f","C:\Users\marco\Desktop\ds004507\derivatives\labels\sub-004\ses-headUp\anat\sub-004_ses-headUp_T2w_seg-manual.nii.gz","677","9","",43.22598122690465,0.0,-5.804594395500124,0.0,25.54438085480415,0.0,5.7053725109649465,0.0,6.012425237067513,0.0,9.226122351875583,0.0,2.774443084193781,0.0,2.9309294267711654,0.0,0.757813710275826,0.0,-6.985409802225918,0.0,0.9397858507580614,0.0,""
"2026-09-25 17:15:30","git-master-bddc7a050319718b5e4e0856afec0bc9ea96418f","C:\Users\marco\Desktop\ds004507\derivatives\labels\sub-004\ses-headUp\anat\sub-004_ses-headUp_T2w_seg-manual.nii.gz","678","9","",41.58917606743245,0.0,-4.913505062512186,0.0,25.6332538767694,0.0,5.8845075347842295,0.0,6.01874437430459,0.0,8.85308679890309,0.0,2.9038697701345715,0.0,2.980637764649658,0.0,0.7332267626549859,0.0,-8.23305024362455,0.0,0.9348168994381482,0.0,""
"2026-09-25 17:15:30","git-master-bddc7a050319718b5e4e0856afec0bc9ea96418f","C:\Users\marco\Desktop\ds004507\derivatives\labels\sub-004\ses-headUp\anat\sub-004_ses-headUp_T2w_seg-manual.nii.gz","679","9","",41.38749371845508,0.0,-4.079555211289432,0.0,25.716332513422618,0.0,5.755827486309319,0.0,5.963367867911379,0.0,8.92245297108207,0.0,2.8128822216050415,0.0,2.9429452647042775,0.0,0.7436973711334078,0.0,-3.5978165807672973,0.0,0.9368609091793767,0.0,""
"2026-09-25 17:15:30","git-master-bddc7a050319718b5e4e0856afec0bc9ea96418f","C:\Users\marco\Desktop\ds004507\derivatives\labels\sub-004\ses-headUp\anat\sub-004_ses-headUp_T2w_seg-manual.nii.gz","680","9","",44.719068628546374,0.0,-3.2825375996172244,0.0,25.795755711814902,0.0,5.814858809537262,0.0,6.063283922870624,0.0,9.530728912659978,0.0,2.771571657253101,0.0,3.043287152284161,0.0,0.768806326082917,0.0,-3.077552915838869,0.0,0.9516770161371355,0.0,""
"2026-09-25 17:15:30","git-master-bddc7a050319718b5e4e0856afec0bc9ea96418f","C:\Users\marco\Desktop\ds004507\derivatives\labels\sub-004\ses-headUp\anat\sub-004_ses-headUp_T2w_seg-manual.nii.gz","681","9","",49.63074390488382,0.0,-2.5226627523134084,0.0,25.871530231191382,0.0,6.010609796718443,0.0,6.262635539956628,0.0,10.323953019115205,0.0,2.782292711064677,0.0,3.2283170856537664,0.0,0.7946730320266664,0.0,-4.961453880776514,0.0,0.9681837379644397,0.0,""
"2026-09-25 17:15:30","git-master-bddc7a050319718b5e4e0856afec0bc9ea96418f","C:\Users\marco\Desktop\ds004507\derivatives\labels\sub-004\ses-headUp\anat\sub-004_ses-headUp_T2w_seg-manual.nii.gz","682","9","",48.56826947235636,0.0,-1.8147891201787272,0.0,25.942272170142015,0.0,6.084103038392385,0.0,6.328854334993239,0.0,9.962070241075333,0.0,2.814573001925124,0.0,3.2695300364672613,0.0,0.7718004115372842,0.0,-1.2874479717065297,0.0,0.9427771870754327,0.0,""
"2026-09-25 17:15:30","git-master-bddc7a050319718b5e4e0856afec0bc9ea96418f","C:\Users\marco\Desktop\ds004507\derivatives\labels\sub-004\ses-headUp\anat\sub-004_ses-headUp_T2w_seg-manual.nii.gz","683","9","",47.64231788829644,0.0,-1.1744912903082083,0.0,26.008423465296822,0.0,5.996722678724842,0.0,6.195891774438079,0.0,9.947842325908882,0.0,2.8009455839876893,0.0,3.195777094737153,0.0,0.7819423256053858,0.0,-5.035056452587714,0.0,0.9584548758614179,0.0,""
"2026-09-25 17:15:30","git-master-bddc7a050319718b5e4e0856afec0bc9ea96418f","C:\Users\marco\Desktop\ds004507\derivatives\labels\sub-004\ses-headUp\anat\sub-004_ses-headUp_T2w_seg-manual.nii.gz","684","9","",46.80300538930429,0.0,-0.597011743015724,0.0,26.070967934150648,0.0,5.975274205115449,0.0,6.10557750419608,0.0,9.86555256773968,0.0,2.8489480880838958,0.0,3.1263261170315535,0.0,0.7846791521797735,0.0,-8.942707871174541,0.0,0.9695802688632512,0.0,""
"2026-09-25 17:15:30","git-master-bddc7a050319718b5e4e0856afec0bc9ea96418f","C:\Users\marco\Desktop\ds004507\derivatives\labels\sub-004\ses-headUp\anat\sub-004_ses-headUp_T2w_seg-manual.nii.gz","685","9","",46.040083526124924,0.0,-0.09098223959766949,0.0,26.12977337192625,0.0,6.147350699006085,0.0,6.189086326148792,0.0,9.490630394624876,0.0,3.024426618519884,0.0,3.122924080486202,0.0,0.7580374611643501,0.0,-9.325288025005472,0.0,0.9520146765318885,0.0,""
"2026-09-25 17:15:30","git-master-bddc7a050319718b5e4e0856afec0bc9ea96418f","C:\Users\marco\Desktop\ds004507\derivatives\labels\sub-004\ses-headUp\anat\sub-004_ses-headUp_T2w_seg-manual.nii.gz","686","9","",45.84292139622252,0.0,0.3036791529972664,0.0,26.18278655370907,0.0,5.997456719390346,0.0,6.056294634724004,0.0,9.652114931715689,0.0,2.916176039107745,0.0,3.0812806802826014,0.0,0.7782016925028459,0.0,-5.3681878565869,0.0,0.9505991052467175,0.0,""
"2026-09-25 17:15:30","git-master-bddc7a050319718b5e4e0856afec0bc9ea96418f","C:\Users\marco\Desktop\ds004507\derivatives\labels\sub-004\ses-headUp\anat\sub-004_ses-headUp_T2w_seg-manual.nii.gz","687","9","",45.963203081146986,0.0,0.6293644450277637,0.0,26.232226940572367,0.0,5.725191237935811,0.0,5.9514331325136,0.0,9.933609970841191,0.0,2.7601572381892345,0.0,2.965033999746577,0.0,0.7998791685575031,0.0,-2.323890154149281,0.0,0.9489474040276364,0.0,""
"2026-09-25 17:15:30","git-master-bddc7a050319718b5e4e0856afec0bc9ea96418f","C:\Users\marco\Desktop\ds004507\derivatives\labels\sub-004\ses-headUp\anat\sub-004_ses-headUp_T2w_seg-manual.nii.gz","688","9","",45.87085328442359,0.0,0.958399927076392,0.0,26.278098719851428,0.0,5.454360610680503,0.0,5.862455222852784,0.0,10.166400330744802,0.0,2.6114168950633965,0.0,2.8429437156171065,0.0,0.816953444203769,0.0,-1.0901784596517077,0.0,0.9469933268754709,0.0,""
"2026-09-25 17:15:30","git-master-bddc7a050319718b5e4e0856afec0bc9ea96418f","C:\Users\marco\Desktop\ds004507\derivatives\labels\sub-004\ses-headUp\anat\sub-004_ses-headUp_T2w_seg-manual.nii.gz","689","9","",43.890724718781925,0.0,1.5110145989206019,0.0,26.319177725746528,0.0,5.551129915826041,0.0,5.7387653960678,0.0,9.848305140908803,0.0,2.6237100192869622,0.0,2.927419896539079,0.0,0.8126324413839595,0.0,-4.576976757882904,0.0,0.9456714158863416,0.0,""
"2026-09-25 17:15:30","git-master-bddc7a050319718b5e4e0856afec0bc9ea96418f","C:\Users\marco\Desktop\ds004507\derivatives\labels\sub-004\ses-headUp\anat\sub-004_ses-headUp_T2w_seg-manual.nii.gz","690","9","",44.02232830799588,0.0,2.586900616775062,0.0,26.355614571712387,0.0,5.645270685725648,0.0,5.770376015497837,0.0,9.857581789679484,0.0,2.679164213032696,0.0,2.966106472692952,0.0,0.8107674895267197,0.0,-8.044909317825706,0.0,0.9331755044957971,0.0,""
"2026-09-25 17:15:30","git-master-bddc7a050319718b5e4e0856afec0bc9ea96418f","C:\Users\marco\Desktop\ds004507\derivatives\labels\sub-004\ses-headUp\anat\sub-004_ses-headUp_T2w_seg-manual.nii.gz","691","9","",45.20826987296816,0.0,3.6006401956048713,0.0,26.38850740223523,0.0,5.77721639473885,0.0,5.922738477107142,0.0,9.885567115993661,0.0,2.751399580924414,0.0,3.0258168138144352,0.0,0.8001634250887105,0.0,-8.449717156705534,0.0,0.9359661168252398,0.0,""
"2026-09-25 17:15:30","git-master-bddc7a050319718b5e4e0856afec0bc9ea96418f","C:\Users\marco\Desktop\ds004507\derivatives\labels\sub-004\ses-headUp\anat\sub-004_ses-headUp_T2w_seg-manual.nii.gz","692","9","",47.15180563575041,0.0,4.30748886255893,0.0,26.41785932578889,0.0,5.968045569883483,0.0,6.196907727768622,0.0,9.809631094063,0.0,2.83182676140586,0.0,3.136218808477623,0.0,0.775199340846823,0.0,-4.177383696865296,0.0,0.9666598486398036,0.0,""
"2026-09-25 17:15:30","git-master-bddc7a050319718b5e4e0856afec0bc9ea96418f","C:\Users\marco\Desktop\ds004507\derivatives\labels\sub-004\ses-headUp\anat\sub-004_ses-headUp_T2w_seg-manual.nii.gz","693","8","",44.5411939741371,0.0,2.9631765476052623,0.0,26.450661476388287,0.0,5.865893566704331,0.0,6.029109522111425,0.0,9.516985714971696,0.0,2.8050349590477093,0.0,3.0608586076566215,0.0,0.7737341665202987,0.0,-0.05891432786710725,0.0,0.9454739084132056,0.0,""
"2026-09-25 17:15:30","git-master-bddc7a050319718b5e4e0856afec0bc9ea96418f","C:\Users\marco\Desktop\ds004507\derivatives\labels\sub-004\ses-headUp\anat\sub-004_ses-headUp_T2w_seg-manual.nii.gz","694","8","",47.469033799640044,0.0,1.6542204250404073,0.0,26.465341239983275,0.0,5.906675050514707,0.0,6.018961886047658,0.0,10.134813245546184,0.0,2.8682695327200785,0.0,3.038405517794628,0.0,0.8024185983379357,0.0,-1.2176596432114168,0.0,0.9530274499660379,0.0,""
"2026-09-25 17:15:30","git-master-bddc7a050319718b5e4e0856afec0bc9ea96418f","C:\Users\marco\Desktop\ds004507\derivatives\labels\sub-004\ses-headUp\anat\sub-004_ses-headUp_T2w_seg-manual.nii.gz","695","8","",49.279081297534624,0.0,0.466087212452811,0.0,26.4784724879735,0.0,5.954943198467112,0.0,6.055652784233537,0.0,10.465751777177188,0.0,2.890325852609635,0.0,3.0646173458574766,0.0,0.8150064517958943,0.0,-1.7031152579219415,0.0,0.9534734876413764,0.0,""
"2026-09-25 17:15:30","git-master-bddc7a050319718b5e4e0856afec0bc9ea96418f","C:\Users\marco\Desktop\ds004507\derivatives\labels\sub-004\ses-headUp\anat\sub-004_ses-headUp_T2w_seg-manual.nii.gz","696","8","",48.71382009926142,0.0,-0.465297316433111,0.0,26.488313140303603,0.0,6.019120507721331,0.0,6.191875567699913,0.0,10.187051186053292,0.0,2.8248783832107165,0.0,3.1942421245106134,0.0,0.7933890762395361,0.0,-0.7578302587856729,0.0,0.9388160795770404,0.0,""
"2026-09-25 17:15:30","git-master-bddc7a050319718b5e4e0856afec0bc9ea96418f","C:\Users\marco\Desktop\ds004507\derivatives\labels\sub-004\ses-headUp\anat\sub-004_ses-headUp_T2w_seg-manual.nii.gz","697","8","",47.7582390381302,0.0,-1.1539401608658726,0.0,26.495059429515624,0.0,6.003712162266889,0.0,6.190743834206773,0.0,9.949205075694186,0.0,2.8077670942912807,0.0,3.195945067975608,0.0,0.7827445224040516,0.0,-0.18304965289648384,0.0,0.9449514599267091,0.0,""
"2026-09-25 17:15:30","git-master-bddc7a050319718b5e4e0856afec0bc9ea96418f","C:\Users\marco\Desktop\ds004507\derivatives\labels\sub-004\ses-headUp\anat\sub-004_ses-headUp_T2w_seg-manual.nii.gz","698","8","",46.58310305414135,0.0,-1.706040807793732,0.0,26.500065139473723,0.0,5.943536886038826,0.0,6.112350184923906,0.0,9.734339610765272,0.0,2.8178449068915543,0.0,3.1256919791472724,0.0,0.7782721807865582,0.0,0.18332223179122292,0.0,0.9627827837592555,0.0,""
"2026-09-25 17:15:30","git-master-bddc7a050319718b5e4e0856afec0bc9ea96418f","C:\Users\marco\Desktop\ds004507\derivatives\labels\sub-004\ses-headUp\anat\sub-004_ses-headUp_T2w_seg-manual.nii.gz","699","8","",45.83033170259267,0.0,-1.8943346136481047,0.0,26.500431341369147,0.0,5.6814060038611265,0.0,5.930823282440217,0.0,9.939564727577812,0.0,2.637747260611632,0.0,3.043658743249495,0.0,0.8013989377185573,0.0,0.20189849114318564,0.0,0.9552671577496993,0.0,""
"2026-09-25 17:15:30","git-master-bddc7a050319718b5e4e0856afec0bc9ea96418f","C:\Users\marco\Desktop\ds004507\derivatives\labels\sub-004\ses-headUp\anat\sub-004_ses-headUp_T2w_seg-manual.nii.gz","700","8","",45.515469487954626,0.0,-2.014171665071105,0.0,26.49925106109612,0.0,5.541074775665321,0.0,5.813997611938908,0.0,10.097618689426826,0.0,2.560624830830172,0.0,2.980449944835149,0.0,0.8175887087806673,0.0,-0.16874674557893507,0.0,0.9516110901915209,0.0,""
"2026-09-25 17:15:30","git-master-bddc7a050319718b5e4e0856afec0bc9ea96418f","C:\Users\marco\Desktop\ds004507\derivatives\labels\sub-004\ses-headUp\anat\sub-004_ses-headUp_T2w_seg-manual.nii.gz","701","8","",46.281405986182456,0.0,-1.9969563666427343,0.0,26.494591202539507,0.0,5.735580758346133,0.0,5.874596529378091,0.0,10.089365690468757,0.0,2.768671756924779,0.0,2.966909001421354,0.0,0.8129834699041883,0.0,-1.502983440919868,0.0,0.9605953461342539,0.0,""
"2026-09-25 17:15:30","git-master-bddc7a050319718b5e4e0856afec0bc9ea96418f","C:\Users\marco\Desktop\ds004507\derivatives\labels\sub-004\ses-headUp\anat\sub-004_ses-headUp_T2w_seg-manual.nii.gz","702","8","",46.011082502057626,0.0,-1.97851000266205,0.0,26.487030510452282,0.0,5.706751892963288,0.0,5.7979413840230904,0.0,10.126363453294186,0.0,2.814830113261011,0.0,2.891921779702277,0.0,0.8195610463277229,0.0,-2.6319825982917835,0.0,0.9625945012483257,0.0,""
"2026-09-25 17:15:30","git-master-bddc7a050319718b5e4e0856afec0bc9ea96418f","C:\Users\marco\Desktop\ds004507\derivatives\labels\sub-004\ses-headUp\anat\sub-004_ses-headUp_T2w_seg-manual.nii.gz","703","8","",45.0499190296977,0.0,-1.9592429283131563,0.0,26.477535929344647,0.0,5.529033128871338,0.0,5.629783530138634,0.0,10.193528390641948,0.0,2.7530627564249923,0.0,2.775970372446345,0.0,0.8335938329512663,0.0,-3.624156730351021,0.0,0.9599369224766232,0.0,""
"2026-09-25 17:15:30","git-master-bddc7a050319718b5e4e0856afec0bc9ea96418f","C:\Users\marco\Desktop\ds004507\derivatives\labels\sub-004\ses-headUp\anat\sub-004_ses-headUp_T2w_seg-manual.nii.gz","704","8","",45.684102558397306,0.0,-1.9380880111350043,0.0,26.463589702850307,0.0,5.736469444632386,0.0,5.813047368220479,0.0,10.00062087809976,0.0,2.8404334018743587,0.0,2.896036042758027,0.0,0.8126079565311851,0.0,-3.4254514527548086,0.0,0.9646021029312458,0.0,""
"2026-09-25 17:15:30","git-master-bddc7a050319718b5e4e0856afec0bc9ea96418f","C:\Users\marco\Desktop\ds004507\derivatives\labels\sub-004\ses-headUp\anat\sub-004_ses-headUp_T2w_seg-manual.nii.gz","705","8","",46.777498945026565,0.0,-1.9162763944773602,0.0,26.448093621530322,0.0,5.971340980923,0.0,6.005738860653775,0.0,9.905835895326083,0.0,2.9538117700224706,0.0,3.0175292109005305,0.0,0.7952051326431475,0.0,-2.3052837092044856,0.0,0.9655767400151756,0.0,""
"2026-09-25 17:15:30","git-master-bddc7a050319718b5e4e0856afec0bc9ea96418f","C:\Users\marco\Desktop\ds004507\derivatives\labels\sub-004\ses-headUp\anat\sub-004_ses-headUp_T2w_seg-manual.nii.gz","706","8","",48.88577093219927,0.0,-1.8929050702470622,0.0,26.428915481992142,0.0,6.187033519655693,0.0,6.131516299875941,0.0,10.1933864096876,0.0,3.1084809405800544,0.0,3.0785525790756396,0.0,0.7987914620316372,0.0,1.4049251941649556,0.0,0.952848244464372,0.0,""
"2026-09-25 17:15:30","git-master-bddc7a050319718b5e4e0856afec0bc9ea96418f","C:\Users\marco\Desktop\ds004507\derivatives\labels\sub-004\ses-headUp\anat\sub-004_ses-headUp_T2w_seg-manual.nii.gz","707","8","",48.10417043582386,0.0,-1.8683843433268794,0.0,26.407019704077562,0.0,6.166773545565845,0.0,6.112983020077907,0.0,10.080863048752262,0.0,3.087057415524994,0.0,3.0797161300408513,0.0,0.7947972499750804,0.0,2.7941250119598684,0.0,0.9543924828372394,0.0,""
"2026-09-25 17:15:30","git-master-bddc7a050319718b5e4e0856afec0bc9ea96418f","C:\Users\marco\Desktop\ds004507\derivatives\labels\sub-004\ses-headUp\anat\sub-004_ses-headUp_T2w_seg-manual.nii.gz","708","8","",45.05195584523209,0.0,-1.8429605142932157,0.0,26.382988638867246,0.0,5.961122311401144,0.0,5.981062746764001,0.0,9.653995928655107,0.0,2.9272753439171426,0.0,3.033846967484001,0.0,0.7848468982117011,0.0,2.359674833946226,0.0,0.9671510121501342,0.0,""
"2026-09-25 17:15:30","git-master-bddc7a050319718b5e4e0856afec0bc9ea96418f","C:\Users\marco\Desktop\ds004507\derivatives\labels\sub-004\ses-headUp\anat\sub-004_ses-headUp_T2w_seg-manual.nii.gz","709","8","",44.84107959988141,0.0,-1.8157302436699188,0.0,26.354678064499048,0.0,5.999898443288818,0.0,6.129727830537791,0.0,9.365602820881364,0.0,2.934154815943252,0.0,3.0657436273455665,0.0,0.754164521214684,0.0,-0.8970530774861212,0.0,0.9584730620121451,0.0,""
"2026-09-25 17:15:30","git-master-bddc7a050319718b5e4e0856afec0bc9ea96418f","C:\Users\marco\Desktop\ds004507\derivatives\labels\sub-004\ses-headUp\anat\sub-004_ses-headUp_T2w_seg-manual.nii.gz","710","8","",45.30053406172792,0.0,-1.787843029454633,0.0,26.324808867051765,0.0,6.045837250019235,0.0,6.24538685063106,0.0,9.265123156011805,0.0,2.9538099190363307,0.0,3.092027330982905,0.0,0.7366655595120765,0.0,-3.3363393748612973,0.0,0.9508575663304184,0.0,""
"2026-09-25 17:15:30","git-master-bddc7a050319718b5e4e0856afec0bc9ea96418f","C:\Users\marco\Desktop\ds004507\derivatives\labels\sub-004\ses-headUp\anat\sub-004_ses-headUp_T2w_seg-manual.nii.gz","711","8","",46.8914904367772,0.0,-1.758313372647556,0.0,26.291039455010615,0.0,5.987102738273871,0.0,6.075975057590767,0.0,9.840765983309845,0.0,2.933661249869672,0.0,3.0534414884041983,0.0,0.7832086363872736,0.0,-0.9664349977793929,0.0,0.9591845136287689,0.0,""
"2026-09-25 17:15:30","git-master-bddc7a050319718b5e4e0856afec0bc9ea96418f","C:\Users\marco\Desktop\ds004507\derivatives\labels\sub-004\ses-headUp\anat\sub-004_ses-headUp_T2w_seg-manual.nii.gz","712","8","",48.253732119815176,0.0,-1.7277159801116995,0.0,26.254727508303056,0.0,6.062862191198557,0.0,6.100320512222645,0.0,10.066287996077657,0.0,2.9797359384103355,0.0,3.0831262527882215,0.0,0.7949167587061734,0.0,-0.9909618513993257,0.0,0.9631811770480536,0.0,""
"2026-09-25 17:15:30","git-master-bddc7a050319718b5e4e0856afec0bc9ea96418f","C:\Users\marco\Desktop\ds004507\derivatives\labels\sub-004\ses-headUp\anat\sub-004_ses-headUp_T2w_seg-manual.nii.gz","713","8","",49.404852548688865,0.0,-1.6961329853646618,0.0,26.21606860651881,0.0,6.262769919203292,0.0,6.303518810859603,0.0,9.968621564663716,0.0,3.086939880219296,0.0,3.175830038983995,0.0,0.7744695383577218,0.0,-3.2257329179748044,0.0,0.9631806553482005,0.0,""
"2026-09-25 17:15:30","git-master-bddc7a050319718b5e4e0856afec0bc9ea96418f","C:\Users\marco\Desktop\ds004507\derivatives\labels\sub-004\ses-headUp\anat\sub-004_ses-headUp_T2w_seg-manual.nii.gz","714","8","",48.64061980048476,0.0,-1.692640234120982,0.0,26.173288885501677,0.0,6.261075967323583,0.0,6.268568696863607,0.0,9.943769581648723,0.0,3.0342038624291483,0.0,3.2268721048944338,0.0,0.7762327202806971,0.0,-3.346616675751186,0.0,0.9565206480551036,0.0,""
"2026-09-25 17:15:30","git-master-bddc7a050319718b5e4e0856afec0bc9ea96418f","C:\Users\marco\Desktop\ds004507\derivatives\labels\sub-004\ses-headUp\anat\sub-004_ses-headUp_T2w_seg-manual.nii.gz","715","8","",47.63648122620942,0.0,-1.7055268686287797,0.0,26.128936405969213,0.0,6.1684147226972845,0.0,6.174711185741341,0.0,9.969404652996774,0.0,2.933136095437471,0.0,3.235278627259814,0.0,0.7847731290997284,0.0,-2.980058621313771,0.0,0.9520169923157907,0.0,""
"2026-09-25 17:15:30","git-master-bddc7a050319718b5e4e0856afec0bc9ea96418f","C:\Users\marco\Desktop\ds004507\derivatives\labels\sub-004\ses-headUp\anat\sub-004_ses-headUp_T2w_seg-manual.nii.gz","716","8","",47.288190242137965,0.0,-1.7763150348284766,0.0,26.080447763464147,0.0,5.79977687103584,0.0,6.009738252339109,0.0,10.187282311351835,0.0,2.7382666047368702,0.0,3.0615102662989706,0.0,0.806683576851626,0.0,-2.1683183615530224,0.0,0.9654936678270871,0.0,""
"2026-09-25 17:15:30","git-master-bddc7a050319718b5e4e0856afec0bc9ea96418f","C:\Users\marco\Desktop\ds004507\derivatives\labels\sub-004\ses-headUp\anat\sub-004_ses-headUp_T2w_seg-manual.nii.gz","717","8","",47.853576887271494,0.0,-1.8801764680447175,0.0,26.029585866283604,0.0,5.670932309091197,0.0,5.966974745886509,0.0,10.36387910492683,0.0,2.6938529570458374,0.0,2.97707935204536,0.0,0.8176335967438592,0.0,-1.8271175982782297,0.0,0.9706570392600923,0.0,""
"2026-09-25 17:15:30","git-master-bddc7a050319718b5e4e0856afec0bc9ea96418f","C:\Users\marco\Desktop\ds004507\derivatives\labels\sub-004\ses-headUp\anat\sub-004_ses-headUp_T2w_seg-manual.nii.gz","718","8","",49.40878096404374,0.0,-2.0198672738622148,0.0,25.976152943204628,0.0,5.801863811006419,0.0,6.056604785296009,0.0,10.495754961656758,0.0,2.812433139281836,0.0,2.989430671724583,0.0,0.8167098197881226,0.0,-1.9956679561965556,0.0,0.9668143312749488,0.0,""
"2026-09-25 17:15:30","git-master-bddc7a050319718b5e4e0856afec0bc9ea96418f","C:\Users\marco\Desktop\ds004507\derivatives\labels\sub-004\ses-headUp\anat\sub-004_ses-headUp_T2w_seg-manual.nii.gz","719","8","",50.33714604984494,0.0,-2.2146294245053353,0.0,25.91874677316105,0.0,6.126851869705774,0.0,6.275938909412715,0.0,10.300253433086661,0.0,2.9885839322293153,0.0,3.138267937476459,0.0,0.7911499257624228,0.0,-1.8120462404374305,0.0,0.9669763660217676,0.0,""
"2026-09-25 17:15:30","git-master-bddc7a050319718b5e4e0856afec0bc9ea96418f","C:\Users\marco\Desktop\ds004507\derivatives\labels\sub-004\ses-headUp\anat\sub-004_ses-headUp_T2w_seg-manual.nii.gz","720","8","",51.02326568254508,0.0,-2.431406174751624,0.0,25.85974839215154,0.0,6.418917063261503,0.0,6.472273860175879,0.0,10.101960370889767,0.0,3.134250424779912,0.0,3.2846666384815912,0.0,0.7671892827520765,0.0,-1.4774178447435309,0.0,0.9673145653518324,0.0,""
"2026-09-25 17:15:30","git-master-bddc7a050319718b5e4e0856afec0bc9ea96418f","C:\Users\marco\Desktop\ds004507\derivatives\labels\sub-004\ses-headUp\anat\sub-004_ses-headUp_T2w_seg-manual.nii.gz","721","8","",51.08212347595103,0.0,-2.7086591899074963,0.0,25.796358083493676,0.0,6.113777558326408,0.0,6.262157384383194,0.0,10.4833879351464,0.0,2.9508192614489936,0.0,3.1629582968774144,0.0,0.800122695149255,0.0,-0.6810559312699455,0.0,0.961602609950436,0.0,""
"2026-09-25 17:15:30","git-master-bddc7a050319718b5e4e0856afec0bc9ea96418f","C:\Users\marco\Desktop\ds004507\derivatives\labels\sub-004\ses-headUp\anat\sub-004_ses-headUp_T2w_seg-manual.nii.gz","722","8","",51.71655469966462,0.0,-3.016064952863766,0.0,25.730760262987925,0.0,6.0595609729494715,0.0,6.237237497620044,0.0,10.710611232147667,0.0,2.88156334635205,0.0,3.177997626597421,0.0,0.8127984351737312,0.0,0.15148247961361166,0.0,0.9573614495267035,0.0,""
"2026-09-25 17:15:30","git-master-bddc7a050319718b5e4e0856afec0bc9ea96418f","C:\Users\marco\Desktop\ds004507\derivatives\labels\sub-004\ses-headUp\anat\sub-004_ses-headUp_T2w_seg-manual.nii.gz","723","8","",53.083533925587936,0.0,-3.3618469402932685,0.0,25.66235288194851,0.0,6.324700830646552,0.0,6.4480223605308495,0.0,10.741574552642108,0.0,2.9576213835528913,0.0,3.3670794470936607,0.0,0.7996916830874953,0.0,1.030063705382587,0.0,0.9549922099836342,0.0,""
"2026-09-25 17:15:30","git-master-bddc7a050319718b5e4e0856afec0bc9ea96418f","C:\Users\marco\Desktop\ds004507\derivatives\labels\sub-004\ses-headUp\anat\sub-004_ses-headUp_T2w_seg-manual.nii.gz","724","8","",53.10951631361224,0.0,-3.7594790556844435,0.0,25.59011108755162,0.0,6.30986286047477,0.0,6.446760394350311,0.0,10.75463734863438,0.0,2.8877585101544234,0.0,3.422104350320347,0.0,0.8003861288716004,0.0,1.2113766546150853,0.0,0.9597656432215937,0.0,""
"2026-09-25 17:15:30","git-master-bddc7a050319718b5e4e0856afec0bc9ea96418f","C:\Users\marco\Desktop\ds004507\derivatives\labels\sub-004\ses-headUp\anat\sub-004_ses-headUp_T2w_seg-manual.nii.gz","725","8","",52.54406985868789,0.0,-4.17108822729824,0.0,25.51642082853637,0.0,6.190090924170894,0.0,6.364193967378853,0.0,10.746397736889504,0.0,2.776460738916725,0.0,3.413630185254169,0.0,0.8057799925963886,0.0,0.9049586155102383,0.0,0.9646256880799422,0.0,""
"2026-09-25 17:15:30","git-master-bddc7a050319718b5e4e0856afec0bc9ea96418f","C:\Users\marco\Desktop\ds004507\derivatives\labels\sub-004\ses-headUp\anat\sub-004_ses-headUp_T2w_seg-manual.nii.gz","726","8","",50.04712759485572,0.0,-4.5551357123482115,0.0,25.439998201234495,0.0,5.880339962766421,0.0,6.116691041696172,0.0,10.558187604096322,0.0,2.718584949441145,0.0,3.161755013325275,0.0,0.8150970230046336,0.0,-2.4781809957362904,0.0,0.9445425864732373,0.0,""
"2026-09-25 17:15:30","git-master-bddc7a050319718b5e4e0856afec0bc9ea96418f","C:\Users\marco\Desktop\ds004507\derivatives\labels\sub-004\ses-headUp\anat\sub-004_ses-headUp_T2w_seg-manual.nii.gz","727","8","",49.198334977350754,0.0,-4.888185082134013,0.0,25.363224473897745,0.0,5.7686373665555415,0.0,6.003723549406597,0.0,10.514277115815592,0.0,2.7255916502119404,0.0,3.0430457163436007,0.0,0.8209396529932262,0.0,-3.8547868802124237,0.0,0.9414585655621022,0.0,""
"2026-09-25 17:15:30","git-master-bddc7a050319718b5e4e0856afec0bc9ea96418f","C:\Users\marco\Desktop\ds004507\derivatives\labels\sub-004\ses-headUp\anat\sub-004_ses-headUp_T2w_seg-manual.nii.gz","728","8","",50.8217668293366,0.0,-5.1447372790235635,0.0,25.285924096508673,0.0,5.954007318135054,0.0,6.092559207206679,0.0,10.68681609430354,0.0,2.8299220863522976,0.0,3.1240852317827565,0.0,0.8215706823523401,0.0,-2.2215921745329448,0.0,0.9638731656943218,0.0,""
"2026-09-25 17:15:30","git-master-bddc7a050319718b5e4e0856afec0bc9ea96418f","C:\Users\marco\Desktop\ds004507\derivatives\labels\sub-004\ses-headUp\anat\sub-004_ses-headUp_T2w_seg-manual.nii.gz","729","8","",51.62247039723667,0.0,-5.309825731663275,0.0,25.20798861730678,0.0,6.056853020902494,0.0,6.202538821559758,0.0,10.64481482131536,0.0,2.9146285567320436,0.0,3.1422244641704515,0.0,0.8123851025745801,0.0,-1.0257243180397213,0.0,0.9604481329294592,0.0,""
"2026-09-25 17:15:30","git-master-bddc7a050319718b5e4e0856afec0bc9ea96418f","C:\Users\marco\Desktop\ds004507\derivatives\labels\sub-004\ses-headUp\anat\sub-004_ses-headUp_T2w_seg-manual.nii.gz","730","8","",52.03345145530311,0.0,-5.434274046159581,0.0,25.129770696421105,0.0,6.122059577444517,0.0,6.314202964744569,0.0,10.517696051228114,0.0,2.98677704407316,0.0,3.1352825333713574,0.0,0.7997381007227888,0.0,-0.07859104005191833,0.0,0.9481309182806864,0.0,""
"2026-09-25 17:15:30","git-master-bddc7a050319718b5e4e0856afec0bc9ea96418f","C:\Users\marco\Desktop\ds004507\derivatives\labels\sub-004\ses-headUp\anat\sub-004_ses-headUp_T2w_seg-manual.nii.gz","731","8","",50.76988959549645,0.0,-5.437020658212677,0.0,25.05070179204425,0.0,6.054152946822513,0.0,6.268952205396369,0.0,10.350133031207083,0.0,2.9406909522528744,0.0,3.113461994569639,0.0,0.7956386543717402,0.0,-1.0193703871224955,0.0,0.9635712454575077,0.0,""
"2026-09-25 17:15:30","git-master-bddc7a050319718b5e4e0856afec0bc9ea96418f","C:\Users\marco\Desktop\ds004507\derivatives\labels\sub-004\ses-headUp\anat\sub-004_ses-headUp_T2w_seg-manual.nii.gz","732","8","",49.34263798069137,0.0,-5.394131189920435,0.0,24.971312194343525,0.0,5.9624936804052755,0.0,6.232131008276797,0.0,10.143690373343071,0.0,2.89209652496134,0.0,3.0703971554439358,0.0,0.788746751544307,0.0,-1.6202218687328525,0.0,0.9731036063866093,0.0,""
"2026-09-25 17:15:30","git-master-bddc7a050319718b5e4e0856afec0bc9ea96418f","C:\Users\marco\Desktop\ds004507\derivatives\labels\sub-004\ses-headUp\anat\sub-004_ses-headUp_T2w_seg-manual.nii.gz","733","8","",47.62438235700021,0.0,-5.270110912125372,0.0,24.891352475178127,0.0,5.8286075059076214,0.0,6.210295699563674,0.0,9.868128359313761,0.0,2.8390428346098076,0.0,2.9895646712978143,0.0,0.7768904816477455,0.0,-1.6167571450805942,0.0,0.9721329162086532,0.0,""
"2026-09-25 17:15:30","git-master-bddc7a050319718b5e4e0856afec0bc9ea96418f","C:\Users\marco\Desktop\ds004507\derivatives\labels\sub-004\ses-headUp\anat\sub-004_ses-headUp_T2w_seg-manual.nii.gz","734","8","",46.992602473933324,0.0,-5.059719114795062,0.0,24.81078401619762,0.0,5.75551041156564,0.0,6.1178604620192845,0.0,9.893943649836826,0.0,2.780009605343914,0.0,2.9755008062217265,0.0,0.785328330264835,0.0,-2.5439089992607156,0.0,0.9642879416792252,0.0,""
"2026-09-25 17:15:30","git-master-bddc7a050319718b5e4e0856afec0bc9ea96418f","C:\Users\marco\Desktop\ds004507\derivatives\labels\sub-004\ses-headUp\anat\sub-004_ses-headUp_T2w_seg-manual.nii.gz","735","8","",46.87210529233669,0.0,-4.808681896506987,0.0,24.729929091421763,0.0,5.711019943179268,0.0,5.992201728554299,0.0,10.061583554266893,0.0,2.7181624754124383,0.0,2.9928574677668305,0.0,0.803316352300113,0.0,-3.908998066538427,0.0,0.9532080098079281,0.0,""
"2026-09-25 17:15:30","git-master-bddc7a050319718b5e4e0856afec0bc9ea96418f","C:\Users\marco\Desktop\ds004507\derivatives\labels\sub-004\ses-headUp\anat\sub-004_ses-headUp_T2w_seg-manual.nii.gz","736","7","",47.88463884186617,0.0,-4.172785907335423,0.0,24.59258146902734,0.0,5.898112396843652,0.0,6.040659413254192,0.0,10.102985223652109,0.0,2.8849828130729653,0.0,3.0131295837706866,0.0,0.801564459501258,0.0,-3.3055818846214065,0.0,0.9629329552359732,0.0,""
"2026-09-25 17:15:30","git-master-bddc7a050319718b5e4e0856afec0bc9ea96418f","C:\Users\marco\Desktop\ds004507\derivatives\labels\sub-004\ses-headUp\anat\sub-004_ses-headUp_T2w_seg-manual.nii.gz","737","7","",49.20398518535152,0.0,-3.5796746028126276,0.0,24.49579579691216,0.0,5.937577138069228,0.0,6.16100052423486,0.0,10.232910874940336,0.0,2.8956118200022014,0.0,3.0419653180670267,0.0,0.798447944258451,0.0,-2.183217943415187,0.0,0.9336957859133395,0.0,""
"2026-09-25 17:15:30","git-master-bddc7a050319718b5e4e0856afec0bc9ea96418f","C:\Users\marco\Desktop\ds004507\derivatives\labels\sub-004\ses-headUp\anat\sub-004_ses-headUp_T2w_seg-manual.nii.gz","738","7","",49.20312610808942,0.0,-2.9767790109422614,0.0,24.39840888383135,0.0,5.929171189240906,0.0,6.173684559813848,0.0,10.226348927946727,0.0,2.8544011049949667,0.0,3.074770084245939,0.0,0.7972098646431813,0.0,-1.9375305742435665,0.0,0.9352429528414952,0.0,""
"2026-09-25 17:15:30","git-master-bddc7a050319718b5e4e0856afec0bc9ea96418f","C:\Users\marco\Desktop\ds004507\derivatives\labels\sub-004\ses-headUp\anat\sub-004_ses-headUp_T2w_seg-manual.nii.gz","739","7","",48.62066720361158,0.0,-2.381513506666454,0.0,24.300420050656022,0.0,5.917182300140583,0.0,6.150284966437383,0.0,10.127430345044942,0.0,2.816392988261367,0.0,3.1007893118792165,0.0,0.7943232372378171,0.0,-2.220100419982008,0.0,0.9565768040005102,0.0,""
"2026-09-25 17:15:30","git-master-bddc7a050319718b5e4e0856afec0bc9ea96418f","C:\Users\marco\Desktop\ds004507\derivatives\labels\sub-004\ses-headUp\anat\sub-004_ses-headUp_T2w_seg-manual.nii.gz","740","7","",50.93116032665673,0.0,-1.8872910855726834,0.0,24.20150170385372,0.0,6.12679786078538,0.0,6.43841541285369,0.0,10.11273725753397,0.0,3.065580254564669,0.0,3.061217606220711,0.0,0.770813288013683,0.0,-1.5286077393024096,0.0,0.9519534923355638,0.0,""
"2026-09-25 17:15:30","git-master-bddc7a050319718b5e4e0856afec0bc9ea96418f","C:\Users\marco\Desktop\ds004507\derivatives\labels\sub-004\ses-headUp\anat\sub-004_ses-headUp_T2w_seg-manual.nii.gz","741","7","",49.96572066391318,0.0,-1.4742372686191625,0.0,24.10183611554885,0.0,6.095364867489957,0.0,6.368236106962925,0.0,10.014641316677102,0.0,3.1051253219461357,0.0,2.9902395455438215,0.0,0.7717464935805,0.0,-3.1521550663574365,0.0,0.9519503749808443,0.0,""
"2026-09-25 17:15:30","git-master-bddc7a050319718b5e4e0856afec0bc9ea96418f","C:\Users\marco\Desktop\ds004507\derivatives\labels\sub-004\ses-headUp\anat\sub-004_ses-headUp_T2w_seg-manual.nii.gz","742","7","",48.44763847155051,0.0,-1.1271973439324283,0.0,24.001562029277768,0.0,6.0309073106185185,0.0,6.2430432875314255,0.0,9.917712362693777,0.0,3.075311495217833,0.0,2.9555958154006854,0.0,0.7769342801086316,0.0,-5.099200953758709,0.0,0.9526356964204223,0.0,""
"2026-09-25 17:15:30","git-master-bddc7a050319718b5e4e0856afec0bc9ea96418f","C:\Users\marco\Desktop\ds004507\derivatives\labels\sub-004\ses-headUp\anat\sub-004_ses-headUp_T2w_seg-manual.nii.gz","743","7","",49.42452746098422,0.0,-0.866581531786073,0.0,23.9004901335483,0.0,6.171679926936764,0.0,6.406133643531819,0.0,9.927474658478834,0.0,3.1088497775920425,0.0,3.0628301493447214,0.0,0.7638773854008726,0.0,-5.093141085886639,0.0,0.9495444785801243,0.0,""
"2026-09-25 17:15:30","git-master-bddc7a050319718b5e4e0856afec0bc9ea96418f","C:\Users\marco\Desktop\ds004507\derivatives\labels\sub-004\ses-headUp\anat\sub-004_ses-headUp_T2w_seg-manual.nii.gz","744","7","",51.79364768903157,0.0,-0.7026478651419719,0.0,23.798522241006214,0.0,6.130778512115559,0.0,6.422114172654438,0.0,10.460868940158651,0.0,2.9511223820708823,0.0,3.179656130044677,0.0,0.7875889908400078,0.0,-1.9844131881215614,0.0,0.9578184598796309,0.0,""
"2026-09-25 17:15:30","git-master-bddc7a050319718b5e4e0856afec0bc9ea96418f","C:\Users\marco\Desktop\ds004507\derivatives\labels\sub-004\ses-headUp\anat\sub-004_ses-headUp_T2w_seg-manual.nii.gz","745","7","",53.32392761815243,0.0,-0.6048804291589939,0.0,23.695939245438495,0.0,6.097431035057845,0.0,6.400440253305651,0.0,10.829318057569349,0.0,2.84643633255767,0.0,3.250994702500175,0.0,0.8066498450204895,0.0,-0.07139977334215258,0.0,0.9592709764336487,0.0,""
"2026-09-25 17:15:30","git-master-bddc7a050319718b5e4e0856afec0bc9ea96418f","C:\Users\marco\Desktop\ds004507\derivatives\labels\sub-004\ses-headUp\anat\sub-004_ses-headUp_T2w_seg-manual.nii.gz","746","7","",53.09340948366621,0.0,-0.5783762517007673,0.0,23.592692848798784,0.0,6.135329716999531,0.0,6.368369065019793,0.0,10.769703988397058,0.0,2.886895756730157,0.0,3.2484339602693746,0.0,0.8064350509961301,0.0,-1.0344650845755767,0.0,0.9463903890453911,0.0,""
"2026-09-25 17:15:30","git-master-bddc7a050319718b5e4e0856afec0bc9ea96418f","C:\Users\marco\Desktop\ds004507\derivatives\labels\sub-004\ses-headUp\anat\sub-004_ses-headUp_T2w_seg-manual.nii.gz","747","7","",52.64260199821867,0.0,-0.6638625117777417,0.0,23.488398942451283,0.0,6.051895981919998,0.0,6.1717186786787375,0.0,10.948310812587621,0.0,2.894262734380845,0.0,3.157633247539153,0.0,0.8254779840130875,0.0,-1.288435225601303,0.0,0.9545848481962823,0.0,""
"2026-09-25 17:15:30","git-master-bddc7a050319718b5e4e0856afec0bc9ea96418f","C:\Users\marco\Desktop\ds004507\derivatives\labels\sub-004\ses-headUp\anat\sub-004_ses-headUp_T2w_seg-manual.nii.gz","748","7","",53.79899604076436,0.0,-0.8155139172994248,0.0,23.383483311995843,0.0,6.085165259124151,0.0,6.218752022817329,0.0,11.061391504750619,0.0,2.9474021947407074,0.0,3.137763064383444,0.0,0.8268064100456672,0.0,-1.3259655504324894,0.0,0.9518074814619313,0.0,""
"2026-09-25 17:15:30","git-master-bddc7a050319718b5e4e0856afec0bc9ea96418f","C:\Users\marco\Desktop\ds004507\derivatives\labels\sub-004\ses-headUp\anat\sub-004_ses-headUp_T2w_seg-manual.nii.gz","749","7","",56.091191585698574,0.0,-1.0271037559206877,0.0,23.27794527205638,0.0,6.198373451288808,0.0,6.460169377152459,0.0,11.095042596236688,0.0,3.028079369977501,0.0,3.1702940813113076,0.0,0.813000579015132,0.0,-1.1706233768366536,0.0,0.940063598387932,0.0,""
"2026-09-25 17:15:30","git-master-bddc7a050319718b5e4e0856afec0bc9ea96418f","C:\Users\marco\Desktop\ds004507\derivatives\labels\sub-004\ses-headUp\anat\sub-004_ses-headUp_T2w_seg-manual.nii.gz","750","7","",54.74361160773226,0.0,-1.2802034336038695,0.0,23.171397741576456,0.0,5.974590824861489,0.0,6.325159533535507,0.0,11.029593542226554,0.0,2.94286445999298,0.0,3.0317263648685095,0.0,0.8192124341271004,0.0,-0.763124063663664,0.0,0.9489954507539596,0.0,""
"2026-09-25 17:15:30","git-master-bddc7a050319718b5e4e0856afec0bc9ea96418f","C:\Users\marco\Desktop\ds004507\derivatives\labels\sub-004\ses-headUp\anat\sub-004_ses-headUp_T2w_seg-manual.nii.gz","751","7","",54.10097193299511,0.0,-1.5162833249496555,0.0,23.064125719882988,0.0,5.957823344653792,0.0,6.2439863615146285,0.0,11.021561264105442,0.0,2.933238645058772,0.0,3.02458469959502,0.0,0.8240245514813527,0.0,-1.7224016951733256,0.0,0.9594687283002193,0.0,""
"2026-09-25 17:15:30","git-master-bddc7a050319718b5e4e0856afec0bc9ea96418f","C:\Users\marco\Desktop\ds004507\derivatives\labels\sub-004\ses-headUp\anat\sub-004_ses-headUp_T2w_seg-manual.nii.gz","752","7","",54.36565332334096,0.0,-1.737614646811732,0.0,22.956224664285937,0.0,6.098194068971658,0.0,6.259123369852412,0.0,11.0648855167588,0.0,2.980614151972399,0.0,3.1175799169992584,0.0,0.824591418202915,0.0,-2.961947265407805,0.0,0.9654603208643604,0.0,""
"2026-09-25 17:15:30","git-master-bddc7a050319718b5e4e0856afec0bc9ea96418f","C:\Users\marco\Desktop\ds004507\derivatives\labels\sub-004\ses-headUp\anat\sub-004_ses-headUp_T2w_seg-manual.nii.gz","753","7","",56.54320516578567,0.0,-1.9385291083002538,0.0,22.847450109765965,0.0,6.406793248839881,0.0,6.517610618016909,0.0,11.18285307049332,0.0,3.0880633550416356,0.0,3.318729893798245,0.0,0.8125628791416092,0.0,-2.5862456812609436,0.0,0.9523583111468288,0.0,""
"2026-09-25 17:15:30","git-master-bddc7a050319718b5e4e0856afec0bc9ea96418f","C:\Users\marco\Desktop\ds004507\derivatives\labels\sub-004\ses-headUp\anat\sub-004_ses-headUp_T2w_seg-manual.nii.gz","754","7","",57.64364322314177,0.0,-2.11903829706184,0.0,22.73779795096376,0.0,6.29967557432503,0.0,6.529106233481153,0.0,11.443038106753248,0.0,3.0205572886842558,0.0,3.279118285640774,0.0,0.820874863789013,0.0,-1.4116459176753196,0.0,0.9556035784282791,0.0,""
"2026-09-25 17:15:30","git-master-bddc7a050319718b5e4e0856afec0bc9ea96418f","C:\Users\marco\Desktop\ds004507\derivatives\labels\sub-004\ses-headUp\anat\sub-004_ses-headUp_T2w_seg-manual.nii.gz","755","7","",58.4179311560357,0.0,-2.28481669046751,0.0,22.627510144857172,0.0,6.128933265446346,0.0,6.482151793468847,0.0,11.710789415417203,0.0,2.900622556269944,0.0,3.228310709176402,0.0,0.8327351710730818,0.0,-0.3246804641808774,0.0,0.9565158981349751,0.0,""
"2026-09-25 17:15:30","git-master-bddc7a050319718b5e4e0856afec0bc9ea96418f","C:\Users\marco\Desktop\ds004507\derivatives\labels\sub-004\ses-headUp\anat\sub-004_ses-headUp_T2w_seg-manual.nii.gz","756","7","",59.141684368630045,0.0,-2.4336025887927826,0.0,22.51648758561854,0.0,6.055413962126657,0.0,6.454244974802724,0.0,11.918655879356729,0.0,2.7735066111585804,0.0,3.2819073509680767,0.0,0.8406545605359452,0.0,0.1818778561015838,0.0,0.9445397343687034,0.0,""
"2026-09-25 17:15:30","git-master-bddc7a050319718b5e4e0856afec0bc9ea96418f","C:\Users\marco\Desktop\ds004507\derivatives\labels\sub-004\ses-headUp\anat\sub-004_ses-headUp_T2w_seg-manual.nii.gz","757","7","",58.52261099995642,0.0,-2.558616752344405,0.0,22.40443159826963,0.0,6.267566410869243,0.0,6.553581856151411,0.0,11.547646190085729,0.0,2.939800939610079,0.0,3.327765471259164,0.0,0.8226044105474618,0.0,0.44029026015687794,0.0,0.9507898515526273,0.0,""
"2026-09-25 17:15:30","git-master-bddc7a050319718b5e4e0856afec0bc9ea96418f","C:\Users\marco\Desktop\ds004507\derivatives\labels\sub-004\ses-headUp\anat\sub-004_ses-headUp_T2w_seg-manual.nii.gz","758","7","",57.67807896066645,0.0,-2.668924051650891,0.0,22.291733375049624,0.0,6.305822553550836,0.0,6.528315583636791,0.0,11.394327457371789,0.0,2.9655094091734244,0.0,3.3403131443774114,0.0,0.8192961589927338,0.0,1.2972204547568338,0.0,0.9622095903854199,0.0,""
"2026-09-25 17:15:30","git-master-bddc7a050319718b5e4e0856afec0bc9ea96418f","C:\Users\marco\Desktop\ds004507\derivatives\labels\sub-004\ses-headUp\anat\sub-004_ses-headUp_T2w_seg-manual.nii.gz","759","7","",56.80673171187349,0.0,-2.764526835672737,0.0,22.1783922362373,0.0,6.1472473339242,0.0,6.371672740620384,0.0,11.518583689116683,0.0,2.8224822617232195,0.0,3.32476507220098,0.0,0.832956733665307,0.0,2.7126326770985445,0.0,0.9761819240658662,0.0,""
"2026-09-25 17:15:30","git-master-bddc7a050319718b5e4e0856afec0bc9ea96418f","C:\Users\marco\Desktop\ds004507\derivatives\labels\sub-004\ses-headUp\anat\sub-004_ses-headUp_T2w_seg-manual.nii.gz","760","7","",57.687140048766274,0.0,-2.835259631547415,0.0,22.063958493905215,0.0,6.4848574936941015,0.0,6.606063782174973,0.0,11.201760688533973,0.0,3.0119842071485436,0.0,3.472873286545558,0.0,0.8067669756110207,0.0,1.4830318710250272,0.0,0.963900495565151,0.0,""
"2026-09-25 17:15:30","git-master-bddc7a050319718b5e4e0856afec0bc9ea96418f","C:\Users\marco\Desktop\ds004507\derivatives\labels\sub-004\ses-headUp\anat\sub-004_ses-headUp_T2w_seg-manual.nii.gz","761","7","",58.02200434712943,0.0,-2.890174004603653,0.0,21.948826302888108,0.0,6.438411573466293,0.0,6.6275269939235395,0.0,11.235872903446372,0.0,3.0099104179604828,0.0,3.42850115550581,0.0,0.8070383078376574,0.0,0.44299517715835746,0.0,0.9654366200896335,0.0,""
"2026-09-25 17:15:30","git-master-bddc7a050319718b5e4e0856afec0bc9ea96418f","C:\Users\marco\Desktop\ds004507\derivatives\labels\sub-004\ses-headUp\anat\sub-004_ses-headUp_T2w_seg-manual.nii.gz","762","7","",57.86871380389583,0.0,-2.930401348976054,0.0,21.833044654256245,0.0,6.191895930525984,0.0,6.520285850485741,0.0,11.46190226773766,0.0,2.8971181076004626,0.0,3.294777822925522,0.0,0.8224057378283178,0.0,-0.5844655194960623,0.0,0.9740317756632174,0.0,""
"2026-09-25 17:15:30","git-master-bddc7a050319718b5e4e0856afec0bc9ea96418f","C:\Users\marco\Desktop\ds004507\derivatives\labels\sub-004\ses-headUp\anat\sub-004_ses-headUp_T2w_seg-manual.nii.gz","763","7","",57.062545452159156,0.0,-2.9491679910636783,0.0,21.716310844903187,0.0,6.167791777551451,0.0,6.45188935735609,0.0,11.527932344263258,0.0,2.8434030112966537,0.0,3.3243887662547977,0.0,0.8286788029474158,0.0,-2.131037786309626,0.0,0.9739644435895185,0.0,""
"2026-09-25 17:15:30","git-master-bddc7a050319718b5e4e0856afec0bc9ea96418f","C:\Users\marco\Desktop\ds004507\derivatives\labels\sub-004\ses-headUp\anat\sub-004_ses-headUp_T2w_seg-manual.nii.gz","764","7","",56.72021828548783,0.0,-2.9487357094426008,0.0,21.598721301951212,0.0,6.088378132375281,0.0,6.312698274310381,0.0,11.745000302989816,0.0,2.8175314006181544,0.0,3.2708467317571275,0.0,0.8427785519984355,0.0,-2.652075660070246,0.0,0.9457179886364616,0.0,""
"2026-09-25 17:15:30","git-master-bddc7a050319718b5e4e0856afec0bc9ea96418f","C:\Users\marco\Desktop\ds004507\derivatives\labels\sub-004\ses-headUp\anat\sub-004_ses-headUp_T2w_seg-manual.nii.gz","765","7","",56.602759634199934,0.0,-2.9336214597757597,0.0,21.4804758173594,0.0,6.032924092566629,0.0,6.219317278043857,0.0,11.854579558437658,0.0,2.8129245156024254,0.0,3.219999576964204,0.0,0.8511606126192867,0.0,-2.721642971203154,0.0,0.9292772589427726,0.0,""
"2026-09-25 17:15:30","git-master-bddc7a050319718b5e4e0856afec0bc9ea96418f","C:\Users\marco\Desktop\ds004507\derivatives\labels\sub-004\ses-headUp\anat\sub-004_ses-headUp_T2w_seg-manual.nii.gz","766","7","",56.625094952811345,0.0,-2.900436633365958,0.0,21.36142137730087,0.0,6.0768542873069,0.0,6.287756653507416,0.0,11.596624662766995,0.0,2.834460746218998,0.0,3.2423935410879023,0.0,0.8401597076059333,0.0,-2.58659943106165,0.0,0.9625537819126669,0.0,""
"2026-09-25 17:15:30","git-master-bddc7a050319718b5e4e0856afec0bc9ea96418f","C:\Users\marco\Desktop\ds004507\derivatives\labels\sub-004\ses-headUp\anat\sub-004_ses-headUp_T2w_seg-manual.nii.gz","767","7","",56.6199273008696,0.0,-2.84465791741534,0.0,21.24135131849921,0.0,5.932730987745385,0.0,6.236107226470188,0.0,11.646546850646295,0.0,2.8295615525389377,0.0,3.1031694352064476,0.0,0.8444976366519853,0.0,-1.004383023775733,0.0,0.9600383377332243,0.0,""
"2026-09-25 17:15:30","git-master-bddc7a050319718b5e4e0856afec0bc9ea96418f","C:\Users\marco\Desktop\ds004507\derivatives\labels\sub-004\ses-headUp\anat\sub-004_ses-headUp_T2w_seg-manual.nii.gz","768","7","",57.13332270194973,0.0,-2.7741883124744837,0.0,21.120618908833716,0.0,5.943135592507671,0.0,6.243999446716494,0.0,11.665851213006121,0.0,2.8759321411810226,0.0,3.0672034513266477,0.0,0.844614927397699,0.0,-0.5717514634199424,0.0,0.9601006475804821,0.0,""
"2026-09-25 17:15:30","git-master-bddc7a050319718b5e4e0856afec0bc9ea96418f","C:\Users\marco\Desktop\ds004507\derivatives\labels\sub-004\ses-headUp\anat\sub-004_ses-headUp_T2w_seg-manual.nii.gz","769","7","",58.326213151216166,0.0,-2.6890263603067757,0.0,20.99922348870015,0.0,6.191096904279746,0.0,6.352713124919049,0.0,11.585316370898385,0.0,2.9941083545797404,0.0,3.1969885497000052,0.0,0.8362543157113888,0.0,-1.9157789131664746,0.0,0.9704934712565711,0.0,""
"2026-09-25 17:15:30","git-master-bddc7a050319718b5e4e0856afec0bc9ea96418f","C:\Users\marco\Desktop\ds004507\derivatives\labels\sub-004\ses-headUp\anat\sub-004_ses-headUp_T2w_seg-manual.nii.gz","770","6","",61.10088693431447,0.0,-2.529519857864926,0.0,20.82335721782028,0.0,6.342079373296258,0.0,6.6303735229998,0.0,11.98278191504371,0.0,2.926838400718072,0.0,3.4152409725781854,0.0,0.8329654121832908,0.0,-0.17363765981536428,0.0,0.9252052295530556,0.0,""
"2026-09-25 17:15:30","git-master-bddc7a050319718b5e4e0856afec0bc9ea96418f","C:\Users\marco\Desktop\ds004507\derivatives\labels\sub-004\ses-headUp\anat\sub-004_ses-headUp_T2w_seg-manual.nii.gz","771","6","",63.96830871684692,0.0,-2.3720399836079027,0.0,20.681306291761185,0.0,6.685957811980043,0.0,6.913492777384314,0.0,12.03971669012882,0.0,3.0697630174468027,0.0,3.6161947945332407,0.0,0.8186176670263203,0.0,0.5144105205883719,0.0,0.9557322354686059,0.0,""
"2026-09-25 17:15:30","git-master-bddc7a050319718b5e4e0856afec0bc9ea96418f","C:\Users\marco\Desktop\ds004507\derivatives\labels\sub-004\ses-headUp\anat\sub-004_ses-headUp_T2w_seg-manual.nii.gz","772","6","",63.99614551750084,0.0,-2.2075741920991625,0.0,20.538470431163116,0.0,6.464270025893701,0.0,6.801641576348651,0.0,12.324930997681744,0.0,3.002176533145739,0.0,3.4620934927479627,0.0,0.8332452302671866,0.0,1.278449307388777,0.0,0.9697682362884313,0.0,""
"2026-09-25 17:15:30","git-master-bddc7a050319718b5e4e0856afec0bc9ea96418f","C:\Users\marco\Desktop\ds004507\derivatives\labels\sub-004\ses-headUp\anat\sub-004_ses-headUp_T2w_seg-manual.nii.gz","773","6","",64.3377673861107,0.0,-2.046414377768081,0.0,20.395006810527615,0.0,6.398157339688165,0.0,6.761328712606475,0.0,12.424404944966222,0.0,2.9575282838161083,0.0,3.4406290558720576,0.0,0.8387614345738204,0.0,2.0132414176900464,0.0,0.9669270300407389,0.0,""
"2026-09-25 17:15:30","git-master-bddc7a050319718b5e4e0856afec0bc9ea96418f","C:\Users\marco\Desktop\ds004507\derivatives\labels\sub-004\ses-headUp\anat\sub-004_ses-headUp_T2w_seg-manual.nii.gz","774","6","",65.46657168536677,0.0,-1.893709424472214,0.0,20.250993737157398,0.0,6.637671453606707,0.0,6.878879672693221,0.0,12.270922612819446,0.0,3.015549812440688,0.0,3.6221216411660184,0.0,0.8280860452342796,0.0,2.3430172489048364,0.0,0.9594021455629865,0.0,""
"2026-09-25 17:15:30","git-master-bddc7a050319718b5e4e0856afec0bc9ea96418f","C:\Users\marco\Desktop\ds004507\derivatives\labels\sub-004\ses-headUp\anat\sub-004_ses-headUp_T2w_seg-manual.nii.gz","775","6","",65.17598309081515,0.0,-1.7494652054972952,0.0,20.10643065115637,0.0,6.761774443484937,0.0,6.86043663696609,0.0,12.14407205565204,0.0,3.102254868983808,0.0,3.6595195745011284,0.0,0.8251452601567497,0.0,1.6214748787542645,0.0,0.9719668425018839,0.0,""
"2026-09-25 17:15:30","git-master-bddc7a050319718b5e4e0856afec0bc9ea96418f","C:\Users\marco\Desktop\ds004507\derivatives\labels\sub-004\ses-headUp\anat\sub-004_ses-headUp_T2w_seg-manual.nii.gz","776","6","",65.24926841973306,0.0,-1.616511701811324,0.0,19.96113314980037,0.0,6.795829680135145,0.0,6.903428839476537,0.0,11.952007342529804,0.0,3.331982867998602,0.0,3.463846812136542,0.0,0.816249836321251,0.0,1.7528584080324108,0.0,0.9639194632814206,0.0,""
"2026-09-25 17:15:30","git-master-bddc7a050319718b5e4e0856afec0bc9ea96418f","C:\Users\marco\Desktop\ds004507\derivatives\labels\sub-004\ses-headUp\anat\sub-004_ses-headUp_T2w_seg-manual.nii.gz","777","6","",66.31254799813628,0.0,-1.492032223781634,0.0,19.81528407993048,0.0,6.834160450268934,0.0,7.040004339836088,0.0,12.043360172913884,0.0,3.2831178598147726,0.0,3.551042590454161,0.0,0.8113662380314468,0.0,1.7463641128069376,0.0,0.9708421368403979,0.0,""
"2026-09-25 17:15:30","git-master-bddc7a050319718b5e4e0856afec0bc9ea96418f","C:\Users\marco\Desktop\ds004507\derivatives\labels\sub-004\ses-headUp\anat\sub-004_ses-headUp_T2w_seg-manual.nii.gz","778","6","",66.69558562398204,0.0,-1.3760300090625457,0.0,19.668882965430637,0.0,6.80885147916468,0.0,7.087781927844609,0.0,12.20387551155321,0.0,3.182015143801448,0.0,3.6268363353632327,0.0,0.8139705524398184,0.0,1.453716447981177,0.0,0.9711387073208715,0.0,""
"2026-09-25 17:15:30","git-master-bddc7a050319718b5e4e0856afec0bc9ea96418f","C:\Users\marco\Desktop\ds004507\derivatives\labels\sub-004\ses-headUp\anat\sub-004_ses-headUp_T2w_seg-manual.nii.gz","779","6","",65.914022626965,0.0,-1.2685079728824915,0.0,19.521929344773447,0.0,6.6531437245945,0.0,6.987805723441905,0.0,12.336534071355128,0.0,3.101055087876548,0.0,3.552088636717952,0.0,0.8239808245970358,0.0,0.8913112767347147,0.0,0.9648168824503617,0.0,""
"2026-09-25 17:15:30","git-master-bddc7a050319718b5e4e0856afec0bc9ea96418f","C:\Users\marco\Desktop\ds004507\derivatives\labels\sub-004\ses-headUp\anat\sub-004_ses-headUp_T2w_seg-manual.nii.gz","780","6","",64.66937786851732,0.0,-1.1694687080440163,0.0,19.37442277102018,0.0,6.301434376824247,0.0,6.804545176707719,0.0,12.46155231338539,0.0,2.9586431285067856,0.0,3.3427912483174618,0.0,0.8377570574519579,0.0,0.24021587052338908,0.0,0.9734882335418529,0.0,""
"2026-09-25 17:15:30","git-master-bddc7a050319718b5e4e0856afec0bc9ea96418f","C:\Users\marco\Desktop\ds004507\derivatives\labels\sub-004\ses-headUp\anat\sub-004_ses-headUp_T2w_seg-manual.nii.gz","781","6","",67.65948808945907,0.0,-1.0817439014585941,0.0,19.226178092214138,0.0,6.7571981251131685,0.0,7.1139477498435015,0.0,12.30739914843247,0.0,3.1905102743599296,0.0,3.5666878507532385,0.0,0.8157179072759517,0.0,0.9151804642818369,0.0,0.9734295204644127,0.0,""
"2026-09-25 17:15:30","git-master-bddc7a050319718b5e4e0856afec0bc9ea96418f","C:\Users\marco\Desktop\ds004507\derivatives\labels\sub-004\ses-headUp\anat\sub-004_ses-headUp_T2w_seg-manual.nii.gz","782","6","",67.40065369456882,0.0,-1.0025073293196445,0.0,19.077379254594188,0.0,6.787088111362549,0.0,6.945906380779135,0.0,12.460980627616998,0.0,3.1777194260775543,0.0,3.6093686852849944,0.0,0.8295640215087184,0.0,-0.22050680681603874,0.0,0.9624495605714009,0.0,""
"2026-09-25 17:15:30","git-master-bddc7a050319718b5e4e0856afec0bc9ea96418f","C:\Users\marco\Desktop\ds004507\derivatives\labels\sub-004\ses-headUp\anat\sub-004_ses-headUp_T2w_seg-manual.nii.gz","783","6","",65.95418228587702,0.0,-0.9317602110645131,0.0,18.92802590256364,0.0,6.553707840683191,0.0,6.704241672272771,0.0,12.552122891041293,0.0,3.0593956193646004,0.0,3.4943122213185904,0.0,0.8453997500288349,0.0,-1.2671860291884702,0.0,0.9658547080307291,0.0,""
"2026-09-25 17:15:30","git-master-bddc7a050319718b5e4e0856afec0bc9ea96418f","C:\Users\marco\Desktop\ds004507\derivatives\labels\sub-004\ses-headUp\anat\sub-004_ses-headUp_T2w_seg-manual.nii.gz","784","6","",65.19543873385432,0.0,-0.8695036138072172,0.0,18.778117696390716,0.0,6.3870677475253,0.0,6.684332005554163,0.0,12.423688841464173,0.0,3.0075770197144074,0.0,3.379490727810893,0.0,0.8423276102305967,0.0,-1.3163422284797803,0.0,0.9784013765382432,0.0,""
"2026-09-25 17:15:30","git-master-bddc7a050319718b5e4e0856afec0bc9ea96418f","C:\Users\marco\Desktop\ds004507\derivatives\labels\sub-004\ses-headUp\anat\sub-004_ses-headUp_T2w_seg-manual.nii.gz","785","6","",66.81384517741152,0.0,-0.815738452338445,0.0,18.627654312208527,0.0,6.784585195678486,0.0,7.073113540324666,0.0,12.131578144300953,0.0,3.2272149224087117,0.0,3.557370273269774,0.0,0.8124482870240165,0.0,-0.4506053695603828,0.0,0.9642960393177219,0.0,""
"2026-09-25 17:15:30","git-master-bddc7a050319718b5e4e0856afec0bc9ea96418f","C:\Users\marco\Desktop\ds004507\derivatives\labels\sub-004\ses-headUp\anat\sub-004_ses-headUp_T2w_seg-manual.nii.gz","786","6","",66.42222575545757,0.0,-0.7732965444842056,0.0,18.47645010770016,0.0,6.8818190791866725,0.0,7.186952202344755,0.0,12.052630292183244,0.0,3.1773890412688384,0.0,3.704430037917834,0.0,0.8027051720052402,0.0,0.16822290048130628,0.0,0.9664435670235734,0.0,""
"2026-09-25 17:15:30","git-master-bddc7a050319718b5e4e0856afec0bc9ea96418f","C:\Users\marco\Desktop\ds004507\derivatives\labels\sub-004\ses-headUp\anat\sub-004_ses-headUp_T2w_seg-manual.nii.gz","787","6","",67.82505779368806,0.0,-0.7393477872354486,0.0,18.324689900251503,0.0,6.936812139430551,0.0,7.300427051631005,0.0,12.188801819934236,0.0,3.152781230710841,0.0,3.7840309087197106,0.0,0.800785143195732,0.0,0.7537746170424926,0.0,0.9470993744062068,0.0,""
"2026-09-25 17:15:30","git-master-bddc7a050319718b5e4e0856afec0bc9ea96418f","C:\Users\marco\Desktop\ds004507\derivatives\labels\sub-004\ses-headUp\anat\sub-004_ses-headUp_T2w_seg-manual.nii.gz","788","6","",68.82133974806563,0.0,-0.7138924969921885,0.0,18.172373465077865,0.0,6.9432156032239085,0.0,7.294251140448562,0.0,12.287332414062623,0.0,3.1968143602135632,0.0,3.7464012430103453,0.0,0.8046992997599699,0.0,0.8130142014129744,0.0,0.9469776110241677,0.0,""
"2026-09-25 17:15:30","git-master-bddc7a050319718b5e4e0856afec0bc9ea96418f","C:\Users\marco\Desktop\ds004507\derivatives\labels\sub-004\ses-headUp\anat\sub-004_ses-headUp_T2w_seg-manual.nii.gz","789","6","",68.76747772422475,0.0,-0.6969309257925878,0.0,18.01950059456159,0.0,6.939123530114267,0.0,7.167293940047592,0.0,12.303702232643696,0.0,3.274410892382108,0.0,3.6647126377321584,0.0,0.8127334523538161,0.0,0.534254440395285,0.0,0.9630202474690663,0.0,""
"2026-09-25 17:15:30","git-master-bddc7a050319718b5e4e0856afec0bc9ea96418f","C:\Users\marco\Desktop\ds004507\derivatives\labels\sub-004\ses-headUp\anat\sub-004_ses-headUp_T2w_seg-manual.nii.gz","790","6","",68.57728547747169,0.0,-0.6884632613129562,0.0,17.86607109825208,0.0,7.007072812382886,0.0,7.03658134066328,0.0,12.401631905319325,0.0,3.2719928829478366,0.0,3.7350799294350496,0.0,0.8234481231245181,0.0,0.7871564863046913,0.0,0.9483970753655793,0.0,""
"2026-09-25 17:15:30","git-master-bddc7a050319718b5e4e0856afec0bc9ea96418f","C:\Users\marco\Desktop\ds004507\derivatives\labels\sub-004\ses-headUp\anat\sub-004_ses-headUp_T2w_seg-manual.nii.gz","791","6","",70.02249513405964,0.0,-0.6913209599265948,0.0,17.71189912329974,0.0,7.139853304049146,0.0,7.147851267980696,0.0,12.432596720864801,0.0,3.425288163310568,0.0,3.7145651407385785,0.0,0.8181942303269849,0.0,1.3235896497525943,0.0,0.9506979973167498,0.0,""
"2026-09-25 17:15:30","git-master-bddc7a050319718b5e4e0856afec0bc9ea96418f","C:\Users\marco\Desktop\ds004507\derivatives\labels\sub-004\ses-headUp\anat\sub-004_ses-headUp_T2w_seg-manual.nii.gz","792","6","",69.54075862372274,0.0,-0.6896521956180387,0.0,17.557170109652073,0.0,7.03815775976086,0.0,7.257420241602083,0.0,12.27616299078567,0.0,3.407550063252752,0.0,3.6306076965081084,0.0,0.8063118506633977,0.0,1.707188186444069,0.0,0.9608729274854533,0.0,""
"2026-09-25 17:15:30","git-master-bddc7a050319718b5e4e0856afec0bc9ea96418f","C:\Users\marco\Desktop\ds004507\derivatives\labels\sub-004\ses-headUp\anat\sub-004_ses-headUp_T2w_seg-manual.nii.gz","793","6","",69.9020628447507,0.0,-0.6747765358033625,0.0,17.401883973811415,0.0,6.949720840655628,0.0,7.302891327316146,0.0,12.39997886866286,0.0,3.336947539687092,0.0,3.612773300968536,0.0,0.8077393664372858,0.0,1.1732452560470552,0.0,0.9651030237897513,0.0,""
"2026-09-25 17:15:30","git-master-bddc7a050319718b5e4e0856afec0bc9ea96418f","C:\Users\marco\Desktop\ds004507\derivatives\labels\sub-004\ses-headUp\anat\sub-004_ses-headUp_T2w_seg-manual.nii.gz","794","6","",70.9623419071643,0.0,-0.6423535353998595,0.0,17.246040650766684,0.0,6.952620173249598,0.0,7.281828283663083,0.0,12.71191033086663,0.0,3.2707860149711583,0.0,3.68183415827844,0.0,0.8196565617527042,0.0,0.23151632130199779,0.0,0.9623891196798162,0.0,""
"2026-09-25 17:15:30","git-master-bddc7a050319718b5e4e0856afec0bc9ea96418f","C:\Users\marco\Desktop\ds004507\derivatives\labels\sub-004\ses-headUp\anat\sub-004_ses-headUp_T2w_seg-manual.nii.gz","795","6","",69.6634771327153,0.0,-0.5923827368260423,0.0,17.08964009399337,0.0,6.955276349437472,0.0,7.251755561934591,0.0,12.560041176556581,0.0,3.2055073769073923,0.0,3.7497689725300805,0.0,0.8164846225142338,0.0,0.6662191480218457,0.0,0.964551724137931,0.0,""
"2026-09-25 17:15:30","git-master-bddc7a050319718b5e4e0856afec0bc9ea96418f","C:\Users\marco\Desktop\ds004507\derivatives\labels\sub-004\ses-headUp\anat\sub-004_ses-headUp_T2w_seg-manual.nii.gz","796","6","",67.781302391093,0.0,-0.5190133660386936,0.0,16.932496541138317,0.0,6.479932105638008,0.0,6.907200953272931,0.0,12.799493728314093,0.0,3.0320391643539093,0.0,3.447892941284099,0.0,0.8414770492952596,0.0,0.19599262906051523,0.0,0.97110474921178,0.0,""
"2026-09-25 17:15:30","git-master-bddc7a050319718b5e4e0856afec0bc9ea96418f","C:\Users\marco\Desktop\ds004507\derivatives\labels\sub-004\ses-headUp\anat\sub-004_ses-headUp_T2w_seg-manual.nii.gz","797","6","",69.21229829705958,0.0,-0.4280937833965328,0.0,16.774795785338622,0.0,6.710869760513508,0.0,6.952950135765135,0.0,12.75574156666582,0.0,3.163668155771755,0.0,3.5472016047417525,0.0,0.8382073243485632,0.0,0.3029844243727988,0.0,0.9686216777165725,0.0,""
"2026-09-25 17:15:30","git-master-bddc7a050319718b5e4e0856afec0bc9ea96418f","C:\Users\marco\Desktop\ds004507\derivatives\labels\sub-004\ses-headUp\anat\sub-004_ses-headUp_T2w_seg-manual.nii.gz","798","6","",69.12176660510491,0.0,-0.31962331942196853,0.0,16.61653789496877,0.0,6.937218037282573,0.0,7.0329444782933255,0.0,12.452395013776204,0.0,3.2466274358743306,0.0,3.6905906014082426,0.0,0.8249056182228369,0.0,-0.5227879539646434,0.0,0.9692452123040358,0.0,""
"2026-09-25 17:15:30","git-master-bddc7a050319718b5e4e0856afec0bc9ea96418f","C:\Users\marco\Desktop\ds004507\derivatives\labels\sub-004\ses-headUp\anat\sub-004_ses-headUp_T2w_seg-manual.nii.gz","799","6","",67.87509221623512,0.0,-0.19360158663459695,0.0,16.457722958216777,0.0,6.983072753581386,0.0,7.100633414062485,0.0,12.14782024749225,0.0,3.2335916400427034,0.0,3.7494811135386823,0.0,0.8113587414302607,0.0,-1.934102964043232,0.0,0.9695338554040798,0.0,""
"2026-09-25 17:15:30","git-master-bddc7a050319718b5e4e0856afec0bc9ea96418f","C:\Users\marco\Desktop\ds004507\derivatives\labels\sub-004\ses-headUp\anat\sub-004_ses-headUp_T2w_seg-manual.nii.gz","800","6","",71.03774317797252,0.0,-0.05002847955120184,0.0,16.29835108308422,0.0,7.207496821463702,0.0,7.418974440600454,0.0,12.335139301343526,0.0,3.3836769543256078,0.0,3.8238198671380945,0.0,0.7989101444465019,0.0,-1.726535034122468,0.0,0.9504619092247958,0.0,""
"2026-09-25 17:15:30","git-master-bddc7a050319718b5e4e0856afec0bc9ea96418f","C:\Users\marco\Desktop\ds004507\derivatives\labels\sub-004\ses-headUp\anat\sub-004_ses-headUp_T2w_seg-manual.nii.gz","801","5","",72.40515642088981,0.0,0.15868787387366623,0.0,16.098208379263927,0.0,6.995386741092519,0.0,7.450415901141181,0.0,12.712070060692817,0.0,3.2987401164588577,0.0,3.6966466246336616,0.0,0.810246028257918,0.0,0.48259204907412256,0.0,0.9693283976731888,0.0,""
"2026-09-25 17:15:30","git-master-bddc7a050319718b5e4e0856afec0bc9ea96418f","C:\Users\marco\Desktop\ds004507\derivatives\labels\sub-004\ses-headUp\anat\sub-004_ses-headUp_T2w_seg-manual.nii.gz","802","5","",74.93523601002563,0.0,0.3213907569899329,0.0,15.941122370972222,0.0,7.117587045130929,0.0,7.580629243446204,0.0,12.90201187670633,0.0,3.2715284183540785,0.0,3.84605862677685,0.0,0.8091887301905878,0.0,1.970994400430936,0.0,0.9486117320102384,0.0,""
"2026-09-25 17:15:30","git-master-bddc7a050319718b5e4e0856afec0bc9ea96418f","C:\Users\marco\Desktop\ds004507\derivatives\labels\sub-004\ses-headUp\anat\sub-004_ses-headUp_T2w_seg-manual.nii.gz","803","5","",74.74882070385895,0.0,0.4671281185911327,0.0,15.783515032254188,0.0,7.060855919483977,0.0,7.468682437057963,0.0,12.976438034899004,0.0,3.2671967886036315,0.0,3.793659130880345,0.0,0.8176410916011028,0.0,2.0014219263228252,0.0,0.9483008566349325,0.0,""
"2026-09-25 17:15:30","git-master-bddc7a050319718b5e4e0856afec0bc9ea96418f","C:\Users\marco\Desktop\ds004507\derivatives\labels\sub-004\ses-headUp\anat\sub-004_ses-headUp_T2w_seg-manual.nii.gz","804","5","",73.9443884303553,0.0,0.5959002634393842,0.0,15.62538659783259,0.0,6.9923176886127605,0.0,7.3011023848278835,0.0,13.020618617249434,0.0,3.276885913428687,0.0,3.715431775184073,0.0,0.8279367536257931,0.0,1.9905728799016809,0.0,0.9575582111842496,0.0,""
"2026-09-25 17:15:30","git-master-bddc7a050319718b5e4e0856afec0bc9ea96418f","C:\Users\marco\Desktop\ds004507\derivatives\labels\sub-004\ses-headUp\anat\sub-004_ses-headUp_T2w_seg-manual.nii.gz","805","5","",73.74680805893767,0.0,0.7077077544480399,0.0,15.466737315846123,0.0,6.996103285821556,0.0,7.1977501302099,0.0,13.081701241450926,0.0,3.278950835203235,0.0,3.717152450618322,0.0,0.8350186565130284,0.0,2.3452037090301423,0.0,0.9687730968218774,0.0,""
"2026-09-25 17:15:30","git-master-bddc7a050319718b5e4e0856afec0bc9ea96418f","C:\Users\marco\Desktop\ds004507\derivatives\labels\sub-004\ses-headUp\anat\sub-004_ses-headUp_T2w_seg-manual.nii.gz","806","5","",73.80590635606593,0.0,0.7997246559536091,0.0,15.307480781676755,0.0,6.993531301857405,0.0,7.174075569348702,0.0,13.133449337342562,0.0,3.2067580690682416,0.0,3.786773232789163,0.0,0.8376224304377006,0.0,1.1058809427154483,0.0,0.9793559848787758,0.0,""
"2026-09-25 17:15:30","git-master-bddc7a050319718b5e4e0856afec0bc9ea96418f","C:\Users\marco\Desktop\ds004507\derivatives\labels\sub-004\ses-headUp\anat\sub-004_ses-headUp_T2w_seg-manual.nii.gz","807","5","",74.80528514696523,0.0,0.8710111626846423,0.0,15.147588696700463,0.0,7.079891551550014,0.0,7.39947079802961,0.0,13.038429446740448,0.0,3.2154891670460017,0.0,3.8644023845040123,0.0,0.8231197170979561,0.0,1.0930059541069266,0.0,0.9537737639185456,0.0,""
"2026-09-25 17:15:30","git-master-bddc7a050319718b5e4e0856afec0bc9ea96418f","C:\Users\marco\Desktop\ds004507\derivatives\labels\sub-004\ses-headUp\anat\sub-004_ses-headUp_T2w_seg-manual.nii.gz","808","5","",75.39542646868053,0.0,0.9253381454993292,0.0,14.987177088914606,0.0,7.296044512663643,0.0,7.570870715085644,0.0,12.932229019178955,0.0,3.3039204150469943,0.0,3.9921240976166485,0.0,0.8106276165839144,0.0,0.8688579256436899,0.0,0.9494663708671105,0.0,""
"2026-09-25 17:15:30","git-master-bddc7a050319718b5e4e0856afec0bc9ea96418f","C:\Users\marco\Desktop\ds004507\derivatives\labels\sub-004\ses-headUp\anat\sub-004_ses-headUp_T2w_seg-manual.nii.gz","809","5","",75.33842593161714,0.0,0.9627066393220902,0.0,14.826246333464038,0.0,7.3851846995987165,0.0,7.566566882373806,0.0,12.966614759822455,0.0,3.374282321139532,0.0,4.010902378459185,0.0,0.8115854614139408,0.0,1.1395289253502852,0.0,0.9590733514967344,0.0,""
"2026-09-25 17:15:30","git-master-bddc7a050319718b5e4e0856afec0bc9ea96418f","C:\Users\marco\Desktop\ds004507\derivatives\labels\sub-004\ses-headUp\anat\sub-004_ses-headUp_T2w_seg-manual.nii.gz","810","5","",74.72154727009743,0.0,0.98335640234148,0.0,14.664677022154594,0.0,7.050913127527285,0.0,7.332192275995872,0.0,13.265876178331526,0.0,3.307882796379064,0.0,3.7430303311482223,0.0,0.833331032668644,0.0,2.8881505550807045,0.0,0.9598800162426953,0.0,""
"2026-09-25 17:15:30","git-master-bddc7a050319718b5e4e0856afec0bc9ea96418f","C:\Users\marco\Desktop\ds004507\derivatives\labels\sub-004\ses-headUp\anat\sub-004_ses-headUp_T2w_seg-manual.nii.gz","811","5","",75.39827217778091,0.0,0.9871294000125276,0.0,14.49954177025733,0.0,7.033040836493976,0.0,7.546391629397537,0.0,13.052590786102554,0.0,3.215358008381169,0.0,3.8176828281128072,0.0,0.8157075571406666,0.0,2.002275635205251,0.0,0.9308647872979011,0.0,""
"2026-09-25 17:15:30","git-master-bddc7a050319718b5e4e0856afec0bc9ea96418f","C:\Users\marco\Desktop\ds004507\derivatives\labels\sub-004\ses-headUp\anat\sub-004_ses-headUp_T2w_seg-manual.nii.gz","812","5","",76.18924119961102,0.0,0.9820798609665315,0.0,14.329290693444632,0.0,7.308665636418684,0.0,7.623005079519584,0.0,12.853277567215914,0.0,3.3560995922377597,0.0,3.9525660441809243,0.0,0.8050433476475289,0.0,2.0544072962286286,0.0,0.9487285602319315,0.0,""
"2026-09-25 17:15:30","git-master-bddc7a050319718b5e4e0856afec0bc9ea96418f","C:\Users\marco\Desktop\ds004507\derivatives\labels\sub-004\ses-headUp\anat\sub-004_ses-headUp_T2w_seg-manual.nii.gz","813","5","",76.12245915639774,0.0,0.9686720298110143,0.0,14.154176870973004,0.0,7.503267396795104,0.0,7.578422533995985,0.0,12.774247272655646,0.0,3.4434425148157963,0.0,4.059824881979307,0.0,0.8049450510234403,0.0,2.40761946741948,0.0,0.9670565942993213,0.0,""
"2026-09-25 17:15:30","git-master-bddc7a050319718b5e4e0856afec0bc9ea96418f","C:\Users\marco\Desktop\ds004507\derivatives\labels\sub-004\ses-headUp\anat\sub-004_ses-headUp_T2w_seg-manual.nii.gz","814","5","",75.31244997713621,0.0,0.9469057570940411,0.0,13.974185398553319,0.0,7.436960772190167,0.0,7.449729886391658,0.0,12.87122495290302,0.0,3.3894008110979477,0.0,4.047559961092219,0.0,0.8152922750435676,0.0,2.5228579002820553,0.0,0.9690498972400147,0.0,""
"2026-09-25 17:15:30","git-master-bddc7a050319718b5e4e0856afec0bc9ea96418f","C:\Users\marco\Desktop\ds004507\derivatives\labels\sub-004\ses-headUp\anat\sub-004_ses-headUp_T2w_seg-manual.nii.gz","815","5","",75.4027875864739,0.0,0.9158520389579515,0.0,13.788754621680908,0.0,7.079748043855463,0.0,7.321504031669054,0.0,13.170128343119346,0.0,3.3204214151869595,0.0,3.759326628668503,0.0,0.8311591653609529,0.0,1.66510712191473,0.0,0.9678426905267022,0.0,""
"2026-09-25 17:15:30","git-master-bddc7a050319718b5e4e0856afec0bc9ea96418f","C:\Users\marco\Desktop\ds004507\derivatives\labels\sub-004\ses-headUp\anat\sub-004_ses-headUp_T2w_seg-manual.nii.gz","816","5","",74.59323319612037,0.0,0.8741170676558621,0.0,13.59703703340038,0.0,7.070974388872979,0.0,7.434478354374322,0.0,13.082927702442026,0.0,3.2559628482647676,0.0,3.8150115406082112,0.0,0.8227478595862624,0.0,1.3821658261674605,0.0,0.9600687716522087,0.0,""
"2026-09-25 17:15:30","git-master-bddc7a050319718b5e4e0856afec0bc9ea96418f","C:\Users\marco\Desktop\ds004507\derivatives\labels\sub-004\ses-headUp\anat\sub-004_ses-headUp_T2w_seg-manual.nii.gz","817","5","",75.2073134495893,0.0,0.8240222526867877,0.0,13.400377241255029,0.0,7.097876645423604,0.0,7.571216195806995,0.0,13.076799512123603,0.0,3.15937100370726,0.0,3.938505641716344,0.0,0.8153273943051675,0.0,1.480384444198518,0.0,0.947918807657979,0.0,""
"2026-09-25 17:15:30","git-master-bddc7a050319718b5e4e0856afec0bc9ea96418f","C:\Users\marco\Desktop\ds004507\derivatives\labels\sub-004\ses-headUp\anat\sub-004_ses-headUp_T2w_seg-manual.nii.gz","818","5","",76.19745274310641,0.0,0.7655671428282462,0.0,13.198760046988863,0.0,7.186199935695347,0.0,7.6535651090438455,0.0,13.070186575481646,0.0,3.1483797788143733,0.0,4.037820156880974,0.0,0.8106039517274717,0.0,1.5570936321546127,0.0,0.9432074125701231,0.0,""
"2026-09-25 17:15:30","git-master-bddc7a050319718b5e4e0856afec0bc9ea96418f","C:\Users\marco\Desktop\ds004507\derivatives\labels\sub-004\ses-headUp\anat\sub-004_ses-headUp_T2w_seg-manual.nii.gz","819","5","",76.41573244400034,0.0,0.6987512790395407,0.0,12.992170258125975,0.0,7.345437630011585,0.0,7.6180463228713835,0.0,12.99495849315198,0.0,3.3056280222551835,0.0,4.039809607756401,0.0,0.80992029168729,0.0,1.2968516631913103,0.0,0.9555605466509394,0.0,""
"2026-09-25 17:15:30","git-master-bddc7a050319718b5e4e0856afec0bc9ea96418f","C:\Users\marco\Desktop\ds004507\derivatives\labels\sub-004\ses-headUp\anat\sub-004_ses-headUp_T2w_seg-manual.nii.gz","820","5","",77.3409990812806,0.0,0.6212513804565089,0.0,12.779198430611167,0.0,7.12630596848626,0.0,7.371080702321444,0.0,13.459003814715906,0.0,3.2735195165952,0.0,3.8527864518910606,0.0,0.8362278617719014,0.0,1.4099492636848763,0.0,0.9683205507031647,0.0,""
"2026-09-25 17:15:30","git-master-bddc7a050319718b5e4e0856afec0bc9ea96418f","C:\Users\marco\Desktop\ds004507\derivatives\labels\sub-004\ses-headUp\anat\sub-004_ses-headUp_T2w_seg-manual.nii.gz","821","5","",76.69673619619405,0.0,0.5344602972142608,0.0,12.560649643593973,0.0,7.086396957536849,0.0,7.35454467875978,0.0,13.428919575423903,0.0,3.2828570251990397,0.0,3.8035399323378094,0.0,0.8366429881811798,0.0,0.8731658712000888,0.0,0.9644696615587101,0.0,""
"2026-09-25 17:15:30","git-master-bddc7a050319718b5e4e0856afec0bc9ea96418f","C:\Users\marco\Desktop\ds004507\derivatives\labels\sub-004\ses-headUp\anat\sub-004_ses-headUp_T2w_seg-manual.nii.gz","822","5","",77.24809865991303,0.0,0.4393068336479312,0.0,12.337064012343955,0.0,7.189194443478356,0.0,7.518765666417643,0.0,13.366004016155472,0.0,3.27675381859966,0.0,3.9124406248786956,0.0,0.8266467013755845,0.0,0.9081620607627576,0.0,0.9531167850512411,0.0,""
"2026-09-25 17:15:30","git-master-bddc7a050319718b5e4e0856afec0bc9ea96418f","C:\Users\marco\Desktop\ds004507\derivatives\labels\sub-004\ses-headUp\anat\sub-004_ses-headUp_T2w_seg-manual.nii.gz","823","5","",79.16424159909369,0.0,0.3357908380574433,0.0,12.108426792443646,0.0,7.38390756051758,0.0,7.7355172908827035,0.0,13.419953194863242,0.0,3.306853672971962,0.0,4.077053887545618,0.0,0.8171378647721974,0.0,1.327969777333782,0.0,0.9442848194581119,0.0,""
"2026-09-25 17:15:30","git-master-bddc7a050319718b5e4e0856afec0bc9ea96418f","C:\Users\marco\Desktop\ds004507\derivatives\labels\sub-004\ses-headUp\anat\sub-004_ses-headUp_T2w_seg-manual.nii.gz","824","5","",80.76032062976759,0.0,0.22344766013808584,0.0,11.874440487887258,0.0,7.583515173362366,0.0,7.758640143061313,0.0,13.578847838519206,0.0,3.527018424002949,0.0,4.056496749359416,0.0,0.8206845810334588,0.0,0.8200785947314331,0.0,0.9532258949213737,0.0,""
"2026-09-25 17:15:30","git-master-bddc7a050319718b5e4e0856afec0bc9ea96418f","C:\Users\marco\Desktop\ds004507\derivatives\labels\sub-004\ses-headUp\anat\sub-004_ses-headUp_T2w_seg-manual.nii.gz","825","5","",78.89125792302012,0.0,0.09995488538927229,0.0,11.633666198230202,0.0,7.236822930029703,0.0,7.468163767092286,0.0,13.609829177345263,0.0,3.395811066702095,0.0,3.8410118633276076,0.0,0.8358434357348574,0.0,1.873387734014175,0.0,0.9678697660145936,0.0,""
"2026-09-25 17:15:30","git-master-bddc7a050319718b5e4e0856afec0bc9ea96418f","C:\Users\marco\Desktop\ds004507\derivatives\labels\sub-004\ses-headUp\anat\sub-004_ses-headUp_T2w_seg-manual.nii.gz","826","5","",76.97096437226082,0.0,-0.03189909690244562,0.0,11.387779388425876,0.0,7.12080094164168,0.0,7.274613459910907,0.0,13.495957971839928,0.0,3.3123165350084163,0.0,3.8084844066332644,0.0,0.8422996953758761,0.0,2.037191979355157,0.0,0.9694881698449721,0.0,""
"2026-09-25 17:15:30","git-master-bddc7a050319718b5e4e0856afec0bc9ea96418f","C:\Users\marco\Desktop\ds004507\derivatives\labels\sub-004\ses-headUp\anat\sub-004_ses-headUp_T2w_seg-manual.nii.gz","827","5","",75.8621471440379,0.0,-0.17211318371334755,0.0,11.136766552658363,0.0,7.088974974160056,0.0,7.221080634978999,0.0,13.414152358994478,0.0,3.2261031888736467,0.0,3.8628717852864094,0.0,0.8427421494808094,0.0,2.373751777989619,0.0,0.960437408244244,0.0,""
"2026-09-25 17:15:30","git-master-bddc7a050319718b5e4e0856afec0bc9ea96418f","C:\Users\marco\Desktop\ds004507\derivatives\labels\sub-004\ses-headUp\anat\sub-004_ses-headUp_T2w_seg-manual.nii.gz","828","5","",75.8439252942388,0.0,-0.3206860542641708,0.0,10.88061437828679,0.0,6.988653605036867,0.0,7.285978363406617,0.0,13.47473767476181,0.0,3.108877368512137,0.0,3.8797762365247297,0.0,0.8412039233515041,0.0,3.4619254899436895,0.0,0.9472457316182868,0.0,""
"2026-09-25 17:15:30","git-master-bddc7a050319718b5e4e0856afec0bc9ea96418f","C:\Users\marco\Desktop\ds004507\derivatives\labels\sub-004\ses-headUp\anat\sub-004_ses-headUp_T2w_seg-manual.nii.gz","829","5","",75.37935189306917,0.0,-0.4794722524556027,0.0,10.618159271457472,0.0,6.771763564950994,0.0,7.248548505247426,0.0,13.5045658232473,0.0,3.1169038754564244,0.0,3.65485968949457,0.0,0.8437392634841,0.0,3.22039807724146,0.0,0.9523922016216553,0.0,""
"2026-09-25 17:15:30","git-master-bddc7a050319718b5e4e0856afec0bc9ea96418f","C:\Users\marco\Desktop\ds004507\derivatives\labels\sub-004\ses-headUp\anat\sub-004_ses-headUp_T2w_seg-manual.nii.gz","830","5","",76.40869760278781,0.0,-0.6480026919516251,0.0,10.349664300259402,0.0,6.859253603468606,0.0,7.396024572361724,0.0,13.437485955280593,0.0,3.1817297807250973,0.0,3.677523822743508,0.0,0.8347811471626391,0.0,1.99452740332994,0.0,0.95741013839402,0.0,""
"2026-09-25 17:15:30","git-master-bddc7a050319718b5e4e0856afec0bc9ea96418f","C:\Users\marco\Desktop\ds004507\derivatives\labels\sub-004\ses-headUp\anat\sub-004_ses-headUp_T2w_seg-manual.nii.gz","831","5","",76.79220463066864,0.0,-0.8166693686866463,0.0,10.075977611679564,0.0,7.028940664390231,0.0,7.4325333962022695,0.0,13.372761176583007,0.0,3.2844604649290026,0.0,3.7444801994612287,0.0,0.831316957660981,0.0,2.137960474798246,0.0,0.9627329044301002,0.0,""
"2026-09-25 17:15:30","git-master-bddc7a050319718b5e4e0856afec0bc9ea96418f","C:\Users\marco\Desktop\ds004507\derivatives\labels\sub-004\ses-headUp\anat\sub-004_ses-headUp_T2w_seg-manual.nii.gz","832","5","",76.48134377927263,0.0,-0.9790185333702632,0.0,9.797088187164606,0.0,7.165399406641207,0.0,7.370651249871342,0.0,13.323235007956654,0.0,3.3563180640322963,0.0,3.809081342608911,0.0,0.833035980069409,0.0,2.922835642230224,0.0,0.9674319056911252,0.0,""
"2026-09-25 17:15:30","git-master-bddc7a050319718b5e4e0856afec0bc9ea96418f","C:\Users\marco\Desktop\ds004507\derivatives\labels\sub-004\ses-headUp\anat\sub-004_ses-headUp_T2w_seg-manual.nii.gz","833","5","",76.26474257693994,0.0,-1.1285973826493358,0.0,9.512985307705371,0.0,7.167479888781875,0.0,7.351122007428377,0.0,13.270738690781151,0.0,3.2940632658118703,0.0,3.873416622970005,0.0,0.8325601493193439,0.0,2.2117665607179147,0.0,0.9698615961712586,0.0,""
"2026-09-25 17:15:30","git-master-bddc7a050319718b5e4e0856afec0bc9ea96418f","C:\Users\marco\Desktop\ds004507\derivatives\labels\sub-004\ses-headUp\anat\sub-004_ses-headUp_T2w_seg-manual.nii.gz","834","4","",74.90965594522773,0.0,-1.2973593624505284,0.0,9.140036756179649,0.0,7.170686785460755,0.0,7.340440413524184,0.0,13.15425935047914,0.0,3.2182211424386704,0.0,3.9524656430220846,0.0,0.8298223565764941,0.0,2.1154750228039267,0.0,0.9765511790277961,0.0,""
"2026-09-25 17:15:30","git-master-bddc7a050319718b5e4e0856afec0bc9ea96418f","C:\Users\marco\Desktop\ds004507\derivatives\labels\sub-004\ses-headUp\anat\sub-004_ses-headUp_T2w_seg-manual.nii.gz","835","4","",75.43870631273805,0.0,-1.394738371638036,0.0,8.88518946110397,0.0,7.175682831557696,0.0,7.379968326642498,0.0,13.273934102441642,0.0,3.234733901814909,0.0,3.940948929742787,0.0,0.8311913917376426,0.0,2.127715022167243,0.0,0.9744596061268268,0.0,""
"2026-09-25 17:15:30","git-master-bddc7a050319718b5e4e0856afec0bc9ea96418f","C:\Users\marco\Desktop\ds004507\derivatives\labels\sub-004\ses-headUp\anat\sub-004_ses-headUp_T2w_seg-manual.nii.gz","836","4","",76.83578610972108,0.0,-1.4845550029202659,0.0,8.62722728770261,0.0,7.237524742788857,0.0,7.513150770899449,0.0,13.364229882000377,0.0,3.2685012673141878,0.0,3.969023475474669,0.0,0.8269428114909062,0.0,1.9366637552817731,0.0,0.9651635803189874,0.0,""
"2026-09-25 17:15:30","git-master-bddc7a050319718b5e4e0856afec0bc9ea96418f","C:\Users\marco\Desktop\ds004507\derivatives\labels\sub-004\ses-headUp\anat\sub-004_ses-headUp_T2w_seg-manual.nii.gz","837","4","",79.1008953361768,0.0,-1.5668092562972178,0.0,8.36615023597557,0.0,7.356212519154237,0.0,7.7399877462950375,0.0,13.425146689155344,0.0,3.319523238936507,0.0,4.03668928021773,0.0,0.8170766158362849,0.0,1.5423212221475175,0.0,0.948663101604278,0.0,""
"2026-09-25 17:15:30","git-master-bddc7a050319718b5e4e0856afec0bc9ea96418f","C:\Users\marco\Desktop\ds004507\derivatives\labels\sub-004\ses-headUp\anat\sub-004_ses-headUp_T2w_seg-manual.nii.gz","838","4","",79.5484826729638,0.0,-1.633943084741384,0.0,8.098830995846717,0.0,7.643931057894015,0.0,7.789994199165767,0.0,13.259182114664316,0.0,3.5467126448668442,0.0,4.0972184130271705,0.0,0.8091042024331085,0.0,1.2867280045122047,0.0,0.9617675185762686,0.0,""
"2026-09-25 17:15:30","git-master-bddc7a050319718b5e4e0856afec0bc9ea96418f","C:\Users\marco\Desktop\ds004507\derivatives\labels\sub-004\ses-headUp\anat\sub-004_ses-headUp_T2w_seg-manual.nii.gz","839","4","",79.19822887808596,0.0,-1.6935187276030623,0.0,7.828385752436857,0.0,7.789997330164401,0.0,7.8080538835348134,0.0,13.075450488419524,0.0,3.6645997183962113,0.0,4.125397611768189,0.0,0.8020470133821296,0.0,0.8660379758617007,0.0,0.9695718624525619,0.0,""
"2026-09-25 17:15:30","git-master-bddc7a050319718b5e4e0856afec0bc9ea96418f","C:\Users\marco\Desktop\ds004507\derivatives\labels\sub-004\ses-headUp\anat\sub-004_ses-headUp_T2w_seg-manual.nii.gz","840","4","",78.05013395154329,0.0,-1.7455361848822526,0.0,7.554814505745994,0.0,7.794411335965395,0.0,7.794166799402177,0.0,12.873951810420966,0.0,3.6731844595246077,0.0,4.121226876440788,0.0,0.7959050486833481,0.0,0.2802511361960053,0.0,0.972076133233158,0.0,""
"2026-09-25 17:15:30","git-master-bddc7a050319718b5e4e0856afec0bc9ea96418f","C:\Users\marco\Desktop\ds004507\derivatives\labels\sub-004\ses-headUp\anat\sub-004_ses-headUp_T2w_seg-manual.nii.gz","841","4","",78.33846658587952,0.0,-1.7824407325999594,0.0,7.274984269784403,0.0,7.7196440210309305,0.0,7.750117388232821,0.0,12.979455013209632,0.0,3.61389313947148,0.0,4.10575088155945,0.0,0.8021035422444748,0.0,0.48376300084131363,0.0,0.9725056966282923,0.0,""
"2026-09-25 17:15:30","git-master-bddc7a050319718b5e4e0856afec0bc9ea96418f","C:\Users\marco\Desktop\ds004507\derivatives\labels\sub-004\ses-headUp\anat\sub-004_ses-headUp_T2w_seg-manual.nii.gz","842","4","",78.38609443669495,0.0,-1.8117901383260355,0.0,6.992022579153057,0.0,7.64439915053892,0.0,7.722063689139314,0.0,13.0576598219957,0.0,3.5194378669540125,0.0,4.124961283584907,0.0,0.806382069754645,0.0,0.36149467967702764,0.0,0.9705604976104795,0.0,""
"2026-09-25 17:15:30","git-master-bddc7a050319718b5e4e0856afec0bc9ea96418f","C:\Users\marco\Desktop\ds004507\derivatives\labels\sub-004\ses-headUp\anat\sub-004_ses-headUp_T2w_seg-manual.nii.gz","843","4","",78.19301750398958,0.0,-1.833584402060481,0.0,6.7059294338519555,0.0,7.568676724489364,0.0,7.710005702121656,0.0,13.108566236779168,0.0,3.389818641972205,0.0,4.178858082517158,0.0,0.8087406312138586,0.0,-0.08655382729685245,0.0,0.9662405361797195,0.0,""
"2026-09-25 17:15:30","git-master-bddc7a050319718b5e4e0856afec0bc9ea96418f","C:\Users\marco\Desktop\ds004507\derivatives\labels\sub-004\ses-headUp\anat\sub-004_ses-headUp_T2w_seg-manual.nii.gz","844","4","",78.50184302961577,0.0,-1.8402699985012552,0.0,6.413572753767415,0.0,7.3363261759804015,0.0,7.590283933158697,0.0,13.349831427615532,0.0,3.390683846137783,0.0,3.945642329842619,0.0,0.8223441772162131,0.0,0.34846228058314116,0.0,0.9688426498200651,0.0,""
"2026-09-25 17:15:30","git-master-bddc7a050319718b5e4e0856afec0bc9ea96418f","C:\Users\marco\Desktop\ds004507\derivatives\labels\sub-004\ses-headUp\anat\sub-004_ses-headUp_T2w_seg-manual.nii.gz","845","4","",78.55833350555562,0.0,-1.8394015141833315,0.0,6.118085758965712,0.0,7.222454482290412,0.0,7.556497978619944,0.0,13.459928919142486,0.0,3.387849294558477,0.0,3.834605187731935,0.0,0.8275273248128849,0.0,0.7262497919648959,0.0,0.9694144047951494,0.0,""
"2026-09-25 17:15:30","git-master-bddc7a050319718b5e4e0856afec0bc9ea96418f","C:\Users\marco\Desktop\ds004507\derivatives\labels\sub-004\ses-headUp\anat\sub-004_ses-headUp_T2w_seg-manual.nii.gz","846","4","",78.36248893180914,0.0,-1.8309789491067103,0.0,5.819468449446847,0.0,7.227061643419395,0.0,7.608647838505398,0.0,13.43885871136003,0.0,3.3813149872342865,0.0,3.845746656185108,0.0,0.824290074003874,0.0,1.0468087068484118,0.0,0.9679558011049724,0.0,""
"2026-09-25 17:15:30","git-master-bddc7a050319718b5e4e0856afec0bc9ea96418f","C:\Users\marco\Desktop\ds004507\derivatives\labels\sub-004\ses-headUp\anat\sub-004_ses-headUp_T2w_seg-manual.nii.gz","847","4","",77.92253259140394,0.0,-1.807447586088034,0.0,5.514597186287777,0.0,7.23301294767416,0.0,7.569869368225475,0.0,13.362847203093946,0.0,3.37649272473599,0.0,3.85652022293817,0.0,0.8240705126810234,0.0,1.687247679446334,0.0,0.9715755798503288,0.0,""
"2026-09-25 17:15:30","git-master-bddc7a050319718b5e4e0856afec0bc9ea96418f","C:\Users\marco\Desktop\ds004507\derivatives\labels\sub-004\ses-headUp\anat\sub-004_ses-headUp_T2w_seg-manual.nii.gz","848","4","",78.43438321544232,0.0,-1.7763609544940901,0.0,5.206604290601369,0.0,7.237347854235911,0.0,7.571394308180508,0.0,13.407503023596734,0.0,3.368919938063726,0.0,3.868427916172186,0.0,0.8252646067492408,0.0,2.113626463894154,0.0,0.9672184809257006,0.0,""
"2026-09-25 17:15:30","git-master-bddc7a050319718b5e4e0856afec0bc9ea96418f","C:\Users\marco\Desktop\ds004507\derivatives\labels\sub-004\ses-headUp\anat\sub-004_ses-headUp_T2w_seg-manual.nii.gz","849","4","",79.89804080392427,0.0,-1.7377190543248786,0.0,4.895489762387623,0.0,7.240066363104649,0.0,7.613222658370498,0.0,13.572826172868396,0.0,3.358596627217493,0.0,3.8814697358871566,0.0,0.8278723562085264,0.0,2.3259450601918723,0.0,0.9548845043310876,0.0,""
"2026-09-25 17:15:30","git-master-bddc7a050319718b5e4e0856afec0bc9ea96418f","C:\Users\marco\Desktop\ds004507\derivatives\labels\sub-004\ses-headUp\anat\sub-004_ses-headUp_T2w_seg-manual.nii.gz","850","4","",79.69512380679868,0.0,-1.683963885175313,0.0,4.5781469146548766,0.0,7.487358710960199,0.0,7.7295874866384695,0.0,13.311468989269345,0.0,3.5218744451773976,0.0,3.965484265782802,0.0,0.8138154474660441,0.0,1.9100542265754903,0.0,0.9542021551801935,0.0,""
"2026-09-25 17:15:30","git-master-bddc7a050319718b5e4e0856afec0bc9ea96418f","C:\Users\marco\Desktop\ds004507\derivatives\labels\sub-004\ses-headUp\anat\sub-004_ses-headUp_T2w_seg-manual.nii.gz","851","4","",79.49073827921326,0.0,-1.6226503098184064,0.0,4.257699630902597,0.0,7.650575541813904,0.0,7.825029632061457,0.0,13.087810859987206,0.0,3.599393387308465,0.0,4.051182154505439,0.0,0.8014049319566232,0.0,1.718366063090308,0.0,0.9567233815264675,0.0,""
"2026-09-25 17:15:30","git-master-bddc7a050319718b5e4e0856afec0bc9ea96418f","C:\Users\marco\Desktop\ds004507\derivatives\labels\sub-004\ses-headUp\anat\sub-004_ses-headUp_T2w_seg-manual.nii.gz","852","4","",79.28488422116806,0.0,-1.553778328254159,0.0,3.934147911130786,0.0,7.729716855665765,0.0,7.899549094639463,0.0,12.901851785021979,0.0,3.591153453610695,0.0,4.13856340205507,0.0,0.7906408096802638,0.0,1.7508805697363257,0.0,0.9624481833699098,0.0,""
"2026-09-25 17:15:30","git-master-bddc7a050319718b5e4e0856afec0bc9ea96418f","C:\Users\marco\Desktop\ds004507\derivatives\labels\sub-004\ses-headUp\anat\sub-004_ses-headUp_T2w_seg-manual.nii.gz","853","4","",79.31749929681233,0.0,-1.4697854312719192,0.0,3.6044115135002226,0.0,7.816674953353347,0.0,7.883623682314743,0.0,12.882369155544819,0.0,3.6507511521752076,0.0,4.165923801178139,0.0,0.7908810956833591,0.0,2.4969539750232226,0.0,0.9663576970849834,0.0,""
"2026-09-25 17:15:30","git-master-bddc7a050319718b5e4e0856afec0bc9ea96418f","C:\Users\marco\Desktop\ds004507\derivatives\labels\sub-004\ses-headUp\anat\sub-004_ses-headUp_T2w_seg-manual.nii.gz","854","4","",79.34815182559223,0.0,-1.3830117696341517,0.0,3.273971847525698,0.0,7.859866022779601,0.0,7.87452636991193,0.0,12.922084719496025,0.0,3.665481043994491,0.0,4.19438497878511,0.0,0.7928485425110549,0.0,2.642082892819709,0.0,0.9648724014888829,0.0,""
"2026-09-25 17:15:30","git-master-bddc7a050319718b5e4e0856afec0bc9ea96418f","C:\Users\marco\Desktop\ds004507\derivatives\labels\sub-004\ses-headUp\anat\sub-004_ses-headUp_T2w_seg-manual.nii.gz","855","4","",79.37684180750774,0.0,-1.2934573433408567,0.0,2.942828913207212,0.0,7.859290063944527,0.0,7.872257157431021,0.0,13.020998476875597,0.0,3.635343129068545,0.0,4.223946934875982,0.0,0.7965431501633511,0.0,2.186267323125786,0.0,0.9579922965816081,0.0,""
"2026-09-25 17:15:30","git-master-bddc7a050319718b5e4e0856afec0bc9ea96418f","C:\Users\marco\Desktop\ds004507\derivatives\labels\sub-004\ses-headUp\anat\sub-004_ses-headUp_T2w_seg-manual.nii.gz","856","4","",77.95010348061805,0.0,-1.2079051606561992,0.0,2.6150784586103004,0.0,7.8239128303368695,0.0,7.8121358569740185,0.0,12.814499922195706,0.0,3.6027514880107208,0.0,4.221161342326148,0.0,0.7926396324438387,0.0,2.62116182784137,0.0,0.9598651007390583,0.0,""
"2026-09-25 17:15:30","git-master-bddc7a050319718b5e4e0856afec0bc9ea96418f","C:\Users\marco\Desktop\ds004507\derivatives\labels\sub-004\ses-headUp\anat\sub-004_ses-headUp_T2w_seg-manual.nii.gz","857","4","",76.64171706495429,0.0,-1.1243551081557412,0.0,2.2890526849573343,0.0,7.747172993840296,0.0,7.727284938809195,0.0,12.702883533580767,0.0,3.5659565743962838,0.0,4.181216419444013,0.0,0.7936733113482167,0.0,2.9432393795274288,0.0,0.9613076548277677,0.0,""
"2026-09-25 17:15:30","git-master-bddc7a050319718b5e4e0856afec0bc9ea96418f","C:\Users\marco\Desktop\ds004507\derivatives\labels\sub-004\ses-headUp\anat\sub-004_ses-headUp_T2w_seg-manual.nii.gz","858","4","",75.45168256051647,0.0,-1.0428071858394827,0.0,1.9647515922483136,0.0,7.629070554454808,0.0,7.617704402936551,0.0,12.686149311030782,0.0,3.524958388225234,0.0,4.104112166229574,0.0,0.799644186876485,0.0,3.152499978183962,0.0,0.9623199588477366,0.0,""
"2026-09-25 17:15:30","git-master-bddc7a050319718b5e4e0856afec0bc9ea96418f","C:\Users\marco\Desktop\ds004507\derivatives\labels\sub-004\ses-headUp\anat\sub-004_ses-headUp_T2w_seg-manual.nii.gz","859","4","",75.70817910001847,0.0,-0.9652652594131208,0.0,1.6439536546823816,0.0,7.630338808883574,0.0,7.664645868509508,0.0,12.744659969758102,0.0,3.5455768166385573,0.0,4.084761992245017,0.0,0.7989488270683026,0.0,3.1007246778167845,0.0,0.9622334443840794,0.0,""
"2026-09-25 17:15:30","git-master-bddc7a050319718b5e4e0856afec0bc9ea96418f","C:\Users\marco\Desktop\ds004507\derivatives\labels\sub-004\ses-headUp\anat\sub-004_ses-headUp_T2w_seg-manual.nii.gz","860","4","",75.59980272839077,0.0,-0.8897270714403,0.0,1.324932661645131,0.0,7.5911340617463035,0.0,7.679303321863846,0.0,12.752493112838724,0.0,3.5627222972832526,0.0,4.02841176446305,0.0,0.7983589182657094,0.0,3.068306920477029,0.0,0.9601757986169209,0.0,""
"2026-09-25 17:15:30","git-master-bddc7a050319718b5e4e0856afec0bc9ea96418f","C:\Users\marco\Desktop\ds004507\derivatives\labels\sub-004\ses-headUp\anat\sub-004_ses-headUp_T2w_seg-manual.nii.gz","861","4","",75.12655344563338,0.0,-0.8161926219210204,0.0,1.0076886131365614,0.0,7.511456313042993,0.0,7.661676762999562,0.0,12.709648740272646,0.0,3.5763948301593196,0.0,3.9350614828836736,0.0,0.797874460468705,0.0,3.0552467061646955,0.0,0.9561470215462611,0.0,""
"2026-09-25 17:15:30","git-master-bddc7a050319718b5e4e0856afec0bc9ea96418f","C:\Users\marco\Desktop\ds004507\derivatives\labels\sub-004\ses-headUp\anat\sub-004_ses-headUp_T2w_seg-manual.nii.gz","862","4","",73.70272639548273,0.0,-0.7466669012925712,0.0,0.6940461640731039,0.0,7.349187842407193,0.0,7.563830238364986,0.0,12.588226697937838,0.0,3.513321917290954,0.0,3.835865925116238,0.0,0.7993554325882914,0.0,2.4201561865735886,0.0,0.9678384808662975,0.0,""
"2026-09-25 17:15:30","git-master-bddc7a050319718b5e4e0856afec0bc9ea96418f","C:\Users\marco\Desktop\ds004507\derivatives\labels\sub-004\ses-headUp\anat\sub-004_ses-headUp_T2w_seg-manual.nii.gz","863","4","",73.11355472388917,0.0,-0.679146068682209,0.0,0.3822268789925025,0.0,7.267866850321546,0.0,7.5098826699662595,0.0,12.556798623840606,0.0,3.483671604607688,0.0,3.784195245713858,0.0,0.801429151988221,0.0,2.03710578583295,0.0,0.974160314739722,0.0,""
"2026-09-25 17:15:30","git-master-bddc7a050319718b5e4e0856afec0bc9ea96418f","C:\Users\marco\Desktop\ds004507\derivatives\labels\sub-004\ses-headUp\anat\sub-004_ses-headUp_T2w_seg-manual.nii.gz","864","4","",73.35903843085272,0.0,-0.6136301240899336,0.0,0.07223075789475754,0.0,7.267493336786055,0.0,7.499834057803382,0.0,12.61536451798095,0.0,3.4874438921095208,0.0,3.780049444676534,0.0,0.8040956186684938,0.0,1.9060955039427803,0.0,0.9751125231665343,0.0,""
"2026-09-25 17:15:30","git-master-bddc7a050319718b5e4e0856afec0bc9ea96418f","C:\Users\marco\Desktop\ds004507\derivatives\labels\sub-004\ses-headUp\anat\sub-004_ses-headUp_T2w_seg-manual.nii.gz","865","4","",72.63252636298743,0.0,-0.5521248207491046,0.0,-0.23407724148523873,0.0,7.104898356305415,0.0,7.42770336157088,0.0,12.646348953758427,0.0,3.3900214630519327,0.0,3.7148768932534826,0.0,0.8093099326457193,0.0,1.6065611688407608,0.0,0.967445652919168,0.0,""
"2026-09-25 17:15:30","git-master-bddc7a050319718b5e4e0856afec0bc9ea96418f","C:\Users\marco\Desktop\ds004507\derivatives\labels\sub-004\ses-headUp\anat\sub-004_ses-headUp_T2w_seg-manual.nii.gz","866","4","",71.66205201269798,0.0,-0.4926251904828511,0.0,-0.5385217244503564,0.0,6.984291090505222,0.0,7.366316110108718,0.0,12.612677246690692,0.0,3.2988087179172316,0.0,3.6854823725879906,0.0,0.811722766238558,0.0,1.7507040406135155,0.0,0.95976589066459,0.0,""
"2026-09-25 17:15:30","git-master-bddc7a050319718b5e4e0856afec0bc9ea96418f","C:\Users\marco\Desktop\ds004507\derivatives\labels\sub-004\ses-headUp\anat\sub-004_ses-headUp_T2w_seg-manual.nii.gz","867","4","",70.44761537998438,0.0,-0.4351312332911731,0.0,-0.8411026910005954,0.0,6.905671539385475,0.0,7.315672303416896,0.0,12.514349396777746,0.0,3.213805656705418,0.0,3.691865882680057,0.0,0.8113341194470102,0.0,2.338524119261044,0.0,0.9520732364028002,0.0,""
"2026-09-25 17:15:30","git-master-bddc7a050319718b5e4e0856afec0bc9ea96418f","C:\Users\marco\Desktop\ds004507\derivatives\labels\sub-004\ses-headUp\anat\sub-004_ses-headUp_T2w_seg-manual.nii.gz","868","4","",70.6836074728356,0.0,-0.3816491871378451,0.0,-1.1399205395006793,0.0,6.9079627507824215,0.0,7.2917539028893055,0.0,12.584700494743887,0.0,3.206160371408972,0.0,3.70180237937345,0.0,0.8150107198771749,0.0,1.7817230975646425,0.0,0.952896007465006,0.0,""
"2026-09-25 17:15:30","git-master-bddc7a050319718b5e4e0856afec0bc9ea96418f","C:\Users\marco\Desktop\ds004507\derivatives\labels\sub-004\ses-headUp\anat\sub-004_ses-headUp_T2w_seg-manual.nii.gz","869","4","",71.02849948453411,0.0,-0.33017331844372644,0.0,-1.4368401688312429,0.0,6.936758033237437,0.0,7.292052561246902,0.0,12.645663403640027,0.0,3.1753704960046325,0.0,3.7613875372328045,0.0,0.8169944891343304,0.0,1.8672181874383733,0.0,0.9482210823423088,0.0,""
"2026-09-25 17:15:30","git-master-bddc7a050319718b5e4e0856afec0bc9ea96418f","C:\Users\marco\Desktop\ds004507\derivatives\labels\sub-004\ses-headUp\anat\sub-004_ses-headUp_T2w_seg-manual.nii.gz","870","4","",71.48229141507991,0.0,-0.28070362720881703,0.0,-1.7318615789922867,0.0,6.9920573867505205,0.0,7.316568278489687,0.0,12.697238123466168,0.0,3.121436030492399,0.0,3.8706213562581215,0.0,0.8172854272184766,0.0,2.5950093888822363,0.0,0.9380484610347086,0.0,""
"2026-09-25 17:15:30","git-master-bddc7a050319718b5e4e0856afec0bc9ea96418f","C:\Users\marco\Desktop\ds004507\derivatives\labels\sub-004\ses-headUp\anat\sub-004_ses-headUp_T2w_seg-manual.nii.gz","871","3","",72.91495877061199,0.0,-0.2125181335674214,0.0,-2.168653106537561,0.0,7.244536566327164,0.0,7.457676746371565,0.0,12.598042724305957,0.0,3.223212735954556,0.0,4.021323830372608,0.0,0.8059592175011783,0.0,1.4611245646554585,0.0,0.9374514374514374,0.0,""
"2026-09-25 17:15:30","git-master-bddc7a050319718b5e4e0856afec0bc9ea96418f","C:\Users\marco\Desktop\ds004507\derivatives\labels\sub-004\ses-headUp\anat\sub-004_ses-headUp_T2w_seg-manual.nii.gz","872","3","",74.83396194991221,0.0,-0.17107408687736403,0.0,-2.4559924116309184,0.0,7.6314188840578785,0.0,7.573324895088137,0.0,12.69694451078402,0.0,3.518684360230952,0.0,4.112734523826926,0.0,0.8026399183686937,0.0,1.7026256450871813,0.0,0.9534702070416357,0.0,""
"2026-09-25 17:15:30","git-master-bddc7a050319718b5e4e0856afec0bc9ea96418f","C:\Users\marco\Desktop\ds004507\derivatives\labels\sub-004\ses-headUp\anat\sub-004_ses-headUp_T2w_seg-manual.nii.gz","873","3","",75.5426368055066,0.0,-0.13163660556381374,0.0,-2.741391479746433,0.0,7.829326251436844,0.0,7.678738569189434,0.0,12.658292808971167,0.0,3.686744912139664,0.0,4.14258133929718,0.0,0.7947789758158272,0.0,2.0469767926784197,0.0,0.9633612928926547,0.0,""
"2026-09-25 17:15:30","git-master-bddc7a050319718b5e4e0856afec0bc9ea96418f","C:\Users\marco\Desktop\ds004507\derivatives\labels\sub-004\ses-headUp\anat\sub-004_ses-headUp_T2w_seg-manual.nii.gz","874","3","",75.04098333739519,0.0,-0.09420568962677052,0.0,-3.0248503108841054,0.0,7.838258668464061,0.0,7.7739177686754575,0.0,12.4820876188674,0.0,3.7273943916806918,0.0,4.110864276783369,0.0,0.7823763898425787,0.0,2.494178007429174,0.0,0.9671246950044947,0.0,""
"2026-09-25 17:15:30","git-master-bddc7a050319718b5e4e0856afec0bc9ea96418f","C:\Users\marco\Desktop\ds004507\derivatives\labels\sub-004\ses-headUp\anat\sub-004_ses-headUp_T2w_seg-manual.nii.gz","875","3","",75.74511300376423,0.0,-0.06078802792971804,0.0,-3.3044057276604657,0.0,7.848308125038134,0.0,7.68230119297115,0.0,12.686678421579463,0.0,3.7599061141356076,0.0,4.088402010902526,0.0,0.7955623728138144,0.0,1.7506749533166048,0.0,0.9607643640223474,0.0,""
"2026-09-25 17:15:30","git-master-bddc7a050319718b5e4e0856afec0bc9ea96418f","C:\Users\marco\Desktop\ds004507\derivatives\labels\sub-004\ses-headUp\anat\sub-004_ses-headUp_T2w_seg-manual.nii.gz","876","3","",75.84399547417091,0.0,-0.02937703219531345,0.0,-3.5819991724691906,0.0,7.85178179101901,0.0,7.659791838313173,0.0,12.701987403498013,0.0,3.7907861839821164,0.0,4.060995607036894,0.0,0.7975781427779849,0.0,1.2600131220937985,0.0,0.9576563028571663,0.0,""
"2026-09-25 17:15:30","git-master-bddc7a050319718b5e4e0856afec0bc9ea96418f","C:\Users\marco\Desktop\ds004507\derivatives\labels\sub-004\ses-headUp\anat\sub-004_ses-headUp_T2w_seg-manual.nii.gz","877","3","",75.33763074861525,0.0,2.7297576443247946e-05,0.0,-3.85763064531028,0.0,7.8486796664066905,0.0,7.706389704701525,0.0,12.528014564623048,0.0,3.8200346012202178,0.0,4.028645065186472,0.0,0.7884236997350903,0.0,1.0221925137607542,0.0,0.9578005115089514,0.0,""
"2026-09-25 17:15:30","git-master-bddc7a050319718b5e4e0856afec0bc9ea96418f","C:\Users\marco\Desktop\ds004507\derivatives\labels\sub-004\ses-headUp\anat\sub-004_ses-headUp_T2w_seg-manual.nii.gz","878","3","",75.07078496139785,0.0,0.025418252473137504,0.0,-4.1293199774389535,0.0,7.832819206038914,0.0,7.686637418546497,0.0,12.468164758766704,0.0,3.833261468141106,0.0,3.9995577378978067,0.0,0.7873504964520368,0.0,-0.010287688589270871,0.0,0.9584323184403949,0.0,""
"2026-09-25 17:15:30","git-master-bddc7a050319718b5e4e0856afec0bc9ea96418f","C:\Users\marco\Desktop\ds004507\derivatives\labels\sub-004\ses-headUp\anat\sub-004_ses-headUp_T2w_seg-manual.nii.gz","879","3","",74.56187666636795,0.0,0.048802510956225995,0.0,-4.399030267413992,0.0,7.637428369085369,0.0,7.5996395685632905,0.0,12.539490946387774,0.0,3.699257201033796,0.0,3.9381711680515727,0.0,0.7950504770777245,0.0,-0.3722677575103057,0.0,0.9542989612379674,0.0,""
"2026-09-25 17:15:30","git-master-bddc7a050319718b5e4e0856afec0bc9ea96418f","C:\Users\marco\Desktop\ds004507\derivatives\labels\sub-004\ses-headUp\anat\sub-004_ses-headUp_T2w_seg-manual.nii.gz","880","3","",73.81090586352558,0.0,0.07018007302570871,0.0,-4.666761515235395,0.0,7.262507155546057,0.0,7.445396154751906,0.0,12.741993127486253,0.0,3.418021799898287,0.0,3.8444853556477696,0.0,0.8115236416121532,0.0,-0.06374769300235031,0.0,0.945400439901669,0.0,""
"2026-09-25 17:15:30","git-master-bddc7a050319718b5e4e0856afec0bc9ea96418f","C:\Users\marco\Desktop\ds004507\derivatives\labels\sub-004\ses-headUp\anat\sub-004_ses-headUp_T2w_seg-manual.nii.gz","881","3","",73.32074701584872,0.0,0.08754424090428216,0.0,-4.930520907467976,0.0,7.244835188371304,0.0,7.50789275548527,0.0,12.632397086362426,0.0,3.425316935243269,0.0,3.819518253128035,0.0,0.8041358921142044,0.0,0.6016411644807801,0.0,0.962202689006771,0.0,""
"2026-09-25 17:15:30","git-master-bddc7a050319718b5e4e0856afec0bc9ea96418f","C:\Users\marco\Desktop\ds004507\derivatives\labels\sub-004\ses-headUp\anat\sub-004_ses-headUp_T2w_seg-manual.nii.gz","882","3","",72.9398339171525,0.0,0.10290171575972487,0.0,-5.192288531514984,0.0,7.234252352254335,0.0,7.51319563312346,0.0,12.542018159335349,0.0,3.437246978603229,0.0,3.7970053736511056,0.0,0.8007189099131925,0.0,0.792602349432608,0.0,0.9712068307145132,0.0,""
"2026-09-25 17:15:30","git-master-bddc7a050319718b5e4e0856afec0bc9ea96418f","C:\Users\marco\Desktop\ds004507\derivatives\labels\sub-004\ses-headUp\anat\sub-004_ses-headUp_T2w_seg-manual.nii.gz","883","3","",72.6681665674369,0.0,0.11625249759203683,0.0,-5.452064387376419,0.0,7.230758647195149,0.0,7.461304787666477,0.0,12.470856346405023,0.0,3.4538119299781673,0.0,3.7769467172169815,0.0,0.8012726950091174,0.0,0.5091358618531334,0.0,0.9724128650248957,0.0,""
"2026-09-25 17:15:30","git-master-bddc7a050319718b5e4e0856afec0bc9ea96418f","C:\Users\marco\Desktop\ds004507\derivatives\labels\sub-004\ses-headUp\anat\sub-004_ses-headUp_T2w_seg-manual.nii.gz","884","3","",72.67309269948237,0.0,0.1255899052801795,0.0,-5.7078470341174485,0.0,7.231939174081238,0.0,7.521653658525552,0.0,12.461881744867176,0.0,3.47348565264142,0.0,3.7584535214398183,0.0,0.797292712336455,0.0,-0.15118179372142027,0.0,0.9712459008023602,0.0,""
"2026-09-25 17:15:30","git-master-bddc7a050319718b5e4e0856afec0bc9ea96418f","C:\Users\marco\Desktop\ds004507\derivatives\labels\sub-004\ses-headUp\anat\sub-004_ses-headUp_T2w_seg-manual.nii.gz","885","3","",72.39895655087416,0.0,0.13292063151517722,0.0,-5.961629202519145,0.0,7.2286230669369,0.0,7.508849789316133,0.0,12.433077965498349,0.0,3.489847475361741,0.0,3.738775591575159,0.0,0.79702527967747,0.0,-0.4789332926077307,0.0,0.9706736026927185,0.0,""
"2026-09-25 17:15:30","git-master-bddc7a050319718b5e4e0856afec0bc9ea96418f","C:\Users\marco\Desktop\ds004507\derivatives\labels\sub-004\ses-headUp\anat\sub-004_ses-headUp_T2w_seg-manual.nii.gz","886","3","",71.84575812161225,0.0,0.13824467629703002,0.0,-6.213410892581506,0.0,7.220810325762134,0.0,7.42289318003822,0.0,12.384445008298542,0.0,3.502897398139129,0.0,3.7179129276230043,0.0,0.8004703970321625,0.0,-0.47411863480579786,0.0,0.9706959706959707,0.0,""
"2026-09-25 17:15:30","git-master-bddc7a050319718b5e4e0856afec0bc9ea96418f","C:\Users\marco\Desktop\ds004507\derivatives\labels\sub-004\ses-headUp\anat\sub-004_ses-headUp_T2w_seg-manual.nii.gz","887","3","",71.81058057750396,0.0,0.13955536565382906,0.0,-6.461185720639101,0.0,7.217332462786621,0.0,7.502428747780467,0.0,12.33265338328503,0.0,3.513614572973176,0.0,3.7037178898134453,0.0,0.7936229688081803,0.0,0.21671632848291067,0.0,0.9718504614267895,0.0,""
"2026-09-25 17:15:30","git-master-bddc7a050319718b5e4e0856afec0bc9ea96418f","C:\Users\marco\Desktop\ds004507\derivatives\labels\sub-004\ses-headUp\anat\sub-004_ses-headUp_T2w_seg-manual.nii.gz","888","3","",71.89482133569744,0.0,0.13885937827877845,0.0,-6.7069550447305115,0.0,7.214098832771479,0.0,7.515837396298908,0.0,12.327109371070224,0.0,3.5227496167089036,0.0,3.6913492160625756,0.0,0.7926046289618025,0.0,0.7513492562151733,0.0,0.9740519812305929,0.0,""
"2026-09-25 17:15:30","git-master-bddc7a050319718b5e4e0856afec0bc9ea96418f","C:\Users\marco\Desktop\ds004507\derivatives\labels\sub-004\ses-headUp\anat\sub-004_ses-headUp_T2w_seg-manual.nii.gz","889","3","",72.09848039619274,0.0,0.1361567141718782,0.0,-6.95071886485574,0.0,7.211109435716708,0.0,7.4631191255935425,0.0,12.367812971654125,0.0,3.5303025293463124,0.0,3.6808069063703948,0.0,0.7974153774930294,0.0,1.1297801483909902,0.0,0.9773005301073807,0.0,""
"2026-09-25 17:15:30","git-master-bddc7a050319718b5e4e0856afec0bc9ea96418f","C:\Users\marco\Desktop\ds004507\derivatives\labels\sub-004\ses-headUp\anat\sub-004_ses-headUp_T2w_seg-manual.nii.gz","890","3","",72.30072186315593,0.0,0.1294406926086731,0.0,-7.190469208035894,0.0,7.207843499630197,0.0,7.439509639029501,0.0,12.413544913605394,0.0,3.53730163187778,0.0,3.6705418677524166,0.0,0.8005062133019729,0.0,1.331250850158001,0.0,0.9770621098820796,0.0,""
"2026-09-25 17:15:30","git-master-bddc7a050319718b5e4e0856afec0bc9ea96418f","C:\Users\marco\Desktop\ds004507\derivatives\labels\sub-004\ses-headUp\anat\sub-004_ses-headUp_T2w_seg-manual.nii.gz","891","3","",71.42216103107992,0.0,0.12071798779157121,0.0,-7.428212375731688,0.0,7.163544202740483,0.0,7.406206469965784,0.0,12.315114606035428,0.0,3.534753037872391,0.0,3.6287911648680917,0.0,0.7988567575389488,0.0,1.075975381229449,0.0,0.9720631062681342,0.0,""
"2026-09-25 17:15:30","git-master-bddc7a050319718b5e4e0856afec0bc9ea96418f","C:\Users\marco\Desktop\ds004507\derivatives\labels\sub-004\ses-headUp\anat\sub-004_ses-headUp_T2w_seg-manual.nii.gz","892","3","",69.46279789996474,0.0,0.10998859972057254,0.0,-7.6639483679431235,0.0,7.078211545047564,0.0,7.363209618402393,0.0,12.072522048944224,0.0,3.5226567473301444,0.0,3.55555479771742,0.0,0.7924670102039572,0.0,0.36395374160533456,0.0,0.9623035192655446,0.0,""
"2026-09-25 17:15:30","git-master-bddc7a050319718b5e4e0856afec0bc9ea96418f","C:\Users\marco\Desktop\ds004507\derivatives\labels\sub-004\ses-headUp\anat\sub-004_ses-headUp_T2w_seg-manual.nii.gz","893","3","",70.12222580211483,0.0,0.09524583325565425,0.0,-7.895670648974283,0.0,7.2254506142769435,0.0,7.4238789940316705,0.0,12.150644659693398,0.0,3.5120479174482755,0.0,3.7134026968286684,0.0,0.7916431453782335,0.0,0.5160362647451167,0.0,0.9482083318653713,0.0,""
"2026-09-25 17:15:30","git-master-bddc7a050319718b5e4e0856afec0bc9ea96418f","C:\Users\marco\Desktop\ds004507\derivatives\labels\sub-004\ses-headUp\anat\sub-004_ses-headUp_T2w_seg-manual.nii.gz","894","3","",70.70848307529293,0.0,0.07849637201011923,0.0,-8.125387111088807,0.0,7.247192492804361,0.0,7.428062076558595,0.0,12.297528503535199,0.0,3.540641383604439,0.0,3.706551109199922,0.0,0.7967583153404881,0.0,0.19025329875914337,0.0,0.9454512090846374,0.0,""
"2026-09-25 17:15:30","git-master-bddc7a050319718b5e4e0856afec0bc9ea96418f","C:\Users\marco\Desktop\ds004507\derivatives\labels\sub-004\ses-headUp\anat\sub-004_ses-headUp_T2w_seg-manual.nii.gz","895","3","",71.22156971949904,0.0,0.05974021598396748,0.0,-8.353097754286694,0.0,7.1434371806298165,0.0,7.3757588659831645,0.0,12.513173580469624,0.0,3.6084371457986353,0.0,3.535000034831181,0.0,0.8078125200907207,0.0,-0.6133951563525851,0.0,0.9540321509233426,0.0,""
"2026-09-25 17:15:30","git-master-bddc7a050319718b5e4e0856afec0bc9ea96418f","C:\Users\marco\Desktop\ds004507\derivatives\labels\sub-004\ses-headUp\anat\sub-004_ses-headUp_T2w_seg-manual.nii.gz","896","3","",68.73174831564343,0.0,0.03697066483076769,0.0,-8.5768001873853,0.0,6.836312256751448,0.0,7.1377767531225835,0.0,12.390406291318705,0.0,3.4402050403664592,0.0,3.3961072163849884,0.0,0.8173621661189076,0.0,-0.49899982470427834,0.0,0.9459436778683022,0.0,""
"2026-09-25 17:15:30","git-master-bddc7a050319718b5e4e0856afec0bc9ea96418f","C:\Users\marco\Desktop\ds004507\derivatives\labels\sub-004\ses-headUp\anat\sub-004_ses-headUp_T2w_seg-manual.nii.gz","897","3","",68.18310724776158,0.0,0.01219441923784894,0.0,-8.79850086752147,0.0,6.846205643233872,0.0,7.134906520979156,0.0,12.265697572904697,0.0,3.3563674357567312,0.0,3.4898382074771397,0.0,0.8130182260542591,0.0,-0.060446384345629656,0.0,0.9491568470095878,0.0,""
"2026-09-25 17:15:30","git-master-bddc7a050319718b5e4e0856afec0bc9ea96418f","C:\Users\marco\Desktop\ds004507\derivatives\labels\sub-004\ses-headUp\anat\sub-004_ses-headUp_T2w_seg-manual.nii.gz","898","3","",69.5756465158535,0.0,-0.014588520794788779,0.0,-9.018199794695201,0.0,7.173117340077088,0.0,7.367148169552881,0.0,12.139047425227602,0.0,3.356924331969452,0.0,3.816193008107635,0.0,0.7947806998967751,0.0,0.7022651647233608,0.0,0.9636716583471991,0.0,""
"2026-09-25 17:15:30","git-master-bddc7a050319718b5e4e0856afec0bc9ea96418f","C:\Users\marco\Desktop\ds004507\derivatives\labels\sub-004\ses-headUp\anat\sub-004_ses-headUp_T2w_seg-manual.nii.gz","899","3","",69.05459867126908,0.0,-0.045384824104734725,0.0,-9.233901119965253,0.0,7.168360575525873,0.0,7.354832633089607,0.0,11.971839214545131,0.0,3.4185888161275804,0.0,3.7497717593982927,0.0,0.7889686687457156,0.0,0.45336474956602635,0.0,0.9687449605549386,0.0,""
"2026-09-25 17:15:30","git-master-bddc7a050319718b5e4e0856afec0bc9ea96418f","C:\Users\marco\Desktop\ds004507\derivatives\labels\sub-004\ses-headUp\anat\sub-004_ses-headUp_T2w_seg-manual.nii.gz","900","3","",69.0109984221978,0.0,-0.0759201813348816,0.0,-9.446796960601903,0.0,7.164032472376349,0.0,7.342526873661327,0.0,11.939537275155212,0.0,3.480628327847966,0.0,3.6834041445283834,0.0,0.788504785297577,0.0,0.5457968442119225,0.0,0.9723678448305305,0.0,""
"2026-09-25 17:15:30","git-master-bddc7a050319718b5e4e0856afec0bc9ea96418f","C:\Users\marco\Desktop\ds004507\derivatives\labels\sub-004\ses-headUp\anat\sub-004_ses-headUp_T2w_seg-manual.nii.gz","901","3","",69.4448457686397,0.0,-0.10619459248522942,0.0,-9.656887316605154,0.0,7.160133030628517,0.0,7.330230891268039,0.0,12.042141607057843,0.0,3.5430428671306085,0.0,3.617090163497908,0.0,0.7933890495523594,0.0,0.9795614486610491,0.0,0.9745403111739745,0.0,""
"2026-09-25 17:15:30","git-master-bddc7a050319718b5e4e0856afec0bc9ea96418f","C:\Users\marco\Desktop\ds004507\derivatives\labels\sub-004\ses-headUp\anat\sub-004_ses-headUp_T2w_seg-manual.nii.gz","902","3","",69.87811681672314,0.0,-0.1314118888601143,0.0,-9.859766426068292,0.0,7.155659956502563,0.0,7.399773889980203,0.0,12.077063724932549,0.0,3.6039741294453895,0.0,3.551685827057174,0.0,0.7903019195583193,0.0,-0.3444492677099611,0.0,0.9715263319645034,0.0,""
"2026-09-25 17:15:30","git-master-bddc7a050319718b5e4e0856afec0bc9ea96418f","C:\Users\marco\Desktop\ds004507\derivatives\labels\sub-004\ses-headUp\anat\sub-004_ses-headUp_T2w_seg-manual.nii.gz","903","3","",70.35184375829357,0.0,-0.15410063806336485,0.0,-10.059053494152307,0.0,7.308549721397245,0.0,7.519997251158012,0.0,12.023853544084306,0.0,3.6711605271941283,0.0,3.6373891942031165,0.0,0.7799327951980272,0.0,-0.30836426904926373,0.0,0.9652727515373364,0.0,""
"2026-09-25 17:15:30","git-master-bddc7a050319718b5e4e0856afec0bc9ea96418f","C:\Users\marco\Desktop\ds004507\derivatives\labels\sub-004\ses-headUp\anat\sub-004_ses-headUp_T2w_seg-manual.nii.gz","904","3","",70.86602659335101,0.0,-0.1742608400949811,0.0,-10.254748520857195,0.0,7.618802325312561,0.0,7.690900974801465,0.0,11.882511064513114,0.0,3.744602060376825,0.0,3.874200264935736,0.0,0.762281676471483,0.0,1.0878164446431418,0.0,0.9557795698924731,0.0,""
"2026-09-25 17:15:30","git-master-bddc7a050319718b5e4e0856afec0bc9ea96418f","C:\Users\marco\Desktop\ds004507\derivatives\labels\sub-004\ses-headUp\anat\sub-004_ses-headUp_T2w_seg-manual.nii.gz","905","3","",70.95669541070001,0.0,-0.1893639799720612,0.0,-10.443287484362862,0.0,7.693855554714886,0.0,7.785544482645306,0.0,11.767137451632033,0.0,3.7407108640444067,0.0,3.953144690670478,0.0,0.7496409117621453,0.0,-0.25243825040250467,0.0,0.9543494700282945,0.0,""
"2026-09-25 17:15:30","git-master-bddc7a050319718b5e4e0856afec0bc9ea96418f","C:\Users\marco\Desktop\ds004507\derivatives\labels\sub-004\ses-headUp\anat\sub-004_ses-headUp_T2w_seg-manual.nii.gz","906","3","",71.56460185793588,0.0,-0.20193860544394548,0.0,-10.62826275158291,0.0,7.768561438384322,0.0,7.828518218617592,0.0,11.75929732793465,0.0,3.804793847002236,0.0,3.963767591382086,0.0,0.7461443562869712,0.0,-1.228432249712219,0.0,0.9513619040271095,0.0,""
"2026-09-25 17:15:30","git-master-bddc7a050319718b5e4e0856afec0bc9ea96418f","C:\Users\marco\Desktop\ds004507\derivatives\labels\sub-004\ses-headUp\anat\sub-004_ses-headUp_T2w_seg-manual.nii.gz","907","3","",72.68974593505864,0.0,-0.2119847165106339,0.0,-10.809674322517337,0.0,7.8429199763208715,0.0,7.819822182718323,0.0,11.858990693420964,0.0,3.9368510092503133,0.0,3.9060689670705586,0.0,0.7517920100459604,0.0,-1.8401655532860017,0.0,0.9468168718889179,0.0,""
"2026-09-25 17:15:30","git-master-bddc7a050319718b5e4e0856afec0bc9ea96418f","C:\Users\marco\Desktop\ds004507\derivatives\labels\sub-004\ses-headUp\anat\sub-004_ses-headUp_T2w_seg-manual.nii.gz","908","2","",69.80265118292577,0.0,-0.21946837973185843,0.0,-11.071144281296654,0.0,7.594910969124337,0.0,7.673890110470097,0.0,11.54167097526627,0.0,3.5442220679279672,0.0,4.05068890119637,0.0,0.7469452603595256,0.0,-1.711675295420749,0.0,0.9704259233055045,0.0,""
"2026-09-25 17:15:30","git-master-bddc7a050319718b5e4e0856afec0bc9ea96418f","C:\Users\marco\Desktop\ds004507\derivatives\labels\sub-004\ses-headUp\anat\sub-004_ses-headUp_T2w_seg-manual.nii.gz","909","2","",72.75529700456006,0.0,-0.2193903189402085,0.0,-11.263475388719138,0.0,7.682601907200035,0.0,7.801842271923619,0.0,11.857284714132103,0.0,3.7730660926983934,0.0,3.909535814501642,0.0,0.7529711061909161,0.0,-0.6197746033419571,0.0,0.9704097116777209,0.0,""
"2026-09-25 17:15:30","git-master-bddc7a050319718b5e4e0856afec0bc9ea96418f","C:\Users\marco\Desktop\ds004507\derivatives\labels\sub-004\ses-headUp\anat\sub-004_ses-headUp_T2w_seg-manual.nii.gz","910","2","",72.84558729222785,0.0,-0.21526666777549439,0.0,-11.450175004181014,0.0,7.830455753617944,0.0,7.910300993938104,0.0,11.743729189335493,0.0,3.8977420563202103,0.0,3.9327136972977335,0.0,0.7385153938602464,0.0,0.10241939093682556,0.0,0.9614634269030509,0.0,""
"2026-09-25 17:15:30","git-master-bddc7a050319718b5e4e0856afec0bc9ea96418f","C:\Users\marco\Desktop\ds004507\derivatives\labels\sub-004\ses-headUp\anat\sub-004_ses-headUp_T2w_seg-manual.nii.gz","911","2","",72.48130726391446,0.0,-0.2070974195510417,0.0,-11.631256373414047,0.0,8.040028095465635,0.0,8.084981686963854,0.0,11.5081334495562,0.0,3.9821535448853225,0.0,4.057874550580312,0.0,0.710926032231744,0.0,0.481553683997064,0.0,0.9562152696884867,0.0,""
"2026-09-25 17:15:30","git-master-bddc7a050319718b5e4e0856afec0bc9ea96418f","C:\Users\marco\Desktop\ds004507\derivatives\labels\sub-004\ses-headUp\anat\sub-004_ses-headUp_T2w_seg-manual.nii.gz","912","2","",73.25565766273773,0.0,-0.19488256638401105,0.0,-11.806732720250054,0.0,8.280512576904432,0.0,8.3427732054694,0.0,11.387631600925628,0.0,4.065188385163839,0.0,4.215324191740594,0.0,0.6806267687868928,0.0,0.5336902531292858,0.0,0.962145313724074,0.0,""
"2026-09-25 17:15:30","git-master-bddc7a050319718b5e4e0856afec0bc9ea96418f","C:\Users\marco\Desktop\ds004507\derivatives\labels\sub-004\ses-headUp\anat\sub-004_ses-headUp_T2w_seg-manual.nii.gz","913","2","",72.95636045438545,0.0,-0.1773578320881211,0.0,-11.974879317353208,0.0,8.267419881225445,0.0,8.252305995670692,0.0,11.402167090819347,0.0,4.047053907401494,0.0,4.2203659738239505,0.0,0.6900320071019297,0.0,0.11379672955766085,0.0,0.9612309063757256,0.0,""
"2026-09-25 17:15:30","git-master-bddc7a050319718b5e4e0856afec0bc9ea96418f","C:\Users\marco\Desktop\ds004507\derivatives\labels\sub-004\ses-headUp\anat\sub-004_ses-headUp_T2w_seg-manual.nii.gz","914","2","",71.47982025454027,0.0,-0.15528174102447231,0.0,-12.136769238630425,0.0,8.05673255898529,0.0,8.137667012561476,0.0,11.34413499973912,0.0,3.975399184706937,0.0,4.081333374278353,0.0,0.6967140454939645,0.0,0.7834762313448429,0.0,0.9576148458992649,0.0,""
"2026-09-25 17:15:30","git-master-bddc7a050319718b5e4e0856afec0bc9ea96418f","C:\Users\marco\Desktop\ds004507\derivatives\labels\sub-004\ses-headUp\anat\sub-004_ses-headUp_T2w_seg-manual.nii.gz","915","2","",71.15808417785651,0.0,-0.12915998188767477,0.0,-12.293113263958965,0.0,7.959059174779675,0.0,8.052189948280454,0.0,11.370351903992685,0.0,3.9346469935511372,0.0,4.024412181228538,0.0,0.7058847918342751,0.0,0.09342306733400396,0.0,0.9523588071294881,0.0,""
"2026-09-25 17:15:30","git-master-bddc7a050319718b5e4e0856afec0bc9ea96418f","C:\Users\marco\Desktop\ds004507\derivatives\labels\sub-004\ses-headUp\anat\sub-004_ses-headUp_T2w_seg-manual.nii.gz","916","2","",72.22377066432738,0.0,-0.0989925426827162,0.0,-12.443924026394923,0.0,8.04484667874833,0.0,8.030144375921248,0.0,11.464655624739528,0.0,3.9405165629659917,0.0,4.104330115782337,0.0,0.7136227318469176,0.0,-1.3942183484258936,0.0,0.9501114103028563,0.0,""
"2026-09-25 17:15:30","git-master-bddc7a050319718b5e4e0856afec0bc9ea96418f","C:\Users\marco\Desktop\ds004507\derivatives\labels\sub-004\ses-headUp\anat\sub-004_ses-headUp_T2w_seg-manual.nii.gz","917","2","",72.20121289679736,0.0,-0.06402084418550474,0.0,-12.588183793287838,0.0,8.13203921470955,0.0,8.123493924982505,0.0,11.341355411758515,0.0,3.930671479109403,0.0,4.201367735600148,0.0,0.6977390522425992,0.0,1.9438082992790786,0.0,0.9667643889053068,0.0,""
"2026-09-25 17:15:30","git-master-bddc7a050319718b5e4e0856afec0bc9ea96418f","C:\Users\marco\Desktop\ds004507\derivatives\labels\sub-004\ses-headUp\anat\sub-004_ses-headUp_T2w_seg-manual.nii.gz","918","2","",70.51277967370119,0.0,-0.023992036107886437,0.0,-12.725574754783818,0.0,8.048589838928141,0.0,8.084708143545168,0.0,11.12727391473713,0.0,3.8593369590601725,0.0,4.189252879867969,0.0,0.6869654465579702,0.0,0.5487247475054955,0.0,0.967470066919877,0.0,""
"2026-09-25 17:15:30","git-master-bddc7a050319718b5e4e0856afec0bc9ea96418f","C:\Users\marco\Desktop\ds004507\derivatives\labels\sub-004\ses-headUp\anat\sub-004_ses-headUp_T2w_seg-manual.nii.gz","919","2","",71.02699109381035,0.0,0.020082429171766718,0.0,-12.857487651984387,0.0,7.9949477800127005,0.0,8.051661662312197,0.0,11.231520083606883,0.0,3.859941462814432,0.0,4.135006317198268,0.0,0.696510981664419,0.0,-0.8449711660904897,0.0,0.9636144909665003,0.0,""
"2026-09-25 17:15:30","git-master-bddc7a050319718b5e4e0856afec0bc9ea96418f","C:\Users\marco\Desktop\ds004507\derivatives\labels\sub-004\ses-headUp\anat\sub-004_ses-headUp_T2w_seg-manual.nii.gz","920","2","",72.43845124412368,0.0,0.06820251254893639,0.0,-12.983933952599887,0.0,8.005880552638391,0.0,8.090596850318759,0.0,11.405747320996046,0.0,3.8873267674983922,0.0,4.118553785139999,0.0,0.7039053139730085,0.0,-1.4886659346908135,0.0,0.9592805476491012,0.0,""
"2026-09-25 17:15:30","git-master-bddc7a050319718b5e4e0856afec0bc9ea96418f","C:\Users\marco\Desktop\ds004507\derivatives\labels\sub-004\ses-headUp\anat\sub-004_ses-headUp_T2w_seg-manual.nii.gz","921","2","",71.04686723947903,0.0,0.12062100835566505,0.0,-13.104585362796124,0.0,8.079023904160726,0.0,8.277773281139162,0.0,11.054784689132212,0.0,3.8136985123869436,0.0,4.265325391773782,0.0,0.6625898659244425,0.0,-1.5577447485841283,0.0,0.9583188841023564,0.0,""
"2026-09-25 17:15:30","git-master-bddc7a050319718b5e4e0856afec0bc9ea96418f","C:\Users\marco\Desktop\ds004507\derivatives\labels\sub-004\ses-headUp\anat\sub-004_ses-headUp_T2w_seg-manual.nii.gz","922","2","",70.30425912972649,0.0,0.1786019484406925,0.0,-13.217764024097072,0.0,8.107965320234488,0.0,8.287634693940596,0.0,10.988151214757924,0.0,3.8486556747576426,0.0,4.259309645476845,0.0,0.6565901890949455,0.0,-0.9217588138776932,0.0,0.9619579811854797,0.0,""
"2026-09-25 17:15:30","git-master-bddc7a050319718b5e4e0856afec0bc9ea96418f","C:\Users\marco\Desktop\ds004507\derivatives\labels\sub-004\ses-headUp\anat\sub-004_ses-headUp_T2w_seg-manual.nii.gz","923","2","",70.41129612954983,0.0,0.2406280823509267,0.0,-13.325525185014394,0.0,8.167541160738377,0.0,8.299682174516503,0.0,10.972813953596813,0.0,3.8828753953988135,0.0,4.284665765339565,0.0,0.6541247219937696,0.0,0.8103879255119519,0.0,0.9632429220511831,0.0,""
"2026-09-25 17:15:30","git-master-bddc7a050319718b5e4e0856afec0bc9ea96418f","C:\Users\marco\Desktop\ds004507\derivatives\labels\sub-004\ses-headUp\anat\sub-004_ses-headUp_T2w_seg-manual.nii.gz","924","2","",70.65540263308255,0.0,0.30669922519554954,0.0,-13.427878692085988,0.0,8.213523675966918,0.0,8.303164623812105,0.0,10.961302286990728,0.0,3.966898379422286,0.0,4.246625296544632,0.0,0.6528357112628054,0.0,2.2797329556370483,0.0,0.9628091252582851,0.0,""
"2026-09-25 17:15:30","git-master-bddc7a050319718b5e4e0856afec0bc9ea96418f","C:\Users\marco\Desktop\ds004507\derivatives\labels\sub-004\ses-headUp\anat\sub-004_ses-headUp_T2w_seg-manual.nii.gz","925","2","",70.35930831813475,0.0,0.37681517742730564,0.0,-13.524834265866081,0.0,8.203317359299737,0.0,8.2843191804876,0.0,10.916811129968686,0.0,4.1432949471761065,0.0,4.0600224121236295,0.0,0.65123387722088,0.0,2.077595825706835,0.0,0.9618407761526165,0.0,""
"2026-09-25 17:15:30","git-master-bddc7a050319718b5e4e0856afec0bc9ea96418f","C:\Users\marco\Desktop\ds004507\derivatives\labels\sub-004\ses-headUp\anat\sub-004_ses-headUp_T2w_seg-manual.nii.gz","926","2","",70.56789548438034,0.0,0.45249213750871276,0.0,-13.614388768824822,0.0,8.235840681446225,0.0,8.352976148890692,0.0,10.833152941601126,0.0,4.17271660694585,0.0,4.063124074500375,0.0,0.6366579478705712,0.0,-0.6461053638465843,0.0,0.9636180071702106,0.0,""
"2026-09-25 17:15:30","git-master-bddc7a050319718b5e4e0856afec0bc9ea96418f","C:\Users\marco\Desktop\ds004507\derivatives\labels\sub-004\ses-headUp\anat\sub-004_ses-headUp_T2w_seg-manual.nii.gz","927","2","",69.13326417786331,0.0,0.532465577173863,0.0,-13.698240483853866,0.0,7.907830326727018,0.0,8.147339502228613,0.0,10.875936639222964,0.0,3.9372569115879466,0.0,3.970573415139071,0.0,0.6614747063176911,0.0,-2.7561826559007363,0.0,0.9688271728271728,0.0,""
"2026-09-25 17:15:30","git-master-bddc7a050319718b5e4e0856afec0bc9ea96418f","C:\Users\marco\Desktop\ds004507\derivatives\labels\sub-004\ses-headUp\anat\sub-004_ses-headUp_T2w_seg-manual.nii.gz","928","2","",68.09250934289153,0.0,0.6164822586065215,0.0,-13.776733698091329,0.0,7.758270146148729,0.0,8.005656797479265,0.0,10.883488453085292,0.0,3.767253765493632,0.0,3.9910163806550973,0.0,0.6772939406151128,0.0,-2.9840635901489105,0.0,0.9685285310651598,0.0,""
"2026-09-25 17:15:30","git-master-bddc7a050319718b5e4e0856afec0bc9ea96418f","C:\Users\marco\Desktop\ds004507\derivatives\labels\sub-004\ses-headUp\anat\sub-004_ses-headUp_T2w_seg-manual.nii.gz","929","2","",68.25028022979915,0.0,0.7045416887389668,0.0,-13.849876135475016,0.0,7.987127332279775,0.0,8.056945600684257,0.0,10.792703663938777,0.0,3.8251094764638935,0.0,4.162017855815882,0.0,0.6653661235088734,0.0,-1.5309479893881324,0.0,0.9614151513481626,0.0,""
"2026-09-25 17:15:30","git-master-bddc7a050319718b5e4e0856afec0bc9ea96418f","C:\Users\marco\Desktop\ds004507\derivatives\labels\sub-004\ses-headUp\anat\sub-004_ses-headUp_T2w_seg-manual.nii.gz","930","2","",67.95831118072691,0.0,0.7976535210626422,0.0,-13.916343245457952,0.0,8.089389893309622,0.0,8.001427863279117,0.0,10.738447929949984,0.0,4.024508819346636,0.0,4.064881073962987,0.0,0.6669317866638242,0.0,-3.306590040339378,0.0,0.9671021986553593,0.0,""
"2026-09-25 17:15:30","git-master-bddc7a050319718b5e4e0856afec0bc9ea96418f","C:\Users\marco\Desktop\ds004507\derivatives\labels\sub-004\ses-headUp\anat\sub-004_ses-headUp_T2w_seg-manual.nii.gz","931","2","",68.33658452623912,0.0,0.8955636375437374,0.0,-13.976482708169279,0.0,8.150369917854409,0.0,8.004942932061319,0.0,10.788476542448613,0.0,4.071685843528002,0.0,4.078684074326408,0.0,0.6703927057775011,0.0,-3.154865737893134,0.0,0.9648033234265946,0.0,""
"2026-09-25 17:15:30","git-master-bddc7a050319718b5e4e0856afec0bc9ea96418f","C:\Users\marco\Desktop\ds004507\derivatives\labels\sub-004\ses-headUp\anat\sub-004_ses-headUp_T2w_seg-manual.nii.gz","932","2","",68.56540141954038,0.0,0.9975132601824722,0.0,-14.031301468651867,0.0,8.13967660263752,0.0,8.018191318707315,0.0,10.83817609361068,0.0,4.021685935470205,0.0,4.117990667167316,0.0,0.6728139299963998,0.0,-2.1674642466892733,0.0,0.9629880990185848,0.0,""
"2026-09-25 17:15:30","git-master-bddc7a050319718b5e4e0856afec0bc9ea96418f","C:\Users\marco\Desktop\ds004507\derivatives\labels\sub-004\ses-headUp\anat\sub-004_ses-headUp_T2w_seg-manual.nii.gz","933","2","",68.88795926846795,0.0,1.103501425392772,0.0,-14.080805005761533,0.0,8.101129394452297,0.0,8.037859402142693,0.0,10.884275985472017,0.0,3.926218655168873,0.0,4.174910739283424,0.0,0.674262822804997,0.0,-1.2219705788335853,0.0,0.9657000691710722,0.0,""
"2026-09-25 17:15:30","git-master-bddc7a050319718b5e4e0856afec0bc9ea96418f","C:\Users\marco\Desktop\ds004507\derivatives\labels\sub-004\ses-headUp\anat\sub-004_ses-headUp_T2w_seg-manual.nii.gz","934","2","",70.50683293460517,0.0,1.2140315183235426,0.0,-14.124336006400092,0.0,8.170149693762887,0.0,8.089530710420537,0.0,10.990953183821059,0.0,3.8819982581875188,0.0,4.288151435575369,0.0,0.6769590198290237,0.0,-1.846067383992163,0.0,0.9775657774289266,0.0,""
"2026-09-25 17:15:30","git-master-bddc7a050319718b5e4e0856afec0bc9ea96418f","C:\Users\marco\Desktop\ds004507\derivatives\labels\sub-004\ses-headUp\anat\sub-004_ses-headUp_T2w_seg-manual.nii.gz","935","2","",70.63363144286023,0.0,1.329857634531447,0.0,-14.160909350481418,0.0,8.18579878964287,0.0,8.198843899586123,0.0,10.84415755853269,0.0,4.000526082574625,0.0,4.185272707068245,0.0,0.6540443810439242,0.0,-1.3075016672831978,0.0,0.977931867286361,0.0,""
"2026-09-25 17:15:30","git-master-bddc7a050319718b5e4e0856afec0bc9ea96418f","C:\Users\marco\Desktop\ds004507\derivatives\labels\sub-004\ses-headUp\anat\sub-004_ses-headUp_T2w_seg-manual.nii.gz","936","2","",69.9638184991376,0.0,1.4497165454003322,0.0,-14.192187319387466,0.0,8.194539530747255,0.0,8.257863764439913,0.0,10.654981832445836,0.0,4.091061144179825,0.0,4.10347838656743,0.0,0.6315291405243872,0.0,-0.2812265661487662,0.0,0.9741825500774174,0.0,""
"2026-09-25 17:15:30","git-master-bddc7a050319718b5e4e0856afec0bc9ea96418f","C:\Users\marco\Desktop\ds004507\derivatives\labels\sub-004\ses-headUp\anat\sub-004_ses-headUp_T2w_seg-manual.nii.gz","937","2","",69.52370401886465,0.0,1.573606601638574,0.0,-14.218172981147935,0.0,8.225627122655395,0.0,8.273068822867758,0.0,10.583658303918865,0.0,4.123665770065914,0.0,4.101961352589482,0.0,0.6233706153862139,0.0,0.570889193844727,0.0,0.9673570539267741,0.0,""
"2026-09-25 17:15:30","git-master-bddc7a050319718b5e4e0856afec0bc9ea96418f","C:\Users\marco\Desktop\ds004507\derivatives\labels\sub-004\ses-headUp\anat\sub-004_ses-headUp_T2w_seg-manual.nii.gz","938","2","",70.57034219037875,0.0,1.7015260997944355,0.0,-14.238869234078837,0.0,8.310475426144807,0.0,8.270092649510818,0.0,10.808512612577864,0.0,4.087765455613762,0.0,4.222709970531045,0.0,0.6438565451002481,0.0,0.47099722160706664,0.0,0.9579381443298969,0.0,""
"2026-09-25 17:15:30","git-master-bddc7a050319718b5e4e0856afec0bc9ea96418f","C:\Users\marco\Desktop\ds004507\derivatives\labels\sub-004\ses-headUp\anat\sub-004_ses-headUp_T2w_seg-manual.nii.gz","939","1","",71.63654637819917,0.0,1.8759262498893068,0.0,-14.255953793446848,0.0,8.084115944061894,0.0,8.165385896422688,0.0,11.0509625671683,0.0,3.937513304302341,0.0,4.1466026397595535,0.0,0.6738320037143194,0.0,-4.603499654450747,0.0,0.9755491089929549,0.0,""
"2026-09-25 17:15:30","git-master-bddc7a050319718b5e4e0856afec0bc9ea96418f","C:\Users\marco\Desktop\ds004507\derivatives\labels\sub-004\ses-headUp\anat\sub-004_ses-headUp_T2w_seg-manual.nii.gz","940","1","",71.12548652026814,0.0,2.006449304430843,0.0,-14.261103588613555,0.0,8.165123563439419,0.0,8.190707362801023,0.0,10.948401170244058,0.0,4.002512902829085,0.0,4.162610660610334,0.0,0.6634685921910133,0.0,-1.3072652019754094,0.0,0.9740194382181687,0.0,""
"2026-09-25 17:15:30","git-master-bddc7a050319718b5e4e0856afec0bc9ea96418f","C:\Users\marco\Desktop\ds004507\derivatives\labels\sub-004\ses-headUp\anat\sub-004_ses-headUp_T2w_seg-manual.nii.gz","941","1","",70.45198801769362,0.0,2.140247339133713,0.0,-14.26194722485527,0.0,8.235444803025054,0.0,8.180273179930836,0.0,10.87506447511608,0.0,4.10455653648785,0.0,4.130888266537203,0.0,0.6589274812708189,0.0,1.2375649579140353,0.0,0.9670050122758523,0.0,""
"2026-09-25 17:15:30","git-master-bddc7a050319718b5e4e0856afec0bc9ea96418f","C:\Users\marco\Desktop\ds004507\derivatives\labels\sub-004\ses-headUp\anat\sub-004_ses-headUp_T2w_seg-manual.nii.gz","942","1","",69.94851541068007,0.0,2.276079104994286,0.0,-14.256807056237237,0.0,8.266315700809745,0.0,8.161927179706021,0.0,10.837984309918358,0.0,4.153331341025912,0.0,4.112984359783833,0.0,0.6579227947031213,0.0,2.931375839066323,0.0,0.9591215959861152,0.0,""
"2026-09-25 17:15:30","git-master-bddc7a050319718b5e4e0856afec0bc9ea96418f","C:\Users\marco\Desktop\ds004507\derivatives\labels\sub-004\ses-headUp\anat\sub-004_ses-headUp_T2w_seg-manual.nii.gz","943","1","",70.4687408578179,0.0,2.411557991622535,0.0,-14.239837624687617,0.0,8.176456731688496,0.0,8.200518782492601,0.0,10.865014475839164,0.0,3.9148156097254705,0.0,4.261641121963026,0.0,0.6559967014171844,0.0,3.2783626198665425,0.0,0.9612522673104245,0.0,""
"2026-09-25 17:15:30","git-master-bddc7a050319718b5e4e0856afec0bc9ea96418f","C:\Users\marco\Desktop\ds004507\derivatives\labels\sub-004\ses-headUp\anat\sub-004_ses-headUp_T2w_seg-manual.nii.gz","944","1","",69.95038366605576,0.0,2.5418877004748266,0.0,-14.204102558294021,0.0,8.180004661493662,0.0,8.160965869912122,0.0,10.848823906664027,0.0,3.938888479059021,0.0,4.241116182434641,0.0,0.6588788724898181,0.0,0.7779448441872803,0.0,0.9655798894249278,0.0,""
"2026-09-25 17:15:30","git-master-bddc7a050319718b5e4e0856afec0bc9ea96418f","C:\Users\marco\Desktop\ds004507\derivatives\labels\sub-004\ses-headUp\anat\sub-004_ses-headUp_T2w_seg-manual.nii.gz","945","1","",69.52473810037289,0.0,2.668404331561549,0.0,-14.154452712324296,0.0,8.159576418437792,0.0,8.126382328376964,0.0,10.825495604592367,0.0,3.9936238522057836,0.0,4.165952566232009,0.0,0.6606749928909315,0.0,-0.29540541056567926,0.0,0.9700366748158159,0.0,""
"2026-09-25 17:15:30","git-master-bddc7a050319718b5e4e0856afec0bc9ea96418f","C:\Users\marco\Desktop\ds004507\derivatives\labels\sub-004\ses-headUp\anat\sub-004_ses-headUp_T2w_seg-manual.nii.gz","946","1","",69.54544639322216,0.0,2.7911084623688414,0.0,-14.09088035559829,0.0,8.083529430506008,0.0,8.12673891793063,0.0,10.80405851108007,0.0,4.01123098353152,0.0,4.0722984469744885,0.0,0.6589109030191003,0.0,1.3584249777965622,0.0,0.9734328484941157,0.0,""
"2026-09-25 17:15:30","git-master-bddc7a050319718b5e4e0856afec0bc9ea96418f","C:\Users\marco\Desktop\ds004507\derivatives\labels\sub-004\ses-headUp\anat\sub-004_ses-headUp_T2w_seg-manual.nii.gz","947","1","",69.79999794633683,0.0,2.907715452152025,0.0,-14.004983383800562,0.0,8.17038424932351,0.0,8.275210424181102,0.0,10.73600723855566,0.0,4.043294039322771,0.0,4.1270902100007385,0.0,0.6367892807192401,0.0,0.8268183649899611,0.0,0.9584823895322662,0.0,""
"2026-09-25 17:15:30","git-master-bddc7a050319718b5e4e0856afec0bc9ea96418f","C:\Users\marco\Desktop\ds004507\derivatives\labels\sub-004\ses-headUp\anat\sub-004_ses-headUp_T2w_seg-manual.nii.gz","948","1","",69.98868323696281,0.0,3.020323396648555,0.0,-13.904390512135352,0.0,8.18476820519223,0.0,8.369608057460619,0.0,10.718698793887496,0.0,3.9775787551638766,0.0,4.207189450028353,0.0,0.62470667570642,0.0,1.4002814142298694,0.0,0.9610061827402521,0.0,""
"2026-09-25 17:15:30","git-master-bddc7a050319718b5e4e0856afec0bc9ea96418f","C:\Users\marco\Desktop\ds004507\derivatives\labels\sub-004\ses-headUp\anat\sub-004_ses-headUp_T2w_seg-manual.nii.gz","949","1","",70.30733488617454,0.0,3.1291236331218735,0.0,-13.789779927431464,0.0,8.17708907904527,0.0,8.428360656934094,0.0,10.742812279003148,0.0,3.8999889439039213,0.0,4.27710013514135,0.0,0.6200540826285986,0.0,2.026071419537492,0.0,0.97102957819622,0.0,""
"2026-09-25 17:15:30","git-master-bddc7a050319718b5e4e0856afec0bc9ea96418f","C:\Users\marco\Desktop\ds004507\derivatives\labels\sub-004\ses-headUp\anat\sub-004_ses-headUp_T2w_seg-manual.nii.gz","950","1","",71.14974973183938,0.0,3.2331659343202532,0.0,-13.657606667816484,0.0,8.229875076865,0.0,8.472283013211824,0.0,10.805757102092786,0.0,3.9598954139355564,0.0,4.269979662929441,0.0,0.6206934602636479,0.0,0.8420444803308111,0.0,0.9732852089452826,0.0,""
"2026-09-25 17:15:30","git-master-bddc7a050319718b5e4e0856afec0bc9ea96418f","C:\Users\marco\Desktop\ds004507\derivatives\labels\sub-004\ses-headUp\anat\sub-004_ses-headUp_T2w_seg-manual.nii.gz","951","1","",70.84665753087835,0.0,3.331882690154349,0.0,-13.505673112412873,0.0,8.245020097383863,0.0,8.50494189395388,0.0,10.709886460363846,0.0,4.030032637386229,0.0,4.214987459997634,0.0,0.6075275666869154,0.0,0.021453323378391564,0.0,0.9704660312027309,0.0,""
"2026-09-25 17:15:30","git-master-bddc7a050319718b5e4e0856afec0bc9ea96418f","C:\Users\marco\Desktop\ds004507\derivatives\labels\sub-004\ses-headUp\anat\sub-004_ses-headUp_T2w_seg-manual.nii.gz","952","1","",71.10708244088373,0.0,3.4267973330679453,0.0,-13.339569542580996,0.0,8.320015022414463,0.0,8.53839809439612,0.0,10.661459470317451,0.0,4.10028741843676,0.0,4.219727603977703,0.0,0.5988444054871886,0.0,-0.4867977842079948,0.0,0.9701273590623103,0.0,""
"2026-09-25 17:15:30","git-master-bddc7a050319718b5e4e0856afec0bc9ea96418f","C:\Users\marco\Desktop\ds004507\derivatives\labels\sub-004\ses-headUp\anat\sub-004_ses-headUp_T2w_seg-manual.nii.gz","953","1","",72.25158705038837,0.0,3.517910729037174,0.0,-13.159269161372919,0.0,8.476630461436176,0.0,8.577303675494075,0.0,10.698221805218722,0.0,4.1657472540958755,0.0,4.3108832073403,0.0,0.597631071862323,0.0,-0.7948733511268467,0.0,0.9737762272828038,0.0,""
"2026-09-25 17:15:30","git-master-bddc7a050319718b5e4e0856afec0bc9ea96418f","C:\Users\marco\Desktop\ds004507\derivatives\labels\sub-004\ses-headUp\anat\sub-004_ses-headUp_T2w_seg-manual.nii.gz","954","1","",72.81318890472032,0.0,3.603135679158608,0.0,-12.956848061187323,0.0,8.660133825938308,0.0,8.648433680874508,0.0,10.645472533080369,0.0,4.188679581543953,0.0,4.471454244394355,0.0,0.5829680211963675,0.0,-2.60262696484825,0.0,0.9762389529792458,0.0,""
"2026-09-25 17:15:30","git-master-bddc7a050319718b5e4e0856afec0bc9ea96418f","C:\Users\marco\Desktop\ds004507\derivatives\labels\sub-004\ses-headUp\anat\sub-004_ses-headUp_T2w_seg-manual.nii.gz","955","1","",72.87273741225552,0.0,3.684184478404893,0.0,-12.738628417798825,0.0,8.703386603304951,0.0,8.711748552396232,0.0,10.631116777466461,0.0,4.22951038148177,0.0,4.473876221823182,0.0,0.573106528405417,0.0,-6.710297595898127,0.0,0.9720299390765116,0.0,""
"2026-09-25 17:15:30","git-master-bddc7a050319718b5e4e0856afec0bc9ea96418f","C:\Users\marco\Desktop\ds004507\derivatives\labels\sub-004\ses-headUp\anat\sub-004_ses-headUp_T2w_seg-manual.nii.gz","956","1","",72.37579604288204,0.0,3.7614378827949464,0.0,-12.506002461664924,0.0,8.594031819278944,0.0,8.701413924306657,0.0,10.657571973920955,0.0,4.217761282346603,0.0,4.37627053693234,0.0,0.576864623337621,0.0,-10.130391042947355,0.0,0.9672181018380497,0.0,""
"2026-09-25 17:15:30","git-master-bddc7a050319718b5e4e0856afec0bc9ea96418f","C:\Users\marco\Desktop\ds004507\derivatives\labels\sub-004\ses-headUp\anat\sub-004_ses-headUp_T2w_seg-manual.nii.gz","957","1","",71.06428613081447,0.0,3.834138435401914,0.0,-12.256024395813817,0.0,8.264724321053185,0.0,8.505100809065233,0.0,10.741665020525254,0.0,4.041934489030499,0.0,4.222789832022687,0.0,0.6105395416982309,0.0,-8.650389309556912,0.0,0.9696943885032155,0.0,""
"2026-09-25 17:15:30","git-master-bddc7a050319718b5e4e0856afec0bc9ea96418f","C:\Users\marco\Desktop\ds004507\derivatives\labels\sub-004\ses-headUp\anat\sub-004_ses-headUp_T2w_seg-manual.nii.gz","958","1","",72.17998332501564,0.0,3.9013410846394456,0.0,-11.984929199702755,0.0,8.525184627365983,0.0,8.69904575598302,0.0,10.671491076092835,0.0,4.13277513417926,0.0,4.392409493186722,0.0,0.5780286571681856,0.0,-9.585834644684441,0.0,0.973715759375648,0.0,""
"2026-09-25 17:15:30","git-master-bddc7a050319718b5e4e0856afec0bc9ea96418f","C:\Users\marco\Desktop\ds004507\derivatives\labels\sub-004\ses-headUp\anat\sub-004_ses-headUp_T2w_seg-manual.nii.gz","959","1","",73.58066406991806,0.0,3.964753902997969,0.0,-11.69918429826296,0.0,8.711931236752502,0.0,8.867575379482455,0.0,10.620448983119605,0.0,4.1999607492002635,0.0,4.511970487552238,0.0,0.5502185437847934,0.0,-7.922973754379796,0.0,0.9773444473432158,0.0,""
"2026-09-25 17:15:30","git-master-bddc7a050319718b5e4e0856afec0bc9ea96418f","C:\Users\marco\Desktop\ds004507\derivatives\labels\sub-004\ses-headUp\anat\sub-004_ses-headUp_T2w_seg-manual.nii.gz","960","1","",74.7207198743164,0.0,4.024377670108178,0.0,-11.39875159244366,0.0,8.741487548723349,0.0,8.946609339487551,0.0,10.603455246421301,0.0,4.2134676798777875,0.0,4.528019868845561,0.0,0.5366758090137659,0.0,-3.494758718837165,0.0,0.9794536915949038,0.0,""
"2026-09-25 17:15:30","git-master-bddc7a050319718b5e4e0856afec0bc9ea96418f","C:\Users\marco\Desktop\ds004507\derivatives\labels\sub-004\ses-headUp\anat\sub-004_ses-headUp_T2w_seg-manual.nii.gz","961","1","",73.78368991010863,0.0,4.078320605645361,0.0,-11.076146443462719,0.0,8.846663802340856,0.0,8.972654394550865,0.0,10.497588215578343,0.0,4.332328191012671,0.0,4.514335611328186,0.0,0.5188647316624103,0.0,-2.5598852006837167,0.0,0.9728051020971126,0.0,""
"2026-09-25 17:15:30","git-master-bddc7a050319718b5e4e0856afec0bc9ea96418f","C:\Users\marco\Desktop\ds004507\derivatives\labels\sub-004\ses-headUp\anat\sub-004_ses-headUp_T2w_seg-manual.nii.gz","962","1","",73.6220986136882,0.0,4.127910534722657,0.0,-10.736414463089844,0.0,8.83077535774665,0.0,9.005065471490456,0.0,10.489470960039807,0.0,4.348666346893161,0.0,4.482109010853487,0.0,0.5128376731538478,0.0,-3.1501017751249663,0.0,0.9688851394080304,0.0,""
"2026-09-25 17:15:30","git-master-bddc7a050319718b5e4e0856afec0bc9ea96418f","C:\Users\marco\Desktop\ds004507\derivatives\labels\sub-004\ses-headUp\anat\sub-004_ses-headUp_T2w_seg-manual.nii.gz","963","1","",73.93042001272029,0.0,4.173716151049222,0.0,-10.38173450546078,0.0,8.84621158975282,0.0,9.06896373081498,0.0,10.477928374104858,0.0,4.354820285611255,0.0,4.491391304141565,0.0,0.5000156263747028,0.0,-2.4891457061659183,0.0,0.966159850500066,0.0,""
"2026-09-25 17:15:30","git-master-bddc7a050319718b5e4e0856afec0bc9ea96418f","C:\Users\marco\Desktop\ds004507\derivatives\labels\sub-004\ses-headUp\anat\sub-004_ses-headUp_T2w_seg-manual.nii.gz","964","1","",74.54410194350586,0.0,4.215170854508988,0.0,-10.009801031534424,0.0,9.054759276151582,0.0,9.198916487748575,0.0,10.360757752953738,0.0,4.440072880110226,0.0,4.614686396041356,0.0,0.45978108773042536,0.0,2.574597535208494,0.0,0.9634536844799629,0.0,""
"2026-09-25 17:15:30","git-master-bddc7a050319718b5e4e0856afec0bc9ea96418f","C:\Users\marco\Desktop\ds004507\derivatives\labels\sub-004\ses-headUp\anat\sub-004_ses-headUp_T2w_seg-manual.nii.gz","965","1","",76.55378091019097,0.0,4.250952889086457,0.0,-9.615202708054545,0.0,9.103657549219637,0.0,9.285743940474786,0.0,10.520323632204159,0.0,4.4902481662289295,0.0,4.613409382990707,0.0,0.46978219582169395,0.0,-1.4186556497566207,0.0,0.9627623852640829,0.0,""
"2026-09-25 17:15:30","git-master-bddc7a050319718b5e4e0856afec0bc9ea96418f","C:\Users\marco\Desktop\ds004507\derivatives\labels\sub-004\ses-headUp\anat\sub-004_ses-headUp_T2w_seg-manual.nii.gz","966","1","",78.7814740296495,0.0,4.2829543419111,0.0,-9.20540856199836,0.0,9.232904982597125,0.0,9.422701888141999,0.0,10.679461060733981,0.0,4.563667186452997,0.0,4.669237796144127,0.0,0.4706235602366922,0.0,-3.5464663614030862,0.0,0.9641719771724256,0.0,""
"2026-09-25 17:15:30","git-master-bddc7a050319718b5e4e0856afec0bc9ea96418f","C:\Users\marco\Desktop\ds004507\derivatives\labels\sub-004\ses-headUp\anat\sub-004_ses-headUp_T2w_seg-manual.nii.gz","967","1","",81.04865613733527,0.0,4.311175660283586,0.0,-8.78038489858807,0.0,9.413026918467029,0.0,9.601086357341426,0.0,10.815517798177412,0.0,4.652178464479992,0.0,4.760848453987037,0.0,0.4603732437730874,0.0,-2.7408790611031435,0.0,0.9663845587060647,0.0,""
"2026-09-25 17:15:30","git-master-bddc7a050319718b5e4e0856afec0bc9ea96418f","C:\Users\marco\Desktop\ds004507\derivatives\labels\sub-004\ses-headUp\anat\sub-004_ses-headUp_T2w_seg-manual.nii.gz","968","1","",83.06707010935747,0.0,4.333917152365777,0.0,-8.333170949891725,0.0,9.304786892081642,0.0,9.708319522828102,0.0,10.97599503631785,0.0,4.667569203729204,0.0,4.63721768835244,0.0,0.46648846262076654,0.0,0.42287409342611415,0.0,0.9614581729359905,0.0,""
"2026-09-25 17:15:30","git-master-bddc7a050319718b5e4e0856afec0bc9ea96418f","C:\Users\marco\Desktop\ds004507\derivatives\labels\sub-004\ses-headUp\anat\sub-004_ses-headUp_T2w_seg-manual.nii.gz","969","1","",84.41340281641675,0.0,4.352124742598044,0.0,-7.8674950329930455,0.0,9.365995997305141,0.0,9.831776929708631,0.0,11.0054669408977,0.0,4.550736142718685,0.0,4.815259854586457,0.0,0.4488540811455017,0.0,0.5989085149178899,0.0,0.9591311111279711,0.0,""
"2026-09-25 17:15:30","git-master-bddc7a050319718b5e4e0856afec0bc9ea96418f","C:\Users\marco\Desktop\ds004507\derivatives\labels\sub-004\ses-headUp\anat\sub-004_ses-headUp_T2w_seg-manual.nii.gz","970","1","",86.29752608528914,0.0,4.366554460109456,0.0,-7.386397370421677,0.0,9.477709666362182,0.0,9.959953574191177,0.0,11.090356459880198,0.0,4.451513069002874,0.0,5.026196597359307,0.0,0.4393101242562869,0.0,-0.5467255175980462,0.0,0.9570697585659104,0.0,""
"2026-09-25 17:15:30","git-master-bddc7a050319718b5e4e0856afec0bc9ea96418f","C:\Users\marco\Desktop\ds004507\derivatives\labels\sub-004\ses-headUp\anat\sub-004_ses-headUp_T2w_seg-manual.nii.gz","971","1","",89.76129142650996,0.0,4.376828858566602,0.0,-6.888302692656677,0.0,9.563345614379639,0.0,10.085400512832363,0.0,11.384335207838431,0.0,4.486677820071277,0.0,5.076667794308363,0.0,0.4637592167813803,0.0,-2.094907408351281,0.0,0.9535903315242256,0.0,""
"2026-09-25 17:15:30","git-master-bddc7a050319718b5e4e0856afec0bc9ea96418f","C:\Users\marco\Desktop\ds004507\derivatives\labels\sub-004\ses-headUp\anat\sub-004_ses-headUp_T2w_seg-manual.nii.gz","972","1","",90.4343868502792,0.0,4.381248703917481,0.0,-6.366181691046527,0.0,9.5228988793451,0.0,10.045066573429219,0.0,11.569639836069989,0.0,4.592174436471495,0.0,4.930724442873605,0.0,0.49538001316441665,0.0,-0.8001795555056586,0.0,0.9570491233782519,0.0,""
"2026-09-25 17:15:30","git-master-bddc7a050319718b5e4e0856afec0bc9ea96418f","C:\Users\marco\Desktop\ds004507\derivatives\labels\sub-004\ses-headUp\anat\sub-004_ses-headUp_T2w_seg-manual.nii.gz","973","1","",92.49654025345951,0.0,4.381891571677096,0.0,-5.828534991415275,0.0,9.533216164503171,0.0,10.043472135493484,0.0,11.827482956526499,0.0,4.654116207964733,0.0,4.879099956538439,0.0,0.5271205125008019,0.0,-1.6458833732458866,0.0,0.9627135315388493,0.0,""
"2026-09-25 17:15:30","git-master-bddc7a050319718b5e4e0856afec0bc9ea96418f","C:\Users\marco\Desktop\ds004507\derivatives\labels\sub-004\ses-headUp\anat\sub-004_ses-headUp_T2w_seg-manual.nii.gz","974","1","",95.5263266139789,0.0,4.378757455792042,0.0,-5.275359230751819,0.0,9.571633355882584,0.0,10.07607003379494,0.0,12.127701988288786,0.0,4.674189043202628,0.0,4.897444312679955,0.0,0.5564064554888407,0.0,-3.347482612472067,0.0,0.9693022705853038,0.0,""
"2026-09-25 17:15:30","git-master-bddc7a050319718b5e4e0856afec0bc9ea96418f","C:\Users\marco\Desktop\ds004507\derivatives\labels\sub-004\ses-headUp\anat\sub-004_ses-headUp_T2w_seg-manual.nii.gz","975","1","",96.65238526943533,0.0,4.370335465772467,0.0,-4.700440253829443,0.0,9.492550883509587,0.0,10.069448152421474,0.0,12.293994069836831,0.0,4.684226963571042,0.0,4.808323919938544,0.0,0.5735474918107533,0.0,1.0025147326579837,0.0,0.9728633126143652,0.0,""
"2026-09-25 17:15:30","git-master-bddc7a050319718b5e4e0856afec0bc9ea96418f","C:\Users\marco\Desktop\ds004507\derivatives\labels\sub-004\ses-headUp\anat\sub-004_ses-headUp_T2w_seg-manual.nii.gz","976","1","",98.72790510236375,0.0,4.357191716538866,0.0,-4.1061410993004515,0.0,9.690954015895947,0.0,10.237936531209467,0.0,12.333895365557378,0.0,4.853734897817631,0.0,4.837219118078314,0.0,0.5572054451827992,0.0,1.7555483674004952,0.0,0.9657280717106775,0.0,""
"2026-09-25 17:15:30","git-master-bddc7a050319718b5e4e0856afec0bc9ea96418f","C:\Users\marco\Desktop\ds004507\derivatives\labels\sub-004\ses-headUp\anat\sub-004_ses-headUp_T2w_seg-manual.nii.gz","977","1","",101.00995472337083,0.0,4.340270192155069,0.0,-3.4963737638055017,0.0,9.99703351486318,0.0,10.45361036063604,0.0,12.344193389137748,0.0,5.034399228833972,0.0,4.962634286029208,0.0,0.5316026675944195,0.0,2.5814052176109397,0.0,0.9575320023962293,0.0,""
"2026-09-25 17:15:30","git-master-bddc7a050319718b5e4e0856afec0bc9ea96418f","C:\Users\marco\Desktop\ds004507\derivatives\labels\sub-004\ses-headUp\anat\sub-004_ses-headUp_T2w_seg-manual.nii.gz","978","1","",103.12173321413123,0.0,4.3193817464182835,0.0,-2.8703900110798326,0.0,10.336154716681696,0.0,10.653796982989702,0.0,12.373464526536207,0.0,5.145284046425597,0.0,5.190870670256098,0.0,0.5085441372772209,0.0,5.549002372707262,0.0,0.9534694018052896,0.0,""
"2026-09-25 17:15:30","git-master-bddc7a050319718b5e4e0856afec0bc9ea96418f","C:\Users\marco\Desktop\ds004507\derivatives\labels\sub-004\ses-headUp\anat\sub-004_ses-headUp_T2w_seg-manual.nii.gz","979","1","",104.50145193344068,0.0,4.29244708336177,0.0,-2.2198512002846527,0.0,10.468752201034185,0.0,10.825734233095023,0.0,12.356313934923488,0.0,5.1690198100751825,0.0,5.299732390959004,0.0,0.4816487926221858,0.0,3.7137334346246886,0.0,0.9512231331109013,0.0,""
"2026-09-25 17:15:30","git-master-bddc7a050319718b5e4e0856afec0bc9ea96418f","C:\Users\marco\Desktop\ds004507\derivatives\labels\sub-004\ses-headUp\anat\sub-004_ses-headUp_T2w_seg-manual.nii.gz","980","1","",106.5774496648931,0.0,4.261732480531842,0.0,-1.554097365473412,0.0,10.750623595277562,0.0,11.066764350927873,0.0,12.342194510191725,0.0,5.355861635247261,0.0,5.3947619600303005,0.0,0.4410082474829202,0.0,7.135042059640071,0.0,0.9545856945764195,0.0,""
"2026-09-25 17:15:30","git-master-bddc7a050319718b5e4e0856afec0bc9ea96418f","C:\Users\marco\Desktop\ds004507\derivatives\labels\sub-004\ses-headUp\anat\sub-004_ses-headUp_T2w_seg-manual.nii.gz","981","1","",109.74896416886709,0.0,4.227237479803507,0.0,-0.8731907934350545,0.0,11.176118946199022,0.0,11.370631562952624,0.0,12.38113155763894,0.0,5.6857100708930535,0.0,5.490408875305969,0.0,0.3956369854049556,0.0,13.156567002382165,0.0,0.9605764202355322,0.0,""
"2026-09-25 17:15:30","git-master-bddc7a050319718b5e4e0856afec0bc9ea96418f","C:\Users\marco\Desktop\ds004507\derivatives\labels\sub-004\ses-headUp\anat\sub-004_ses-headUp_T2w_seg-manual.nii.gz","982","1","",115.46573465234329,0.0,4.187637673552173,0.0,-0.17200236400296354,0.0,11.73156158154623,0.0,11.725241139975244,0.0,12.643961872392024,0.0,6.109232644414468,0.0,5.622328937131762,0.0,0.3741561235385765,0.0,12.951695422467328,0.0,0.9599843902051485,0.0,""
"2026-09-25 17:15:30","git-master-bddc7a050319718b5e4e0856afec0bc9ea96418f","C:\Users\marco\Desktop\ds004507\derivatives\labels\sub-004\ses-headUp\anat\sub-004_ses-headUp_T2w_seg-manual.nii.gz","983","1","",119.96071102927797,0.0,4.14312009911233,0.0,0.5484123730697683,0.0,11.922352162288469,0.0,11.966258319606007,0.0,12.852051134957131,0.0,6.089355206565178,0.0,5.8329969557232895,0.0,0.36483682003865586,0.0,12.971677094954169,0.0,0.9675705043139119,0.0,""
"2026-09-25 17:15:30","git-master-bddc7a050319718b5e4e0856afec0bc9ea96418f","C:\Users\marco\Desktop\ds004507\derivatives\labels\sub-004\ses-headUp\anat\sub-004_ses-headUp_T2w_seg-manual.nii.gz","984","1","",122.47224560216813,0.0,4.094818479579471,0.0,1.283429675404737,0.0,11.85529670173589,0.0,12.028860164045179,0.0,13.019960448330137,0.0,5.947474549488423,0.0,5.9078221522474665,0.0,0.38094072460769207,0.0,16.287932163516217,0.0,0.9727701263071442,0.0,""
