Timestamp,SCT Version,Filename,Slice (I->S),VertLevel,DistancePMJ,MEAN(area),STD(area),MEAN(angle_AP),STD(angle_AP),MEAN(angle_RL),STD(angle_RL),MEAN(diameter_AP),STD(diameter_AP),MEAN(diameter_AP_ellipse),STD(diameter_AP_ellipse),MEAN(diameter_RL),STD(diameter_RL),MEAN(length_anterior),STD(length_anterior),MEAN(length_posterior),STD(length_posterior),MEAN(eccentricity),STD(eccentricity),MEAN(orientation),STD(orientation),MEAN(solidity),STD(solidity),SUM(length)
"2026-09-29 13:38:49","git-master-bddc7a050319718b5e4e0856afec0bc9ea96418f","C:\Users\marco\Desktop\ds004507\derivatives\labels\sub-009\ses-headDown\anat\sub-009_ses-headDown_T2w_seg-manual.nii.gz","647","9","","","","","","","","","","","","","","","","","","","","","","","",""
"2026-09-29 13:38:49","git-master-bddc7a050319718b5e4e0856afec0bc9ea96418f","C:\Users\marco\Desktop\ds004507\derivatives\labels\sub-009\ses-headDown\anat\sub-009_ses-headDown_T2w_seg-manual.nii.gz","648","9","","","","","","","","","","","","","","","","","","","","","","","",""
"2026-09-29 13:38:49","git-master-bddc7a050319718b5e4e0856afec0bc9ea96418f","C:\Users\marco\Desktop\ds004507\derivatives\labels\sub-009\ses-headDown\anat\sub-009_ses-headDown_T2w_seg-manual.nii.gz","649","9","","","","","","","","","","","","","","","","","","","","","","","",""
"2026-09-29 13:38:49","git-master-bddc7a050319718b5e4e0856afec0bc9ea96418f","C:\Users\marco\Desktop\ds004507\derivatives\labels\sub-009\ses-headDown\anat\sub-009_ses-headDown_T2w_seg-manual.nii.gz","650","9","","","","","","","","","","","","","","","","","","","","","","","",""
"2026-09-29 13:38:49","git-master-bddc7a050319718b5e4e0856afec0bc9ea96418f","C:\Users\marco\Desktop\ds004507\derivatives\labels\sub-009\ses-headDown\anat\sub-009_ses-headDown_T2w_seg-manual.nii.gz","651","9","","","","","","","","","","","","","","","","","","","","","","","",""
"2026-09-29 13:38:49","git-master-bddc7a050319718b5e4e0856afec0bc9ea96418f","C:\Users\marco\Desktop\ds004507\derivatives\labels\sub-009\ses-headDown\anat\sub-009_ses-headDown_T2w_seg-manual.nii.gz","652","9","","","","","","","","","","","","","","","","","","","","","","","",""
"2026-09-29 13:38:49","git-master-bddc7a050319718b5e4e0856afec0bc9ea96418f","C:\Users\marco\Desktop\ds004507\derivatives\labels\sub-009\ses-headDown\anat\sub-009_ses-headDown_T2w_seg-manual.nii.gz","653","9","","","","","","","","","","","","","","","","","","","","","","","",""
"2026-09-29 13:38:49","git-master-bddc7a050319718b5e4e0856afec0bc9ea96418f","C:\Users\marco\Desktop\ds004507\derivatives\labels\sub-009\ses-headDown\anat\sub-009_ses-headDown_T2w_seg-manual.nii.gz","654","9","","","","","","","","","","","","","","","","","","","","","","","",""
"2026-09-29 13:38:49","git-master-bddc7a050319718b5e4e0856afec0bc9ea96418f","C:\Users\marco\Desktop\ds004507\derivatives\labels\sub-009\ses-headDown\anat\sub-009_ses-headDown_T2w_seg-manual.nii.gz","655","9","","","","","","","","","","","","","","","","","","","","","","","",""
"2026-09-29 13:38:49","git-master-bddc7a050319718b5e4e0856afec0bc9ea96418f","C:\Users\marco\Desktop\ds004507\derivatives\labels\sub-009\ses-headDown\anat\sub-009_ses-headDown_T2w_seg-manual.nii.gz","656","9","","","","","","","","","","","","","","","","","","","","","","","",""
"2026-09-29 13:38:49","git-master-bddc7a050319718b5e4e0856afec0bc9ea96418f","C:\Users\marco\Desktop\ds004507\derivatives\labels\sub-009\ses-headDown\anat\sub-009_ses-headDown_T2w_seg-manual.nii.gz","657","9","","","","","","","","","","","","","","","","","","","","","","","",""
"2026-09-29 13:38:49","git-master-bddc7a050319718b5e4e0856afec0bc9ea96418f","C:\Users\marco\Desktop\ds004507\derivatives\labels\sub-009\ses-headDown\anat\sub-009_ses-headDown_T2w_seg-manual.nii.gz","658","9","","","","","","","","","","","","","","","","","","","","","","","",""
"2026-09-29 13:38:49","git-master-bddc7a050319718b5e4e0856afec0bc9ea96418f","C:\Users\marco\Desktop\ds004507\derivatives\labels\sub-009\ses-headDown\anat\sub-009_ses-headDown_T2w_seg-manual.nii.gz","659","9","","","","","","","","","","","","","","","","","","","","","","","",""
"2026-09-29 13:38:49","git-master-bddc7a050319718b5e4e0856afec0bc9ea96418f","C:\Users\marco\Desktop\ds004507\derivatives\labels\sub-009\ses-headDown\anat\sub-009_ses-headDown_T2w_seg-manual.nii.gz","660","9","","","","","","","","","","","","","","","","","","","","","","","",""
"2026-09-29 13:38:49","git-master-bddc7a050319718b5e4e0856afec0bc9ea96418f","C:\Users\marco\Desktop\ds004507\derivatives\labels\sub-009\ses-headDown\anat\sub-009_ses-headDown_T2w_seg-manual.nii.gz","661","9","","","","","","","","","","","","","","","","","","","","","","","",""
"2026-09-29 13:38:49","git-master-bddc7a050319718b5e4e0856afec0bc9ea96418f","C:\Users\marco\Desktop\ds004507\derivatives\labels\sub-009\ses-headDown\anat\sub-009_ses-headDown_T2w_seg-manual.nii.gz","662","9","","","","","","","","","","","","","","","","","","","","","","","",""
"2026-09-29 13:38:49","git-master-bddc7a050319718b5e4e0856afec0bc9ea96418f","C:\Users\marco\Desktop\ds004507\derivatives\labels\sub-009\ses-headDown\anat\sub-009_ses-headDown_T2w_seg-manual.nii.gz","663","9","","","","","","","","","","","","","","","","","","","","","","","",""
"2026-09-29 13:38:49","git-master-bddc7a050319718b5e4e0856afec0bc9ea96418f","C:\Users\marco\Desktop\ds004507\derivatives\labels\sub-009\ses-headDown\anat\sub-009_ses-headDown_T2w_seg-manual.nii.gz","664","9","","","","","","","","","","","","","","","","","","","","","","","",""
"2026-09-29 13:38:49","git-master-bddc7a050319718b5e4e0856afec0bc9ea96418f","C:\Users\marco\Desktop\ds004507\derivatives\labels\sub-009\ses-headDown\anat\sub-009_ses-headDown_T2w_seg-manual.nii.gz","665","9","","","","","","","","","","","","","","","","","","","","","","","",""
"2026-09-29 13:38:49","git-master-bddc7a050319718b5e4e0856afec0bc9ea96418f","C:\Users\marco\Desktop\ds004507\derivatives\labels\sub-009\ses-headDown\anat\sub-009_ses-headDown_T2w_seg-manual.nii.gz","666","9","","","","","","","","","","","","","","","","","","","","","","","",""
"2026-09-29 13:38:49","git-master-bddc7a050319718b5e4e0856afec0bc9ea96418f","C:\Users\marco\Desktop\ds004507\derivatives\labels\sub-009\ses-headDown\anat\sub-009_ses-headDown_T2w_seg-manual.nii.gz","667","9","","","","","","","","","","","","","","","","","","","","","","","",""
"2026-09-29 13:38:49","git-master-bddc7a050319718b5e4e0856afec0bc9ea96418f","C:\Users\marco\Desktop\ds004507\derivatives\labels\sub-009\ses-headDown\anat\sub-009_ses-headDown_T2w_seg-manual.nii.gz","668","9","","","","","","","","","","","","","","","","","","","","","","","",""
"2026-09-29 13:38:49","git-master-bddc7a050319718b5e4e0856afec0bc9ea96418f","C:\Users\marco\Desktop\ds004507\derivatives\labels\sub-009\ses-headDown\anat\sub-009_ses-headDown_T2w_seg-manual.nii.gz","669","9","","","","","","","","","","","","","","","","","","","","","","","",""
"2026-09-29 13:38:49","git-master-bddc7a050319718b5e4e0856afec0bc9ea96418f","C:\Users\marco\Desktop\ds004507\derivatives\labels\sub-009\ses-headDown\anat\sub-009_ses-headDown_T2w_seg-manual.nii.gz","670","9","","","","","","","","","","","","","","","","","","","","","","","",""
"2026-09-29 13:38:49","git-master-bddc7a050319718b5e4e0856afec0bc9ea96418f","C:\Users\marco\Desktop\ds004507\derivatives\labels\sub-009\ses-headDown\anat\sub-009_ses-headDown_T2w_seg-manual.nii.gz","671","9","","","","","","","","","","","","","","","","","","","","","","","",""
"2026-09-29 13:38:49","git-master-bddc7a050319718b5e4e0856afec0bc9ea96418f","C:\Users\marco\Desktop\ds004507\derivatives\labels\sub-009\ses-headDown\anat\sub-009_ses-headDown_T2w_seg-manual.nii.gz","672","9","","","","","","","","","","","","","","","","","","","","","","","",""
"2026-09-29 13:38:49","git-master-bddc7a050319718b5e4e0856afec0bc9ea96418f","C:\Users\marco\Desktop\ds004507\derivatives\labels\sub-009\ses-headDown\anat\sub-009_ses-headDown_T2w_seg-manual.nii.gz","673","9","","","","","","","","","","","","","","","","","","","","","","","",""
"2026-09-29 13:38:49","git-master-bddc7a050319718b5e4e0856afec0bc9ea96418f","C:\Users\marco\Desktop\ds004507\derivatives\labels\sub-009\ses-headDown\anat\sub-009_ses-headDown_T2w_seg-manual.nii.gz","674","9","","","","","","","","","","","","","","","","","","","","","","","",""
"2026-09-29 13:38:49","git-master-bddc7a050319718b5e4e0856afec0bc9ea96418f","C:\Users\marco\Desktop\ds004507\derivatives\labels\sub-009\ses-headDown\anat\sub-009_ses-headDown_T2w_seg-manual.nii.gz","675","9","","","","","","","","","","","","","","","","","","","","","","","",""
"2026-09-29 13:38:49","git-master-bddc7a050319718b5e4e0856afec0bc9ea96418f","C:\Users\marco\Desktop\ds004507\derivatives\labels\sub-009\ses-headDown\anat\sub-009_ses-headDown_T2w_seg-manual.nii.gz","676","9","","","","","","","","","","","","","","","","","","","","","","","",""
"2026-09-29 13:38:49","git-master-bddc7a050319718b5e4e0856afec0bc9ea96418f","C:\Users\marco\Desktop\ds004507\derivatives\labels\sub-009\ses-headDown\anat\sub-009_ses-headDown_T2w_seg-manual.nii.gz","677","9","","","","","","","","","","","","","","","","","","","","","","","",""
"2026-09-29 13:38:49","git-master-bddc7a050319718b5e4e0856afec0bc9ea96418f","C:\Users\marco\Desktop\ds004507\derivatives\labels\sub-009\ses-headDown\anat\sub-009_ses-headDown_T2w_seg-manual.nii.gz","678","9","","","","","","","","","","","","","","","","","","","","","","","",""
"2026-09-29 13:38:49","git-master-bddc7a050319718b5e4e0856afec0bc9ea96418f","C:\Users\marco\Desktop\ds004507\derivatives\labels\sub-009\ses-headDown\anat\sub-009_ses-headDown_T2w_seg-manual.nii.gz","679","9","","","","","","","","","","","","","","","","","","","","","","","",""
"2026-09-29 13:38:49","git-master-bddc7a050319718b5e4e0856afec0bc9ea96418f","C:\Users\marco\Desktop\ds004507\derivatives\labels\sub-009\ses-headDown\anat\sub-009_ses-headDown_T2w_seg-manual.nii.gz","680","9","","","","","","","","","","","","","","","","","","","","","","","",""
"2026-09-29 13:38:49","git-master-bddc7a050319718b5e4e0856afec0bc9ea96418f","C:\Users\marco\Desktop\ds004507\derivatives\labels\sub-009\ses-headDown\anat\sub-009_ses-headDown_T2w_seg-manual.nii.gz","681","9","","","","","","","","","","","","","","","","","","","","","","","",""
"2026-09-29 13:38:49","git-master-bddc7a050319718b5e4e0856afec0bc9ea96418f","C:\Users\marco\Desktop\ds004507\derivatives\labels\sub-009\ses-headDown\anat\sub-009_ses-headDown_T2w_seg-manual.nii.gz","682","9","","","","","","","","","","","","","","","","","","","","","","","",""
"2026-09-29 13:38:49","git-master-bddc7a050319718b5e4e0856afec0bc9ea96418f","C:\Users\marco\Desktop\ds004507\derivatives\labels\sub-009\ses-headDown\anat\sub-009_ses-headDown_T2w_seg-manual.nii.gz","683","9","","","","","","","","","","","","","","","","","","","","","","","",""
"2026-09-29 13:38:49","git-master-bddc7a050319718b5e4e0856afec0bc9ea96418f","C:\Users\marco\Desktop\ds004507\derivatives\labels\sub-009\ses-headDown\anat\sub-009_ses-headDown_T2w_seg-manual.nii.gz","684","9","","","","","","","","","","","","","","","","","","","","","","","",""
"2026-09-29 13:38:49","git-master-bddc7a050319718b5e4e0856afec0bc9ea96418f","C:\Users\marco\Desktop\ds004507\derivatives\labels\sub-009\ses-headDown\anat\sub-009_ses-headDown_T2w_seg-manual.nii.gz","685","9","","","","","","","","","","","","","","","","","","","","","","","",""
"2026-09-29 13:38:49","git-master-bddc7a050319718b5e4e0856afec0bc9ea96418f","C:\Users\marco\Desktop\ds004507\derivatives\labels\sub-009\ses-headDown\anat\sub-009_ses-headDown_T2w_seg-manual.nii.gz","686","9","","","","","","","","","","","","","","","","","","","","","","","",""
"2026-09-29 13:38:49","git-master-bddc7a050319718b5e4e0856afec0bc9ea96418f","C:\Users\marco\Desktop\ds004507\derivatives\labels\sub-009\ses-headDown\anat\sub-009_ses-headDown_T2w_seg-manual.nii.gz","687","9","","","","","","","","","","","","","","","","","","","","","","","",""
"2026-09-29 13:38:49","git-master-bddc7a050319718b5e4e0856afec0bc9ea96418f","C:\Users\marco\Desktop\ds004507\derivatives\labels\sub-009\ses-headDown\anat\sub-009_ses-headDown_T2w_seg-manual.nii.gz","688","9","","","","","","","","","","","","","","","","","","","","","","","",""
"2026-09-29 13:38:49","git-master-bddc7a050319718b5e4e0856afec0bc9ea96418f","C:\Users\marco\Desktop\ds004507\derivatives\labels\sub-009\ses-headDown\anat\sub-009_ses-headDown_T2w_seg-manual.nii.gz","689","9","","","","","","","","","","","","","","","","","","","","","","","",""
"2026-09-29 13:38:49","git-master-bddc7a050319718b5e4e0856afec0bc9ea96418f","C:\Users\marco\Desktop\ds004507\derivatives\labels\sub-009\ses-headDown\anat\sub-009_ses-headDown_T2w_seg-manual.nii.gz","690","9","","","","","","","","","","","","","","","","","","","","","","","",""
"2026-09-29 13:38:49","git-master-bddc7a050319718b5e4e0856afec0bc9ea96418f","C:\Users\marco\Desktop\ds004507\derivatives\labels\sub-009\ses-headDown\anat\sub-009_ses-headDown_T2w_seg-manual.nii.gz","691","9","","","","","","","","","","","","","","","","","","","","","","","",""
"2026-09-29 13:38:49","git-master-bddc7a050319718b5e4e0856afec0bc9ea96418f","C:\Users\marco\Desktop\ds004507\derivatives\labels\sub-009\ses-headDown\anat\sub-009_ses-headDown_T2w_seg-manual.nii.gz","692","9","",19.938145412802488,0.0,-62.97903454173559,0.0,6.865562350974286,0.0,4.07702184584444,0.0,5.947722020347278,0.0,4.255438085682671,0.0,2.057731561015545,0.0,2.0192902848288954,0.0,0.6986397696284697,0.0,-84.01514336757894,0.0,0.9508670520231214,0.0,""
"2026-09-29 13:38:49","git-master-bddc7a050319718b5e4e0856afec0bc9ea96418f","C:\Users\marco\Desktop\ds004507\derivatives\labels\sub-009\ses-headDown\anat\sub-009_ses-headDown_T2w_seg-manual.nii.gz","693","8","",45.1799741088991,0.0,-16.011129954710523,0.0,17.50032602997099,0.0,6.135770909928547,0.0,6.0765094465729375,0.0,9.32743303547719,0.0,3.2362619479365202,0.0,2.8995089619920265,0.0,0.7586774664783901,0.0,1.2873586730980555,0.0,0.9652686762778506,0.0,""
"2026-09-29 13:38:49","git-master-bddc7a050319718b5e4e0856afec0bc9ea96418f","C:\Users\marco\Desktop\ds004507\derivatives\labels\sub-009\ses-headDown\anat\sub-009_ses-headDown_T2w_seg-manual.nii.gz","694","8","",45.08743420545996,0.0,-12.932399344018458,0.0,19.153435090122567,0.0,6.159224953059615,0.0,6.115416835238016,0.0,9.296508237992514,0.0,3.2272711188043823,0.0,2.9319538342552325,0.0,0.7529266100890846,0.0,1.2821388655529673,0.0,0.9638361794298379,0.0,""
"2026-09-29 13:38:49","git-master-bddc7a050319718b5e4e0856afec0bc9ea96418f","C:\Users\marco\Desktop\ds004507\derivatives\labels\sub-009\ses-headDown\anat\sub-009_ses-headDown_T2w_seg-manual.nii.gz","695","8","",44.99489430202081,0.0,-9.853668733326394,0.0,20.806544150274146,0.0,6.182678996190683,0.0,6.154324223903095,0.0,9.265583440507838,0.0,3.2182802896722444,0.0,2.9643987065184385,0.0,0.7471757536997792,0.0,1.276919058007879,0.0,0.9624036825818252,0.0,""
"2026-09-29 13:38:49","git-master-bddc7a050319718b5e4e0856afec0bc9ea96418f","C:\Users\marco\Desktop\ds004507\derivatives\labels\sub-009\ses-headDown\anat\sub-009_ses-headDown_T2w_seg-manual.nii.gz","696","8","",44.90235439858167,0.0,-6.77493812263433,0.0,22.45965321042572,0.0,6.2061330393217515,0.0,6.193231612568175,0.0,9.234658643023163,0.0,3.209289460540107,0.0,2.9968435787816445,0.0,0.7414248973104737,0.0,1.2716992504627906,0.0,0.9609711857338123,0.0,""
"2026-09-29 13:38:49","git-master-bddc7a050319718b5e4e0856afec0bc9ea96418f","C:\Users\marco\Desktop\ds004507\derivatives\labels\sub-009\ses-headDown\anat\sub-009_ses-headDown_T2w_seg-manual.nii.gz","697","8","",44.809814495142525,0.0,-3.6962075119422657,0.0,24.1127622705773,0.0,6.22958708245282,0.0,6.232139001233254,0.0,9.203733845538487,0.0,3.200298631407969,0.0,3.02928845104485,0.0,0.7356740409211683,0.0,1.2664794429177024,0.0,0.9595386888857996,0.0,""
"2026-09-29 13:38:49","git-master-bddc7a050319718b5e4e0856afec0bc9ea96418f","C:\Users\marco\Desktop\ds004507\derivatives\labels\sub-009\ses-headDown\anat\sub-009_ses-headDown_T2w_seg-manual.nii.gz","698","8","",44.482017183411806,0.0,-2.6150812956226774,0.0,25.586523644232045,0.0,6.205909443073002,0.0,6.220454254205099,0.0,9.173071673112377,0.0,3.1739170927058478,0.0,3.031992350367154,0.0,0.7348141203527544,0.0,1.2928160815908027,0.0,0.9589733599822095,0.0,""
"2026-09-29 13:38:49","git-master-bddc7a050319718b5e4e0856afec0bc9ea96418f","C:\Users\marco\Desktop\ds004507\derivatives\labels\sub-009\ses-headDown\anat\sub-009_ses-headDown_T2w_seg-manual.nii.gz","699","8","",43.68370505509793,0.0,-5.529163868048048,0.0,26.70158964489311,0.0,6.087968438671414,0.0,6.107585235790477,0.0,9.1429347508034,0.0,3.11275413486376,0.0,2.975214303807654,0.0,0.7437360714261237,0.0,1.3822656127002801,0.0,0.9601423669674644,0.0,""
"2026-09-29 13:38:49","git-master-bddc7a050319718b5e4e0856afec0bc9ea96418f","C:\Users\marco\Desktop\ds004507\derivatives\labels\sub-009\ses-headDown\anat\sub-009_ses-headDown_T2w_seg-manual.nii.gz","700","8","",42.885392926784064,0.0,-8.44324644047342,0.0,27.81665564555418,0.0,5.970027434269825,0.0,5.9947162173758555,0.0,9.112797828494422,0.0,3.051591177021672,0.0,2.9184362572481537,0.0,0.7526580224994931,0.0,1.4717151438097573,0.0,0.9613113739527192,0.0,""
"2026-09-29 13:38:49","git-master-bddc7a050319718b5e4e0856afec0bc9ea96418f","C:\Users\marco\Desktop\ds004507\derivatives\labels\sub-009\ses-headDown\anat\sub-009_ses-headDown_T2w_seg-manual.nii.gz","701","8","",42.0870807984702,0.0,-11.357329012898791,0.0,28.93172164621525,0.0,5.852086429868237,0.0,5.881847198961234,0.0,9.082660906185444,0.0,2.990428219179584,0.0,2.861658210688653,0.0,0.7615799735728624,0.0,1.5611646749192347,0.0,0.9624803809379741,0.0,""
"2026-09-29 13:38:49","git-master-bddc7a050319718b5e4e0856afec0bc9ea96418f","C:\Users\marco\Desktop\ds004507\derivatives\labels\sub-009\ses-headDown\anat\sub-009_ses-headDown_T2w_seg-manual.nii.gz","702","8","",41.28876867015632,0.0,-14.271411585324161,0.0,30.04678764687632,0.0,5.734145425466648,0.0,5.768978180546612,0.0,9.052523983876467,0.0,2.929265261337496,0.0,2.8048801641291528,0.0,0.7705019246462318,0.0,1.6506142060287121,0.0,0.963649387923229,0.0,""
"2026-09-29 13:38:49","git-master-bddc7a050319718b5e4e0856afec0bc9ea96418f","C:\Users\marco\Desktop\ds004507\derivatives\labels\sub-009\ses-headDown\anat\sub-009_ses-headDown_T2w_seg-manual.nii.gz","703","8","",40.99479208820198,0.0,-13.919848114513174,0.0,30.87102102175167,0.0,5.703400132908668,0.0,5.734518396652195,0.0,9.046484919676063,0.0,2.8983242446363704,0.0,2.805075888272299,0.0,0.7734195215109161,0.0,1.3766314018748516,0.0,0.9634377441692489,0.0,""
"2026-09-29 13:38:49","git-master-bddc7a050319718b5e4e0856afec0bc9ea96418f","C:\Users\marco\Desktop\ds004507\derivatives\labels\sub-009\ses-headDown\anat\sub-009_ses-headDown_T2w_seg-manual.nii.gz","704","8","",40.9529832794274,0.0,-11.935461622084002,0.0,31.549838083734155,0.0,5.716252696272494,0.0,5.73926323001788,0.0,9.052494784529944,0.0,2.8824941985057255,0.0,2.8337584977667682,0.0,0.7733349412712579,0.0,0.9209324300893217,0.0,0.9625357750456511,0.0,""
"2026-09-29 13:38:49","git-master-bddc7a050319718b5e4e0856afec0bc9ea96418f","C:\Users\marco\Desktop\ds004507\derivatives\labels\sub-009\ses-headDown\anat\sub-009_ses-headDown_T2w_seg-manual.nii.gz","705","8","",40.91117447065282,0.0,-9.95107512965483,0.0,32.22865514571664,0.0,5.729105259636318,0.0,5.744008063383564,0.0,9.058504649383828,0.0,2.8666641523750807,0.0,2.8624411072612377,0.0,0.7732503610315996,0.0,0.4652334583037918,0.0,0.9616338059220535,0.0,""
"2026-09-29 13:38:49","git-master-bddc7a050319718b5e4e0856afec0bc9ea96418f","C:\Users\marco\Desktop\ds004507\derivatives\labels\sub-009\ses-headDown\anat\sub-009_ses-headDown_T2w_seg-manual.nii.gz","706","8","",40.86936566187824,0.0,-7.9666886372256585,0.0,32.90747220769912,0.0,5.741957823000143,0.0,5.74875289674925,0.0,9.064514514237711,0.0,2.8508341062444362,0.0,2.891123716755707,0.0,0.7731657807919414,0.0,0.009534486518262053,0.0,0.9607318367984559,0.0,""
"2026-09-29 13:38:49","git-master-bddc7a050319718b5e4e0856afec0bc9ea96418f","C:\Users\marco\Desktop\ds004507\derivatives\labels\sub-009\ses-headDown\anat\sub-009_ses-headDown_T2w_seg-manual.nii.gz","707","8","",40.82755685310366,0.0,-5.9823021447964875,0.0,33.58628926968161,0.0,5.7548103863639675,0.0,5.753497730114934,0.0,9.070524379091593,0.0,2.8350040601137914,0.0,2.9198063262501766,0.0,0.7730812005522831,0.0,-0.4461644852672681,0.0,0.9598298676748582,0.0,""
"2026-09-29 13:38:49","git-master-bddc7a050319718b5e4e0856afec0bc9ea96418f","C:\Users\marco\Desktop\ds004507\derivatives\labels\sub-009\ses-headDown\anat\sub-009_ses-headDown_T2w_seg-manual.nii.gz","708","8","",40.3628415593969,0.0,-2.347900656322475,0.0,33.90111089093222,0.0,5.691611950677116,0.0,5.725059054010141,0.0,8.996382519226609,0.0,2.796877169617972,0.0,2.8947347810591437,0.0,0.7713097395506663,0.0,-0.6395276590507393,0.0,0.9645406512995666,0.0,""
"2026-09-29 13:38:49","git-master-bddc7a050319718b5e4e0856afec0bc9ea96418f","C:\Users\marco\Desktop\ds004507\derivatives\labels\sub-009\ses-headDown\anat\sub-009_ses-headDown_T2w_seg-manual.nii.gz","709","8","",39.89812626569013,0.0,1.2865008321515372,0.0,34.21593251218284,0.0,5.628413514990264,0.0,5.696620377905348,0.0,8.922240659361625,0.0,2.7587502791221525,0.0,2.8696632358681113,0.0,0.7695382785490494,0.0,-0.8328908328342104,0.0,0.9692514349242749,0.0,""
"2026-09-29 13:38:49","git-master-bddc7a050319718b5e4e0856afec0bc9ea96418f","C:\Users\marco\Desktop\ds004507\derivatives\labels\sub-009\ses-headDown\anat\sub-009_ses-headDown_T2w_seg-manual.nii.gz","710","8","",39.43341097198337,0.0,4.92090232062555,0.0,34.530754133433454,0.0,5.565215079303412,0.0,5.668181701800555,0.0,8.848098799496642,0.0,2.720623388626333,0.0,2.8445916906770785,0.0,0.7677668175474326,0.0,-1.0262540066176815,0.0,0.9739622185489833,0.0,""
"2026-09-29 13:38:49","git-master-bddc7a050319718b5e4e0856afec0bc9ea96418f","C:\Users\marco\Desktop\ds004507\derivatives\labels\sub-009\ses-headDown\anat\sub-009_ses-headDown_T2w_seg-manual.nii.gz","711","8","",38.96869567827661,0.0,8.555303809099563,0.0,34.84557575468407,0.0,5.50201664361656,0.0,5.639743025695762,0.0,8.773956939631656,0.0,2.6824964981305133,0.0,2.819520145486046,0.0,0.7659953565458157,0.0,-1.2196171804011526,0.0,0.9786730021736917,0.0,""
"2026-09-29 13:38:49","git-master-bddc7a050319718b5e4e0856afec0bc9ea96418f","C:\Users\marco\Desktop\ds004507\derivatives\labels\sub-009\ses-headDown\anat\sub-009_ses-headDown_T2w_seg-manual.nii.gz","712","8","",38.78385715873702,0.0,11.547860911255324,0.0,35.05071245575368,0.0,5.4725796484001075,0.0,5.628646546154067,0.0,8.744523894336513,0.0,2.661476532686273,0.0,2.811103115713834,0.0,0.7652790932675163,0.0,-1.2107954264835483,0.0,0.9805217071702255,0.0,""
"2026-09-29 13:38:49","git-master-bddc7a050319718b5e4e0856afec0bc9ea96418f","C:\Users\marco\Desktop\ds004507\derivatives\labels\sub-009\ses-headDown\anat\sub-009_ses-headDown_T2w_seg-manual.nii.gz","713","8","",39.158772187531795,0.0,13.256729240774579,0.0,35.03647931646129,0.0,5.5106655341244535,0.0,5.652234459738565,0.0,8.804508478181052,0.0,2.67467041734519,0.0,2.835995116779263,0.0,0.7666732254358514,0.0,-0.7976038171637911,0.0,0.9766462549104101,0.0,""
"2026-09-29 13:38:49","git-master-bddc7a050319718b5e4e0856afec0bc9ea96418f","C:\Users\marco\Desktop\ds004507\derivatives\labels\sub-009\ses-headDown\anat\sub-009_ses-headDown_T2w_seg-manual.nii.gz","714","8","",39.53368721632656,0.0,14.965597570293836,0.0,35.022246177168896,0.0,5.5487514198487995,0.0,5.675822373323063,0.0,8.864493062025591,0.0,2.687864302004107,0.0,2.8608871178446926,0.0,0.7680673576041865,0.0,-0.38441220784403396,0.0,0.9727708026505948,0.0,""
"2026-09-29 13:38:49","git-master-bddc7a050319718b5e4e0856afec0bc9ea96418f","C:\Users\marco\Desktop\ds004507\derivatives\labels\sub-009\ses-headDown\anat\sub-009_ses-headDown_T2w_seg-manual.nii.gz","715","8","",39.90860224512134,0.0,16.674465899813093,0.0,35.008013037876495,0.0,5.586837305573146,0.0,5.699410286907562,0.0,8.92447764587013,0.0,2.701058186663024,0.0,2.885779118910122,0.0,0.7694614897725217,0.0,0.02877940147572322,0.0,0.9688953503907795,0.0,""
"2026-09-29 13:38:49","git-master-bddc7a050319718b5e4e0856afec0bc9ea96418f","C:\Users\marco\Desktop\ds004507\derivatives\labels\sub-009\ses-headDown\anat\sub-009_ses-headDown_T2w_seg-manual.nii.gz","716","8","",40.283517273916104,0.0,18.38333422933235,0.0,34.9937798985841,0.0,5.624923191297492,0.0,5.722998200492061,0.0,8.984462229714671,0.0,2.714252071321941,0.0,2.9106711199755515,0.0,0.7708556219408568,0.0,0.4419710107954804,0.0,0.9650198981309641,0.0,""
"2026-09-29 13:38:49","git-master-bddc7a050319718b5e4e0856afec0bc9ea96418f","C:\Users\marco\Desktop\ds004507\derivatives\labels\sub-009\ses-headDown\anat\sub-009_ses-headDown_T2w_seg-manual.nii.gz","717","8","",40.37309848336488,0.0,18.953458406316862,0.0,34.75911607073414,0.0,5.639129347230951,0.0,5.727862744704516,0.0,9.00084038525832,0.0,2.744196890085689,0.0,2.8949324571452624,0.0,0.7713842690139493,0.0,0.38150918269770173,0.0,0.9620567319834703,0.0,""
"2026-09-29 13:38:49","git-master-bddc7a050319718b5e4e0856afec0bc9ea96418f","C:\Users\marco\Desktop\ds004507\derivatives\labels\sub-009\ses-headDown\anat\sub-009_ses-headDown_T2w_seg-manual.nii.gz","718","8","",40.32001278314065,0.0,18.954210507033995,0.0,34.41423689860539,0.0,5.641395638268966,0.0,5.72336560423095,0.0,8.995415326651523,0.0,2.782517175901852,0.0,2.8588784623671133,0.0,0.7714801735394203,0.0,0.08422063589115247,0.0,0.9595497088921374,0.0,""
"2026-09-29 13:38:49","git-master-bddc7a050319718b5e4e0856afec0bc9ea96418f","C:\Users\marco\Desktop\ds004507\derivatives\labels\sub-009\ses-headDown\anat\sub-009_ses-headDown_T2w_seg-manual.nii.gz","719","8","",40.26692708291641,0.0,18.95496260775113,0.0,34.06935772647664,0.0,5.64366192930698,0.0,5.718868463757383,0.0,8.989990268044727,0.0,2.820837461718016,0.0,2.8228244675889647,0.0,0.7715760780648915,0.0,-0.21306791091539667,0.0,0.9570426858008044,0.0,""
"2026-09-29 13:38:49","git-master-bddc7a050319718b5e4e0856afec0bc9ea96418f","C:\Users\marco\Desktop\ds004507\derivatives\labels\sub-009\ses-headDown\anat\sub-009_ses-headDown_T2w_seg-manual.nii.gz","720","8","",40.21384138269218,0.0,18.955714708468264,0.0,33.72447855434789,0.0,5.645928220344994,0.0,5.7143713232838165,0.0,8.984565209437932,0.0,2.859157747534179,0.0,2.786770472810816,0.0,0.7716719825903625,0.0,-0.5103564577219458,0.0,0.9545356627094714,0.0,""
"2026-09-29 13:38:49","git-master-bddc7a050319718b5e4e0856afec0bc9ea96418f","C:\Users\marco\Desktop\ds004507\derivatives\labels\sub-009\ses-headDown\anat\sub-009_ses-headDown_T2w_seg-manual.nii.gz","721","8","",40.16075568246795,0.0,18.9564668091854,0.0,33.37959938221914,0.0,5.648194511383009,0.0,5.70987418281025,0.0,8.979140150831135,0.0,2.8974780333503425,0.0,2.750716478032667,0.0,0.7717678871158337,0.0,-0.8076450045284952,0.0,0.9520286396181384,0.0,""
"2026-09-29 13:38:49","git-master-bddc7a050319718b5e4e0856afec0bc9ea96418f","C:\Users\marco\Desktop\ds004507\derivatives\labels\sub-009\ses-headDown\anat\sub-009_ses-headDown_T2w_seg-manual.nii.gz","722","8","",41.0438739446708,0.0,17.24927724796957,0.0,32.66586272730791,0.0,5.618061172547012,0.0,5.720457365539678,0.0,9.135592651965133,0.0,2.848391765918423,0.0,2.76966940662859,0.0,0.7789051899996092,0.0,0.11004453620398824,0.0,0.9518987138731451,0.0,""
"2026-09-29 13:38:49","git-master-bddc7a050319718b5e4e0856afec0bc9ea96418f","C:\Users\marco\Desktop\ds004507\derivatives\labels\sub-009\ses-headDown\anat\sub-009_ses-headDown_T2w_seg-manual.nii.gz","723","8","",41.92699220687364,0.0,15.542087686753739,0.0,31.952126072396684,0.0,5.587927833711015,0.0,5.731040548269107,0.0,9.292045153099131,0.0,2.799305498486503,0.0,2.7886223352245127,0.0,0.7860424928833848,0.0,1.0277340769364716,0.0,0.9517687881281517,0.0,""
"2026-09-29 13:38:49","git-master-bddc7a050319718b5e4e0856afec0bc9ea96418f","C:\Users\marco\Desktop\ds004507\derivatives\labels\sub-009\ses-headDown\anat\sub-009_ses-headDown_T2w_seg-manual.nii.gz","724","8","",42.81011046907649,0.0,13.834898125537908,0.0,31.238389417485454,0.0,5.5577944948750195,0.0,5.741623730998535,0.0,9.448497654233131,0.0,2.750219231054584,0.0,2.8075752638204357,0.0,0.7931797957671604,0.0,1.945423617668955,0.0,0.9516388623831582,0.0,""
"2026-09-29 13:38:49","git-master-bddc7a050319718b5e4e0856afec0bc9ea96418f","C:\Users\marco\Desktop\ds004507\derivatives\labels\sub-009\ses-headDown\anat\sub-009_ses-headDown_T2w_seg-manual.nii.gz","725","8","",43.69322873127934,0.0,12.127708564322077,0.0,30.524652762574224,0.0,5.527661156039023,0.0,5.752206913727964,0.0,9.60495015536713,0.0,2.701132963622664,0.0,2.8265281924163586,0.0,0.8003170986509359,0.0,2.8631131584014384,0.0,0.9515089366381648,0.0,""
"2026-09-29 13:38:49","git-master-bddc7a050319718b5e4e0856afec0bc9ea96418f","C:\Users\marco\Desktop\ds004507\derivatives\labels\sub-009\ses-headDown\anat\sub-009_ses-headDown_T2w_seg-manual.nii.gz","726","8","",44.39891529610457,0.0,10.462282897116285,0.0,29.76916734973087,0.0,5.564284084417153,0.0,5.792236789719774,0.0,9.693415689379549,0.0,2.703623424377103,0.0,2.86066066004005,0.0,0.8015005517968785,0.0,3.4731373637526946,0.0,0.9513318511723388,0.0,""
"2026-09-29 13:38:49","git-master-bddc7a050319718b5e4e0856afec0bc9ea96418f","C:\Users\marco\Desktop\ds004507\derivatives\labels\sub-009\ses-headDown\anat\sub-009_ses-headDown_T2w_seg-manual.nii.gz","727","8","",44.749738466174556,0.0,8.880385017930578,0.0,28.930184421023274,0.0,5.734419547223541,0.0,5.8911600522363505,0.0,9.645907289148813,0.0,2.809267341504261,0.0,2.9251522057192796,0.0,0.790776305467155,0.0,3.467830898341483,0.0,0.9510604462648472,0.0,""
"2026-09-29 13:38:49","git-master-bddc7a050319718b5e4e0856afec0bc9ea96418f","C:\Users\marco\Desktop\ds004507\derivatives\labels\sub-009\ses-headDown\anat\sub-009_ses-headDown_T2w_seg-manual.nii.gz","728","8","",45.10056163624454,0.0,7.2984871387448695,0.0,28.091201492315676,0.0,5.904555010029928,0.0,5.990083314752926,0.0,9.598398888918075,0.0,2.9149112586314194,0.0,2.9896437513985097,0.0,0.7800520591374315,0.0,3.462524432930272,0.0,0.9507890413573556,0.0,""
"2026-09-29 13:38:49","git-master-bddc7a050319718b5e4e0856afec0bc9ea96418f","C:\Users\marco\Desktop\ds004507\derivatives\labels\sub-009\ses-headDown\anat\sub-009_ses-headDown_T2w_seg-manual.nii.gz","729","8","",45.451384806314536,0.0,5.716589259559161,0.0,27.25221856360808,0.0,6.074690472836316,0.0,6.089006577269503,0.0,9.550890488687337,0.0,3.0205551757585773,0.0,3.0541352970777393,0.0,0.7693278128077079,0.0,3.4572179675190604,0.0,0.9505176364498641,0.0,""
"2026-09-29 13:38:49","git-master-bddc7a050319718b5e4e0856afec0bc9ea96418f","C:\Users\marco\Desktop\ds004507\derivatives\labels\sub-009\ses-headDown\anat\sub-009_ses-headDown_T2w_seg-manual.nii.gz","730","8","",45.80220797638452,0.0,4.134691380373453,0.0,26.413235634900477,0.0,6.244825935642704,0.0,6.1879298397860785,0.0,9.503382088456599,0.0,3.1261990928857353,0.0,3.118626842756969,0.0,0.7586035664779844,0.0,3.451911502107849,0.0,0.9502462315423725,0.0,""
"2026-09-29 13:38:49","git-master-bddc7a050319718b5e4e0856afec0bc9ea96418f","C:\Users\marco\Desktop\ds004507\derivatives\labels\sub-009\ses-headDown\anat\sub-009_ses-headDown_T2w_seg-manual.nii.gz","731","8","",45.43468078841842,0.0,4.04964860406082,0.0,25.704201476529438,0.0,6.270941679521819,0.0,6.185688446911241,0.0,9.427533459137882,0.0,3.156166286688195,0.0,3.1147753928336233,0.0,0.7546312008271052,0.0,3.4755145421742673,0.0,0.9502368438206941,0.0,""
"2026-09-29 13:38:49","git-master-bddc7a050319718b5e4e0856afec0bc9ea96418f","C:\Users\marco\Desktop\ds004507\derivatives\labels\sub-009\ses-headDown\anat\sub-009_ses-headDown_T2w_seg-manual.nii.gz","732","8","",44.70797842143426,0.0,4.713033379184733,0.0,25.060141703326675,0.0,6.225047563937296,0.0,6.132864726340696,0.0,9.337514715275177,0.0,3.148295118828306,0.0,3.0767524451089896,0.0,0.7540347755156483,0.0,3.513572334979501,0.0,0.950358464691922,0.0,""
"2026-09-29 13:38:49","git-master-bddc7a050319718b5e4e0856afec0bc9ea96418f","C:\Users\marco\Desktop\ds004507\derivatives\labels\sub-009\ses-headDown\anat\sub-009_ses-headDown_T2w_seg-manual.nii.gz","733","8","",43.98127605445011,0.0,5.376418154308647,0.0,24.416081930123912,0.0,6.179153448352773,0.0,6.080041005770151,0.0,9.24749597141247,0.0,3.1404239509684166,0.0,3.0387294973843564,0.0,0.7534383502041915,0.0,3.5516301277847346,0.0,0.9504800855631499,0.0,""
"2026-09-29 13:38:49","git-master-bddc7a050319718b5e4e0856afec0bc9ea96418f","C:\Users\marco\Desktop\ds004507\derivatives\labels\sub-009\ses-headDown\anat\sub-009_ses-headDown_T2w_seg-manual.nii.gz","734","8","",43.25457368746596,0.0,6.03980292943256,0.0,23.77202215692115,0.0,6.13325933276825,0.0,6.0272172851996055,0.0,9.157477227549764,0.0,3.132552783108527,0.0,3.0007065496597227,0.0,0.7528419248927345,0.0,3.589687920589968,0.0,0.9506017064343779,0.0,""
"2026-09-29 13:38:49","git-master-bddc7a050319718b5e4e0856afec0bc9ea96418f","C:\Users\marco\Desktop\ds004507\derivatives\labels\sub-009\ses-headDown\anat\sub-009_ses-headDown_T2w_seg-manual.nii.gz","735","8","",42.52787132048181,0.0,6.703187704556473,0.0,23.127962383718387,0.0,6.087365217183727,0.0,5.974393564629061,0.0,9.067458483687059,0.0,3.1246816152486376,0.0,2.962683601935089,0.0,0.7522454995812776,0.0,3.6277457133952016,0.0,0.9507233273056058,0.0,""
"2026-09-29 13:38:49","git-master-bddc7a050319718b5e4e0856afec0bc9ea96418f","C:\Users\marco\Desktop\ds004507\derivatives\labels\sub-009\ses-headDown\anat\sub-009_ses-headDown_T2w_seg-manual.nii.gz","736","7","",48.05491368150956,0.0,-10.264492501871707,0.0,21.204313844163547,0.0,6.324836689131866,0.0,6.585360694461343,0.0,9.341893090097136,0.0,2.9069957275915095,0.0,3.417840961540356,0.0,0.7092790097615588,0.0,-2.5676180858007847,0.0,0.9561368209255533,0.0,""
"2026-09-29 13:38:49","git-master-bddc7a050319718b5e4e0856afec0bc9ea96418f","C:\Users\marco\Desktop\ds004507\derivatives\labels\sub-009\ses-headDown\anat\sub-009_ses-headDown_T2w_seg-manual.nii.gz","737","7","",44.45405275342281,0.0,-14.345317425180946,0.0,20.62091661299051,0.0,6.086808261714659,0.0,6.428430635088712,0.0,8.949217674429589,0.0,2.9152220535093742,0.0,3.171586208205286,0.0,0.6954717142380292,0.0,-6.302382225273635,0.0,0.9555256077276604,0.0,""
"2026-09-29 13:38:49","git-master-bddc7a050319718b5e4e0856afec0bc9ea96418f","C:\Users\marco\Desktop\ds004507\derivatives\labels\sub-009\ses-headDown\anat\sub-009_ses-headDown_T2w_seg-manual.nii.gz","738","7","",44.475686845432165,0.0,-2.3088652712756765,0.0,20.739835831962914,0.0,5.9866456758420785,0.0,6.088649281389783,0.0,9.309052411890779,0.0,2.927971193147153,0.0,3.0586744826949257,0.0,0.7505437039307267,0.0,-2.463510154943494,0.0,0.9631486845123391,0.0,""
"2026-09-29 13:38:49","git-master-bddc7a050319718b5e4e0856afec0bc9ea96418f","C:\Users\marco\Desktop\ds004507\derivatives\labels\sub-009\ses-headDown\anat\sub-009_ses-headDown_T2w_seg-manual.nii.gz","739","7","",47.345071957940384,0.0,9.554258570533301,0.0,21.5525063417482,0.0,6.15730007028721,0.0,6.132856664129174,0.0,9.763403293614001,0.0,3.051711981078386,0.0,3.1055880892088235,0.0,0.7776817979290636,0.0,2.845091842374538,0.0,0.9671991042823038,0.0,""
"2026-09-29 13:38:49","git-master-bddc7a050319718b5e4e0856afec0bc9ea96418f","C:\Users\marco\Desktop\ds004507\derivatives\labels\sub-009\ses-headDown\anat\sub-009_ses-headDown_T2w_seg-manual.nii.gz","740","7","",50.829042770165856,0.0,11.484390655955218,0.0,23.04079348405885,0.0,6.430151427066414,0.0,6.526922243082285,0.0,10.003825091334194,0.0,3.2090855718601863,0.0,3.2210658552062275,0.0,0.757078219399801,0.0,5.493911448354438,0.0,0.9655055091881382,0.0,""
"2026-09-29 13:38:49","git-master-bddc7a050319718b5e4e0856afec0bc9ea96418f","C:\Users\marco\Desktop\ds004507\derivatives\labels\sub-009\ses-headDown\anat\sub-009_ses-headDown_T2w_seg-manual.nii.gz","741","7","",49.47985032019606,0.0,1.6411926069000469,0.0,25.235155170623866,0.0,6.054110946564599,0.0,6.178752732564616,0.0,10.241094484742739,0.0,2.972022726955022,0.0,3.0820882196095765,0.0,0.7971809410999644,0.0,3.442374789328397,0.0,0.9720581313736831,0.0,""
"2026-09-29 13:38:49","git-master-bddc7a050319718b5e4e0856afec0bc9ea96418f","C:\Users\marco\Desktop\ds004507\derivatives\labels\sub-009\ses-headDown\anat\sub-009_ses-headDown_T2w_seg-manual.nii.gz","742","7","",45.45851487107282,0.0,-7.842860180321169,0.0,27.68536976269015,0.0,5.928696346648096,0.0,6.081469841694196,0.0,9.574988244804644,0.0,2.861610571286386,0.0,3.0670857753617105,0.0,0.7710603971093654,0.0,-1.7036871626847345,0.0,0.9739640822772062,0.0,""
"2026-09-29 13:38:49","git-master-bddc7a050319718b5e4e0856afec0bc9ea96418f","C:\Users\marco\Desktop\ds004507\derivatives\labels\sub-009\ses-headDown\anat\sub-009_ses-headDown_T2w_seg-manual.nii.gz","743","7","",44.43836054536241,0.0,-6.06279885137355,0.0,30.002042054208538,0.0,5.862022503160658,0.0,5.971755943326875,0.0,9.51630645210882,0.0,2.876456499614317,0.0,2.9855660035463405,0.0,0.7777713595094569,0.0,-2.51004586342333,0.0,0.9598090719867094,0.0,""
"2026-09-29 13:38:49","git-master-bddc7a050319718b5e4e0856afec0bc9ea96418f","C:\Users\marco\Desktop\ds004507\derivatives\labels\sub-009\ses-headDown\anat\sub-009_ses-headDown_T2w_seg-manual.nii.gz","744","7","",42.45116730913892,0.0,2.4342171981970804,0.0,31.71937262334102,0.0,5.693229853978246,0.0,5.725631699950809,0.0,9.450110030399632,0.0,2.8276987255918153,0.0,2.8655311283864306,0.0,0.7956259872388702,0.0,-2.0961700464177806,0.0,0.9499780109542427,0.0,""
"2026-09-29 13:38:49","git-master-bddc7a050319718b5e4e0856afec0bc9ea96418f","C:\Users\marco\Desktop\ds004507\derivatives\labels\sub-009\ses-headDown\anat\sub-009_ses-headDown_T2w_seg-manual.nii.gz","745","7","",37.386534381068685,0.0,10.637882585745837,0.0,32.32897228228512,0.0,5.389944545968232,0.0,5.371194962117334,0.0,8.933922645914004,0.0,2.6262081342920394,0.0,2.7637364116761933,0.0,0.7990399152791746,0.0,-3.4969202230092673,0.0,0.9592096304857738,0.0,""
"2026-09-29 13:38:49","git-master-bddc7a050319718b5e4e0856afec0bc9ea96418f","C:\Users\marco\Desktop\ds004507\derivatives\labels\sub-009\ses-headDown\anat\sub-009_ses-headDown_T2w_seg-manual.nii.gz","746","7","",41.52666533056437,0.0,7.1540029532199485,0.0,30.792192441379488,0.0,5.554042756905943,0.0,5.6431603050561225,0.0,9.493555455000516,0.0,2.7788717200854287,0.0,2.775171036820514,0.0,0.8040963225586227,0.0,-3.920785358201044,0.0,0.9597609210883633,0.0,""
"2026-09-29 13:38:49","git-master-bddc7a050319718b5e4e0856afec0bc9ea96418f","C:\Users\marco\Desktop\ds004507\derivatives\labels\sub-009\ses-headDown\anat\sub-009_ses-headDown_T2w_seg-manual.nii.gz","747","7","",44.68228130927366,0.0,-0.5757791722307983,0.0,28.56048068084428,0.0,5.901021383963957,0.0,5.945209353021275,0.0,9.694497509344968,0.0,2.89078077733431,0.0,3.0102406066296457,0.0,0.7897798540729151,0.0,-3.8950404880883633,0.0,0.9557587347005093,0.0,""
"2026-09-29 13:38:49","git-master-bddc7a050319718b5e4e0856afec0bc9ea96418f","C:\Users\marco\Desktop\ds004507\derivatives\labels\sub-009\ses-headDown\anat\sub-009_ses-headDown_T2w_seg-manual.nii.gz","748","7","",45.97359712732811,0.0,-7.033354368067526,0.0,26.789593091020613,0.0,6.2492858085823535,0.0,6.2326794596563335,0.0,9.451411264256322,0.0,3.0111862084393763,0.0,3.2380996001429767,0.0,0.7484166140577789,0.0,0.3974453626916685,0.0,0.9645766432439659,0.0,""
"2026-09-29 13:38:49","git-master-bddc7a050319718b5e4e0856afec0bc9ea96418f","C:\Users\marco\Desktop\ds004507\derivatives\labels\sub-009\ses-headDown\anat\sub-009_ses-headDown_T2w_seg-manual.nii.gz","749","7","",46.12802798859002,0.0,-10.92741732447222,0.0,25.793690272424975,0.0,6.493664648533507,0.0,6.468626926955217,0.0,9.085542772871332,0.0,3.084869441096724,0.0,3.408795207436783,0.0,0.702056119870778,0.0,5.091416969940119,0.0,0.9750572957576116,0.0,""
"2026-09-29 13:38:49","git-master-bddc7a050319718b5e4e0856afec0bc9ea96418f","C:\Users\marco\Desktop\ds004507\derivatives\labels\sub-009\ses-headDown\anat\sub-009_ses-headDown_T2w_seg-manual.nii.gz","750","7","",46.40389795095033,0.0,-12.341289145939431,0.0,25.592415004105455,0.0,6.537432562469278,0.0,6.599164085231673,0.0,9.070014160111043,0.0,3.023670769151943,0.0,3.5137617933173346,0.0,0.6858505974578968,0.0,3.894135800363733,0.0,0.9672915327236797,0.0,""
"2026-09-29 13:38:49","git-master-bddc7a050319718b5e4e0856afec0bc9ea96418f","C:\Users\marco\Desktop\ds004507\derivatives\labels\sub-009\ses-headDown\anat\sub-009_ses-headDown_T2w_seg-manual.nii.gz","751","7","",44.147004914237115,0.0,-11.625141518506666,0.0,25.884921550185137,0.0,6.090927492016522,0.0,6.1655828630432925,0.0,9.093497176087967,0.0,2.874682530489573,0.0,3.2162449615269493,0.0,0.734232159215139,0.0,5.462951821562271,0.0,0.9728160260220536,0.0,""
"2026-09-29 13:38:49","git-master-bddc7a050319718b5e4e0856afec0bc9ea96418f","C:\Users\marco\Desktop\ds004507\derivatives\labels\sub-009\ses-headDown\anat\sub-009_ses-headDown_T2w_seg-manual.nii.gz","752","7","",44.20701680274711,0.0,-10.060492229382831,0.0,26.08838770126131,0.0,5.9670139100775055,0.0,5.968220762564922,0.0,9.425743255077997,0.0,2.920695450984221,0.0,3.046318459093284,0.0,0.7726370441081977,0.0,2.4401012817534933,0.0,0.9685931923279382,0.0,""
"2026-09-29 13:38:49","git-master-bddc7a050319718b5e4e0856afec0bc9ea96418f","C:\Users\marco\Desktop\ds004507\derivatives\labels\sub-009\ses-headDown\anat\sub-009_ses-headDown_T2w_seg-manual.nii.gz","753","7","",43.512099910599304,0.0,-7.669967387576103,0.0,26.20792079605739,0.0,5.93389921563949,0.0,5.90663962181013,0.0,9.409096289872105,0.0,2.97678035560072,0.0,2.9571188600387694,0.0,0.7775285215427727,0.0,0.485701153555846,0.0,0.9645610306232683,0.0,""
"2026-09-29 13:38:49","git-master-bddc7a050319718b5e4e0856afec0bc9ea96418f","C:\Users\marco\Desktop\ds004507\derivatives\labels\sub-009\ses-headDown\anat\sub-009_ses-headDown_T2w_seg-manual.nii.gz","754","7","",42.74664687033844,0.0,-4.4384991199844315,0.0,26.24393047142596,0.0,5.930667887041039,0.0,5.953164731500938,0.0,9.178825230640218,0.0,2.9997274003774725,0.0,2.9309404866635664,0.0,0.7608944149172292,0.0,1.192872811721848,0.0,0.9642587350190622,0.0,""
"2026-09-29 13:38:49","git-master-bddc7a050319718b5e4e0856afec0bc9ea96418f","C:\Users\marco\Desktop\ds004507\derivatives\labels\sub-009\ses-headDown\anat\sub-009_ses-headDown_T2w_seg-manual.nii.gz","755","7","",46.57940753044989,0.0,-0.30830294702820105,0.0,26.19226520796629,0.0,6.046976308084867,0.0,6.143659931975159,0.0,9.708213734987842,0.0,3.0736427911059128,0.0,2.973333516978954,0.0,0.774243042755386,0.0,2.6187824913889415,0.0,0.9660064261257616,0.0,""
"2026-09-29 13:38:49","git-master-bddc7a050319718b5e4e0856afec0bc9ea96418f","C:\Users\marco\Desktop\ds004507\derivatives\labels\sub-009\ses-headDown\anat\sub-009_ses-headDown_T2w_seg-manual.nii.gz","756","7","",44.55632522889704,0.0,3.9842287167204873,0.0,26.030635901278472,0.0,5.904566379189113,0.0,5.889203006741207,0.0,9.784083058123903,0.0,2.9626214141980505,0.0,2.9419449649910625,0.0,0.7982232188489515,0.0,0.3606481675176334,0.0,0.9563264755874696,0.0,""
"2026-09-29 13:38:49","git-master-bddc7a050319718b5e4e0856afec0bc9ea96418f","C:\Users\marco\Desktop\ds004507\derivatives\labels\sub-009\ses-headDown\anat\sub-009_ses-headDown_T2w_seg-manual.nii.gz","757","7","",47.63006087319532,0.0,7.6984266559140835,0.0,25.784581019449003,0.0,6.326898899274918,0.0,6.188522070582988,0.0,9.926016612511152,0.0,3.133436042222222,0.0,3.1934628570526966,0.0,0.7812814490021018,0.0,2.1689986794219713,0.0,0.9609691985737071,0.0,""
"2026-09-29 13:38:49","git-master-bddc7a050319718b5e4e0856afec0bc9ea96418f","C:\Users\marco\Desktop\ds004507\derivatives\labels\sub-009\ses-headDown\anat\sub-009_ses-headDown_T2w_seg-manual.nii.gz","758","7","",49.63414760473457,0.0,10.797470551432912,0.0,25.453177920432065,0.0,6.646406136839106,0.0,6.465606554285307,0.0,9.862552436835145,0.0,3.321816572693988,0.0,3.3245895641451186,0.0,0.7548161289477846,0.0,4.219555698083731,0.0,0.9636135560810416,0.0,""
"2026-09-29 13:38:49","git-master-bddc7a050319718b5e4e0856afec0bc9ea96418f","C:\Users\marco\Desktop\ds004507\derivatives\labels\sub-009\ses-headDown\anat\sub-009_ses-headDown_T2w_seg-manual.nii.gz","759","7","",47.0996671903947,0.0,12.71671308350114,0.0,25.044822039770565,0.0,6.469606194089051,0.0,6.355240903907097,0.0,9.506000315612404,0.0,3.3228910866382284,0.0,3.146715107450823,0.0,0.7436730387661291,0.0,4.403592851388002,0.0,0.956971574414267,0.0,""
"2026-09-29 13:38:49","git-master-bddc7a050319718b5e4e0856afec0bc9ea96418f","C:\Users\marco\Desktop\ds004507\derivatives\labels\sub-009\ses-headDown\anat\sub-009_ses-headDown_T2w_seg-manual.nii.gz","760","7","",45.39560653380449,0.0,10.811279630195877,0.0,24.586580777594975,0.0,6.251276988453244,0.0,6.185905780812122,0.0,9.358630797689184,0.0,3.1261498267823895,0.0,3.1251271616708545,0.0,0.7504048132046799,0.0,6.55137726426927,0.0,0.963508399016093,0.0,""
"2026-09-29 13:38:49","git-master-bddc7a050319718b5e4e0856afec0bc9ea96418f","C:\Users\marco\Desktop\ds004507\derivatives\labels\sub-009\ses-headDown\anat\sub-009_ses-headDown_T2w_seg-manual.nii.gz","761","7","",47.708334800290245,0.0,1.289355454943431,0.0,24.129822056167324,0.0,6.362796825075349,0.0,6.400708298968151,0.0,9.52199583654877,0.0,3.2140106203395225,0.0,3.148786204735826,0.0,0.7403806368236074,0.0,9.101337608346421,0.0,0.9670048958355965,0.0,""
"2026-09-29 13:38:49","git-master-bddc7a050319718b5e4e0856afec0bc9ea96418f","C:\Users\marco\Desktop\ds004507\derivatives\labels\sub-009\ses-headDown\anat\sub-009_ses-headDown_T2w_seg-manual.nii.gz","762","7","",46.882054457269255,0.0,-7.6611231086704255,0.0,23.674410331913037,0.0,6.3774093650894095,0.0,6.4960099430068885,0.0,9.229633308126788,0.0,3.2076371918510427,0.0,3.169772173238367,0.0,0.7080584004634444,0.0,5.3543924382746475,0.0,0.9660467223121476,0.0,""
"2026-09-29 13:38:49","git-master-bddc7a050319718b5e4e0856afec0bc9ea96418f","C:\Users\marco\Desktop\ds004507\derivatives\labels\sub-009\ses-headDown\anat\sub-009_ses-headDown_T2w_seg-manual.nii.gz","763","7","",45.47318880893173,0.0,-11.052612171623013,0.0,23.220436955127653,0.0,6.214338507215646,0.0,6.378613525802325,0.0,9.165536910498783,0.0,3.075555991291617,0.0,3.138782515924029,0.0,0.7106141972136795,0.0,1.6643395695599148,0.0,0.9635789973995338,0.0,""
"2026-09-29 13:38:49","git-master-bddc7a050319718b5e4e0856afec0bc9ea96418f","C:\Users\marco\Desktop\ds004507\derivatives\labels\sub-009\ses-headDown\anat\sub-009_ses-headDown_T2w_seg-manual.nii.gz","764","7","",47.03908709183244,0.0,-5.581769690945429,0.0,22.767993046481113,0.0,5.914584173951497,0.0,6.090156165705904,0.0,10.003661886253377,0.0,2.8777203884226235,0.0,3.0368637855288734,0.0,0.7929855065728866,0.0,5.418071827127344,0.0,0.9638864999034733,0.0,""
"2026-09-29 13:38:49","git-master-bddc7a050319718b5e4e0856afec0bc9ea96418f","C:\Users\marco\Desktop\ds004507\derivatives\labels\sub-009\ses-headDown\anat\sub-009_ses-headDown_T2w_seg-manual.nii.gz","765","7","",45.61580347756429,0.0,2.402719043594738,0.0,22.317643195359256,0.0,6.019761454471036,0.0,6.167374941274774,0.0,9.46408708797143,0.0,2.879328213769546,0.0,3.140433240701489,0.0,0.7576471167365533,0.0,7.258354141669081,0.0,0.9742233966910391,0.0,""
"2026-09-29 13:38:49","git-master-bddc7a050319718b5e4e0856afec0bc9ea96418f","C:\Users\marco\Desktop\ds004507\derivatives\labels\sub-009\ses-headDown\anat\sub-009_ses-headDown_T2w_seg-manual.nii.gz","766","7","",49.21609096131027,0.0,3.641529771586595,0.0,21.869282775417872,0.0,5.9719300343911375,0.0,6.425432551007505,0.0,9.949637990527624,0.0,2.77460364161266,0.0,3.197326392778477,0.0,0.7629732255823114,0.0,3.5572908180954537,0.0,0.963660986789308,0.0,""
"2026-09-29 13:38:49","git-master-bddc7a050319718b5e4e0856afec0bc9ea96418f","C:\Users\marco\Desktop\ds004507\derivatives\labels\sub-009\ses-headDown\anat\sub-009_ses-headDown_T2w_seg-manual.nii.gz","767","7","",48.63957497630782,0.0,-1.21678372129248,0.0,21.422825972325146,0.0,6.034680926199665,0.0,6.424615986115908,0.0,9.806185539129718,0.0,2.866671905172721,0.0,3.1680090210269443,0.0,0.7539114516520294,0.0,-2.010753120554381,0.0,0.9629442157498953,0.0,""
"2026-09-29 13:38:49","git-master-bddc7a050319718b5e4e0856afec0bc9ea96418f","C:\Users\marco\Desktop\ds004507\derivatives\labels\sub-009\ses-headDown\anat\sub-009_ses-headDown_T2w_seg-manual.nii.gz","768","7","",45.83067438880155,0.0,-8.880998459621676,0.0,20.97836100158045,0.0,6.2437360196698615,0.0,6.322411385221101,0.0,9.252569829391929,0.0,3.117792800836377,0.0,3.125943218833484,0.0,0.7301815990477063,0.0,-4.320804909583098,0.0,0.9680461117310648,0.0,""
"2026-09-29 13:38:49","git-master-bddc7a050319718b5e4e0856afec0bc9ea96418f","C:\Users\marco\Desktop\ds004507\derivatives\labels\sub-009\ses-headDown\anat\sub-009_ses-headDown_T2w_seg-manual.nii.gz","769","7","",49.46264147404406,0.0,-13.712757665890365,0.0,20.53597562732287,0.0,6.507872377706109,0.0,6.6474624937209175,0.0,9.616903291957875,0.0,3.283882099009069,0.0,3.22399027869704,0.0,0.722637763817566,0.0,3.4863023418725922,0.0,0.9544584768465365,0.0,""
"2026-09-29 13:38:49","git-master-bddc7a050319718b5e4e0856afec0bc9ea96418f","C:\Users\marco\Desktop\ds004507\derivatives\labels\sub-009\ses-headDown\anat\sub-009_ses-headDown_T2w_seg-manual.nii.gz","770","6","",54.7675224278519,0.0,-0.21419218907897344,0.0,19.97833642772484,0.0,6.54720762938632,0.0,6.669091264335946,0.0,10.520476972574832,0.0,3.1620709288473745,0.0,3.3851367005389457,0.0,0.773402481685724,0.0,15.044376874623028,0.0,0.9460827080788693,0.0,""
"2026-09-29 13:38:49","git-master-bddc7a050319718b5e4e0856afec0bc9ea96418f","C:\Users\marco\Desktop\ds004507\derivatives\labels\sub-009\ses-headDown\anat\sub-009_ses-headDown_T2w_seg-manual.nii.gz","771","6","",50.57890076822645,0.0,11.077210103224337,0.0,19.55394427529862,0.0,6.364836721388973,0.0,6.549291562779981,0.0,9.986212833658223,0.0,3.052209168330201,0.0,3.312627553058772,0.0,0.7544175364947654,0.0,10.58383544164937,0.0,0.9477842991876257,0.0,""
"2026-09-29 13:38:49","git-master-bddc7a050319718b5e4e0856afec0bc9ea96418f","C:\Users\marco\Desktop\ds004507\derivatives\labels\sub-009\ses-headDown\anat\sub-009_ses-headDown_T2w_seg-manual.nii.gz","772","6","",49.96479663387123,0.0,13.243306594847175,0.0,19.13185316778661,0.0,6.524251099859444,0.0,6.639945386724548,0.0,9.652249507824674,0.0,3.135128313541058,0.0,3.389122786318386,0.0,0.7246827164808983,0.0,1.915293297928824,0.0,0.9573551112264059,0.0,""
"2026-09-29 13:38:49","git-master-bddc7a050319718b5e4e0856afec0bc9ea96418f","C:\Users\marco\Desktop\ds004507\derivatives\labels\sub-009\ses-headDown\anat\sub-009_ses-headDown_T2w_seg-manual.nii.gz","773","6","",51.75824426664897,0.0,9.37585442290412,0.0,18.712130867604362,0.0,6.726091359674723,0.0,6.762156099503406,0.0,9.813135117525363,0.0,3.2024674985103627,0.0,3.523623861164361,0.0,0.722086585728032,0.0,-3.403805454252397,0.0,0.9585594385274016,0.0,""
"2026-09-29 13:38:49","git-master-bddc7a050319718b5e4e0856afec0bc9ea96418f","C:\Users\marco\Desktop\ds004507\derivatives\labels\sub-009\ses-headDown\anat\sub-009_ses-headDown_T2w_seg-manual.nii.gz","774","6","",54.74339813536041,0.0,2.5785366378868275,0.0,18.294844826240755,0.0,6.776992790802654,0.0,6.798610088786758,0.0,10.529365437345676,0.0,3.135887050247403,0.0,3.641105740555252,0.0,0.7635499220993072,0.0,-0.5035092061131048,0.0,0.9441837100791501,0.0,""
"2026-09-29 13:38:49","git-master-bddc7a050319718b5e4e0856afec0bc9ea96418f","C:\Users\marco\Desktop\ds004507\derivatives\labels\sub-009\ses-headDown\anat\sub-009_ses-headDown_T2w_seg-manual.nii.gz","775","6","",56.46102843419737,0.0,-1.6423229468629272,0.0,17.880891866202873,0.0,6.992421151632824,0.0,6.92305511471316,0.0,10.42549882651883,0.0,3.2952033591725725,0.0,3.6972177924602514,0.0,0.7475555915056915,0.0,3.9231874047037723,0.0,0.9591021215434128,0.0,""
"2026-09-29 13:38:49","git-master-bddc7a050319718b5e4e0856afec0bc9ea96418f","C:\Users\marco\Desktop\ds004507\derivatives\labels\sub-009\ses-headDown\anat\sub-009_ses-headDown_T2w_seg-manual.nii.gz","776","6","",56.86024120037467,0.0,-3.5472264201859343,0.0,17.46992559571148,0.0,6.947528133922368,0.0,7.057669197410332,0.0,10.36581352787338,0.0,3.2373060780142566,0.0,3.7102220559081105,0.0,0.7322467863169476,0.0,-0.7406391731055111,0.0,0.9664233510252,0.0,""
"2026-09-29 13:38:49","git-master-bddc7a050319718b5e4e0856afec0bc9ea96418f","C:\Users\marco\Desktop\ds004507\derivatives\labels\sub-009\ses-headDown\anat\sub-009_ses-headDown_T2w_seg-manual.nii.gz","777","6","",56.59861812674953,0.0,-4.034468025393457,0.0,17.0616915557602,0.0,6.8628249766004386,0.0,7.075857117076095,0.0,10.363473888010327,0.0,3.1563161779243627,0.0,3.7065087986760754,0.0,0.7305145753339874,0.0,-1.859619754205656,0.0,0.971591900746071,0.0,""
"2026-09-29 13:38:49","git-master-bddc7a050319718b5e4e0856afec0bc9ea96418f","C:\Users\marco\Desktop\ds004507\derivatives\labels\sub-009\ses-headDown\anat\sub-009_ses-headDown_T2w_seg-manual.nii.gz","778","6","",56.23880091645589,0.0,-3.6261832417207787,0.0,16.656252346806212,0.0,6.904862442770599,0.0,7.054853828804124,0.0,10.31649827197411,0.0,3.170999773500618,0.0,3.7338626692699814,0.0,0.7273299508812715,0.0,3.006431607942629,0.0,0.9751024498694925,0.0,""
"2026-09-29 13:38:49","git-master-bddc7a050319718b5e4e0856afec0bc9ea96418f","C:\Users\marco\Desktop\ds004507\derivatives\labels\sub-009\ses-headDown\anat\sub-009_ses-headDown_T2w_seg-manual.nii.gz","779","6","",56.93917052077122,0.0,-2.9766409640482867,0.0,16.254229686031813,0.0,7.380501761221584,0.0,7.465628789948616,0.0,9.82394130477676,0.0,3.4471383010163645,0.0,3.9333634602052197,0.0,0.647881660857592,0.0,4.847793279399522,0.0,0.9709569535777282,0.0,""
"2026-09-29 13:38:49","git-master-bddc7a050319718b5e4e0856afec0bc9ea96418f","C:\Users\marco\Desktop\ds004507\derivatives\labels\sub-009\ses-headDown\anat\sub-009_ses-headDown_T2w_seg-manual.nii.gz","780","6","",57.7792439711824,0.0,-2.072160000208603,0.0,15.855936742654794,0.0,7.274659534860339,0.0,7.341030104203051,0.0,10.152056142302886,0.0,3.4934494738663786,0.0,3.78121006099396,0.0,0.6880846880486483,0.0,1.0856344595341714,0.0,0.9591867538396296,0.0,""
"2026-09-29 13:38:49","git-master-bddc7a050319718b5e4e0856afec0bc9ea96418f","C:\Users\marco\Desktop\ds004507\derivatives\labels\sub-009\ses-headDown\anat\sub-009_ses-headDown_T2w_seg-manual.nii.gz","781","6","",59.79260770928009,0.0,-0.9634429705585079,0.0,15.460711732892044,0.0,7.168680746160697,0.0,7.295472751220317,0.0,10.491676576570644,0.0,3.4882379658674383,0.0,3.6804427802932587,0.0,0.7185209728812526,0.0,0.05440528048411075,0.0,0.9586821086378313,0.0,""
"2026-09-29 13:38:49","git-master-bddc7a050319718b5e4e0856afec0bc9ea96418f","C:\Users\marco\Desktop\ds004507\derivatives\labels\sub-009\ses-headDown\anat\sub-009_ses-headDown_T2w_seg-manual.nii.gz","782","6","",60.720074092173874,0.0,0.34921482916364405,0.0,15.068611727120855,0.0,7.203025775196133,0.0,7.370217963674016,0.0,10.478736725791718,0.0,3.5181950724703963,0.0,3.6848307027257365,0.0,0.7080545101360729,0.0,0.8551219099525569,0.0,0.9605764342568016,0.0,""
"2026-09-29 13:38:49","git-master-bddc7a050319718b5e4e0856afec0bc9ea96418f","C:\Users\marco\Desktop\ds004507\derivatives\labels\sub-009\ses-headDown\anat\sub-009_ses-headDown_T2w_seg-manual.nii.gz","783","6","",56.05933257338402,0.0,1.8779202634424372,0.0,14.67989870803354,0.0,7.445152854542694,0.0,7.438524873513277,0.0,9.71009631833399,0.0,3.6849537435267607,0.0,3.7601991110159325,0.0,0.642100195791179,0.0,-0.9375946373062731,0.0,0.9422220206749682,0.0,""
"2026-09-29 13:38:49","git-master-bddc7a050319718b5e4e0856afec0bc9ea96418f","C:\Users\marco\Desktop\ds004507\derivatives\labels\sub-009\ses-headDown\anat\sub-009_ses-headDown_T2w_seg-manual.nii.gz","784","6","",58.96415772116677,0.0,3.6815289304511705,0.0,14.295702417417402,0.0,7.475507537102206,0.0,7.379957697596425,0.0,10.317125474374707,0.0,3.6848535408460616,0.0,3.790653996256144,0.0,0.6960289357057644,0.0,3.5375051867229077,0.0,0.9441561536304648,0.0,""
"2026-09-29 13:38:49","git-master-bddc7a050319718b5e4e0856afec0bc9ea96418f","C:\Users\marco\Desktop\ds004507\derivatives\labels\sub-009\ses-headDown\anat\sub-009_ses-headDown_T2w_seg-manual.nii.gz","785","6","",59.95247632856395,0.0,5.678348094053163,0.0,13.914878982427867,0.0,7.3599693955203564,0.0,7.251592618830302,0.0,10.553168562053582,0.0,3.638452549352463,0.0,3.721516846167893,0.0,0.726377227911007,0.0,2.6098548019460446,0.0,0.9519352492175168,0.0,""
"2026-09-29 13:38:49","git-master-bddc7a050319718b5e4e0856afec0bc9ea96418f","C:\Users\marco\Desktop\ds004507\derivatives\labels\sub-009\ses-headDown\anat\sub-009_ses-headDown_T2w_seg-manual.nii.gz","786","6","",60.325010772423255,0.0,5.902982433929921,0.0,13.537479499616266,0.0,7.273864048358441,0.0,7.236577810391446,0.0,10.57070253638495,0.0,3.582704490431005,0.0,3.691159557927437,0.0,0.7287450944404897,0.0,2.418025358149186,0.0,0.9567796377339104,0.0,""
"2026-09-29 13:38:49","git-master-bddc7a050319718b5e4e0856afec0bc9ea96418f","C:\Users\marco\Desktop\ds004507\derivatives\labels\sub-009\ses-headDown\anat\sub-009_ses-headDown_T2w_seg-manual.nii.gz","787","6","",61.81122935454336,0.0,2.1524707413113537,0.0,13.163554643194448,0.0,7.384792995018147,0.0,7.503661087695188,0.0,10.600113032226231,0.0,3.5571790384344335,0.0,3.8276139565837144,0.0,0.7060140754101851,0.0,8.902922967893955,0.0,0.9519229763539871,0.0,""
"2026-09-29 13:38:49","git-master-bddc7a050319718b5e4e0856afec0bc9ea96418f","C:\Users\marco\Desktop\ds004507\derivatives\labels\sub-009\ses-headDown\anat\sub-009_ses-headDown_T2w_seg-manual.nii.gz","788","6","",63.47088516928229,0.0,-11.972901995216251,0.0,12.79451963532217,0.0,7.618503901608302,0.0,7.89252382340848,0.0,10.366944859411335,0.0,3.730358990037901,0.0,3.888144911570402,0.0,0.6466472293246422,0.0,6.794880975108409,0.0,0.9630005152766378,0.0,""
"2026-09-29 13:38:49","git-master-bddc7a050319718b5e4e0856afec0bc9ea96418f","C:\Users\marco\Desktop\ds004507\derivatives\labels\sub-009\ses-headDown\anat\sub-009_ses-headDown_T2w_seg-manual.nii.gz","789","6","",64.84685263163787,0.0,-7.825398411165317,0.0,12.429352025493552,0.0,7.659416216241876,0.0,7.840234692117943,0.0,10.620648159542363,0.0,3.6825494031478527,0.0,3.9768668130940235,0.0,0.6719580455318331,0.0,2.1988583371971293,0.0,0.9653405070774388,0.0,""
"2026-09-29 13:38:49","git-master-bddc7a050319718b5e4e0856afec0bc9ea96418f","C:\Users\marco\Desktop\ds004507\derivatives\labels\sub-009\ses-headDown\anat\sub-009_ses-headDown_T2w_seg-manual.nii.gz","790","6","",63.84857325896769,0.0,5.198486641443923,0.0,12.067874458009964,0.0,7.6114175467127065,0.0,7.667718422327419,0.0,10.642350796564486,0.0,3.5872486671310395,0.0,4.0241688795816675,0.0,0.6927459091790612,0.0,2.4851368416674857,0.0,0.9680955855597494,0.0,""
"2026-09-29 13:38:49","git-master-bddc7a050319718b5e4e0856afec0bc9ea96418f","C:\Users\marco\Desktop\ds004507\derivatives\labels\sub-009\ses-headDown\anat\sub-009_ses-headDown_T2w_seg-manual.nii.gz","791","6","",60.699888175491424,0.0,18.42534580327606,0.0,11.710131414398136,0.0,7.542365109894879,0.0,7.559265981164783,0.0,10.26764712722061,0.0,3.524030818137327,0.0,4.018334291757552,0.0,0.6762500779671937,0.0,9.07213737881795,0.0,0.9737825755380002,0.0,""
"2026-09-29 13:38:49","git-master-bddc7a050319718b5e4e0856afec0bc9ea96418f","C:\Users\marco\Desktop\ds004507\derivatives\labels\sub-009\ses-headDown\anat\sub-009_ses-headDown_T2w_seg-manual.nii.gz","792","6","",62.92421831624106,0.0,11.970230338505342,0.0,11.357134517741363,0.0,7.5137792177155225,0.0,7.570468553686047,0.0,10.750161079626901,0.0,3.4103208416317745,0.0,4.103458376083748,0.0,0.7094092290509628,0.0,7.740381161829992,0.0,0.9686916095237791,0.0,""
"2026-09-29 13:38:49","git-master-bddc7a050319718b5e4e0856afec0bc9ea96418f","C:\Users\marco\Desktop\ds004507\derivatives\labels\sub-009\ses-headDown\anat\sub-009_ses-headDown_T2w_seg-manual.nii.gz","793","6","",61.86594511661453,0.0,7.412958148990635,0.0,11.008733592378919,0.0,7.29193656169951,0.0,7.463121886885619,0.0,10.765526592929056,0.0,3.3609673467274184,0.0,3.9309692149720914,0.0,0.7206991709404029,0.0,8.744982222570394,0.0,0.9710375809857814,0.0,""
"2026-09-29 13:38:49","git-master-bddc7a050319718b5e4e0856afec0bc9ea96418f","C:\Users\marco\Desktop\ds004507\derivatives\labels\sub-009\ses-headDown\anat\sub-009_ses-headDown_T2w_seg-manual.nii.gz","794","6","",62.6909561833683,0.0,4.618262066095658,0.0,10.664255441287121,0.0,7.263959855529794,0.0,7.4870806760850925,0.0,10.866420271407144,0.0,3.332225967423745,0.0,3.9317338881060495,0.0,0.7247333247620161,0.0,5.947073620870954,0.0,0.9580951065754314,0.0,""
"2026-09-29 13:38:49","git-master-bddc7a050319718b5e4e0856afec0bc9ea96418f","C:\Users\marco\Desktop\ds004507\derivatives\labels\sub-009\ses-headDown\anat\sub-009_ses-headDown_T2w_seg-manual.nii.gz","795","6","",65.26415389056245,0.0,3.388950097713661,0.0,10.322431888854906,0.0,7.455899536914218,0.0,7.6093692005486515,0.0,11.084006976684254,0.0,3.3575236927098007,0.0,4.0983758442044165,0.0,0.7271004225426095,0.0,0.6971851192198683,0.0,0.9411120091078684,0.0,""
"2026-09-29 13:38:49","git-master-bddc7a050319718b5e4e0856afec0bc9ea96418f","C:\Users\marco\Desktop\ds004507\derivatives\labels\sub-009\ses-headDown\anat\sub-009_ses-headDown_T2w_seg-manual.nii.gz","796","6","",65.63543994570985,0.0,3.2970214335953445,0.0,9.98041272708747,0.0,7.665517985177386,0.0,7.569976243002918,0.0,11.114900401979655,0.0,3.5540530318332477,0.0,4.111464953344138,0.0,0.732216873864353,0.0,0.7916043409531287,0.0,0.9652012544702676,0.0,""
"2026-09-29 13:38:49","git-master-bddc7a050319718b5e4e0856afec0bc9ea96418f","C:\Users\marco\Desktop\ds004507\derivatives\labels\sub-009\ses-headDown\anat\sub-009_ses-headDown_T2w_seg-manual.nii.gz","797","6","",58.00545053002482,0.0,3.417412090057457,0.0,9.632702951156865,0.0,6.862094481460017,0.0,6.933942612989767,0.0,10.741227344024814,0.0,3.19130393523399,0.0,3.670790546226027,0.0,0.7635509513908616,0.0,3.1854478982338987,0.0,0.9695932579387314,0.0,""
"2026-09-29 13:38:49","git-master-bddc7a050319718b5e4e0856afec0bc9ea96418f","C:\Users\marco\Desktop\ds004507\derivatives\labels\sub-009\ses-headDown\anat\sub-009_ses-headDown_T2w_seg-manual.nii.gz","798","6","",57.44909337636843,0.0,3.699400416888351,0.0,9.280655542875435,0.0,6.804955168383794,0.0,6.9973420335787555,0.0,10.701256202209464,0.0,3.1269928168987557,0.0,3.6779623514850375,0.0,0.7561132389381073,0.0,2.0759559944153954,0.0,0.9723232657136814,0.0,""
"2026-09-29 13:38:49","git-master-bddc7a050319718b5e4e0856afec0bc9ea96418f","C:\Users\marco\Desktop\ds004507\derivatives\labels\sub-009\ses-headDown\anat\sub-009_ses-headDown_T2w_seg-manual.nii.gz","799","6","",60.044577509157556,0.0,4.142702836944291,0.0,8.924270416196757,0.0,7.150011612500746,0.0,7.358894587797231,0.0,10.729171605028652,0.0,3.273955838946813,0.0,3.876055773553933,0.0,0.7274282640475264,0.0,-2.130480982431949,0.0,0.9752756833879983,0.0,""
"2026-09-29 13:38:49","git-master-bddc7a050319718b5e4e0856afec0bc9ea96418f","C:\Users\marco\Desktop\ds004507\derivatives\labels\sub-009\ses-headDown\anat\sub-009_ses-headDown_T2w_seg-manual.nii.gz","800","6","",58.330649647517774,0.0,4.746985871024811,0.0,8.56354781430392,0.0,7.176024989157776,0.0,7.290706754212808,0.0,10.365303025524698,0.0,3.387043700938726,0.0,3.7889812882190506,0.0,0.7108178502535086,0.0,-7.9461059964638405,0.0,0.978422117329737,0.0,""
"2026-09-29 13:38:49","git-master-bddc7a050319718b5e4e0856afec0bc9ea96418f","C:\Users\marco\Desktop\ds004507\derivatives\labels\sub-009\ses-headDown\anat\sub-009_ses-headDown_T2w_seg-manual.nii.gz","801","5","",57.13525418678364,0.0,0.9062958243145587,0.0,8.084913345374634,0.0,6.802033734154842,0.0,6.953880626232925,0.0,10.50886920630656,0.0,3.222879035063592,0.0,3.5791546990912497,0.0,0.7497551099459645,0.0,6.750021037471575,0.0,0.9436196830692244,0.0,""
"2026-09-29 13:38:49","git-master-bddc7a050319718b5e4e0856afec0bc9ea96418f","C:\Users\marco\Desktop\ds004507\derivatives\labels\sub-009\ses-headDown\anat\sub-009_ses-headDown_T2w_seg-manual.nii.gz","802","5","",55.468267336642356,0.0,-10.687262206176634,0.0,7.659007412357692,0.0,6.629067574440155,0.0,6.798398663343492,0.0,10.546794625102798,0.0,3.03052561379466,0.0,3.5985419606454956,0.0,0.7644702099448719,0.0,2.641326044494118,0.0,0.9768385680181962,0.0,""
"2026-09-29 13:38:49","git-master-bddc7a050319718b5e4e0856afec0bc9ea96418f","C:\Users\marco\Desktop\ds004507\derivatives\labels\sub-009\ses-headDown\anat\sub-009_ses-headDown_T2w_seg-manual.nii.gz","803","5","",52.05473768444927,0.0,-9.406759063807076,0.0,7.22702813107373,0.0,6.594638727165969,0.0,6.8196852211771875,0.0,9.864549860117396,0.0,3.009799408765457,0.0,3.584839318400512,0.0,0.7203352222826653,0.0,0.7560196286871654,0.0,0.9868204493573778,0.0,""
"2026-09-29 13:38:49","git-master-bddc7a050319718b5e4e0856afec0bc9ea96418f","C:\Users\marco\Desktop\ds004507\derivatives\labels\sub-009\ses-headDown\anat\sub-009_ses-headDown_T2w_seg-manual.nii.gz","804","5","",54.95648740436726,0.0,2.55712636473031,0.0,6.793873742246722,0.0,6.890165161847754,0.0,7.115621326055157,0.0,9.97862767775553,0.0,3.0777167457550925,0.0,3.812448416092662,0.0,0.7011425571405343,0.0,-0.24594242673975736,0.0,0.981664837241468,0.0,""
"2026-09-29 13:38:49","git-master-bddc7a050319718b5e4e0856afec0bc9ea96418f","C:\Users\marco\Desktop\ds004507\derivatives\labels\sub-009\ses-headDown\anat\sub-009_ses-headDown_T2w_seg-manual.nii.gz","805","5","",59.97777735249597,0.0,9.376909762328783,0.0,6.364476041789301,0.0,7.372550334522548,0.0,7.5218663164299855,0.0,10.246274221247639,0.0,3.3605429738378403,0.0,4.0120073606847075,0.0,0.6785934177406445,0.0,0.23315387627342765,0.0,0.9824038127312218,0.0,""
"2026-09-29 13:38:49","git-master-bddc7a050319718b5e4e0856afec0bc9ea96418f","C:\Users\marco\Desktop\ds004507\derivatives\labels\sub-009\ses-headDown\anat\sub-009_ses-headDown_T2w_seg-manual.nii.gz","806","5","",60.89186289982594,0.0,7.57653082888203,0.0,5.940855007531725,0.0,7.652720477600791,0.0,7.690450406771998,0.0,10.108958771051471,0.0,3.6409860858403893,0.0,4.011734391760402,0.0,0.6485077678253576,0.0,-1.9606344891399732,0.0,0.9754421512462849,0.0,""
"2026-09-29 13:38:49","git-master-bddc7a050319718b5e4e0856afec0bc9ea96418f","C:\Users\marco\Desktop\ds004507\derivatives\labels\sub-009\ses-headDown\anat\sub-009_ses-headDown_T2w_seg-manual.nii.gz","807","5","",58.65254478052248,0.0,4.150211654624496,0.0,5.5230820067619755,0.0,7.606639919963363,0.0,7.547328409010691,0.0,9.92524879826201,0.0,3.718044899751217,0.0,3.8885950202121458,0.0,0.6477121632871122,0.0,-5.350969753609695,0.0,0.9549827185459673,0.0,""
"2026-09-29 13:38:49","git-master-bddc7a050319718b5e4e0856afec0bc9ea96418f","C:\Users\marco\Desktop\ds004507\derivatives\labels\sub-009\ses-headDown\anat\sub-009_ses-headDown_T2w_seg-manual.nii.gz","808","5","",60.75994654858089,0.0,4.22463122006723,0.0,5.111224812628077,0.0,7.540352558994463,0.0,7.468747541372456,0.0,10.380173403518553,0.0,3.7361828597756546,0.0,3.804169699218808,0.0,0.6944701468257746,0.0,-0.6190234176289139,0.0,0.9570392674714839,0.0,""
"2026-09-29 13:38:49","git-master-bddc7a050319718b5e4e0856afec0bc9ea96418f","C:\Users\marco\Desktop\ds004507\derivatives\labels\sub-009\ses-headDown\anat\sub-009_ses-headDown_T2w_seg-manual.nii.gz","809","5","",61.949750235894356,0.0,5.677103223198733,0.0,4.705347657453715,0.0,7.240597606241023,0.0,7.5162822544557475,0.0,10.458158233898248,0.0,3.5404985157302202,0.0,3.7000990905108027,0.0,0.6953199045102635,0.0,-1.8020751531236658,0.0,0.9866387636831938,0.0,""
"2026-09-29 13:38:49","git-master-bddc7a050319718b5e4e0856afec0bc9ea96418f","C:\Users\marco\Desktop\ds004507\derivatives\labels\sub-009\ses-headDown\anat\sub-009_ses-headDown_T2w_seg-manual.nii.gz","810","5","",65.42117425416235,0.0,5.726032119652898,0.0,4.306531081482217,0.0,7.554835408354392,0.0,7.7073268182143355,0.0,10.852531779407466,0.0,3.5083568723882275,0.0,4.046478535966164,0.0,0.7039539033467028,0.0,-1.1035084180790173,0.0,0.9818725779310583,0.0,""
"2026-09-29 13:38:49","git-master-bddc7a050319718b5e4e0856afec0bc9ea96418f","C:\Users\marco\Desktop\ds004507\derivatives\labels\sub-009\ses-headDown\anat\sub-009_ses-headDown_T2w_seg-manual.nii.gz","811","5","",69.85408644925103,0.0,4.57252967465563,0.0,3.9138332531662052,0.0,7.8009635070354815,0.0,8.057179362199351,0.0,11.062041095315013,0.0,3.708614346946005,0.0,4.0923491600894755,0.0,0.6850977772912288,0.0,3.142644737093984,0.0,0.9801422142204849,0.0,""
"2026-09-29 13:38:49","git-master-bddc7a050319718b5e4e0856afec0bc9ea96418f","C:\Users\marco\Desktop\ds004507\derivatives\labels\sub-009\ses-headDown\anat\sub-009_ses-headDown_T2w_seg-manual.nii.gz","812","5","",67.44608952776002,0.0,2.896682969053087,0.0,3.545277491945045,0.0,7.482471840114304,0.0,7.763180502794505,0.0,11.151217671025247,0.0,3.544739021227488,0.0,3.9377328188868153,0.0,0.7165697726018926,0.0,1.2719777303594517,0.0,0.9795963514401638,0.0,""
"2026-09-29 13:38:49","git-master-bddc7a050319718b5e4e0856afec0bc9ea96418f","C:\Users\marco\Desktop\ds004507\derivatives\labels\sub-009\ses-headDown\anat\sub-009_ses-headDown_T2w_seg-manual.nii.gz","813","5","",66.49949186887206,0.0,1.387217570634967,0.0,3.2189272340324764,0.0,7.560261101787666,0.0,7.759734873438053,0.0,11.035638646598262,0.0,3.626024231212598,0.0,3.934236870575068,0.0,0.7093763706656071,0.0,-2.17181040343656,0.0,0.9715020671315622,0.0,""
"2026-09-29 13:38:49","git-master-bddc7a050319718b5e4e0856afec0bc9ea96418f","C:\Users\marco\Desktop\ds004507\derivatives\labels\sub-009\ses-headDown\anat\sub-009_ses-headDown_T2w_seg-manual.nii.gz","814","5","",68.60848878770557,0.0,0.3222237891090679,0.0,2.9420720690518056,0.0,7.8644085867840525,0.0,8.022515829142879,0.0,10.970211974917103,0.0,3.7787678991718576,0.0,4.0856406876121945,0.0,0.6820086117767796,0.0,-2.2840598256322764,0.0,0.9645400926445874,0.0,""
"2026-09-29 13:38:49","git-master-bddc7a050319718b5e4e0856afec0bc9ea96418f","C:\Users\marco\Desktop\ds004507\derivatives\labels\sub-009\ses-headDown\anat\sub-009_ses-headDown_T2w_seg-manual.nii.gz","815","5","",69.98323679099141,0.0,-0.2963376080825171,0.0,2.7148002983426442,0.0,7.86456216585557,0.0,8.044098993709776,0.0,11.11178359009976,0.0,3.6730593341498317,0.0,4.191502831705739,0.0,0.6898163618969346,0.0,-1.4215233743120375,0.0,0.9659581519053795,0.0,""
"2026-09-29 13:38:49","git-master-bddc7a050319718b5e4e0856afec0bc9ea96418f","C:\Users\marco\Desktop\ds004507\derivatives\labels\sub-009\ses-headDown\anat\sub-009_ses-headDown_T2w_seg-manual.nii.gz","816","5","",69.98833644832185,0.0,-0.46801849100820797,0.0,2.537177521122793,0.0,7.9483524186522105,0.0,8.034660307796452,0.0,11.098879803447323,0.0,3.7574221873422022,0.0,4.190930231310008,0.0,0.6882710144026188,0.0,-5.238589787986842,0.0,0.9645234652000737,0.0,""
"2026-09-29 13:38:49","git-master-bddc7a050319718b5e4e0856afec0bc9ea96418f","C:\Users\marco\Desktop\ds004507\derivatives\labels\sub-009\ses-headDown\anat\sub-009_ses-headDown_T2w_seg-manual.nii.gz","817","5","",69.97323950222112,0.0,-0.19282354545539943,0.0,2.409250754688897,0.0,8.357212950033734,0.0,8.40137423600485,0.0,10.591398148219673,0.0,4.193562248911343,0.0,4.163650701122392,0.0,0.6089271188288712,0.0,-1.7759777480166394,0.0,0.9602154993783671,0.0,""
"2026-09-29 13:38:49","git-master-bddc7a050319718b5e4e0856afec0bc9ea96418f","C:\Users\marco\Desktop\ds004507\derivatives\labels\sub-009\ses-headDown\anat\sub-009_ses-headDown_T2w_seg-manual.nii.gz","818","5","",67.14078234936326,0.0,0.6037255804596984,0.0,2.339343351427067,0.0,7.898071357720497,0.0,7.853416735835804,0.0,10.890676240629501,0.0,3.7651201984479643,0.0,4.132951159272532,0.0,0.6912900711114927,0.0,1.7778933158486119,0.0,0.9583154212185923,0.0,""
"2026-09-29 13:38:49","git-master-bddc7a050319718b5e4e0856afec0bc9ea96418f","C:\Users\marco\Desktop\ds004507\derivatives\labels\sub-009\ses-headDown\anat\sub-009_ses-headDown_T2w_seg-manual.nii.gz","819","5","",68.60565335379499,0.0,1.846389078860366,0.0,2.3191845239225635,0.0,7.864924897800713,0.0,7.967909904563381,0.0,10.96547828317708,0.0,3.787990708765056,0.0,4.076934189035657,0.0,0.6869173649394552,0.0,3.5111579508921293,0.0,0.9650280911913919,0.0,""
"2026-09-29 13:38:49","git-master-bddc7a050319718b5e4e0856afec0bc9ea96418f","C:\Users\marco\Desktop\ds004507\derivatives\labels\sub-009\ses-headDown\anat\sub-009_ses-headDown_T2w_seg-manual.nii.gz","820","5","",68.94165010846717,0.0,3.165540978582895,0.0,2.348776695371517,0.0,7.849558575915969,0.0,7.907638046415773,0.0,11.111198088098204,0.0,3.8041320632201803,0.0,4.045426512695789,0.0,0.702005348238745,0.0,0.22936343175313478,0.0,0.9680972187338067,0.0,""
"2026-09-29 13:38:49","git-master-bddc7a050319718b5e4e0856afec0bc9ea96418f","C:\Users\marco\Desktop\ds004507\derivatives\labels\sub-009\ses-headDown\anat\sub-009_ses-headDown_T2w_seg-manual.nii.gz","821","5","",70.17114468314337,0.0,4.193712609052386,0.0,2.428112703319207,0.0,7.831438106193856,0.0,7.876432143337002,0.0,11.347508925508436,0.0,3.742659548549064,0.0,4.088778557644792,0.0,0.7197500703712446,0.0,-1.2376661618528186,0.0,0.9732622673315418,0.0,""
"2026-09-29 13:38:49","git-master-bddc7a050319718b5e4e0856afec0bc9ea96418f","C:\Users\marco\Desktop\ds004507\derivatives\labels\sub-009\ses-headDown\anat\sub-009_ses-headDown_T2w_seg-manual.nii.gz","822","5","",71.95092862897401,0.0,4.7853917352879165,0.0,2.557175008678192,0.0,8.044173946282449,0.0,8.085761830642669,0.0,11.335209424358515,0.0,3.83738720795507,0.0,4.206786738327379,0.0,0.6985716574970853,0.0,1.124561600010469,0.0,0.9741196782935249,0.0,""
"2026-09-29 13:38:49","git-master-bddc7a050319718b5e4e0856afec0bc9ea96418f","C:\Users\marco\Desktop\ds004507\derivatives\labels\sub-009\ses-headDown\anat\sub-009_ses-headDown_T2w_seg-manual.nii.gz","823","5","",71.77087285511392,0.0,4.942246835055125,0.0,2.73593424413987,0.0,8.381272910951294,0.0,8.334626728894127,0.0,10.978430129461223,0.0,4.074773443606669,0.0,4.306499467344626,0.0,0.6507608880484099,0.0,3.1588285413995116,0.0,0.965439611229254,0.0,""
"2026-09-29 13:38:49","git-master-bddc7a050319718b5e4e0856afec0bc9ea96418f","C:\Users\marco\Desktop\ds004507\derivatives\labels\sub-009\ses-headDown\anat\sub-009_ses-headDown_T2w_seg-manual.nii.gz","824","5","",69.0346688408164,0.0,4.6649541229819205,0.0,2.964347104819745,0.0,8.235076010989813,0.0,8.187112493224634,0.0,10.797442142245606,0.0,3.9786379349459375,0.0,4.256438076043875,0.0,0.6505913911689369,0.0,0.30741234687920693,0.0,0.9594808551225947,0.0,""
"2026-09-29 13:38:49","git-master-bddc7a050319718b5e4e0856afec0bc9ea96418f","C:\Users\marco\Desktop\ds004507\derivatives\labels\sub-009\ses-headDown\anat\sub-009_ses-headDown_T2w_seg-manual.nii.gz","825","5","",66.89191764643688,0.0,3.9528049264529925,0.0,3.2423535839766524,0.0,7.662781164133981,0.0,7.7319769413510775,0.0,11.15730927289465,0.0,3.5380173392110565,0.0,4.124763824922924,0.0,0.7209408909737187,0.0,-5.84476562586758,0.0,0.9648465638956922,0.0,""
"2026-09-29 13:38:49","git-master-bddc7a050319718b5e4e0856afec0bc9ea96418f","C:\Users\marco\Desktop\ds004507\derivatives\labels\sub-009\ses-headDown\anat\sub-009_ses-headDown_T2w_seg-manual.nii.gz","826","5","",64.73308776979339,0.0,2.730528742665032,0.0,3.578097340632025,0.0,7.6946748184052485,0.0,7.657456999724312,0.0,10.832854700554098,0.0,3.585277600922677,0.0,4.109397217482571,0.0,0.7072419061209998,0.0,-4.791599179595199,0.0,0.9634667267040321,0.0,""
"2026-09-29 13:38:49","git-master-bddc7a050319718b5e4e0856afec0bc9ea96418f","C:\Users\marco\Desktop\ds004507\derivatives\labels\sub-009\ses-headDown\anat\sub-009_ses-headDown_T2w_seg-manual.nii.gz","827","5","",66.61753152384101,0.0,1.068937968378238,0.0,3.963183806599701,0.0,7.542159388953846,0.0,7.523553871629089,0.0,11.406041319703665,0.0,3.6457849084274794,0.0,3.8963744805263665,0.0,0.7498736733596668,0.0,-8.616692559354822,0.0,0.9651772930651058,0.0,""
"2026-09-29 13:38:49","git-master-bddc7a050319718b5e4e0856afec0bc9ea96418f","C:\Users\marco\Desktop\ds004507\derivatives\labels\sub-009\ses-headDown\anat\sub-009_ses-headDown_T2w_seg-manual.nii.gz","828","5","",67.0439400180378,0.0,2.064254379747427,0.0,4.352486244832004,0.0,7.476726811441122,0.0,7.5082206306310315,0.0,11.45457535763019,0.0,3.6024740083652125,0.0,3.874252803075909,0.0,0.7550463412343168,0.0,-4.27094014534368,0.0,0.9661593599673921,0.0,""
"2026-09-29 13:38:49","git-master-bddc7a050319718b5e4e0856afec0bc9ea96418f","C:\Users\marco\Desktop\ds004507\derivatives\labels\sub-009\ses-headDown\anat\sub-009_ses-headDown_T2w_seg-manual.nii.gz","829","5","",65.86619459207192,0.0,8.66366855896372,0.0,4.701033033995299,0.0,7.466409055294766,0.0,7.521766644197435,0.0,11.23856306289291,0.0,3.5875946577440794,0.0,3.8788143975506864,0.0,0.7428794589018686,0.0,1.005838502479669,0.0,0.9717873050432994,0.0,""
"2026-09-29 13:38:49","git-master-bddc7a050319718b5e4e0856afec0bc9ea96418f","C:\Users\marco\Desktop\ds004507\derivatives\labels\sub-009\ses-headDown\anat\sub-009_ses-headDown_T2w_seg-manual.nii.gz","830","5","",66.51037104736199,0.0,16.758202679259476,0.0,4.99093108013838,0.0,7.685237259080355,0.0,7.725029773067258,0.0,11.053324528707492,0.0,3.705411907076613,0.0,3.9798253520037425,0.0,0.713814868651515,0.0,1.2756794159826184,0.0,0.9705661694950984,0.0,""
"2026-09-29 13:38:49","git-master-bddc7a050319718b5e4e0856afec0bc9ea96418f","C:\Users\marco\Desktop\ds004507\derivatives\labels\sub-009\ses-headDown\anat\sub-009_ses-headDown_T2w_seg-manual.nii.gz","831","5","",69.1000891000247,0.0,18.02999754425748,0.0,5.222307850607873,0.0,8.051881091924491,0.0,8.066348363656623,0.0,10.916170397338348,0.0,3.8819076687327425,0.0,4.169973423191748,0.0,0.6737373401904696,0.0,-1.4479270949755874,0.0,0.9602443659565852,0.0,""
"2026-09-29 13:38:49","git-master-bddc7a050319718b5e4e0856afec0bc9ea96418f","C:\Users\marco\Desktop\ds004507\derivatives\labels\sub-009\ses-headDown\anat\sub-009_ses-headDown_T2w_seg-manual.nii.gz","832","5","",69.10455440205172,0.0,7.841460568021237,0.0,5.395276976247006,0.0,8.026111119962987,0.0,8.067950373958851,0.0,10.900100089380645,0.0,3.918315389104985,0.0,4.107795730858001,0.0,0.6719379492190611,0.0,-2.2659490293881586,0.0,0.9630470423682855,0.0,""
"2026-09-29 13:38:49","git-master-bddc7a050319718b5e4e0856afec0bc9ea96418f","C:\Users\marco\Desktop\ds004507\derivatives\labels\sub-009\ses-headDown\anat\sub-009_ses-headDown_T2w_seg-manual.nii.gz","833","5","",72.12364047743665,0.0,-6.546288617836725,0.0,5.509932367914128,0.0,7.8917269567875366,0.0,8.092376973397988,0.0,11.427380201813461,0.0,3.8253196431806913,0.0,4.066407313606845,0.0,0.7060552028187335,0.0,-6.9495657425437845,0.0,0.9669754329440193,0.0,""
"2026-09-29 13:38:49","git-master-bddc7a050319718b5e4e0856afec0bc9ea96418f","C:\Users\marco\Desktop\ds004507\derivatives\labels\sub-009\ses-headDown\anat\sub-009_ses-headDown_T2w_seg-manual.nii.gz","834","4","",70.19858610508167,0.0,-13.888666527804691,0.0,5.563314952785311,0.0,7.948786810885847,0.0,7.978605473847326,0.0,11.329142064051686,0.0,3.901869304609005,0.0,4.046917506276841,0.0,0.7099470608014941,0.0,-2.8257188543749785,0.0,0.9571603427172583,0.0,""
"2026-09-29 13:38:49","git-master-bddc7a050319718b5e4e0856afec0bc9ea96418f","C:\Users\marco\Desktop\ds004507\derivatives\labels\sub-009\ses-headDown\anat\sub-009_ses-headDown_T2w_seg-manual.nii.gz","835","4","",70.19953539769348,0.0,-12.866641017101538,0.0,5.544471043703619,0.0,7.881484453138663,0.0,7.931314380379247,0.0,11.379150303706941,0.0,3.9138566065361604,0.0,3.967627846602502,0.0,0.7170378395700303,0.0,-4.700614133368365,0.0,0.9630830245024706,0.0,""
"2026-09-29 13:38:49","git-master-bddc7a050319718b5e4e0856afec0bc9ea96418f","C:\Users\marco\Desktop\ds004507\derivatives\labels\sub-009\ses-headDown\anat\sub-009_ses-headDown_T2w_seg-manual.nii.gz","836","4","",73.80633844120138,0.0,-9.585539636373138,0.0,5.482499652961213,0.0,7.858858685530697,0.0,8.013117718730992,0.0,11.839906188089406,0.0,3.816116974930939,0.0,4.042741710599758,0.0,0.7353743975640396,0.0,-5.666687714158881,0.0,0.9692740715418477,0.0,""
"2026-09-29 13:38:49","git-master-bddc7a050319718b5e4e0856afec0bc9ea96418f","C:\Users\marco\Desktop\ds004507\derivatives\labels\sub-009\ses-headDown\anat\sub-009_ses-headDown_T2w_seg-manual.nii.gz","837","4","",76.4008317695332,0.0,-5.575859691797932,0.0,5.3773746539288725,0.0,7.864352470908572,0.0,8.066627983684606,0.0,12.174558805291666,0.0,3.741430469080324,0.0,4.122922001828248,0.0,0.7489916317169926,0.0,-5.014833768954926,0.0,0.9695713330592031,0.0,""
"2026-09-29 13:38:49","git-master-bddc7a050319718b5e4e0856afec0bc9ea96418f","C:\Users\marco\Desktop\ds004507\derivatives\labels\sub-009\ses-headDown\anat\sub-009_ses-headDown_T2w_seg-manual.nii.gz","838","4","",75.42376619941163,0.0,-1.8686332642994443,0.0,5.229063930382758,0.0,7.871424966755882,0.0,8.010860136841954,0.0,12.079257871183586,0.0,3.748742195001081,0.0,4.122682771754801,0.0,0.7483543735551234,0.0,-3.3810060534476327,0.0,0.9634167482435785,0.0,""
"2026-09-29 13:38:49","git-master-bddc7a050319718b5e4e0856afec0bc9ea96418f","C:\Users\marco\Desktop\ds004507\derivatives\labels\sub-009\ses-headDown\anat\sub-009_ses-headDown_T2w_seg-manual.nii.gz","839","4","",72.65455696284592,0.0,1.4242863340450458,0.0,5.028859784759198,0.0,7.805978389978573,0.0,7.938870388230201,0.0,11.727454229782172,0.0,3.7124921182096204,0.0,4.093486271768952,0.0,0.7359312457542864,0.0,-5.890526489826926,0.0,0.9665601384195766,0.0,""
"2026-09-29 13:38:49","git-master-bddc7a050319718b5e4e0856afec0bc9ea96418f","C:\Users\marco\Desktop\ds004507\derivatives\labels\sub-009\ses-headDown\anat\sub-009_ses-headDown_T2w_seg-manual.nii.gz","840","4","",73.29006360533634,0.0,4.270467200209267,0.0,4.776644560554185,0.0,7.82262399615666,0.0,7.935628354604358,0.0,11.806457239903564,0.0,3.66720395473537,0.0,4.155420041421291,0.0,0.7403589023650394,0.0,-4.846647437924104,0.0,0.9713306700657897,0.0,""
"2026-09-29 13:38:49","git-master-bddc7a050319718b5e4e0856afec0bc9ea96418f","C:\Users\marco\Desktop\ds004507\derivatives\labels\sub-009\ses-headDown\anat\sub-009_ses-headDown_T2w_seg-manual.nii.gz","841","4","",74.49842722630098,0.0,6.375041817576772,0.0,4.480994927013522,0.0,7.799632054485292,0.0,7.952767162998481,0.0,11.977263158715424,0.0,3.6335124925498006,0.0,4.166119561935492,0.0,0.7476624529048987,0.0,-4.666831973039168,0.0,0.9768674357658446,0.0,""
"2026-09-29 13:38:49","git-master-bddc7a050319718b5e4e0856afec0bc9ea96418f","C:\Users\marco\Desktop\ds004507\derivatives\labels\sub-009\ses-headDown\anat\sub-009_ses-headDown_T2w_seg-manual.nii.gz","842","4","",75.85567506409656,0.0,7.469685898165603,0.0,4.14183940433877,0.0,7.866164829252585,0.0,8.06928132332603,0.0,12.033628045560711,0.0,3.6752538186734074,0.0,4.190911010579177,0.0,0.7408741783657866,0.0,-5.6567962140261985,0.0,0.9807672226661382,0.0,""
"2026-09-29 13:38:49","git-master-bddc7a050319718b5e4e0856afec0bc9ea96418f","C:\Users\marco\Desktop\ds004507\derivatives\labels\sub-009\ses-headDown\anat\sub-009_ses-headDown_T2w_seg-manual.nii.gz","843","4","",77.57500032153541,0.0,7.290409499495257,0.0,3.759105214276444,0.0,8.256483604507824,0.0,8.417503445632798,0.0,11.76638697729581,0.0,3.881008898565309,0.0,4.375474705942516,0.0,0.698729910140793,0.0,-6.840653153946443,0.0,0.9796463554255184,0.0,""
"2026-09-29 13:38:49","git-master-bddc7a050319718b5e4e0856afec0bc9ea96418f","C:\Users\marco\Desktop\ds004507\derivatives\labels\sub-009\ses-headDown\anat\sub-009_ses-headDown_T2w_seg-manual.nii.gz","844","4","",78.71746864411264,0.0,5.322902317709405,0.0,3.3151999055885444,0.0,8.355677047292975,0.0,8.555531406861126,0.0,11.829516987534669,0.0,3.919378465722613,0.0,4.4362985815703615,0.0,0.690587153734608,0.0,-4.6297023364772105,0.0,0.9647328937081708,0.0,""
"2026-09-29 13:38:49","git-master-bddc7a050319718b5e4e0856afec0bc9ea96418f","C:\Users\marco\Desktop\ds004507\derivatives\labels\sub-009\ses-headDown\anat\sub-009_ses-headDown_T2w_seg-manual.nii.gz","845","4","",77.81180605901076,0.0,2.9222651571567724,0.0,2.860841042340506,0.0,8.322960778942285,0.0,8.50184352905968,0.0,11.740860523055817,0.0,3.915981881409083,0.0,4.406978897533202,0.0,0.6896774610574912,0.0,-5.7295964270221145,0.0,0.9644744640640474,0.0,""
"2026-09-29 13:38:49","git-master-bddc7a050319718b5e4e0856afec0bc9ea96418f","C:\Users\marco\Desktop\ds004507\derivatives\labels\sub-009\ses-headDown\anat\sub-009_ses-headDown_T2w_seg-manual.nii.gz","846","4","",77.5649502141272,0.0,0.6117900930395124,0.0,2.416066455697255,0.0,8.281928973841763,0.0,8.44659404593226,0.0,11.758176096603624,0.0,3.8792270280196175,0.0,4.4027019458221455,0.0,0.6955271361872744,0.0,-6.210325087451149,0.0,0.9692744204306981,0.0,""
"2026-09-29 13:38:49","git-master-bddc7a050319718b5e4e0856afec0bc9ea96418f","C:\Users\marco\Desktop\ds004507\derivatives\labels\sub-009\ses-headDown\anat\sub-009_ses-headDown_T2w_seg-manual.nii.gz","847","4","",79.11346065062048,0.0,-1.2583416687905307,0.0,1.9942567248293832,0.0,8.307920902303817,0.0,8.502746310548138,0.0,11.969727422320217,0.0,3.832786415539858,0.0,4.475134486763958,0.0,0.7038348902896757,0.0,-4.5718269456329805,0.0,0.9719396671756019,0.0,""
"2026-09-29 13:38:49","git-master-bddc7a050319718b5e4e0856afec0bc9ea96418f","C:\Users\marco\Desktop\ds004507\derivatives\labels\sub-009\ses-headDown\anat\sub-009_ses-headDown_T2w_seg-manual.nii.gz","848","4","",79.60969594905545,0.0,-2.593726320433963,0.0,1.6001105411830365,0.0,8.38046845050528,0.0,8.626311219336344,0.0,12.013200237739554,0.0,3.861445716419158,0.0,4.519022734086121,0.0,0.695961979705604,0.0,-5.765995136903927,0.0,0.968225670738148,0.0,""
"2026-09-29 13:38:49","git-master-bddc7a050319718b5e4e0856afec0bc9ea96418f","C:\Users\marco\Desktop\ds004507\derivatives\labels\sub-009\ses-headDown\anat\sub-009_ses-headDown_T2w_seg-manual.nii.gz","849","4","",77.97195413389959,0.0,-3.3948634569422564,0.0,1.2337275913196788,0.0,8.331702122243644,0.0,8.577728502787147,0.0,11.766930147251362,0.0,3.885429991011078,0.0,4.446272131232567,0.0,0.6843574022031208,0.0,-7.020937824454705,0.0,0.9672179413403794,0.0,""
"2026-09-29 13:38:49","git-master-bddc7a050319718b5e4e0856afec0bc9ea96418f","C:\Users\marco\Desktop\ds004507\derivatives\labels\sub-009\ses-headDown\anat\sub-009_ses-headDown_T2w_seg-manual.nii.gz","850","4","",74.70305514743356,0.0,-3.7522777461933567,0.0,0.890528945219385,0.0,8.262462774277262,0.0,8.471522143802893,0.0,11.350440712191316,0.0,3.9832062049538677,0.0,4.279256569323394,0.0,0.6647379591005282,0.0,-10.881074727574456,0.0,0.9691390294310783,0.0,""
"2026-09-29 13:38:49","git-master-bddc7a050319718b5e4e0856afec0bc9ea96418f","C:\Users\marco\Desktop\ds004507\derivatives\labels\sub-009\ses-headDown\anat\sub-009_ses-headDown_T2w_seg-manual.nii.gz","851","4","",72.18058397610153,0.0,-3.666468009540362,0.0,0.570543332262937,0.0,8.193645503068321,0.0,8.334382155475677,0.0,11.136660883615377,0.0,4.058417805088852,0.0,4.135227697979468,0.0,0.6614866157535498,0.0,-14.059553290488562,0.0,0.9666416527032503,0.0,""
"2026-09-29 13:38:49","git-master-bddc7a050319718b5e4e0856afec0bc9ea96418f","C:\Users\marco\Desktop\ds004507\derivatives\labels\sub-009\ses-headDown\anat\sub-009_ses-headDown_T2w_seg-manual.nii.gz","852","4","",73.91573419081392,0.0,-3.137626198254639,0.0,0.2737957431675431,0.0,8.126359749304664,0.0,8.174156290438843,0.0,11.658271684225829,0.0,3.937397038706631,0.0,4.188962710598033,0.0,0.7130172488838092,0.0,-10.668138878784111,0.0,0.94845228958813,0.0,""
"2026-09-29 13:38:49","git-master-bddc7a050319718b5e4e0856afec0bc9ea96418f","C:\Users\marco\Desktop\ds004507\derivatives\labels\sub-009\ses-headDown\anat\sub-009_ses-headDown_T2w_seg-manual.nii.gz","853","4","",75.95330171230056,0.0,-1.9863090310586193,0.0,0.009618728662552034,0.0,8.215744500251658,0.0,8.351411984584507,0.0,11.735260516931845,0.0,3.910212804682909,0.0,4.305531695568748,0.0,0.7025080826595227,0.0,-7.61132521410083,0.0,0.9570488902496807,0.0,""
"2026-09-29 13:38:49","git-master-bddc7a050319718b5e4e0856afec0bc9ea96418f","C:\Users\marco\Desktop\ds004507\derivatives\labels\sub-009\ses-headDown\anat\sub-009_ses-headDown_T2w_seg-manual.nii.gz","854","4","",76.35060303698766,0.0,-0.7273948222841562,0.0,-0.23127852285274197,0.0,8.312173722369604,0.0,8.439624605664436,0.0,11.682195419159049,0.0,3.9010140740477457,0.0,4.411159648321859,0.0,0.6913225151275202,0.0,-5.979596812658297,0.0,0.9578113921945943,0.0,""
"2026-09-29 13:38:49","git-master-bddc7a050319718b5e4e0856afec0bc9ea96418f","C:\Users\marco\Desktop\ds004507\derivatives\labels\sub-009\ses-headDown\anat\sub-009_ses-headDown_T2w_seg-manual.nii.gz","855","4","",75.83274758388026,0.0,0.4354539570017039,0.0,-0.4488921237517217,0.0,8.318577451511256,0.0,8.445212523572328,0.0,11.587924169234093,0.0,3.8944175612337806,0.0,4.424159890277476,0.0,0.6847324866791645,0.0,-4.775013590485547,0.0,0.9587768889380555,0.0,""
"2026-09-29 13:38:49","git-master-bddc7a050319718b5e4e0856afec0bc9ea96418f","C:\Users\marco\Desktop\ds004507\derivatives\labels\sub-009\ses-headDown\anat\sub-009_ses-headDown_T2w_seg-manual.nii.gz","856","4","",75.37084356744333,0.0,1.3663745150286368,0.0,-0.6432193733431165,0.0,8.2364178809473,0.0,8.402341881320279,0.0,11.55296314935562,0.0,3.894884856855802,0.0,4.341533024091497,0.0,0.68626401254431,0.0,-3.734552475141261,0.0,0.9645222644642371,0.0,""
"2026-09-29 13:38:49","git-master-bddc7a050319718b5e4e0856afec0bc9ea96418f","C:\Users\marco\Desktop\ds004507\derivatives\labels\sub-009\ses-headDown\anat\sub-009_ses-headDown_T2w_seg-manual.nii.gz","857","4","",77.31705056362692,0.0,2.0185597144618592,0.0,-0.8096024784524856,0.0,8.365624763707109,0.0,8.444779669674503,0.0,11.787340149441082,0.0,3.974470871367541,0.0,4.391153892339568,0.0,0.6975960674365961,0.0,-4.82193540897995,0.0,0.9722538384051215,0.0,""
"2026-09-29 13:38:49","git-master-bddc7a050319718b5e4e0856afec0bc9ea96418f","C:\Users\marco\Desktop\ds004507\derivatives\labels\sub-009\ses-headDown\anat\sub-009_ses-headDown_T2w_seg-manual.nii.gz","858","4","",75.88552348095465,0.0,2.3924031085299804,0.0,-0.9480451687134314,0.0,8.308205692756946,0.0,8.381371810074313,0.0,11.656816447038675,0.0,3.9291117548031016,0.0,4.3790939379538445,0.0,0.6949566565276805,0.0,-6.486126798343843,0.0,0.9649055682142715,0.0,""
"2026-09-29 13:38:49","git-master-bddc7a050319718b5e4e0856afec0bc9ea96418f","C:\Users\marco\Desktop\ds004507\derivatives\labels\sub-009\ses-headDown\anat\sub-009_ses-headDown_T2w_seg-manual.nii.gz","859","4","",74.06281003107294,0.0,2.5345764838330593,0.0,-1.063208061962246,0.0,8.19684585510296,0.0,8.215714500698649,0.0,11.623403565560485,0.0,3.911750492271079,0.0,4.285095362831881,0.0,0.7069592570185971,0.0,-9.252556245239708,0.0,0.9637820776660659,0.0,""
"2026-09-29 13:38:49","git-master-bddc7a050319718b5e4e0856afec0bc9ea96418f","C:\Users\marco\Desktop\ds004507\derivatives\labels\sub-009\ses-headDown\anat\sub-009_ses-headDown_T2w_seg-manual.nii.gz","860","4","",73.58223894968916,0.0,2.445151840641603,0.0,-1.1550941541095483,0.0,8.1464765517837,0.0,8.112526165072117,0.0,11.707215136185338,0.0,3.9345491066387255,0.0,4.2119274451449735,0.0,0.7209421759025213,0.0,-9.822952909643119,0.0,0.9672318586653518,0.0,""
"2026-09-29 13:38:49","git-master-bddc7a050319718b5e4e0856afec0bc9ea96418f","C:\Users\marco\Desktop\ds004507\derivatives\labels\sub-009\ses-headDown\anat\sub-009_ses-headDown_T2w_seg-manual.nii.gz","861","4","",76.13495632842536,0.0,2.124131622221668,0.0,-1.2237064832606837,0.0,8.29140191133655,0.0,8.32415121716167,0.0,11.787973578307431,0.0,3.9662060834834536,0.0,4.325195827853095,0.0,0.7080560363314028,0.0,-3.0168239022945347,0.0,0.9657309054122407,0.0,""
"2026-09-29 13:38:49","git-master-bddc7a050319718b5e4e0856afec0bc9ea96418f","C:\Users\marco\Desktop\ds004507\derivatives\labels\sub-009\ses-headDown\anat\sub-009_ses-headDown_T2w_seg-manual.nii.gz","862","4","",76.44125615000355,0.0,1.4783913071003822,0.0,-1.2597413058586266,0.0,8.291484285212295,0.0,8.402479809672371,0.0,11.737959610763612,0.0,3.9614438235471168,0.0,4.330040461665178,0.0,0.6982150573308936,0.0,-2.851055478688246,0.0,0.9626575501305954,0.0,""
"2026-09-29 13:38:49","git-master-bddc7a050319718b5e4e0856afec0bc9ea96418f","C:\Users\marco\Desktop\ds004507\derivatives\labels\sub-009\ses-headDown\anat\sub-009_ses-headDown_T2w_seg-manual.nii.gz","863","4","",73.91867656942678,0.0,0.7224430793870219,0.0,-1.2854336375007196,0.0,8.289171722708252,0.0,8.316578267456373,0.0,11.483957868316294,0.0,3.9605685651842575,0.0,4.328603157523995,0.0,0.6894610221739225,0.0,-3.1198496189306075,0.0,0.9598002546841711,0.0,""
"2026-09-29 13:38:49","git-master-bddc7a050319718b5e4e0856afec0bc9ea96418f","C:\Users\marco\Desktop\ds004507\derivatives\labels\sub-009\ses-headDown\anat\sub-009_ses-headDown_T2w_seg-manual.nii.gz","864","4","",72.07049746672223,0.0,-0.07035050317484326,0.0,-1.308538540030006,0.0,8.297739158870208,0.0,8.23924177586091,0.0,11.308629150629322,0.0,3.9934847894774945,0.0,4.304254369392713,0.0,0.684959736179134,0.0,-2.7252020736580707,0.0,0.9611531535165718,0.0,""
"2026-09-29 13:38:49","git-master-bddc7a050319718b5e4e0856afec0bc9ea96418f","C:\Users\marco\Desktop\ds004507\derivatives\labels\sub-009\ses-headDown\anat\sub-009_ses-headDown_T2w_seg-manual.nii.gz","865","4","",72.34580623476484,0.0,-0.8510130113109703,0.0,-1.3342260121574743,0.0,8.310567963516807,0.0,8.23672061183951,0.0,11.34010659351345,0.0,4.065762510641608,0.0,4.244805452875199,0.0,0.6873043560816073,0.0,-1.4899555039728438,0.0,0.964128377556289,0.0,""
"2026-09-29 13:38:49","git-master-bddc7a050319718b5e4e0856afec0bc9ea96418f","C:\Users\marco\Desktop\ds004507\derivatives\labels\sub-009\ses-headDown\anat\sub-009_ses-headDown_T2w_seg-manual.nii.gz","866","4","",70.91442431741625,0.0,-1.6167915543992701,0.0,-1.3630123637177636,0.0,8.254261193327947,0.0,8.089034577172802,0.0,11.330275922050179,0.0,4.116315756817331,0.0,4.137945436510617,0.0,0.7001806383695133,0.0,-1.9092484762463826,0.0,0.9438473900820096,0.0,""
"2026-09-29 13:38:49","git-master-bddc7a050319718b5e4e0856afec0bc9ea96418f","C:\Users\marco\Desktop\ds004507\derivatives\labels\sub-009\ses-headDown\anat\sub-009_ses-headDown_T2w_seg-manual.nii.gz","867","4","",71.88603091196913,0.0,-2.3673312317918036,0.0,-1.3948972908565163,0.0,8.230283650093513,0.0,8.168137956493327,0.0,11.346242954636004,0.0,4.010606129291427,0.0,4.219677520802087,0.0,0.6940415023408067,0.0,-1.012049531078062,0.0,0.9451923758482325,0.0,""
"2026-09-29 13:38:49","git-master-bddc7a050319718b5e4e0856afec0bc9ea96418f","C:\Users\marco\Desktop\ds004507\derivatives\labels\sub-009\ses-headDown\anat\sub-009_ses-headDown_T2w_seg-manual.nii.gz","868","4","",72.12625896010951,0.0,-3.054209808217895,0.0,-1.429364126001803,0.0,8.271087340217104,0.0,8.29929170185805,0.0,11.20796381382017,0.0,3.9544792095201706,0.0,4.316608130696934,0.0,0.6711684792597469,0.0,0.2746260297726365,0.0,0.9555483283664336,0.0,""
"2026-09-29 13:38:49","git-master-bddc7a050319718b5e4e0856afec0bc9ea96418f","C:\Users\marco\Desktop\ds004507\derivatives\labels\sub-009\ses-headDown\anat\sub-009_ses-headDown_T2w_seg-manual.nii.gz","869","4","",70.9569198893908,0.0,-3.6394041464177884,0.0,-1.466412670729467,0.0,8.333962546956387,0.0,8.37482410742973,0.0,10.929246796241742,0.0,3.980408182514812,0.0,4.3535543644415755,0.0,0.6422208777863622,0.0,-0.4599353366368877,0.0,0.9659634232706267,0.0,""
"2026-09-29 13:38:49","git-master-bddc7a050319718b5e4e0856afec0bc9ea96418f","C:\Users\marco\Desktop\ds004507\derivatives\labels\sub-009\ses-headDown\anat\sub-009_ses-headDown_T2w_seg-manual.nii.gz","870","4","",68.38593170601712,0.0,-4.084990307834337,0.0,-1.506042716769092,0.0,8.34065461611186,0.0,8.284580419056942,0.0,10.59670844440028,0.0,4.069677162352471,0.0,4.27097745375939,0.0,0.6235205503313865,0.0,-6.566453951400866,0.0,0.9663889281174975,0.0,""
"2026-09-29 13:38:49","git-master-bddc7a050319718b5e4e0856afec0bc9ea96418f","C:\Users\marco\Desktop\ds004507\derivatives\labels\sub-009\ses-headDown\anat\sub-009_ses-headDown_T2w_seg-manual.nii.gz","871","3","",69.07917543026241,0.0,-4.4074424898419595,0.0,-1.561641612926748,0.0,8.400815727788586,0.0,8.342405088320437,0.0,10.657365584433482,0.0,4.145924228696504,0.0,4.254891499092082,0.0,0.6222947081612086,0.0,-1.786161571130587,0.0,0.9791548496880318,0.0,""
"2026-09-29 13:38:49","git-master-bddc7a050319718b5e4e0856afec0bc9ea96418f","C:\Users\marco\Desktop\ds004507\derivatives\labels\sub-009\ses-headDown\anat\sub-009_ses-headDown_T2w_seg-manual.nii.gz","872","3","",69.654555090604,0.0,-4.465922530384908,0.0,-1.6101715386198054,0.0,8.352005874397403,0.0,8.211207180470836,0.0,10.915183311808576,0.0,4.137130209810219,0.0,4.214875664587184,0.0,0.6582473906145984,0.0,-3.578394735516034,0.0,0.9631188399945292,0.0,""
"2026-09-29 13:38:49","git-master-bddc7a050319718b5e4e0856afec0bc9ea96418f","C:\Users\marco\Desktop\ds004507\derivatives\labels\sub-009\ses-headDown\anat\sub-009_ses-headDown_T2w_seg-manual.nii.gz","873","3","",69.21370157986289,0.0,-3.346758107071021,0.0,-1.6615395868791343,0.0,8.286726984786261,0.0,8.279653761097492,0.0,10.751052679588453,0.0,4.079316326944042,0.0,4.207410657842219,0.0,0.6367061777079898,0.0,-3.374549165621418,0.0,0.9558974472483139,0.0,""
"2026-09-29 13:38:49","git-master-bddc7a050319718b5e4e0856afec0bc9ea96418f","C:\Users\marco\Desktop\ds004507\derivatives\labels\sub-009\ses-headDown\anat\sub-009_ses-headDown_T2w_seg-manual.nii.gz","874","3","",70.18582399729469,0.0,-0.34391528648271397,0.0,-1.7157453079243785,0.0,8.387321628706392,0.0,8.392239103978774,0.0,10.780789650531723,0.0,4.044110223283356,0.0,4.343211405423036,0.0,0.6273124887664984,0.0,-3.5948169255465383,0.0,0.952701832499264,0.0,""
"2026-09-29 13:38:49","git-master-bddc7a050319718b5e4e0856afec0bc9ea96418f","C:\Users\marco\Desktop\ds004507\derivatives\labels\sub-009\ses-headDown\anat\sub-009_ses-headDown_T2w_seg-manual.nii.gz","875","3","",72.39188775363016,0.0,3.5712783393785505,0.0,-1.7727882201454446,0.0,8.545733659131638,0.0,8.433464642127337,0.0,11.110864462876586,0.0,4.01987072753224,0.0,4.5258629315993995,0.0,0.6503811129221981,0.0,-3.1883327583070695,0.0,0.9521319226280975,0.0,""
"2026-09-29 13:38:49","git-master-bddc7a050319718b5e4e0856afec0bc9ea96418f","C:\Users\marco\Desktop\ds004507\derivatives\labels\sub-009\ses-headDown\anat\sub-009_ses-headDown_T2w_seg-manual.nii.gz","876","3","",73.54293855434555,0.0,5.962019983913255,0.0,-1.8326678097240672,0.0,8.440891383961075,0.0,8.338764506739476,0.0,11.41458572098821,0.0,3.933805646690473,0.0,4.507085737270603,0.0,0.6828742038553184,0.0,1.3124944358894979,0.0,0.9550955855579615,0.0,""
"2026-09-29 13:38:49","git-master-bddc7a050319718b5e4e0856afec0bc9ea96418f","C:\Users\marco\Desktop\ds004507\derivatives\labels\sub-009\ses-headDown\anat\sub-009_ses-headDown_T2w_seg-manual.nii.gz","877","3","",73.57068544066371,0.0,2.125893128401023,0.0,-1.8961566917177508,0.0,8.45374918935524,0.0,8.353315552385675,0.0,11.414875616271129,0.0,3.931442095596656,0.0,4.522307093758583,0.0,0.6815274300956755,0.0,1.7255303944129958,0.0,0.9477793009029155,0.0,""
"2026-09-29 13:38:49","git-master-bddc7a050319718b5e4e0856afec0bc9ea96418f","C:\Users\marco\Desktop\ds004507\derivatives\labels\sub-009\ses-headDown\anat\sub-009_ses-headDown_T2w_seg-manual.nii.gz","878","3","",70.58619724452014,0.0,-3.174526888004553,0.0,-1.9626093587480453,0.0,8.28366243552797,0.0,8.261958479748786,0.0,11.004248349471814,0.0,3.896170459115435,0.0,4.3874919764125355,0.0,0.6597178304235077,0.0,4.09292292950483,0.0,0.947211886451573,0.0,""
"2026-09-29 13:38:49","git-master-bddc7a050319718b5e4e0856afec0bc9ea96418f","C:\Users\marco\Desktop\ds004507\derivatives\labels\sub-009\ses-headDown\anat\sub-009_ses-headDown_T2w_seg-manual.nii.gz","879","3","",67.84720835454496,0.0,-7.294383633641859,0.0,-2.031896178281313,0.0,8.216096803146188,0.0,8.208867035678546,0.0,10.564402801415083,0.0,3.923008968607215,0.0,4.293087834538973,0.0,0.6283954974367875,0.0,7.2045653353117975,0.0,0.9514557006626017,0.0,""
"2026-09-29 13:38:49","git-master-bddc7a050319718b5e4e0856afec0bc9ea96418f","C:\Users\marco\Desktop\ds004507\derivatives\labels\sub-009\ses-headDown\anat\sub-009_ses-headDown_T2w_seg-manual.nii.gz","880","3","",66.35027806144187,0.0,-9.291247010396887,0.0,-2.1040163755095893,0.0,8.22438269417957,0.0,8.19215858604093,0.0,10.296837251661488,0.0,3.951726769155161,0.0,4.272655925024407,0.0,0.6058187987975205,0.0,5.638801716235426,0.0,0.9555203012160786,0.0,""
"2026-09-29 13:38:49","git-master-bddc7a050319718b5e4e0856afec0bc9ea96418f","C:\Users\marco\Desktop\ds004507\derivatives\labels\sub-009\ses-headDown\anat\sub-009_ses-headDown_T2w_seg-manual.nii.gz","881","3","",65.94751032896725,0.0,-9.298268783312468,0.0,-2.1789691295493245,0.0,8.160981263930754,0.0,8.158288641937355,0.0,10.278446022631439,0.0,3.879184000574534,0.0,4.281797263356221,0.0,0.6082260981144184,0.0,-5.492555100336513,0.0,0.9539364189228772,0.0,""
"2026-09-29 13:38:49","git-master-bddc7a050319718b5e4e0856afec0bc9ea96418f","C:\Users\marco\Desktop\ds004507\derivatives\labels\sub-009\ses-headDown\anat\sub-009_ses-headDown_T2w_seg-manual.nii.gz","882","3","",68.19211096884541,0.0,-8.045005690206757,0.0,-2.257396729927184,0.0,8.516496402461414,0.0,8.407410877133206,0.0,10.356209740561551,0.0,4.106432124639317,0.0,4.410064277822096,0.0,0.5837923470348803,0.0,0.2766925958608111,0.0,0.9558341149499978,0.0,""
"2026-09-29 13:38:49","git-master-bddc7a050319718b5e4e0856afec0bc9ea96418f","C:\Users\marco\Desktop\ds004507\derivatives\labels\sub-009\ses-headDown\anat\sub-009_ses-headDown_T2w_seg-manual.nii.gz","883","3","",68.98658317768087,0.0,-6.8061613090585045,0.0,-2.338911483146982,0.0,8.129105156016934,0.0,8.21617117643704,0.0,10.778275343855574,0.0,3.8492511899684643,0.0,4.279853966048468,0.0,0.6434641011714234,0.0,-2.6279331552426184,0.0,0.9548823869417831,0.0,""
"2026-09-29 13:38:49","git-master-bddc7a050319718b5e4e0856afec0bc9ea96418f","C:\Users\marco\Desktop\ds004507\derivatives\labels\sub-009\ses-headDown\anat\sub-009_ses-headDown_T2w_seg-manual.nii.gz","884","3","",68.41929371647383,0.0,-5.581836276297212,0.0,-2.4232548721144385,0.0,7.981284260898304,0.0,8.11561504215917,0.0,10.84059096481177,0.0,3.742519379880514,0.0,4.238764881017789,0.0,0.6625497772214036,0.0,-2.659189222909056,0.0,0.9596417440817769,0.0,""
"2026-09-29 13:38:49","git-master-bddc7a050319718b5e4e0856afec0bc9ea96418f","C:\Users\marco\Desktop\ds004507\derivatives\labels\sub-009\ses-headDown\anat\sub-009_ses-headDown_T2w_seg-manual.nii.gz","885","3","",67.38945426304022,0.0,-4.373121433175887,0.0,-2.5104257131488734,0.0,8.067471347070986,0.0,8.133323451035272,0.0,10.65869762281218,0.0,3.7587755949720587,0.0,4.308695752098927,0.0,0.6462939613061601,0.0,-0.382784948934569,0.0,0.9665662882005978,0.0,""
"2026-09-29 13:38:49","git-master-bddc7a050319718b5e4e0856afec0bc9ea96418f","C:\Users\marco\Desktop\ds004507\derivatives\labels\sub-009\ses-headDown\anat\sub-009_ses-headDown_T2w_seg-manual.nii.gz","886","3","",67.07899022817328,0.0,-3.1810598505435044,0.0,-2.600422759340613,0.0,8.069289244069797,0.0,8.131009944777126,0.0,10.613708492305184,0.0,3.6881778998651846,0.0,4.381111344204613,0.0,0.6426923487389693,0.0,-0.16766167440640992,0.0,0.9686388899863311,0.0,""
"2026-09-29 13:38:49","git-master-bddc7a050319718b5e4e0856afec0bc9ea96418f","C:\Users\marco\Desktop\ds004507\derivatives\labels\sub-009\ses-headDown\anat\sub-009_ses-headDown_T2w_seg-manual.nii.gz","887","3","",68.30287838371649,0.0,-2.0101289085681993,0.0,-2.693757851197293,0.0,8.070227896109786,0.0,8.128180113526543,0.0,10.7612149735176,0.0,3.761471537173112,0.0,4.308756358936673,0.0,0.6552963410410646,0.0,-1.4133705093338558,0.0,0.966290954677523,0.0,""
"2026-09-29 13:38:49","git-master-bddc7a050319718b5e4e0856afec0bc9ea96418f","C:\Users\marco\Desktop\ds004507\derivatives\labels\sub-009\ses-headDown\anat\sub-009_ses-headDown_T2w_seg-manual.nii.gz","888","3","",67.48389185066999,0.0,-0.8609670128227079,0.0,-2.790300137590122,0.0,8.024567655652202,0.0,8.109910475475361,0.0,10.671796601748259,0.0,3.7693874048660048,0.0,4.2551802507861956,0.0,0.6499328294024883,0.0,-3.7608453966648656,0.0,0.9533469013951918,0.0,""
"2026-09-29 13:38:49","git-master-bddc7a050319718b5e4e0856afec0bc9ea96418f","C:\Users\marco\Desktop\ds004507\derivatives\labels\sub-009\ses-headDown\anat\sub-009_ses-headDown_T2w_seg-manual.nii.gz","889","3","",67.9475580152482,0.0,0.26811305539784464,0.0,-2.889662810070894,0.0,8.046211238820455,0.0,8.12283476934358,0.0,10.75012523904408,0.0,3.7631170689289255,0.0,4.28309416989153,0.0,0.6548479148535085,0.0,-0.9389733078985945,0.0,0.9567934036955109,0.0,""
"2026-09-29 13:38:49","git-master-bddc7a050319718b5e4e0856afec0bc9ea96418f","C:\Users\marco\Desktop\ds004507\derivatives\labels\sub-009\ses-headDown\anat\sub-009_ses-headDown_T2w_seg-manual.nii.gz","890","3","",69.28085697190214,0.0,1.1534160814273398,0.0,-2.991844136513272,0.0,8.125016983226336,0.0,8.2001950521061,0.0,10.873076239991889,0.0,3.78189392554025,0.0,4.343123057686087,0.0,0.6565482886810419,0.0,1.1749081898757046,0.0,0.9678394725716174,0.0,""
"2026-09-29 13:38:49","git-master-bddc7a050319718b5e4e0856afec0bc9ea96418f","C:\Users\marco\Desktop\ds004507\derivatives\labels\sub-009\ses-headDown\anat\sub-009_ses-headDown_T2w_seg-manual.nii.gz","891","3","",70.23067613806029,0.0,1.4903671588862497,0.0,-3.0968423012722965,0.0,8.210112480210967,0.0,8.31838232280586,0.0,10.86939006665865,0.0,3.846605512740426,0.0,4.363506967470541,0.0,0.643640215005777,0.0,-2.566771184080716,0.0,0.972058535211784,0.0,""
"2026-09-29 13:38:49","git-master-bddc7a050319718b5e4e0856afec0bc9ea96418f","C:\Users\marco\Desktop\ds004507\derivatives\labels\sub-009\ses-headDown\anat\sub-009_ses-headDown_T2w_seg-manual.nii.gz","892","3","",69.94922892522585,0.0,0.7895504771137491,0.0,-3.20503878123469,0.0,8.217153708314296,0.0,8.243135717536715,0.0,10.903200130903443,0.0,3.9189586938035963,0.0,4.298195014510699,0.0,0.6545158127016053,0.0,-2.2547084909246853,0.0,0.9689230592627697,0.0,""
"2026-09-29 13:38:49","git-master-bddc7a050319718b5e4e0856afec0bc9ea96418f","C:\Users\marco\Desktop\ds004507\derivatives\labels\sub-009\ses-headDown\anat\sub-009_ses-headDown_T2w_seg-manual.nii.gz","893","3","",69.89612634562347,0.0,-0.9909495366010347,0.0,-3.3165578588052216,0.0,8.213373261754644,0.0,8.21423571680185,0.0,10.94168389097717,0.0,3.9140241022285664,0.0,4.299349159526078,0.0,0.6605920026239751,0.0,-1.2405575665907707,0.0,0.9702359811361867,0.0,""
"2026-09-29 13:38:49","git-master-bddc7a050319718b5e4e0856afec0bc9ea96418f","C:\Users\marco\Desktop\ds004507\derivatives\labels\sub-009\ses-headDown\anat\sub-009_ses-headDown_T2w_seg-manual.nii.gz","894","3","",68.01416217661246,0.0,-3.676682778917848,0.0,-3.430885466747182,0.0,8.179881298328052,0.0,8.112890983013582,0.0,10.773556846155055,0.0,3.8758612166327624,0.0,4.304020081695289,0.0,0.6578825954924936,0.0,1.9698533465938,0.0,0.9688173401256016,0.0,""
"2026-09-29 13:38:49","git-master-bddc7a050319718b5e4e0856afec0bc9ea96418f","C:\Users\marco\Desktop\ds004507\derivatives\labels\sub-009\ses-headDown\anat\sub-009_ses-headDown_T2w_seg-manual.nii.gz","895","3","",65.68924541125578,0.0,-6.630146335767643,0.0,-3.548019162362283,0.0,8.15758001588118,0.0,8.02284534138699,0.0,10.475396225464207,0.0,3.9204881054701564,0.0,4.237091910411023,0.0,0.6423587997383331,0.0,4.147938646153926,0.0,0.968679594229851,0.0,""
"2026-09-29 13:38:49","git-master-bddc7a050319718b5e4e0856afec0bc9ea96418f","C:\Users\marco\Desktop\ds004507\derivatives\labels\sub-009\ses-headDown\anat\sub-009_ses-headDown_T2w_seg-manual.nii.gz","896","3","",64.50644932041432,0.0,-9.067968377640371,0.0,-3.6679563962390507,0.0,8.139014456793026,0.0,8.014116697949747,0.0,10.213485133445628,0.0,4.032928549727312,0.0,4.106085907065713,0.0,0.6199228479567905,0.0,4.429499335485561,0.0,0.9728914508072318,0.0,""
"2026-09-29 13:38:49","git-master-bddc7a050319718b5e4e0856afec0bc9ea96418f","C:\Users\marco\Desktop\ds004507\derivatives\labels\sub-009\ses-headDown\anat\sub-009_ses-headDown_T2w_seg-manual.nii.gz","897","3","",65.17821458544535,0.0,-10.004065957082641,0.0,-3.790948715134189,0.0,7.960416653760752,0.0,8.040460848750678,0.0,10.268420870254909,0.0,3.820897686544796,0.0,4.139518967215955,0.0,0.6219851420937718,0.0,10.197923803443016,0.0,0.9776582024855138,0.0,""
"2026-09-29 13:38:49","git-master-bddc7a050319718b5e4e0856afec0bc9ea96418f","C:\Users\marco\Desktop\ds004507\derivatives\labels\sub-009\ses-headDown\anat\sub-009_ses-headDown_T2w_seg-manual.nii.gz","898","3","",66.44328756527798,0.0,-9.280112764240261,0.0,-3.9173727824339033,0.0,8.271464060173871,0.0,8.236941059533695,0.0,10.267417647413161,0.0,3.974606663463336,0.0,4.296857396710536,0.0,0.5967118932463639,0.0,1.2839133468440096,0.0,0.9753337404004283,0.0,""
"2026-09-29 13:38:49","git-master-bddc7a050319718b5e4e0856afec0bc9ea96418f","C:\Users\marco\Desktop\ds004507\derivatives\labels\sub-009\ses-headDown\anat\sub-009_ses-headDown_T2w_seg-manual.nii.gz","899","3","",66.43138999689538,0.0,-7.901421985387791,0.0,-4.042818625000832,0.0,8.299186177246314,0.0,8.194490298625913,0.0,10.338600063893956,0.0,4.0482894889822685,0.0,4.250896688264047,0.0,0.609155459462717,0.0,0.40945889894493326,0.0,0.9657463625875882,0.0,""
"2026-09-29 13:38:49","git-master-bddc7a050319718b5e4e0856afec0bc9ea96418f","C:\Users\marco\Desktop\ds004507\derivatives\labels\sub-009\ses-headDown\anat\sub-009_ses-headDown_T2w_seg-manual.nii.gz","900","3","",66.68958677329248,0.0,-6.399174036463622,0.0,-4.164459105648063,0.0,8.292351572831814,0.0,8.191346439433742,0.0,10.37390783614783,0.0,4.075441448464573,0.0,4.216910124367241,0.0,0.6131902268637435,0.0,0.9477564378163053,0.0,0.9658688504112833,0.0,""
"2026-09-29 13:38:49","git-master-bddc7a050319718b5e4e0856afec0bc9ea96418f","C:\Users\marco\Desktop\ds004507\derivatives\labels\sub-009\ses-headDown\anat\sub-009_ses-headDown_T2w_seg-manual.nii.gz","901","3","",68.0588977818393,0.0,-5.09435999691779,0.0,-4.280599639557225,0.0,8.394722232055857,0.0,8.3188419664012,0.0,10.409695886878314,0.0,4.095782880443961,0.0,4.298939351611897,0.0,0.6001735020937321,0.0,-1.5210420030710494,0.0,0.9784458896802566,0.0,""
"2026-09-29 13:38:49","git-master-bddc7a050319718b5e4e0856afec0bc9ea96418f","C:\Users\marco\Desktop\ds004507\derivatives\labels\sub-009\ses-headDown\anat\sub-009_ses-headDown_T2w_seg-manual.nii.gz","902","3","",69.60877553117018,0.0,-4.0003218896873065,0.0,-4.390994006572219,0.0,8.400224491935136,0.0,8.227648588017464,0.0,10.778632639961963,0.0,4.082127794488645,0.0,4.3180966974464905,0.0,0.6458396282647549,0.0,-2.8047047896521287,0.0,0.9786501986783878,0.0,""
"2026-09-29 13:38:49","git-master-bddc7a050319718b5e4e0856afec0bc9ea96418f","C:\Users\marco\Desktop\ds004507\derivatives\labels\sub-009\ses-headDown\anat\sub-009_ses-headDown_T2w_seg-manual.nii.gz","903","3","",71.9589047324804,0.0,-3.1671840958224786,0.0,-4.49439938287894,0.0,8.435766744285521,0.0,8.391981826505326,0.0,10.91152060752608,0.0,4.151417118836148,0.0,4.284349625449372,0.0,0.6391362245968866,0.0,1.2315063570974294,0.0,0.9713046221091886,0.0,""
"2026-09-29 13:38:49","git-master-bddc7a050319718b5e4e0856afec0bc9ea96418f","C:\Users\marco\Desktop\ds004507\derivatives\labels\sub-009\ses-headDown\anat\sub-009_ses-headDown_T2w_seg-manual.nii.gz","904","3","",69.2583094533335,0.0,-2.5407545158651925,0.0,-4.592318122764409,0.0,8.296799259078771,0.0,8.106548401971212,0.0,10.90128696061616,0.0,4.135464986986315,0.0,4.161334272092456,0.0,0.6677606912514643,0.0,1.9738184096238012,0.0,0.9637337910348137,0.0,""
"2026-09-29 13:38:49","git-master-bddc7a050319718b5e4e0856afec0bc9ea96418f","C:\Users\marco\Desktop\ds004507\derivatives\labels\sub-009\ses-headDown\anat\sub-009_ses-headDown_T2w_seg-manual.nii.gz","905","3","",67.01295872106004,0.0,-2.1216477933564892,0.0,-4.684753527403171,0.0,8.00956801179759,0.0,7.817252444248213,0.0,10.957125136066553,0.0,3.967913894611147,0.0,4.041654117186443,0.0,0.7003415753962887,0.0,3.2394165624858626,0.0,0.9638207378344541,0.0,""
"2026-09-29 13:38:49","git-master-bddc7a050319718b5e4e0856afec0bc9ea96418f","C:\Users\marco\Desktop\ds004507\derivatives\labels\sub-009\ses-headDown\anat\sub-009_ses-headDown_T2w_seg-manual.nii.gz","906","3","",66.89389146504934,0.0,-1.9102671861021359,0.0,-4.771708843655829,0.0,7.7890026874611555,0.0,7.79599921713299,0.0,10.952266432563752,0.0,3.8058576615930053,0.0,3.98314502586815,0.0,0.700004281261342,0.0,5.877124786429514,0.0,0.9688367885416661,0.0,""
"2026-09-29 13:38:49","git-master-bddc7a050319718b5e4e0856afec0bc9ea96418f","C:\Users\marco\Desktop\ds004507\derivatives\labels\sub-009\ses-headDown\anat\sub-009_ses-headDown_T2w_seg-manual.nii.gz","907","3","",65.40873670003435,0.0,-1.9068241996734916,0.0,-4.853187261661317,0.0,8.051977213214295,0.0,8.041505580203049,0.0,10.361377517258832,0.0,4.058409606140192,0.0,3.9935676070741026,0.0,0.6306050463382286,0.0,6.595957180424647,0.0,0.9636148498742789,0.0,""
"2026-09-29 13:38:49","git-master-bddc7a050319718b5e4e0856afec0bc9ea96418f","C:\Users\marco\Desktop\ds004507\derivatives\labels\sub-009\ses-headDown\anat\sub-009_ses-headDown_T2w_seg-manual.nii.gz","908","2","",65.78164111925135,0.0,-2.050498466432395,0.0,-4.945378008110092,0.0,7.8250824341527565,0.0,7.900879398475857,0.0,10.676225159657086,0.0,3.8151329398351397,0.0,4.009949494317617,0.0,0.6725581450691036,0.0,4.343271239527434,0.0,0.9756856931060044,0.0,""
"2026-09-29 13:38:49","git-master-bddc7a050319718b5e4e0856afec0bc9ea96418f","C:\Users\marco\Desktop\ds004507\derivatives\labels\sub-009\ses-headDown\anat\sub-009_ses-headDown_T2w_seg-manual.nii.gz","909","2","",67.67547530236972,0.0,-2.1398214861820706,0.0,-5.020296513325378,0.0,8.471052214002018,0.0,8.262479145433012,0.0,10.454332691713827,0.0,4.333210703320882,0.0,4.137841510681136,0.0,0.6119509080811701,0.0,2.135976414881663,0.0,0.9744048908837641,0.0,""
"2026-09-29 13:38:49","git-master-bddc7a050319718b5e4e0856afec0bc9ea96418f","C:\Users\marco\Desktop\ds004507\derivatives\labels\sub-009\ses-headDown\anat\sub-009_ses-headDown_T2w_seg-manual.nii.gz","910","2","",68.16654518594497,0.0,-2.1936162540664705,0.0,-5.088061798978987,0.0,8.383050013368015,0.0,8.188991943946471,0.0,10.630668500058563,0.0,4.211028877188988,0.0,4.172021136179027,0.0,0.6371847928455665,0.0,2.6096535423426994,0.0,0.9562116846779641,0.0,""
"2026-09-29 13:38:49","git-master-bddc7a050319718b5e4e0856afec0bc9ea96418f","C:\Users\marco\Desktop\ds004507\derivatives\labels\sub-009\ses-headDown\anat\sub-009_ses-headDown_T2w_seg-manual.nii.gz","911","2","",70.00012080857546,0.0,-2.2118894164681544,0.0,-5.148677997911531,0.0,8.482855009697346,0.0,8.346848137138544,0.0,10.71020079650666,0.0,4.298866140544833,0.0,4.183988869152514,0.0,0.6264280399357828,0.0,4.7988202287034145,0.0,0.9605610933617733,0.0,""
"2026-09-29 13:38:49","git-master-bddc7a050319718b5e4e0856afec0bc9ea96418f","C:\Users\marco\Desktop\ds004507\derivatives\labels\sub-009\ses-headDown\anat\sub-009_ses-headDown_T2w_seg-manual.nii.gz","912","2","",70.53644626706597,0.0,-2.194643034679415,0.0,-5.202148890432783,0.0,8.363913332436933,0.0,8.285409497979362,0.0,10.866749656980495,0.0,4.2095693310390505,0.0,4.154344001397883,0.0,0.6461250588830235,0.0,3.5743417674295808,0.0,0.9566522570803744,0.0,""
"2026-09-29 13:38:49","git-master-bddc7a050319718b5e4e0856afec0bc9ea96418f","C:\Users\marco\Desktop\ds004507\derivatives\labels\sub-009\ses-headDown\anat\sub-009_ses-headDown_T2w_seg-manual.nii.gz","913","2","",70.04078602299091,0.0,-2.141874491273536,0.0,-5.248477880990767,0.0,8.250380070039613,0.0,8.168499242777173,0.0,10.93953278101169,0.0,4.132356810486101,0.0,4.118023259553512,0.0,0.6651668461819336,0.0,4.495705232441962,0.0,0.9550074062798843,0.0,""
"2026-09-29 13:38:49","git-master-bddc7a050319718b5e4e0856afec0bc9ea96418f","C:\Users\marco\Desktop\ds004507\derivatives\labels\sub-009\ses-headDown\anat\sub-009_ses-headDown_T2w_seg-manual.nii.gz","914","2","",69.69171359027611,0.0,-2.05357671517158,0.0,-5.287667977430121,0.0,8.270140398842372,0.0,8.10907034617502,0.0,10.985127070564905,0.0,4.144664058566031,0.0,4.125476340276341,0.0,0.6743620996638826,0.0,6.427893842595041,0.0,0.9542492848870884,0.0,""
"2026-09-29 13:38:49","git-master-bddc7a050319718b5e4e0856afec0bc9ea96418f","C:\Users\marco\Desktop\ds004507\derivatives\labels\sub-009\ses-headDown\anat\sub-009_ses-headDown_T2w_seg-manual.nii.gz","915","2","",70.23459487652653,0.0,-1.9369802689146056,0.0,-5.319721772826169,0.0,8.304301765807153,0.0,8.116097352747396,0.0,11.07525176705886,0.0,4.16858860410728,0.0,4.135713161699872,0.0,0.6802521684603932,0.0,5.094585316192673,0.0,0.951369906512757,0.0,""
"2026-09-29 13:38:49","git-master-bddc7a050319718b5e4e0856afec0bc9ea96418f","C:\Users\marco\Desktop\ds004507\derivatives\labels\sub-009\ses-headDown\anat\sub-009_ses-headDown_T2w_seg-manual.nii.gz","916","2","",71.42861671346188,0.0,-1.808971643323031,0.0,-5.344641429882393,0.0,8.354013220826257,0.0,8.261270746969245,0.0,11.036168719933546,0.0,4.2505932634642996,0.0,4.103419957361958,0.0,0.6630586470889616,0.0,3.2001706016639626,0.0,0.9595669286237996,0.0,""
"2026-09-29 13:38:49","git-master-bddc7a050319718b5e4e0856afec0bc9ea96418f","C:\Users\marco\Desktop\ds004507\derivatives\labels\sub-009\ses-headDown\anat\sub-009_ses-headDown_T2w_seg-manual.nii.gz","917","2","",71.3951958739487,0.0,-1.6840314446205225,0.0,-5.3624286678802315,0.0,8.428337759076502,0.0,8.267900890864015,0.0,11.033247605629404,0.0,4.251383142091798,0.0,4.176954616984704,0.0,0.6620747411783772,0.0,3.2155520548674734,0.0,0.9594450219765286,0.0,""
"2026-09-29 13:38:49","git-master-bddc7a050319718b5e4e0856afec0bc9ea96418f","C:\Users\marco\Desktop\ds004507\derivatives\labels\sub-009\ses-headDown\anat\sub-009_ses-headDown_T2w_seg-manual.nii.gz","918","2","",73.67317513473473,0.0,-1.5621620372193488,0.0,-5.373084752171427,0.0,8.404278899758502,0.0,8.315600567027005,0.0,11.314358572404661,0.0,4.3172829685778575,0.0,4.086995931180645,0.0,0.6781105010106605,0.0,7.386832835398556,0.0,0.9570383912248629,0.0,""
"2026-09-29 13:38:49","git-master-bddc7a050319718b5e4e0856afec0bc9ea96418f","C:\Users\marco\Desktop\ds004507\derivatives\labels\sub-009\ses-headDown\anat\sub-009_ses-headDown_T2w_seg-manual.nii.gz","919","2","",74.30288704522142,0.0,-1.4437500308178977,0.0,-5.375719221313005,0.0,8.50457673629697,0.0,8.292252163483054,0.0,11.47800600035342,0.0,4.4011610154559095,0.0,4.10341572084106,0.0,0.6913788300337006,0.0,8.299323760271042,0.0,0.9522021036809128,0.0,""
"2026-09-29 13:38:49","git-master-bddc7a050319718b5e4e0856afec0bc9ea96418f","C:\Users\marco\Desktop\ds004507\derivatives\labels\sub-009\ses-headDown\anat\sub-009_ses-headDown_T2w_seg-manual.nii.gz","920","2","",74.66560230579414,0.0,-1.3284134899685118,0.0,-5.371223571322106,0.0,8.509873457316322,0.0,8.337639232826172,0.0,11.45686795334927,0.0,4.400135894358716,0.0,4.109737562957607,0.0,0.6858282616466348,0.0,9.68761062472991,0.0,0.9493936929578535,0.0,""
"2026-09-29 13:38:49","git-master-bddc7a050319718b5e4e0856afec0bc9ea96418f","C:\Users\marco\Desktop\ds004507\derivatives\labels\sub-009\ses-headDown\anat\sub-009_ses-headDown_T2w_seg-manual.nii.gz","921","2","",72.48574381890003,0.0,-1.2161541650158,0.0,-5.359597434791052,0.0,8.235848368928155,0.0,8.098241190972756,0.0,11.425564943148142,0.0,4.176787040309501,0.0,4.059061328618654,0.0,0.7051788441613283,0.0,8.231133543590978,0.0,0.9468250485770106,0.0,""
"2026-09-29 13:38:49","git-master-bddc7a050319718b5e4e0856afec0bc9ea96418f","C:\Users\marco\Desktop\ds004507\derivatives\labels\sub-009\ses-headDown\anat\sub-009_ses-headDown_T2w_seg-manual.nii.gz","922","2","",71.52359215369857,0.0,-1.1069736516550255,0.0,-5.340839977846135,0.0,8.071263338147435,0.0,8.003398101901727,0.0,11.406920033596437,0.0,4.023358888785998,0.0,4.047904449361437,0.0,0.712541226819852,0.0,8.294260619489894,0.0,0.9482588057847573,0.0,""
"2026-09-29 13:38:49","git-master-bddc7a050319718b5e4e0856afec0bc9ea96418f","C:\Users\marco\Desktop\ds004507\derivatives\labels\sub-009\ses-headDown\anat\sub-009_ses-headDown_T2w_seg-manual.nii.gz","923","2","",72.43214082176372,0.0,-1.0008733992176044,0.0,-5.314949905415657,0.0,8.145355386155577,0.0,8.106008241361389,0.0,11.404847530963076,0.0,4.043831083106373,0.0,4.101524303049204,0.0,0.7033550501906789,0.0,9.106175087216931,0.0,0.9548220910586006,0.0,""
"2026-09-29 13:38:49","git-master-bddc7a050319718b5e4e0856afec0bc9ea96418f","C:\Users\marco\Desktop\ds004507\derivatives\labels\sub-009\ses-headDown\anat\sub-009_ses-headDown_T2w_seg-manual.nii.gz","924","2","",73.91948503739394,0.0,-0.8978547187685557,0.0,-5.281925469025265,0.0,8.26368975361079,0.0,8.200029077587123,0.0,11.490547073130253,0.0,4.146845907246764,0.0,4.116843846364025,0.0,0.7004102487776254,0.0,9.063048455659093,0.0,0.9592179867510124,0.0,""
"2026-09-29 13:38:49","git-master-bddc7a050319718b5e4e0856afec0bc9ea96418f","C:\Users\marco\Desktop\ds004507\derivatives\labels\sub-009\ses-headDown\anat\sub-009_ses-headDown_T2w_seg-manual.nii.gz","925","2","",75.11869417904208,0.0,-0.7979187910135723,0.0,-5.2417644771267655,0.0,8.338750263168906,0.0,8.251561895746091,0.0,11.597287271636125,0.0,4.23636792421826,0.0,4.102382338950646,0.0,0.7025618629521182,0.0,7.868194801665363,0.0,0.9630367926984208,0.0,""
"2026-09-29 13:38:49","git-master-bddc7a050319718b5e4e0856afec0bc9ea96418f","C:\Users\marco\Desktop\ds004507\derivatives\labels\sub-009\ses-headDown\anat\sub-009_ses-headDown_T2w_seg-manual.nii.gz","926","2","",75.52345828938267,0.0,-0.7010666740135415,0.0,-5.194464307968062,0.0,8.456229373669505,0.0,8.331217260637892,0.0,11.561784270833753,0.0,4.28305275435195,0.0,4.173176619317555,0.0,0.693294386008009,0.0,6.756992734164442,0.0,0.9743488480876954,0.0,""
"2026-09-29 13:38:49","git-master-bddc7a050319718b5e4e0856afec0bc9ea96418f","C:\Users\marco\Desktop\ds004507\derivatives\labels\sub-009\ses-headDown\anat\sub-009_ses-headDown_T2w_seg-manual.nii.gz","927","2","",74.04992066271159,0.0,-0.6072993107044903,0.0,-5.140021925013303,0.0,8.39967266217705,0.0,8.167407282439965,0.0,11.560510346357425,0.0,4.243225391410222,0.0,4.156447270766828,0.0,0.707720736391065,0.0,9.08416667808932,0.0,0.9745815715207521,0.0,""
"2026-09-29 13:38:49","git-master-bddc7a050319718b5e4e0856afec0bc9ea96418f","C:\Users\marco\Desktop\ds004507\derivatives\labels\sub-009\ses-headDown\anat\sub-009_ses-headDown_T2w_seg-manual.nii.gz","928","2","",73.73301186971976,0.0,-0.5166175362210825,0.0,-5.078433894923681,0.0,8.404831584245244,0.0,8.153191222993632,0.0,11.527205970670288,0.0,4.264113427360783,0.0,4.14071815688446,0.0,0.7069136449724189,0.0,8.081538026099345,0.0,0.9708454810495627,0.0,""
"2026-09-29 13:38:49","git-master-bddc7a050319718b5e4e0856afec0bc9ea96418f","C:\Users\marco\Desktop\ds004507\derivatives\labels\sub-009\ses-headDown\anat\sub-009_ses-headDown_T2w_seg-manual.nii.gz","929","2","",74.3922199708632,0.0,-0.4294079739443255,0.0,-5.008802040474178,0.0,8.402161531548675,0.0,8.268895115974688,0.0,11.443513130480548,0.0,4.267347134382933,0.0,4.134814397165742,0.0,0.6912319662242921,0.0,8.865216355736102,0.0,0.9722455416652139,0.0,""
"2026-09-29 13:38:49","git-master-bddc7a050319718b5e4e0856afec0bc9ea96418f","C:\Users\marco\Desktop\ds004507\derivatives\labels\sub-009\ses-headDown\anat\sub-009_ses-headDown_T2w_seg-manual.nii.gz","930","2","",75.34152227418299,0.0,-0.345285523046695,0.0,-4.932015244932626,0.0,8.450573392716564,0.0,8.506840722830605,0.0,11.35519954647545,0.0,4.395427972099348,0.0,4.055145420617215,0.0,0.6620832558453156,0.0,5.455983028433874,0.0,0.9699987867322695,0.0,""
"2026-09-29 13:38:49","git-master-bddc7a050319718b5e4e0856afec0bc9ea96418f","C:\Users\marco\Desktop\ds004507\derivatives\labels\sub-009\ses-headDown\anat\sub-009_ses-headDown_T2w_seg-manual.nii.gz","931","2","",76.56153011482003,0.0,-0.27099401369746806,0.0,-4.847895354837623,0.0,8.71469471398751,0.0,8.630845878791337,0.0,11.354356861950894,0.0,4.481185951733185,0.0,4.233508762254326,0.0,0.6497517134999442,0.0,3.8834381524439334,0.0,0.9619588925127706,0.0,""
"2026-09-29 13:38:49","git-master-bddc7a050319718b5e4e0856afec0bc9ea96418f","C:\Users\marco\Desktop\ds004507\derivatives\labels\sub-009\ses-headDown\anat\sub-009_ses-headDown_T2w_seg-manual.nii.gz","932","2","",77.43150125692004,0.0,-0.21327740610918167,0.0,-4.756263764016166,0.0,8.893500003682373,0.0,8.732258407456154,0.0,11.291471289798492,0.0,4.509911154004684,0.0,4.38358884967769,0.0,0.6337574225952802,0.0,2.6605624835541946,0.0,0.9600549905552639,0.0,""
"2026-09-29 13:38:49","git-master-bddc7a050319718b5e4e0856afec0bc9ea96418f","C:\Users\marco\Desktop\ds004507\derivatives\labels\sub-009\ses-headDown\anat\sub-009_ses-headDown_T2w_seg-manual.nii.gz","933","2","",77.18944924001997,0.0,-0.17406288180350107,0.0,-4.657065450185205,0.0,8.929388985972704,0.0,8.778289074114781,0.0,11.155626494604675,0.0,4.519636979630241,0.0,4.409752006342463,0.0,0.6169499752396487,0.0,3.6664135198289296,0.0,0.9638398833611961,0.0,""
"2026-09-29 13:38:49","git-master-bddc7a050319718b5e4e0856afec0bc9ea96418f","C:\Users\marco\Desktop\ds004507\derivatives\labels\sub-009\ses-headDown\anat\sub-009_ses-headDown_T2w_seg-manual.nii.gz","934","2","",76.22485802466348,0.0,-0.1533507520004974,0.0,-4.550294711440029,0.0,8.934760227241764,0.0,8.775151164096114,0.0,11.020641518813576,0.0,4.517042844829579,0.0,4.417717382412186,0.0,0.6049079224373325,0.0,5.631759464801257,0.0,0.9642824268306428,0.0,""
"2026-09-29 13:38:49","git-master-bddc7a050319718b5e4e0856afec0bc9ea96418f","C:\Users\marco\Desktop\ds004507\derivatives\labels\sub-009\ses-headDown\anat\sub-009_ses-headDown_T2w_seg-manual.nii.gz","935","2","",75.26067791590833,0.0,-0.15114115150635787,0.0,-4.435945658598447,0.0,8.916125654154529,0.0,8.732770038142537,0.0,10.956882951609803,0.0,4.473808120593977,0.0,4.442317533560554,0.0,0.6038650484997722,0.0,3.051329569470503,0.0,0.9637156356416834,0.0,""
"2026-09-29 13:38:49","git-master-bddc7a050319718b5e4e0856afec0bc9ea96418f","C:\Users\marco\Desktop\ds004507\derivatives\labels\sub-009\ses-headDown\anat\sub-009_ses-headDown_T2w_seg-manual.nii.gz","936","2","",75.0923550343076,0.0,-0.16743409747010632,0.0,-4.314012263074317,0.0,8.851151390804064,0.0,8.680931111807396,0.0,11.004727126581788,0.0,4.4306647129453145,0.0,4.42048667785875,0.0,0.6146068582176282,0.0,-2.1662846569147547,0.0,0.9695773993697739,0.0,""
"2026-09-29 13:38:49","git-master-bddc7a050319718b5e4e0856afec0bc9ea96418f","C:\Users\marco\Desktop\ds004507\derivatives\labels\sub-009\ses-headDown\anat\sub-009_ses-headDown_T2w_seg-manual.nii.gz","937","2","",77.41975987126148,0.0,-0.20222950292093983,0.0,-4.184488407971466,0.0,8.990285345603377,0.0,8.850210327974183,0.0,11.156038151771863,0.0,4.537136419351788,0.0,4.453148926251588,0.0,0.6087385365105425,0.0,5.888051164401971,0.0,0.9630137096432313,0.0,""
"2026-09-29 13:38:49","git-master-bddc7a050319718b5e4e0856afec0bc9ea96418f","C:\Users\marco\Desktop\ds004507\derivatives\labels\sub-009\ses-headDown\anat\sub-009_ses-headDown_T2w_seg-manual.nii.gz","938","2","",77.4330307093465,0.0,-0.2555271450842892,0.0,-4.047367942419561,0.0,8.911842076944076,0.0,8.794877340798354,0.0,11.294571023405862,0.0,4.4940190738613595,0.0,4.417823003082717,0.0,0.6274189930522087,0.0,6.135434928898807,0.0,0.9585549919584313,0.0,""
"2026-09-29 13:38:49","git-master-bddc7a050319718b5e4e0856afec0bc9ea96418f","C:\Users\marco\Desktop\ds004507\derivatives\labels\sub-009\ses-headDown\anat\sub-009_ses-headDown_T2w_seg-manual.nii.gz","939","1","",75.63801723638672,0.0,-0.33787382237679436,0.0,-3.885507379785236,0.0,8.81234592260038,0.0,8.67233951734964,0.0,11.069612531274457,0.0,4.415752881059811,0.0,4.396593041540569,0.0,0.6214717259550067,0.0,2.1788719403483388,0.0,0.9632532442502891,0.0,""
"2026-09-29 13:38:49","git-master-bddc7a050319718b5e4e0856afec0bc9ea96418f","C:\Users\marco\Desktop\ds004507\derivatives\labels\sub-009\ses-headDown\anat\sub-009_ses-headDown_T2w_seg-manual.nii.gz","940","1","",75.42934761074477,0.0,-0.40115722577657054,0.0,-3.782683223460531,0.0,8.787097600482024,0.0,8.669385975799793,0.0,11.063466677814075,0.0,4.426018123047068,0.0,4.361079477434958,0.0,0.6212594599987212,0.0,1.5556873558308904,0.0,0.9613567320642886,0.0,""
"2026-09-29 13:38:49","git-master-bddc7a050319718b5e4e0856afec0bc9ea96418f","C:\Users\marco\Desktop\ds004507\derivatives\labels\sub-009\ses-headDown\anat\sub-009_ses-headDown_T2w_seg-manual.nii.gz","941","1","",75.00340593275205,0.0,-0.469065259972036,0.0,-3.6779548163307574,0.0,8.724355710585094,0.0,8.633677677318028,0.0,11.060738806150306,0.0,4.413801498332522,0.0,4.310554212252572,0.0,0.6249872209732392,0.0,1.390445597515316,0.0,0.9591369661593524,0.0,""
"2026-09-29 13:38:49","git-master-bddc7a050319718b5e4e0856afec0bc9ea96418f","C:\Users\marco\Desktop\ds004507\derivatives\labels\sub-009\ses-headDown\anat\sub-009_ses-headDown_T2w_seg-manual.nii.gz","942","1","",74.1429201500578,0.0,-0.54622255575888,0.0,-3.5694179075908474,0.0,8.58662668513101,0.0,8.532459864972418,0.0,11.064846898079761,0.0,4.356621140214376,0.0,4.230005544916636,0.0,0.6365950358093636,0.0,2.1410894916034904,0.0,0.9562706928165448,0.0,""
"2026-09-29 13:38:49","git-master-bddc7a050319718b5e4e0856afec0bc9ea96418f","C:\Users\marco\Desktop\ds004507\derivatives\labels\sub-009\ses-headDown\anat\sub-009_ses-headDown_T2w_seg-manual.nii.gz","943","1","",73.00229402914037,0.0,-0.6326274661656797,0.0,-3.457069392262411,0.0,8.51284175838913,0.0,8.522126457275379,0.0,10.929888347134172,0.0,4.294500514044933,0.0,4.218341244344196,0.0,0.625422093270058,0.0,3.021565335704165,0.0,0.9629870174858884,0.0,""
"2026-09-29 13:38:49","git-master-bddc7a050319718b5e4e0856afec0bc9ea96418f","C:\Users\marco\Desktop\ds004507\derivatives\labels\sub-009\ses-headDown\anat\sub-009_ses-headDown_T2w_seg-manual.nii.gz","944","1","",71.72159773911137,0.0,-0.723656183882457,0.0,-3.342815073639712,0.0,8.471028881003349,0.0,8.557235251902624,0.0,10.725396474751062,0.0,4.229909753849842,0.0,4.241119127153506,0.0,0.6028587720430374,0.0,3.966957154811091,0.0,0.9744946411613078,0.0,""
"2026-09-29 13:38:49","git-master-bddc7a050319718b5e4e0856afec0bc9ea96418f","C:\Users\marco\Desktop\ds004507\derivatives\labels\sub-009\ses-headDown\anat\sub-009_ses-headDown_T2w_seg-manual.nii.gz","945","1","",72.38059636266378,0.0,-0.8285525106590077,0.0,-3.2228390538886145,0.0,8.44749104192088,0.0,8.47226897650707,0.0,10.941654933900352,0.0,4.231509291767407,0.0,4.215981750153474,0.0,0.6317043643535095,0.0,0.9471323491081867,0.0,0.9765039125945083,0.0,""
"2026-09-29 13:38:49","git-master-bddc7a050319718b5e4e0856afec0bc9ea96418f","C:\Users\marco\Desktop\ds004507\derivatives\labels\sub-009\ses-headDown\anat\sub-009_ses-headDown_T2w_seg-manual.nii.gz","946","1","",73.32917052017187,0.0,-0.9380695074247369,0.0,-3.100954523763906,0.0,8.437425622340452,0.0,8.443823127820854,0.0,11.126054141629606,0.0,4.237462131152098,0.0,4.199963491188354,0.0,0.6511760738010434,0.0,-0.48695053806491195,0.0,0.9761525550114701,0.0,""
"2026-09-29 13:38:49","git-master-bddc7a050319718b5e4e0856afec0bc9ea96418f","C:\Users\marco\Desktop\ds004507\derivatives\labels\sub-009\ses-headDown\anat\sub-009_ses-headDown_T2w_seg-manual.nii.gz","947","1","",74.8568957455913,0.0,-1.056827844168823,0.0,-2.975252972891975,0.0,8.454305041764105,0.0,8.52841813255331,0.0,11.246734846518775,0.0,4.252121573471045,0.0,4.20218346829306,0.0,0.6519000175227005,0.0,1.2504504118216218,0.0,0.9710799393959544,0.0,""
"2026-09-29 13:38:49","git-master-bddc7a050319718b5e4e0856afec0bc9ea96418f","C:\Users\marco\Desktop\ds004507\derivatives\labels\sub-009\ses-headDown\anat\sub-009_ses-headDown_T2w_seg-manual.nii.gz","948","1","",75.2244578351569,0.0,-1.1848222569629643,0.0,-2.8457322221368937,0.0,8.458979621554064,0.0,8.547629995418324,0.0,11.243920927145677,0.0,4.263169085237736,0.0,4.195810536316329,0.0,0.6496625239450176,0.0,0.9698965457951756,0.0,0.9717355614885465,0.0,""
"2026-09-29 13:38:49","git-master-bddc7a050319718b5e4e0856afec0bc9ea96418f","C:\Users\marco\Desktop\ds004507\derivatives\labels\sub-009\ses-headDown\anat\sub-009_ses-headDown_T2w_seg-manual.nii.gz","949","1","",75.01193835679557,0.0,-1.3174347077821336,0.0,-2.7143018714402367,0.0,8.45755178152718,0.0,8.534150287349616,0.0,11.179359695641445,0.0,4.2724106317283,0.0,4.18514114979888,0.0,0.6459443117176645,0.0,-0.3196347281877705,0.0,0.9752553024351924,0.0,""
"2026-09-29 13:38:49","git-master-bddc7a050319718b5e4e0856afec0bc9ea96418f","C:\Users\marco\Desktop\ds004507\derivatives\labels\sub-009\ses-headDown\anat\sub-009_ses-headDown_T2w_seg-manual.nii.gz","950","1","",74.5646944705904,0.0,-1.451330533105814,0.0,-2.577140118519782,0.0,8.610986584081722,0.0,8.653369491116038,0.0,10.972788219250612,0.0,4.349046045173439,0.0,4.261940538908283,0.0,0.6135436792648321,0.0,1.9779011350423141,0.0,0.9628717098026263,0.0,""
"2026-09-29 13:38:49","git-master-bddc7a050319718b5e4e0856afec0bc9ea96418f","C:\Users\marco\Desktop\ds004507\derivatives\labels\sub-009\ses-headDown\anat\sub-009_ses-headDown_T2w_seg-manual.nii.gz","951","1","",74.41247751985975,0.0,-1.5814667493582526,0.0,-2.438067289479002,0.0,8.710384775479731,0.0,8.711307528369057,0.0,10.884600462907542,0.0,4.381855705657466,0.0,4.328529069822267,0.0,0.5991449534278385,0.0,2.8730854654526867,0.0,0.9548466312585785,0.0,""
"2026-09-29 13:38:49","git-master-bddc7a050319718b5e4e0856afec0bc9ea96418f","C:\Users\marco\Desktop\ds004507\derivatives\labels\sub-009\ses-headDown\anat\sub-009_ses-headDown_T2w_seg-manual.nii.gz","952","1","",74.85031444007817,0.0,-1.7040837474682071,0.0,-2.2951723081975706,0.0,8.701709744564678,0.0,8.64668323259527,0.0,11.033180146660007,0.0,4.327013860219269,0.0,4.374695884345408,0.0,0.6207500408225223,0.0,0.9635667302236102,0.0,0.9555385808915677,0.0,""
"2026-09-29 13:38:49","git-master-bddc7a050319718b5e4e0856afec0bc9ea96418f","C:\Users\marco\Desktop\ds004507\derivatives\labels\sub-009\ses-headDown\anat\sub-009_ses-headDown_T2w_seg-manual.nii.gz","953","1","",74.70813114989204,0.0,-1.8191840303412457,0.0,-2.148454551317711,0.0,8.654661634168175,0.0,8.62265471160219,0.0,11.062791679342656,0.0,4.31651453657878,0.0,4.338147097589395,0.0,0.6264830286660614,0.0,-0.9039484962904636,0.0,0.9548939674187199,0.0,""
"2026-09-29 13:38:49","git-master-bddc7a050319718b5e4e0856afec0bc9ea96418f","C:\Users\marco\Desktop\ds004507\derivatives\labels\sub-009\ses-headDown\anat\sub-009_ses-headDown_T2w_seg-manual.nii.gz","954","1","",74.27593775450364,0.0,-1.930525955595826,0.0,-1.9998254066386363,0.0,8.588426984030951,0.0,8.618924077999464,0.0,11.032919136490396,0.0,4.328186473837145,0.0,4.260240510193806,0.0,0.6242799667340283,0.0,-2.7504619684470413,0.0,0.9535810723929535,0.0,""
"2026-09-29 13:38:49","git-master-bddc7a050319718b5e4e0856afec0bc9ea96418f","C:\Users\marco\Desktop\ds004507\derivatives\labels\sub-009\ses-headDown\anat\sub-009_ses-headDown_T2w_seg-manual.nii.gz","955","1","",74.71266936173289,0.0,-2.030597457739696,0.0,-1.8454621742651973,0.0,8.589264794631065,0.0,8.650369939321154,0.0,11.0690093665979,0.0,4.336039071359375,0.0,4.253225723271691,0.0,0.6239128107927329,0.0,-2.7762775088718503,0.0,0.956767549600613,0.0,""
"2026-09-29 13:38:49","git-master-bddc7a050319718b5e4e0856afec0bc9ea96418f","C:\Users\marco\Desktop\ds004507\derivatives\labels\sub-009\ses-headDown\anat\sub-009_ses-headDown_T2w_seg-manual.nii.gz","956","1","",75.0768228726579,0.0,-2.1269138808096315,0.0,-1.689187982919933,0.0,8.58875298145477,0.0,8.673759526402986,0.0,11.102338927659487,0.0,4.344134654732987,0.0,4.244618326721783,0.0,0.6242084641519149,0.0,-1.9293251484913772,0.0,0.9571437056716048,0.0,""
"2026-09-29 13:38:49","git-master-bddc7a050319718b5e4e0856afec0bc9ea96418f","C:\Users\marco\Desktop\ds004507\derivatives\labels\sub-009\ses-headDown\anat\sub-009_ses-headDown_T2w_seg-manual.nii.gz","957","1","",75.29582019097444,0.0,-2.2157201457316966,0.0,-1.529091873631019,0.0,8.585541920725653,0.0,8.681036565005108,0.0,11.130147150629234,0.0,4.352716209809363,0.0,4.23282571091629,0.0,0.625829736112052,0.0,0.6631630134996636,0.0,0.9518992194692607,0.0,""
"2026-09-29 13:38:49","git-master-bddc7a050319718b5e4e0856afec0bc9ea96418f","C:\Users\marco\Desktop\ds004507\derivatives\labels\sub-009\ses-headDown\anat\sub-009_ses-headDown_T2w_seg-manual.nii.gz","958","1","",75.22454231709942,0.0,-2.2970198522951555,0.0,-1.365175496235388,0.0,8.620119734175526,0.0,8.62925305199565,0.0,11.197471316459694,0.0,4.386448043114202,0.0,4.233671691061326,0.0,0.6369606845299358,0.0,1.901721501654369,0.0,0.9506402102293616,0.0,""
"2026-09-29 13:38:49","git-master-bddc7a050319718b5e4e0856afec0bc9ea96418f","C:\Users\marco\Desktop\ds004507\derivatives\labels\sub-009\ses-headDown\anat\sub-009_ses-headDown_T2w_seg-manual.nii.gz","959","1","",75.00812684712864,0.0,-2.374566279679311,0.0,-1.1993489847863985,0.0,8.673591984714896,0.0,8.547939263180401,0.0,11.28455345372051,0.0,4.432755015533272,0.0,4.240836969181625,0.0,0.6528464711766933,0.0,2.4633151528908876,0.0,0.951373939470685,0.0,""
"2026-09-29 13:38:49","git-master-bddc7a050319718b5e4e0856afec0bc9ea96418f","C:\Users\marco\Desktop\ds004507\derivatives\labels\sub-009\ses-headDown\anat\sub-009_ses-headDown_T2w_seg-manual.nii.gz","960","1","",76.96523648953864,0.0,-2.440858197472296,0.0,-1.0277959432155317,0.0,8.698510710150257,0.0,8.62420504654488,0.0,11.46910959216161,0.0,4.461418907373106,0.0,4.237091802777153,0.0,0.6591171896138219,0.0,2.9910860799605854,0.0,0.9564027867974483,0.0,""
"2026-09-29 13:38:49","git-master-bddc7a050319718b5e4e0856afec0bc9ea96418f","C:\Users\marco\Desktop\ds004507\derivatives\labels\sub-009\ses-headDown\anat\sub-009_ses-headDown_T2w_seg-manual.nii.gz","961","1","",77.54521877388055,0.0,-2.5034002811891183,0.0,-0.8543358605511617,0.0,8.736959078801515,0.0,8.689673858318153,0.0,11.46849489058912,0.0,4.460615014319187,0.0,4.276344064482327,0.0,0.6513862128643815,0.0,2.7737111841167312,0.0,0.9614386454288882,0.0,""
"2026-09-29 13:38:49","git-master-bddc7a050319718b5e4e0856afec0bc9ea96418f","C:\Users\marco\Desktop\ds004507\derivatives\labels\sub-009\ses-headDown\anat\sub-009_ses-headDown_T2w_seg-manual.nii.gz","962","1","",75.37094634208621,0.0,-2.558442696753615,0.0,-0.6770616956997866,0.0,8.802466733884561,0.0,8.733548726909016,0.0,11.097538508989448,0.0,4.400875551477767,0.0,4.401591182406794,0.0,0.6156518457418024,0.0,1.0660446424457541,0.0,0.9664885266696817,0.0,""
"2026-09-29 13:38:49","git-master-bddc7a050319718b5e4e0856afec0bc9ea96418f","C:\Users\marco\Desktop\ds004507\derivatives\labels\sub-009\ses-headDown\anat\sub-009_ses-headDown_T2w_seg-manual.nii.gz","963","1","",74.79066545138635,0.0,-2.605988427134002,0.0,-0.49597817076391715,0.0,8.827878177151407,0.0,8.785556875655182,0.0,10.934082150390733,0.0,4.385038757894944,0.0,4.4428394192564635,0.0,0.5951104572259729,0.0,1.2951342993493542,0.0,0.966584385552508,0.0,""
"2026-09-29 13:38:49","git-master-bddc7a050319718b5e4e0856afec0bc9ea96418f","C:\Users\marco\Desktop\ds004507\derivatives\labels\sub-009\ses-headDown\anat\sub-009_ses-headDown_T2w_seg-manual.nii.gz","964","1","",75.0073803312337,0.0,-2.649785814922334,0.0,-0.3129899657857997,0.0,8.833241514510153,0.0,8.841631664479001,0.0,10.874375803292498,0.0,4.39115329894142,0.0,4.442088215568733,0.0,0.5821655580135181,0.0,2.4926020555402544,0.0,0.964203233256351,0.0,""
"2026-09-29 13:38:49","git-master-bddc7a050319718b5e4e0856afec0bc9ea96418f","C:\Users\marco\Desktop\ds004507\derivatives\labels\sub-009\ses-headDown\anat\sub-009_ses-headDown_T2w_seg-manual.nii.gz","965","1","",75.89199470783682,0.0,-2.682341940493552,0.0,-0.12429662538346861,0.0,8.784125590143425,0.0,8.848021536643671,0.0,10.98076836586151,0.0,4.449626258164042,0.0,4.3344993319793845,0.0,0.5920741025673294,0.0,6.3349219085297666,0.0,0.9622626186037453,0.0,""
"2026-09-29 13:38:49","git-master-bddc7a050319718b5e4e0856afec0bc9ea96418f","C:\Users\marco\Desktop\ds004507\derivatives\labels\sub-009\ses-headDown\anat\sub-009_ses-headDown_T2w_seg-manual.nii.gz","966","1","",76.76539651330938,0.0,-2.7111519509436297,0.0,0.06629480185552368,0.0,8.757949217268138,0.0,8.859937963164189,0.0,11.08735227916218,0.0,4.489145341368326,0.0,4.268803875899812,0.0,0.6011306241330941,0.0,8.760023960831836,0.0,0.9612781830156631,0.0,""
"2026-09-29 13:38:49","git-master-bddc7a050319718b5e4e0856afec0bc9ea96418f","C:\Users\marco\Desktop\ds004507\derivatives\labels\sub-009\ses-headDown\anat\sub-009_ses-headDown_T2w_seg-manual.nii.gz","967","1","",77.61637317652088,0.0,-2.732469731151428,0.0,0.26068240276783783,0.0,8.77765194737573,0.0,8.882907498396404,0.0,11.194318893926173,0.0,4.490756672535939,0.0,4.28689527483979,0.0,0.6084830997227656,0.0,8.350690411758977,0.0,0.9622061055566286,0.0,""
"2026-09-29 13:38:49","git-master-bddc7a050319718b5e4e0856afec0bc9ea96418f","C:\Users\marco\Desktop\ds004507\derivatives\labels\sub-009\ses-headDown\anat\sub-009_ses-headDown_T2w_seg-manual.nii.gz","968","1","",77.1735093046789,0.0,-2.7462965906858536,0.0,0.458857512771048,0.0,8.75148729322677,0.0,8.839314318093356,0.0,11.197471386151687,0.0,4.450377350505289,0.0,4.301109942721481,0.0,0.6138715534368894,0.0,7.009065691680558,0.0,0.9602423385687356,0.0,""
"2026-09-29 13:38:49","git-master-bddc7a050319718b5e4e0856afec0bc9ea96418f","C:\Users\marco\Desktop\ds004507\derivatives\labels\sub-009\ses-headDown\anat\sub-009_ses-headDown_T2w_seg-manual.nii.gz","969","1","",76.08372516531017,0.0,-2.756377989883594,0.0,0.6589263773197059,0.0,8.702388946949535,0.0,8.762439780022673,0.0,11.14871681710796,0.0,4.389002701875508,0.0,4.313386245074027,0.0,0.6182779962132393,0.0,5.201295386099349,0.0,0.9568327268164136,0.0,""
"2026-09-29 13:38:49","git-master-bddc7a050319718b5e4e0856afec0bc9ea96418f","C:\Users\marco\Desktop\ds004507\derivatives\labels\sub-009\ses-headDown\anat\sub-009_ses-headDown_T2w_seg-manual.nii.gz","970","1","",75.64502905898009,0.0,-2.755223952022772,0.0,0.8646612322243408,0.0,8.658797004796499,0.0,8.731618527763873,0.0,11.122943030807063,0.0,4.389994408133591,0.0,4.268802596662909,0.0,0.6194840230444729,0.0,4.115683200159104,0.0,0.9499047446642142,0.0,""
"2026-09-29 13:38:49","git-master-bddc7a050319718b5e4e0856afec0bc9ea96418f","C:\Users\marco\Desktop\ds004507\derivatives\labels\sub-009\ses-headDown\anat\sub-009_ses-headDown_T2w_seg-manual.nii.gz","971","1","",75.27843532235454,0.0,-2.750324732294509,0.0,1.072278848446485,0.0,8.621227513946225,0.0,8.700982550833308,0.0,11.107098360639919,0.0,4.395437203363749,0.0,4.225790310582476,0.0,0.6215450466829106,0.0,4.397415937228313,0.0,0.9481318093370437,0.0,""
"2026-09-29 13:38:49","git-master-bddc7a050319718b5e4e0856afec0bc9ea96418f","C:\Users\marco\Desktop\ds004507\derivatives\labels\sub-009\ses-headDown\anat\sub-009_ses-headDown_T2w_seg-manual.nii.gz","972","1","",75.0560463251381,0.0,-2.7379351488313617,0.0,1.2836619873036463,0.0,8.595702925701472,0.0,8.67071712455921,0.0,11.111111922740282,0.0,4.409782176538059,0.0,4.185920749163414,0.0,0.6253160639357563,0.0,7.413838520316462,0.0,0.9566689676599314,0.0,""
"2026-09-29 13:38:49","git-master-bddc7a050319718b5e4e0856afec0bc9ea96418f","C:\Users\marco\Desktop\ds004507\derivatives\labels\sub-009\ses-headDown\anat\sub-009_ses-headDown_T2w_seg-manual.nii.gz","973","1","",74.54175035199478,0.0,-2.7269030358085886,0.0,1.5231341366017384,0.0,8.526233520059156,0.0,8.66697470059183,0.0,11.030540225359204,0.0,4.311089236999645,0.0,4.215144283059512,0.0,0.6183523496590038,0.0,7.823797757972121,0.0,0.9592086176827702,0.0,""
"2026-09-29 13:38:49","git-master-bddc7a050319718b5e4e0856afec0bc9ea96418f","C:\Users\marco\Desktop\ds004507\derivatives\labels\sub-009\ses-headDown\anat\sub-009_ses-headDown_T2w_seg-manual.nii.gz","974","1","",73.88150089088802,0.0,-2.7165496580060027,0.0,1.7766507911202958,0.0,8.434791705718059,0.0,8.676493777777807,0.0,10.907675898237407,0.0,4.155877341104868,0.0,4.2789143646131915,0.0,0.606021269617452,0.0,6.9305253229115085,0.0,0.9587495135555844,0.0,""
"2026-09-29 13:38:49","git-master-bddc7a050319718b5e4e0856afec0bc9ea96418f","C:\Users\marco\Desktop\ds004507\derivatives\labels\sub-009\ses-headDown\anat\sub-009_ses-headDown_T2w_seg-manual.nii.gz","975","1","",74.73462084640494,0.0,-2.7215053905272706,0.0,2.108701916578368,0.0,8.413217466852773,0.0,8.651550577565398,0.0,11.014307082093058,0.0,4.135642638987075,0.0,4.277574827865698,0.0,0.6186632426324642,0.0,9.193032492250758,0.0,0.9629863232908958,0.0,""
"2026-09-29 13:38:49","git-master-bddc7a050319718b5e4e0856afec0bc9ea96418f","C:\Users\marco\Desktop\ds004507\derivatives\labels\sub-009\ses-headDown\anat\sub-009_ses-headDown_T2w_seg-manual.nii.gz","976","1","",75.36689295840448,0.0,-2.7315639490311088,0.0,2.4668544292109917,0.0,8.446952575586804,0.0,8.653422272319489,0.0,11.08137427089035,0.0,4.157824897680291,0.0,4.289127677906513,0.0,0.6246233563925185,0.0,10.658866743119951,0.0,0.967196716722744,0.0,""
"2026-09-29 13:38:49","git-master-bddc7a050319718b5e4e0856afec0bc9ea96418f","C:\Users\marco\Desktop\ds004507\derivatives\labels\sub-009\ses-headDown\anat\sub-009_ses-headDown_T2w_seg-manual.nii.gz","977","1","",75.55746938336927,0.0,-2.751828159500087,0.0,2.8772097161927173,0.0,8.59130637951948,0.0,8.708923757006579,0.0,11.069313469570922,0.0,4.2648410779955315,0.0,4.326465301523947,0.0,0.6172197516426567,0.0,10.53135515704893,0.0,0.9713542775476655,0.0,""
"2026-09-29 13:38:49","git-master-bddc7a050319718b5e4e0856afec0bc9ea96418f","C:\Users\marco\Desktop\ds004507\derivatives\labels\sub-009\ses-headDown\anat\sub-009_ses-headDown_T2w_seg-manual.nii.gz","978","1","",76.89510245838821,0.0,-2.7822962760857473,0.0,3.3395110344042425,0.0,8.661588435077533,0.0,8.715539311850764,0.0,11.246860943443018,0.0,4.308699455637515,0.0,4.352888979440018,0.0,0.6311127992311625,0.0,10.495288134086604,0.0,0.9666820843149939,0.0,""
"2026-09-29 13:38:49","git-master-bddc7a050319718b5e4e0856afec0bc9ea96418f","C:\Users\marco\Desktop\ds004507\derivatives\labels\sub-009\ses-headDown\anat\sub-009_ses-headDown_T2w_seg-manual.nii.gz","979","1","",78.80626385843425,0.0,-2.817866345729749,0.0,3.8277853682306686,0.0,8.694834616448277,0.0,8.697711901773493,0.0,11.51921255491088,0.0,4.32097893194287,0.0,4.373855684505408,0.0,0.6556541729888522,0.0,10.504943392678625,0.0,0.9575950140535257,0.0,""
"2026-09-29 13:38:49","git-master-bddc7a050319718b5e4e0856afec0bc9ea96418f","C:\Users\marco\Desktop\ds004507\derivatives\labels\sub-009\ses-headDown\anat\sub-009_ses-headDown_T2w_seg-manual.nii.gz","980","1","",78.09419579295319,0.0,-2.868737549734212,0.0,4.393376838863159,0.0,8.617972114408772,0.0,8.620702318141488,0.0,11.515065706076836,0.0,4.299831080907277,0.0,4.318141033501496,0.0,0.6629249573233417,0.0,10.725171876287044,0.0,0.9585877633552903,0.0,""
"2026-09-29 13:38:49","git-master-bddc7a050319718b5e4e0856afec0bc9ea96418f","C:\Users\marco\Desktop\ds004507\derivatives\labels\sub-009\ses-headDown\anat\sub-009_ses-headDown_T2w_seg-manual.nii.gz","981","1","",77.45219851521419,0.0,-2.9247067849756045,0.0,4.984443964299724,0.0,8.491838696895282,0.0,8.546755114650887,0.0,11.527789931841948,0.0,4.242182874039299,0.0,4.249655822855982,0.0,0.6709843125879138,0.0,10.752705694446183,0.0,0.9598600941687554,0.0,""
"2026-09-29 13:38:49","git-master-bddc7a050319718b5e4e0856afec0bc9ea96418f","C:\Users\marco\Desktop\ds004507\derivatives\labels\sub-009\ses-headDown\anat\sub-009_ses-headDown_T2w_seg-manual.nii.gz","982","1","",76.95034281295933,0.0,-2.990872082690857,0.0,5.626462399344449,0.0,8.267163448433816,0.0,8.478932671443092,0.0,11.574256306805369,0.0,4.11153395550655,0.0,4.1556294929272655,0.0,0.6806208097126514,0.0,10.394850181706753,0.0,0.9616915880056218,0.0,""
"2026-09-29 13:38:49","git-master-bddc7a050319718b5e4e0856afec0bc9ea96418f","C:\Users\marco\Desktop\ds004507\derivatives\labels\sub-009\ses-headDown\anat\sub-009_ses-headDown_T2w_seg-manual.nii.gz","983","1","",76.70599784775723,0.0,-3.0672270055370867,0.0,6.318593979235509,0.0,8.297643514940376,0.0,8.49198209539275,0.0,11.525692713417332,0.0,4.110726178543657,0.0,4.186917336396718,0.0,0.6759323866751706,0.0,9.641877140898899,0.0,0.9654106707946876,0.0,""
"2026-09-29 13:38:49","git-master-bddc7a050319718b5e4e0856afec0bc9ea96418f","C:\Users\marco\Desktop\ds004507\derivatives\labels\sub-009\ses-headDown\anat\sub-009_ses-headDown_T2w_seg-manual.nii.gz","984","1","",76.59040825108151,0.0,-3.148676740948805,0.0,7.035782131549734,0.0,8.45570123893095,0.0,8.545467452921134,0.0,11.429614135853567,0.0,4.174838972365695,0.0,4.280862266565255,0.0,0.6640815035565806,0.0,8.691345336056829,0.0,0.9700735480598529,0.0,""
