Timestamp,SCT Version,Filename,Slice (I->S),VertLevel,DistancePMJ,MEAN(area),STD(area),MEAN(angle_AP),STD(angle_AP),MEAN(angle_RL),STD(angle_RL),MEAN(diameter_AP),STD(diameter_AP),MEAN(diameter_AP_ellipse),STD(diameter_AP_ellipse),MEAN(diameter_RL),STD(diameter_RL),MEAN(length_anterior),STD(length_anterior),MEAN(length_posterior),STD(length_posterior),MEAN(eccentricity),STD(eccentricity),MEAN(orientation),STD(orientation),MEAN(solidity),STD(solidity),SUM(length)
"2026-09-25 17:12:13","git-master-bddc7a050319718b5e4e0856afec0bc9ea96418f","C:\Users\marco\Desktop\ds004507\derivatives\labels\sub-002\ses-headUp\anat\sub-002_ses-headUp_T2w_seg-manual.nii.gz","647","9","","","","","","","","","","","","","","","","","","","","","","","",""
"2026-09-25 17:12:13","git-master-bddc7a050319718b5e4e0856afec0bc9ea96418f","C:\Users\marco\Desktop\ds004507\derivatives\labels\sub-002\ses-headUp\anat\sub-002_ses-headUp_T2w_seg-manual.nii.gz","648","9","","","","","","","","","","","","","","","","","","","","","","","",""
"2026-09-25 17:12:13","git-master-bddc7a050319718b5e4e0856afec0bc9ea96418f","C:\Users\marco\Desktop\ds004507\derivatives\labels\sub-002\ses-headUp\anat\sub-002_ses-headUp_T2w_seg-manual.nii.gz","649","9","","","","","","","","","","","","","","","","","","","","","","","",""
"2026-09-25 17:12:13","git-master-bddc7a050319718b5e4e0856afec0bc9ea96418f","C:\Users\marco\Desktop\ds004507\derivatives\labels\sub-002\ses-headUp\anat\sub-002_ses-headUp_T2w_seg-manual.nii.gz","650","9","","","","","","","","","","","","","","","","","","","","","","","",""
"2026-09-25 17:12:13","git-master-bddc7a050319718b5e4e0856afec0bc9ea96418f","C:\Users\marco\Desktop\ds004507\derivatives\labels\sub-002\ses-headUp\anat\sub-002_ses-headUp_T2w_seg-manual.nii.gz","651","9","","","","","","","","","","","","","","","","","","","","","","","",""
"2026-09-25 17:12:13","git-master-bddc7a050319718b5e4e0856afec0bc9ea96418f","C:\Users\marco\Desktop\ds004507\derivatives\labels\sub-002\ses-headUp\anat\sub-002_ses-headUp_T2w_seg-manual.nii.gz","652","9","","","","","","","","","","","","","","","","","","","","","","","",""
"2026-09-25 17:12:13","git-master-bddc7a050319718b5e4e0856afec0bc9ea96418f","C:\Users\marco\Desktop\ds004507\derivatives\labels\sub-002\ses-headUp\anat\sub-002_ses-headUp_T2w_seg-manual.nii.gz","653","9","","","","","","","","","","","","","","","","","","","","","","","",""
"2026-09-25 17:12:13","git-master-bddc7a050319718b5e4e0856afec0bc9ea96418f","C:\Users\marco\Desktop\ds004507\derivatives\labels\sub-002\ses-headUp\anat\sub-002_ses-headUp_T2w_seg-manual.nii.gz","654","9","","","","","","","","","","","","","","","","","","","","","","","",""
"2026-09-25 17:12:13","git-master-bddc7a050319718b5e4e0856afec0bc9ea96418f","C:\Users\marco\Desktop\ds004507\derivatives\labels\sub-002\ses-headUp\anat\sub-002_ses-headUp_T2w_seg-manual.nii.gz","655","9","","","","","","","","","","","","","","","","","","","","","","","",""
"2026-09-25 17:12:13","git-master-bddc7a050319718b5e4e0856afec0bc9ea96418f","C:\Users\marco\Desktop\ds004507\derivatives\labels\sub-002\ses-headUp\anat\sub-002_ses-headUp_T2w_seg-manual.nii.gz","656","9","","","","","","","","","","","","","","","","","","","","","","","",""
"2026-09-25 17:12:13","git-master-bddc7a050319718b5e4e0856afec0bc9ea96418f","C:\Users\marco\Desktop\ds004507\derivatives\labels\sub-002\ses-headUp\anat\sub-002_ses-headUp_T2w_seg-manual.nii.gz","657","9","","","","","","","","","","","","","","","","","","","","","","","",""
"2026-09-25 17:12:13","git-master-bddc7a050319718b5e4e0856afec0bc9ea96418f","C:\Users\marco\Desktop\ds004507\derivatives\labels\sub-002\ses-headUp\anat\sub-002_ses-headUp_T2w_seg-manual.nii.gz","658","9","",34.06205329075688,0.0,5.6390468198628785,0.0,20.913504715229518,0.0,4.571075610899362,0.0,4.913496904363794,0.0,8.881744500601052,0.0,2.3677466897199793,0.0,2.203328921179383,0.0,0.8330398122543897,0.0,-2.4252989318426215,0.0,0.9650568181818182,0.0,""
"2026-09-25 17:12:13","git-master-bddc7a050319718b5e4e0856afec0bc9ea96418f","C:\Users\marco\Desktop\ds004507\derivatives\labels\sub-002\ses-headUp\anat\sub-002_ses-headUp_T2w_seg-manual.nii.gz","659","9","",34.59193876985244,0.0,5.691225674876546,0.0,20.943936032425995,0.0,4.806011824710442,0.0,5.023303637556516,0.0,8.773522871343038,0.0,2.464767132032261,0.0,2.341244692678181,0.0,0.819590140714683,0.0,-2.703011199382603,0.0,0.9517193998811646,0.0,""
"2026-09-25 17:12:13","git-master-bddc7a050319718b5e4e0856afec0bc9ea96418f","C:\Users\marco\Desktop\ds004507\derivatives\labels\sub-002\ses-headUp\anat\sub-002_ses-headUp_T2w_seg-manual.nii.gz","660","9","",35.00895209228741,0.0,5.7430113239009515,0.0,20.974418399016425,0.0,5.000111463880231,0.0,5.087681245673123,0.0,8.716186049367991,0.0,2.5470080160778354,0.0,2.453103447802395,0.0,0.8119655926654892,0.0,-2.9582014938048147,0.0,0.9377965318889868,0.0,""
"2026-09-25 17:12:13","git-master-bddc7a050319718b5e4e0856afec0bc9ea96418f","C:\Users\marco\Desktop\ds004507\derivatives\labels\sub-002\ses-headUp\anat\sub-002_ses-headUp_T2w_seg-manual.nii.gz","661","9","",35.290518826729645,0.0,5.794325125738242,0.0,21.004962024879607,0.0,5.145207213480471,0.0,5.09754390369839,0.0,8.719910996132505,0.0,2.611513430203363,0.0,2.5336937832771085,0.0,0.8113311928049112,0.0,-3.1863654204857026,0.0,0.9231711242669801,0.0,""
"2026-09-25 17:12:13","git-master-bddc7a050319718b5e4e0856afec0bc9ea96418f","C:\Users\marco\Desktop\ds004507\derivatives\labels\sub-002\ses-headUp\anat\sub-002_ses-headUp_T2w_seg-manual.nii.gz","662","9","",36.104179611890025,0.0,5.844852989831432,0.0,21.03560750186382,0.0,5.273488109714459,0.0,5.295293070588088,0.0,8.546296327922215,0.0,2.7188497621327525,0.0,2.554638347581707,0.0,0.7836160579003028,0.0,-2.7561815532774565,0.0,0.9424403952592969,0.0,""
"2026-09-25 17:12:13","git-master-bddc7a050319718b5e4e0856afec0bc9ea96418f","C:\Users\marco\Desktop\ds004507\derivatives\labels\sub-002\ses-headUp\anat\sub-002_ses-headUp_T2w_seg-manual.nii.gz","663","9","",36.65143213474405,0.0,5.894988077313919,0.0,21.066303804782695,0.0,5.309024457438043,0.0,5.393935540663656,0.0,8.48260821662465,0.0,2.737400919649534,0.0,2.571623537788509,0.0,0.7713539690123028,0.0,-1.6285257188195887,0.0,0.9611520648216884,0.0,""
"2026-09-25 17:12:13","git-master-bddc7a050319718b5e4e0856afec0bc9ea96418f","C:\Users\marco\Desktop\ds004507\derivatives\labels\sub-002\ses-headUp\anat\sub-002_ses-headUp_T2w_seg-manual.nii.gz","664","9","",36.63935373968627,0.0,5.94457334483289,0.0,21.097071229141047,0.0,5.185200444607513,0.0,5.2862611522632195,0.0,8.642326012544945,0.0,2.5930826113285743,0.0,2.592117833278938,0.0,0.790873839286073,0.0,0.6044951943945227,0.0,0.9729563631242039,0.0,""
"2026-09-25 17:12:13","git-master-bddc7a050319718b5e4e0856afec0bc9ea96418f","C:\Users\marco\Desktop\ds004507\derivatives\labels\sub-002\ses-headUp\anat\sub-002_ses-headUp_T2w_seg-manual.nii.gz","665","9","",36.38790751408585,0.0,5.9934521386649005,0.0,21.127929869933432,0.0,5.1732231356056815,0.0,5.282258539930947,0.0,8.626678735706552,0.0,2.646630140739894,0.0,2.5265929948657875,0.0,0.7905726814981873,0.0,-1.0882598880039331,0.0,0.95321390433646,0.0,""
"2026-09-25 17:12:13","git-master-bddc7a050319718b5e4e0856afec0bc9ea96418f","C:\Users\marco\Desktop\ds004507\derivatives\labels\sub-002\ses-headUp\anat\sub-002_ses-headUp_T2w_seg-manual.nii.gz","666","9","",36.163078052707114,0.0,6.0419385944966155,0.0,21.158839110963896,0.0,5.184232598885039,0.0,5.280160476104225,0.0,8.605888954891437,0.0,2.7070521429970507,0.0,2.4771804558879884,0.0,0.789581680499914,0.0,-2.8611988492817875,0.0,0.9388613776111785,0.0,""
"2026-09-25 17:12:13","git-master-bddc7a050319718b5e4e0856afec0bc9ea96418f","C:\Users\marco\Desktop\ds004507\derivatives\labels\sub-002\ses-headUp\anat\sub-002_ses-headUp_T2w_seg-manual.nii.gz","667","9","",36.151074232537354,0.0,6.089797466734631,0.0,21.18982923177943,0.0,5.190260593386113,0.0,5.221706081733398,0.0,8.675305873254665,0.0,2.6685522430758284,0.0,2.521708350310284,0.0,0.7984968920141813,0.0,-2.521575712393571,0.0,0.957576377624468,0.0,""
"2026-09-25 17:12:13","git-master-bddc7a050319718b5e4e0856afec0bc9ea96418f","C:\Users\marco\Desktop\ds004507\derivatives\labels\sub-002\ses-headUp\anat\sub-002_ses-headUp_T2w_seg-manual.nii.gz","668","9","",35.926520709753675,0.0,6.137029151778158,0.0,21.22090002977083,0.0,5.155012928925243,0.0,5.199610995371843,0.0,8.677983183406909,0.0,2.5525500642783374,0.0,2.6024628646469052,0.0,0.8006189351117678,0.0,-2.9441689370022925,0.0,0.9673157876456239,0.0,""
"2026-09-25 17:12:13","git-master-bddc7a050319718b5e4e0856afec0bc9ea96418f","C:\Users\marco\Desktop\ds004507\derivatives\labels\sub-002\ses-headUp\anat\sub-002_ses-headUp_T2w_seg-manual.nii.gz","669","9","",35.75279095989835,0.0,6.1838689446302055,0.0,21.252021200064853,0.0,5.1274606772450095,0.0,5.218899143556729,0.0,8.643246189421227,0.0,2.465182147525356,0.0,2.6622785297196536,0.0,0.7969442526945074,0.0,-3.070674013378189,0.0,0.972302017366325,0.0,""
"2026-09-25 17:12:13","git-master-bddc7a050319718b5e4e0856afec0bc9ea96418f","C:\Users\marco\Desktop\ds004507\derivatives\labels\sub-002\ses-headUp\anat\sub-002_ses-headUp_T2w_seg-manual.nii.gz","670","9","",36.16644581138161,0.0,6.230003601011302,0.0,21.283232902986413,0.0,5.204190457575923,0.0,5.363055514934953,0.0,8.552767915670907,0.0,2.6374535055763717,0.0,2.5667369519995504,0.0,0.7786477771635842,0.0,-0.5785423126802884,0.0,0.9710452438467063,0.0,""
"2026-09-25 17:12:13","git-master-bddc7a050319718b5e4e0856afec0bc9ea96418f","C:\Users\marco\Desktop\ds004507\derivatives\labels\sub-002\ses-headUp\anat\sub-002_ses-headUp_T2w_seg-manual.nii.gz","671","9","",36.72939567374042,0.0,6.275590169220276,0.0,21.314514840930602,0.0,5.28637799382223,0.0,5.493659240451474,0.0,8.543607942382865,0.0,2.6724193666370324,0.0,2.6139586271851964,0.0,0.7657926276975803,0.0,-1.0375811717648058,0.0,0.963135953807635,0.0,""
"2026-09-25 17:12:13","git-master-bddc7a050319718b5e4e0856afec0bc9ea96418f","C:\Users\marco\Desktop\ds004507\derivatives\labels\sub-002\ses-headUp\anat\sub-002_ses-headUp_T2w_seg-manual.nii.gz","672","9","",37.45389842143342,0.0,6.320785296280858,0.0,21.34584692100186,0.0,5.382615421424063,0.0,5.612147875457322,0.0,8.595620052675926,0.0,2.648593243691634,0.0,2.7340221777324296,0.0,0.75741507594668,0.0,-2.8091568534286746,0.0,0.9533620277379244,0.0,""
"2026-09-25 17:12:13","git-master-bddc7a050319718b5e4e0856afec0bc9ea96418f","C:\Users\marco\Desktop\ds004507\derivatives\labels\sub-002\ses-headUp\anat\sub-002_ses-headUp_T2w_seg-manual.nii.gz","673","9","",38.940815674608,0.0,6.365197944269645,0.0,21.377279079357372,0.0,5.588164585921775,0.0,5.686929295994729,0.0,8.794676996138419,0.0,2.821450120630525,0.0,2.7667144652912503,0.0,0.7627202095472795,0.0,-0.8422689907009318,0.0,0.9629561214729794,0.0,""
"2026-09-25 17:12:13","git-master-bddc7a050319718b5e4e0856afec0bc9ea96418f","C:\Users\marco\Desktop\ds004507\derivatives\labels\sub-002\ses-headUp\anat\sub-002_ses-headUp_T2w_seg-manual.nii.gz","674","9","",38.99491622592179,0.0,6.409141408138925,0.0,21.408771129365515,0.0,5.523715574807673,0.0,5.6168407016938104,0.0,8.915847551277615,0.0,2.820332692764678,0.0,2.703382882042995,0.0,0.7761687132138942,0.0,-0.32719688445506817,0.0,0.969028273807343,0.0,""
"2026-09-25 17:12:13","git-master-bddc7a050319718b5e4e0856afec0bc9ea96418f","C:\Users\marco\Desktop\ds004507\derivatives\labels\sub-002\ses-headUp\anat\sub-002_ses-headUp_T2w_seg-manual.nii.gz","675","9","",37.85500285901827,0.0,6.45269388524195,0.0,21.440313089084185,0.0,5.23426808401706,0.0,5.42602709502762,0.0,8.972112782814065,0.0,2.6742366775615505,0.0,2.5600314064555096,0.0,0.7964033586021882,0.0,-1.021971241944099,0.0,0.9721654749744637,0.0,""
"2026-09-25 17:12:13","git-master-bddc7a050319718b5e4e0856afec0bc9ea96418f","C:\Users\marco\Desktop\ds004507\derivatives\labels\sub-002\ses-headUp\anat\sub-002_ses-headUp_T2w_seg-manual.nii.gz","676","9","",37.87747971872179,0.0,6.495386748502568,0.0,21.471964563875417,0.0,5.012351833250235,0.0,5.276295612662517,0.0,9.300978670662074,0.0,2.5293857909031794,0.0,2.482966042347056,0.0,0.8223616500102042,0.0,-2.091776374439058,0.0,0.9521885631760696,0.0,""
"2026-09-25 17:12:13","git-master-bddc7a050319718b5e4e0856afec0bc9ea96418f","C:\Users\marco\Desktop\ds004507\derivatives\labels\sub-002\ses-headUp\anat\sub-002_ses-headUp_T2w_seg-manual.nii.gz","677","9","",38.411529330343264,0.0,6.53768913151679,0.0,21.503665687412465,0.0,4.990645804814621,0.0,5.27002384076064,0.0,9.452904088670655,0.0,2.5416539865731176,0.0,2.4489918182415034,0.0,0.8299327546538988,0.0,-2.3208202362369272,0.0,0.9489520686722168,0.0,""
"2026-09-25 17:12:13","git-master-bddc7a050319718b5e4e0856afec0bc9ea96418f","C:\Users\marco\Desktop\ds004507\derivatives\labels\sub-002\ses-headUp\anat\sub-002_ses-headUp_T2w_seg-manual.nii.gz","678","9","",39.5594662442663,0.0,6.5795229382353355,0.0,21.53542638944449,0.0,5.209192043176461,0.0,5.435903721414634,0.0,9.392500942871925,0.0,2.7424650810370284,0.0,2.466726962139433,0.0,0.8154392351804074,0.0,-1.5409505731982869,0.0,0.9658040749218136,0.0,""
"2026-09-25 17:12:13","git-master-bddc7a050319718b5e4e0856afec0bc9ea96418f","C:\Users\marco\Desktop\ds004507\derivatives\labels\sub-002\ses-headUp\anat\sub-002_ses-headUp_T2w_seg-manual.nii.gz","679","9","",40.70072668175954,0.0,6.620576290715307,0.0,21.56728612590182,0.0,5.318374968011425,0.0,5.528783443418845,0.0,9.47343736150468,0.0,2.7183434684819505,0.0,2.6000314995294747,0.0,0.812042615190367,0.0,-1.0879623362660449,0.0,0.9524186357451855,0.0,""
"2026-09-25 17:12:13","git-master-bddc7a050319718b5e4e0856afec0bc9ea96418f","C:\Users\marco\Desktop\ds004507\derivatives\labels\sub-002\ses-headUp\anat\sub-002_ses-headUp_T2w_seg-manual.nii.gz","680","9","",41.39683872385682,0.0,6.66123961818387,0.0,21.599195273784872,0.0,5.3877761448152555,0.0,5.583376530097088,0.0,9.530064778732067,0.0,2.72502894701665,0.0,2.6627471977986055,0.0,0.8104048049385624,0.0,-1.6975999546555003,0.0,0.9398011218182736,0.0,""
"2026-09-25 17:12:13","git-master-bddc7a050319718b5e4e0856afec0bc9ea96418f","C:\Users\marco\Desktop\ds004507\derivatives\labels\sub-002\ses-headUp\anat\sub-002_ses-headUp_T2w_seg-manual.nii.gz","681","9","",41.31510945738635,0.0,6.70135698137422,0.0,21.631173560638512,0.0,5.406697842431808,0.0,5.583743032718601,0.0,9.51941701972455,0.0,2.8249900586867835,0.0,2.581707783745024,0.0,0.8099029543190659,0.0,-4.1096285702893,0.0,0.9338190300279545,0.0,""
"2026-09-25 17:12:13","git-master-bddc7a050319718b5e4e0856afec0bc9ea96418f","C:\Users\marco\Desktop\ds004507\derivatives\labels\sub-002\ses-headUp\anat\sub-002_ses-headUp_T2w_seg-manual.nii.gz","682","9","",40.4968913147086,0.0,6.740772843819922,0.0,21.663240501172957,0.0,5.305986926318938,0.0,5.471661799779468,0.0,9.440111755107306,0.0,2.728492213970291,0.0,2.5774947123486465,0.0,0.8148832928193493,0.0,-3.2238418762877767,0.0,0.9538128455795177,0.0,""
"2026-09-25 17:12:13","git-master-bddc7a050319718b5e4e0856afec0bc9ea96418f","C:\Users\marco\Desktop\ds004507\derivatives\labels\sub-002\ses-headUp\anat\sub-002_ses-headUp_T2w_seg-manual.nii.gz","683","9","",39.67328784394801,0.0,6.7797991340947465,0.0,21.69535661357165,0.0,5.266871821845105,0.0,5.392645391790378,0.0,9.309107741995186,0.0,2.6644892840384973,0.0,2.6023825378066077,0.0,0.8148133182199453,0.0,-2.0265333261933205,0.0,0.96857652107124,0.0,""
"2026-09-25 17:12:13","git-master-bddc7a050319718b5e4e0856afec0bc9ea96418f","C:\Users\marco\Desktop\ds004507\derivatives\labels\sub-002\ses-headUp\anat\sub-002_ses-headUp_T2w_seg-manual.nii.gz","684","9","",39.27176135086715,0.0,6.818202269392207,0.0,21.727551315427114,0.0,5.462905615803915,0.0,5.468437545481785,0.0,9.080926328813602,0.0,2.8035595825024173,0.0,2.6593460333014973,0.0,0.7980271373578012,0.0,-1.952760750746022,0.0,0.9540000261267167,0.0,""
"2026-09-25 17:12:13","git-master-bddc7a050319718b5e4e0856afec0bc9ea96418f","C:\Users\marco\Desktop\ds004507\derivatives\labels\sub-002\ses-headUp\anat\sub-002_ses-headUp_T2w_seg-manual.nii.gz","685","9","",38.905167764013626,0.0,6.855982648786463,0.0,21.759824391804,0.0,5.343371230382921,0.0,5.377342241305527,0.0,9.102771578343072,0.0,2.769738509544257,0.0,2.573632720838664,0.0,0.8063937688534305,0.0,-2.2973451899151813,0.0,0.9592307409799413,0.0,""
"2026-09-25 17:12:13","git-master-bddc7a050319718b5e4e0856afec0bc9ea96418f","C:\Users\marco\Desktop\ds004507\derivatives\labels\sub-002\ses-headUp\anat\sub-002_ses-headUp_T2w_seg-manual.nii.gz","686","9","",38.6663360914808,0.0,6.893373904858914,0.0,21.79214639824294,0.0,5.150918042576385,0.0,5.2516422868808785,0.0,9.198189154675902,0.0,2.676915682824111,0.0,2.4740023597522733,0.0,0.8209896206146483,0.0,-2.360058563089656,0.0,0.9708425680096789,0.0,""
"2026-09-25 17:12:13","git-master-bddc7a050319718b5e4e0856afec0bc9ea96418f","C:\Users\marco\Desktop\ds004507\derivatives\labels\sub-002\ses-headUp\anat\sub-002_ses-headUp_T2w_seg-manual.nii.gz","687","9","",38.943483754132515,0.0,6.930065006569908,0.0,21.82455633295624,0.0,5.162851546738326,0.0,5.2518439914901585,0.0,9.202762208298944,0.0,2.610339153449792,0.0,2.5525123932885334,0.0,0.8211715927172708,0.0,-0.448374677122783,0.0,0.9777447333000263,0.0,""
"2026-09-25 17:12:13","git-master-bddc7a050319718b5e4e0856afec0bc9ea96418f","C:\Users\marco\Desktop\ds004507\derivatives\labels\sub-002\ses-headUp\anat\sub-002_ses-headUp_T2w_seg-manual.nii.gz","688","9","",39.405121511555244,0.0,6.966211888038336,0.0,21.857034466299293,0.0,5.3396900262459575,0.0,5.366501650135591,0.0,9.146865781043834,0.0,2.710912533777257,0.0,2.628777492468701,0.0,0.8093372443075346,0.0,1.1708406647735479,0.0,0.9662869597630227,0.0,""
"2026-09-25 17:12:13","git-master-bddc7a050319718b5e4e0856afec0bc9ea96418f","C:\Users\marco\Desktop\ds004507\derivatives\labels\sub-002\ses-headUp\anat\sub-002_ses-headUp_T2w_seg-manual.nii.gz","689","9","",39.91938274378265,0.0,7.001970089511485,0.0,21.889561285662545,0.0,5.561238740994457,0.0,5.515972735230903,0.0,9.080432130312115,0.0,2.8705239755753413,0.0,2.690714765419117,0.0,0.7941974114540564,0.0,2.3807424814543334,0.0,0.9479878499126659,0.0,""
"2026-09-25 17:12:13","git-master-bddc7a050319718b5e4e0856afec0bc9ea96418f","C:\Users\marco\Desktop\ds004507\derivatives\labels\sub-002\ses-headUp\anat\sub-002_ses-headUp_T2w_seg-manual.nii.gz","690","9","",39.90564961107973,0.0,7.036951320989386,0.0,21.922185258772036,0.0,5.28757566331913,0.0,5.359544061761297,0.0,9.254166135546596,0.0,2.665373690926586,0.0,2.6222019723925443,0.0,0.8146674228052068,0.0,1.1687578692399376,0.0,0.966189313085066,0.0,""
"2026-09-25 17:12:13","git-master-bddc7a050319718b5e4e0856afec0bc9ea96418f","C:\Users\marco\Desktop\ds004507\derivatives\labels\sub-002\ses-headUp\anat\sub-002_ses-headUp_T2w_seg-manual.nii.gz","691","9","",40.54219798686813,0.0,7.071466660078732,0.0,21.954867359569626,0.0,5.363770419555103,0.0,5.457220094399743,0.0,9.268398283472044,0.0,2.6914371020357,0.0,2.6723333175194033,0.0,0.8071777570969701,0.0,-0.44459849904747395,0.0,0.966622395262584,0.0,""
"2026-09-25 17:12:13","git-master-bddc7a050319718b5e4e0856afec0bc9ea96418f","C:\Users\marco\Desktop\ds004507\derivatives\labels\sub-002\ses-headUp\anat\sub-002_ses-headUp_T2w_seg-manual.nii.gz","692","9","",41.72064761973261,0.0,7.105593755510948,0.0,21.9875979001073,0.0,5.731513370717156,0.0,5.766650048794895,0.0,9.149712216973299,0.0,2.9101785929430357,0.0,2.821334777774121,0.0,0.7763883605059115,0.0,-2.3924313307290457,0.0,0.9522484932777006,0.0,""
"2026-09-25 17:12:13","git-master-bddc7a050319718b5e4e0856afec0bc9ea96418f","C:\Users\marco\Desktop\ds004507\derivatives\labels\sub-002\ses-headUp\anat\sub-002_ses-headUp_T2w_seg-manual.nii.gz","693","8","",41.421833783950746,0.0,7.157016413373207,0.0,22.038345689244267,0.0,5.764424569445393,0.0,5.755485548304442,0.0,9.141855461769445,0.0,2.900449373594717,0.0,2.863975195850676,0.0,0.7769395460623011,0.0,0.25410310880343234,0.0,0.9544711650712118,0.0,""
"2026-09-25 17:12:13","git-master-bddc7a050319718b5e4e0856afec0bc9ea96418f","C:\Users\marco\Desktop\ds004507\derivatives\labels\sub-002\ses-headUp\anat\sub-002_ses-headUp_T2w_seg-manual.nii.gz","694","8","",39.49305995664589,0.0,7.18922628365982,0.0,22.071074539358122,0.0,5.397068512996785,0.0,5.553781268434217,0.0,9.053495117630241,0.0,2.693558020516367,0.0,2.7035104924804174,0.0,0.7896597183679791,0.0,0.09139963685443933,0.0,0.9617519353338949,0.0,""
"2026-09-25 17:12:13","git-master-bddc7a050319718b5e4e0856afec0bc9ea96418f","C:\Users\marco\Desktop\ds004507\derivatives\labels\sub-002\ses-headUp\anat\sub-002_ses-headUp_T2w_seg-manual.nii.gz","695","8","",39.078696600217775,0.0,7.22105968991226,0.0,22.103850041502824,0.0,5.318486124207208,0.0,5.511435099010395,0.0,9.05857895212097,0.0,2.6635231198897205,0.0,2.654963004317487,0.0,0.7936193981532407,0.0,0.40411997548949086,0.0,0.9637594456141948,0.0,""
"2026-09-25 17:12:13","git-master-bddc7a050319718b5e4e0856afec0bc9ea96418f","C:\Users\marco\Desktop\ds004507\derivatives\labels\sub-002\ses-headUp\anat\sub-002_ses-headUp_T2w_seg-manual.nii.gz","696","8","",40.557346332385606,0.0,7.252422516121984,0.0,22.136683858686087,0.0,5.600870819991421,0.0,5.668286567644578,0.0,9.180468009899112,0.0,2.854558784827703,0.0,2.746312035163718,0.0,0.7866284622879818,0.0,1.3111200773545981,0.0,0.9591753809165158,0.0,""
"2026-09-25 17:12:13","git-master-bddc7a050319718b5e4e0856afec0bc9ea96418f","C:\Users\marco\Desktop\ds004507\derivatives\labels\sub-002\ses-headUp\anat\sub-002_ses-headUp_T2w_seg-manual.nii.gz","697","8","",38.92465642029012,0.0,7.2830328597927565,0.0,22.169610708074813,0.0,5.388919342300758,0.0,5.608564934135922,0.0,8.922332031128022,0.0,2.75121524764209,0.0,2.637704094658668,0.0,0.777451104467769,0.0,-0.23969530789868632,0.0,0.96970869068622,0.0,""
"2026-09-25 17:12:13","git-master-bddc7a050319718b5e4e0856afec0bc9ea96418f","C:\Users\marco\Desktop\ds004507\derivatives\labels\sub-002\ses-headUp\anat\sub-002_ses-headUp_T2w_seg-manual.nii.gz","698","8","",38.44334313993512,0.0,7.3132671266647895,0.0,22.20258397111231,0.0,5.343009060592831,0.0,5.6385062917306366,0.0,8.771124196959391,0.0,2.7243275933745386,0.0,2.6186814672182925,0.0,0.7659522409041509,0.0,-0.9279257396123721,0.0,0.9768682497800989,0.0,""
"2026-09-25 17:12:13","git-master-bddc7a050319718b5e4e0856afec0bc9ea96418f","C:\Users\marco\Desktop\ds004507\derivatives\labels\sub-002\ses-headUp\anat\sub-002_ses-headUp_T2w_seg-manual.nii.gz","699","8","",41.04261803412694,0.0,7.342937360574082,0.0,22.23562680339599,0.0,5.752765214219093,0.0,5.901916907067802,0.0,8.928778911132989,0.0,2.9239465054740084,0.0,2.8288187087450853,0.0,0.7503569713424606,0.0,0.7234676075327406,0.0,0.973500963905481,0.0,""
"2026-09-25 17:12:13","git-master-bddc7a050319718b5e4e0856afec0bc9ea96418f","C:\Users\marco\Desktop\ds004507\derivatives\labels\sub-002\ses-headUp\anat\sub-002_ses-headUp_T2w_seg-manual.nii.gz","700","8","",40.02760226071747,0.0,7.3719499333556815,0.0,22.268750559556857,0.0,5.672682793852214,0.0,5.876863806456508,0.0,8.751411152709238,0.0,2.8517305172574874,0.0,2.8209522765947272,0.0,0.740769814306961,0.0,-0.3109787701263107,0.0,0.9689025497617569,0.0,""
"2026-09-25 17:12:13","git-master-bddc7a050319718b5e4e0856afec0bc9ea96418f","C:\Users\marco\Desktop\ds004507\derivatives\labels\sub-002\ses-headUp\anat\sub-002_ses-headUp_T2w_seg-manual.nii.gz","701","8","",38.68572492441412,0.0,7.400586805647319,0.0,22.301920488954263,0.0,5.520797048318269,0.0,5.8019839968672215,0.0,8.570929703024268,0.0,2.7645559420887853,0.0,2.7562411062294845,0.0,0.7359938254325067,0.0,-1.247539398768987,0.0,0.9650499276060934,0.0,""
"2026-09-25 17:12:13","git-master-bddc7a050319718b5e4e0856afec0bc9ea96418f","C:\Users\marco\Desktop\ds004507\derivatives\labels\sub-002\ses-headUp\anat\sub-002_ses-headUp_T2w_seg-manual.nii.gz","702","8","",39.81412278558343,0.0,7.428566387351778,0.0,22.335171100802388,0.0,5.607438238692733,0.0,5.841174421803423,0.0,8.71457280652238,0.0,2.8968612129034366,0.0,2.710577025789297,0.0,0.7420488125955209,0.0,0.8443398189498112,0.0,0.9650387056777471,0.0,""
"2026-09-25 17:12:13","git-master-bddc7a050319718b5e4e0856afec0bc9ea96418f","C:\Users\marco\Desktop\ds004507\derivatives\labels\sub-002\ses-headUp\anat\sub-002_ses-headUp_T2w_seg-manual.nii.gz","703","8","",40.91637846322877,0.0,7.455982888619473,0.0,22.368490661086685,0.0,5.708611167287592,0.0,5.878761601000066,0.0,8.87172890411982,0.0,2.926592080536934,0.0,2.7820190867506587,0.0,0.7488142190323503,0.0,0.15710672842606854,0.0,0.963201618326272,0.0,""
"2026-09-25 17:12:13","git-master-bddc7a050319718b5e4e0856afec0bc9ea96418f","C:\Users\marco\Desktop\ds004507\derivatives\labels\sub-002\ses-headUp\anat\sub-002_ses-headUp_T2w_seg-manual.nii.gz","704","8","",41.80621872797395,0.0,7.483024053779463,0.0,22.40185615216804,0.0,5.781603055309361,0.0,5.8864567892998325,0.0,9.033562044097255,0.0,2.905327779251124,0.0,2.8762752760582377,0.0,0.7582579899441638,0.0,-1.5408784075187496,0.0,0.9607242577421286,0.0,""
"2026-09-25 17:12:13","git-master-bddc7a050319718b5e4e0856afec0bc9ea96418f","C:\Users\marco\Desktop\ds004507\derivatives\labels\sub-002\ses-headUp\anat\sub-002_ses-headUp_T2w_seg-manual.nii.gz","705","8","",41.101304423613826,0.0,7.509314851824878,0.0,22.435313295881134,0.0,5.571019665864832,0.0,5.661429033382838,0.0,9.178759546717354,0.0,2.8863997393354714,0.0,2.6846199265293618,0.0,0.7862869995605886,0.0,-0.20843067386196812,0.0,0.9604281729891516,0.0,""
"2026-09-25 17:12:13","git-master-bddc7a050319718b5e4e0856afec0bc9ea96418f","C:\Users\marco\Desktop\ds004507\derivatives\labels\sub-002\ses-headUp\anat\sub-002_ses-headUp_T2w_seg-manual.nii.gz","706","8","",40.88240352008344,0.0,7.535136919117468,0.0,22.468827547511122,0.0,5.581902656233139,0.0,5.638880719789909,0.0,9.126592605378471,0.0,2.9173526275202373,0.0,2.664550028712902,0.0,0.7854792126236533,0.0,0.6661622236947917,0.0,0.9667501417181982,0.0,""
"2026-09-25 17:12:13","git-master-bddc7a050319718b5e4e0856afec0bc9ea96418f","C:\Users\marco\Desktop\ds004507\derivatives\labels\sub-002\ses-headUp\anat\sub-002_ses-headUp_T2w_seg-manual.nii.gz","707","8","",41.05231333721685,0.0,7.560584001807799,0.0,22.502387485474628,0.0,5.769958750451713,0.0,5.778315960056233,0.0,8.916534108872407,0.0,2.988210258185337,0.0,2.781748492266376,0.0,0.7616019884440299,0.0,1.174471252371534,0.0,0.9783665532328634,0.0,""
"2026-09-25 17:12:13","git-master-bddc7a050319718b5e4e0856afec0bc9ea96418f","C:\Users\marco\Desktop\ds004507\derivatives\labels\sub-002\ses-headUp\anat\sub-002_ses-headUp_T2w_seg-manual.nii.gz","708","8","",41.578595260183235,0.0,7.585187806392123,0.0,22.53604990121313,0.0,5.929561775430556,0.0,5.901468493285751,0.0,8.856217680377673,0.0,3.060017432892981,0.0,2.8695443425375746,0.0,0.7453394632345843,0.0,0.3388957216528671,0.0,0.9615193399758402,0.0,""
"2026-09-25 17:12:13","git-master-bddc7a050319718b5e4e0856afec0bc9ea96418f","C:\Users\marco\Desktop\ds004507\derivatives\labels\sub-002\ses-headUp\anat\sub-002_ses-headUp_T2w_seg-manual.nii.gz","709","8","",41.73733970124385,0.0,7.609417010247407,0.0,22.569757721301063,0.0,5.919183827605687,0.0,5.90667312127678,0.0,8.887268079495948,0.0,3.0615000143370783,0.0,2.8576838132686095,0.0,0.746578659866841,0.0,0.42010610454715985,0.0,0.956842401766734,0.0,""
"2026-09-25 17:12:13","git-master-bddc7a050319718b5e4e0856afec0bc9ea96418f","C:\Users\marco\Desktop\ds004507\derivatives\labels\sub-002\ses-headUp\anat\sub-002_ses-headUp_T2w_seg-manual.nii.gz","710","8","",41.43666228992226,0.0,7.63317796319139,0.0,22.603522296825783,0.0,5.696329663776183,0.0,5.764442867719698,0.0,9.03252701313048,0.0,2.975076854201743,0.0,2.7212528095744393,0.0,0.7696950088012255,0.0,1.6472988794576513,0.0,0.967378307367524,0.0,""
"2026-09-25 17:12:13","git-master-bddc7a050319718b5e4e0856afec0bc9ea96418f","C:\Users\marco\Desktop\ds004507\derivatives\labels\sub-002\ses-headUp\anat\sub-002_ses-headUp_T2w_seg-manual.nii.gz","711","8","",42.153304336421975,0.0,7.65619008384363,0.0,22.637377397049093,0.0,5.714407829820108,0.0,5.82170834717467,0.0,9.084515565232094,0.0,2.896385133029371,0.0,2.818022696790737,0.0,0.7676640496072078,0.0,3.120812778829566,0.0,0.975143277988348,0.0,""
"2026-09-25 17:12:13","git-master-bddc7a050319718b5e4e0856afec0bc9ea96418f","C:\Users\marco\Desktop\ds004507\derivatives\labels\sub-002\ses-headUp\anat\sub-002_ses-headUp_T2w_seg-manual.nii.gz","712","8","",43.14625243081544,0.0,7.678827922950643,0.0,22.671277652618393,0.0,5.794398563812527,0.0,5.904143237741518,0.0,9.17852652525624,0.0,2.89763543252405,0.0,2.896763131288476,0.0,0.7656024249647063,0.0,3.1122101550043824,0.0,0.9749278253676552,0.0,""
"2026-09-25 17:12:13","git-master-bddc7a050319718b5e4e0856afec0bc9ea96418f","C:\Users\marco\Desktop\ds004507\derivatives\labels\sub-002\ses-headUp\anat\sub-002_ses-headUp_T2w_seg-manual.nii.gz","713","8","",44.437482756541065,0.0,7.700904407040135,0.0,22.70524558770503,0.0,5.937981351233573,0.0,5.98704301727911,0.0,9.379899896508677,0.0,3.0568369136120914,0.0,2.8811444376214808,0.0,0.7697662964573381,0.0,0.07779420366963041,0.0,0.9594442600089199,0.0,""
"2026-09-25 17:12:13","git-master-bddc7a050319718b5e4e0856afec0bc9ea96418f","C:\Users\marco\Desktop\ds004507\derivatives\labels\sub-002\ses-headUp\anat\sub-002_ses-headUp_T2w_seg-manual.nii.gz","714","8","",44.094903646566934,0.0,7.722326281791318,0.0,22.73929223138161,0.0,5.894916026954459,0.0,5.932982796023037,0.0,9.412228215230677,0.0,3.0247398058365453,0.0,2.870176221117914,0.0,0.7762693187676168,0.0,-0.6739698787262747,0.0,0.9611591558162111,0.0,""
"2026-09-25 17:12:13","git-master-bddc7a050319718b5e4e0856afec0bc9ea96418f","C:\Users\marco\Desktop\ds004507\derivatives\labels\sub-002\ses-headUp\anat\sub-002_ses-headUp_T2w_seg-manual.nii.gz","715","8","",43.28765280920684,0.0,7.743374178455688,0.0,22.773383779390212,0.0,5.8127558430346244,0.0,5.8615511682440875,0.0,9.374942478844483,0.0,2.9662387979431286,0.0,2.8465170450914963,0.0,0.7803923870971429,0.0,-0.5886276909313647,0.0,0.9624111646917646,0.0,""
"2026-09-25 17:12:13","git-master-bddc7a050319718b5e4e0856afec0bc9ea96418f","C:\Users\marco\Desktop\ds004507\derivatives\labels\sub-002\ses-headUp\anat\sub-002_ses-headUp_T2w_seg-manual.nii.gz","716","8","",42.48786036169562,0.0,7.763767761154529,0.0,22.80755378397091,0.0,5.780411762072422,0.0,5.866279618428734,0.0,9.26305260211005,0.0,3.0066227285007496,0.0,2.7737890335716724,0.0,0.7738464656763868,0.0,0.14393457359256578,0.0,0.944844608140209,0.0,""
"2026-09-25 17:12:13","git-master-bddc7a050319718b5e4e0856afec0bc9ea96418f","C:\Users\marco\Desktop\ds004507\derivatives\labels\sub-002\ses-headUp\anat\sub-002_ses-headUp_T2w_seg-manual.nii.gz","717","8","",42.61807971613647,0.0,7.7836007481546785,0.0,22.841790820024507,0.0,5.788688181699706,0.0,5.944564938097252,0.0,9.205023629121927,0.0,3.021748601680503,0.0,2.7669395800192023,0.0,0.7633410633686173,0.0,0.44141497837263804,0.0,0.9531917231159276,0.0,""
"2026-09-25 17:12:13","git-master-bddc7a050319718b5e4e0856afec0bc9ea96418f","C:\Users\marco\Desktop\ds004507\derivatives\labels\sub-002\ses-headUp\anat\sub-002_ses-headUp_T2w_seg-manual.nii.gz","718","8","",43.210201404626275,0.0,7.803060044073588,0.0,22.876072507390358,0.0,5.814191539812512,0.0,6.0595174288778235,0.0,9.177992103765346,0.0,3.007624976230735,0.0,2.8065665635817765,0.0,0.751043130253866,0.0,0.38174127075793995,0.0,0.9724023518064314,0.0,""
"2026-09-25 17:12:13","git-master-bddc7a050319718b5e4e0856afec0bc9ea96418f","C:\Users\marco\Desktop\ds004507\derivatives\labels\sub-002\ses-headUp\anat\sub-002_ses-headUp_T2w_seg-manual.nii.gz","719","8","",43.77749455769932,0.0,7.821772194137334,0.0,22.910443279362635,0.0,5.815028403451567,0.0,6.173579810619332,0.0,9.18349654447588,0.0,2.860537591256275,0.0,2.9544908121952917,0.0,0.7402428742313145,0.0,-0.7948378970395018,0.0,0.9748664041061209,0.0,""
"2026-09-25 17:12:13","git-master-bddc7a050319718b5e4e0856afec0bc9ea96418f","C:\Users\marco\Desktop\ds004507\derivatives\labels\sub-002\ses-headUp\anat\sub-002_ses-headUp_T2w_seg-manual.nii.gz","720","8","",43.38861118059167,0.0,7.840017567689728,0.0,22.944869546699664,0.0,5.86891652463967,0.0,6.1815166610255625,0.0,9.077456181606134,0.0,2.882376926842344,0.0,2.9865395977973255,0.0,0.7322102375765392,0.0,-2.435320653043472,0.0,0.9698408209437621,0.0,""
"2026-09-25 17:12:13","git-master-bddc7a050319718b5e4e0856afec0bc9ea96418f","C:\Users\marco\Desktop\ds004507\derivatives\labels\sub-002\ses-headUp\anat\sub-002_ses-headUp_T2w_seg-manual.nii.gz","721","8","",42.23478657933944,0.0,7.857889520033041,0.0,22.97934021032849,0.0,5.9652456518670105,0.0,6.104553086363571,0.0,8.882179975872162,0.0,3.039357638876837,0.0,2.9258880129901734,0.0,0.7263916964159848,0.0,-4.4469262796126685,0.0,0.9588235294117647,0.0,""
"2026-09-25 17:12:13","git-master-bddc7a050319718b5e4e0856afec0bc9ea96418f","C:\Users\marco\Desktop\ds004507\derivatives\labels\sub-002\ses-headUp\anat\sub-002_ses-headUp_T2w_seg-manual.nii.gz","722","8","",43.06176673844178,0.0,7.874921602650669,0.0,23.013910435592184,0.0,5.868178030222495,0.0,6.125474718606614,0.0,9.013466126794809,0.0,2.9892320134441572,0.0,2.878946016778337,0.0,0.7334924659183326,0.0,-2.2507273203216798,0.0,0.9680747298919568,0.0,""
"2026-09-25 17:12:13","git-master-bddc7a050319718b5e4e0856afec0bc9ea96418f","C:\Users\marco\Desktop\ds004507\derivatives\labels\sub-002\ses-headUp\anat\sub-002_ses-headUp_T2w_seg-manual.nii.gz","723","8","",43.2414189088682,0.0,7.891580549549447,0.0,23.04852476313132,0.0,5.825815201856253,0.0,6.095324179231779,0.0,9.077891402265106,0.0,2.9747649942200733,0.0,2.8510502076361792,0.0,0.7410126528604094,0.0,0.5358639035808022,0.0,0.9659510510455582,0.0,""
"2026-09-25 17:12:13","git-master-bddc7a050319718b5e4e0856afec0bc9ea96418f","C:\Users\marco\Desktop\ds004507\derivatives\labels\sub-002\ses-headUp\anat\sub-002_ses-headUp_T2w_seg-manual.nii.gz","724","8","",42.6119110934497,0.0,7.907773076799659,0.0,23.083194218514752,0.0,5.851833365087854,0.0,6.001333425334599,0.0,9.058740583419967,0.0,3.004871232756734,0.0,2.84696213233112,0.0,0.7490571116021474,0.0,4.060445458247654,0.0,0.9496087730409215,0.0,""
"2026-09-25 17:12:13","git-master-bddc7a050319718b5e4e0856afec0bc9ea96418f","C:\Users\marco\Desktop\ds004507\derivatives\labels\sub-002\ses-headUp\anat\sub-002_ses-headUp_T2w_seg-manual.nii.gz","725","8","",42.720708465423876,0.0,7.9232195996966555,0.0,23.117951582443872,0.0,5.829883913219924,0.0,6.031582243324402,0.0,9.005936004750415,0.0,3.021253253700418,0.0,2.808630659519506,0.0,0.7425069424548806,0.0,2.9991844401557826,0.0,0.9619269690330156,0.0,""
"2026-09-25 17:12:13","git-master-bddc7a050319718b5e4e0856afec0bc9ea96418f","C:\Users\marco\Desktop\ds004507\derivatives\labels\sub-002\ses-headUp\anat\sub-002_ses-headUp_T2w_seg-manual.nii.gz","726","8","",43.09937772096496,0.0,7.938293215864678,0.0,23.152752789147915,0.0,5.894378466847519,0.0,6.102262267183229,0.0,8.95157502340294,0.0,3.0689400800802153,0.0,2.8254383867673045,0.0,0.7314400953221109,0.0,2.299386359964268,0.0,0.9695647455774916,0.0,""
"2026-09-25 17:12:13","git-master-bddc7a050319718b5e4e0856afec0bc9ea96418f","C:\Users\marco\Desktop\ds004507\derivatives\labels\sub-002\ses-headUp\anat\sub-002_ses-headUp_T2w_seg-manual.nii.gz","727","8","",43.83321444679169,0.0,7.952807519663056,0.0,23.187619704265373,0.0,6.143752935241045,0.0,6.2227448098083595,0.0,8.90251467665572,0.0,3.182667571730481,0.0,2.961085363510564,0.0,0.7149885491905864,0.0,3.4689747987631225,0.0,0.9606765647275491,0.0,""
"2026-09-25 17:12:13","git-master-bddc7a050319718b5e4e0856afec0bc9ea96418f","C:\Users\marco\Desktop\ds004507\derivatives\labels\sub-002\ses-headUp\anat\sub-002_ses-headUp_T2w_seg-manual.nii.gz","728","8","",43.45099127092193,0.0,7.966669503910944,0.0,23.222563017881626,0.0,5.973711789181849,0.0,6.094243808332979,0.0,8.999193055333869,0.0,3.102064273736646,0.0,2.8716475154452032,0.0,0.7347119432249116,0.0,3.0686977517180765,0.0,0.9707460555509903,0.0,""
"2026-09-25 17:12:13","git-master-bddc7a050319718b5e4e0856afec0bc9ea96418f","C:\Users\marco\Desktop\ds004507\derivatives\labels\sub-002\ses-headUp\anat\sub-002_ses-headUp_T2w_seg-manual.nii.gz","729","8","",43.15501222646497,0.0,7.980158791335023,0.0,23.257549912791614,0.0,5.747131002576576,0.0,5.948996124881484,0.0,9.151964393325914,0.0,2.9755269883673408,0.0,2.771604014209235,0.0,0.7598326349498288,0.0,2.040826006456527,0.0,0.9826702907698652,0.0,""
"2026-09-25 17:12:13","git-master-bddc7a050319718b5e4e0856afec0bc9ea96418f","C:\Users\marco\Desktop\ds004507\derivatives\labels\sub-002\ses-headUp\anat\sub-002_ses-headUp_T2w_seg-manual.nii.gz","730","8","",44.276947543649285,0.0,7.992995959426257,0.0,23.29261294373085,0.0,5.742077088512751,0.0,5.9941185986141035,0.0,9.355322363491224,0.0,2.8825515368279886,0.0,2.8595255516847624,0.0,0.7676689284259686,0.0,0.38623830328110653,0.0,0.9821284596993751,0.0,""
"2026-09-25 17:12:13","git-master-bddc7a050319718b5e4e0856afec0bc9ea96418f","C:\Users\marco\Desktop\ds004507\derivatives\labels\sub-002\ses-headUp\anat\sub-002_ses-headUp_T2w_seg-manual.nii.gz","731","8","",45.09271140544162,0.0,8.005274329859292,0.0,23.32774100816387,0.0,5.873768828004222,0.0,6.049236215072134,0.0,9.445053662007554,0.0,2.9479168321667237,0.0,2.925851995837498,0.0,0.7679824301271149,0.0,0.12276986977521179,0.0,0.9714899861421876,0.0,""
"2026-09-25 17:12:13","git-master-bddc7a050319718b5e4e0856afec0bc9ea96418f","C:\Users\marco\Desktop\ds004507\derivatives\labels\sub-002\ses-headUp\anat\sub-002_ses-headUp_T2w_seg-manual.nii.gz","732","8","",45.5703019154664,0.0,8.017180193820064,0.0,23.362912390435465,0.0,6.032263397395958,0.0,6.088960307855169,0.0,9.474379942663832,0.0,3.0622410363464305,0.0,2.970022361049528,0.0,0.7661077489589433,0.0,0.6446731215280928,0.0,0.9589374646512598,0.0,""
"2026-09-25 17:12:13","git-master-bddc7a050319718b5e4e0856afec0bc9ea96418f","C:\Users\marco\Desktop\ds004507\derivatives\labels\sub-002\ses-headUp\anat\sub-002_ses-headUp_T2w_seg-manual.nii.gz","733","8","",44.56719143291868,0.0,8.028341196635541,0.0,23.39817018144051,0.0,5.858197991768618,0.0,5.965555640336601,0.0,9.47497276703563,0.0,2.9348735237415444,0.0,2.9233244680270745,0.0,0.7768187719362024,0.0,1.8850727766730442,0.0,0.9714591296372002,0.0,""
"2026-09-25 17:12:13","git-master-bddc7a050319718b5e4e0856afec0bc9ea96418f","C:\Users\marco\Desktop\ds004507\derivatives\labels\sub-002\ses-headUp\anat\sub-002_ses-headUp_T2w_seg-manual.nii.gz","734","8","",44.63027911326312,0.0,8.039036779327956,0.0,23.433481787966183,0.0,5.786793840250456,0.0,5.9446447241113605,0.0,9.540982551059479,0.0,2.9476871944281444,0.0,2.839106645822312,0.0,0.7821624452379116,0.0,2.5456519743551946,0.0,0.9772968313766367,0.0,""
"2026-09-25 17:12:13","git-master-bddc7a050319718b5e4e0856afec0bc9ea96418f","C:\Users\marco\Desktop\ds004507\derivatives\labels\sub-002\ses-headUp\anat\sub-002_ses-headUp_T2w_seg-manual.nii.gz","735","8","",45.54632532392127,0.0,8.049360025921922,0.0,23.468836446908366,0.0,5.797518692019636,0.0,6.005728808920782,0.0,9.659325902804964,0.0,3.0726458117479325,0.0,2.7248728802717035,0.0,0.7832122387991807,0.0,2.742374806067107,0.0,0.97778736251887,0.0,""
"2026-09-25 17:12:13","git-master-bddc7a050319718b5e4e0856afec0bc9ea96418f","C:\Users\marco\Desktop\ds004507\derivatives\labels\sub-002\ses-headUp\anat\sub-002_ses-headUp_T2w_seg-manual.nii.gz","736","7","",46.44979991260595,0.0,8.064115540035084,0.0,23.523982732387434,0.0,5.793608267665142,0.0,6.16899234158253,0.0,9.702523994813525,0.0,2.8322775051662066,0.0,2.9613307624989353,0.0,0.7718430142302899,0.0,-1.2897246787765309,0.0,0.9761904761904762,0.0,""
"2026-09-25 17:12:13","git-master-bddc7a050319718b5e4e0856afec0bc9ea96418f","C:\Users\marco\Desktop\ds004507\derivatives\labels\sub-002\ses-headUp\anat\sub-002_ses-headUp_T2w_seg-manual.nii.gz","737","7","",47.052569143584336,0.0,8.073084158352094,0.0,23.56084666467751,0.0,6.033097515180186,0.0,6.225194589586579,0.0,9.737841540755982,0.0,3.0174076059757255,0.0,3.0156899092044607,0.0,0.7689737815337471,0.0,-0.4385083232536636,0.0,0.9613599811837698,0.0,""
"2026-09-25 17:12:13","git-master-bddc7a050319718b5e4e0856afec0bc9ea96418f","C:\Users\marco\Desktop\ds004507\derivatives\labels\sub-002\ses-headUp\anat\sub-002_ses-headUp_T2w_seg-manual.nii.gz","738","7","",47.05282867262528,0.0,8.081618667322218,0.0,23.59776028839796,0.0,6.030844227938897,0.0,6.190753748657662,0.0,9.79371054306159,0.0,3.0379249601110865,0.0,2.9929192678278107,0.0,0.7746525724000723,0.0,0.6698559995584068,0.0,0.9598201108951965,0.0,""
"2026-09-25 17:12:13","git-master-bddc7a050319718b5e4e0856afec0bc9ea96418f","C:\Users\marco\Desktop\ds004507\derivatives\labels\sub-002\ses-headUp\anat\sub-002_ses-headUp_T2w_seg-manual.nii.gz","739","7","",46.4505784997288,0.0,8.089719066945454,0.0,23.63472360354879,0.0,5.786848405941275,0.0,6.065669818795779,0.0,9.870131001730352,0.0,2.89382956757229,0.0,2.8930188383689854,0.0,0.7888793868292656,0.0,2.0353682896596803,0.0,0.9715708653247562,0.0,""
"2026-09-25 17:12:13","git-master-bddc7a050319718b5e4e0856afec0bc9ea96418f","C:\Users\marco\Desktop\ds004507\derivatives\labels\sub-002\ses-headUp\anat\sub-002_ses-headUp_T2w_seg-manual.nii.gz","740","7","",46.4084590998978,0.0,8.096951403980196,0.0,23.671785940938157,0.0,6.004732683399444,0.0,6.075128176291844,0.0,9.778086305971616,0.0,3.076172269475855,0.0,2.9285604139235883,0.0,0.7835233719813719,0.0,2.644774320124742,0.0,0.9654161172666651,0.0,""
"2026-09-25 17:12:13","git-master-bddc7a050319718b5e4e0856afec0bc9ea96418f","C:\Users\marco\Desktop\ds004507\derivatives\labels\sub-002\ses-headUp\anat\sub-002_ses-headUp_T2w_seg-manual.nii.gz","741","7","",46.78630476880193,0.0,8.103749779567925,0.0,23.708897608381516,0.0,6.051163386387466,0.0,6.086225597029688,0.0,9.783502663913126,0.0,3.1256045694325563,0.0,2.9255588169549096,0.0,0.782909324568623,0.0,1.7745338561807775,0.0,0.9609188148513991,0.0,""
"2026-09-25 17:12:13","git-master-bddc7a050319718b5e4e0856afec0bc9ea96418f","C:\Users\marco\Desktop\ds004507\derivatives\labels\sub-002\ses-headUp\anat\sub-002_ses-headUp_T2w_seg-manual.nii.gz","742","7","",47.58411550644117,0.0,8.110114193708643,0.0,23.746058605878865,0.0,5.926140514905342,0.0,6.0989620810093115,0.0,9.88638007555488,0.0,3.0421264674423933,0.0,2.8840140474629488,0.0,0.787037244591019,0.0,-0.5753531021722121,0.0,0.958078958078958,0.0,""
"2026-09-25 17:12:13","git-master-bddc7a050319718b5e4e0856afec0bc9ea96418f","C:\Users\marco\Desktop\ds004507\derivatives\labels\sub-002\ses-headUp\anat\sub-002_ses-headUp_T2w_seg-manual.nii.gz","743","7","",47.7698130512876,0.0,8.11531636000692,0.0,23.782030911540467,0.0,6.009014576107149,0.0,6.103814013763549,0.0,9.933079503984548,0.0,3.0159043626990583,0.0,2.9931102134080914,0.0,0.7889144305499253,0.0,2.8116003002706274,0.0,0.9460210030385469,0.0,""
"2026-09-25 17:12:13","git-master-bddc7a050319718b5e4e0856afec0bc9ea96418f","C:\Users\marco\Desktop\ds004507\derivatives\labels\sub-002\ses-headUp\anat\sub-002_ses-headUp_T2w_seg-manual.nii.gz","744","7","",48.36249998584678,0.0,8.119790250029482,0.0,23.81676730241067,0.0,6.094323048732744,0.0,6.158571572466873,0.0,9.972670260503113,0.0,3.001720298180054,0.0,3.0926027505526896,0.0,0.7865094501981359,0.0,2.992469952143547,0.0,0.9470656294031181,0.0,""
"2026-09-25 17:12:13","git-master-bddc7a050319718b5e4e0856afec0bc9ea96418f","C:\Users\marco\Desktop\ds004507\derivatives\labels\sub-002\ses-headUp\anat\sub-002_ses-headUp_T2w_seg-manual.nii.gz","745","7","",49.36217631011873,0.0,8.123535863776326,0.0,23.85026777848948,0.0,6.182065932782125,0.0,6.2632347571192835,0.0,10.005152345110577,0.0,2.999574273885381,0.0,3.182491658896744,0.0,0.7798223035356506,0.0,-0.03274414655345444,0.0,0.9612128371726718,0.0,""
"2026-09-25 17:12:13","git-master-bddc7a050319718b5e4e0856afec0bc9ea96418f","C:\Users\marco\Desktop\ds004507\derivatives\labels\sub-002\ses-headUp\anat\sub-002_ses-headUp_T2w_seg-manual.nii.gz","746","7","",48.98092604182977,0.0,8.125825047156322,0.0,23.88130208014083,0.0,5.868843089930945,0.0,6.064816641113677,0.0,10.182496695963817,0.0,2.910986270463427,0.0,2.957856819467518,0.0,0.8026330743541703,0.0,1.2117933762482977,0.0,0.9700710817231359,0.0,""
"2026-09-25 17:12:13","git-master-bddc7a050319718b5e4e0856afec0bc9ea96418f","C:\Users\marco\Desktop\ds004507\derivatives\labels\sub-002\ses-headUp\anat\sub-002_ses-headUp_T2w_seg-manual.nii.gz","747","7","",49.11535437409911,0.0,8.127386052723505,0.0,23.911105919507964,0.0,5.92327344160905,0.0,6.0562257916630635,0.0,10.195983332151762,0.0,3.001606124251366,0.0,2.921667317357684,0.0,0.8039851797886827,0.0,1.2144702034397872,0.0,0.9722580772141486,0.0,""
"2026-09-25 17:12:13","git-master-bddc7a050319718b5e4e0856afec0bc9ea96418f","C:\Users\marco\Desktop\ds004507\derivatives\labels\sub-002\ses-headUp\anat\sub-002_ses-headUp_T2w_seg-manual.nii.gz","748","7","",49.76546130692675,0.0,8.128218880477872,0.0,23.939679296590878,0.0,6.345356987816439,0.0,6.237462208767443,0.0,10.045612253674413,0.0,3.271433835249198,0.0,3.0739231525672417,0.0,0.7838786198391876,0.0,-0.02471366497898637,0.0,0.9677738236457097,0.0,""
"2026-09-25 17:12:13","git-master-bddc7a050319718b5e4e0856afec0bc9ea96418f","C:\Users\marco\Desktop\ds004507\derivatives\labels\sub-002\ses-headUp\anat\sub-002_ses-headUp_T2w_seg-manual.nii.gz","749","7","",50.20403633328702,0.0,8.12759537981071,0.0,23.9657965919865,0.0,6.252560278825286,0.0,6.220917617748163,0.0,10.183761886390023,0.0,3.1885872720820854,0.0,3.0639730067432014,0.0,0.7916310534155747,0.0,0.06072266147874293,0.0,0.9484261831812101,0.0,""
"2026-09-25 17:12:13","git-master-bddc7a050319718b5e4e0856afec0bc9ea96418f","C:\Users\marco\Desktop\ds004507\derivatives\labels\sub-002\ses-headUp\anat\sub-002_ses-headUp_T2w_seg-manual.nii.gz","750","7","",49.57110904330151,0.0,8.126243704749228,0.0,23.990688063729202,0.0,6.236062117163969,0.0,6.178071423853117,0.0,10.130460204266619,0.0,3.174656960739139,0.0,3.06140515642483,0.0,0.7924092983933106,0.0,0.7576361211629963,0.0,0.9489424510113376,0.0,""
"2026-09-25 17:12:13","git-master-bddc7a050319718b5e4e0856afec0bc9ea96418f","C:\Users\marco\Desktop\ds004507\derivatives\labels\sub-002\ses-headUp\anat\sub-002_ses-headUp_T2w_seg-manual.nii.gz","751","7","",47.86667943697023,0.0,8.124163855293427,0.0,24.014353711818988,0.0,6.295862502832486,0.0,6.108923627082306,0.0,9.885707207304199,0.0,3.229642901220359,0.0,3.0662196016121275,0.0,0.7862133547723955,0.0,2.0660267140737734,0.0,0.9693226271360922,0.0,""
"2026-09-25 17:12:13","git-master-bddc7a050319718b5e4e0856afec0bc9ea96418f","C:\Users\marco\Desktop\ds004507\derivatives\labels\sub-002\ses-headUp\anat\sub-002_ses-headUp_T2w_seg-manual.nii.gz","752","7","",49.11268125158189,0.0,8.120627589136179,0.0,24.035571737115806,0.0,5.944264222318169,0.0,6.020326973675955,0.0,10.307067604458735,0.0,3.067188374473189,0.0,2.87707584784498,0.0,0.810671591235531,0.0,1.2536011548591457,0.0,0.9810657417356106,0.0,""
"2026-09-25 17:12:13","git-master-bddc7a050319718b5e4e0856afec0bc9ea96418f","C:\Users\marco\Desktop\ds004507\derivatives\labels\sub-002\ses-headUp\anat\sub-002_ses-headUp_T2w_seg-manual.nii.gz","753","7","",50.94233544145468,0.0,8.116363056941552,0.0,24.05556775772719,0.0,5.873886441455172,0.0,6.056544105074235,0.0,10.681860795578885,0.0,3.0135706806268634,0.0,2.8603157608283083,0.0,0.8236955164507633,0.0,2.4810025555016098,0.0,0.975790429727151,0.0,""
"2026-09-25 17:12:13","git-master-bddc7a050319718b5e4e0856afec0bc9ea96418f","C:\Users\marco\Desktop\ds004507\derivatives\labels\sub-002\ses-headUp\anat\sub-002_ses-headUp_T2w_seg-manual.nii.gz","754","7","",53.35564200658861,0.0,8.111370258709544,0.0,24.074341773653135,0.0,6.084729160243493,0.0,6.217575021277149,0.0,11.010086780664649,0.0,3.068789819681381,0.0,3.015939340562112,0.0,0.8252851304180927,0.0,5.748230916001165,0.0,0.9534966911107137,0.0,""
"2026-09-25 17:12:13","git-master-bddc7a050319718b5e4e0856afec0bc9ea96418f","C:\Users\marco\Desktop\ds004507\derivatives\labels\sub-002\ses-headUp\anat\sub-002_ses-headUp_T2w_seg-manual.nii.gz","755","7","",53.96397998592814,0.0,8.104920765713793,0.0,24.09067498145846,0.0,6.225133835289613,0.0,6.242472526506461,0.0,11.09118553509769,0.0,3.086264759468492,0.0,3.138869075821122,0.0,0.8265651785976481,0.0,5.92422722925488,0.0,0.955452033980516,0.0,""
"2026-09-25 17:12:13","git-master-bddc7a050319718b5e4e0856afec0bc9ea96418f","C:\Users\marco\Desktop\ds004507\derivatives\labels\sub-002\ses-headUp\anat\sub-002_ses-headUp_T2w_seg-manual.nii.gz","756","7","",53.82004279385436,0.0,8.097742820436151,0.0,24.105789179270207,0.0,6.171757792548184,0.0,6.236894984598461,0.0,11.064075435743234,0.0,3.0703964087981404,0.0,3.101361383750044,0.0,0.8259537224275528,0.0,5.340402622223768,0.0,0.9556046356796172,0.0,""
"2026-09-25 17:12:13","git-master-bddc7a050319718b5e4e0856afec0bc9ea96418f","C:\Users\marco\Desktop\ds004507\derivatives\labels\sub-002\ses-headUp\anat\sub-002_ses-headUp_T2w_seg-manual.nii.gz","757","7","",52.923830430367275,0.0,8.089836422876619,0.0,24.119684367088382,0.0,5.924601032019206,0.0,6.200842395553149,0.0,10.928756482601282,0.0,3.0211847676703267,0.0,2.9034162643488792,0.0,0.8234507619078069,0.0,3.9967570949078275,0.0,0.9539544962080173,0.0,""
"2026-09-25 17:12:13","git-master-bddc7a050319718b5e4e0856afec0bc9ea96418f","C:\Users\marco\Desktop\ds004507\derivatives\labels\sub-002\ses-headUp\anat\sub-002_ses-headUp_T2w_seg-manual.nii.gz","758","7","",54.98090100360326,0.0,8.080472864106662,0.0,24.13114390912281,0.0,6.241392223442883,0.0,6.575613544777312,0.0,10.733285928976782,0.0,3.1307169767001914,0.0,3.1106752467426917,0.0,0.7890055154352889,0.0,2.5698275538741076,0.0,0.9666428407273477,0.0,""
"2026-09-25 17:12:13","git-master-bddc7a050319718b5e4e0856afec0bc9ea96418f","C:\Users\marco\Desktop\ds004507\derivatives\labels\sub-002\ses-headUp\anat\sub-002_ses-headUp_T2w_seg-manual.nii.gz","759","7","",55.42336387196546,0.0,8.070380573147075,0.0,24.141386608059353,0.0,6.2871521282398515,0.0,6.633607940665965,0.0,10.745657938698956,0.0,3.1800133661868952,0.0,3.1071387620529562,0.0,0.7857437989967881,0.0,2.155131656538527,0.0,0.9696565402292274,0.0,""
"2026-09-25 17:12:13","git-master-bddc7a050319718b5e4e0856afec0bc9ea96418f","C:\Users\marco\Desktop\ds004507\derivatives\labels\sub-002\ses-headUp\anat\sub-002_ses-headUp_T2w_seg-manual.nii.gz","760","7","",54.25121903545389,0.0,8.059559549997857,0.0,24.150412463898014,0.0,6.061880746410111,0.0,6.374825583219108,0.0,10.965872511767806,0.0,3.169073936130438,0.0,2.8928068102796725,0.0,0.8136656125923047,0.0,2.752669402901085,0.0,0.9629955947136564,0.0,""
"2026-09-25 17:12:13","git-master-bddc7a050319718b5e4e0856afec0bc9ea96418f","C:\Users\marco\Desktop\ds004507\derivatives\labels\sub-002\ses-headUp\anat\sub-002_ses-headUp_T2w_seg-manual.nii.gz","761","7","",55.41900653406857,0.0,8.047280713162923,0.0,24.15700617795269,0.0,6.287698582722133,0.0,6.49685100520095,0.0,10.965729875527925,0.0,3.2628961516057315,0.0,3.0248024311164006,0.0,0.8055344645935492,0.0,4.231196223467922,0.0,0.972277022835826,0.0,""
"2026-09-25 17:12:13","git-master-bddc7a050319718b5e4e0856afec0bc9ea96418f","C:\Users\marco\Desktop\ds004507\derivatives\labels\sub-002\ses-headUp\anat\sub-002_ses-headUp_T2w_seg-manual.nii.gz","762","7","",55.98521184972204,0.0,8.034272771985513,0.0,24.16238438551374,0.0,6.369721573785529,0.0,6.515373625434421,0.0,10.999486862097955,0.0,3.2369571968655153,0.0,3.1327643769200133,0.0,0.8056055424850824,0.0,3.239613414842708,0.0,0.9746963973596786,0.0,""
"2026-09-25 17:12:13","git-master-bddc7a050319718b5e4e0856afec0bc9ea96418f","C:\Users\marco\Desktop\ds004507\derivatives\labels\sub-002\ses-headUp\anat\sub-002_ses-headUp_T2w_seg-manual.nii.gz","763","7","",55.9498349824143,0.0,8.020535726465626,0.0,24.166547086581158,0.0,6.307949719600299,0.0,6.43039344391952,0.0,11.067143471477891,0.0,3.0912570719097894,0.0,3.2166926476905098,0.0,0.8138788462669044,0.0,-0.22207902297455842,0.0,0.9702537182852143,0.0,""
"2026-09-25 17:12:13","git-master-bddc7a050319718b5e4e0856afec0bc9ea96418f","C:\Users\marco\Desktop\ds004507\derivatives\labels\sub-002\ses-headUp\anat\sub-002_ses-headUp_T2w_seg-manual.nii.gz","764","7","",56.20735672321575,0.0,8.005340032074157,0.0,24.168279487524035,0.0,6.366451633693379,0.0,6.532339254008275,0.0,10.933503919898955,0.0,3.2453124852590864,0.0,3.1211391484342927,0.0,0.801691418836857,0.0,-0.7554184567590122,0.0,0.9733540046195283,0.0,""
"2026-09-25 17:12:13","git-master-bddc7a050319718b5e4e0856afec0bc9ea96418f","C:\Users\marco\Desktop\ds004507\derivatives\labels\sub-002\ses-headUp\anat\sub-002_ses-headUp_T2w_seg-manual.nii.gz","765","7","",56.61486012333189,0.0,7.989414770842937,0.0,24.16879688676862,0.0,6.389707004358861,0.0,6.564051730508883,0.0,10.958360382068568,0.0,3.257949447822864,0.0,3.1317575565359976,0.0,0.800578126255842,0.0,0.1572835311515739,0.0,0.974520075192839,0.0,""
"2026-09-25 17:12:13","git-master-bddc7a050319718b5e4e0856afec0bc9ea96418f","C:\Users\marco\Desktop\ds004507\derivatives\labels\sub-002\ses-headUp\anat\sub-002_ses-headUp_T2w_seg-manual.nii.gz","766","7","",57.1723451827627,0.0,7.972759942771968,0.0,24.16809928431492,0.0,6.377715831596746,0.0,6.525530873421342,0.0,11.141712857986725,0.0,3.1291679596011215,0.0,3.248547871995625,0.0,0.8105389685238595,0.0,2.5160269407571993,0.0,0.9737519300051467,0.0,""
"2026-09-25 17:12:13","git-master-bddc7a050319718b5e4e0856afec0bc9ea96418f","C:\Users\marco\Desktop\ds004507\derivatives\labels\sub-002\ses-headUp\anat\sub-002_ses-headUp_T2w_seg-manual.nii.gz","767","7","",58.580040974492746,0.0,7.954645452219431,0.0,24.164971558974518,0.0,6.576883665759615,0.0,6.637174377485461,0.0,11.202626073226073,0.0,3.2173864575660445,0.0,3.35949720819357,0.0,0.8055872199958575,0.0,1.6677899094789699,0.0,0.9670261557761318,0.0,""
"2026-09-25 17:12:13","git-master-bddc7a050319718b5e4e0856afec0bc9ea96418f","C:\Users\marco\Desktop\ds004507\derivatives\labels\sub-002\ses-headUp\anat\sub-002_ses-headUp_T2w_seg-manual.nii.gz","768","7","",57.66838448017887,0.0,7.935800844372213,0.0,24.16062850435344,0.0,6.372845757935229,0.0,6.481910768851506,0.0,11.281415047108128,0.0,3.16423344180643,0.0,3.2086123161287987,0.0,0.817534077316906,0.0,1.4435106554481247,0.0,0.9691550070960878,0.0,""
"2026-09-25 17:12:13","git-master-bddc7a050319718b5e4e0856afec0bc9ea96418f","C:\Users\marco\Desktop\ds004507\derivatives\labels\sub-002\ses-headUp\anat\sub-002_ses-headUp_T2w_seg-manual.nii.gz","769","7","",54.437375699821075,0.0,7.9162261192303145,0.0,24.155070120451683,0.0,5.7656021081235895,0.0,6.05974004751948,0.0,11.378079779632891,0.0,2.9697089123222784,0.0,2.7958931958013116,0.0,0.8463795404870053,0.0,1.8431891786646633,0.0,0.9801384839650146,0.0,""
"2026-09-25 17:12:13","git-master-bddc7a050319718b5e4e0856afec0bc9ea96418f","C:\Users\marco\Desktop\ds004507\derivatives\labels\sub-002\ses-headUp\anat\sub-002_ses-headUp_T2w_seg-manual.nii.gz","770","6","",57.45075795910333,0.0,7.88467275763818,0.0,24.143085129194166,0.0,6.390069813574836,0.0,6.406792295322564,0.0,11.343776349522596,0.0,3.3025472996495333,0.0,3.0875225139253035,0.0,0.8252382357654318,0.0,0.6669520268666661,0.0,0.9683080592945987,0.0,""
"2026-09-25 17:12:13","git-master-bddc7a050319718b5e4e0856afec0bc9ea96418f","C:\Users\marco\Desktop\ds004507\derivatives\labels\sub-002\ses-headUp\anat\sub-002_ses-headUp_T2w_seg-manual.nii.gz","771","6","",58.44644698864955,0.0,7.858801115575106,0.0,24.131098711491262,0.0,6.395919661982569,0.0,6.484588569924489,0.0,11.415738475835532,0.0,3.16476816536519,0.0,3.2311514966173798,0.0,0.8230028274612315,0.0,0.8337916580304007,0.0,0.9648836458584062,0.0,""
"2026-09-25 17:12:13","git-master-bddc7a050319718b5e4e0856afec0bc9ea96418f","C:\Users\marco\Desktop\ds004507\derivatives\labels\sub-002\ses-headUp\anat\sub-002_ses-headUp_T2w_seg-manual.nii.gz","772","6","",59.668353803895336,0.0,7.831759711162604,0.0,24.11716448531178,0.0,6.518717923057968,0.0,6.608712451885817,0.0,11.448332913939112,0.0,3.3036931299934067,0.0,3.215024793064562,0.0,0.8165077525642497,0.0,0.929862216257895,0.0,0.9627848369899169,0.0,""
"2026-09-25 17:12:13","git-master-bddc7a050319718b5e4e0856afec0bc9ea96418f","C:\Users\marco\Desktop\ds004507\derivatives\labels\sub-002\ses-headUp\anat\sub-002_ses-headUp_T2w_seg-manual.nii.gz","773","6","",60.47281222381425,0.0,7.80354821265653,0.0,24.101281461681214,0.0,6.553776444508675,0.0,6.658226578497393,0.0,11.526107223974664,0.0,3.380106445325386,0.0,3.1736699991832893,0.0,0.816112572942478,0.0,0.8434083499219146,0.0,0.9651849168384229,0.0,""
"2026-09-25 17:12:13","git-master-bddc7a050319718b5e4e0856afec0bc9ea96418f","C:\Users\marco\Desktop\ds004507\derivatives\labels\sub-002\ses-headUp\anat\sub-002_ses-headUp_T2w_seg-manual.nii.gz","774","6","",60.50364842612006,0.0,7.774166284419491,0.0,24.083448610201337,0.0,6.415494267975112,0.0,6.5784362295035645,0.0,11.677820037762345,0.0,3.206036108646771,0.0,3.2094581593283418,0.0,0.8262068001207297,0.0,0.6351775322718756,0.0,0.9712621730114618,0.0,""
"2026-09-25 17:12:13","git-master-bddc7a050319718b5e4e0856afec0bc9ea96418f","C:\Users\marco\Desktop\ds004507\derivatives\labels\sub-002\ses-headUp\anat\sub-002_ses-headUp_T2w_seg-manual.nii.gz","775","6","",60.84628972747196,0.0,7.743247454080383,0.0,24.063054209932382,0.0,6.725911041997728,0.0,6.69062425162133,0.0,11.586634294062383,0.0,3.400192404508122,0.0,3.3257186374896057,0.0,0.8163693083432101,0.0,1.6238169933374254,0.0,0.9519404808545487,0.0,""
"2026-09-25 17:12:13","git-master-bddc7a050319718b5e4e0856afec0bc9ea96418f","C:\Users\marco\Desktop\ds004507\derivatives\labels\sub-002\ses-headUp\anat\sub-002_ses-headUp_T2w_seg-manual.nii.gz","776","6","",60.88963241497729,0.0,7.711010546472794,0.0,24.040461473521965,0.0,6.541492291010027,0.0,6.628232576933295,0.0,11.631041828400766,0.0,3.340947399234019,0.0,3.200544891776008,0.0,0.8216366256111859,0.0,2.216555624057663,0.0,0.9691599901067416,0.0,""
"2026-09-25 17:12:13","git-master-bddc7a050319718b5e4e0856afec0bc9ea96418f","C:\Users\marco\Desktop\ds004507\derivatives\labels\sub-002\ses-headUp\anat\sub-002_ses-headUp_T2w_seg-manual.nii.gz","777","6","",61.73464609578795,0.0,7.677601546712922,0.0,24.01591276962593,0.0,6.38147596525813,0.0,6.639769127281991,0.0,11.779150459160377,0.0,3.208033156644658,0.0,3.1734428086134727,0.0,0.8259954250152555,0.0,1.5970090652472444,0.0,0.9829254584577833,0.0,""
"2026-09-25 17:12:13","git-master-bddc7a050319718b5e4e0856afec0bc9ea96418f","C:\Users\marco\Desktop\ds004507\derivatives\labels\sub-002\ses-headUp\anat\sub-002_ses-headUp_T2w_seg-manual.nii.gz","778","6","",63.38885689033683,0.0,7.643020064852438,0.0,23.989406468818036,0.0,6.431367425896286,0.0,6.762920108131008,0.0,11.969016004233014,0.0,3.130516050800053,0.0,3.300851375096233,0.0,0.825066162355775,0.0,0.07688048173774703,0.0,0.9785687235758487,0.0,""
"2026-09-25 17:12:13","git-master-bddc7a050319718b5e4e0856afec0bc9ea96418f","C:\Users\marco\Desktop\ds004507\derivatives\labels\sub-002\ses-headUp\anat\sub-002_ses-headUp_T2w_seg-manual.nii.gz","779","6","",64.3018320353567,0.0,7.607045629007608,0.0,23.960572778840078,0.0,6.639608685423168,0.0,6.7818680556881645,0.0,12.015038808013495,0.0,3.3331316407650093,0.0,3.306477044658159,0.0,0.825468149875917,0.0,-0.009028538233581879,0.0,0.9586269191260441,0.0,""
"2026-09-25 17:12:13","git-master-bddc7a050319718b5e4e0856afec0bc9ea96418f","C:\Users\marco\Desktop\ds004507\derivatives\labels\sub-002\ses-headUp\anat\sub-002_ses-headUp_T2w_seg-manual.nii.gz","780","6","",65.40012105242148,0.0,7.569604005216559,0.0,23.929284945522465,0.0,6.546305149311839,0.0,6.764448742105001,0.0,12.28881449716857,0.0,3.310359185263719,0.0,3.23594596404812,0.0,0.8346835203683187,0.0,-0.2628067369232635,0.0,0.9584059111299092,0.0,""
"2026-09-25 17:12:13","git-master-bddc7a050319718b5e4e0856afec0bc9ea96418f","C:\Users\marco\Desktop\ds004507\derivatives\labels\sub-002\ses-headUp\anat\sub-002_ses-headUp_T2w_seg-manual.nii.gz","781","6","",66.2907315794956,0.0,7.530988011251449,0.0,23.89603076261571,0.0,6.727306155815856,0.0,6.87343442031407,0.0,12.266432861822718,0.0,3.3630974277997208,0.0,3.364208728016135,0.0,0.8277381090567012,0.0,-0.15769637460994518,0.0,0.9628604034009439,0.0,""
"2026-09-25 17:12:13","git-master-bddc7a050319718b5e4e0856afec0bc9ea96418f","C:\Users\marco\Desktop\ds004507\derivatives\labels\sub-002\ses-headUp\anat\sub-002_ses-headUp_T2w_seg-manual.nii.gz","782","6","",66.81963009083267,0.0,7.49119720853344,0.0,23.860808006729645,0.0,7.00790582458015,0.0,7.002939197482775,0.0,12.1155260578418,0.0,3.5048588079727887,0.0,3.5030470166073613,0.0,0.8158909479125879,0.0,-0.01784807493921059,0.0,0.9652702201665028,0.0,""
"2026-09-25 17:12:13","git-master-bddc7a050319718b5e4e0856afec0bc9ea96418f","C:\Users\marco\Desktop\ds004507\derivatives\labels\sub-002\ses-headUp\anat\sub-002_ses-headUp_T2w_seg-manual.nii.gz","783","6","",66.8368938785501,0.0,7.450157648156081,0.0,23.823490945030294,0.0,6.874276516756468,0.0,6.9031940657581705,0.0,12.320393375320625,0.0,3.6605932598389677,0.0,3.2136832569175007,0.0,0.8282590106081457,0.0,-0.6166489454202608,0.0,0.9581437802325694,0.0,""
"2026-09-25 17:12:13","git-master-bddc7a050319718b5e4e0856afec0bc9ea96418f","C:\Users\marco\Desktop\ds004507\derivatives\labels\sub-002\ses-headUp\anat\sub-002_ses-headUp_T2w_seg-manual.nii.gz","784","6","",68.88452186641396,0.0,7.407500931652518,0.0,23.783457574160426,0.0,6.986723762244639,0.0,6.956616428751422,0.0,12.557849874897983,0.0,3.6034503420111808,0.0,3.3832734202334587,0.0,0.8325054236775664,0.0,-1.1878180256944013,0.0,0.9596267961441862,0.0,""
"2026-09-25 17:12:13","git-master-bddc7a050319718b5e4e0856afec0bc9ea96418f","C:\Users\marco\Desktop\ds004507\derivatives\labels\sub-002\ses-headUp\anat\sub-002_ses-headUp_T2w_seg-manual.nii.gz","785","6","",69.98416326169365,0.0,7.363667318691812,0.0,23.741444290434302,0.0,6.7243794415966684,0.0,6.934731762088601,0.0,12.839986624873788,0.0,3.503727863794305,0.0,3.2206515778023634,0.0,0.8413763674505783,0.0,-0.6671174666823072,0.0,0.9736440325229492,0.0,""
"2026-09-25 17:12:13","git-master-bddc7a050319718b5e4e0856afec0bc9ea96418f","C:\Users\marco\Desktop\ds004507\derivatives\labels\sub-002\ses-headUp\anat\sub-002_ses-headUp_T2w_seg-manual.nii.gz","786","6","",70.69567351272198,0.0,7.3186563287206265,0.0,23.697448283762306,0.0,6.590367175168337,0.0,7.0016040811718225,0.0,12.901539441285152,0.0,3.502563704782878,0.0,3.087803470385459,0.0,0.8391505030933473,0.0,0.8659922670845364,0.0,0.9834301607536007,0.0,""
"2026-09-25 17:12:13","git-master-bddc7a050319718b5e4e0856afec0bc9ea96418f","C:\Users\marco\Desktop\ds004507\derivatives\labels\sub-002\ses-headUp\anat\sub-002_ses-headUp_T2w_seg-manual.nii.gz","787","6","",71.58649156805151,0.0,7.272467478566773,0.0,23.65146670393048,0.0,7.06154091618307,0.0,7.297766646118064,0.0,12.515183783491613,0.0,3.7016456501531025,0.0,3.3598952660299672,0.0,0.8123918573704941,0.0,3.099316840623354,0.0,0.9737145424453633,0.0,""
"2026-09-25 17:12:13","git-master-bddc7a050319718b5e4e0856afec0bc9ea96418f","C:\Users\marco\Desktop\ds004507\derivatives\labels\sub-002\ses-headUp\anat\sub-002_ses-headUp_T2w_seg-manual.nii.gz","788","6","",69.54642178137833,0.0,7.2246579401455175,0.0,23.602748062432713,0.0,7.061618576078076,0.0,7.167166810875067,0.0,12.324305279390662,0.0,3.516738265828872,0.0,3.5448803102492037,0.0,0.8135166820816139,0.0,2.9689897046024556,0.0,0.9766371058228225,0.0,""
"2026-09-25 17:12:13","git-master-bddc7a050319718b5e4e0856afec0bc9ea96418f","C:\Users\marco\Desktop\ds004507\derivatives\labels\sub-002\ses-headUp\anat\sub-002_ses-headUp_T2w_seg-manual.nii.gz","789","6","",67.53943378128955,0.0,7.175595099791026,0.0,23.551908394461147,0.0,6.88391285408771,0.0,7.008058670703911,0.0,12.238329112337933,0.0,3.4603245659554935,0.0,3.423588288132217,0.0,0.8197755590942293,0.0,0.9252158570314681,0.0,0.9725894430026647,0.0,""
"2026-09-25 17:12:13","git-master-bddc7a050319718b5e4e0856afec0bc9ea96418f","C:\Users\marco\Desktop\ds004507\derivatives\labels\sub-002\ses-headUp\anat\sub-002_ses-headUp_T2w_seg-manual.nii.gz","790","6","",67.49419909033782,0.0,7.125352110280774,0.0,23.4990687249138,0.0,6.854337262421241,0.0,6.989057645224533,0.0,12.286088008668306,0.0,3.4412519056628113,0.0,3.41308535675843,0.0,0.8224444943141759,0.0,0.27808787486247877,0.0,0.9694811533740989,0.0,""
"2026-09-25 17:12:13","git-master-bddc7a050319718b5e4e0856afec0bc9ea96418f","C:\Users\marco\Desktop\ds004507\derivatives\labels\sub-002\ses-headUp\anat\sub-002_ses-headUp_T2w_seg-manual.nii.gz","791","6","",69.1368458899112,0.0,7.07392845483955,0.0,23.444225627669123,0.0,7.003963918282675,0.0,7.095555775025389,0.0,12.422219476373835,0.0,3.391424401140166,0.0,3.612539517142509,0.0,0.8207575900662231,0.0,1.855807799721682,0.0,0.9713422510689108,0.0,""
"2026-09-25 17:12:13","git-master-bddc7a050319718b5e4e0856afec0bc9ea96418f","C:\Users\marco\Desktop\ds004507\derivatives\labels\sub-002\ses-headUp\anat\sub-002_ses-headUp_T2w_seg-manual.nii.gz","792","6","",65.13136529433028,0.0,7.021028023098919,0.0,23.386871847081075,0.0,6.5206697698736615,0.0,6.7372514054678465,0.0,12.309341940780177,0.0,3.2059817640974835,0.0,3.3146880057761785,0.0,0.836848744883115,0.0,0.3086871143865615,0.0,0.9768706713605179,0.0,""
"2026-09-25 17:12:13","git-master-bddc7a050319718b5e4e0856afec0bc9ea96418f","C:\Users\marco\Desktop\ds004507\derivatives\labels\sub-002\ses-headUp\anat\sub-002_ses-headUp_T2w_seg-manual.nii.gz","793","6","",63.931142805086616,0.0,6.9667235331167365,0.0,23.32712506554465,0.0,6.439310376546661,0.0,6.571270628637315,0.0,12.37655119710077,0.0,3.2378462701994284,0.0,3.2014641063472338,0.0,0.8473048909114032,0.0,-0.26514816699324245,0.0,0.9732014315071714,0.0,""
"2026-09-25 17:12:13","git-master-bddc7a050319718b5e4e0856afec0bc9ea96418f","C:\Users\marco\Desktop\ds004507\derivatives\labels\sub-002\ses-headUp\anat\sub-002_ses-headUp_T2w_seg-manual.nii.gz","794","6","",64.73955258701704,0.0,6.9112359608333875,0.0,23.265357934403415,0.0,6.584177481788244,0.0,6.700387737601625,0.0,12.317448687713716,0.0,3.3431753312328643,0.0,3.2410021505553805,0.0,0.8383992278105323,0.0,-1.0471476994286202,0.0,0.9602008865979287,0.0,""
"2026-09-25 17:12:13","git-master-bddc7a050319718b5e4e0856afec0bc9ea96418f","C:\Users\marco\Desktop\ds004507\derivatives\labels\sub-002\ses-headUp\anat\sub-002_ses-headUp_T2w_seg-manual.nii.gz","795","6","",66.92243801788938,0.0,6.854564764660534,0.0,23.201566464705408,0.0,6.848775542292023,0.0,7.049143939926147,0.0,12.149082490697738,0.0,3.4632796548672347,0.0,3.385495887424788,0.0,0.8143062015625894,0.0,-2.1055601777918684,0.0,0.9497777614029302,0.0,""
"2026-09-25 17:12:13","git-master-bddc7a050319718b5e4e0856afec0bc9ea96418f","C:\Users\marco\Desktop\ds004507\derivatives\labels\sub-002\ses-headUp\anat\sub-002_ses-headUp_T2w_seg-manual.nii.gz","796","6","",69.37386544816495,0.0,6.796561243090446,0.0,23.135492023976873,0.0,7.077096478941408,0.0,7.348392140697947,0.0,12.129308774172259,0.0,3.545113170986262,0.0,3.531983307955146,0.0,0.7955177899003822,0.0,-2.795940005000978,0.0,0.9730367004998058,0.0,""
"2026-09-25 17:12:13","git-master-bddc7a050319718b5e4e0856afec0bc9ea96418f","C:\Users\marco\Desktop\ds004507\derivatives\labels\sub-002\ses-headUp\anat\sub-002_ses-headUp_T2w_seg-manual.nii.gz","797","6","",69.94005346383992,0.0,6.737002059276735,0.0,23.066744232360268,0.0,7.054884398166599,0.0,7.28941556897942,0.0,12.37720010263621,0.0,3.3938946121614473,0.0,3.6609897860051515,0.0,0.8079104444186402,0.0,0.47950929476306525,0.0,0.9719436681182011,0.0,""
"2026-09-25 17:12:13","git-master-bddc7a050319718b5e4e0856afec0bc9ea96418f","C:\Users\marco\Desktop\ds004507\derivatives\labels\sub-002\ses-headUp\anat\sub-002_ses-headUp_T2w_seg-manual.nii.gz","798","6","",69.2772017366662,0.0,6.676256747208405,0.0,22.995952749371124,0.0,6.905174824528117,0.0,7.174492446308368,0.0,12.477230303565236,0.0,3.3562095860002605,0.0,3.548965238527856,0.0,0.81811410798337,0.0,2.5133129037096076,0.0,0.964553233023222,0.0,""
"2026-09-25 17:12:13","git-master-bddc7a050319718b5e4e0856afec0bc9ea96418f","C:\Users\marco\Desktop\ds004507\derivatives\labels\sub-002\ses-headUp\anat\sub-002_ses-headUp_T2w_seg-manual.nii.gz","799","6","",69.09510574403245,0.0,6.61432475033166,0.0,22.92311303984386,0.0,6.82798301720205,0.0,7.114569536015702,0.0,12.520194503233055,0.0,3.373805049979851,0.0,3.4541779672221993,0.0,0.8228582882100942,0.0,2.6734067170285267,0.0,0.9625439204338796,0.0,""
"2026-09-25 17:12:13","git-master-bddc7a050319718b5e4e0856afec0bc9ea96418f","C:\Users\marco\Desktop\ds004507\derivatives\labels\sub-002\ses-headUp\anat\sub-002_ses-headUp_T2w_seg-manual.nii.gz","800","6","",71.55399235890378,0.0,6.55120551136406,0.0,22.848220531492245,0.0,7.068829345024271,0.0,7.212437993376662,0.0,12.68744495785222,0.0,3.318317435856225,0.0,3.750511909168047,0.0,0.8227036570089594,0.0,0.9301790915564204,0.0,0.9786797867978679,0.0,""
"2026-09-25 17:12:13","git-master-bddc7a050319718b5e4e0856afec0bc9ea96418f","C:\Users\marco\Desktop\ds004507\derivatives\labels\sub-002\ses-headUp\anat\sub-002_ses-headUp_T2w_seg-manual.nii.gz","801","5","",67.54472729988036,0.0,6.4666481253287245,0.0,22.746669862280232,0.0,6.469057493016351,0.0,6.811678920458275,0.0,12.595146476618735,0.0,3.0997001645561904,0.0,3.36935732846016,0.0,0.8411397916433608,0.0,0.6157385256766849,0.0,0.9830932078800353,0.0,""
"2026-09-25 17:12:13","git-master-bddc7a050319718b5e4e0856afec0bc9ea96418f","C:\Users\marco\Desktop\ds004507\derivatives\labels\sub-002\ses-headUp\anat\sub-002_ses-headUp_T2w_seg-manual.nii.gz","802","5","",69.6592381910104,0.0,6.415118226141195,0.0,22.68406973599087,0.0,6.852903468382329,0.0,7.071927768001819,0.0,12.507515858694465,0.0,3.3520900265294022,0.0,3.5008134418529258,0.0,0.8243555313909569,0.0,0.37460847303181255,0.0,0.9730527205753059,0.0,""
"2026-09-25 17:12:13","git-master-bddc7a050319718b5e4e0856afec0bc9ea96418f","C:\Users\marco\Desktop\ds004507\derivatives\labels\sub-002\ses-headUp\anat\sub-002_ses-headUp_T2w_seg-manual.nii.gz","803","5","",70.57897469355069,0.0,6.36316988672492,0.0,22.620738736379018,0.0,7.050660988824146,0.0,7.199080535248185,0.0,12.438382954450962,0.0,3.482333344263795,0.0,3.568327644560351,0.0,0.8154390476804472,0.0,-0.2581334787146401,0.0,0.9674348341731033,0.0,""
"2026-09-25 17:12:13","git-master-bddc7a050319718b5e4e0856afec0bc9ea96418f","C:\Users\marco\Desktop\ds004507\derivatives\labels\sub-002\ses-headUp\anat\sub-002_ses-headUp_T2w_seg-manual.nii.gz","804","5","",68.91003335414649,0.0,6.310314926813029,0.0,22.555824177901755,0.0,6.845226856930282,0.0,7.037858461850663,0.0,12.40932842984912,0.0,3.347925816147413,0.0,3.4973010407828693,0.0,0.8235694131440418,0.0,-1.7393678785145168,0.0,0.9713992497263751,0.0,""
"2026-09-25 17:12:13","git-master-bddc7a050319718b5e4e0856afec0bc9ea96418f","C:\Users\marco\Desktop\ds004507\derivatives\labels\sub-002\ses-headUp\anat\sub-002_ses-headUp_T2w_seg-manual.nii.gz","805","5","",69.04221000744322,0.0,6.256622387194789,0.0,22.489441349560042,0.0,6.889172754984987,0.0,7.048507925133738,0.0,12.377754282156188,0.0,3.4109556227469358,0.0,3.4782171322380506,0.0,0.8219471716208966,0.0,-2.3279546135176403,0.0,0.973785310408473,0.0,""
"2026-09-25 17:12:13","git-master-bddc7a050319718b5e4e0856afec0bc9ea96418f","C:\Users\marco\Desktop\ds004507\derivatives\labels\sub-002\ses-headUp\anat\sub-002_ses-headUp_T2w_seg-manual.nii.gz","806","5","",70.22503882314881,0.0,6.2024412594145115,0.0,22.42220203046407,0.0,7.078590337176355,0.0,7.159415784813827,0.0,12.344710354326786,0.0,3.5891572079307377,0.0,3.4894331292456178,0.0,0.8146359093554868,0.0,-2.395830210722659,0.0,0.9752506640823861,0.0,""
"2026-09-25 17:12:13","git-master-bddc7a050319718b5e4e0856afec0bc9ea96418f","C:\Users\marco\Desktop\ds004507\derivatives\labels\sub-002\ses-headUp\anat\sub-002_ses-headUp_T2w_seg-manual.nii.gz","807","5","",71.06052641871536,0.0,6.14700271768169,0.0,22.35275023049677,0.0,7.065056834345933,0.0,7.1594717852365575,0.0,12.494291363260023,0.0,3.533055432458817,0.0,3.5320014018871166,0.0,0.819453883341372,0.0,-0.5615825672813437,0.0,0.96917714798844,0.0,""
"2026-09-25 17:12:13","git-master-bddc7a050319718b5e4e0856afec0bc9ea96418f","C:\Users\marco\Desktop\ds004507\derivatives\labels\sub-002\ses-headUp\anat\sub-002_ses-headUp_T2w_seg-manual.nii.gz","808","5","",71.50891108605558,0.0,6.091144749743653,0.0,22.282558058570245,0.0,6.982189730429616,0.0,7.125534395159888,0.0,12.645803969441971,0.0,3.450500047556358,0.0,3.531689682873259,0.0,0.8260311172708331,0.0,1.0575904535718046,0.0,0.9643069234780756,0.0,""
"2026-09-25 17:12:13","git-master-bddc7a050319718b5e4e0856afec0bc9ea96418f","C:\Users\marco\Desktop\ds004507\derivatives\labels\sub-002\ses-headUp\anat\sub-002_ses-headUp_T2w_seg-manual.nii.gz","809","5","",70.92743841082815,0.0,6.034307986156967,0.0,22.210637008848988,0.0,6.736758712253963,0.0,7.013659134236046,0.0,12.774316724423894,0.0,3.330321745683726,0.0,3.406436966570237,0.0,0.8356475089587719,0.0,1.7786686937442129,0.0,0.9639786284767402,0.0,""
"2026-09-25 17:12:13","git-master-bddc7a050319718b5e4e0856afec0bc9ea96418f","C:\Users\marco\Desktop\ds004507\derivatives\labels\sub-002\ses-headUp\anat\sub-002_ses-headUp_T2w_seg-manual.nii.gz","810","5","",71.42279318708027,0.0,5.976701540369471,0.0,22.13735105152816,0.0,6.8090607086332895,0.0,7.11040916974462,0.0,12.741644107929893,0.0,3.3973167281662353,0.0,3.4117439804670546,0.0,0.8292878712897316,0.0,1.7360052486824042,0.0,0.9633613910916711,0.0,""
"2026-09-25 17:12:13","git-master-bddc7a050319718b5e4e0856afec0bc9ea96418f","C:\Users\marco\Desktop\ds004507\derivatives\labels\sub-002\ses-headUp\anat\sub-002_ses-headUp_T2w_seg-manual.nii.gz","811","5","",72.70129520077207,0.0,5.918535325708658,0.0,22.063072434134913,0.0,7.112441261052602,0.0,7.358886693567679,0.0,12.591745766726131,0.0,3.600437735634302,0.0,3.5120035254183004,0.0,0.8113093031792522,0.0,1.137893305268439,0.0,0.9625340137911591,0.0,""
"2026-09-25 17:12:13","git-master-bddc7a050319718b5e4e0856afec0bc9ea96418f","C:\Users\marco\Desktop\ds004507\derivatives\labels\sub-002\ses-headUp\anat\sub-002_ses-headUp_T2w_seg-manual.nii.gz","812","5","",72.90905628814313,0.0,5.859178641889431,0.0,21.986674104019922,0.0,7.033606793005461,0.0,7.295576485000469,0.0,12.763870601309534,0.0,3.516634500635438,0.0,3.5169722923700233,0.0,0.820215148996269,0.0,1.4148264490754718,0.0,0.9558379707387527,0.0,""
"2026-09-25 17:12:13","git-master-bddc7a050319718b5e4e0856afec0bc9ea96418f","C:\Users\marco\Desktop\ds004507\derivatives\labels\sub-002\ses-headUp\anat\sub-002_ses-headUp_T2w_seg-manual.nii.gz","813","5","",73.38615866667146,0.0,5.799401569673033,0.0,21.90952515458011,0.0,6.964048367537583,0.0,7.257031691678166,0.0,12.933818077657918,0.0,3.4549097775715043,0.0,3.5091385899660783,0.0,0.8277054551706186,0.0,1.5370777576643992,0.0,0.952574588345851,0.0,""
"2026-09-25 17:12:13","git-master-bddc7a050319718b5e4e0856afec0bc9ea96418f","C:\Users\marco\Desktop\ds004507\derivatives\labels\sub-002\ses-headUp\anat\sub-002_ses-headUp_T2w_seg-manual.nii.gz","814","5","",75.34567658982806,0.0,5.73857324794889,0.0,21.830496550049453,0.0,7.097899375477136,0.0,7.448910616872911,0.0,12.95353141248358,0.0,3.6025636988813208,0.0,3.495335676595815,0.0,0.8180267168345994,0.0,0.6932228809997039,0.0,0.964772800669575,0.0,""
"2026-09-25 17:12:13","git-master-bddc7a050319718b5e4e0856afec0bc9ea96418f","C:\Users\marco\Desktop\ds004507\derivatives\labels\sub-002\ses-headUp\anat\sub-002_ses-headUp_T2w_seg-manual.nii.gz","815","5","",75.17721517632445,0.0,5.677043545476147,0.0,21.750208483530557,0.0,7.162773110210258,0.0,7.488132712025106,0.0,12.87804883193958,0.0,3.611716135643855,0.0,3.5510569745664036,0.0,0.8135733615910923,0.0,-0.1017281743235765,0.0,0.9708655202564791,0.0,""
"2026-09-25 17:12:13","git-master-bddc7a050319718b5e4e0856afec0bc9ea96418f","C:\Users\marco\Desktop\ds004507\derivatives\labels\sub-002\ses-headUp\anat\sub-002_ses-headUp_T2w_seg-manual.nii.gz","816","5","",73.09357235982664,0.0,5.614882600329666,0.0,21.668786901222244,0.0,7.165567299057597,0.0,7.389963660139007,0.0,12.716889927562887,0.0,3.496217236313837,0.0,3.669350062743759,0.0,0.8138228511308457,0.0,-0.852665790439583,0.0,0.9714632963802453,0.0,""
"2026-09-25 17:12:13","git-master-bddc7a050319718b5e4e0856afec0bc9ea96418f","C:\Users\marco\Desktop\ds004507\derivatives\labels\sub-002\ses-headUp\anat\sub-002_ses-headUp_T2w_seg-manual.nii.gz","817","5","",72.56601927958923,0.0,5.551598586803393,0.0,21.585339780333676,0.0,7.124983803211817,0.0,7.284178279539794,0.0,12.78437703229382,0.0,3.4375167515026037,0.0,3.6874670517092136,0.0,0.8216332970117763,0.0,-0.3755649040169289,0.0,0.9569816619901509,0.0,""
"2026-09-25 17:12:13","git-master-bddc7a050319718b5e4e0856afec0bc9ea96418f","C:\Users\marco\Desktop\ds004507\derivatives\labels\sub-002\ses-headUp\anat\sub-002_ses-headUp_T2w_seg-manual.nii.gz","818","5","",72.28374633000514,0.0,5.4878932652159875,0.0,21.501131091555962,0.0,7.092169899653801,0.0,7.204947062107612,0.0,12.836617765145103,0.0,3.40182921552062,0.0,3.6903406841331816,0.0,0.8275048699063781,0.0,0.11857225776473695,0.0,0.9436331245307734,0.0,""
"2026-09-25 17:12:13","git-master-bddc7a050319718b5e4e0856afec0bc9ea96418f","C:\Users\marco\Desktop\ds004507\derivatives\labels\sub-002\ses-headUp\anat\sub-002_ses-headUp_T2w_seg-manual.nii.gz","819","5","",71.7535443409783,0.0,5.42306403568234,0.0,21.41488624594971,0.0,7.144171506323631,0.0,7.274954376946042,0.0,12.578898505530638,0.0,3.4320789921091786,0.0,3.712092514214452,0.0,0.8154748305327163,0.0,-0.5244689477441807,0.0,0.9514071812157464,0.0,""
"2026-09-25 17:12:13","git-master-bddc7a050319718b5e4e0856afec0bc9ea96418f","C:\Users\marco\Desktop\ds004507\derivatives\labels\sub-002\ses-headUp\anat\sub-002_ses-headUp_T2w_seg-manual.nii.gz","820","5","",70.71338570834277,0.0,5.358160079448039,0.0,21.327551210392933,0.0,7.06492684564953,0.0,7.230202424797407,0.0,12.427938843259504,0.0,3.409709725452482,0.0,3.6552171201970474,0.0,0.8132856179342766,0.0,-0.5915823845874542,0.0,0.9562048797273636,0.0,""
"2026-09-25 17:12:13","git-master-bddc7a050319718b5e4e0856afec0bc9ea96418f","C:\Users\marco\Desktop\ds004507\derivatives\labels\sub-002\ses-headUp\anat\sub-002_ses-headUp_T2w_seg-manual.nii.gz","821","5","",69.10660858280872,0.0,5.293173093546345,0.0,21.239004852668906,0.0,6.839852999037727,0.0,7.057940175996481,0.0,12.395600955814297,0.0,3.3288748551899454,0.0,3.510978143847781,0.0,0.8220306573083058,0.0,-0.018776078468898505,0.0,0.957695513601919,0.0,""
"2026-09-25 17:12:13","git-master-bddc7a050319718b5e4e0856afec0bc9ea96418f","C:\Users\marco\Desktop\ds004507\derivatives\labels\sub-002\ses-headUp\anat\sub-002_ses-headUp_T2w_seg-manual.nii.gz","822","5","",69.87419883224517,0.0,5.228992019642943,0.0,21.14873407910653,0.0,6.959553786295069,0.0,7.1313350738329495,0.0,12.33784653908946,0.0,3.4369035625559503,0.0,3.5226502237391184,0.0,0.815863000934404,0.0,-0.2549641193228277,0.0,0.9685193965531398,0.0,""
"2026-09-25 17:12:13","git-master-bddc7a050319718b5e4e0856afec0bc9ea96418f","C:\Users\marco\Desktop\ds004507\derivatives\labels\sub-002\ses-headUp\anat\sub-002_ses-headUp_T2w_seg-manual.nii.gz","823","5","",71.05923817944867,0.0,5.165133470317107,0.0,21.057772309392707,0.0,7.151896707068557,0.0,7.252745544438904,0.0,12.27938320578207,0.0,3.5736162454361566,0.0,3.5782804616324007,0.0,0.8069317284866375,0.0,-0.5945733274707119,0.0,0.9796839898008403,0.0,""
"2026-09-25 17:12:13","git-master-bddc7a050319718b5e4e0856afec0bc9ea96418f","C:\Users\marco\Desktop\ds004507\derivatives\labels\sub-002\ses-headUp\anat\sub-002_ses-headUp_T2w_seg-manual.nii.gz","824","5","",70.41069547440566,0.0,5.102189646037778,0.0,20.96484574829184,0.0,7.180208592625915,0.0,7.225465517874065,0.0,12.272504881223483,0.0,3.5260519442290654,0.0,3.6541566483968495,0.0,0.8083118297729984,0.0,0.020458062187043824,0.0,0.9725892559948421,0.0,""
"2026-09-25 17:12:13","git-master-bddc7a050319718b5e4e0856afec0bc9ea96418f","C:\Users\marco\Desktop\ds004507\derivatives\labels\sub-002\ses-headUp\anat\sub-002_ses-headUp_T2w_seg-manual.nii.gz","825","5","",70.35654936108403,0.0,5.0396768948690385,0.0,20.87098959218723,0.0,7.180087477049128,0.0,7.241282886557289,0.0,12.315800204466694,0.0,3.4873272784488556,0.0,3.6927601986002716,0.0,0.8088872918658048,0.0,0.5251318456698737,0.0,0.9636110001177876,0.0,""
"2026-09-25 17:12:13","git-master-bddc7a050319718b5e4e0856afec0bc9ea96418f","C:\Users\marco\Desktop\ds004507\derivatives\labels\sub-002\ses-headUp\anat\sub-002_ses-headUp_T2w_seg-manual.nii.gz","826","5","",71.11969856137931,0.0,4.977756869227361,0.0,20.775855242952478,0.0,7.140870984912892,0.0,7.316359173706596,0.0,12.428084293437376,0.0,3.460757111380609,0.0,3.6801138735322834,0.0,0.8083563750674737,0.0,0.8780639206621815,0.0,0.9520429013930305,0.0,""
"2026-09-25 17:12:13","git-master-bddc7a050319718b5e4e0856afec0bc9ea96418f","C:\Users\marco\Desktop\ds004507\derivatives\labels\sub-002\ses-headUp\anat\sub-002_ses-headUp_T2w_seg-manual.nii.gz","827","5","",72.21313923939273,0.0,4.916592254172261,0.0,20.679085262046662,0.0,7.170898225822935,0.0,7.385665063817453,0.0,12.540928172819417,0.0,3.5154691340316595,0.0,3.655429091791275,0.0,0.8081879958097724,0.0,0.7690653188199943,0.0,0.9586849039802148,0.0,""
"2026-09-25 17:12:13","git-master-bddc7a050319718b5e4e0856afec0bc9ea96418f","C:\Users\marco\Desktop\ds004507\derivatives\labels\sub-002\ses-headUp\anat\sub-002_ses-headUp_T2w_seg-manual.nii.gz","828","5","",73.33603159135404,0.0,4.855751457330969,0.0,20.581613657114644,0.0,7.222446695803985,0.0,7.44801028983304,0.0,12.650620822309405,0.0,3.589428965252507,0.0,3.6330177305514777,0.0,0.8083150866349081,0.0,0.5474940454517114,0.0,0.9709362156304544,0.0,""
"2026-09-25 17:12:13","git-master-bddc7a050319718b5e4e0856afec0bc9ea96418f","C:\Users\marco\Desktop\ds004507\derivatives\labels\sub-002\ses-headUp\anat\sub-002_ses-headUp_T2w_seg-manual.nii.gz","829","5","",72.8657517176174,0.0,4.795883177424539,0.0,20.482027594739247,0.0,7.216239005194252,0.0,7.4221589716666765,0.0,12.699992681097978,0.0,3.4873209882485083,0.0,3.7289180169457437,0.0,0.8114300404756329,0.0,1.2691690356925824,0.0,0.9670901534103548,0.0,""
"2026-09-25 17:12:13","git-master-bddc7a050319718b5e4e0856afec0bc9ea96418f","C:\Users\marco\Desktop\ds004507\derivatives\labels\sub-002\ses-headUp\anat\sub-002_ses-headUp_T2w_seg-manual.nii.gz","830","5","",72.07686756909635,0.0,4.736393574270882,0.0,20.381614720760833,0.0,7.075391384298738,0.0,7.322254005555612,0.0,12.774183963563216,0.0,3.3622040155677984,0.0,3.7131873687309396,0.0,0.819114740825063,0.0,1.0974896166352555,0.0,0.9681958323230173,0.0,""
"2026-09-25 17:12:13","git-master-bddc7a050319718b5e4e0856afec0bc9ea96418f","C:\Users\marco\Desktop\ds004507\derivatives\labels\sub-002\ses-headUp\anat\sub-002_ses-headUp_T2w_seg-manual.nii.gz","831","5","",70.74180466380206,0.0,4.677553131264837,0.0,20.27978445546296,0.0,6.703732454341889,0.0,7.0953999286822045,0.0,12.89092282947416,0.0,3.197643050298442,0.0,3.506089404043447,0.0,0.8346332923322737,0.0,-0.6056545040761032,0.0,0.977790210320415,0.0,""
"2026-09-25 17:12:13","git-master-bddc7a050319718b5e4e0856afec0bc9ea96418f","C:\Users\marco\Desktop\ds004507\derivatives\labels\sub-002\ses-headUp\anat\sub-002_ses-headUp_T2w_seg-manual.nii.gz","832","5","",71.11906819302756,0.0,4.619416792448325,0.0,20.176410198898683,0.0,6.843937586929856,0.0,7.174513989955489,0.0,12.707188569878305,0.0,3.3302248641641983,0.0,3.513712722765658,0.0,0.8243560680108045,0.0,-1.2096625505093443,0.0,0.9769826945397365,0.0,""
"2026-09-25 17:12:13","git-master-bddc7a050319718b5e4e0856afec0bc9ea96418f","C:\Users\marco\Desktop\ds004507\derivatives\labels\sub-002\ses-headUp\anat\sub-002_ses-headUp_T2w_seg-manual.nii.gz","833","5","",72.28663623049297,0.0,4.5616054247962134,0.0,20.072323330980687,0.0,7.220387671461583,0.0,7.394844114988783,0.0,12.38477440620239,0.0,3.5999494991692362,0.0,3.6204381722923467,0.0,0.8021731009991756,0.0,-1.3063770241988433,0.0,0.9713743047076381,0.0,""
"2026-09-25 17:12:13","git-master-bddc7a050319718b5e4e0856afec0bc9ea96418f","C:\Users\marco\Desktop\ds004507\derivatives\labels\sub-002\ses-headUp\anat\sub-002_ses-headUp_T2w_seg-manual.nii.gz","834","4","",69.08369799178938,0.0,4.4659740898511116,0.0,19.89319746365158,0.0,6.709176773292459,0.0,7.02827214066251,0.0,12.414905710561136,0.0,3.315370467464172,0.0,3.393806305828287,0.0,0.8243258433033485,0.0,0.9393033427327254,0.0,0.9634353741496599,0.0,""
"2026-09-25 17:12:13","git-master-bddc7a050319718b5e4e0856afec0bc9ea96418f","C:\Users\marco\Desktop\ds004507\derivatives\labels\sub-002\ses-headUp\anat\sub-002_ses-headUp_T2w_seg-manual.nii.gz","835","4","",72.07407604795088,0.0,4.4059861029658585,0.0,19.776300740961855,0.0,7.036607174828611,0.0,7.302878283354612,0.0,12.428015747648764,0.0,3.500337582140692,0.0,3.536269592687919,0.0,0.8089062473028004,0.0,0.9150952948160431,0.0,0.9710455123342915,0.0,""
"2026-09-25 17:12:13","git-master-bddc7a050319718b5e4e0856afec0bc9ea96418f","C:\Users\marco\Desktop\ds004507\derivatives\labels\sub-002\ses-headUp\anat\sub-002_ses-headUp_T2w_seg-manual.nii.gz","836","4","",73.7706927621229,0.0,4.346481151873917,0.0,19.658330597128796,0.0,7.238485980316558,0.0,7.483185029320306,0.0,12.452684348357698,0.0,3.588049580300985,0.0,3.6504364000155736,0.0,0.799301698326516,0.0,1.5196090132067313,0.0,0.9767839648174349,0.0,""
"2026-09-25 17:12:13","git-master-bddc7a050319718b5e4e0856afec0bc9ea96418f","C:\Users\marco\Desktop\ds004507\derivatives\labels\sub-002\ses-headUp\anat\sub-002_ses-headUp_T2w_seg-manual.nii.gz","837","4","",73.78541973170859,0.0,4.28760414731328,0.0,19.538965005809402,0.0,7.277147710941838,0.0,7.540902559541668,0.0,12.492379081774326,0.0,3.5493299269901817,0.0,3.7278177839516564,0.0,0.7972567104817742,0.0,2.9414610277970015,0.0,0.9800892258886439,0.0,""
"2026-09-25 17:12:13","git-master-bddc7a050319718b5e4e0856afec0bc9ea96418f","C:\Users\marco\Desktop\ds004507\derivatives\labels\sub-002\ses-headUp\anat\sub-002_ses-headUp_T2w_seg-manual.nii.gz","838","4","",71.36409986892458,0.0,4.229694189536739,0.0,19.417440609771845,0.0,7.106767779950894,0.0,7.373360506822276,0.0,12.456488242071952,0.0,3.422284990862392,0.0,3.6844827890885017,0.0,0.8059012925998095,0.0,1.7124346168560898,0.0,0.9549295590873872,0.0,""
"2026-09-25 17:12:13","git-master-bddc7a050319718b5e4e0856afec0bc9ea96418f","C:\Users\marco\Desktop\ds004507\derivatives\labels\sub-002\ses-headUp\anat\sub-002_ses-headUp_T2w_seg-manual.nii.gz","839","4","",69.97938013033806,0.0,4.1722680816015,0.0,19.2948326029893,0.0,7.029579184054551,0.0,7.281865042026858,0.0,12.427711153673659,0.0,3.3722925025086234,0.0,3.657286681545928,0.0,0.8103055268879674,0.0,0.26821778043510225,0.0,0.9420037553298953,0.0,""
"2026-09-25 17:12:13","git-master-bddc7a050319718b5e4e0856afec0bc9ea96418f","C:\Users\marco\Desktop\ds004507\derivatives\labels\sub-002\ses-headUp\anat\sub-002_ses-headUp_T2w_seg-manual.nii.gz","840","4","",71.79924816101537,0.0,4.115616357263261,0.0,19.170487933264436,0.0,7.237070780928577,0.0,7.441422206637357,0.0,12.44110912189692,0.0,3.528702848889869,0.0,3.708367932038707,0.0,0.8013525421491681,0.0,-0.7589902826153658,0.0,0.9668004709429973,0.0,""
"2026-09-25 17:12:13","git-master-bddc7a050319718b5e4e0856afec0bc9ea96418f","C:\Users\marco\Desktop\ds004507\derivatives\labels\sub-002\ses-headUp\anat\sub-002_ses-headUp_T2w_seg-manual.nii.gz","841","4","",72.20178399820783,0.0,4.059788173318079,0.0,19.04428779713362,0.0,7.2546684823023275,0.0,7.405983004273082,0.0,12.4814464002072,0.0,3.5367273915166155,0.0,3.717941090785711,0.0,0.8048511997968655,0.0,-0.8792776671668836,0.0,0.9697052322785661,0.0,""
"2026-09-25 17:12:13","git-master-bddc7a050319718b5e4e0856afec0bc9ea96418f","C:\Users\marco\Desktop\ds004507\derivatives\labels\sub-002\ses-headUp\anat\sub-002_ses-headUp_T2w_seg-manual.nii.gz","842","4","",72.26058949810408,0.0,4.004444595239151,0.0,18.91699378839419,0.0,7.1864863088863515,0.0,7.305753446490022,0.0,12.562272359699064,0.0,3.4958741687243546,0.0,3.6906121401619973,0.0,0.8133879012677971,0.0,-0.9222107114925642,0.0,0.9645451929339666,0.0,""
"2026-09-25 17:12:13","git-master-bddc7a050319718b5e4e0856afec0bc9ea96418f","C:\Users\marco\Desktop\ds004507\derivatives\labels\sub-002\ses-headUp\anat\sub-002_ses-headUp_T2w_seg-manual.nii.gz","843","4","",73.06279163197985,0.0,3.950022253777734,0.0,18.787614519620885,0.0,7.029201260910814,0.0,7.224675374513672,0.0,12.790256593775194,0.0,3.471615995897879,0.0,3.5575852650129356,0.0,0.8249804986629055,0.0,-2.1181364831114085,0.0,0.9577785678238423,0.0,""
"2026-09-25 17:12:13","git-master-bddc7a050319718b5e4e0856afec0bc9ea96418f","C:\Users\marco\Desktop\ds004507\derivatives\labels\sub-002\ses-headUp\anat\sub-002_ses-headUp_T2w_seg-manual.nii.gz","844","4","",73.95748825952283,0.0,3.8962792874448895,0.0,18.65669025163858,0.0,7.088546796204242,0.0,7.275132705929057,0.0,12.829321065412318,0.0,3.521181733390143,0.0,3.5673650628140994,0.0,0.8235270630923788,0.0,-1.7207037152787734,0.0,0.9608713150339827,0.0,""
"2026-09-25 17:12:13","git-master-bddc7a050319718b5e4e0856afec0bc9ea96418f","C:\Users\marco\Desktop\ds004507\derivatives\labels\sub-002\ses-headUp\anat\sub-002_ses-headUp_T2w_seg-manual.nii.gz","845","4","",74.8156999584672,0.0,3.8430216278534237,0.0,18.524661805835652,0.0,7.279946635853721,0.0,7.407466141689222,0.0,12.743539473768173,0.0,3.6096542623181587,0.0,3.6702923735355615,0.0,0.8136901001616448,0.0,-0.4045662317184251,0.0,0.9696678791116423,0.0,""
"2026-09-25 17:12:13","git-master-bddc7a050319718b5e4e0856afec0bc9ea96418f","C:\Users\marco\Desktop\ds004507\derivatives\labels\sub-002\ses-headUp\anat\sub-002_ses-headUp_T2w_seg-manual.nii.gz","846","4","",73.56310681780629,0.0,3.7908324111824907,0.0,18.390192151077628,0.0,7.312765779389479,0.0,7.480787453637177,0.0,12.583009701573559,0.0,3.5099951854676528,0.0,3.8027705939218266,0.0,0.8039237158203273,0.0,-1.4115672029623025,0.0,0.9645087200309793,0.0,""
"2026-09-25 17:12:13","git-master-bddc7a050319718b5e4e0856afec0bc9ea96418f","C:\Users\marco\Desktop\ds004507\derivatives\labels\sub-002\ses-headUp\anat\sub-002_ses-headUp_T2w_seg-manual.nii.gz","847","4","",72.0049414640311,0.0,3.7391778228615045,0.0,18.25449521912525,0.0,7.270777859913203,0.0,7.470710219932659,0.0,12.438683294889724,0.0,3.473862485823414,0.0,3.796915374089789,0.0,0.7995533741823443,0.0,-1.7281073677189536,0.0,0.9535644024048182,0.0,""
"2026-09-25 17:12:13","git-master-bddc7a050319718b5e4e0856afec0bc9ea96418f","C:\Users\marco\Desktop\ds004507\derivatives\labels\sub-002\ses-headUp\anat\sub-002_ses-headUp_T2w_seg-manual.nii.gz","848","4","",70.11342460504036,0.0,3.6881064654677322,0.0,18.11745943932448,0.0,7.147182235332888,0.0,7.36965275460726,0.0,12.31203328694492,0.0,3.507031288586012,0.0,3.6401509467468762,0.0,0.8010696245843624,0.0,-1.2914175617622652,0.0,0.9363090027290226,0.0,""
"2026-09-25 17:12:13","git-master-bddc7a050319718b5e4e0856afec0bc9ea96418f","C:\Users\marco\Desktop\ds004507\derivatives\labels\sub-002\ses-headUp\anat\sub-002_ses-headUp_T2w_seg-manual.nii.gz","849","4","",71.62563222505744,0.0,3.638056502420833,0.0,17.978067960563006,0.0,7.2585887614569735,0.0,7.562594556112364,0.0,12.250131998135046,0.0,3.5115859629522066,0.0,3.747002798504767,0.0,0.7863820983340356,0.0,0.1251592931209542,0.0,0.9513857223610386,0.0,""
"2026-09-25 17:12:13","git-master-bddc7a050319718b5e4e0856afec0bc9ea96418f","C:\Users\marco\Desktop\ds004507\derivatives\labels\sub-002\ses-headUp\anat\sub-002_ses-headUp_T2w_seg-manual.nii.gz","850","4","",72.03262829297448,0.0,3.5884931861760228,0.0,17.837549891965544,0.0,7.33480576443366,0.0,7.655706340027898,0.0,12.133915450850072,0.0,3.4928474762775807,0.0,3.841958288156079,0.0,0.7758369868498125,0.0,0.8012205842832407,0.0,0.9673326293214831,0.0,""
"2026-09-25 17:12:13","git-master-bddc7a050319718b5e4e0856afec0bc9ea96418f","C:\Users\marco\Desktop\ds004507\derivatives\labels\sub-002\ses-headUp\anat\sub-002_ses-headUp_T2w_seg-manual.nii.gz","851","4","",69.75954475802398,0.0,3.539659940837474,0.0,17.6953401279543,0.0,7.303077741740328,0.0,7.509136971886111,0.0,11.904295522650191,0.0,3.4355439784364883,0.0,3.86753376330384,0.0,0.7759524345970956,0.0,-0.08616463669667662,0.0,0.9791375447891932,0.0,""
"2026-09-25 17:12:13","git-master-bddc7a050319718b5e4e0856afec0bc9ea96418f","C:\Users\marco\Desktop\ds004507\derivatives\labels\sub-002\ses-headUp\anat\sub-002_ses-headUp_T2w_seg-manual.nii.gz","852","4","",67.91933868089316,0.0,3.491703355608307,0.0,17.55108951547883,0.0,6.979756894928501,0.0,7.209231238090056,0.0,11.940805098900158,0.0,3.3468731807519587,0.0,3.632883714176543,0.0,0.7963174970984381,0.0,-0.5002347438848496,0.0,0.9861989786906673,0.0,""
"2026-09-25 17:12:13","git-master-bddc7a050319718b5e4e0856afec0bc9ea96418f","C:\Users\marco\Desktop\ds004507\derivatives\labels\sub-002\ses-headUp\anat\sub-002_ses-headUp_T2w_seg-manual.nii.gz","853","4","",66.84578557196964,0.0,3.4442339556806734,0.0,17.40570211269711,0.0,6.757141480261758,0.0,6.990472346524186,0.0,11.996154792262496,0.0,3.3278222781260465,0.0,3.4293192021357117,0.0,0.8124104817404216,0.0,-0.9399761911517295,0.0,0.9884114503618914,0.0,""
"2026-09-25 17:12:13","git-master-bddc7a050319718b5e4e0856afec0bc9ea96418f","C:\Users\marco\Desktop\ds004507\derivatives\labels\sub-002\ses-headUp\anat\sub-002_ses-headUp_T2w_seg-manual.nii.gz","854","4","",68.09930569077277,0.0,3.3976417627291773,0.0,17.258263113277145,0.0,7.188658445435819,0.0,7.217178452641254,0.0,11.853199402779522,0.0,3.590770297554595,0.0,3.597888147881224,0.0,0.7928743713346526,0.0,-1.9454495764937094,0.0,0.9779111395704515,0.0,""
"2026-09-25 17:12:13","git-master-bddc7a050319718b5e4e0856afec0bc9ea96418f","C:\Users\marco\Desktop\ds004507\derivatives\labels\sub-002\ses-headUp\anat\sub-002_ses-headUp_T2w_seg-manual.nii.gz","855","4","",69.46805631839888,0.0,3.3517810087016593,0.0,17.109105561702854,0.0,7.355081503950622,0.0,7.436639205417171,0.0,11.87526418317546,0.0,3.6213290757347774,0.0,3.733752428215845,0.0,0.7795978050456779,0.0,-1.4564528690792367,0.0,0.9740613406743006,0.0,""
"2026-09-25 17:12:13","git-master-bddc7a050319718b5e4e0856afec0bc9ea96418f","C:\Users\marco\Desktop\ds004507\derivatives\labels\sub-002\ses-headUp\anat\sub-002_ses-headUp_T2w_seg-manual.nii.gz","856","4","",70.49920909636397,0.0,3.306407935467725,0.0,16.958801134620863,0.0,7.341556907741859,0.0,7.603935536708789,0.0,11.97665149996207,0.0,3.522155089990473,0.0,3.819401817751386,0.0,0.7724828928086627,0.0,-0.33464003366157813,0.0,0.9740452398161363,0.0,""
"2026-09-25 17:12:13","git-master-bddc7a050319718b5e4e0856afec0bc9ea96418f","C:\Users\marco\Desktop\ds004507\derivatives\labels\sub-002\ses-headUp\anat\sub-002_ses-headUp_T2w_seg-manual.nii.gz","857","4","",67.34029360347947,0.0,3.262059452592146,0.0,16.80607840677226,0.0,6.923107814227495,0.0,7.264079421125703,0.0,11.986812497528808,0.0,3.362166834029924,0.0,3.560940980197571,0.0,0.7950119010631732,0.0,-0.937290373646693,0.0,0.9770401017432104,0.0,""
"2026-09-25 17:12:13","git-master-bddc7a050319718b5e4e0856afec0bc9ea96418f","C:\Users\marco\Desktop\ds004507\derivatives\labels\sub-002\ses-headUp\anat\sub-002_ses-headUp_T2w_seg-manual.nii.gz","858","4","",67.0324296449516,0.0,3.218296762216416,0.0,16.651966826365644,0.0,6.946897224217142,0.0,7.235165257753739,0.0,11.943847148200327,0.0,3.4235699274148224,0.0,3.5233272968023197,0.0,0.795183987420349,0.0,-1.0936791888187607,0.0,0.9754427764967337,0.0,""
"2026-09-25 17:12:13","git-master-bddc7a050319718b5e4e0856afec0bc9ea96418f","C:\Users\marco\Desktop\ds004507\derivatives\labels\sub-002\ses-headUp\anat\sub-002_ses-headUp_T2w_seg-manual.nii.gz","859","4","",69.33802959291737,0.0,3.1750710482988804,0.0,16.49658213111417,0.0,7.376071929085467,0.0,7.491281217241972,0.0,11.852182647551226,0.0,3.687915091033048,0.0,3.6881568380524197,0.0,0.7748622287049678,0.0,-0.8409949395788665,0.0,0.9696359463411689,0.0,""
"2026-09-25 17:12:13","git-master-bddc7a050319718b5e4e0856afec0bc9ea96418f","C:\Users\marco\Desktop\ds004507\derivatives\labels\sub-002\ses-headUp\anat\sub-002_ses-headUp_T2w_seg-manual.nii.gz","860","4","",70.27633103217715,0.0,3.1329198302621575,0.0,16.33863859995648,0.0,7.385661848991576,0.0,7.514927060106703,0.0,11.887677682314512,0.0,3.5943594244944075,0.0,3.791302424497169,0.0,0.7748344423184828,0.0,-0.2892945315299911,0.0,0.9781176535992437,0.0,""
"2026-09-25 17:12:13","git-master-bddc7a050319718b5e4e0856afec0bc9ea96418f","C:\Users\marco\Desktop\ds004507\derivatives\labels\sub-002\ses-headUp\anat\sub-002_ses-headUp_T2w_seg-manual.nii.gz","861","4","",69.42626752521983,0.0,3.09125722993372,0.0,16.179526881731572,0.0,7.25413002303796,0.0,7.391553630663784,0.0,11.867711908124265,0.0,3.4650926372388886,0.0,3.7890373857990705,0.0,0.7822010305820071,0.0,-0.31986643227213435,0.0,0.9787125080640706,0.0,""
"2026-09-25 17:12:13","git-master-bddc7a050319718b5e4e0856afec0bc9ea96418f","C:\Users\marco\Desktop\ds004507\derivatives\labels\sub-002\ses-headUp\anat\sub-002_ses-headUp_T2w_seg-manual.nii.gz","862","4","",65.89098066314638,0.0,3.05027872713973,0.0,16.018778911415684,0.0,6.9327430923604805,0.0,7.055920836382346,0.0,11.75248268618926,0.0,3.305581337061136,0.0,3.627161755299344,0.0,0.7996350520758257,0.0,-1.2773378144837744,0.0,0.966028624225305,0.0,""
"2026-09-25 17:12:13","git-master-bddc7a050319718b5e4e0856afec0bc9ea96418f","C:\Users\marco\Desktop\ds004507\derivatives\labels\sub-002\ses-headUp\anat\sub-002_ses-headUp_T2w_seg-manual.nii.gz","863","4","",66.57328656208993,0.0,3.0102290632021664,0.0,15.85579977310059,0.0,7.143279717034487,0.0,7.190560573001923,0.0,11.733390007888014,0.0,3.4975324796182856,0.0,3.645747237416201,0.0,0.7899730038083255,0.0,-2.4761766416813207,0.0,0.9627961696999985,0.0,""
"2026-09-25 17:12:13","git-master-bddc7a050319718b5e4e0856afec0bc9ea96418f","C:\Users\marco\Desktop\ds004507\derivatives\labels\sub-002\ses-headUp\anat\sub-002_ses-headUp_T2w_seg-manual.nii.gz","864","4","",67.64147402960569,0.0,2.9706683875428435,0.0,15.691643072267935,0.0,7.367035907648765,0.0,7.371343094340962,0.0,11.721996944992734,0.0,3.671271905070143,0.0,3.6957640025786223,0.0,0.7775135406199895,0.0,-3.352631147510461,0.0,0.960898904727035,0.0,""
"2026-09-25 17:12:13","git-master-bddc7a050319718b5e4e0856afec0bc9ea96418f","C:\Users\marco\Desktop\ds004507\derivatives\labels\sub-002\ses-headUp\anat\sub-002_ses-headUp_T2w_seg-manual.nii.gz","865","4","",67.28723552255703,0.0,2.931939134441717,0.0,15.52548081644206,0.0,7.310959800322752,0.0,7.402350066233663,0.0,11.675074854106498,0.0,3.5837672013028525,0.0,3.7271925990198995,0.0,0.77329063641709,0.0,-3.1716898457866436,0.0,0.9571469821408397,0.0,""
"2026-09-25 17:12:13","git-master-bddc7a050319718b5e4e0856afec0bc9ea96418f","C:\Users\marco\Desktop\ds004507\derivatives\labels\sub-002\ses-headUp\anat\sub-002_ses-headUp_T2w_seg-manual.nii.gz","866","4","",66.29972713974078,0.0,2.893992713643229,0.0,15.357422468455542,0.0,7.06010869916848,0.0,7.233176593525492,0.0,11.771296329062897,0.0,3.4875285259286883,0.0,3.5725801732397917,0.0,0.788190908165978,0.0,-2.552808638885408,0.0,0.9621683251154459,0.0,""
"2026-09-25 17:12:13","git-master-bddc7a050319718b5e4e0856afec0bc9ea96418f","C:\Users\marco\Desktop\ds004507\derivatives\labels\sub-002\ses-headUp\anat\sub-002_ses-headUp_T2w_seg-manual.nii.gz","867","4","",65.35547277994559,0.0,2.8565356191712175,0.0,15.188177506673256,0.0,6.81149259924362,0.0,7.024871217424889,0.0,11.902718709742961,0.0,3.4311129559058977,0.0,3.3803796433377227,0.0,0.8072296821078058,0.0,-1.841494652321179,0.0,0.9693476417483127,0.0,""
"2026-09-25 17:12:13","git-master-bddc7a050319718b5e4e0856afec0bc9ea96418f","C:\Users\marco\Desktop\ds004507\derivatives\labels\sub-002\ses-headUp\anat\sub-002_ses-headUp_T2w_seg-manual.nii.gz","868","4","",66.54661571127941,0.0,2.820057439326363,0.0,15.01655205505439,0.0,7.145870239513927,0.0,7.139546115460613,0.0,11.85131172820645,0.0,3.665658838745644,0.0,3.480211400768283,0.0,0.7980825408098513,0.0,-1.791286858104473,0.0,0.9653247582172453,0.0,""
"2026-09-25 17:12:13","git-master-bddc7a050319718b5e4e0856afec0bc9ea96418f","C:\Users\marco\Desktop\ds004507\derivatives\labels\sub-002\ses-headUp\anat\sub-002_ses-headUp_T2w_seg-manual.nii.gz","869","4","",67.61068255992859,0.0,2.7842157835811876,0.0,14.843372729480562,0.0,7.341417798873522,0.0,7.218836623775649,0.0,11.832230916905514,0.0,3.760766032671719,0.0,3.580651766201803,0.0,0.7923162051229786,0.0,-1.5011971474113253,0.0,0.9647385841592132,0.0,""
"2026-09-25 17:12:13","git-master-bddc7a050319718b5e4e0856afec0bc9ea96418f","C:\Users\marco\Desktop\ds004507\derivatives\labels\sub-002\ses-headUp\anat\sub-002_ses-headUp_T2w_seg-manual.nii.gz","870","4","",68.57699857574343,0.0,2.7488637617588427,0.0,14.66899811624907,0.0,7.430172988301798,0.0,7.270908370767081,0.0,11.838016390401172,0.0,3.7486126966641997,0.0,3.6815602916375982,0.0,0.7891504891369383,0.0,-1.0265828855824501,0.0,0.9667960327727468,0.0,""
"2026-09-25 17:12:13","git-master-bddc7a050319718b5e4e0856afec0bc9ea96418f","C:\Users\marco\Desktop\ds004507\derivatives\labels\sub-002\ses-headUp\anat\sub-002_ses-headUp_T2w_seg-manual.nii.gz","871","3","",68.19840708773322,0.0,2.6952934440424916,0.0,14.391743316580003,0.0,7.447017830321853,0.0,7.451491061588311,0.0,11.719156833738303,0.0,3.611294513016435,0.0,3.8357233173054173,0.0,0.7718221338815521,0.0,-1.9357669654819742,0.0,0.9617717590633376,0.0,""
"2026-09-25 17:12:13","git-master-bddc7a050319718b5e4e0856afec0bc9ea96418f","C:\Users\marco\Desktop\ds004507\derivatives\labels\sub-002\ses-headUp\anat\sub-002_ses-headUp_T2w_seg-manual.nii.gz","872","3","",67.8223006383856,0.0,2.6636339338459614,0.0,14.219659075762777,0.0,7.228630114951887,0.0,7.423289000443065,0.0,11.769728773716487,0.0,3.521645569667358,0.0,3.706984545284528,0.0,0.7759891759242721,0.0,-1.8778978535781716,0.0,0.9575658269773569,0.0,""
"2026-09-25 17:12:13","git-master-bddc7a050319718b5e4e0856afec0bc9ea96418f","C:\Users\marco\Desktop\ds004507\derivatives\labels\sub-002\ses-headUp\anat\sub-002_ses-headUp_T2w_seg-manual.nii.gz","873","3","",67.67418125630086,0.0,2.632366507673633,0.0,14.046607301141186,0.0,7.131997368088238,0.0,7.407547148341306,0.0,11.806643286344004,0.0,3.53484528930914,0.0,3.5971520787790983,0.0,0.7786930175333348,0.0,-1.458391849185484,0.0,0.9553843449696093,0.0,""
"2026-09-25 17:12:13","git-master-bddc7a050319718b5e4e0856afec0bc9ea96418f","C:\Users\marco\Desktop\ds004507\derivatives\labels\sub-002\ses-headUp\anat\sub-002_ses-headUp_T2w_seg-manual.nii.gz","874","3","",67.92503924192613,0.0,2.6017852285436596,0.0,13.871862342361956,0.0,7.2484358161106455,0.0,7.413610662065647,0.0,11.819657301107855,0.0,3.7280301691849247,0.0,3.5204056469257217,0.0,0.7788362583834967,0.0,-0.40602128293724626,0.0,0.9567456505987697,0.0,""
"2026-09-25 17:12:13","git-master-bddc7a050319718b5e4e0856afec0bc9ea96418f","C:\Users\marco\Desktop\ds004507\derivatives\labels\sub-002\ses-headUp\anat\sub-002_ses-headUp_T2w_seg-manual.nii.gz","875","3","",68.4197221510129,0.0,2.5719883396283763,0.0,13.695175385852457,0.0,7.3614129303876386,0.0,7.429556925516689,0.0,11.802576682673932,0.0,3.790868542527969,0.0,3.5705443878596697,0.0,0.7770005945190429,0.0,-0.33228475921659184,0.0,0.9607252863045117,0.0,""
"2026-09-25 17:12:13","git-master-bddc7a050319718b5e4e0856afec0bc9ea96418f","C:\Users\marco\Desktop\ds004507\derivatives\labels\sub-002\ses-headUp\anat\sub-002_ses-headUp_T2w_seg-manual.nii.gz","876","3","",68.93120142047462,0.0,2.5425836719056,0.0,13.51751660682629,0.0,7.460619402409697,0.0,7.444320425548762,0.0,11.770572424266767,0.0,3.7961284214114865,0.0,3.6644909809982096,0.0,0.7745990535670211,0.0,-0.5740028905854782,0.0,0.9654581864335516,0.0,""
"2026-09-25 17:12:13","git-master-bddc7a050319718b5e4e0856afec0bc9ea96418f","C:\Users\marco\Desktop\ds004507\derivatives\labels\sub-002\ses-headUp\anat\sub-002_ses-headUp_T2w_seg-manual.nii.gz","877","3","",68.69630083070524,0.0,2.5141597528028097,0.0,13.337422094121925,0.0,7.435099453427717,0.0,7.410195979916006,0.0,11.702186640618828,0.0,3.7144027551975207,0.0,3.7206966982301957,0.0,0.7739596344191282,0.0,-0.30038991337132986,0.0,0.9679049930083903,0.0,""
"2026-09-25 17:12:13","git-master-bddc7a050319718b5e4e0856afec0bc9ea96418f","C:\Users\marco\Desktop\ds004507\derivatives\labels\sub-002\ses-headUp\anat\sub-002_ses-headUp_T2w_seg-manual.nii.gz","878","3","",68.06344932737152,0.0,2.4862263303854633,0.0,13.15610582423723,0.0,7.371958317313439,0.0,7.398975040402947,0.0,11.624857598639503,0.0,3.5995356560838094,0.0,3.772422661229629,0.0,0.7712501978769143,0.0,-0.7131523867635936,0.0,0.9691502599900687,0.0,""
"2026-09-25 17:12:13","git-master-bddc7a050319718b5e4e0856afec0bc9ea96418f","C:\Users\marco\Desktop\ds004507\derivatives\labels\sub-002\ses-headUp\anat\sub-002_ses-headUp_T2w_seg-manual.nii.gz","879","3","",66.9530567277606,0.0,2.458881503990649,0.0,12.973323445736138,0.0,7.263671756640403,0.0,7.415238308233524,0.0,11.53679664666251,0.0,3.444898837490404,0.0,3.81877291915,0.0,0.7660567404615152,0.0,-1.949565400883553,0.0,0.9689536794599547,0.0,""
"2026-09-25 17:12:13","git-master-bddc7a050319718b5e4e0856afec0bc9ea96418f","C:\Users\marco\Desktop\ds004507\derivatives\labels\sub-002\ses-headUp\anat\sub-002_ses-headUp_T2w_seg-manual.nii.gz","880","3","",66.15291639816407,0.0,2.4324197780706704,0.0,12.7883353393389,0.0,7.045045949321657,0.0,7.312014500023034,0.0,11.596376208701091,0.0,3.3896405471265156,0.0,3.655405402195141,0.0,0.7758956710000989,0.0,-1.8613498076442414,0.0,0.9716498469009336,0.0,""
"2026-09-25 17:12:13","git-master-bddc7a050319718b5e4e0856afec0bc9ea96418f","C:\Users\marco\Desktop\ds004507\derivatives\labels\sub-002\ses-headUp\anat\sub-002_ses-headUp_T2w_seg-manual.nii.gz","881","3","",65.5562937760213,0.0,2.406350584192379,0.0,12.602365554035531,0.0,6.881805085407347,0.0,7.2176207439665285,0.0,11.660027992717405,0.0,3.391294542469795,0.0,3.490510542937552,0.0,0.7853530742496628,0.0,-1.506428365361367,0.0,0.971074872132333,0.0,""
"2026-09-25 17:12:13","git-master-bddc7a050319718b5e4e0856afec0bc9ea96418f","C:\Users\marco\Desktop\ds004507\derivatives\labels\sub-002\ses-headUp\anat\sub-002_ses-headUp_T2w_seg-manual.nii.gz","882","3","",65.56524856740613,0.0,2.381164684026846,0.0,12.414183941550705,0.0,7.078135713458715,0.0,7.282449298644019,0.0,11.594364261617951,0.0,3.549675295265812,0.0,3.5284604181929033,0.0,0.7780612167446547,0.0,-1.2759592097417276,0.0,0.952887009449532,0.0,""
"2026-09-25 17:12:13","git-master-bddc7a050319718b5e4e0856afec0bc9ea96418f","C:\Users\marco\Desktop\ds004507\derivatives\labels\sub-002\ses-headUp\anat\sub-002_ses-headUp_T2w_seg-manual.nii.gz","883","3","",65.88923490062062,0.0,2.3565677667645932,0.0,12.224524040995718,0.0,7.287326184498974,0.0,7.37272527132644,0.0,11.494059001547972,0.0,3.686956545327631,0.0,3.600369639171343,0.0,0.7668869808382432,0.0,-0.9462650769178111,0.0,0.9495500861322604,0.0,""
"2026-09-25 17:12:13","git-master-bddc7a050319718b5e4e0856afec0bc9ea96418f","C:\Users\marco\Desktop\ds004507\derivatives\labels\sub-002\ses-headUp\anat\sub-002_ses-headUp_T2w_seg-manual.nii.gz","884","3","",66.47574751869318,0.0,2.3324616685884076,0.0,12.033632233715593,0.0,7.507233191363308,0.0,7.48420742567964,0.0,11.364885800669224,0.0,3.806654876444285,0.0,3.700578314919023,0.0,0.7524774295973293,0.0,-0.5338834630903306,0.0,0.958588945619597,0.0,""
"2026-09-25 17:12:13","git-master-bddc7a050319718b5e4e0856afec0bc9ea96418f","C:\Users\marco\Desktop\ds004507\derivatives\labels\sub-002\ses-headUp\anat\sub-002_ses-headUp_T2w_seg-manual.nii.gz","885","3","",66.84113565690339,0.0,2.309337395950301,0.0,11.840270967121302,0.0,7.41143189004607,0.0,7.3553084077151425,0.0,11.506429475538477,0.0,3.6745749933774827,0.0,3.7368568966685873,0.0,0.7684511782374615,0.0,-0.4351313218295635,0.0,0.966603473151107,0.0,""
"2026-09-25 17:12:13","git-master-bddc7a050319718b5e4e0856afec0bc9ea96418f","C:\Users\marco\Desktop\ds004507\derivatives\labels\sub-002\ses-headUp\anat\sub-002_ses-headUp_T2w_seg-manual.nii.gz","886","3","",66.70458093218649,0.0,2.2866059059190893,0.0,11.645920407547187,0.0,7.243772730477368,0.0,7.210749035912243,0.0,11.628305372339039,0.0,3.5342274062684247,0.0,3.709545324208943,0.0,0.7844800761301303,0.0,-0.810265609827294,0.0,0.973494142382857,0.0,""
"2026-09-25 17:12:13","git-master-bddc7a050319718b5e4e0856afec0bc9ea96418f","C:\Users\marco\Desktop\ds004507\derivatives\labels\sub-002\ses-headUp\anat\sub-002_ses-headUp_T2w_seg-manual.nii.gz","887","3","",65.28847843429394,0.0,2.2646600160294414,0.0,11.44959025584398,0.0,6.96868149775318,0.0,7.0885303664916535,0.0,11.62554269409029,0.0,3.4389734654956077,0.0,3.529708032257572,0.0,0.7925538253946179,0.0,-2.3654625164965677,0.0,0.9776610113368015,0.0,""
"2026-09-25 17:12:13","git-master-bddc7a050319718b5e4e0856afec0bc9ea96418f","C:\Users\marco\Desktop\ds004507\derivatives\labels\sub-002\ses-headUp\anat\sub-002_ses-headUp_T2w_seg-manual.nii.gz","888","3","",65.92454269596823,0.0,2.243401640017164,0.0,11.251524893609135,0.0,7.104134634785385,0.0,7.196343027951314,0.0,11.650600330755717,0.0,3.574586477131195,0.0,3.52954815765419,0.0,0.7862401378913937,0.0,-2.4696524585638957,0.0,0.9655941498934205,0.0,""
"2026-09-25 17:12:13","git-master-bddc7a050319718b5e4e0856afec0bc9ea96418f","C:\Users\marco\Desktop\ds004507\derivatives\labels\sub-002\ses-headUp\anat\sub-002_ses-headUp_T2w_seg-manual.nii.gz","889","3","",67.73327367739499,0.0,2.2225361290776693,0.0,11.05246798249907,0.0,7.47418455453553,0.0,7.43560216419969,0.0,11.691555290229243,0.0,3.842123461571585,0.0,3.6320610929639443,0.0,0.7717050579494769,0.0,-1.744695563715827,0.0,0.9442508710801394,0.0,""
"2026-09-25 17:12:13","git-master-bddc7a050319718b5e4e0856afec0bc9ea96418f","C:\Users\marco\Desktop\ds004507\derivatives\labels\sub-002\ses-headUp\anat\sub-002_ses-headUp_T2w_seg-manual.nii.gz","890","3","",68.45029590918402,0.0,2.2027511631189522,0.0,10.850680243277264,0.0,7.537332133721075,0.0,7.553451641373794,0.0,11.668538821780867,0.0,3.852555967562061,0.0,3.684776166159014,0.0,0.7621011722546295,0.0,-1.7600853761223796,0.0,0.9477182417192895,0.0,""
"2026-09-25 17:12:13","git-master-bddc7a050319718b5e4e0856afec0bc9ea96418f","C:\Users\marco\Desktop\ds004507\derivatives\labels\sub-002\ses-headUp\anat\sub-002_ses-headUp_T2w_seg-manual.nii.gz","891","3","",69.00178108093512,0.0,2.1833591785706665,0.0,10.647898283372646,0.0,7.5729694265170435,0.0,7.600016836417984,0.0,11.680802345483812,0.0,3.842131929062677,0.0,3.7308374974543663,0.0,0.7592974123331009,0.0,-1.6162357829012952,0.0,0.9507488542378929,0.0,""
"2026-09-25 17:12:13","git-master-bddc7a050319718b5e4e0856afec0bc9ea96418f","C:\Users\marco\Desktop\ds004507\derivatives\labels\sub-002\ses-headUp\anat\sub-002_ses-headUp_T2w_seg-manual.nii.gz","892","3","",69.26357639761981,0.0,2.1646549114906355,0.0,10.443376437273114,0.0,7.5604637181312535,0.0,7.521834537734821,0.0,11.754805855451567,0.0,3.795208937706039,0.0,3.765254780425214,0.0,0.76839387251488,0.0,-1.1937172298318455,0.0,0.9530151400455396,0.0,""
"2026-09-25 17:12:13","git-master-bddc7a050319718b5e4e0856afec0bc9ea96418f","C:\Users\marco\Desktop\ds004507\derivatives\labels\sub-002\ses-headUp\anat\sub-002_ses-headUp_T2w_seg-manual.nii.gz","893","3","",68.94105941402849,0.0,2.146736710742061,0.0,10.236864368084147,0.0,7.553039622066822,0.0,7.499698953172455,0.0,11.719679206360961,0.0,3.752294286955679,0.0,3.800745335111143,0.0,0.768412018184014,0.0,-1.444013238119089,0.0,0.9574513916222636,0.0,""
"2026-09-25 17:12:13","git-master-bddc7a050319718b5e4e0856afec0bc9ea96418f","C:\Users\marco\Desktop\ds004507\derivatives\labels\sub-002\ses-headUp\anat\sub-002_ses-headUp_T2w_seg-manual.nii.gz","894","3","",68.42601682291384,0.0,2.129211555094463,0.0,10.029357043574949,0.0,7.54643060635652,0.0,7.491036132630231,0.0,11.653852514804472,0.0,3.704986333947808,0.0,3.8414442724087112,0.0,0.7660220097269905,0.0,-1.8711188169314743,0.0,0.9625798813958605,0.0,""
"2026-09-25 17:12:13","git-master-bddc7a050319718b5e4e0856afec0bc9ea96418f","C:\Users\marco\Desktop\ds004507\derivatives\labels\sub-002\ses-headUp\anat\sub-002_ses-headUp_T2w_seg-manual.nii.gz","895","3","",68.17688928260102,0.0,2.1126691017136654,0.0,9.819360502448841,0.0,7.528916347982407,0.0,7.406925774336426,0.0,11.69026349505798,0.0,3.5987140810912854,0.0,3.930202266891121,0.0,0.7735941394308132,0.0,-1.543265495907656,0.0,0.9664933815041459,0.0,""
"2026-09-25 17:12:13","git-master-bddc7a050319718b5e4e0856afec0bc9ea96418f","C:\Users\marco\Desktop\ds004507\derivatives\labels\sub-002\ses-headUp\anat\sub-002_ses-headUp_T2w_seg-manual.nii.gz","896","3","",67.79276998648652,0.0,2.096618054352387,0.0,9.608119046959391,0.0,7.394418599554648,0.0,7.307397868524327,0.0,11.776960018547195,0.0,3.5204313126589617,0.0,3.8739872868956864,0.0,0.7839561718735393,0.0,-1.461834323382984,0.0,0.9657102888685785,0.0,""
"2026-09-25 17:12:13","git-master-bddc7a050319718b5e4e0856afec0bc9ea96418f","C:\Users\marco\Desktop\ds004507\derivatives\labels\sub-002\ses-headUp\anat\sub-002_ses-headUp_T2w_seg-manual.nii.gz","897","3","",67.24666058341,0.0,2.0811566942145325,0.0,9.395383694233931,0.0,7.119540663062513,0.0,7.189368905690275,0.0,11.923999193919256,0.0,3.475735925535677,0.0,3.643804737526836,0.0,0.7976660876029495,0.0,-1.6761097290572895,0.0,0.9592912849403876,0.0,""
"2026-09-25 17:12:13","git-master-bddc7a050319718b5e4e0856afec0bc9ea96418f","C:\Users\marco\Desktop\ds004507\derivatives\labels\sub-002\ses-headUp\anat\sub-002_ses-headUp_T2w_seg-manual.nii.gz","898","3","",66.9403659670777,0.0,2.066579955469633,0.0,9.180407720752276,0.0,7.234620919833018,0.0,7.263538967694103,0.0,11.769966779535837,0.0,3.6198750157803645,0.0,3.6147459040526537,0.0,0.786334515116032,0.0,-1.8874147524353369,0.0,0.9500622381212647,0.0,""
"2026-09-25 17:12:13","git-master-bddc7a050319718b5e4e0856afec0bc9ea96418f","C:\Users\marco\Desktop\ds004507\derivatives\labels\sub-002\ses-headUp\anat\sub-002_ses-headUp_T2w_seg-manual.nii.gz","899","3","",66.5277644965968,0.0,2.0523964001617485,0.0,8.96443614565591,0.0,7.3996118736494925,0.0,7.35001603303224,0.0,11.579015924796495,0.0,3.7626890359552982,0.0,3.636922837694194,0.0,0.7727017244685259,0.0,-2.061582944397865,0.0,0.9429563283588139,0.0,""
"2026-09-25 17:12:13","git-master-bddc7a050319718b5e4e0856afec0bc9ea96418f","C:\Users\marco\Desktop\ds004507\derivatives\labels\sub-002\ses-headUp\anat\sub-002_ses-headUp_T2w_seg-manual.nii.gz","900","3","",65.39696739570309,0.0,2.0390975489274736,0.0,8.746224984049531,0.0,7.39924277091018,0.0,7.299675588536885,0.0,11.52300367821098,0.0,3.7107057634483613,0.0,3.688537007461819,0.0,0.7737549403146993,0.0,-2.0716057772868113,0.0,0.9482145782423201,0.0,""
"2026-09-25 17:12:13","git-master-bddc7a050319718b5e4e0856afec0bc9ea96418f","C:\Users\marco\Desktop\ds004507\derivatives\labels\sub-002\ses-headUp\anat\sub-002_ses-headUp_T2w_seg-manual.nii.gz","901","3","",65.22077165229113,0.0,2.026388550501265,0.0,8.52652201591565,0.0,7.442466664141003,0.0,7.2950262727896495,0.0,11.512835302285628,0.0,3.7589553842312817,0.0,3.6835112799097214,0.0,0.7736260994337281,0.0,-1.8153115733079717,0.0,0.9529914200947551,0.0,""
"2026-09-25 17:12:13","git-master-bddc7a050319718b5e4e0856afec0bc9ea96418f","C:\Users\marco\Desktop\ds004507\derivatives\labels\sub-002\ses-headUp\anat\sub-002_ses-headUp_T2w_seg-manual.nii.gz","902","3","",65.840077040114,0.0,2.014171096081778,0.0,8.305575875675514,0.0,7.522018054013606,0.0,7.328452897665846,0.0,11.540870151910413,0.0,3.8907324160890844,0.0,3.631285637924522,0.0,0.7725122112801365,0.0,-1.3370865052726417,0.0,0.957367088587964,0.0,""
"2026-09-25 17:12:13","git-master-bddc7a050319718b5e4e0856afec0bc9ea96418f","C:\Users\marco\Desktop\ds004507\derivatives\labels\sub-002\ses-headUp\anat\sub-002_ses-headUp_T2w_seg-manual.nii.gz","903","3","",66.73908726936665,0.0,2.002936805127124,0.0,8.082146449689288,0.0,7.377302250892029,0.0,7.319284283094483,0.0,11.677502911418687,0.0,3.801089757848739,0.0,3.57621249304329,0.0,0.7790733165054544,0.0,-0.8822486213352709,0.0,0.9570639442224911,0.0,""
"2026-09-25 17:12:13","git-master-bddc7a050319718b5e4e0856afec0bc9ea96418f","C:\Users\marco\Desktop\ds004507\derivatives\labels\sub-002\ses-headUp\anat\sub-002_ses-headUp_T2w_seg-manual.nii.gz","904","3","",67.26161283097017,0.0,1.9920957998780195,0.0,7.8577249300647685,0.0,7.258464053872472,0.0,7.294505410881676,0.0,11.762267958419272,0.0,3.7054918648385975,0.0,3.5529721890338744,0.0,0.7844748289719516,0.0,-0.9776301050639502,0.0,0.9564029344927647,0.0,""
"2026-09-25 17:12:13","git-master-bddc7a050319718b5e4e0856afec0bc9ea96418f","C:\Users\marco\Desktop\ds004507\derivatives\labels\sub-002\ses-headUp\anat\sub-002_ses-headUp_T2w_seg-manual.nii.gz","905","3","",66.70559132112805,0.0,1.9820413795864222,0.0,7.6313200369370895,0.0,7.268437391256749,0.0,7.239457915477703,0.0,11.679759662763756,0.0,3.6530585964685063,0.0,3.6153787947882425,0.0,0.7847374291805508,0.0,-2.5340266534759683,0.0,0.9560353005540111,0.0,""
"2026-09-25 17:12:13","git-master-bddc7a050319718b5e4e0856afec0bc9ea96418f","C:\Users\marco\Desktop\ds004507\derivatives\labels\sub-002\ses-headUp\anat\sub-002_ses-headUp_T2w_seg-manual.nii.gz","906","3","",66.14798961749293,0.0,1.972675263343529,0.0,7.403183273469471,0.0,7.151711525549999,0.0,7.213952935089967,0.0,11.643520704433147,0.0,3.597773681831088,0.0,3.553937843718911,0.0,0.7849430416735595,0.0,-3.499799597247136,0.0,0.9618197471146791,0.0,""
"2026-09-25 17:12:13","git-master-bddc7a050319718b5e4e0856afec0bc9ea96418f","C:\Users\marco\Desktop\ds004507\derivatives\labels\sub-002\ses-headUp\anat\sub-002_ses-headUp_T2w_seg-manual.nii.gz","907","3","",65.58948494597608,0.0,1.963702463699895,0.0,7.174056869807604,0.0,6.962586115219803,0.0,7.2053293918543675,0.0,11.633721367431056,0.0,3.5408592550409113,0.0,3.4217268601788926,0.0,0.7851160897576597,0.0,-4.128073338366385,0.0,0.9711196682464455,0.0,""
"2026-09-25 17:12:13","git-master-bddc7a050319718b5e4e0856afec0bc9ea96418f","C:\Users\marco\Desktop\ds004507\derivatives\labels\sub-002\ses-headUp\anat\sub-002_ses-headUp_T2w_seg-manual.nii.gz","908","2","",64.67127173236032,0.0,1.9507897209792908,0.0,6.796469347951641,0.0,6.961708463685465,0.0,7.247176877746708,0.0,11.418199310800617,0.0,3.536184079688252,0.0,3.4255243839972125,0.0,0.7727553435606359,0.0,-3.2661085578077964,0.0,0.9629188384214445,0.0,""
"2026-09-25 17:12:13","git-master-bddc7a050319718b5e4e0856afec0bc9ea96418f","C:\Users\marco\Desktop\ds004507\derivatives\labels\sub-002\ses-headUp\anat\sub-002_ses-headUp_T2w_seg-manual.nii.gz","909","2","",64.39511338203398,0.0,1.943732716127523,0.0,6.556798341146818,0.0,7.064678938122593,0.0,7.3426203680229785,0.0,11.256501340948839,0.0,3.5713345750907317,0.0,3.4933443630318606,0.0,0.7576257924800484,0.0,-2.73304167843337,0.0,0.9613725027480668,0.0,""
"2026-09-25 17:12:13","git-master-bddc7a050319718b5e4e0856afec0bc9ea96418f","C:\Users\marco\Desktop\ds004507\derivatives\labels\sub-002\ses-headUp\anat\sub-002_ses-headUp_T2w_seg-manual.nii.gz","910","2","",64.5075809482983,0.0,1.937147757811772,0.0,6.316911380450788,0.0,7.212072725734724,0.0,7.433962095804423,0.0,11.151395495399331,0.0,3.6734644204904705,0.0,3.5386083052442534,0.0,0.7453185034431427,0.0,-2.4592424114764384,0.0,0.9587131549438299,0.0,""
"2026-09-25 17:12:13","git-master-bddc7a050319718b5e4e0856afec0bc9ea96418f","C:\Users\marco\Desktop\ds004507\derivatives\labels\sub-002\ses-headUp\anat\sub-002_ses-headUp_T2w_seg-manual.nii.gz","911","2","",65.15440914987478,0.0,1.9312118634830435,0.0,6.0767274831543485,0.0,7.420548568962484,0.0,7.519663900155484,0.0,11.12410382076544,0.0,3.86769087213644,0.0,3.552857696826045,0.0,0.7368918247162992,0.0,-2.541936111593562,0.0,0.9545234154596615,0.0,""
"2026-09-25 17:12:13","git-master-bddc7a050319718b5e4e0856afec0bc9ea96418f","C:\Users\marco\Desktop\ds004507\derivatives\labels\sub-002\ses-headUp\anat\sub-002_ses-headUp_T2w_seg-manual.nii.gz","912","2","",65.80041305869321,0.0,1.9262200938144713,0.0,5.836128196451123,0.0,7.4537410674784335,0.0,7.546259607272498,0.0,11.173387357644291,0.0,3.8896559129989345,0.0,3.5640851544794994,0.0,0.7374591213189537,0.0,-2.0193928527908067,0.0,0.96320842135603,0.0,""
"2026-09-25 17:12:13","git-master-bddc7a050319718b5e4e0856afec0bc9ea96418f","C:\Users\marco\Desktop\ds004507\derivatives\labels\sub-002\ses-headUp\anat\sub-002_ses-headUp_T2w_seg-manual.nii.gz","913","2","",66.36470763127878,0.0,1.9217003944249464,0.0,5.595326444049448,0.0,7.47552914465123,0.0,7.572821843600205,0.0,11.212279250724341,0.0,3.899433575528096,0.0,3.576095569123135,0.0,0.7374203980070844,0.0,-1.4800363741279356,0.0,0.9710698083594683,0.0,""
"2026-09-25 17:12:13","git-master-bddc7a050319718b5e4e0856afec0bc9ea96418f","C:\Users\marco\Desktop\ds004507\derivatives\labels\sub-002\ses-headUp\anat\sub-002_ses-headUp_T2w_seg-manual.nii.gz","914","2","",66.70064881611036,0.0,1.9180068263701724,0.0,5.35417586713068,0.0,7.557408598036903,0.0,7.630321062765727,0.0,11.181872555123565,0.0,3.9655238193852487,0.0,3.5918847786516546,0.0,0.7309629818865615,0.0,-1.2113522832896786,0.0,0.9698658211379202,0.0,""
"2026-09-25 17:12:13","git-master-bddc7a050319718b5e4e0856afec0bc9ea96418f","C:\Users\marco\Desktop\ds004507\derivatives\labels\sub-002\ses-headUp\anat\sub-002_ses-headUp_T2w_seg-manual.nii.gz","915","2","",67.03554278519258,0.0,1.9150803960323968,0.0,5.11271514537664,0.0,7.617223986573869,0.0,7.676596166237183,0.0,11.150920025216594,0.0,4.006317553961548,0.0,3.6109064326123206,0.0,0.7252710217525554,0.0,-1.4330074319482229,0.0,0.9716232436487501,0.0,""
"2026-09-25 17:12:13","git-master-bddc7a050319718b5e4e0856afec0bc9ea96418f","C:\Users\marco\Desktop\ds004507\derivatives\labels\sub-002\ses-headUp\anat\sub-002_ses-headUp_T2w_seg-manual.nii.gz","916","2","",67.3372402724656,0.0,1.9126260521252996,0.0,4.871065707672331,0.0,7.66191276951609,0.0,7.713890345952139,0.0,11.124078334166787,0.0,4.03021932159712,0.0,3.6316934479189693,0.0,0.7205135237671227,0.0,-1.8363679399344726,0.0,0.9747547666231926,0.0,""
"2026-09-25 17:12:13","git-master-bddc7a050319718b5e4e0856afec0bc9ea96418f","C:\Users\marco\Desktop\ds004507\derivatives\labels\sub-002\ses-headUp\anat\sub-002_ses-headUp_T2w_seg-manual.nii.gz","917","2","",67.36087597230018,0.0,1.9111749026045917,0.0,4.629028906436783,0.0,7.664584428540219,0.0,7.718879742998192,0.0,11.13432012337333,0.0,4.009779522030629,0.0,3.6548049065095896,0.0,0.7206960113282287,0.0,-1.8605854472572254,0.0,0.9779483053574756,0.0,""
"2026-09-25 17:12:13","git-master-bddc7a050319718b5e4e0856afec0bc9ea96418f","C:\Users\marco\Desktop\ds004507\derivatives\labels\sub-002\ses-headUp\anat\sub-002_ses-headUp_T2w_seg-manual.nii.gz","918","2","",67.38348914530312,0.0,1.910313872159408,0.0,4.386775076043,0.0,7.667188002437405,0.0,7.721106091924739,0.0,11.139899895710267,0.0,3.987724813379628,0.0,3.6794631890577776,0.0,0.7208378499331464,0.0,-1.8713751258238693,0.0,0.979462031365592,0.0,""
"2026-09-25 17:12:13","git-master-bddc7a050319718b5e4e0856afec0bc9ea96418f","C:\Users\marco\Desktop\ds004507\derivatives\labels\sub-002\ses-headUp\anat\sub-002_ses-headUp_T2w_seg-manual.nii.gz","919","2","",67.40518204415757,0.0,1.9099839488821961,0.0,4.144325919406805,0.0,7.669730299720343,0.0,7.720845697543728,0.0,11.141283852864557,0.0,3.964216686552566,0.0,3.7055136131677773,0.0,0.7209431044774948,0.0,-1.8700797585100155,0.0,0.9794639259201584,0.0,""
"2026-09-25 17:12:13","git-master-bddc7a050319718b5e4e0856afec0bc9ea96418f","C:\Users\marco\Desktop\ds004507\derivatives\labels\sub-002\ses-headUp\anat\sub-002_ses-headUp_T2w_seg-manual.nii.gz","920","2","",67.71823459619458,0.0,1.9107162418744876,0.0,3.901505813706371,0.0,7.673191894114916,0.0,7.737937686139855,0.0,11.149741144982043,0.0,3.940087260337642,0.0,3.733104633777274,0.0,0.7199730752049811,0.0,-1.2272966523510038,0.0,0.9779167862141277,0.0,""
"2026-09-25 17:12:13","git-master-bddc7a050319718b5e4e0856afec0bc9ea96418f","C:\Users\marco\Desktop\ds004507\derivatives\labels\sub-002\ses-headUp\anat\sub-002_ses-headUp_T2w_seg-manual.nii.gz","921","2","",67.93277589935077,0.0,1.911920629182496,0.0,3.6585285807509673,0.0,7.678297046616641,0.0,7.734029730354299,0.0,11.161732769202828,0.0,3.9158266400011508,0.0,3.7624704066154906,0.0,0.7210112806362351,0.0,-0.8665048437870126,0.0,0.9760610082082176,0.0,""
"2026-09-25 17:12:13","git-master-bddc7a050319718b5e4e0856afec0bc9ea96418f","C:\Users\marco\Desktop\ds004507\derivatives\labels\sub-002\ses-headUp\anat\sub-002_ses-headUp_T2w_seg-manual.nii.gz","922","2","",67.95069223745577,0.0,1.9138331575774945,0.0,3.4153173152693532,0.0,7.686132175196186,0.0,7.692469262011849,0.0,11.179109597508964,0.0,3.8914002868265327,0.0,3.7947318883696535,0.0,0.7255945821136489,0.0,-1.050220758609262,0.0,0.9738236630463808,0.0,""
"2026-09-25 17:12:13","git-master-bddc7a050319718b5e4e0856afec0bc9ea96418f","C:\Users\marco\Desktop\ds004507\derivatives\labels\sub-002\ses-headUp\anat\sub-002_ses-headUp_T2w_seg-manual.nii.gz","923","2","",67.9670480899955,0.0,1.9166308529703968,0.0,3.1718302486660432,0.0,7.69223517644977,0.0,7.735042180925438,0.0,11.151886966361008,0.0,3.8609690608080984,0.0,3.831266115641671,0.0,0.7202779753769549,0.0,-2.0707465439522137,0.0,0.9753503945114933,0.0,""
"2026-09-25 17:12:13","git-master-bddc7a050319718b5e4e0856afec0bc9ea96418f","C:\Users\marco\Desktop\ds004507\derivatives\labels\sub-002\ses-headUp\anat\sub-002_ses-headUp_T2w_seg-manual.nii.gz","924","2","",68.04779977357599,0.0,1.9199006334558046,0.0,2.9282005913934737,0.0,7.696490763395925,0.0,7.78767404003028,0.0,11.131600247714353,0.0,3.8272914321001616,0.0,3.8691993312957633,0.0,0.714528187584834,0.0,-2.8943728088002576,0.0,0.9767781381871702,0.0,""
"2026-09-25 17:12:13","git-master-bddc7a050319718b5e4e0856afec0bc9ea96418f","C:\Users\marco\Desktop\ds004507\derivatives\labels\sub-002\ses-headUp\anat\sub-002_ses-headUp_T2w_seg-manual.nii.gz","925","2","",68.37159630912461,0.0,1.9240555660402048,0.0,2.6843120202328756,0.0,7.695550674015184,0.0,7.79389353759628,0.0,11.181922660401662,0.0,3.787444666150408,0.0,3.9081060078647765,0.0,0.7170538790489702,0.0,-2.1428160012716817,0.0,0.9740706010255145,0.0,""
"2026-09-25 17:12:13","git-master-bddc7a050319718b5e4e0856afec0bc9ea96418f","C:\Users\marco\Desktop\ds004507\derivatives\labels\sub-002\ses-headUp\anat\sub-002_ses-headUp_T2w_seg-manual.nii.gz","926","2","",68.8899879613815,0.0,1.9289186038995116,0.0,2.440229939130156,0.0,7.69486011312811,0.0,7.803493163333244,0.0,11.228524273731551,0.0,3.786810935987171,0.0,3.908049177140939,0.0,0.7190319448472979,0.0,-1.0221208253613248,0.0,0.9743780737411398,0.0,""
"2026-09-25 17:12:13","git-master-bddc7a050319718b5e4e0856afec0bc9ea96418f","C:\Users\marco\Desktop\ds004507\derivatives\labels\sub-002\ses-headUp\anat\sub-002_ses-headUp_T2w_seg-manual.nii.gz","927","2","",69.44022446223039,0.0,1.9342537101950616,0.0,2.196019995201449,0.0,7.694410339953279,0.0,7.81485550884374,0.0,11.264932932015185,0.0,3.8055114972517496,0.0,3.8888988427015296,0.0,0.7202207523638499,0.0,0.21274769651272776,0.0,0.9762134129288467,0.0,""
"2026-09-25 17:12:13","git-master-bddc7a050319718b5e4e0856afec0bc9ea96418f","C:\Users\marco\Desktop\ds004507\derivatives\labels\sub-002\ses-headUp\anat\sub-002_ses-headUp_T2w_seg-manual.nii.gz","928","2","",68.52041951229873,0.0,1.9406509429564702,0.0,1.9515403747972402,0.0,7.69567469641533,0.0,7.822455464482676,0.0,11.15693679271921,0.0,3.760492428458579,0.0,3.935182267956751,0.0,0.7129529802994228,0.0,-0.3732164222753453,0.0,0.9738927449025665,0.0,""
"2026-09-25 17:12:13","git-master-bddc7a050319718b5e4e0856afec0bc9ea96418f","C:\Users\marco\Desktop\ds004507\derivatives\labels\sub-002\ses-headUp\anat\sub-002_ses-headUp_T2w_seg-manual.nii.gz","929","2","",67.89321951308774,0.0,1.9475792197361985,0.0,1.7069362834187345,0.0,7.6966167893891475,0.0,7.816062890200762,0.0,11.09478460162063,0.0,3.7441604516455955,0.0,3.952456337743552,0.0,0.7097225245477518,0.0,-0.3745932782351781,0.0,0.9716902229166365,0.0,""
"2026-09-25 17:12:13","git-master-bddc7a050319718b5e4e0856afec0bc9ea96418f","C:\Users\marco\Desktop\ds004507\derivatives\labels\sub-002\ses-headUp\anat\sub-002_ses-headUp_T2w_seg-manual.nii.gz","930","2","",67.59113612578864,0.0,1.9550975454251713,0.0,1.462193890957677,0.0,7.697200811820484,0.0,7.794123060451235,0.0,11.083570130741377,0.0,3.7597030214772653,0.0,3.9374977903432193,0.0,0.710977975810254,0.0,0.2735712689474805,0.0,0.9696189743088733,0.0,""
"2026-09-25 17:12:13","git-master-bddc7a050319718b5e4e0856afec0bc9ea96418f","C:\Users\marco\Desktop\ds004507\derivatives\labels\sub-002\ses-headUp\anat\sub-002_ses-headUp_T2w_seg-manual.nii.gz","931","2","",67.28718042750971,0.0,1.963618911207494,0.0,1.217236097045685,0.0,7.698152748214305,0.0,7.768192589705542,0.0,11.07595367104287,0.0,3.7146138504825363,0.0,3.9835388977317687,0.0,0.7128082441246005,0.0,-0.20212117263926427,0.0,0.9668143888592595,0.0,""
"2026-09-25 17:12:13","git-master-bddc7a050319718b5e4e0856afec0bc9ea96418f","C:\Users\marco\Desktop\ds004507\derivatives\labels\sub-002\ses-headUp\anat\sub-002_ses-headUp_T2w_seg-manual.nii.gz","932","2","",67.08029020650609,0.0,1.9726122782093771,0.0,0.9721839357939143,0.0,7.699002369041838,0.0,7.750108832149618,0.0,11.071147836710256,0.0,3.681384055985712,0.0,4.0176183130561265,0.0,0.7141158067911876,0.0,-0.6267786061851877,0.0,0.9649198951216508,0.0,""
"2026-09-25 17:12:13","git-master-bddc7a050319718b5e4e0856afec0bc9ea96418f","C:\Users\marco\Desktop\ds004507\derivatives\labels\sub-002\ses-headUp\anat\sub-002_ses-headUp_T2w_seg-manual.nii.gz","933","2","",67.08418577533891,0.0,1.9823726376337687,0.0,0.7269822182248217,0.0,7.699536524151979,0.0,7.750043508719567,0.0,11.071514550565526,0.0,3.689304726856763,0.0,4.010231797295216,0.0,0.7141443185606884,0.0,-0.654386838897522,0.0,0.965184195758956,0.0,""
"2026-09-25 17:12:13","git-master-bddc7a050319718b5e4e0856afec0bc9ea96418f","C:\Users\marco\Desktop\ds004507\derivatives\labels\sub-002\ses-headUp\anat\sub-002_ses-headUp_T2w_seg-manual.nii.gz","934","2","",67.08661594839589,0.0,1.992958941814249,0.0,0.48163585681566934,0.0,7.69997836392083,0.0,7.7481522763215915,0.0,11.065340134845385,0.0,3.6945572135552407,0.0,4.005421150365589,0.0,0.7139286973206465,0.0,-0.719091725023015,0.0,0.9656791922135212,0.0,""
"2026-09-25 17:12:13","git-master-bddc7a050319718b5e4e0856afec0bc9ea96418f","C:\Users\marco\Desktop\ds004507\derivatives\labels\sub-002\ses-headUp\anat\sub-002_ses-headUp_T2w_seg-manual.nii.gz","935","2","",67.18614673954208,0.0,2.004017203028125,0.0,0.23621037665179428,0.0,7.700313984780035,0.0,7.75324693718971,0.0,11.059980257450686,0.0,3.7083014162442947,0.0,3.99201256853574,0.0,0.7131405798378164,0.0,-0.7765654953020098,0.0,0.966764716038086,0.0,""
"2026-09-25 17:12:13","git-master-bddc7a050319718b5e4e0856afec0bc9ea96418f","C:\Users\marco\Desktop\ds004507\derivatives\labels\sub-002\ses-headUp\anat\sub-002_ses-headUp_T2w_seg-manual.nii.gz","936","2","",67.80633872387999,0.0,2.0160193403132753,0.0,-0.009361558127630676,0.0,7.7002589435331,0.0,7.799077617320659,0.0,11.071423878887682,0.0,3.7724170264498964,0.0,3.927841917083204,0.0,0.7097641643163892,0.0,-0.7248130221841418,0.0,0.9705602985650118,0.0,""
"2026-09-25 17:12:13","git-master-bddc7a050319718b5e4e0856afec0bc9ea96418f","C:\Users\marco\Desktop\ds004507\derivatives\labels\sub-002\ses-headUp\anat\sub-002_ses-headUp_T2w_seg-manual.nii.gz","937","2","",68.06624679186129,0.0,2.028670345621904,0.0,-0.2550211639990228,0.0,7.700456699767467,0.0,7.812547532198006,0.0,11.107017626720816,0.0,3.761374763167745,0.0,3.939081936599722,0.0,0.7107793835678232,0.0,-0.8055560392204562,0.0,0.9707533714921338,0.0,""
"2026-09-25 17:12:13","git-master-bddc7a050319718b5e4e0856afec0bc9ea96418f","C:\Users\marco\Desktop\ds004507\derivatives\labels\sub-002\ses-headUp\anat\sub-002_ses-headUp_T2w_seg-manual.nii.gz","938","2","",68.0641301934014,0.0,2.0417932549476077,0.0,-0.5007445306645729,0.0,7.700838308715507,0.0,7.802482345072732,0.0,11.160175102842052,0.0,3.695672228258136,0.0,4.0051660804573705,0.0,0.7149885190177016,0.0,-0.98265941273254,0.0,0.9683264374375803,0.0,""
"2026-09-25 17:12:13","git-master-bddc7a050319718b5e4e0856afec0bc9ea96418f","C:\Users\marco\Desktop\ds004507\derivatives\labels\sub-002\ses-headUp\anat\sub-002_ses-headUp_T2w_seg-manual.nii.gz","939","1","",68.0575779595625,0.0,2.064283136464737,0.0,-0.8889322658949436,0.0,7.702908137454777,0.0,7.661212446547305,0.0,11.41971210694655,0.0,3.7846208508461006,0.0,3.918287286608677,0.0,0.7415694146542006,0.0,-2.1717483611644237,0.0,0.9635357548240636,0.0,""
"2026-09-25 17:12:13","git-master-bddc7a050319718b5e4e0856afec0bc9ea96418f","C:\Users\marco\Desktop\ds004507\derivatives\labels\sub-002\ses-headUp\anat\sub-002_ses-headUp_T2w_seg-manual.nii.gz","940","1","",69.31833341672612,0.0,2.07998028107086,0.0,-1.140221095781547,0.0,7.707214750342489,0.0,7.692939604894237,0.0,11.538531587818818,0.0,3.8275262699913286,0.0,3.879688480351161,0.0,0.7452785527691237,0.0,-4.907705593788859,0.0,0.9574973606145966,0.0,""
"2026-09-25 17:12:13","git-master-bddc7a050319718b5e4e0856afec0bc9ea96418f","C:\Users\marco\Desktop\ds004507\derivatives\labels\sub-002\ses-headUp\anat\sub-002_ses-headUp_T2w_seg-manual.nii.gz","941","1","",69.42625189453362,0.0,2.096197769854886,0.0,-1.3915487179553236,0.0,7.705860448603735,0.0,7.746468045041189,0.0,11.461817229814706,0.0,3.8202608061227497,0.0,3.8855996424809858,0.0,0.7363001753412969,0.0,-4.873596932622053,0.0,0.9575600265028816,0.0,""
"2026-09-25 17:12:13","git-master-bddc7a050319718b5e4e0856afec0bc9ea96418f","C:\Users\marco\Desktop\ds004507\derivatives\labels\sub-002\ses-headUp\anat\sub-002_ses-headUp_T2w_seg-manual.nii.gz","942","1","",68.15076599711377,0.0,2.1130396716523974,0.0,-1.6429228908737075,0.0,7.697713049313222,0.0,7.826158023348166,0.0,11.15046226515894,0.0,3.7527902826376014,0.0,3.9449227666756204,0.0,0.7120967792621702,0.0,-1.5154091989057559,0.0,0.9649439645084693,0.0,""
"2026-09-25 17:12:13","git-master-bddc7a050319718b5e4e0856afec0bc9ea96418f","C:\Users\marco\Desktop\ds004507\derivatives\labels\sub-002\ses-headUp\anat\sub-002_ses-headUp_T2w_seg-manual.nii.gz","943","1","",67.16172191971081,0.0,2.1309221513323258,0.0,-1.894353525976195,0.0,7.694549135880626,0.0,7.773284252129219,0.0,11.069777267475017,0.0,3.730451171564529,0.0,3.964097964316097,0.0,0.7119746018942803,0.0,-0.7345478638413887,0.0,0.9600633434630912,0.0,""
"2026-09-25 17:12:13","git-master-bddc7a050319718b5e4e0856afec0bc9ea96418f","C:\Users\marco\Desktop\ds004507\derivatives\labels\sub-002\ses-headUp\anat\sub-002_ses-headUp_T2w_seg-manual.nii.gz","944","1","",66.43097047027635,0.0,2.1493248718146454,0.0,-2.145803930774545,0.0,7.693068697940398,0.0,7.729889839598424,0.0,11.018966880545813,0.0,3.711734843161504,0.0,3.9813338547788937,0.0,0.712655915785564,0.0,-0.6197641906026159,0.0,0.9595525961679114,0.0,""
"2026-09-25 17:12:13","git-master-bddc7a050319718b5e4e0856afec0bc9ea96418f","C:\Users\marco\Desktop\ds004507\derivatives\labels\sub-002\ses-headUp\anat\sub-002_ses-headUp_T2w_seg-manual.nii.gz","945","1","",66.10210380128377,0.0,2.168455912571725,0.0,-2.3972790516584364,0.0,7.693662232086678,0.0,7.726282960938927,0.0,10.980069818217295,0.0,3.6914603872589495,0.0,4.002201844827728,0.0,0.7105291261059348,0.0,-1.2195843057945488,0.0,0.9688354257694979,0.0,""
"2026-09-25 17:12:13","git-master-bddc7a050319718b5e4e0856afec0bc9ea96418f","C:\Users\marco\Desktop\ds004507\derivatives\labels\sub-002\ses-headUp\anat\sub-002_ses-headUp_T2w_seg-manual.nii.gz","946","1","",65.77172902444555,0.0,2.188523247493465,0.0,-2.6487668947717116,0.0,7.69326352226933,0.0,7.737245708684843,0.0,10.897743218941745,0.0,3.6666373516510644,0.0,4.0266261706182656,0.0,0.7041335772454526,0.0,-1.4799640262403773,0.0,0.9730137591481895,0.0,""
"2026-09-25 17:12:13","git-master-bddc7a050319718b5e4e0856afec0bc9ea96418f","C:\Users\marco\Desktop\ds004507\derivatives\labels\sub-002\ses-headUp\anat\sub-002_ses-headUp_T2w_seg-manual.nii.gz","947","1","",65.5267957370667,0.0,2.209110703384366,0.0,-2.900255451627731,0.0,7.6924374251864585,0.0,7.74943939962853,0.0,10.831226740365084,0.0,3.657646218666891,0.0,4.034791206519567,0.0,0.69864128940176,0.0,-1.642154943580422,0.0,0.974826871747725,0.0,""
"2026-09-25 17:12:13","git-master-bddc7a050319718b5e4e0856afec0bc9ea96418f","C:\Users\marco\Desktop\ds004507\derivatives\labels\sub-002\ses-headUp\anat\sub-002_ses-headUp_T2w_seg-manual.nii.gz","948","1","",65.51060011511771,0.0,2.230530307539898,0.0,-3.1517383726988393,0.0,7.691059625151746,0.0,7.7562817530815815,0.0,10.832606605546669,0.0,3.6935689473194784,0.0,3.997490677832267,0.0,0.698087332672975,0.0,-1.743658916191622,0.0,0.9733576155867817,0.0,""
"2026-09-25 17:12:13","git-master-bddc7a050319718b5e4e0856afec0bc9ea96418f","C:\Users\marco\Desktop\ds004507\derivatives\labels\sub-002\ses-headUp\anat\sub-002_ses-headUp_T2w_seg-manual.nii.gz","949","1","",65.95282485519843,0.0,2.2527819376596114,0.0,-3.403198716821079,0.0,7.690943824628549,0.0,7.789032759199698,0.0,10.843032753076477,0.0,3.729573186893896,0.0,3.9613706377346536,0.0,0.6956819659834381,0.0,0.21031851971584192,0.0,0.9768791917631446,0.0,""
"2026-09-25 17:12:13","git-master-bddc7a050319718b5e4e0856afec0bc9ea96418f","C:\Users\marco\Desktop\ds004507\derivatives\labels\sub-002\ses-headUp\anat\sub-002_ses-headUp_T2w_seg-manual.nii.gz","950","1","",66.33663799075532,0.0,2.2755535510499114,0.0,-3.6546407182244733,0.0,7.690383783969317,0.0,7.817942181131611,0.0,10.83467678211076,0.0,3.7521645144090687,0.0,3.938219269560248,0.0,0.692326913224212,0.0,2.3430622721463585,0.0,0.9824842741270077,0.0,""
"2026-09-25 17:12:13","git-master-bddc7a050319718b5e4e0856afec0bc9ea96418f","C:\Users\marco\Desktop\ds004507\derivatives\labels\sub-002\ses-headUp\anat\sub-002_ses-headUp_T2w_seg-manual.nii.gz","951","1","",65.68401454502981,0.0,2.2992610453432922,0.0,-3.9060382759942804,0.0,7.685695038522236,0.0,7.785843622853314,0.0,10.726535676452572,0.0,3.7142601879770494,0.0,3.971434850545186,0.0,0.6878225274601529,0.0,1.8116295720553686,0.0,0.9890431047654162,0.0,""
"2026-09-25 17:12:13","git-master-bddc7a050319718b5e4e0856afec0bc9ea96418f","C:\Users\marco\Desktop\ds004507\derivatives\labels\sub-002\ses-headUp\anat\sub-002_ses-headUp_T2w_seg-manual.nii.gz","952","1","",65.03049783366922,0.0,2.323696322912057,0.0,-4.15738647333354,0.0,7.681176430351963,0.0,7.771126456911303,0.0,10.601921406258061,0.0,3.7150712090386864,0.0,3.966105221313276,0.0,0.6800950167971229,0.0,0.8747261543057304,0.0,0.982312239932509,0.0,""
"2026-09-25 17:12:13","git-master-bddc7a050319718b5e4e0856afec0bc9ea96418f","C:\Users\marco\Desktop\ds004507\derivatives\labels\sub-002\ses-headUp\anat\sub-002_ses-headUp_T2w_seg-manual.nii.gz","953","1","",64.54854057427814,0.0,2.3486514266395973,0.0,-4.408697303836099,0.0,7.670824307208377,0.0,7.761307883644431,0.0,10.509379025928741,0.0,3.738028981313731,0.0,3.932795325894645,0.0,0.673967493632998,0.0,-0.37630373403096073,0.0,0.9692702943107214,0.0,""
"2026-09-25 17:12:13","git-master-bddc7a050319718b5e4e0856afec0bc9ea96418f","C:\Users\marco\Desktop\ds004507\derivatives\labels\sub-002\ses-headUp\anat\sub-002_ses-headUp_T2w_seg-manual.nii.gz","954","1","",65.78728220963974,0.0,2.374646030381274,0.0,-4.659916525574773,0.0,7.601164821321337,0.0,7.701152995207306,0.0,10.831687913030366,0.0,3.7612237086162508,0.0,3.839941112705086,0.0,0.7022577020234706,0.0,-2.451622798760197,0.0,0.9690586577790765,0.0,""
"2026-09-25 17:12:13","git-master-bddc7a050319718b5e4e0856afec0bc9ea96418f","C:\Users\marco\Desktop\ds004507\derivatives\labels\sub-002\ses-headUp\anat\sub-002_ses-headUp_T2w_seg-manual.nii.gz","955","1","",66.33573731005433,0.0,2.4012642116583267,0.0,-4.911068156245814,0.0,7.604608377609881,0.0,7.699728897908057,0.0,10.9237321104509,0.0,3.780180140808964,0.0,3.8244282368009173,0.0,0.7091998694096815,0.0,-2.488171634262249,0.0,0.9685652807928327,0.0,""
"2026-09-25 17:12:13","git-master-bddc7a050319718b5e4e0856afec0bc9ea96418f","C:\Users\marco\Desktop\ds004507\derivatives\labels\sub-002\ses-headUp\anat\sub-002_ses-headUp_T2w_seg-manual.nii.gz","956","1","",66.30895363134643,0.0,2.428402040881525,0.0,-5.16216346102716,0.0,7.668971135711411,0.0,7.747247126557037,0.0,10.823889066470525,0.0,3.7956046604101723,0.0,3.873366475301239,0.0,0.6983520026256742,0.0,-0.825745278741654,0.0,0.9678371200944231,0.0,""
"2026-09-25 17:12:13","git-master-bddc7a050319718b5e4e0856afec0bc9ea96418f","C:\Users\marco\Desktop\ds004507\derivatives\labels\sub-002\ses-headUp\anat\sub-002_ses-headUp_T2w_seg-manual.nii.gz","957","1","",66.9106344264556,0.0,2.4566828551996203,0.0,-5.413111770176765,0.0,7.6660510340120664,0.0,7.883849420728622,0.0,10.807970653796929,0.0,3.8738583487668015,0.0,3.792192685245265,0.0,0.6838662761988953,0.0,-0.8011830019372591,0.0,0.9729512971970815,0.0,""
"2026-09-25 17:12:13","git-master-bddc7a050319718b5e4e0856afec0bc9ea96418f","C:\Users\marco\Desktop\ds004507\derivatives\labels\sub-002\ses-headUp\anat\sub-002_ses-headUp_T2w_seg-manual.nii.gz","958","1","",67.22455181699502,0.0,2.4854830913760173,0.0,-5.663982809759175,0.0,7.662931516393852,0.0,7.957968961534959,0.0,10.804307961616251,0.0,3.8916050898810495,0.0,3.7713264265128017,0.0,0.6763764489403037,0.0,-0.7994557334732495,0.0,0.97396580843018,0.0,""
"2026-09-25 17:12:13","git-master-bddc7a050319718b5e4e0856afec0bc9ea96418f","C:\Users\marco\Desktop\ds004507\derivatives\labels\sub-002\ses-headUp\anat\sub-002_ses-headUp_T2w_seg-manual.nii.gz","959","1","",67.19315312205073,0.0,2.514906633782376,0.0,-5.914761125860951,0.0,7.659572699672992,0.0,7.957109198302998,0.0,10.815352134027078,0.0,3.83674349430444,0.0,3.822829205368553,0.0,0.677281700683537,0.0,-0.8251304750177022,0.0,0.9700607206198069,0.0,""
"2026-09-25 17:12:13","git-master-bddc7a050319718b5e4e0856afec0bc9ea96418f","C:\Users\marco\Desktop\ds004507\derivatives\labels\sub-002\ses-headUp\anat\sub-002_ses-headUp_T2w_seg-manual.nii.gz","960","1","",67.44601505222371,0.0,2.5453687704275287,0.0,-6.1653640813248884,0.0,7.6557497676967055,0.0,7.950090476944778,0.0,10.88576760839776,0.0,3.780925310238481,0.0,3.8748244574582245,0.0,0.6830492196897727,0.0,-0.7028653621555871,0.0,0.9716618398875164,0.0,""
"2026-09-25 17:12:13","git-master-bddc7a050319718b5e4e0856afec0bc9ea96418f","C:\Users\marco\Desktop\ds004507\derivatives\labels\sub-002\ses-headUp\anat\sub-002_ses-headUp_T2w_seg-manual.nii.gz","961","1","",67.49758696940987,0.0,2.576350097764842,0.0,-6.4158710664640495,0.0,7.651813699384683,0.0,7.907756018847839,0.0,10.95493117820872,0.0,3.7698138623416324,0.0,3.8819998370430504,0.0,0.6919158564528213,0.0,-0.5576495382100615,0.0,0.9710507455420884,0.0,""
"2026-09-25 17:12:13","git-master-bddc7a050319718b5e4e0856afec0bc9ea96418f","C:\Users\marco\Desktop\ds004507\derivatives\labels\sub-002\ses-headUp\anat\sub-002_ses-headUp_T2w_seg-manual.nii.gz","962","1","",67.14715575447356,0.0,2.608058254821647,0.0,-6.666240791646475,0.0,7.647760862654825,0.0,7.804696839130237,0.0,11.011513937197197,0.0,3.8371066057263628,0.0,3.8106542569284616,0.0,0.7053550525192668,0.0,-0.3981594443897176,0.0,0.9656046911350048,0.0,""
"2026-09-25 17:12:13","git-master-bddc7a050319718b5e4e0856afec0bc9ea96418f","C:\Users\marco\Desktop\ds004507\derivatives\labels\sub-002\ses-headUp\anat\sub-002_ses-headUp_T2w_seg-manual.nii.gz","963","1","",68.33820311527428,0.0,2.6407006521345826,0.0,-6.916415484075065,0.0,7.722394502840306,0.0,7.9018911650261145,0.0,11.027534104746211,0.0,3.8524383431152565,0.0,3.86995615972505,0.0,0.6973956544312836,0.0,-2.5832320611587667,0.0,0.9615832938468828,0.0,""
"2026-09-25 17:12:13","git-master-bddc7a050319718b5e4e0856afec0bc9ea96418f","C:\Users\marco\Desktop\ds004507\derivatives\labels\sub-002\ses-headUp\anat\sub-002_ses-headUp_T2w_seg-manual.nii.gz","964","1","",69.78480381160166,0.0,2.6738619813239866,0.0,-7.166475675325313,0.0,7.845535335136092,0.0,8.018261522093338,0.0,11.056131358278334,0.0,3.871910895607906,0.0,3.973624439528186,0.0,0.6885001611372635,0.0,-4.580043767666608,0.0,0.9621569986275869,0.0,""
"2026-09-25 17:12:13","git-master-bddc7a050319718b5e4e0856afec0bc9ea96418f","C:\Users\marco\Desktop\ds004507\derivatives\labels\sub-002\ses-headUp\anat\sub-002_ses-headUp_T2w_seg-manual.nii.gz","965","1","",70.99941128371151,0.0,2.707853504995157,0.0,-7.4163461050652195,0.0,8.051399656368783,0.0,8.067099218216907,0.0,11.142304598988797,0.0,3.9332173289673635,0.0,4.11818232740142,0.0,0.6897890623482877,0.0,-4.685455884980526,0.0,0.9741400676694795,0.0,""
"2026-09-25 17:12:13","git-master-bddc7a050319718b5e4e0856afec0bc9ea96418f","C:\Users\marco\Desktop\ds004507\derivatives\labels\sub-002\ses-headUp\anat\sub-002_ses-headUp_T2w_seg-manual.nii.gz","966","1","",72.66690484390463,0.0,2.7426749666267254,0.0,-7.66601047774454,0.0,8.196048252551476,0.0,8.24781199811505,0.0,11.178982424831267,0.0,4.046914178309467,0.0,4.149134074242009,0.0,0.6746788213869351,0.0,-6.070682321724098,0.0,0.9779765730106764,0.0,""
"2026-09-25 17:12:13","git-master-bddc7a050319718b5e4e0856afec0bc9ea96418f","C:\Users\marco\Desktop\ds004507\derivatives\labels\sub-002\ses-headUp\anat\sub-002_ses-headUp_T2w_seg-manual.nii.gz","967","1","",74.67404348214144,0.0,2.7780150713746807,0.0,-7.915542018878754,0.0,8.347275884839616,0.0,8.507180676472649,0.0,11.19315488561927,0.0,4.184751470542641,0.0,4.162524414296976,0.0,0.6492732639535701,0.0,-7.822276362503509,0.0,0.9767936984801131,0.0,""
"2026-09-25 17:12:13","git-master-bddc7a050319718b5e4e0856afec0bc9ea96418f","C:\Users\marco\Desktop\ds004507\derivatives\labels\sub-002\ses-headUp\anat\sub-002_ses-headUp_T2w_seg-manual.nii.gz","968","1","",77.44533969793432,0.0,2.8142885498382038,0.0,-8.164823539349731,0.0,8.631410715624149,0.0,8.897961694028197,0.0,11.189576716251924,0.0,4.342811928814914,0.0,4.288598786809236,0.0,0.6052123348120352,0.0,-9.062837957406686,0.0,0.9667709407715517,0.0,""
"2026-09-25 17:12:13","git-master-bddc7a050319718b5e4e0856afec0bc9ea96418f","C:\Users\marco\Desktop\ds004507\derivatives\labels\sub-002\ses-headUp\anat\sub-002_ses-headUp_T2w_seg-manual.nii.gz","969","1","",79.83622634131567,0.0,2.851287732703351,0.0,-8.413896544049312,0.0,8.838242646495772,0.0,9.10897152017719,0.0,11.274989357820088,0.0,4.458379648981023,0.0,4.379862997514748,0.0,0.5893292673844953,0.0,-9.524911225233181,0.0,0.9678093929139446,0.0,""
"2026-09-25 17:12:13","git-master-bddc7a050319718b5e4e0856afec0bc9ea96418f","C:\Users\marco\Desktop\ds004507\derivatives\labels\sub-002\ses-headUp\anat\sub-002_ses-headUp_T2w_seg-manual.nii.gz","970","1","",82.03082487954933,0.0,2.888805237550998,0.0,-8.66281861709069,0.0,9.001509617936335,0.0,9.228204222332794,0.0,11.403211478291553,0.0,4.5513492625492855,0.0,4.45016035538705,0.0,0.5873635950694638,0.0,-9.501192947051816,0.0,0.97358043045062,0.0,""
"2026-09-25 17:12:13","git-master-bddc7a050319718b5e4e0856afec0bc9ea96418f","C:\Users\marco\Desktop\ds004507\derivatives\labels\sub-002\ses-headUp\anat\sub-002_ses-headUp_T2w_seg-manual.nii.gz","971","1","",84.43631135151487,0.0,2.9273590799286513,0.0,-8.911422892243735,0.0,9.17085785171152,0.0,9.456929635449047,0.0,11.451009468164575,0.0,4.661153456460017,0.0,4.509704395251505,0.0,0.5635555212281169,0.0,-9.068063934944245,0.0,0.9634704084960967,0.0,""
"2026-09-25 17:12:13","git-master-bddc7a050319718b5e4e0856afec0bc9ea96418f","C:\Users\marco\Desktop\ds004507\derivatives\labels\sub-002\ses-headUp\anat\sub-002_ses-headUp_T2w_seg-manual.nii.gz","972","1","",86.51647455062371,0.0,2.966534481400912,0.0,-9.159824640187683,0.0,9.340907518891548,0.0,9.645136859785815,0.0,11.494993873993852,0.0,4.746029179715184,0.0,4.594878339176365,0.0,0.543863055063157,0.0,-10.318194603865265,0.0,0.9649240749237199,0.0,""
"2026-09-25 17:12:13","git-master-bddc7a050319718b5e4e0856afec0bc9ea96418f","C:\Users\marco\Desktop\ds004507\derivatives\labels\sub-002\ses-headUp\anat\sub-002_ses-headUp_T2w_seg-manual.nii.gz","973","1","",88.32553502235193,0.0,3.006227848785344,0.0,-9.408057615457379,0.0,9.511541713908944,0.0,9.799578926806348,0.0,11.535800293120012,0.0,4.810131177424047,0.0,4.701410536484896,0.0,0.5276002619618531,0.0,-12.971041673643413,0.0,0.9760141483364652,0.0,""
"2026-09-25 17:12:13","git-master-bddc7a050319718b5e4e0856afec0bc9ea96418f","C:\Users\marco\Desktop\ds004507\derivatives\labels\sub-002\ses-headUp\anat\sub-002_ses-headUp_T2w_seg-manual.nii.gz","974","1","","","","","","","","","","","","","","","","","","","","","","","",""
"2026-09-25 17:12:13","git-master-bddc7a050319718b5e4e0856afec0bc9ea96418f","C:\Users\marco\Desktop\ds004507\derivatives\labels\sub-002\ses-headUp\anat\sub-002_ses-headUp_T2w_seg-manual.nii.gz","975","1","","","","","","","","","","","","","","","","","","","","","","","",""
"2026-09-25 17:12:13","git-master-bddc7a050319718b5e4e0856afec0bc9ea96418f","C:\Users\marco\Desktop\ds004507\derivatives\labels\sub-002\ses-headUp\anat\sub-002_ses-headUp_T2w_seg-manual.nii.gz","976","1","","","","","","","","","","","","","","","","","","","","","","","",""
"2026-09-25 17:12:13","git-master-bddc7a050319718b5e4e0856afec0bc9ea96418f","C:\Users\marco\Desktop\ds004507\derivatives\labels\sub-002\ses-headUp\anat\sub-002_ses-headUp_T2w_seg-manual.nii.gz","977","1","","","","","","","","","","","","","","","","","","","","","","","",""
"2026-09-25 17:12:13","git-master-bddc7a050319718b5e4e0856afec0bc9ea96418f","C:\Users\marco\Desktop\ds004507\derivatives\labels\sub-002\ses-headUp\anat\sub-002_ses-headUp_T2w_seg-manual.nii.gz","978","1","","","","","","","","","","","","","","","","","","","","","","","",""
"2026-09-25 17:12:13","git-master-bddc7a050319718b5e4e0856afec0bc9ea96418f","C:\Users\marco\Desktop\ds004507\derivatives\labels\sub-002\ses-headUp\anat\sub-002_ses-headUp_T2w_seg-manual.nii.gz","979","1","","","","","","","","","","","","","","","","","","","","","","","",""
"2026-09-25 17:12:13","git-master-bddc7a050319718b5e4e0856afec0bc9ea96418f","C:\Users\marco\Desktop\ds004507\derivatives\labels\sub-002\ses-headUp\anat\sub-002_ses-headUp_T2w_seg-manual.nii.gz","980","1","","","","","","","","","","","","","","","","","","","","","","","",""
"2026-09-25 17:12:13","git-master-bddc7a050319718b5e4e0856afec0bc9ea96418f","C:\Users\marco\Desktop\ds004507\derivatives\labels\sub-002\ses-headUp\anat\sub-002_ses-headUp_T2w_seg-manual.nii.gz","981","1","","","","","","","","","","","","","","","","","","","","","","","",""
"2026-09-25 17:12:13","git-master-bddc7a050319718b5e4e0856afec0bc9ea96418f","C:\Users\marco\Desktop\ds004507\derivatives\labels\sub-002\ses-headUp\anat\sub-002_ses-headUp_T2w_seg-manual.nii.gz","982","1","","","","","","","","","","","","","","","","","","","","","","","",""
"2026-09-25 17:12:13","git-master-bddc7a050319718b5e4e0856afec0bc9ea96418f","C:\Users\marco\Desktop\ds004507\derivatives\labels\sub-002\ses-headUp\anat\sub-002_ses-headUp_T2w_seg-manual.nii.gz","983","1","","","","","","","","","","","","","","","","","","","","","","","",""
"2026-09-25 17:12:13","git-master-bddc7a050319718b5e4e0856afec0bc9ea96418f","C:\Users\marco\Desktop\ds004507\derivatives\labels\sub-002\ses-headUp\anat\sub-002_ses-headUp_T2w_seg-manual.nii.gz","984","1","","","","","","","","","","","","","","","","","","","","","","","",""
