Timestamp,SCT Version,Filename,Slice (I->S),VertLevel,DistancePMJ,MEAN(area),STD(area),MEAN(angle_AP),STD(angle_AP),MEAN(angle_RL),STD(angle_RL),MEAN(diameter_AP),STD(diameter_AP),MEAN(diameter_AP_ellipse),STD(diameter_AP_ellipse),MEAN(diameter_RL),STD(diameter_RL),MEAN(length_anterior),STD(length_anterior),MEAN(length_posterior),STD(length_posterior),MEAN(eccentricity),STD(eccentricity),MEAN(orientation),STD(orientation),MEAN(solidity),STD(solidity),SUM(length)
"2026-09-25 17:10:54","git-master-bddc7a050319718b5e4e0856afec0bc9ea96418f","C:\Users\marco\Desktop\ds004507\derivatives\labels\sub-002\ses-headDown\anat\sub-002_ses-headDown_T2w_seg-manual.nii.gz","647","9","","","","","","","","","","","","","","","","","","","","","","","",""
"2026-09-25 17:10:54","git-master-bddc7a050319718b5e4e0856afec0bc9ea96418f","C:\Users\marco\Desktop\ds004507\derivatives\labels\sub-002\ses-headDown\anat\sub-002_ses-headDown_T2w_seg-manual.nii.gz","648","9","","","","","","","","","","","","","","","","","","","","","","","",""
"2026-09-25 17:10:54","git-master-bddc7a050319718b5e4e0856afec0bc9ea96418f","C:\Users\marco\Desktop\ds004507\derivatives\labels\sub-002\ses-headDown\anat\sub-002_ses-headDown_T2w_seg-manual.nii.gz","649","9","","","","","","","","","","","","","","","","","","","","","","","",""
"2026-09-25 17:10:54","git-master-bddc7a050319718b5e4e0856afec0bc9ea96418f","C:\Users\marco\Desktop\ds004507\derivatives\labels\sub-002\ses-headDown\anat\sub-002_ses-headDown_T2w_seg-manual.nii.gz","650","9","","","","","","","","","","","","","","","","","","","","","","","",""
"2026-09-25 17:10:54","git-master-bddc7a050319718b5e4e0856afec0bc9ea96418f","C:\Users\marco\Desktop\ds004507\derivatives\labels\sub-002\ses-headDown\anat\sub-002_ses-headDown_T2w_seg-manual.nii.gz","651","9","","","","","","","","","","","","","","","","","","","","","","","",""
"2026-09-25 17:10:54","git-master-bddc7a050319718b5e4e0856afec0bc9ea96418f","C:\Users\marco\Desktop\ds004507\derivatives\labels\sub-002\ses-headDown\anat\sub-002_ses-headDown_T2w_seg-manual.nii.gz","652","9","","","","","","","","","","","","","","","","","","","","","","","",""
"2026-09-25 17:10:54","git-master-bddc7a050319718b5e4e0856afec0bc9ea96418f","C:\Users\marco\Desktop\ds004507\derivatives\labels\sub-002\ses-headDown\anat\sub-002_ses-headDown_T2w_seg-manual.nii.gz","653","9","","","","","","","","","","","","","","","","","","","","","","","",""
"2026-09-25 17:10:54","git-master-bddc7a050319718b5e4e0856afec0bc9ea96418f","C:\Users\marco\Desktop\ds004507\derivatives\labels\sub-002\ses-headDown\anat\sub-002_ses-headDown_T2w_seg-manual.nii.gz","654","9","","","","","","","","","","","","","","","","","","","","","","","",""
"2026-09-25 17:10:54","git-master-bddc7a050319718b5e4e0856afec0bc9ea96418f","C:\Users\marco\Desktop\ds004507\derivatives\labels\sub-002\ses-headDown\anat\sub-002_ses-headDown_T2w_seg-manual.nii.gz","655","9","","","","","","","","","","","","","","","","","","","","","","","",""
"2026-09-25 17:10:54","git-master-bddc7a050319718b5e4e0856afec0bc9ea96418f","C:\Users\marco\Desktop\ds004507\derivatives\labels\sub-002\ses-headDown\anat\sub-002_ses-headDown_T2w_seg-manual.nii.gz","656","9","","","","","","","","","","","","","","","","","","","","","","","",""
"2026-09-25 17:10:54","git-master-bddc7a050319718b5e4e0856afec0bc9ea96418f","C:\Users\marco\Desktop\ds004507\derivatives\labels\sub-002\ses-headDown\anat\sub-002_ses-headDown_T2w_seg-manual.nii.gz","657","9","","","","","","","","","","","","","","","","","","","","","","","",""
"2026-09-25 17:10:54","git-master-bddc7a050319718b5e4e0856afec0bc9ea96418f","C:\Users\marco\Desktop\ds004507\derivatives\labels\sub-002\ses-headDown\anat\sub-002_ses-headDown_T2w_seg-manual.nii.gz","658","9","","","","","","","","","","","","","","","","","","","","","","","",""
"2026-09-25 17:10:54","git-master-bddc7a050319718b5e4e0856afec0bc9ea96418f","C:\Users\marco\Desktop\ds004507\derivatives\labels\sub-002\ses-headDown\anat\sub-002_ses-headDown_T2w_seg-manual.nii.gz","659","9","","","","","","","","","","","","","","","","","","","","","","","",""
"2026-09-25 17:10:54","git-master-bddc7a050319718b5e4e0856afec0bc9ea96418f","C:\Users\marco\Desktop\ds004507\derivatives\labels\sub-002\ses-headDown\anat\sub-002_ses-headDown_T2w_seg-manual.nii.gz","660","9","","","","","","","","","","","","","","","","","","","","","","","",""
"2026-09-25 17:10:54","git-master-bddc7a050319718b5e4e0856afec0bc9ea96418f","C:\Users\marco\Desktop\ds004507\derivatives\labels\sub-002\ses-headDown\anat\sub-002_ses-headDown_T2w_seg-manual.nii.gz","661","9","","","","","","","","","","","","","","","","","","","","","","","",""
"2026-09-25 17:10:54","git-master-bddc7a050319718b5e4e0856afec0bc9ea96418f","C:\Users\marco\Desktop\ds004507\derivatives\labels\sub-002\ses-headDown\anat\sub-002_ses-headDown_T2w_seg-manual.nii.gz","662","9","","","","","","","","","","","","","","","","","","","","","","","",""
"2026-09-25 17:10:54","git-master-bddc7a050319718b5e4e0856afec0bc9ea96418f","C:\Users\marco\Desktop\ds004507\derivatives\labels\sub-002\ses-headDown\anat\sub-002_ses-headDown_T2w_seg-manual.nii.gz","663","9","","","","","","","","","","","","","","","","","","","","","","","",""
"2026-09-25 17:10:54","git-master-bddc7a050319718b5e4e0856afec0bc9ea96418f","C:\Users\marco\Desktop\ds004507\derivatives\labels\sub-002\ses-headDown\anat\sub-002_ses-headDown_T2w_seg-manual.nii.gz","664","9","","","","","","","","","","","","","","","","","","","","","","","",""
"2026-09-25 17:10:54","git-master-bddc7a050319718b5e4e0856afec0bc9ea96418f","C:\Users\marco\Desktop\ds004507\derivatives\labels\sub-002\ses-headDown\anat\sub-002_ses-headDown_T2w_seg-manual.nii.gz","665","9","","","","","","","","","","","","","","","","","","","","","","","",""
"2026-09-25 17:10:54","git-master-bddc7a050319718b5e4e0856afec0bc9ea96418f","C:\Users\marco\Desktop\ds004507\derivatives\labels\sub-002\ses-headDown\anat\sub-002_ses-headDown_T2w_seg-manual.nii.gz","666","9","","","","","","","","","","","","","","","","","","","","","","","",""
"2026-09-25 17:10:54","git-master-bddc7a050319718b5e4e0856afec0bc9ea96418f","C:\Users\marco\Desktop\ds004507\derivatives\labels\sub-002\ses-headDown\anat\sub-002_ses-headDown_T2w_seg-manual.nii.gz","667","9","","","","","","","","","","","","","","","","","","","","","","","",""
"2026-09-25 17:10:54","git-master-bddc7a050319718b5e4e0856afec0bc9ea96418f","C:\Users\marco\Desktop\ds004507\derivatives\labels\sub-002\ses-headDown\anat\sub-002_ses-headDown_T2w_seg-manual.nii.gz","668","9","","","","","","","","","","","","","","","","","","","","","","","",""
"2026-09-25 17:10:54","git-master-bddc7a050319718b5e4e0856afec0bc9ea96418f","C:\Users\marco\Desktop\ds004507\derivatives\labels\sub-002\ses-headDown\anat\sub-002_ses-headDown_T2w_seg-manual.nii.gz","669","9","","","","","","","","","","","","","","","","","","","","","","","",""
"2026-09-25 17:10:54","git-master-bddc7a050319718b5e4e0856afec0bc9ea96418f","C:\Users\marco\Desktop\ds004507\derivatives\labels\sub-002\ses-headDown\anat\sub-002_ses-headDown_T2w_seg-manual.nii.gz","670","9","","","","","","","","","","","","","","","","","","","","","","","",""
"2026-09-25 17:10:54","git-master-bddc7a050319718b5e4e0856afec0bc9ea96418f","C:\Users\marco\Desktop\ds004507\derivatives\labels\sub-002\ses-headDown\anat\sub-002_ses-headDown_T2w_seg-manual.nii.gz","671","9","","","","","","","","","","","","","","","","","","","","","","","",""
"2026-09-25 17:10:54","git-master-bddc7a050319718b5e4e0856afec0bc9ea96418f","C:\Users\marco\Desktop\ds004507\derivatives\labels\sub-002\ses-headDown\anat\sub-002_ses-headDown_T2w_seg-manual.nii.gz","672","9","","","","","","","","","","","","","","","","","","","","","","","",""
"2026-09-25 17:10:54","git-master-bddc7a050319718b5e4e0856afec0bc9ea96418f","C:\Users\marco\Desktop\ds004507\derivatives\labels\sub-002\ses-headDown\anat\sub-002_ses-headDown_T2w_seg-manual.nii.gz","673","9","","","","","","","","","","","","","","","","","","","","","","","",""
"2026-09-25 17:10:54","git-master-bddc7a050319718b5e4e0856afec0bc9ea96418f","C:\Users\marco\Desktop\ds004507\derivatives\labels\sub-002\ses-headDown\anat\sub-002_ses-headDown_T2w_seg-manual.nii.gz","674","9","",37.034621663036006,0.0,6.582890389268209,0.0,12.860986167863278,0.0,5.338115173462331,0.0,5.3153498183894685,0.0,8.975365438643957,0.0,2.658756473544514,0.0,2.6793586999178163,0.0,0.8057796817926162,0.0,-2.52493629322651,0.0,0.9384965831435079,0.0,""
"2026-09-25 17:10:54","git-master-bddc7a050319718b5e4e0856afec0bc9ea96418f","C:\Users\marco\Desktop\ds004507\derivatives\labels\sub-002\ses-headDown\anat\sub-002_ses-headDown_T2w_seg-manual.nii.gz","675","9","",36.98418682483687,0.0,6.669954668332291,0.0,12.93236867292886,0.0,5.397972350609914,0.0,5.379458737271676,0.0,8.83350498800812,0.0,2.7125288868007216,0.0,2.6854434638091926,0.0,0.7929941991004734,0.0,-2.401399169931641,0.0,0.9522306283055513,0.0,""
"2026-09-25 17:10:54","git-master-bddc7a050319718b5e4e0856afec0bc9ea96418f","C:\Users\marco\Desktop\ds004507\derivatives\labels\sub-002\ses-headDown\anat\sub-002_ses-headDown_T2w_seg-manual.nii.gz","676","9","",37.58541484282837,0.0,6.755962713217839,0.0,13.002869284613022,0.0,5.383190454882237,0.0,5.406333509807073,0.0,8.922576419516783,0.0,2.684257704331188,0.0,2.6989327505510485,0.0,0.7952721409081664,0.0,-2.6359002343734317,0.0,0.9568990208419073,0.0,""
"2026-09-25 17:10:54","git-master-bddc7a050319718b5e4e0856afec0bc9ea96418f","C:\Users\marco\Desktop\ds004507\derivatives\labels\sub-002\ses-headDown\anat\sub-002_ses-headDown_T2w_seg-manual.nii.gz","677","9","",38.67254072239235,0.0,6.840914930122809,0.0,13.072488669945018,0.0,5.392715828079047,0.0,5.455764995125813,0.0,9.093584477818526,0.0,2.658762976802014,0.0,2.7339528512770337,0.0,0.7998486066077122,0.0,-2.7051753318867395,0.0,0.9543828924476865,0.0,""
"2026-09-25 17:10:54","git-master-bddc7a050319718b5e4e0856afec0bc9ea96418f","C:\Users\marco\Desktop\ds004507\derivatives\labels\sub-002\ses-headDown\anat\sub-002_ses-headDown_T2w_seg-manual.nii.gz","678","9","",40.02169519013402,0.0,6.924548208297795,0.0,13.141007911981085,0.0,5.6387634995142735,0.0,5.657956661278223,0.0,9.05660653762949,0.0,2.813447256835992,0.0,2.825316242678282,0.0,0.7807046842387756,0.0,-1.4777843151870653,0.0,0.946805137255059,0.0,""
"2026-09-25 17:10:54","git-master-bddc7a050319718b5e4e0856afec0bc9ea96418f","C:\Users\marco\Desktop\ds004507\derivatives\labels\sub-002\ses-headDown\anat\sub-002_ses-headDown_T2w_seg-manual.nii.gz","679","9","",40.21333250848779,0.0,7.006732171696266,0.0,13.208319422523491,0.0,5.535906112544725,0.0,5.6538039266332145,0.0,9.108622023080738,0.0,2.7863768277581396,0.0,2.7495292847865853,0.0,0.7839755342449767,0.0,-1.1572994772519076,0.0,0.9451174076753897,0.0,""
"2026-09-25 17:10:54","git-master-bddc7a050319718b5e4e0856afec0bc9ea96418f","C:\Users\marco\Desktop\ds004507\derivatives\labels\sub-002\ses-headDown\anat\sub-002_ses-headDown_T2w_seg-manual.nii.gz","680","9","",39.87948777635521,0.0,7.08786292942057,0.0,13.274753894491337,0.0,5.424127827191961,0.0,5.645355470180751,0.0,9.039405077449457,0.0,2.713969944183641,0.0,2.710157883008319,0.0,0.7806639014358556,0.0,-2.0421830805908767,0.0,0.9528382171753738,0.0,""
"2026-09-25 17:10:54","git-master-bddc7a050319718b5e4e0856afec0bc9ea96418f","C:\Users\marco\Desktop\ds004507\derivatives\labels\sub-002\ses-headDown\anat\sub-002_ses-headDown_T2w_seg-manual.nii.gz","681","9","",39.15195447458245,0.0,7.167940904122113,0.0,13.340311981562623,0.0,5.370022967073827,0.0,5.663318712151925,0.0,8.824780332429851,0.0,2.6275607820267664,0.0,2.7424621850470605,0.0,0.7669001845054194,0.0,-4.064656024124773,0.0,0.9689055311319683,0.0,""
"2026-09-25 17:10:54","git-master-bddc7a050319718b5e4e0856afec0bc9ea96418f","C:\Users\marco\Desktop\ds004507\derivatives\labels\sub-002\ses-headDown\anat\sub-002_ses-headDown_T2w_seg-manual.nii.gz","682","9","",38.11049975458531,0.0,7.246441197103154,0.0,13.404557764298907,0.0,5.244769820287785,0.0,5.533122147572268,0.0,8.789044749717347,0.0,2.545186289367949,0.0,2.6995835309198353,0.0,0.7769220017613365,0.0,-5.171531327197007,0.0,0.9684041439220896,0.0,""
"2026-09-25 17:10:54","git-master-bddc7a050319718b5e4e0856afec0bc9ea96418f","C:\Users\marco\Desktop\ds004507\derivatives\labels\sub-002\ses-headDown\anat\sub-002_ses-headDown_T2w_seg-manual.nii.gz","683","9","",37.07008501058827,0.0,7.323759522925673,0.0,13.467821246516127,0.0,4.988186674362469,0.0,5.3026777817557775,0.0,8.88036799403535,0.0,2.4035288806647666,0.0,2.5846577936977018,0.0,0.8011274692014281,0.0,-4.575871796947234,0.0,0.9791124041388966,0.0,""
"2026-09-25 17:10:54","git-master-bddc7a050319718b5e4e0856afec0bc9ea96418f","C:\Users\marco\Desktop\ds004507\derivatives\labels\sub-002\ses-headDown\anat\sub-002_ses-headDown_T2w_seg-manual.nii.gz","684","9","",36.974164567884955,0.0,7.4000277916996975,0.0,13.530212419721728,0.0,4.874028210410278,0.0,5.159761933727885,0.0,9.039629277136141,0.0,2.38580804486588,0.0,2.488220165544398,0.0,0.8211101796939319,0.0,-3.949303218632042,0.0,0.9831643157884948,0.0,""
"2026-09-25 17:10:54","git-master-bddc7a050319718b5e4e0856afec0bc9ea96418f","C:\Users\marco\Desktop\ds004507\derivatives\labels\sub-002\ses-headDown\anat\sub-002_ses-headDown_T2w_seg-manual.nii.gz","685","9","",39.00231632709239,0.0,7.47511539927313,0.0,13.591623198170256,0.0,5.21165528003689,0.0,5.314033051961171,0.0,9.2246923204677,0.0,2.7062274141460207,0.0,2.5054278658908693,0.0,0.8174080368701886,0.0,-4.9557241154916625,0.0,0.9610297957351883,0.0,""
"2026-09-25 17:10:54","git-master-bddc7a050319718b5e4e0856afec0bc9ea96418f","C:\Users\marco\Desktop\ds004507\derivatives\labels\sub-002\ses-headDown\anat\sub-002_ses-headDown_T2w_seg-manual.nii.gz","686","9","",40.399702019047,0.0,7.548630545384876,0.0,13.651729293511632,0.0,5.347695360846823,0.0,5.407437195776906,0.0,9.405033256108442,0.0,2.7615085371310903,0.0,2.586186823715733,0.0,0.8181772273637814,0.0,-6.538525424980154,0.0,0.9638570845844961,0.0,""
"2026-09-25 17:10:54","git-master-bddc7a050319718b5e4e0856afec0bc9ea96418f","C:\Users\marco\Desktop\ds004507\derivatives\labels\sub-002\ses-headDown\anat\sub-002_ses-headDown_T2w_seg-manual.nii.gz","687","9","",40.82752425617899,0.0,7.621098411799425,0.0,13.710967045046136,0.0,5.36637488713108,0.0,5.489999306611229,0.0,9.379302001333242,0.0,2.7087911717292914,0.0,2.6575837154017887,0.0,0.8104549563576757,0.0,-6.129146188722264,0.0,0.9687271095242734,0.0,""
"2026-09-25 17:10:54","git-master-bddc7a050319718b5e4e0856afec0bc9ea96418f","C:\Users\marco\Desktop\ds004507\derivatives\labels\sub-002\ses-headDown\anat\sub-002_ses-headDown_T2w_seg-manual.nii.gz","688","9","",40.36479891299248,0.0,7.692519439953058,0.0,13.769337066265777,0.0,5.290861335876427,0.0,5.52681037408894,0.0,9.211514004608892,0.0,2.606079112421551,0.0,2.6847822234548753,0.0,0.7999162498750414,0.0,-3.573609805994244,0.0,0.9680969844579441,0.0,""
"2026-09-25 17:10:54","git-master-bddc7a050319718b5e4e0856afec0bc9ea96418f","C:\Users\marco\Desktop\ds004507\derivatives\labels\sub-002\ses-headDown\anat\sub-002_ses-headDown_T2w_seg-manual.nii.gz","689","9","",39.32706006722573,0.0,7.762502280669921,0.0,13.826515637479691,0.0,5.171362155315117,0.0,5.339191118639335,0.0,9.232041996817966,0.0,2.6333705136961627,0.0,2.5379916416189534,0.0,0.8156749191447433,0.0,1.167647433125241,0.0,0.9373924177146988,0.0,""
"2026-09-25 17:10:54","git-master-bddc7a050319718b5e4e0856afec0bc9ea96418f","C:\Users\marco\Desktop\ds004507\derivatives\labels\sub-002\ses-headDown\anat\sub-002_ses-headDown_T2w_seg-manual.nii.gz","690","9","",38.29045471710616,0.0,7.831179152900683,0.0,13.88261307749194,0.0,5.25655766213469,0.0,5.353795125862344,0.0,8.952526426362116,0.0,2.7016562796907673,0.0,2.554901382443923,0.0,0.800503723220384,0.0,0.49761078292369243,0.0,0.9519064435579412,0.0,""
"2026-09-25 17:10:54","git-master-bddc7a050319718b5e4e0856afec0bc9ea96418f","C:\Users\marco\Desktop\ds004507\derivatives\labels\sub-002\ses-headDown\anat\sub-002_ses-headDown_T2w_seg-manual.nii.gz","691","9","",37.64673895661814,0.0,7.898811987180629,0.0,13.93784659936021,0.0,5.359249571215492,0.0,5.396923120655413,0.0,8.741148832903471,0.0,2.7387050419480485,0.0,2.6205445292674434,0.0,0.7866254780862525,0.0,-0.8568015472329423,0.0,0.9685664645732918,0.0,""
"2026-09-25 17:10:54","git-master-bddc7a050319718b5e4e0856afec0bc9ea96418f","C:\Users\marco\Desktop\ds004507\derivatives\labels\sub-002\ses-headDown\anat\sub-002_ses-headDown_T2w_seg-manual.nii.gz","692","9","",37.63110246162996,0.0,7.965401225612598,0.0,13.992216795174917,0.0,5.391682273971438,0.0,5.3886223294777205,0.0,8.782812912719518,0.0,2.7060973031600177,0.0,2.68558497081142,0.0,0.7896622895096349,0.0,-0.7087938984436625,0.0,0.9669551534225019,0.0,""
"2026-09-25 17:10:54","git-master-bddc7a050319718b5e4e0856afec0bc9ea96418f","C:\Users\marco\Desktop\ds004507\derivatives\labels\sub-002\ses-headDown\anat\sub-002_ses-headDown_T2w_seg-manual.nii.gz","693","8","",38.07996159319007,0.0,8.055256265164425,0.0,14.0655596146068,0.0,5.313450253684882,0.0,5.390466311952654,0.0,8.801290668016597,0.0,2.597265636031798,0.0,2.716184617653085,0.0,0.790499130441906,0.0,1.6765742878577785,0.0,0.9690207403517984,0.0,""
"2026-09-25 17:10:54","git-master-bddc7a050319718b5e4e0856afec0bc9ea96418f","C:\Users\marco\Desktop\ds004507\derivatives\labels\sub-002\ses-headDown\anat\sub-002_ses-headDown_T2w_seg-manual.nii.gz","694","8","",37.75263625856071,0.0,8.1135977521222,0.0,14.113164455549182,0.0,5.138194325007606,0.0,5.264728902395694,0.0,9.018767928803715,0.0,2.6209408138836348,0.0,2.517253511123972,0.0,0.8113043085018191,0.0,0.545024852957136,0.0,0.9414566037234942,0.0,""
"2026-09-25 17:10:54","git-master-bddc7a050319718b5e4e0856afec0bc9ea96418f","C:\Users\marco\Desktop\ds004507\derivatives\labels\sub-002\ses-headDown\anat\sub-002_ses-headDown_T2w_seg-manual.nii.gz","695","8","",37.895226458049,0.0,8.171159176047848,0.0,14.16012523336818,0.0,5.118660229264775,0.0,5.273836180350811,0.0,9.082980562703654,0.0,2.6736948180267115,0.0,2.4449654112380643,0.0,0.8138737050759517,0.0,-1.335061637272313,0.0,0.9402536916292867,0.0,""
"2026-09-25 17:10:54","git-master-bddc7a050319718b5e4e0856afec0bc9ea96418f","C:\Users\marco\Desktop\ds004507\derivatives\labels\sub-002\ses-headDown\anat\sub-002_ses-headDown_T2w_seg-manual.nii.gz","696","8","",38.507732191654924,0.0,8.227940536941372,0.0,14.206441948063796,0.0,5.25484796645639,0.0,5.417788145818005,0.0,8.993928569716408,0.0,2.755527648461029,0.0,2.4993203179953607,0.0,0.7982073201643035,0.0,-3.9636851828305684,0.0,0.965412004069176,0.0,""
"2026-09-25 17:10:54","git-master-bddc7a050319718b5e4e0856afec0bc9ea96418f","C:\Users\marco\Desktop\ds004507\derivatives\labels\sub-002\ses-headDown\anat\sub-002_ses-headDown_T2w_seg-manual.nii.gz","697","8","",38.18113941312434,0.0,8.28316350541767,0.0,14.251472738555101,0.0,5.352998871620145,0.0,5.457049508790888,0.0,8.855828134183948,0.0,2.781611254279418,0.0,2.5713876173407275,0.0,0.7873981431726125,0.0,-2.0834206076604556,0.0,0.969640228358206,0.0,""
"2026-09-25 17:10:54","git-master-bddc7a050319718b5e4e0856afec0bc9ea96418f","C:\Users\marco\Desktop\ds004507\derivatives\labels\sub-002\ses-headDown\anat\sub-002_ses-headDown_T2w_seg-manual.nii.gz","698","8","",38.167598713523866,0.0,8.337608136620085,0.0,14.295861645430646,0.0,5.363010989932039,0.0,5.491100993658144,0.0,8.836445759702697,0.0,2.7299028337663684,0.0,2.6331081561656706,0.0,0.7834578840872416,0.0,-0.1804653129474454,0.0,0.9695943212812973,0.0,""
"2026-09-25 17:10:54","git-master-bddc7a050319718b5e4e0856afec0bc9ea96418f","C:\Users\marco\Desktop\ds004507\derivatives\labels\sub-002\ses-headDown\anat\sub-002_ses-headDown_T2w_seg-manual.nii.gz","699","8","",38.4671100928535,0.0,8.391274430548613,0.0,14.339608668690431,0.0,5.28488432139207,0.0,5.519942600419772,0.0,8.935781446272653,0.0,2.60040238692188,0.0,2.6844819344701905,0.0,0.7863865429081909,0.0,1.745180701308462,0.0,0.96527428283845,0.0,""
"2026-09-25 17:10:54","git-master-bddc7a050319718b5e4e0856afec0bc9ea96418f","C:\Users\marco\Desktop\ds004507\derivatives\labels\sub-002\ses-headDown\anat\sub-002_ses-headDown_T2w_seg-manual.nii.gz","700","8","",37.516277507683164,0.0,8.443385749363626,0.0,14.382074035323006,0.0,5.125690107475695,0.0,5.365798841882478,0.0,8.915212259340107,0.0,2.623193020622526,0.0,2.502497086853169,0.0,0.7984830957526176,0.0,0.5864258866317906,0.0,0.9316340206680253,0.0,""
"2026-09-25 17:10:54","git-master-bddc7a050319718b5e4e0856afec0bc9ea96418f","C:\Users\marco\Desktop\ds004507\derivatives\labels\sub-002\ses-headDown\anat\sub-002_ses-headDown_T2w_seg-manual.nii.gz","701","8","",37.81576879346313,0.0,8.494720419836112,0.0,14.42389960513398,0.0,5.149684884120841,0.0,5.3285902174734865,0.0,9.025136815198117,0.0,2.681190552273074,0.0,2.4684943318477672,0.0,0.8070103997934532,0.0,-0.9517760436252339,0.0,0.9284650433647557,0.0,""
"2026-09-25 17:10:54","git-master-bddc7a050319718b5e4e0856afec0bc9ea96418f","C:\Users\marco\Desktop\ds004507\derivatives\labels\sub-002\ses-headDown\anat\sub-002_ses-headDown_T2w_seg-manual.nii.gz","702","8","",39.36558395019341,0.0,8.545278441966069,0.0,14.465085378123357,0.0,5.356868651327509,0.0,5.408316727192797,0.0,9.265555113846684,0.0,2.774394981873524,0.0,2.582473669453985,0.0,0.811968455030698,0.0,-2.8694250894626117,0.0,0.9557673509286413,0.0,""
"2026-09-25 17:10:54","git-master-bddc7a050319718b5e4e0856afec0bc9ea96418f","C:\Users\marco\Desktop\ds004507\derivatives\labels\sub-002\ses-headDown\anat\sub-002_ses-headDown_T2w_seg-manual.nii.gz","703","8","",39.35281878937466,0.0,8.59428482234906,0.0,14.504993571627566,0.0,5.401518272813668,0.0,5.4980326302244755,0.0,9.171042637328968,0.0,2.7369653060104095,0.0,2.664552966803258,0.0,0.8001919658970098,0.0,-4.338520142831269,0.0,0.9521314871321874,0.0,""
"2026-09-25 17:10:54","git-master-bddc7a050319718b5e4e0856afec0bc9ea96418f","C:\Users\marco\Desktop\ds004507\derivatives\labels\sub-002\ses-headDown\anat\sub-002_ses-headDown_T2w_seg-manual.nii.gz","704","8","",39.18415701961556,0.0,8.642516196382728,0.0,14.544263957475021,0.0,5.410304433332285,0.0,5.547099508159445,0.0,9.093077257540328,0.0,2.67967171382633,0.0,2.730632719505955,0.0,0.7923480381979767,0.0,-4.603753776471734,0.0,0.9583586694211707,0.0,""
"2026-09-25 17:10:54","git-master-bddc7a050319718b5e4e0856afec0bc9ea96418f","C:\Users\marco\Desktop\ds004507\derivatives\labels\sub-002\ses-headDown\anat\sub-002_ses-headDown_T2w_seg-manual.nii.gz","705","8","",38.85959864091613,0.0,8.689972564067073,0.0,14.58289653566572,0.0,5.383227132883361,0.0,5.555517360997705,0.0,9.031658974480761,0.0,2.602514205321285,0.0,2.7807129275620763,0.0,0.7884366719335988,0.0,-3.6651259903840074,0.0,0.9744488977955912,0.0,""
"2026-09-25 17:10:54","git-master-bddc7a050319718b5e4e0856afec0bc9ea96418f","C:\Users\marco\Desktop\ds004507\derivatives\labels\sub-002\ses-headDown\anat\sub-002_ses-headDown_T2w_seg-manual.nii.gz","706","8","",40.181420440386525,0.0,8.735880519896154,0.0,14.620255411612202,0.0,5.446480405295192,0.0,5.602259422994892,0.0,9.212936911902828,0.0,2.764292871720528,0.0,2.682187533574664,0.0,0.7937942710355199,0.0,-5.432539093759308,0.0,0.9569895397911058,0.0,""
"2026-09-25 17:10:54","git-master-bddc7a050319718b5e4e0856afec0bc9ea96418f","C:\Users\marco\Desktop\ds004507\derivatives\labels\sub-002\ses-headDown\anat\sub-002_ses-headDown_T2w_seg-manual.nii.gz","707","8","",40.381542939745984,0.0,8.781015055000926,0.0,14.656978366883878,0.0,5.463513070822089,0.0,5.625874400701208,0.0,9.215450878112001,0.0,2.8217276158560494,0.0,2.6417854549660396,0.0,0.7918711586275222,0.0,-5.824724269751036,0.0,0.951402769861821,0.0,""
"2026-09-25 17:10:54","git-master-bddc7a050319718b5e4e0856afec0bc9ea96418f","C:\Users\marco\Desktop\ds004507\derivatives\labels\sub-002\ses-headDown\anat\sub-002_ses-headDown_T2w_seg-manual.nii.gz","708","8","",39.45996613899452,0.0,8.825376169381386,0.0,14.69306540148075,0.0,5.434325129464052,0.0,5.626362294116653,0.0,9.039200873108282,0.0,2.7748184377278493,0.0,2.659506691736203,0.0,0.7826673347096056,0.0,-4.841681518359192,0.0,0.9576885880077369,0.0,""
"2026-09-25 17:10:54","git-master-bddc7a050319718b5e4e0856afec0bc9ea96418f","C:\Users\marco\Desktop\ds004507\derivatives\labels\sub-002\ses-headDown\anat\sub-002_ses-headDown_T2w_seg-manual.nii.gz","709","8","",39.155740989081806,0.0,8.86819198013371,0.0,14.727882402418414,0.0,5.3557398540447565,0.0,5.572003212644352,0.0,9.073647987009052,0.0,2.6941862410262702,0.0,2.6615536130184867,0.0,0.7891910393119412,0.0,-5.307518192391594,0.0,0.9526274621524498,0.0,""
"2026-09-25 17:10:54","git-master-bddc7a050319718b5e4e0856afec0bc9ea96418f","C:\Users\marco\Desktop\ds004507\derivatives\labels\sub-002\ses-headDown\anat\sub-002_ses-headDown_T2w_seg-manual.nii.gz","710","8","",39.00491100794811,0.0,8.91023589065521,0.0,14.762065263275852,0.0,5.131844735813724,0.0,5.470035721476584,0.0,9.25523188617761,0.0,2.5830407811432123,0.0,2.548803954670511,0.0,0.8055536695059704,0.0,-4.705269994960842,0.0,0.9549455228352322,0.0,""
"2026-09-25 17:10:54","git-master-bddc7a050319718b5e4e0856afec0bc9ea96418f","C:\Users\marco\Desktop\ds004507\derivatives\labels\sub-002\ses-headDown\anat\sub-002_ses-headDown_T2w_seg-manual.nii.gz","711","8","",39.007476195593426,0.0,8.951507900945888,0.0,14.795613984053064,0.0,4.762639774770952,0.0,5.3204598206133475,0.0,9.583952570613956,0.0,2.441382058078676,0.0,2.3212577166922763,0.0,0.8317552252916932,0.0,-3.0349369260669348,0.0,0.9646427700560839,0.0,""
"2026-09-25 17:10:54","git-master-bddc7a050319718b5e4e0856afec0bc9ea96418f","C:\Users\marco\Desktop\ds004507\derivatives\labels\sub-002\ses-headDown\anat\sub-002_ses-headDown_T2w_seg-manual.nii.gz","712","8","",39.62028904641331,0.0,8.991237577300176,0.0,14.827896123030799,0.0,5.142783005102709,0.0,5.515225620524617,0.0,9.335820762543987,0.0,2.674823933399797,0.0,2.4679590717029125,0.0,0.80588459183627,0.0,-4.376268235654232,0.0,0.9659493199562247,0.0,""
"2026-09-25 17:10:54","git-master-bddc7a050319718b5e4e0856afec0bc9ea96418f","C:\Users\marco\Desktop\ds004507\derivatives\labels\sub-002\ses-headDown\anat\sub-002_ses-headDown_T2w_seg-manual.nii.gz","713","8","",40.544584027432236,0.0,9.030196800674549,0.0,14.85954579226762,0.0,5.360168411791395,0.0,5.649717206539446,0.0,9.286507769690102,0.0,2.8152162596253567,0.0,2.544952152166038,0.0,0.7936339348119744,0.0,-4.557528076952355,0.0,0.9644597142207375,0.0,""
"2026-09-25 17:10:54","git-master-bddc7a050319718b5e4e0856afec0bc9ea96418f","C:\Users\marco\Desktop\ds004507\derivatives\labels\sub-002\ses-headDown\anat\sub-002_ses-headDown_T2w_seg-manual.nii.gz","714","8","",41.7803611386502,0.0,9.068385571069006,0.0,14.890562991763524,0.0,5.414795994837007,0.0,5.723934578657837,0.0,9.436013592052301,0.0,2.8625590367553553,0.0,2.552236958081652,0.0,0.7950032542188061,0.0,-3.578716449961304,0.0,0.9601739528496224,0.0,""
"2026-09-25 17:10:54","git-master-bddc7a050319718b5e4e0856afec0bc9ea96418f","C:\Users\marco\Desktop\ds004507\derivatives\labels\sub-002\ses-headDown\anat\sub-002_ses-headDown_T2w_seg-manual.nii.gz","715","8","",42.38651278163889,0.0,9.105034823102917,0.0,14.920316837186254,0.0,5.43100926032627,0.0,5.7984889834680695,0.0,9.43184626273624,0.0,2.8032470592629184,0.0,2.627762201063352,0.0,0.788665095435856,0.0,-3.5601585761641172,0.0,0.9682817182212271,0.0,""
"2026-09-25 17:10:54","git-master-bddc7a050319718b5e4e0856afec0bc9ea96418f","C:\Users\marco\Desktop\ds004507\derivatives\labels\sub-002\ses-headDown\anat\sub-002_ses-headDown_T2w_seg-manual.nii.gz","716","8","",43.142893340146955,0.0,9.14091498869228,0.0,14.949439769408983,0.0,5.604084110040215,0.0,5.912888537013996,0.0,9.39240127995517,0.0,2.847176322828655,0.0,2.756907787211559,0.0,0.7766492780948957,0.0,-4.270366127404361,0.0,0.9690661449765091,0.0,""
"2026-09-25 17:10:54","git-master-bddc7a050319718b5e4e0856afec0bc9ea96418f","C:\Users\marco\Desktop\ds004507\derivatives\labels\sub-002\ses-headDown\anat\sub-002_ses-headDown_T2w_seg-manual.nii.gz","717","8","",44.04950281417438,0.0,9.176026067837094,0.0,14.97793178843171,0.0,5.934020543978839,0.0,6.0671332392956145,0.0,9.317678643709089,0.0,2.9943468274525658,0.0,2.939673716526273,0.0,0.7589558021959255,0.0,-5.709339103682035,0.0,0.9625272331154684,0.0,""
"2026-09-25 17:10:54","git-master-bddc7a050319718b5e4e0856afec0bc9ea96418f","C:\Users\marco\Desktop\ds004507\derivatives\labels\sub-002\ses-headDown\anat\sub-002_ses-headDown_T2w_seg-manual.nii.gz","718","8","",43.07663909611692,0.0,9.209600275763094,0.0,15.005163450204218,0.0,5.575189152133157,0.0,5.908496811221067,0.0,9.39041468924926,0.0,2.8579115620558335,0.0,2.7172775900773236,0.0,0.7769134005710888,0.0,-4.646221799306714,0.0,0.975985685218408,0.0,""
"2026-09-25 17:10:54","git-master-bddc7a050319718b5e4e0856afec0bc9ea96418f","C:\Users\marco\Desktop\ds004507\derivatives\labels\sub-002\ses-headDown\anat\sub-002_ses-headDown_T2w_seg-manual.nii.gz","719","8","",42.866434364741814,0.0,9.24240667621575,0.0,15.031765638289789,0.0,5.4107303383358545,0.0,5.803565222406192,0.0,9.534943208945117,0.0,2.7663202763065793,0.0,2.644410062029275,0.0,0.7930852117617774,0.0,-5.008413816757268,0.0,0.9789718922834308,0.0,""
"2026-09-25 17:10:54","git-master-bddc7a050319718b5e4e0856afec0bc9ea96418f","C:\Users\marco\Desktop\ds004507\derivatives\labels\sub-002\ses-headDown\anat\sub-002_ses-headDown_T2w_seg-manual.nii.gz","720","8","",43.418888620049046,0.0,9.274445269195065,0.0,15.057738352688425,0.0,5.440644102586931,0.0,5.75233847285099,0.0,9.75126420279666,0.0,2.719572970204803,0.0,2.7210711323821277,0.0,0.8074712357679912,0.0,-6.795915156033698,0.0,0.9714858543105369,0.0,""
"2026-09-25 17:10:54","git-master-bddc7a050319718b5e4e0856afec0bc9ea96418f","C:\Users\marco\Desktop\ds004507\derivatives\labels\sub-002\ses-headDown\anat\sub-002_ses-headDown_T2w_seg-manual.nii.gz","721","8","",43.06460179581638,0.0,9.30494945658029,0.0,15.082453469603374,0.0,5.389276975879935,0.0,5.748658055292179,0.0,9.700157600560477,0.0,2.6470288320066206,0.0,2.742248143873314,0.0,0.8054618696718285,0.0,-5.799426530014252,0.0,0.9654897031671426,0.0,""
"2026-09-25 17:10:54","git-master-bddc7a050319718b5e4e0856afec0bc9ea96418f","C:\Users\marco\Desktop\ds004507\derivatives\labels\sub-002\ses-headDown\anat\sub-002_ses-headDown_T2w_seg-manual.nii.gz","722","8","",42.57239604910935,0.0,9.334687021661722,0.0,15.10654043239049,0.0,5.4722802128295305,0.0,5.74776619608922,0.0,9.550080955083653,0.0,2.690707064762734,0.0,2.7815731480667965,0.0,0.7983184031285903,0.0,-5.615377344781677,0.0,0.9568249884628278,0.0,""
"2026-09-25 17:10:54","git-master-bddc7a050319718b5e4e0856afec0bc9ea96418f","C:\Users\marco\Desktop\ds004507\derivatives\labels\sub-002\ses-headDown\anat\sub-002_ses-headDown_T2w_seg-manual.nii.gz","723","8","",41.94227137992796,0.0,9.363657964439358,0.0,15.129999241049772,0.0,5.689653813435717,0.0,5.749662895242115,0.0,9.301034266366191,0.0,2.850607668473143,0.0,2.839046144962574,0.0,0.7860408361382764,0.0,-6.243767600335974,0.0,0.9454917101975926,0.0,""
"2026-09-25 17:10:54","git-master-bddc7a050319718b5e4e0856afec0bc9ea96418f","C:\Users\marco\Desktop\ds004507\derivatives\labels\sub-002\ses-headDown\anat\sub-002_ses-headDown_T2w_seg-manual.nii.gz","724","8","",42.244726452339364,0.0,9.39109677385729,0.0,15.152202969379339,0.0,5.513578867875654,0.0,5.754431044142077,0.0,9.354789341720519,0.0,2.856344436017414,0.0,2.65723443185824,0.0,0.7884125719934065,0.0,-5.9727681812616,0.0,0.9777260630013761,0.0,""
"2026-09-25 17:10:54","git-master-bddc7a050319718b5e4e0856afec0bc9ea96418f","C:\Users\marco\Desktop\ds004507\derivatives\labels\sub-002\ses-headDown\anat\sub-002_ses-headDown_T2w_seg-manual.nii.gz","725","8","",42.547312574736814,0.0,9.417770046700431,0.0,15.173779740553886,0.0,5.421995106415847,0.0,5.780736838145603,0.0,9.384412152949167,0.0,2.823305754346031,0.0,2.5986893520698153,0.0,0.7877408223662922,0.0,-5.438446250750086,0.0,0.9913250382139998,0.0,""
"2026-09-25 17:10:54","git-master-bddc7a050319718b5e4e0856afec0bc9ea96418f","C:\Users\marco\Desktop\ds004507\derivatives\labels\sub-002\ses-headDown\anat\sub-002_ses-headDown_T2w_seg-manual.nii.gz","726","8","",42.8500297471203,0.0,9.443677782968779,0.0,15.194729554573414,0.0,5.414902529056295,0.0,5.828580277252691,0.0,9.389902700052136,0.0,2.7514916234589943,0.0,2.6634109055973005,0.0,0.7840255872569334,0.0,-4.6408018088014344,0.0,0.9862886358354637,0.0,""
"2026-09-25 17:10:54","git-master-bddc7a050319718b5e4e0856afec0bc9ea96418f","C:\Users\marco\Desktop\ds004507\derivatives\labels\sub-002\ses-headDown\anat\sub-002_ses-headDown_T2w_seg-manual.nii.gz","727","8","",42.532173948984514,0.0,9.468055454033369,0.0,15.214426557827121,0.0,5.403532979477993,0.0,5.835763210015113,0.0,9.286230903866207,0.0,2.73858764499397,0.0,2.664945334484023,0.0,0.7777979625569122,0.0,-2.455192802795071,0.0,0.9849493325458115,0.0,""
"2026-09-25 17:10:54","git-master-bddc7a050319718b5e4e0856afec0bc9ea96418f","C:\Users\marco\Desktop\ds004507\derivatives\labels\sub-002\ses-headDown\anat\sub-002_ses-headDown_T2w_seg-manual.nii.gz","728","8","",42.214619226746976,0.0,9.49166856975959,0.0,15.23349767596506,0.0,5.573741140219319,0.0,5.888479613175261,0.0,9.090341797331055,0.0,2.797966472256562,0.0,2.7757746679627573,0.0,0.7608176530749237,0.0,-2.227091639441853,0.0,0.9792549384975384,0.0,""
"2026-09-25 17:10:54","git-master-bddc7a050319718b5e4e0856afec0bc9ea96418f","C:\Users\marco\Desktop\ds004507\derivatives\labels\sub-002\ses-headDown\anat\sub-002_ses-headDown_T2w_seg-manual.nii.gz","729","8","",41.8973655804077,0.0,9.514517130147441,0.0,15.251942908987228,0.0,5.925527011280274,0.0,5.986729486733134,0.0,8.802235380446684,0.0,2.9296281052467705,0.0,2.9958989060335037,0.0,0.7330846588109676,0.0,-3.9564983187417804,0.0,0.9692054536906441,0.0,""
"2026-09-25 17:10:54","git-master-bddc7a050319718b5e4e0856afec0bc9ea96418f","C:\Users\marco\Desktop\ds004507\derivatives\labels\sub-002\ses-headDown\anat\sub-002_ses-headDown_T2w_seg-manual.nii.gz","730","8","",39.098463211214465,0.0,9.535837479883579,0.0,15.269137348801829,0.0,5.570337015203836,0.0,5.700595605541627,0.0,8.618285913728334,0.0,2.766561266264431,0.0,2.803775748939404,0.0,0.7499501761143724,0.0,-2.438740270385245,0.0,0.9767081289610483,0.0,""
"2026-09-25 17:10:54","git-master-bddc7a050319718b5e4e0856afec0bc9ea96418f","C:\Users\marco\Desktop\ds004507\derivatives\labels\sub-002\ses-headDown\anat\sub-002_ses-headDown_T2w_seg-manual.nii.gz","731","8","",38.00655485829493,0.0,9.55639414654916,0.0,15.285706848536185,0.0,5.394024426165785,0.0,5.596739997703948,0.0,8.551049002172688,0.0,2.6837970460657643,0.0,2.710227380100021,0.0,0.756050782500568,0.0,-1.6902471049599954,0.0,0.9812139954375553,0.0,""
"2026-09-25 17:10:54","git-master-bddc7a050319718b5e4e0856afec0bc9ea96418f","C:\Users\marco\Desktop\ds004507\derivatives\labels\sub-002\ses-headDown\anat\sub-002_ses-headDown_T2w_seg-manual.nii.gz","732","8","",38.62164052164909,0.0,9.576187130144186,0.0,15.301651408190295,0.0,5.396589244166123,0.0,5.675162663220096,0.0,8.600524645779743,0.0,2.68133544465077,0.0,2.7152537995153536,0.0,0.7513864779695544,0.0,-1.7110188224660314,0.0,0.9827230531201651,0.0,""
"2026-09-25 17:10:54","git-master-bddc7a050319718b5e4e0856afec0bc9ea96418f","C:\Users\marco\Desktop\ds004507\derivatives\labels\sub-002\ses-headDown\anat\sub-002_ses-headDown_T2w_seg-manual.nii.gz","733","8","",39.857193368644,0.0,9.594453535652018,0.0,15.316346936320807,0.0,5.607415869073892,0.0,5.8697266553337135,0.0,8.61592579485835,0.0,2.815296624063458,0.0,2.7921192450104333,0.0,0.7317672314811593,0.0,-3.745929072904649,0.0,0.9732614324569839,0.0,""
"2026-09-25 17:10:54","git-master-bddc7a050319718b5e4e0856afec0bc9ea96418f","C:\Users\marco\Desktop\ds004507\derivatives\labels\sub-002\ses-headDown\anat\sub-002_ses-headDown_T2w_seg-manual.nii.gz","734","8","",41.40282830733229,0.0,9.611957017478572,0.0,15.330418340602725,0.0,5.813151104002174,0.0,5.990344250534406,0.0,8.782423248584543,0.0,2.9244877687645734,0.0,2.888663335237601,0.0,0.7307246393233661,0.0,-5.886483566413385,0.0,0.9650595951150449,0.0,""
"2026-09-25 17:10:54","git-master-bddc7a050319718b5e4e0856afec0bc9ea96418f","C:\Users\marco\Desktop\ds004507\derivatives\labels\sub-002\ses-headDown\anat\sub-002_ses-headDown_T2w_seg-manual.nii.gz","735","8","",43.25854533771398,0.0,9.628697575623844,0.0,15.343865621036052,0.0,6.013794948950972,0.0,6.037015448822173,0.0,9.10001700695832,0.0,3.0089088787541156,0.0,3.0048860701968567,0.0,0.7482587014961747,0.0,-8.13268230299224,0.0,0.9581175410943481,0.0,""
"2026-09-25 17:10:54","git-master-bddc7a050319718b5e4e0856afec0bc9ea96418f","C:\Users\marco\Desktop\ds004507\derivatives\labels\sub-002\ses-headDown\anat\sub-002_ses-headDown_T2w_seg-manual.nii.gz","736","7","",44.18158762123573,0.0,9.651520650685699,0.0,15.362165248112584,0.0,5.837130611601541,0.0,5.781443414718952,0.0,9.736273768012685,0.0,2.806795613190115,0.0,3.0303349984114263,0.0,0.804609337967209,0.0,-5.386229377214974,0.0,0.9522867194371152,0.0,""
"2026-09-25 17:10:54","git-master-bddc7a050319718b5e4e0856afec0bc9ea96418f","C:\Users\marco\Desktop\ds004507\derivatives\labels\sub-002\ses-headDown\anat\sub-002_ses-headDown_T2w_seg-manual.nii.gz","737","7","",43.11982469596557,0.0,9.66707840333132,0.0,15.374611697510295,0.0,5.505771940288787,0.0,5.561075837229218,0.0,9.787426738674782,0.0,2.6737992605793774,0.0,2.831972679709409,0.0,0.8226801257076233,0.0,-5.641776881418342,0.0,0.9717362809847196,0.0,""
"2026-09-25 17:10:54","git-master-bddc7a050319718b5e4e0856afec0bc9ea96418f","C:\Users\marco\Desktop\ds004507\derivatives\labels\sub-002\ses-headDown\anat\sub-002_ses-headDown_T2w_seg-manual.nii.gz","738","7","",43.01668237050256,0.0,9.681458514315263,0.0,15.38609510571956,0.0,5.370450303277632,0.0,5.5203666423078515,0.0,9.852545501563446,0.0,2.525237699191441,0.0,2.845212604086192,0.0,0.8282914971379458,0.0,-2.8447107543080348,0.0,0.9751595328152783,0.0,""
"2026-09-25 17:10:54","git-master-bddc7a050319718b5e4e0856afec0bc9ea96418f","C:\Users\marco\Desktop\ds004507\derivatives\labels\sub-002\ses-headDown\anat\sub-002_ses-headDown_T2w_seg-manual.nii.gz","739","7","",43.36481928090041,0.0,9.694661185751862,0.0,15.396615685970344,0.0,5.371037930682829,0.0,5.5326621028052685,0.0,9.923017995918245,0.0,2.5269903145658805,0.0,2.8440476161169475,0.0,0.8301042756675353,0.0,0.16899498913147276,0.0,0.9616123040897778,0.0,""
"2026-09-25 17:10:54","git-master-bddc7a050319718b5e4e0856afec0bc9ea96418f","C:\Users\marco\Desktop\ds004507\derivatives\labels\sub-002\ses-headDown\anat\sub-002_ses-headDown_T2w_seg-manual.nii.gz","740","7","",43.72735217756073,0.0,9.706686616997994,0.0,15.406173648477651,0.0,5.44423267850629,0.0,5.495142264577497,0.0,9.986873394007144,0.0,2.797230883307959,0.0,2.6470017951983302,0.0,0.8349984765441822,0.0,0.891597744426012,0.0,0.9338988974190224,0.0,""
"2026-09-25 17:10:54","git-master-bddc7a050319718b5e4e0856afec0bc9ea96418f","C:\Users\marco\Desktop\ds004507\derivatives\labels\sub-002\ses-headDown\anat\sub-002_ses-headDown_T2w_seg-manual.nii.gz","741","7","",44.42840593999652,0.0,9.717050507074108,0.0,15.414373088292367,0.0,5.397319174306565,0.0,5.607781797312603,0.0,9.94390380661043,0.0,2.785252481446221,0.0,2.612066692860344,0.0,0.8257545755239646,0.0,-1.323868209231923,0.0,0.9684878973117613,0.0,""
"2026-09-25 17:10:54","git-master-bddc7a050319718b5e4e0856afec0bc9ea96418f","C:\Users\marco\Desktop\ds004507\derivatives\labels\sub-002\ses-headDown\anat\sub-002_ses-headDown_T2w_seg-manual.nii.gz","742","7","",45.12977331071869,0.0,9.726168545853174,0.0,15.421553953838213,0.0,5.557947949823264,0.0,5.7981857057473825,0.0,9.744177658586668,0.0,2.847617864373727,0.0,2.710330085449537,0.0,0.8027521934049986,0.0,0.17867702106184358,0.0,0.9673908751343935,0.0,""
"2026-09-25 17:10:54","git-master-bddc7a050319718b5e4e0856afec0bc9ea96418f","C:\Users\marco\Desktop\ds004507\derivatives\labels\sub-002\ses-headDown\anat\sub-002_ses-headDown_T2w_seg-manual.nii.gz","743","7","",45.97229163944018,0.0,9.73411008854146,0.0,15.427772978777277,0.0,5.812012911656977,0.0,6.042805492376701,0.0,9.499698628850801,0.0,2.9801110394905077,0.0,2.8319018721664695,0.0,0.7704591750549791,0.0,2.0704872180628833,0.0,0.9652531366088172,0.0,""
"2026-09-25 17:10:54","git-master-bddc7a050319718b5e4e0856afec0bc9ea96418f","C:\Users\marco\Desktop\ds004507\derivatives\labels\sub-002\ses-headDown\anat\sub-002_ses-headDown_T2w_seg-manual.nii.gz","744","7","",47.02639142409226,0.0,9.740875256636494,0.0,15.433030288613553,0.0,6.043633371872219,0.0,6.287953129641836,0.0,9.339238314733691,0.0,3.1412461514207037,0.0,2.9023872204515153,0.0,0.7388107732848763,0.0,2.4397149935449476,0.0,0.9805678430873525,0.0,""
"2026-09-25 17:10:54","git-master-bddc7a050319718b5e4e0856afec0bc9ea96418f","C:\Users\marco\Desktop\ds004507\derivatives\labels\sub-002\ses-headDown\anat\sub-002_ses-headDown_T2w_seg-manual.nii.gz","745","7","",48.080927715378834,0.0,9.746049088690754,0.0,15.436986689514397,0.0,5.797630642604233,0.0,6.125616504015008,0.0,9.865405178893011,0.0,2.9207820110680345,0.0,2.8768486315361974,0.0,0.7825424597987182,0.0,3.5260826048677356,0.0,0.9751442927327989,0.0,""
"2026-09-25 17:10:54","git-master-bddc7a050319718b5e4e0856afec0bc9ea96418f","C:\Users\marco\Desktop\ds004507\derivatives\labels\sub-002\ses-headDown\anat\sub-002_ses-headDown_T2w_seg-manual.nii.gz","746","7","",46.46011546585164,0.0,9.749908500094453,0.0,15.439868588706432,0.0,5.538714339273342,0.0,5.8279561930414925,0.0,10.00682217992491,0.0,2.7501696066631145,0.0,2.788544732610227,0.0,0.8123882007174245,0.0,2.9928536712083713,0.0,0.9776893926560857,0.0,""
"2026-09-25 17:10:54","git-master-bddc7a050319718b5e4e0856afec0bc9ea96418f","C:\Users\marco\Desktop\ds004507\derivatives\labels\sub-002\ses-headDown\anat\sub-002_ses-headDown_T2w_seg-manual.nii.gz","747","7","",45.69876313940127,0.0,9.752591913139238,0.0,15.441789152002396,0.0,5.552645234762445,0.0,5.726375453566365,0.0,10.000360208567544,0.0,2.7572817601028112,0.0,2.795363474659634,0.0,0.819618084976002,0.0,1.6020270315413578,0.0,0.9740797360256359,0.0,""
"2026-09-25 17:10:54","git-master-bddc7a050319718b5e4e0856afec0bc9ea96418f","C:\Users\marco\Desktop\ds004507\derivatives\labels\sub-002\ses-headDown\anat\sub-002_ses-headDown_T2w_seg-manual.nii.gz","748","7","",46.81086088481263,0.0,9.754099370219166,0.0,15.442748419643019,0.0,5.869086066752944,0.0,5.902031803098682,0.0,9.944041680732223,0.0,2.9422120878690206,0.0,2.9268739788839238,0.0,0.8047894229144189,0.0,-0.21203217995048035,0.0,0.9613016378595748,0.0,""
"2026-09-25 17:10:54","git-master-bddc7a050319718b5e4e0856afec0bc9ea96418f","C:\Users\marco\Desktop\ds004507\derivatives\labels\sub-002\ses-headDown\anat\sub-002_ses-headDown_T2w_seg-manual.nii.gz","749","7","",45.7547287373225,0.0,9.754085052989227,0.0,15.442463701769565,0.0,5.819298183704451,0.0,5.881835381222675,0.0,9.768312551105577,0.0,2.919311253080266,0.0,2.8999869306241846,0.0,0.7983524191226353,0.0,-1.8990993736126474,0.0,0.9622192444545561,0.0,""
"2026-09-25 17:10:54","git-master-bddc7a050319718b5e4e0856afec0bc9ea96418f","C:\Users\marco\Desktop\ds004507\derivatives\labels\sub-002\ses-headDown\anat\sub-002_ses-headDown_T2w_seg-manual.nii.gz","750","7","",46.10733928716539,0.0,9.752687304097897,0.0,15.441048075679655,0.0,5.555390658600316,0.0,5.849785488545065,0.0,9.934396596001694,0.0,2.803664450936355,0.0,2.751726207663961,0.0,0.8079693571051234,0.0,-0.8718875793951171,0.0,0.9775406839243492,0.0,""
"2026-09-25 17:10:54","git-master-bddc7a050319718b5e4e0856afec0bc9ea96418f","C:\Users\marco\Desktop\ds004507\derivatives\labels\sub-002\ses-headDown\anat\sub-002_ses-headDown_T2w_seg-manual.nii.gz","751","7","",46.4744332122362,0.0,9.750113603913361,0.0,15.438671133608407,0.0,5.553912648194149,0.0,5.887847795686178,0.0,9.931611226050874,0.0,2.8566681214109986,0.0,2.6972445267831504,0.0,0.8047602053023252,0.0,-1.1841288975311517,0.0,0.9774485629737842,0.0,""
"2026-09-25 17:10:54","git-master-bddc7a050319718b5e4e0856afec0bc9ea96418f","C:\Users\marco\Desktop\ds004507\derivatives\labels\sub-002\ses-headDown\anat\sub-002_ses-headDown_T2w_seg-manual.nii.gz","752","7","",46.5884508995444,0.0,9.746363915295744,0.0,15.435332830357614,0.0,5.861252841648604,0.0,6.013327511922331,0.0,9.677729774418825,0.0,3.0852811931036976,0.0,2.775971648544905,0.0,0.7833455075473539,0.0,-3.1500504625931285,0.0,0.96145232613389,0.0,""
"2026-09-25 17:10:54","git-master-bddc7a050319718b5e4e0856afec0bc9ea96418f","C:\Users\marco\Desktop\ds004507\derivatives\labels\sub-002\ses-headDown\anat\sub-002_ses-headDown_T2w_seg-manual.nii.gz","753","7","",47.29450016476041,0.0,9.741161443491004,0.0,15.430806855437806,0.0,5.992869374478737,0.0,6.182131335642415,0.0,9.552054298426851,0.0,3.1447708858400327,0.0,2.848098488638704,0.0,0.7621267776575837,0.0,-2.3202883116138695,0.0,0.9701045556346785,0.0,""
"2026-09-25 17:10:54","git-master-bddc7a050319718b5e4e0856afec0bc9ea96418f","C:\Users\marco\Desktop\ds004507\derivatives\labels\sub-002\ses-headDown\anat\sub-002_ses-headDown_T2w_seg-manual.nii.gz","754","7","",46.52218028203053,0.0,9.73450600924086,0.0,15.425093003815755,0.0,5.791104313644766,0.0,6.121813993543726,0.0,9.569571900889185,0.0,3.0601146515264634,0.0,2.7309896621183025,0.0,0.7685030261276721,0.0,-3.722206278126128,0.0,0.952560015983931,0.0,""
"2026-09-25 17:10:54","git-master-bddc7a050319718b5e4e0856afec0bc9ea96418f","C:\Users\marco\Desktop\ds004507\derivatives\labels\sub-002\ses-headDown\anat\sub-002_ses-headDown_T2w_seg-manual.nii.gz","755","7","",45.65160655499574,0.0,9.726674219622458,0.0,15.418417371242068,0.0,5.677960523459701,0.0,6.020034279328728,0.0,9.573131028873,0.0,3.0124533256441386,0.0,2.6655071978155624,0.0,0.7775095843356168,0.0,-3.143828724502058,0.0,0.94853317964111,0.0,""
"2026-09-25 17:10:54","git-master-bddc7a050319718b5e4e0856afec0bc9ea96418f","C:\Users\marco\Desktop\ds004507\derivatives\labels\sub-002\ses-headDown\anat\sub-002_ses-headDown_T2w_seg-manual.nii.gz","756","7","",45.161674568764724,0.0,9.717665958342682,0.0,15.410779827278976,0.0,5.736799570809692,0.0,5.961580035720345,0.0,9.515070480159164,0.0,3.029141687457928,0.0,2.707657883351765,0.0,0.779213972848828,0.0,-0.9172561393183946,0.0,0.961349449195424,0.0,""
"2026-09-25 17:10:54","git-master-bddc7a050319718b5e4e0856afec0bc9ea96418f","C:\Users\marco\Desktop\ds004507\derivatives\labels\sub-002\ses-headDown\anat\sub-002_ses-headDown_T2w_seg-manual.nii.gz","757","7","",45.517360822868795,0.0,9.707273412694649,0.0,15.402010399195714,0.0,5.9218867932171015,0.0,6.068379349468949,0.0,9.362777427356464,0.0,3.0652548597914264,0.0,2.856631933425675,0.0,0.7614052270128971,0.0,-0.9792970793827924,0.0,0.9732025210507895,0.0,""
"2026-09-25 17:10:54","git-master-bddc7a050319718b5e4e0856afec0bc9ea96418f","C:\Users\marco\Desktop\ds004507\derivatives\labels\sub-002\ses-headDown\anat\sub-002_ses-headDown_T2w_seg-manual.nii.gz","758","7","",46.18358792722726,0.0,9.695357780960896,0.0,15.391995483392288,0.0,6.0187920139026465,0.0,6.168371306004354,0.0,9.332676599409384,0.0,3.0872223466334363,0.0,2.93156966726921,0.0,0.7503691952276867,0.0,-1.3412662990670972,0.0,0.9757685309836848,0.0,""
"2026-09-25 17:10:54","git-master-bddc7a050319718b5e4e0856afec0bc9ea96418f","C:\Users\marco\Desktop\ds004507\derivatives\labels\sub-002\ses-headDown\anat\sub-002_ses-headDown_T2w_seg-manual.nii.gz","759","7","",47.48442658250926,0.0,9.682264942632585,0.0,15.381017838757954,0.0,5.961412236598849,0.0,6.1203487725170165,0.0,9.669524113264673,0.0,3.015446184300645,0.0,2.9459660522982043,0.0,0.7714963734290321,0.0,0.13743876517481102,0.0,0.9700940755299688,0.0,""
"2026-09-25 17:10:54","git-master-bddc7a050319718b5e4e0856afec0bc9ea96418f","C:\Users\marco\Desktop\ds004507\derivatives\labels\sub-002\ses-headDown\anat\sub-002_ses-headDown_T2w_seg-manual.nii.gz","760","7","",48.74351599928306,0.0,9.667994703457447,0.0,15.36907725019155,0.0,5.809111404051936,0.0,5.972096527169361,0.0,10.163867046754989,0.0,2.9262488834017613,0.0,2.8828625206501743,0.0,0.8090606122127384,0.0,1.6499942565005736,0.0,0.9608008444529473,0.0,""
"2026-09-25 17:10:54","git-master-bddc7a050319718b5e4e0856afec0bc9ea96418f","C:\Users\marco\Desktop\ds004507\derivatives\labels\sub-002\ses-headDown\anat\sub-002_ses-headDown_T2w_seg-manual.nii.gz","761","7","",48.3967875904146,0.0,9.65240826903902,0.0,15.356060124002578,0.0,5.710184105267292,0.0,5.872414703004235,0.0,10.285401130181096,0.0,3.0103283418177047,0.0,2.699855763449587,0.0,0.8209482983555317,0.0,-1.4117915343813552,0.0,0.9574002524855935,0.0,""
"2026-09-25 17:10:54","git-master-bddc7a050319718b5e4e0856afec0bc9ea96418f","C:\Users\marco\Desktop\ds004507\derivatives\labels\sub-002\ses-headDown\anat\sub-002_ses-headDown_T2w_seg-manual.nii.gz","762","7","",49.671537562542646,0.0,9.635227965225372,0.0,15.341739178923994,0.0,5.950997199704907,0.0,6.07356111594565,0.0,10.1995094774001,0.0,3.1282618290713677,0.0,2.82273537063354,0.0,0.8030160687602353,0.0,-1.900851350399688,0.0,0.975603588330861,0.0,""
"2026-09-25 17:10:54","git-master-bddc7a050319718b5e4e0856afec0bc9ea96418f","C:\Users\marco\Desktop\ds004507\derivatives\labels\sub-002\ses-headDown\anat\sub-002_ses-headDown_T2w_seg-manual.nii.gz","763","7","",49.81908951936359,0.0,9.616869164915837,0.0,15.326454078284062,0.0,6.049910312016694,0.0,6.122142249702791,0.0,10.142811965240282,0.0,3.096169378370899,0.0,2.9537409336457947,0.0,0.7972834535715553,0.0,-0.30893183093750975,0.0,0.9805812981706751,0.0,""
"2026-09-25 17:10:54","git-master-bddc7a050319718b5e4e0856afec0bc9ea96418f","C:\Users\marco\Desktop\ds004507\derivatives\labels\sub-002\ses-headDown\anat\sub-002_ses-headDown_T2w_seg-manual.nii.gz","764","7","",49.51610834378624,0.0,9.597331597913426,0.0,15.310204523276152,0.0,6.021384826237599,0.0,6.071982945918653,0.0,10.171810541642458,0.0,3.05649599949975,0.0,2.964888826737849,0.0,0.802224576451515,0.0,1.516993172274245,0.0,0.9764450689749433,0.0,""
"2026-09-25 17:10:54","git-master-bddc7a050319718b5e4e0856afec0bc9ea96418f","C:\Users\marco\Desktop\ds004507\derivatives\labels\sub-002\ses-headDown\anat\sub-002_ses-headDown_T2w_seg-manual.nii.gz","765","7","",50.228663917002685,0.0,9.576545600827346,0.0,15.292933422760402,0.0,5.959061731107194,0.0,6.074304099298044,0.0,10.34020278378531,0.0,3.2595626908446556,0.0,2.6994990402625385,0.0,0.809253624837541,0.0,0.7607653622960723,0.0,0.9747659595574236,0.0,""
"2026-09-25 17:10:54","git-master-bddc7a050319718b5e4e0856afec0bc9ea96418f","C:\Users\marco\Desktop\ds004507\derivatives\labels\sub-002\ses-headDown\anat\sub-002_ses-headDown_T2w_seg-manual.nii.gz","766","7","",53.311627623270084,0.0,9.554094232099295,0.0,15.274299377953435,0.0,6.038748216565688,0.0,6.3002926092417,0.0,10.55566127707292,0.0,3.2095805801631543,0.0,2.8291676364025338,0.0,0.8023620481633588,0.0,0.03293176634371375,0.0,0.9861290062952944,0.0,""
"2026-09-25 17:10:54","git-master-bddc7a050319718b5e4e0856afec0bc9ea96418f","C:\Users\marco\Desktop\ds004507\derivatives\labels\sub-002\ses-headDown\anat\sub-002_ses-headDown_T2w_seg-manual.nii.gz","767","7","",54.463187958115476,0.0,9.530462651309533,0.0,15.254699278176949,0.0,6.070340610580554,0.0,6.353201535260543,0.0,10.686219520591756,0.0,3.1436839945880037,0.0,2.9266566159925493,0.0,0.8040207465637544,0.0,-0.5748093354915641,0.0,0.9814702342364464,0.0,""
"2026-09-25 17:10:54","git-master-bddc7a050319718b5e4e0856afec0bc9ea96418f","C:\Users\marco\Desktop\ds004507\derivatives\labels\sub-002\ses-headDown\anat\sub-002_ses-headDown_T2w_seg-manual.nii.gz","768","7","",54.134318963143876,0.0,9.505650515162701,0.0,15.23413274226677,0.0,6.04675912854844,0.0,6.292450072772029,0.0,10.723067095222929,0.0,3.076691167412709,0.0,2.9700679611357304,0.0,0.8097208198432856,0.0,-1.874993014579704,0.0,0.9698813268386315,0.0,""
"2026-09-25 17:10:54","git-master-bddc7a050319718b5e4e0856afec0bc9ea96418f","C:\Users\marco\Desktop\ds004507\derivatives\labels\sub-002\ses-headDown\anat\sub-002_ses-headDown_T2w_seg-manual.nii.gz","769","7","",53.08622567102816,0.0,9.479657477797922,0.0,15.212599386138734,0.0,5.970493371378446,0.0,6.208194157663147,0.0,10.664605948199622,0.0,3.0137885811012466,0.0,2.9567047902771986,0.0,0.81309525168497,0.0,-4.788751064748134,0.0,0.9633665226376104,0.0,""
"2026-09-25 17:10:54","git-master-bddc7a050319718b5e4e0856afec0bc9ea96418f","C:\Users\marco\Desktop\ds004507\derivatives\labels\sub-002\ses-headDown\anat\sub-002_ses-headDown_T2w_seg-manual.nii.gz","770","6","",57.29236185544152,0.0,9.443052979414132,0.0,15.18229708339347,0.0,6.479614174312291,0.0,6.758401205997046,0.0,10.615148802766349,0.0,3.3948074853267034,0.0,3.0848066889855876,0.0,0.7711321439251756,0.0,-7.088752955359023,0.0,0.9646875540938203,0.0,""
"2026-09-25 17:10:54","git-master-bddc7a050319718b5e4e0856afec0bc9ea96418f","C:\Users\marco\Desktop\ds004507\derivatives\labels\sub-002\ses-headDown\anat\sub-002_ses-headDown_T2w_seg-manual.nii.gz","771","6","",56.32513535635669,0.0,9.41582324501028,0.0,15.159769561335285,0.0,6.199910125612773,0.0,6.4326900983518,0.0,10.913616589051331,0.0,3.263138038664977,0.0,2.9367720869477965,0.0,0.8065161376409702,0.0,-4.035104909500897,0.0,0.9792170376983063,0.0,""
"2026-09-25 17:10:54","git-master-bddc7a050319718b5e4e0856afec0bc9ea96418f","C:\Users\marco\Desktop\ds004507\derivatives\labels\sub-002\ses-headDown\anat\sub-002_ses-headDown_T2w_seg-manual.nii.gz","772","6","",55.35793386070556,0.0,9.38767485643666,0.0,15.136489413361485,0.0,6.080169260267964,0.0,6.336792658786803,0.0,10.893790511133433,0.0,3.1703089442274957,0.0,2.9098603160404686,0.0,0.8130358377208973,0.0,-2.6679646684917553,0.0,0.9851375219368429,0.0,""
"2026-09-25 17:10:54","git-master-bddc7a050319718b5e4e0856afec0bc9ea96418f","C:\Users\marco\Desktop\ds004507\derivatives\labels\sub-002\ses-headDown\anat\sub-002_ses-headDown_T2w_seg-manual.nii.gz","773","6","",54.53061121550321,0.0,9.35860765453346,0.0,15.112456460817969,0.0,6.115476602799251,0.0,6.413603460246113,0.0,10.651347832577079,0.0,3.1481686339673285,0.0,2.9673079688319217,0.0,0.7983138638624057,0.0,-2.9200743437187713,0.0,0.9822622343960289,0.0,""
"2026-09-25 17:10:54","git-master-bddc7a050319718b5e4e0856afec0bc9ea96418f","C:\Users\marco\Desktop\ds004507\derivatives\labels\sub-002\ses-headDown\anat\sub-002_ses-headDown_T2w_seg-manual.nii.gz","774","6","",54.54244915754185,0.0,9.328161516416726,0.0,15.087293497476411,0.0,6.36123886749092,0.0,6.492502201490149,0.0,10.505527939102956,0.0,3.375379443761944,0.0,2.985859423728976,0.0,0.786031167734805,0.0,-5.298398394542309,0.0,0.9653528133258832,0.0,""
"2026-09-25 17:10:54","git-master-bddc7a050319718b5e4e0856afec0bc9ea96418f","C:\Users\marco\Desktop\ds004507\derivatives\labels\sub-002\ses-headDown\anat\sub-002_ses-headDown_T2w_seg-manual.nii.gz","775","6","",54.08834549249063,0.0,9.296565430727018,0.0,15.061187918948962,0.0,6.256745609594695,0.0,6.4020412381650775,0.0,10.59089953074215,0.0,3.32889431236196,0.0,2.9278512972327353,0.0,0.7961351778151146,0.0,-4.449189850268532,0.0,0.9696802507369229,0.0,""
"2026-09-25 17:10:54","git-master-bddc7a050319718b5e4e0856afec0bc9ea96418f","C:\Users\marco\Desktop\ds004507\derivatives\labels\sub-002\ses-headDown\anat\sub-002_ses-headDown_T2w_seg-manual.nii.gz","776","6","",53.914415924286914,0.0,9.264049038439303,0.0,15.034327854149865,0.0,6.081527442076463,0.0,6.323330609813692,0.0,10.714251836263275,0.0,3.200165435643366,0.0,2.881362006433097,0.0,0.8072241565899282,0.0,-2.6164845549976303,0.0,0.979919246077093,0.0,""
"2026-09-25 17:10:54","git-master-bddc7a050319718b5e4e0856afec0bc9ea96418f","C:\Users\marco\Desktop\ds004507\derivatives\labels\sub-002\ses-headDown\anat\sub-002_ses-headDown_T2w_seg-manual.nii.gz","777","6","",54.90686320529178,0.0,9.230381827229547,0.0,15.006524188857547,0.0,6.0797525230911065,0.0,6.44335552346563,0.0,10.701364441375913,0.0,3.1395231368228482,0.0,2.9402293862682582,0.0,0.7983888508930916,0.0,-1.5525699773312258,0.0,0.9837002777589036,0.0,""
"2026-09-25 17:10:54","git-master-bddc7a050319718b5e4e0856afec0bc9ea96418f","C:\Users\marco\Desktop\ds004507\derivatives\labels\sub-002\ses-headDown\anat\sub-002_ses-headDown_T2w_seg-manual.nii.gz","778","6","",55.340368357363204,0.0,9.195332544185986,0.0,14.977586966249763,0.0,6.321599169808752,0.0,6.533613164309033,0.0,10.616602952679667,0.0,3.25941166705072,0.0,3.0621875027580323,0.0,0.7880638244784353,0.0,-2.340768506388083,0.0,0.9788308199670411,0.0,""
"2026-09-25 17:10:54","git-master-bddc7a050319718b5e4e0856afec0bc9ea96418f","C:\Users\marco\Desktop\ds004507\derivatives\labels\sub-002\ses-headDown\anat\sub-002_ses-headDown_T2w_seg-manual.nii.gz","779","6","",55.12083968381062,0.0,9.159361314253486,0.0,14.947893393536624,0.0,6.509565057053548,0.0,6.55759783546168,0.0,10.534980314800881,0.0,3.3365887586006115,0.0,3.172976298452937,0.0,0.7826542209379601,0.0,-3.0846042227476222,0.0,0.9707985240188746,0.0,""
"2026-09-25 17:10:54","git-master-bddc7a050319718b5e4e0856afec0bc9ea96418f","C:\Users\marco\Desktop\ds004507\derivatives\labels\sub-002\ses-headDown\anat\sub-002_ses-headDown_T2w_seg-manual.nii.gz","780","6","",54.15480860474459,0.0,9.122467948876574,0.0,14.917443255642004,0.0,6.5715518059561,0.0,6.499833496539658,0.0,10.473514832191793,0.0,3.3166993032357754,0.0,3.2548525027203237,0.0,0.7841295636114642,0.0,-3.357708831794456,0.0,0.9604714415231188,0.0,""
"2026-09-25 17:10:54","git-master-bddc7a050319718b5e4e0856afec0bc9ea96418f","C:\Users\marco\Desktop\ds004507\derivatives\labels\sub-002\ses-headDown\anat\sub-002_ses-headDown_T2w_seg-manual.nii.gz","781","6","",54.496273873427484,0.0,9.083959478942733,0.0,14.88566756122229,0.0,6.228701091806552,0.0,6.351399676458841,0.0,10.733548980132094,0.0,3.1317372455431958,0.0,3.096963846263355,0.0,0.805576543470083,0.0,-1.260160366734575,0.0,0.9757611819042459,0.0,""
"2026-09-25 17:10:54","git-master-bddc7a050319718b5e4e0856afec0bc9ea96418f","C:\Users\marco\Desktop\ds004507\derivatives\labels\sub-002\ses-headDown\anat\sub-002_ses-headDown_T2w_seg-manual.nii.gz","782","6","",54.838196622449956,0.0,9.04452728440949,0.0,14.853133475314737,0.0,6.0821495976321405,0.0,6.2500330080144675,0.0,10.969693906362014,0.0,3.0190032051147226,0.0,3.063146392517418,0.0,0.8215672584614128,0.0,-0.4397788920465561,0.0,0.9799526825627902,0.0,""
"2026-09-25 17:10:54","git-master-bddc7a050319718b5e4e0856afec0bc9ea96418f","C:\Users\marco\Desktop\ds004507\derivatives\labels\sub-002\ses-headDown\anat\sub-002_ses-headDown_T2w_seg-manual.nii.gz","783","6","",55.27405952072307,0.0,9.004171157034499,0.0,14.819840756654173,0.0,6.143358102499711,0.0,6.218636927909152,0.0,11.13820281193338,0.0,3.010537351849901,0.0,3.1328207506498096,0.0,0.8295112614475129,0.0,-0.8518130085598619,0.0,0.9750582486669137,0.0,""
"2026-09-25 17:10:54","git-master-bddc7a050319718b5e4e0856afec0bc9ea96418f","C:\Users\marco\Desktop\ds004507\derivatives\labels\sub-002\ses-headDown\anat\sub-002_ses-headDown_T2w_seg-manual.nii.gz","784","6","",56.27150465297199,0.0,8.962428193306303,0.0,14.78540900317082,0.0,6.567780111731054,0.0,6.395262195474191,0.0,11.008397091250131,0.0,3.302654543878515,0.0,3.265125567852538,0.0,0.8137281843050352,0.0,-2.911089215607734,0.0,0.9655902861961333,0.0,""
"2026-09-25 17:10:54","git-master-bddc7a050319718b5e4e0856afec0bc9ea96418f","C:\Users\marco\Desktop\ds004507\derivatives\labels\sub-002\ses-headDown\anat\sub-002_ses-headDown_T2w_seg-manual.nii.gz","785","6","",56.100908002284925,0.0,8.919528461144623,0.0,14.750026805252165,0.0,6.604872610809978,0.0,6.412509954988525,0.0,10.924368068077067,0.0,3.326907340664969,0.0,3.277965270145009,0.0,0.8095945389010321,0.0,-3.0777452623768946,0.0,0.9647580659672863,0.0,""
"2026-09-25 17:10:54","git-master-bddc7a050319718b5e4e0856afec0bc9ea96418f","C:\Users\marco\Desktop\ds004507\derivatives\labels\sub-002\ses-headDown\anat\sub-002_ses-headDown_T2w_seg-manual.nii.gz","786","6","",55.743772201798606,0.0,8.875702874091829,0.0,14.713883735580396,0.0,6.427481949580027,0.0,6.3265249764240155,0.0,11.00335794154456,0.0,3.2348404279228933,0.0,3.1926415216571336,0.0,0.8173940813254957,0.0,-2.979739209972199,0.0,0.9684397254801765,0.0,""
"2026-09-25 17:10:54","git-master-bddc7a050319718b5e4e0856afec0bc9ea96418f","C:\Users\marco\Desktop\ds004507\derivatives\labels\sub-002\ses-headDown\anat\sub-002_ses-headDown_T2w_seg-manual.nii.gz","787","6","",56.08833030975018,0.0,8.830719418244746,0.0,14.676788930961141,0.0,6.101212897730306,0.0,6.141835660713106,0.0,11.444118359103273,0.0,3.1198386366016555,0.0,2.981374261128651,0.0,0.8433771615826519,0.0,-4.112698069911586,0.0,0.9747703421054766,0.0,""
"2026-09-25 17:10:54","git-master-bddc7a050319718b5e4e0856afec0bc9ea96418f","C:\Users\marco\Desktop\ds004507\derivatives\labels\sub-002\ses-headDown\anat\sub-002_ses-headDown_T2w_seg-manual.nii.gz","788","6","",57.556847031764555,0.0,8.784345166463474,0.0,14.63855044650487,0.0,6.378463836712987,0.0,6.340924542376052,0.0,11.398273352396902,0.0,3.32958695573043,0.0,3.048876880982557,0.0,0.8305097437938962,0.0,-5.032887536778772,0.0,0.973450314498193,0.0,""
"2026-09-25 17:10:54","git-master-bddc7a050319718b5e4e0856afec0bc9ea96418f","C:\Users\marco\Desktop\ds004507\derivatives\labels\sub-002\ses-headDown\anat\sub-002_ses-headDown_T2w_seg-manual.nii.gz","789","6","",58.93261883152644,0.0,8.737043025123038,0.0,14.5995486856644,0.0,6.594237788601502,0.0,6.514925060443189,0.0,11.37765321741946,0.0,3.463107269039931,0.0,3.131130519561571,0.0,0.8198254063660665,0.0,-5.621265383274089,0.0,0.9687405049458534,0.0,""
"2026-09-25 17:10:54","git-master-bddc7a050319718b5e4e0856afec0bc9ea96418f","C:\Users\marco\Desktop\ds004507\derivatives\labels\sub-002\ses-headDown\anat\sub-002_ses-headDown_T2w_seg-manual.nii.gz","790","6","",59.93496215404881,0.0,8.688812763466863,0.0,14.559783374053223,0.0,6.593926870846152,0.0,6.570190383188389,0.0,11.498800783472834,0.0,3.4228235500459543,0.0,3.1711033208001975,0.0,0.8206852867630073,0.0,-5.814509823289621,0.0,0.9612111292962356,0.0,""
"2026-09-25 17:10:54","git-master-bddc7a050319718b5e4e0856afec0bc9ea96418f","C:\Users\marco\Desktop\ds004507\derivatives\labels\sub-002\ses-headDown\anat\sub-002_ses-headDown_T2w_seg-manual.nii.gz","791","6","",59.29914278834205,0.0,8.638956641783377,0.0,14.518679872453436,0.0,6.252928064284629,0.0,6.368244543972612,0.0,11.7433212686343,0.0,3.2945989024714453,0.0,2.9583291618131833,0.0,0.8397228642297967,0.0,-4.468669454927766,0.0,0.9758866794780576,0.0,""
"2026-09-25 17:10:54","git-master-bddc7a050319718b5e4e0856afec0bc9ea96418f","C:\Users\marco\Desktop\ds004507\derivatives\labels\sub-002\ses-headDown\anat\sub-002_ses-headDown_T2w_seg-manual.nii.gz","792","6","",59.97560463880201,0.0,8.588170496429841,0.0,14.476810530588617,0.0,6.252282420677325,0.0,6.395278272483729,0.0,11.837792057399788,0.0,3.3147612036975334,0.0,2.9375212169797917,0.0,0.8413727743180414,0.0,-3.3040658552267477,0.0,0.98040249478428,0.0,""
"2026-09-25 17:10:54","git-master-bddc7a050319718b5e4e0856afec0bc9ea96418f","C:\Users\marco\Desktop\ds004507\derivatives\labels\sub-002\ses-headDown\anat\sub-002_ses-headDown_T2w_seg-manual.nii.gz","793","6","",61.49590650432849,0.0,8.536454082981848,0.0,14.434175050792163,0.0,6.49823462569935,0.0,6.586243153364137,0.0,11.812687699470217,0.0,3.4466467850143747,0.0,3.051587840684976,0.0,0.8300889297416332,0.0,-2.519136745632156,0.0,0.977908499103233,0.0,""
"2026-09-25 17:10:54","git-master-bddc7a050319718b5e4e0856afec0bc9ea96418f","C:\Users\marco\Desktop\ds004507\derivatives\labels\sub-002\ses-headDown\anat\sub-002_ses-headDown_T2w_seg-manual.nii.gz","794","6","",62.17398298750374,0.0,8.483341167482303,0.0,14.390389024598553,0.0,6.6921846892033505,0.0,6.730386893689247,0.0,11.745356095152204,0.0,3.58113077727305,0.0,3.111053911930301,0.0,0.8194470603807604,0.0,-3.1966891177023506,0.0,0.9790744444387669,0.0,""
"2026-09-25 17:10:54","git-master-bddc7a050319718b5e4e0856afec0bc9ea96418f","C:\Users\marco\Desktop\ds004507\derivatives\labels\sub-002\ses-headDown\anat\sub-002_ses-headDown_T2w_seg-manual.nii.gz","795","6","",63.791254245573,0.0,8.429063258763005,0.0,14.345642684264389,0.0,6.763511497748183,0.0,6.869253828867885,0.0,11.795705383741637,0.0,3.5484946666887565,0.0,3.215016831059427,0.0,0.8129352938363771,0.0,-2.6391258612217525,0.0,0.9795491935380483,0.0,""
"2026-09-25 17:10:54","git-master-bddc7a050319718b5e4e0856afec0bc9ea96418f","C:\Users\marco\Desktop\ds004507\derivatives\labels\sub-002\ses-headDown\anat\sub-002_ses-headDown_T2w_seg-manual.nii.gz","796","6","",64.282805599431,0.0,8.373852851828882,0.0,14.300127467923536,0.0,6.676271505877299,0.0,6.872952252896887,0.0,11.853442912207228,0.0,3.422678194115466,0.0,3.253593311761833,0.0,0.8145630090927939,0.0,-2.0631771631182674,0.0,0.9758283661462827,0.0,""
"2026-09-25 17:10:54","git-master-bddc7a050319718b5e4e0856afec0bc9ea96418f","C:\Users\marco\Desktop\ds004507\derivatives\labels\sub-002\ses-headDown\anat\sub-002_ses-headDown_T2w_seg-manual.nii.gz","797","6","",61.02086241786682,0.0,8.317476192577445,0.0,14.253650375706515,0.0,6.315237767926291,0.0,6.544006204198271,0.0,11.81197014745576,0.0,3.231030919412649,0.0,3.084206848513642,0.0,0.8324093260347217,0.0,-2.6763804895083556,0.0,0.9623097937631522,0.0,""
"2026-09-25 17:10:54","git-master-bddc7a050319718b5e4e0856afec0bc9ea96418f","C:\Users\marco\Desktop\ds004507\derivatives\labels\sub-002\ses-headDown\anat\sub-002_ses-headDown_T2w_seg-manual.nii.gz","798","6","",58.60175173167713,0.0,8.259698500760608,0.0,14.206017115945906,0.0,6.1722485411294725,0.0,6.471423019104403,0.0,11.47958544468544,0.0,3.157044767350839,0.0,3.0152037737786332,0.0,0.8256695131632859,0.0,-2.9988004355587456,0.0,0.9776694621555804,0.0,""
"2026-09-25 17:10:54","git-master-bddc7a050319718b5e4e0856afec0bc9ea96418f","C:\Users\marco\Desktop\ds004507\derivatives\labels\sub-002\ses-headDown\anat\sub-002_ses-headDown_T2w_seg-manual.nii.gz","799","6","",58.29592804045996,0.0,8.200986014064844,0.0,14.157612098943858,0.0,6.310044115382459,0.0,6.586815483720459,0.0,11.235136590946858,0.0,3.240497394124774,0.0,3.0695467212576837,0.0,0.8096722930498265,0.0,-3.192212347442001,0.0,0.984997278971399,0.0,""
"2026-09-25 17:10:54","git-master-bddc7a050319718b5e4e0856afec0bc9ea96418f","C:\Users\marco\Desktop\ds004507\derivatives\labels\sub-002\ses-headDown\anat\sub-002_ses-headDown_T2w_seg-manual.nii.gz","800","6","",60.62052423245626,0.0,8.141338474767267,0.0,14.108434998407354,0.0,6.773765088556477,0.0,6.895872622704251,0.0,11.172582633254779,0.0,3.507721476537258,0.0,3.2660436120192182,0.0,0.7867954476833053,0.0,-3.278232076066786,0.0,0.9751985735127249,0.0,""
"2026-09-25 17:10:54","git-master-bddc7a050319718b5e4e0856afec0bc9ea96418f","C:\Users\marco\Desktop\ds004507\derivatives\labels\sub-002\ses-headDown\anat\sub-002_ses-headDown_T2w_seg-manual.nii.gz","801","5","",60.654348670569846,0.0,8.053787472009482,0.0,14.03624845907513,0.0,6.764185250703433,0.0,6.897614337291152,0.0,11.19671790192804,0.0,3.452154315320722,0.0,3.3120309353827104,0.0,0.7877156925905829,0.0,-1.6579431335139787,0.0,0.9672657252888318,0.0,""
"2026-09-25 17:10:54","git-master-bddc7a050319718b5e4e0856afec0bc9ea96418f","C:\Users\marco\Desktop\ds004507\derivatives\labels\sub-002\ses-headDown\anat\sub-002_ses-headDown_T2w_seg-manual.nii.gz","802","5","",60.67588877324154,0.0,7.99760381238603,0.0,13.98992128883899,0.0,6.761270065578232,0.0,6.8803184906871815,0.0,11.230065090741805,0.0,3.4051743714187137,0.0,3.3560956941595186,0.0,0.7903276825751689,0.0,-0.8771872564994055,0.0,0.9567304719203397,0.0,""
"2026-09-25 17:10:54","git-master-bddc7a050319718b5e4e0856afec0bc9ea96418f","C:\Users\marco\Desktop\ds004507\derivatives\labels\sub-002\ses-headDown\anat\sub-002_ses-headDown_T2w_seg-manual.nii.gz","803","5","",60.22685600031141,0.0,7.940833780719521,0.0,13.94310902106474,0.0,6.597229644995538,0.0,6.7909247701432625,0.0,11.31408333378017,0.0,3.30846615704966,0.0,3.2887634879458787,0.0,0.7994017563252004,0.0,-0.3400784237173341,0.0,0.9574145890616491,0.0,""
"2026-09-25 17:10:54","git-master-bddc7a050319718b5e4e0856afec0bc9ea96418f","C:\Users\marco\Desktop\ds004507\derivatives\labels\sub-002\ses-headDown\anat\sub-002_ses-headDown_T2w_seg-manual.nii.gz","804","5","",59.071963913978536,0.0,7.883184190988422,0.0,13.895569106983324,0.0,6.191501371226606,0.0,6.5933842386894215,0.0,11.474108158155433,0.0,3.1371655369800386,0.0,3.054335834246567,0.0,0.8181689557234,0.0,-0.1684401572840155,0.0,0.9749277619676611,0.0,""
"2026-09-25 17:10:54","git-master-bddc7a050319718b5e4e0856afec0bc9ea96418f","C:\Users\marco\Desktop\ds004507\derivatives\labels\sub-002\ses-headDown\anat\sub-002_ses-headDown_T2w_seg-manual.nii.gz","805","5","",58.43401317579525,0.0,7.824360533986186,0.0,13.847057239057868,0.0,6.368053643762162,0.0,6.696411441611521,0.0,11.203346876149286,0.0,3.211419676769627,0.0,3.156633966992535,0.0,0.8003126346034429,0.0,-1.4501889303043907,0.0,0.9715476468477562,0.0,""
"2026-09-25 17:10:54","git-master-bddc7a050319718b5e4e0856afec0bc9ea96418f","C:\Users\marco\Desktop\ds004507\derivatives\labels\sub-002\ses-headDown\anat\sub-002_ses-headDown_T2w_seg-manual.nii.gz","806","5","",58.33216377004192,0.0,7.764949511762878,0.0,13.798058947249183,0.0,6.648622099924498,0.0,6.848296971006485,0.0,10.947362878807956,0.0,3.320244010291242,0.0,3.3283780896332553,0.0,0.7801058256885804,0.0,-2.8461989896910715,0.0,0.9643655516488473,0.0,""
"2026-09-25 17:10:54","git-master-bddc7a050319718b5e4e0856afec0bc9ea96418f","C:\Users\marco\Desktop\ds004507\derivatives\labels\sub-002\ses-headDown\anat\sub-002_ses-headDown_T2w_seg-manual.nii.gz","807","5","",59.85777834585885,0.0,7.7043630959264195,0.0,13.74808691375163,0.0,6.762974744289457,0.0,6.895048071916971,0.0,11.181274126507308,0.0,3.321794358881753,0.0,3.441180385407705,0.0,0.7871205861122537,0.0,-3.2458671550892757,0.0,0.9628688241598392,0.0,""
"2026-09-25 17:10:54","git-master-bddc7a050319718b5e4e0856afec0bc9ea96418f","C:\Users\marco\Desktop\ds004507\derivatives\labels\sub-002\ses-headDown\anat\sub-002_ses-headDown_T2w_seg-manual.nii.gz","808","5","",59.79369813107276,0.0,7.642894139503533,0.0,13.697383212178341,0.0,6.7800109421595645,0.0,6.849055269449302,0.0,11.255612618445621,0.0,3.301950612727981,0.0,3.478060329431584,0.0,0.7935262017733892,0.0,-3.3611705062625705,0.0,0.9601250984839534,0.0,""
"2026-09-25 17:10:54","git-master-bddc7a050319718b5e4e0856afec0bc9ea96418f","C:\Users\marco\Desktop\ds004507\derivatives\labels\sub-002\ses-headDown\anat\sub-002_ses-headDown_T2w_seg-manual.nii.gz","809","5","",58.66982138921799,0.0,7.580836822689695,0.0,13.646191731887898,0.0,6.732169509033103,0.0,6.7412331980628615,0.0,11.223569273209911,0.0,3.267844136744687,0.0,3.4643253722884157,0.0,0.7995257209261661,0.0,-3.2868973146192584,0.0,0.9565500406834825,0.0,""
"2026-09-25 17:10:54","git-master-bddc7a050319718b5e4e0856afec0bc9ea96418f","C:\Users\marco\Desktop\ds004507\derivatives\labels\sub-002\ses-headDown\anat\sub-002_ses-headDown_T2w_seg-manual.nii.gz","810","5","",59.29595133738522,0.0,7.517306947903196,0.0,13.593778501767103,0.0,6.363017060419626,0.0,6.592892587395407,0.0,11.568373485451655,0.0,3.0955104643464537,0.0,3.267506596073172,0.0,0.8208359715701846,0.0,-2.1820668750028425,0.0,0.97189831388453,0.0,""
"2026-09-25 17:10:54","git-master-bddc7a050319718b5e4e0856afec0bc9ea96418f","C:\Users\marco\Desktop\ds004507\derivatives\labels\sub-002\ses-headDown\anat\sub-002_ses-headDown_T2w_seg-manual.nii.gz","811","5","",59.68489412397022,0.0,7.453187389150239,0.0,13.540875637785202,0.0,6.141937829974634,0.0,6.518747396240374,0.0,11.78723551995439,0.0,2.974065478615262,0.0,3.1678723513593727,0.0,0.8331585308329876,0.0,-1.4796094963142965,0.0,0.9815579974163688,0.0,""
"2026-09-25 17:10:54","git-master-bddc7a050319718b5e4e0856afec0bc9ea96418f","C:\Users\marco\Desktop\ds004507\derivatives\labels\sub-002\ses-headDown\anat\sub-002_ses-headDown_T2w_seg-manual.nii.gz","812","5","",59.71805616818186,0.0,7.388183304447594,0.0,13.487238323011647,0.0,6.142968426782374,0.0,6.555895334353973,0.0,11.817184287848606,0.0,2.9289535228846333,0.0,3.2140149038977404,0.0,0.831999553023967,0.0,-1.3807117090175578,0.0,0.9826847964443948,0.0,""
"2026-09-25 17:10:54","git-master-bddc7a050319718b5e4e0856afec0bc9ea96418f","C:\Users\marco\Desktop\ds004507\derivatives\labels\sub-002\ses-headDown\anat\sub-002_ses-headDown_T2w_seg-manual.nii.gz","813","5","",60.20948603983702,0.0,7.321998536837715,0.0,13.432619848527732,0.0,6.295422740120116,0.0,6.58581251121776,0.0,11.832016770658923,0.0,3.0845931729332468,0.0,3.210829567186869,0.0,0.8307731017099123,0.0,-1.6184468807735286,0.0,0.9652253147377023,0.0,""
"2026-09-25 17:10:54","git-master-bddc7a050319718b5e4e0856afec0bc9ea96418f","C:\Users\marco\Desktop\ds004507\derivatives\labels\sub-002\ses-headDown\anat\sub-002_ses-headDown_T2w_seg-manual.nii.gz","814","5","",60.93325177980586,0.0,7.255223101328192,0.0,13.377510315493968,0.0,6.495235212329167,0.0,6.630041655717248,0.0,11.848553927059026,0.0,3.2747816236390617,0.0,3.2204535886901056,0.0,0.8287773431176151,0.0,-2.063261111939412,0.0,0.9477084388008178,0.0,""
"2026-09-25 17:10:54","git-master-bddc7a050319718b5e4e0856afec0bc9ea96418f","C:\Users\marco\Desktop\ds004507\derivatives\labels\sub-002\ses-headDown\anat\sub-002_ses-headDown_T2w_seg-manual.nii.gz","815","5","",62.128093165585874,0.0,7.1872656771273205,0.0,13.321417707971156,0.0,6.733056603493453,0.0,6.738749432009351,0.0,11.887026062902164,0.0,3.402413671194438,0.0,3.3306429322990145,0.0,0.8237718289173824,0.0,-2.999758621692238,0.0,0.9485482666778831,0.0,""
"2026-09-25 17:10:54","git-master-bddc7a050319718b5e4e0856afec0bc9ea96418f","C:\Users\marco\Desktop\ds004507\derivatives\labels\sub-002\ses-headDown\anat\sub-002_ses-headDown_T2w_seg-manual.nii.gz","816","5","",62.06608556384473,0.0,7.118420790973129,0.0,13.264586342441431,0.0,6.746411429821889,0.0,6.73664438447009,0.0,11.878201552419844,0.0,3.3920964237837787,0.0,3.354315006038111,0.0,0.8236145617179818,0.0,-3.047586294771803,0.0,0.950059611220583,0.0,""
"2026-09-25 17:10:54","git-master-bddc7a050319718b5e4e0856afec0bc9ea96418f","C:\Users\marco\Desktop\ds004507\derivatives\labels\sub-002\ses-headDown\anat\sub-002_ses-headDown_T2w_seg-manual.nii.gz","817","5","",61.16617863708947,0.0,7.048984263516724,0.0,13.207262471573765,0.0,6.610121879593094,0.0,6.660664121043252,0.0,11.837845944387217,0.0,3.289812979729095,0.0,3.3203088998639987,0.0,0.8266894591858024,0.0,-2.5029674100691928,0.0,0.9520186335403726,0.0,""
"2026-09-25 17:10:54","git-master-bddc7a050319718b5e4e0856afec0bc9ea96418f","C:\Users\marco\Desktop\ds004507\derivatives\labels\sub-002\ses-headDown\anat\sub-002_ses-headDown_T2w_seg-manual.nii.gz","818","5","",61.989892926478284,0.0,6.97806703369278,0.0,13.14870489214978,0.0,6.514108681903755,0.0,6.670181666318089,0.0,11.990604196914044,0.0,3.2367693835804885,0.0,3.2773392983232665,0.0,0.8309388826009504,0.0,-3.019248661892837,0.0,0.9521998794366919,0.0,""
"2026-09-25 17:10:54","git-master-bddc7a050319718b5e4e0856afec0bc9ea96418f","C:\Users\marco\Desktop\ds004507\derivatives\labels\sub-002\ses-headDown\anat\sub-002_ses-headDown_T2w_seg-manual.nii.gz","819","5","",63.67856178984594,0.0,6.906556892000948,0.0,13.08965284196254,0.0,6.55245539386434,0.0,6.7864575114860655,0.0,12.103513868673202,0.0,3.2835297246006965,0.0,3.268925669263645,0.0,0.8278703410519709,0.0,-3.722078494120564,0.0,0.9567677125159209,0.0,""
"2026-09-25 17:10:54","git-master-bddc7a050319718b5e4e0856afec0bc9ea96418f","C:\Users\marco\Desktop\ds004507\derivatives\labels\sub-002\ses-headDown\anat\sub-002_ses-headDown_T2w_seg-manual.nii.gz","820","5","",66.66466251418188,0.0,6.834157382507283,0.0,13.02985908563042,0.0,6.792341970299815,0.0,7.062870806493751,0.0,12.156650669280857,0.0,3.479995971374127,0.0,3.312345998925688,0.0,0.8138248520568,0.0,-4.704731196954416,0.0,0.9679154263695139,0.0,""
"2026-09-25 17:10:54","git-master-bddc7a050319718b5e4e0856afec0bc9ea96418f","C:\Users\marco\Desktop\ds004507\derivatives\labels\sub-002\ses-headDown\anat\sub-002_ses-headDown_T2w_seg-manual.nii.gz","821","5","",67.52113614567574,0.0,6.760570807780681,0.0,12.969074396093054,0.0,6.815664309126999,0.0,7.057152391788573,0.0,12.28757362166367,0.0,3.436727285624346,0.0,3.3789370235026523,0.0,0.818447193715923,0.0,-4.599253359822191,0.0,0.9671924446783938,0.0,""
"2026-09-25 17:10:54","git-master-bddc7a050319718b5e4e0856afec0bc9ea96418f","C:\Users\marco\Desktop\ds004507\derivatives\labels\sub-002\ses-headDown\anat\sub-002_ses-headDown_T2w_seg-manual.nii.gz","822","5","",67.66746437651341,0.0,6.686390395891797,0.0,12.907793738174252,0.0,6.791968099267641,0.0,6.985152591264098,0.0,12.40119136087813,0.0,3.3450646384817344,0.0,3.4469034607859075,0.0,0.8262759385340028,0.0,-4.134952887206378,0.0,0.9652707380337707,0.0,""
"2026-09-25 17:10:54","git-master-bddc7a050319718b5e4e0856afec0bc9ea96418f","C:\Users\marco\Desktop\ds004507\derivatives\labels\sub-002\ses-headDown\anat\sub-002_ses-headDown_T2w_seg-manual.nii.gz","823","5","",67.1028380975684,0.0,6.611021700586723,0.0,12.84552013993494,0.0,6.796761932270418,0.0,6.9301589571753075,0.0,12.367802095644011,0.0,3.2995610782910156,0.0,3.4972008539794035,0.0,0.8282624653336157,0.0,-3.3234924126223135,0.0,0.9704248271198493,0.0,""
"2026-09-25 17:10:54","git-master-bddc7a050319718b5e4e0856afec0bc9ea96418f","C:\Users\marco\Desktop\ds004507\derivatives\labels\sub-002\ses-headDown\anat\sub-002_ses-headDown_T2w_seg-manual.nii.gz","824","5","",65.46996093032301,0.0,6.5347608988491555,0.0,12.782500320746832,0.0,6.731102764309094,0.0,6.876368726709213,0.0,12.16241889686103,0.0,3.2551183275465494,0.0,3.4759844367625448,0.0,0.824655790506725,0.0,-2.9895464082231684,0.0,0.9701448402034724,0.0,""
"2026-09-25 17:10:54","git-master-bddc7a050319718b5e4e0856afec0bc9ea96418f","C:\Users\marco\Desktop\ds004507\derivatives\labels\sub-002\ses-headDown\anat\sub-002_ses-headDown_T2w_seg-manual.nii.gz","825","5","",63.12491650421072,0.0,6.457905359489925,0.0,12.71898302092619,0.0,6.618474929038368,0.0,6.8233807653249166,0.0,11.842373075712143,0.0,3.2113827830995847,0.0,3.4070921459387833,0.0,0.8173203145954987,0.0,-2.9739433839473053,0.0,0.9662421359521252,0.0,""
"2026-09-25 17:10:54","git-master-bddc7a050319718b5e4e0856afec0bc9ea96418f","C:\Users\marco\Desktop\ds004507\derivatives\labels\sub-002\ses-headDown\anat\sub-002_ses-headDown_T2w_seg-manual.nii.gz","826","5","",61.66737893310915,0.0,6.3795615231318115,0.0,12.65421947812503,0.0,6.329872061671421,0.0,6.632851804000053,0.0,11.853882465280517,0.0,3.1082257470498846,0.0,3.221646314621536,0.0,0.8286429425376908,0.0,-3.4041010527599544,0.0,0.9733346301473603,0.0,""
"2026-09-25 17:10:54","git-master-bddc7a050319718b5e4e0856afec0bc9ea96418f","C:\Users\marco\Desktop\ds004507\derivatives\labels\sub-002\ses-headDown\anat\sub-002_ses-headDown_T2w_seg-manual.nii.gz","827","5","",60.80318407276039,0.0,6.300621803126141,0.0,12.588956416335835,0.0,6.171644369517057,0.0,6.534842105063944,0.0,11.827391883903891,0.0,3.0414754936940236,0.0,3.1301688758230335,0.0,0.8334618980044864,0.0,-4.227759187523126,0.0,0.9732884416437435,0.0,""
"2026-09-25 17:10:54","git-master-bddc7a050319718b5e4e0856afec0bc9ea96418f","C:\Users\marco\Desktop\ds004507\derivatives\labels\sub-002\ses-headDown\anat\sub-002_ses-headDown_T2w_seg-manual.nii.gz","828","5","",60.82900327854084,0.0,6.220788257649138,0.0,12.52294407606459,0.0,6.20897944018157,0.0,6.5756112997109675,0.0,11.74390134610976,0.0,3.0293354143789224,0.0,3.1796440258026477,0.0,0.8285253447581876,0.0,-5.641668021212082,0.0,0.9625342290918486,0.0,""
"2026-09-25 17:10:54","git-master-bddc7a050319718b5e4e0856afec0bc9ea96418f","C:\Users\marco\Desktop\ds004507\derivatives\labels\sub-002\ses-headDown\anat\sub-002_ses-headDown_T2w_seg-manual.nii.gz","829","5","",60.61713920076713,0.0,6.139761851102446,0.0,12.455930645504589,0.0,6.423713789259577,0.0,6.623063999143143,0.0,11.578295492662182,0.0,3.1611632482834353,0.0,3.262550540976142,0.0,0.8200355459629115,0.0,-5.938203010043762,0.0,0.9610417256113554,0.0,""
"2026-09-25 17:10:54","git-master-bddc7a050319718b5e4e0856afec0bc9ea96418f","C:\Users\marco\Desktop\ds004507\derivatives\labels\sub-002\ses-headDown\anat\sub-002_ses-headDown_T2w_seg-manual.nii.gz","830","5","",60.58375595066042,0.0,6.058138750391341,0.0,12.388416154991964,0.0,6.65846362888547,0.0,6.682164055579016,0.0,11.43522556965972,0.0,3.3006499656786223,0.0,3.3578136632068474,0.0,0.811492573728542,0.0,-5.76617030745608,0.0,0.9630407921364765,0.0,""
"2026-09-25 17:10:54","git-master-bddc7a050319718b5e4e0856afec0bc9ea96418f","C:\Users\marco\Desktop\ds004507\derivatives\labels\sub-002\ses-headDown\anat\sub-002_ses-headDown_T2w_seg-manual.nii.gz","831","5","",61.50197929477593,0.0,5.975321734092265,0.0,12.3198985149576,0.0,6.795876152289404,0.0,6.781170035244533,0.0,11.464414684091174,0.0,3.326804303816889,0.0,3.4690718484725145,0.0,0.8062901532867767,0.0,-4.837240684048244,0.0,0.9697444296126533,0.0,""
"2026-09-25 17:10:54","git-master-bddc7a050319718b5e4e0856afec0bc9ea96418f","C:\Users\marco\Desktop\ds004507\derivatives\labels\sub-002\ses-headDown\anat\sub-002_ses-headDown_T2w_seg-manual.nii.gz","832","5","",60.992266336553605,0.0,5.89160852221171,0.0,12.25062696455522,0.0,6.813866886740782,0.0,6.808266776029664,0.0,11.307639720961838,0.0,3.30891650193607,0.0,3.504950384804712,0.0,0.7981721386625511,0.0,-3.4032447445401175,0.0,0.9720946851160938,0.0,""
"2026-09-25 17:10:54","git-master-bddc7a050319718b5e4e0856afec0bc9ea96418f","C:\Users\marco\Desktop\ds004507\derivatives\labels\sub-002\ses-headDown\anat\sub-002_ses-headDown_T2w_seg-manual.nii.gz","833","5","",59.530595843439386,0.0,5.807297846610168,0.0,12.180852807240827,0.0,6.75224309522379,0.0,6.787424024227872,0.0,11.026888706125305,0.0,3.26166727337586,0.0,3.49057582184793,0.0,0.7881103945833521,0.0,-1.6325379276317942,0.0,0.9715426859710434,0.0,""
"2026-09-25 17:10:54","git-master-bddc7a050319718b5e4e0856afec0bc9ea96418f","C:\Users\marco\Desktop\ds004507\derivatives\labels\sub-002\ses-headDown\anat\sub-002_ses-headDown_T2w_seg-manual.nii.gz","834","4","",60.04821502608215,0.0,5.670008979346163,0.0,12.067199592950422,0.0,6.743069285947076,0.0,6.813949064024327,0.0,11.259681700557893,0.0,3.096817893599635,0.0,3.6462513923474407,0.0,0.7961011653496022,0.0,-0.42825918145507297,0.0,0.9731819677525502,0.0,""
"2026-09-25 17:10:54","git-master-bddc7a050319718b5e4e0856afec0bc9ea96418f","C:\Users\marco\Desktop\ds004507\derivatives\labels\sub-002\ses-headDown\anat\sub-002_ses-headDown_T2w_seg-manual.nii.gz","835","4","",57.75874286401664,0.0,5.573007253245146,0.0,11.986871874724935,0.0,6.348000660599844,0.0,6.5306253799478995,0.0,11.242514805862179,0.0,2.918185831693101,0.0,3.429814828906743,0.0,0.8137524448324054,0.0,-2.3014599750649167,0.0,0.9572077889769222,0.0,""
"2026-09-25 17:10:54","git-master-bddc7a050319718b5e4e0856afec0bc9ea96418f","C:\Users\marco\Desktop\ds004507\derivatives\labels\sub-002\ses-headDown\anat\sub-002_ses-headDown_T2w_seg-manual.nii.gz","836","4","",57.323198043953894,0.0,5.475905600645627,0.0,11.906327724506431,0.0,6.4168941884885555,0.0,6.515733295849993,0.0,11.145343671440415,0.0,3.035293019960997,0.0,3.3816011685275584,0.0,0.8108607535722532,0.0,-3.636536674724951,0.0,0.9549575593900945,0.0,""
"2026-09-25 17:10:54","git-master-bddc7a050319718b5e4e0856afec0bc9ea96418f","C:\Users\marco\Desktop\ds004507\derivatives\labels\sub-002\ses-headDown\anat\sub-002_ses-headDown_T2w_seg-manual.nii.gz","837","4","",58.42397897985882,0.0,5.378882413717796,0.0,11.82568940764758,0.0,6.80145366028765,0.0,6.707116190942764,0.0,11.016535017869682,0.0,3.3298470178794077,0.0,3.4716066424082412,0.0,0.7933039074903687,0.0,-4.2472551299761125,0.0,0.9630220978884438,0.0,""
"2026-09-25 17:10:54","git-master-bddc7a050319718b5e4e0856afec0bc9ea96418f","C:\Users\marco\Desktop\ds004507\derivatives\labels\sub-002\ses-headDown\anat\sub-002_ses-headDown_T2w_seg-manual.nii.gz","838","4","",60.10899601274873,0.0,5.283010408683235,0.0,11.745607595957383,0.0,6.82759098068911,0.0,6.8645049526052,0.0,11.116694700389925,0.0,3.221656226039399,0.0,3.6059347546497116,0.0,0.7865692336632852,0.0,-2.6466329056539544,0.0,0.967652180828336,0.0,""
"2026-09-25 17:10:54","git-master-bddc7a050319718b5e4e0856afec0bc9ea96418f","C:\Users\marco\Desktop\ds004507\derivatives\labels\sub-002\ses-headDown\anat\sub-002_ses-headDown_T2w_seg-manual.nii.gz","839","4","",60.44109261762759,0.0,5.188029929382861,0.0,11.665957394507496,0.0,6.837188839459956,0.0,6.955089400667111,0.0,11.107524552859715,0.0,3.1550063303989,0.0,3.6821825090610565,0.0,0.7796329089944416,0.0,-1.7673401923035024,0.0,0.9718272944375885,0.0,""
"2026-09-25 17:10:54","git-master-bddc7a050319718b5e4e0856afec0bc9ea96418f","C:\Users\marco\Desktop\ds004507\derivatives\labels\sub-002\ses-headDown\anat\sub-002_ses-headDown_T2w_seg-manual.nii.gz","840","4","",60.21594699444564,0.0,5.093784318035131,0.0,11.58666318565223,0.0,6.8062908713676356,0.0,6.978352188940576,0.0,11.113308327730303,0.0,3.091931481466651,0.0,3.714359389900985,0.0,0.7780620632911243,0.0,-0.9150374765468043,0.0,0.9705635157024046,0.0,""
"2026-09-25 17:10:54","git-master-bddc7a050319718b5e4e0856afec0bc9ea96418f","C:\Users\marco\Desktop\ds004507\derivatives\labels\sub-002\ses-headDown\anat\sub-002_ses-headDown_T2w_seg-manual.nii.gz","841","4","",60.24231769865625,0.0,5.000537240384536,0.0,11.507853102792405,0.0,6.671803159069934,0.0,6.887981247367095,0.0,11.32936907420017,0.0,2.9782735331661616,0.0,3.693529625903772,0.0,0.7937824002722438,0.0,0.9267193220031973,0.0,0.9527545713888306,0.0,""
"2026-09-25 17:10:54","git-master-bddc7a050319718b5e4e0856afec0bc9ea96418f","C:\Users\marco\Desktop\ds004507\derivatives\labels\sub-002\ses-headDown\anat\sub-002_ses-headDown_T2w_seg-manual.nii.gz","842","4","",62.66039656622961,0.0,4.908343396812853,0.0,11.429554422686024,0.0,6.769286310081587,0.0,6.968872776787995,0.0,11.570556866525385,0.0,3.190069164772531,0.0,3.579217145309057,0.0,0.7982540278382967,0.0,2.219806681580276,0.0,0.9565234920679918,0.0,""
"2026-09-25 17:10:54","git-master-bddc7a050319718b5e4e0856afec0bc9ea96418f","C:\Users\marco\Desktop\ds004507\derivatives\labels\sub-002\ses-headDown\anat\sub-002_ses-headDown_T2w_seg-manual.nii.gz","843","4","",65.19871774681799,0.0,4.8168877440256965,0.0,11.351614518137517,0.0,6.868698699421833,0.0,7.086631354893102,0.0,11.775695708070915,0.0,3.3600806920930926,0.0,3.5086180073287405,0.0,0.7986513150370842,0.0,2.8186214275190387,0.0,0.9662095476215885,0.0,""
"2026-09-25 17:10:54","git-master-bddc7a050319718b5e4e0856afec0bc9ea96418f","C:\Users\marco\Desktop\ds004507\derivatives\labels\sub-002\ses-headDown\anat\sub-002_ses-headDown_T2w_seg-manual.nii.gz","844","4","",66.8878216334941,0.0,4.72627632637596,0.0,11.27408514669036,0.0,6.86844268431986,0.0,7.19381469910596,0.0,11.905579950072408,0.0,3.3111633318358367,0.0,3.557279352484023,0.0,0.7968047568785401,0.0,2.427026833199867,0.0,0.9768247918440774,0.0,""
"2026-09-25 17:10:54","git-master-bddc7a050319718b5e4e0856afec0bc9ea96418f","C:\Users\marco\Desktop\ds004507\derivatives\labels\sub-002\ses-headDown\anat\sub-002_ses-headDown_T2w_seg-manual.nii.gz","845","4","",66.43581289015553,0.0,4.636880769007533,0.0,11.197147907347375,0.0,6.86725747200495,0.0,7.160176965300482,0.0,11.910351330981777,0.0,3.2633152015130356,0.0,3.6039422704919146,0.0,0.7991139611453894,0.0,1.616744372878561,0.0,0.9702520697445203,0.0,""
"2026-09-25 17:10:54","git-master-bddc7a050319718b5e4e0856afec0bc9ea96418f","C:\Users\marco\Desktop\ds004507\derivatives\labels\sub-002\ses-headDown\anat\sub-002_ses-headDown_T2w_seg-manual.nii.gz","846","4","",65.9566831673466,0.0,4.548226436967675,0.0,11.120572115577618,0.0,6.859048422308584,0.0,7.11874386965452,0.0,11.925001863382606,0.0,3.214654231745343,0.0,3.644394190563241,0.0,0.8022552853706351,0.0,0.4506966874185083,0.0,0.9667519038093451,0.0,""
"2026-09-25 17:10:54","git-master-bddc7a050319718b5e4e0856afec0bc9ea96418f","C:\Users\marco\Desktop\ds004507\derivatives\labels\sub-002\ses-headDown\anat\sub-002_ses-headDown_T2w_seg-manual.nii.gz","847","4","",65.61241854365589,0.0,4.460313610390476,0.0,11.044358024619992,0.0,6.842905014085648,0.0,7.0802302716803664,0.0,11.95713555837229,0.0,3.1678421309610143,0.0,3.6750628831246335,0.0,0.8058397138706698,0.0,-0.9731238822143754,0.0,0.9681367488986008,0.0,""
"2026-09-25 17:10:54","git-master-bddc7a050319718b5e4e0856afec0bc9ea96418f","C:\Users\marco\Desktop\ds004507\derivatives\labels\sub-002\ses-headDown\anat\sub-002_ses-headDown_T2w_seg-manual.nii.gz","848","4","",64.36928538412852,0.0,4.373673957879812,0.0,10.968765849702605,0.0,6.816855979444107,0.0,6.996085936249437,0.0,11.869143356856084,0.0,3.1889541007616398,0.0,3.627901878682467,0.0,0.8078191628351727,0.0,-0.2801964719578768,0.0,0.9680156483547717,0.0,""
"2026-09-25 17:10:54","git-master-bddc7a050319718b5e4e0856afec0bc9ea96418f","C:\Users\marco\Desktop\ds004507\derivatives\labels\sub-002\ses-headDown\anat\sub-002_ses-headDown_T2w_seg-manual.nii.gz","849","4","",63.50296681484831,0.0,4.287831341907418,0.0,10.893563598864482,0.0,6.80889173581945,0.0,6.985441735355029,0.0,11.758523373485987,0.0,3.201266819960247,0.0,3.607624915859202,0.0,0.8043264120212384,0.0,-1.6987216273492916,0.0,0.9555384660066513,0.0,""
"2026-09-25 17:10:54","git-master-bddc7a050319718b5e4e0856afec0bc9ea96418f","C:\Users\marco\Desktop\ds004507\derivatives\labels\sub-002\ses-headDown\anat\sub-002_ses-headDown_T2w_seg-manual.nii.gz","850","4","",63.04460736561715,0.0,4.202732959033526,0.0,10.818725597994693,0.0,6.820605400324219,0.0,7.0259836421585495,0.0,11.64583068273833,0.0,3.231921113959313,0.0,3.5886842863649058,0.0,0.7974974251171516,0.0,-3.9689952099202914,0.0,0.9391785061796469,0.0,""
"2026-09-25 17:10:54","git-master-bddc7a050319718b5e4e0856afec0bc9ea96418f","C:\Users\marco\Desktop\ds004507\derivatives\labels\sub-002\ses-headDown\anat\sub-002_ses-headDown_T2w_seg-manual.nii.gz","851","4","",63.40918223077847,0.0,4.118752172042837,0.0,10.744435175181206,0.0,6.872331313949374,0.0,7.078002143498373,0.0,11.601453514747076,0.0,3.3896660527678413,0.0,3.4826652611815327,0.0,0.7923058979642934,0.0,-3.320864055416464,0.0,0.9456802509035206,0.0,""
"2026-09-25 17:10:54","git-master-bddc7a050319718b5e4e0856afec0bc9ea96418f","C:\Users\marco\Desktop\ds004507\derivatives\labels\sub-002\ses-headDown\anat\sub-002_ses-headDown_T2w_seg-manual.nii.gz","852","4","",64.48512887352844,0.0,4.035730753954949,0.0,10.670615520862448,0.0,6.888690987201599,0.0,7.112283995364656,0.0,11.771962061389253,0.0,3.3532337060904043,0.0,3.5354572811111944,0.0,0.7967045376940566,0.0,-1.877329600673475,0.0,0.9510559493603996,0.0,""
"2026-09-25 17:10:54","git-master-bddc7a050319718b5e4e0856afec0bc9ea96418f","C:\Users\marco\Desktop\ds004507\derivatives\labels\sub-002\ses-headDown\anat\sub-002_ses-headDown_T2w_seg-manual.nii.gz","853","4","",65.35875921378866,0.0,3.9534560427301093,0.0,10.597162559719477,0.0,6.89058369693758,0.0,7.124111771888756,0.0,11.929588451219772,0.0,3.2779002691915586,0.0,3.612683427746022,0.0,0.8021017617501622,0.0,-0.5385068068909638,0.0,0.956068830889555,0.0,""
"2026-09-25 17:10:54","git-master-bddc7a050319718b5e4e0856afec0bc9ea96418f","C:\Users\marco\Desktop\ds004507\derivatives\labels\sub-002\ses-headDown\anat\sub-002_ses-headDown_T2w_seg-manual.nii.gz","854","4","",65.00077585577232,0.0,3.872142065964594,0.0,10.52418175539093,0.0,6.8906418837190095,0.0,7.09593714700649,0.0,11.839203580329736,0.0,3.2967127429236265,0.0,3.5939291407953835,0.0,0.8004766071913846,0.0,-0.264345870103127,0.0,0.961274800871559,0.0,""
"2026-09-25 17:10:54","git-master-bddc7a050319718b5e4e0856afec0bc9ea96418f","C:\Users\marco\Desktop\ds004507\derivatives\labels\sub-002\ses-headDown\anat\sub-002_ses-headDown_T2w_seg-manual.nii.gz","855","4","",63.51831609669078,0.0,3.7919504667168416,0.0,10.451753388584514,0.0,6.8795915636156915,0.0,7.025927632012757,0.0,11.639369665874423,0.0,3.2514616951762303,0.0,3.628129868439461,0.0,0.797215739623685,0.0,-0.5661703780039853,0.0,0.966705215575447,0.0,""
"2026-09-25 17:10:54","git-master-bddc7a050319718b5e4e0856afec0bc9ea96418f","C:\Users\marco\Desktop\ds004507\derivatives\labels\sub-002\ses-headDown\anat\sub-002_ses-headDown_T2w_seg-manual.nii.gz","856","4","",62.37484793289097,0.0,3.712507809773569,0.0,10.37969405462836,0.0,6.920109267308236,0.0,6.982153522138321,0.0,11.492824394706489,0.0,3.2709071678114268,0.0,3.6492020994968097,0.0,0.7942970633378276,0.0,-1.460777915475397,0.0,0.963430879988276,0.0,""
"2026-09-25 17:10:54","git-master-bddc7a050319718b5e4e0856afec0bc9ea96418f","C:\Users\marco\Desktop\ds004507\derivatives\labels\sub-002\ses-headDown\anat\sub-002_ses-headDown_T2w_seg-manual.nii.gz","857","4","",62.06114613374667,0.0,3.6338678869962266,0.0,10.308030430655561,0.0,7.041152865804504,0.0,6.989685345688964,0.0,11.457483243773988,0.0,3.405701284300358,0.0,3.635451581504146,0.0,0.7923590205487109,0.0,-3.0799927273915766,0.0,0.9470352919011213,0.0,""
"2026-09-25 17:10:54","git-master-bddc7a050319718b5e4e0856afec0bc9ea96418f","C:\Users\marco\Desktop\ds004507\derivatives\labels\sub-002\ses-headDown\anat\sub-002_ses-headDown_T2w_seg-manual.nii.gz","858","4","",62.38824779001163,0.0,3.5565139184569956,0.0,10.237001685921665,0.0,7.1578256423898665,0.0,7.125062135303768,0.0,11.286701548779988,0.0,3.472784959937708,0.0,3.685040682452158,0.0,0.7751851712902683,0.0,-2.8361927850365736,0.0,0.9446857789939781,0.0,""
"2026-09-25 17:10:54","git-master-bddc7a050319718b5e4e0856afec0bc9ea96418f","C:\Users\marco\Desktop\ds004507\derivatives\labels\sub-002\ses-headDown\anat\sub-002_ses-headDown_T2w_seg-manual.nii.gz","859","4","",61.87268039739661,0.0,3.479910904594215,0.0,10.166344212649284,0.0,7.0970506178361354,0.0,7.140057375684799,0.0,11.15043831451443,0.0,3.49843124648369,0.0,3.5986193713524455,0.0,0.7680986248132102,0.0,-2.7303516093487223,0.0,0.9517878564804183,0.0,""
"2026-09-25 17:10:54","git-master-bddc7a050319718b5e4e0856afec0bc9ea96418f","C:\Users\marco\Desktop\ds004507\derivatives\labels\sub-002\ses-headDown\anat\sub-002_ses-headDown_T2w_seg-manual.nii.gz","860","4","",60.76854500287885,0.0,3.404059027324575,0.0,10.096058221461577,0.0,6.890644135852703,0.0,7.049850652340346,0.0,11.072605596514839,0.0,3.4795425446172636,0.0,3.4111015912354397,0.0,0.7711037986424738,0.0,-2.6401656273896963,0.0,0.9661599473596508,0.0,""
"2026-09-25 17:10:54","git-master-bddc7a050319718b5e4e0856afec0bc9ea96418f","C:\Users\marco\Desktop\ds004507\derivatives\labels\sub-002\ses-headDown\anat\sub-002_ses-headDown_T2w_seg-manual.nii.gz","861","4","",62.12456594140586,0.0,3.329442335608278,0.0,10.026383896858047,0.0,6.891219303520557,0.0,7.084264603778155,0.0,11.240390684121612,0.0,3.3584264498321605,0.0,3.5327928536883952,0.0,0.7763442428383065,0.0,-0.4415032473794369,0.0,0.9700176120998866,0.0,""
"2026-09-25 17:10:54","git-master-bddc7a050319718b5e4e0856afec0bc9ea96418f","C:\Users\marco\Desktop\ds004507\derivatives\labels\sub-002\ses-headDown\anat\sub-002_ses-headDown_T2w_seg-manual.nii.gz","862","4","",61.76778493775828,0.0,3.2556858102296,0.0,9.957136172178776,0.0,6.856198482428532,0.0,7.066428271647328,0.0,11.201216247557458,0.0,3.2825083418388328,0.0,3.5736901405896986,0.0,0.7758568311582182,0.0,-0.8124742132722738,0.0,0.969727186393853,0.0,""
"2026-09-25 17:10:54","git-master-bddc7a050319718b5e4e0856afec0bc9ea96418f","C:\Users\marco\Desktop\ds004507\derivatives\labels\sub-002\ses-headDown\anat\sub-002_ses-headDown_T2w_seg-manual.nii.gz","863","4","",60.71503189831109,0.0,3.1826821995303796,0.0,9.888262056852078,0.0,6.811389583269041,0.0,7.019134824772034,0.0,11.097344045361822,0.0,3.2332411495852815,0.0,3.5781484336837592,0.0,0.7745099779489053,0.0,-2.6548552192559383,0.0,0.9662784244145426,0.0,""
"2026-09-25 17:10:54","git-master-bddc7a050319718b5e4e0856afec0bc9ea96418f","C:\Users\marco\Desktop\ds004507\derivatives\labels\sub-002\ses-headDown\anat\sub-002_ses-headDown_T2w_seg-manual.nii.gz","864","4","",60.73219508555836,0.0,3.110754873289344,0.0,9.81992252910607,0.0,6.807519346549406,0.0,6.971576056948295,0.0,11.200339710024828,0.0,3.1888821500093427,0.0,3.618637196540063,0.0,0.7826130343435161,0.0,-4.601201357320954,0.0,0.9595295208462299,0.0,""
"2026-09-25 17:10:54","git-master-bddc7a050319718b5e4e0856afec0bc9ea96418f","C:\Users\marco\Desktop\ds004507\derivatives\labels\sub-002\ses-headDown\anat\sub-002_ses-headDown_T2w_seg-manual.nii.gz","865","4","",60.74899937336026,0.0,3.039850987681115,0.0,9.752092103852933,0.0,6.660569286774316,0.0,6.896543125454004,0.0,11.281002192922918,0.0,3.242886537925345,0.0,3.417682748848971,0.0,0.7912692540752275,0.0,-4.727472682863912,0.0,0.9532949456467229,0.0,""
"2026-09-25 17:10:54","git-master-bddc7a050319718b5e4e0856afec0bc9ea96418f","C:\Users\marco\Desktop\ds004507\derivatives\labels\sub-002\ses-headDown\anat\sub-002_ses-headDown_T2w_seg-manual.nii.gz","866","4","",60.76554280696539,0.0,2.969701603545943,0.0,9.684637319646642,0.0,6.601327282793426,0.0,6.858412899842281,0.0,11.285863908679781,0.0,3.3314826217584055,0.0,3.269844661035021,0.0,0.7940622050384122,0.0,-4.62915436369721,0.0,0.9497863824244438,0.0,""
"2026-09-25 17:10:54","git-master-bddc7a050319718b5e4e0856afec0bc9ea96418f","C:\Users\marco\Desktop\ds004507\derivatives\labels\sub-002\ses-headDown\anat\sub-002_ses-headDown_T2w_seg-manual.nii.gz","867","4","",60.78177276581965,0.0,2.9004687525111077,0.0,9.617639138097307,0.0,6.824478989162424,0.0,6.917137534062574,0.0,11.144635734656417,0.0,3.427579049387728,0.0,3.396899939774696,0.0,0.7840245081554233,0.0,-5.274949042135955,0.0,0.9517254532483912,0.0,""
"2026-09-25 17:10:54","git-master-bddc7a050319718b5e4e0856afec0bc9ea96418f","C:\Users\marco\Desktop\ds004507\derivatives\labels\sub-002\ses-headDown\anat\sub-002_ses-headDown_T2w_seg-manual.nii.gz","868","4","",60.20777357878881,0.0,2.8324230118522,0.0,9.551233234651026,0.0,6.88724198002964,0.0,6.964704051080787,0.0,10.992618510876964,0.0,3.371738986940518,0.0,3.515502993089122,0.0,0.7735147113010168,0.0,-3.8032814607350796,0.0,0.9621886995104161,0.0,""
"2026-09-25 17:10:54","git-master-bddc7a050319718b5e4e0856afec0bc9ea96418f","C:\Users\marco\Desktop\ds004507\derivatives\labels\sub-002\ses-headDown\anat\sub-002_ses-headDown_T2w_seg-manual.nii.gz","869","4","",60.14292867429865,0.0,2.765133182232099,0.0,9.48520491096393,0.0,6.90849029446831,0.0,7.015592459864292,0.0,10.925669732543975,0.0,3.305247688759138,0.0,3.6032426057091715,0.0,0.7666044251700319,0.0,-2.3035488620148796,0.0,0.9699316916170134,0.0,""
"2026-09-25 17:10:54","git-master-bddc7a050319718b5e4e0856afec0bc9ea96418f","C:\Users\marco\Desktop\ds004507\derivatives\labels\sub-002\ses-headDown\anat\sub-002_ses-headDown_T2w_seg-manual.nii.gz","870","4","",60.82853477455936,0.0,2.698599393786226,0.0,9.419554351266504,0.0,6.904737806060212,0.0,7.072645263632085,0.0,10.968862364488949,0.0,3.251569415276478,0.0,3.6531683907837342,0.0,0.7643572692110036,0.0,-1.1355906003976168,0.0,0.9727331397224911,0.0,""
"2026-09-25 17:10:54","git-master-bddc7a050319718b5e4e0856afec0bc9ea96418f","C:\Users\marco\Desktop\ds004507\derivatives\labels\sub-002\ses-headDown\anat\sub-002_ses-headDown_T2w_seg-manual.nii.gz","871","3","",59.40119953271963,0.0,2.6047363201943123,0.0,9.325991101511374,0.0,6.836064292398421,0.0,6.815907108009307,0.0,11.00990097747573,0.0,3.174822885054743,0.0,3.6612414073436783,0.0,0.7853352583893425,0.0,-0.07251968277415564,0.0,0.9661971830985916,0.0,""
"2026-09-25 17:10:54","git-master-bddc7a050319718b5e4e0856afec0bc9ea96418f","C:\Users\marco\Desktop\ds004507\derivatives\labels\sub-002\ses-headDown\anat\sub-002_ses-headDown_T2w_seg-manual.nii.gz","872","3","",59.415349637105386,0.0,2.5409056962764276,0.0,9.261694172701482,0.0,7.054073094641002,0.0,6.950483193729292,0.0,10.865089433413129,0.0,3.3672437812262634,0.0,3.6868293134147385,0.0,0.7683104409573449,0.0,-0.3951546470094052,0.0,0.9489790798805425,0.0,""
"2026-09-25 17:10:54","git-master-bddc7a050319718b5e4e0856afec0bc9ea96418f","C:\Users\marco\Desktop\ds004507\derivatives\labels\sub-002\ses-headDown\anat\sub-002_ses-headDown_T2w_seg-manual.nii.gz","873","3","",59.0534057319661,0.0,2.4778327403732745,0.0,9.197777476866966,0.0,7.097879342382726,0.0,6.980989078277443,0.0,10.771312593709316,0.0,3.426962718671067,0.0,3.6709166237116597,0.0,0.7615491269870114,0.0,-1.3109292469583997,0.0,0.9394794217003779,0.0,""
"2026-09-25 17:10:54","git-master-bddc7a050319718b5e4e0856afec0bc9ea96418f","C:\Users\marco\Desktop\ds004507\derivatives\labels\sub-002\ses-headDown\anat\sub-002_ses-headDown_T2w_seg-manual.nii.gz","874","3","",58.39586073812407,0.0,2.415517555634035,0.0,9.134241182667674,0.0,6.99395470180234,0.0,6.912727392095333,0.0,10.738016190159348,0.0,3.3843836081251277,0.0,3.609571093677212,0.0,0.7650864599858015,0.0,-2.7892015864571684,0.0,0.9381855765470155,0.0,""
"2026-09-25 17:10:54","git-master-bddc7a050319718b5e4e0856afec0bc9ea96418f","C:\Users\marco\Desktop\ds004507\derivatives\labels\sub-002\ses-headDown\anat\sub-002_ses-headDown_T2w_seg-manual.nii.gz","875","3","",57.73759229153485,0.0,2.354393748488138,0.0,9.07130363426859,0.0,6.810408741840931,0.0,6.719812774929014,0.0,10.854185879003603,0.0,3.3562348602153027,0.0,3.454173881625628,0.0,0.7850098746219103,0.0,-4.974843257827462,0.0,0.9525947483719176,0.0,""
"2026-09-25 17:10:54","git-master-bddc7a050319718b5e4e0856afec0bc9ea96418f","C:\Users\marco\Desktop\ds004507\derivatives\labels\sub-002\ses-headDown\anat\sub-002_ses-headDown_T2w_seg-manual.nii.gz","876","3","",58.67725738442895,0.0,2.294191101252007,0.0,9.008829687517595,0.0,6.812301460597611,0.0,6.789948139803282,0.0,10.947858337283336,0.0,3.3037383436593553,0.0,3.508563116938256,0.0,0.7843872435299418,0.0,-4.104294687996209,0.0,0.962064777904575,0.0,""
"2026-09-25 17:10:54","git-master-bddc7a050319718b5e4e0856afec0bc9ea96418f","C:\Users\marco\Desktop\ds004507\derivatives\labels\sub-002\ses-headDown\anat\sub-002_ses-headDown_T2w_seg-manual.nii.gz","877","3","",59.80471258476132,0.0,2.234747238696335,0.0,8.946737852750582,0.0,6.879019061704415,0.0,6.930384114592881,0.0,10.988409073185805,0.0,3.25881224467099,0.0,3.620206817033426,0.0,0.7760191411784818,0.0,-2.7597352436623623,0.0,0.9671848082460093,0.0,""
"2026-09-25 17:10:54","git-master-bddc7a050319718b5e4e0856afec0bc9ea96418f","C:\Users\marco\Desktop\ds004507\derivatives\labels\sub-002\ses-headDown\anat\sub-002_ses-headDown_T2w_seg-manual.nii.gz","878","3","",59.14560216451624,0.0,2.1763334854103107,0.0,8.885165181908231,0.0,6.874675465104752,0.0,6.901442635779374,0.0,10.894266306323095,0.0,3.2741420840016393,0.0,3.600533381103112,0.0,0.7737413499432181,0.0,-4.468464075782421,0.0,0.9658901316232884,0.0,""
"2026-09-25 17:10:54","git-master-bddc7a050319718b5e4e0856afec0bc9ea96418f","C:\Users\marco\Desktop\ds004507\derivatives\labels\sub-002\ses-headDown\anat\sub-002_ses-headDown_T2w_seg-manual.nii.gz","879","3","",59.0235093352799,0.0,2.1190046283139976,0.0,8.824140049701594,0.0,6.884943357953352,0.0,6.928571582125626,0.0,10.833173223167673,0.0,3.2347230132017235,0.0,3.650220344751629,0.0,0.7686916896983729,0.0,-4.852598845894324,0.0,0.965276862232878,0.0,""
"2026-09-25 17:10:54","git-master-bddc7a050319718b5e4e0856afec0bc9ea96418f","C:\Users\marco\Desktop\ds004507\derivatives\labels\sub-002\ses-headDown\anat\sub-002_ses-headDown_T2w_seg-manual.nii.gz","880","3","",58.79354502206138,0.0,2.0624354392458395,0.0,8.763498656378218,0.0,6.889209478304103,0.0,6.932748931612415,0.0,10.79446644365093,0.0,3.220552668278432,0.0,3.668656810025671,0.0,0.7664867051124226,0.0,-5.173073629961559,0.0,0.9614405194861676,0.0,""
"2026-09-25 17:10:54","git-master-bddc7a050319718b5e4e0856afec0bc9ea96418f","C:\Users\marco\Desktop\ds004507\derivatives\labels\sub-002\ses-headDown\anat\sub-002_ses-headDown_T2w_seg-manual.nii.gz","881","3","",58.13313469687066,0.0,2.006734595032307,0.0,8.703296115009211,0.0,6.8763117855705564,0.0,6.871203253278048,0.0,10.780868788955257,0.0,3.2756017960827237,0.0,3.6007099894878323,0.0,0.7705708634798774,0.0,-5.969083577508564,0.0,0.9515714208916747,0.0,""
"2026-09-25 17:10:54","git-master-bddc7a050319718b5e4e0856afec0bc9ea96418f","C:\Users\marco\Desktop\ds004507\derivatives\labels\sub-002\ses-headDown\anat\sub-002_ses-headDown_T2w_seg-manual.nii.gz","882","3","",59.018619984535086,0.0,1.9522825723297599,0.0,8.643725576403932,0.0,6.9299169154069835,0.0,6.921179061933961,0.0,10.860617153793065,0.0,3.4363749332190565,0.0,3.4935419821879266,0.0,0.7706390797327963,0.0,-7.445189776216861,0.0,0.9496262384272098,0.0,""
"2026-09-25 17:10:54","git-master-bddc7a050319718b5e4e0856afec0bc9ea96418f","C:\Users\marco\Desktop\ds004507\derivatives\labels\sub-002\ses-headDown\anat\sub-002_ses-headDown_T2w_seg-manual.nii.gz","883","3","",58.5858304679126,0.0,1.898590982659996,0.0,8.584540322775965,0.0,6.934487762702289,0.0,6.928201510370514,0.0,10.755994945634443,0.0,3.493470239701705,0.0,3.441017523000584,0.0,0.764652561612631,0.0,-8.39332843905918,0.0,0.9542590340170541,0.0,""
"2026-09-25 17:10:54","git-master-bddc7a050319718b5e4e0856afec0bc9ea96418f","C:\Users\marco\Desktop\ds004507\derivatives\labels\sub-002\ses-headDown\anat\sub-002_ses-headDown_T2w_seg-manual.nii.gz","884","3","",56.72723690593471,0.0,1.8456598946668055,0.0,8.525740499890185,0.0,6.87862463536504,0.0,6.882477742526646,0.0,10.46490349190586,0.0,3.4265970710072327,0.0,3.452027564357807,0.0,0.7532883522531713,0.0,-8.621209890849507,0.0,0.965066025380095,0.0,""
"2026-09-25 17:10:54","git-master-bddc7a050319718b5e4e0856afec0bc9ea96418f","C:\Users\marco\Desktop\ds004507\derivatives\labels\sub-002\ses-headDown\anat\sub-002_ses-headDown_T2w_seg-manual.nii.gz","885","3","",58.41955950899347,0.0,1.7940330106055855,0.0,8.467602481220466,0.0,6.797591670465137,0.0,6.939767685460114,0.0,10.70322821700287,0.0,3.319132290069235,0.0,3.4784593803959014,0.0,0.7612031255484115,0.0,-6.827683125576403,0.0,0.9709412267035366,0.0,""
"2026-09-25 17:10:54","git-master-bddc7a050319718b5e4e0856afec0bc9ea96418f","C:\Users\marco\Desktop\ds004507\derivatives\labels\sub-002\ses-headDown\anat\sub-002_ses-headDown_T2w_seg-manual.nii.gz","886","3","",58.69903265914531,0.0,1.7432215593588898,0.0,8.409878790630605,0.0,6.765022127697387,0.0,6.914061781729462,0.0,10.80949720525586,0.0,3.242263534491561,0.0,3.5227585932058254,0.0,0.7686374961940278,0.0,-6.192106532329058,0.0,0.9714209355928994,0.0,""
"2026-09-25 17:10:54","git-master-bddc7a050319718b5e4e0856afec0bc9ea96418f","C:\Users\marco\Desktop\ds004507\derivatives\labels\sub-002\ses-headDown\anat\sub-002_ses-headDown_T2w_seg-manual.nii.gz","887","3","",58.09035334649584,0.0,1.693171254512579,0.0,8.35254198859247,0.0,6.760309891090749,0.0,6.84807526751441,0.0,10.82334380978567,0.0,3.1961125786583513,0.0,3.564197312432398,0.0,0.7743850863658815,0.0,-6.240259512648029,0.0,0.9688239408713084,0.0,""
"2026-09-25 17:10:54","git-master-bddc7a050319718b5e4e0856afec0bc9ea96418f","C:\Users\marco\Desktop\ds004507\derivatives\labels\sub-002\ses-headDown\anat\sub-002_ses-headDown_T2w_seg-manual.nii.gz","888","3","",57.76384668931368,0.0,1.6442629534174522,0.0,8.295786203171371,0.0,6.732226534367421,0.0,6.8611010115806845,0.0,10.81416797872283,0.0,3.204143982722446,0.0,3.528082551644975,0.0,0.772958488324167,0.0,-5.8251671521000326,0.0,0.9689584757114844,0.0,""
"2026-09-25 17:10:54","git-master-bddc7a050319718b5e4e0856afec0bc9ea96418f","C:\Users\marco\Desktop\ds004507\derivatives\labels\sub-002\ses-headDown\anat\sub-002_ses-headDown_T2w_seg-manual.nii.gz","889","3","",56.46749597628602,0.0,1.5963338294677494,0.0,8.239529232872243,0.0,6.485882720321097,0.0,6.695841111580378,0.0,10.831870806424412,0.0,3.114305758922816,0.0,3.371576961398281,0.0,0.7857377713269369,0.0,-4.665015837571921,0.0,0.9725030118760728,0.0,""
"2026-09-25 17:10:54","git-master-bddc7a050319718b5e4e0856afec0bc9ea96418f","C:\Users\marco\Desktop\ds004507\derivatives\labels\sub-002\ses-headDown\anat\sub-002_ses-headDown_T2w_seg-manual.nii.gz","890","3","",55.359369713867714,0.0,1.5491664020040863,0.0,8.183660533817415,0.0,6.313422562541568,0.0,6.559258789670191,0.0,10.821013329646926,0.0,3.060364686339945,0.0,3.253057876201623,0.0,0.7952045641513928,0.0,-4.319643399632489,0.0,0.9702532462156681,0.0,""
"2026-09-25 17:10:54","git-master-bddc7a050319718b5e4e0856afec0bc9ea96418f","C:\Users\marco\Desktop\ds004507\derivatives\labels\sub-002\ses-headDown\anat\sub-002_ses-headDown_T2w_seg-manual.nii.gz","891","3","",55.70509323743326,0.0,1.5029784455019577,0.0,8.128291431411663,0.0,6.549209406771074,0.0,6.674704455486888,0.0,10.709836411158841,0.0,3.1966002018924637,0.0,3.3526092048786102,0.0,0.7819476440442719,0.0,-6.814475598329771,0.0,0.9496938459665835,0.0,""
"2026-09-25 17:10:54","git-master-bddc7a050319718b5e4e0856afec0bc9ea96418f","C:\Users\marco\Desktop\ds004507\derivatives\labels\sub-002\ses-headDown\anat\sub-002_ses-headDown_T2w_seg-manual.nii.gz","892","3","",56.05072748301066,0.0,1.4579335224958525,0.0,8.073506081335937,0.0,6.668078464050802,0.0,6.681848448035811,0.0,10.725711608402671,0.0,3.256336793710401,0.0,3.4117416703404,0.0,0.782229709510567,0.0,-8.78017559947655,0.0,0.9519551663888284,0.0,""
"2026-09-25 17:10:54","git-master-bddc7a050319718b5e4e0856afec0bc9ea96418f","C:\Users\marco\Desktop\ds004507\derivatives\labels\sub-002\ses-headDown\anat\sub-002_ses-headDown_T2w_seg-manual.nii.gz","893","3","",56.66579739130448,0.0,1.4136507614935707,0.0,8.019110312685221,0.0,6.7713635278734,0.0,6.706945725685841,0.0,10.77000534807701,0.0,3.302312716495867,0.0,3.469050811377533,0.0,0.7824239643972388,0.0,-9.765637713426141,0.0,0.9547920378776861,0.0,""
"2026-09-25 17:10:54","git-master-bddc7a050319718b5e4e0856afec0bc9ea96418f","C:\Users\marco\Desktop\ds004507\derivatives\labels\sub-002\ses-headDown\anat\sub-002_ses-headDown_T2w_seg-manual.nii.gz","894","3","",57.68504630166955,0.0,1.3701846624981604,0.0,7.965132129792012,0.0,6.884677683495957,0.0,6.789916266206901,0.0,10.820626296902281,0.0,3.349504471085363,0.0,3.535173212410593,0.0,0.7786182218220711,0.0,-9.431923624451539,0.0,0.9519720300603687,0.0,""
"2026-09-25 17:10:54","git-master-bddc7a050319718b5e4e0856afec0bc9ea96418f","C:\Users\marco\Desktop\ds004507\derivatives\labels\sub-002\ses-headDown\anat\sub-002_ses-headDown_T2w_seg-manual.nii.gz","895","3","",57.73408209330076,0.0,1.3280255319313858,0.0,7.911823051257068,0.0,6.913542244367813,0.0,6.847813751452832,0.0,10.749427632794697,0.0,3.308877700180774,0.0,3.6046645441870377,0.0,0.7707566075145417,0.0,-6.218630667597509,0.0,0.954837112810819,0.0,""
"2026-09-25 17:10:54","git-master-bddc7a050319718b5e4e0856afec0bc9ea96418f","C:\Users\marco\Desktop\ds004507\derivatives\labels\sub-002\ses-headDown\anat\sub-002_ses-headDown_T2w_seg-manual.nii.gz","896","3","",57.39207114513015,0.0,1.286628953814092,0.0,7.858904794397707,0.0,6.872087051850496,0.0,6.824575301588685,0.0,10.738326151236961,0.0,3.2551905466875266,0.0,3.616896505162969,0.0,0.7719774952409226,0.0,-4.654983829753058,0.0,0.9536316374194316,0.0,""
"2026-09-25 17:10:54","git-master-bddc7a050319718b5e4e0856afec0bc9ea96418f","C:\Users\marco\Desktop\ds004507\derivatives\labels\sub-002\ses-headDown\anat\sub-002_ses-headDown_T2w_seg-manual.nii.gz","897","3","",56.8072677659692,0.0,1.245994961803292,0.0,7.8063774751142825,0.0,6.787023314459524,0.0,6.744157525386468,0.0,10.777219607516745,0.0,3.2165642496140174,0.0,3.5704590648455063,0.0,0.7799642865531915,0.0,-4.840512607691204,0.0,0.9479563558594792,0.0,""
"2026-09-25 17:10:54","git-master-bddc7a050319718b5e4e0856afec0bc9ea96418f","C:\Users\marco\Desktop\ds004507\derivatives\labels\sub-002\ses-headDown\anat\sub-002_ses-headDown_T2w_seg-manual.nii.gz","898","3","",57.15233025041416,0.0,1.206614004666118,0.0,7.754493165556423,0.0,6.909579833936083,0.0,6.85637664840097,0.0,10.699218389986248,0.0,3.450935976417033,0.0,3.4586438575190503,0.0,0.7675507734769648,0.0,-6.356273050696207,0.0,0.93660340292551,0.0,""
"2026-09-25 17:10:54","git-master-bddc7a050319718b5e4e0856afec0bc9ea96418f","C:\Users\marco\Desktop\ds004507\derivatives\labels\sub-002\ses-headDown\anat\sub-002_ses-headDown_T2w_seg-manual.nii.gz","899","3","",57.065783067857126,0.0,1.1681048838189596,0.0,7.703056764437263,0.0,6.932585888655501,0.0,6.876933595784891,0.0,10.683469415151508,0.0,3.5157341757870277,0.0,3.416851712868473,0.0,0.7652665918054182,0.0,-6.917587074854125,0.0,0.936684639863551,0.0,""
"2026-09-25 17:10:54","git-master-bddc7a050319718b5e4e0856afec0bc9ea96418f","C:\Users\marco\Desktop\ds004507\derivatives\labels\sub-002\ses-headDown\anat\sub-002_ses-headDown_T2w_seg-manual.nii.gz","900","3","",56.60150038996352,0.0,1.1303586654225635,0.0,7.652012465094965,0.0,6.886640411847634,0.0,6.837642385995938,0.0,10.68051431594195,0.0,3.4799111523831376,0.0,3.406729259464497,0.0,0.7682119013429385,0.0,-6.812485955779398,0.0,0.9432800235938842,0.0,""
"2026-09-25 17:10:54","git-master-bddc7a050319718b5e4e0856afec0bc9ea96418f","C:\Users\marco\Desktop\ds004507\derivatives\labels\sub-002\ses-headDown\anat\sub-002_ses-headDown_T2w_seg-manual.nii.gz","901","3","",55.59739748147811,0.0,1.0937024251766827,0.0,7.601528778873041,0.0,6.788877354634201,0.0,6.7651984426843,0.0,10.588667173167652,0.0,3.423143674608001,0.0,3.3657336800262,0.0,0.7692841800561957,0.0,-6.189228706180039,0.0,0.9502050672813633,0.0,""
"2026-09-25 17:10:54","git-master-bddc7a050319718b5e4e0856afec0bc9ea96418f","C:\Users\marco\Desktop\ds004507\derivatives\labels\sub-002\ses-headDown\anat\sub-002_ses-headDown_T2w_seg-manual.nii.gz","902","3","",56.65622858572661,0.0,1.0580818226539295,0.0,7.5515783484986905,0.0,6.808303097223983,0.0,6.847431038301944,0.0,10.646908516024402,0.0,3.37765878459868,0.0,3.430644312625302,0.0,0.7657556256812752,0.0,-4.118834425579925,0.0,0.9629080582014355,0.0,""
"2026-09-25 17:10:54","git-master-bddc7a050319718b5e4e0856afec0bc9ea96418f","C:\Users\marco\Desktop\ds004507\derivatives\labels\sub-002\ses-headDown\anat\sub-002_ses-headDown_T2w_seg-manual.nii.gz","903","3","",57.50404433918911,0.0,1.0232243823643516,0.0,7.502021119650294,0.0,6.788602266136992,0.0,6.894134403398969,0.0,10.726094199106624,0.0,3.330031558377275,0.0,3.458570707759716,0.0,0.7659979656650016,0.0,-2.554903652069837,0.0,0.9688597959434622,0.0,""
"2026-09-25 17:10:54","git-master-bddc7a050319718b5e4e0856afec0bc9ea96418f","C:\Users\marco\Desktop\ds004507\derivatives\labels\sub-002\ses-headDown\anat\sub-002_ses-headDown_T2w_seg-manual.nii.gz","904","3","",56.519115174212544,0.0,0.9892936944008046,0.0,7.45294160130473,0.0,6.607117613487335,0.0,6.761542055147661,0.0,10.749069331915566,0.0,3.2702806574939216,0.0,3.3368369559934132,0.0,0.7773408573121298,0.0,-3.0383129440344456,0.0,0.9565878139865865,0.0,""
"2026-09-25 17:10:54","git-master-bddc7a050319718b5e4e0856afec0bc9ea96418f","C:\Users\marco\Desktop\ds004507\derivatives\labels\sub-002\ses-headDown\anat\sub-002_ses-headDown_T2w_seg-manual.nii.gz","905","3","",56.11776598989204,0.0,0.9565624847044358,0.0,7.404481036114584,0.0,6.589515402758834,0.0,6.700630595254371,0.0,10.762740827963867,0.0,3.27181303646061,0.0,3.3177023662982235,0.0,0.7825409769564632,0.0,-3.6283316317511614,0.0,0.9556793176576803,0.0,""
"2026-09-25 17:10:54","git-master-bddc7a050319718b5e4e0856afec0bc9ea96418f","C:\Users\marco\Desktop\ds004507\derivatives\labels\sub-002\ses-headDown\anat\sub-002_ses-headDown_T2w_seg-manual.nii.gz","906","3","",56.235540082518376,0.0,0.9245946480762464,0.0,7.356414710223492,0.0,6.492353853099154,0.0,6.63483559358139,0.0,10.884670002438144,0.0,3.2202112394876075,0.0,3.2721426136115466,0.0,0.7923486478260718,0.0,-3.8098181700622784,0.0,0.958150351814867,0.0,""
"2026-09-25 17:10:54","git-master-bddc7a050319718b5e4e0856afec0bc9ea96418f","C:\Users\marco\Desktop\ds004507\derivatives\labels\sub-002\ses-headDown\anat\sub-002_ses-headDown_T2w_seg-manual.nii.gz","907","3","",56.91273405164086,0.0,0.8933902032570559,0.0,7.308742721818272,0.0,6.265492555706039,0.0,6.550384690341542,0.0,11.145996357487412,0.0,3.090348186551272,0.0,3.1751443691547667,0.0,0.8090865757266813,0.0,-3.452852242924991,0.0,0.9629504313990864,0.0,""
"2026-09-25 17:10:54","git-master-bddc7a050319718b5e4e0856afec0bc9ea96418f","C:\Users\marco\Desktop\ds004507\derivatives\labels\sub-002\ses-headDown\anat\sub-002_ses-headDown_T2w_seg-manual.nii.gz","908","2","",57.86454477985407,0.0,0.8504190133715762,0.0,7.241110216069215,0.0,6.575057473843071,0.0,6.675299602541715,0.0,11.132280998060486,0.0,3.3119347103341674,0.0,3.2631227635089033,0.0,0.800274004519354,0.0,-5.4505305812468325,0.0,0.9376720090658895,0.0,""
"2026-09-25 17:10:54","git-master-bddc7a050319718b5e4e0856afec0bc9ea96418f","C:\Users\marco\Desktop\ds004507\derivatives\labels\sub-002\ses-headDown\anat\sub-002_ses-headDown_T2w_seg-manual.nii.gz","909","2","",57.49307520961488,0.0,0.8203466294537964,0.0,7.192258312528498,0.0,6.724183062436663,0.0,6.808250582654514,0.0,10.855852693732896,0.0,3.4059763670045466,0.0,3.3182066954321168,0.0,0.7783992997298146,0.0,-4.5710313187910145,0.0,0.9462944230422606,0.0,""
"2026-09-25 17:10:54","git-master-bddc7a050319718b5e4e0856afec0bc9ea96418f","C:\Users\marco\Desktop\ds004507\derivatives\labels\sub-002\ses-headDown\anat\sub-002_ses-headDown_T2w_seg-manual.nii.gz","910","2","",56.90839811983011,0.0,0.7911905725835583,0.0,7.143881176771186,0.0,6.771838483560304,0.0,6.860283129057799,0.0,10.66792726530592,0.0,3.391249738139335,0.0,3.380588745420969,0.0,0.7657182848486528,0.0,-5.092317837203115,0.0,0.950477755600937,0.0,""
"2026-09-25 17:10:54","git-master-bddc7a050319718b5e4e0856afec0bc9ea96418f","C:\Users\marco\Desktop\ds004507\derivatives\labels\sub-002\ses-headDown\anat\sub-002_ses-headDown_T2w_seg-manual.nii.gz","911","2","",56.39627125369603,0.0,0.7629508721833859,0.0,7.095979020047943,0.0,6.767702322037837,0.0,6.857116728461848,0.0,10.578938865485497,0.0,3.345856291674225,0.0,3.421846030363612,0.0,0.7614691797707847,0.0,-6.026350085706167,0.0,0.9532344764617429,0.0,""
"2026-09-25 17:10:54","git-master-bddc7a050319718b5e4e0856afec0bc9ea96418f","C:\Users\marco\Desktop\ds004507\derivatives\labels\sub-002\ses-headDown\anat\sub-002_ses-headDown_T2w_seg-manual.nii.gz","912","2","",56.402499299461745,0.0,0.735758481154754,0.0,7.048620018412264,0.0,6.780076481032346,0.0,6.830057415806244,0.0,10.618921016767331,0.0,3.384426814330285,0.0,3.395649666702061,0.0,0.7656957352603625,0.0,-5.926506900748263,0.0,0.9589512140028107,0.0,""
"2026-09-25 17:10:54","git-master-bddc7a050319718b5e4e0856afec0bc9ea96418f","C:\Users\marco\Desktop\ds004507\derivatives\labels\sub-002\ses-headDown\anat\sub-002_ses-headDown_T2w_seg-manual.nii.gz","913","2","",57.05696872453706,0.0,0.7098753143565112,0.0,7.001940645425686,0.0,6.817106565714465,0.0,6.798574531575291,0.0,10.749422552854782,0.0,3.4297767464339204,0.0,3.387329819280545,0.0,0.7744875808998836,0.0,-6.167847434647312,0.0,0.9582047672060726,0.0,""
"2026-09-25 17:10:54","git-master-bddc7a050319718b5e4e0856afec0bc9ea96418f","C:\Users\marco\Desktop\ds004507\derivatives\labels\sub-002\ses-headDown\anat\sub-002_ses-headDown_T2w_seg-manual.nii.gz","914","2","",57.776276799914854,0.0,0.6849086512156889,0.0,6.955737411963555,0.0,6.835544658223533,0.0,6.782855449562755,0.0,10.871111389886561,0.0,3.4583622025206244,0.0,3.3771824557029086,0.0,0.7814363430377217,0.0,-6.260645711671765,0.0,0.9595804217445654,0.0,""
"2026-09-25 17:10:54","git-master-bddc7a050319718b5e4e0856afec0bc9ea96418f","C:\Users\marco\Desktop\ds004507\derivatives\labels\sub-002\ses-headDown\anat\sub-002_ses-headDown_T2w_seg-manual.nii.gz","915","2","",58.495524548374796,0.0,0.660858513307396,0.0,6.910616092197103,0.0,6.836252345890521,0.0,6.795800784658102,0.0,10.958357475487134,0.0,3.458091757936267,0.0,3.3781605879542536,0.0,0.7844724987178049,0.0,-6.230683327891592,0.0,0.9636232637403852,0.0,""
"2026-09-25 17:10:54","git-master-bddc7a050319718b5e4e0856afec0bc9ea96418f","C:\Users\marco\Desktop\ds004507\derivatives\labels\sub-002\ses-headDown\anat\sub-002_ses-headDown_T2w_seg-manual.nii.gz","916","2","",59.214446404311154,0.0,0.6379868093165552,0.0,6.868832721587945,0.0,6.836139154549952,0.0,6.876962899079099,0.0,10.957603570408152,0.0,3.393378823938469,0.0,3.442760330611484,0.0,0.7785254722755294,0.0,-6.3332753283416885,0.0,0.969286875160384,0.0,""
"2026-09-25 17:10:54","git-master-bddc7a050319718b5e4e0856afec0bc9ea96418f","C:\Users\marco\Desktop\ds004507\derivatives\labels\sub-002\ses-headDown\anat\sub-002_ses-headDown_T2w_seg-manual.nii.gz","917","2","",58.47322268011814,0.0,0.6162935940312051,0.0,6.833115415288003,0.0,6.727600850140693,0.0,6.788833121386939,0.0,10.98300385534035,0.0,3.3282606863758053,0.0,3.3993401637648883,0.0,0.7859886790762562,0.0,-7.323082866430453,0.0,0.9674335131411201,0.0,""
"2026-09-25 17:10:54","git-master-bddc7a050319718b5e4e0856afec0bc9ea96418f","C:\Users\marco\Desktop\ds004507\derivatives\labels\sub-002\ses-headDown\anat\sub-002_ses-headDown_T2w_seg-manual.nii.gz","918","2","",58.21787366302945,0.0,0.595517007833097,0.0,6.802118166173437,0.0,6.734694203321572,0.0,6.783508265836212,0.0,10.961712152242649,0.0,3.350438434688003,0.0,3.3842557686335697,0.0,0.7853439890249715,0.0,-8.793065767558703,0.0,0.9585310053206498,0.0,""
"2026-09-25 17:10:54","git-master-bddc7a050319718b5e4e0856afec0bc9ea96418f","C:\Users\marco\Desktop\ds004507\derivatives\labels\sub-002\ses-headDown\anat\sub-002_ses-headDown_T2w_seg-manual.nii.gz","919","2","",58.74024618464094,0.0,0.5756570661119108,0.0,6.7758420888216575,0.0,6.881083034661818,0.0,6.905278859420793,0.0,10.866177801899646,0.0,3.459416043618896,0.0,3.4216669910429216,0.0,0.7720934472610658,0.0,-10.537982241312237,0.0,0.9443125397547939,0.0,""
"2026-09-25 17:10:54","git-master-bddc7a050319718b5e4e0856afec0bc9ea96418f","C:\Users\marco\Desktop\ds004507\derivatives\labels\sub-002\ses-headDown\anat\sub-002_ses-headDown_T2w_seg-manual.nii.gz","920","2","",57.31561606099064,0.0,0.5571066566610133,0.0,6.7563132143645035,0.0,6.743713121664232,0.0,6.852899833026204,0.0,10.658265342158913,0.0,3.3877610853987785,0.0,3.3559520362654536,0.0,0.7658397725764274,0.0,-11.636038185214575,0.0,0.9414789838448576,0.0,""
"2026-09-25 17:10:54","git-master-bddc7a050319718b5e4e0856afec0bc9ea96418f","C:\Users\marco\Desktop\ds004507\derivatives\labels\sub-002\ses-headDown\anat\sub-002_ses-headDown_T2w_seg-manual.nii.gz","921","2","",56.66873920218474,0.0,0.5396039056875375,0.0,6.742183895656317,0.0,6.809342897943804,0.0,6.849804187951813,0.0,10.522846879488318,0.0,3.4447094023157034,0.0,3.3646334956281003,0.0,0.7590557258155389,0.0,-11.298031839901844,0.0,0.951226440566401,0.0,""
"2026-09-25 17:10:54","git-master-bddc7a050319718b5e4e0856afec0bc9ea96418f","C:\Users\marco\Desktop\ds004507\derivatives\labels\sub-002\ses-headDown\anat\sub-002_ses-headDown_T2w_seg-manual.nii.gz","922","2","",56.70245279127164,0.0,0.5230178700392064,0.0,6.732779741182511,0.0,6.929569784100458,0.0,6.884801666693719,0.0,10.468615915845124,0.0,3.5407776914319395,0.0,3.3887920926685187,0.0,0.7533117909991881,0.0,-10.31189563511354,0.0,0.9619169076105827,0.0,""
"2026-09-25 17:10:54","git-master-bddc7a050319718b5e4e0856afec0bc9ea96418f","C:\Users\marco\Desktop\ds004507\derivatives\labels\sub-002\ses-headDown\anat\sub-002_ses-headDown_T2w_seg-manual.nii.gz","923","2","",57.41679908411683,0.0,0.5073485603340713,0.0,6.728101165658613,0.0,7.012123066453873,0.0,6.9541198931227655,0.0,10.508888889922604,0.0,3.620910032588286,0.0,3.3912130338655873,0.0,0.7497361087608173,0.0,-9.133948053540369,0.0,0.9660013531799729,0.0,""
"2026-09-25 17:10:54","git-master-bddc7a050319718b5e4e0856afec0bc9ea96418f","C:\Users\marco\Desktop\ds004507\derivatives\labels\sub-002\ses-headDown\anat\sub-002_ses-headDown_T2w_seg-manual.nii.gz","924","2","",56.7029418085222,0.0,0.49311985352788673,0.0,6.730849086048624,0.0,6.991382697901079,0.0,6.913928658202378,0.0,10.442187172677883,0.0,3.534111744481674,0.0,3.4572709534194046,0.0,0.7494014152141417,0.0,-7.627940827777861,0.0,0.9619367753179232,0.0,""
"2026-09-25 17:10:54","git-master-bddc7a050319718b5e4e0856afec0bc9ea96418f","C:\Users\marco\Desktop\ds004507\derivatives\labels\sub-002\ses-headDown\anat\sub-002_ses-headDown_T2w_seg-manual.nii.gz","925","2","",56.66972519218623,0.0,0.47980791230935865,0.0,6.738322739377542,0.0,6.987356554644676,0.0,6.914789784969047,0.0,10.430763525728484,0.0,3.505715208324309,0.0,3.4816413463203677,0.0,0.7486880833281875,0.0,-7.530534722514869,0.0,0.9621167442094121,0.0,""
"2026-09-25 17:10:54","git-master-bddc7a050319718b5e4e0856afec0bc9ea96418f","C:\Users\marco\Desktop\ds004507\derivatives\labels\sub-002\ses-headDown\anat\sub-002_ses-headDown_T2w_seg-manual.nii.gz","926","2","",56.733265354660396,0.0,0.4674127433383706,0.0,6.750521777397736,0.0,6.961221806401397,0.0,6.903294847267497,0.0,10.452358402556687,0.0,3.488299448797279,0.0,3.472922357604119,0.0,0.7508110374348449,0.0,-8.005433181870368,0.0,0.9623533171204247,0.0,""
"2026-09-25 17:10:54","git-master-bddc7a050319718b5e4e0856afec0bc9ea96418f","C:\Users\marco\Desktop\ds004507\derivatives\labels\sub-002\ses-headDown\anat\sub-002_ses-headDown_T2w_seg-manual.nii.gz","927","2","",56.017656875091255,0.0,0.4560653242272507,0.0,6.7681207244020545,0.0,6.850661482503373,0.0,6.796294424603752,0.0,10.477769426151344,0.0,3.4111726144570516,0.0,3.439488868046321,0.0,0.7610743935626058,0.0,-7.860037344209249,0.0,0.9562729533162035,0.0,""
"2026-09-25 17:10:54","git-master-bddc7a050319718b5e4e0856afec0bc9ea96418f","C:\Users\marco\Desktop\ds004507\derivatives\labels\sub-002\ses-headDown\anat\sub-002_ses-headDown_T2w_seg-manual.nii.gz","928","2","",56.92300984730453,0.0,0.4460276111238996,0.0,6.792467540552534,0.0,6.8380339851712,0.0,6.852693454612304,0.0,10.56079692333482,0.0,3.3924822677981252,0.0,3.4455517173730748,0.0,0.7608937624182747,0.0,-6.939631523764745,0.0,0.9563033213894039,0.0,""
"2026-09-25 17:10:54","git-master-bddc7a050319718b5e4e0856afec0bc9ea96418f","C:\Users\marco\Desktop\ds004507\derivatives\labels\sub-002\ses-headDown\anat\sub-002_ses-headDown_T2w_seg-manual.nii.gz","929","2","",57.79526879544098,0.0,0.43690670154398026,0.0,6.821536132495252,0.0,6.827833232292517,0.0,6.894320452586999,0.0,10.665130390925642,0.0,3.34690114254694,0.0,3.480932089745577,0.0,0.7629292987166302,0.0,-7.25964553395346,0.0,0.9602743016246635,0.0,""
"2026-09-25 17:10:54","git-master-bddc7a050319718b5e4e0856afec0bc9ea96418f","C:\Users\marco\Desktop\ds004507\derivatives\labels\sub-002\ses-headDown\anat\sub-002_ses-headDown_T2w_seg-manual.nii.gz","930","2","",58.31010287720484,0.0,0.4287025995794159,0.0,6.855325455734047,0.0,6.817881003950325,0.0,6.906058054073948,0.0,10.753682949921535,0.0,3.288206364897012,0.0,3.529674639053313,0.0,0.7665316648921133,0.0,-8.538338401370709,0.0,0.9652621749383214,0.0,""
"2026-09-25 17:10:54","git-master-bddc7a050319718b5e4e0856afec0bc9ea96418f","C:\Users\marco\Desktop\ds004507\derivatives\labels\sub-002\ses-headDown\anat\sub-002_ses-headDown_T2w_seg-manual.nii.gz","931","2","",57.94848819499848,0.0,0.4216772584239929,0.0,6.895181861514095,0.0,6.836671654283951,0.0,6.8999632862451,0.0,10.712930208808503,0.0,3.2932542540541982,0.0,3.5434174002297536,0.0,0.7649576423775618,0.0,-9.18888301789805,0.0,0.9623402959510831,0.0,""
"2026-09-25 17:10:54","git-master-bddc7a050319718b5e4e0856afec0bc9ea96418f","C:\Users\marco\Desktop\ds004507\derivatives\labels\sub-002\ses-headDown\anat\sub-002_ses-headDown_T2w_seg-manual.nii.gz","932","2","",56.41892403801331,0.0,0.4158306871953011,0.0,6.941101123499795,0.0,6.697607030379471,0.0,6.797783344728977,0.0,10.642821817181307,0.0,3.2178453742923145,0.0,3.4797616560871565,0.0,0.7694338799346452,0.0,-9.44575778495416,0.0,0.9693173570985423,0.0,""
"2026-09-25 17:10:54","git-master-bddc7a050319718b5e4e0856afec0bc9ea96418f","C:\Users\marco\Desktop\ds004507\derivatives\labels\sub-002\ses-headDown\anat\sub-002_ses-headDown_T2w_seg-manual.nii.gz","933","2","",55.76423683139177,0.0,0.41090094091669094,0.0,6.9917331175724575,0.0,6.700646145471083,0.0,6.777539734144083,0.0,10.58884341528281,0.0,3.2973868167200453,0.0,3.403259328751038,0.0,0.7682516424122622,0.0,-8.967109903239967,0.0,0.9685189717715964,0.0,""
"2026-09-25 17:10:54","git-master-bddc7a050319718b5e4e0856afec0bc9ea96418f","C:\Users\marco\Desktop\ds004507\derivatives\labels\sub-002\ses-headDown\anat\sub-002_ses-headDown_T2w_seg-manual.nii.gz","934","2","",56.405917902763285,0.0,0.4068880217097674,0.0,7.04707605132048,0.0,6.896798957169239,0.0,6.874490420055403,0.0,10.55775657045029,0.0,3.5568358162591522,0.0,3.339963140910088,0.0,0.7589522207150853,0.0,-7.920271933831274,0.0,0.9569800252232816,0.0,""
"2026-09-25 17:10:54","git-master-bddc7a050319718b5e4e0856afec0bc9ea96418f","C:\Users\marco\Desktop\ds004507\derivatives\labels\sub-002\ses-headDown\anat\sub-002_ses-headDown_T2w_seg-manual.nii.gz","935","2","",56.39822641695843,0.0,0.40418486029001316,0.0,7.109143213326962,0.0,6.8978964690114655,0.0,6.903920969921384,0.0,10.483743684828687,0.0,3.541405136852499,0.0,3.3564913321589662,0.0,0.7525166850812551,0.0,-8.968018607464566,0.0,0.9577379978466662,0.0,""
"2026-09-25 17:10:54","git-master-bddc7a050319718b5e4e0856afec0bc9ea96418f","C:\Users\marco\Desktop\ds004507\derivatives\labels\sub-002\ses-headDown\anat\sub-002_ses-headDown_T2w_seg-manual.nii.gz","936","2","",56.67389705081251,0.0,0.40252950798429815,0.0,7.176583626137804,0.0,6.906626596679747,0.0,6.9285380849139475,0.0,10.489105390729353,0.0,3.5421161459940245,0.0,3.3645104506857217,0.0,0.7507854011275433,0.0,-7.836760316599671,0.0,0.9558839496301882,0.0,""
"2026-09-25 17:10:54","git-master-bddc7a050319718b5e4e0856afec0bc9ea96418f","C:\Users\marco\Desktop\ds004507\derivatives\labels\sub-002\ses-headDown\anat\sub-002_ses-headDown_T2w_seg-manual.nii.gz","937","2","",57.305800600126716,0.0,0.40179098931945006,0.0,7.248722135015537,0.0,6.893607776461031,0.0,6.952665738365708,0.0,10.563409902527331,0.0,3.528790636496996,0.0,3.3648171399640345,0.0,0.752812880170841,0.0,-6.589518521202996,0.0,0.9546575981071903,0.0,""
"2026-09-25 17:10:54","git-master-bddc7a050319718b5e4e0856afec0bc9ea96418f","C:\Users\marco\Desktop\ds004507\derivatives\labels\sub-002\ses-headDown\anat\sub-002_ses-headDown_T2w_seg-manual.nii.gz","938","2","",58.37515536046997,0.0,0.40196930479503085,0.0,7.325556116169971,0.0,6.837519393304223,0.0,6.9790956507567445,0.0,10.706274748959116,0.0,3.480308236272756,0.0,3.357211157031467,0.0,0.7583310292938281,0.0,-6.569277600827609,0.0,0.956243854473943,0.0,""
"2026-09-25 17:10:54","git-master-bddc7a050319718b5e4e0856afec0bc9ea96418f","C:\Users\marco\Desktop\ds004507\derivatives\labels\sub-002\ses-headDown\anat\sub-002_ses-headDown_T2w_seg-manual.nii.gz","939","1","",59.77588741472563,0.0,0.4041771064966289,0.0,7.440376629546164,0.0,6.857613370194924,0.0,7.008630453801626,0.0,10.923983556764128,0.0,3.472650874863865,0.0,3.384962495331059,0.0,0.7670545137590529,0.0,-8.326240009336276,0.0,0.9694026226323458,0.0,""
"2026-09-25 17:10:54","git-master-bddc7a050319718b5e4e0856afec0bc9ea96418f","C:\Users\marco\Desktop\ds004507\derivatives\labels\sub-002\ses-headDown\anat\sub-002_ses-headDown_T2w_seg-manual.nii.gz","940","1","",59.40885942222538,0.0,0.40710909327750844,0.0,7.52810962189641,0.0,6.852113717472369,0.0,7.078700717020589,0.0,10.796444820468896,0.0,3.4476776120998487,0.0,3.4044361053725205,0.0,0.7549052602209806,0.0,-7.624915154778381,0.0,0.9683019334868725,0.0,""
"2026-09-25 17:10:54","git-master-bddc7a050319718b5e4e0856afec0bc9ea96418f","C:\Users\marco\Desktop\ds004507\derivatives\labels\sub-002\ses-headDown\anat\sub-002_ses-headDown_T2w_seg-manual.nii.gz","941","1","",59.245847262400446,0.0,0.41083755365806124,0.0,7.6199014396842895,0.0,6.848285761187869,0.0,7.004328273929473,0.0,10.860336832411154,0.0,3.385419627695472,0.0,3.462866133492398,0.0,0.7635626649809698,0.0,-7.452935748240024,0.0,0.9648631906970753,0.0,""
"2026-09-25 17:10:54","git-master-bddc7a050319718b5e4e0856afec0bc9ea96418f","C:\Users\marco\Desktop\ds004507\derivatives\labels\sub-002\ses-headDown\anat\sub-002_ses-headDown_T2w_seg-manual.nii.gz","942","1","",59.44213530852355,0.0,0.41536248664055964,0.0,7.7157498650089,0.0,6.840808184052477,0.0,6.849943982638303,0.0,11.07422770334746,0.0,3.305678091026782,0.0,3.5351300930256957,0.0,0.7856413280764678,0.0,-7.41998275673472,0.0,0.9601708765810841,0.0,""
"2026-09-25 17:10:54","git-master-bddc7a050319718b5e4e0856afec0bc9ea96418f","C:\Users\marco\Desktop\ds004507\derivatives\labels\sub-002\ses-headDown\anat\sub-002_ses-headDown_T2w_seg-manual.nii.gz","943","1","",60.79171062890377,0.0,0.4210555754150766,0.0,7.817539035853733,0.0,6.806515183270352,0.0,6.838080108364143,0.0,11.341008280859839,0.0,3.2801587275204893,0.0,3.5263564557498626,0.0,0.7976167235484153,0.0,-6.016648407565733,0.0,0.9580140698698002,0.0,""
"2026-09-25 17:10:54","git-master-bddc7a050319718b5e4e0856afec0bc9ea96418f","C:\Users\marco\Desktop\ds004507\derivatives\labels\sub-002\ses-headDown\anat\sub-002_ses-headDown_T2w_seg-manual.nii.gz","944","1","",60.395554796692906,0.0,0.4277575195763919,0.0,7.924447228976467,0.0,6.711372469513963,0.0,6.818140736804566,0.0,11.336121297866233,0.0,3.2585341938617964,0.0,3.452838275652166,0.0,0.7988896607982142,0.0,-6.710374086686592,0.0,0.9604109200009003,0.0,""
"2026-09-25 17:10:54","git-master-bddc7a050319718b5e4e0856afec0bc9ea96418f","C:\Users\marco\Desktop\ds004507\derivatives\labels\sub-002\ses-headDown\anat\sub-002_ses-headDown_T2w_seg-manual.nii.gz","945","1","",59.14634034321544,0.0,0.43525592503268573,0.0,8.035391378397337,0.0,6.592498657457124,0.0,6.757556883490421,0.0,11.218478658568305,0.0,3.2495338083152396,0.0,3.342964849141884,0.0,0.7982334075909923,0.0,-7.75915999191265,0.0,0.9591736142300549,0.0,""
"2026-09-25 17:10:54","git-master-bddc7a050319718b5e4e0856afec0bc9ea96418f","C:\Users\marco\Desktop\ds004507\derivatives\labels\sub-002\ses-headDown\anat\sub-002_ses-headDown_T2w_seg-manual.nii.gz","946","1","",57.424863236799176,0.0,0.4437100803846772,0.0,8.151173029442866,0.0,6.470671083663468,0.0,6.612217108451937,0.0,11.072333901952451,0.0,3.2657091470683723,0.0,3.2049619365950965,0.0,0.8021082504343598,0.0,-7.868479014003559,0.0,0.9459847158236452,0.0,""
"2026-09-25 17:10:54","git-master-bddc7a050319718b5e4e0856afec0bc9ea96418f","C:\Users\marco\Desktop\ds004507\derivatives\labels\sub-002\ses-headDown\anat\sub-002_ses-headDown_T2w_seg-manual.nii.gz","947","1","",58.71675481930377,0.0,0.4533854592484379,0.0,8.273119002721756,0.0,6.74699383744341,0.0,6.795849899135257,0.0,10.994598645990743,0.0,3.4813599110440587,0.0,3.265633926399351,0.0,0.7857457366982004,0.0,-7.111338080382586,0.0,0.9638970696779338,0.0,""
"2026-09-25 17:10:54","git-master-bddc7a050319718b5e4e0856afec0bc9ea96418f","C:\Users\marco\Desktop\ds004507\derivatives\labels\sub-002\ses-headDown\anat\sub-002_ses-headDown_T2w_seg-manual.nii.gz","948","1","",59.92882797107723,0.0,0.46385728030901535,0.0,8.399075542056433,0.0,6.930231549731669,0.0,6.924451569521676,0.0,10.997249889085122,0.0,3.612278010412245,0.0,3.317953539319423,0.0,0.7768601895513441,0.0,-6.847697971659631,0.0,0.9730812435582437,0.0,""
"2026-09-25 17:10:54","git-master-bddc7a050319718b5e4e0856afec0bc9ea96418f","C:\Users\marco\Desktop\ds004507\derivatives\labels\sub-002\ses-headDown\anat\sub-002_ses-headDown_T2w_seg-manual.nii.gz","949","1","",60.510606190212776,0.0,0.47512554079526,0.0,8.529039361337885,0.0,6.944006988654575,0.0,6.936621594858006,0.0,11.073638113803913,0.0,3.610064950792058,0.0,3.3339420378625175,0.0,0.7794895482703114,0.0,-7.282997368354434,0.0,0.9674104284154098,0.0,""
"2026-09-25 17:10:54","git-master-bddc7a050319718b5e4e0856afec0bc9ea96418f","C:\Users\marco\Desktop\ds004507\derivatives\labels\sub-002\ses-headDown\anat\sub-002_ses-headDown_T2w_seg-manual.nii.gz","950","1","",59.12695127728678,0.0,0.4877211818615318,0.0,8.665661561882674,0.0,6.9509083034448365,0.0,6.894600901181041,0.0,10.909098191761274,0.0,3.509816201151136,0.0,3.4410921022937004,0.0,0.7749234179377862,0.0,-7.501695292063758,0.0,0.9632567850282618,0.0,""
"2026-09-25 17:10:54","git-master-bddc7a050319718b5e4e0856afec0bc9ea96418f","C:\Users\marco\Desktop\ds004507\derivatives\labels\sub-002\ses-headDown\anat\sub-002_ses-headDown_T2w_seg-manual.nii.gz","951","1","",58.998924090539795,0.0,0.5011663314947352,0.0,8.806529918991194,0.0,7.069538993296447,0.0,6.968732909739666,0.0,10.756182602338013,0.0,3.595974305312317,0.0,3.4735646879841298,0.0,0.7613266815048134,0.0,-8.579504445703373,0.0,0.9587904456820666,0.0,""
"2026-09-25 17:10:54","git-master-bddc7a050319718b5e4e0856afec0bc9ea96418f","C:\Users\marco\Desktop\ds004507\derivatives\labels\sub-002\ses-headDown\anat\sub-002_ses-headDown_T2w_seg-manual.nii.gz","952","1","",59.720532363658826,0.0,0.5154078899026618,0.0,8.95137389809001,0.0,7.243696611357017,0.0,7.117535092316056,0.0,10.6314820464092,0.0,3.7743004671041898,0.0,3.469396144252828,0.0,0.742732680429636,0.0,-9.842737204287726,0.0,0.9558367247803021,0.0,""
"2026-09-25 17:10:54","git-master-bddc7a050319718b5e4e0856afec0bc9ea96418f","C:\Users\marco\Desktop\ds004507\derivatives\labels\sub-002\ses-headDown\anat\sub-002_ses-headDown_T2w_seg-manual.nii.gz","953","1","",60.714586786995305,0.0,0.53076440517623,0.0,9.101769328568276,0.0,7.35777771835918,0.0,7.275051162398644,0.0,10.594770758031213,0.0,3.8504144797144453,0.0,3.507363238644735,0.0,0.7268555088708734,0.0,-9.62958212507298,0.0,0.9600568282376459,0.0,""
"2026-09-25 17:10:54","git-master-bddc7a050319718b5e4e0856afec0bc9ea96418f","C:\Users\marco\Desktop\ds004507\derivatives\labels\sub-002\ses-headDown\anat\sub-002_ses-headDown_T2w_seg-manual.nii.gz","954","1","",61.44490872440814,0.0,0.54718275845351,0.0,9.257429581802546,0.0,7.449517237437385,0.0,7.3006140965590545,0.0,10.712867214474768,0.0,3.8387727645536085,0.0,3.6107444728837765,0.0,0.7316615352849944,0.0,-9.10836472589833,0.0,0.950903773283023,0.0,""
"2026-09-25 17:10:54","git-master-bddc7a050319718b5e4e0856afec0bc9ea96418f","C:\Users\marco\Desktop\ds004507\derivatives\labels\sub-002\ses-headDown\anat\sub-002_ses-headDown_T2w_seg-manual.nii.gz","955","1","",62.09509227921367,0.0,0.5643974768483228,0.0,9.417027636133009,0.0,7.506800707418402,0.0,7.333729953959543,0.0,10.802894760770235,0.0,3.798949838576727,0.0,3.707850868841675,0.0,0.7341366241764946,0.0,-9.129437030937767,0.0,0.9471043953717135,0.0,""
"2026-09-25 17:10:54","git-master-bddc7a050319718b5e4e0856afec0bc9ea96418f","C:\Users\marco\Desktop\ds004507\derivatives\labels\sub-002\ses-headDown\anat\sub-002_ses-headDown_T2w_seg-manual.nii.gz","956","1","",62.743351742228775,0.0,0.5825147322630381,0.0,9.581080359638985,0.0,7.511660762261639,0.0,7.455885887836082,0.0,10.75217886583155,0.0,3.755623982350934,0.0,3.7560367799107057,0.0,0.7204883522295213,0.0,-10.349402980803317,0.0,0.960995641642333,0.0,""
"2026-09-25 17:10:54","git-master-bddc7a050319718b5e4e0856afec0bc9ea96418f","C:\Users\marco\Desktop\ds004507\derivatives\labels\sub-002\ses-headDown\anat\sub-002_ses-headDown_T2w_seg-manual.nii.gz","957","1","",61.19717371933437,0.0,0.6019061164690876,0.0,9.75139096446292,0.0,7.155414075469653,0.0,7.220513048331265,0.0,10.819692799833156,0.0,3.644210102339059,0.0,3.5112039731305944,0.0,0.7441682217198035,0.0,-9.14421977661041,0.0,0.9668978833620309,0.0,""
"2026-09-25 17:10:54","git-master-bddc7a050319718b5e4e0856afec0bc9ea96418f","C:\Users\marco\Desktop\ds004507\derivatives\labels\sub-002\ses-headDown\anat\sub-002_ses-headDown_T2w_seg-manual.nii.gz","958","1","",60.6824757178751,0.0,0.6220938056390267,0.0,9.925594657298113,0.0,6.985499743760069,0.0,7.1147328964781185,0.0,10.899534926801723,0.0,3.5839444894583727,0.0,3.4015552543016976,0.0,0.7575684930080896,0.0,-8.463752510145445,0.0,0.9618943601749924,0.0,""
"2026-09-25 17:10:54","git-master-bddc7a050319718b5e4e0856afec0bc9ea96418f","C:\Users\marco\Desktop\ds004507\derivatives\labels\sub-002\ses-headDown\anat\sub-002_ses-headDown_T2w_seg-manual.nii.gz","959","1","",61.35279481938983,0.0,0.6430777913632041,0.0,10.10368566936376,0.0,7.039369881429229,0.0,7.172506646098766,0.0,10.969377786748549,0.0,3.583992903221437,0.0,3.4553769782077928,0.0,0.7565740249434812,0.0,-8.441703066138151,0.0,0.9479439547779419,0.0,""
"2026-09-25 17:10:54","git-master-bddc7a050319718b5e4e0856afec0bc9ea96418f","C:\Users\marco\Desktop\ds004507\derivatives\labels\sub-002\ses-headDown\anat\sub-002_ses-headDown_T2w_seg-manual.nii.gz","960","1","",61.67112141346147,0.0,0.6653358049629013,0.0,10.287965337377804,0.0,7.181558649019255,0.0,7.28028618820356,0.0,10.88952095577123,0.0,3.6259424073491733,0.0,3.555616241670082,0.0,0.7435260045053469,0.0,-7.59892708482913,0.0,0.9495111371906614,0.0,""
"2026-09-25 17:10:54","git-master-bddc7a050319718b5e4e0856afec0bc9ea96418f","C:\Users\marco\Desktop\ds004507\derivatives\labels\sub-002\ses-headDown\anat\sub-002_ses-headDown_T2w_seg-manual.nii.gz","961","1","",62.81386221386037,0.0,0.688496211688322,0.0,10.476601448614325,0.0,7.349444956590857,0.0,7.384707265367249,0.0,10.921290859512812,0.0,3.693405538228183,0.0,3.656039418362674,0.0,0.7367462963996698,0.0,-8.423648341137277,0.0,0.9514979683974896,0.0,""
"2026-09-25 17:10:54","git-master-bddc7a050319718b5e4e0856afec0bc9ea96418f","C:\Users\marco\Desktop\ds004507\derivatives\labels\sub-002\ses-headDown\anat\sub-002_ses-headDown_T2w_seg-manual.nii.gz","962","1","",63.70654499346479,0.0,0.7124528303520665,0.0,10.669071218998706,0.0,7.462708355596562,0.0,7.461985668663063,0.0,10.932633120813803,0.0,3.739894395175093,0.0,3.722813960421469,0.0,0.7306667328623354,0.0,-9.336632285237275,0.0,0.9528369828227145,0.0,""
"2026-09-25 17:10:54","git-master-bddc7a050319718b5e4e0856afec0bc9ea96418f","C:\Users\marco\Desktop\ds004507\derivatives\labels\sub-002\ses-headDown\anat\sub-002_ses-headDown_T2w_seg-manual.nii.gz","963","1","",62.310852437686584,0.0,0.7374710303530644,0.0,10.86663201222843,0.0,7.348546792748455,0.0,7.45471519523654,0.0,10.67889488525987,0.0,3.6714449584735407,0.0,3.677101834274915,0.0,0.715859256907297,0.0,-7.6011830046131745,0.0,0.9512760512804425,0.0,""
"2026-09-25 17:10:54","git-master-bddc7a050319718b5e4e0856afec0bc9ea96418f","C:\Users\marco\Desktop\ds004507\derivatives\labels\sub-002\ses-headDown\anat\sub-002_ses-headDown_T2w_seg-manual.nii.gz","964","1","",62.551330952133924,0.0,0.7636038225251446,0.0,11.069500037810917,0.0,7.350800349493164,0.0,7.4057887416748835,0.0,10.732539953993767,0.0,3.64126213062071,0.0,3.7095382188724537,0.0,0.7235799841088004,0.0,-8.91007551466225,0.0,0.9511565593298608,0.0,""
"2026-09-25 17:10:54","git-master-bddc7a050319718b5e4e0856afec0bc9ea96418f","C:\Users\marco\Desktop\ds004507\derivatives\labels\sub-002\ses-headDown\anat\sub-002_ses-headDown_T2w_seg-manual.nii.gz","965","1","",63.439147332766254,0.0,0.7905327154567863,0.0,11.27613948388689,0.0,7.438074761832856,0.0,7.405581456113784,0.0,10.835097230345509,0.0,3.6679381386093497,0.0,3.7701366232235056,0.0,0.7299676471044438,0.0,-9.88536614609423,0.0,0.9522887112288887,0.0,""
"2026-09-25 17:10:54","git-master-bddc7a050319718b5e4e0856afec0bc9ea96418f","C:\Users\marco\Desktop\ds004507\derivatives\labels\sub-002\ses-headDown\anat\sub-002_ses-headDown_T2w_seg-manual.nii.gz","966","1","",64.73940103444676,0.0,0.8183107630623617,0.0,11.4867913999514,0.0,7.6170339261367825,0.0,7.499193784166957,0.0,10.89881563725235,0.0,3.771010528192449,0.0,3.8460233979443337,0.0,0.7256402347396477,0.0,-9.167144518149085,0.0,0.9548743734428384,0.0,""
"2026-09-25 17:10:54","git-master-bddc7a050319718b5e4e0856afec0bc9ea96418f","C:\Users\marco\Desktop\ds004507\derivatives\labels\sub-002\ses-headDown\anat\sub-002_ses-headDown_T2w_seg-manual.nii.gz","967","1","",64.73821328233798,0.0,0.8474155126549621,0.0,11.703661032321778,0.0,7.545110306914205,0.0,7.529637612276482,0.0,10.90286511993276,0.0,3.7861564920604134,0.0,3.758953814853792,0.0,0.7232231275404444,0.0,-9.942538284922968,0.0,0.9628405242624036,0.0,""
"2026-09-25 17:10:54","git-master-bddc7a050319718b5e4e0856afec0bc9ea96418f","C:\Users\marco\Desktop\ds004507\derivatives\labels\sub-002\ses-headDown\anat\sub-002_ses-headDown_T2w_seg-manual.nii.gz","968","1","",65.58903178652878,0.0,0.8773162195673306,0.0,11.924230495152779,0.0,7.561301811188962,0.0,7.6516221765462324,0.0,10.938879096587522,0.0,3.849893559687634,0.0,3.7114082515013282,0.0,0.7145490800156509,0.0,-10.656545885836092,0.0,0.9629957706676598,0.0,""
"2026-09-25 17:10:54","git-master-bddc7a050319718b5e4e0856afec0bc9ea96418f","C:\Users\marco\Desktop\ds004507\derivatives\labels\sub-002\ses-headDown\anat\sub-002_ses-headDown_T2w_seg-manual.nii.gz","969","1","",67.30632113125597,0.0,0.9080128640078452,0.0,12.14849058781827,0.0,7.676067781588316,0.0,7.855987989890533,0.0,11.00385866516064,0.0,3.945114017271099,0.0,3.7309537643172157,0.0,0.7001744648034071,0.0,-11.297663975805882,0.0,0.9579941388313834,0.0,""
"2026-09-25 17:10:54","git-master-bddc7a050319718b5e4e0856afec0bc9ea96418f","C:\Users\marco\Desktop\ds004507\derivatives\labels\sub-002\ses-headDown\anat\sub-002_ses-headDown_T2w_seg-manual.nii.gz","970","1","",69.72556214894047,0.0,0.9399298525851135,0.0,12.378366708759724,0.0,7.901582753814411,0.0,8.073785679006383,0.0,11.065170979860683,0.0,3.939282074579833,0.0,3.962300679234578,0.0,0.6837146711038298,0.0,-12.175964761287903,0.0,0.9661995407756245,0.0,""
"2026-09-25 17:10:54","git-master-bddc7a050319718b5e4e0856afec0bc9ea96418f","C:\Users\marco\Desktop\ds004507\derivatives\labels\sub-002\ses-headDown\anat\sub-002_ses-headDown_T2w_seg-manual.nii.gz","971","1","",71.49425252129927,0.0,0.9728017917223646,0.0,12.612593496941912,0.0,8.081393382080144,0.0,8.168492087364221,0.0,11.196557901291543,0.0,4.003479614707487,0.0,4.077913767372656,0.0,0.68382949497784,0.0,-12.286030565700804,0.0,0.971649860616387,0.0,""
"2026-09-25 17:10:54","git-master-bddc7a050319718b5e4e0856afec0bc9ea96418f","C:\Users\marco\Desktop\ds004507\derivatives\labels\sub-002\ses-headDown\anat\sub-002_ses-headDown_T2w_seg-manual.nii.gz","972","1","",72.91602461719599,0.0,1.0064694793802818,0.0,12.850427547822887,0.0,8.212610140895839,0.0,8.23643875627332,0.0,11.305550145244286,0.0,4.0639140446941315,0.0,4.148696096201707,0.0,0.684884638501285,0.0,-12.244733102228754,0.0,0.9703264889601234,0.0,""
"2026-09-25 17:10:54","git-master-bddc7a050319718b5e4e0856afec0bc9ea96418f","C:\Users\marco\Desktop\ds004507\derivatives\labels\sub-002\ses-headDown\anat\sub-002_ses-headDown_T2w_seg-manual.nii.gz","973","1","",74.18095264594555,0.0,1.0411450520298682,0.0,13.09280431634192,0.0,8.267064653124729,0.0,8.380242915529623,0.0,11.269222389827188,0.0,4.029654307564097,0.0,4.237410345560633,0.0,0.6684973014606144,0.0,-12.719352142771406,0.0,0.9539409743494619,0.0,""
"2026-09-25 17:10:54","git-master-bddc7a050319718b5e4e0856afec0bc9ea96418f","C:\Users\marco\Desktop\ds004507\derivatives\labels\sub-002\ses-headDown\anat\sub-002_ses-headDown_T2w_seg-manual.nii.gz","974","1","",75.43880546265723,0.0,1.0769874981810519,0.0,13.340380372529738,0.0,8.272847107884704,0.0,8.52452259778547,0.0,11.218150208827224,0.0,4.006795545038026,0.0,4.266051562846679,0.0,0.6497706322302154,0.0,-11.95070532251493,0.0,0.9611546385513098,0.0,""
"2026-09-25 17:10:54","git-master-bddc7a050319718b5e4e0856afec0bc9ea96418f","C:\Users\marco\Desktop\ds004507\derivatives\labels\sub-002\ses-headDown\anat\sub-002_ses-headDown_T2w_seg-manual.nii.gz","975","1","",78.38706375785726,0.0,1.113625456695175,0.0,13.591469402825627,0.0,8.395337991029496,0.0,8.773149169023641,0.0,11.339568934279917,0.0,4.088546547236138,0.0,4.306791443793358,0.0,0.6336619026538771,0.0,-9.997309611873712,0.0,0.9610718685521873,0.0,""
"2026-09-25 17:10:54","git-master-bddc7a050319718b5e4e0856afec0bc9ea96418f","C:\Users\marco\Desktop\ds004507\derivatives\labels\sub-002\ses-headDown\anat\sub-002_ses-headDown_T2w_seg-manual.nii.gz","976","1","",83.64217461761692,0.0,1.1510588973153906,0.0,13.846059772772495,0.0,8.689044183327695,0.0,9.163949054246086,0.0,11.699858174874551,0.0,4.310120540685253,0.0,4.378923642642442,0.0,0.6217030905040836,0.0,-6.73659496660844,0.0,0.9451883794825239,0.0,""
"2026-09-25 17:10:54","git-master-bddc7a050319718b5e4e0856afec0bc9ea96418f","C:\Users\marco\Desktop\ds004507\derivatives\labels\sub-002\ses-headDown\anat\sub-002_ses-headDown_T2w_seg-manual.nii.gz","977","1","","","","","","","","","","","","","","","","","","","","","","","",""
"2026-09-25 17:10:54","git-master-bddc7a050319718b5e4e0856afec0bc9ea96418f","C:\Users\marco\Desktop\ds004507\derivatives\labels\sub-002\ses-headDown\anat\sub-002_ses-headDown_T2w_seg-manual.nii.gz","978","1","","","","","","","","","","","","","","","","","","","","","","","",""
"2026-09-25 17:10:54","git-master-bddc7a050319718b5e4e0856afec0bc9ea96418f","C:\Users\marco\Desktop\ds004507\derivatives\labels\sub-002\ses-headDown\anat\sub-002_ses-headDown_T2w_seg-manual.nii.gz","979","1","","","","","","","","","","","","","","","","","","","","","","","",""
"2026-09-25 17:10:54","git-master-bddc7a050319718b5e4e0856afec0bc9ea96418f","C:\Users\marco\Desktop\ds004507\derivatives\labels\sub-002\ses-headDown\anat\sub-002_ses-headDown_T2w_seg-manual.nii.gz","980","1","","","","","","","","","","","","","","","","","","","","","","","",""
"2026-09-25 17:10:54","git-master-bddc7a050319718b5e4e0856afec0bc9ea96418f","C:\Users\marco\Desktop\ds004507\derivatives\labels\sub-002\ses-headDown\anat\sub-002_ses-headDown_T2w_seg-manual.nii.gz","981","1","","","","","","","","","","","","","","","","","","","","","","","",""
"2026-09-25 17:10:54","git-master-bddc7a050319718b5e4e0856afec0bc9ea96418f","C:\Users\marco\Desktop\ds004507\derivatives\labels\sub-002\ses-headDown\anat\sub-002_ses-headDown_T2w_seg-manual.nii.gz","982","1","","","","","","","","","","","","","","","","","","","","","","","",""
"2026-09-25 17:10:54","git-master-bddc7a050319718b5e4e0856afec0bc9ea96418f","C:\Users\marco\Desktop\ds004507\derivatives\labels\sub-002\ses-headDown\anat\sub-002_ses-headDown_T2w_seg-manual.nii.gz","983","1","","","","","","","","","","","","","","","","","","","","","","","",""
"2026-09-25 17:10:54","git-master-bddc7a050319718b5e4e0856afec0bc9ea96418f","C:\Users\marco\Desktop\ds004507\derivatives\labels\sub-002\ses-headDown\anat\sub-002_ses-headDown_T2w_seg-manual.nii.gz","984","1","","","","","","","","","","","","","","","","","","","","","","","",""
