Timestamp,SCT Version,Filename,Slice (I->S),VertLevel,DistancePMJ,MEAN(area),STD(area),MEAN(angle_AP),STD(angle_AP),MEAN(angle_RL),STD(angle_RL),MEAN(diameter_AP),STD(diameter_AP),MEAN(diameter_AP_ellipse),STD(diameter_AP_ellipse),MEAN(diameter_RL),STD(diameter_RL),MEAN(length_anterior),STD(length_anterior),MEAN(length_posterior),STD(length_posterior),MEAN(eccentricity),STD(eccentricity),MEAN(orientation),STD(orientation),MEAN(solidity),STD(solidity),SUM(length)
"2026-09-28 10:31:18","git-master-bddc7a050319718b5e4e0856afec0bc9ea96418f","C:\Users\marco\Desktop\ds004507\derivatives\labels\sub-003\ses-headDown\anat\sub-003_ses-headDown_T2w_seg-manual.nii.gz","647","9","","","","","","","","","","","","","","","","","","","","","","","",""
"2026-09-28 10:31:18","git-master-bddc7a050319718b5e4e0856afec0bc9ea96418f","C:\Users\marco\Desktop\ds004507\derivatives\labels\sub-003\ses-headDown\anat\sub-003_ses-headDown_T2w_seg-manual.nii.gz","648","9","","","","","","","","","","","","","","","","","","","","","","","",""
"2026-09-28 10:31:18","git-master-bddc7a050319718b5e4e0856afec0bc9ea96418f","C:\Users\marco\Desktop\ds004507\derivatives\labels\sub-003\ses-headDown\anat\sub-003_ses-headDown_T2w_seg-manual.nii.gz","649","9","","","","","","","","","","","","","","","","","","","","","","","",""
"2026-09-28 10:31:18","git-master-bddc7a050319718b5e4e0856afec0bc9ea96418f","C:\Users\marco\Desktop\ds004507\derivatives\labels\sub-003\ses-headDown\anat\sub-003_ses-headDown_T2w_seg-manual.nii.gz","650","9","","","","","","","","","","","","","","","","","","","","","","","",""
"2026-09-28 10:31:18","git-master-bddc7a050319718b5e4e0856afec0bc9ea96418f","C:\Users\marco\Desktop\ds004507\derivatives\labels\sub-003\ses-headDown\anat\sub-003_ses-headDown_T2w_seg-manual.nii.gz","651","9","","","","","","","","","","","","","","","","","","","","","","","",""
"2026-09-28 10:31:18","git-master-bddc7a050319718b5e4e0856afec0bc9ea96418f","C:\Users\marco\Desktop\ds004507\derivatives\labels\sub-003\ses-headDown\anat\sub-003_ses-headDown_T2w_seg-manual.nii.gz","652","9","","","","","","","","","","","","","","","","","","","","","","","",""
"2026-09-28 10:31:18","git-master-bddc7a050319718b5e4e0856afec0bc9ea96418f","C:\Users\marco\Desktop\ds004507\derivatives\labels\sub-003\ses-headDown\anat\sub-003_ses-headDown_T2w_seg-manual.nii.gz","653","9","","","","","","","","","","","","","","","","","","","","","","","",""
"2026-09-28 10:31:18","git-master-bddc7a050319718b5e4e0856afec0bc9ea96418f","C:\Users\marco\Desktop\ds004507\derivatives\labels\sub-003\ses-headDown\anat\sub-003_ses-headDown_T2w_seg-manual.nii.gz","654","9","","","","","","","","","","","","","","","","","","","","","","","",""
"2026-09-28 10:31:18","git-master-bddc7a050319718b5e4e0856afec0bc9ea96418f","C:\Users\marco\Desktop\ds004507\derivatives\labels\sub-003\ses-headDown\anat\sub-003_ses-headDown_T2w_seg-manual.nii.gz","655","9","","","","","","","","","","","","","","","","","","","","","","","",""
"2026-09-28 10:31:18","git-master-bddc7a050319718b5e4e0856afec0bc9ea96418f","C:\Users\marco\Desktop\ds004507\derivatives\labels\sub-003\ses-headDown\anat\sub-003_ses-headDown_T2w_seg-manual.nii.gz","656","9","","","","","","","","","","","","","","","","","","","","","","","",""
"2026-09-28 10:31:18","git-master-bddc7a050319718b5e4e0856afec0bc9ea96418f","C:\Users\marco\Desktop\ds004507\derivatives\labels\sub-003\ses-headDown\anat\sub-003_ses-headDown_T2w_seg-manual.nii.gz","657","9","","","","","","","","","","","","","","","","","","","","","","","",""
"2026-09-28 10:31:18","git-master-bddc7a050319718b5e4e0856afec0bc9ea96418f","C:\Users\marco\Desktop\ds004507\derivatives\labels\sub-003\ses-headDown\anat\sub-003_ses-headDown_T2w_seg-manual.nii.gz","658","9","","","","","","","","","","","","","","","","","","","","","","","",""
"2026-09-28 10:31:18","git-master-bddc7a050319718b5e4e0856afec0bc9ea96418f","C:\Users\marco\Desktop\ds004507\derivatives\labels\sub-003\ses-headDown\anat\sub-003_ses-headDown_T2w_seg-manual.nii.gz","659","9","","","","","","","","","","","","","","","","","","","","","","","",""
"2026-09-28 10:31:18","git-master-bddc7a050319718b5e4e0856afec0bc9ea96418f","C:\Users\marco\Desktop\ds004507\derivatives\labels\sub-003\ses-headDown\anat\sub-003_ses-headDown_T2w_seg-manual.nii.gz","660","9","","","","","","","","","","","","","","","","","","","","","","","",""
"2026-09-28 10:31:18","git-master-bddc7a050319718b5e4e0856afec0bc9ea96418f","C:\Users\marco\Desktop\ds004507\derivatives\labels\sub-003\ses-headDown\anat\sub-003_ses-headDown_T2w_seg-manual.nii.gz","661","9","","","","","","","","","","","","","","","","","","","","","","","",""
"2026-09-28 10:31:18","git-master-bddc7a050319718b5e4e0856afec0bc9ea96418f","C:\Users\marco\Desktop\ds004507\derivatives\labels\sub-003\ses-headDown\anat\sub-003_ses-headDown_T2w_seg-manual.nii.gz","662","9","","","","","","","","","","","","","","","","","","","","","","","",""
"2026-09-28 10:31:18","git-master-bddc7a050319718b5e4e0856afec0bc9ea96418f","C:\Users\marco\Desktop\ds004507\derivatives\labels\sub-003\ses-headDown\anat\sub-003_ses-headDown_T2w_seg-manual.nii.gz","663","9","","","","","","","","","","","","","","","","","","","","","","","",""
"2026-09-28 10:31:18","git-master-bddc7a050319718b5e4e0856afec0bc9ea96418f","C:\Users\marco\Desktop\ds004507\derivatives\labels\sub-003\ses-headDown\anat\sub-003_ses-headDown_T2w_seg-manual.nii.gz","664","9","","","","","","","","","","","","","","","","","","","","","","","",""
"2026-09-28 10:31:18","git-master-bddc7a050319718b5e4e0856afec0bc9ea96418f","C:\Users\marco\Desktop\ds004507\derivatives\labels\sub-003\ses-headDown\anat\sub-003_ses-headDown_T2w_seg-manual.nii.gz","665","9","","","","","","","","","","","","","","","","","","","","","","","",""
"2026-09-28 10:31:18","git-master-bddc7a050319718b5e4e0856afec0bc9ea96418f","C:\Users\marco\Desktop\ds004507\derivatives\labels\sub-003\ses-headDown\anat\sub-003_ses-headDown_T2w_seg-manual.nii.gz","666","9","","","","","","","","","","","","","","","","","","","","","","","",""
"2026-09-28 10:31:18","git-master-bddc7a050319718b5e4e0856afec0bc9ea96418f","C:\Users\marco\Desktop\ds004507\derivatives\labels\sub-003\ses-headDown\anat\sub-003_ses-headDown_T2w_seg-manual.nii.gz","667","9","","","","","","","","","","","","","","","","","","","","","","","",""
"2026-09-28 10:31:18","git-master-bddc7a050319718b5e4e0856afec0bc9ea96418f","C:\Users\marco\Desktop\ds004507\derivatives\labels\sub-003\ses-headDown\anat\sub-003_ses-headDown_T2w_seg-manual.nii.gz","668","9","","","","","","","","","","","","","","","","","","","","","","","",""
"2026-09-28 10:31:18","git-master-bddc7a050319718b5e4e0856afec0bc9ea96418f","C:\Users\marco\Desktop\ds004507\derivatives\labels\sub-003\ses-headDown\anat\sub-003_ses-headDown_T2w_seg-manual.nii.gz","669","9","","","","","","","","","","","","","","","","","","","","","","","",""
"2026-09-28 10:31:18","git-master-bddc7a050319718b5e4e0856afec0bc9ea96418f","C:\Users\marco\Desktop\ds004507\derivatives\labels\sub-003\ses-headDown\anat\sub-003_ses-headDown_T2w_seg-manual.nii.gz","670","9","","","","","","","","","","","","","","","","","","","","","","","",""
"2026-09-28 10:31:18","git-master-bddc7a050319718b5e4e0856afec0bc9ea96418f","C:\Users\marco\Desktop\ds004507\derivatives\labels\sub-003\ses-headDown\anat\sub-003_ses-headDown_T2w_seg-manual.nii.gz","671","9","","","","","","","","","","","","","","","","","","","","","","","",""
"2026-09-28 10:31:18","git-master-bddc7a050319718b5e4e0856afec0bc9ea96418f","C:\Users\marco\Desktop\ds004507\derivatives\labels\sub-003\ses-headDown\anat\sub-003_ses-headDown_T2w_seg-manual.nii.gz","672","9","","","","","","","","","","","","","","","","","","","","","","","",""
"2026-09-28 10:31:18","git-master-bddc7a050319718b5e4e0856afec0bc9ea96418f","C:\Users\marco\Desktop\ds004507\derivatives\labels\sub-003\ses-headDown\anat\sub-003_ses-headDown_T2w_seg-manual.nii.gz","673","9","","","","","","","","","","","","","","","","","","","","","","","",""
"2026-09-28 10:31:18","git-master-bddc7a050319718b5e4e0856afec0bc9ea96418f","C:\Users\marco\Desktop\ds004507\derivatives\labels\sub-003\ses-headDown\anat\sub-003_ses-headDown_T2w_seg-manual.nii.gz","674","9","",47.85420779014283,0.0,0.7235286097859791,0.0,4.2556377938117995,0.0,6.031792735480048,0.0,6.194367953666434,0.0,9.798545025840141,0.0,3.081245684636743,0.0,2.950547050843305,0.0,0.7748279068954681,0.0,5.375321300866741,0.0,0.9711124769514444,0.0,""
"2026-09-28 10:31:18","git-master-bddc7a050319718b5e4e0856afec0bc9ea96418f","C:\Users\marco\Desktop\ds004507\derivatives\labels\sub-003\ses-headDown\anat\sub-003_ses-headDown_T2w_seg-manual.nii.gz","675","9","",49.77126766026244,0.0,-0.7392299104844661,0.0,4.462039856913128,0.0,6.041982740246302,0.0,6.307762696345997,0.0,10.013301638198332,0.0,3.08001424578675,0.0,2.961968494459553,0.0,0.7766396342368218,0.0,2.109780656206581,0.0,0.977997326963298,0.0,""
"2026-09-28 10:31:18","git-master-bddc7a050319718b5e4e0856afec0bc9ea96418f","C:\Users\marco\Desktop\ds004507\derivatives\labels\sub-003\ses-headDown\anat\sub-003_ses-headDown_T2w_seg-manual.nii.gz","676","9","",46.881922484702486,0.0,-1.7850021583508004,0.0,4.65961296208853,0.0,6.0433030789715465,0.0,6.190191038637931,0.0,9.626663455480776,0.0,2.9868835198808994,0.0,3.0564195590906467,0.0,0.7656476698803688,0.0,2.3218562165427197,0.0,0.9714719757025752,0.0,""
"2026-09-28 10:31:18","git-master-bddc7a050319718b5e4e0856afec0bc9ea96418f","C:\Users\marco\Desktop\ds004507\derivatives\labels\sub-003\ses-headDown\anat\sub-003_ses-headDown_T2w_seg-manual.nii.gz","677","9","",47.41308683109485,0.0,-2.4141086950394457,0.0,4.848366699808343,0.0,6.038975416571247,0.0,6.268910791597879,0.0,9.676452418544008,0.0,3.0119722455448312,0.0,3.0270031710264154,0.0,0.761771547179988,0.0,1.618489614926545,0.0,0.970017211851712,0.0,""
"2026-09-28 10:31:18","git-master-bddc7a050319718b5e4e0856afec0bc9ea96418f","C:\Users\marco\Desktop\ds004507\derivatives\labels\sub-003\ses-headDown\anat\sub-003_ses-headDown_T2w_seg-manual.nii.gz","678","9","",49.72432474964018,0.0,-2.627178655766218,0.0,5.028311104859959,0.0,6.036321492336024,0.0,6.3387948049036495,0.0,10.007455935620602,0.0,3.0819046894368536,0.0,2.954416802899171,0.0,0.7733999983962283,0.0,1.0872727237809603,0.0,0.973940026421974,0.0,""
"2026-09-28 10:31:18","git-master-bddc7a050319718b5e4e0856afec0bc9ea96418f","C:\Users\marco\Desktop\ds004507\derivatives\labels\sub-003\ses-headDown\anat\sub-003_ses-headDown_T2w_seg-manual.nii.gz","679","9","",50.522435567747564,0.0,-2.4244825049904977,0.0,5.19945654734438,0.0,6.014822191358894,0.0,6.228175130724737,0.0,10.298456227573126,0.0,3.0394261315372693,0.0,2.975396059821625,0.0,0.7958940615214092,0.0,3.205678962231229,0.0,0.9726178485190682,0.0,""
"2026-09-28 10:31:18","git-master-bddc7a050319718b5e4e0856afec0bc9ea96418f","C:\Users\marco\Desktop\ds004507\derivatives\labels\sub-003\ses-headDown\anat\sub-003_ses-headDown_T2w_seg-manual.nii.gz","680","9","",49.68393625707114,0.0,-1.8057311279253492,0.0,5.361813628501116,0.0,6.005068000343156,0.0,6.123827840760357,0.0,10.281355273600113,0.0,2.988444884813848,0.0,3.016623115529308,0.0,0.8027260197701609,0.0,4.901340873650052,0.0,0.9680229839415888,0.0,""
"2026-09-28 10:31:18","git-master-bddc7a050319718b5e4e0856afec0bc9ea96418f","C:\Users\marco\Desktop\ds004507\derivatives\labels\sub-003\ses-headDown\anat\sub-003_ses-headDown_T2w_seg-manual.nii.gz","681","9","",48.80561240761393,0.0,-0.7703408567696841,0.0,5.515393081338095,0.0,6.030144888065616,0.0,6.201395436667877,0.0,9.958152247098962,0.0,3.0536349202020383,0.0,2.976509967863577,0.0,0.7823745807959315,0.0,2.229896240506126,0.0,0.9699666747746142,0.0,""
"2026-09-28 10:31:18","git-master-bddc7a050319718b5e4e0856afec0bc9ea96418f","C:\Users\marco\Desktop\ds004507\derivatives\labels\sub-003\ses-headDown\anat\sub-003_ses-headDown_T2w_seg-manual.nii.gz","682","9","",47.02605544671032,0.0,0.6818345849439721,0.0,5.6602056760399835,0.0,5.950836861124945,0.0,6.1141787940136885,0.0,9.747831474917351,0.0,2.9340198056567632,0.0,3.016817055468182,0.0,0.7787850147042996,0.0,0.19298657799155522,0.0,0.9703119346099792,0.0,""
"2026-09-28 10:31:18","git-master-bddc7a050319718b5e4e0856afec0bc9ea96418f","C:\Users\marco\Desktop\ds004507\derivatives\labels\sub-003\ses-headDown\anat\sub-003_ses-headDown_T2w_seg-manual.nii.gz","683","9","",44.08384934383986,0.0,2.549302851565108,0.0,5.79626213012503,0.0,5.545863655960141,0.0,5.799865579788794,0.0,9.621520096751318,0.0,2.740245305850904,0.0,2.805618350109237,0.0,0.7978912819442431,0.0,0.2750534222895985,0.0,0.9552140504939627,0.0,""
"2026-09-28 10:31:18","git-master-bddc7a050319718b5e4e0856afec0bc9ea96418f","C:\Users\marco\Desktop\ds004507\derivatives\labels\sub-003\ses-headDown\anat\sub-003_ses-headDown_T2w_seg-manual.nii.gz","684","9","",43.33550990698694,0.0,4.883181337101968,0.0,5.922325604956699,0.0,5.441173485049302,0.0,5.717227373011761,0.0,9.607381368257013,0.0,2.722573920617642,0.0,2.7185995644316603,0.0,0.8036551528316418,0.0,-0.9275641339436892,0.0,0.9867742345354209,0.0,""
"2026-09-28 10:31:18","git-master-bddc7a050319718b5e4e0856afec0bc9ea96418f","C:\Users\marco\Desktop\ds004507\derivatives\labels\sub-003\ses-headDown\anat\sub-003_ses-headDown_T2w_seg-manual.nii.gz","685","9","",44.439266583326194,0.0,6.945712098156453,0.0,6.039657151264303,0.0,5.608024756719327,0.0,5.831998019810151,0.0,9.656204987396745,0.0,2.8009954940739528,0.0,2.807029262645373,0.0,0.796995841336489,0.0,0.8951856702229763,0.0,0.9646403154895034,0.0,""
"2026-09-28 10:31:18","git-master-bddc7a050319718b5e4e0856afec0bc9ea96418f","C:\Users\marco\Desktop\ds004507\derivatives\labels\sub-003\ses-headDown\anat\sub-003_ses-headDown_T2w_seg-manual.nii.gz","686","9","",45.2050124600156,0.0,8.172874802995961,0.0,6.148266581710456,0.0,5.505970370750507,0.0,5.733318557600044,0.0,9.975723769080044,0.0,2.735436658258202,0.0,2.7705337124923046,0.0,0.8175449702368257,0.0,-1.0710291563550802,0.0,0.9708403056001041,0.0,""
"2026-09-28 10:31:18","git-master-bddc7a050319718b5e4e0856afec0bc9ea96418f","C:\Users\marco\Desktop\ds004507\derivatives\labels\sub-003\ses-headDown\anat\sub-003_ses-headDown_T2w_seg-manual.nii.gz","687","9","",43.43132504278886,0.0,8.479937249266179,0.0,6.248163284346034,0.0,5.2598771625081095,0.0,5.5796709852629585,0.0,9.847213177419349,0.0,2.6325668084787672,0.0,2.627310354029342,0.0,0.8238220241800662,0.0,-3.6461853263706168,0.0,0.9781490809483234,0.0,""
"2026-09-28 10:31:18","git-master-bddc7a050319718b5e4e0856afec0bc9ea96418f","C:\Users\marco\Desktop\ds004507\derivatives\labels\sub-003\ses-headDown\anat\sub-003_ses-headDown_T2w_seg-manual.nii.gz","688","9","",42.84165642709252,0.0,7.869872502254893,0.0,6.339356163260795,0.0,5.428759052548854,0.0,5.695872440035465,0.0,9.530656981062142,0.0,2.703678107350992,0.0,2.7250809451978615,0.0,0.8007601144362938,0.0,-4.973492133940138,0.0,0.9730929827842292,0.0,""
"2026-09-28 10:31:18","git-master-bddc7a050319718b5e4e0856afec0bc9ea96418f","C:\Users\marco\Desktop\ds004507\derivatives\labels\sub-003\ses-headDown\anat\sub-003_ses-headDown_T2w_seg-manual.nii.gz","689","9","",44.394297598786316,0.0,6.335859475202928,0.0,6.421853583618698,0.0,5.871897058804358,0.0,5.950484384822857,0.0,9.464997422498183,0.0,2.9375970418272237,0.0,2.9343000169771347,0.0,0.7776531710977432,0.0,-5.454795367279005,0.0,0.9645263568006318,0.0,""
"2026-09-28 10:31:18","git-master-bddc7a050319718b5e4e0856afec0bc9ea96418f","C:\Users\marco\Desktop\ds004507\derivatives\labels\sub-003\ses-headDown\anat\sub-003_ses-headDown_T2w_seg-manual.nii.gz","690","9","",45.10901778669784,0.0,4.086086747082862,0.0,6.495663321037241,0.0,5.9019786351186205,0.0,5.966330128490393,0.0,9.646567127066719,0.0,3.062173125272982,0.0,2.8398055098456396,0.0,0.7853493959298786,0.0,-5.908367486096455,0.0,0.9586325322269185,0.0,""
"2026-09-28 10:31:18","git-master-bddc7a050319718b5e4e0856afec0bc9ea96418f","C:\Users\marco\Desktop\ds004507\derivatives\labels\sub-003\ses-headDown\anat\sub-003_ses-headDown_T2w_seg-manual.nii.gz","691","9","",45.366102184949455,0.0,1.7734082759173515,0.0,6.560792515271232,0.0,5.554402630642138,0.0,5.8391584515123665,0.0,9.947393733711055,0.0,2.8871158317603705,0.0,2.6672867988817686,0.0,0.8095169786328222,0.0,-6.401507805562391,0.0,0.9519219512542769,0.0,""
"2026-09-28 10:31:18","git-master-bddc7a050319718b5e4e0856afec0bc9ea96418f","C:\Users\marco\Desktop\ds004507\derivatives\labels\sub-003\ses-headDown\anat\sub-003_ses-headDown_T2w_seg-manual.nii.gz","692","9","",44.446333758601696,0.0,0.06672852836017565,0.0,6.617247628162511,0.0,5.441309995310805,0.0,5.661835559186084,0.0,10.013661985849975,0.0,2.8401763448679094,0.0,2.601133650442896,0.0,0.8248092488252248,0.0,-5.058229958629083,0.0,0.9645203679369251,0.0,""
"2026-09-28 10:31:18","git-master-bddc7a050319718b5e4e0856afec0bc9ea96418f","C:\Users\marco\Desktop\ds004507\derivatives\labels\sub-003\ses-headDown\anat\sub-003_ses-headDown_T2w_seg-manual.nii.gz","693","8","",43.35027964408457,0.0,-1.065936310556445,0.0,6.669615630411516,0.0,5.441446084002667,0.0,5.611257218439823,0.0,9.8480861844019,0.0,2.7314050939857815,0.0,2.7100409900168856,0.0,0.8217962361865722,0.0,-5.216401906151966,0.0,0.9739701222272521,0.0,""
"2026-09-28 10:31:18","git-master-bddc7a050319718b5e4e0856afec0bc9ea96418f","C:\Users\marco\Desktop\ds004507\derivatives\labels\sub-003\ses-headDown\anat\sub-003_ses-headDown_T2w_seg-manual.nii.gz","694","8","",43.34338333005376,0.0,-1.3202856678432187,0.0,6.7000480509233915,0.0,5.418096410584124,0.0,5.718158734829981,0.0,9.771927405783225,0.0,2.7214783958643403,0.0,2.696618014719785,0.0,0.8108073032228758,0.0,-1.0447121234672085,0.0,0.9792123941870533,0.0,""
"2026-09-28 10:31:18","git-master-bddc7a050319718b5e4e0856afec0bc9ea96418f","C:\Users\marco\Desktop\ds004507\derivatives\labels\sub-003\ses-headDown\anat\sub-003_ses-headDown_T2w_seg-manual.nii.gz","695","8","",44.02780400050908,0.0,-1.3888732950653195,0.0,6.725179809109921,0.0,5.419651884899621,0.0,5.796555045559155,0.0,9.841469632229046,0.0,2.7155107293819913,0.0,2.7041411555176302,0.0,0.8081222580619035,0.0,-1.567594105305008,0.0,0.9826971792665798,0.0,""
"2026-09-28 10:31:18","git-master-bddc7a050319718b5e4e0856afec0bc9ea96418f","C:\Users\marco\Desktop\ds004507\derivatives\labels\sub-003\ses-headDown\anat\sub-003_ses-headDown_T2w_seg-manual.nii.gz","696","8","",44.9319696172097,0.0,-1.356886476691395,0.0,6.745011787047144,0.0,5.527309818222269,0.0,5.878774426817933,0.0,9.912066087253061,0.0,2.7870965120341435,0.0,2.7402133061881258,0.0,0.8049478130910539,0.0,-3.8631701307629966,0.0,0.979140622660718,0.0,""
"2026-09-28 10:31:18","git-master-bddc7a050319718b5e4e0856afec0bc9ea96418f","C:\Users\marco\Desktop\ds004507\derivatives\labels\sub-003\ses-headDown\anat\sub-003_ses-headDown_T2w_seg-manual.nii.gz","697","8","",45.443852267811955,0.0,-1.3287973395030235,0.0,6.759015192612357,0.0,5.860845730497744,0.0,6.008662756982175,0.0,9.789352638659283,0.0,3.042934694478072,0.0,2.817911036019672,0.0,0.7894129416501755,0.0,-4.180407334990012,0.0,0.9607347409629426,0.0,""
"2026-09-28 10:31:18","git-master-bddc7a050319718b5e4e0856afec0bc9ea96418f","C:\Users\marco\Desktop\ds004507\derivatives\labels\sub-003\ses-headDown\anat\sub-003_ses-headDown_T2w_seg-manual.nii.gz","698","8","",44.729264751940626,0.0,-1.3058465604711138,0.0,6.765337282193714,0.0,5.894662623395661,0.0,6.042289350005036,0.0,9.584360661660407,0.0,2.9954793589427404,0.0,2.8991832644529207,0.0,0.7760157529009234,0.0,-6.044016966642544,0.0,0.9553637436217755,0.0,""
"2026-09-28 10:31:18","git-master-bddc7a050319718b5e4e0856afec0bc9ea96418f","C:\Users\marco\Desktop\ds004507\derivatives\labels\sub-003\ses-headDown\anat\sub-003_ses-headDown_T2w_seg-manual.nii.gz","699","8","",45.78631213434654,0.0,-1.2864397190138577,0.0,6.766362376649821,0.0,5.950552155025271,0.0,6.120338920586291,0.0,9.678470201965697,0.0,3.018042016838818,0.0,2.9325101381864527,0.0,0.7745311626329429,0.0,-7.290077209444767,0.0,0.9605873313156872,0.0,""
"2026-09-28 10:31:18","git-master-bddc7a050319718b5e4e0856afec0bc9ea96418f","C:\Users\marco\Desktop\ds004507\derivatives\labels\sub-003\ses-headDown\anat\sub-003_ses-headDown_T2w_seg-manual.nii.gz","700","8","",47.7029903960278,0.0,-1.2705769110199645,0.0,6.7620904521625205,0.0,6.017315543688223,0.0,6.209286246128127,0.0,9.93738031453083,0.0,3.0715116918178778,0.0,2.945803851870345,0.0,0.7807405381494216,0.0,-7.402140976073422,0.0,0.9680718619892418,0.0,""
"2026-09-28 10:31:18","git-master-bddc7a050319718b5e4e0856afec0bc9ea96418f","C:\Users\marco\Desktop\ds004507\derivatives\labels\sub-003\ses-headDown\anat\sub-003_ses-headDown_T2w_seg-manual.nii.gz","701","8","",47.970622601898896,0.0,-1.2589670968802527,0.0,6.751461936924359,0.0,6.01552112654323,0.0,6.209158763027818,0.0,10.006637783138236,0.0,3.005776427067642,0.0,3.009744699475588,0.0,0.7841964178500092,0.0,-5.419463476015888,0.0,0.9592999767049674,0.0,""
"2026-09-28 10:31:18","git-master-bddc7a050319718b5e4e0856afec0bc9ea96418f","C:\Users\marco\Desktop\ds004507\derivatives\labels\sub-003\ses-headDown\anat\sub-003_ses-headDown_T2w_seg-manual.nii.gz","702","8","",45.2399479862459,0.0,-1.252142076944941,0.0,6.733680981508669,0.0,5.632256775817417,0.0,5.872310599349555,0.0,9.949055095532563,0.0,2.87750012381809,0.0,2.7547566519993274,0.0,0.8068346482551071,0.0,-2.3723021725385305,0.0,0.9633256852012158,0.0,""
"2026-09-28 10:31:18","git-master-bddc7a050319718b5e4e0856afec0bc9ea96418f","C:\Users\marco\Desktop\ds004507\derivatives\labels\sub-003\ses-headDown\anat\sub-003_ses-headDown_T2w_seg-manual.nii.gz","703","8","",44.39286998128154,0.0,-1.2488614031354979,0.0,6.71060058872903,0.0,5.419805686383457,0.0,5.766567110210884,0.0,9.93002070998903,0.0,2.8127678752134933,0.0,2.607037811169964,0.0,0.8140408308398086,0.0,-0.9368939098413898,0.0,0.973251423220155,0.0,""
"2026-09-28 10:31:18","git-master-bddc7a050319718b5e4e0856afec0bc9ea96418f","C:\Users\marco\Desktop\ds004507\derivatives\labels\sub-003\ses-headDown\anat\sub-003_ses-headDown_T2w_seg-manual.nii.gz","704","8","",45.5562541340251,0.0,-1.2491250906933593,0.0,6.682219831264332,0.0,5.420654723130783,0.0,5.892180308919159,0.0,9.966234338737793,0.0,2.816458170416607,0.0,2.604196552714176,0.0,0.8065021243289344,0.0,-1.2147817380088965,0.0,0.985071155843881,0.0,""
"2026-09-28 10:31:18","git-master-bddc7a050319718b5e4e0856afec0bc9ea96418f","C:\Users\marco\Desktop\ds004507\derivatives\labels\sub-003\ses-headDown\anat\sub-003_ses-headDown_T2w_seg-manual.nii.gz","705","8","",45.826064214197594,0.0,-1.2539964547007698,0.0,6.646946283347242,0.0,5.422443704081311,0.0,5.851025837855863,0.0,10.010207889766338,0.0,2.820999899220596,0.0,2.6014438048607147,0.0,0.811375147598755,0.0,-1.775719306843634,0.0,0.987219723108646,0.0,""
"2026-09-28 10:31:18","git-master-bddc7a050319718b5e4e0856afec0bc9ea96418f","C:\Users\marco\Desktop\ds004507\derivatives\labels\sub-003\ses-headDown\anat\sub-003_ses-headDown_T2w_seg-manual.nii.gz","706","8","",46.52645457524312,0.0,-1.2632982096277487,0.0,6.605041220268693,0.0,5.421439672293832,0.0,5.859895082219271,0.0,10.135240877969167,0.0,2.8274242098416478,0.0,2.594015462452184,0.0,0.8158726947107581,0.0,-0.6994148548042223,0.0,0.9853197483140512,0.0,""
"2026-09-28 10:31:18","git-master-bddc7a050319718b5e4e0856afec0bc9ea96418f","C:\Users\marco\Desktop\ds004507\derivatives\labels\sub-003\ses-headDown\anat\sub-003_ses-headDown_T2w_seg-manual.nii.gz","707","8","",47.44119863815384,0.0,-1.2761441961184554,0.0,6.557828333566738,0.0,5.5531478228982465,0.0,5.953826072216868,0.0,10.171254418798481,0.0,2.8983065735897005,0.0,2.654841249308546,0.0,0.8104948898218215,0.0,-0.747425174106387,0.0,0.9774498034358248,0.0,""
"2026-09-28 10:31:18","git-master-bddc7a050319718b5e4e0856afec0bc9ea96418f","C:\Users\marco\Desktop\ds004507\derivatives\labels\sub-003\ses-headDown\anat\sub-003_ses-headDown_T2w_seg-manual.nii.gz","708","8","",48.26073627653565,0.0,-1.2925343521545294,0.0,6.505305849260789,0.0,5.827224555761909,0.0,6.11318577951777,0.0,10.064258341370772,0.0,3.035157515748122,0.0,2.7920670400137872,0.0,0.7943637149901269,0.0,-2.420021851402626,0.0,0.9648653042889421,0.0,""
"2026-09-28 10:31:18","git-master-bddc7a050319718b5e4e0856afec0bc9ea96418f","C:\Users\marco\Desktop\ds004507\derivatives\labels\sub-003\ses-headDown\anat\sub-003_ses-headDown_T2w_seg-manual.nii.gz","709","8","",46.93351702881689,0.0,-1.3138861295263453,0.0,6.445344733810312,0.0,5.918406327956377,0.0,6.055244903756045,0.0,9.8518745662247,0.0,3.062311210173061,0.0,2.8560951177833163,0.0,0.7887671148874121,0.0,-2.059892164661458,0.0,0.9649259251809688,0.0,""
"2026-09-28 10:31:18","git-master-bddc7a050319718b5e4e0856afec0bc9ea96418f","C:\Users\marco\Desktop\ds004507\derivatives\labels\sub-003\ses-headDown\anat\sub-003_ses-headDown_T2w_seg-manual.nii.gz","710","8","",46.39751386660261,0.0,-1.3393132342988738,0.0,6.37926760679984,0.0,5.9384550711504485,0.0,6.024431474299619,0.0,9.779055757777288,0.0,3.0710215867697515,0.0,2.8674334843806975,0.0,0.787703896753464,0.0,-2.5113238442279298,0.0,0.9637856408147296,0.0,""
"2026-09-28 10:31:18","git-master-bddc7a050319718b5e4e0856afec0bc9ea96418f","C:\Users\marco\Desktop\ds004507\derivatives\labels\sub-003\ses-headDown\anat\sub-003_ses-headDown_T2w_seg-manual.nii.gz","711","8","",46.240089586803286,0.0,-1.3682839040349681,0.0,6.3078688979321,0.0,5.960281966451437,0.0,6.0131957917300385,0.0,9.754870894659476,0.0,3.0726481337977027,0.0,2.8876338326537345,0.0,0.7874066343790825,0.0,-2.5503562548926415,0.0,0.9650418319179668,0.0,""
"2026-09-28 10:31:18","git-master-bddc7a050319718b5e4e0856afec0bc9ea96418f","C:\Users\marco\Desktop\ds004507\derivatives\labels\sub-003\ses-headDown\anat\sub-003_ses-headDown_T2w_seg-manual.nii.gz","712","8","",46.32380340705507,0.0,-1.4007979859167579,0.0,6.231146098673901,0.0,6.022150770752296,0.0,6.018243397223667,0.0,9.747812406741192,0.0,3.0736035318085264,0.0,2.9485472389437692,0.0,0.7865694597201349,0.0,-1.52465043915587,0.0,0.9704552364369128,0.0,""
"2026-09-28 10:31:18","git-master-bddc7a050319718b5e4e0856afec0bc9ea96418f","C:\Users\marco\Desktop\ds004507\derivatives\labels\sub-003\ses-headDown\anat\sub-003_ses-headDown_T2w_seg-manual.nii.gz","713","8","",48.73142907463892,0.0,-1.4386265925856978,0.0,6.146428578409215,0.0,6.025573271268501,0.0,6.03003925861939,0.0,10.250288743195606,0.0,3.086190677962633,0.0,2.9393825933058677,0.0,0.8080513722113617,0.0,-1.5541682866822197,0.0,0.9669114152295709,0.0,""
"2026-09-28 10:31:18","git-master-bddc7a050319718b5e4e0856afec0bc9ea96418f","C:\Users\marco\Desktop\ds004507\derivatives\labels\sub-003\ses-headDown\anat\sub-003_ses-headDown_T2w_seg-manual.nii.gz","714","8","",48.60954489712768,0.0,-1.4801748275054207,0.0,6.056107952892742,0.0,5.966221122832448,0.0,6.059253312858749,0.0,10.211096882214479,0.0,3.0493372383302684,0.0,2.9168838845021803,0.0,0.8045089652894648,0.0,-2.180354805799035,0.0,0.9661328545135522,0.0,""
"2026-09-28 10:31:18","git-master-bddc7a050319718b5e4e0856afec0bc9ea96418f","C:\Users\marco\Desktop\ds004507\derivatives\labels\sub-003\ses-headDown\anat\sub-003_ses-headDown_T2w_seg-manual.nii.gz","715","8","",47.965341840514476,0.0,-1.525265254157227,0.0,5.960447602878668,0.0,5.879911041087402,0.0,6.114004852424881,0.0,10.019078607843102,0.0,3.016900785056471,0.0,2.863010256030931,0.0,0.7922068649169207,0.0,-3.154905775019551,0.0,0.961197743138791,0.0,""
"2026-09-28 10:31:18","git-master-bddc7a050319718b5e4e0856afec0bc9ea96418f","C:\Users\marco\Desktop\ds004507\derivatives\labels\sub-003\ses-headDown\anat\sub-003_ses-headDown_T2w_seg-manual.nii.gz","716","8","",48.75377898288225,0.0,-1.5740746551956237,0.0,5.85917693667142,0.0,5.799763948345722,0.0,6.204966918333605,0.0,10.047793062787735,0.0,3.0431805889221337,0.0,2.7565833594235887,0.0,0.7865337277111408,0.0,-4.264353417867379,0.0,0.9447686148893477,0.0,""
"2026-09-28 10:31:18","git-master-bddc7a050319718b5e4e0856afec0bc9ea96418f","C:\Users\marco\Desktop\ds004507\derivatives\labels\sub-003\ses-headDown\anat\sub-003_ses-headDown_T2w_seg-manual.nii.gz","717","8","",48.80618841769471,0.0,-1.6281957576102923,0.0,5.749880746403573,0.0,5.789763006171945,0.0,6.058661143189334,0.0,10.258354347758432,0.0,3.080407526010323,0.0,2.709355480161622,0.0,0.806516729807366,0.0,-1.9924949539184666,0.0,0.9569128152004047,0.0,""
"2026-09-28 10:31:18","git-master-bddc7a050319718b5e4e0856afec0bc9ea96418f","C:\Users\marco\Desktop\ds004507\derivatives\labels\sub-003\ses-headDown\anat\sub-003_ses-headDown_T2w_seg-manual.nii.gz","718","8","",49.14908292618659,0.0,-1.6775923796538617,0.0,5.639695884580204,0.0,5.840643768994393,0.0,6.036208162026439,0.0,10.359686212105569,0.0,3.111604925479201,0.0,2.7290388435151915,0.0,0.8127098382614993,0.0,-0.07091109700494191,0.0,0.9631925528139899,0.0,""
"2026-09-28 10:31:18","git-master-bddc7a050319718b5e4e0856afec0bc9ea96418f","C:\Users\marco\Desktop\ds004507\derivatives\labels\sub-003\ses-headDown\anat\sub-003_ses-headDown_T2w_seg-manual.nii.gz","719","8","",49.622201250114664,0.0,-1.7183500760124737,0.0,5.530739641782149,0.0,5.929554013932825,0.0,6.095101310718266,0.0,10.358602694561135,0.0,3.1391751192189634,0.0,2.7903788947138617,0.0,0.8085179423853678,0.0,0.8034553987988889,0.0,0.9654743572486757,0.0,""
"2026-09-28 10:31:18","git-master-bddc7a050319718b5e4e0856afec0bc9ea96418f","C:\Users\marco\Desktop\ds004507\derivatives\labels\sub-003\ses-headDown\anat\sub-003_ses-headDown_T2w_seg-manual.nii.gz","720","8","",49.89770425891509,0.0,-1.7431710204681834,0.0,5.426443563734276,0.0,6.021496348943311,0.0,6.1486130348703965,0.0,10.272419104922808,0.0,3.1679280570702617,0.0,2.8535682918730485,0.0,0.8010615743675907,0.0,-0.49224507303303566,0.0,0.9686401717365184,0.0,""
"2026-09-28 10:31:18","git-master-bddc7a050319718b5e4e0856afec0bc9ea96418f","C:\Users\marco\Desktop\ds004507\derivatives\labels\sub-003\ses-headDown\anat\sub-003_ses-headDown_T2w_seg-manual.nii.gz","721","8","",50.4137399357446,0.0,-1.7485927309002995,0.0,5.327829984297261,0.0,6.033078291008851,0.0,6.169116877391576,0.0,10.35662581732311,0.0,3.1165529300172903,0.0,2.9165253609915602,0.0,0.8032103020087558,0.0,0.6191503195065436,0.0,0.9656375475251394,0.0,""
"2026-09-28 10:31:18","git-master-bddc7a050319718b5e4e0856afec0bc9ea96418f","C:\Users\marco\Desktop\ds004507\derivatives\labels\sub-003\ses-headDown\anat\sub-003_ses-headDown_T2w_seg-manual.nii.gz","722","8","",50.07693499317282,0.0,-1.7401580146383817,0.0,5.233280424244467,0.0,5.994425565417673,0.0,6.155166431293785,0.0,10.349759067391817,0.0,3.0537128095340336,0.0,2.9407127558836392,0.0,0.8039292001692898,0.0,0.7626002903820821,0.0,0.9601343128637125,0.0,""
"2026-09-28 10:31:18","git-master-bddc7a050319718b5e4e0856afec0bc9ea96418f","C:\Users\marco\Desktop\ds004507\derivatives\labels\sub-003\ses-headDown\anat\sub-003_ses-headDown_T2w_seg-manual.nii.gz","723","8","",49.48184080482354,0.0,-1.717866581018197,0.0,5.1427974053157035,0.0,5.936167061518376,0.0,6.132288218867547,0.0,10.302550302954362,0.0,3.0028817458969086,0.0,2.9332853156214673,0.0,0.8035455822388926,0.0,-0.26307655830652577,0.0,0.9549952240579642,0.0,""
"2026-09-28 10:31:18","git-master-bddc7a050319718b5e4e0856afec0bc9ea96418f","C:\Users\marco\Desktop\ds004507\derivatives\labels\sub-003\ses-headDown\anat\sub-003_ses-headDown_T2w_seg-manual.nii.gz","724","8","",50.82538644378892,0.0,-1.6782533159251087,0.0,5.057402297084416,0.0,5.939047412162861,0.0,6.178301229636295,0.0,10.462400283393247,0.0,3.011970235458768,0.0,2.927077176704093,0.0,0.8070057100612938,0.0,-1.953772091489471,0.0,0.9576861273596603,0.0,""
"2026-09-28 10:31:18","git-master-bddc7a050319718b5e4e0856afec0bc9ea96418f","C:\Users\marco\Desktop\ds004507\derivatives\labels\sub-003\ses-headDown\anat\sub-003_ses-headDown_T2w_seg-manual.nii.gz","725","8","",51.272688970777345,0.0,-1.6206224273555587,0.0,4.977304945473389,0.0,5.79359028633967,0.0,6.172590436943831,0.0,10.67883529071812,0.0,2.9596526139653676,0.0,2.8339376723743026,0.0,0.8158544521043744,0.0,-0.4132615032089837,0.0,0.9528083754826097,0.0,""
"2026-09-28 10:31:18","git-master-bddc7a050319718b5e4e0856afec0bc9ea96418f","C:\Users\marco\Desktop\ds004507\derivatives\labels\sub-003\ses-headDown\anat\sub-003_ses-headDown_T2w_seg-manual.nii.gz","726","8","",50.513094537752636,0.0,-1.5491294099028838,0.0,4.901286063227385,0.0,5.650556635855401,0.0,6.107655548645575,0.0,10.680290864408738,0.0,2.893831234414491,0.0,2.7567254014409106,0.0,0.8203362491289085,0.0,0.3059748936450977,0.0,0.9543336548861411,0.0,""
"2026-09-28 10:31:18","git-master-bddc7a050319718b5e4e0856afec0bc9ea96418f","C:\Users\marco\Desktop\ds004507\derivatives\labels\sub-003\ses-headDown\anat\sub-003_ses-headDown_T2w_seg-manual.nii.gz","727","8","",49.0321715872329,0.0,-1.4637726774896958,0.0,4.82934751890003,0.0,5.5436092925475995,0.0,5.989140905406499,0.0,10.52029738603208,0.0,2.835733300893051,0.0,2.7078759916545483,0.0,0.8218785382479533,0.0,-0.38531702389428857,0.0,0.9647792106495627,0.0,""
"2026-09-28 10:31:18","git-master-bddc7a050319718b5e4e0856afec0bc9ea96418f","C:\Users\marco\Desktop\ds004507\derivatives\labels\sub-003\ses-headDown\anat\sub-003_ses-headDown_T2w_seg-manual.nii.gz","728","8","",50.13098725451737,0.0,-1.3596957183918232,0.0,4.762921631415743,0.0,5.45740514820855,0.0,5.863758830655377,0.0,10.896723227133126,0.0,2.8419718400076293,0.0,2.6154333082009207,0.0,0.8424823112901887,0.0,-0.21052317867785916,0.0,0.9788551302207109,0.0,""
"2026-09-28 10:31:18","git-master-bddc7a050319718b5e4e0856afec0bc9ea96418f","C:\Users\marco\Desktop\ds004507\derivatives\labels\sub-003\ses-headDown\anat\sub-003_ses-headDown_T2w_seg-manual.nii.gz","729","8","",49.55561095003274,0.0,-1.2389735632662602,0.0,4.7014000196959165,0.0,5.438380000543754,0.0,5.864744916921371,0.0,10.766417967351888,0.0,2.7913608508587866,0.0,2.647019149684967,0.0,0.8383656845128257,0.0,0.1733009902957603,0.0,0.9864500928666773,0.0,""
"2026-09-28 10:31:18","git-master-bddc7a050319718b5e4e0856afec0bc9ea96418f","C:\Users\marco\Desktop\ds004507\derivatives\labels\sub-003\ses-headDown\anat\sub-003_ses-headDown_T2w_seg-manual.nii.gz","730","8","",48.71608125122007,0.0,-1.1043778735073833,0.0,4.643967275547444,0.0,5.440745971835017,0.0,5.899703972442188,0.0,10.53909249500866,0.0,2.756213941861511,0.0,2.6845320299735063,0.0,0.8285432324876806,0.0,1.1423760699511103,0.0,0.9871910527690457,0.0,""
"2026-09-28 10:31:18","git-master-bddc7a050319718b5e4e0856afec0bc9ea96418f","C:\Users\marco\Desktop\ds004507\derivatives\labels\sub-003\ses-headDown\anat\sub-003_ses-headDown_T2w_seg-manual.nii.gz","731","8","",48.255946804427396,0.0,-0.9559069806676564,0.0,4.590624724675182,0.0,5.445073030674303,0.0,5.928303484139438,0.0,10.400280004371444,0.0,2.764903631283751,0.0,2.680169399390553,0.0,0.8216260463123574,0.0,2.6549314776485122,0.0,0.981317537016768,0.0,""
"2026-09-28 10:31:18","git-master-bddc7a050319718b5e4e0856afec0bc9ea96418f","C:\Users\marco\Desktop\ds004507\derivatives\labels\sub-003\ses-headDown\anat\sub-003_ses-headDown_T2w_seg-manual.nii.gz","732","8","",48.79674905567053,0.0,-0.7873131040546089,0.0,4.543216403726878,0.0,5.441752710828862,0.0,5.9225997090041735,0.0,10.525472704164917,0.0,2.7658551317419255,0.0,2.675897579086936,0.0,0.8266336729136229,0.0,1.5219474656548126,0.0,0.9791904219759326,0.0,""
"2026-09-28 10:31:18","git-master-bddc7a050319718b5e4e0856afec0bc9ea96418f","C:\Users\marco\Desktop\ds004507\derivatives\labels\sub-003\ses-headDown\anat\sub-003_ses-headDown_T2w_seg-manual.nii.gz","733","8","",49.90669416852414,0.0,-0.6034519798471439,0.0,4.500312417336574,0.0,5.440389855919781,0.0,5.931050498004839,0.0,10.749865068379355,0.0,2.76828522417519,0.0,2.6721046317445913,0.0,0.8338695236893817,0.0,0.5688081922328573,0.0,0.982394390870816,0.0,""
"2026-09-28 10:31:18","git-master-bddc7a050319718b5e4e0856afec0bc9ea96418f","C:\Users\marco\Desktop\ds004507\derivatives\labels\sub-003\ses-headDown\anat\sub-003_ses-headDown_T2w_seg-manual.nii.gz","734","8","",50.489304746464285,0.0,-0.4057121286611294,0.0,4.461504342730829,0.0,5.440119394293218,0.0,5.943349581177803,0.0,10.8591184943644,0.0,2.7452209731566892,0.0,2.694898421136529,0.0,0.8368628343624466,0.0,0.014905316718380041,0.0,0.9836337923670649,0.0,""
"2026-09-28 10:31:18","git-master-bddc7a050319718b5e4e0856afec0bc9ea96418f","C:\Users\marco\Desktop\ds004507\derivatives\labels\sub-003\ses-headDown\anat\sub-003_ses-headDown_T2w_seg-manual.nii.gz","735","8","",49.68979585972757,0.0,-0.19409403241905418,0.0,4.426793048971223,0.0,5.440379136616087,0.0,5.952117374645578,0.0,10.685243521933316,0.0,2.674703591252682,0.0,2.765675545363406,0.0,0.8304850789338829,0.0,0.053117987221976415,0.0,0.9773359840954274,0.0,""
"2026-09-28 10:31:18","git-master-bddc7a050319718b5e4e0856afec0bc9ea96418f","C:\Users\marco\Desktop\ds004507\derivatives\labels\sub-003\ses-headDown\anat\sub-003_ses-headDown_T2w_seg-manual.nii.gz","736","7","",49.692345394167205,0.0,0.12174924154223277,0.0,4.388371450172675,0.0,5.440690771003153,0.0,5.953981661752154,0.0,10.676657224325742,0.0,2.6780414370074688,0.0,2.762649333995684,0.0,0.8300671417813481,0.0,-0.1938650200956567,0.0,0.9835967193438687,0.0,""
"2026-09-28 10:31:18","git-master-bddc7a050319718b5e4e0856afec0bc9ea96418f","C:\Users\marco\Desktop\ds004507\derivatives\labels\sub-003\ses-headDown\anat\sub-003_ses-headDown_T2w_seg-manual.nii.gz","737","7","",51.258742667969365,0.0,0.42489531765604144,0.0,4.362172774746249,0.0,5.745743900100085,0.0,6.1697745827450525,0.0,10.62397161611673,0.0,2.984876781904029,0.0,2.7608671181960567,0.0,0.8140101765005805,0.0,1.1863647936895374,0.0,0.9643651865153502,0.0,""
"2026-09-28 10:31:18","git-master-bddc7a050319718b5e4e0856afec0bc9ea96418f","C:\Users\marco\Desktop\ds004507\derivatives\labels\sub-003\ses-headDown\anat\sub-003_ses-headDown_T2w_seg-manual.nii.gz","738","7","",51.74755014621,0.0,0.7500757719880818,0.0,4.342497877544623,0.0,5.9667187012482525,0.0,6.2902478876505,0.0,10.50280678909891,0.0,3.131248572770298,0.0,2.835470128477954,0.0,0.8007068530704811,0.0,0.7213398753860751,0.0,0.9646440263497627,0.0,""
"2026-09-28 10:31:18","git-master-bddc7a050319718b5e4e0856afec0bc9ea96418f","C:\Users\marco\Desktop\ds004507\derivatives\labels\sub-003\ses-headDown\anat\sub-003_ses-headDown_T2w_seg-manual.nii.gz","739","7","",51.60081365137437,0.0,1.0972618590629497,0.0,4.329347688350581,0.0,6.025634634459374,0.0,6.245329115793092,0.0,10.512920002837786,0.0,3.1669391441295756,0.0,2.8586954903297985,0.0,0.8043492866308232,0.0,0.21001291909226172,0.0,0.958282470744856,0.0,""
"2026-09-28 10:31:18","git-master-bddc7a050319718b5e4e0856afec0bc9ea96418f","C:\Users\marco\Desktop\ds004507\derivatives\labels\sub-003\ses-headDown\anat\sub-003_ses-headDown_T2w_seg-manual.nii.gz","740","7","",50.715565326197634,0.0,1.4664158936496263,0.0,4.322722828326436,0.0,6.0345196504378285,0.0,6.201631734585143,0.0,10.375105071880922,0.0,3.07390571254683,0.0,2.9606139378909986,0.0,0.8015056385361672,0.0,0.331034567244294,0.0,0.9575528133804191,0.0,""
"2026-09-28 10:31:18","git-master-bddc7a050319718b5e4e0856afec0bc9ea96418f","C:\Users\marco\Desktop\ds004507\derivatives\labels\sub-003\ses-headDown\anat\sub-003_ses-headDown_T2w_seg-manual.nii.gz","741","7","",50.288883302176785,0.0,1.837184731635339,0.0,4.32262361331734,0.0,6.042190963985985,0.0,6.21808020510441,0.0,10.24607638324895,0.0,2.984537948971928,0.0,3.0576530150140573,0.0,0.7947984040909758,0.0,0.05261936927897437,0.0,0.9616527803397585,0.0,""
"2026-09-28 10:31:18","git-master-bddc7a050319718b5e4e0856afec0bc9ea96418f","C:\Users\marco\Desktop\ds004507\derivatives\labels\sub-003\ses-headDown\anat\sub-003_ses-headDown_T2w_seg-manual.nii.gz","742","7","",50.61843461390331,0.0,2.176741069921739,0.0,4.329050055589923,0.0,6.039558524779062,0.0,6.230037231067864,0.0,10.294170550355531,0.0,2.983125572762463,0.0,3.0564329520165994,0.0,0.7960592071839886,0.0,-0.9245685928865012,0.0,0.9610937690738189,0.0,""
"2026-09-28 10:31:18","git-master-bddc7a050319718b5e4e0856afec0bc9ea96418f","C:\Users\marco\Desktop\ds004507\derivatives\labels\sub-003\ses-headDown\anat\sub-003_ses-headDown_T2w_seg-manual.nii.gz","743","7","",50.12060425359953,0.0,2.460112182150133,0.0,4.342001864005877,0.0,6.036888144449862,0.0,6.190535179526093,0.0,10.268580370658112,0.0,2.983655115076394,0.0,3.0532330293734677,0.0,0.7977320120063265,0.0,-1.3494234505134817,0.0,0.9534321674457649,0.0,""
"2026-09-28 10:31:18","git-master-bddc7a050319718b5e4e0856afec0bc9ea96418f","C:\Users\marco\Desktop\ds004507\derivatives\labels\sub-003\ses-headDown\anat\sub-003_ses-headDown_T2w_seg-manual.nii.gz","744","7","",48.86952105499771,0.0,2.687347497467104,0.0,4.36147844263026,0.0,6.065439025170858,0.0,6.201428832550301,0.0,9.998171879973635,0.0,2.9987256580678383,0.0,3.06671336710302,0.0,0.7843985989212325,0.0,-1.8707867607445783,0.0,0.938876240565233,0.0,""
"2026-09-28 10:31:18","git-master-bddc7a050319718b5e4e0856afec0bc9ea96418f","C:\Users\marco\Desktop\ds004507\derivatives\labels\sub-003\ses-headDown\anat\sub-003_ses-headDown_T2w_seg-manual.nii.gz","745","7","",49.1787137348293,0.0,2.8517742694212447,0.0,4.388261535657836,0.0,6.049652509405981,0.0,6.2470604504034215,0.0,10.003746034938349,0.0,3.083903785577727,0.0,2.9657487238282543,0.0,0.7810453159593895,0.0,-1.7274851231081656,0.0,0.9453592418065335,0.0,""
"2026-09-28 10:31:18","git-master-bddc7a050319718b5e4e0856afec0bc9ea96418f","C:\Users\marco\Desktop\ds004507\derivatives\labels\sub-003\ses-headDown\anat\sub-003_ses-headDown_T2w_seg-manual.nii.gz","746","7","",49.48971867160293,0.0,2.9579302905449,0.0,4.421827577007871,0.0,6.262209238986737,0.0,6.371065651675676,0.0,9.883203709354131,0.0,3.2438864181350215,0.0,3.018322820851715,0.0,0.7643186130562948,0.0,-4.067999733859127,0.0,0.9556337837426622,0.0,""
"2026-09-28 10:31:18","git-master-bddc7a050319718b5e4e0856afec0bc9ea96418f","C:\Users\marco\Desktop\ds004507\derivatives\labels\sub-003\ses-headDown\anat\sub-003_ses-headDown_T2w_seg-manual.nii.gz","747","7","",49.079246310307575,0.0,3.008085620282112,0.0,4.461913845919202,0.0,6.318645074983816,0.0,6.379203505489101,0.0,9.779930285331687,0.0,3.2809611027166685,0.0,3.0376839722671476,0.0,0.7579725335621528,0.0,-4.777494835237153,0.0,0.9575752264831778,0.0,""
"2026-09-28 10:31:18","git-master-bddc7a050319718b5e4e0856afec0bc9ea96418f","C:\Users\marco\Desktop\ds004507\derivatives\labels\sub-003\ses-headDown\anat\sub-003_ses-headDown_T2w_seg-manual.nii.gz","748","7","",48.440674173752335,0.0,3.0022527538797714,0.0,4.508518227394259,0.0,6.226762684395977,0.0,6.295830318672391,0.0,9.780778260190692,0.0,3.2689286656394207,0.0,2.957834018756556,0.0,0.7651702976173897,0.0,-3.225281930599863,0.0,0.9532805631570326,0.0,""
"2026-09-28 10:31:18","git-master-bddc7a050319718b5e4e0856afec0bc9ea96418f","C:\Users\marco\Desktop\ds004507\derivatives\labels\sub-003\ses-headDown\anat\sub-003_ses-headDown_T2w_seg-manual.nii.gz","749","7","",48.417862903104556,0.0,2.940429130055762,0.0,4.561638252624217,0.0,6.203058518582115,0.0,6.269248210744118,0.0,9.821996167745606,0.0,3.258641074671084,0.0,2.9444174439110316,0.0,0.7697918795348553,0.0,-3.4273242085442686,0.0,0.9507223062765889,0.0,""
"2026-09-28 10:31:18","git-master-bddc7a050319718b5e4e0856afec0bc9ea96418f","C:\Users\marco\Desktop\ds004507\derivatives\labels\sub-003\ses-headDown\anat\sub-003_ses-headDown_T2w_seg-manual.nii.gz","750","7","",49.164068859560295,0.0,2.8225974748449714,0.0,4.6212710848218475,0.0,6.276654451444029,0.0,6.328969692344304,0.0,9.874211190348808,0.0,3.252669420757911,0.0,3.0239850306861173,0.0,0.767566295252375,0.0,-4.823153293885485,0.0,0.9535739152992094,0.0,""
"2026-09-28 10:31:18","git-master-bddc7a050319718b5e4e0856afec0bc9ea96418f","C:\Users\marco\Desktop\ds004507\derivatives\labels\sub-003\ses-headDown\anat\sub-003_ses-headDown_T2w_seg-manual.nii.gz","751","7","",49.99350681278762,0.0,2.648727145866645,0.0,4.687413503525492,0.0,6.2388883958880585,0.0,6.366101760702081,0.0,9.982814700969179,0.0,3.225379235172785,0.0,3.0135091607152726,0.0,0.770262104859625,0.0,-3.0686125398090014,0.0,0.9604918913342166,0.0,""
"2026-09-28 10:31:18","git-master-bddc7a050319718b5e4e0856afec0bc9ea96418f","C:\Users\marco\Desktop\ds004507\derivatives\labels\sub-003\ses-headDown\anat\sub-003_ses-headDown_T2w_seg-manual.nii.gz","752","7","",50.35922367095453,0.0,2.4187764794557376,0.0,4.760061887380818,0.0,6.0422953067148,0.0,6.379223600394842,0.0,10.095114631805826,0.0,3.1389504743801924,0.0,2.9033448323346076,0.0,0.7750346723075234,0.0,-2.0836778095981705,0.0,0.9734433687214352,0.0,""
"2026-09-28 10:31:18","git-master-bddc7a050319718b5e4e0856afec0bc9ea96418f","C:\Users\marco\Desktop\ds004507\derivatives\labels\sub-003\ses-headDown\anat\sub-003_ses-headDown_T2w_seg-manual.nii.gz","753","7","",51.00011472756105,0.0,2.1282006566771927,0.0,4.839731870984719,0.0,6.038197014722959,0.0,6.407451974084302,0.0,10.219053613310548,0.0,3.1309419247922397,0.0,2.90725508993072,0.0,0.7790055464746588,0.0,-0.7650687138991945,0.0,0.984593145414803,0.0,""
"2026-09-28 10:31:18","git-master-bddc7a050319718b5e4e0856afec0bc9ea96418f","C:\Users\marco\Desktop\ds004507\derivatives\labels\sub-003\ses-headDown\anat\sub-003_ses-headDown_T2w_seg-manual.nii.gz","754","7","",50.75174181619248,0.0,1.7769357545653572,0.0,4.92641747488506,0.0,5.9112085746852285,0.0,6.293631424742532,0.0,10.382166095802928,0.0,3.040857205575118,0.0,2.870351369110111,0.0,0.7951700249012967,0.0,-1.595733388191457,0.0,0.9695771515322048,0.0,""
"2026-09-28 10:31:18","git-master-bddc7a050319718b5e4e0856afec0bc9ea96418f","C:\Users\marco\Desktop\ds004507\derivatives\labels\sub-003\ses-headDown\anat\sub-003_ses-headDown_T2w_seg-manual.nii.gz","755","7","",51.949919093608706,0.0,1.3694339864856948,0.0,5.019593278858674,0.0,5.910535778216836,0.0,6.288451067189978,0.0,10.609389889443143,0.0,3.0123653003867017,0.0,2.898170477830135,0.0,0.8053195595658862,0.0,-0.09132011303743703,0.0,0.9679295869807194,0.0,""
"2026-09-28 10:31:18","git-master-bddc7a050319718b5e4e0856afec0bc9ea96418f","C:\Users\marco\Desktop\ds004507\derivatives\labels\sub-003\ses-headDown\anat\sub-003_ses-headDown_T2w_seg-manual.nii.gz","756","7","",52.9152633648292,0.0,0.9056768126289904,0.0,5.1192534627581665,0.0,5.902232107784309,0.0,6.325233553253971,0.0,10.73069562292181,0.0,3.0008404701050617,0.0,2.901391637679247,0.0,0.8078039703380006,0.0,-0.13654230358264108,0.0,0.970205522333002,0.0,""
"2026-09-28 10:31:18","git-master-bddc7a050319718b5e4e0856afec0bc9ea96418f","C:\Users\marco\Desktop\ds004507\derivatives\labels\sub-003\ses-headDown\anat\sub-003_ses-headDown_T2w_seg-manual.nii.gz","757","7","",52.231691208919486,0.0,0.3856754371310976,0.0,5.225391660155416,0.0,5.83471900303651,0.0,6.246669419407639,0.0,10.706174684929083,0.0,2.988913906960202,0.0,2.8458050960763077,0.0,0.8121196883319891,0.0,-0.40378043648553813,0.0,0.9690036522161715,0.0,""
"2026-09-28 10:31:18","git-master-bddc7a050319718b5e4e0856afec0bc9ea96418f","C:\Users\marco\Desktop\ds004507\derivatives\labels\sub-003\ses-headDown\anat\sub-003_ses-headDown_T2w_seg-manual.nii.gz","758","7","",50.928236615580005,0.0,-0.19051844607588134,0.0,5.338000929084795,0.0,5.665540517496326,0.0,6.047408820749958,0.0,10.807092351831232,0.0,2.9146890977736257,0.0,2.7508514197227005,0.0,0.8280309572599214,0.0,1.6683431861852034,0.0,0.9703326974180246,0.0,""
"2026-09-28 10:31:18","git-master-bddc7a050319718b5e4e0856afec0bc9ea96418f","C:\Users\marco\Desktop\ds004507\derivatives\labels\sub-003\ses-headDown\anat\sub-003_ses-headDown_T2w_seg-manual.nii.gz","759","7","",52.45054115634134,0.0,-0.8228009390229182,0.0,5.457073721404118,0.0,5.575941554463894,0.0,6.031826946342171,0.0,11.22105492407216,0.0,2.858580621359627,0.0,2.717360933104266,0.0,0.8431600543730359,0.0,3.8075288182559066,0.0,0.978592450606876,0.0,""
"2026-09-28 10:31:18","git-master-bddc7a050319718b5e4e0856afec0bc9ea96418f","C:\Users\marco\Desktop\ds004507\derivatives\labels\sub-003\ses-headDown\anat\sub-003_ses-headDown_T2w_seg-manual.nii.gz","760","7","",58.92154443355582,0.0,-1.4970621905502302,0.0,5.583187019215869,0.0,6.022805110153794,0.0,6.569359879899941,0.0,11.543852527680569,0.0,3.1451145553533952,0.0,2.877690554800398,0.0,0.8222830374368343,0.0,-1.0542497480584965,0.0,0.9752424118136296,0.0,""
"2026-09-28 10:31:18","git-master-bddc7a050319718b5e4e0856afec0bc9ea96418f","C:\Users\marco\Desktop\ds004507\derivatives\labels\sub-003\ses-headDown\anat\sub-003_ses-headDown_T2w_seg-manual.nii.gz","761","7","",58.54258009446311,0.0,-2.1083816118383965,0.0,5.721075630240208,0.0,5.94261459363874,0.0,6.554450857550323,0.0,11.538517192370318,0.0,3.132718358745833,0.0,2.809896234892906,0.0,0.8229942502812896,0.0,-3.0885198404916103,0.0,0.9384556556131214,0.0,""
"2026-09-28 10:31:18","git-master-bddc7a050319718b5e4e0856afec0bc9ea96418f","C:\Users\marco\Desktop\ds004507\derivatives\labels\sub-003\ses-headDown\anat\sub-003_ses-headDown_T2w_seg-manual.nii.gz","762","7","",59.4160735889635,0.0,-2.5218656095737475,0.0,5.877080793263598,0.0,5.9555816015957035,0.0,6.542423534591031,0.0,11.69660418851246,0.0,3.13131109369429,0.0,2.8242705079014137,0.0,0.8289098431962826,0.0,-2.923121183253777,0.0,0.9400083768767006,0.0,""
"2026-09-28 10:31:18","git-master-bddc7a050319718b5e4e0856afec0bc9ea96418f","C:\Users\marco\Desktop\ds004507\derivatives\labels\sub-003\ses-headDown\anat\sub-003_ses-headDown_T2w_seg-manual.nii.gz","763","7","",59.31103965533309,0.0,-2.758988417673382,0.0,6.0492293176456355,0.0,5.943216439056165,0.0,6.469403360701339,0.0,11.770218133219055,0.0,3.0981844846494937,0.0,2.8450319544066716,0.0,0.8353711663064297,0.0,-2.9082508944605943,0.0,0.9575250203781309,0.0,""
"2026-09-28 10:31:18","git-master-bddc7a050319718b5e4e0856afec0bc9ea96418f","C:\Users\marco\Desktop\ds004507\derivatives\labels\sub-003\ses-headDown\anat\sub-003_ses-headDown_T2w_seg-manual.nii.gz","764","7","",60.29053536374313,0.0,-2.819910575194744,0.0,6.237488433945104,0.0,5.988266594354683,0.0,6.499547050019874,0.0,11.910917596308256,0.0,3.120646504182148,0.0,2.8676200901725357,0.0,0.837989341580962,0.0,-2.6448014247655625,0.0,0.9655722282746118,0.0,""
"2026-09-28 10:31:18","git-master-bddc7a050319718b5e4e0856afec0bc9ea96418f","C:\Users\marco\Desktop\ds004507\derivatives\labels\sub-003\ses-headDown\anat\sub-003_ses-headDown_T2w_seg-manual.nii.gz","765","7","",61.68283417966415,0.0,-2.704667740960274,0.0,6.441821035507808,0.0,6.022725613151323,0.0,6.5695294454755375,0.0,12.126178973049939,0.0,3.1291728015739873,0.0,2.8935528115773357,0.0,0.8404957268399942,0.0,-2.4117058976718124,0.0,0.9686021781383866,0.0,""
"2026-09-28 10:31:18","git-master-bddc7a050319718b5e4e0856afec0bc9ea96418f","C:\Users\marco\Desktop\ds004507\derivatives\labels\sub-003\ses-headDown\anat\sub-003_ses-headDown_T2w_seg-manual.nii.gz","766","7","",62.2815514365272,0.0,-2.413167771222067,0.0,6.662185342348164,0.0,6.023924497810162,0.0,6.576564148877604,0.0,12.240902065407402,0.0,3.1007338490642997,0.0,2.9231906487458623,0.0,0.8434169142938505,0.0,-2.526938867407868,0.0,0.9712026147154771,0.0,""
"2026-09-28 10:31:18","git-master-bddc7a050319718b5e4e0856afec0bc9ea96418f","C:\Users\marco\Desktop\ds004507\derivatives\labels\sub-003\ses-headDown\anat\sub-003_ses-headDown_T2w_seg-manual.nii.gz","767","7","",62.04008891664746,0.0,-1.9452190570479357,0.0,6.8985345461093,0.0,6.0218907981812055,0.0,6.516676292565812,0.0,12.207246263985004,0.0,3.0666140493343272,0.0,2.9552767488468783,0.0,0.8455769321070186,0.0,-2.7301783126486256,0.0,0.9728418050168429,0.0,""
"2026-09-28 10:31:18","git-master-bddc7a050319718b5e4e0856afec0bc9ea96418f","C:\Users\marco\Desktop\ds004507\derivatives\labels\sub-003\ses-headDown\anat\sub-003_ses-headDown_T2w_seg-manual.nii.gz","768","7","",62.28366513328632,0.0,-1.3005902803212799,0.0,7.150816436813181,0.0,6.063303772537642,0.0,6.527200085005277,0.0,12.24065360140378,0.0,3.0601032592035624,0.0,3.0032005133340802,0.0,0.8458174162621845,0.0,-2.7099652101724465,0.0,0.9730721390788133,0.0,""
"2026-09-28 10:31:18","git-master-bddc7a050319718b5e4e0856afec0bc9ea96418f","C:\Users\marco\Desktop\ds004507\derivatives\labels\sub-003\ses-headDown\anat\sub-003_ses-headDown_T2w_seg-manual.nii.gz","769","7","",64.13070160171307,0.0,-0.4791017862606792,0.0,7.418973012133608,0.0,6.394910104604945,0.0,6.8452204526168305,0.0,12.112741101290542,0.0,3.2526017103120903,0.0,3.142308394292854,0.0,0.8250048616158346,0.0,-4.854036657290496,0.0,0.9587230883444692,0.0,""
"2026-09-28 10:31:18","git-master-bddc7a050319718b5e4e0856afec0bc9ea96418f","C:\Users\marco\Desktop\ds004507\derivatives\labels\sub-003\ses-headDown\anat\sub-003_ses-headDown_T2w_seg-manual.nii.gz","770","6","",65.96972006325495,0.0,0.6889833021373006,0.0,7.744967844182762,0.0,6.389826929840831,0.0,6.86316727930022,0.0,12.492332192650997,0.0,3.114872289968429,0.0,3.2749546398724023,0.0,0.8355657946968156,0.0,-4.666024419122944,0.0,0.9627059843885516,0.0,""
"2026-09-28 10:31:18","git-master-bddc7a050319718b5e4e0856afec0bc9ea96418f","C:\Users\marco\Desktop\ds004507\derivatives\labels\sub-003\ses-headDown\anat\sub-003_ses-headDown_T2w_seg-manual.nii.gz","771","6","",61.531557480328686,0.0,1.883304050745098,0.0,8.051618913681741,0.0,6.261424937166598,0.0,6.5439367006061255,0.0,12.080344073788421,0.0,3.085855936451858,0.0,3.1755690007147406,0.0,0.8405660401670224,0.0,-4.070122575589789,0.0,0.9567160937278649,0.0,""
"2026-09-28 10:31:18","git-master-bddc7a050319718b5e4e0856afec0bc9ea96418f","C:\Users\marco\Desktop\ds004507\derivatives\labels\sub-003\ses-headDown\anat\sub-003_ses-headDown_T2w_seg-manual.nii.gz","772","6","",57.534484300526856,0.0,2.7457369401763434,0.0,8.260008221229985,0.0,6.013558276906227,0.0,6.232644699640724,0.0,11.876055621511659,0.0,2.8853724228664785,0.0,3.1281858540397485,0.0,0.8512126594510637,0.0,-1.1486439761857554,0.0,0.9285177890201465,0.0,""
"2026-09-28 10:31:18","git-master-bddc7a050319718b5e4e0856afec0bc9ea96418f","C:\Users\marco\Desktop\ds004507\derivatives\labels\sub-003\ses-headDown\anat\sub-003_ses-headDown_T2w_seg-manual.nii.gz","773","6","",59.79336369651323,0.0,3.2770086391422577,0.0,8.370427418324585,0.0,6.181495389366808,0.0,6.36592620689737,0.0,12.033233590182988,0.0,3.0618029724887093,0.0,3.119692416878099,0.0,0.8483170594528229,0.0,-3.854730987571547,0.0,0.9467103828497986,0.0,""
"2026-09-28 10:31:18","git-master-bddc7a050319718b5e4e0856afec0bc9ea96418f","C:\Users\marco\Desktop\ds004507\derivatives\labels\sub-003\ses-headDown\anat\sub-003_ses-headDown_T2w_seg-manual.nii.gz","774","6","",57.41260731021147,0.0,3.4779109508591106,0.0,8.38303403262052,0.0,5.806811028846328,0.0,6.037088689871478,0.0,12.1463887437546,0.0,2.901371652410273,0.0,2.9054393764360547,0.0,0.8677287995250678,0.0,-4.249725956891755,0.0,0.9604933844085831,0.0,""
"2026-09-28 10:31:18","git-master-bddc7a050319718b5e4e0856afec0bc9ea96418f","C:\Users\marco\Desktop\ds004507\derivatives\labels\sub-003\ses-headDown\anat\sub-003_ses-headDown_T2w_seg-manual.nii.gz","775","6","",56.858553613463776,0.0,3.3488040202807983,0.0,8.297843076352567,0.0,5.9212145035613375,0.0,6.078402872629584,0.0,11.937039768475014,0.0,2.9547429389606035,0.0,2.966471564600734,0.0,0.8604094340980153,0.0,-4.704748671162114,0.0,0.9669215175236792,0.0,""
"2026-09-28 10:31:18","git-master-bddc7a050319718b5e4e0856afec0bc9ea96418f","C:\Users\marco\Desktop\ds004507\derivatives\labels\sub-003\ses-headDown\anat\sub-003_ses-headDown_T2w_seg-manual.nii.gz","776","6","",58.874186622699156,0.0,2.8894375522570765,0.0,8.114726408448506,0.0,6.00592366487492,0.0,6.289052153224556,0.0,11.987281735774763,0.0,2.9951572272860907,0.0,3.0107664375888286,0.0,0.851217166395621,0.0,-2.204075197071397,0.0,0.9684680327818792,0.0,""
"2026-09-28 10:31:18","git-master-bddc7a050319718b5e4e0856afec0bc9ea96418f","C:\Users\marco\Desktop\ds004507\derivatives\labels\sub-003\ses-headDown\anat\sub-003_ses-headDown_T2w_seg-manual.nii.gz","777","6","",59.49562097460016,0.0,2.099086639086449,0.0,7.833419839688247,0.0,6.0073363870031296,0.0,6.306331016450677,0.0,12.253571953423757,0.0,2.8284175619489504,0.0,3.1789188250541787,0.0,0.857395061908638,0.0,0.8682881732395296,0.0,0.9570924562884515,0.0,""
"2026-09-28 10:31:18","git-master-bddc7a050319718b5e4e0856afec0bc9ea96418f","C:\Users\marco\Desktop\ds004507\derivatives\labels\sub-003\ses-headDown\anat\sub-003_ses-headDown_T2w_seg-manual.nii.gz","778","6","",58.21833514441897,0.0,0.977004842321572,0.0,7.45353812768192,0.0,6.184258057998947,0.0,6.249931041872818,0.0,12.124153187947497,0.0,2.865175014018303,0.0,3.319083043980644,0.0,0.8568651653054826,0.0,-0.1114330273597488,0.0,0.9418434551362861,0.0,""
"2026-09-28 10:31:18","git-master-bddc7a050319718b5e4e0856afec0bc9ea96418f","C:\Users\marco\Desktop\ds004507\derivatives\labels\sub-003\ses-headDown\anat\sub-003_ses-headDown_T2w_seg-manual.nii.gz","779","6","",60.65479162758059,0.0,-0.2987230431267576,0.0,7.012833945165049,0.0,6.3318053330400765,0.0,6.377064914498689,0.0,12.251767218874798,0.0,3.0714853019447372,0.0,3.260320031095339,0.0,0.8538722647589937,0.0,-1.9264104462447675,0.0,0.9346678909549521,0.0,""
"2026-09-28 10:31:18","git-master-bddc7a050319718b5e4e0856afec0bc9ea96418f","C:\Users\marco\Desktop\ds004507\derivatives\labels\sub-003\ses-headDown\anat\sub-003_ses-headDown_T2w_seg-manual.nii.gz","780","6","",63.170091457673074,0.0,-1.3711384994690134,0.0,6.587557426878943,0.0,6.1211253034555355,0.0,6.34528788654266,0.0,12.797694374364761,0.0,2.99862146482942,0.0,3.1225038386261157,0.0,0.8679557086204845,0.0,0.8871025706444384,0.0,0.9581021795711239,0.0,""
"2026-09-28 10:31:18","git-master-bddc7a050319718b5e4e0856afec0bc9ea96418f","C:\Users\marco\Desktop\ds004507\derivatives\labels\sub-003\ses-headDown\anat\sub-003_ses-headDown_T2w_seg-manual.nii.gz","781","6","",61.71292312259237,0.0,-2.101426616257773,0.0,6.207619253644301,0.0,6.022227368697402,0.0,6.196025874910907,0.0,12.824541817507324,0.0,2.88541009783492,0.0,3.136817270862482,0.0,0.875545014551477,0.0,0.8943107196082327,0.0,0.9612172808965925,0.0,""
"2026-09-28 10:31:18","git-master-bddc7a050319718b5e4e0856afec0bc9ea96418f","C:\Users\marco\Desktop\ds004507\derivatives\labels\sub-003\ses-headDown\anat\sub-003_ses-headDown_T2w_seg-manual.nii.gz","782","6","",62.79510541999558,0.0,-2.489996786111293,0.0,5.873257262318556,0.0,6.027921669278678,0.0,6.264270486052567,0.0,12.843519148690689,0.0,2.903332885587995,0.0,3.1245887836906827,0.0,0.8729901048441029,0.0,0.8356888258272961,0.0,0.9702186383778532,0.0,""
"2026-09-28 10:31:18","git-master-bddc7a050319718b5e4e0856afec0bc9ea96418f","C:\Users\marco\Desktop\ds004507\derivatives\labels\sub-003\ses-headDown\anat\sub-003_ses-headDown_T2w_seg-manual.nii.gz","783","6","",60.47106097476699,0.0,-2.537301815085484,0.0,5.584664944069668,0.0,5.513411742927229,0.0,5.764646019816932,0.0,13.402514744420225,0.0,2.6803429902936324,0.0,2.8330687526335963,0.0,0.9022337433167321,0.0,1.8104667924192994,0.0,0.9725962018166754,0.0,""
"2026-09-28 10:31:18","git-master-bddc7a050319718b5e4e0856afec0bc9ea96418f","C:\Users\marco\Desktop\ds004507\derivatives\labels\sub-003\ses-headDown\anat\sub-003_ses-headDown_T2w_seg-manual.nii.gz","784","6","",61.0583623606459,0.0,-2.243418523825047,0.0,5.341997336324592,0.0,5.820682264969685,0.0,6.035175269190141,0.0,12.993448716779751,0.0,2.7636245062416673,0.0,3.0570577587280185,0.0,0.8854299114572627,0.0,1.299415526593385,0.0,0.954105877126513,0.0,""
"2026-09-28 10:31:18","git-master-bddc7a050319718b5e4e0856afec0bc9ea96418f","C:\Users\marco\Desktop\ds004507\derivatives\labels\sub-003\ses-headDown\anat\sub-003_ses-headDown_T2w_seg-manual.nii.gz","785","6","",59.03526065032779,0.0,-1.6079780452336419,0.0,5.145376215015884,0.0,5.43346372563383,0.0,5.653321046456746,0.0,13.325341952697428,0.0,2.59026067132969,0.0,2.84320305430414,0.0,0.9055435327583213,0.0,0.4722179088492097,0.0,0.9707883817427386,0.0,""
"2026-09-28 10:31:18","git-master-bddc7a050319718b5e4e0856afec0bc9ea96418f","C:\Users\marco\Desktop\ds004507\derivatives\labels\sub-003\ses-headDown\anat\sub-003_ses-headDown_T2w_seg-manual.nii.gz","786","6","",61.853832706057304,0.0,-0.6103176768903265,0.0,4.997612613559616,0.0,5.691719692190198,0.0,5.898749452328942,0.0,13.479247437311274,0.0,2.619828766110177,0.0,3.0718909260800205,0.0,0.8991260009529876,0.0,-0.8135184928017367,0.0,0.9523075562168395,0.0,""
"2026-09-28 10:31:18","git-master-bddc7a050319718b5e4e0856afec0bc9ea96418f","C:\Users\marco\Desktop\ds004507\derivatives\labels\sub-003\ses-headDown\anat\sub-003_ses-headDown_T2w_seg-manual.nii.gz","787","6","",65.50296263177185,0.0,0.6930596182196426,0.0,4.896061320035666,0.0,5.908356172877688,0.0,6.204631629934576,0.0,13.583414453302288,0.0,2.8190144785038482,0.0,3.08934169437384,0.0,0.8891528324478648,0.0,-5.836570667896218,0.0,0.932739648596619,0.0,""
"2026-09-28 10:31:18","git-master-bddc7a050319718b5e4e0856afec0bc9ea96418f","C:\Users\marco\Desktop\ds004507\derivatives\labels\sub-003\ses-headDown\anat\sub-003_ses-headDown_T2w_seg-manual.nii.gz","788","6","",62.91685404969107,0.0,1.9741916571734395,0.0,4.840764636048914,0.0,5.852137733141899,0.0,5.868408437689407,0.0,13.887568339461833,0.0,2.92933382243044,0.0,2.9228039107114596,0.0,0.9050160638774938,0.0,-4.659737045323511,0.0,0.9448134600086856,0.0,""
"2026-09-28 10:31:18","git-master-bddc7a050319718b5e4e0856afec0bc9ea96418f","C:\Users\marco\Desktop\ds004507\derivatives\labels\sub-003\ses-headDown\anat\sub-003_ses-headDown_T2w_seg-manual.nii.gz","789","6","",62.36941724000735,0.0,2.978316415699339,0.0,4.831744819440706,0.0,6.260103025493589,0.0,6.246831298175959,0.0,12.937171775553573,0.0,2.958548483945586,0.0,3.301554541548004,0.0,0.8755545009069786,0.0,-4.055619172179522,0.0,0.9535075374111229,0.0,""
"2026-09-28 10:31:18","git-master-bddc7a050319718b5e4e0856afec0bc9ea96418f","C:\Users\marco\Desktop\ds004507\derivatives\labels\sub-003\ses-headDown\anat\sub-003_ses-headDown_T2w_seg-manual.nii.gz","790","6","",64.4640384385099,0.0,3.705988130401103,0.0,4.869005061922552,0.0,5.906891713465215,0.0,6.154714792799648,0.0,13.39031774828471,0.0,2.9196628442971724,0.0,2.987228869168043,0.0,0.8879955263489812,0.0,-2.242138981829819,0.0,0.9686335623186754,0.0,""
"2026-09-28 10:31:18","git-master-bddc7a050319718b5e4e0856afec0bc9ea96418f","C:\Users\marco\Desktop\ds004507\derivatives\labels\sub-003\ses-headDown\anat\sub-003_ses-headDown_T2w_seg-manual.nii.gz","791","6","",70.15324900570359,0.0,4.158115805610579,0.0,4.952529616489747,0.0,6.052774520102898,0.0,6.399757410532267,0.0,13.999092543869764,0.0,3.111685348392186,0.0,2.941089171710712,0.0,0.8893583207942058,0.0,-4.194887510245912,0.0,0.9825042756198309,0.0,""
"2026-09-28 10:31:18","git-master-bddc7a050319718b5e4e0856afec0bc9ea96418f","C:\Users\marco\Desktop\ds004507\derivatives\labels\sub-003\ses-headDown\anat\sub-003_ses-headDown_T2w_seg-manual.nii.gz","792","6","",71.09196867494686,0.0,4.3354775497510305,0.0,5.082283073964658,0.0,6.1012689317110445,0.0,6.501991036570019,0.0,13.991586848825133,0.0,3.150417020801203,0.0,2.950851910909842,0.0,0.8854644954139007,0.0,-3.686970034998505,0.0,0.972236165080773,0.0,""
"2026-09-28 10:31:18","git-master-bddc7a050319718b5e4e0856afec0bc9ea96418f","C:\Users\marco\Desktop\ds004507\derivatives\labels\sub-003\ses-headDown\anat\sub-003_ses-headDown_T2w_seg-manual.nii.gz","793","6","",72.21529153219184,0.0,4.238422415484972,0.0,5.258208792986623,0.0,6.211950066080565,0.0,6.568839916946637,0.0,14.07128119991077,0.0,3.2370027599657627,0.0,2.9749473061148026,0.0,0.8843510135033674,0.0,-4.40803292472347,0.0,0.9609370707756179,0.0,""
"2026-09-28 10:31:18","git-master-bddc7a050319718b5e4e0856afec0bc9ea96418f","C:\Users\marco\Desktop\ds004507\derivatives\labels\sub-003\ses-headDown\anat\sub-003_ses-headDown_T2w_seg-manual.nii.gz","794","6","",73.54489304138004,0.0,3.866754815096686,0.0,5.480226493054275,0.0,6.263543575846525,0.0,6.6152594127054,0.0,14.230617741988443,0.0,3.2584310934152922,0.0,3.005112482431233,0.0,0.885368901383637,0.0,-5.2290575200583875,0.0,0.96046561905502,0.0,""
"2026-09-28 10:31:18","git-master-bddc7a050319718b5e4e0856afec0bc9ea96418f","C:\Users\marco\Desktop\ds004507\derivatives\labels\sub-003\ses-headDown\anat\sub-003_ses-headDown_T2w_seg-manual.nii.gz","795","6","",73.98981228268117,0.0,3.3170364673968944,0.0,5.7327312382252495,0.0,6.480600961976324,0.0,6.794837805194614,0.0,13.984858258156033,0.0,3.4521491303077014,0.0,3.028451831668623,0.0,0.873676087259651,0.0,-4.86273881786134,0.0,0.9704885356637561,0.0,""
"2026-09-28 10:31:18","git-master-bddc7a050319718b5e4e0856afec0bc9ea96418f","C:\Users\marco\Desktop\ds004507\derivatives\labels\sub-003\ses-headDown\anat\sub-003_ses-headDown_T2w_seg-manual.nii.gz","796","6","",76.11121797187039,0.0,2.763890215375865,0.0,5.9877565660583505,0.0,6.631652930796147,0.0,6.846667996467097,0.0,14.187572864169862,0.0,3.423523415881244,0.0,3.2081295149149027,0.0,0.8757104383975004,0.0,-4.803376633096817,0.0,0.9671234506467611,0.0,""
"2026-09-28 10:31:18","git-master-bddc7a050319718b5e4e0856afec0bc9ea96418f","C:\Users\marco\Desktop\ds004507\derivatives\labels\sub-003\ses-headDown\anat\sub-003_ses-headDown_T2w_seg-manual.nii.gz","797","6","",78.31799808491117,0.0,2.2657845665986054,0.0,6.235996297404411,0.0,6.639698994323102,0.0,6.977228017808217,0.0,14.352367584458445,0.0,3.350071890257143,0.0,3.2896271040659597,0.0,0.8738702137533384,0.0,-4.194254213365203,0.0,0.9673651119696298,0.0,""
"2026-09-28 10:31:18","git-master-bddc7a050319718b5e4e0856afec0bc9ea96418f","C:\Users\marco\Desktop\ds004507\derivatives\labels\sub-003\ses-headDown\anat\sub-003_ses-headDown_T2w_seg-manual.nii.gz","798","6","",76.7876045557249,0.0,1.8229240346862765,0.0,6.477459583445962,0.0,6.629320896416549,0.0,6.980677172172133,0.0,14.215192582138693,0.0,3.313493732870071,0.0,3.3158271635464778,0.0,0.8711159623863604,0.0,-3.233466376725003,0.0,0.9696102853272788,0.0,""
"2026-09-28 10:31:18","git-master-bddc7a050319718b5e4e0856afec0bc9ea96418f","C:\Users\marco\Desktop\ds004507\derivatives\labels\sub-003\ses-headDown\anat\sub-003_ses-headDown_T2w_seg-manual.nii.gz","799","6","",73.1103372535426,0.0,1.4354559474907875,0.0,6.71215650448687,0.0,6.626877066340041,0.0,6.777438727424442,0.0,13.784800406433419,0.0,3.2813125670484617,0.0,3.3455644992915796,0.0,0.8707868992369647,0.0,-4.712772821610778,0.0,0.9684399429769531,0.0,""
"2026-09-28 10:31:18","git-master-bddc7a050319718b5e4e0856afec0bc9ea96418f","C:\Users\marco\Desktop\ds004507\derivatives\labels\sub-003\ses-headDown\anat\sub-003_ses-headDown_T2w_seg-manual.nii.gz","800","6","",77.13454293365704,0.0,1.103482370159872,0.0,6.94009797019436,0.0,6.882947948048073,0.0,6.862081266267305,0.0,14.452848657700223,0.0,3.534487857031566,0.0,3.3484600910165065,0.0,0.880098622435075,0.0,-4.347147224977757,0.0,0.94341475389714,0.0,""
"2026-09-28 10:31:18","git-master-bddc7a050319718b5e4e0856afec0bc9ea96418f","C:\Users\marco\Desktop\ds004507\derivatives\labels\sub-003\ses-headDown\anat\sub-003_ses-headDown_T2w_seg-manual.nii.gz","801","5","",75.66395123379314,0.0,0.8443464138208356,0.0,7.147470769783821,0.0,6.977354845326244,0.0,7.010136843700085,0.0,13.866764006324992,0.0,3.71302470847057,0.0,3.2643301368556736,0.0,0.862806001338725,0.0,-4.031246461455852,0.0,0.9553447185325743,0.0,""
"2026-09-28 10:31:18","git-master-bddc7a050319718b5e4e0856afec0bc9ea96418f","C:\Users\marco\Desktop\ds004507\derivatives\labels\sub-003\ses-headDown\anat\sub-003_ses-headDown_T2w_seg-manual.nii.gz","802","5","",76.4182115697884,0.0,0.6474022060491315,0.0,7.336314407628619,0.0,6.641683278905999,0.0,7.000759672333656,0.0,14.220337675882696,0.0,3.495617105091853,0.0,3.146066173814146,0.0,0.8704008423829444,0.0,-2.218202776317033,0.0,0.9683828024384064,0.0,""
"2026-09-28 10:31:18","git-master-bddc7a050319718b5e4e0856afec0bc9ea96418f","C:\Users\marco\Desktop\ds004507\derivatives\labels\sub-003\ses-headDown\anat\sub-003_ses-headDown_T2w_seg-manual.nii.gz","803","5","",78.36449488662818,0.0,0.4934049041502259,0.0,7.519970264344556,0.0,6.617734665757622,0.0,7.020297479558428,0.0,14.52313656470443,0.0,3.4521317838791674,0.0,3.1656028818784545,0.0,0.8753875867729626,0.0,-2.281103170402963,0.0,0.9649102967042468,0.0,""
"2026-09-28 10:31:18","git-master-bddc7a050319718b5e4e0856afec0bc9ea96418f","C:\Users\marco\Desktop\ds004507\derivatives\labels\sub-003\ses-headDown\anat\sub-003_ses-headDown_T2w_seg-manual.nii.gz","804","5","",77.34254363744662,0.0,0.3823633612555155,0.0,7.698447325121583,0.0,6.616175655496734,0.0,6.931436128375773,0.0,14.371010198339507,0.0,3.3456822773774775,0.0,3.270493378119257,0.0,0.8759945969399427,0.0,-3.6239284579166426,0.0,0.9658640207000001,0.0,""
"2026-09-28 10:31:18","git-master-bddc7a050319718b5e4e0856afec0bc9ea96418f","C:\Users\marco\Desktop\ds004507\derivatives\labels\sub-003\ses-headDown\anat\sub-003_ses-headDown_T2w_seg-manual.nii.gz","805","5","",77.55813179470131,0.0,0.3142822263876167,0.0,7.87175480238889,0.0,6.60272761744524,0.0,6.912265361958301,0.0,14.43837908521743,0.0,3.300485310142103,0.0,3.3022423073031364,0.0,0.8779471711115047,0.0,-4.559626839349517,0.0,0.9643889658678377,0.0,""
"2026-09-28 10:31:18","git-master-bddc7a050319718b5e4e0856afec0bc9ea96418f","C:\Users\marco\Desktop\ds004507\derivatives\labels\sub-003\ses-headDown\anat\sub-003_ses-headDown_T2w_seg-manual.nii.gz","806","5","",77.21122107589362,0.0,0.2891636382773967,0.0,8.039902094421153,0.0,6.537275253523321,0.0,6.879447586145444,0.0,14.492193633099827,0.0,3.1958818902790673,0.0,3.3413933632442534,0.0,0.8801440199145389,0.0,-3.5901262248955828,0.0,0.9613792403323014,0.0,""
"2026-09-28 10:31:18","git-master-bddc7a050319718b5e4e0856afec0bc9ea96418f","C:\Users\marco\Desktop\ds004507\derivatives\labels\sub-003\ses-headDown\anat\sub-003_ses-headDown_T2w_seg-manual.nii.gz","807","5","",76.28047570441397,0.0,0.30700824386135617,0.0,8.20289874539175,0.0,6.419327977299614,0.0,6.8000618775159385,0.0,14.493397175345166,0.0,3.131410729623757,0.0,3.287917247675857,0.0,0.8830935505820466,0.0,-3.1416610811906613,0.0,0.9619810981236464,0.0,""
"2026-09-28 10:31:18","git-master-bddc7a050319718b5e4e0856afec0bc9ea96418f","C:\Users\marco\Desktop\ds004507\derivatives\labels\sub-003\ses-headDown\anat\sub-003_ses-headDown_T2w_seg-manual.nii.gz","808","5","",74.22732214816114,0.0,0.36781554093829244,0.0,8.360754406861604,0.0,6.428062474537199,0.0,6.699968141783178,0.0,14.254466553150905,0.0,3.106732242928705,0.0,3.321330231608494,0.0,0.8826226541641456,0.0,-4.739726563699796,0.0,0.9619018868862825,0.0,""
"2026-09-28 10:31:18","git-master-bddc7a050319718b5e4e0856afec0bc9ea96418f","C:\Users\marco\Desktop\ds004507\derivatives\labels\sub-003\ses-headDown\anat\sub-003_ses-headDown_T2w_seg-manual.nii.gz","809","5","",75.7929917564684,0.0,0.4715835448480474,0.0,8.51347880069054,0.0,6.771112701127597,0.0,6.885368836825432,0.0,14.135017244873795,0.0,3.2262794444369245,0.0,3.544833256690673,0.0,0.8732201387662397,0.0,-5.027620530406323,0.0,0.9549387410456047,0.0,""
"2026-09-28 10:31:18","git-master-bddc7a050319718b5e4e0856afec0bc9ea96418f","C:\Users\marco\Desktop\ds004507\derivatives\labels\sub-003\ses-headDown\anat\sub-003_ses-headDown_T2w_seg-manual.nii.gz","810","5","",78.28648919009525,0.0,0.6183077793457662,0.0,8.661081683356306,0.0,6.933245978233112,0.0,7.068524315214144,0.0,14.19464346750474,0.0,3.31529255026161,0.0,3.6179534279715013,0.0,0.8671828246622444,0.0,-4.551741991317148,0.0,0.9376295871842089,0.0,""
"2026-09-28 10:31:18","git-master-bddc7a050319718b5e4e0856afec0bc9ea96418f","C:\Users\marco\Desktop\ds004507\derivatives\labels\sub-003\ses-headDown\anat\sub-003_ses-headDown_T2w_seg-manual.nii.gz","811","5","",77.57349189681236,0.0,0.807979592307454,0.0,8.803572811665003,0.0,6.755344879591639,0.0,6.991863842193655,0.0,14.121073401963947,0.0,3.2873679283405965,0.0,3.4679769512510425,0.0,0.8688047731837609,0.0,-5.135165051192553,0.0,0.934201875837092,0.0,""
"2026-09-28 10:31:18","git-master-bddc7a050319718b5e4e0856afec0bc9ea96418f","C:\Users\marco\Desktop\ds004507\derivatives\labels\sub-003\ses-headDown\anat\sub-003_ses-headDown_T2w_seg-manual.nii.gz","812","5","",77.0004133735473,0.0,1.0121335729541947,0.0,8.940961909835428,0.0,6.761381806975684,0.0,6.971221209169668,0.0,13.992148973694508,0.0,3.347611983805992,0.0,3.4137698231696914,0.0,0.8670474373413936,0.0,-5.6241014607816,0.0,0.9534025714924931,0.0,""
"2026-09-28 10:31:18","git-master-bddc7a050319718b5e4e0856afec0bc9ea96418f","C:\Users\marco\Desktop\ds004507\derivatives\labels\sub-003\ses-headDown\anat\sub-003_ses-headDown_T2w_seg-manual.nii.gz","813","5","",77.34838798986965,0.0,1.1567884506192512,0.0,9.07325863793878,0.0,6.900789348666595,0.0,7.011931849084589,0.0,13.983407981067941,0.0,3.455183403774552,0.0,3.4456059448920433,0.0,0.8651841783980385,0.0,-6.5659155126682744,0.0,0.958208000660926,0.0,""
"2026-09-28 10:31:18","git-master-bddc7a050319718b5e4e0856afec0bc9ea96418f","C:\Users\marco\Desktop\ds004507\derivatives\labels\sub-003\ses-headDown\anat\sub-003_ses-headDown_T2w_seg-manual.nii.gz","814","5","",78.73047086222154,0.0,1.1850557471129128,0.0,9.200472561674276,0.0,7.189146968429065,0.0,7.126640298983349,0.0,13.98540806720028,0.0,3.6377921081753706,0.0,3.5513548602536944,0.0,0.8603922847792529,0.0,-6.392962981213616,0.0,0.964976987467938,0.0,""
"2026-09-28 10:31:18","git-master-bddc7a050319718b5e4e0856afec0bc9ea96418f","C:\Users\marco\Desktop\ds004507\derivatives\labels\sub-003\ses-headDown\anat\sub-003_ses-headDown_T2w_seg-manual.nii.gz","815","5","",76.53282544394041,0.0,1.096943360457076,0.0,9.32261312346058,0.0,7.187000850804035,0.0,7.087682342483259,0.0,13.662089983535179,0.0,3.6114054054103084,0.0,3.575595445393726,0.0,0.8548781908504068,0.0,-6.471153517911386,0.0,0.9591821883915502,0.0,""
"2026-09-28 10:31:18","git-master-bddc7a050319718b5e4e0856afec0bc9ea96418f","C:\Users\marco\Desktop\ds004507\derivatives\labels\sub-003\ses-headDown\anat\sub-003_ses-headDown_T2w_seg-manual.nii.gz","816","5","",75.52620151433396,0.0,0.8924335925530047,0.0,9.439689614822322,0.0,7.170991287414084,0.0,7.103370494226602,0.0,13.449793095472016,0.0,3.5734717695427736,0.0,3.5975195178713104,0.0,0.8491390405419129,0.0,-6.626924870761553,0.0,0.9657413172940736,0.0,""
"2026-09-28 10:31:18","git-master-bddc7a050319718b5e4e0856afec0bc9ea96418f","C:\Users\marco\Desktop\ds004507\derivatives\labels\sub-003\ses-headDown\anat\sub-003_ses-headDown_T2w_seg-manual.nii.gz","817","5","",74.83485878144238,0.0,0.5714916197781816,0.0,9.551711150050679,0.0,6.939005757978158,0.0,7.019155007356466,0.0,13.644728770616306,0.0,3.345464371210598,0.0,3.5935413867675607,0.0,0.8575368957571377,0.0,-4.039024512268893,0.0,0.9561931599846292,0.0,""
"2026-09-28 10:31:18","git-master-bddc7a050319718b5e4e0856afec0bc9ea96418f","C:\Users\marco\Desktop\ds004507\derivatives\labels\sub-003\ses-headDown\anat\sub-003_ses-headDown_T2w_seg-manual.nii.gz","818","5","",73.47238909420564,0.0,0.12577099713982132,0.0,9.65832692175655,0.0,6.763278844696548,0.0,6.8880192577860875,0.0,13.66325675764767,0.0,3.388140055399497,0.0,3.3751387892970515,0.0,0.8636233564283238,0.0,-3.5326225998699496,0.0,0.9386832966237518,0.0,""
"2026-09-28 10:31:18","git-master-bddc7a050319718b5e4e0856afec0bc9ea96418f","C:\Users\marco\Desktop\ds004507\derivatives\labels\sub-003\ses-headDown\anat\sub-003_ses-headDown_T2w_seg-manual.nii.gz","819","5","",75.23571541506827,0.0,-0.4363794501926454,0.0,9.759906622420479,0.0,6.799174486982113,0.0,6.988459577134383,0.0,13.709477829026724,0.0,3.4243087312718714,0.0,3.374865755710242,0.0,0.8603175798241595,0.0,-5.575178166689538,0.0,0.9423379301022609,0.0,""
"2026-09-28 10:31:18","git-master-bddc7a050319718b5e4e0856afec0bc9ea96418f","C:\Users\marco\Desktop\ds004507\derivatives\labels\sub-003\ses-headDown\anat\sub-003_ses-headDown_T2w_seg-manual.nii.gz","820","5","",74.59723255836501,0.0,-1.1148151998255171,0.0,9.856458619654436,0.0,6.625264529951504,0.0,6.950242531477447,0.0,13.727953457886592,0.0,3.226539286713829,0.0,3.398725243237675,0.0,0.8623628769906198,0.0,-4.632714036824624,0.0,0.9371008273444241,0.0,""
"2026-09-28 10:31:18","git-master-bddc7a050319718b5e4e0856afec0bc9ea96418f","C:\Users\marco\Desktop\ds004507\derivatives\labels\sub-003\ses-headDown\anat\sub-003_ses-headDown_T2w_seg-manual.nii.gz","821","5","",74.6146821260824,0.0,-1.9092108139770176,0.0,9.94799100362054,0.0,6.598498256191183,0.0,7.008969039569034,0.0,13.748074360189195,0.0,3.1797248819974664,0.0,3.4187733741937167,0.0,0.8602800536419243,0.0,-3.9037567201315353,0.0,0.940320990080986,0.0,""
"2026-09-28 10:31:18","git-master-bddc7a050319718b5e4e0856afec0bc9ea96418f","C:\Users\marco\Desktop\ds004507\derivatives\labels\sub-003\ses-headDown\anat\sub-003_ses-headDown_T2w_seg-manual.nii.gz","822","5","",73.88685200528407,0.0,-2.651717814449132,0.0,10.034511567308531,0.0,6.668465567747236,0.0,7.115539887222685,0.0,13.473761713166995,0.0,3.250169724801854,0.0,3.4182958429453825,0.0,0.848974658980493,0.0,-4.751360028037966,0.0,0.9364765225234069,0.0,""
"2026-09-28 10:31:18","git-master-bddc7a050319718b5e4e0856afec0bc9ea96418f","C:\Users\marco\Desktop\ds004507\derivatives\labels\sub-003\ses-headDown\anat\sub-003_ses-headDown_T2w_seg-manual.nii.gz","823","5","",72.86448492992682,0.0,-3.144708406139811,0.0,10.116027787946846,0.0,6.614143134603924,0.0,6.9739645289598045,0.0,13.509695859603568,0.0,3.2921857577784057,0.0,3.3219573768255177,0.0,0.8561862164404447,0.0,-3.749358265039082,0.0,0.9495574782337177,0.0,""
"2026-09-28 10:31:18","git-master-bddc7a050319718b5e4e0856afec0bc9ea96418f","C:\Users\marco\Desktop\ds004507\derivatives\labels\sub-003\ses-headDown\anat\sub-003_ses-headDown_T2w_seg-manual.nii.gz","824","5","",71.68020375197351,0.0,-3.3278465916832523,0.0,10.192546809527695,0.0,6.565362945748217,0.0,6.799736438336939,0.0,13.600147925012356,0.0,3.289515613667563,0.0,3.2758473320806543,0.0,0.8660280497740116,0.0,-2.838173315648479,0.0,0.9554208801822766,0.0,""
"2026-09-28 10:31:18","git-master-bddc7a050319718b5e4e0856afec0bc9ea96418f","C:\Users\marco\Desktop\ds004507\derivatives\labels\sub-003\ses-headDown\anat\sub-003_ses-headDown_T2w_seg-manual.nii.gz","825","5","",71.278507634382,0.0,-3.2014149825349976,0.0,10.264075426426913,0.0,6.548406662821437,0.0,6.806159867203008,0.0,13.514552978821206,0.0,3.272019428931038,0.0,3.2763872338903988,0.0,0.8638607435108928,0.0,-1.9444287881473257,0.0,0.9483274170721573,0.0,""
"2026-09-28 10:31:18","git-master-bddc7a050319718b5e4e0856afec0bc9ea96418f","C:\Users\marco\Desktop\ds004507\derivatives\labels\sub-003\ses-headDown\anat\sub-003_ses-headDown_T2w_seg-manual.nii.gz","826","5","",72.60160435320314,0.0,-2.765204795621506,0.0,10.330620068100197,0.0,6.637036920098398,0.0,6.94025893629023,0.0,13.501288146762606,0.0,3.37103254757507,0.0,3.2660043725233283,0.0,0.8577657167388009,0.0,-1.103041732505643,0.0,0.9434633116519818,0.0,""
"2026-09-28 10:31:18","git-master-bddc7a050319718b5e4e0856afec0bc9ea96418f","C:\Users\marco\Desktop\ds004507\derivatives\labels\sub-003\ses-headDown\anat\sub-003_ses-headDown_T2w_seg-manual.nii.gz","827","5","",74.17651112393402,0.0,-2.0186249980208095,0.0,10.392186784838024,0.0,6.812295190434902,0.0,7.06723247366757,0.0,13.553496477817083,0.0,3.5110559042754335,0.0,3.3012392861594693,0.0,0.8532678018374817,0.0,-1.45153481694758,0.0,0.9431272918625293,0.0,""
"2026-09-28 10:31:18","git-master-bddc7a050319718b5e4e0856afec0bc9ea96418f","C:\Users\marco\Desktop\ds004507\derivatives\labels\sub-003\ses-headDown\anat\sub-003_ses-headDown_T2w_seg-manual.nii.gz","828","5","",74.87370388143813,0.0,-0.9610655032861513,0.0,10.448781234562404,0.0,6.888462482386006,0.0,7.076889196646836,0.0,13.660145113970426,0.0,3.4501046273627076,0.0,3.4383578550232983,0.0,0.8550592866006639,0.0,-1.932039096860965,0.0,0.9400066226277846,0.0,""
"2026-09-28 10:31:18","git-master-bddc7a050319718b5e4e0856afec0bc9ea96418f","C:\Users\marco\Desktop\ds004507\derivatives\labels\sub-003\ses-headDown\anat\sub-003_ses-headDown_T2w_seg-manual.nii.gz","829","5","",75.31342977936562,0.0,0.40748249300372796,0.0,10.500408670649403,0.0,6.884729580635634,0.0,6.959324203592231,0.0,13.998260485614855,0.0,3.268001709127789,0.0,3.6167278715078455,0.0,0.8676590833591568,0.0,-2.277443056858271,0.0,0.9381709820544837,0.0,""
"2026-09-28 10:31:18","git-master-bddc7a050319718b5e4e0856afec0bc9ea96418f","C:\Users\marco\Desktop\ds004507\derivatives\labels\sub-003\ses-headDown\anat\sub-003_ses-headDown_T2w_seg-manual.nii.gz","830","5","",75.10210710829475,0.0,1.984002509838741,0.0,10.547530011632766,0.0,6.749578348089209,0.0,6.915744115051716,0.0,14.09761044538679,0.0,3.1154605066737453,0.0,3.634117841415464,0.0,0.8713437663519829,0.0,-4.026033648138171,0.0,0.9561434785502513,0.0,""
"2026-09-28 10:31:18","git-master-bddc7a050319718b5e4e0856afec0bc9ea96418f","C:\Users\marco\Desktop\ds004507\derivatives\labels\sub-003\ses-headDown\anat\sub-003_ses-headDown_T2w_seg-manual.nii.gz","831","5","",81.37871801440664,0.0,3.325561520988015,0.0,10.592125676104574,0.0,6.595163281820259,0.0,7.1207407147655575,0.0,14.780245919031799,0.0,3.146308596944932,0.0,3.448854684875327,0.0,0.8762915751961065,0.0,-5.5365337814617845,0.0,0.9539944613444149,0.0,""
"2026-09-28 10:31:18","git-master-bddc7a050319718b5e4e0856afec0bc9ea96418f","C:\Users\marco\Desktop\ds004507\derivatives\labels\sub-003\ses-headDown\anat\sub-003_ses-headDown_T2w_seg-manual.nii.gz","832","5","",81.38904402493196,0.0,4.026240755398496,0.0,10.636021672296897,0.0,6.707020318053656,0.0,7.099178014456431,0.0,14.854832496076575,0.0,3.253274344233577,0.0,3.4537459738200784,0.0,0.8784088338929718,0.0,-5.027622515851549,0.0,0.9359297148754032,0.0,""
"2026-09-28 10:31:18","git-master-bddc7a050319718b5e4e0856afec0bc9ea96418f","C:\Users\marco\Desktop\ds004507\derivatives\labels\sub-003\ses-headDown\anat\sub-003_ses-headDown_T2w_seg-manual.nii.gz","833","5","",82.98578761145063,0.0,4.088608813701118,0.0,10.679218541026218,0.0,6.906928112197425,0.0,7.225021957522569,0.0,14.856822540002467,0.0,3.3206298869024224,0.0,3.5862982252950033,0.0,0.8737863270844365,0.0,-5.671797455173199,0.0,0.9591860197746609,0.0,""
"2026-09-28 10:31:18","git-master-bddc7a050319718b5e4e0856afec0bc9ea96418f","C:\Users\marco\Desktop\ds004507\derivatives\labels\sub-003\ses-headDown\anat\sub-003_ses-headDown_T2w_seg-manual.nii.gz","834","4","",83.3245622399213,0.0,3.425964088551085,0.0,10.724496857349452,0.0,6.7869609328456795,0.0,7.112191852528692,0.0,15.23545205388264,0.0,3.2007067667658875,0.0,3.586254166079792,0.0,0.8843531128065727,0.0,-6.887424720418486,0.0,0.9597161821927215,0.0,""
"2026-09-28 10:31:18","git-master-bddc7a050319718b5e4e0856afec0bc9ea96418f","C:\Users\marco\Desktop\ds004507\derivatives\labels\sub-003\ses-headDown\anat\sub-003_ses-headDown_T2w_seg-manual.nii.gz","835","4","",78.33062692875848,0.0,2.1862814033140916,0.0,10.764035190788807,0.0,6.88688739068325,0.0,7.0586742344587154,0.0,14.376737608471986,0.0,3.4031624096719675,0.0,3.483724981011282,0.0,0.8710137509436958,0.0,-6.531055700448092,0.0,0.9515442271755858,0.0,""
"2026-09-28 10:31:18","git-master-bddc7a050319718b5e4e0856afec0bc9ea96418f","C:\Users\marco\Desktop\ds004507\derivatives\labels\sub-003\ses-headDown\anat\sub-003_ses-headDown_T2w_seg-manual.nii.gz","836","4","",80.75592497503457,0.0,0.861642027006071,0.0,10.80295359978967,0.0,6.837383449067042,0.0,7.142076427944813,0.0,14.656953016595931,0.0,3.3035535276259647,0.0,3.533829921441077,0.0,0.8732052862413154,0.0,-5.412953216662857,0.0,0.9317367162037825,0.0,""
"2026-09-28 10:31:18","git-master-bddc7a050319718b5e4e0856afec0bc9ea96418f","C:\Users\marco\Desktop\ds004507\derivatives\labels\sub-003\ses-headDown\anat\sub-003_ses-headDown_T2w_seg-manual.nii.gz","837","4","",80.69272284617912,0.0,-0.1298674215138521,0.0,10.841252509888733,0.0,6.84786263762916,0.0,7.175214988334388,0.0,14.55020446327091,0.0,3.2985615131027384,0.0,3.549301124526422,0.0,0.8698964903144154,0.0,-5.355240981844946,0.0,0.9467842958335801,0.0,""
"2026-09-28 10:31:18","git-master-bddc7a050319718b5e4e0856afec0bc9ea96418f","C:\Users\marco\Desktop\ds004507\derivatives\labels\sub-003\ses-headDown\anat\sub-003_ses-headDown_T2w_seg-manual.nii.gz","838","4","",79.8185366529682,0.0,-0.7180891702147831,0.0,10.87893234249711,0.0,6.850836691917172,0.0,7.154806266724058,0.0,14.363660747016903,0.0,3.300542702788608,0.0,3.550293989128564,0.0,0.8671057491311703,0.0,-5.208197758490117,0.0,0.9592175021441063,0.0,""
"2026-09-28 10:31:18","git-master-bddc7a050319718b5e4e0856afec0bc9ea96418f","C:\Users\marco\Desktop\ds004507\derivatives\labels\sub-003\ses-headDown\anat\sub-003_ses-headDown_T2w_seg-manual.nii.gz","839","4","",78.85489285593061,0.0,-0.9028901317404784,0.0,10.915993514798714,0.0,6.968701432036354,0.0,7.1182225474744945,0.0,14.174501373483283,0.0,3.373332530386032,0.0,3.595368901650321,0.0,0.8647284160969716,0.0,-4.894818682955945,0.0,0.9580532148736701,0.0,""
"2026-09-28 10:31:18","git-master-bddc7a050319718b5e4e0856afec0bc9ea96418f","C:\Users\marco\Desktop\ds004507\derivatives\labels\sub-003\ses-headDown\anat\sub-003_ses-headDown_T2w_seg-manual.nii.gz","840","4","",77.22363833974659,0.0,-0.7762376533333735,0.0,10.952436439650294,0.0,7.083102708383954,0.0,7.0785389372908565,0.0,13.892468266720037,0.0,3.4791174155009528,0.0,3.603985292883002,0.0,0.8604058399584326,0.0,-5.247226428560688,0.0,0.9588329098458462,0.0,""
"2026-09-28 10:31:18","git-master-bddc7a050319718b5e4e0856afec0bc9ea96418f","C:\Users\marco\Desktop\ds004507\derivatives\labels\sub-003\ses-headDown\anat\sub-003_ses-headDown_T2w_seg-manual.nii.gz","841","4","",75.7129764057901,0.0,-0.5219758860169975,0.0,10.988261525483155,0.0,6.97660578298981,0.0,7.038786887771799,0.0,13.7015964569296,0.0,3.435609822018934,0.0,3.5409959609708763,0.0,0.8579227188983473,0.0,-6.0280773797143645,0.0,0.9641399370002199,0.0,""
"2026-09-28 10:31:18","git-master-bddc7a050319718b5e4e0856afec0bc9ea96418f","C:\Users\marco\Desktop\ds004507\derivatives\labels\sub-003\ses-headDown\anat\sub-003_ses-headDown_T2w_seg-manual.nii.gz","842","4","",76.3750573353511,0.0,-0.2933033562436602,0.0,11.023469176206536,0.0,6.90502633989409,0.0,7.038714102233345,0.0,13.88951389819858,0.0,3.276549117703077,0.0,3.6284772221910124,0.0,0.8620723371050387,0.0,-5.595347802838581,0.0,0.9500010306721379,0.0,""
"2026-09-28 10:31:18","git-master-bddc7a050319718b5e4e0856afec0bc9ea96418f","C:\Users\marco\Desktop\ds004507\derivatives\labels\sub-003\ses-headDown\anat\sub-003_ses-headDown_T2w_seg-manual.nii.gz","843","4","",77.28660427845976,0.0,-0.09023219924042314,0.0,11.058059791112623,0.0,6.847416142909356,0.0,7.139734446517188,0.0,13.827515364372642,0.0,3.302338065073505,0.0,3.545078077835851,0.0,0.8563821450120004,0.0,-6.734124813506585,0.0,0.9380952380952381,0.0,""
"2026-09-28 10:31:18","git-master-bddc7a050319718b5e4e0856afec0bc9ea96418f","C:\Users\marco\Desktop\ds004507\derivatives\labels\sub-003\ses-headDown\anat\sub-003_ses-headDown_T2w_seg-manual.nii.gz","844","4","",74.45737880943294,0.0,0.08357108945122185,0.0,11.091945747044242,0.0,6.496894530137992,0.0,6.909607121424033,0.0,13.8800138835359,0.0,3.090526081309725,0.0,3.406368448828267,0.0,0.8672479573986521,0.0,-5.726721774042957,0.0,0.942930657015164,0.0,""
"2026-09-28 10:31:18","git-master-bddc7a050319718b5e4e0856afec0bc9ea96418f","C:\Users\marco\Desktop\ds004507\derivatives\labels\sub-003\ses-headDown\anat\sub-003_ses-headDown_T2w_seg-manual.nii.gz","845","4","",74.372420316322,0.0,0.2317613694788539,0.0,11.125215578802965,0.0,6.718020273144377,0.0,7.038804398148864,0.0,13.60544124815223,0.0,3.243901159913982,0.0,3.4741191132303952,0.0,0.8555851814897661,0.0,-5.446115960675019,0.0,0.959441398066436,0.0,""
"2026-09-28 10:31:18","git-master-bddc7a050319718b5e4e0856afec0bc9ea96418f","C:\Users\marco\Desktop\ds004507\derivatives\labels\sub-003\ses-headDown\anat\sub-003_ses-headDown_T2w_seg-manual.nii.gz","846","4","",75.62885796433261,0.0,0.35433800483448,0.0,11.1578696682374,0.0,6.944781643221211,0.0,7.1146273575831245,0.0,13.606071367004954,0.0,3.367699946960763,0.0,3.577081696260448,0.0,0.8523916012309666,0.0,-4.842355692995327,0.0,0.9622337327695588,0.0,""
"2026-09-28 10:31:18","git-master-bddc7a050319718b5e4e0856afec0bc9ea96418f","C:\Users\marco\Desktop\ds004507\derivatives\labels\sub-003\ses-headDown\anat\sub-003_ses-headDown_T2w_seg-manual.nii.gz","847","4","",75.60121703256074,0.0,0.45130152282683517,0.0,11.189908392131244,0.0,7.013482568683669,0.0,7.122324061798264,0.0,13.584174714156298,0.0,3.3734218148068895,0.0,3.6400607538767797,0.0,0.8515208523995481,0.0,-4.323124371401672,0.0,0.9437614631435567,0.0,""
"2026-09-28 10:31:18","git-master-bddc7a050319718b5e4e0856afec0bc9ea96418f","C:\Users\marco\Desktop\ds004507\derivatives\labels\sub-003\ses-headDown\anat\sub-003_ses-headDown_T2w_seg-manual.nii.gz","848","4","",74.00970010304054,0.0,0.5226530429325326,0.0,11.221332122119042,0.0,6.865507819328963,0.0,7.025422827067597,0.0,13.483900723897447,0.0,3.291194823236576,0.0,3.5743129960923867,0.0,0.853533226836079,0.0,-4.186095280059244,0.0,0.9387224460301211,0.0,""
"2026-09-28 10:31:18","git-master-bddc7a050319718b5e4e0856afec0bc9ea96418f","C:\Users\marco\Desktop\ds004507\derivatives\labels\sub-003\ses-headDown\anat\sub-003_ses-headDown_T2w_seg-manual.nii.gz","849","4","",72.16003916335767,0.0,0.5683938144817454,0.0,11.252141224603488,0.0,6.726762825018209,0.0,6.901232161675012,0.0,13.324818845954573,0.0,3.2633406884731695,0.0,3.4634221365450397,0.0,0.8553873860560425,0.0,-4.24696595196378,0.0,0.9524329069767511,0.0,""
"2026-09-28 10:31:18","git-master-bddc7a050319718b5e4e0856afec0bc9ea96418f","C:\Users\marco\Desktop\ds004507\derivatives\labels\sub-003\ses-headDown\anat\sub-003_ses-headDown_T2w_seg-manual.nii.gz","850","4","",70.96532965806851,0.0,0.5917026610483533,0.0,11.282336060674279,0.0,6.826023259954634,0.0,6.8692662110056215,0.0,13.092609863110843,0.0,3.376124586568843,0.0,3.4498986733857913,0.0,0.8513001452759088,0.0,-3.8760569628196966,0.0,0.9578002861636812,0.0,""
"2026-09-28 10:31:18","git-master-bddc7a050319718b5e4e0856afec0bc9ea96418f","C:\Users\marco\Desktop\ds004507\derivatives\labels\sub-003\ses-headDown\anat\sub-003_ses-headDown_T2w_seg-manual.nii.gz","851","4","",70.1665397943286,0.0,0.6021135638934878,0.0,11.311916986028562,0.0,6.88115638911998,0.0,6.842675327160815,0.0,12.942518420588465,0.0,3.436698862482961,0.0,3.4444575266370197,0.0,0.8487958910172413,0.0,-2.481664112071602,0.0,0.9594628571603374,0.0,""
"2026-09-28 10:31:18","git-master-bddc7a050319718b5e4e0856afec0bc9ea96418f","C:\Users\marco\Desktop\ds004507\derivatives\labels\sub-003\ses-headDown\anat\sub-003_ses-headDown_T2w_seg-manual.nii.gz","852","4","",70.47467067729654,0.0,0.6091600512904225,0.0,11.340884350892873,0.0,6.7489030382188435,0.0,6.925082155087565,0.0,12.861297063718792,0.0,3.2522729609592456,0.0,3.4966300772595975,0.0,0.8426615975816616,0.0,-1.3036570410519663,0.0,0.9576118575980053,0.0,""
"2026-09-28 10:31:18","git-master-bddc7a050319718b5e4e0856afec0bc9ea96418f","C:\Users\marco\Desktop\ds004507\derivatives\labels\sub-003\ses-headDown\anat\sub-003_ses-headDown_T2w_seg-manual.nii.gz","853","4","",73.31478924746379,0.0,0.612361525787065,0.0,11.369150961832378,0.0,6.834469265143031,0.0,6.943646034138759,0.0,13.297297741130466,0.0,3.4355369700334726,0.0,3.3989322951095584,0.0,0.8527650570352303,0.0,0.16741072023499304,0.0,0.9516759528407734,0.0,""
"2026-09-28 10:31:18","git-master-bddc7a050319718b5e4e0856afec0bc9ea96418f","C:\Users\marco\Desktop\ds004507\derivatives\labels\sub-003\ses-headDown\anat\sub-003_ses-headDown_T2w_seg-manual.nii.gz","854","4","",69.78928858357409,0.0,0.6121986274573319,0.0,11.396804805972131,0.0,6.832514636549924,0.0,6.761145426502069,0.0,13.021420705216135,0.0,3.4248994545704314,0.0,3.407615181979492,0.0,0.8546371812383641,0.0,-3.524358479348476,0.0,0.9525506485475989,0.0,""
"2026-09-28 10:31:18","git-master-bddc7a050319718b5e4e0856afec0bc9ea96418f","C:\Users\marco\Desktop\ds004507\derivatives\labels\sub-003\ses-headDown\anat\sub-003_ses-headDown_T2w_seg-manual.nii.gz","855","4","",71.52141537123538,0.0,0.6086713539727752,0.0,11.423846213172563,0.0,6.882945786909506,0.0,6.889866613004775,0.0,13.182709119819688,0.0,3.408615975657275,0.0,3.4743298112522303,0.0,0.852567284214402,0.0,-3.45050250548612,0.0,0.9597019573475765,0.0,""
"2026-09-28 10:31:18","git-master-bddc7a050319718b5e4e0856afec0bc9ea96418f","C:\Users\marco\Desktop\ds004507\derivatives\labels\sub-003\ses-headDown\anat\sub-003_ses-headDown_T2w_seg-manual.nii.gz","856","4","",72.93737360009918,0.0,0.6017796915180512,0.0,11.45027550745856,0.0,7.027517922574883,0.0,7.204538140514854,0.0,12.929863061678462,0.0,3.4055519119241637,0.0,3.621966010650719,0.0,0.8290622195412044,0.0,-2.655121145498471,0.0,0.9709908910289878,0.0,""
"2026-09-28 10:31:18","git-master-bddc7a050319718b5e4e0856afec0bc9ea96418f","C:\Users\marco\Desktop\ds004507\derivatives\labels\sub-003\ses-headDown\anat\sub-003_ses-headDown_T2w_seg-manual.nii.gz","857","4","",74.35330201272542,0.0,0.5915236151745483,0.0,11.476093006951459,0.0,7.119841077091523,0.0,7.318170880499934,0.0,12.928874694851672,0.0,3.402188317381695,0.0,3.7176527597098277,0.0,0.8236429892368162,0.0,-2.5238411497525135,0.0,0.9722630839135694,0.0,""
"2026-09-28 10:31:18","git-master-bddc7a050319718b5e4e0856afec0bc9ea96418f","C:\Users\marco\Desktop\ds004507\derivatives\labels\sub-003\ses-headDown\anat\sub-003_ses-headDown_T2w_seg-manual.nii.gz","858","4","",75.6400727181412,0.0,0.5779030895505023,0.0,11.501299023802494,0.0,7.128310442121757,0.0,7.2352337061745144,0.0,13.231306897466258,0.0,3.4027501999971657,0.0,3.7255602421245917,0.0,0.8372053647944456,0.0,-2.686870709651118,0.0,0.9552089119298895,0.0,""
"2026-09-28 10:31:18","git-master-bddc7a050319718b5e4e0856afec0bc9ea96418f","C:\Users\marco\Desktop\ds004507\derivatives\labels\sub-003\ses-headDown\anat\sub-003_ses-headDown_T2w_seg-manual.nii.gz","859","4","",74.82129683412808,0.0,0.5609180696576236,0.0,11.52589386412771,0.0,7.199026047815351,0.0,7.259341137599013,0.0,13.051435942926387,0.0,3.467620356418416,0.0,3.7314056913969345,0.0,0.8309971594568447,0.0,-3.241551099662318,0.0,0.9375677663387167,0.0,""
"2026-09-28 10:31:18","git-master-bddc7a050319718b5e4e0856afec0bc9ea96418f","C:\Users\marco\Desktop\ds004507\derivatives\labels\sub-003\ses-headDown\anat\sub-003_ses-headDown_T2w_seg-manual.nii.gz","860","4","",75.2494571594199,0.0,0.5420047917737981,0.0,11.54987782794433,0.0,7.375415454472357,0.0,7.340149564895248,0.0,12.966974181105172,0.0,3.657521846341445,0.0,3.7178936081309124,0.0,0.8243491229001658,0.0,-4.105765966879143,0.0,0.95073481662235,0.0,""
"2026-09-28 10:31:18","git-master-bddc7a050319718b5e4e0856afec0bc9ea96418f","C:\Users\marco\Desktop\ds004507\derivatives\labels\sub-003\ses-headDown\anat\sub-003_ses-headDown_T2w_seg-manual.nii.gz","861","4","",74.29462201414069,0.0,0.5297809337709634,0.0,11.57325120910858,0.0,7.400921505359925,0.0,7.251678920544146,0.0,13.014584008409457,0.0,3.643272138105414,0.0,3.7576493672545115,0.0,0.8303807615773512,0.0,-2.339521507631338,0.0,0.9508132726089785,0.0,""
"2026-09-28 10:31:18","git-master-bddc7a050319718b5e4e0856afec0bc9ea96418f","C:\Users\marco\Desktop\ds004507\derivatives\labels\sub-003\ses-headDown\anat\sub-003_ses-headDown_T2w_seg-manual.nii.gz","862","4","",76.21401935367616,0.0,0.5366925216387214,0.0,11.595927163357395,0.0,7.14402227202554,0.0,7.2080468255167975,0.0,13.408277373691945,0.0,3.4754921833587167,0.0,3.6685300886668237,0.0,0.8431254748392362,0.0,-0.8474188646175693,0.0,0.9636714014195044,0.0,""
"2026-09-28 10:31:18","git-master-bddc7a050319718b5e4e0856afec0bc9ea96418f","C:\Users\marco\Desktop\ds004507\derivatives\labels\sub-003\ses-headDown\anat\sub-003_ses-headDown_T2w_seg-manual.nii.gz","863","4","",76.44815869636548,0.0,0.5603474948706331,0.0,11.61799319432353,0.0,7.118286740500946,0.0,7.181711916524949,0.0,13.510141781634585,0.0,3.5261037056085844,0.0,3.592183034892362,0.0,0.8470028849281028,0.0,-2.5090792995156352,0.0,0.9511991695093011,0.0,""
"2026-09-28 10:31:18","git-master-bddc7a050319718b5e4e0856afec0bc9ea96418f","C:\Users\marco\Desktop\ds004507\derivatives\labels\sub-003\ses-headDown\anat\sub-003_ses-headDown_T2w_seg-manual.nii.gz","864","4","",77.12951853001807,0.0,0.6007454105288526,0.0,11.639449573152499,0.0,7.133575494532016,0.0,7.400421540409715,0.0,13.355686043494169,0.0,3.4275967850635403,0.0,3.705978709468476,0.0,0.8321067283802893,0.0,-1.7217863535255287,0.0,0.9470927224678649,0.0,""
"2026-09-28 10:31:18","git-master-bddc7a050319718b5e4e0856afec0bc9ea96418f","C:\Users\marco\Desktop\ds004507\derivatives\labels\sub-003\ses-headDown\anat\sub-003_ses-headDown_T2w_seg-manual.nii.gz","865","4","",74.50588350951935,0.0,0.6578854803398918,0.0,11.660296564541595,0.0,7.3164860500153335,0.0,7.3604831427487625,0.0,12.96404833359174,0.0,3.5589659058278516,0.0,3.7575201441874815,0.0,0.823169258252783,0.0,-1.7609279773408053,0.0,0.9490540391104594,0.0,""
"2026-09-28 10:31:18","git-master-bddc7a050319718b5e4e0856afec0bc9ea96418f","C:\Users\marco\Desktop\ds004507\derivatives\labels\sub-003\ses-headDown\anat\sub-003_ses-headDown_T2w_seg-manual.nii.gz","866","4","",72.76191093296313,0.0,0.731766475080202,0.0,11.680534426687156,0.0,7.366604211390899,0.0,7.296394992711423,0.0,12.714134068509537,0.0,3.6716468744798014,0.0,3.6949573369110977,0.0,0.8189119440392054,0.0,-3.550974188530632,0.0,0.954685595543426,0.0,""
"2026-09-28 10:31:18","git-master-bddc7a050319718b5e4e0856afec0bc9ea96418f","C:\Users\marco\Desktop\ds004507\derivatives\labels\sub-003\ses-headDown\anat\sub-003_ses-headDown_T2w_seg-manual.nii.gz","867","4","",72.60740251845841,0.0,0.8223865986305025,0.0,11.700163411233191,0.0,7.208380339397321,0.0,7.3349393437732555,0.0,12.61810783179015,0.0,3.5856043400402426,0.0,3.6227759993570783,0.0,0.813667614219284,0.0,-4.501155110168548,0.0,0.960360646938731,0.0,""
"2026-09-28 10:31:18","git-master-bddc7a050319718b5e4e0856afec0bc9ea96418f","C:\Users\marco\Desktop\ds004507\derivatives\labels\sub-003\ses-headDown\anat\sub-003_ses-headDown_T2w_seg-manual.nii.gz","868","4","",70.64720355246402,0.0,0.9297433317344986,0.0,11.719183763221363,0.0,7.096018685758429,0.0,7.242936640888904,0.0,12.47054558115079,0.0,3.4921051403614287,0.0,3.603913545397,0.0,0.8139802531983017,0.0,-3.7740833722880334,0.0,0.9608810548059694,0.0,""
"2026-09-28 10:31:18","git-master-bddc7a050319718b5e4e0856afec0bc9ea96418f","C:\Users\marco\Desktop\ds004507\derivatives\labels\sub-003\ses-headDown\anat\sub-003_ses-headDown_T2w_seg-manual.nii.gz","869","4","",70.52119734224803,0.0,1.0517027916502288,0.0,11.737595721042368,0.0,7.013623095825006,0.0,7.1643814625345,0.0,12.612461342252425,0.0,3.403798853238372,0.0,3.6098242425866327,0.0,0.8229944206726165,0.0,-5.13113231341114,0.0,0.9589639066078857,0.0,""
"2026-09-28 10:31:18","git-master-bddc7a050319718b5e4e0856afec0bc9ea96418f","C:\Users\marco\Desktop\ds004507\derivatives\labels\sub-003\ses-headDown\anat\sub-003_ses-headDown_T2w_seg-manual.nii.gz","870","4","",71.77640876681134,0.0,1.1754777000348908,0.0,11.755399516388684,0.0,6.99769752565006,0.0,7.2292029638432815,0.0,12.810330560090234,0.0,3.296813083817241,0.0,3.700884441832819,0.0,0.8255520177369432,0.0,-3.273948875062526,0.0,0.9648274936233051,0.0,""
"2026-09-28 10:31:18","git-master-bddc7a050319718b5e4e0856afec0bc9ea96418f","C:\Users\marco\Desktop\ds004507\derivatives\labels\sub-003\ses-headDown\anat\sub-003_ses-headDown_T2w_seg-manual.nii.gz","871","3","",70.31616811624303,0.0,1.2978840133776481,0.0,11.774647198351195,0.0,7.217840907760825,0.0,7.254607154386282,0.0,12.339742712630153,0.0,3.5353491651804525,0.0,3.6824917425803734,0.0,0.8089293479581766,0.0,-3.9534133296257674,0.0,0.9471467391304348,0.0,""
"2026-09-28 10:31:18","git-master-bddc7a050319718b5e4e0856afec0bc9ea96418f","C:\Users\marco\Desktop\ds004507\derivatives\labels\sub-003\ses-headDown\anat\sub-003_ses-headDown_T2w_seg-manual.nii.gz","872","3","",69.19027273405092,0.0,1.3829260007812978,0.0,11.789522923384537,0.0,6.96116119143072,0.0,6.983064858165856,0.0,12.599650323840931,0.0,3.551566707321433,0.0,3.409594484109287,0.0,0.8320143388891941,0.0,-3.656329045261498,0.0,0.9455509389929805,0.0,""
"2026-09-28 10:31:18","git-master-bddc7a050319718b5e4e0856afec0bc9ea96418f","C:\Users\marco\Desktop\ds004507\derivatives\labels\sub-003\ses-headDown\anat\sub-003_ses-headDown_T2w_seg-manual.nii.gz","873","3","",69.56513849403922,0.0,1.4576809673890123,0.0,11.803921398806903,0.0,7.029548985435076,0.0,7.084211774132816,0.0,12.501210009163092,0.0,3.501398137376888,0.0,3.5281508480581873,0.0,0.8235817405343319,0.0,-2.9370679476428894,0.0,0.9515654333887346,0.0,""
"2026-09-28 10:31:18","git-master-bddc7a050319718b5e4e0856afec0bc9ea96418f","C:\Users\marco\Desktop\ds004507\derivatives\labels\sub-003\ses-headDown\anat\sub-003_ses-headDown_T2w_seg-manual.nii.gz","874","3","",69.38190803169374,0.0,1.5221503730530683,0.0,11.817842748922121,0.0,7.082762039837645,0.0,7.1404668104637965,0.0,12.38431840298882,0.0,3.4233380463243477,0.0,3.6594239935132973,0.0,0.8170348417967196,0.0,-2.6693770176370903,0.0,0.9575024591697486,0.0,""
"2026-09-28 10:31:18","git-master-bddc7a050319718b5e4e0856afec0bc9ea96418f","C:\Users\marco\Desktop\ds004507\derivatives\labels\sub-003\ses-headDown\anat\sub-003_ses-headDown_T2w_seg-manual.nii.gz","875","3","",67.51577525889516,0.0,1.5763355956802478,0.0,11.831287095250037,0.0,7.082120069301153,0.0,7.091450470623216,0.0,12.145084960981979,0.0,3.416740634916411,0.0,3.665379434384742,0.0,0.8106886181221686,0.0,-3.03148321352329,0.0,0.9575916402739614,0.0,""
"2026-09-28 10:31:18","git-master-bddc7a050319718b5e4e0856afec0bc9ea96418f","C:\Users\marco\Desktop\ds004507\derivatives\labels\sub-003\ses-headDown\anat\sub-003_ses-headDown_T2w_seg-manual.nii.gz","876","3","",63.977994689286,0.0,1.6202379260704414,0.0,11.844254556524225,0.0,7.22176752843787,0.0,7.1629793847295815,0.0,11.39390671750959,0.0,3.607550420654993,0.0,3.614217107782877,0.0,0.777606463376672,0.0,-3.5980422118939868,0.0,0.948956731399341,0.0,""
"2026-09-28 10:31:18","git-master-bddc7a050319718b5e4e0856afec0bc9ea96418f","C:\Users\marco\Desktop\ds004507\derivatives\labels\sub-003\ses-headDown\anat\sub-003_ses-headDown_T2w_seg-manual.nii.gz","877","3","",66.28447202632262,0.0,1.6510548547644714,0.0,11.856615276008258,0.0,7.11153901191708,0.0,7.132849538005603,0.0,11.856398279663559,0.0,3.608924198403228,0.0,3.5026148135138526,0.0,0.7984706323021248,0.0,-3.7918728670408184,0.0,0.9544375655799302,0.0,""
"2026-09-28 10:31:18","git-master-bddc7a050319718b5e4e0856afec0bc9ea96418f","C:\Users\marco\Desktop\ds004507\derivatives\labels\sub-003\ses-headDown\anat\sub-003_ses-headDown_T2w_seg-manual.nii.gz","878","3","",65.62460298359514,0.0,1.6711242640052955,0.0,11.868477766882561,0.0,7.101132532818274,0.0,7.1758841589251094,0.0,11.645217290391376,0.0,3.561288208534864,0.0,3.53984432428341,0.0,0.7871115495059285,0.0,-2.5718072231173608,0.0,0.9605406135475031,0.0,""
"2026-09-28 10:31:18","git-master-bddc7a050319718b5e4e0856afec0bc9ea96418f","C:\Users\marco\Desktop\ds004507\derivatives\labels\sub-003\ses-headDown\anat\sub-003_ses-headDown_T2w_seg-manual.nii.gz","879","3","",66.08504950354512,0.0,1.6809139208088804,0.0,11.879863801367083,0.0,7.049440448793409,0.0,7.1077864471404375,0.0,11.847604975752574,0.0,3.4879517573148386,0.0,3.5614886914785706,0.0,0.7983619834695415,0.0,-1.3416336234616812,0.0,0.9572057330946959,0.0,""
"2026-09-28 10:31:18","git-master-bddc7a050319718b5e4e0856afec0bc9ea96418f","C:\Users\marco\Desktop\ds004507\derivatives\labels\sub-003\ses-headDown\anat\sub-003_ses-headDown_T2w_seg-manual.nii.gz","880","3","",67.20508463117868,0.0,1.6804240658107807,0.0,11.890773479478277,0.0,6.861292333094718,0.0,6.939705852186149,0.0,12.36175962123031,0.0,3.4040007880039886,0.0,3.4572915450907296,0.0,0.8274216497123981,0.0,-0.8578616583439417,0.0,0.9543277098651344,0.0,""
"2026-09-28 10:31:18","git-master-bddc7a050319718b5e4e0856afec0bc9ea96418f","C:\Users\marco\Desktop\ds004507\derivatives\labels\sub-003\ses-headDown\anat\sub-003_ses-headDown_T2w_seg-manual.nii.gz","881","3","",66.3081635698286,0.0,1.6696547499160124,0.0,11.90120689837701,0.0,6.543019311207204,0.0,6.81939450484559,0.0,12.430893014588252,0.0,3.34035614611464,0.0,3.2026631650925643,0.0,0.8353748688044895,0.0,-1.3172029539826942,0.0,0.9687873980685202,0.0,""
"2026-09-28 10:31:18","git-master-bddc7a050319718b5e4e0856afec0bc9ea96418f","C:\Users\marco\Desktop\ds004507\derivatives\labels\sub-003\ses-headDown\anat\sub-003_ses-headDown_T2w_seg-manual.nii.gz","882","3","",64.5644613948031,0.0,1.6462693055278017,0.0,11.911055968700843,0.0,6.920666430566401,0.0,7.169373303416223,0.0,11.50364586876396,0.0,3.554471917951261,0.0,3.36619451261514,0.0,0.7801189046256496,0.0,-0.8606790622460152,0.0,0.969594500570538,0.0,""
"2026-09-28 10:31:18","git-master-bddc7a050319718b5e4e0856afec0bc9ea96418f","C:\Users\marco\Desktop\ds004507\derivatives\labels\sub-003\ses-headDown\anat\sub-003_ses-headDown_T2w_seg-manual.nii.gz","883","3","",66.86624666038824,0.0,1.611668553549343,0.0,11.92038575743119,0.0,7.0664139986738945,0.0,7.159336820534248,0.0,11.94867977454264,0.0,3.600609555160689,0.0,3.465804443513205,0.0,0.7992238068181357,0.0,-1.4882207680770234,0.0,0.9648994650811485,0.0,""
"2026-09-28 10:31:18","git-master-bddc7a050319718b5e4e0856afec0bc9ea96418f","C:\Users\marco\Desktop\ds004507\derivatives\labels\sub-003\ses-headDown\anat\sub-003_ses-headDown_T2w_seg-manual.nii.gz","884","3","",66.82577228026639,0.0,1.5667860578985138,0.0,11.929239630599646,0.0,7.090424878097289,0.0,7.1969142411365175,0.0,11.955154914562746,0.0,3.5342362632592277,0.0,3.556188614838061,0.0,0.7975724997475169,0.0,-3.398255143076083,0.0,0.9619542359365609,0.0,""
"2026-09-28 10:31:18","git-master-bddc7a050319718b5e4e0856afec0bc9ea96418f","C:\Users\marco\Desktop\ds004507\derivatives\labels\sub-003\ses-headDown\anat\sub-003_ses-headDown_T2w_seg-manual.nii.gz","885","3","",66.21391960955218,0.0,1.5116207192652904,0.0,11.937617666249121,0.0,7.071401979971696,0.0,7.269374054841241,0.0,11.797887093359645,0.0,3.4430089901346617,0.0,3.6283929898370344,0.0,0.787093036969417,0.0,-5.221484136690202,0.0,0.9655320440358096,0.0,""
"2026-09-28 10:31:18","git-master-bddc7a050319718b5e4e0856afec0bc9ea96418f","C:\Users\marco\Desktop\ds004507\derivatives\labels\sub-003\ses-headDown\anat\sub-003_ses-headDown_T2w_seg-manual.nii.gz","886","3","",68.46271997014705,0.0,1.4461713100640972,0.0,11.945519939512227,0.0,7.0711753688379355,0.0,7.245829318450383,0.0,12.23899432051475,0.0,3.410845053918887,0.0,3.660330314919049,0.0,0.8059121338445266,0.0,-5.083264314695995,0.0,0.9754423966800149,0.0,""
"2026-09-28 10:31:18","git-master-bddc7a050319718b5e4e0856afec0bc9ea96418f","C:\Users\marco\Desktop\ds004507\derivatives\labels\sub-003\ses-headDown\anat\sub-003_ses-headDown_T2w_seg-manual.nii.gz","887","3","",67.8907931030465,0.0,1.3685659240783297,0.0,11.952860054057188,0.0,7.089023478560667,0.0,7.241091726670649,0.0,12.14164593972721,0.0,3.3988220822986532,0.0,3.690201396262013,0.0,0.8026920284026584,0.0,-1.6571687235135868,0.0,0.9664848523562706,0.0,""
"2026-09-28 10:31:18","git-master-bddc7a050319718b5e4e0856afec0bc9ea96418f","C:\Users\marco\Desktop\ds004507\derivatives\labels\sub-003\ses-headDown\anat\sub-003_ses-headDown_T2w_seg-manual.nii.gz","888","3","",67.05261122945082,0.0,1.2792696005586988,0.0,11.959659740150673,0.0,7.333777775775212,0.0,7.405783553104026,0.0,11.71964743874962,0.0,3.6345812348027176,0.0,3.6991965409724936,0.0,0.7740125706196144,0.0,-3.0419461000472783,0.0,0.9511214130330463,0.0,""
"2026-09-28 10:31:18","git-master-bddc7a050319718b5e4e0856afec0bc9ea96418f","C:\Users\marco\Desktop\ds004507\derivatives\labels\sub-003\ses-headDown\anat\sub-003_ses-headDown_T2w_seg-manual.nii.gz","889","3","",68.17138848209525,0.0,1.179683442577634,0.0,11.965983920916823,0.0,7.247854472074565,0.0,7.3727541464250725,0.0,11.95399113974577,0.0,3.679827702747704,0.0,3.5680267693268597,0.0,0.7853857475764092,0.0,-4.112750121986672,0.0,0.952958720954266,0.0,""
"2026-09-28 10:31:18","git-master-bddc7a050319718b5e4e0856afec0bc9ea96418f","C:\Users\marco\Desktop\ds004507\derivatives\labels\sub-003\ses-headDown\anat\sub-003_ses-headDown_T2w_seg-manual.nii.gz","890","3","",69.08548102565472,0.0,1.0750845983590211,0.0,11.97183265206237,0.0,7.075258862544857,0.0,7.258120244894269,0.0,12.285950327462023,0.0,3.6101940407840787,0.0,3.465064821760778,0.0,0.8067837206211754,0.0,-4.0852053308690905,0.0,0.9625747108349174,0.0,""
"2026-09-28 10:31:18","git-master-bddc7a050319718b5e4e0856afec0bc9ea96418f","C:\Users\marco\Desktop\ds004507\derivatives\labels\sub-003\ses-headDown\anat\sub-003_ses-headDown_T2w_seg-manual.nii.gz","891","3","",67.78164584949239,0.0,0.972670379188256,0.0,11.977205986343437,0.0,7.126956787367249,0.0,7.264226461096837,0.0,12.04784962607189,0.0,3.570617731673313,0.0,3.556339055693936,0.0,0.7974588366348117,0.0,-3.393357833135029,0.0,0.9638943456785788,0.0,""
"2026-09-28 10:31:18","git-master-bddc7a050319718b5e4e0856afec0bc9ea96418f","C:\Users\marco\Desktop\ds004507\derivatives\labels\sub-003\ses-headDown\anat\sub-003_ses-headDown_T2w_seg-manual.nii.gz","892","3","",67.2063783134793,0.0,0.8825556479640964,0.0,11.982039163315095,0.0,7.173269418293891,0.0,7.454362712588979,0.0,11.675323295200878,0.0,3.455323894794283,0.0,3.717945523499608,0.0,0.7693780920420765,0.0,-3.0095248459274533,0.0,0.947717624960484,0.0,""
"2026-09-28 10:31:18","git-master-bddc7a050319718b5e4e0856afec0bc9ea96418f","C:\Users\marco\Desktop\ds004507\derivatives\labels\sub-003\ses-headDown\anat\sub-003_ses-headDown_T2w_seg-manual.nii.gz","893","3","",70.76066304412224,0.0,0.8052354543967893,0.0,11.986310651461014,0.0,7.53759937678914,0.0,7.582186072739977,0.0,12.069813564539945,0.0,3.747371153873353,0.0,3.7902282229157866,0.0,0.7778222996085287,0.0,-0.6988999985130779,0.0,0.9514183377657851,0.0,""
"2026-09-28 10:31:18","git-master-bddc7a050319718b5e4e0856afec0bc9ea96418f","C:\Users\marco\Desktop\ds004507\derivatives\labels\sub-003\ses-headDown\anat\sub-003_ses-headDown_T2w_seg-manual.nii.gz","894","3","",71.40761494490188,0.0,0.7387430202847407,0.0,11.990106912041176,0.0,7.627600593328572,0.0,7.578179536433421,0.0,12.178839294487421,0.0,3.818633801870944,0.0,3.808966791457628,0.0,0.7828274218725197,0.0,-0.7665791877303443,0.0,0.95220881085488,0.0,""
"2026-09-28 10:31:18","git-master-bddc7a050319718b5e4e0856afec0bc9ea96418f","C:\Users\marco\Desktop\ds004507\derivatives\labels\sub-003\ses-headDown\anat\sub-003_ses-headDown_T2w_seg-manual.nii.gz","895","3","",70.76328890267098,0.0,0.6830793095564908,0.0,11.993427978169503,0.0,7.435948874039962,0.0,7.508755010141846,0.0,12.17702427101755,0.0,3.7137128063325036,0.0,3.7222360677074584,0.0,0.7871719040572904,0.0,-2.5295572425576056,0.0,0.9538921146953405,0.0,""
"2026-09-28 10:31:18","git-master-bddc7a050319718b5e4e0856afec0bc9ea96418f","C:\Users\marco\Desktop\ds004507\derivatives\labels\sub-003\ses-headDown\anat\sub-003_ses-headDown_T2w_seg-manual.nii.gz","896","3","",70.90429149745239,0.0,0.6382451106620529,0.0,11.996273879983189,0.0,7.137205198065988,0.0,7.443275007096055,0.0,12.311886394014763,0.0,3.5702055356734284,0.0,3.56699966239256,0.0,0.7964928780116446,0.0,-4.132123547678068,0.0,0.9600592388480665,0.0,""
"2026-09-28 10:31:18","git-master-bddc7a050319718b5e4e0856afec0bc9ea96418f","C:\Users\marco\Desktop\ds004507\derivatives\labels\sub-003\ses-headDown\anat\sub-003_ses-headDown_T2w_seg-manual.nii.gz","897","3","",71.48504920285816,0.0,0.6052256565133189,0.0,11.99860145338374,0.0,7.1265249709570995,0.0,7.395491235578028,0.0,12.51810968400614,0.0,3.4811426857282797,0.0,3.6453822852288202,0.0,0.8068018810812366,0.0,-2.7441853709869566,0.0,0.9630533618012609,0.0,""
"2026-09-28 10:31:18","git-master-bddc7a050319718b5e4e0856afec0bc9ea96418f","C:\Users\marco\Desktop\ds004507\derivatives\labels\sub-003\ses-headDown\anat\sub-003_ses-headDown_T2w_seg-manual.nii.gz","898","3","",71.25894634840299,0.0,0.5854984513490821,0.0,12.000345944799237,0.0,7.098466250498848,0.0,7.358385843832194,0.0,12.541460525255836,0.0,3.475576004998228,0.0,3.6228902455006198,0.0,0.8097827825642838,0.0,-2.892598632358751,0.0,0.9595524382097528,0.0,""
"2026-09-28 10:31:18","git-master-bddc7a050319718b5e4e0856afec0bc9ea96418f","C:\Users\marco\Desktop\ds004507\derivatives\labels\sub-003\ses-headDown\anat\sub-003_ses-headDown_T2w_seg-manual.nii.gz","899","3","",72.93195667858019,0.0,0.5766022231507347,0.0,12.001615352674163,0.0,7.335060449716346,0.0,7.481624188038255,0.0,12.628980156413165,0.0,3.594676393789005,0.0,3.7403840559273407,0.0,0.8056234787914492,0.0,-1.8907749306482957,0.0,0.9444508626398564,0.0,""
"2026-09-28 10:31:18","git-master-bddc7a050319718b5e4e0856afec0bc9ea96418f","C:\Users\marco\Desktop\ds004507\derivatives\labels\sub-003\ses-headDown\anat\sub-003_ses-headDown_T2w_seg-manual.nii.gz","900","3","",73.44554754957153,0.0,0.5785370354968326,0.0,12.002409687377815,0.0,7.466633755244106,0.0,7.533104504201847,0.0,12.622856771990458,0.0,3.6789879830708783,0.0,3.787645772173228,0.0,0.8024086076398601,0.0,-0.8796008994501316,0.0,0.9342356983117229,0.0,""
"2026-09-28 10:31:18","git-master-bddc7a050319718b5e4e0856afec0bc9ea96418f","C:\Users\marco\Desktop\ds004507\derivatives\labels\sub-003\ses-headDown\anat\sub-003_ses-headDown_T2w_seg-manual.nii.gz","901","3","",71.15191880221693,0.0,0.5913028757864426,0.0,12.002728956290733,0.0,7.314580366551705,0.0,7.412541033281651,0.0,12.400464792102593,0.0,3.677235582568548,0.0,3.637344783983157,0.0,0.8015566386111562,0.0,-1.1090207917429051,0.0,0.9399984210230748,0.0,""
"2026-09-28 10:31:18","git-master-bddc7a050319718b5e4e0856afec0bc9ea96418f","C:\Users\marco\Desktop\ds004507\derivatives\labels\sub-003\ses-headDown\anat\sub-003_ses-headDown_T2w_seg-manual.nii.gz","902","3","",67.72621733696981,0.0,0.6153919549576228,0.0,12.002551569993768,0.0,7.135386041825786,0.0,7.30976982556664,0.0,11.9558408464366,0.0,3.7612497501526856,0.0,3.3741362916731,0.0,0.791299924956964,0.0,-3.4545093034623036,0.0,0.9603482397750001,0.0,""
"2026-09-28 10:31:18","git-master-bddc7a050319718b5e4e0856afec0bc9ea96418f","C:\Users\marco\Desktop\ds004507\derivatives\labels\sub-003\ses-headDown\anat\sub-003_ses-headDown_T2w_seg-manual.nii.gz","903","3","",68.1758063436973,0.0,0.6532653743170497,0.0,12.001769556998894,0.0,7.092068328334335,0.0,7.196790140679927,0.0,12.291969015514862,0.0,3.450583921381914,0.0,3.6414844069524213,0.0,0.8103399835741184,0.0,-0.27627438200129983,0.0,0.9459368453300265,0.0,""
"2026-09-28 10:31:18","git-master-bddc7a050319718b5e4e0856afec0bc9ea96418f","C:\Users\marco\Desktop\ds004507\derivatives\labels\sub-003\ses-headDown\anat\sub-003_ses-headDown_T2w_seg-manual.nii.gz","904","3","",71.63639221458854,0.0,0.701968724317948,0.0,12.000512470099457,0.0,7.392591564809688,0.0,7.450920431948181,0.0,12.437056158218603,0.0,3.661713570918966,0.0,3.7308779938907226,0.0,0.8004214369118204,0.0,-2.363873375654424,0.0,0.9452068476164572,0.0,""
"2026-09-28 10:31:18","git-master-bddc7a050319718b5e4e0856afec0bc9ea96418f","C:\Users\marco\Desktop\ds004507\derivatives\labels\sub-003\ses-headDown\anat\sub-003_ses-headDown_T2w_seg-manual.nii.gz","905","3","",72.21028450745263,0.0,0.7615013285560657,0.0,11.998780296872523,0.0,7.4107874922148955,0.0,7.505229634582978,0.0,12.404847585343962,0.0,3.7728014533581304,0.0,3.6379860388567646,0.0,0.7961383243405746,0.0,-3.924378655086363,0.0,0.9511663505634487,0.0,""
"2026-09-28 10:31:18","git-master-bddc7a050319718b5e4e0856afec0bc9ea96418f","C:\Users\marco\Desktop\ds004507\derivatives\labels\sub-003\ses-headDown\anat\sub-003_ses-headDown_T2w_seg-manual.nii.gz","906","3","",69.6866709012536,0.0,0.8318623416984011,0.0,11.996573021908382,0.0,7.097232557662938,0.0,7.263325592985914,0.0,12.363322442825137,0.0,3.617902216250065,0.0,3.479330341412873,0.0,0.8091409234078075,0.0,-2.9493951191976424,0.0,0.9572423091174347,0.0,""
"2026-09-28 10:31:18","git-master-bddc7a050319718b5e4e0856afec0bc9ea96418f","C:\Users\marco\Desktop\ds004507\derivatives\labels\sub-003\ses-headDown\anat\sub-003_ses-headDown_T2w_seg-manual.nii.gz","907","3","",70.83349730077175,0.0,0.9130507442777767,0.0,11.993890626810789,0.0,7.126579742296906,0.0,7.234728515018215,0.0,12.60869606418004,0.0,3.6513593954977672,0.0,3.4752203467991394,0.0,0.8190033084755569,0.0,-2.788710673383976,0.0,0.9603014399138743,0.0,""
"2026-09-28 10:31:18","git-master-bddc7a050319718b5e4e0856afec0bc9ea96418f","C:\Users\marco\Desktop\ds004507\derivatives\labels\sub-003\ses-headDown\anat\sub-003_ses-headDown_T2w_seg-manual.nii.gz","908","2","",68.34394083381369,0.0,1.0315504254226298,0.0,11.989783230146962,0.0,7.168337915928653,0.0,7.339201532180391,0.0,12.045502907899646,0.0,3.474497577477471,0.0,3.6938403384511815,0.0,0.7929476608044778,0.0,-6.768012268429656,0.0,0.956926497151591,0.0,""
"2026-09-28 10:31:18","git-master-bddc7a050319718b5e4e0856afec0bc9ea96418f","C:\Users\marco\Desktop\ds004507\derivatives\labels\sub-003\ses-headDown\anat\sub-003_ses-headDown_T2w_seg-manual.nii.gz","909","2","",69.3040043014869,0.0,1.1541385077374477,0.0,11.985386735060189,0.0,7.1269119662956495,0.0,7.424660930988692,0.0,12.102208405986309,0.0,3.4547492699074014,0.0,3.672162696388248,0.0,0.7896972528826989,0.0,-2.3516141753738715,0.0,0.9630758659202026,0.0,""
"2026-09-28 10:31:18","git-master-bddc7a050319718b5e4e0856afec0bc9ea96418f","C:\Users\marco\Desktop\ds004507\derivatives\labels\sub-003\ses-headDown\anat\sub-003_ses-headDown_T2w_seg-manual.nii.gz","910","2","",70.5171615421288,0.0,1.2908888869574657,0.0,11.980368094166817,0.0,7.586668675449547,0.0,7.597426719238245,0.0,12.010485732939621,0.0,3.75969337851327,0.0,3.826975296936277,0.0,0.7743830795441164,0.0,0.8164397303717337,0.0,0.9536051591566763,0.0,""
"2026-09-28 10:31:18","git-master-bddc7a050319718b5e4e0856afec0bc9ea96418f","C:\Users\marco\Desktop\ds004507\derivatives\labels\sub-003\ses-headDown\anat\sub-003_ses-headDown_T2w_seg-manual.nii.gz","911","2","",68.82571390227629,0.0,1.4283062385248044,0.0,11.97686831708975,0.0,7.291529500273922,0.0,7.3987224482860965,0.0,12.009837574341228,0.0,3.76755207608197,0.0,3.523977424191953,0.0,0.7874895144086721,0.0,1.6589405410958864,0.0,0.9597222503516174,0.0,""
"2026-09-28 10:31:18","git-master-bddc7a050319718b5e4e0856afec0bc9ea96418f","C:\Users\marco\Desktop\ds004507\derivatives\labels\sub-003\ses-headDown\anat\sub-003_ses-headDown_T2w_seg-manual.nii.gz","912","2","",68.19271281789932,0.0,1.5529008267061641,0.0,11.977028548344459,0.0,7.119957079148007,0.0,7.37064280683149,0.0,11.924701331679836,0.0,3.6790935668855886,0.0,3.440863512262418,0.0,0.7859683748549118,0.0,-0.5066205247155888,0.0,0.9654148197497964,0.0,""
"2026-09-28 10:31:18","git-master-bddc7a050319718b5e4e0856afec0bc9ea96418f","C:\Users\marco\Desktop\ds004507\derivatives\labels\sub-003\ses-headDown\anat\sub-003_ses-headDown_T2w_seg-manual.nii.gz","913","2","",66.71897882396141,0.0,1.6608218445866165,0.0,11.981460433780763,0.0,7.179719795866513,0.0,7.36812458880109,0.0,11.689233557387979,0.0,3.59789138072661,0.0,3.5818284151399022,0.0,0.7762418505563831,0.0,-0.0869806517638394,0.0,0.9533870697400508,0.0,""
"2026-09-28 10:31:18","git-master-bddc7a050319718b5e4e0856afec0bc9ea96418f","C:\Users\marco\Desktop\ds004507\derivatives\labels\sub-003\ses-headDown\anat\sub-003_ses-headDown_T2w_seg-manual.nii.gz","914","2","",65.67217279645668,0.0,1.752073626140429,0.0,11.990163557187214,0.0,7.3459404251585925,0.0,7.3448808484287005,0.0,11.54291587248922,0.0,3.641703311502206,0.0,3.704237113656386,0.0,0.7714339226279077,0.0,1.4405794595265242,0.0,0.9466810060447711,0.0,""
"2026-09-28 10:31:18","git-master-bddc7a050319718b5e4e0856afec0bc9ea96418f","C:\Users\marco\Desktop\ds004507\derivatives\labels\sub-003\ses-headDown\anat\sub-003_ses-headDown_T2w_seg-manual.nii.gz","915","2","",66.94841025602302,0.0,1.8266602867356638,0.0,12.003137121456104,0.0,7.441817993185461,0.0,7.394873398558114,0.0,11.637270470315704,0.0,3.7538491090640713,0.0,3.6879688841213896,0.0,0.7721056523480166,0.0,0.2865973546704669,0.0,0.9549384727742308,0.0,""
"2026-09-28 10:31:18","git-master-bddc7a050319718b5e4e0856afec0bc9ea96418f","C:\Users\marco\Desktop\ds004507\derivatives\labels\sub-003\ses-headDown\anat\sub-003_ses-headDown_T2w_seg-manual.nii.gz","916","2","",68.0880383320377,0.0,1.884585520507804,0.0,12.020379947521985,0.0,7.249397351055998,0.0,7.385396710168291,0.0,11.819907238844666,0.0,3.6938873083495856,0.0,3.555510042706412,0.0,0.7806016823828694,0.0,-1.1024128407482363,0.0,0.9546751291205582,0.0,""
"2026-09-28 10:31:18","git-master-bddc7a050319718b5e4e0856afec0bc9ea96418f","C:\Users\marco\Desktop\ds004507\derivatives\labels\sub-003\ses-headDown\anat\sub-003_ses-headDown_T2w_seg-manual.nii.gz","917","2","",68.56899411040119,0.0,1.925852430893634,0.0,12.041890472821024,0.0,7.118279594708675,0.0,7.27781349591766,0.0,12.025874220549218,0.0,3.596579960595267,0.0,3.521699634113408,0.0,0.7960860527441295,0.0,-1.236373279620938,0.0,0.9694789999388891,0.0,""
"2026-09-28 10:31:18","git-master-bddc7a050319718b5e4e0856afec0bc9ea96418f","C:\Users\marco\Desktop\ds004507\derivatives\labels\sub-003\ses-headDown\anat\sub-003_ses-headDown_T2w_seg-manual.nii.gz","918","2","",67.60363256700842,0.0,1.950463394250095,0.0,12.067666749272798,0.0,7.113218370466338,0.0,7.197418808128659,0.0,12.00784857226369,0.0,3.497089517914395,0.0,3.616128852551944,0.0,0.8004549883685309,0.0,-0.8290253773973796,0.0,0.9687141216991964,0.0,""
"2026-09-28 10:31:18","git-master-bddc7a050319718b5e4e0856afec0bc9ea96418f","C:\Users\marco\Desktop\ds004507\derivatives\labels\sub-003\ses-headDown\anat\sub-003_ses-headDown_T2w_seg-manual.nii.gz","919","2","",68.23483493851867,0.0,1.9563382106453875,0.0,12.0982389081211,0.0,7.119369617864172,0.0,7.316831177393494,0.0,12.013103960303424,0.0,3.491115194151489,0.0,3.6282544237126837,0.0,0.7931058518786972,0.0,1.7851628830068287,0.0,0.9679781426683708,0.0,""
"2026-09-28 10:31:18","git-master-bddc7a050319718b5e4e0856afec0bc9ea96418f","C:\Users\marco\Desktop\ds004507\derivatives\labels\sub-003\ses-headDown\anat\sub-003_ses-headDown_T2w_seg-manual.nii.gz","920","2","",67.9892431222621,0.0,1.9455590603250832,0.0,12.133070805645918,0.0,7.042802866687055,0.0,7.311030982287323,0.0,12.039177891473877,0.0,3.316659094597803,0.0,3.7261437720892507,0.0,0.7944923403699413,0.0,-0.6178340380562646,0.0,0.9756261573777766,0.0,""
"2026-09-28 10:31:18","git-master-bddc7a050319718b5e4e0856afec0bc9ea96418f","C:\Users\marco\Desktop\ds004507\derivatives\labels\sub-003\ses-headDown\anat\sub-003_ses-headDown_T2w_seg-manual.nii.gz","921","2","",64.38832708423753,0.0,1.918125206092539,0.0,12.172159119236143,0.0,7.019238778875026,0.0,7.048452998497049,0.0,11.871751405800502,0.0,3.347530851603892,0.0,3.6717079272711346,0.0,0.8046651022811683,0.0,0.4885923388155242,0.0,0.947729891550361,0.0,""
"2026-09-28 10:31:18","git-master-bddc7a050319718b5e4e0856afec0bc9ea96418f","C:\Users\marco\Desktop\ds004507\derivatives\labels\sub-003\ses-headDown\anat\sub-003_ses-headDown_T2w_seg-manual.nii.gz","922","2","",63.29199440722546,0.0,1.874035023110019,0.0,12.21550012402298,0.0,7.0733760207755365,0.0,7.008891721935649,0.0,11.71798492889787,0.0,3.5285023188657396,0.0,3.544873701909797,0.0,0.8012987298227635,0.0,0.36432819714156706,0.0,0.9431568492805917,0.0,""
"2026-09-28 10:31:18","git-master-bddc7a050319718b5e4e0856afec0bc9ea96418f","C:\Users\marco\Desktop\ds004507\derivatives\labels\sub-003\ses-headDown\anat\sub-003_ses-headDown_T2w_seg-manual.nii.gz","923","2","",64.22013480904126,0.0,1.8132860682199936,0.0,12.263089687955539,0.0,7.077328284227416,0.0,7.122605256636504,0.0,11.688530584483486,0.0,3.5224056078421615,0.0,3.5549226763852544,0.0,0.7928751581085095,0.0,-1.9532439100192018,0.0,0.9565028679869544,0.0,""
"2026-09-28 10:31:18","git-master-bddc7a050319718b5e4e0856afec0bc9ea96418f","C:\Users\marco\Desktop\ds004507\derivatives\labels\sub-003\ses-headDown\anat\sub-003_ses-headDown_T2w_seg-manual.nii.gz","924","2","",66.00194424992773,0.0,1.7358751822133123,0.0,12.314923266430437,0.0,7.041049355800591,0.0,7.180443873175233,0.0,11.900093317279593,0.0,3.367054139167641,0.0,3.67399521663295,0.0,0.7971075739285903,0.0,-2.7442829369158463,0.0,0.9653622282780611,0.0,""
"2026-09-28 10:31:18","git-master-bddc7a050319718b5e4e0856afec0bc9ea96418f","C:\Users\marco\Desktop\ds004507\derivatives\labels\sub-003\ses-headDown\anat\sub-003_ses-headDown_T2w_seg-manual.nii.gz","925","2","",67.36385311153688,0.0,1.6417986251036656,0.0,12.370995896481848,0.0,7.156413025936964,0.0,7.159761423076143,0.0,12.121511270085819,0.0,3.394405512591654,0.0,3.7620075133453104,0.0,0.8068841606739242,0.0,-1.790374873088052,0.0,0.9590979632852494,0.0,""
"2026-09-28 10:31:18","git-master-bddc7a050319718b5e4e0856afec0bc9ea96418f","C:\Users\marco\Desktop\ds004507\derivatives\labels\sub-003\ses-headDown\anat\sub-003_ses-headDown_T2w_seg-manual.nii.gz","926","2","",66.45108327454571,0.0,1.531052244476082,0.0,12.431302190538846,0.0,7.365081967959356,0.0,7.102281154890141,0.0,12.001919019060475,0.0,3.6110183081431826,0.0,3.7540636598161745,0.0,0.8060174418272664,0.0,-2.597067983091838,0.0,0.9434411031265828,0.0,""
"2026-09-28 10:31:18","git-master-bddc7a050319718b5e4e0856afec0bc9ea96418f","C:\Users\marco\Desktop\ds004507\derivatives\labels\sub-003\ses-headDown\anat\sub-003_ses-headDown_T2w_seg-manual.nii.gz","927","2","",65.85865383934488,0.0,1.4036316769825194,0.0,12.495836329757458,0.0,7.0782469376902,0.0,6.945774584018843,0.0,12.075456605789235,0.0,3.5126192643391145,0.0,3.565627673351086,0.0,0.81800224578036,0.0,-1.4458627346273534,0.0,0.9539359034201296,0.0,""
"2026-09-28 10:31:18","git-master-bddc7a050319718b5e4e0856afec0bc9ea96418f","C:\Users\marco\Desktop\ds004507\derivatives\labels\sub-003\ses-headDown\anat\sub-003_ses-headDown_T2w_seg-manual.nii.gz","928","2","",65.52504472442926,0.0,1.2595325830599042,0.0,12.564592056935311,0.0,7.0437447477498765,0.0,6.951372920905564,0.0,11.933192813546995,0.0,3.406492636327603,0.0,3.637252111422274,0.0,0.8128133995188666,0.0,0.2517437279120454,0.0,0.961458642158316,0.0,""
"2026-09-28 10:31:18","git-master-bddc7a050319718b5e4e0856afec0bc9ea96418f","C:\Users\marco\Desktop\ds004507\derivatives\labels\sub-003\ses-headDown\anat\sub-003_ses-headDown_T2w_seg-manual.nii.gz","929","2","",67.07611485354171,0.0,1.0966651005883927,0.0,12.638088354388263,0.0,7.453121191732151,0.0,7.275774275902098,0.0,11.716003404024107,0.0,3.707859146123874,0.0,3.745262045608278,0.0,0.7835723468742232,0.0,-0.561813223275581,0.0,0.9520433001132674,0.0,""
"2026-09-28 10:31:18","git-master-bddc7a050319718b5e4e0856afec0bc9ea96418f","C:\Users\marco\Desktop\ds004507\derivatives\labels\sub-003\ses-headDown\anat\sub-003_ses-headDown_T2w_seg-manual.nii.gz","930","2","",70.34606340569259,0.0,0.9171111032620942,0.0,12.715790134809664,0.0,7.450570935089983,0.0,7.26736900756579,0.0,12.243004063200889,0.0,3.815862651400765,0.0,3.6347082836892177,0.0,0.8042613907537103,0.0,-2.590958489348825,0.0,0.9514529914529914,0.0,""
"2026-09-28 10:31:18","git-master-bddc7a050319718b5e4e0856afec0bc9ea96418f","C:\Users\marco\Desktop\ds004507\derivatives\labels\sub-003\ses-headDown\anat\sub-003_ses-headDown_T2w_seg-manual.nii.gz","931","2","",70.87781882204521,0.0,0.7361987349434249,0.0,12.79768954023393,0.0,7.187437230762138,0.0,7.168228642552435,0.0,12.48685847984382,0.0,3.741306227102372,0.0,3.446131003659767,0.0,0.8187249654205518,0.0,-1.9140799839308555,0.0,0.9681607811951483,0.0,""
"2026-09-28 10:31:18","git-master-bddc7a050319718b5e4e0856afec0bc9ea96418f","C:\Users\marco\Desktop\ds004507\derivatives\labels\sub-003\ses-headDown\anat\sub-003_ses-headDown_T2w_seg-manual.nii.gz","932","2","",70.75781200610452,0.0,0.5692615565526767,0.0,12.883778234434823,0.0,7.080067381101178,0.0,7.235122106211328,0.0,12.36207809710147,0.0,3.561820388531382,0.0,3.5182469925697966,0.0,0.8105627986910515,0.0,-1.9195080997239105,0.0,0.9754298133867009,0.0,""
"2026-09-28 10:31:18","git-master-bddc7a050319718b5e4e0856afec0bc9ea96418f","C:\Users\marco\Desktop\ds004507\derivatives\labels\sub-003\ses-headDown\anat\sub-003_ses-headDown_T2w_seg-manual.nii.gz","933","2","",70.7168284591251,0.0,0.4206847895939976,0.0,12.97404739347324,0.0,7.356499795137598,0.0,7.411120445659942,0.0,12.078161310957277,0.0,3.676170337942109,0.0,3.68032945719549,0.0,0.7891181412602293,0.0,-2.309560229806222,0.0,0.9641786056763672,0.0,""
"2026-09-28 10:31:18","git-master-bddc7a050319718b5e4e0856afec0bc9ea96418f","C:\Users\marco\Desktop\ds004507\derivatives\labels\sub-003\ses-headDown\anat\sub-003_ses-headDown_T2w_seg-manual.nii.gz","934","2","",71.38038193077982,0.0,0.29047283070695795,0.0,13.068487695912486,0.0,7.641466013142133,0.0,7.543082819256429,0.0,12.00122980599963,0.0,3.8405238267807027,0.0,3.8009421863614303,0.0,0.7777508283491523,0.0,-1.6689262534967657,0.0,0.95566560784623,0.0,""
"2026-09-28 10:31:18","git-master-bddc7a050319718b5e4e0856afec0bc9ea96418f","C:\Users\marco\Desktop\ds004507\derivatives\labels\sub-003\ses-headDown\anat\sub-003_ses-headDown_T2w_seg-manual.nii.gz","935","2","",71.77511238040668,0.0,0.17862860811191764,0.0,13.167089312714511,0.0,7.647085702088642,0.0,7.55690166853199,0.0,12.095170296841411,0.0,3.765712981671361,0.0,3.881372720417281,0.0,0.7807926916858581,0.0,0.4327488095279316,0.0,0.9546963703742641,0.0,""
"2026-09-28 10:31:18","git-master-bddc7a050319718b5e4e0856afec0bc9ea96418f","C:\Users\marco\Desktop\ds004507\derivatives\labels\sub-003\ses-headDown\anat\sub-003_ses-headDown_T2w_seg-manual.nii.gz","936","2","",70.33160886608626,0.0,0.08515393217105183,0.0,13.26984189683119,0.0,7.619258073438297,0.0,7.51318907360047,0.0,11.994147208296786,0.0,3.732082220981682,0.0,3.8871758524566142,0.0,0.7794968676484197,0.0,2.8501134195491513,0.0,0.9407944568283141,0.0,""
"2026-09-28 10:31:18","git-master-bddc7a050319718b5e4e0856afec0bc9ea96418f","C:\Users\marco\Desktop\ds004507\derivatives\labels\sub-003\ses-headDown\anat\sub-003_ses-headDown_T2w_seg-manual.nii.gz","937","2","",70.49583767575976,0.0,0.01004980195670482,0.0,13.37673457250524,0.0,7.573726723655103,0.0,7.576234236671214,0.0,11.999545366246442,0.0,3.7069738657881595,0.0,3.8667528578669432,0.0,0.7754198666139961,0.0,2.40572950850102,0.0,0.9359868081027157,0.0,""
"2026-09-28 10:31:18","git-master-bddc7a050319718b5e4e0856afec0bc9ea96418f","C:\Users\marco\Desktop\ds004507\derivatives\labels\sub-003\ses-headDown\anat\sub-003_ses-headDown_T2w_seg-manual.nii.gz","938","2","",69.67101758657682,0.0,-0.04668333229527801,0.0,13.487755924295994,0.0,7.541116548023371,0.0,7.638553840553143,0.0,11.795931583993573,0.0,3.829263224304417,0.0,3.711853323718954,0.0,0.7620158791716327,0.0,0.32774260215131373,0.0,0.9535356272013005,0.0,""
"2026-09-28 10:31:18","git-master-bddc7a050319718b5e4e0856afec0bc9ea96418f","C:\Users\marco\Desktop\ds004507\derivatives\labels\sub-003\ses-headDown\anat\sub-003_ses-headDown_T2w_seg-manual.nii.gz","939","1","",74.62566362116331,0.0,-0.0867562603177307,0.0,13.616256597159696,0.0,7.661153980175922,0.0,7.666881205972796,0.0,12.469308438574757,0.0,3.8021907311004526,0.0,3.8589632490754697,0.0,0.7886361401307196,0.0,-1.4620103034592258,0.0,0.9587126554686498,0.0,""
"2026-09-28 10:31:18","git-master-bddc7a050319718b5e4e0856afec0bc9ea96418f","C:\Users\marco\Desktop\ds004507\derivatives\labels\sub-003\ses-headDown\anat\sub-003_ses-headDown_T2w_seg-manual.nii.gz","940","1","",74.90380901924433,0.0,-0.10191002920906489,0.0,13.734611154511441,0.0,7.6051372664328305,0.0,7.625691697202792,0.0,12.662846884292899,0.0,3.6777058784887626,0.0,3.927431387944068,0.0,0.7982985895394488,0.0,-4.78926737103155,0.0,0.9477210841662361,0.0,""
"2026-09-28 10:31:18","git-master-bddc7a050319718b5e4e0856afec0bc9ea96418f","C:\Users\marco\Desktop\ds004507\derivatives\labels\sub-003\ses-headDown\anat\sub-003_ses-headDown_T2w_seg-manual.nii.gz","941","1","",71.30938424830155,0.0,-0.09934888443969822,0.0,13.856904854752399,0.0,7.4579409210906356,0.0,7.561508698072636,0.0,12.213985530276982,0.0,3.613731290081787,0.0,3.8442096310088485,0.0,0.7850480502264603,0.0,-0.3467496931156093,0.0,0.9481975922790546,0.0,""
"2026-09-28 10:31:18","git-master-bddc7a050319718b5e4e0856afec0bc9ea96418f","C:\Users\marco\Desktop\ds004507\derivatives\labels\sub-003\ses-headDown\anat\sub-003_ses-headDown_T2w_seg-manual.nii.gz","942","1","",68.95693708885166,0.0,-0.07907281164478164,0.0,13.983124465018825,0.0,7.172285525113373,0.0,7.402620828596567,0.0,11.989443491361575,0.0,3.5006522634154824,0.0,3.671633261697891,0.0,0.7866188364287944,0.0,1.7658543138352911,0.0,0.9640480835189513,0.0,""
"2026-09-28 10:31:18","git-master-bddc7a050319718b5e4e0856afec0bc9ea96418f","C:\Users\marco\Desktop\ds004507\derivatives\labels\sub-003\ses-headDown\anat\sub-003_ses-headDown_T2w_seg-manual.nii.gz","943","1","",69.39404202169578,0.0,-0.041081768887327286,0.0,14.113256200060462,0.0,7.332213068890674,0.0,7.40197375149546,0.0,11.956471519599061,0.0,3.652041659705685,0.0,3.6801714091849895,0.0,0.7853070621835749,0.0,1.055643721637435,0.0,0.9668617639616031,0.0,""
"2026-09-28 10:31:18","git-master-bddc7a050319718b5e4e0856afec0bc9ea96418f","C:\Users\marco\Desktop\ds004507\derivatives\labels\sub-003\ses-headDown\anat\sub-003_ses-headDown_T2w_seg-manual.nii.gz","944","1","",68.19315798700723,0.0,0.014624253822299382,0.0,14.247285711591807,0.0,7.564120047275464,0.0,7.4632453976022095,0.0,11.593719924546752,0.0,3.8553232106888062,0.0,3.7087968365866586,0.0,0.7638430869270985,0.0,-0.5900764396166177,0.0,0.9625811734627955,0.0,""
"2026-09-28 10:31:18","git-master-bddc7a050319718b5e4e0856afec0bc9ea96418f","C:\Users\marco\Desktop\ds004507\derivatives\labels\sub-003\ses-headDown\anat\sub-003_ses-headDown_T2w_seg-manual.nii.gz","945","1","",66.22015873029659,0.0,0.08804514022679677,0.0,14.385198077564626,0.0,7.555169960382868,0.0,7.495671413760203,0.0,11.178215702240383,0.0,3.8182086875174877,0.0,3.7369612728653805,0.0,0.74181887827695,0.0,-1.7410330199610102,0.0,0.9631736502348762,0.0,""
"2026-09-28 10:31:18","git-master-bddc7a050319718b5e4e0856afec0bc9ea96418f","C:\Users\marco\Desktop\ds004507\derivatives\labels\sub-003\ses-headDown\anat\sub-003_ses-headDown_T2w_seg-manual.nii.gz","946","1","",68.16550651619261,0.0,0.17918051874609142,0.0,14.526977791376536,0.0,7.610951619590283,0.0,7.575559372362142,0.0,11.359147683286228,0.0,3.680494696148841,0.0,3.930456923441442,0.0,0.7451358062754425,0.0,-2.4815005873449243,0.0,0.9611107177300163,0.0,""
"2026-09-28 10:31:18","git-master-bddc7a050319718b5e4e0856afec0bc9ea96418f","C:\Users\marco\Desktop\ds004507\derivatives\labels\sub-003\ses-headDown\anat\sub-003_ses-headDown_T2w_seg-manual.nii.gz","947","1","",68.43840531621892,0.0,0.28802959863326,0.0,14.672608751030797,0.0,7.776713448808194,0.0,7.6128165103472485,0.0,11.390825010212632,0.0,3.832375306731346,0.0,3.9443381420768473,0.0,0.7438639900929014,0.0,-4.117828005887859,0.0,0.9501241443383109,0.0,""
"2026-09-28 10:31:18","git-master-bddc7a050319718b5e4e0856afec0bc9ea96418f","C:\Users\marco\Desktop\ds004507\derivatives\labels\sub-003\ses-headDown\anat\sub-003_ses-headDown_T2w_seg-manual.nii.gz","948","1","",69.03181541221005,0.0,0.41524686461263993,0.0,14.82221547946542,0.0,7.585610109580544,0.0,7.659545155139464,0.0,11.493646624851019,0.0,3.857012276834383,0.0,3.7285978327461606,0.0,0.7455797988428832,0.0,-3.5922275769732863,0.0,0.9671913795105722,0.0,""
"2026-09-28 10:31:18","git-master-bddc7a050319718b5e4e0856afec0bc9ea96418f","C:\Users\marco\Desktop\ds004507\derivatives\labels\sub-003\ses-headDown\anat\sub-003_ses-headDown_T2w_seg-manual.nii.gz","949","1","",68.29413800436198,0.0,0.5621409277769388,0.0,14.976059143983724,0.0,7.571288801929174,0.0,7.718843604014618,0.0,11.39703437259657,0.0,3.7528851727600645,0.0,3.8184036291691092,0.0,0.7356972330814122,0.0,-0.6696758929445306,0.0,0.9664626816245616,0.0,""
"2026-09-28 10:31:18","git-master-bddc7a050319718b5e4e0856afec0bc9ea96418f","C:\Users\marco\Desktop\ds004507\derivatives\labels\sub-003\ses-headDown\anat\sub-003_ses-headDown_T2w_seg-manual.nii.gz","950","1","",67.64065369693522,0.0,0.7055482633819098,0.0,15.133695408652331,0.0,7.567134218966447,0.0,7.633397250609404,0.0,11.444528804045735,0.0,3.680263956651406,0.0,3.886870262315041,0.0,0.744983030661951,0.0,1.0706421768135834,0.0,0.9627094064108194,0.0,""
"2026-09-28 10:31:18","git-master-bddc7a050319718b5e4e0856afec0bc9ea96418f","C:\Users\marco\Desktop\ds004507\derivatives\labels\sub-003\ses-headDown\anat\sub-003_ses-headDown_T2w_seg-manual.nii.gz","951","1","",66.92495195508586,0.0,0.8267229590586569,0.0,15.295105262408795,0.0,7.571492284666416,0.0,7.593973287924014,0.0,11.373221677606338,0.0,3.6777709884602405,0.0,3.893721296206175,0.0,0.7443861662228233,0.0,1.2758495704415247,0.0,0.9476549826257327,0.0,""
"2026-09-28 10:31:18","git-master-bddc7a050319718b5e4e0856afec0bc9ea96418f","C:\Users\marco\Desktop\ds004507\derivatives\labels\sub-003\ses-headDown\anat\sub-003_ses-headDown_T2w_seg-manual.nii.gz","952","1","",67.19168153065296,0.0,0.9215924451919482,0.0,15.460269033165437,0.0,7.570388169989183,0.0,7.622495209285922,0.0,11.309137988221606,0.0,3.733260577435581,0.0,3.8371275925536024,0.0,0.7387046328437968,0.0,0.6647545837570354,0.0,0.9513524842004846,0.0,""
"2026-09-28 10:31:18","git-master-bddc7a050319718b5e4e0856afec0bc9ea96418f","C:\Users\marco\Desktop\ds004507\derivatives\labels\sub-003\ses-headDown\anat\sub-003_ses-headDown_T2w_seg-manual.nii.gz","953","1","",68.13137679822842,0.0,0.9901599098869447,0.0,15.62916637725016,0.0,7.552473094607181,0.0,7.611175161336991,0.0,11.35679382615623,0.0,3.742552576765444,0.0,3.809920517841737,0.0,0.7420568013743534,0.0,-0.8392707275599497,0.0,0.9651128626653852,0.0,""
"2026-09-28 10:31:18","git-master-bddc7a050319718b5e4e0856afec0bc9ea96418f","C:\Users\marco\Desktop\ds004507\derivatives\labels\sub-003\ses-headDown\anat\sub-003_ses-headDown_T2w_seg-manual.nii.gz","954","1","",68.48913544723229,0.0,1.032428100792716,0.0,15.801776268976518,0.0,7.564642706398598,0.0,7.5818487121817055,0.0,11.376762984602246,0.0,3.7022790193524897,0.0,3.862363687046108,0.0,0.7453407749251099,0.0,-1.7001075405374504,0.0,0.9631572187949368,0.0,""
"2026-09-28 10:31:18","git-master-bddc7a050319718b5e4e0856afec0bc9ea96418f","C:\Users\marco\Desktop\ds004507\derivatives\labels\sub-003\ses-headDown\anat\sub-003_ses-headDown_T2w_seg-manual.nii.gz","955","1","",68.09087658138061,0.0,1.048398964828045,0.0,15.97807699036195,0.0,7.608076712884607,0.0,7.63913953133854,0.0,11.290799380828007,0.0,3.7501323986097206,0.0,3.857944314274886,0.0,0.7359177727732735,0.0,0.6303534749128682,0.0,0.9517981884220319,0.0,""
"2026-09-28 10:31:18","git-master-bddc7a050319718b5e4e0856afec0bc9ea96418f","C:\Users\marco\Desktop\ds004507\derivatives\labels\sub-003\ses-headDown\anat\sub-003_ses-headDown_T2w_seg-manual.nii.gz","956","1","",69.22610319568426,0.0,1.0380734017611044,0.0,16.158046121013175,0.0,7.427550565100763,0.0,7.526001926441721,0.0,11.684832855830345,0.0,3.8582619296434446,0.0,3.5692886354573177,0.0,0.7649183507567614,0.0,3.1217129693162153,0.0,0.9666602259917019,0.0,""
"2026-09-28 10:31:18","git-master-bddc7a050319718b5e4e0856afec0bc9ea96418f","C:\Users\marco\Desktop\ds004507\derivatives\labels\sub-003\ses-headDown\anat\sub-003_ses-headDown_T2w_seg-manual.nii.gz","957","1","",74.03090441227386,0.0,0.9995030635622322,0.0,16.341928298947558,0.0,7.559812474550746,0.0,7.756708673496289,0.0,12.242344454697532,0.0,3.9175417432506583,0.0,3.6422707313000875,0.0,0.7736284175881222,0.0,2.3100764814899333,0.0,0.965171703116864,0.0,""
"2026-09-28 10:31:18","git-master-bddc7a050319718b5e4e0856afec0bc9ea96418f","C:\Users\marco\Desktop\ds004507\derivatives\labels\sub-003\ses-headDown\anat\sub-003_ses-headDown_T2w_seg-manual.nii.gz","958","1","",73.43495217814751,0.0,0.9326857396577446,0.0,16.529693152749893,0.0,8.045392258017996,0.0,7.994346140852015,0.0,11.8567871039115,0.0,4.15337081066003,0.0,3.892021447357965,0.0,0.7378027440217222,0.0,3.6964509367648413,0.0,0.9644636577204865,0.0,""
"2026-09-28 10:31:18","git-master-bddc7a050319718b5e4e0856afec0bc9ea96418f","C:\Users\marco\Desktop\ds004507\derivatives\labels\sub-003\ses-headDown\anat\sub-003_ses-headDown_T2w_seg-manual.nii.gz","959","1","",74.09004737813987,0.0,0.839566449288762,0.0,16.721045759079615,0.0,8.128614129415883,0.0,8.107299432080893,0.0,11.778969629996062,0.0,4.0516860544783215,0.0,4.076928074937562,0.0,0.7254272974082687,0.0,2.730982569794895,0.0,0.9656037701510047,0.0,""
"2026-09-28 10:31:18","git-master-bddc7a050319718b5e4e0856afec0bc9ea96418f","C:\Users\marco\Desktop\ds004507\derivatives\labels\sub-003\ses-headDown\anat\sub-003_ses-headDown_T2w_seg-manual.nii.gz","960","1","",75.47830708861694,0.0,0.7201419219889995,0.0,16.915960310085,0.0,8.09961046501116,0.0,8.065323878907927,0.0,11.91841148066408,0.0,3.9850562702182843,0.0,4.114554194792876,0.0,0.7360004186978155,0.0,2.145615349507683,0.0,0.967515522341115,0.0,""
"2026-09-28 10:31:18","git-master-bddc7a050319718b5e4e0856afec0bc9ea96418f","C:\Users\marco\Desktop\ds004507\derivatives\labels\sub-003\ses-headDown\anat\sub-003_ses-headDown_T2w_seg-manual.nii.gz","961","1","",73.77950467591499,0.0,0.5744090424969354,0.0,17.114410239718463,0.0,7.971750922582611,0.0,7.884540622054357,0.0,11.84471276574149,0.0,3.8799966519707922,0.0,4.091754270611819,0.0,0.7462783982117966,0.0,2.795495356554151,0.0,0.9647538942301194,0.0,""
"2026-09-28 10:31:18","git-master-bddc7a050319718b5e4e0856afec0bc9ea96418f","C:\Users\marco\Desktop\ds004507\derivatives\labels\sub-003\ses-headDown\anat\sub-003_ses-headDown_T2w_seg-manual.nii.gz","962","1","",71.16421409918816,0.0,0.4023654942689179,0.0,17.316368215738073,0.0,7.901216806456818,0.0,7.842204358520601,0.0,11.554348310687969,0.0,3.8382885503781483,0.0,4.06292825607867,0.0,0.7336144748102434,0.0,3.3941647016055563,0.0,0.9571038494373342,0.0,""
"2026-09-28 10:31:18","git-master-bddc7a050319718b5e4e0856afec0bc9ea96418f","C:\Users\marco\Desktop\ds004507\derivatives\labels\sub-003\ses-headDown\anat\sub-003_ses-headDown_T2w_seg-manual.nii.gz","963","1","",72.11014143654316,0.0,0.204010517104171,0.0,17.521806132086116,0.0,8.002734815546221,0.0,8.067457307131175,0.0,11.478982058386304,0.0,3.9458579909459743,0.0,4.056876824600247,0.0,0.7112785424295276,0.0,3.163746224616174,0.0,0.9545774283121414,0.0,""
"2026-09-28 10:31:18","git-master-bddc7a050319718b5e4e0856afec0bc9ea96418f","C:\Users\marco\Desktop\ds004507\derivatives\labels\sub-003\ses-headDown\anat\sub-003_ses-headDown_T2w_seg-manual.nii.gz","964","1","",75.53243627417234,0.0,-0.02065422122664695,0.0,17.73069510166524,0.0,8.102169832180895,0.0,8.242574808429096,0.0,11.852508477346545,0.0,3.963364436557693,0.0,4.138805395623201,0.0,0.7185960294475621,0.0,3.7025453984882817,0.0,0.9646051742344592,0.0,""
"2026-09-28 10:31:18","git-master-bddc7a050319718b5e4e0856afec0bc9ea96418f","C:\Users\marco\Desktop\ds004507\derivatives\labels\sub-003\ses-headDown\anat\sub-003_ses-headDown_T2w_seg-manual.nii.gz","965","1","",77.38432226781006,0.0,-0.27162363954152413,0.0,17.943005449532933,0.0,8.361787582850472,0.0,8.335347740347954,0.0,11.96578884887898,0.0,4.103946819985301,0.0,4.257840762865171,0.0,0.7174176907245877,0.0,6.552106650948423,0.0,0.9589898163960351,0.0,""
"2026-09-28 10:31:18","git-master-bddc7a050319718b5e4e0856afec0bc9ea96418f","C:\Users\marco\Desktop\ds004507\derivatives\labels\sub-003\ses-headDown\anat\sub-003_ses-headDown_T2w_seg-manual.nii.gz","966","1","",74.27108793135322,0.0,-0.5518071622765903,0.0,18.159078899263804,0.0,8.139939576463428,0.0,8.222292811685799,0.0,11.490859232048843,0.0,4.115381385251576,0.0,4.024558191211852,0.0,0.6984287680199163,0.0,3.612512086980777,0.0,0.9578209838610766,0.0,""
"2026-09-28 10:31:18","git-master-bddc7a050319718b5e4e0856afec0bc9ea96418f","C:\Users\marco\Desktop\ds004507\derivatives\labels\sub-003\ses-headDown\anat\sub-003_ses-headDown_T2w_seg-manual.nii.gz","967","1","",78.4725047212318,0.0,-0.8592348532681655,0.0,18.37862614779837,0.0,8.273144564468987,0.0,8.444212473694312,0.0,11.814336846000629,0.0,4.104651916282534,0.0,4.168492648186454,0.0,0.6993630852957708,0.0,5.0490820089360655,0.0,0.9712385065711966,0.0,""
"2026-09-28 10:31:18","git-master-bddc7a050319718b5e4e0856afec0bc9ea96418f","C:\Users\marco\Desktop\ds004507\derivatives\labels\sub-003\ses-headDown\anat\sub-003_ses-headDown_T2w_seg-manual.nii.gz","968","1","",77.62964027147741,0.0,-1.192904200675383,0.0,18.601489169864557,0.0,8.368562575673634,0.0,8.525457283735427,0.0,11.626782752138915,0.0,4.195015012239026,0.0,4.173547563434607,0.0,0.6794474058655301,0.0,4.619033684873867,0.0,0.9716027003011689,0.0,""
"2026-09-28 10:31:18","git-master-bddc7a050319718b5e4e0856afec0bc9ea96418f","C:\Users\marco\Desktop\ds004507\derivatives\labels\sub-003\ses-headDown\anat\sub-003_ses-headDown_T2w_seg-manual.nii.gz","969","1","",79.21772761315951,0.0,-1.522288947018993,0.0,18.827634562808964,0.0,8.63450720782834,0.0,8.748104607038151,0.0,11.6348689763452,0.0,4.447845676447578,0.0,4.1866615313807625,0.0,0.6592706554711975,0.0,2.639016811761462,0.0,0.9626166837452717,0.0,""
"2026-09-28 10:31:18","git-master-bddc7a050319718b5e4e0856afec0bc9ea96418f","C:\Users\marco\Desktop\ds004507\derivatives\labels\sub-003\ses-headDown\anat\sub-003_ses-headDown_T2w_seg-manual.nii.gz","970","1","",79.89097353864734,0.0,-1.8123196736466498,0.0,19.057028106558267,0.0,8.708085441963402,0.0,8.821375966242229,0.0,11.602544917209366,0.0,4.492929060003101,0.0,4.215156381960301,0.0,0.6495485478539291,0.0,2.029368249010627,0.0,0.9640645385511137,0.0,""
"2026-09-28 10:31:18","git-master-bddc7a050319718b5e4e0856afec0bc9ea96418f","C:\Users\marco\Desktop\ds004507\derivatives\labels\sub-003\ses-headDown\anat\sub-003_ses-headDown_T2w_seg-manual.nii.gz","971","1","",79.11987676381158,0.0,-2.0462492463406625,0.0,19.28963476091551,0.0,8.559822705156137,0.0,8.702740377585206,0.0,11.565290127269742,0.0,4.271166938831914,0.0,4.288655766324223,0.0,0.6581007103723248,0.0,2.423542329197727,0.0,0.9719137272399438,0.0,""
"2026-09-28 10:31:18","git-master-bddc7a050319718b5e4e0856afec0bc9ea96418f","C:\Users\marco\Desktop\ds004507\derivatives\labels\sub-003\ses-headDown\anat\sub-003_ses-headDown_T2w_seg-manual.nii.gz","972","1","",80.40925878174667,0.0,-2.224113065781297,0.0,19.52541866348096,0.0,8.601385574068026,0.0,8.743258674763432,0.0,11.718703464884749,0.0,4.180725000790395,0.0,4.420660573277632,0.0,0.6647273120888085,0.0,1.0318432110834954,0.0,0.9658662851217581,0.0,""
"2026-09-28 10:31:18","git-master-bddc7a050319718b5e4e0856afec0bc9ea96418f","C:\Users\marco\Desktop\ds004507\derivatives\labels\sub-003\ses-headDown\anat\sub-003_ses-headDown_T2w_seg-manual.nii.gz","973","1","",80.52662107579577,0.0,-2.345944741641305,0.0,19.764343128215557,0.0,8.854508878523525,0.0,8.978577098153195,0.0,11.458460865595658,0.0,4.449042339679003,0.0,4.405466538844523,0.0,0.6212170320129846,0.0,-1.875767653989377,0.0,0.9500086616374115,0.0,""
"2026-09-28 10:31:18","git-master-bddc7a050319718b5e4e0856afec0bc9ea96418f","C:\Users\marco\Desktop\ds004507\derivatives\labels\sub-003\ses-headDown\anat\sub-003_ses-headDown_T2w_seg-manual.nii.gz","974","1","",80.1656443242157,0.0,-2.411771560621656,0.0,20.006370644664916,0.0,8.628907875306705,0.0,8.902721010754195,0.0,11.57481920809847,0.0,4.47162230499547,0.0,4.1572855703112355,0.0,0.6390736105884633,0.0,-2.754164073203158,0.0,0.9531471840984382,0.0,""
"2026-09-28 10:31:18","git-master-bddc7a050319718b5e4e0856afec0bc9ea96418f","C:\Users\marco\Desktop\ds004507\derivatives\labels\sub-003\ses-headDown\anat\sub-003_ses-headDown_T2w_seg-manual.nii.gz","975","1","","","","","","","","","","","","","","","","","","","","","","","",""
"2026-09-28 10:31:18","git-master-bddc7a050319718b5e4e0856afec0bc9ea96418f","C:\Users\marco\Desktop\ds004507\derivatives\labels\sub-003\ses-headDown\anat\sub-003_ses-headDown_T2w_seg-manual.nii.gz","976","1","","","","","","","","","","","","","","","","","","","","","","","",""
"2026-09-28 10:31:18","git-master-bddc7a050319718b5e4e0856afec0bc9ea96418f","C:\Users\marco\Desktop\ds004507\derivatives\labels\sub-003\ses-headDown\anat\sub-003_ses-headDown_T2w_seg-manual.nii.gz","977","1","","","","","","","","","","","","","","","","","","","","","","","",""
"2026-09-28 10:31:18","git-master-bddc7a050319718b5e4e0856afec0bc9ea96418f","C:\Users\marco\Desktop\ds004507\derivatives\labels\sub-003\ses-headDown\anat\sub-003_ses-headDown_T2w_seg-manual.nii.gz","978","1","","","","","","","","","","","","","","","","","","","","","","","",""
"2026-09-28 10:31:18","git-master-bddc7a050319718b5e4e0856afec0bc9ea96418f","C:\Users\marco\Desktop\ds004507\derivatives\labels\sub-003\ses-headDown\anat\sub-003_ses-headDown_T2w_seg-manual.nii.gz","979","1","","","","","","","","","","","","","","","","","","","","","","","",""
"2026-09-28 10:31:18","git-master-bddc7a050319718b5e4e0856afec0bc9ea96418f","C:\Users\marco\Desktop\ds004507\derivatives\labels\sub-003\ses-headDown\anat\sub-003_ses-headDown_T2w_seg-manual.nii.gz","980","1","","","","","","","","","","","","","","","","","","","","","","","",""
"2026-09-28 10:31:18","git-master-bddc7a050319718b5e4e0856afec0bc9ea96418f","C:\Users\marco\Desktop\ds004507\derivatives\labels\sub-003\ses-headDown\anat\sub-003_ses-headDown_T2w_seg-manual.nii.gz","981","1","","","","","","","","","","","","","","","","","","","","","","","",""
"2026-09-28 10:31:18","git-master-bddc7a050319718b5e4e0856afec0bc9ea96418f","C:\Users\marco\Desktop\ds004507\derivatives\labels\sub-003\ses-headDown\anat\sub-003_ses-headDown_T2w_seg-manual.nii.gz","982","1","","","","","","","","","","","","","","","","","","","","","","","",""
"2026-09-28 10:31:18","git-master-bddc7a050319718b5e4e0856afec0bc9ea96418f","C:\Users\marco\Desktop\ds004507\derivatives\labels\sub-003\ses-headDown\anat\sub-003_ses-headDown_T2w_seg-manual.nii.gz","983","1","","","","","","","","","","","","","","","","","","","","","","","",""
"2026-09-28 10:31:18","git-master-bddc7a050319718b5e4e0856afec0bc9ea96418f","C:\Users\marco\Desktop\ds004507\derivatives\labels\sub-003\ses-headDown\anat\sub-003_ses-headDown_T2w_seg-manual.nii.gz","984","1","","","","","","","","","","","","","","","","","","","","","","","",""
