Timestamp,SCT Version,Filename,Slice (I->S),VertLevel,DistancePMJ,MEAN(area),STD(area),MEAN(angle_AP),STD(angle_AP),MEAN(angle_RL),STD(angle_RL),MEAN(diameter_AP),STD(diameter_AP),MEAN(diameter_AP_ellipse),STD(diameter_AP_ellipse),MEAN(diameter_RL),STD(diameter_RL),MEAN(length_anterior),STD(length_anterior),MEAN(length_posterior),STD(length_posterior),MEAN(eccentricity),STD(eccentricity),MEAN(orientation),STD(orientation),MEAN(solidity),STD(solidity),SUM(length)
"2026-09-29 13:36:53","git-master-bddc7a050319718b5e4e0856afec0bc9ea96418f","C:\Users\marco\Desktop\ds004507\derivatives\labels\sub-008\ses-headDown\anat\sub-008_ses-headDown_T2w_seg-manual.nii.gz","647","9","",37.809336513624515,0.0,3.9781744087942434,0.0,15.732420326271242,0.0,5.898164451324482,0.0,5.923330055408327,0.0,8.337106753345255,0.0,2.893119020907848,0.0,3.0050454304166343,0.0,0.7033622608591863,0.0,-9.736628236102572,0.0,0.9490464298927118,0.0,""
"2026-09-29 13:36:53","git-master-bddc7a050319718b5e4e0856afec0bc9ea96418f","C:\Users\marco\Desktop\ds004507\derivatives\labels\sub-008\ses-headDown\anat\sub-008_ses-headDown_T2w_seg-manual.nii.gz","648","9","",41.46859639836245,0.0,3.692559106565539,0.0,15.787354023571162,0.0,5.885993636793405,0.0,6.042824208649912,0.0,8.882937661438053,0.0,2.9059437627622264,0.0,2.9800498740311787,0.0,0.7309665030016121,0.0,-3.336170588149212,0.0,0.9549582438723544,0.0,""
"2026-09-29 13:36:53","git-master-bddc7a050319718b5e4e0856afec0bc9ea96418f","C:\Users\marco\Desktop\ds004507\derivatives\labels\sub-008\ses-headDown\anat\sub-008_ses-headDown_T2w_seg-manual.nii.gz","649","9","",46.49358186964291,0.0,3.423631378852931,0.0,15.841825565370304,0.0,6.24275751343659,0.0,6.435351883678736,0.0,9.307669355094388,0.0,3.1200703912305574,0.0,3.1226871222060333,0.0,0.7219945826383971,0.0,-3.9978181577096237,0.0,0.9546684621441867,0.0,""
"2026-09-29 13:36:53","git-master-bddc7a050319718b5e4e0856afec0bc9ea96418f","C:\Users\marco\Desktop\ds004507\derivatives\labels\sub-008\ses-headDown\anat\sub-008_ses-headDown_T2w_seg-manual.nii.gz","650","9","",45.70667823773468,0.0,3.1714315462491838,0.0,15.895835565325429,0.0,6.185617135786983,0.0,6.463212910208021,0.0,9.09971912891316,0.0,3.158029100240457,0.0,3.027588035546527,0.0,0.7039529656109572,0.0,-4.153036725536001,0.0,0.9608769708063508,0.0,""
"2026-09-29 13:36:53","git-master-bddc7a050319718b5e4e0856afec0bc9ea96418f","C:\Users\marco\Desktop\ds004507\derivatives\labels\sub-008\ses-headDown\anat\sub-008_ses-headDown_T2w_seg-manual.nii.gz","651","9","",41.27636816142623,0.0,2.935994321363426,0.0,15.9493846353823,0.0,5.848536243466064,0.0,6.161606591479581,0.0,8.62312714026172,0.0,2.996289816841905,0.0,2.8522464266241596,0.0,0.6993834806314613,0.0,2.3200220759894528,0.0,0.9639139329959923,0.0,""
"2026-09-29 13:36:53","git-master-bddc7a050319718b5e4e0856afec0bc9ea96418f","C:\Users\marco\Desktop\ds004507\derivatives\labels\sub-008\ses-headDown\anat\sub-008_ses-headDown_T2w_seg-manual.nii.gz","652","9","",39.65955336811137,0.0,2.7173493825936323,0.0,16.002473385691154,0.0,5.806487502506585,0.0,5.992446557584115,0.0,8.58226106471656,0.0,2.862104969619289,0.0,2.9443825328872966,0.0,0.7134221992888854,0.0,5.9992826477737164,0.0,0.9443768951697955,0.0,""
"2026-09-29 13:36:53","git-master-bddc7a050319718b5e4e0856afec0bc9ea96418f","C:\Users\marco\Desktop\ds004507\derivatives\labels\sub-008\ses-headDown\anat\sub-008_ses-headDown_T2w_seg-manual.nii.gz","653","9","",40.47258459722685,0.0,2.5155219166335927,0.0,16.05510242452335,0.0,5.684786122184034,0.0,5.876276746026205,0.0,9.006057741052695,0.0,2.716010742158615,0.0,2.968775380025419,0.0,0.75779713223972,0.0,2.4620656981365197,0.0,0.9207679601732497,0.0,""
"2026-09-29 13:36:53","git-master-bddc7a050319718b5e4e0856afec0bc9ea96418f","C:\Users\marco\Desktop\ds004507\derivatives\labels\sub-008\ses-headDown\anat\sub-008_ses-headDown_T2w_seg-manual.nii.gz","654","9","",39.87413411782745,0.0,2.3305331284092765,0.0,16.10727235818917,0.0,5.622146570317866,0.0,5.812801317857594,0.0,8.872698523880008,0.0,2.721388852779923,0.0,2.9007577175379433,0.0,0.754492453086141,0.0,0.7149517272207826,0.0,0.9246194053956547,0.0,""
"2026-09-29 13:36:53","git-master-bddc7a050319718b5e4e0856afec0bc9ea96418f","C:\Users\marco\Desktop\ds004507\derivatives\labels\sub-008\ses-headDown\anat\sub-008_ses-headDown_T2w_seg-manual.nii.gz","655","9","",38.42105896161978,0.0,2.162400717329905,0.0,16.158983790956686,0.0,5.768563798266501,0.0,5.880748285259892,0.0,8.42182665331709,0.0,2.833799962487753,0.0,2.9347638357787487,0.0,0.715207722791417,0.0,1.2222782447913505,0.0,0.9658096635412607,0.0,""
"2026-09-29 13:36:53","git-master-bddc7a050319718b5e4e0856afec0bc9ea96418f","C:\Users\marco\Desktop\ds004507\derivatives\labels\sub-008\ses-headDown\anat\sub-008_ses-headDown_T2w_seg-manual.nii.gz","656","9","",39.010592254898306,0.0,2.0111393189112485,0.0,16.210237324971825,0.0,5.548551830510578,0.0,5.681313163554972,0.0,8.847228264070337,0.0,2.727574795775396,0.0,2.8209770347351824,0.0,0.7665728042998192,0.0,-4.369022001560991,0.0,0.9543568464730291,0.0,""
"2026-09-29 13:36:53","git-master-bddc7a050319718b5e4e0856afec0bc9ea96418f","C:\Users\marco\Desktop\ds004507\derivatives\labels\sub-008\ses-headDown\anat\sub-008_ses-headDown_T2w_seg-manual.nii.gz","657","9","",39.64116097281765,0.0,1.878450338249889,0.0,16.260987903273904,0.0,5.496998120610383,0.0,5.521801088197516,0.0,9.160418801561491,0.0,2.7145991222505907,0.0,2.7823989983597923,0.0,0.7976655007403166,0.0,-5.5028010832025185,0.0,0.9417844045110164,0.0,""
"2026-09-29 13:36:53","git-master-bddc7a050319718b5e4e0856afec0bc9ea96418f","C:\Users\marco\Desktop\ds004507\derivatives\labels\sub-008\ses-headDown\anat\sub-008_ses-headDown_T2w_seg-manual.nii.gz","658","9","",39.40016488460756,0.0,1.7626556302563066,0.0,16.31128191251988,0.0,5.734908551323769,0.0,5.702199208330278,0.0,8.729008086695485,0.0,2.8467256379758634,0.0,2.8881829133479053,0.0,0.7559949536551769,0.0,-7.628408470831001,0.0,0.9533634528449721,0.0,""
"2026-09-29 13:36:53","git-master-bddc7a050319718b5e4e0856afec0bc9ea96418f","C:\Users\marco\Desktop\ds004507\derivatives\labels\sub-008\ses-headDown\anat\sub-008_ses-headDown_T2w_seg-manual.nii.gz","659","9","",40.116150251565166,0.0,1.663762358447149,0.0,16.361119947093087,0.0,5.783240647324274,0.0,5.765095341074898,0.0,8.807680653600652,0.0,2.7942705258287206,0.0,2.9889701214955537,0.0,0.7559198438780843,0.0,-8.606778296413234,0.0,0.9608952708959267,0.0,""
"2026-09-29 13:36:53","git-master-bddc7a050319718b5e4e0856afec0bc9ea96418f","C:\Users\marco\Desktop\ds004507\derivatives\labels\sub-008\ses-headDown\anat\sub-008_ses-headDown_T2w_seg-manual.nii.gz","660","9","",40.816828678730566,0.0,1.581776158960926,0.0,16.410502598903786,0.0,5.799585916297049,0.0,5.911775137011012,0.0,8.720307296941293,0.0,2.775922084778511,0.0,3.0236638315185385,0.0,0.7344706756251906,0.0,-8.872548144336594,0.0,0.9565335550825147,0.0,""
"2026-09-29 13:36:53","git-master-bddc7a050319718b5e4e0856afec0bc9ea96418f","C:\Users\marco\Desktop\ds004507\derivatives\labels\sub-008\ses-headDown\anat\sub-008_ses-headDown_T2w_seg-manual.nii.gz","661","9","",40.030151329207726,0.0,1.516701368235968,0.0,16.459430457315516,0.0,5.741527409371785,0.0,5.793847716493804,0.0,8.683846940384145,0.0,2.8576940380977467,0.0,2.8838333712740383,0.0,0.7442994581022726,0.0,-9.987129832546405,0.0,0.9668649064478761,0.0,""
"2026-09-29 13:36:53","git-master-bddc7a050319718b5e4e0856afec0bc9ea96418f","C:\Users\marco\Desktop\ds004507\derivatives\labels\sub-008\ses-headDown\anat\sub-008_ses-headDown_T2w_seg-manual.nii.gz","662","9","",39.47873997556094,0.0,1.4685412129063757,0.0,16.507904109072523,0.0,5.73322306099217,0.0,5.727022922566853,0.0,8.6395492963596,0.0,2.8874595446214735,0.0,2.8457635163706976,0.0,0.748423310794103,0.0,-7.575379725965434,0.0,0.9712319016788757,0.0,""
"2026-09-29 13:36:53","git-master-bddc7a050319718b5e4e0856afec0bc9ea96418f","C:\Users\marco\Desktop\ds004507\derivatives\labels\sub-008\ses-headDown\anat\sub-008_ses-headDown_T2w_seg-manual.nii.gz","663","9","",40.357299391339,0.0,1.4372979617799675,0.0,16.555924138228217,0.0,5.893875881851846,0.0,5.876379726296781,0.0,8.635863994489348,0.0,2.941801386328015,0.0,2.9520744955238314,0.0,0.732792802371623,0.0,-4.623185938901774,0.0,0.964975618823276,0.0,""
"2026-09-29 13:36:53","git-master-bddc7a050319718b5e4e0856afec0bc9ea96418f","C:\Users\marco\Desktop\ds004507\derivatives\labels\sub-008\ses-headDown\anat\sub-008_ses-headDown_T2w_seg-manual.nii.gz","664","9","",42.27372911142472,0.0,1.4229730397976303,0.0,16.603491126074633,0.0,6.055325887992264,0.0,6.015693345563977,0.0,8.877724122168278,0.0,3.0470641654433197,0.0,3.008261722548944,0.0,0.7349671664288568,0.0,-5.939014463866363,0.0,0.9613620808454645,0.0,""
"2026-09-29 13:36:53","git-master-bddc7a050319718b5e4e0856afec0bc9ea96418f","C:\Users\marco\Desktop\ds004507\derivatives\labels\sub-008\ses-headDown\anat\sub-008_ses-headDown_T2w_seg-manual.nii.gz","665","9","",43.59974272299364,0.0,1.4255671039032607,0.0,16.650605651072972,0.0,5.95743725525826,0.0,5.993404522854046,0.0,9.16212501681486,0.0,3.004520926612254,0.0,2.9529163286460065,0.0,0.7562401843520751,0.0,-7.271213270685862,0.0,0.958603244003372,0.0,""
"2026-09-29 13:36:53","git-master-bddc7a050319718b5e4e0856afec0bc9ea96418f","C:\Users\marco\Desktop\ds004507\derivatives\labels\sub-008\ses-headDown\anat\sub-008_ses-headDown_T2w_seg-manual.nii.gz","666","9","",41.92669833337705,0.0,1.443182575207447,0.0,16.69726828878509,0.0,5.725768712866168,0.0,5.756416721671196,0.0,9.139457405731163,0.0,2.908280236779142,0.0,2.8174884760870254,0.0,0.7765904720187171,0.0,-5.071381714385707,0.0,0.9623940838118896,0.0,""
"2026-09-29 13:36:53","git-master-bddc7a050319718b5e4e0856afec0bc9ea96418f","C:\Users\marco\Desktop\ds004507\derivatives\labels\sub-008\ses-headDown\anat\sub-008_ses-headDown_T2w_seg-manual.nii.gz","667","9","",41.47930688840074,0.0,1.4672800166574673,0.0,16.743479611806023,0.0,5.789225271081082,0.0,5.660766766823417,0.0,9.221609962338748,0.0,2.8650713903324774,0.0,2.924153880748605,0.0,0.7889885138326991,0.0,-4.216895117554022,0.0,0.9587538497986259,0.0,""
"2026-09-29 13:36:53","git-master-bddc7a050319718b5e4e0856afec0bc9ea96418f","C:\Users\marco\Desktop\ds004507\derivatives\labels\sub-008\ses-headDown\anat\sub-008_ses-headDown_T2w_seg-manual.nii.gz","668","9","",43.037631223495296,0.0,1.4893203581038936,0.0,16.789240189697495,0.0,5.990523170549453,0.0,6.064875144718154,0.0,9.01760001828496,0.0,2.941766213561179,0.0,3.0487569569882744,0.0,0.740042791555171,0.0,-7.235058079450605,0.0,0.9428571428571428,0.0,""
"2026-09-29 13:36:53","git-master-bddc7a050319718b5e4e0856afec0bc9ea96418f","C:\Users\marco\Desktop\ds004507\derivatives\labels\sub-008\ses-headDown\anat\sub-008_ses-headDown_T2w_seg-manual.nii.gz","669","9","",41.456339588153114,0.0,1.509098028576006,0.0,16.834505639804043,0.0,5.500540500949471,0.0,5.748466959716814,0.0,9.217018410043924,0.0,2.765038940541349,0.0,2.7355015604081214,0.0,0.7813657197187917,0.0,-7.708502699275823,0.0,0.9588284379172229,0.0,""
"2026-09-29 13:36:53","git-master-bddc7a050319718b5e4e0856afec0bc9ea96418f","C:\Users\marco\Desktop\ds004507\derivatives\labels\sub-008\ses-headDown\anat\sub-008_ses-headDown_T2w_seg-manual.nii.gz","670","9","",41.32773773797336,0.0,1.5268188419303326,0.0,16.8793215987271,0.0,5.566466600501623,0.0,5.775284056951878,0.0,9.14746218688081,0.0,2.8407090470430365,0.0,2.7257575534585867,0.0,0.7754454666901551,0.0,-7.386638502122881,0.0,0.9670149345808994,0.0,""
"2026-09-29 13:36:53","git-master-bddc7a050319718b5e4e0856afec0bc9ea96418f","C:\Users\marco\Desktop\ds004507\derivatives\labels\sub-008\ses-headDown\anat\sub-008_ses-headDown_T2w_seg-manual.nii.gz","671","9","",40.58709876928644,0.0,1.5424828932073553,0.0,16.923688625292595,0.0,5.627965578467129,0.0,5.830211107169165,0.0,8.975992968041067,0.0,2.8223386321801804,0.0,2.8056269462869485,0.0,0.7601612493718077,0.0,-9.58289765241867,0.0,0.9535029967621946,0.0,""
"2026-09-29 13:36:53","git-master-bddc7a050319718b5e4e0856afec0bc9ea96418f","C:\Users\marco\Desktop\ds004507\derivatives\labels\sub-008\ses-headDown\anat\sub-008_ses-headDown_T2w_seg-manual.nii.gz","672","9","",40.150573933764875,0.0,1.5560902680239563,0.0,16.9676072750021,0.0,5.609534219226996,0.0,5.828187922870998,0.0,8.931135136599359,0.0,2.798368434552287,0.0,2.8111657846747082,0.0,0.7577248662614277,0.0,-5.665574212238499,0.0,0.9423189184560242,0.0,""
"2026-09-29 13:36:53","git-master-bddc7a050319718b5e4e0856afec0bc9ea96418f","C:\Users\marco\Desktop\ds004507\derivatives\labels\sub-008\ses-headDown\anat\sub-008_ses-headDown_T2w_seg-manual.nii.gz","673","9","",40.69966145404492,0.0,1.5676410420341655,0.0,17.01107809997185,0.0,5.720018332189536,0.0,5.867803436670614,0.0,8.993356811938229,0.0,2.8714196193711268,0.0,2.8485987128184096,0.0,0.7578267045340743,0.0,-3.5577267110024535,0.0,0.948670667859126,0.0,""
"2026-09-29 13:36:53","git-master-bddc7a050319718b5e4e0856afec0bc9ea96418f","C:\Users\marco\Desktop\ds004507\derivatives\labels\sub-008\ses-headDown\anat\sub-008_ses-headDown_T2w_seg-manual.nii.gz","674","9","",41.6720668750896,0.0,1.577135280458541,0.0,17.05410164887283,0.0,6.002775080668627,0.0,6.05568549550239,0.0,8.925349264285153,0.0,3.0761513807580316,0.0,2.9266236999105955,0.0,0.7334972330438964,0.0,-3.969054211570781,0.0,0.9576488736014064,0.0,""
"2026-09-29 13:36:53","git-master-bddc7a050319718b5e4e0856afec0bc9ea96418f","C:\Users\marco\Desktop\ds004507\derivatives\labels\sub-008\ses-headDown\anat\sub-008_ses-headDown_T2w_seg-manual.nii.gz","675","9","",42.330654825950646,0.0,1.5845730376821456,0.0,17.096678466871616,0.0,6.223967572563174,0.0,6.239406899845016,0.0,8.797001959178468,0.0,3.192791133926693,0.0,3.031176438636481,0.0,0.7048796275530564,0.0,-5.00442420846689,0.0,0.9604183157379013,0.0,""
"2026-09-29 13:36:53","git-master-bddc7a050319718b5e4e0856afec0bc9ea96418f","C:\Users\marco\Desktop\ds004507\derivatives\labels\sub-008\ses-headDown\anat\sub-008_ses-headDown_T2w_seg-manual.nii.gz","676","9","",42.531354139419754,0.0,1.589954356921097,0.0,17.13880909557224,0.0,6.188800058632897,0.0,6.225579897638553,0.0,8.855873030981408,0.0,3.0789869125231033,0.0,3.109813146109794,0.0,0.7105032746808155,0.0,-5.8377616970345105,0.0,0.9600538398100271,0.0,""
"2026-09-29 13:36:53","git-master-bddc7a050319718b5e4e0856afec0bc9ea96418f","C:\Users\marco\Desktop\ds004507\derivatives\labels\sub-008\ses-headDown\anat\sub-008_ses-headDown_T2w_seg-manual.nii.gz","677","9","",42.3473524906802,0.0,1.593279269957665,0.0,17.180494072958894,0.0,6.0109747732085665,0.0,6.114668768120662,0.0,8.984052180193215,0.0,2.9415173405567256,0.0,3.069457432651842,0.0,0.732562692007796,0.0,-6.217467410643798,0.0,0.9560397144415382,0.0,""
"2026-09-29 13:36:53","git-master-bddc7a050319718b5e4e0856afec0bc9ea96418f","C:\Users\marco\Desktop\ds004507\derivatives\labels\sub-008\ses-headDown\anat\sub-008_ses-headDown_T2w_seg-manual.nii.gz","678","9","",41.98276839677446,0.0,1.5945477969439006,0.0,17.221733933339536,0.0,5.92268175974924,0.0,6.097531195173923,0.0,8.935337243817141,0.0,2.929822766798577,0.0,2.9928589929506644,0.0,0.7303323580587772,0.0,-8.922860907494423,0.0,0.9506660414297543,0.0,""
"2026-09-29 13:36:53","git-master-bddc7a050319718b5e4e0856afec0bc9ea96418f","C:\Users\marco\Desktop\ds004507\derivatives\labels\sub-008\ses-headDown\anat\sub-008_ses-headDown_T2w_seg-manual.nii.gz","679","9","",42.84762488603064,0.0,1.5937599462737828,0.0,17.26252920729034,0.0,5.876185815781843,0.0,5.986781806275912,0.0,9.315446887190209,0.0,2.852940003416739,0.0,3.0232458123651047,0.0,0.766047746878808,0.0,-8.41833872079073,0.0,0.9508745266256841,0.0,""
"2026-09-29 13:36:53","git-master-bddc7a050319718b5e4e0856afec0bc9ea96418f","C:\Users\marco\Desktop\ds004507\derivatives\labels\sub-008\ses-headDown\anat\sub-008_ses-headDown_T2w_seg-manual.nii.gz","680","9","",43.162119713323776,0.0,1.5909157145238686,0.0,17.30288042160106,0.0,5.710472708011103,0.0,5.867993494597818,0.0,9.489537306465541,0.0,2.8673393916428633,0.0,2.8431333163682404,0.0,0.7858913917361892,0.0,-5.6065534385326234,0.0,0.9624309392265193,0.0,""
"2026-09-29 13:36:53","git-master-bddc7a050319718b5e4e0856afec0bc9ea96418f","C:\Users\marco\Desktop\ds004507\derivatives\labels\sub-008\ses-headDown\anat\sub-008_ses-headDown_T2w_seg-manual.nii.gz","681","9","",44.98304727465224,0.0,1.5858094431853422,0.0,17.342743808871187,0.0,6.001224601870613,0.0,6.054947755107983,0.0,9.595927547447916,0.0,2.9640250443433156,0.0,3.0371995575272965,0.0,0.775784858878864,0.0,-6.629229821483291,0.0,0.9510742337872713,0.0,""
"2026-09-29 13:36:53","git-master-bddc7a050319718b5e4e0856afec0bc9ea96418f","C:\Users\marco\Desktop\ds004507\derivatives\labels\sub-008\ses-headDown\anat\sub-008_ses-headDown_T2w_seg-manual.nii.gz","682","9","",41.323465685396535,0.0,1.578646739075752,0.0,17.382164292640827,0.0,5.747626983592848,0.0,5.8529774889670065,0.0,9.07053309439244,0.0,2.914686405869178,0.0,2.83294057772367,0.0,0.7637794881122166,0.0,-5.3705992064665455,0.0,0.9546496569036735,0.0,""
"2026-09-29 13:36:53","git-master-bddc7a050319718b5e4e0856afec0bc9ea96418f","C:\Users\marco\Desktop\ds004507\derivatives\labels\sub-008\ses-headDown\anat\sub-008_ses-headDown_T2w_seg-manual.nii.gz","683","9","",42.05252694386004,0.0,1.5694275594575713,0.0,17.421142386511633,0.0,5.7597398076965325,0.0,5.864173690702249,0.0,9.180205800942721,0.0,2.892663297066637,0.0,2.867076510629896,0.0,0.7692939022194635,0.0,-4.6378901355002355,0.0,0.9605107537449458,0.0,""
"2026-09-29 13:36:53","git-master-bddc7a050319718b5e4e0856afec0bc9ea96418f","C:\Users\marco\Desktop\ds004507\derivatives\labels\sub-008\ses-headDown\anat\sub-008_ses-headDown_T2w_seg-manual.nii.gz","684","9","",42.31302838078791,0.0,1.5581518504179628,0.0,17.45967860006025,0.0,5.701490442878953,0.0,5.789052042148303,0.0,9.351344917396162,0.0,2.8137147188957625,0.0,2.8877757239831903,0.0,0.7851296212032904,0.0,-4.036356829867108,0.0,0.9589684606923136,0.0,""
"2026-09-29 13:36:53","git-master-bddc7a050319718b5e4e0856afec0bc9ea96418f","C:\Users\marco\Desktop\ds004507\derivatives\labels\sub-008\ses-headDown\anat\sub-008_ses-headDown_T2w_seg-manual.nii.gz","685","9","",41.57026349556352,0.0,1.544819547209122,0.0,17.497773438788503,0.0,5.590919064985969,0.0,5.676945487963732,0.0,9.301134871069243,0.0,2.7674133608264375,0.0,2.8235057041595315,0.0,0.7921347422611101,0.0,-6.066734522976354,0.0,0.9435748343529496,0.0,""
"2026-09-29 13:36:53","git-master-bddc7a050319718b5e4e0856afec0bc9ea96418f","C:\Users\marco\Desktop\ds004507\derivatives\labels\sub-008\ses-headDown\anat\sub-008_ses-headDown_T2w_seg-manual.nii.gz","686","9","",41.30359682194158,0.0,1.5294305746571952,0.0,17.53542740407438,0.0,5.531480614154067,0.0,5.60141922405454,0.0,9.306980803056414,0.0,2.7542677369848043,0.0,2.7772128771692626,0.0,0.7984936116383538,0.0,-6.682504505231893,0.0,0.9436903884912461,0.0,""
"2026-09-29 13:36:53","git-master-bddc7a050319718b5e4e0856afec0bc9ea96418f","C:\Users\marco\Desktop\ds004507\derivatives\labels\sub-008\ses-headDown\anat\sub-008_ses-headDown_T2w_seg-manual.nii.gz","687","9","",41.47856059250614,0.0,1.5119848476398043,0.0,17.572640993123873,0.0,5.5930425542370905,0.0,5.59455857534197,0.0,9.30715035524402,0.0,2.756338185682033,0.0,2.8367043685550573,0.0,0.7990331213271814,0.0,-5.141933999764588,0.0,0.9589315786574644,0.0,""
"2026-09-29 13:36:53","git-master-bddc7a050319718b5e4e0856afec0bc9ea96418f","C:\Users\marco\Desktop\ds004507\derivatives\labels\sub-008\ses-headDown\anat\sub-008_ses-headDown_T2w_seg-manual.nii.gz","688","9","",42.037589310228086,0.0,1.493061791675515,0.0,17.609414698923548,0.0,5.799550558253944,0.0,5.741078383032746,0.0,9.156637158708218,0.0,2.8409523206682703,0.0,2.958598237585674,0.0,0.7783851859275591,0.0,-5.049456291831112,0.0,0.9636404984621033,0.0,""
"2026-09-29 13:36:53","git-master-bddc7a050319718b5e4e0856afec0bc9ea96418f","C:\Users\marco\Desktop\ds004507\derivatives\labels\sub-008\ses-headDown\anat\sub-008_ses-headDown_T2w_seg-manual.nii.gz","689","9","",42.8250434699698,0.0,1.4739652588325651,0.0,17.645749010193928,0.0,5.947181216001957,0.0,5.915163103000499,0.0,9.091878202176092,0.0,2.9919330528552663,0.0,2.9552481631466905,0.0,0.7591711324790877,0.0,-5.411506395546153,0.0,0.9574790473915613,0.0,""
"2026-09-29 13:36:53","git-master-bddc7a050319718b5e4e0856afec0bc9ea96418f","C:\Users\marco\Desktop\ds004507\derivatives\labels\sub-008\ses-headDown\anat\sub-008_ses-headDown_T2w_seg-manual.nii.gz","690","9","",41.797321093465825,0.0,1.4557094162133768,0.0,17.6816444113436,0.0,5.733660129505221,0.0,5.731308552750358,0.0,9.17254169144549,0.0,2.994017936846134,0.0,2.7396421926590877,0.0,0.7807089897808587,0.0,-3.2746283757879837,0.0,0.9569965286056763,0.0,""
"2026-09-29 13:36:53","git-master-bddc7a050319718b5e4e0856afec0bc9ea96418f","C:\Users\marco\Desktop\ds004507\derivatives\labels\sub-008\ses-headDown\anat\sub-008_ses-headDown_T2w_seg-manual.nii.gz","691","9","",41.93040947755982,0.0,1.438294308042858,0.0,17.717101382424147,0.0,5.705518037881147,0.0,5.698741612335232,0.0,9.249474663696537,0.0,2.9156610393290516,0.0,2.7898569985520947,0.0,0.7874828268074,0.0,-7.206470128235551,0.0,0.9663794479560522,0.0,""
"2026-09-29 13:36:53","git-master-bddc7a050319718b5e4e0856afec0bc9ea96418f","C:\Users\marco\Desktop\ds004507\derivatives\labels\sub-008\ses-headDown\anat\sub-008_ses-headDown_T2w_seg-manual.nii.gz","692","9","",43.48238217509576,0.0,1.4217199757918417,0.0,17.752120399085783,0.0,6.122334103726008,0.0,5.9727894230811955,0.0,9.131343592412,0.0,3.1332552525869293,0.0,2.9890788511390785,0.0,0.7564102075547456,0.0,-5.857874295453662,0.0,0.9598466050078953,0.0,""
"2026-09-29 13:36:53","git-master-bddc7a050319718b5e4e0856afec0bc9ea96418f","C:\Users\marco\Desktop\ds004507\derivatives\labels\sub-008\ses-headDown\anat\sub-008_ses-headDown_T2w_seg-manual.nii.gz","693","8","",42.092753976057566,0.0,1.4046478685073054,0.0,17.789798044937612,0.0,6.112791572765005,0.0,5.989781617420427,0.0,8.84825370740349,0.0,3.0366078101572196,0.0,3.0761837626077857,0.0,0.7360335513514916,0.0,-6.368554393388213,0.0,0.9620135166627826,0.0,""
"2026-09-29 13:36:53","git-master-bddc7a050319718b5e4e0856afec0bc9ea96418f","C:\Users\marco\Desktop\ds004507\derivatives\labels\sub-008\ses-headDown\anat\sub-008_ses-headDown_T2w_seg-manual.nii.gz","694","8","",42.38030097929356,0.0,1.3908795165474854,0.0,17.82164377252057,0.0,5.894227233678434,0.0,5.908442683950318,0.0,9.070360236809801,0.0,2.9416124511683672,0.0,2.9526147825100666,0.0,0.7585177661338088,0.0,-5.881345933624527,0.0,0.9506571759561983,0.0,""
"2026-09-29 13:36:53","git-master-bddc7a050319718b5e4e0856afec0bc9ea96418f","C:\Users\marco\Desktop\ds004507\derivatives\labels\sub-008\ses-headDown\anat\sub-008_ses-headDown_T2w_seg-manual.nii.gz","695","8","",42.914091613157275,0.0,1.3778319316766439,0.0,17.853115440780382,0.0,6.00702998017856,0.0,6.02368643518096,0.0,9.023367859419094,0.0,3.028328109510755,0.0,2.9787018706678055,0.0,0.7442848802610714,0.0,-5.795032968447639,0.0,0.9486374795781004,0.0,""
"2026-09-29 13:36:53","git-master-bddc7a050319718b5e4e0856afec0bc9ea96418f","C:\Users\marco\Desktop\ds004507\derivatives\labels\sub-008\ses-headDown\anat\sub-008_ses-headDown_T2w_seg-manual.nii.gz","696","8","",42.52735875131462,0.0,1.3655051370078493,0.0,17.88421339660915,0.0,5.987385513634195,0.0,6.015023369757957,0.0,9.000546738922102,0.0,3.005189953076429,0.0,2.982195560557767,0.0,0.7438387955516657,0.0,-4.334753683266988,0.0,0.9529168007812109,0.0,""
"2026-09-29 13:36:53","git-master-bddc7a050319718b5e4e0856afec0bc9ea96418f","C:\Users\marco\Desktop\ds004507\derivatives\labels\sub-008\ses-headDown\anat\sub-008_ses-headDown_T2w_seg-manual.nii.gz","697","8","",42.41899443415015,0.0,1.3538991542232428,0.0,17.91493798391596,0.0,5.912963368188419,0.0,5.994695579357705,0.0,9.038949405961105,0.0,2.974465144612236,0.0,2.9384982235761834,0.0,0.7484375455728417,0.0,-3.2398199392343896,0.0,0.9542614211485255,0.0,""
"2026-09-29 13:36:53","git-master-bddc7a050319718b5e4e0856afec0bc9ea96418f","C:\Users\marco\Desktop\ds004507\derivatives\labels\sub-008\ses-headDown\anat\sub-008_ses-headDown_T2w_seg-manual.nii.gz","698","8","",43.16624372428236,0.0,1.3430140036113054,0.0,17.945289543607643,0.0,5.947194614909134,0.0,6.068159679909354,0.0,9.099768972622126,0.0,3.033907620273452,0.0,2.913286994635682,0.0,0.7451826459649553,0.0,-3.348628234613661,0.0,0.9550346032487141,0.0,""
"2026-09-29 13:36:53","git-master-bddc7a050319718b5e4e0856afec0bc9ea96418f","C:\Users\marco\Desktop\ds004507\derivatives\labels\sub-008\ses-headDown\anat\sub-008_ses-headDown_T2w_seg-manual.nii.gz","699","8","",43.75234913894987,0.0,1.3328497041027885,0.0,17.975268413569733,0.0,6.051276332949961,0.0,6.1473960920200055,0.0,9.151980598593168,0.0,3.120912653481054,0.0,2.930363679468907,0.0,0.7407763793488505,0.0,-3.620313894959367,0.0,0.9603404639696481,0.0,""
"2026-09-29 13:36:53","git-master-bddc7a050319718b5e4e0856afec0bc9ea96418f","C:\Users\marco\Desktop\ds004507\derivatives\labels\sub-008\ses-headDown\anat\sub-008_ses-headDown_T2w_seg-manual.nii.gz","700","8","",42.609145659268336,0.0,1.323406273305309,0.0,18.00487492864758,0.0,5.86390284772147,0.0,6.017044670603139,0.0,9.159266208988463,0.0,3.0991712040826314,0.0,2.764731643638839,0.0,0.7539470148163852,0.0,-3.5931484921047083,0.0,0.9425186485300571,0.0,""
"2026-09-29 13:36:53","git-master-bddc7a050319718b5e4e0856afec0bc9ea96418f","C:\Users\marco\Desktop\ds004507\derivatives\labels\sub-008\ses-headDown\anat\sub-008_ses-headDown_T2w_seg-manual.nii.gz","701","8","",42.6549602301651,0.0,1.3148279088219974,0.0,18.03403511399656,0.0,5.808589064114273,0.0,5.942939703476948,0.0,9.211414224458888,0.0,3.0349059469771436,0.0,2.773683117137129,0.0,0.7640025292658031,0.0,-4.477990298522483,0.0,0.9644389457166883,0.0,""
"2026-09-29 13:36:53","git-master-bddc7a050319718b5e4e0856afec0bc9ea96418f","C:\Users\marco\Desktop\ds004507\derivatives\labels\sub-008\ses-headDown\anat\sub-008_ses-headDown_T2w_seg-manual.nii.gz","702","8","",42.92450377725136,0.0,1.3069704507656248,0.0,18.062823766189943,0.0,5.7675798402694545,0.0,5.947506444410457,0.0,9.263659514172911,0.0,2.874095599626441,0.0,2.8934842406430135,0.0,0.7666806920558724,0.0,-4.8521328287591485,0.0,0.9697004817225404,0.0,""
"2026-09-29 13:36:53","git-master-bddc7a050319718b5e4e0856afec0bc9ea96418f","C:\Users\marco\Desktop\ds004507\derivatives\labels\sub-008\ses-headDown\anat\sub-008_ses-headDown_T2w_seg-manual.nii.gz","703","8","",43.80399659875168,0.0,1.2998339118129294,0.0,18.09124120769366,0.0,5.928267399460003,0.0,6.096433621938065,0.0,9.244348633399712,0.0,2.9205191563777975,0.0,3.0077482430822062,0.0,0.7513937603006128,0.0,-4.007115846604228,0.0,0.9597367603410408,0.0,""
"2026-09-29 13:36:53","git-master-bddc7a050319718b5e4e0856afec0bc9ea96418f","C:\Users\marco\Desktop\ds004507\derivatives\labels\sub-008\ses-headDown\anat\sub-008_ses-headDown_T2w_seg-manual.nii.gz","704","8","",43.93885099194104,0.0,1.2934183034849625,0.0,18.119287757826005,0.0,6.031256492981398,0.0,6.191925751675398,0.0,9.167865270766637,0.0,2.993642791004437,0.0,3.037613701976961,0.0,0.7374314619960792,0.0,-4.487222584296007,0.0,0.9519674982699409,0.0,""
"2026-09-29 13:36:53","git-master-bddc7a050319718b5e4e0856afec0bc9ea96418f","C:\Users\marco\Desktop\ds004507\derivatives\labels\sub-008\ses-headDown\anat\sub-008_ses-headDown_T2w_seg-manual.nii.gz","705","8","",43.04662338031151,0.0,1.2877236361683053,0.0,18.146963732740648,0.0,5.931007184619757,0.0,6.132148542972757,0.0,9.10668590095618,0.0,3.0028627881524814,0.0,2.9281443964672755,0.0,0.7392184994231712,0.0,-5.444312299988641,0.0,0.9507008747149025,0.0,""
"2026-09-29 13:36:53","git-master-bddc7a050319718b5e4e0856afec0bc9ea96418f","C:\Users\marco\Desktop\ds004507\derivatives\labels\sub-008\ses-headDown\anat\sub-008_ses-headDown_T2w_seg-manual.nii.gz","706","8","",42.35127644111101,0.0,1.2827499191349443,0.0,18.174269445409845,0.0,5.824022193406466,0.0,6.048744914786657,0.0,9.076677881651811,0.0,3.0730840544764093,0.0,2.750938138930057,0.0,0.7451436988556729,0.0,-4.227325408650985,0.0,0.9499833840016074,0.0,""
"2026-09-29 13:36:53","git-master-bddc7a050319718b5e4e0856afec0bc9ea96418f","C:\Users\marco\Desktop\ds004507\derivatives\labels\sub-008\ses-headDown\anat\sub-008_ses-headDown_T2w_seg-manual.nii.gz","707","8","",42.63875123325395,0.0,1.2784971605608078,0.0,18.20120520560781,0.0,6.144578794659278,0.0,6.222421620769431,0.0,8.83563999473263,0.0,3.2216342094630286,0.0,2.922944585196249,0.0,0.7099608065735207,0.0,-6.206461186397236,0.0,0.9683972911963883,0.0,""
"2026-09-29 13:36:53","git-master-bddc7a050319718b5e4e0856afec0bc9ea96418f","C:\Users\marco\Desktop\ds004507\derivatives\labels\sub-008\ses-headDown\anat\sub-008_ses-headDown_T2w_seg-manual.nii.gz","708","8","",41.134289734959445,0.0,1.2751095622570905,0.0,18.227697481056758,0.0,5.845313071712666,0.0,5.9287941890413665,0.0,8.938700610941384,0.0,3.0189252414667465,0.0,2.826387830245919,0.0,0.7479612478559166,0.0,-6.951089878473934,0.0,0.9494999978838168,0.0,""
"2026-09-29 13:36:53","git-master-bddc7a050319718b5e4e0856afec0bc9ea96418f","C:\Users\marco\Desktop\ds004507\derivatives\labels\sub-008\ses-headDown\anat\sub-008_ses-headDown_T2w_seg-manual.nii.gz","709","8","",41.38277767079332,0.0,1.2724429375240047,0.0,18.25382056231812,0.0,5.780783226769669,0.0,5.909114474428177,0.0,8.983128921009518,0.0,2.9720976757068898,0.0,2.8086855510627795,0.0,0.7531920441541732,0.0,-6.243607665299856,0.0,0.9637169584864844,0.0,""
"2026-09-29 13:36:53","git-master-bddc7a050319718b5e4e0856afec0bc9ea96418f","C:\Users\marco\Desktop\ds004507\derivatives\labels\sub-008\ses-headDown\anat\sub-008_ses-headDown_T2w_seg-manual.nii.gz","710","8","",43.70850902404913,0.0,1.2704972903220975,0.0,18.27957474618165,0.0,6.038747544553154,0.0,6.126451275854373,0.0,9.17707634305127,0.0,3.0554206465365925,0.0,2.9833268980165615,0.0,0.7445831577458834,0.0,-7.998531639055921,0.0,0.9563532920957132,0.0,""
"2026-09-29 13:36:53","git-master-bddc7a050319718b5e4e0856afec0bc9ea96418f","C:\Users\marco\Desktop\ds004507\derivatives\labels\sub-008\ses-headDown\anat\sub-008_ses-headDown_T2w_seg-manual.nii.gz","711","8","",45.58830710408882,0.0,1.2692726235868816,0.0,18.304960326144684,0.0,6.186547450794505,0.0,6.250883496760058,0.0,9.411962078728365,0.0,3.0794151030022077,0.0,3.1071323477922967,0.0,0.747323309435186,0.0,-9.690763461375898,0.0,0.9476782185143112,0.0,""
"2026-09-29 13:36:53","git-master-bddc7a050319718b5e4e0856afec0bc9ea96418f","C:\Users\marco\Desktop\ds004507\derivatives\labels\sub-008\ses-headDown\anat\sub-008_ses-headDown_T2w_seg-manual.nii.gz","712","8","",45.2705912275385,0.0,1.2687689392339712,0.0,18.329977592397235,0.0,6.02020216949283,0.0,6.144959117535533,0.0,9.475238390778873,0.0,2.9847873915008174,0.0,3.0354147779920115,0.0,0.7612105073327619,0.0,-8.847449876658464,0.0,0.9567854365164069,0.0,""
"2026-09-29 13:36:53","git-master-bddc7a050319718b5e4e0856afec0bc9ea96418f","C:\Users\marco\Desktop\ds004507\derivatives\labels\sub-008\ses-headDown\anat\sub-008_ses-headDown_T2w_seg-manual.nii.gz","713","8","",43.851098997698216,0.0,1.2689862381628763,0.0,18.354626831807295,0.0,5.815584967393803,0.0,6.005697445766609,0.0,9.337955229172287,0.0,2.9246998761189196,0.0,2.890885091274883,0.0,0.7657492369792224,0.0,-6.347804253023922,0.0,0.9682059638682285,0.0,""
"2026-09-29 13:36:53","git-master-bddc7a050319718b5e4e0856afec0bc9ea96418f","C:\Users\marco\Desktop\ds004507\derivatives\labels\sub-008\ses-headDown\anat\sub-008_ses-headDown_T2w_seg-manual.nii.gz","714","8","",45.80526418216571,0.0,1.269924520259458,0.0,18.378908327906306,0.0,6.081680985688145,0.0,6.1631346442905866,0.0,9.517124205890802,0.0,3.135378596652283,0.0,2.9463023890358615,0.0,0.7619943128118898,0.0,-6.530889150915554,0.0,0.941273439109829,0.0,""
"2026-09-29 13:36:53","git-master-bddc7a050319718b5e4e0856afec0bc9ea96418f","C:\Users\marco\Desktop\ds004507\derivatives\labels\sub-008\ses-headDown\anat\sub-008_ses-headDown_T2w_seg-manual.nii.gz","715","8","",45.759825251475654,0.0,1.2717279799580674,0.0,18.402748950613464,0.0,5.962240681816182,0.0,6.087119921717451,0.0,9.57765911000692,0.0,3.0461364624422433,0.0,2.9161042193739384,0.0,0.7720195302079879,0.0,-3.7187752006470283,0.0,0.9404457658438334,0.0,""
"2026-09-29 13:36:53","git-master-bddc7a050319718b5e4e0856afec0bc9ea96418f","C:\Users\marco\Desktop\ds004507\derivatives\labels\sub-008\ses-headDown\anat\sub-008_ses-headDown_T2w_seg-manual.nii.gz","716","8","",45.489410098864994,0.0,1.2742524174617942,0.0,18.426222522014125,0.0,5.721008421612124,0.0,5.9612806896674,0.0,9.678728952484102,0.0,2.8847031949099877,0.0,2.836305226702136,0.0,0.7876325664107034,0.0,-4.908880285693101,0.0,0.9643236955301574,0.0,""
"2026-09-29 13:36:53","git-master-bddc7a050319718b5e4e0856afec0bc9ea96418f","C:\Users\marco\Desktop\ds004507\derivatives\labels\sub-008\ses-headDown\anat\sub-008_ses-headDown_T2w_seg-manual.nii.gz","717","8","",46.54338764424192,0.0,1.2774978285777376,0.0,18.44932931212562,0.0,5.887241227518553,0.0,6.05977328795724,0.0,9.682831709496277,0.0,3.0266184454728005,0.0,2.8606227820457515,0.0,0.779702899261666,0.0,-5.493405247569968,0.0,0.9597774044909246,0.0,""
"2026-09-29 13:36:53","git-master-bddc7a050319718b5e4e0856afec0bc9ea96418f","C:\Users\marco\Desktop\ds004507\derivatives\labels\sub-008\ses-headDown\anat\sub-008_ses-headDown_T2w_seg-manual.nii.gz","718","8","",46.241971965484,0.0,1.281464208073858,0.0,18.472069587546393,0.0,5.844305172105424,0.0,5.966660525106619,0.0,9.72274863593182,0.0,3.0384809546003146,0.0,2.8058242175051094,0.0,0.7885671291071886,0.0,-5.166534486069794,0.0,0.9512642138238592,0.0,""
"2026-09-29 13:36:53","git-master-bddc7a050319718b5e4e0856afec0bc9ea96418f","C:\Users\marco\Desktop\ds004507\derivatives\labels\sub-008\ses-headDown\anat\sub-008_ses-headDown_T2w_seg-manual.nii.gz","719","8","",44.97335786554158,0.0,1.286151549668028,0.0,18.494443611443092,0.0,5.594470637010638,0.0,5.745214883096574,0.0,9.789425410855385,0.0,2.884633847995563,0.0,2.709836789015075,0.0,0.8095711632617716,0.0,-5.274149504226281,0.0,0.95928284584699,0.0,""
"2026-09-29 13:36:53","git-master-bddc7a050319718b5e4e0856afec0bc9ea96418f","C:\Users\marco\Desktop\ds004507\derivatives\labels\sub-008\ses-headDown\anat\sub-008_ses-headDown_T2w_seg-manual.nii.gz","720","8","",45.69968571488598,0.0,1.291559846015741,0.0,18.516451643537803,0.0,5.781989114963601,0.0,5.881374485286175,0.0,9.717388678627163,0.0,2.9810746344721046,0.0,2.8009144804914965,0.0,0.7959173922547536,0.0,-6.574108717580443,0.0,0.9695684920968132,0.0,""
"2026-09-29 13:36:53","git-master-bddc7a050319718b5e4e0856afec0bc9ea96418f","C:\Users\marco\Desktop\ds004507\derivatives\labels\sub-008\ses-headDown\anat\sub-008_ses-headDown_T2w_seg-manual.nii.gz","721","8","",45.671835569302445,0.0,1.2976890886964823,0.0,18.538093940095415,0.0,5.974451554891759,0.0,6.001351827487185,0.0,9.56769798567954,0.0,3.0965899055271944,0.0,2.877861649364565,0.0,0.7788168578601083,0.0,-7.407093527746652,0.0,0.953028692879915,0.0,""
"2026-09-29 13:36:53","git-master-bddc7a050319718b5e4e0856afec0bc9ea96418f","C:\Users\marco\Desktop\ds004507\derivatives\labels\sub-008\ses-headDown\anat\sub-008_ses-headDown_T2w_seg-manual.nii.gz","722","8","",46.25397407167092,0.0,1.304683452145136,0.0,18.559297731454564,0.0,6.043717363680464,0.0,6.034832932581418,0.0,9.676539973105703,0.0,3.0113109868426706,0.0,3.032406376837794,0.0,0.7816912346990438,0.0,-6.5115274035057045,0.0,0.9592490484019907,0.0,""
"2026-09-29 13:36:53","git-master-bddc7a050319718b5e4e0856afec0bc9ea96418f","C:\Users\marco\Desktop\ds004507\derivatives\labels\sub-008\ses-headDown\anat\sub-008_ses-headDown_T2w_seg-manual.nii.gz","723","8","",47.81656775569315,0.0,1.3123987353256845,0.0,18.580136410530635,0.0,6.142699624955737,0.0,6.136927863018851,0.0,9.792313527953997,0.0,3.083418137425708,0.0,3.0592814875300287,0.0,0.7792597246119491,0.0,-5.5914239421015575,0.0,0.9629614361448149,0.0,""
"2026-09-29 13:36:53","git-master-bddc7a050319718b5e4e0856afec0bc9ea96418f","C:\Users\marco\Desktop\ds004507\derivatives\labels\sub-008\ses-headDown\anat\sub-008_ses-headDown_T2w_seg-manual.nii.gz","724","8","",47.417910434507284,0.0,1.3208349252964218,0.0,18.60061021961453,0.0,6.0614209167701105,0.0,6.1109135941023505,0.0,9.7340989399043,0.0,3.1165365524701785,0.0,2.944884364299932,0.0,0.7783895256795452,0.0,-6.281686445736463,0.0,0.96179025745436,0.0,""
"2026-09-29 13:36:53","git-master-bddc7a050319718b5e4e0856afec0bc9ea96418f","C:\Users\marco\Desktop\ds004507\derivatives\labels\sub-008\ses-headDown\anat\sub-008_ses-headDown_T2w_seg-manual.nii.gz","725","8","",45.94074404254216,0.0,1.3299920079176615,0.0,18.620719397468857,0.0,5.966136232626048,0.0,6.02657835556227,0.0,9.57704249979612,0.0,3.072147504367158,0.0,2.89398872825889,0.0,0.7771625195063999,0.0,-7.457033898523125,0.0,0.9581638160804289,0.0,""
"2026-09-29 13:36:53","git-master-bddc7a050319718b5e4e0856afec0bc9ea96418f","C:\Users\marco\Desktop\ds004507\derivatives\labels\sub-008\ses-headDown\anat\sub-008_ses-headDown_T2w_seg-manual.nii.gz","726","8","",44.96112197088682,0.0,1.3398699678247157,0.0,18.6404641793168,0.0,5.896769523025652,0.0,5.962520646438372,0.0,9.521949550281802,0.0,2.9605706419915965,0.0,2.9361988810340556,0.0,0.7795313470538346,0.0,-7.507637291435897,0.0,0.9588437744007842,0.0,""
"2026-09-29 13:36:53","git-master-bddc7a050319718b5e4e0856afec0bc9ea96418f","C:\Users\marco\Desktop\ds004507\derivatives\labels\sub-008\ses-headDown\anat\sub-008_ses-headDown_T2w_seg-manual.nii.gz","727","8","",45.12101106590789,0.0,1.350468788399533,0.0,18.65984479683113,0.0,5.787772181938573,0.0,5.953770407180759,0.0,9.646492369697393,0.0,2.8449095088319085,0.0,2.942862673106665,0.0,0.786642696771095,0.0,-5.81407457414002,0.0,0.9662358558148051,0.0,""
"2026-09-29 13:36:53","git-master-bddc7a050319718b5e4e0856afec0bc9ea96418f","C:\Users\marco\Desktop\ds004507\derivatives\labels\sub-008\ses-headDown\anat\sub-008_ses-headDown_T2w_seg-manual.nii.gz","728","8","",46.00463229111456,0.0,1.3617884517410017,0.0,18.67886147812342,0.0,6.012403478188141,0.0,6.144732348969832,0.0,9.538032889151124,0.0,2.9579602799624967,0.0,3.054443198225644,0.0,0.7648278050247825,0.0,-3.421604233698929,0.0,0.9614817933066723,0.0,""
"2026-09-29 13:36:53","git-master-bddc7a050319718b5e4e0856afec0bc9ea96418f","C:\Users\marco\Desktop\ds004507\derivatives\labels\sub-008\ses-headDown\anat\sub-008_ses-headDown_T2w_seg-manual.nii.gz","729","8","",46.62934818985511,0.0,1.3739730968875405,0.0,18.69744177096254,0.0,6.068830686880062,0.0,6.150297519050955,0.0,9.639632810304091,0.0,3.0594488901410286,0.0,3.009381796739034,0.0,0.7700020718475791,0.0,-4.0614425087665795,0.0,0.9558730604194717,0.0,""
"2026-09-29 13:36:53","git-master-bddc7a050319718b5e4e0856afec0bc9ea96418f","C:\Users\marco\Desktop\ds004507\derivatives\labels\sub-008\ses-headDown\anat\sub-008_ses-headDown_T2w_seg-manual.nii.gz","730","8","",46.54708244497849,0.0,1.3868785333022244,0.0,18.715658679947744,0.0,6.086217274503466,0.0,6.191289876008678,0.0,9.630663075071118,0.0,3.09949642885564,0.0,2.9867208456478256,0.0,0.76595244299197,0.0,-4.827140795573218,0.0,0.957742838134995,0.0,""
"2026-09-29 13:36:53","git-master-bddc7a050319718b5e4e0856afec0bc9ea96418f","C:\Users\marco\Desktop\ds004507\derivatives\labels\sub-008\ses-headDown\anat\sub-008_ses-headDown_T2w_seg-manual.nii.gz","731","8","",46.51251747921021,0.0,1.4005047375418282,0.0,18.733512418821483,0.0,6.11752837241265,0.0,6.25506502239529,0.0,9.559730641930964,0.0,3.1255922071596487,0.0,2.9919361652530014,0.0,0.75611344424176,0.0,-4.087199931522449,0.0,0.9612720321805936,0.0,""
"2026-09-29 13:36:53","git-master-bddc7a050319718b5e4e0856afec0bc9ea96418f","C:\Users\marco\Desktop\ds004507\derivatives\labels\sub-008\ses-headDown\anat\sub-008_ses-headDown_T2w_seg-manual.nii.gz","732","8","",46.85999678196677,0.0,1.4148516846617722,0.0,18.751003197704282,0.0,5.979152149361994,0.0,6.191041780278778,0.0,9.751992915740566,0.0,3.052846784264746,0.0,2.9263053650972477,0.0,0.7710168966879608,0.0,-3.4091540496621184,0.0,0.9662886911446684,0.0,""
"2026-09-29 13:36:53","git-master-bddc7a050319718b5e4e0856afec0bc9ea96418f","C:\Users\marco\Desktop\ds004507\derivatives\labels\sub-008\ses-headDown\anat\sub-008_ses-headDown_T2w_seg-manual.nii.gz","733","8","",46.794579203761295,0.0,1.4299193481730619,0.0,18.76813122308528,0.0,5.7463172184986,0.0,6.0525532264773885,0.0,9.989564326219298,0.0,2.9087720183932073,0.0,2.837545200105393,0.0,0.7954380220812898,0.0,-3.7250188397547386,0.0,0.9699340918109355,0.0,""
"2026-09-29 13:36:53","git-master-bddc7a050319718b5e4e0856afec0bc9ea96418f","C:\Users\marco\Desktop\ds004507\derivatives\labels\sub-008\ses-headDown\anat\sub-008_ses-headDown_T2w_seg-manual.nii.gz","734","8","",46.06521874049094,0.0,1.4456766202865248,0.0,18.78471915636531,0.0,5.7765898278575,0.0,6.07813349138473,0.0,9.819935351503812,0.0,2.883817688117826,0.0,2.8927721397396744,0.0,0.7854246871804461,0.0,-4.204927682979345,0.0,0.9661727241810897,0.0,""
"2026-09-29 13:36:53","git-master-bddc7a050319718b5e4e0856afec0bc9ea96418f","C:\Users\marco\Desktop\ds004507\derivatives\labels\sub-008\ses-headDown\anat\sub-008_ses-headDown_T2w_seg-manual.nii.gz","735","8","",49.020069807606184,0.0,1.4619991524443408,0.0,18.80005703095236,0.0,6.261450834359394,0.0,6.312240321385388,0.0,9.992403986773539,0.0,3.1876646841895853,0.0,3.073786150169809,0.0,0.7752097870961673,0.0,-3.838955660264804,0.0,0.9531461761858664,0.0,""
"2026-09-29 13:36:53","git-master-bddc7a050319718b5e4e0856afec0bc9ea96418f","C:\Users\marco\Desktop\ds004507\derivatives\labels\sub-008\ses-headDown\anat\sub-008_ses-headDown_T2w_seg-manual.nii.gz","736","7","",45.94562842467558,0.0,1.4816158722991608,0.0,18.814959676575942,0.0,5.7788978665628,0.0,5.979113213405487,0.0,9.922792651246377,0.0,2.99069713176878,0.0,2.78820073479402,0.0,0.7980709006320394,0.0,-5.3389774956691936,0.0,0.9597426852043992,0.0,""
"2026-09-29 13:36:53","git-master-bddc7a050319718b5e4e0856afec0bc9ea96418f","C:\Users\marco\Desktop\ds004507\derivatives\labels\sub-008\ses-headDown\anat\sub-008_ses-headDown_T2w_seg-manual.nii.gz","737","7","",47.26451742182353,0.0,1.501194491090349,0.0,18.826511376926536,0.0,5.914588866436338,0.0,6.071084777686894,0.0,10.064279520095667,0.0,3.1004490695108897,0.0,2.8141397969254487,0.0,0.7975667789397933,0.0,-6.257482894605047,0.0,0.9443005681366079,0.0,""
"2026-09-29 13:36:53","git-master-bddc7a050319718b5e4e0856afec0bc9ea96418f","C:\Users\marco\Desktop\ds004507\derivatives\labels\sub-008\ses-headDown\anat\sub-008_ses-headDown_T2w_seg-manual.nii.gz","738","7","",46.65890252399609,0.0,1.521312034693218,0.0,18.835255524623026,0.0,6.102314815186229,0.0,6.178904304601642,0.0,9.794680146632684,0.0,3.196731308295065,0.0,2.905583506891164,0.0,0.77581862493483,0.0,-7.072335275009888,0.0,0.9499947261093706,0.0,""
"2026-09-29 13:36:53","git-master-bddc7a050319718b5e4e0856afec0bc9ea96418f","C:\Users\marco\Desktop\ds004507\derivatives\labels\sub-008\ses-headDown\anat\sub-008_ses-headDown_T2w_seg-manual.nii.gz","739","7","",45.712722733527436,0.0,1.5419684681969834,0.0,18.84119298486033,0.0,5.802107347281398,0.0,6.042169611302339,0.0,9.84365151719841,0.0,2.9617127802199903,0.0,2.8403945670614075,0.0,0.7894041420148803,0.0,-4.699275023204006,0.0,0.9564138498387561,0.0,""
"2026-09-29 13:36:53","git-master-bddc7a050319718b5e4e0856afec0bc9ea96418f","C:\Users\marco\Desktop\ds004507\derivatives\labels\sub-008\ses-headDown\anat\sub-008_ses-headDown_T2w_seg-manual.nii.gz","740","7","",47.103471740136484,0.0,1.5631637550696205,0.0,18.844324343102855,0.0,6.082973157368196,0.0,6.227523629370344,0.0,9.800366332659411,0.0,3.1388439136516433,0.0,2.944129243716553,0.0,0.7720573167701088,0.0,-5.551731222336051,0.0,0.9628918809262725,0.0,""
"2026-09-29 13:36:53","git-master-bddc7a050319718b5e4e0856afec0bc9ea96418f","C:\Users\marco\Desktop\ds004507\derivatives\labels\sub-008\ses-headDown\anat\sub-008_ses-headDown_T2w_seg-manual.nii.gz","741","7","",48.19067679091623,0.0,1.5848978571036259,0.0,18.844649904816936,0.0,6.125393731956802,0.0,6.253974220522207,0.0,9.969561441243386,0.0,3.1658462830560796,0.0,2.9595474489007225,0.0,0.7787187171409102,0.0,-5.490525128087022,0.0,0.9526386830097853,0.0,""
"2026-09-29 13:36:53","git-master-bddc7a050319718b5e4e0856afec0bc9ea96418f","C:\Users\marco\Desktop\ds004507\derivatives\labels\sub-008\ses-headDown\anat\sub-008_ses-headDown_T2w_seg-manual.nii.gz","742","7","",48.09196260998507,0.0,1.607170734360395,0.0,18.84216969533323,0.0,5.836785870971565,0.0,6.070512821328015,0.0,10.223974217629326,0.0,2.9480314616952517,0.0,2.8887544092763133,0.0,0.8043197128694534,0.0,-4.7624728738753515,0.0,0.9621122726117293,0.0,""
"2026-09-29 13:36:53","git-master-bddc7a050319718b5e4e0856afec0bc9ea96418f","C:\Users\marco\Desktop\ds004507\derivatives\labels\sub-008\ses-headDown\anat\sub-008_ses-headDown_T2w_seg-manual.nii.gz","743","7","",49.633387704114064,0.0,1.6299823451132092,0.0,18.836883459838806,0.0,6.149544842263117,0.0,6.200624508206375,0.0,10.345655231931772,0.0,3.146688826424634,0.0,3.002856015838482,0.0,0.8004676932731289,0.0,-4.136047441980916,0.0,0.9575855490718982,0.0,""
"2026-09-29 13:36:53","git-master-bddc7a050319718b5e4e0856afec0bc9ea96418f","C:\Users\marco\Desktop\ds004507\derivatives\labels\sub-008\ses-headDown\anat\sub-008_ses-headDown_T2w_seg-manual.nii.gz","744","7","",49.803066407202394,0.0,1.6533326457888387,0.0,18.828790663498904,0.0,5.9386137146301525,0.0,6.154890417522932,0.0,10.442359980581138,0.0,3.1054753651121327,0.0,2.83313834951802,0.0,0.8077536583520001,0.0,-3.5521933966553787,0.0,0.948840692551352,0.0,""
"2026-09-29 13:36:53","git-master-bddc7a050319718b5e4e0856afec0bc9ea96418f","C:\Users\marco\Desktop\ds004507\derivatives\labels\sub-008\ses-headDown\anat\sub-008_ses-headDown_T2w_seg-manual.nii.gz","745","7","",50.472106890212565,0.0,1.6772215909077646,0.0,18.81789049170867,0.0,5.950284736893375,0.0,6.20844315642441,0.0,10.475368739413673,0.0,3.0933919499376614,0.0,2.856892786955714,0.0,0.8054267329757243,0.0,-3.6941813665827654,0.0,0.9547205843667931,0.0,""
"2026-09-29 13:36:53","git-master-bddc7a050319718b5e4e0856afec0bc9ea96418f","C:\Users\marco\Desktop\ds004507\derivatives\labels\sub-008\ses-headDown\anat\sub-008_ses-headDown_T2w_seg-manual.nii.gz","746","7","",52.19067642022542,0.0,1.7016491330230197,0.0,18.80418185047526,0.0,6.075479504689492,0.0,6.397152803335251,0.0,10.549278100070845,0.0,3.1111232296143694,0.0,2.9643562750751227,0.0,0.7951277497077884,0.0,-6.556437772263615,0.0,0.9527961107783389,0.0,""
"2026-09-29 13:36:53","git-master-bddc7a050319718b5e4e0856afec0bc9ea96418f","C:\Users\marco\Desktop\ds004507\derivatives\labels\sub-008\ses-headDown\anat\sub-008_ses-headDown_T2w_seg-manual.nii.gz","747","7","",51.460012752752284,0.0,1.7266152226576497,0.0,18.78766336693107,0.0,5.880377485799388,0.0,6.3312453826635755,0.0,10.52474494174547,0.0,3.0127858752793832,0.0,2.8675916105200043,0.0,0.798802757949637,0.0,-4.679755762215974,0.0,0.9619283542065322,0.0,""
"2026-09-29 13:36:53","git-master-bddc7a050319718b5e4e0856afec0bc9ea96418f","C:\Users\marco\Desktop\ds004507\derivatives\labels\sub-008\ses-headDown\anat\sub-008_ses-headDown_T2w_seg-manual.nii.gz","748","7","",50.35317272620841,0.0,1.7521198082408003,0.0,18.76833338997914,0.0,5.76290855538791,0.0,6.156230653452901,0.0,10.555311112938595,0.0,2.903608392974977,0.0,2.859300162412933,0.0,0.8121756260599697,0.0,-2.6796013020685634,0.0,0.9655107401873567,0.0,""
"2026-09-29 13:36:53","git-master-bddc7a050319718b5e4e0856afec0bc9ea96418f","C:\Users\marco\Desktop\ds004507\derivatives\labels\sub-008\ses-headDown\anat\sub-008_ses-headDown_T2w_seg-manual.nii.gz","749","7","",50.29383882471297,0.0,1.778162836042428,0.0,18.74618999107178,0.0,6.0559785905015096,0.0,6.2261227844053755,0.0,10.398580207367305,0.0,3.0706289348039064,0.0,2.985349655697603,0.0,0.8003843627587738,0.0,-4.122768202607372,0.0,0.9605108886603593,0.0,""
"2026-09-29 13:36:53","git-master-bddc7a050319718b5e4e0856afec0bc9ea96418f","C:\Users\marco\Desktop\ds004507\derivatives\labels\sub-008\ses-headDown\anat\sub-008_ses-headDown_T2w_seg-manual.nii.gz","750","7","",50.625464753573965,0.0,1.8047442501066446,0.0,18.72123096512403,0.0,6.219553353036236,0.0,6.258132788179444,0.0,10.42276626131389,0.0,3.1286432592372533,0.0,3.090910093798983,0.0,0.7994350447535824,0.0,-5.682555601317215,0.0,0.9558066910481203,0.0,""
"2026-09-29 13:36:53","git-master-bddc7a050319718b5e4e0856afec0bc9ea96418f","C:\Users\marco\Desktop\ds004507\derivatives\labels\sub-008\ses-headDown\anat\sub-008_ses-headDown_T2w_seg-manual.nii.gz","751","7","",52.2818429440207,0.0,1.8318639921836883,0.0,18.693453831563552,0.0,6.164781218075948,0.0,6.2723054690845235,0.0,10.750359276775573,0.0,3.088946570842167,0.0,3.075834647233781,0.0,0.8120269616757746,0.0,-5.5863319159019085,0.0,0.9521994699043306,0.0,""
"2026-09-29 13:36:53","git-master-bddc7a050319718b5e4e0856afec0bc9ea96418f","C:\Users\marco\Desktop\ds004507\derivatives\labels\sub-008\ses-headDown\anat\sub-008_ses-headDown_T2w_seg-manual.nii.gz","752","7","",50.1913390631417,0.0,1.8595220016605303,0.0,18.662855835518965,0.0,5.926314546441435,0.0,6.050122635748705,0.0,10.710795104040317,0.0,3.010593376234599,0.0,2.915721170206836,0.0,0.825215445000459,0.0,-2.866688264690447,0.0,0.9537290440134056,0.0,""
"2026-09-29 13:36:53","git-master-bddc7a050319718b5e4e0856afec0bc9ea96418f","C:\Users\marco\Desktop\ds004507\derivatives\labels\sub-008\ses-headDown\anat\sub-008_ses-headDown_T2w_seg-manual.nii.gz","753","7","",46.90863056755214,0.0,1.8877182154901229,0.0,18.629433949148773,0.0,5.470960156317406,0.0,5.649373648439003,0.0,10.731795382596456,0.0,2.8536591714193453,0.0,2.6173009848980606,0.0,0.8493237518523267,0.0,-1.4527494288132485,0.0,0.9641219938172362,0.0,""
"2026-09-29 13:36:53","git-master-bddc7a050319718b5e4e0856afec0bc9ea96418f","C:\Users\marco\Desktop\ds004507\derivatives\labels\sub-008\ses-headDown\anat\sub-008_ses-headDown_T2w_seg-manual.nii.gz","754","7","",50.488120558309305,0.0,1.9164525681192837,0.0,18.593184873113323,0.0,5.643998496083855,0.0,5.939944002816789,0.0,10.957486896118258,0.0,2.9743664553682065,0.0,2.6696320407156477,0.0,0.8384695094471307,0.0,-1.1266823258843137,0.0,0.9703066383233493,0.0,""
"2026-09-29 13:36:53","git-master-bddc7a050319718b5e4e0856afec0bc9ea96418f","C:\Users\marco\Desktop\ds004507\derivatives\labels\sub-008\ses-headDown\anat\sub-008_ses-headDown_T2w_seg-manual.nii.gz","755","7","",55.11018287935556,0.0,1.9457249914152244,0.0,18.554105038192482,0.0,6.245830083201636,0.0,6.4893060236753595,0.0,10.952554043959124,0.0,3.24078094739786,0.0,3.005049135803775,0.0,0.8055759259436837,0.0,-2.1233355312002127,0.0,0.9674879897948856,0.0,""
"2026-09-29 13:36:53","git-master-bddc7a050319718b5e4e0856afec0bc9ea96418f","C:\Users\marco\Desktop\ds004507\derivatives\labels\sub-008\ses-headDown\anat\sub-008_ses-headDown_T2w_seg-manual.nii.gz","756","7","",56.27799918671713,0.0,1.9755354145907287,0.0,18.512190607051977,0.0,6.324057241245178,0.0,6.520467659861941,0.0,11.183346720146274,0.0,3.211601619870031,0.0,3.1124556213751475,0.0,0.8121285346808931,0.0,-4.021606297884872,0.0,0.9611466555379368,0.0,""
"2026-09-29 13:36:53","git-master-bddc7a050319718b5e4e0856afec0bc9ea96418f","C:\Users\marco\Desktop\ds004507\derivatives\labels\sub-008\ses-headDown\anat\sub-008_ses-headDown_T2w_seg-manual.nii.gz","757","7","",58.01250385865743,0.0,2.0058837641279794,0.0,18.46743747616149,0.0,6.321242838582485,0.0,6.543459588947696,0.0,11.539835148750592,0.0,3.211996739702391,0.0,3.1092460988800945,0.0,0.8236793097618361,0.0,-2.363639482111398,0.0,0.957706928243564,0.0,""
"2026-09-29 13:36:53","git-master-bddc7a050319718b5e4e0856afec0bc9ea96418f","C:\Users\marco\Desktop\ds004507\derivatives\labels\sub-008\ses-headDown\anat\sub-008_ses-headDown_T2w_seg-manual.nii.gz","758","7","",58.57502393736673,0.0,2.036769963701038,0.0,18.419841277868024,0.0,6.347834360384613,0.0,6.584031172099874,0.0,11.551285389440196,0.0,3.374537616558771,0.0,2.973296743825842,0.0,0.8215268177145845,0.0,-3.469762254081218,0.0,0.9660250111468233,0.0,""
"2026-09-29 13:36:53","git-master-bddc7a050319718b5e4e0856afec0bc9ea96418f","C:\Users\marco\Desktop\ds004507\derivatives\labels\sub-008\ses-headDown\anat\sub-008_ses-headDown_T2w_seg-manual.nii.gz","759","7","",58.92405811631868,0.0,2.068193934096987,0.0,18.36939738262814,0.0,6.351063267812673,0.0,6.630447494541432,0.0,11.533245521254472,0.0,3.2763643775657334,0.0,3.0746988902469394,0.0,0.8179565233007968,0.0,-4.19325725052597,0.0,0.9618771795230158,0.0,""
"2026-09-29 13:36:53","git-master-bddc7a050319718b5e4e0856afec0bc9ea96418f","C:\Users\marco\Desktop\ds004507\derivatives\labels\sub-008\ses-headDown\anat\sub-008_ses-headDown_T2w_seg-manual.nii.gz","760","7","",58.152329249478136,0.0,2.1001555931357294,0.0,18.316100901402937,0.0,6.192200756752893,0.0,6.390539358718054,0.0,11.756428020429631,0.0,3.1071616193358533,0.0,3.0850391374170396,0.0,0.8390433210268808,0.0,-4.671800244770955,0.0,0.956954612384578,0.0,""
"2026-09-29 13:36:53","git-master-bddc7a050319718b5e4e0856afec0bc9ea96418f","C:\Users\marco\Desktop\ds004507\derivatives\labels\sub-008\ses-headDown\anat\sub-008_ses-headDown_T2w_seg-manual.nii.gz","761","7","",56.169085621255505,0.0,2.132654855588459,0.0,18.25994668822,0.0,5.847388429764185,0.0,6.106394978270223,0.0,11.85300509709875,0.0,3.004056939172486,0.0,2.843331490591699,0.0,0.857091247128223,0.0,-5.336022066354709,0.0,0.9663400175614725,0.0,""
"2026-09-29 13:36:53","git-master-bddc7a050319718b5e4e0856afec0bc9ea96418f","C:\Users\marco\Desktop\ds004507\derivatives\labels\sub-008\ses-headDown\anat\sub-008_ses-headDown_T2w_seg-manual.nii.gz","762","7","",58.217313079516884,0.0,2.165691633094796,0.0,18.200929342906687,0.0,5.974853463930466,0.0,6.219802836380213,0.0,12.05247297813471,0.0,3.076802234472351,0.0,2.898051229458115,0.0,0.856450835401101,0.0,-6.451556251442681,0.0,0.9550836409852272,0.0,""
"2026-09-29 13:36:53","git-master-bddc7a050319718b5e4e0856afec0bc9ea96418f","C:\Users\marco\Desktop\ds004507\derivatives\labels\sub-008\ses-headDown\anat\sub-008_ses-headDown_T2w_seg-manual.nii.gz","763","7","",57.60339251082643,0.0,2.1992658340786035,0.0,18.13904321399929,0.0,5.8405845890622405,0.0,6.095452804126062,0.0,12.170573179891683,0.0,3.105630756536671,0.0,2.734953832525569,0.0,0.8655089887474171,0.0,-5.510385897405784,0.0,0.9705980937946311,0.0,""
"2026-09-29 13:36:53","git-master-bddc7a050319718b5e4e0856afec0bc9ea96418f","C:\Users\marco\Desktop\ds004507\derivatives\labels\sub-008\ses-headDown\anat\sub-008_ses-headDown_T2w_seg-manual.nii.gz","764","7","",59.52783942092913,0.0,2.2333773636624787,0.0,18.074282401833095,0.0,6.085188892346356,0.0,6.3132796492622525,0.0,12.187795027280202,0.0,3.089507500884582,0.0,2.995681391461774,0.0,0.8553512811134787,0.0,-7.958939338106916,0.0,0.9613528641042177,0.0,""
"2026-09-29 13:36:53","git-master-bddc7a050319718b5e4e0856afec0bc9ea96418f","C:\Users\marco\Desktop\ds004507\derivatives\labels\sub-008\ses-headDown\anat\sub-008_ses-headDown_T2w_seg-manual.nii.gz","765","7","",59.44940456059093,0.0,2.268026123580933,0.0,18.0066407618184,0.0,6.26408507366376,0.0,6.363872580456657,0.0,12.03038740434414,0.0,3.127350037301205,0.0,3.136735036362555,0.0,0.8486286797900605,0.0,-5.944767264171674,0.0,0.9520129543004514,0.0,""
"2026-09-29 13:36:53","git-master-bddc7a050319718b5e4e0856afec0bc9ea96418f","C:\Users\marco\Desktop\ds004507\derivatives\labels\sub-008\ses-headDown\anat\sub-008_ses-headDown_T2w_seg-manual.nii.gz","766","7","",58.61029041677156,0.0,2.3032120120922595,0.0,17.936111907907772,0.0,6.3305381211219,0.0,6.341392198208907,0.0,11.913659136940757,0.0,3.068539701745177,0.0,3.261998419376723,0.0,0.8465700667224447,0.0,-3.493047400580255,0.0,0.9618981456869272,0.0,""
"2026-09-29 13:36:53","git-master-bddc7a050319718b5e4e0856afec0bc9ea96418f","C:\Users\marco\Desktop\ds004507\derivatives\labels\sub-008\ses-headDown\anat\sub-008_ses-headDown_T2w_seg-manual.nii.gz","767","7","",56.51191664774842,0.0,2.3389349238890933,0.0,17.862689216260275,0.0,6.000052420517671,0.0,6.209437351831374,0.0,11.682929969282874,0.0,2.919424680930509,0.0,3.080627739587162,0.0,0.8470537854227421,0.0,-2.799212421878416,0.0,0.9520023934692482,0.0,""
"2026-09-29 13:36:53","git-master-bddc7a050319718b5e4e0856afec0bc9ea96418f","C:\Users\marco\Desktop\ds004507\derivatives\labels\sub-008\ses-headDown\anat\sub-008_ses-headDown_T2w_seg-manual.nii.gz","768","7","",54.91239112346028,0.0,2.3751947500076804,0.0,17.786365829108423,0.0,6.181460410985441,0.0,6.128648376690162,0.0,11.42000889312175,0.0,3.04015949750691,0.0,3.141300913478531,0.0,0.8437937202840831,0.0,-3.601942914719894,0.0,0.9582317086077614,0.0,""
"2026-09-29 13:36:53","git-master-bddc7a050319718b5e4e0856afec0bc9ea96418f","C:\Users\marco\Desktop\ds004507\derivatives\labels\sub-008\ses-headDown\anat\sub-008_ses-headDown_T2w_seg-manual.nii.gz","769","7","",57.61397829737986,0.0,2.4119913777358404,0.0,17.707134658833915,0.0,6.170392468351826,0.0,6.230923494911954,0.0,11.766753506896169,0.0,3.036110539582082,0.0,3.134281928769744,0.0,0.8482872584172095,0.0,-5.130222755793418,0.0,0.9643826322930801,0.0,""
"2026-09-29 13:36:53","git-master-bddc7a050319718b5e4e0856afec0bc9ea96418f","C:\Users\marco\Desktop\ds004507\derivatives\labels\sub-008\ses-headDown\anat\sub-008_ses-headDown_T2w_seg-manual.nii.gz","770","6","",61.093670047775724,0.0,2.450509205693104,0.0,17.622324079586825,0.0,6.112270173385463,0.0,6.197611400332586,0.0,12.438364818590925,0.0,3.2107241768686734,0.0,2.9015459965167896,0.0,0.867024350484205,0.0,-3.926001614427708,0.0,0.9559034989614954,0.0,""
"2026-09-29 13:36:53","git-master-bddc7a050319718b5e4e0856afec0bc9ea96418f","C:\Users\marco\Desktop\ds004507\derivatives\labels\sub-008\ses-headDown\anat\sub-008_ses-headDown_T2w_seg-manual.nii.gz","771","6","",62.161530563503746,0.0,2.4909202076184713,0.0,17.531367007866894,0.0,6.330015746809914,0.0,6.276203059186542,0.0,12.406246388815521,0.0,3.263788054627096,0.0,3.066227692182818,0.0,0.862590655591939,0.0,-4.010091640735327,0.0,0.964937049073199,0.0,""
"2026-09-29 13:36:53","git-master-bddc7a050319718b5e4e0856afec0bc9ea96418f","C:\Users\marco\Desktop\ds004507\derivatives\labels\sub-008\ses-headDown\anat\sub-008_ses-headDown_T2w_seg-manual.nii.gz","772","6","",62.35429399830803,0.0,2.5319403044081903,0.0,17.437081042504975,0.0,6.293430112201955,0.0,6.395311781000419,0.0,12.309150990120376,0.0,3.139567849904593,0.0,3.153862262297362,0.0,0.8544359278549756,0.0,-4.3794248805798155,0.0,0.9716172811323438,0.0,""
"2026-09-29 13:36:53","git-master-bddc7a050319718b5e4e0856afec0bc9ea96418f","C:\Users\marco\Desktop\ds004507\derivatives\labels\sub-008\ses-headDown\anat\sub-008_ses-headDown_T2w_seg-manual.nii.gz","773","6","",64.41360685421307,0.0,2.5735693392018306,0.0,17.339456492071253,0.0,6.490136617105368,0.0,6.511117582498427,0.0,12.436806621186248,0.0,3.2117950317642485,0.0,3.27834158534112,0.0,0.8519609479340133,0.0,-3.4716547811188394,0.0,0.943013604291415,0.0,""
"2026-09-29 13:36:53","git-master-bddc7a050319718b5e4e0856afec0bc9ea96418f","C:\Users\marco\Desktop\ds004507\derivatives\labels\sub-008\ses-headDown\anat\sub-008_ses-headDown_T2w_seg-manual.nii.gz","774","6","",62.65701244615904,0.0,2.6158071496478805,0.0,17.238483401464503,0.0,6.329432728091045,0.0,6.291137329650781,0.0,12.49789044660736,0.0,3.1549416803464934,0.0,3.1744910477445516,0.0,0.8640679173099379,0.0,-3.357385703027807,0.0,0.9612868004146958,0.0,""
"2026-09-29 13:36:53","git-master-bddc7a050319718b5e4e0856afec0bc9ea96418f","C:\Users\marco\Desktop\ds004507\derivatives\labels\sub-008\ses-headDown\anat\sub-008_ses-headDown_T2w_seg-manual.nii.gz","775","6","",63.35790204768395,0.0,2.6583248834578876,0.0,17.134151559564145,0.0,6.301846434862891,0.0,6.372193565272977,0.0,12.605861351209446,0.0,3.0514193195950616,0.0,3.2504271152678297,0.0,0.8628353033628722,0.0,-3.1121391558413527,0.0,0.962776219988601,0.0,""
"2026-09-29 13:36:53","git-master-bddc7a050319718b5e4e0856afec0bc9ea96418f","C:\Users\marco\Desktop\ds004507\derivatives\labels\sub-008\ses-headDown\anat\sub-008_ses-headDown_T2w_seg-manual.nii.gz","776","6","",64.89411722325646,0.0,2.698953153649566,0.0,17.02645050726504,0.0,6.164786212958226,0.0,6.483918074485221,0.0,12.881992563626484,0.0,3.0476525860222314,0.0,3.1171336269359946,0.0,0.8639182536667257,0.0,-4.553995140797393,0.0,0.9640612210393912,0.0,""
"2026-09-29 13:36:53","git-master-bddc7a050319718b5e4e0856afec0bc9ea96418f","C:\Users\marco\Desktop\ds004507\derivatives\labels\sub-008\ses-headDown\anat\sub-008_ses-headDown_T2w_seg-manual.nii.gz","777","6","",63.663542539030615,0.0,2.7359832441187706,0.0,16.915369545907758,0.0,5.917089792150722,0.0,6.343038824603284,0.0,13.019249592577552,0.0,2.897084131462184,0.0,3.0200056606885384,0.0,0.8730166489617638,0.0,-3.3472843060604998,0.0,0.945860838325006,0.0,""
"2026-09-29 13:36:53","git-master-bddc7a050319718b5e4e0856afec0bc9ea96418f","C:\Users\marco\Desktop\ds004507\derivatives\labels\sub-008\ses-headDown\anat\sub-008_ses-headDown_T2w_seg-manual.nii.gz","778","6","",63.51437131036299,0.0,2.769415783325991,0.0,16.800897746116867,0.0,6.221153731157088,0.0,6.456365716349186,0.0,12.732629382876427,0.0,3.0732411115146747,0.0,3.147912619642413,0.0,0.861777891847264,0.0,-5.094771799528218,0.0,0.9596695165379163,0.0,""
"2026-09-29 13:36:53","git-master-bddc7a050319718b5e4e0856afec0bc9ea96418f","C:\Users\marco\Desktop\ds004507\derivatives\labels\sub-008\ses-headDown\anat\sub-008_ses-headDown_T2w_seg-manual.nii.gz","779","6","",63.33567248703037,0.0,2.799251351421595,0.0,16.683023957060232,0.0,6.109615410136966,0.0,6.364637836569814,0.0,12.908585197603633,0.0,3.0200510128218485,0.0,3.0895643973151183,0.0,0.8699895081383706,0.0,-4.134119295128211,0.0,0.9519332196022816,0.0,""
"2026-09-29 13:36:53","git-master-bddc7a050319718b5e4e0856afec0bc9ea96418f","C:\Users\marco\Desktop\ds004507\derivatives\labels\sub-008\ses-headDown\anat\sub-008_ses-headDown_T2w_seg-manual.nii.gz","780","6","",64.8262370286376,0.0,2.825490476356961,0.0,16.56173681614277,0.0,6.038541468385358,0.0,6.496996617011402,0.0,12.931639818096395,0.0,3.025381664848802,0.0,3.013159803536556,0.0,0.864611868273473,0.0,-4.057806553205465,0.0,0.960482450806862,0.0,""
"2026-09-29 13:36:53","git-master-bddc7a050319718b5e4e0856afec0bc9ea96418f","C:\Users\marco\Desktop\ds004507\derivatives\labels\sub-008\ses-headDown\anat\sub-008_ses-headDown_T2w_seg-manual.nii.gz","781","6","",65.41414664703623,0.0,2.8481336304160028,0.0,16.437024759148045,0.0,6.365682203333074,0.0,6.562234186952211,0.0,12.877829397118896,0.0,3.19752245314348,0.0,3.1681597501895946,0.0,0.8604205312899567,0.0,-4.68395236164713,0.0,0.959437855100811,0.0,""
"2026-09-29 13:36:53","git-master-bddc7a050319718b5e4e0856afec0bc9ea96418f","C:\Users\marco\Desktop\ds004507\derivatives\labels\sub-008\ses-headDown\anat\sub-008_ses-headDown_T2w_seg-manual.nii.gz","782","6","",66.37024596331746,0.0,2.8671812271662875,0.0,16.308876030841702,0.0,6.464115188407161,0.0,6.66057782333101,0.0,12.814108477666796,0.0,3.1975062754731893,0.0,3.266608912933971,0.0,0.8542077733036109,0.0,-4.7767853224788395,0.0,0.9536996663537887,0.0,""
"2026-09-29 13:36:53","git-master-bddc7a050319718b5e4e0856afec0bc9ea96418f","C:\Users\marco\Desktop\ds004507\derivatives\labels\sub-008\ses-headDown\anat\sub-008_ses-headDown_T2w_seg-manual.nii.gz","783","6","",66.16499381199068,0.0,2.882633618829017,0.0,16.17727869605064,0.0,6.380430857626755,0.0,6.585152985675051,0.0,12.785237523768776,0.0,3.228839195625923,0.0,3.1515916620008326,0.0,0.8568601066809411,0.0,-5.35331305767589,0.0,0.9542118127522636,0.0,""
"2026-09-29 13:36:53","git-master-bddc7a050319718b5e4e0856afec0bc9ea96418f","C:\Users\marco\Desktop\ds004507\derivatives\labels\sub-008\ses-headDown\anat\sub-008_ses-headDown_T2w_seg-manual.nii.gz","784","6","",65.06672106185584,0.0,2.894491094067216,0.0,16.04222065123226,0.0,6.293147292093702,0.0,6.391666302403631,0.0,12.819864803058794,0.0,3.2468161659936254,0.0,3.046331126100077,0.0,0.8668284750621138,0.0,-5.194532108742495,0.0,0.964362309259858,0.0,""
"2026-09-29 13:36:53","git-master-bddc7a050319718b5e4e0856afec0bc9ea96418f","C:\Users\marco\Desktop\ds004507\derivatives\labels\sub-008\ses-headDown\anat\sub-008_ses-headDown_T2w_seg-manual.nii.gz","785","6","",65.84226348233736,0.0,2.9027538761915843,0.0,15.90368963654817,0.0,6.464963357659894,0.0,6.494282145784728,0.0,12.768046620626462,0.0,3.221380536074475,0.0,3.2435828215854188,0.0,0.8609514985687772,0.0,-5.353558826616462,0.0,0.9578378233853388,0.0,""
"2026-09-29 13:36:53","git-master-bddc7a050319718b5e4e0856afec0bc9ea96418f","C:\Users\marco\Desktop\ds004507\derivatives\labels\sub-008\ses-headDown\anat\sub-008_ses-headDown_T2w_seg-manual.nii.gz","786","6","",66.61986537602934,0.0,2.9074221217835454,0.0,15.761673248456908,0.0,6.5518544459037775,0.0,6.551715352002219,0.0,12.815429097035253,0.0,3.2187441596272155,0.0,3.333110286276562,0.0,0.8594273922395853,0.0,-4.94944568894975,0.0,0.9513351514271432,0.0,""
"2026-09-29 13:36:53","git-master-bddc7a050319718b5e4e0856afec0bc9ea96418f","C:\Users\marco\Desktop\ds004507\derivatives\labels\sub-008\ses-headDown\anat\sub-008_ses-headDown_T2w_seg-manual.nii.gz","787","6","",67.14252758573282,0.0,2.9084959197351323,0.0,15.61615895284037,0.0,6.500938276777145,0.0,6.554041892394598,0.0,12.890414810135622,0.0,3.2664878188972413,0.0,3.234450457879904,0.0,0.8610956017487478,0.0,-4.933237150081779,0.0,0.9669472498384056,0.0,""
"2026-09-29 13:36:53","git-master-bddc7a050319718b5e4e0856afec0bc9ea96418f","C:\Users\marco\Desktop\ds004507\derivatives\labels\sub-008\ses-headDown\anat\sub-008_ses-headDown_T2w_seg-manual.nii.gz","788","6","",67.66696238723375,0.0,2.9059752907054666,0.0,15.467134098678727,0.0,6.393039524628028,0.0,6.563453468772045,0.0,13.094874900200635,0.0,3.1723107645971487,0.0,3.2207287600308794,0.0,0.8652551569865334,0.0,-5.4885548513611235,0.0,0.9554153741980087,0.0,""
"2026-09-29 13:36:53","git-master-bddc7a050319718b5e4e0856afec0bc9ea96418f","C:\Users\marco\Desktop\ds004507\derivatives\labels\sub-008\ses-headDown\anat\sub-008_ses-headDown_T2w_seg-manual.nii.gz","789","6","",68.23044000933399,0.0,2.899860186993671,0.0,15.314585932288598,0.0,6.359280188804415,0.0,6.639806768693069,0.0,13.257460723330283,0.0,3.0597929729220446,0.0,3.2994872158823707,0.0,0.8655376927838055,0.0,-5.3947478145985,0.0,0.9336938437357519,0.0,""
"2026-09-29 13:36:53","git-master-bddc7a050319718b5e4e0856afec0bc9ea96418f","C:\Users\marco\Desktop\ds004507\derivatives\labels\sub-008\ses-headDown\anat\sub-008_ses-headDown_T2w_seg-manual.nii.gz","790","6","",68.2313844362853,0.0,2.8901504928282042,0.0,15.158501612139302,0.0,6.286688207214892,0.0,6.650192978467374,0.0,13.36659644663365,0.0,3.0799982935016055,0.0,3.2066899137132867,0.0,0.8674272639024724,0.0,-5.866045458912985,0.0,0.9451707323745238,0.0,""
"2026-09-29 13:36:53","git-master-bddc7a050319718b5e4e0856afec0bc9ea96418f","C:\Users\marco\Desktop\ds004507\derivatives\labels\sub-008\ses-headDown\anat\sub-008_ses-headDown_T2w_seg-manual.nii.gz","791","6","",70.19379224436062,0.0,2.876846025072667,0.0,14.998868224261932,0.0,6.3738650983519785,0.0,6.6282900923730255,0.0,13.725147667265928,0.0,3.1688006999897067,0.0,3.2050643983622713,0.0,0.8755520595160414,0.0,-5.567785419009134,0.0,0.9478454304316373,0.0,""
"2026-09-29 13:36:53","git-master-bddc7a050319718b5e4e0856afec0bc9ea96418f","C:\Users\marco\Desktop\ds004507\derivatives\labels\sub-008\ses-headDown\anat\sub-008_ses-headDown_T2w_seg-manual.nii.gz","792","6","",73.60031567697524,0.0,2.859946534348291,0.0,14.835672798265966,0.0,6.63219040486649,0.0,6.887944630219479,0.0,13.889384120485367,0.0,3.30861112998397,0.0,3.3235792748825204,0.0,0.8682917250928719,0.0,-5.678137221874273,0.0,0.9499814633941243,0.0,""
"2026-09-29 13:36:53","git-master-bddc7a050319718b5e4e0856afec0bc9ea96418f","C:\Users\marco\Desktop\ds004507\derivatives\labels\sub-008\ses-headDown\anat\sub-008_ses-headDown_T2w_seg-manual.nii.gz","793","6","",75.17786269533755,0.0,2.839451706573389,0.0,14.668902323977958,0.0,6.514034750441934,0.0,6.896046109208016,0.0,14.089203340992814,0.0,3.188566807169777,0.0,3.325467943272157,0.0,0.871960122458626,0.0,-6.444381836683319,0.0,0.948317621253188,0.0,""
"2026-09-29 13:36:53","git-master-bddc7a050319718b5e4e0856afec0bc9ea96418f","C:\Users\marco\Desktop\ds004507\derivatives\labels\sub-008\ses-headDown\anat\sub-008_ses-headDown_T2w_seg-manual.nii.gz","794","6","",70.39991043574713,0.0,2.815361164920167,0.0,14.498543768716551,0.0,6.121698674743301,0.0,6.539688998982374,0.0,13.737416088280183,0.0,3.0474640806364746,0.0,3.0742345941068256,0.0,0.8794402049116359,0.0,-6.062055489498934,0.0,0.9579237592680321,0.0,""
"2026-09-29 13:36:53","git-master-bddc7a050319718b5e4e0856afec0bc9ea96418f","C:\Users\marco\Desktop\ds004507\derivatives\labels\sub-008\ses-headDown\anat\sub-008_ses-headDown_T2w_seg-manual.nii.gz","795","6","",68.0329479351911,0.0,2.787674472189397,0.0,14.3245840952181,0.0,6.142015250734455,0.0,6.388578596844551,0.0,13.497834398765894,0.0,3.0153186572738946,0.0,3.1266965934605606,0.0,0.8808994603255343,0.0,-5.888789235205674,0.0,0.9564419224464525,0.0,""
"2026-09-29 13:36:53","git-master-bddc7a050319718b5e4e0856afec0bc9ea96418f","C:\Users\marco\Desktop\ds004507\derivatives\labels\sub-008\ses-headDown\anat\sub-008_ses-headDown_T2w_seg-manual.nii.gz","796","6","",69.38073647648406,0.0,2.7563911336035427,0.0,14.147010280226496,0.0,6.440280604250691,0.0,6.544195313291053,0.0,13.29864836022711,0.0,3.176958186850042,0.0,3.2633224174006488,0.0,0.8704792681610962,0.0,-5.49339999412455,0.0,0.9647453615797886,0.0,""
"2026-09-29 13:36:53","git-master-bddc7a050319718b5e4e0856afec0bc9ea96418f","C:\Users\marco\Desktop\ds004507\derivatives\labels\sub-008\ses-headDown\anat\sub-008_ses-headDown_T2w_seg-manual.nii.gz","797","6","",69.32874736237365,0.0,2.721510600019021,0.0,13.965809333760786,0.0,6.482273686917489,0.0,6.701182942463088,0.0,13.124569731934832,0.0,3.0124473669787073,0.0,3.469826319938783,0.0,0.8597959063271478,0.0,-5.77411877250074,0.0,0.9439508024033062,0.0,""
"2026-09-29 13:36:53","git-master-bddc7a050319718b5e4e0856afec0bc9ea96418f","C:\Users\marco\Desktop\ds004507\derivatives\labels\sub-008\ses-headDown\anat\sub-008_ses-headDown_T2w_seg-manual.nii.gz","798","6","",72.63680140671383,0.0,2.6830322715583494,0.0,13.78096831907341,0.0,6.480791707718862,0.0,6.778707020475628,0.0,13.702202486279782,0.0,3.1201375023354383,0.0,3.360654205383424,0.0,0.869006438512095,0.0,-6.047006799486193,0.0,0.9459813634347995,0.0,""
"2026-09-29 13:36:53","git-master-bddc7a050319718b5e4e0856afec0bc9ea96418f","C:\Users\marco\Desktop\ds004507\derivatives\labels\sub-008\ses-headDown\anat\sub-008_ses-headDown_T2w_seg-manual.nii.gz","799","6","",71.2660378521197,0.0,2.640955501663016,0.0,13.592474373311608,0.0,6.491058890712205,0.0,6.866274986272704,0.0,13.35349397890333,0.0,3.19496438566808,0.0,3.2960945050441253,0.0,0.8576503412501233,0.0,-4.729266408215779,0.0,0.9731292905628014,0.0,""
"2026-09-29 13:36:53","git-master-bddc7a050319718b5e4e0856afec0bc9ea96418f","C:\Users\marco\Desktop\ds004507\derivatives\labels\sub-008\ses-headDown\anat\sub-008_ses-headDown_T2w_seg-manual.nii.gz","800","6","",72.17891029785832,0.0,2.595279601567966,0.0,13.400314728893846,0.0,6.4970282121302905,0.0,7.040147952808114,0.0,13.34379150240953,0.0,3.168489527946011,0.0,3.3285386841842795,0.0,0.8494946273517041,0.0,-5.929527292011293,0.0,0.9475529014669609,0.0,""
"2026-09-29 13:36:53","git-master-bddc7a050319718b5e4e0856afec0bc9ea96418f","C:\Users\marco\Desktop\ds004507\derivatives\labels\sub-008\ses-headDown\anat\sub-008_ses-headDown_T2w_seg-manual.nii.gz","801","5","",71.53741997820917,0.0,2.5475933857266724,0.0,13.210794090234355,0.0,6.6061028650288875,0.0,7.0079310641890435,0.0,13.15608803989926,0.0,3.226168542840894,0.0,3.379934322187993,0.0,0.8463193152517643,0.0,-7.41481041638375,0.0,0.9612610205717339,0.0,""
"2026-09-29 13:36:53","git-master-bddc7a050319718b5e4e0856afec0bc9ea96418f","C:\Users\marco\Desktop\ds004507\derivatives\labels\sub-008\ses-headDown\anat\sub-008_ses-headDown_T2w_seg-manual.nii.gz","802","5","",72.76142339286757,0.0,2.499722955930104,0.0,13.029874572572519,0.0,6.839007429934661,0.0,7.026681576352845,0.0,13.33105623055614,0.0,3.450190861464304,0.0,3.3888165684703577,0.0,0.8498040373676656,0.0,-6.725638990311455,0.0,0.9562814072954428,0.0,""
"2026-09-29 13:36:53","git-master-bddc7a050319718b5e4e0856afec0bc9ea96418f","C:\Users\marco\Desktop\ds004507\derivatives\labels\sub-008\ses-headDown\anat\sub-008_ses-headDown_T2w_seg-manual.nii.gz","803","5","",72.83797183564823,0.0,2.4488982733036218,0.0,12.845917576415301,0.0,6.660405281785212,0.0,6.856486907983117,0.0,13.579641107205124,0.0,3.36611564922327,0.0,3.294289632561942,0.0,0.8630874013567819,0.0,-5.383456404466461,0.0,0.9576940746520965,0.0,""
"2026-09-29 13:36:53","git-master-bddc7a050319718b5e4e0856afec0bc9ea96418f","C:\Users\marco\Desktop\ds004507\derivatives\labels\sub-008\ses-headDown\anat\sub-008_ses-headDown_T2w_seg-manual.nii.gz","804","5","",72.3138375980277,0.0,2.395118744138433,0.0,12.658914117291799,0.0,6.533484782802586,0.0,6.840491770143469,0.0,13.493489511959947,0.0,3.2480462442902387,0.0,3.2854385385123464,0.0,0.8619660503050152,0.0,-5.73366291426524,0.0,0.9512210415380422,0.0,""
"2026-09-29 13:36:53","git-master-bddc7a050319718b5e4e0856afec0bc9ea96418f","C:\Users\marco\Desktop\ds004507\derivatives\labels\sub-008\ses-headDown\anat\sub-008_ses-headDown_T2w_seg-manual.nii.gz","805","5","",73.56810161640239,0.0,2.3383837656829107,0.0,12.468855351371854,0.0,6.679237791090894,0.0,6.906038305430686,0.0,13.492025664726302,0.0,3.2216366204180917,0.0,3.4576011706728025,0.0,0.859066236588543,0.0,-6.748056423216887,0.0,0.9517966077351064,0.0,""
"2026-09-29 13:36:53","git-master-bddc7a050319718b5e4e0856afec0bc9ea96418f","C:\Users\marco\Desktop\ds004507\derivatives\labels\sub-008\ses-headDown\anat\sub-008_ses-headDown_T2w_seg-manual.nii.gz","806","5","",74.55872125140186,0.0,2.2786927302750595,0.0,12.27573259069902,0.0,6.750740658599589,0.0,6.87111287430587,0.0,13.731755880335383,0.0,3.2625961263344383,0.0,3.4881445322651508,0.0,0.865693351563741,0.0,-6.411286591093406,0.0,0.9594662559303312,0.0,""
"2026-09-29 13:36:53","git-master-bddc7a050319718b5e4e0856afec0bc9ea96418f","C:\Users\marco\Desktop\ds004507\derivatives\labels\sub-008\ses-headDown\anat\sub-008_ses-headDown_T2w_seg-manual.nii.gz","807","5","",74.61932608298184,0.0,2.2160450296980794,0.0,12.07953731882659,0.0,6.853701252519665,0.0,6.961818547297198,0.0,13.639947777624796,0.0,3.320829910713683,0.0,3.532871341805982,0.0,0.8597391703714073,0.0,-6.297303623732495,0.0,0.9649984327716224,0.0,""
"2026-09-29 13:36:53","git-master-bddc7a050319718b5e4e0856afec0bc9ea96418f","C:\Users\marco\Desktop\ds004507\derivatives\labels\sub-008\ses-headDown\anat\sub-008_ses-headDown_T2w_seg-manual.nii.gz","808","5","",74.16787545717447,0.0,2.1504400597594127,0.0,11.880261206858323,0.0,6.700045077403072,0.0,6.934978104327254,0.0,13.744975755332732,0.0,3.2697424724050625,0.0,3.4303026049980088,0.0,0.8631304901659582,0.0,-5.173812773066073,0.0,0.9729661397879136,0.0,""
"2026-09-29 13:36:53","git-master-bddc7a050319718b5e4e0856afec0bc9ea96418f","C:\Users\marco\Desktop\ds004507\derivatives\labels\sub-008\ses-headDown\anat\sub-008_ses-headDown_T2w_seg-manual.nii.gz","809","5","",72.9447939561329,0.0,2.0818772250936206,0.0,11.677896129895093,0.0,6.548177423699771,0.0,6.840139597669641,0.0,13.790462531565023,0.0,3.197326371191199,0.0,3.350851052508572,0.0,0.8682950743681894,0.0,-4.468150598230752,0.0,0.9706877291052549,0.0,""
"2026-09-29 13:36:53","git-master-bddc7a050319718b5e4e0856afec0bc9ea96418f","C:\Users\marco\Desktop\ds004507\derivatives\labels\sub-008\ses-headDown\anat\sub-008_ses-headDown_T2w_seg-manual.nii.gz","810","5","",72.7904200739483,0.0,2.0103559441894006,0.0,11.47243418388795,0.0,6.666368426291983,0.0,6.891081160900725,0.0,13.66467541271129,0.0,3.2211752913963125,0.0,3.44519313489567,0.0,0.8635039056763911,0.0,-5.024258514143145,0.0,0.9554132657847828,0.0,""
"2026-09-29 13:36:53","git-master-bddc7a050319718b5e4e0856afec0bc9ea96418f","C:\Users\marco\Desktop\ds004507\derivatives\labels\sub-008\ses-headDown\anat\sub-008_ses-headDown_T2w_seg-manual.nii.gz","811","5","",73.50949106746734,0.0,1.9358756546409885,0.0,11.263867702897452,0.0,6.749441781604361,0.0,6.915994034664793,0.0,13.754123263391765,0.0,3.2375715202569753,0.0,3.511870261347386,0.0,0.8642558174742324,0.0,-5.847159937755509,0.0,0.9457753239533864,0.0,""
"2026-09-29 13:36:53","git-master-bddc7a050319718b5e4e0856afec0bc9ea96418f","C:\Users\marco\Desktop\ds004507\derivatives\labels\sub-008\ses-headDown\anat\sub-008_ses-headDown_T2w_seg-manual.nii.gz","812","5","",72.23959836173714,0.0,1.858435818624154,0.0,11.052189276758417,0.0,6.470199078503926,0.0,6.646337929021237,0.0,14.009815144096146,0.0,3.115261159741347,0.0,3.3549379187625794,0.0,0.8798035665003483,0.0,-6.327280986355241,0.0,0.9473023993817788,0.0,""
"2026-09-29 13:36:53","git-master-bddc7a050319718b5e4e0856afec0bc9ea96418f","C:\Users\marco\Desktop\ds004507\derivatives\labels\sub-008\ses-headDown\anat\sub-008_ses-headDown_T2w_seg-manual.nii.gz","813","5","",70.96274505450343,0.0,1.7780359285968987,0.0,10.83739176914847,0.0,6.114797028232198,0.0,6.3323200585061805,0.0,14.24711900422622,0.0,2.9989061209660854,0.0,3.115890907266113,0.0,0.8957774447583063,0.0,-5.676428198341,0.0,0.9508987009094975,0.0,""
"2026-09-29 13:36:53","git-master-bddc7a050319718b5e4e0856afec0bc9ea96418f","C:\Users\marco\Desktop\ds004507\derivatives\labels\sub-008\ses-headDown\anat\sub-008_ses-headDown_T2w_seg-manual.nii.gz","814","5","",72.35025721888447,0.0,1.6946755132249143,0.0,10.619468336057917,0.0,6.356170966335535,0.0,6.506351219177804,0.0,14.142866359715207,0.0,3.1174369773620794,0.0,3.2387339889734554,0.0,0.887644869860574,0.0,-5.567876890009647,0.0,0.9553474889558361,0.0,""
"2026-09-29 13:36:53","git-master-bddc7a050319718b5e4e0856afec0bc9ea96418f","C:\Users\marco\Desktop\ds004507\derivatives\labels\sub-008\ses-headDown\anat\sub-008_ses-headDown_T2w_seg-manual.nii.gz","815","5","",73.35971914709629,0.0,1.6085978899928361,0.0,10.398967511313938,0.0,6.532590951114105,0.0,6.753462876795971,0.0,13.799614686623306,0.0,3.1816061397805844,0.0,3.35098481133352,0.0,0.8720439069171072,0.0,-6.947704206318453,0.0,0.9463182578292572,0.0,""
"2026-09-29 13:36:53","git-master-bddc7a050319718b5e4e0856afec0bc9ea96418f","C:\Users\marco\Desktop\ds004507\derivatives\labels\sub-008\ses-headDown\anat\sub-008_ses-headDown_T2w_seg-manual.nii.gz","816","5","",72.14534755142036,0.0,1.52138707258455,0.0,10.179492650424907,0.0,6.354047268206665,0.0,6.604090935022536,0.0,13.85885722097593,0.0,3.013817373682828,0.0,3.340229894523838,0.0,0.8791436868011864,0.0,-7.489317014718478,0.0,0.9457901591985215,0.0,""
"2026-09-29 13:36:53","git-master-bddc7a050319718b5e4e0856afec0bc9ea96418f","C:\Users\marco\Desktop\ds004507\derivatives\labels\sub-008\ses-headDown\anat\sub-008_ses-headDown_T2w_seg-manual.nii.gz","817","5","",71.89514363163526,0.0,1.434627633183857,0.0,9.96466695454859,0.0,6.2094663649543325,0.0,6.533631380110869,0.0,14.10574200773594,0.0,3.0649503681516315,0.0,3.144515996802701,0.0,0.8862592739838746,0.0,-6.621795871922123,0.0,0.9618882054025141,0.0,""
"2026-09-29 13:36:53","git-master-bddc7a050319718b5e4e0856afec0bc9ea96418f","C:\Users\marco\Desktop\ds004507\derivatives\labels\sub-008\ses-headDown\anat\sub-008_ses-headDown_T2w_seg-manual.nii.gz","818","5","",72.61596618748746,0.0,1.3483523879224848,0.0,9.754851344411573,0.0,6.21588866387372,0.0,6.587940632390931,0.0,14.152437047885604,0.0,3.0350838466702825,0.0,3.1808048172034376,0.0,0.8850485903862211,0.0,-6.6114425939460375,0.0,0.961665222570532,0.0,""
"2026-09-29 13:36:53","git-master-bddc7a050319718b5e4e0856afec0bc9ea96418f","C:\Users\marco\Desktop\ds004507\derivatives\labels\sub-008\ses-headDown\anat\sub-008_ses-headDown_T2w_seg-manual.nii.gz","819","5","",72.7086819655666,0.0,1.2625295790416078,0.0,9.549737421465482,0.0,6.412069166106352,0.0,6.655175438524692,0.0,14.030865780363644,0.0,3.197461654838649,0.0,3.214607511267702,0.0,0.8803365920719288,0.0,-6.663579122171282,0.0,0.9612996121478551,0.0,""
"2026-09-29 13:36:53","git-master-bddc7a050319718b5e4e0856afec0bc9ea96418f","C:\Users\marco\Desktop\ds004507\derivatives\labels\sub-008\ses-headDown\anat\sub-008_ses-headDown_T2w_seg-manual.nii.gz","820","5","",72.54974447493043,0.0,1.1771596776577895,0.0,9.349347786011284,0.0,6.562096805127889,0.0,6.8031197548721245,0.0,13.749136436924319,0.0,3.2917458394973025,0.0,3.2703509656305862,0.0,0.8688912397784107,0.0,-6.804594830008839,0.0,0.9516338271884887,0.0,""
"2026-09-29 13:36:53","git-master-bddc7a050319718b5e4e0856afec0bc9ea96418f","C:\Users\marco\Desktop\ds004507\derivatives\labels\sub-008\ses-headDown\anat\sub-008_ses-headDown_T2w_seg-manual.nii.gz","821","5","",73.29173644652242,0.0,1.0922431426165922,0.0,9.153703985204894,0.0,6.618634679864588,0.0,6.913613718929834,0.0,13.63039314074756,0.0,3.226659548360766,0.0,3.391975131503822,0.0,0.8617936660445978,0.0,-7.509991382995182,0.0,0.9532362877603562,0.0,""
"2026-09-29 13:36:53","git-master-bddc7a050319718b5e4e0856afec0bc9ea96418f","C:\Users\marco\Desktop\ds004507\derivatives\labels\sub-008\ses-headDown\anat\sub-008_ses-headDown_T2w_seg-manual.nii.gz","822","5","",74.0336689733449,0.0,1.0077804206325511,0.0,8.962826544366052,0.0,6.661659518992739,0.0,6.958332424529207,0.0,13.64846516744829,0.0,3.2640263090630715,0.0,3.3976332099296673,0.0,0.8602779494296608,0.0,-7.743801595563649,0.0,0.9558623127029373,0.0,""
"2026-09-29 13:36:53","git-master-bddc7a050319718b5e4e0856afec0bc9ea96418f","C:\Users\marco\Desktop\ds004507\derivatives\labels\sub-008\ses-headDown\anat\sub-008_ses-headDown_T2w_seg-manual.nii.gz","823","5","",74.72767675328089,0.0,0.9237719464292187,0.0,8.776734998303732,0.0,6.828592940963074,0.0,6.975389010823356,0.0,13.725503353479091,0.0,3.3462136447329978,0.0,3.4823792962300772,0.0,0.8612316137524686,0.0,-8.310768764344365,0.0,0.9568623580227332,0.0,""
"2026-09-29 13:36:53","git-master-bddc7a050319718b5e4e0856afec0bc9ea96418f","C:\Users\marco\Desktop\ds004507\derivatives\labels\sub-008\ses-headDown\anat\sub-008_ses-headDown_T2w_seg-manual.nii.gz","824","5","",74.8334634655069,0.0,0.8402181428792571,0.0,8.595447922589054,0.0,6.9388822071634255,0.0,6.973872466403829,0.0,13.720109971401332,0.0,3.4244712063872527,0.0,3.5144110007761733,0.0,0.861180506752524,0.0,-7.543449539379733,0.0,0.952026262454356,0.0,""
"2026-09-29 13:36:53","git-master-bddc7a050319718b5e4e0856afec0bc9ea96418f","C:\Users\marco\Desktop\ds004507\derivatives\labels\sub-008\ses-headDown\anat\sub-008_ses-headDown_T2w_seg-manual.nii.gz","825","5","",73.8152343447409,0.0,0.7571194211445494,0.0,8.418982964709507,0.0,6.805794904934176,0.0,6.805302865877478,0.0,13.801102553692465,0.0,3.429869024042637,0.0,3.3759258808915398,0.0,0.8697079575068014,0.0,-6.8422429254889545,0.0,0.9501890462254377,0.0,""
"2026-09-29 13:36:53","git-master-bddc7a050319718b5e4e0856afec0bc9ea96418f","C:\Users\marco\Desktop\ds004507\derivatives\labels\sub-008\ses-headDown\anat\sub-008_ses-headDown_T2w_seg-manual.nii.gz","826","5","",73.28180938423203,0.0,0.6744761808163057,0.0,8.247356875040955,0.0,6.651429984872036,0.0,6.664336312931378,0.0,13.950213602271553,0.0,3.414114679843798,0.0,3.237315305028238,0.0,0.878511125235846,0.0,-7.288210980660127,0.0,0.962570799584678,0.0,""
"2026-09-29 13:36:53","git-master-bddc7a050319718b5e4e0856afec0bc9ea96418f","C:\Users\marco\Desktop\ds004507\derivatives\labels\sub-008\ses-headDown\anat\sub-008_ses-headDown_T2w_seg-manual.nii.gz","827","5","",73.73842667276664,0.0,0.5922888100551352,0.0,8.080585537576633,0.0,6.641226041673896,0.0,6.706532149026358,0.0,13.926704522957372,0.0,3.3707988182721067,0.0,3.2704272234017893,0.0,0.8763839163809058,0.0,-7.183185035709866,0.0,0.976537894573228,0.0,""
"2026-09-29 13:36:53","git-master-bddc7a050319718b5e4e0856afec0bc9ea96418f","C:\Users\marco\Desktop\ds004507\derivatives\labels\sub-008\ses-headDown\anat\sub-008_ses-headDown_T2w_seg-manual.nii.gz","828","5","",73.76914795586804,0.0,0.5105576857310619,0.0,7.918684000355041,0.0,6.642102867481908,0.0,6.761199833343954,0.0,13.809367437869355,0.0,3.250011159411404,0.0,3.3920917080705046,0.0,0.8719319928692981,0.0,-6.711400319324965,0.0,0.9756069087558581,0.0,""
"2026-09-29 13:36:53","git-master-bddc7a050319718b5e4e0856afec0bc9ea96418f","C:\Users\marco\Desktop\ds004507\derivatives\labels\sub-008\ses-headDown\anat\sub-008_ses-headDown_T2w_seg-manual.nii.gz","829","5","",73.70838051901895,0.0,0.42928317356345813,0.0,7.761666505531314,0.0,6.600998746373061,0.0,6.821144384646881,0.0,13.831404203777518,0.0,3.1978107348352625,0.0,3.403188011537798,0.0,0.8699250012634053,0.0,-7.200288853020391,0.0,0.9708157339556384,0.0,""
"2026-09-29 13:36:53","git-master-bddc7a050319718b5e4e0856afec0bc9ea96418f","C:\Users\marco\Desktop\ds004507\derivatives\labels\sub-008\ses-headDown\anat\sub-008_ses-headDown_T2w_seg-manual.nii.gz","830","5","",73.1282853467989,0.0,0.34846562826086835,0.0,7.609546519039356,0.0,6.429959777540304,0.0,6.761300866364692,0.0,13.888759024537373,0.0,3.1366257337297547,0.0,3.293334043810549,0.0,0.8735016621627746,0.0,-6.432914928957412,0.0,0.9707045003926611,0.0,""
"2026-09-29 13:36:53","git-master-bddc7a050319718b5e4e0856afec0bc9ea96418f","C:\Users\marco\Desktop\ds004507\derivatives\labels\sub-008\ses-headDown\anat\sub-008_ses-headDown_T2w_seg-manual.nii.gz","831","5","",71.73159169944113,0.0,0.26810539366070474,0.0,7.462336759794602,0.0,6.31952100520183,0.0,6.647154486820475,0.0,13.83298783921919,0.0,3.0606172653736414,0.0,3.2589037398281877,0.0,0.8769733637338667,0.0,-5.837011154761408,0.0,0.9654085599370056,0.0,""
"2026-09-29 13:36:53","git-master-bddc7a050319718b5e4e0856afec0bc9ea96418f","C:\Users\marco\Desktop\ds004507\derivatives\labels\sub-008\ses-headDown\anat\sub-008_ses-headDown_T2w_seg-manual.nii.gz","832","5","",71.99548723714311,0.0,0.18820280286878588,0.0,7.320049228389815,0.0,6.103282402511818,0.0,6.635146514043446,0.0,13.961265367088025,0.0,2.9042136119536845,0.0,3.1990687905581328,0.0,0.8798407735529072,0.0,-5.469030858525658,0.0,0.9334408905630783,0.0,""
"2026-09-29 13:36:53","git-master-bddc7a050319718b5e4e0856afec0bc9ea96418f","C:\Users\marco\Desktop\ds004507\derivatives\labels\sub-008\ses-headDown\anat\sub-008_ses-headDown_T2w_seg-manual.nii.gz","833","5","",71.34258945617198,0.0,0.10875817839869711,0.0,7.182695235238995,0.0,6.040042229123927,0.0,6.524777369493094,0.0,14.045315984863308,0.0,2.8345617408495176,0.0,3.2054804882744095,0.0,0.8855459270541267,0.0,-6.160213220873838,0.0,0.9353142256113595,0.0,""
"2026-09-29 13:36:53","git-master-bddc7a050319718b5e4e0856afec0bc9ea96418f","C:\Users\marco\Desktop\ds004507\derivatives\labels\sub-008\ses-headDown\anat\sub-008_ses-headDown_T2w_seg-manual.nii.gz","834","4","",71.39931964776852,0.0,0.02454101873189742,0.0,7.041835678894035,0.0,6.201733072820294,0.0,6.608236437300352,0.0,13.869736995370246,0.0,2.9306691600600074,0.0,3.2710639127602863,0.0,0.8792015585796064,0.0,-5.44745331030917,0.0,0.9533699584617447,0.0,""
"2026-09-29 13:36:53","git-master-bddc7a050319718b5e4e0856afec0bc9ea96418f","C:\Users\marco\Desktop\ds004507\derivatives\labels\sub-008\ses-headDown\anat\sub-008_ses-headDown_T2w_seg-manual.nii.gz","835","4","",71.11621504514478,0.0,-0.045203162322171725,0.0,6.929172355791342,0.0,6.3041853027183805,0.0,6.5784260168051825,0.0,13.858518899421233,0.0,2.9744318645260837,0.0,3.329753438192297,0.0,0.8801556458668017,0.0,-4.989176236832282,0.0,0.9526578842974758,0.0,""
"2026-09-29 13:36:53","git-master-bddc7a050319718b5e4e0856afec0bc9ea96418f","C:\Users\marco\Desktop\ds004507\derivatives\labels\sub-008\ses-headDown\anat\sub-008_ses-headDown_T2w_seg-manual.nii.gz","836","4","",72.7561599721285,0.0,-0.11459767791919223,0.0,6.820292342092629,0.0,6.50853224657939,0.0,6.697891676522975,0.0,13.895294319588116,0.0,3.141660967556603,0.0,3.3668712790227864,0.0,0.8761410122740144,0.0,-4.9464669370932794,0.0,0.9668259228938005,0.0,""
"2026-09-29 13:36:53","git-master-bddc7a050319718b5e4e0856afec0bc9ea96418f","C:\Users\marco\Desktop\ds004507\derivatives\labels\sub-008\ses-headDown\anat\sub-008_ses-headDown_T2w_seg-manual.nii.gz","837","4","",72.53125256673069,0.0,-0.1836423568252355,0.0,6.715200952162479,0.0,6.592352933352881,0.0,6.727908373277232,0.0,13.862415074541127,0.0,3.1800875022821686,0.0,3.412265431070713,0.0,0.8743294467460534,0.0,-4.9323976396086175,0.0,0.9695277084854473,0.0,""
"2026-09-29 13:36:53","git-master-bddc7a050319718b5e4e0856afec0bc9ea96418f","C:\Users\marco\Desktop\ds004507\derivatives\labels\sub-008\ses-headDown\anat\sub-008_ses-headDown_T2w_seg-manual.nii.gz","838","4","",71.49305450677225,0.0,-0.25233703217807424,0.0,6.613903256609538,0.0,6.593158019355796,0.0,6.720710610630564,0.0,13.76854340439531,0.0,3.1485941531358117,0.0,3.4445638662199847,0.0,0.8727481772566718,0.0,-5.075449730338025,0.0,0.9643112162568761,0.0,""
"2026-09-29 13:36:53","git-master-bddc7a050319718b5e4e0856afec0bc9ea96418f","C:\Users\marco\Desktop\ds004507\derivatives\labels\sub-008\ses-headDown\anat\sub-008_ses-headDown_T2w_seg-manual.nii.gz","839","4","",71.5637838158968,0.0,-0.3206815414538204,0.0,6.516404087990148,0.0,6.591385356859431,0.0,6.752392333340956,0.0,13.723321186551313,0.0,3.1714541074103066,0.0,3.419931249449124,0.0,0.8705245632611976,0.0,-5.455242654484165,0.0,0.9630423712571201,0.0,""
"2026-09-29 13:36:53","git-master-bddc7a050319718b5e4e0856afec0bc9ea96418f","C:\Users\marco\Desktop\ds004507\derivatives\labels\sub-008\ses-headDown\anat\sub-008_ses-headDown_T2w_seg-manual.nii.gz","840","4","",71.56750766958339,0.0,-0.38867572643356324,0.0,6.422708046511987,0.0,6.493395562676417,0.0,6.655806821818025,0.0,13.912039151536195,0.0,3.1925699068154856,0.0,3.300825655860932,0.0,0.8781307881491629,0.0,-5.538262818292316,0.0,0.9643286573146292,0.0,""
"2026-09-29 13:36:53","git-master-bddc7a050319718b5e4e0856afec0bc9ea96418f","C:\Users\marco\Desktop\ds004507\derivatives\labels\sub-008\ses-headDown\anat\sub-008_ses-headDown_T2w_seg-manual.nii.gz","841","4","",72.08801972094552,0.0,-0.45623175294120366,0.0,6.333773027524312,0.0,6.607411299966223,0.0,6.82541838187021,0.0,13.633075767594773,0.0,3.1595340267745686,0.0,3.4478772731916547,0.0,0.86552021478247,0.0,-6.282658247699417,0.0,0.9472163687249597,0.0,""
"2026-09-29 13:36:53","git-master-bddc7a050319718b5e4e0856afec0bc9ea96418f","C:\Users\marco\Desktop\ds004507\derivatives\labels\sub-008\ses-headDown\anat\sub-008_ses-headDown_T2w_seg-manual.nii.gz","842","4","",72.9228698079707,0.0,-0.5234370585336583,0.0,6.2486520956529805,0.0,6.700269455792139,0.0,6.772263721722398,0.0,13.821148859610128,0.0,3.239627463378231,0.0,3.4606419924139082,0.0,0.871565378179798,0.0,-7.684124634685916,0.0,0.9424079853797329,0.0,""
"2026-09-29 13:36:53","git-master-bddc7a050319718b5e4e0856afec0bc9ea96418f","C:\Users\marco\Desktop\ds004507\derivatives\labels\sub-008\ses-headDown\anat\sub-008_ses-headDown_T2w_seg-manual.nii.gz","843","4","",73.47488351951304,0.0,-0.5902915037667217,0.0,6.167348901518819,0.0,6.800797169596727,0.0,6.765546683364,0.0,13.913562021740148,0.0,3.305136689478231,0.0,3.495660480118496,0.0,0.8738021730212322,0.0,-7.7327519053869045,0.0,0.9397992290744542,0.0,""
"2026-09-29 13:36:53","git-master-bddc7a050319718b5e4e0856afec0bc9ea96418f","C:\Users\marco\Desktop\ds004507\derivatives\labels\sub-008\ses-headDown\anat\sub-008_ses-headDown_T2w_seg-manual.nii.gz","844","4","",73.54488939076533,0.0,-0.6567949532362113,0.0,6.089866904496906,0.0,6.747327815337597,0.0,6.764514989755278,0.0,13.92362214147528,0.0,3.3040596511127367,0.0,3.4432681642248606,0.0,0.8740153725589246,0.0,-7.106954387428966,0.0,0.9366226529391984,0.0,""
"2026-09-29 13:36:53","git-master-bddc7a050319718b5e4e0856afec0bc9ea96418f","C:\Users\marco\Desktop\ds004507\derivatives\labels\sub-008\ses-headDown\anat\sub-008_ses-headDown_T2w_seg-manual.nii.gz","845","4","",73.01808411923433,0.0,-0.7229472755451211,0.0,6.016209377255317,0.0,6.510781706646284,0.0,6.666505253747635,0.0,13.98520286202622,0.0,3.263409800483604,0.0,3.2473719061626807,0.0,0.8790751212053717,0.0,-7.098558954998444,0.0,0.9378700084064688,0.0,""
"2026-09-29 13:36:53","git-master-bddc7a050319718b5e4e0856afec0bc9ea96418f","C:\Users\marco\Desktop\ds004507\derivatives\labels\sub-008\ses-headDown\anat\sub-008_ses-headDown_T2w_seg-manual.nii.gz","846","4","",71.55039778071588,0.0,-0.7887483432707734,0.0,5.946379410293874,0.0,6.5177468019871245,0.0,6.554987987003904,0.0,13.897308044711593,0.0,3.2925201289336545,0.0,3.22522667305347,0.0,0.8817734271216913,0.0,-7.537893173909699,0.0,0.9567146121790563,0.0,""
"2026-09-29 13:36:53","git-master-bddc7a050319718b5e4e0856afec0bc9ea96418f","C:\Users\marco\Desktop\ds004507\derivatives\labels\sub-008\ses-headDown\anat\sub-008_ses-headDown_T2w_seg-manual.nii.gz","847","4","",71.55748309271291,0.0,-0.8541101401684044,0.0,5.881338610533292,0.0,6.604082104094926,0.0,6.601573639222688,0.0,13.802215285869202,0.0,3.37707112538045,0.0,3.2270109787144756,0.0,0.87818607752374,0.0,-7.665930268578207,0.0,0.9608124281579162,0.0,""
"2026-09-29 13:36:53","git-master-bddc7a050319718b5e4e0856afec0bc9ea96418f","C:\Users\marco\Desktop\ds004507\derivatives\labels\sub-008\ses-headDown\anat\sub-008_ses-headDown_T2w_seg-manual.nii.gz","848","4","",72.28700665974716,0.0,-0.9191203660117842,0.0,5.8201325869548795,0.0,6.6174059814988615,0.0,6.655184335770762,0.0,13.857531610439514,0.0,3.262108510102437,0.0,3.3552974713964243,0.0,0.877128283427435,0.0,-6.7086105061409524,0.0,0.962078564854675,0.0,""
"2026-09-29 13:36:53","git-master-bddc7a050319718b5e4e0856afec0bc9ea96418f","C:\Users\marco\Desktop\ds004507\derivatives\labels\sub-008\ses-headDown\anat\sub-008_ses-headDown_T2w_seg-manual.nii.gz","849","4","",72.29306340946633,0.0,-0.9837789106751073,0.0,5.7627636843945,0.0,6.61508255374394,0.0,6.668873267934591,0.0,13.857177879783324,0.0,3.2009770986550317,0.0,3.4141054550889085,0.0,0.8765777866850114,0.0,-6.177065111220017,0.0,0.9695198365852882,0.0,""
"2026-09-29 13:36:53","git-master-bddc7a050319718b5e4e0856afec0bc9ea96418f","C:\Users\marco\Desktop\ds004507\derivatives\labels\sub-008\ses-headDown\anat\sub-008_ses-headDown_T2w_seg-manual.nii.gz","850","4","",72.64795905736575,0.0,-1.0480856677465988,0.0,5.7092340967152095,0.0,6.658846367335893,0.0,6.7662684888251725,0.0,13.776349365144808,0.0,3.2240052611829206,0.0,3.4348411061529722,0.0,0.8709111306871853,0.0,-6.635677255809133,0.0,0.969035666535258,0.0,""
"2026-09-29 13:36:53","git-master-bddc7a050319718b5e4e0856afec0bc9ea96418f","C:\Users\marco\Desktop\ds004507\derivatives\labels\sub-008\ses-headDown\anat\sub-008_ses-headDown_T2w_seg-manual.nii.gz","851","4","",73.89394669716795,0.0,-1.1120405344963133,0.0,5.659545870046354,0.0,6.729278187451223,0.0,6.968425571890762,0.0,13.687966427634667,0.0,3.226673156771026,0.0,3.502605030680197,0.0,0.8607111598717689,0.0,-7.510858969938454,0.0,0.9526497863097771,0.0,""
"2026-09-29 13:36:53","git-master-bddc7a050319718b5e4e0856afec0bc9ea96418f","C:\Users\marco\Desktop\ds004507\derivatives\labels\sub-008\ses-headDown\anat\sub-008_ses-headDown_T2w_seg-manual.nii.gz","852","4","",72.99496339120208,0.0,-1.175643411843932,0.0,5.613700906022665,0.0,6.640280789647251,0.0,6.920680269429602,0.0,13.679125198213278,0.0,3.057780967795459,0.0,3.5824998218517923,0.0,0.8625745192322868,0.0,-6.899828052339298,0.0,0.947741935483871,0.0,""
"2026-09-29 13:36:53","git-master-bddc7a050319718b5e4e0856afec0bc9ea96418f","C:\Users\marco\Desktop\ds004507\derivatives\labels\sub-008\ses-headDown\anat\sub-008_ses-headDown_T2w_seg-manual.nii.gz","853","4","",72.69731857374005,0.0,-1.238806146268839,0.0,5.572662843299962,0.0,6.6298041146127815,0.0,6.861796307252161,0.0,13.681527530385491,0.0,3.18488120604884,0.0,3.4449229085639415,0.0,0.8651329487726372,0.0,-7.856199903350473,0.0,0.9477612165515391,0.0,""
"2026-09-29 13:36:53","git-master-bddc7a050319718b5e4e0856afec0bc9ea96418f","C:\Users\marco\Desktop\ds004507\derivatives\labels\sub-008\ses-headDown\anat\sub-008_ses-headDown_T2w_seg-manual.nii.gz","854","4","",70.95360276488873,0.0,-1.3016166484628742,0.0,5.535472293672308,0.0,6.542102036898411,0.0,6.750373006874627,0.0,13.554920294242189,0.0,3.112567690877598,0.0,3.429534346020813,0.0,0.8671805198961958,0.0,-8.661345384003667,0.0,0.9424632458814765,0.0,""
"2026-09-29 13:36:53","git-master-bddc7a050319718b5e4e0856afec0bc9ea96418f","C:\Users\marco\Desktop\ds004507\derivatives\labels\sub-008\ses-headDown\anat\sub-008_ses-headDown_T2w_seg-manual.nii.gz","855","4","",69.75130650739966,0.0,-1.3640748351937653,0.0,5.502130558676889,0.0,6.419994196922767,0.0,6.610084571580514,0.0,13.564259594327684,0.0,3.0248244814364194,0.0,3.3951697154863476,0.0,0.8731328937823495,0.0,-8.46860382209618,0.0,0.9403740423622481,0.0,""
"2026-09-29 13:36:53","git-master-bddc7a050319718b5e4e0856afec0bc9ea96418f","C:\Users\marco\Desktop\ds004507\derivatives\labels\sub-008\ses-headDown\anat\sub-008_ses-headDown_T2w_seg-manual.nii.gz","856","4","",69.16171625371123,0.0,-1.4261806266242012,0.0,5.472638815792847,0.0,6.341699118136407,0.0,6.5153938145286014,0.0,13.582208341030688,0.0,2.9976466640199226,0.0,3.3440524541164836,0.0,0.8774210269854388,0.0,-7.8442606987494035,0.0,0.9452879843927406,0.0,""
"2026-09-29 13:36:53","git-master-bddc7a050319718b5e4e0856afec0bc9ea96418f","C:\Users\marco\Desktop\ds004507\derivatives\labels\sub-008\ses-headDown\anat\sub-008_ses-headDown_T2w_seg-manual.nii.gz","857","4","",68.70300859177513,0.0,-1.48793394628039,0.0,5.4469981202995035,0.0,6.366935507231673,0.0,6.5153551910310865,0.0,13.451743314259467,0.0,3.0451757282063006,0.0,3.3217597790253723,0.0,0.8748612671630147,0.0,-7.624348162601142,0.0,0.9543682689463643,0.0,""
"2026-09-29 13:36:53","git-master-bddc7a050319718b5e4e0856afec0bc9ea96418f","C:\Users\marco\Desktop\ds004507\derivatives\labels\sub-008\ses-headDown\anat\sub-008_ses-headDown_T2w_seg-manual.nii.gz","858","4","",68.70334447088285,0.0,-1.5493347210206188,0.0,5.425209407134571,0.0,6.483023554352552,0.0,6.557417830831745,0.0,13.348762227116978,0.0,3.1658349430009567,0.0,3.317188611351595,0.0,0.8710254488040945,0.0,-7.771445543997972,0.0,0.9562473706352546,0.0,""
"2026-09-29 13:36:53","git-master-bddc7a050319718b5e4e0856afec0bc9ea96418f","C:\Users\marco\Desktop\ds004507\derivatives\labels\sub-008\ses-headDown\anat\sub-008_ses-headDown_T2w_seg-manual.nii.gz","859","4","",66.89520019181629,0.0,-1.6102947008868422,0.0,5.408236937135716,0.0,6.483661313591896,0.0,6.550098131453378,0.0,13.031981331527165,0.0,3.1670597434785366,0.0,3.3166015701133595,0.0,0.8644566329987616,0.0,-7.851945094353039,0.0,0.9536040352541094,0.0,""
"2026-09-29 13:36:53","git-master-bddc7a050319718b5e4e0856afec0bc9ea96418f","C:\Users\marco\Desktop\ds004507\derivatives\labels\sub-008\ses-headDown\anat\sub-008_ses-headDown_T2w_seg-manual.nii.gz","860","4","",67.25608026418247,0.0,-1.6709019602852173,0.0,5.395118244664809,0.0,6.5508928984524895,0.0,6.564737028820247,0.0,13.082946030443953,0.0,3.234121248607314,0.0,3.316771649845176,0.0,0.8649844170073363,0.0,-7.795550048872457,0.0,0.954560116794762,0.0,""
"2026-09-29 13:36:53","git-master-bddc7a050319718b5e4e0856afec0bc9ea96418f","C:\Users\marco\Desktop\ds004507\derivatives\labels\sub-008\ses-headDown\anat\sub-008_ses-headDown_T2w_seg-manual.nii.gz","861","4","",67.78111965830833,0.0,-1.7311564405073965,0.0,5.383506739699557,0.0,6.574466420276316,0.0,6.634973532548736,0.0,13.054552161965274,0.0,3.2204250465956026,0.0,3.3540413736807135,0.0,0.8611270861129697,0.0,-8.212159130371413,0.0,0.9445899645998792,0.0,""
"2026-09-29 13:36:53","git-master-bddc7a050319718b5e4e0856afec0bc9ea96418f","C:\Users\marco\Desktop\ds004507\derivatives\labels\sub-008\ses-headDown\anat\sub-008_ses-headDown_T2w_seg-manual.nii.gz","862","4","",67.7038742323649,0.0,-1.7910580859289282,0.0,5.371055514288842,0.0,6.504420867959288,0.0,6.665201615042249,0.0,12.989690008599696,0.0,3.1553890389093073,0.0,3.349031829049981,0.0,0.8582968851538179,0.0,-8.78641338037795,0.0,0.9332523700686522,0.0,""
"2026-09-29 13:36:53","git-master-bddc7a050319718b5e4e0856afec0bc9ea96418f","C:\Users\marco\Desktop\ds004507\derivatives\labels\sub-008\ses-headDown\anat\sub-008_ses-headDown_T2w_seg-manual.nii.gz","863","4","",66.98084236196581,0.0,-1.8506068439786745,0.0,5.356199756522208,0.0,6.381134005560165,0.0,6.595668339729171,0.0,12.98999746713907,0.0,3.124458888390222,0.0,3.2566751171699435,0.0,0.861487982835823,0.0,-8.826498359458327,0.0,0.9326364320551713,0.0,""
"2026-09-29 13:36:53","git-master-bddc7a050319718b5e4e0856afec0bc9ea96418f","C:\Users\marco\Desktop\ds004507\derivatives\labels\sub-008\ses-headDown\anat\sub-008_ses-headDown_T2w_seg-manual.nii.gz","864","4","",65.77598656976596,0.0,-1.9098026651082252,0.0,5.338939164499361,0.0,6.365370269909462,0.0,6.56757198930083,0.0,12.78461321853121,0.0,3.149123467374329,0.0,3.2162468025351334,0.0,0.8579644360454967,0.0,-7.8129463475424,0.0,0.9358074222668004,0.0,""
"2026-09-29 13:36:53","git-master-bddc7a050319718b5e4e0856afec0bc9ea96418f","C:\Users\marco\Desktop\ds004507\derivatives\labels\sub-008\ses-headDown\anat\sub-008_ses-headDown_T2w_seg-manual.nii.gz","865","4","",66.67924487608009,0.0,-1.9685572399116589,0.0,5.318671923909421,0.0,6.373993597928267,0.0,6.579882345682882,0.0,12.929482816249475,0.0,3.167784723404183,0.0,3.2062088745240844,0.0,0.8608125494341551,0.0,-7.815095331623568,0.0,0.9310694301079966,0.0,""
"2026-09-29 13:36:53","git-master-bddc7a050319718b5e4e0856afec0bc9ea96418f","C:\Users\marco\Desktop\ds004507\derivatives\labels\sub-008\ses-headDown\anat\sub-008_ses-headDown_T2w_seg-manual.nii.gz","866","4","",67.36345581461981,0.0,-2.0269587633164847,0.0,5.295998799405185,0.0,6.490680675271979,0.0,6.64949794474766,0.0,12.901070750536954,0.0,3.277112033856479,0.0,3.2135686414155002,0.0,0.8569042054505094,0.0,-8.429674947633151,0.0,0.9518494924364641,0.0,""
"2026-09-29 13:36:53","git-master-bddc7a050319718b5e4e0856afec0bc9ea96418f","C:\Users\marco\Desktop\ds004507\derivatives\labels\sub-008\ses-headDown\anat\sub-008_ses-headDown_T2w_seg-manual.nii.gz","867","4","",67.61547176275074,0.0,-2.085007198831569,0.0,5.270919308254674,0.0,6.632073880711893,0.0,6.704792175446423,0.0,12.825548410898293,0.0,3.416923677188462,0.0,3.2151502035234314,0.0,0.8524561761083853,0.0,-8.92495643623299,0.0,0.9698590628054656,0.0,""
"2026-09-29 13:36:53","git-master-bddc7a050319718b5e4e0856afec0bc9ea96418f","C:\Users\marco\Desktop\ds004507\derivatives\labels\sub-008\ses-headDown\anat\sub-008_ses-headDown_T2w_seg-manual.nii.gz","868","4","",67.73647257935659,0.0,-2.1427025127475408,0.0,5.243432929516248,0.0,6.713665454966347,0.0,6.737994842710842,0.0,12.777301263479915,0.0,3.470153441376858,0.0,3.243512013589489,0.0,0.8496521067404087,0.0,-8.974335941359282,0.0,0.9777940211540119,0.0,""
"2026-09-29 13:36:53","git-master-bddc7a050319718b5e4e0856afec0bc9ea96418f","C:\Users\marco\Desktop\ds004507\derivatives\labels\sub-008\ses-headDown\anat\sub-008_ses-headDown_T2w_seg-manual.nii.gz","869","4","",67.97817877828557,0.0,-2.200044674107152,0.0,5.213539104649908,0.0,6.708003882653966,0.0,6.769026704197597,0.0,12.758607112024027,0.0,3.4024271343615498,0.0,3.3055767482924154,0.0,0.8476442199950446,0.0,-8.616031456189063,0.0,0.979465413556454,0.0,""
"2026-09-29 13:36:53","git-master-bddc7a050319718b5e4e0856afec0bc9ea96418f","C:\Users\marco\Desktop\ds004507\derivatives\labels\sub-008\ses-headDown\anat\sub-008_ses-headDown_T2w_seg-manual.nii.gz","870","4","",67.97906470179687,0.0,-2.257033654675632,0.0,5.1812372381286105,0.0,6.702900274246906,0.0,6.809334007032975,0.0,12.679314358822598,0.0,3.4016390944892496,0.0,3.301261179757656,0.0,0.8435550198336376,0.0,-8.212779769106685,0.0,0.9799301919720768,0.0,""
"2026-09-29 13:36:53","git-master-bddc7a050319718b5e4e0856afec0bc9ea96418f","C:\Users\marco\Desktop\ds004507\derivatives\labels\sub-008\ses-headDown\anat\sub-008_ses-headDown_T2w_seg-manual.nii.gz","871","3","",67.25733534031706,0.0,-2.324890611692343,0.0,5.138861637898794,0.0,6.70697705888686,0.0,6.784381098813949,0.0,12.584988155327997,0.0,3.416796754126822,0.0,3.2901803047600384,0.0,0.8422512252290649,0.0,-8.42383065728515,0.0,0.9769760962017892,0.0,""
"2026-09-29 13:36:53","git-master-bddc7a050319718b5e4e0856afec0bc9ea96418f","C:\Users\marco\Desktop\ds004507\derivatives\labels\sub-008\ses-headDown\anat\sub-008_ses-headDown_T2w_seg-manual.nii.gz","872","3","",67.54207658099982,0.0,-2.3828667227290463,0.0,5.099258827121409,0.0,6.791911566194257,0.0,6.858357980694524,0.0,12.513588126241647,0.0,3.4032587208753697,0.0,3.3886528453188873,0.0,0.8364140850415135,0.0,-9.133416119360332,0.0,0.9606200622712099,0.0,""
"2026-09-29 13:36:53","git-master-bddc7a050319718b5e4e0856afec0bc9ea96418f","C:\Users\marco\Desktop\ds004507\derivatives\labels\sub-008\ses-headDown\anat\sub-008_ses-headDown_T2w_seg-manual.nii.gz","873","3","",68.11150702748584,0.0,-2.4404601330120115,0.0,5.057044274210876,0.0,6.880740240436506,0.0,6.929940834568782,0.0,12.552923599118225,0.0,3.4146445904317955,0.0,3.46609565000471,0.0,0.8338062618407371,0.0,-9.390412874997525,0.0,0.960766493733727,0.0,""
"2026-09-29 13:36:53","git-master-bddc7a050319718b5e4e0856afec0bc9ea96418f","C:\Users\marco\Desktop\ds004507\derivatives\labels\sub-008\ses-headDown\anat\sub-008_ses-headDown_T2w_seg-manual.nii.gz","874","3","",68.73574927595565,0.0,-2.497670827634527,0.0,5.012217051853964,0.0,6.978506624702,0.0,7.012305289782962,0.0,12.574707750948345,0.0,3.493837032549277,0.0,3.484669592152723,0.0,0.8300621835821328,0.0,-9.119013388192542,0.0,0.9635825407667327,0.0,""
"2026-09-29 13:36:53","git-master-bddc7a050319718b5e4e0856afec0bc9ea96418f","C:\Users\marco\Desktop\ds004507\derivatives\labels\sub-008\ses-headDown\anat\sub-008_ses-headDown_T2w_seg-manual.nii.gz","875","3","",69.03890300129724,0.0,-2.5544987949326647,0.0,4.964776194426928,0.0,7.062907756322939,0.0,7.043652868560892,0.0,12.581361140145656,0.0,3.5634279380827407,0.0,3.4994798182401987,0.0,0.8285934438248801,0.0,-8.555361804451366,0.0,0.9618237738059072,0.0,""
"2026-09-29 13:36:53","git-master-bddc7a050319718b5e4e0856afec0bc9ea96418f","C:\Users\marco\Desktop\ds004507\derivatives\labels\sub-008\ses-headDown\anat\sub-008_ses-headDown_T2w_seg-manual.nii.gz","876","3","",69.26202022358056,0.0,-2.6109440264331836,0.0,4.9147206999059145,0.0,7.108045413792449,0.0,7.001952323542492,0.0,12.650017974603347,0.0,3.5939352494837804,0.0,3.5141101643086685,0.0,0.8327569928186384,0.0,-8.13955241841385,0.0,0.9546199325490095,0.0,""
"2026-09-29 13:36:53","git-master-bddc7a050319718b5e4e0856afec0bc9ea96418f","C:\Users\marco\Desktop\ds004507\derivatives\labels\sub-008\ses-headDown\anat\sub-008_ses-headDown_T2w_seg-manual.nii.gz","877","3","",69.52551353425625,0.0,-2.66700651680164,0.0,4.862049531850521,0.0,7.089445036769724,0.0,6.925848319086209,0.0,12.770440086077231,0.0,3.600296245835905,0.0,3.4891487909338186,0.0,0.840163273703488,0.0,-8.455555383058213,0.0,0.9491396967847058,0.0,""
"2026-09-29 13:36:53","git-master-bddc7a050319718b5e4e0856afec0bc9ea96418f","C:\Users\marco\Desktop\ds004507\derivatives\labels\sub-008\ses-headDown\anat\sub-008_ses-headDown_T2w_seg-manual.nii.gz","878","3","",68.33311425269889,0.0,-2.722686263790707,0.0,4.8067616214605495,0.0,6.983669594580702,0.0,6.8620022734508375,0.0,12.665431124564554,0.0,3.5210857904868074,0.0,3.462583804093894,0.0,0.8405139336134405,0.0,-10.057301411801994,0.0,0.9608121440266091,0.0,""
"2026-09-29 13:36:53","git-master-bddc7a050319718b5e4e0856afec0bc9ea96418f","C:\Users\marco\Desktop\ds004507\derivatives\labels\sub-008\ses-headDown\anat\sub-008_ses-headDown_T2w_seg-manual.nii.gz","879","3","",68.64704075632338,0.0,-2.777924385897103,0.0,4.748452874400033,0.0,6.984937115760992,0.0,6.875178330606805,0.0,12.700989135663013,0.0,3.449584710120062,0.0,3.5353524056409293,0.0,0.8408226591138026,0.0,-9.844078572087335,0.0,0.9577149932163117,0.0,""
"2026-09-29 13:36:53","git-master-bddc7a050319718b5e4e0856afec0bc9ea96418f","C:\Users\marco\Desktop\ds004507\derivatives\labels\sub-008\ses-headDown\anat\sub-008_ses-headDown_T2w_seg-manual.nii.gz","880","3","",69.23225065928234,0.0,-2.832765052535085,0.0,4.687423909023976,0.0,6.986511395600273,0.0,6.861593529686062,0.0,12.828660129593773,0.0,3.441700261325408,0.0,3.5448111342748656,0.0,0.8449138036922562,0.0,-9.58698387954813,0.0,0.959592696139711,0.0,""
"2026-09-29 13:36:53","git-master-bddc7a050319718b5e4e0856afec0bc9ea96418f","C:\Users\marco\Desktop\ds004507\derivatives\labels\sub-008\ses-headDown\anat\sub-008_ses-headDown_T2w_seg-manual.nii.gz","881","3","",69.19507685482166,0.0,-2.8872229938666374,0.0,4.623774249325604,0.0,6.989004648186328,0.0,6.880886458208989,0.0,12.76526696191577,0.0,3.460934373494145,0.0,3.5280702746921837,0.0,0.8422432312631511,0.0,-9.183624998284943,0.0,0.9618518512836536,0.0,""
"2026-09-29 13:36:53","git-master-bddc7a050319718b5e4e0856afec0bc9ea96418f","C:\Users\marco\Desktop\ds004507\derivatives\labels\sub-008\ses-headDown\anat\sub-008_ses-headDown_T2w_seg-manual.nii.gz","882","3","",68.37464920286237,0.0,-2.941298222016451,0.0,4.557502706288553,0.0,6.988986837804047,0.0,6.919393882461106,0.0,12.567603159896873,0.0,3.43775522384625,0.0,3.551231613957797,0.0,0.8346726853030394,0.0,-9.330273124095147,0.0,0.9633189038327531,0.0,""
"2026-09-29 13:36:53","git-master-bddc7a050319718b5e4e0856afec0bc9ea96418f","C:\Users\marco\Desktop\ds004507\derivatives\labels\sub-008\ses-headDown\anat\sub-008_ses-headDown_T2w_seg-manual.nii.gz","883","3","",67.13249330554946,0.0,-2.994990751851674,0.0,4.488608075181997,0.0,6.949356811132261,0.0,6.928019477390535,0.0,12.361898533514722,0.0,3.3761946209853946,0.0,3.573162190146866,0.0,0.8281881539029069,0.0,-9.3701216301702,0.0,0.9621199264850171,0.0,""
"2026-09-29 13:36:53","git-master-bddc7a050319718b5e4e0856afec0bc9ea96418f","C:\Users\marco\Desktop\ds004507\derivatives\labels\sub-008\ses-headDown\anat\sub-008_ses-headDown_T2w_seg-manual.nii.gz","884","3","",66.31227648355775,0.0,-3.0483006009324587,0.0,4.417089138375903,0.0,6.8487804589446135,0.0,6.866921600652669,0.0,12.314009323802235,0.0,3.3342315929434707,0.0,3.514548866001143,0.0,0.8298921359910194,0.0,-8.824196618697524,0.0,0.958122143839865,0.0,""
"2026-09-29 13:36:53","git-master-bddc7a050319718b5e4e0856afec0bc9ea96418f","C:\Users\marco\Desktop\ds004507\derivatives\labels\sub-008\ses-headDown\anat\sub-008_ses-headDown_T2w_seg-manual.nii.gz","885","3","",66.91817443828948,0.0,-3.101227789462736,0.0,4.342944668232191,0.0,6.753007472111022,0.0,6.757860857770371,0.0,12.60356433774977,0.0,3.3451054310508876,0.0,3.4079020410601335,0.0,0.8440982246883422,0.0,-9.504274442351702,0.0,0.9566569890840044,0.0,""
"2026-09-29 13:36:53","git-master-bddc7a050319718b5e4e0856afec0bc9ea96418f","C:\Users\marco\Desktop\ds004507\derivatives\labels\sub-008\ses-headDown\anat\sub-008_ses-headDown_T2w_seg-manual.nii.gz","886","3","",67.23297024061966,0.0,-3.1537281939643216,0.0,4.265870144335839,0.0,6.824679791690575,0.0,6.7989234058129515,0.0,12.582688037813433,0.0,3.3452618960538403,0.0,3.479417895636735,0.0,0.841445156743996,0.0,-9.316274936100944,0.0,0.9631187134372453,0.0,""
"2026-09-29 13:36:53","git-master-bddc7a050319718b5e4e0856afec0bc9ea96418f","C:\Users\marco\Desktop\ds004507\derivatives\labels\sub-008\ses-headDown\anat\sub-008_ses-headDown_T2w_seg-manual.nii.gz","887","3","",65.88486335511261,0.0,-3.2058165665482456,0.0,4.18596495356996,0.0,6.746165990741855,0.0,6.788360177130593,0.0,12.396774648073679,0.0,3.277863242843613,0.0,3.468302747898242,0.0,0.8367156749556449,0.0,-9.00622510608022,0.0,0.9717982359654628,0.0,""
"2026-09-29 13:36:53","git-master-bddc7a050319718b5e4e0856afec0bc9ea96418f","C:\Users\marco\Desktop\ds004507\derivatives\labels\sub-008\ses-headDown\anat\sub-008_ses-headDown_T2w_seg-manual.nii.gz","888","3","",65.72492633747757,0.0,-3.257522370670245,0.0,4.103429936079418,0.0,6.701282548329284,0.0,6.74746140884383,0.0,12.471119128240527,0.0,3.255806995915056,0.0,3.4454755524142278,0.0,0.8409266123687856,0.0,-8.431691578177805,0.0,0.9753136846283617,0.0,""
"2026-09-29 13:36:53","git-master-bddc7a050319718b5e4e0856afec0bc9ea96418f","C:\Users\marco\Desktop\ds004507\derivatives\labels\sub-008\ses-headDown\anat\sub-008_ses-headDown_T2w_seg-manual.nii.gz","889","3","",65.67834113703499,0.0,-3.308845638767979,0.0,4.018263868120653,0.0,6.685693110427897,0.0,6.739013515318492,0.0,12.486986650218059,0.0,3.2085962262700884,0.0,3.4770968841578083,0.0,0.841848919404785,0.0,-7.679277087427877,0.0,0.9744864864864865,0.0,""
"2026-09-29 13:36:53","git-master-bddc7a050319718b5e4e0856afec0bc9ea96418f","C:\Users\marco\Desktop\ds004507\derivatives\labels\sub-008\ses-headDown\anat\sub-008_ses-headDown_T2w_seg-manual.nii.gz","890","3","",66.403854381894,0.0,-3.3597864055951865,0.0,3.930465538331129,0.0,6.792376038408694,0.0,6.843841970453114,0.0,12.394949564839997,0.0,3.247010879064275,0.0,3.545365159344419,0.0,0.8335882219586892,0.0,-8.287377543557298,0.0,0.9712327088241591,0.0,""
"2026-09-29 13:36:53","git-master-bddc7a050319718b5e4e0856afec0bc9ea96418f","C:\Users\marco\Desktop\ds004507\derivatives\labels\sub-008\ses-headDown\anat\sub-008_ses-headDown_T2w_seg-manual.nii.gz","891","3","",68.00479343572101,0.0,-3.410344708174782,0.0,3.840033751404187,0.0,6.962006206085076,0.0,6.9938552802711005,0.0,12.356232820485639,0.0,3.3711453664712003,0.0,3.5908608396138746,0.0,0.8243657341129546,0.0,-10.034945758250178,0.0,0.9649225733585041,0.0,""
"2026-09-29 13:36:53","git-master-bddc7a050319718b5e4e0856afec0bc9ea96418f","C:\Users\marco\Desktop\ds004507\derivatives\labels\sub-008\ses-headDown\anat\sub-008_ses-headDown_T2w_seg-manual.nii.gz","892","3","",68.31003905524778,0.0,-3.460520585752192,0.0,3.746967331841951,0.0,6.880643535432044,0.0,6.949828585081328,0.0,12.4967809981908,0.0,3.288796007440773,0.0,3.591847527991271,0.0,0.8310012514172672,0.0,-9.361579337583391,0.0,0.9537846540423781,0.0,""
"2026-09-29 13:36:53","git-master-bddc7a050319718b5e4e0856afec0bc9ea96418f","C:\Users\marco\Desktop\ds004507\derivatives\labels\sub-008\ses-headDown\anat\sub-008_ses-headDown_T2w_seg-manual.nii.gz","893","3","",71.42886129300305,0.0,-3.510284670185438,0.0,3.6510622614442627,0.0,6.98849912520868,0.0,6.988682541116097,0.0,13.033877037012887,0.0,3.3261595614481023,0.0,3.662339563760578,0.0,0.8440341649323719,0.0,-8.492142805086607,0.0,0.9555547926716775,0.0,""
"2026-09-29 13:36:53","git-master-bddc7a050319718b5e4e0856afec0bc9ea96418f","C:\Users\marco\Desktop\ds004507\derivatives\labels\sub-008\ses-headDown\anat\sub-008_ses-headDown_T2w_seg-manual.nii.gz","894","3","",69.30246458028392,0.0,-3.5596223159482157,0.0,3.5522156290867035,0.0,6.905470126200822,0.0,6.927370121935376,0.0,12.741039983934666,0.0,3.332907870296813,0.0,3.572562255904008,0.0,0.8392251736441175,0.0,-8.160682623305995,0.0,0.9588907000933097,0.0,""
"2026-09-29 13:36:53","git-master-bddc7a050319718b5e4e0856afec0bc9ea96418f","C:\Users\marco\Desktop\ds004507\derivatives\labels\sub-008\ses-headDown\anat\sub-008_ses-headDown_T2w_seg-manual.nii.gz","895","3","",70.19066990222926,0.0,-3.6085776912282417,0.0,3.450730521787722,0.0,6.960929885884244,0.0,6.970718152765281,0.0,12.88037735711359,0.0,3.372456235833548,0.0,3.5884736500506964,0.0,0.8408664818302546,0.0,-8.714815586908022,0.0,0.9646669260251425,0.0,""
"2026-09-29 13:36:53","git-master-bddc7a050319718b5e4e0856afec0bc9ea96418f","C:\Users\marco\Desktop\ds004507\derivatives\labels\sub-008\ses-headDown\anat\sub-008_ses-headDown_T2w_seg-manual.nii.gz","896","3","",70.53634657189016,0.0,-3.6571508454761292,0.0,3.34660592902751,0.0,7.005912294548644,0.0,7.0138445630782735,0.0,12.906848383760831,0.0,3.3605135934010035,0.0,3.6453987011476405,0.0,0.8394282155321409,0.0,-8.163947752438066,0.0,0.9660135116819304,0.0,""
"2026-09-29 13:36:53","git-master-bddc7a050319718b5e4e0856afec0bc9ea96418f","C:\Users\marco\Desktop\ds004507\derivatives\labels\sub-008\ses-headDown\anat\sub-008_ses-headDown_T2w_seg-manual.nii.gz","897","3","",69.91704298669181,0.0,-3.7053418300548944,0.0,3.239840888380848,0.0,7.012711094312958,0.0,7.024633721032598,0.0,12.789630861211618,0.0,3.337584890583723,0.0,3.6751262037292354,0.0,0.8356515832190117,0.0,-7.307170818652885,0.0,0.965477024073388,0.0,""
"2026-09-29 13:36:53","git-master-bddc7a050319718b5e4e0856afec0bc9ea96418f","C:\Users\marco\Desktop\ds004507\derivatives\labels\sub-008\ses-headDown\anat\sub-008_ses-headDown_T2w_seg-manual.nii.gz","898","3","",69.47821195009683,0.0,-3.753150698195686,0.0,3.130434490067431,0.0,7.041516940306394,0.0,7.026691486296529,0.0,12.713445219278148,0.0,3.3699677049227694,0.0,3.6715492353836248,0.0,0.8333796079249729,0.0,-7.062309580862927,0.0,0.9645530841023038,0.0,""
"2026-09-29 13:36:53","git-master-bddc7a050319718b5e4e0856afec0bc9ea96418f","C:\Users\marco\Desktop\ds004507\derivatives\labels\sub-008\ses-headDown\anat\sub-008_ses-headDown_T2w_seg-manual.nii.gz","899","3","",69.52185658797848,0.0,-3.8005775049537536,0.0,3.0183858815805316,0.0,7.108746763512404,0.0,7.024350175179026,0.0,12.715856398299646,0.0,3.433647059608727,0.0,3.675099703903677,0.0,0.8335076392557417,0.0,-6.671519394903716,0.0,0.9589672904420696,0.0,""
"2026-09-29 13:36:53","git-master-bddc7a050319718b5e4e0856afec0bc9ea96418f","C:\Users\marco\Desktop\ds004507\derivatives\labels\sub-008\ses-headDown\anat\sub-008_ses-headDown_T2w_seg-manual.nii.gz","900","3","",69.83694211842503,0.0,-3.8476076176091247,0.0,2.9035925841543477,0.0,6.999488192109017,0.0,6.903063301250622,0.0,12.927407067777667,0.0,3.3562494680098323,0.0,3.643238724099185,0.0,0.8454755194090943,0.0,-6.1844250236181235,0.0,0.9552396534370751,0.0,""
"2026-09-29 13:36:53","git-master-bddc7a050319718b5e4e0856afec0bc9ea96418f","C:\Users\marco\Desktop\ds004507\derivatives\labels\sub-008\ses-headDown\anat\sub-008_ses-headDown_T2w_seg-manual.nii.gz","901","3","",67.43774503533042,0.0,-3.8941970435984743,0.0,2.785748639538496,0.0,6.829776407982363,0.0,6.714304607712026,0.0,12.790905140132644,0.0,3.370573483944228,0.0,3.4592029240381343,0.0,0.851146599983613,0.0,-5.901626460127517,0.0,0.9516807336802268,0.0,""
"2026-09-29 13:36:53","git-master-bddc7a050319718b5e4e0856afec0bc9ea96418f","C:\Users\marco\Desktop\ds004507\derivatives\labels\sub-008\ses-headDown\anat\sub-008_ses-headDown_T2w_seg-manual.nii.gz","902","3","",65.47197841146192,0.0,-3.9404046141896307,0.0,2.665260093311426,0.0,6.729041516576945,0.0,6.631197293214514,0.0,12.530632780755699,0.0,3.322099946912288,0.0,3.4069415696646574,0.0,0.8484540696474254,0.0,-7.0757381291199835,0.0,0.9674540897617409,0.0,""
"2026-09-29 13:36:53","git-master-bddc7a050319718b5e4e0856afec0bc9ea96418f","C:\Users\marco\Desktop\ds004507\derivatives\labels\sub-008\ses-headDown\anat\sub-008_ses-headDown_T2w_seg-manual.nii.gz","903","3","",65.02193037342595,0.0,-3.986230392727579,0.0,2.5421264566027713,0.0,6.697883597254423,0.0,6.6099937334954735,0.0,12.471013490369643,0.0,3.302267439502317,0.0,3.395616157752106,0.0,0.8479743008510926,0.0,-7.83979774359004,0.0,0.9723309727931576,0.0,""
"2026-09-29 13:36:53","git-master-bddc7a050319718b5e4e0856afec0bc9ea96418f","C:\Users\marco\Desktop\ds004507\derivatives\labels\sub-008\ses-headDown\anat\sub-008_ses-headDown_T2w_seg-manual.nii.gz","904","3","",65.48714709969204,0.0,-4.031674444089326,0.0,2.4163473320152735,0.0,6.699337076150656,0.0,6.6389403637279765,0.0,12.512114025239239,0.0,3.3118359721045407,0.0,3.387501104046116,0.0,0.8476178696060754,0.0,-8.088222214686137,0.0,0.9711712033906634,0.0,""
"2026-09-29 13:36:53","git-master-bddc7a050319718b5e4e0856afec0bc9ea96418f","C:\Users\marco\Desktop\ds004507\derivatives\labels\sub-008\ses-headDown\anat\sub-008_ses-headDown_T2w_seg-manual.nii.gz","905","3","",66.3053122932239,0.0,-4.07673683464231,0.0,2.2879224190384706,0.0,6.718404918077707,0.0,6.715159212225425,0.0,12.53530048247061,0.0,3.3127670086914867,0.0,3.4056379093862206,0.0,0.8444016731992249,0.0,-8.293257879265683,0.0,0.967993463442288,0.0,""
"2026-09-29 13:36:53","git-master-bddc7a050319718b5e4e0856afec0bc9ea96418f","C:\Users\marco\Desktop\ds004507\derivatives\labels\sub-008\ses-headDown\anat\sub-008_ses-headDown_T2w_seg-manual.nii.gz","906","3","",67.33021823845422,0.0,-4.121417632203054,0.0,2.1568515195375046,0.0,6.758550666629194,0.0,6.810561560458961,0.0,12.563518229074772,0.0,3.2911940547312466,0.0,3.4673566118979475,0.0,0.840316776422088,0.0,-8.580000025854748,0.0,0.9568206884741355,0.0,""
"2026-09-29 13:36:53","git-master-bddc7a050319718b5e4e0856afec0bc9ea96418f","C:\Users\marco\Desktop\ds004507\derivatives\labels\sub-008\ses-headDown\anat\sub-008_ses-headDown_T2w_seg-manual.nii.gz","907","3","",67.3322084319265,0.0,-4.165716905996059,0.0,2.0231345433169152,0.0,6.759225093254413,0.0,6.842975492256248,0.0,12.528777730363764,0.0,3.30464488745468,0.0,3.4545802057997324,0.0,0.8376674392248521,0.0,-8.615842504033202,0.0,0.9553176302640971,0.0,""
"2026-09-29 13:36:53","git-master-bddc7a050319718b5e4e0856afec0bc9ea96418f","C:\Users\marco\Desktop\ds004507\derivatives\labels\sub-008\ses-headDown\anat\sub-008_ses-headDown_T2w_seg-manual.nii.gz","908","2","",67.33407478148968,0.0,-4.215814811686682,0.0,1.868089088581869,0.0,6.883128962019519,0.0,6.962373920199558,0.0,12.340211115283802,0.0,3.3589818951212767,0.0,3.524147066898243,0.0,0.8256366686141058,0.0,-8.947084151430438,0.0,0.963510989800316,0.0,""
"2026-09-29 13:36:53","git-master-bddc7a050319718b5e4e0856afec0bc9ea96418f","C:\Users\marco\Desktop\ds004507\derivatives\labels\sub-008\ses-headDown\anat\sub-008_ses-headDown_T2w_seg-manual.nii.gz","909","2","",68.31262668753084,0.0,-4.258955199476785,0.0,1.7322780463505103,0.0,6.992584847049412,0.0,7.001946190156416,0.0,12.495158189100067,0.0,3.3950587767056004,0.0,3.597526070343811,0.0,0.8282355325205248,0.0,-8.85727673875662,0.0,0.9663595711630307,0.0,""
"2026-09-29 13:36:53","git-master-bddc7a050319718b5e4e0856afec0bc9ea96418f","C:\Users\marco\Desktop\ds004507\derivatives\labels\sub-008\ses-headDown\anat\sub-008_ses-headDown_T2w_seg-manual.nii.gz","910","2","",68.13251296486719,0.0,-4.30036486350602,0.0,1.5997857635986055,0.0,7.006637992318479,0.0,6.9825708481564766,0.0,12.509152332601333,0.0,3.484177593621512,0.0,3.5224603986969676,0.0,0.8297078732042732,0.0,-8.505453950122295,0.0,0.9643595510717927,0.0,""
"2026-09-29 13:36:53","git-master-bddc7a050319718b5e4e0856afec0bc9ea96418f","C:\Users\marco\Desktop\ds004507\derivatives\labels\sub-008\ses-headDown\anat\sub-008_ses-headDown_T2w_seg-manual.nii.gz","911","2","",68.82077670727378,0.0,-4.340044306035865,0.0,1.470614874390388,0.0,7.006905855694231,0.0,7.002573813581306,0.0,12.595152121496614,0.0,3.449926130281346,0.0,3.556979725412885,0.0,0.8311951608233649,0.0,-8.741799367286143,0.0,0.9568902971992155,0.0,""
"2026-09-29 13:36:53","git-master-bddc7a050319718b5e4e0856afec0bc9ea96418f","C:\Users\marco\Desktop\ds004507\derivatives\labels\sub-008\ses-headDown\anat\sub-008_ses-headDown_T2w_seg-manual.nii.gz","912","2","",68.49522146697016,0.0,-4.377994016610487,0.0,1.3447677925592023,0.0,6.933723522089043,0.0,6.963878280388774,0.0,12.61385207855177,0.0,3.4296554254075353,0.0,3.504068096681508,0.0,0.8337863117198411,0.0,-9.467877634808287,0.0,0.9558690976143314,0.0,""
"2026-09-29 13:36:53","git-master-bddc7a050319718b5e4e0856afec0bc9ea96418f","C:\Users\marco\Desktop\ds004507\derivatives\labels\sub-008\ses-headDown\anat\sub-008_ses-headDown_T2w_seg-manual.nii.gz","913","2","",68.060796568191,0.0,-4.414214471136914,0.0,1.2222467227597469,0.0,6.885203969295237,0.0,6.930214287056288,0.0,12.602220604847158,0.0,3.43444923907507,0.0,3.4507547302201673,0.0,0.8352172677389627,0.0,-9.845150276421471,0.0,0.9573586656329273,0.0,""
"2026-09-29 13:36:53","git-master-bddc7a050319718b5e4e0856afec0bc9ea96418f","C:\Users\marco\Desktop\ds004507\derivatives\labels\sub-008\ses-headDown\anat\sub-008_ses-headDown_T2w_seg-manual.nii.gz","914","2","",68.20526728538904,0.0,-4.448706131002629,0.0,1.1030536712965366,0.0,6.8849769702704515,0.0,6.9434093715744325,0.0,12.603674633830604,0.0,3.43684549535585,0.0,3.4481314749146015,0.0,0.8345675421205553,0.0,-9.997591508964327,0.0,0.9582943072898933,0.0,""
"2026-09-29 13:36:53","git-master-bddc7a050319718b5e4e0856afec0bc9ea96418f","C:\Users\marco\Desktop\ds004507\derivatives\labels\sub-008\ses-headDown\anat\sub-008_ses-headDown_T2w_seg-manual.nii.gz","915","2","",68.42190646187458,0.0,-4.481469442230494,0.0,0.9871904567244503,0.0,6.884415946317426,0.0,6.963743074476974,0.0,12.605576715996902,0.0,3.43784195141719,0.0,3.446573994900236,0.0,0.8335569540887159,0.0,-10.239286913011192,0.0,0.9595984440520086,0.0,""
"2026-09-29 13:36:53","git-master-bddc7a050319718b5e4e0856afec0bc9ea96418f","C:\Users\marco\Desktop\ds004507\derivatives\labels\sub-008\ses-headDown\anat\sub-008_ses-headDown_T2w_seg-manual.nii.gz","916","2","",68.27628387813604,0.0,-4.512504834670904,0.0,0.8746587202174645,0.0,6.9089668757805764,0.0,6.973759164049576,0.0,12.56082279675071,0.0,3.4484086944617753,0.0,3.4605581813188007,0.0,0.8316588060081144,0.0,-10.165345924618622,0.0,0.9602417970473108,0.0,""
"2026-09-29 13:36:53","git-master-bddc7a050319718b5e4e0856afec0bc9ea96418f","C:\Users\marco\Desktop\ds004507\derivatives\labels\sub-008\ses-headDown\anat\sub-008_ses-headDown_T2w_seg-manual.nii.gz","917","2","",67.73203239137577,0.0,-4.541812721231054,0.0,0.7654599357019534,0.0,7.006055230555214,0.0,7.01813090776682,0.0,12.375121554147054,0.0,3.492557859312907,0.0,3.513497371242306,0.0,0.8236375304675972,0.0,-10.062804980830881,0.0,0.9601437878461332,0.0,""
"2026-09-29 13:36:53","git-master-bddc7a050319718b5e4e0856afec0bc9ea96418f","C:\Users\marco\Desktop\ds004507\derivatives\labels\sub-008\ses-headDown\anat\sub-008_ses-headDown_T2w_seg-manual.nii.gz","918","2","",68.05673555893185,0.0,-4.569393497141215,0.0,0.6595954197511641,0.0,7.0039658578739274,0.0,7.045166502665416,0.0,12.380148816753186,0.0,3.598986191746834,0.0,3.4049796661270935,0.0,0.8222893498946805,0.0,-11.027441782744924,0.0,0.9531795946890287,0.0,""
"2026-09-29 13:36:53","git-master-bddc7a050319718b5e4e0856afec0bc9ea96418f","C:\Users\marco\Desktop\ds004507\derivatives\labels\sub-008\ses-headDown\anat\sub-008_ses-headDown_T2w_seg-manual.nii.gz","919","2","",68.38130203364383,0.0,-4.5950317539703045,0.0,0.5574834299065956,0.0,6.895098244924771,0.0,6.998357257104906,0.0,12.52343260063426,0.0,3.501084514278955,0.0,3.394013730645817,0.0,0.8292692455385896,0.0,-11.58948754908663,0.0,0.9549614631591967,0.0,""
"2026-09-29 13:36:53","git-master-bddc7a050319718b5e4e0856afec0bc9ea96418f","C:\Users\marco\Desktop\ds004507\derivatives\labels\sub-008\ses-headDown\anat\sub-008_ses-headDown_T2w_seg-manual.nii.gz","920","2","",68.4162187402572,0.0,-4.618943728498146,0.0,0.4587081494130949,0.0,6.979753990382779,0.0,7.042375404440025,0.0,12.463497662679277,0.0,3.5037710593094986,0.0,3.47598293107328,0.0,0.8250438265023102,0.0,-11.232909175749802,0.0,0.9616978071014802,0.0,""
"2026-09-29 13:36:53","git-master-bddc7a050319718b5e4e0856afec0bc9ea96418f","C:\Users\marco\Desktop\ds004507\derivatives\labels\sub-008\ses-headDown\anat\sub-008_ses-headDown_T2w_seg-manual.nii.gz","921","2","",68.92193164110107,0.0,-4.641129748567159,0.0,0.3632704229401477,0.0,7.00517059651326,0.0,7.059414702033206,0.0,12.524454494183233,0.0,3.509708224626872,0.0,3.4954623718863878,0.0,0.8260034011782079,0.0,-10.51304082579624,0.0,0.957273585946016,0.0,""
"2026-09-29 13:36:53","git-master-bddc7a050319718b5e4e0856afec0bc9ea96418f","C:\Users\marco\Desktop\ds004507\derivatives\labels\sub-008\ses-headDown\anat\sub-008_ses-headDown_T2w_seg-manual.nii.gz","922","2","",69.13784041910517,0.0,-4.661590121372591,0.0,0.271170981603045,0.0,7.078129737560008,0.0,7.0605862842129685,0.0,12.556751973166147,0.0,3.5994617179527593,0.0,3.478668019607249,0.0,0.8269373953556493,0.0,-10.232427488434912,0.0,0.9600070815165712,0.0,""
"2026-09-29 13:36:53","git-master-bddc7a050319718b5e4e0856afec0bc9ea96418f","C:\Users\marco\Desktop\ds004507\derivatives\labels\sub-008\ses-headDown\anat\sub-008_ses-headDown_T2w_seg-manual.nii.gz","923","2","",69.13614671762946,0.0,-4.680325132957903,0.0,0.18241045129896105,0.0,7.123716435061368,0.0,7.070272526774922,0.0,12.536640746394886,0.0,3.598799150366555,0.0,3.524917284694813,0.0,0.8257920247219009,0.0,-10.255647930820249,0.0,0.9632127955493742,0.0,""
"2026-09-29 13:36:53","git-master-bddc7a050319718b5e4e0856afec0bc9ea96418f","C:\Users\marco\Desktop\ds004507\derivatives\labels\sub-008\ses-headDown\anat\sub-008_ses-headDown_T2w_seg-manual.nii.gz","924","2","",69.27920686763859,0.0,-4.697335047746484,0.0,0.09698936078580783,0.0,7.12168241577211,0.0,7.077392526606662,0.0,12.55238376741653,0.0,3.542180237190419,0.0,3.579502178581691,0.0,0.8258824703319618,0.0,-10.312580828392782,0.0,0.9616705225999237,0.0,""
"2026-09-29 13:36:53","git-master-bddc7a050319718b5e4e0856afec0bc9ea96418f","C:\Users\marco\Desktop\ds004507\derivatives\labels\sub-008\ses-headDown\anat\sub-008_ses-headDown_T2w_seg-manual.nii.gz","925","2","",69.16921460666954,0.0,-4.7126201081096335,0.0,0.01490814950246027,0.0,7.122854439763735,0.0,7.075322935460914,0.0,12.538642547192824,0.0,3.5477698805344953,0.0,3.5750845592292393,0.0,0.8255348725391575,0.0,-10.263603396398532,0.0,0.9602114490818765,0.0,""
"2026-09-29 13:36:53","git-master-bddc7a050319718b5e4e0856afec0bc9ea96418f","C:\Users\marco\Desktop\ds004507\derivatives\labels\sub-008\ses-headDown\anat\sub-008_ses-headDown_T2w_seg-manual.nii.gz","926","2","",68.55259612928707,0.0,-4.726180533970745,0.0,-0.06383282487091736,0.0,7.1237868529872355,0.0,7.088582625265902,0.0,12.399155022155613,0.0,3.5533760937376675,0.0,3.570410759249568,0.0,0.8204633861492571,0.0,-9.975838474239083,0.0,0.959772143339362,0.0,""
"2026-09-29 13:36:53","git-master-bddc7a050319718b5e4e0856afec0bc9ea96418f","C:\Users\marco\Desktop\ds004507\derivatives\labels\sub-008\ses-headDown\anat\sub-008_ses-headDown_T2w_seg-manual.nii.gz","927","2","",69.2750822163977,0.0,-4.738016522445628,0.0,-0.13923327911358516,0.0,7.114051390635274,0.0,7.109644917408855,0.0,12.491468609465935,0.0,3.558394987475564,0.0,3.555656403159711,0.0,0.8221418317927459,0.0,-9.574302907245615,0.0,0.9562165592035811,0.0,""
"2026-09-29 13:36:53","git-master-bddc7a050319718b5e4e0856afec0bc9ea96418f","C:\Users\marco\Desktop\ds004507\derivatives\labels\sub-008\ses-headDown\anat\sub-008_ses-headDown_T2w_seg-manual.nii.gz","928","2","",70.57703017089743,0.0,-4.7481282475189115,0.0,-0.2112929974269965,0.0,7.007186335035034,0.0,7.0433868801577875,0.0,12.83610000095514,0.0,3.4741348703442925,0.0,3.533051464690742,0.0,0.8360081357027019,0.0,-9.385657227337168,0.0,0.9679846764263237,0.0,""
"2026-09-29 13:36:53","git-master-bddc7a050319718b5e4e0856afec0bc9ea96418f","C:\Users\marco\Desktop\ds004507\derivatives\labels\sub-008\ses-headDown\anat\sub-008_ses-headDown_T2w_seg-manual.nii.gz","929","2","",69.59876994139127,0.0,-4.756300364761717,0.0,-0.2795941994231655,0.0,7.0083994780160985,0.0,7.072288988121236,0.0,12.608292559363079,0.0,3.4713960487921027,0.0,3.5370034292239954,0.0,0.8278364051345944,0.0,-9.086065050148532,0.0,0.9624558712096171,0.0,""
"2026-09-29 13:36:53","git-master-bddc7a050319718b5e4e0856afec0bc9ea96418f","C:\Users\marco\Desktop\ds004507\derivatives\labels\sub-008\ses-headDown\anat\sub-008_ses-headDown_T2w_seg-manual.nii.gz","930","2","",69.19965141179567,0.0,-4.762748522046396,0.0,-0.3412627248540201,0.0,7.008949513931462,0.0,7.088277950924798,0.0,12.501154873398326,0.0,3.4749004580308385,0.0,3.5340490559006237,0.0,0.8237007572686154,0.0,-8.960957689901164,0.0,0.9671864428494935,0.0,""
"2026-09-29 13:36:53","git-master-bddc7a050319718b5e4e0856afec0bc9ea96418f","C:\Users\marco\Desktop\ds004507\derivatives\labels\sub-008\ses-headDown\anat\sub-008_ses-headDown_T2w_seg-manual.nii.gz","931","2","",69.37969775197955,0.0,-4.767472810310044,0.0,-0.39341849105653215,0.0,7.008102488566983,0.0,7.0867022818833165,0.0,12.530950978460814,0.0,3.478129587419767,0.0,3.529972901147216,0.0,0.8247178736543502,0.0,-9.143938373316978,0.0,0.9650652455183805,0.0,""
"2026-09-29 13:36:53","git-master-bddc7a050319718b5e4e0856afec0bc9ea96418f","C:\Users\marco\Desktop\ds004507\derivatives\labels\sub-008\ses-headDown\anat\sub-008_ses-headDown_T2w_seg-manual.nii.gz","932","2","",70.35603763756603,0.0,-4.770473296344763,0.0,-0.43565027863348,0.0,7.006632071790767,0.0,7.118023071980531,0.0,12.65072137114952,0.0,3.480478488418097,0.0,3.52615358337267,0.0,0.8266822231308505,0.0,-9.64637654499328,0.0,0.9665402681797138,0.0,""
"2026-09-29 13:36:53","git-master-bddc7a050319718b5e4e0856afec0bc9ea96418f","C:\Users\marco\Desktop\ds004507\derivatives\labels\sub-008\ses-headDown\anat\sub-008_ses-headDown_T2w_seg-manual.nii.gz","933","2","",70.57271235543139,0.0,-4.771750022698554,0.0,-0.46795834361431493,0.0,6.945082830524656,0.0,7.114248532530381,0.0,12.706399258687238,0.0,3.472652996687162,0.0,3.472429833837494,0.0,0.8285621657834723,0.0,-10.112264375616405,0.0,0.966036547108648,0.0,""
"2026-09-29 13:36:53","git-master-bddc7a050319718b5e4e0856afec0bc9ea96418f","C:\Users\marco\Desktop\ds004507\derivatives\labels\sub-008\ses-headDown\anat\sub-008_ses-headDown_T2w_seg-manual.nii.gz","934","2","",70.21046741511041,0.0,-4.771303007612036,0.0,-0.49034291582114264,0.0,6.884551194857135,0.0,7.077415188566668,0.0,12.718984226785832,0.0,3.4410934679243312,0.0,3.443457726932804,0.0,0.8308768420356794,0.0,-10.27312031267163,0.0,0.9589759578845904,0.0,""
"2026-09-29 13:36:53","git-master-bddc7a050319718b5e4e0856afec0bc9ea96418f","C:\Users\marco\Desktop\ds004507\derivatives\labels\sub-008\ses-headDown\anat\sub-008_ses-headDown_T2w_seg-manual.nii.gz","935","2","",69.77602182418418,0.0,-4.769132244990966,0.0,-0.5028041740199438,0.0,6.885020706474797,0.0,7.051614794003954,0.0,12.681839888222362,0.0,3.435502739112765,0.0,3.4495179673620324,0.0,0.8311233205994332,0.0,-10.225674578482016,0.0,0.9547766232347371,0.0,""
"2026-09-29 13:36:53","git-master-bddc7a050319718b5e4e0856afec0bc9ea96418f","C:\Users\marco\Desktop\ds004507\derivatives\labels\sub-008\ses-headDown\anat\sub-008_ses-headDown_T2w_seg-manual.nii.gz","936","2","",68.8355671647272,0.0,-4.7652377044145675,0.0,-0.5053422280494261,0.0,6.8854042953873265,0.0,7.0289489994272785,0.0,12.530815443606931,0.0,3.5051546462911243,0.0,3.3802496490962026,0.0,0.8278576720284349,0.0,-10.108933983867429,0.0,0.9615244110983272,0.0,""
"2026-09-29 13:36:53","git-master-bddc7a050319718b5e4e0856afec0bc9ea96418f","C:\Users\marco\Desktop\ds004507\derivatives\labels\sub-008\ses-headDown\anat\sub-008_ses-headDown_T2w_seg-manual.nii.gz","937","2","",69.1980717315046,0.0,-4.75961933117966,0.0,-0.4979571079261765,0.0,6.899276093312303,0.0,7.028819059416727,0.0,12.600156856544011,0.0,3.5298417907809907,0.0,3.3694343025313134,0.0,0.8299463187511571,0.0,-9.611372803798266,0.0,0.9634030995899326,0.0,""
"2026-09-29 13:36:53","git-master-bddc7a050319718b5e4e0856afec0bc9ea96418f","C:\Users\marco\Desktop\ds004507\derivatives\labels\sub-008\ses-headDown\anat\sub-008_ses-headDown_T2w_seg-manual.nii.gz","938","2","",69.85035226083487,0.0,-4.75227704638061,0.0,-0.4806487599250661,0.0,7.010818660071172,0.0,7.039125418594935,0.0,12.719071517619932,0.0,3.650087348057251,0.0,3.3607313120139213,0.0,0.8328951877053369,0.0,-8.993432754125994,0.0,0.9624432521667354,0.0,""
"2026-09-29 13:36:53","git-master-bddc7a050319718b5e4e0856afec0bc9ea96418f","C:\Users\marco\Desktop\ds004507\derivatives\labels\sub-008\ses-headDown\anat\sub-008_ses-headDown_T2w_seg-manual.nii.gz","939","1","",69.85171608263735,0.0,-4.741963909893968,0.0,-0.44901302057678605,0.0,7.0108485269204355,0.0,7.038628557443044,0.0,12.722187380333672,0.0,3.6504306302519667,0.0,3.360417896668469,0.0,0.83301117617379,0.0,-8.994954446315319,0.0,0.9625808226716192,0.0,""
"2026-09-29 13:36:53","git-master-bddc7a050319718b5e4e0856afec0bc9ea96418f","C:\Users\marco\Desktop\ds004507\derivatives\labels\sub-008\ses-headDown\anat\sub-008_ses-headDown_T2w_seg-manual.nii.gz","940","1","",68.84000447749263,0.0,-4.730326763336783,0.0,-0.4079087493733682,0.0,7.007029929704609,0.0,7.072730761516433,0.0,12.489622575527862,0.0,3.555992129329755,0.0,3.451037800374854,0.0,0.8241843513501731,0.0,-9.143469806319446,0.0,0.962349138178108,0.0,""
"2026-09-29 13:36:53","git-master-bddc7a050319718b5e4e0856afec0bc9ea96418f","C:\Users\marco\Desktop\ds004507\derivatives\labels\sub-008\ses-headDown\anat\sub-008_ses-headDown_T2w_seg-manual.nii.gz","941","1","",69.08302789516546,0.0,-4.716821545636293,0.0,-0.35605354807378864,0.0,7.003085994005879,0.0,7.053535284234031,0.0,12.569872036665492,0.0,3.548057945536822,0.0,3.455028048469056,0.0,0.8277068047672722,0.0,-10.575284271221843,0.0,0.9564087431438544,0.0,""
"2026-09-29 13:36:53","git-master-bddc7a050319718b5e4e0856afec0bc9ea96418f","C:\Users\marco\Desktop\ds004507\derivatives\labels\sub-008\ses-headDown\anat\sub-008_ses-headDown_T2w_seg-manual.nii.gz","942","1","",69.42276342439592,0.0,-4.70144804024806,0.0,-0.29344712496045244,0.0,7.004246780247447,0.0,7.06135340212963,0.0,12.610800226409486,0.0,3.5772479690572534,0.0,3.4269988111901935,0.0,0.8285297297686735,0.0,-10.374575401850397,0.0,0.9496018590129696,0.0,""
"2026-09-29 13:36:53","git-master-bddc7a050319718b5e4e0856afec0bc9ea96418f","C:\Users\marco\Desktop\ds004507\derivatives\labels\sub-008\ses-headDown\anat\sub-008_ses-headDown_T2w_seg-manual.nii.gz","943","1","",70.02845112824873,0.0,-4.684206002619656,0.0,-0.22008924906874908,0.0,7.002679923672708,0.0,7.068624409283889,0.0,12.708006215975285,0.0,3.574190612212722,0.0,3.4284893114599853,0.0,0.8310152488482974,0.0,-10.657731502102829,0.0,0.9578468640600553,0.0,""
"2026-09-29 13:36:53","git-master-bddc7a050319718b5e4e0856afec0bc9ea96418f","C:\Users\marco\Desktop\ds004507\derivatives\labels\sub-008\ses-headDown\anat\sub-008_ses-headDown_T2w_seg-manual.nii.gz","944","1","",69.74127663776518,0.0,-4.6650951606565165,0.0,-0.13597981474110024,0.0,7.003324927638589,0.0,7.067573569588449,0.0,12.668512603831754,0.0,3.5726079722411126,0.0,3.430716955397477,0.0,0.8299086721585519,0.0,-10.277842729764616,0.0,0.9585791013732543,0.0,""
"2026-09-29 13:36:53","git-master-bddc7a050319718b5e4e0856afec0bc9ea96418f","C:\Users\marco\Desktop\ds004507\derivatives\labels\sub-008\ses-headDown\anat\sub-008_ses-headDown_T2w_seg-manual.nii.gz","945","1","",68.87027399224331,0.0,-4.644115215241983,0.0,-0.04111891665158629,0.0,7.074227107341403,0.0,7.0788370631015445,0.0,12.48837772971476,0.0,3.59021658705133,0.0,3.484010520290073,0.0,0.823758743570673,0.0,-10.297069780711647,0.0,0.9603028388979585,0.0,""
"2026-09-29 13:36:53","git-master-bddc7a050319718b5e4e0856afec0bc9ea96418f","C:\Users\marco\Desktop\ds004507\derivatives\labels\sub-008\ses-headDown\anat\sub-008_ses-headDown_T2w_seg-manual.nii.gz","946","1","",69.59178529055686,0.0,-4.621265840811635,0.0,0.06449306470511755,0.0,7.113737466758446,0.0,7.089324180076176,0.0,12.612993043502085,0.0,3.639219241995229,0.0,3.4745182247632167,0.0,0.8269195482894781,0.0,-11.304565398401635,0.0,0.9627957525810902,0.0,""
"2026-09-29 13:36:53","git-master-bddc7a050319718b5e4e0856afec0bc9ea96418f","C:\Users\marco\Desktop\ds004507\derivatives\labels\sub-008\ses-headDown\anat\sub-008_ses-headDown_T2w_seg-manual.nii.gz","947","1","",70.25388038240723,0.0,-4.596546685982036,0.0,0.1808553670727277,0.0,7.112650249568472,0.0,7.1031356727981745,0.0,12.72115450270158,0.0,3.637872370448917,0.0,3.4747778791195545,0.0,0.8295449378867653,0.0,-11.907048592746662,0.0,0.9626144832005689,0.0,""
"2026-09-29 13:36:53","git-master-bddc7a050319718b5e4e0856afec0bc9ea96418f","C:\Users\marco\Desktop\ds004507\derivatives\labels\sub-008\ses-headDown\anat\sub-008_ses-headDown_T2w_seg-manual.nii.gz","948","1","",70.15925544242705,0.0,-4.569957374234011,0.0,0.3079667400603106,0.0,7.138749302301488,0.0,7.134351863561578,0.0,12.639588171952271,0.0,3.6472204845617964,0.0,3.4915288177396913,0.0,0.8254709250617007,0.0,-11.09118837874485,0.0,0.9621903617084181,0.0,""
"2026-09-29 13:36:53","git-master-bddc7a050319718b5e4e0856afec0bc9ea96418f","C:\Users\marco\Desktop\ds004507\derivatives\labels\sub-008\ses-headDown\anat\sub-008_ses-headDown_T2w_seg-manual.nii.gz","949","1","",70.47495029275716,0.0,-4.541497504650607,0.0,0.445825328367154,0.0,7.153542448138415,0.0,7.16429038421575,0.0,12.63481274441871,0.0,3.692014805783177,0.0,3.461527642355238,0.0,0.8236896997872439,0.0,-9.822637075427773,0.0,0.9617621384432502,0.0,""
"2026-09-29 13:36:53","git-master-bddc7a050319718b5e4e0856afec0bc9ea96418f","C:\Users\marco\Desktop\ds004507\derivatives\labels\sub-008\ses-headDown\anat\sub-008_ses-headDown_T2w_seg-manual.nii.gz","950","1","",70.61281524822391,0.0,-4.511166652709831,0.0,0.594428544647651,0.0,7.1861950801339205,0.0,7.201630680135016,0.0,12.594454428037368,0.0,3.6640298810298417,0.0,3.522165199104079,0.0,0.8203831551734032,0.0,-9.408607640799758,0.0,0.9564077530849838,0.0,""
"2026-09-29 13:36:53","git-master-bddc7a050319718b5e4e0856afec0bc9ea96418f","C:\Users\marco\Desktop\ds004507\derivatives\labels\sub-008\ses-headDown\anat\sub-008_ses-headDown_T2w_seg-manual.nii.gz","951","1","",71.43595149842878,0.0,-4.476333944899499,0.0,0.754012353597877,0.0,7.335852375714812,0.0,7.25007739909948,0.0,12.659277692589749,0.0,3.7231219243204365,0.0,3.6127304513943757,0.0,0.8196911053498056,0.0,-9.860071646528244,0.0,0.9448139008197841,0.0,""
"2026-09-29 13:36:53","git-master-bddc7a050319718b5e4e0856afec0bc9ea96418f","C:\Users\marco\Desktop\ds004507\derivatives\labels\sub-008\ses-headDown\anat\sub-008_ses-headDown_T2w_seg-manual.nii.gz","952","1","",70.66986853503013,0.0,-4.426476109475202,0.0,0.9255298919238633,0.0,7.223877283123716,0.0,7.113208523994015,0.0,12.76596102320029,0.0,3.6420080325136235,0.0,3.5818692506100933,0.0,0.8303707617391398,0.0,-10.824364006523043,0.0,0.9437340030077437,0.0,""
"2026-09-29 13:36:53","git-master-bddc7a050319718b5e4e0856afec0bc9ea96418f","C:\Users\marco\Desktop\ds004507\derivatives\labels\sub-008\ses-headDown\anat\sub-008_ses-headDown_T2w_seg-manual.nii.gz","953","1","",71.32682360913246,0.0,-4.351940598641443,0.0,1.1098528940202497,0.0,7.123013082360147,0.0,7.11258010383994,0.0,12.8615844061767,0.0,3.6572552792749686,0.0,3.4657578030851783,0.0,0.8331699442115535,0.0,-10.54560564567609,0.0,0.9580771754976585,0.0,""
"2026-09-29 13:36:53","git-master-bddc7a050319718b5e4e0856afec0bc9ea96418f","C:\Users\marco\Desktop\ds004507\derivatives\labels\sub-008\ses-headDown\anat\sub-008_ses-headDown_T2w_seg-manual.nii.gz","954","1","",71.33102961863759,0.0,-4.252713410367751,0.0,1.3069733983431964,0.0,7.123253495743714,0.0,7.152511116370033,0.0,12.77775763382271,0.0,3.653762142665924,0.0,3.4694913530777898,0.0,0.8286530076053288,0.0,-10.261674317665276,0.0,0.960354791022712,0.0,""
"2026-09-29 13:36:53","git-master-bddc7a050319718b5e4e0856afec0bc9ea96418f","C:\Users\marco\Desktop\ds004507\derivatives\labels\sub-008\ses-headDown\anat\sub-008_ses-headDown_T2w_seg-manual.nii.gz","955","1","",72.32067348177429,0.0,-4.1268736537319,0.0,1.5178640356195605,0.0,7.139003771126237,0.0,7.218866321549726,0.0,12.82660757164471,0.0,3.67969703178301,0.0,3.4593067393432277,0.0,0.8265903461398557,0.0,-9.079379526087159,0.0,0.9457687533301631,0.0,""
"2026-09-29 13:36:53","git-master-bddc7a050319718b5e4e0856afec0bc9ea96418f","C:\Users\marco\Desktop\ds004507\derivatives\labels\sub-008\ses-headDown\anat\sub-008_ses-headDown_T2w_seg-manual.nii.gz","956","1","",72.08275852662541,0.0,-3.9762980831003523,0.0,1.7415275881101797,0.0,7.214980348204488,0.0,7.275756145187813,0.0,12.681719153509585,0.0,3.748515532010304,0.0,3.466464816194184,0.0,0.8190220097232572,0.0,-9.234398848285009,0.0,0.9520964963555469,0.0,""
"2026-09-29 13:36:53","git-master-bddc7a050319718b5e4e0856afec0bc9ea96418f","C:\Users\marco\Desktop\ds004507\derivatives\labels\sub-008\ses-headDown\anat\sub-008_ses-headDown_T2w_seg-manual.nii.gz","957","1","",72.64444856892705,0.0,-3.800961373525241,0.0,1.9779486328092417,0.0,7.299856754600868,0.0,7.242431331205888,0.0,12.744123186812729,0.0,3.744025616696262,0.0,3.5558311379046055,0.0,0.8228048746454139,0.0,-8.931086891768496,0.0,0.9676476683187433,0.0,""
"2026-09-29 13:36:53","git-master-bddc7a050319718b5e4e0856afec0bc9ea96418f","C:\Users\marco\Desktop\ds004507\derivatives\labels\sub-008\ses-headDown\anat\sub-008_ses-headDown_T2w_seg-manual.nii.gz","958","1","",72.53447330266295,0.0,-3.600836298331925,0.0,2.2271088029799957,0.0,7.3269378584067075,0.0,7.2341331082745635,0.0,12.711795181039438,0.0,3.659313181204634,0.0,3.6676246772020735,0.0,0.8222716167735997,0.0,-9.692803745334663,0.0,0.969022089069651,0.0,""
"2026-09-29 13:36:53","git-master-bddc7a050319718b5e4e0856afec0bc9ea96418f","C:\Users\marco\Desktop\ds004507\derivatives\labels\sub-008\ses-headDown\anat\sub-008_ses-headDown_T2w_seg-manual.nii.gz","959","1","",72.19999867065138,0.0,-3.3758946776703787,0.0,2.4889864579027545,0.0,7.322824698497051,0.0,7.262354455456753,0.0,12.610817438395648,0.0,3.6187856443742024,0.0,3.7040390541228487,0.0,0.8175030071197742,0.0,-9.504634601800136,0.0,0.9663749046152271,0.0,""
"2026-09-29 13:36:53","git-master-bddc7a050319718b5e4e0856afec0bc9ea96418f","C:\Users\marco\Desktop\ds004507\derivatives\labels\sub-008\ses-headDown\anat\sub-008_ses-headDown_T2w_seg-manual.nii.gz","960","1","",72.93125990268366,0.0,-3.1261084592308985,0.0,2.763556338240097,0.0,7.359653027358302,0.0,7.366371209868181,0.0,12.615109562070387,0.0,3.600534321709576,0.0,3.759118705648726,0.0,0.8117949357226114,0.0,-9.201409121103277,0.0,0.9593836939456571,0.0,""
"2026-09-29 13:36:53","git-master-bddc7a050319718b5e4e0856afec0bc9ea96418f","C:\Users\marco\Desktop\ds004507\derivatives\labels\sub-008\ses-headDown\anat\sub-008_ses-headDown_T2w_seg-manual.nii.gz","961","1","",73.86810012115578,0.0,-2.851450932345025,0.0,3.050789207775003,0.0,7.581763266358767,0.0,7.540733757098264,0.0,12.561356190542973,0.0,3.718489604851344,0.0,3.863273661507422,0.0,0.7995623190534841,0.0,-9.961183371405383,0.0,0.9497338454452081,0.0,""
"2026-09-29 13:36:53","git-master-bddc7a050319718b5e4e0856afec0bc9ea96418f","C:\Users\marco\Desktop\ds004507\derivatives\labels\sub-008\ses-headDown\anat\sub-008_ses-headDown_T2w_seg-manual.nii.gz","962","1","",74.70926552857446,0.0,-2.551898076387043,0.0,3.350651482388521,0.0,7.672676968849056,0.0,7.56729232813331,0.0,12.633033000768187,0.0,3.7781542439624753,0.0,3.894522724886581,0.0,0.8004402701204111,0.0,-10.550175266407933,0.0,0.9482307697272211,0.0,""
"2026-09-29 13:36:53","git-master-bddc7a050319718b5e4e0856afec0bc9ea96418f","C:\Users\marco\Desktop\ds004507\derivatives\labels\sub-008\ses-headDown\anat\sub-008_ses-headDown_T2w_seg-manual.nii.gz","963","1","",75.44137407894041,0.0,-2.227430043941745,0.0,3.6631048472625873,0.0,7.580809488035632,0.0,7.514289628321832,0.0,12.76559482343464,0.0,3.7070538673287596,0.0,3.8737556207068717,0.0,0.80836480343329,0.0,-10.308275490493072,0.0,0.9567809248911177,0.0,""
"2026-09-29 13:36:53","git-master-bddc7a050319718b5e4e0856afec0bc9ea96418f","C:\Users\marco\Desktop\ds004507\derivatives\labels\sub-008\ses-headDown\anat\sub-008_ses-headDown_T2w_seg-manual.nii.gz","964","1","",75.64629111557994,0.0,-1.8780327785950253,0.0,3.9881058634204125,0.0,7.618702886762107,0.0,7.6019232101970955,0.0,12.647082161251248,0.0,3.742891414326009,0.0,3.8758114724360984,0.0,0.799048697845542,0.0,-10.139256362185888,0.0,0.9657582943736356,0.0,""
"2026-09-29 13:36:53","git-master-bddc7a050319718b5e4e0856afec0bc9ea96418f","C:\Users\marco\Desktop\ds004507\derivatives\labels\sub-008\ses-headDown\anat\sub-008_ses-headDown_T2w_seg-manual.nii.gz","965","1","",75.91772822534836,0.0,-1.503699766420628,0.0,4.325605564851046,0.0,7.696485494498711,0.0,7.714198956330965,0.0,12.492692029197872,0.0,3.838920328005885,0.0,3.857565166492826,0.0,0.786535042992524,0.0,-9.810437999684652,0.0,0.970484233154431,0.0,""
"2026-09-29 13:36:53","git-master-bddc7a050319718b5e4e0856afec0bc9ea96418f","C:\Users\marco\Desktop\ds004507\derivatives\labels\sub-008\ses-headDown\anat\sub-008_ses-headDown_T2w_seg-manual.nii.gz","966","1","",76.89964284642387,0.0,-1.1044339192651098,0.0,4.675549047605651,0.0,7.748120063488663,0.0,7.8388992986796575,0.0,12.428086403423272,0.0,3.8396147010998987,0.0,3.9085053623887647,0.0,0.7758851080867579,0.0,-8.982282594529634,0.0,0.9702657098638153,0.0,""
"2026-09-29 13:36:53","git-master-bddc7a050319718b5e4e0856afec0bc9ea96418f","C:\Users\marco\Desktop\ds004507\derivatives\labels\sub-008\ses-headDown\anat\sub-008_ses-headDown_T2w_seg-manual.nii.gz","967","1","",77.90300323795176,0.0,-0.6802495867610018,0.0,5.037875052400063,0.0,7.964680792771158,0.0,8.040185647785531,0.0,12.338156326658561,0.0,4.003489119643023,0.0,3.9611916731281354,0.0,0.7584273600302526,0.0,-9.425247814593385,0.0,0.9616932726970537,0.0,""
"2026-09-29 13:36:53","git-master-bddc7a050319718b5e4e0856afec0bc9ea96418f","C:\Users\marco\Desktop\ds004507\derivatives\labels\sub-008\ses-headDown\anat\sub-008_ses-headDown_T2w_seg-manual.nii.gz","968","1","",79.16152330491289,0.0,-0.2311746926144998,0.0,5.41251554241038,0.0,8.042913945562526,0.0,8.21918760326282,0.0,12.236199057660274,0.0,4.038436357441703,0.0,4.0044775881208245,0.0,0.7408104932820543,0.0,-9.05098302496187,0.0,0.9669973149455049,0.0,""
"2026-09-29 13:36:53","git-master-bddc7a050319718b5e4e0856afec0bc9ea96418f","C:\Users\marco\Desktop\ds004507\derivatives\labels\sub-008\ses-headDown\anat\sub-008_ses-headDown_T2w_seg-manual.nii.gz","969","1","",79.78266576651617,0.0,0.24274701089005765,0.0,5.799395278104627,0.0,8.154430906105588,0.0,8.29296590812629,0.0,12.23929597146718,0.0,4.093157367454039,0.0,4.06127353865155,0.0,0.7354593326926908,0.0,-8.585684890891908,0.0,0.969390243902439,0.0,""
"2026-09-29 13:36:53","git-master-bddc7a050319718b5e4e0856afec0bc9ea96418f","C:\Users\marco\Desktop\ds004507\derivatives\labels\sub-008\ses-headDown\anat\sub-008_ses-headDown_T2w_seg-manual.nii.gz","970","1","","","","","","","","","","","","","","","","","","","","","","","",""
"2026-09-29 13:36:53","git-master-bddc7a050319718b5e4e0856afec0bc9ea96418f","C:\Users\marco\Desktop\ds004507\derivatives\labels\sub-008\ses-headDown\anat\sub-008_ses-headDown_T2w_seg-manual.nii.gz","971","1","","","","","","","","","","","","","","","","","","","","","","","",""
"2026-09-29 13:36:53","git-master-bddc7a050319718b5e4e0856afec0bc9ea96418f","C:\Users\marco\Desktop\ds004507\derivatives\labels\sub-008\ses-headDown\anat\sub-008_ses-headDown_T2w_seg-manual.nii.gz","972","1","","","","","","","","","","","","","","","","","","","","","","","",""
"2026-09-29 13:36:53","git-master-bddc7a050319718b5e4e0856afec0bc9ea96418f","C:\Users\marco\Desktop\ds004507\derivatives\labels\sub-008\ses-headDown\anat\sub-008_ses-headDown_T2w_seg-manual.nii.gz","973","1","","","","","","","","","","","","","","","","","","","","","","","",""
"2026-09-29 13:36:53","git-master-bddc7a050319718b5e4e0856afec0bc9ea96418f","C:\Users\marco\Desktop\ds004507\derivatives\labels\sub-008\ses-headDown\anat\sub-008_ses-headDown_T2w_seg-manual.nii.gz","974","1","","","","","","","","","","","","","","","","","","","","","","","",""
"2026-09-29 13:36:53","git-master-bddc7a050319718b5e4e0856afec0bc9ea96418f","C:\Users\marco\Desktop\ds004507\derivatives\labels\sub-008\ses-headDown\anat\sub-008_ses-headDown_T2w_seg-manual.nii.gz","975","1","","","","","","","","","","","","","","","","","","","","","","","",""
"2026-09-29 13:36:53","git-master-bddc7a050319718b5e4e0856afec0bc9ea96418f","C:\Users\marco\Desktop\ds004507\derivatives\labels\sub-008\ses-headDown\anat\sub-008_ses-headDown_T2w_seg-manual.nii.gz","976","1","","","","","","","","","","","","","","","","","","","","","","","",""
"2026-09-29 13:36:53","git-master-bddc7a050319718b5e4e0856afec0bc9ea96418f","C:\Users\marco\Desktop\ds004507\derivatives\labels\sub-008\ses-headDown\anat\sub-008_ses-headDown_T2w_seg-manual.nii.gz","977","1","","","","","","","","","","","","","","","","","","","","","","","",""
"2026-09-29 13:36:53","git-master-bddc7a050319718b5e4e0856afec0bc9ea96418f","C:\Users\marco\Desktop\ds004507\derivatives\labels\sub-008\ses-headDown\anat\sub-008_ses-headDown_T2w_seg-manual.nii.gz","978","1","","","","","","","","","","","","","","","","","","","","","","","",""
"2026-09-29 13:36:53","git-master-bddc7a050319718b5e4e0856afec0bc9ea96418f","C:\Users\marco\Desktop\ds004507\derivatives\labels\sub-008\ses-headDown\anat\sub-008_ses-headDown_T2w_seg-manual.nii.gz","979","1","","","","","","","","","","","","","","","","","","","","","","","",""
"2026-09-29 13:36:53","git-master-bddc7a050319718b5e4e0856afec0bc9ea96418f","C:\Users\marco\Desktop\ds004507\derivatives\labels\sub-008\ses-headDown\anat\sub-008_ses-headDown_T2w_seg-manual.nii.gz","980","1","","","","","","","","","","","","","","","","","","","","","","","",""
"2026-09-29 13:36:53","git-master-bddc7a050319718b5e4e0856afec0bc9ea96418f","C:\Users\marco\Desktop\ds004507\derivatives\labels\sub-008\ses-headDown\anat\sub-008_ses-headDown_T2w_seg-manual.nii.gz","981","1","","","","","","","","","","","","","","","","","","","","","","","",""
"2026-09-29 13:36:53","git-master-bddc7a050319718b5e4e0856afec0bc9ea96418f","C:\Users\marco\Desktop\ds004507\derivatives\labels\sub-008\ses-headDown\anat\sub-008_ses-headDown_T2w_seg-manual.nii.gz","982","1","","","","","","","","","","","","","","","","","","","","","","","",""
"2026-09-29 13:36:53","git-master-bddc7a050319718b5e4e0856afec0bc9ea96418f","C:\Users\marco\Desktop\ds004507\derivatives\labels\sub-008\ses-headDown\anat\sub-008_ses-headDown_T2w_seg-manual.nii.gz","983","1","","","","","","","","","","","","","","","","","","","","","","","",""
"2026-09-29 13:36:53","git-master-bddc7a050319718b5e4e0856afec0bc9ea96418f","C:\Users\marco\Desktop\ds004507\derivatives\labels\sub-008\ses-headDown\anat\sub-008_ses-headDown_T2w_seg-manual.nii.gz","984","1","","","","","","","","","","","","","","","","","","","","","","","",""
