Timestamp,SCT Version,Filename,Slice (I->S),VertLevel,DistancePMJ,MEAN(area),STD(area),MEAN(angle_AP),STD(angle_AP),MEAN(angle_RL),STD(angle_RL),MEAN(diameter_AP),STD(diameter_AP),MEAN(diameter_AP_ellipse),STD(diameter_AP_ellipse),MEAN(diameter_RL),STD(diameter_RL),MEAN(length_anterior),STD(length_anterior),MEAN(length_posterior),STD(length_posterior),MEAN(eccentricity),STD(eccentricity),MEAN(orientation),STD(orientation),MEAN(solidity),STD(solidity),SUM(length)
"2026-09-29 13:40:29","git-master-bddc7a050319718b5e4e0856afec0bc9ea96418f","C:\Users\marco\Desktop\ds004507\derivatives\labels\sub-011\ses-headNormal\anat\sub-011_ses-headNormal_T2w_seg-manual.nii.gz","601","10","","","","","","","","","","","","","","","","","","","","","","","",""
"2026-09-29 13:40:29","git-master-bddc7a050319718b5e4e0856afec0bc9ea96418f","C:\Users\marco\Desktop\ds004507\derivatives\labels\sub-011\ses-headNormal\anat\sub-011_ses-headNormal_T2w_seg-manual.nii.gz","602","10","","","","","","","","","","","","","","","","","","","","","","","",""
"2026-09-29 13:40:29","git-master-bddc7a050319718b5e4e0856afec0bc9ea96418f","C:\Users\marco\Desktop\ds004507\derivatives\labels\sub-011\ses-headNormal\anat\sub-011_ses-headNormal_T2w_seg-manual.nii.gz","603","10","","","","","","","","","","","","","","","","","","","","","","","",""
"2026-09-29 13:40:29","git-master-bddc7a050319718b5e4e0856afec0bc9ea96418f","C:\Users\marco\Desktop\ds004507\derivatives\labels\sub-011\ses-headNormal\anat\sub-011_ses-headNormal_T2w_seg-manual.nii.gz","604","10","","","","","","","","","","","","","","","","","","","","","","","",""
"2026-09-29 13:40:29","git-master-bddc7a050319718b5e4e0856afec0bc9ea96418f","C:\Users\marco\Desktop\ds004507\derivatives\labels\sub-011\ses-headNormal\anat\sub-011_ses-headNormal_T2w_seg-manual.nii.gz","605","10","","","","","","","","","","","","","","","","","","","","","","","",""
"2026-09-29 13:40:29","git-master-bddc7a050319718b5e4e0856afec0bc9ea96418f","C:\Users\marco\Desktop\ds004507\derivatives\labels\sub-011\ses-headNormal\anat\sub-011_ses-headNormal_T2w_seg-manual.nii.gz","606","10","","","","","","","","","","","","","","","","","","","","","","","",""
"2026-09-29 13:40:29","git-master-bddc7a050319718b5e4e0856afec0bc9ea96418f","C:\Users\marco\Desktop\ds004507\derivatives\labels\sub-011\ses-headNormal\anat\sub-011_ses-headNormal_T2w_seg-manual.nii.gz","607","10","","","","","","","","","","","","","","","","","","","","","","","",""
"2026-09-29 13:40:29","git-master-bddc7a050319718b5e4e0856afec0bc9ea96418f","C:\Users\marco\Desktop\ds004507\derivatives\labels\sub-011\ses-headNormal\anat\sub-011_ses-headNormal_T2w_seg-manual.nii.gz","608","10","","","","","","","","","","","","","","","","","","","","","","","",""
"2026-09-29 13:40:29","git-master-bddc7a050319718b5e4e0856afec0bc9ea96418f","C:\Users\marco\Desktop\ds004507\derivatives\labels\sub-011\ses-headNormal\anat\sub-011_ses-headNormal_T2w_seg-manual.nii.gz","609","10","","","","","","","","","","","","","","","","","","","","","","","",""
"2026-09-29 13:40:29","git-master-bddc7a050319718b5e4e0856afec0bc9ea96418f","C:\Users\marco\Desktop\ds004507\derivatives\labels\sub-011\ses-headNormal\anat\sub-011_ses-headNormal_T2w_seg-manual.nii.gz","610","10","","","","","","","","","","","","","","","","","","","","","","","",""
"2026-09-29 13:40:29","git-master-bddc7a050319718b5e4e0856afec0bc9ea96418f","C:\Users\marco\Desktop\ds004507\derivatives\labels\sub-011\ses-headNormal\anat\sub-011_ses-headNormal_T2w_seg-manual.nii.gz","611","10","","","","","","","","","","","","","","","","","","","","","","","",""
"2026-09-29 13:40:29","git-master-bddc7a050319718b5e4e0856afec0bc9ea96418f","C:\Users\marco\Desktop\ds004507\derivatives\labels\sub-011\ses-headNormal\anat\sub-011_ses-headNormal_T2w_seg-manual.nii.gz","612","10","","","","","","","","","","","","","","","","","","","","","","","",""
"2026-09-29 13:40:29","git-master-bddc7a050319718b5e4e0856afec0bc9ea96418f","C:\Users\marco\Desktop\ds004507\derivatives\labels\sub-011\ses-headNormal\anat\sub-011_ses-headNormal_T2w_seg-manual.nii.gz","613","10","","","","","","","","","","","","","","","","","","","","","","","",""
"2026-09-29 13:40:29","git-master-bddc7a050319718b5e4e0856afec0bc9ea96418f","C:\Users\marco\Desktop\ds004507\derivatives\labels\sub-011\ses-headNormal\anat\sub-011_ses-headNormal_T2w_seg-manual.nii.gz","614","10","","","","","","","","","","","","","","","","","","","","","","","",""
"2026-09-29 13:40:29","git-master-bddc7a050319718b5e4e0856afec0bc9ea96418f","C:\Users\marco\Desktop\ds004507\derivatives\labels\sub-011\ses-headNormal\anat\sub-011_ses-headNormal_T2w_seg-manual.nii.gz","615","10","","","","","","","","","","","","","","","","","","","","","","","",""
"2026-09-29 13:40:29","git-master-bddc7a050319718b5e4e0856afec0bc9ea96418f","C:\Users\marco\Desktop\ds004507\derivatives\labels\sub-011\ses-headNormal\anat\sub-011_ses-headNormal_T2w_seg-manual.nii.gz","616","10","","","","","","","","","","","","","","","","","","","","","","","",""
"2026-09-29 13:40:29","git-master-bddc7a050319718b5e4e0856afec0bc9ea96418f","C:\Users\marco\Desktop\ds004507\derivatives\labels\sub-011\ses-headNormal\anat\sub-011_ses-headNormal_T2w_seg-manual.nii.gz","617","10","","","","","","","","","","","","","","","","","","","","","","","",""
"2026-09-29 13:40:29","git-master-bddc7a050319718b5e4e0856afec0bc9ea96418f","C:\Users\marco\Desktop\ds004507\derivatives\labels\sub-011\ses-headNormal\anat\sub-011_ses-headNormal_T2w_seg-manual.nii.gz","618","10","","","","","","","","","","","","","","","","","","","","","","","",""
"2026-09-29 13:40:29","git-master-bddc7a050319718b5e4e0856afec0bc9ea96418f","C:\Users\marco\Desktop\ds004507\derivatives\labels\sub-011\ses-headNormal\anat\sub-011_ses-headNormal_T2w_seg-manual.nii.gz","619","10","","","","","","","","","","","","","","","","","","","","","","","",""
"2026-09-29 13:40:29","git-master-bddc7a050319718b5e4e0856afec0bc9ea96418f","C:\Users\marco\Desktop\ds004507\derivatives\labels\sub-011\ses-headNormal\anat\sub-011_ses-headNormal_T2w_seg-manual.nii.gz","620","10","","","","","","","","","","","","","","","","","","","","","","","",""
"2026-09-29 13:40:29","git-master-bddc7a050319718b5e4e0856afec0bc9ea96418f","C:\Users\marco\Desktop\ds004507\derivatives\labels\sub-011\ses-headNormal\anat\sub-011_ses-headNormal_T2w_seg-manual.nii.gz","621","10","","","","","","","","","","","","","","","","","","","","","","","",""
"2026-09-29 13:40:29","git-master-bddc7a050319718b5e4e0856afec0bc9ea96418f","C:\Users\marco\Desktop\ds004507\derivatives\labels\sub-011\ses-headNormal\anat\sub-011_ses-headNormal_T2w_seg-manual.nii.gz","622","10","","","","","","","","","","","","","","","","","","","","","","","",""
"2026-09-29 13:40:29","git-master-bddc7a050319718b5e4e0856afec0bc9ea96418f","C:\Users\marco\Desktop\ds004507\derivatives\labels\sub-011\ses-headNormal\anat\sub-011_ses-headNormal_T2w_seg-manual.nii.gz","623","10","","","","","","","","","","","","","","","","","","","","","","","",""
"2026-09-29 13:40:29","git-master-bddc7a050319718b5e4e0856afec0bc9ea96418f","C:\Users\marco\Desktop\ds004507\derivatives\labels\sub-011\ses-headNormal\anat\sub-011_ses-headNormal_T2w_seg-manual.nii.gz","624","10","","","","","","","","","","","","","","","","","","","","","","","",""
"2026-09-29 13:40:29","git-master-bddc7a050319718b5e4e0856afec0bc9ea96418f","C:\Users\marco\Desktop\ds004507\derivatives\labels\sub-011\ses-headNormal\anat\sub-011_ses-headNormal_T2w_seg-manual.nii.gz","625","10","","","","","","","","","","","","","","","","","","","","","","","",""
"2026-09-29 13:40:29","git-master-bddc7a050319718b5e4e0856afec0bc9ea96418f","C:\Users\marco\Desktop\ds004507\derivatives\labels\sub-011\ses-headNormal\anat\sub-011_ses-headNormal_T2w_seg-manual.nii.gz","626","10","","","","","","","","","","","","","","","","","","","","","","","",""
"2026-09-29 13:40:29","git-master-bddc7a050319718b5e4e0856afec0bc9ea96418f","C:\Users\marco\Desktop\ds004507\derivatives\labels\sub-011\ses-headNormal\anat\sub-011_ses-headNormal_T2w_seg-manual.nii.gz","627","10","","","","","","","","","","","","","","","","","","","","","","","",""
"2026-09-29 13:40:29","git-master-bddc7a050319718b5e4e0856afec0bc9ea96418f","C:\Users\marco\Desktop\ds004507\derivatives\labels\sub-011\ses-headNormal\anat\sub-011_ses-headNormal_T2w_seg-manual.nii.gz","628","10","","","","","","","","","","","","","","","","","","","","","","","",""
"2026-09-29 13:40:29","git-master-bddc7a050319718b5e4e0856afec0bc9ea96418f","C:\Users\marco\Desktop\ds004507\derivatives\labels\sub-011\ses-headNormal\anat\sub-011_ses-headNormal_T2w_seg-manual.nii.gz","629","10","","","","","","","","","","","","","","","","","","","","","","","",""
"2026-09-29 13:40:29","git-master-bddc7a050319718b5e4e0856afec0bc9ea96418f","C:\Users\marco\Desktop\ds004507\derivatives\labels\sub-011\ses-headNormal\anat\sub-011_ses-headNormal_T2w_seg-manual.nii.gz","630","10","","","","","","","","","","","","","","","","","","","","","","","",""
"2026-09-29 13:40:29","git-master-bddc7a050319718b5e4e0856afec0bc9ea96418f","C:\Users\marco\Desktop\ds004507\derivatives\labels\sub-011\ses-headNormal\anat\sub-011_ses-headNormal_T2w_seg-manual.nii.gz","631","10","","","","","","","","","","","","","","","","","","","","","","","",""
"2026-09-29 13:40:29","git-master-bddc7a050319718b5e4e0856afec0bc9ea96418f","C:\Users\marco\Desktop\ds004507\derivatives\labels\sub-011\ses-headNormal\anat\sub-011_ses-headNormal_T2w_seg-manual.nii.gz","632","10","","","","","","","","","","","","","","","","","","","","","","","",""
"2026-09-29 13:40:29","git-master-bddc7a050319718b5e4e0856afec0bc9ea96418f","C:\Users\marco\Desktop\ds004507\derivatives\labels\sub-011\ses-headNormal\anat\sub-011_ses-headNormal_T2w_seg-manual.nii.gz","633","10","","","","","","","","","","","","","","","","","","","","","","","",""
"2026-09-29 13:40:29","git-master-bddc7a050319718b5e4e0856afec0bc9ea96418f","C:\Users\marco\Desktop\ds004507\derivatives\labels\sub-011\ses-headNormal\anat\sub-011_ses-headNormal_T2w_seg-manual.nii.gz","634","10","","","","","","","","","","","","","","","","","","","","","","","",""
"2026-09-29 13:40:29","git-master-bddc7a050319718b5e4e0856afec0bc9ea96418f","C:\Users\marco\Desktop\ds004507\derivatives\labels\sub-011\ses-headNormal\anat\sub-011_ses-headNormal_T2w_seg-manual.nii.gz","635","10","","","","","","","","","","","","","","","","","","","","","","","",""
"2026-09-29 13:40:29","git-master-bddc7a050319718b5e4e0856afec0bc9ea96418f","C:\Users\marco\Desktop\ds004507\derivatives\labels\sub-011\ses-headNormal\anat\sub-011_ses-headNormal_T2w_seg-manual.nii.gz","636","10","","","","","","","","","","","","","","","","","","","","","","","",""
"2026-09-29 13:40:29","git-master-bddc7a050319718b5e4e0856afec0bc9ea96418f","C:\Users\marco\Desktop\ds004507\derivatives\labels\sub-011\ses-headNormal\anat\sub-011_ses-headNormal_T2w_seg-manual.nii.gz","637","10","","","","","","","","","","","","","","","","","","","","","","","",""
"2026-09-29 13:40:29","git-master-bddc7a050319718b5e4e0856afec0bc9ea96418f","C:\Users\marco\Desktop\ds004507\derivatives\labels\sub-011\ses-headNormal\anat\sub-011_ses-headNormal_T2w_seg-manual.nii.gz","638","10","","","","","","","","","","","","","","","","","","","","","","","",""
"2026-09-29 13:40:29","git-master-bddc7a050319718b5e4e0856afec0bc9ea96418f","C:\Users\marco\Desktop\ds004507\derivatives\labels\sub-011\ses-headNormal\anat\sub-011_ses-headNormal_T2w_seg-manual.nii.gz","639","10","","","","","","","","","","","","","","","","","","","","","","","",""
"2026-09-29 13:40:29","git-master-bddc7a050319718b5e4e0856afec0bc9ea96418f","C:\Users\marco\Desktop\ds004507\derivatives\labels\sub-011\ses-headNormal\anat\sub-011_ses-headNormal_T2w_seg-manual.nii.gz","640","10","","","","","","","","","","","","","","","","","","","","","","","",""
"2026-09-29 13:40:29","git-master-bddc7a050319718b5e4e0856afec0bc9ea96418f","C:\Users\marco\Desktop\ds004507\derivatives\labels\sub-011\ses-headNormal\anat\sub-011_ses-headNormal_T2w_seg-manual.nii.gz","641","10","","","","","","","","","","","","","","","","","","","","","","","",""
"2026-09-29 13:40:29","git-master-bddc7a050319718b5e4e0856afec0bc9ea96418f","C:\Users\marco\Desktop\ds004507\derivatives\labels\sub-011\ses-headNormal\anat\sub-011_ses-headNormal_T2w_seg-manual.nii.gz","642","10","","","","","","","","","","","","","","","","","","","","","","","",""
"2026-09-29 13:40:29","git-master-bddc7a050319718b5e4e0856afec0bc9ea96418f","C:\Users\marco\Desktop\ds004507\derivatives\labels\sub-011\ses-headNormal\anat\sub-011_ses-headNormal_T2w_seg-manual.nii.gz","643","10","","","","","","","","","","","","","","","","","","","","","","","",""
"2026-09-29 13:40:29","git-master-bddc7a050319718b5e4e0856afec0bc9ea96418f","C:\Users\marco\Desktop\ds004507\derivatives\labels\sub-011\ses-headNormal\anat\sub-011_ses-headNormal_T2w_seg-manual.nii.gz","644","10","","","","","","","","","","","","","","","","","","","","","","","",""
"2026-09-29 13:40:29","git-master-bddc7a050319718b5e4e0856afec0bc9ea96418f","C:\Users\marco\Desktop\ds004507\derivatives\labels\sub-011\ses-headNormal\anat\sub-011_ses-headNormal_T2w_seg-manual.nii.gz","645","10","","","","","","","","","","","","","","","","","","","","","","","",""
"2026-09-29 13:40:29","git-master-bddc7a050319718b5e4e0856afec0bc9ea96418f","C:\Users\marco\Desktop\ds004507\derivatives\labels\sub-011\ses-headNormal\anat\sub-011_ses-headNormal_T2w_seg-manual.nii.gz","646","10","",49.614556488724325,0.0,13.907886897850227,0.0,18.447394465683487,0.0,6.554124619957317,0.0,6.829729858005241,0.0,9.359507103687639,0.0,3.1776970797388895,0.0,3.3764275402184283,0.0,0.6837563185784643,0.0,-1.795448531113007,0.0,0.9673469387755103,0.0,""
"2026-09-29 13:40:29","git-master-bddc7a050319718b5e4e0856afec0bc9ea96418f","C:\Users\marco\Desktop\ds004507\derivatives\labels\sub-011\ses-headNormal\anat\sub-011_ses-headNormal_T2w_seg-manual.nii.gz","647","9","",48.49310861462626,0.0,12.665658061704766,0.0,18.75623690062897,0.0,5.947807523461844,0.0,6.162807700966859,0.0,9.930701639528642,0.0,2.978894200892274,0.0,2.9689133225695694,0.0,0.7841421134846881,0.0,-9.862159574290029,0.0,0.9594540345242875,0.0,""
"2026-09-29 13:40:29","git-master-bddc7a050319718b5e4e0856afec0bc9ea96418f","C:\Users\marco\Desktop\ds004507\derivatives\labels\sub-011\ses-headNormal\anat\sub-011_ses-headNormal_T2w_seg-manual.nii.gz","648","9","",48.448903117311026,0.0,12.378171413878901,0.0,18.827957666624442,0.0,6.04294400214709,0.0,6.2614874845214485,0.0,9.753385854355596,0.0,3.042817284277012,0.0,3.000126717870077,0.0,0.7637746881941246,0.0,-8.543133213713054,0.0,0.96293252199145,0.0,""
"2026-09-29 13:40:29","git-master-bddc7a050319718b5e4e0856afec0bc9ea96418f","C:\Users\marco\Desktop\ds004507\derivatives\labels\sub-011\ses-headNormal\anat\sub-011_ses-headNormal_T2w_seg-manual.nii.gz","649","9","",48.404697619995794,0.0,12.090684766053034,0.0,18.899678432619915,0.0,6.138080480832335,0.0,6.3601672680760375,0.0,9.576070069182549,0.0,3.1067403676617507,0.0,3.0313401131705846,0.0,0.7434072629035612,0.0,-7.224106853136077,0.0,0.9664110094586125,0.0,""
"2026-09-29 13:40:29","git-master-bddc7a050319718b5e4e0856afec0bc9ea96418f","C:\Users\marco\Desktop\ds004507\derivatives\labels\sub-011\ses-headNormal\anat\sub-011_ses-headNormal_T2w_seg-manual.nii.gz","650","9","",48.36049212268056,0.0,11.803198118227169,0.0,18.971399198615387,0.0,6.2332169595175815,0.0,6.458847051630627,0.0,9.398754284009502,0.0,3.170663451046489,0.0,3.0625535084710918,0.0,0.7230398376129977,0.0,-5.905080492559101,0.0,0.969889496925775,0.0,""
"2026-09-29 13:40:29","git-master-bddc7a050319718b5e4e0856afec0bc9ea96418f","C:\Users\marco\Desktop\ds004507\derivatives\labels\sub-011\ses-headNormal\anat\sub-011_ses-headNormal_T2w_seg-manual.nii.gz","651","9","",48.31628662536533,0.0,11.515711470401303,0.0,19.043119964610863,0.0,6.328353438202827,0.0,6.557526835185217,0.0,9.221438498836456,0.0,3.2345865344312275,0.0,3.0937669037715994,0.0,0.7026724123224344,0.0,-4.5860541319821255,0.0,0.9733679843929374,0.0,""
"2026-09-29 13:40:29","git-master-bddc7a050319718b5e4e0856afec0bc9ea96418f","C:\Users\marco\Desktop\ds004507\derivatives\labels\sub-011\ses-headNormal\anat\sub-011_ses-headNormal_T2w_seg-manual.nii.gz","652","9","",47.72741174366963,0.0,11.243571435509663,0.0,19.111441073185446,0.0,6.321558142528954,0.0,6.55435714137949,0.0,9.147339038545443,0.0,3.2548640059318505,0.0,3.066694136597104,0.0,0.6974245030858975,0.0,-5.348772635438694,0.0,0.975834063221594,0.0,""
"2026-09-29 13:40:29","git-master-bddc7a050319718b5e4e0856afec0bc9ea96418f","C:\Users\marco\Desktop\ds004507\derivatives\labels\sub-011\ses-headNormal\anat\sub-011_ses-headNormal_T2w_seg-manual.nii.gz","653","9","",47.08406992353587,0.0,10.972966061911448,0.0,19.17942221601794,0.0,6.304569669419171,0.0,6.541002499837731,0.0,9.083561210742632,0.0,3.2707769162440625,0.0,3.0337927531751077,0.0,0.6936885454547634,0.0,-6.319665625298617,0.0,0.9781989011864002,0.0,""
"2026-09-29 13:40:29","git-master-bddc7a050319718b5e4e0856afec0bc9ea96418f","C:\Users\marco\Desktop\ds004507\derivatives\labels\sub-011\ses-headNormal\anat\sub-011_ses-headNormal_T2w_seg-manual.nii.gz","654","9","",46.440728103402115,0.0,10.702360688313231,0.0,19.247403358850434,0.0,6.287581196309386,0.0,6.527647858295973,0.0,9.019783382939822,0.0,3.286689826556274,0.0,3.000891369753112,0.0,0.6899525878236293,0.0,-7.29055861515854,0.0,0.9805637391512063,0.0,""
"2026-09-29 13:40:29","git-master-bddc7a050319718b5e4e0856afec0bc9ea96418f","C:\Users\marco\Desktop\ds004507\derivatives\labels\sub-011\ses-headNormal\anat\sub-011_ses-headNormal_T2w_seg-manual.nii.gz","655","9","",45.79738628326836,0.0,10.431755314715016,0.0,19.31538450168293,0.0,6.270592723199602,0.0,6.514293216754214,0.0,8.956005555137013,0.0,3.302602736868486,0.0,2.967989986331116,0.0,0.6862166301924951,0.0,-8.261451605018461,0.0,0.9829285771160123,0.0,""
"2026-09-29 13:40:29","git-master-bddc7a050319718b5e4e0856afec0bc9ea96418f","C:\Users\marco\Desktop\ds004507\derivatives\labels\sub-011\ses-headNormal\anat\sub-011_ses-headNormal_T2w_seg-manual.nii.gz","656","9","",46.228394562670964,0.0,10.175461553169393,0.0,19.38033324172235,0.0,6.398119517640466,0.0,6.618779488182237,0.0,8.911438290307933,0.0,3.3781013922474172,0.0,3.0200181253930487,0.0,0.6677344003932767,0.0,-9.087692372958246,0.0,0.9814321897812897,0.0,""
"2026-09-29 13:40:29","git-master-bddc7a050319718b5e4e0856afec0bc9ea96418f","C:\Users\marco\Desktop\ds004507\derivatives\labels\sub-011\ses-headNormal\anat\sub-011_ses-headNormal_T2w_seg-manual.nii.gz","657","9","",46.8981473086372,0.0,9.922348149857681,0.0,19.444608114474423,0.0,6.557760815981474,0.0,6.749452629159099,0.0,8.871140039473017,0.0,3.466841324307842,0.0,3.0909194916736324,0.0,0.6459752212233729,0.0,-9.881788202693556,0.0,0.979077752380005,0.0,""
"2026-09-29 13:40:29","git-master-bddc7a050319718b5e4e0856afec0bc9ea96418f","C:\Users\marco\Desktop\ds004507\derivatives\labels\sub-011\ses-headNormal\anat\sub-011_ses-headNormal_T2w_seg-manual.nii.gz","658","9","",47.56790005460344,0.0,9.66923474654597,0.0,19.508882987226496,0.0,6.717402114322483,0.0,6.880125770135962,0.0,8.8308417886381,0.0,3.5555812563682663,0.0,3.1618208579542157,0.0,0.624216042053469,0.0,-10.675884032428865,0.0,0.9767233149787203,0.0,""
"2026-09-29 13:40:29","git-master-bddc7a050319718b5e4e0856afec0bc9ea96418f","C:\Users\marco\Desktop\ds004507\derivatives\labels\sub-011\ses-headNormal\anat\sub-011_ses-headNormal_T2w_seg-manual.nii.gz","659","9","",48.23765280056968,0.0,9.416121343234257,0.0,19.57315785997857,0.0,6.877043412663491,0.0,7.010798911112824,0.0,8.790543537803183,0.0,3.644321188428691,0.0,3.2327222242347995,0.0,0.6024568628835653,0.0,-11.469979862164175,0.0,0.9743688775774357,0.0,""
"2026-09-29 13:40:29","git-master-bddc7a050319718b5e4e0856afec0bc9ea96418f","C:\Users\marco\Desktop\ds004507\derivatives\labels\sub-011\ses-headNormal\anat\sub-011_ses-headNormal_T2w_seg-manual.nii.gz","660","9","",48.010336837628074,0.0,9.176104741374209,0.0,19.634760658143406,0.0,6.843953156076101,0.0,6.969335493131933,0.0,8.791722402241723,0.0,3.5898490734920543,0.0,3.2541040825840466,0.0,0.6085909205188055,0.0,-11.156116133047684,0.0,0.971737944820133,0.0,""
"2026-09-29 13:40:29","git-master-bddc7a050319718b5e4e0856afec0bc9ea96418f","C:\Users\marco\Desktop\ds004507\derivatives\labels\sub-011\ses-headNormal\anat\sub-011_ses-headNormal_T2w_seg-manual.nii.gz","661","9","",47.44662010884603,0.0,8.940999440058535,0.0,19.69536142833804,0.0,6.738588566390563,0.0,6.863320865541884,0.0,8.808455184907809,0.0,3.4816724409315194,0.0,3.2569161254590426,0.0,0.6251849419559747,0.0,-10.426767569361768,0.0,0.9690033263043234,0.0,""
"2026-09-29 13:40:29","git-master-bddc7a050319718b5e4e0856afec0bc9ea96418f","C:\Users\marco\Desktop\ds004507\derivatives\labels\sub-011\ses-headNormal\anat\sub-011_ses-headNormal_T2w_seg-manual.nii.gz","662","9","",46.882903380063986,0.0,8.70589413874286,0.0,19.755962198532668,0.0,6.6332239767050245,0.0,6.757306237951836,0.0,8.825187967573893,0.0,3.373495808370985,0.0,3.259728168334039,0.0,0.6417789633931439,0.0,-9.697419005675853,0.0,0.9662687077885138,0.0,""
"2026-09-29 13:40:29","git-master-bddc7a050319718b5e4e0856afec0bc9ea96418f","C:\Users\marco\Desktop\ds004507\derivatives\labels\sub-011\ses-headNormal\anat\sub-011_ses-headNormal_T2w_seg-manual.nii.gz","663","9","",46.31918665128194,0.0,8.470788837427184,0.0,19.816562968727297,0.0,6.527859387019485,0.0,6.651291610361787,0.0,8.841920750239979,0.0,3.26531917581045,0.0,3.262540211209035,0.0,0.6583729848303131,0.0,-8.968070441989935,0.0,0.9635340892727042,0.0,""
"2026-09-29 13:40:29","git-master-bddc7a050319718b5e4e0856afec0bc9ea96418f","C:\Users\marco\Desktop\ds004507\derivatives\labels\sub-011\ses-headNormal\anat\sub-011_ses-headNormal_T2w_seg-manual.nii.gz","664","9","",46.54961985306504,0.0,8.24741661066902,0.0,19.874845325964763,0.0,6.48652958021667,0.0,6.606204777439154,0.0,8.941085138905665,0.0,3.2194734879447147,0.0,3.267056092271955,0.0,0.6728134081899527,0.0,-7.604775895239324,0.0,0.9628897526548876,0.0,""
"2026-09-29 13:40:29","git-master-bddc7a050319718b5e4e0856afec0bc9ea96418f","C:\Users\marco\Desktop\ds004507\derivatives\labels\sub-011\ses-headNormal\anat\sub-011_ses-headNormal_T2w_seg-manual.nii.gz","665","9","",47.23385301517108,0.0,8.03074899794372,0.0,19.931802875798134,0.0,6.481791077918269,0.0,6.595933827183614,0.0,9.087353302428268,0.0,3.2092454827617214,0.0,3.2725455951565463,0.0,0.6860232040767181,0.0,-5.879226501023171,0.0,0.9634398628359241,0.0,""
"2026-09-29 13:40:29","git-master-bddc7a050319718b5e4e0856afec0bc9ea96418f","C:\Users\marco\Desktop\ds004507\derivatives\labels\sub-011\ses-headNormal\anat\sub-011_ses-headNormal_T2w_seg-manual.nii.gz","666","9","",47.91808617727712,0.0,7.814081385218418,0.0,19.988760425631504,0.0,6.477052575619866,0.0,6.585662876928073,0.0,9.23362146595087,0.0,3.1990174775787286,0.0,3.2780350980411375,0.0,0.6992329999634835,0.0,-4.153677106807018,0.0,0.9639899730169605,0.0,""
"2026-09-29 13:40:29","git-master-bddc7a050319718b5e4e0856afec0bc9ea96418f","C:\Users\marco\Desktop\ds004507\derivatives\labels\sub-011\ses-headNormal\anat\sub-011_ses-headNormal_T2w_seg-manual.nii.gz","667","9","",48.60231933938316,0.0,7.597413772493116,0.0,20.045717975464875,0.0,6.472314073321464,0.0,6.575391926672533,0.0,9.379889629473471,0.0,3.1887894723957353,0.0,3.2835246009257286,0.0,0.7124427958502489,0.0,-2.4281277125908654,0.0,0.9645400831979971,0.0,""
"2026-09-29 13:40:29","git-master-bddc7a050319718b5e4e0856afec0bc9ea96418f","C:\Users\marco\Desktop\ds004507\derivatives\labels\sub-011\ses-headNormal\anat\sub-011_ses-headNormal_T2w_seg-manual.nii.gz","668","9","",48.54604083992755,0.0,7.390995020241734,0.0,20.100704408877533,0.0,6.472194708281937,0.0,6.6030989248120715,0.0,9.35064310714619,0.0,3.1980401973077996,0.0,3.2741545109741366,0.0,0.7059886223672951,0.0,-1.4802926222514379,0.0,0.9620773747688408,0.0,""
"2026-09-29 13:40:29","git-master-bddc7a050319718b5e4e0856afec0bc9ea96418f","C:\Users\marco\Desktop\ds004507\derivatives\labels\sub-011\ses-headNormal\anat\sub-011_ses-headNormal_T2w_seg-manual.nii.gz","669","9","",47.87266928917056,0.0,7.19311698505195,0.0,20.154048245272932,0.0,6.475924624291472,0.0,6.66245421328084,0.0,9.175134346610673,0.0,3.223523197299078,0.0,3.252401426992393,0.0,0.6831478077429088,0.0,-1.1805527851426103,0.0,0.9571039841645239,0.0,""
"2026-09-29 13:40:29","git-master-bddc7a050319718b5e4e0856afec0bc9ea96418f","C:\Users\marco\Desktop\ds004507\derivatives\labels\sub-011\ses-headNormal\anat\sub-011_ses-headNormal_T2w_seg-manual.nii.gz","670","9","",47.19929773841358,0.0,6.995238949862167,0.0,20.207392081668335,0.0,6.479654540301006,0.0,6.7218095017496085,0.0,8.999625586075156,0.0,3.249006197290357,0.0,3.230648343010649,0.0,0.6603069931185225,0.0,-0.8808129480337827,0.0,0.9521305935602069,0.0,""
"2026-09-29 13:40:29","git-master-bddc7a050319718b5e4e0856afec0bc9ea96418f","C:\Users\marco\Desktop\ds004507\derivatives\labels\sub-011\ses-headNormal\anat\sub-011_ses-headNormal_T2w_seg-manual.nii.gz","671","9","",46.52592618765659,0.0,6.7973609146723835,0.0,20.260735918063734,0.0,6.4833844563105405,0.0,6.781164790218377,0.0,8.824116825539638,0.0,3.2744891972816355,0.0,3.208895259028905,0.0,0.6374661784941362,0.0,-0.5810731109249552,0.0,0.94715720295589,0.0,""
"2026-09-29 13:40:29","git-master-bddc7a050319718b5e4e0856afec0bc9ea96418f","C:\Users\marco\Desktop\ds004507\derivatives\labels\sub-011\ses-headNormal\anat\sub-011_ses-headNormal_T2w_seg-manual.nii.gz","672","9","",46.45957120048924,0.0,6.608152433492119,0.0,20.31244990779741,0.0,6.472173490039687,0.0,6.782975752950771,0.0,8.825745726248647,0.0,3.266233855273241,0.0,3.2059396347664455,0.0,0.6369517936889133,0.0,0.32789443603280494,0.0,0.9451935404872005,0.0,""
"2026-09-29 13:40:29","git-master-bddc7a050319718b5e4e0856afec0bc9ea96418f","C:\Users\marco\Desktop\ds004507\derivatives\labels\sub-011\ses-headNormal\anat\sub-011_ses-headNormal_T2w_seg-manual.nii.gz","673","9","",47.12163608962948,0.0,6.429347417123276,0.0,20.362208081537023,0.0,6.443033465032365,0.0,6.715733524799512,0.0,9.039939820451083,0.0,3.217492502865239,0.0,3.2255409621671265,0.0,0.6632291246666867,0.0,1.9679352348092884,0.0,0.946841551781264,0.0,""
"2026-09-29 13:40:29","git-master-bddc7a050319718b5e4e0856afec0bc9ea96418f","C:\Users\marco\Desktop\ds004507\derivatives\labels\sub-011\ses-headNormal\anat\sub-011_ses-headNormal_T2w_seg-manual.nii.gz","674","9","",47.783700978769716,0.0,6.250542400754434,0.0,20.411966255276635,0.0,6.413893440025044,0.0,6.648491296648253,0.0,9.254133914653522,0.0,3.1687511504572363,0.0,3.245142289567808,0.0,0.6895064556444601,0.0,3.6079760335857713,0.0,0.9484895630753274,0.0,""
"2026-09-29 13:40:29","git-master-bddc7a050319718b5e4e0856afec0bc9ea96418f","C:\Users\marco\Desktop\ds004507\derivatives\labels\sub-011\ses-headNormal\anat\sub-011_ses-headNormal_T2w_seg-manual.nii.gz","675","9","",48.44576586790995,0.0,6.0717373843855915,0.0,20.461724429016247,0.0,6.384753415017722,0.0,6.5812490684969935,0.0,9.46832800885596,0.0,3.120009798049234,0.0,3.264743616968489,0.0,0.7157837866222336,0.0,5.2480168323622545,0.0,0.9501375743693908,0.0,""
"2026-09-29 13:40:29","git-master-bddc7a050319718b5e4e0856afec0bc9ea96418f","C:\Users\marco\Desktop\ds004507\derivatives\labels\sub-011\ses-headNormal\anat\sub-011_ses-headNormal_T2w_seg-manual.nii.gz","676","9","",49.27342174087738,0.0,5.899949565331822,0.0,20.51018836984395,0.0,6.394945785563336,0.0,6.555704911032193,0.0,9.64625107868093,0.0,3.119086471778357,0.0,3.275859313784979,0.0,0.7335114371343637,0.0,6.683122285502983,0.0,0.953204615565009,0.0,""
"2026-09-29 13:40:29","git-master-bddc7a050319718b5e4e0856afec0bc9ea96418f","C:\Users\marco\Desktop\ds004507\derivatives\labels\sub-011\ses-headNormal\anat\sub-011_ses-headNormal_T2w_seg-manual.nii.gz","677","9","",50.39086183554242,0.0,5.740441841579429,0.0,20.556387403075796,0.0,6.473969848326584,0.0,6.603132377268694,0.0,9.760699855845333,0.0,3.2018446912474503,0.0,3.2721251570791345,0.0,0.7362771468316182,0.0,7.759590883781139,0.0,0.9587549590883481,0.0,""
"2026-09-29 13:40:29","git-master-bddc7a050319718b5e4e0856afec0bc9ea96418f","C:\Users\marco\Desktop\ds004507\derivatives\labels\sub-011\ses-headNormal\anat\sub-011_ses-headNormal_T2w_seg-manual.nii.gz","678","9","",51.50830193020745,0.0,5.580934117827036,0.0,20.602586436307643,0.0,6.552993911089834,0.0,6.650559843505195,0.0,9.875148633009736,0.0,3.2846029107165435,0.0,3.26839100037329,0.0,0.7390428565288726,0.0,8.836059482059296,0.0,0.964305302611687,0.0,""
"2026-09-29 13:40:29","git-master-bddc7a050319718b5e4e0856afec0bc9ea96418f","C:\Users\marco\Desktop\ds004507\derivatives\labels\sub-011\ses-headNormal\anat\sub-011_ses-headNormal_T2w_seg-manual.nii.gz","679","9","",52.62574202487249,0.0,5.421426394074644,0.0,20.648785469539494,0.0,6.632017973853083,0.0,6.697987309741696,0.0,9.98959741017414,0.0,3.367361130185637,0.0,3.2646568436674457,0.0,0.741808566226127,0.0,9.912528080337452,0.0,0.9698556461350261,0.0,""
"2026-09-29 13:40:29","git-master-bddc7a050319718b5e4e0856afec0bc9ea96418f","C:\Users\marco\Desktop\ds004507\derivatives\labels\sub-011\ses-headNormal\anat\sub-011_ses-headNormal_T2w_seg-manual.nii.gz","680","9","",53.33128959527782,0.0,5.26722905095863,0.0,20.6940206268335,0.0,6.660595119818666,0.0,6.710233760834758,0.0,10.084800079652382,0.0,3.4078462725985634,0.0,3.252748847220102,0.0,0.7463200637605478,0.0,10.70272761501437,0.0,0.9718197375023944,0.0,""
"2026-09-29 13:40:29","git-master-bddc7a050319718b5e4e0856afec0bc9ea96418f","C:\Users\marco\Desktop\ds004507\derivatives\labels\sub-011\ses-headNormal\anat\sub-011_ses-headNormal_T2w_seg-manual.nii.gz","681","9","",52.938457100990625,0.0,5.127192722872957,0.0,20.736685448293258,0.0,6.554647154323807,0.0,6.628664171545321,0.0,10.128679795300865,0.0,3.3356032095283794,0.0,3.2190439447954278,0.0,0.7554869955274127,0.0,10.729542980087986,0.0,0.964220489787174,0.0,""
"2026-09-29 13:40:29","git-master-bddc7a050319718b5e4e0856afec0bc9ea96418f","C:\Users\marco\Desktop\ds004507\derivatives\labels\sub-011\ses-headNormal\anat\sub-011_ses-headNormal_T2w_seg-manual.nii.gz","682","9","",52.54562460670343,0.0,4.987156394787284,0.0,20.779350269753017,0.0,6.448699188828948,0.0,6.547094582255883,0.0,10.172559510949347,0.0,3.263360146458195,0.0,3.1853390423707535,0.0,0.7646539272942775,0.0,10.756358345161601,0.0,0.9566212420719538,0.0,""
"2026-09-29 13:40:29","git-master-bddc7a050319718b5e4e0856afec0bc9ea96418f","C:\Users\marco\Desktop\ds004507\derivatives\labels\sub-011\ses-headNormal\anat\sub-011_ses-headNormal_T2w_seg-manual.nii.gz","683","9","",52.152792112416236,0.0,4.847120066701611,0.0,20.822015091212776,0.0,6.34275122333409,0.0,6.465524992966445,0.0,10.21643922659783,0.0,3.1911170833880105,0.0,3.151634139946079,0.0,0.7738208590611423,0.0,10.783173710235218,0.0,0.9490219943567334,0.0,""
"2026-09-29 13:40:29","git-master-bddc7a050319718b5e4e0856afec0bc9ea96418f","C:\Users\marco\Desktop\ds004507\derivatives\labels\sub-011\ses-headNormal\anat\sub-011_ses-headNormal_T2w_seg-manual.nii.gz","684","9","",51.54121527079515,0.0,4.710648063427978,0.0,20.86404156101279,0.0,6.251235293072189,0.0,6.398373700759117,0.0,10.1998158952838,0.0,3.1330321194883126,0.0,3.118203173583877,0.0,0.7781414226195779,0.0,10.283662379404388,0.0,0.9431232932000068,0.0,""
"2026-09-29 13:40:29","git-master-bddc7a050319718b5e4e0856afec0bc9ea96418f","C:\Users\marco\Desktop\ds004507\derivatives\labels\sub-011\ses-headNormal\anat\sub-011_ses-headNormal_T2w_seg-manual.nii.gz","685","9","",49.94528886617156,0.0,4.59021552180853,0.0,20.90319544834394,0.0,6.224663521358602,0.0,6.39610474542128,0.0,9.910928852638463,0.0,3.1386586018558047,0.0,3.0860049195027974,0.0,0.7606533292400819,0.0,7.415680917003527,0.0,0.9448770515565011,0.0,""
"2026-09-29 13:40:29","git-master-bddc7a050319718b5e4e0856afec0bc9ea96418f","C:\Users\marco\Desktop\ds004507\derivatives\labels\sub-011\ses-headNormal\anat\sub-011_ses-headNormal_T2w_seg-manual.nii.gz","686","9","",48.34936246154797,0.0,4.469782980189081,0.0,20.94234933567509,0.0,6.198091749645014,0.0,6.393835790083442,0.0,9.622041809993126,0.0,3.1442850842232963,0.0,3.053806665421718,0.0,0.7431652358605859,0.0,4.5476994546026654,0.0,0.9466308099129956,0.0,""
"2026-09-29 13:40:29","git-master-bddc7a050319718b5e4e0856afec0bc9ea96418f","C:\Users\marco\Desktop\ds004507\derivatives\labels\sub-011\ses-headNormal\anat\sub-011_ses-headNormal_T2w_seg-manual.nii.gz","687","9","",46.75343605692438,0.0,4.349350438569632,0.0,20.98150322300624,0.0,6.171519977931427,0.0,6.391566834745605,0.0,9.33315476734779,0.0,3.1499115665907884,0.0,3.0216084113406385,0.0,0.7256771424810899,0.0,1.6797179922018035,0.0,0.9483845682694901,0.0,""
"2026-09-29 13:40:29","git-master-bddc7a050319718b5e4e0856afec0bc9ea96418f","C:\Users\marco\Desktop\ds004507\derivatives\labels\sub-011\ses-headNormal\anat\sub-011_ses-headNormal_T2w_seg-manual.nii.gz","688","9","",45.335916875359395,0.0,4.230709004710506,0.0,21.020339895907316,0.0,6.150973471267444,0.0,6.393549138676055,0.0,9.072024060214295,0.0,3.155231534702038,0.0,2.9957419365654063,0.0,0.7094469479159277,0.0,-0.997264043399609,0.0,0.9502665859742769,0.0,""
"2026-09-29 13:40:29","git-master-bddc7a050319718b5e4e0856afec0bc9ea96418f","C:\Users\marco\Desktop\ds004507\derivatives\labels\sub-011\ses-headNormal\anat\sub-011_ses-headNormal_T2w_seg-manual.nii.gz","689","9","",45.702469924380416,0.0,4.129978648454606,0.0,21.056004424507652,0.0,6.190679615099504,0.0,6.438044035289372,0.0,9.088456708199217,0.0,3.1574863602508603,0.0,3.0331932548486438,0.0,0.7057957414941015,0.0,-1.7642518110066097,0.0,0.9534311971619859,0.0,""
"2026-09-29 13:40:29","git-master-bddc7a050319718b5e4e0856afec0bc9ea96418f","C:\Users\marco\Desktop\ds004507\derivatives\labels\sub-011\ses-headNormal\anat\sub-011_ses-headNormal_T2w_seg-manual.nii.gz","690","9","",46.069022973401445,0.0,4.029248292198706,0.0,21.09166895310799,0.0,6.230385758931564,0.0,6.48253893190269,0.0,9.104889356184138,0.0,3.159741185799683,0.0,3.070644573131881,0.0,0.7021445350722754,0.0,-2.5312395786136106,0.0,0.9565958083496948,0.0,""
"2026-09-29 13:40:29","git-master-bddc7a050319718b5e4e0856afec0bc9ea96418f","C:\Users\marco\Desktop\ds004507\derivatives\labels\sub-011\ses-headNormal\anat\sub-011_ses-headNormal_T2w_seg-manual.nii.gz","691","9","",46.43557602242247,0.0,3.9285179359428057,0.0,21.127333481708327,0.0,6.270091902763625,0.0,6.527033828516007,0.0,9.12132200416906,0.0,3.161996011348506,0.0,3.108095891415118,0.0,0.6984933286504491,0.0,-3.298227346220611,0.0,0.9597604195374038,0.0,""
"2026-09-29 13:40:29","git-master-bddc7a050319718b5e4e0856afec0bc9ea96418f","C:\Users\marco\Desktop\ds004507\derivatives\labels\sub-011\ses-headNormal\anat\sub-011_ses-headNormal_T2w_seg-manual.nii.gz","692","9","",46.80212907144349,0.0,3.8277875796869054,0.0,21.162998010308662,0.0,6.309798046595684,0.0,6.571528725129325,0.0,9.137754652153983,0.0,3.164250836897329,0.0,3.1455472096983557,0.0,0.694842122228623,0.0,-4.065215113827612,0.0,0.9629250307251127,0.0,""
"2026-09-29 13:40:29","git-master-bddc7a050319718b5e4e0856afec0bc9ea96418f","C:\Users\marco\Desktop\ds004507\derivatives\labels\sub-011\ses-headNormal\anat\sub-011_ses-headNormal_T2w_seg-manual.nii.gz","693","8","",47.14657183466571,0.0,3.4966001264313302,0.0,21.294704819766046,0.0,5.772994263016173,0.0,6.17515665076568,0.0,9.878744979686203,0.0,2.864492635071701,0.0,2.9085016279444726,0.0,0.7805484720953644,0.0,-1.1986148866788817,0.0,0.9547465808527755,0.0,""
"2026-09-29 13:40:29","git-master-bddc7a050319718b5e4e0856afec0bc9ea96418f","C:\Users\marco\Desktop\ds004507\derivatives\labels\sub-011\ses-headNormal\anat\sub-011_ses-headNormal_T2w_seg-manual.nii.gz","694","8","",46.0877618709751,0.0,3.312008406356575,0.0,21.381495282520525,0.0,6.101657500858526,0.0,6.41914870323609,0.0,9.193248801919685,0.0,3.066666721140332,0.0,3.0349907797181936,0.0,0.7113143443836702,0.0,-1.4862579642553302,0.0,0.972741148787499,0.0,""
"2026-09-29 13:40:29","git-master-bddc7a050319718b5e4e0856afec0bc9ea96418f","C:\Users\marco\Desktop\ds004507\derivatives\labels\sub-011\ses-headNormal\anat\sub-011_ses-headNormal_T2w_seg-manual.nii.gz","695","8","",47.08344595337443,0.0,3.166098496689784,0.0,21.46159366006732,0.0,6.257807373492049,0.0,6.514754630068549,0.0,9.239341801365887,0.0,3.110213231221802,0.0,3.1475941422702465,0.0,0.707690309929162,0.0,0.22171909142319213,0.0,0.9648721644619848,0.0,""
"2026-09-29 13:40:29","git-master-bddc7a050319718b5e4e0856afec0bc9ea96418f","C:\Users\marco\Desktop\ds004507\derivatives\labels\sub-011\ses-headNormal\anat\sub-011_ses-headNormal_T2w_seg-manual.nii.gz","696","8","",49.260466716320465,0.0,3.0588882628265828,0.0,21.53501254764285,0.0,6.428443713730487,0.0,6.599692249682712,0.0,9.564660096611172,0.0,3.163743607012792,0.0,3.264700106717695,0.0,0.7235545264117451,0.0,1.630160942217335,0.0,0.9490796846750785,0.0,""
"2026-09-29 13:40:29","git-master-bddc7a050319718b5e4e0856afec0bc9ea96418f","C:\Users\marco\Desktop\ds004507\derivatives\labels\sub-011\ses-headNormal\anat\sub-011_ses-headNormal_T2w_seg-manual.nii.gz","697","8","",51.56304625863753,0.0,2.9942716913792276,0.0,21.601100929845632,0.0,6.866426054672808,0.0,6.858048687232058,0.0,9.588948110001562,0.0,3.454944951143122,0.0,3.411481103529687,0.0,0.6988475642503347,0.0,-0.37659477585979584,0.0,0.9486907695768664,0.0,""
"2026-09-29 13:40:29","git-master-bddc7a050319718b5e4e0856afec0bc9ea96418f","C:\Users\marco\Desktop\ds004507\derivatives\labels\sub-011\ses-headNormal\anat\sub-011_ses-headNormal_T2w_seg-manual.nii.gz","698","8","",50.99528630935072,0.0,2.9858292481783417,0.0,21.657561655880166,0.0,6.741073676810788,0.0,6.729381867303844,0.0,9.63301907197872,0.0,3.369804706366169,0.0,3.3712689704446195,0.0,0.7152961843584362,0.0,1.6998110791541488,0.0,0.9623792703204863,0.0,""
"2026-09-29 13:40:29","git-master-bddc7a050319718b5e4e0856afec0bc9ea96418f","C:\Users\marco\Desktop\ds004507\derivatives\labels\sub-011\ses-headNormal\anat\sub-011_ses-headNormal_T2w_seg-manual.nii.gz","699","8","",50.027121079002626,0.0,2.997216181842975,0.0,21.707401190118933,0.0,6.75204181438454,0.0,6.7568964660764275,0.0,9.422988899171752,0.0,3.3556778144861337,0.0,3.396363999898406,0.0,0.694565638792486,0.0,3.4197781610933133,0.0,0.9611378736329054,0.0,""
"2026-09-29 13:40:29","git-master-bddc7a050319718b5e4e0856afec0bc9ea96418f","C:\Users\marco\Desktop\ds004507\derivatives\labels\sub-011\ses-headNormal\anat\sub-011_ses-headNormal_T2w_seg-manual.nii.gz","700","8","",48.94874379244417,0.0,3.0189755906535822,0.0,21.750627511572425,0.0,6.786180203248471,0.0,6.844572620373165,0.0,9.124560795642974,0.0,3.390434159577183,0.0,3.3957460436712883,0.0,0.6611054469220707,0.0,3.1274012846051717,0.0,0.9530259394196532,0.0,""
"2026-09-29 13:40:29","git-master-bddc7a050319718b5e4e0856afec0bc9ea96418f","C:\Users\marco\Desktop\ds004507\derivatives\labels\sub-011\ses-headNormal\anat\sub-011_ses-headNormal_T2w_seg-manual.nii.gz","701","8","",47.99380342435265,0.0,3.0367894118274474,0.0,21.785931160925532,0.0,6.466002231950008,0.0,6.685689381822549,0.0,9.155635251326585,0.0,3.35267907179584,0.0,3.1133231601541684,0.0,0.6830916604847855,0.0,-2.48454162110787,0.0,0.960731171413626,0.0,""
"2026-09-29 13:40:29","git-master-bddc7a050319718b5e4e0856afec0bc9ea96418f","C:\Users\marco\Desktop\ds004507\derivatives\labels\sub-011\ses-headNormal\anat\sub-011_ses-headNormal_T2w_seg-manual.nii.gz","702","8","",49.19052230476547,0.0,3.050165033890278,0.0,21.812339544522757,0.0,6.572771947889697,0.0,6.658266506567509,0.0,9.426362288010628,0.0,3.39935217875579,0.0,3.1734197691339068,0.0,0.7071874671159919,0.0,-2.1011732913123993,0.0,0.9565537210433288,0.0,""
"2026-09-29 13:40:29","git-master-bddc7a050319718b5e4e0856afec0bc9ea96418f","C:\Users\marco\Desktop\ds004507\derivatives\labels\sub-011\ses-headNormal\anat\sub-011_ses-headNormal_T2w_seg-manual.nii.gz","703","8","",49.54479962164217,0.0,3.0602533522361415,0.0,21.832166329835477,0.0,6.564148341396946,0.0,6.642749203852216,0.0,9.527828480103269,0.0,3.3599324085763818,0.0,3.204215932820564,0.0,0.7168543239632696,0.0,-0.7187302967019065,0.0,0.9557052998127029,0.0,""
"2026-09-29 13:40:29","git-master-bddc7a050319718b5e4e0856afec0bc9ea96418f","C:\Users\marco\Desktop\ds004507\derivatives\labels\sub-011\ses-headNormal\anat\sub-011_ses-headNormal_T2w_seg-manual.nii.gz","704","8","",48.69662145427435,0.0,3.067054477061536,0.0,21.845414779438123,0.0,6.381425389089087,0.0,6.586263838951192,0.0,9.462025962303112,0.0,3.212872266222943,0.0,3.168553122866144,0.0,0.7177244711779901,0.0,0.4615083474185949,0.0,0.9608206821383004,0.0,""
"2026-09-29 13:40:29","git-master-bddc7a050319718b5e4e0856afec0bc9ea96418f","C:\Users\marco\Desktop\ds004507\derivatives\labels\sub-011\ses-headNormal\anat\sub-011_ses-headNormal_T2w_seg-manual.nii.gz","705","8","",47.256553514993506,0.0,3.069582435176068,0.0,21.850116816383856,0.0,6.1642793928505855,0.0,6.3536484802665765,0.0,9.52465519005492,0.0,2.986760883043181,0.0,3.1775185098074044,0.0,0.7447164534939736,0.0,0.04974238144073201,0.0,0.972136888637278,0.0,""
"2026-09-29 13:40:29","git-master-bddc7a050319718b5e4e0856afec0bc9ea96418f","C:\Users\marco\Desktop\ds004507\derivatives\labels\sub-011\ses-headNormal\anat\sub-011_ses-headNormal_T2w_seg-manual.nii.gz","706","8","",45.96592550822619,0.0,3.0680016580369327,0.0,21.846603345889328,0.0,6.2138471096390555,0.0,6.350136965191719,0.0,9.296000700462605,0.0,3.0788682651120545,0.0,3.1349788445270015,0.0,0.7295394007915155,0.0,-1.1803478750552834,0.0,0.9638807230336776,0.0,""
"2026-09-29 13:40:29","git-master-bddc7a050319718b5e4e0856afec0bc9ea96418f","C:\Users\marco\Desktop\ds004507\derivatives\labels\sub-011\ses-headNormal\anat\sub-011_ses-headNormal_T2w_seg-manual.nii.gz","707","8","",45.95963971547732,0.0,3.063133847836227,0.0,21.836516034219443,0.0,6.236095989440751,0.0,6.411836533210019,0.0,9.244244270889507,0.0,3.1205270375558047,0.0,3.1155689518849465,0.0,0.7201877677789108,0.0,-2.2830089662036324,0.0,0.961438588194863,0.0,""
"2026-09-29 13:40:29","git-master-bddc7a050319718b5e4e0856afec0bc9ea96418f","C:\Users\marco\Desktop\ds004507\derivatives\labels\sub-011\ses-headNormal\anat\sub-011_ses-headNormal_T2w_seg-manual.nii.gz","708","8","",47.180577265983935,0.0,3.0549789567639642,0.0,21.819853388018263,0.0,6.143085660579111,0.0,6.45726981182893,0.0,9.465802355011283,0.0,3.013612216892967,0.0,3.1294734436861433,0.0,0.7311301250210589,0.0,-2.6960268783870673,0.0,0.9689543280044004,0.0,""
"2026-09-29 13:40:29","git-master-bddc7a050319718b5e4e0856afec0bc9ea96418f","C:\Users\marco\Desktop\ds004507\derivatives\labels\sub-011\ses-headNormal\anat\sub-011_ses-headNormal_T2w_seg-manual.nii.gz","709","8","",45.70619754443623,0.0,3.042221925698331,0.0,21.793978305941522,0.0,6.009397502809803,0.0,6.2349879022829615,0.0,9.441159508891452,0.0,2.957316477796314,0.0,3.052081025013488,0.0,0.7507618595723974,0.0,-0.3424143977142253,0.0,0.9502810304119703,0.0,""
"2026-09-29 13:40:29","git-master-bddc7a050319718b5e4e0856afec0bc9ea96418f","C:\Users\marco\Desktop\ds004507\derivatives\labels\sub-011\ses-headNormal\anat\sub-011_ses-headNormal_T2w_seg-manual.nii.gz","710","8","",45.68842408739907,0.0,3.0256842032021916,0.0,21.760524767591612,0.0,6.142575706686183,0.0,6.337109229853798,0.0,9.27286558222937,0.0,3.084007352061994,0.0,3.0585683546241884,0.0,0.728754978314867,0.0,-1.9026855107817886,0.0,0.9525200953369151,0.0,""
"2026-09-29 13:40:29","git-master-bddc7a050319718b5e4e0856afec0bc9ea96418f","C:\Users\marco\Desktop\ds004507\derivatives\labels\sub-011\ses-headNormal\anat\sub-011_ses-headNormal_T2w_seg-manual.nii.gz","711","8","",46.46760647237361,0.0,3.005858661516911,0.0,21.720473208712466,0.0,6.346967445054685,0.0,6.515562800548352,0.0,9.155560263022565,0.0,3.2305661216593937,0.0,3.116401323395291,0.0,0.7024978162071837,0.0,-3.450642556682734,0.0,0.9577432576793469,0.0,""
"2026-09-29 13:40:29","git-master-bddc7a050319718b5e4e0856afec0bc9ea96418f","C:\Users\marco\Desktop\ds004507\derivatives\labels\sub-011\ses-headNormal\anat\sub-011_ses-headNormal_T2w_seg-manual.nii.gz","712","8","",47.69032893587832,0.0,2.9827450987841213,0.0,21.673817397454748,0.0,6.514393736377908,0.0,6.636972860510482,0.0,9.1935076226243,0.0,3.3049228004941766,0.0,3.209470935883732,0.0,0.6919270729644188,0.0,-2.8849199260934086,0.0,0.9565129728828631,0.0,""
"2026-09-29 13:40:29","git-master-bddc7a050319718b5e4e0856afec0bc9ea96418f","C:\Users\marco\Desktop\ds004507\derivatives\labels\sub-011\ses-headNormal\anat\sub-011_ses-headNormal_T2w_seg-manual.nii.gz","713","8","",48.42951997773261,0.0,2.9546987185627915,0.0,21.617230712421787,0.0,6.599310137765339,0.0,6.781001706835718,0.0,9.093710813832466,0.0,3.2927488185279823,0.0,3.306561319237357,0.0,0.66589488790495,0.0,-4.157888913877743,0.0,0.9654432447014162,0.0,""
"2026-09-29 13:40:29","git-master-bddc7a050319718b5e4e0856afec0bc9ea96418f","C:\Users\marco\Desktop\ds004507\derivatives\labels\sub-011\ses-headNormal\anat\sub-011_ses-headNormal_T2w_seg-manual.nii.gz","714","8","",47.985299729673656,0.0,2.923198672119365,0.0,21.553670449585592,0.0,6.511890573056583,0.0,6.724842823416433,0.0,9.107411129390238,0.0,3.1715551639618305,0.0,3.3403354090947524,0.0,0.6739219089519152,0.0,-3.9744664889027486,0.0,0.9716671519287762,0.0,""
"2026-09-29 13:40:29","git-master-bddc7a050319718b5e4e0856afec0bc9ea96418f","C:\Users\marco\Desktop\ds004507\derivatives\labels\sub-011\ses-headNormal\anat\sub-011_ses-headNormal_T2w_seg-manual.nii.gz","715","8","",47.846120097716934,0.0,2.8884090384925583,0.0,21.48345637628681,0.0,6.483883522110827,0.0,6.676394782772032,0.0,9.147469885837312,0.0,3.1319413729490218,0.0,3.3519421491618053,0.0,0.6833703904016237,0.0,-3.0133887796417884,0.0,0.9759592484182011,0.0,""
"2026-09-29 13:40:29","git-master-bddc7a050319718b5e4e0856afec0bc9ea96418f","C:\Users\marco\Desktop\ds004507\derivatives\labels\sub-011\ses-headNormal\anat\sub-011_ses-headNormal_T2w_seg-manual.nii.gz","716","8","",49.53093704948815,0.0,2.8501649380027496,0.0,21.406242878819807,0.0,6.752978716163556,0.0,6.84432724169941,0.0,9.129384243802324,0.0,3.372664967998188,0.0,3.380313748165368,0.0,0.6617447325906599,0.0,-1.8756263861396154,0.0,0.978900906949156,0.0,""
"2026-09-29 13:40:29","git-master-bddc7a050319718b5e4e0856afec0bc9ea96418f","C:\Users\marco\Desktop\ds004507\derivatives\labels\sub-011\ses-headNormal\anat\sub-011_ses-headNormal_T2w_seg-manual.nii.gz","717","8","",50.42902477587312,0.0,2.8069846026006844,0.0,21.318987801155053,0.0,6.510664938672234,0.0,6.766702241432399,0.0,9.427587200904172,0.0,3.2684645641390326,0.0,3.242200374533202,0.0,0.69524051339103,0.0,-3.3029445790293193,0.0,0.9704281982271736,0.0,""
"2026-09-29 13:40:29","git-master-bddc7a050319718b5e4e0856afec0bc9ea96418f","C:\Users\marco\Desktop\ds004507\derivatives\labels\sub-011\ses-headNormal\anat\sub-011_ses-headNormal_T2w_seg-manual.nii.gz","718","8","",50.21862562653687,0.0,2.7605125542932143,0.0,21.225008059117954,0.0,6.418096105077906,0.0,6.659013526418264,0.0,9.554099143742198,0.0,3.2794999681872894,0.0,3.1385961368906172,0.0,0.7169707161841404,0.0,-5.239039761160659,0.0,0.9645538054000872,0.0,""
"2026-09-29 13:40:29","git-master-bddc7a050319718b5e4e0856afec0bc9ea96418f","C:\Users\marco\Desktop\ds004507\derivatives\labels\sub-011\ses-headNormal\anat\sub-011_ses-headNormal_T2w_seg-manual.nii.gz","719","8","",49.803214740926315,0.0,2.710748343884856,0.0,21.124287893212,0.0,6.462098596704173,0.0,6.604188417380593,0.0,9.557501046628618,0.0,3.3565041535149533,0.0,3.1055944431892195,0.0,0.7227556020598299,0.0,-6.3891109362863565,0.0,0.9633276102825886,0.0,""
"2026-09-29 13:40:29","git-master-bddc7a050319718b5e4e0856afec0bc9ea96418f","C:\Users\marco\Desktop\ds004507\derivatives\labels\sub-011\ses-headNormal\anat\sub-011_ses-headNormal_T2w_seg-manual.nii.gz","720","8","",50.76355609264223,0.0,2.6571974529673583,0.0,21.015791803610362,0.0,6.595884654564813,0.0,6.741072863983257,0.0,9.537860104712546,0.0,3.393047639149848,0.0,3.202837015414965,0.0,0.7073978120954861,0.0,-4.5107860673505815,0.0,0.9700561193320093,0.0,""
"2026-09-29 13:40:29","git-master-bddc7a050319718b5e4e0856afec0bc9ea96418f","C:\Users\marco\Desktop\ds004507\derivatives\labels\sub-011\ses-headNormal\anat\sub-011_ses-headNormal_T2w_seg-manual.nii.gz","721","8","",50.981096371571205,0.0,2.5990352035717144,0.0,20.897774925394607,0.0,6.52850721759561,0.0,6.784273031738221,0.0,9.618029651267406,0.0,3.3905168127719407,0.0,3.1379904048236695,0.0,0.7088205779569364,0.0,-3.623036868378239,0.0,0.9642682145487345,0.0,""
"2026-09-29 13:40:29","git-master-bddc7a050319718b5e4e0856afec0bc9ea96418f","C:\Users\marco\Desktop\ds004507\derivatives\labels\sub-011\ses-headNormal\anat\sub-011_ses-headNormal_T2w_seg-manual.nii.gz","722","8","",49.98438910683591,0.0,2.5393468674892596,0.0,20.775746442170448,0.0,6.390263471993065,0.0,6.711845394907675,0.0,9.616745939959172,0.0,3.274020773206402,0.0,3.1162426987866625,0.0,0.7161284695425544,0.0,-2.032708389170878,0.0,0.9669346176690019,0.0,""
"2026-09-29 13:40:29","git-master-bddc7a050319718b5e4e0856afec0bc9ea96418f","C:\Users\marco\Desktop\ds004507\derivatives\labels\sub-011\ses-headNormal\anat\sub-011_ses-headNormal_T2w_seg-manual.nii.gz","723","8","",48.667570084265215,0.0,2.4790686230599124,0.0,20.65119126890527,0.0,6.285022680547115,0.0,6.596389725492921,0.0,9.559008958151479,0.0,3.135656724197886,0.0,3.149365956349229,0.0,0.7237363524486431,0.0,-0.7962707308793421,0.0,0.9731342298259379,0.0,""
"2026-09-29 13:40:29","git-master-bddc7a050319718b5e4e0856afec0bc9ea96418f","C:\Users\marco\Desktop\ds004507\derivatives\labels\sub-011\ses-headNormal\anat\sub-011_ses-headNormal_T2w_seg-manual.nii.gz","724","8","",49.91039913005654,0.0,2.419873646768053,0.0,20.526373241840883,0.0,6.48650573696493,0.0,6.6639699119590565,0.0,9.582241521515083,0.0,3.2828675173651045,0.0,3.203638219599825,0.0,0.7185694623273661,0.0,-3.809371647049599,0.0,0.9604440435085445,0.0,""
"2026-09-29 13:40:29","git-master-bddc7a050319718b5e4e0856afec0bc9ea96418f","C:\Users\marco\Desktop\ds004507\derivatives\labels\sub-011\ses-headNormal\anat\sub-011_ses-headNormal_T2w_seg-manual.nii.gz","725","8","",49.79304819548524,0.0,2.361805870119357,0.0,20.401282626871904,0.0,6.417050201197083,0.0,6.540371453477673,0.0,9.670579872978424,0.0,3.238209643509394,0.0,3.178840557687689,0.0,0.7362050783399824,0.0,-3.2153826666897363,0.0,0.9547357616198731,0.0,""
"2026-09-29 13:40:29","git-master-bddc7a050319718b5e4e0856afec0bc9ea96418f","C:\Users\marco\Desktop\ds004507\derivatives\labels\sub-011\ses-headNormal\anat\sub-011_ses-headNormal_T2w_seg-manual.nii.gz","726","8","",50.055878407299446,0.0,2.3046054965827,0.0,20.27598279235068,0.0,6.468664405555371,0.0,6.495030319316838,0.0,9.737028286366334,0.0,3.266684417270739,0.0,3.2019799882846316,0.0,0.7450069705393942,0.0,-1.5539513915133516,0.0,0.9521325188277774,0.0,""
"2026-09-29 13:40:29","git-master-bddc7a050319718b5e4e0856afec0bc9ea96418f","C:\Users\marco\Desktop\ds004507\derivatives\labels\sub-011\ses-headNormal\anat\sub-011_ses-headNormal_T2w_seg-manual.nii.gz","727","8","",50.76016988820682,0.0,2.2482727168876244,0.0,20.15047401994938,0.0,6.632909010433729,0.0,6.55249104974382,0.0,9.75985997271537,0.0,3.3802011757181045,0.0,3.252707834715625,0.0,0.7411157230794654,0.0,0.03108876600144625,0.0,0.9535019542925788,0.0,""
"2026-09-29 13:40:29","git-master-bddc7a050319718b5e4e0856afec0bc9ea96418f","C:\Users\marco\Desktop\ds004507\derivatives\labels\sub-011\ses-headNormal\anat\sub-011_ses-headNormal_T2w_seg-manual.nii.gz","728","8","",49.82369455486159,0.0,2.193111631183997,0.0,20.024683868227374,0.0,6.310560946888117,0.0,6.475702738026366,0.0,9.736032781525518,0.0,3.2755319597677235,0.0,3.035028987120394,0.0,0.7467212951748329,0.0,-1.590663478952042,0.0,0.9689979387820113,0.0,""
"2026-09-29 13:40:29","git-master-bddc7a050319718b5e4e0856afec0bc9ea96418f","C:\Users\marco\Desktop\ds004507\derivatives\labels\sub-011\ses-headNormal\anat\sub-011_ses-headNormal_T2w_seg-manual.nii.gz","729","8","",50.60158714494368,0.0,2.1389925131153924,0.0,19.898644386418816,0.0,6.394684971820454,0.0,6.601478874805982,0.0,9.732215956121497,0.0,3.331616171225383,0.0,3.0630688005950715,0.0,0.734575048003759,0.0,-2.242842311663747,0.0,0.9625500539426546,0.0,""
"2026-09-29 13:40:29","git-master-bddc7a050319718b5e4e0856afec0bc9ea96418f","C:\Users\marco\Desktop\ds004507\derivatives\labels\sub-011\ses-headNormal\anat\sub-011_ses-headNormal_T2w_seg-manual.nii.gz","730","8","",52.53932469824275,0.0,2.0857419362525422,0.0,19.772397566513305,0.0,6.589736070659278,0.0,6.820924253822033,0.0,9.857931701341835,0.0,3.4364167299695914,0.0,3.1533193406896864,0.0,0.7220218341318216,0.0,-3.0182296188898277,0.0,0.9536989540024357,0.0,""
"2026-09-29 13:40:29","git-master-bddc7a050319718b5e4e0856afec0bc9ea96418f","C:\Users\marco\Desktop\ds004507\derivatives\labels\sub-011\ses-headNormal\anat\sub-011_ses-headNormal_T2w_seg-manual.nii.gz","731","8","",55.19214723371642,0.0,2.0333600609242817,0.0,19.645943712863662,0.0,6.7471810638314915,0.0,7.069160622568165,0.0,10.138304391840277,0.0,3.5294915658204906,0.0,3.217689498011001,0.0,0.7168010228133326,0.0,-4.3719198702212205,0.0,0.9502129220235356,0.0,""
"2026-09-29 13:40:29","git-master-bddc7a050319718b5e4e0856afec0bc9ea96418f","C:\Users\marco\Desktop\ds004507\derivatives\labels\sub-011\ses-headNormal\anat\sub-011_ses-headNormal_T2w_seg-manual.nii.gz","732","8","",54.96652683928167,0.0,1.9822382448871394,0.0,19.5191905614984,0.0,6.512469943744931,0.0,7.040446836102713,0.0,10.177763416754988,0.0,3.4158040366144244,0.0,3.0966659071305065,0.0,0.7221201306173417,0.0,-5.9597575914521475,0.0,0.9442713053815237,0.0,""
"2026-09-29 13:40:29","git-master-bddc7a050319718b5e4e0856afec0bc9ea96418f","C:\Users\marco\Desktop\ds004507\derivatives\labels\sub-011\ses-headNormal\anat\sub-011_ses-headNormal_T2w_seg-manual.nii.gz","733","8","",54.88451482016042,0.0,1.9320726848349614,0.0,19.392211136591648,0.0,6.604061120827313,0.0,6.992096945208103,0.0,10.148148768431373,0.0,3.497135454118558,0.0,3.1069256667087553,0.0,0.7247616836375569,0.0,-5.919242982462148,0.0,0.9508578344686633,0.0,""
"2026-09-29 13:40:29","git-master-bddc7a050319718b5e4e0856afec0bc9ea96418f","C:\Users\marco\Desktop\ds004507\derivatives\labels\sub-011\ses-headNormal\anat\sub-011_ses-headNormal_T2w_seg-manual.nii.gz","734","8","",54.641486103516016,0.0,1.8827766115764346,0.0,19.265026408593805,0.0,6.733644044756159,0.0,6.953579158445522,0.0,10.055971520073996,0.0,3.5847898174223403,0.0,3.1488542273338185,0.0,0.7222867747055775,0.0,-6.281066205024703,0.0,0.9579754605611536,0.0,""
"2026-09-29 13:40:29","git-master-bddc7a050319718b5e4e0856afec0bc9ea96418f","C:\Users\marco\Desktop\ds004507\derivatives\labels\sub-011\ses-headNormal\anat\sub-011_ses-headNormal_T2w_seg-manual.nii.gz","735","8","",53.99888360808394,0.0,1.8343501586150694,0.0,19.13763670488269,0.0,6.689598684065317,0.0,6.947543291581046,0.0,9.90142120216308,0.0,3.538885030907985,0.0,3.1507136531573323,0.0,0.712500777352595,0.0,-8.585583912392549,0.0,0.9567402620714414,0.0,""
"2026-09-29 13:40:29","git-master-bddc7a050319718b5e4e0856afec0bc9ea96418f","C:\Users\marco\Desktop\ds004507\derivatives\labels\sub-011\ses-headNormal\anat\sub-011_ses-headNormal_T2w_seg-manual.nii.gz","736","7","",54.382764524416956,0.0,1.7705669101081545,0.0,18.964615320906667,0.0,6.53210077775609,0.0,6.79242379954595,0.0,10.158192627270315,0.0,3.460104277609201,0.0,3.0719965001468896,0.0,0.7435641559822624,0.0,-5.76973335132741,0.0,0.9318023660403618,0.0,""
"2026-09-29 13:40:29","git-master-bddc7a050319718b5e4e0856afec0bc9ea96418f","C:\Users\marco\Desktop\ds004507\derivatives\labels\sub-011\ses-headNormal\anat\sub-011_ses-headNormal_T2w_seg-manual.nii.gz","737","7","",54.30782721782201,0.0,1.7179982497142885,0.0,18.817446760840976,0.0,6.746944738649937,0.0,6.907742597274725,0.0,10.016763164501318,0.0,3.5288435753079894,0.0,3.2181011633419474,0.0,0.7240211512435367,0.0,-6.54198041234119,0.0,0.9582248643728722,0.0,""
"2026-09-29 13:40:29","git-master-bddc7a050319718b5e4e0856afec0bc9ea96418f","C:\Users\marco\Desktop\ds004507\derivatives\labels\sub-011\ses-headNormal\anat\sub-011_ses-headNormal_T2w_seg-manual.nii.gz","738","7","",54.43752906561776,0.0,1.6667035334801326,0.0,18.669981549145863,0.0,6.855502407515508,0.0,6.945192427536832,0.0,10.060792833660031,0.0,3.4382029986641376,0.0,3.417299408851371,0.0,0.7234873962404645,0.0,-4.002819068831663,0.0,0.9576940223587792,0.0,""
"2026-09-29 13:40:29","git-master-bddc7a050319718b5e4e0856afec0bc9ea96418f","C:\Users\marco\Desktop\ds004507\derivatives\labels\sub-011\ses-headNormal\anat\sub-011_ses-headNormal_T2w_seg-manual.nii.gz","739","7","",54.2046692942498,0.0,1.6166830179205016,0.0,18.522220604971224,0.0,6.6016980901528,0.0,6.804868867889358,0.0,10.347147870314021,0.0,3.253388639752881,0.0,3.348309450399919,0.0,0.7518368200735654,0.0,-4.230947653298289,0.0,0.9577808281920697,0.0,""
"2026-09-29 13:40:29","git-master-bddc7a050319718b5e4e0856afec0bc9ea96418f","C:\Users\marco\Desktop\ds004507\derivatives\labels\sub-011\ses-headNormal\anat\sub-011_ses-headNormal_T2w_seg-manual.nii.gz","740","7","",53.82168211196004,0.0,1.567936946354459,0.0,18.37416486313569,0.0,6.452280930156702,0.0,6.695632670362903,0.0,10.45198322544242,0.0,3.168170978520869,0.0,3.2841099516358327,0.0,0.7676500969094753,0.0,-5.790798459622733,0.0,0.9587309949892627,0.0,""
"2026-09-29 13:40:29","git-master-bddc7a050319718b5e4e0856afec0bc9ea96418f","C:\Users\marco\Desktop\ds004507\derivatives\labels\sub-011\ses-headNormal\anat\sub-011_ses-headNormal_T2w_seg-manual.nii.gz","741","7","",53.13003644967044,0.0,1.5204655493341563,0.0,18.22581527416598,0.0,6.565381176995106,0.0,6.676045518123133,0.0,10.233917737219862,0.0,3.2142481484844536,0.0,3.351133028510652,0.0,0.7579301813861925,0.0,-6.014202568698881,0.0,0.954535919668663,0.0,""
"2026-09-29 13:40:29","git-master-bddc7a050319718b5e4e0856afec0bc9ea96418f","C:\Users\marco\Desktop\ds004507\derivatives\labels\sub-011\ses-headNormal\anat\sub-011_ses-headNormal_T2w_seg-manual.nii.gz","742","7","",51.758328310533365,0.0,1.4742690450687979,0.0,18.07717280433569,0.0,6.503425603930654,0.0,6.5522319561034585,0.0,10.080598327002312,0.0,3.2166185209558598,0.0,3.286807082974794,0.0,0.7599475928598768,0.0,-4.6577921042434705,0.0,0.9470674135333563,0.0,""
"2026-09-29 13:40:29","git-master-bddc7a050319718b5e4e0856afec0bc9ea96418f","C:\Users\marco\Desktop\ds004507\derivatives\labels\sub-011\ses-headNormal\anat\sub-011_ses-headNormal_T2w_seg-manual.nii.gz","743","7","",52.976995377659755,0.0,1.429458540859669,0.0,17.92821317475053,0.0,6.553531563300124,0.0,6.587510474368682,0.0,10.132717974667493,0.0,3.308559686959012,0.0,3.2449718763411126,0.0,0.7598292443180416,0.0,-3.4214568655345525,0.0,0.9537674029715258,0.0,""
"2026-09-29 13:40:29","git-master-bddc7a050319718b5e4e0856afec0bc9ea96418f","C:\Users\marco\Desktop\ds004507\derivatives\labels\sub-011\ses-headNormal\anat\sub-011_ses-headNormal_T2w_seg-manual.nii.gz","744","7","",53.110660928981574,0.0,1.3860897498575544,0.0,17.77892515277761,0.0,6.6504034852797895,0.0,6.587017747570232,0.0,10.199317358341272,0.0,3.2475779619763525,0.0,3.402825523303437,0.0,0.7634702225662701,0.0,-2.56309324666177,0.0,0.9567493850568478,0.0,""
"2026-09-29 13:40:29","git-master-bddc7a050319718b5e4e0856afec0bc9ea96418f","C:\Users\marco\Desktop\ds004507\derivatives\labels\sub-011\ses-headNormal\anat\sub-011_ses-headNormal_T2w_seg-manual.nii.gz","745","7","",54.140591474759574,0.0,1.3439965241397078,0.0,17.62934782973333,0.0,6.442722628321503,0.0,6.551918190796112,0.0,10.543476402189954,0.0,3.2138325225381807,0.0,3.228890105783322,0.0,0.782842613246548,0.0,-4.394808487190607,0.0,0.9673521496337011,0.0,""
"2026-09-29 13:40:29","git-master-bddc7a050319718b5e4e0856afec0bc9ea96418f","C:\Users\marco\Desktop\ds004507\derivatives\labels\sub-011\ses-headNormal\anat\sub-011_ses-headNormal_T2w_seg-manual.nii.gz","746","7","",55.660959312261156,0.0,1.3031790260075988,0.0,17.479482253737398,0.0,6.4076642991296655,0.0,6.619991824709774,0.0,10.78883926507763,0.0,3.250373226003384,0.0,3.157291073126281,0.0,0.7896164469755975,0.0,-5.319608695888082,0.0,0.9675540113420427,0.0,""
"2026-09-29 13:40:29","git-master-bddc7a050319718b5e4e0856afec0bc9ea96418f","C:\Users\marco\Desktop\ds004507\derivatives\labels\sub-011\ses-headNormal\anat\sub-011_ses-headNormal_T2w_seg-manual.nii.gz","747","7","",57.491704717890286,0.0,1.2636374083384418,0.0,17.32932948891363,0.0,6.610646176648768,0.0,6.816733804317468,0.0,10.842214772118382,0.0,3.3614481192396077,0.0,3.2491980574091595,0.0,0.777399767963626,0.0,-5.275509474835571,0.0,0.9641550905948282,0.0,""
"2026-09-29 13:40:29","git-master-bddc7a050319718b5e4e0856afec0bc9ea96418f","C:\Users\marco\Desktop\ds004507\derivatives\labels\sub-011\ses-headNormal\anat\sub-011_ses-headNormal_T2w_seg-manual.nii.gz","748","7","",59.02131193884933,0.0,1.225371814938477,0.0,17.178890615419487,0.0,6.812963701362875,0.0,7.0336859946884775,0.0,10.780989572524755,0.0,3.5048089893457632,0.0,3.3081547120171115,0.0,0.7577356921937033,0.0,-6.107538712127484,0.0,0.9684172847534469,0.0,""
"2026-09-29 13:40:29","git-master-bddc7a050319718b5e4e0856afec0bc9ea96418f","C:\Users\marco\Desktop\ds004507\derivatives\labels\sub-011\ses-headNormal\anat\sub-011_ses-headNormal_T2w_seg-manual.nii.gz","749","7","",58.41330474305964,0.0,1.18838238089127,0.0,17.028166729474954,0.0,6.829207614190241,0.0,7.073741679660563,0.0,10.586426915955105,0.0,3.5776952542079985,0.0,3.2515123599822426,0.0,0.7439743386761338,0.0,-7.904126883785588,0.0,0.9656587076849024,0.0,""
"2026-09-29 13:40:29","git-master-bddc7a050319718b5e4e0856afec0bc9ea96418f","C:\Users\marco\Desktop\ds004507\derivatives\labels\sub-011\ses-headNormal\anat\sub-011_ses-headNormal_T2w_seg-manual.nii.gz","750","7","",58.58702161969216,0.0,1.1528912253508627,0.0,16.877109866748736,0.0,6.712207853440955,0.0,6.965452876002462,0.0,10.674072361581906,0.0,3.3815857247189993,0.0,3.3306221287219553,0.0,0.757680155180119,0.0,-6.617383625727839,0.0,0.9599072722025376,0.0,""
"2026-09-29 13:40:29","git-master-bddc7a050319718b5e4e0856afec0bc9ea96418f","C:\Users\marco\Desktop\ds004507\derivatives\labels\sub-011\ses-headNormal\anat\sub-011_ses-headNormal_T2w_seg-manual.nii.gz","751","7","",58.88991920933465,0.0,1.1187320245094412,0.0,16.725758544170823,0.0,6.669685477921445,0.0,6.967287392744395,0.0,10.722665088197353,0.0,3.394044802641496,0.0,3.2756406752799485,0.0,0.760128418480382,0.0,-6.607858282145651,0.0,0.9501467473864722,0.0,""
"2026-09-29 13:40:29","git-master-bddc7a050319718b5e4e0856afec0bc9ea96418f","C:\Users\marco\Desktop\ds004507\derivatives\labels\sub-011\ses-headNormal\anat\sub-011_ses-headNormal_T2w_seg-manual.nii.gz","752","7","",61.04452397569237,0.0,1.0858493897501653,0.0,16.57412625749868,0.0,6.834143910830065,0.0,7.107055633781395,0.0,10.887818350360353,0.0,3.533222969817906,0.0,3.300920941012159,0.0,0.757590334247379,0.0,-4.870977786495469,0.0,0.9604381748218302,0.0,""
"2026-09-29 13:40:29","git-master-bddc7a050319718b5e4e0856afec0bc9ea96418f","C:\Users\marco\Desktop\ds004507\derivatives\labels\sub-011\ses-headNormal\anat\sub-011_ses-headNormal_T2w_seg-manual.nii.gz","753","7","",62.220073250698526,0.0,1.0542434175828186,0.0,16.422214186236825,0.0,6.870688207879115,0.0,7.1448339471438445,0.0,11.131877515175606,0.0,3.543340234091368,0.0,3.3273479737877474,0.0,0.7664131609193607,0.0,-5.295114230153362,0.0,0.9637027500491241,0.0,""
"2026-09-29 13:40:29","git-master-bddc7a050319718b5e4e0856afec0bc9ea96418f","C:\Users\marco\Desktop\ds004507\derivatives\labels\sub-011\ses-headNormal\anat\sub-011_ses-headNormal_T2w_seg-manual.nii.gz","754","7","",61.72568504932296,0.0,1.023914198128611,0.0,16.27002352612955,0.0,6.6568774903436525,0.0,7.002668328499161,0.0,11.39844060452169,0.0,3.3761948600536287,0.0,3.280682630290024,0.0,0.7886162139045807,0.0,-6.002035705348112,0.0,0.9576566319763025,0.0,""
"2026-09-29 13:40:29","git-master-bddc7a050319718b5e4e0856afec0bc9ea96418f","C:\Users\marco\Desktop\ds004507\derivatives\labels\sub-011\ses-headNormal\anat\sub-011_ses-headNormal_T2w_seg-manual.nii.gz","755","7","",62.257763910195806,0.0,0.994861815396478,0.0,16.11755548917945,0.0,6.48607999927437,0.0,6.887729737413491,0.0,11.674399623430366,0.0,3.2665957870953277,0.0,3.219484212179043,0.0,0.8074277465729343,0.0,-1.6549843599981462,0.0,0.9633495169152348,0.0,""
"2026-09-29 13:40:29","git-master-bddc7a050319718b5e4e0856afec0bc9ea96418f","C:\Users\marco\Desktop\ds004507\derivatives\labels\sub-011\ses-headNormal\anat\sub-011_ses-headNormal_T2w_seg-manual.nii.gz","756","7","",66.71875460765976,0.0,0.9671418696675704,0.0,15.964799369791823,0.0,6.956872198845805,0.0,7.206091674524231,0.0,11.982743343622534,0.0,3.561083907672892,0.0,3.395788291172914,0.0,0.7989726941647532,0.0,-2.416382416699168,0.0,0.9440842709150992,0.0,""
"2026-09-29 13:40:29","git-master-bddc7a050319718b5e4e0856afec0bc9ea96418f","C:\Users\marco\Desktop\ds004507\derivatives\labels\sub-011\ses-headNormal\anat\sub-011_ses-headNormal_T2w_seg-manual.nii.gz","757","7","",66.73938232096579,0.0,0.940921020996231,0.0,15.811721035821831,0.0,6.974609622192971,0.0,7.256577800561441,0.0,11.838868173289786,0.0,3.507967176221075,0.0,3.466642445971896,0.0,0.7900720450067663,0.0,-4.250644742169272,0.0,0.9653365255921555,0.0,""
"2026-09-29 13:40:29","git-master-bddc7a050319718b5e4e0856afec0bc9ea96418f","C:\Users\marco\Desktop\ds004507\derivatives\labels\sub-011\ses-headNormal\anat\sub-011_ses-headNormal_T2w_seg-manual.nii.gz","758","7","",66.24201149687943,0.0,0.9159772583750959,0.0,15.658369780742717,0.0,6.8328355659394395,0.0,7.202316433749606,0.0,11.730281546577727,0.0,3.4192226821675904,0.0,3.413612883771849,0.0,0.789313618338451,0.0,-4.611284594476708,0.0,0.9685140675882885,0.0,""
"2026-09-29 13:40:29","git-master-bddc7a050319718b5e4e0856afec0bc9ea96418f","C:\Users\marco\Desktop\ds004507\derivatives\labels\sub-011\ses-headNormal\anat\sub-011_ses-headNormal_T2w_seg-manual.nii.gz","759","7","",68.36662699502818,0.0,0.8923106391185649,0.0,15.504746900637343,0.0,6.905352968498616,0.0,7.214704682302616,0.0,11.998610518298124,0.0,3.513326234721406,0.0,3.3920267337772096,0.0,0.7986906343264308,0.0,-6.7805631034696905,0.0,0.961228461543815,0.0,""
"2026-09-29 13:40:29","git-master-bddc7a050319718b5e4e0856afec0bc9ea96418f","C:\Users\marco\Desktop\ds004507\derivatives\labels\sub-011\ses-headNormal\anat\sub-011_ses-headNormal_T2w_seg-manual.nii.gz","760","7","",68.71282261292443,0.0,0.869921216237625,0.0,15.350853707945891,0.0,6.945127561747948,0.0,7.116391985945369,0.0,12.20553446403291,0.0,3.525716237818105,0.0,3.4194113239298427,0.0,0.8124076315119758,0.0,-8.00993399839205,0.0,0.9580924091217404,0.0,""
"2026-09-29 13:40:29","git-master-bddc7a050319718b5e4e0856afec0bc9ea96418f","C:\Users\marco\Desktop\ds004507\derivatives\labels\sub-011\ses-headNormal\anat\sub-011_ses-headNormal_T2w_seg-manual.nii.gz","761","7","",65.47096728036664,0.0,0.8488090386434497,0.0,15.196691531473165,0.0,6.806982859482365,0.0,6.9025228465858435,0.0,12.05940675336942,0.0,3.3573117009838733,0.0,3.449671158498492,0.0,0.8199616436467891,0.0,-6.459328979162739,0.0,0.9615015794272772,0.0,""
"2026-09-29 13:40:29","git-master-bddc7a050319718b5e4e0856afec0bc9ea96418f","C:\Users\marco\Desktop\ds004507\derivatives\labels\sub-011\ses-headNormal\anat\sub-011_ses-headNormal_T2w_seg-manual.nii.gz","762","7","",65.6389909182373,0.0,0.8289359348449019,0.0,15.04227328611402,0.0,6.893856667376015,0.0,7.010810225538093,0.0,12.055719057399266,0.0,3.442709284933105,0.0,3.4511473824429104,0.0,0.8134878688530455,0.0,-6.037242854016405,0.0,0.9543853282230091,0.0,""
"2026-09-29 13:40:29","git-master-bddc7a050319718b5e4e0856afec0bc9ea96418f","C:\Users\marco\Desktop\ds004507\derivatives\labels\sub-011\ses-headNormal\anat\sub-011_ses-headNormal_T2w_seg-manual.nii.gz","763","7","",66.12521107939561,0.0,0.810009963360672,0.0,14.887704699769094,0.0,6.622147228286309,0.0,6.944651427550698,0.0,12.275123080595764,0.0,3.268321040148658,0.0,3.353826188137651,0.0,0.8245287778274641,0.0,-5.087108909357202,0.0,0.9433731338485453,0.0,""
"2026-09-29 13:40:29","git-master-bddc7a050319718b5e4e0856afec0bc9ea96418f","C:\Users\marco\Desktop\ds004507\derivatives\labels\sub-011\ses-headNormal\anat\sub-011_ses-headNormal_T2w_seg-manual.nii.gz","764","7","",65.94681407893019,0.0,0.7915170202806574,0.0,14.733139076927177,0.0,6.621475510065718,0.0,7.020438539686058,0.0,12.173475246633414,0.0,3.2480006908991514,0.0,3.373474819166566,0.0,0.8168802808503445,0.0,-7.900484493398165,0.0,0.9590985050975158,0.0,""
"2026-09-29 13:40:29","git-master-bddc7a050319718b5e4e0856afec0bc9ea96418f","C:\Users\marco\Desktop\ds004507\derivatives\labels\sub-011\ses-headNormal\anat\sub-011_ses-headNormal_T2w_seg-manual.nii.gz","765","7","",67.24210957058882,0.0,0.7734224780994637,0.0,14.578578897416971,0.0,6.840617495214839,0.0,7.165828191213508,0.0,12.136679552355604,0.0,3.3951410980888808,0.0,3.4454763971259585,0.0,0.807034740715101,0.0,-8.35968935296404,0.0,0.9552359470647903,0.0,""
"2026-09-29 13:40:29","git-master-bddc7a050319718b5e4e0856afec0bc9ea96418f","C:\Users\marco\Desktop\ds004507\derivatives\labels\sub-011\ses-headNormal\anat\sub-011_ses-headNormal_T2w_seg-manual.nii.gz","766","7","",69.58273389640317,0.0,0.7557263494569255,0.0,14.424026607174984,0.0,7.0649967990677,0.0,7.309384007175598,0.0,12.193390313811987,0.0,3.4874646673438865,0.0,3.577532131723813,0.0,0.8004109662642189,0.0,-7.358976891264274,0.0,0.9471723361736346,0.0,""
"2026-09-29 13:40:29","git-master-bddc7a050319718b5e4e0856afec0bc9ea96418f","C:\Users\marco\Desktop\ds004507\derivatives\labels\sub-011\ses-headNormal\anat\sub-011_ses-headNormal_T2w_seg-manual.nii.gz","767","7","",71.12926155593466,0.0,0.7384286464483074,0.0,14.269484652575752,0.0,7.1338847725666525,0.0,7.34626019327311,0.0,12.273369389632366,0.0,3.457685909143518,0.0,3.6761988634231337,0.0,0.8010360487666243,0.0,-6.244818748258174,0.0,0.9456133909817186,0.0,""
"2026-09-29 13:40:29","git-master-bddc7a050319718b5e4e0856afec0bc9ea96418f","C:\Users\marco\Desktop\ds004507\derivatives\labels\sub-011\ses-headNormal\anat\sub-011_ses-headNormal_T2w_seg-manual.nii.gz","768","7","",70.48266343447968,0.0,0.7215293806393449,0.0,14.11495548028408,0.0,6.981866804694818,0.0,7.217399863723483,0.0,12.342770023229548,0.0,3.3663562023059463,0.0,3.615510602388871,0.0,0.8110779760315887,0.0,-5.540647691622507,0.0,0.9472644477079302,0.0,""
"2026-09-29 13:40:29","git-master-bddc7a050319718b5e4e0856afec0bc9ea96418f","C:\Users\marco\Desktop\ds004507\derivatives\labels\sub-011\ses-headNormal\anat\sub-011_ses-headNormal_T2w_seg-manual.nii.gz","769","7","",69.36507384973062,0.0,0.7050285630811308,0.0,13.960441537107236,0.0,6.601137867591248,0.0,7.045405149237613,0.0,12.545113254169541,0.0,3.1819227972462016,0.0,3.419215070345046,0.0,0.8274051083619659,0.0,-5.239125753780032,0.0,0.9451110191697697,0.0,""
"2026-09-29 13:40:29","git-master-bddc7a050319718b5e4e0856afec0bc9ea96418f","C:\Users\marco\Desktop\ds004507\derivatives\labels\sub-011\ses-headNormal\anat\sub-011_ses-headNormal_T2w_seg-manual.nii.gz","770","6","",70.1283781481072,0.0,0.6861528765932429,0.0,13.778362154397511,0.0,6.8249187777112645,0.0,7.175335658284578,0.0,12.596713902020356,0.0,3.1954413851159713,0.0,3.6294773925952932,0.0,0.8219084279263917,0.0,-3.2725817488543494,0.0,0.9560709413369713,0.0,""
"2026-09-29 13:40:29","git-master-bddc7a050319718b5e4e0856afec0bc9ea96418f","C:\Users\marco\Desktop\ds004507\derivatives\labels\sub-011\ses-headNormal\anat\sub-011_ses-headNormal_T2w_seg-manual.nii.gz","771","6","",72.05528926221157,0.0,0.6708995740694037,0.0,13.626655019424526,0.0,7.414097072490368,0.0,7.495128376030254,0.0,12.456481569692716,0.0,3.6704539626223647,0.0,3.743643109868004,0.0,0.7984654689491778,0.0,-2.89884090917285,0.0,0.9540651013556326,0.0,""
"2026-09-29 13:40:29","git-master-bddc7a050319718b5e4e0856afec0bc9ea96418f","C:\Users\marco\Desktop\ds004507\derivatives\labels\sub-011\ses-headNormal\anat\sub-011_ses-headNormal_T2w_seg-manual.nii.gz","772","6","",73.23887226808948,0.0,0.6560274316468471,0.0,13.474971420440262,0.0,7.56036120920103,0.0,7.555488649742095,0.0,12.483638297082052,0.0,3.781884584942126,0.0,3.7784766242589036,0.0,0.7960402907765811,0.0,-3.5486903338156788,0.0,0.9503204102188874,0.0,""
"2026-09-29 13:40:29","git-master-bddc7a050319718b5e4e0856afec0bc9ea96418f","C:\Users\marco\Desktop\ds004507\derivatives\labels\sub-011\ses-headNormal\anat\sub-011_ses-headNormal_T2w_seg-manual.nii.gz","773","6","",73.8006359383334,0.0,0.6415364571330341,0.0,13.323313598027449,0.0,7.51955099801615,0.0,7.592521911603843,0.0,12.525286492080623,0.0,3.7322942528137926,0.0,3.7872567452023573,0.0,0.7953271535365425,0.0,-3.5376317071846812,0.0,0.95493748933785,0.0,""
"2026-09-29 13:40:29","git-master-bddc7a050319718b5e4e0856afec0bc9ea96418f","C:\Users\marco\Desktop\ds004507\derivatives\labels\sub-011\ses-headNormal\anat\sub-011_ses-headNormal_T2w_seg-manual.nii.gz","774","6","",74.39891468452966,0.0,0.6274266579938266,0.0,13.171683791874374,0.0,7.4130765203824325,0.0,7.600122243683432,0.0,12.610311105818557,0.0,3.6619675645521013,0.0,3.7511089558303308,0.0,0.7978582655645771,0.0,-2.944723491272213,0.0,0.9606540586521722,0.0,""
"2026-09-29 13:40:29","git-master-bddc7a050319718b5e4e0856afec0bc9ea96418f","C:\Users\marco\Desktop\ds004507\derivatives\labels\sub-011\ses-headNormal\anat\sub-011_ses-headNormal_T2w_seg-manual.nii.gz","775","6","",75.338752793046,0.0,0.6136980413620243,0.0,13.020084240673716,0.0,7.333852676666629,0.0,7.5385892914747545,0.0,12.755606305146474,0.0,3.636384308325038,0.0,3.697468368341591,0.0,0.8066699551036388,0.0,-2.953626960433832,0.0,0.9575426433482386,0.0,""
"2026-09-29 13:40:29","git-master-bddc7a050319718b5e4e0856afec0bc9ea96418f","C:\Users\marco\Desktop\ds004507\derivatives\labels\sub-011\ses-headNormal\anat\sub-011_ses-headNormal_T2w_seg-manual.nii.gz","776","6","",75.68178866081931,0.0,0.6003506140459025,0.0,12.868517182021392,0.0,7.4522337338017905,0.0,7.543245177439407,0.0,12.772302145118083,0.0,3.6336910544308845,0.0,3.8185426793709065,0.0,0.8069688420039858,0.0,-5.193652236160985,0.0,0.9477082805773613,0.0,""
"2026-09-29 13:40:29","git-master-bddc7a050319718b5e4e0856afec0bc9ea96418f","C:\Users\marco\Desktop\ds004507\derivatives\labels\sub-011\ses-headNormal\anat\sub-011_ses-headNormal_T2w_seg-manual.nii.gz","777","6","",75.72946509125305,0.0,0.5874796839514637,0.0,12.716994465134336,0.0,7.3502590918025215,0.0,7.535998836331297,0.0,12.776585919354904,0.0,3.5296524615354268,0.0,3.8206066302670947,0.0,0.8075281424064091,0.0,-4.756790310073766,0.0,0.9636074497093914,0.0,""
"2026-09-29 13:40:29","git-master-bddc7a050319718b5e4e0856afec0bc9ea96418f","C:\Users\marco\Desktop\ds004507\derivatives\labels\sub-011\ses-headNormal\anat\sub-011_ses-headNormal_T2w_seg-manual.nii.gz","778","6","",74.83255845364442,0.0,0.5749899595118827,0.0,12.565510199523107,0.0,7.423468195163134,0.0,7.526265436028647,0.0,12.685797607977722,0.0,3.612188011990423,0.0,3.811280183172711,0.0,0.8049782091670845,0.0,-3.16959544635234,0.0,0.9586924411597012,0.0,""
"2026-09-29 13:40:29","git-master-bddc7a050319718b5e4e0856afec0bc9ea96418f","C:\Users\marco\Desktop\ds004507\derivatives\labels\sub-011\ses-headNormal\anat\sub-011_ses-headNormal_T2w_seg-manual.nii.gz","779","6","",73.52057878100486,0.0,0.5628814462202374,0.0,12.41406661603385,0.0,7.345307351230981,0.0,7.4418836505516595,0.0,12.648036442318414,0.0,3.5466140927302714,0.0,3.79869325850071,0.0,0.808536893415699,0.0,-3.5436902876007332,0.0,0.9513026355088392,0.0,""
"2026-09-29 13:40:29","git-master-bddc7a050319718b5e4e0856afec0bc9ea96418f","C:\Users\marco\Desktop\ds004507\derivatives\labels\sub-011\ses-headNormal\anat\sub-011_ses-headNormal_T2w_seg-manual.nii.gz","780","6","",73.64842888101438,0.0,0.5511541493077052,0.0,12.26266594361133,0.0,7.264672010712717,0.0,7.405973469234314,0.0,12.78124297679471,0.0,3.501477043633981,0.0,3.7631949670787366,0.0,0.8149751335692691,0.0,-4.323015911110263,0.0,0.9452329424050676,0.0,""
"2026-09-29 13:40:29","git-master-bddc7a050319718b5e4e0856afec0bc9ea96418f","C:\Users\marco\Desktop\ds004507\derivatives\labels\sub-011\ses-headNormal\anat\sub-011_ses-headNormal_T2w_seg-manual.nii.gz","781","6","",75.35673359875227,0.0,0.539808073750683,0.0,12.111310409199117,0.0,7.3735800928181385,0.0,7.4971921546624225,0.0,12.961013875929169,0.0,3.6639042283796357,0.0,3.709675864438503,0.0,0.8156031492527592,0.0,-3.5487389832723877,0.0,0.9409454752618561,0.0,""
"2026-09-29 13:40:29","git-master-bddc7a050319718b5e4e0856afec0bc9ea96418f","C:\Users\marco\Desktop\ds004507\derivatives\labels\sub-011\ses-headNormal\anat\sub-011_ses-headNormal_T2w_seg-manual.nii.gz","782","6","",74.03216907942782,0.0,0.5288432242779048,0.0,11.960002237639749,0.0,7.474845310404035,0.0,7.509990200611688,0.0,12.608416701368169,0.0,3.7549551052988708,0.0,3.7198902051051648,0.0,0.8032566352197004,0.0,-3.124158913991549,0.0,0.9467812259553732,0.0,""
"2026-09-29 13:40:29","git-master-bddc7a050319718b5e4e0856afec0bc9ea96418f","C:\Users\marco\Desktop\ds004507\derivatives\labels\sub-011\ses-headNormal\anat\sub-011_ses-headNormal_T2w_seg-manual.nii.gz","783","6","",75.21016877768304,0.0,0.5183549147066701,0.0,11.80875697196747,0.0,7.585980472288823,0.0,7.654363289914953,0.0,12.661646835307524,0.0,3.7708284624228687,0.0,3.8151520098659546,0.0,0.7965714390991318,0.0,-4.919465503767658,0.0,0.9568548237219759,0.0,""
"2026-09-29 13:40:29","git-master-bddc7a050319718b5e4e0856afec0bc9ea96418f","C:\Users\marco\Desktop\ds004507\derivatives\labels\sub-011\ses-headNormal\anat\sub-011_ses-headNormal_T2w_seg-manual.nii.gz","784","6","",75.62204255043952,0.0,0.508247842451874,0.0,11.657564987865559,0.0,7.5277155355760605,0.0,7.629380100094553,0.0,12.686805672519208,0.0,3.74962519867607,0.0,3.7780903368999907,0.0,0.7989615666043515,0.0,-4.954960711552458,0.0,0.9610186288688342,0.0,""
"2026-09-29 13:40:29","git-master-bddc7a050319718b5e4e0856afec0bc9ea96418f","C:\Users\marco\Desktop\ds004507\derivatives\labels\sub-011\ses-headNormal\anat\sub-011_ses-headNormal_T2w_seg-manual.nii.gz","785","6","",74.84646851516719,0.0,0.49852201124737694,0.0,11.506428498936563,0.0,7.42834817123916,0.0,7.566004619650818,0.0,12.627171459813876,0.0,3.673558760918508,0.0,3.7547894103206527,0.0,0.8006098018923722,0.0,-4.449380008424133,0.0,0.9561045904731728,0.0,""
"2026-09-29 13:40:29","git-master-bddc7a050319718b5e4e0856afec0bc9ea96418f","C:\Users\marco\Desktop\ds004507\derivatives\labels\sub-011\ses-headNormal\anat\sub-011_ses-headNormal_T2w_seg-manual.nii.gz","786","6","",73.6336937210941,0.0,0.4891774246306403,0.0,11.355349715891402,0.0,7.405180741634412,0.0,7.451032259534939,0.0,12.58302898073489,0.0,3.6105987431758315,0.0,3.7945819984585807,0.0,0.8057077199346693,0.0,-3.9516853889207764,0.0,0.9451740996857483,0.0,""
"2026-09-29 13:40:29","git-master-bddc7a050319718b5e4e0856afec0bc9ea96418f","C:\Users\marco\Desktop\ds004507\derivatives\labels\sub-011\ses-headNormal\anat\sub-011_ses-headNormal_T2w_seg-manual.nii.gz","787","6","",73.4230250427134,0.0,0.48021408594842435,0.0,11.20433084645171,0.0,7.459580847631431,0.0,7.327833196587859,0.0,12.64642717461071,0.0,3.6088510997918375,0.0,3.8507297478395937,0.0,0.8150090540475953,0.0,-3.8151453282089847,0.0,0.9389238120266995,0.0,""
"2026-09-29 13:40:29","git-master-bddc7a050319718b5e4e0856afec0bc9ea96418f","C:\Users\marco\Desktop\ds004507\derivatives\labels\sub-011\ses-headNormal\anat\sub-011_ses-headNormal_T2w_seg-manual.nii.gz","788","6","",75.86032007329021,0.0,0.471631998362485,0.0,11.053374095252183,0.0,7.372041875743607,0.0,7.497095716979171,0.0,12.73593675560732,0.0,3.590938358581006,0.0,3.781103517162601,0.0,0.8083830634227939,0.0,-4.671414739252471,0.0,0.9570914696813977,0.0,""
"2026-09-29 13:40:29","git-master-bddc7a050319718b5e4e0856afec0bc9ea96418f","C:\Users\marco\Desktop\ds004507\derivatives\labels\sub-011\ses-headNormal\anat\sub-011_ses-headNormal_T2w_seg-manual.nii.gz","789","6","",75.00972955749045,0.0,0.4635264794810379,0.0,10.902498658041019,0.0,7.289974485898278,0.0,7.447801170552949,0.0,12.832267114708685,0.0,3.487641797185813,0.0,3.802332688712465,0.0,0.8143126232196781,0.0,-4.677766821093293,0.0,0.9555239718462836,0.0,""
"2026-09-29 13:40:29","git-master-bddc7a050319718b5e4e0856afec0bc9ea96418f","C:\Users\marco\Desktop\ds004507\derivatives\labels\sub-011\ses-headNormal\anat\sub-011_ses-headNormal_T2w_seg-manual.nii.gz","790","6","",74.39552655470838,0.0,0.4558022191026577,0.0,10.751691198022467,0.0,7.184914511655358,0.0,7.289844294020343,0.0,13.021350649440528,0.0,3.4454275930057428,0.0,3.7394869186496154,0.0,0.8283628011145892,0.0,-4.661917948149605,0.0,0.9460549091088464,0.0,""
"2026-09-29 13:40:29","git-master-bddc7a050319718b5e4e0856afec0bc9ea96418f","C:\Users\marco\Desktop\ds004507\derivatives\labels\sub-011\ses-headNormal\anat\sub-011_ses-headNormal_T2w_seg-manual.nii.gz","791","6","",75.44477498481339,0.0,0.4484592196505962,0.0,10.600953904198605,0.0,7.201661733574739,0.0,7.387674542105297,0.0,13.092383693392177,0.0,3.543047518840563,0.0,3.6586142147341763,0.0,0.8254110790576544,0.0,-3.62783178804058,0.0,0.9434714068990745,0.0,""
"2026-09-29 13:40:29","git-master-bddc7a050319718b5e4e0856afec0bc9ea96418f","C:\Users\marco\Desktop\ds004507\derivatives\labels\sub-011\ses-headNormal\anat\sub-011_ses-headNormal_T2w_seg-manual.nii.gz","792","6","",76.43957757539219,0.0,0.4414974834029886,0.0,10.450288961714598,0.0,7.230633898359229,0.0,7.534754964785957,0.0,13.060501545492984,0.0,3.6061865239026973,0.0,3.624447374456532,0.0,0.8168064973976491,0.0,-2.702802901530244,0.0,0.9531223874302172,0.0,""
"2026-09-29 13:40:29","git-master-bddc7a050319718b5e4e0856afec0bc9ea96418f","C:\Users\marco\Desktop\ds004507\derivatives\labels\sub-011\ses-headNormal\anat\sub-011_ses-headNormal_T2w_seg-manual.nii.gz","793","6","",75.94017218470933,0.0,0.4349170124971277,0.0,10.299698551764026,0.0,7.18503424702861,0.0,7.501164436981206,0.0,13.0129503385657,0.0,3.528997547230401,0.0,3.6560366997982094,0.0,0.8171210561435918,0.0,-2.5985986319005248,0.0,0.9647119876597343,0.0,""
"2026-09-29 13:40:29","git-master-bddc7a050319718b5e4e0856afec0bc9ea96418f","C:\Users\marco\Desktop\ds004507\derivatives\labels\sub-011\ses-headNormal\anat\sub-011_ses-headNormal_T2w_seg-manual.nii.gz","794","6","",76.20802812466745,0.0,0.428717808933738,0.0,10.149184851494205,0.0,7.278019043093692,0.0,7.581199888237177,0.0,12.95525890787986,0.0,3.59563633110093,0.0,3.6823827119927617,0.0,0.8109011162263416,0.0,-1.0726009943243617,0.0,0.9460929772502473,0.0,""
"2026-09-29 13:40:29","git-master-bddc7a050319718b5e4e0856afec0bc9ea96418f","C:\Users\marco\Desktop\ds004507\derivatives\labels\sub-011\ses-headNormal\anat\sub-011_ses-headNormal_T2w_seg-manual.nii.gz","795","6","",75.25565405452772,0.0,0.42299519256150714,0.0,9.998770656318591,0.0,7.369126634558406,0.0,7.57151563315761,0.0,12.824453400432956,0.0,3.654900387807751,0.0,3.7142262467506555,0.0,0.8071002066226501,0.0,-0.002867048667400729,0.0,0.945079618090176,0.0,""
"2026-09-29 13:40:29","git-master-bddc7a050319718b5e4e0856afec0bc9ea96418f","C:\Users\marco\Desktop\ds004507\derivatives\labels\sub-011\ses-headNormal\anat\sub-011_ses-headNormal_T2w_seg-manual.nii.gz","796","6","",74.37827195449022,0.0,0.41765384811030176,0.0,9.848438950771397,0.0,7.372659571759553,0.0,7.435136155803145,0.0,12.848817352790062,0.0,3.5756695608706526,0.0,3.796990010888901,0.0,0.8154733786109676,0.0,0.08884923202803134,0.0,0.9438267287218643,0.0,""
"2026-09-29 13:40:29","git-master-bddc7a050319718b5e4e0856afec0bc9ea96418f","C:\Users\marco\Desktop\ds004507\derivatives\labels\sub-011\ses-headNormal\anat\sub-011_ses-headNormal_T2w_seg-manual.nii.gz","797","6","",74.4130117341121,0.0,0.41269377703468835,0.0,9.698191892108698,0.0,7.2972256362530485,0.0,7.366987998513869,0.0,12.893366398574493,0.0,3.623562371864851,0.0,3.6736632643881975,0.0,0.8206851631714901,0.0,-0.2751269380740244,0.0,0.9444498926625503,0.0,""
"2026-09-29 13:40:29","git-master-bddc7a050319718b5e4e0856afec0bc9ea96418f","C:\Users\marco\Desktop\ds004507\derivatives\labels\sub-011\ses-headNormal\anat\sub-011_ses-headNormal_T2w_seg-manual.nii.gz","798","6","",74.56608723180149,0.0,0.4081149806811666,0.0,9.548031632797269,0.0,7.244381084258073,0.0,7.337904057897323,0.0,12.898772991516369,0.0,3.6843296572347146,0.0,3.560051427023358,0.0,0.8224157566735275,0.0,-1.1205384145539252,0.0,0.948280721358701,0.0,""
"2026-09-29 13:40:29","git-master-bddc7a050319718b5e4e0856afec0bc9ea96418f","C:\Users\marco\Desktop\ds004507\derivatives\labels\sub-011\ses-headNormal\anat\sub-011_ses-headNormal_T2w_seg-manual.nii.gz","799","6","",74.5949841472301,0.0,0.40391746029101955,0.0,9.397960320423657,0.0,7.382219664268776,0.0,7.3493875370692585,0.0,12.853351086090964,0.0,3.650164854690596,0.0,3.7320548095781794,0.0,0.8202006581727042,0.0,-2.0705296342545805,0.0,0.9522524210780259,0.0,""
"2026-09-29 13:40:29","git-master-bddc7a050319718b5e4e0856afec0bc9ea96418f","C:\Users\marco\Desktop\ds004507\derivatives\labels\sub-011\ses-headNormal\anat\sub-011_ses-headNormal_T2w_seg-manual.nii.gz","800","6","",76.99064797374575,0.0,0.4001012170031645,0.0,9.247980097603245,0.0,7.918961634665964,0.0,7.688375897894375,0.0,12.765040818157054,0.0,3.8060142896056464,0.0,4.112947345060317,0.0,0.7982703067081601,0.0,-1.394980126799653,0.0,0.9452853598014889,0.0,""
"2026-09-29 13:40:29","git-master-bddc7a050319718b5e4e0856afec0bc9ea96418f","C:\Users\marco\Desktop\ds004507\derivatives\labels\sub-011\ses-headNormal\anat\sub-011_ses-headNormal_T2w_seg-manual.nii.gz","801","5","",77.03035618241444,0.0,0.39609364269730923,0.0,9.068144734325228,0.0,7.899928805244734,0.0,7.719577437394282,0.0,12.86520432810191,0.0,3.6860959701769036,0.0,4.213832835067831,0.0,0.7999734830403498,0.0,-3.556964585513601,0.0,0.9408529879017475,0.0,""
"2026-09-29 13:40:29","git-master-bddc7a050319718b5e4e0856afec0bc9ea96418f","C:\Users\marco\Desktop\ds004507\derivatives\labels\sub-011\ses-headNormal\anat\sub-011_ses-headNormal_T2w_seg-manual.nii.gz","802","5","",77.76795026121631,0.0,0.39287271617402697,0.0,8.899685166777392,0.0,7.491208572724877,0.0,7.495151214483501,0.0,13.167106916721808,0.0,3.651430038423004,0.0,3.839778534301873,0.0,0.8220855555013882,0.0,-3.1180530822270986,0.0,0.9537794550082043,0.0,""
"2026-09-29 13:40:29","git-master-bddc7a050319718b5e4e0856afec0bc9ea96418f","C:\Users\marco\Desktop\ds004507\derivatives\labels\sub-011\ses-headNormal\anat\sub-011_ses-headNormal_T2w_seg-manual.nii.gz","803","5","",81.61764998013007,0.0,0.39015222034179037,0.0,8.731356319995655,0.0,7.637114923882969,0.0,7.910417860380935,0.0,13.206205810986965,0.0,3.7943707692765303,0.0,3.8427441546064385,0.0,0.8006226336984068,0.0,-3.9076718585771486,0.0,0.9658255070159822,0.0,""
"2026-09-29 13:40:29","git-master-bddc7a050319718b5e4e0856afec0bc9ea96418f","C:\Users\marco\Desktop\ds004507\derivatives\labels\sub-011\ses-headNormal\anat\sub-011_ses-headNormal_T2w_seg-manual.nii.gz","804","5","",80.44312626172714,0.0,0.38793215616447485,0.0,8.563161622911588,0.0,7.757809136185162,0.0,7.9660519314122995,0.0,12.952002282450943,0.0,3.8770144394559276,0.0,3.880794696729234,0.0,0.7884201551160145,0.0,-2.7137999304522635,0.0,0.9653316113046357,0.0,""
"2026-09-29 13:40:29","git-master-bddc7a050319718b5e4e0856afec0bc9ea96418f","C:\Users\marco\Desktop\ds004507\derivatives\labels\sub-011\ses-headNormal\anat\sub-011_ses-headNormal_T2w_seg-manual.nii.gz","805","5","",80.70531857587247,0.0,0.3862125244205472,0.0,8.395104491284451,0.0,7.789197140876131,0.0,8.009963022127826,0.0,13.019609071436903,0.0,3.784357652762596,0.0,4.004839488113535,0.0,0.7883445029187662,0.0,-2.045352190702857,0.0,0.9582413432409234,0.0,""
"2026-09-29 13:40:29","git-master-bddc7a050319718b5e4e0856afec0bc9ea96418f","C:\Users\marco\Desktop\ds004507\derivatives\labels\sub-011\ses-headNormal\anat\sub-011_ses-headNormal_T2w_seg-manual.nii.gz","806","5","",81.11406252124334,0.0,0.3849933257077748,0.0,8.22718832734845,0.0,7.788156476263937,0.0,7.971216864611655,0.0,13.10879307295883,0.0,3.7095554599674894,0.0,4.078601016296447,0.0,0.7938485788699422,0.0,-2.0980539507829548,0.0,0.9623583091953146,0.0,""
"2026-09-29 13:40:29","git-master-bddc7a050319718b5e4e0856afec0bc9ea96418f","C:\Users\marco\Desktop\ds004507\derivatives\labels\sub-011\ses-headNormal\anat\sub-011_ses-headNormal_T2w_seg-manual.nii.gz","807","5","",80.54899791864831,0.0,0.38427456044686636,0.0,8.059416519463708,0.0,7.71462246711723,0.0,7.904791717790688,0.0,13.08703507671279,0.0,3.6633561465552025,0.0,4.051266320562028,0.0,0.7969723722766399,0.0,-1.8668989974274859,0.0,0.9625650832611659,0.0,""
"2026-09-29 13:40:29","git-master-bddc7a050319718b5e4e0856afec0bc9ea96418f","C:\Users\marco\Desktop\ds004507\derivatives\labels\sub-011\ses-headNormal\anat\sub-011_ses-headNormal_T2w_seg-manual.nii.gz","808","5","",79.16706969913756,0.0,0.38405622888404456,0.0,7.891792441771024,0.0,7.47130818273177,0.0,7.729474707958405,0.0,13.140845681794396,0.0,3.617492523888285,0.0,3.8538156588434846,0.0,0.8084961362788273,0.0,-1.7223009920599237,0.0,0.9621838703249962,0.0,""
"2026-09-29 13:40:29","git-master-bddc7a050319718b5e4e0856afec0bc9ea96418f","C:\Users\marco\Desktop\ds004507\derivatives\labels\sub-011\ses-headNormal\anat\sub-011_ses-headNormal_T2w_seg-manual.nii.gz","809","5","",78.23310876626348,0.0,0.38433833109254983,0.0,7.724319453850544,0.0,7.432914796103034,0.0,7.623736657208157,0.0,13.117499608386535,0.0,3.691770966045973,0.0,3.7411438300570614,0.0,0.8137278654480451,0.0,-2.336097678080889,0.0,0.9582057856991781,0.0,""
"2026-09-29 13:40:29","git-master-bddc7a050319718b5e4e0856afec0bc9ea96418f","C:\Users\marco\Desktop\ds004507\derivatives\labels\sub-011\ses-headNormal\anat\sub-011_ses-headNormal_T2w_seg-manual.nii.gz","810","5","",79.34423225532589,0.0,0.38512086697307646,0.0,7.557000900384383,0.0,7.612785232149936,0.0,7.628761294623185,0.0,13.213756389471595,0.0,3.82853058712564,0.0,3.7842546450242964,0.0,0.8163207718566343,0.0,-2.768222955727873,0.0,0.9530754487792817,0.0,""
"2026-09-29 13:40:29","git-master-bddc7a050319718b5e4e0856afec0bc9ea96418f","C:\Users\marco\Desktop\ds004507\derivatives\labels\sub-011\ses-headNormal\anat\sub-011_ses-headNormal_T2w_seg-manual.nii.gz","811","5","",80.58950167438515,0.0,0.38640383625313995,0.0,7.389840110823291,0.0,7.6841264857515466,0.0,7.665853200045969,0.0,13.310094344595237,0.0,3.8460496064857375,0.0,3.838076879265809,0.0,0.8172420798460354,0.0,-3.208703504610917,0.0,0.9606732259167805,0.0,""
"2026-09-29 13:40:29","git-master-bddc7a050319718b5e4e0856afec0bc9ea96418f","C:\Users\marco\Desktop\ds004507\derivatives\labels\sub-011\ses-headNormal\anat\sub-011_ses-headNormal_T2w_seg-manual.nii.gz","812","5","",79.83218125154339,0.0,0.3881872384853762,0.0,7.22284039905745,0.0,7.686731258646854,0.0,7.7520362503406375,0.0,13.062428183859678,0.0,3.792503607185404,0.0,3.89422765146145,0.0,0.8048523821891762,0.0,-3.5159199159794463,0.0,0.9725760941652075,0.0,""
"2026-09-29 13:40:29","git-master-bddc7a050319718b5e4e0856afec0bc9ea96418f","C:\Users\marco\Desktop\ds004507\derivatives\labels\sub-011\ses-headNormal\anat\sub-011_ses-headNormal_T2w_seg-manual.nii.gz","813","5","",79.79431988712079,0.0,0.3904710730447721,0.0,7.05600506309144,0.0,7.744692596502721,0.0,7.794888883221666,0.0,13.023792249348354,0.0,3.804520764868277,0.0,3.9401718316344443,0.0,0.8011108507549001,0.0,-2.0523303262526684,0.0,0.969057225618185,0.0,""
"2026-09-29 13:40:29","git-master-bddc7a050319718b5e4e0856afec0bc9ea96418f","C:\Users\marco\Desktop\ds004507\derivatives\labels\sub-011\ses-headNormal\anat\sub-011_ses-headNormal_T2w_seg-manual.nii.gz","814","5","",80.09306394391959,0.0,0.39325533912482796,0.0,6.8893373847234844,0.0,7.759516466811635,0.0,7.810398288044896,0.0,13.062294975694977,0.0,3.7928437765057312,0.0,3.9666726903059035,0.0,0.8014467728809709,0.0,-2.593015534875112,0.0,0.9640059776818566,0.0,""
"2026-09-29 13:40:29","git-master-bddc7a050319718b5e4e0856afec0bc9ea96418f","C:\Users\marco\Desktop\ds004507\derivatives\labels\sub-011\ses-headNormal\anat\sub-011_ses-headNormal_T2w_seg-manual.nii.gz","815","5","",78.72853826474241,0.0,0.396540035732652,0.0,6.722840629229019,0.0,7.528151226735588,0.0,7.635228475540331,0.0,13.186113780664352,0.0,3.654662638149727,0.0,3.873488588585862,0.0,0.8152921397598796,0.0,-2.5465499025322487,0.0,0.954289336922588,0.0,""
"2026-09-29 13:40:29","git-master-bddc7a050319718b5e4e0856afec0bc9ea96418f","C:\Users\marco\Desktop\ds004507\derivatives\labels\sub-011\ses-headNormal\anat\sub-011_ses-headNormal_T2w_seg-manual.nii.gz","816","5","",77.25271947357041,0.0,0.4003251616829861,0.0,6.556518045048645,0.0,7.220273351059546,0.0,7.534425406756213,0.0,13.222820000775835,0.0,3.5097482028681326,0.0,3.710525148191413,0.0,0.8217536579855957,0.0,-1.9939070093975566,0.0,0.9590311839950241,0.0,""
"2026-09-29 13:40:29","git-master-bddc7a050319718b5e4e0856afec0bc9ea96418f","C:\Users\marco\Desktop\ds004507\derivatives\labels\sub-011\ses-headNormal\anat\sub-011_ses-headNormal_T2w_seg-manual.nii.gz","817","5","",77.95487847526516,0.0,0.4046107155911628,0.0,6.390372863480572,0.0,7.218111467608346,0.0,7.431938691924714,0.0,13.421115383068205,0.0,3.455419809293565,0.0,3.762691658314781,0.0,0.8326831711824346,0.0,-0.1921247576387086,0.0,0.9552330586643709,0.0,""
"2026-09-29 13:40:29","git-master-bddc7a050319718b5e4e0856afec0bc9ea96418f","C:\Users\marco\Desktop\ds004507\derivatives\labels\sub-011\ses-headNormal\anat\sub-011_ses-headNormal_T2w_seg-manual.nii.gz","818","5","",78.3184553872073,0.0,0.40943244045315424,0.0,6.224421462720345,0.0,7.2262156903933334,0.0,7.464880202323575,0.0,13.403764018025408,0.0,3.4926182849047085,0.0,3.7335974054886245,0.0,0.830562573000109,0.0,-2.2356953209665336,0.0,0.9588309378479392,0.0,""
"2026-09-29 13:40:29","git-master-bddc7a050319718b5e4e0856afec0bc9ea96418f","C:\Users\marco\Desktop\ds004507\derivatives\labels\sub-011\ses-headNormal\anat\sub-011_ses-headNormal_T2w_seg-manual.nii.gz","819","5","",76.46984552128188,0.0,0.41475458954936795,0.0,6.058654362759211,0.0,7.2373756952274615,0.0,7.443919117043395,0.0,13.289439615211792,0.0,3.4488068711906004,0.0,3.7885688240368602,0.0,0.8283957590721305,0.0,-3.699289594638377,0.0,0.9646279712725983,0.0,""
"2026-09-29 13:40:29","git-master-bddc7a050319718b5e4e0856afec0bc9ea96418f","C:\Users\marco\Desktop\ds004507\derivatives\labels\sub-011\ses-headNormal\anat\sub-011_ses-headNormal_T2w_seg-manual.nii.gz","820","5","",76.87496728355092,0.0,0.42057716078323437,0.0,5.8930747370609335,0.0,7.243055484032146,0.0,7.413570159224705,0.0,13.409339282408606,0.0,3.4694110061704895,0.0,3.773644477861656,0.0,0.8332462746522504,0.0,-3.435275244929438,0.0,0.9704972920070515,0.0,""
"2026-09-29 13:40:29","git-master-bddc7a050319718b5e4e0856afec0bc9ea96418f","C:\Users\marco\Desktop\ds004507\derivatives\labels\sub-011\ses-headNormal\anat\sub-011_ses-headNormal_T2w_seg-manual.nii.gz","821","5","",79.9427707453059,0.0,0.426900151815227,0.0,5.7276857406598864,0.0,7.5821821331180725,0.0,7.653111939091601,0.0,13.416902406999828,0.0,3.764294911121003,0.0,3.8178872219970703,0.0,0.821242410507116,0.0,-3.5303940866029295,0.0,0.9529908468419186,0.0,""
"2026-09-29 13:40:29","git-master-bddc7a050319718b5e4e0856afec0bc9ea96418f","C:\Users\marco\Desktop\ds004507\derivatives\labels\sub-011\ses-headNormal\anat\sub-011_ses-headNormal_T2w_seg-manual.nii.gz","822","5","",80.6820898328581,0.0,0.43372356004994483,0.0,5.562490509879123,0.0,7.638581790207658,0.0,7.67812785662766,0.0,13.431135188991282,0.0,3.8335954520204316,0.0,3.804986338187226,0.0,0.8204723918394514,0.0,-4.378629899534582,0.0,0.9481514246196645,0.0,""
"2026-09-29 13:40:29","git-master-bddc7a050319718b5e4e0856afec0bc9ea96418f","C:\Users\marco\Desktop\ds004507\derivatives\labels\sub-011\ses-headNormal\anat\sub-011_ses-headNormal_T2w_seg-manual.nii.gz","823","5","",79.48382329377132,0.0,0.4410473826221279,0.0,5.397492162053256,0.0,7.373321322112245,0.0,7.510715426149674,0.0,13.488590337895454,0.0,3.7819570880763376,0.0,3.591364234035907,0.0,0.8305339418532516,0.0,-4.212637462735716,0.0,0.9570171922586956,0.0,""
"2026-09-29 13:40:29","git-master-bddc7a050319718b5e4e0856afec0bc9ea96418f","C:\Users\marco\Desktop\ds004507\derivatives\labels\sub-011\ses-headNormal\anat\sub-011_ses-headNormal_T2w_seg-manual.nii.gz","824","5","",79.8576497863003,0.0,0.4488716163816046,0.0,5.232693795256239,0.0,7.248026521338009,0.0,7.517125595268172,0.0,13.590384888032274,0.0,3.732024923765656,0.0,3.5160015975723526,0.0,0.8331020393329251,0.0,-4.561061502505358,0.0,0.9653982861019679,0.0,""
"2026-09-29 13:40:29","git-master-bddc7a050319718b5e4e0856afec0bc9ea96418f","C:\Users\marco\Desktop\ds004507\derivatives\labels\sub-011\ses-headNormal\anat\sub-011_ses-headNormal_T2w_seg-manual.nii.gz","825","5","",80.12684117401892,0.0,0.4571962578771713,0.0,5.068098488034084,0.0,7.257929900194154,0.0,7.568304202992003,0.0,13.604957068993528,0.0,3.6746935133773735,0.0,3.5832363868167807,0.0,0.8309874510250869,0.0,-4.52820574624777,0.0,0.96756795022604,0.0,""
"2026-09-29 13:40:29","git-master-bddc7a050319718b5e4e0856afec0bc9ea96418f","C:\Users\marco\Desktop\ds004507\derivatives\labels\sub-011\ses-headNormal\anat\sub-011_ses-headNormal_T2w_seg-manual.nii.gz","826","5","",80.07908393317632,0.0,0.4660213033394038,0.0,4.903709299142547,0.0,7.255783956327191,0.0,7.526272426301658,0.0,13.615813767336142,0.0,3.654109437702284,0.0,3.6016745186249066,0.0,0.8333121211567105,0.0,-4.142635470401183,0.0,0.963265144845302,0.0,""
"2026-09-29 13:40:29","git-master-bddc7a050319718b5e4e0856afec0bc9ea96418f","C:\Users\marco\Desktop\ds004507\derivatives\labels\sub-011\ses-headNormal\anat\sub-011_ses-headNormal_T2w_seg-manual.nii.gz","827","5","",80.84469709763015,0.0,0.4753467486624027,0.0,4.739529267289843,0.0,7.254678084645556,0.0,7.504326494371323,0.0,13.689895120655976,0.0,3.646177399743936,0.0,3.6085006849016197,0.0,0.8363699846441809,0.0,-3.7364465733794847,0.0,0.962586073281629,0.0,""
"2026-09-29 13:40:29","git-master-bddc7a050319718b5e4e0856afec0bc9ea96418f","C:\Users\marco\Desktop\ds004507\derivatives\labels\sub-011\ses-headNormal\anat\sub-011_ses-headNormal_T2w_seg-manual.nii.gz","828","5","",80.96597188729697,0.0,0.48517258938447017,0.0,4.575561410884407,0.0,7.285560076407374,0.0,7.5300002338763985,0.0,13.674046496339898,0.0,3.6124283801306083,0.0,3.6731316962767657,0.0,0.8347037690283163,0.0,-2.7913493971164027,0.0,0.9669709164853135,0.0,""
"2026-09-29 13:40:29","git-master-bddc7a050319718b5e4e0856afec0bc9ea96418f","C:\Users\marco\Desktop\ds004507\derivatives\labels\sub-011\ses-headNormal\anat\sub-011_ses-headNormal_T2w_seg-manual.nii.gz","829","5","",80.89228142694631,0.0,0.4954988206677202,0.0,4.411808727787766,0.0,7.367585873648129,0.0,7.564344515746653,0.0,13.636089306318311,0.0,3.650306012876707,0.0,3.717279860771422,0.0,0.8320284183284944,0.0,-2.6942337942813066,0.0,0.9592436230514879,0.0,""
"2026-09-29 13:40:29","git-master-bddc7a050319718b5e4e0856afec0bc9ea96418f","C:\Users\marco\Desktop\ds004507\derivatives\labels\sub-011\ses-headNormal\anat\sub-011_ses-headNormal_T2w_seg-manual.nii.gz","830","5","",81.45245730680284,0.0,0.5063254372766209,0.0,4.248274195072537,0.0,7.383668497238654,0.0,7.5951539744966,0.0,13.656318944882479,0.0,3.6732014483491855,0.0,3.710467048889469,0.0,0.8310151098260445,0.0,-2.1309135968442456,0.0,0.9531923399390771,0.0,""
"2026-09-29 13:40:29","git-master-bddc7a050319718b5e4e0856afec0bc9ea96418f","C:\Users\marco\Desktop\ds004507\derivatives\labels\sub-011\ses-headNormal\anat\sub-011_ses-headNormal_T2w_seg-manual.nii.gz","831","5","",81.55984875069271,0.0,0.5176524335554706,0.0,4.084960768785582,0.0,7.482988973726648,0.0,7.7067451136309515,0.0,13.52491309026675,0.0,3.699222679067628,0.0,3.7837662946590207,0.0,0.8217706154456804,0.0,-3.117749099590161,0.0,0.9530300311798197,0.0,""
"2026-09-29 13:40:29","git-master-bddc7a050319718b5e4e0856afec0bc9ea96418f","C:\Users\marco\Desktop\ds004507\derivatives\labels\sub-011\ses-headNormal\anat\sub-011_ses-headNormal_T2w_seg-manual.nii.gz","832","5","",82.23233951451698,0.0,0.5294798034048086,0.0,3.921871383716375,0.0,7.599193259828368,0.0,7.7336857513224935,0.0,13.541372474066542,0.0,3.744849397618854,0.0,3.8543438622095136,0.0,0.8208668785702108,0.0,-2.674700596041409,0.0,0.9575545082789132,0.0,""
"2026-09-29 13:40:29","git-master-bddc7a050319718b5e4e0856afec0bc9ea96418f","C:\Users\marco\Desktop\ds004507\derivatives\labels\sub-011\ses-headNormal\anat\sub-011_ses-headNormal_T2w_seg-manual.nii.gz","833","5","",82.58748489761443,0.0,0.5418075402567561,0.0,3.759008953170581,0.0,7.598801707710782,0.0,7.826250005144503,0.0,13.53962179167273,0.0,3.672508332707277,0.0,3.926293375003505,0.0,0.8160185263738817,0.0,-3.0625971939775245,0.0,0.9689985961628451,0.0,""
"2026-09-29 13:40:29","git-master-bddc7a050319718b5e4e0856afec0bc9ea96418f","C:\Users\marco\Desktop\ds004507\derivatives\labels\sub-011\ses-headNormal\anat\sub-011_ses-headNormal_T2w_seg-manual.nii.gz","834","4","",82.24115251725318,0.0,0.5555289654894783,0.0,3.5855519604942225,0.0,7.7183831125031865,0.0,7.817285630702209,0.0,13.431534618855407,0.0,3.808230201417847,0.0,3.9101529110853392,0.0,0.813181725531182,0.0,-3.6757580196051314,0.0,0.9660697455230914,0.0,""
"2026-09-29 13:40:29","git-master-bddc7a050319718b5e4e0856afec0bc9ea96418f","C:\Users\marco\Desktop\ds004507\derivatives\labels\sub-011\ses-headNormal\anat\sub-011_ses-headNormal_T2w_seg-manual.nii.gz","835","4","",81.99034894571159,0.0,0.5658518719093937,0.0,3.460469909551375,0.0,7.721624852134361,0.0,7.745921727806341,0.0,13.482258631779288,0.0,3.7567122091230654,0.0,3.9649126430112953,0.0,0.8184583736065255,0.0,-3.309435454144733,0.0,0.9624197806606605,0.0,""
"2026-09-29 13:40:29","git-master-bddc7a050319718b5e4e0856afec0bc9ea96418f","C:\Users\marco\Desktop\ds004507\derivatives\labels\sub-011\ses-headNormal\anat\sub-011_ses-headNormal_T2w_seg-manual.nii.gz","836","4","",82.06124783847287,0.0,0.5764289203829882,0.0,3.3355078401114886,0.0,7.767543706312243,0.0,7.722804203411762,0.0,13.518476779791383,0.0,3.7455978415201403,0.0,4.021945864792103,0.0,0.8207562626839151,0.0,-3.1586752203174986,0.0,0.9629385711281816,0.0,""
"2026-09-29 13:40:29","git-master-bddc7a050319718b5e4e0856afec0bc9ea96418f","C:\Users\marco\Desktop\ds004507\derivatives\labels\sub-011\ses-headNormal\anat\sub-011_ses-headNormal_T2w_seg-manual.nii.gz","837","4","",82.27269187980339,0.0,0.5871590510476928,0.0,3.2107063818925785,0.0,7.8228016502722735,0.0,7.7425857909285485,0.0,13.538552064708906,0.0,3.750345175371404,0.0,4.07245647490087,0.0,0.8203234313911095,0.0,-3.189492326510597,0.0,0.9663546233043762,0.0,""
"2026-09-29 13:40:29","git-master-bddc7a050319718b5e4e0856afec0bc9ea96418f","C:\Users\marco\Desktop\ds004507\derivatives\labels\sub-011\ses-headNormal\anat\sub-011_ses-headNormal_T2w_seg-manual.nii.gz","838","4","",82.28240628240033,0.0,0.597869993070933,0.0,3.0861903329457516,0.0,7.820279238200486,0.0,7.8048511296055265,0.0,13.53503835787741,0.0,3.7237906292952614,0.0,4.096488608905225,0.0,0.8169939467767235,0.0,-3.3764790418690462,0.0,0.9707433075720819,0.0,""
"2026-09-29 13:40:29","git-master-bddc7a050319718b5e4e0856afec0bc9ea96418f","C:\Users\marco\Desktop\ds004507\derivatives\labels\sub-011\ses-headNormal\anat\sub-011_ses-headNormal_T2w_seg-manual.nii.gz","839","4","",82.51315263759825,0.0,0.6081892825339513,0.0,2.962137375092708,0.0,7.750102367571931,0.0,7.799535805908609,0.0,13.58051707871837,0.0,3.7283904106855714,0.0,4.02171195688636,0.0,0.8186222767650634,0.0,-2.992725531633821,0.0,0.9710522404018351,0.0,""
"2026-09-29 13:40:29","git-master-bddc7a050319718b5e4e0856afec0bc9ea96418f","C:\Users\marco\Desktop\ds004507\derivatives\labels\sub-011\ses-headNormal\anat\sub-011_ses-headNormal_T2w_seg-manual.nii.gz","840","4","",82.66301024530675,0.0,0.6182237365501326,0.0,2.838422483233716,0.0,7.710313838765699,0.0,7.793699608242474,0.0,13.609630583421444,0.0,3.7069275199390037,0.0,4.003386318826696,0.0,0.8197923953026249,0.0,-2.58168142967505,0.0,0.9696503255270129,0.0,""
"2026-09-29 13:40:29","git-master-bddc7a050319718b5e4e0856afec0bc9ea96418f","C:\Users\marco\Desktop\ds004507\derivatives\labels\sub-011\ses-headNormal\anat\sub-011_ses-headNormal_T2w_seg-manual.nii.gz","841","4","",82.69171252562707,0.0,0.6279733565083252,0.0,2.7150462889095146,0.0,7.713077336208174,0.0,7.796586362413917,0.0,13.61407400118877,0.0,3.648150025416378,0.0,4.064927310791797,0.0,0.8197686363623121,0.0,-2.235785693805756,0.0,0.9675839318963517,0.0,""
"2026-09-29 13:40:29","git-master-bddc7a050319718b5e4e0856afec0bc9ea96418f","C:\Users\marco\Desktop\ds004507\derivatives\labels\sub-011\ses-headNormal\anat\sub-011_ses-headNormal_T2w_seg-manual.nii.gz","842","4","",82.9616201305795,0.0,0.6372957302367139,0.0,2.592180318415685,0.0,7.628817014069041,0.0,7.739417269980857,0.0,13.676297399369307,0.0,3.5857766199574197,0.0,4.043040394111621,0.0,0.8244531997144313,0.0,-1.6009453336286628,0.0,0.9711108392176148,0.0,""
"2026-09-29 13:40:29","git-master-bddc7a050319718b5e4e0856afec0bc9ea96418f","C:\Users\marco\Desktop\ds004507\derivatives\labels\sub-011\ses-headNormal\anat\sub-011_ses-headNormal_T2w_seg-manual.nii.gz","843","4","",83.39596180234037,0.0,0.6462976734257516,0.0,2.4696988402209334,0.0,7.618613467662247,0.0,7.705701615814949,0.0,13.784614497805787,0.0,3.5898830276789284,0.0,4.028730439983318,0.0,0.8291216922900867,0.0,-2.9883608265287833,0.0,0.9532328521958296,0.0,""
"2026-09-29 13:40:29","git-master-bddc7a050319718b5e4e0856afec0bc9ea96418f","C:\Users\marco\Desktop\ds004507\derivatives\labels\sub-011\ses-headNormal\anat\sub-011_ses-headNormal_T2w_seg-manual.nii.gz","844","4","",84.23288505508124,0.0,0.6550147912813611,0.0,2.3475599252424195,0.0,7.683679989020808,0.0,7.737350767191826,0.0,13.864339859908743,0.0,3.649569080540036,0.0,4.0341109084807725,0.0,0.8297385657211095,0.0,-4.847352627676871,0.0,0.9369276486431871,0.0,""
"2026-09-29 13:40:29","git-master-bddc7a050319718b5e4e0856afec0bc9ea96418f","C:\Users\marco\Desktop\ds004507\derivatives\labels\sub-011\ses-headNormal\anat\sub-011_ses-headNormal_T2w_seg-manual.nii.gz","845","4","",85.81118279821877,0.0,0.6634114826761084,0.0,2.2258072852013604,0.0,7.844047387119083,0.0,7.892617292772814,0.0,13.833640115005329,0.0,3.7678295217847753,0.0,4.076217865334308,0.0,0.8212553668531731,0.0,-5.7451352693056865,0.0,0.9455661022391634,0.0,""
"2026-09-29 13:40:29","git-master-bddc7a050319718b5e4e0856afec0bc9ea96418f","C:\Users\marco\Desktop\ds004507\derivatives\labels\sub-011\ses-headNormal\anat\sub-011_ses-headNormal_T2w_seg-manual.nii.gz","846","4","",85.2135180119009,0.0,0.6713809441243195,0.0,2.1045719998760997,0.0,7.76650309296829,0.0,7.7979246278897065,0.0,13.919802827992012,0.0,3.759074648231171,0.0,4.007428444737119,0.0,0.8282746628030339,0.0,-5.126254491265989,0.0,0.9434619346193462,0.0,""
"2026-09-29 13:40:29","git-master-bddc7a050319718b5e4e0856afec0bc9ea96418f","C:\Users\marco\Desktop\ds004507\derivatives\labels\sub-011\ses-headNormal\anat\sub-011_ses-headNormal_T2w_seg-manual.nii.gz","847","4","",84.01095368450841,0.0,0.6790655886427659,0.0,1.9836829397765317,0.0,7.672148299711041,0.0,7.698500075073233,0.0,13.902456955150937,0.0,3.708449018515921,0.0,3.9636992811951197,0.0,0.8326852673637746,0.0,-4.585492966884042,0.0,0.9395462770912348,0.0,""
"2026-09-29 13:40:29","git-master-bddc7a050319718b5e4e0856afec0bc9ea96418f","C:\Users\marco\Desktop\ds004507\derivatives\labels\sub-011\ses-headNormal\anat\sub-011_ses-headNormal_T2w_seg-manual.nii.gz","848","4","",82.72731165937367,0.0,0.6864654175053319,0.0,1.8631406623956002,0.0,7.581202828796287,0.0,7.6293630808741995,0.0,13.814649304720058,0.0,3.644017379911432,0.0,3.937185448884855,0.0,0.8336673533829535,0.0,-4.231716121255644,0.0,0.9357039207523804,0.0,""
"2026-09-29 13:40:29","git-master-bddc7a050319718b5e4e0856afec0bc9ea96418f","C:\Users\marco\Desktop\ds004507\derivatives\labels\sub-011\ses-headNormal\anat\sub-011_ses-headNormal_T2w_seg-manual.nii.gz","849","4","",82.99456913943669,0.0,0.6934736283075934,0.0,1.743076731827255,0.0,7.49479281888356,0.0,7.650916877360336,0.0,13.873181176332933,0.0,3.651144526364535,0.0,3.8436482925190254,0.0,0.8341809697935292,0.0,-3.9422464695154606,0.0,0.9365842864730501,0.0,""
"2026-09-29 13:40:29","git-master-bddc7a050319718b5e4e0856afec0bc9ea96418f","C:\Users\marco\Desktop\ds004507\derivatives\labels\sub-011\ses-headNormal\anat\sub-011_ses-headNormal_T2w_seg-manual.nii.gz","850","4","",83.884740035737,0.0,0.700125826738414,0.0,1.6234494598598177,0.0,7.494768802918498,0.0,7.685658514242215,0.0,13.977883661259302,0.0,3.723862975124545,0.0,3.7709058277939516,0.0,0.8352607461335049,0.0,-3.4860547405109203,0.0,0.9466131676416447,0.0,""
"2026-09-29 13:40:29","git-master-bddc7a050319718b5e4e0856afec0bc9ea96418f","C:\Users\marco\Desktop\ds004507\derivatives\labels\sub-011\ses-headNormal\anat\sub-011_ses-headNormal_T2w_seg-manual.nii.gz","851","4","",84.04514469508361,0.0,0.7064932172080592,0.0,1.5041723912348501,0.0,7.512265516781308,0.0,7.697081211791401,0.0,13.996609891798677,0.0,3.7551710206632256,0.0,3.7570944961180825,0.0,0.835202429942934,0.0,-3.359795937612891,0.0,0.9539470906224006,0.0,""
"2026-09-29 13:40:29","git-master-bddc7a050319718b5e4e0856afec0bc9ea96418f","C:\Users\marco\Desktop\ds004507\derivatives\labels\sub-011\ses-headNormal\anat\sub-011_ses-headNormal_T2w_seg-manual.nii.gz","852","4","",82.73892493551041,0.0,0.7125758008781158,0.0,1.3852460518293985,0.0,7.51633012127384,0.0,7.664863443018324,0.0,13.855612220928391,0.0,3.6887385959404626,0.0,3.827591525333377,0.0,0.8330514089373764,0.0,-3.841456413572164,0.0,0.9525777930876105,0.0,""
"2026-09-29 13:40:29","git-master-bddc7a050319718b5e4e0856afec0bc9ea96418f","C:\Users\marco\Desktop\ds004507\derivatives\labels\sub-011\ses-headNormal\anat\sub-011_ses-headNormal_T2w_seg-manual.nii.gz","853","4","",82.21875328734586,0.0,0.7181955782802449,0.0,1.2668918682143633,0.0,7.512117295787552,0.0,7.651597065261734,0.0,13.808259167125184,0.0,3.6950527486738243,0.0,3.817064547113728,0.0,0.8324277536075423,0.0,-3.237812836202402,0.0,0.9477140606110328,0.0,""
"2026-09-29 13:40:29","git-master-bddc7a050319718b5e4e0856afec0bc9ea96418f","C:\Users\marco\Desktop\ds004507\derivatives\labels\sub-011\ses-headNormal\anat\sub-011_ses-headNormal_T2w_seg-manual.nii.gz","854","4","",82.82710255380343,0.0,0.7235305545983886,0.0,1.148891111705956,0.0,7.54573048608709,0.0,7.716672522125556,0.0,13.795148017773137,0.0,3.7334200935399946,0.0,3.812310392547096,0.0,0.8288895145153562,0.0,-3.315991138315239,0.0,0.9501195155393193,0.0,""
"2026-09-29 13:40:29","git-master-bddc7a050319718b5e4e0856afec0bc9ea96418f","C:\Users\marco\Desktop\ds004507\derivatives\labels\sub-011\ses-headNormal\anat\sub-011_ses-headNormal_T2w_seg-manual.nii.gz","855","4","",83.71730918826503,0.0,0.7285807308041813,0.0,1.0312442683411098,0.0,7.58597816018159,0.0,7.802671432922007,0.0,13.787117890506456,0.0,3.7582421599833227,0.0,3.827736000198267,0.0,0.8244442716351498,0.0,-3.911472426756325,0.0,0.9562474221787403,0.0,""
"2026-09-29 13:40:29","git-master-bddc7a050319718b5e4e0856afec0bc9ea96418f","C:\Users\marco\Desktop\ds004507\derivatives\labels\sub-011\ses-headNormal\anat\sub-011_ses-headNormal_T2w_seg-manual.nii.gz","856","4","",83.19595514394413,0.0,0.7332749088937739,0.0,0.9140408289826591,0.0,7.569536580705485,0.0,7.795203034701361,0.0,13.724687202584416,0.0,3.6711358147404884,0.0,3.898400765964996,0.0,0.8230477322997747,0.0,-4.810834754036165,0.0,0.9596393607618094,0.0,""
"2026-09-29 13:40:29","git-master-bddc7a050319718b5e4e0856afec0bc9ea96418f","C:\Users\marco\Desktop\ds004507\derivatives\labels\sub-011\ses-headNormal\anat\sub-011_ses-headNormal_T2w_seg-manual.nii.gz","857","4","",82.89578316978042,0.0,0.7375774923513485,0.0,0.7973268682463293,0.0,7.53682838627256,0.0,7.784050763787649,0.0,13.70159348345624,0.0,3.6342989712036182,0.0,3.902529415068942,0.0,0.8229507459210653,0.0,-4.155929311507737,0.0,0.9541682828604521,0.0,""
"2026-09-29 13:40:29","git-master-bddc7a050319718b5e4e0856afec0bc9ea96418f","C:\Users\marco\Desktop\ds004507\derivatives\labels\sub-011\ses-headNormal\anat\sub-011_ses-headNormal_T2w_seg-manual.nii.gz","858","4","",82.99869004663036,0.0,0.7415952813569344,0.0,0.6809698119792327,0.0,7.574675227888147,0.0,7.809250919327993,0.0,13.67983067201438,0.0,3.675474140600788,0.0,3.8992010872873593,0.0,0.8210296433086081,0.0,-4.071803519857291,0.0,0.9524384545048865,0.0,""
"2026-09-29 13:40:29","git-master-bddc7a050319718b5e4e0856afec0bc9ea96418f","C:\Users\marco\Desktop\ds004507\derivatives\labels\sub-011\ses-headNormal\anat\sub-011_ses-headNormal_T2w_seg-manual.nii.gz","859","4","",83.48455043697443,0.0,0.7453282767057091,0.0,0.5649701159074111,0.0,7.688748411991763,0.0,7.8741269247322565,0.0,13.6498766156011,0.0,3.7873135235743622,0.0,3.9014348884174006,0.0,0.8168378506727537,0.0,-4.944050636190253,0.0,0.9567219648830981,0.0,""
"2026-09-29 13:40:29","git-master-bddc7a050319718b5e4e0856afec0bc9ea96418f","C:\Users\marco\Desktop\ds004507\derivatives\labels\sub-011\ses-headNormal\anat\sub-011_ses-headNormal_T2w_seg-manual.nii.gz","860","4","",83.48575798091125,0.0,0.7486340841645421,0.0,0.449508025193204,0.0,7.688361272291565,0.0,7.896802027655321,0.0,13.60312537794313,0.0,3.7829140200034153,0.0,3.9054472522881487,0.0,0.8142433580092082,0.0,-5.345539576520554,0.0,0.9582276408288307,0.0,""
"2026-09-29 13:40:29","git-master-bddc7a050319718b5e4e0856afec0bc9ea96418f","C:\Users\marco\Desktop\ds004507\derivatives\labels\sub-011\ses-headNormal\anat\sub-011_ses-headNormal_T2w_seg-manual.nii.gz","861","4","",83.30529780755944,0.0,0.7516195026791395,0.0,0.3344504417842261,0.0,7.661377345736883,0.0,7.880733361019612,0.0,13.596089457538323,0.0,3.783728023854861,0.0,3.8776493218820214,0.0,0.8148736095775498,0.0,-5.542856032505536,0.0,0.9594904904919144,0.0,""
"2026-09-29 13:40:29","git-master-bddc7a050319718b5e4e0856afec0bc9ea96418f","C:\Users\marco\Desktop\ds004507\derivatives\labels\sub-011\ses-headNormal\anat\sub-011_ses-headNormal_T2w_seg-manual.nii.gz","862","4","",83.12460850431144,0.0,0.7543201317825661,0.0,0.21975298284257033,0.0,7.662677784265584,0.0,7.856038397143287,0.0,13.605702424451158,0.0,3.7912947051359818,0.0,3.8713830791296022,0.0,0.8164556723345886,0.0,-5.516909829517724,0.0,0.9589973009085637,0.0,""
"2026-09-29 13:40:29","git-master-bddc7a050319718b5e4e0856afec0bc9ea96418f","C:\Users\marco\Desktop\ds004507\derivatives\labels\sub-011\ses-headNormal\anat\sub-011_ses-headNormal_T2w_seg-manual.nii.gz","863","4","",83.12507137608561,0.0,0.7567003736550937,0.0,0.10546129664715995,0.0,7.754214831086384,0.0,7.8506780340343525,0.0,13.61306007057552,0.0,3.80884140321148,0.0,3.9453734278749044,0.0,0.8169545660343083,0.0,-5.192795128186442,0.0,0.9547958493033849,0.0,""
"2026-09-29 13:40:29","git-master-bddc7a050319718b5e4e0856afec0bc9ea96418f","C:\Users\marco\Desktop\ds004507\derivatives\labels\sub-011\ses-headNormal\anat\sub-011_ses-headNormal_T2w_seg-manual.nii.gz","864","4","",83.1251206681146,0.0,0.7586534344811834,0.0,-0.008287721949729251,0.0,7.754605584597667,0.0,7.847013247538559,0.0,13.62197629760262,0.0,3.8727412820439553,0.0,3.8818643025537116,0.0,0.8174103523630093,0.0,-5.702933770827425,0.0,0.951722447472498,0.0,""
"2026-09-29 13:40:29","git-master-bddc7a050319718b5e4e0856afec0bc9ea96418f","C:\Users\marco\Desktop\ds004507\derivatives\labels\sub-011\ses-headNormal\anat\sub-011_ses-headNormal_T2w_seg-manual.nii.gz","865","4","",83.12489808042548,0.0,0.7603217088550227,0.0,-0.12167403594787904,0.0,7.755209921390231,0.0,7.841510221581491,0.0,13.628989709091902,0.0,3.9048076775002167,0.0,3.850402243890014,0.0,0.8179033241070224,0.0,-5.652494946093562,0.0,0.9519961170262051,0.0,""
"2026-09-29 13:40:29","git-master-bddc7a050319718b5e4e0856afec0bc9ea96418f","C:\Users\marco\Desktop\ds004507\derivatives\labels\sub-011\ses-headNormal\anat\sub-011_ses-headNormal_T2w_seg-manual.nii.gz","866","4","",83.16473139861507,0.0,0.7617051971056146,0.0,-0.23469725657220147,0.0,7.760770401625416,0.0,7.83858394795975,0.0,13.635006837102111,0.0,3.9056745286950743,0.0,3.855095872930342,0.0,0.8182329358385356,0.0,-5.2002583432177065,0.0,0.9545715010934928,0.0,""
"2026-09-29 13:40:29","git-master-bddc7a050319718b5e4e0856afec0bc9ea96418f","C:\Users\marco\Desktop\ds004507\derivatives\labels\sub-011\ses-headNormal\anat\sub-011_ses-headNormal_T2w_seg-manual.nii.gz","867","4","",83.42599144005183,0.0,0.7626971052564249,0.0,-0.34722016590654026,0.0,7.75677530581167,0.0,7.859161917597757,0.0,13.645127121724615,0.0,3.903226200523168,0.0,3.8535491052885025,0.0,0.8174718297904999,0.0,-5.50859869188854,0.0,0.9544704265837168,0.0,""
"2026-09-29 13:40:29","git-master-bddc7a050319718b5e4e0856afec0bc9ea96418f","C:\Users\marco\Desktop\ds004507\derivatives\labels\sub-011\ses-headNormal\anat\sub-011_ses-headNormal_T2w_seg-manual.nii.gz","868","4","",83.4851503902722,0.0,0.7633330321783421,0.0,-0.45928700491198615,0.0,7.752159652126825,0.0,7.878216168094471,0.0,13.608462718194763,0.0,3.846555107296157,0.0,3.9056045448306684,0.0,0.8153742688593667,0.0,-5.880862149730529,0.0,0.9581514533197267,0.0,""
"2026-09-29 13:40:29","git-master-bddc7a050319718b5e4e0856afec0bc9ea96418f","C:\Users\marco\Desktop\ds004507\derivatives\labels\sub-011\ses-headNormal\anat\sub-011_ses-headNormal_T2w_seg-manual.nii.gz","869","4","",83.18122354741966,0.0,0.763684174298936,0.0,-0.5709883867111681,0.0,7.749821141855082,0.0,7.865190119815661,0.0,13.570295736894671,0.0,3.827835556961533,0.0,3.9219855848935494,0.0,0.8149051441128383,0.0,-6.064097533033842,0.0,0.9615671870651451,0.0,""
"2026-09-29 13:40:29","git-master-bddc7a050319718b5e4e0856afec0bc9ea96418f","C:\Users\marco\Desktop\ds004507\derivatives\labels\sub-011\ses-headNormal\anat\sub-011_ses-headNormal_T2w_seg-manual.nii.gz","870","4","",82.39336795943439,0.0,0.7637505317272808,0.0,-0.6823239507381966,0.0,7.75142392882243,0.0,7.801566978683834,0.0,13.55218128147532,0.0,3.8958654024811765,0.0,3.8555585263412526,0.0,0.8176830156055643,0.0,-5.914204904673121,0.0,0.96274304342764,0.0,""
"2026-09-29 13:40:29","git-master-bddc7a050319718b5e4e0856afec0bc9ea96418f","C:\Users\marco\Desktop\ds004507\derivatives\labels\sub-011\ses-headNormal\anat\sub-011_ses-headNormal_T2w_seg-manual.nii.gz","871","3","",82.39045902624648,0.0,0.7632016457680371,0.0,-0.8356557033841235,0.0,7.7511458726888165,0.0,7.800369759119622,0.0,13.549009521547664,0.0,3.891692642017081,0.0,3.8594532306717357,0.0,0.8176503474587749,0.0,-5.91507747535694,0.0,0.9627300256231074,0.0,""
"2026-09-29 13:40:29","git-master-bddc7a050319718b5e4e0856afec0bc9ea96418f","C:\Users\marco\Desktop\ds004507\derivatives\labels\sub-011\ses-headNormal\anat\sub-011_ses-headNormal_T2w_seg-manual.nii.gz","872","3","",81.86377738892917,0.0,0.7623424527109804,0.0,-0.9457978774820512,0.0,7.749943442494319,0.0,7.822929520735997,0.0,13.417746050898598,0.0,3.876754568909839,0.0,3.8731888735844815,0.0,0.8124125665601696,0.0,-5.852993744181718,0.0,0.9635591928387258,0.0,""
"2026-09-29 13:40:29","git-master-bddc7a050319718b5e4e0856afec0bc9ea96418f","C:\Users\marco\Desktop\ds004507\derivatives\labels\sub-011\ses-headNormal\anat\sub-011_ses-headNormal_T2w_seg-manual.nii.gz","873","3","",81.65943818917692,0.0,0.7611984743085924,0.0,-1.055571537810124,0.0,7.749276306403212,0.0,7.830519692149391,0.0,13.367658950496143,0.0,3.8683849990513863,0.0,3.8808913073518254,0.0,0.8104694190106708,0.0,-5.833426568664499,0.0,0.9637735158384646,0.0,""
"2026-09-29 13:40:29","git-master-bddc7a050319718b5e4e0856afec0bc9ea96418f","C:\Users\marco\Desktop\ds004507\derivatives\labels\sub-011\ses-headNormal\anat\sub-011_ses-headNormal_T2w_seg-manual.nii.gz","874","3","",81.53552353586025,0.0,0.7597697102896717,0.0,-1.164976370494807,0.0,7.7498712318182985,0.0,7.822039105156229,0.0,13.360127927176586,0.0,3.8633975223339383,0.0,3.8864737094843593,0.0,0.8106897168088347,0.0,-5.7460308831331846,0.0,0.962755413523329,0.0,""
"2026-09-29 13:40:29","git-master-bddc7a050319718b5e4e0856afec0bc9ea96418f","C:\Users\marco\Desktop\ds004507\derivatives\labels\sub-011\ses-headNormal\anat\sub-011_ses-headNormal_T2w_seg-manual.nii.gz","875","3","",81.00814395906828,0.0,0.757984963685082,0.0,-1.2739195147220548,0.0,7.753557832871973,0.0,7.791175969730759,0.0,13.325333056119591,0.0,3.855999307651525,0.0,3.897558525220448,0.0,0.8112576796219017,0.0,-5.343964006600712,0.0,0.9589101522750277,0.0,""
"2026-09-29 13:40:29","git-master-bddc7a050319718b5e4e0856afec0bc9ea96418f","C:\Users\marco\Desktop\ds004507\derivatives\labels\sub-011\ses-headNormal\anat\sub-011_ses-headNormal_T2w_seg-manual.nii.gz","876","3","",80.68271641259506,0.0,0.7558086349000812,0.0,-1.3823536923544903,0.0,7.8460060520766,0.0,7.828007068463735,0.0,13.213745022996173,0.0,3.913628383644605,0.0,3.932377668431995,0.0,0.8055662926940097,0.0,-4.91192823807507,0.0,0.9536344433997939,0.0,""
"2026-09-29 13:40:29","git-master-bddc7a050319718b5e4e0856afec0bc9ea96418f","C:\Users\marco\Desktop\ds004507\derivatives\labels\sub-011\ses-headNormal\anat\sub-011_ses-headNormal_T2w_seg-manual.nii.gz","877","3","",80.1627694086277,0.0,0.7533475181626272,0.0,-1.4904171298018027,0.0,7.854645161417319,0.0,7.8159174555707445,0.0,13.149513657885624,0.0,3.9007087142158143,0.0,3.953936447201505,0.0,0.80415876292105,0.0,-4.414317241157875,0.0,0.9474876143739329,0.0,""
"2026-09-29 13:40:29","git-master-bddc7a050319718b5e4e0856afec0bc9ea96418f","C:\Users\marco\Desktop\ds004507\derivatives\labels\sub-011\ses-headNormal\anat\sub-011_ses-headNormal_T2w_seg-manual.nii.gz","878","3","",79.41331894462535,0.0,0.7506016129867364,0.0,-1.5981095394218052,0.0,7.754797624017666,0.0,7.736198102138904,0.0,13.156865969617764,0.0,3.805046684687066,0.0,3.9497509393306003,0.0,0.808862139286506,0.0,-3.871659916061149,0.0,0.9412069779517404,0.0,""
"2026-09-29 13:40:29","git-master-bddc7a050319718b5e4e0856afec0bc9ea96418f","C:\Users\marco\Desktop\ds004507\derivatives\labels\sub-011\ses-headNormal\anat\sub-011_ses-headNormal_T2w_seg-manual.nii.gz","879","3","",79.1471590786596,0.0,0.7474285232428997,0.0,-1.7052444263735578,0.0,7.752376528212488,0.0,7.702124421044089,0.0,13.16475554784022,0.0,3.8696827824935394,0.0,3.882693745718949,0.0,0.8109894988941846,0.0,-3.6302153979455927,0.0,0.9418751954683394,0.0,""
"2026-09-29 13:40:29","git-master-bddc7a050319718b5e4e0856afec0bc9ea96418f","C:\Users\marco\Desktop\ds004507\derivatives\labels\sub-011\ses-headNormal\anat\sub-011_ses-headNormal_T2w_seg-manual.nii.gz","880","3","",79.06209022985607,0.0,0.7439350431735868,0.0,-1.811960363311335,0.0,7.750801829700201,0.0,7.655374117026844,0.0,13.178991212330038,0.0,3.884492174285858,0.0,3.866309655414343,0.0,0.8139792593866495,0.0,-3.489538366410502,0.0,0.9413534626816399,0.0,""
"2026-09-29 13:40:29","git-master-bddc7a050319718b5e4e0856afec0bc9ea96418f","C:\Users\marco\Desktop\ds004507\derivatives\labels\sub-011\ses-headNormal\anat\sub-011_ses-headNormal_T2w_seg-manual.nii.gz","881","3","",78.896256080323,0.0,0.740156770746784,0.0,-1.9183035555035781,0.0,7.740423438378929,0.0,7.6108176914966945,0.0,13.186716694331627,0.0,3.850778964031553,0.0,3.8896444743473766,0.0,0.8166322675881992,0.0,-3.594531205709428,0.0,0.940391371620514,0.0,""
"2026-09-29 13:40:29","git-master-bddc7a050319718b5e4e0856afec0bc9ea96418f","C:\Users\marco\Desktop\ds004507\derivatives\labels\sub-011\ses-headNormal\anat\sub-011_ses-headNormal_T2w_seg-manual.nii.gz","882","3","",78.36760898698627,0.0,0.7360581058411041,0.0,-2.024227022032344,0.0,7.709390340944553,0.0,7.583874115484933,0.0,13.173448179467341,0.0,3.7577166051864985,0.0,3.9516737357580554,0.0,0.8176651822504037,0.0,-4.151513767804426,0.0,0.9396284247452272,0.0,""
"2026-09-29 13:40:29","git-master-bddc7a050319718b5e4e0856afec0bc9ea96418f","C:\Users\marco\Desktop\ds004507\derivatives\labels\sub-011\ses-headNormal\anat\sub-011_ses-headNormal_T2w_seg-manual.nii.gz","883","3","",77.35530729482925,0.0,0.7315322477664598,0.0,-2.12958986273264,0.0,7.644586585631148,0.0,7.533503064364172,0.0,13.075542669266042,0.0,3.749108875038602,0.0,3.8954777105925467,0.0,0.817340758461226,0.0,-4.629432902399792,0.0,0.9395941762173242,0.0,""
"2026-09-29 13:40:29","git-master-bddc7a050319718b5e4e0856afec0bc9ea96418f","C:\Users\marco\Desktop\ds004507\derivatives\labels\sub-011\ses-headNormal\anat\sub-011_ses-headNormal_T2w_seg-manual.nii.gz","884","3","",77.00736079635038,0.0,0.7277496080553865,0.0,-2.234578398954616,0.0,7.613405109925551,0.0,7.512883561861282,0.0,13.047338765352297,0.0,3.7425258643588832,0.0,3.870879245566668,0.0,0.8175767640249116,0.0,-4.9436185484672945,0.0,0.9385438897124014,0.0,""
"2026-09-29 13:40:29","git-master-bddc7a050319718b5e4e0856afec0bc9ea96418f","C:\Users\marco\Desktop\ds004507\derivatives\labels\sub-011\ses-headNormal\anat\sub-011_ses-headNormal_T2w_seg-manual.nii.gz","885","3","",77.26338685768567,0.0,0.7251507658795269,0.0,-2.3391924002104174,0.0,7.616331406300914,0.0,7.523065697201801,0.0,13.077096538183449,0.0,3.743024095286299,0.0,3.8733073110146155,0.0,0.817950751368003,0.0,-5.069605459387869,0.0,0.9370308358338385,0.0,""
"2026-09-29 13:40:29","git-master-bddc7a050319718b5e4e0856afec0bc9ea96418f","C:\Users\marco\Desktop\ds004507\derivatives\labels\sub-011\ses-headNormal\anat\sub-011_ses-headNormal_T2w_seg-manual.nii.gz","886","3","",77.51929463540786,0.0,0.725391240545559,0.0,-2.4432907915460076,0.0,7.635078372517992,0.0,7.553195889118272,0.0,13.063799998159222,0.0,3.8061026531197157,0.0,3.8289757193982763,0.0,0.8159083742998551,0.0,-4.9013251406854135,0.0,0.9380487290712488,0.0,""
"2026-09-29 13:40:29","git-master-bddc7a050319718b5e4e0856afec0bc9ea96418f","C:\Users\marco\Desktop\ds004507\derivatives\labels\sub-011\ses-headNormal\anat\sub-011_ses-headNormal_T2w_seg-manual.nii.gz","887","3","",77.57352022285181,0.0,0.7282129111975794,0.0,-2.546919723881017,0.0,7.68900495946036,0.0,7.646206087733499,0.0,12.935592917712691,0.0,3.805415820685533,0.0,3.8835891387748265,0.0,0.806413528399584,0.0,-5.255388417736354,0.0,0.9398947420640509,0.0,""
"2026-09-29 13:40:29","git-master-bddc7a050319718b5e4e0856afec0bc9ea96418f","C:\Users\marco\Desktop\ds004507\derivatives\labels\sub-011\ses-headNormal\anat\sub-011_ses-headNormal_T2w_seg-manual.nii.gz","888","3","",77.46640687788006,0.0,0.7330995300402389,0.0,-2.650172744455567,0.0,7.728586334705113,0.0,7.73522511299165,0.0,12.808188457713104,0.0,3.7889477733748707,0.0,3.939638561330242,0.0,0.7970054637358216,0.0,-5.624436483355058,0.0,0.9406742438380911,0.0,""
"2026-09-29 13:40:29","git-master-bddc7a050319718b5e4e0856afec0bc9ea96418f","C:\Users\marco\Desktop\ds004507\derivatives\labels\sub-011\ses-headNormal\anat\sub-011_ses-headNormal_T2w_seg-manual.nii.gz","889","3","",77.19795869237674,0.0,0.7400510919146469,0.0,-2.753049646533662,0.0,7.728329153285543,0.0,7.787675857663075,0.0,12.737225249831333,0.0,3.777837169590288,0.0,3.9504919836952546,0.0,0.7913134340898921,0.0,-5.766735284720558,0.0,0.9393498301795244,0.0,""
"2026-09-29 13:40:29","git-master-bddc7a050319718b5e4e0856afec0bc9ea96418f","C:\Users\marco\Desktop\ds004507\derivatives\labels\sub-011\ses-headNormal\anat\sub-011_ses-headNormal_T2w_seg-manual.nii.gz","890","3","",77.45273891812558,0.0,0.7503581422821364,0.0,-2.855314503240282,0.0,7.8152818423304495,0.0,7.776781466959976,0.0,12.784285610131162,0.0,3.8392200147841873,0.0,3.9760618275462623,0.0,0.7936941058662143,0.0,-5.75517542710038,0.0,0.9486262943873962,0.0,""
"2026-09-29 13:40:29","git-master-bddc7a050319718b5e4e0856afec0bc9ea96418f","C:\Users\marco\Desktop\ds004507\derivatives\labels\sub-011\ses-headNormal\anat\sub-011_ses-headNormal_T2w_seg-manual.nii.gz","891","3","",77.39864804862681,0.0,0.7627300674869623,0.0,-2.9572022179331725,0.0,7.796121249032971,0.0,7.755327809176293,0.0,12.811757725429398,0.0,3.8047946387298297,0.0,3.9913266103031413,0.0,0.7959702044175062,0.0,-5.804527604921799,0.0,0.9582034243002805,0.0,""
"2026-09-29 13:40:29","git-master-bddc7a050319718b5e4e0856afec0bc9ea96418f","C:\Users\marco\Desktop\ds004507\derivatives\labels\sub-011\ses-headNormal\anat\sub-011_ses-headNormal_T2w_seg-manual.nii.gz","892","3","",77.14637823237344,0.0,0.7771668463298976,0.0,-3.0587126132393605,0.0,7.730013309559747,0.0,7.727598486657913,0.0,12.814972006167878,0.0,3.7296241586523937,0.0,4.000389150907353,0.0,0.7977313061785957,0.0,-5.751121287746523,0.0,0.9653468977393085,0.0,""
"2026-09-29 13:40:29","git-master-bddc7a050319718b5e4e0856afec0bc9ea96418f","C:\Users\marco\Desktop\ds004507\derivatives\labels\sub-011\ses-headNormal\anat\sub-011_ses-headNormal_T2w_seg-manual.nii.gz","893","3","",76.87699337537046,0.0,0.7941846480554138,0.0,-3.159750989785143,0.0,7.728483554380669,0.0,7.700948754775091,0.0,12.778135682127154,0.0,3.7182371260985625,0.0,4.010246428282107,0.0,0.7979936128578223,0.0,-5.228286580078934,0.0,0.9637517960467059,0.0,""
"2026-09-29 13:40:29","git-master-bddc7a050319718b5e4e0856afec0bc9ea96418f","C:\Users\marco\Desktop\ds004507\derivatives\labels\sub-011\ses-headNormal\anat\sub-011_ses-headNormal_T2w_seg-manual.nii.gz","894","3","",76.60727834393091,0.0,0.8140414738046821,0.0,-3.2602695301492473,0.0,7.789277912122758,0.0,7.667844250688985,0.0,12.726786631244353,0.0,3.7630022833975962,0.0,4.026275628725163,0.0,0.7981217251958537,0.0,-5.226613718313587,0.0,0.9624944250054757,0.0,""
"2026-09-29 13:40:29","git-master-bddc7a050319718b5e4e0856afec0bc9ea96418f","C:\Users\marco\Desktop\ds004507\derivatives\labels\sub-011\ses-headNormal\anat\sub-011_ses-headNormal_T2w_seg-manual.nii.gz","895","3","",76.57880299633631,0.0,0.8359629748065817,0.0,-3.3604096907859957,0.0,7.846051509415603,0.0,7.699344744158262,0.0,12.636796161657633,0.0,3.786015334321648,0.0,4.0600361750939555,0.0,0.7928071527928506,0.0,-5.556732524633999,0.0,0.9623132989332648,0.0,""
"2026-09-29 13:40:29","git-master-bddc7a050319718b5e4e0856afec0bc9ea96418f","C:\Users\marco\Desktop\ds004507\derivatives\labels\sub-011\ses-headNormal\anat\sub-011_ses-headNormal_T2w_seg-manual.nii.gz","896","3","",76.8117134683716,0.0,0.8599491136195283,0.0,-3.46017131623881,0.0,7.882018072053045,0.0,7.800119349876838,0.0,12.517554876756408,0.0,3.777552531349506,0.0,4.104465540703539,0.0,0.7821145191596991,0.0,-6.1380793636129525,0.0,0.963077476205545,0.0,""
"2026-09-29 13:40:29","git-master-bddc7a050319718b5e4e0856afec0bc9ea96418f","C:\Users\marco\Desktop\ds004507\derivatives\labels\sub-011\ses-headNormal\anat\sub-011_ses-headNormal_T2w_seg-manual.nii.gz","897","3","",76.80305775811554,0.0,0.8870320592341134,0.0,-3.5593646162958623,0.0,7.883234061641653,0.0,7.811283007566894,0.0,12.551342183428885,0.0,3.8388418177709958,0.0,4.044392243870658,0.0,0.7827411515434792,0.0,-6.415673030863135,0.0,0.9609775420671197,0.0,""
"2026-09-29 13:40:29","git-master-bddc7a050319718b5e4e0856afec0bc9ea96418f","C:\Users\marco\Desktop\ds004507\derivatives\labels\sub-011\ses-headNormal\anat\sub-011_ses-headNormal_T2w_seg-manual.nii.gz","898","3","",76.2508814295573,0.0,0.9164374539542945,0.0,-3.658131251521942,0.0,7.887368781281967,0.0,7.77340449555922,0.0,12.58117278391934,0.0,3.8995836210819856,0.0,3.987785160199981,0.0,0.78626444019282,0.0,-6.5565138386638875,0.0,0.9630559217726093,0.0,""
"2026-09-29 13:40:29","git-master-bddc7a050319718b5e4e0856afec0bc9ea96418f","C:\Users\marco\Desktop\ds004507\derivatives\labels\sub-011\ses-headNormal\anat\sub-011_ses-headNormal_T2w_seg-manual.nii.gz","899","3","",75.5375304912084,0.0,0.947907164685751,0.0,-3.756518453988127,0.0,7.889630317469608,0.0,7.7241434997423175,0.0,12.56456535291272,0.0,3.9370116316325054,0.0,3.952618685837103,0.0,0.7887036988060449,0.0,-6.4901591476038405,0.0,0.9658459737829694,0.0,""
"2026-09-29 13:40:29","git-master-bddc7a050319718b5e4e0856afec0bc9ea96418f","C:\Users\marco\Desktop\ds004507\derivatives\labels\sub-011\ses-headNormal\anat\sub-011_ses-headNormal_T2w_seg-manual.nii.gz","900","3","",75.00505729913283,0.0,0.9816991373369812,0.0,-3.8544785975755214,0.0,7.884758460837037,0.0,7.698314085052382,0.0,12.447429057219699,0.0,3.922531091582467,0.0,3.9622273692545704,0.0,0.7858072335724482,0.0,-6.094367443556427,0.0,0.9660589746353736,0.0,""
"2026-09-29 13:40:29","git-master-bddc7a050319718b5e4e0856afec0bc9ea96418f","C:\Users\marco\Desktop\ds004507\derivatives\labels\sub-011\ses-headNormal\anat\sub-011_ses-headNormal_T2w_seg-manual.nii.gz","901","3","",74.95519000716172,0.0,1.0185871625143847,0.0,-3.951868838989767,0.0,7.878751904988932,0.0,7.682630917338546,0.0,12.42425844077203,0.0,3.9077057514463482,0.0,3.9710461535425843,0.0,0.7858971945477219,0.0,-6.143457883144917,0.0,0.9685108539405157,0.0,""
"2026-09-29 13:40:29","git-master-bddc7a050319718b5e4e0856afec0bc9ea96418f","C:\Users\marco\Desktop\ds004507\derivatives\labels\sub-011\ses-headNormal\anat\sub-011_ses-headNormal_T2w_seg-manual.nii.gz","902","3","",74.94533944922453,0.0,1.0575390185666675,0.0,-4.048878879704427,0.0,7.834665070317952,0.0,7.701117292452884,0.0,12.398528418692546,0.0,3.8861059093095283,0.0,3.9485591610084234,0.0,0.7836862066429341,0.0,-6.448517567610135,0.0,0.9696567360745096,0.0,""
"2026-09-29 13:40:29","git-master-bddc7a050319718b5e4e0856afec0bc9ea96418f","C:\Users\marco\Desktop\ds004507\derivatives\labels\sub-011\ses-headNormal\anat\sub-011_ses-headNormal_T2w_seg-manual.nii.gz","903","3","",74.93525871904714,0.0,1.098554608003478,0.0,-4.145508611403253,0.0,7.756029976306343,0.0,7.7337741994771,0.0,12.371889541316254,0.0,3.8586776288517224,0.0,3.897352347454621,0.0,0.7805325837611945,0.0,-6.828693972427858,0.0,0.9694896059085659,0.0,""
"2026-09-29 13:40:29","git-master-bddc7a050319718b5e4e0856afec0bc9ea96418f","C:\Users\marco\Desktop\ds004507\derivatives\labels\sub-011\ses-headNormal\anat\sub-011_ses-headNormal_T2w_seg-manual.nii.gz","904","3","",74.9248568990012,0.0,1.1424075489946135,0.0,-4.241615128102164,0.0,7.666454995680164,0.0,7.687270069984857,0.0,12.389232817489578,0.0,3.830994418455123,0.0,3.8354605772250414,0.0,0.7842150378085656,0.0,-6.590075312622467,0.0,0.9691373112919532,0.0,""
"2026-09-29 13:40:29","git-master-bddc7a050319718b5e4e0856afec0bc9ea96418f","C:\Users\marco\Desktop\ds004507\derivatives\labels\sub-011\ses-headNormal\anat\sub-011_ses-headNormal_T2w_seg-manual.nii.gz","905","3","",74.11010688896752,0.0,1.1888395027252618,0.0,-4.3372456709150535,0.0,7.6367783780187315,0.0,7.618752579860998,0.0,12.388515049217586,0.0,3.85972097858696,0.0,3.777057399431771,0.0,0.7885237324717107,0.0,-6.580033016474172,0.0,0.9649807832608697,0.0,""
"2026-09-29 13:40:29","git-master-bddc7a050319718b5e4e0856afec0bc9ea96418f","C:\Users\marco\Desktop\ds004507\derivatives\labels\sub-011\ses-headNormal\anat\sub-011_ses-headNormal_T2w_seg-manual.nii.gz","906","3","",73.05399719290976,0.0,1.2373344363868246,0.0,-4.432495286309473,0.0,7.624349828142357,0.0,7.593413838380264,0.0,12.298157472658849,0.0,3.9080641588758054,0.0,3.716285669266552,0.0,0.7864266617022513,0.0,-6.409278376230972,0.0,0.9637677043447743,0.0,""
"2026-09-29 13:40:29","git-master-bddc7a050319718b5e4e0856afec0bc9ea96418f","C:\Users\marco\Desktop\ds004507\derivatives\labels\sub-011\ses-headNormal\anat\sub-011_ses-headNormal_T2w_seg-manual.nii.gz","907","3","",71.99779913040756,0.0,1.287892211822884,0.0,-4.527363885299629,0.0,7.610766972499,0.0,7.6477275078317035,0.0,12.073045504175068,0.0,3.9607172415622145,0.0,3.650049730936786,0.0,0.7737797707450533,0.0,-5.871667330880527,0.0,0.969090176051606,0.0,""
"2026-09-29 13:40:29","git-master-bddc7a050319718b5e4e0856afec0bc9ea96418f","C:\Users\marco\Desktop\ds004507\derivatives\labels\sub-011\ses-headNormal\anat\sub-011_ses-headNormal_T2w_seg-manual.nii.gz","908","2","",72.7059525396333,0.0,1.362535724762093,0.0,-4.657862634358368,0.0,7.608809434936434,0.0,7.569949942734137,0.0,12.22505644075645,0.0,3.9375384649969973,0.0,3.6712709699394375,0.0,0.7852207376033664,0.0,-5.9198314370002105,0.0,0.9574101101233913,0.0,""
"2026-09-29 13:40:29","git-master-bddc7a050319718b5e4e0856afec0bc9ea96418f","C:\Users\marco\Desktop\ds004507\derivatives\labels\sub-011\ses-headNormal\anat\sub-011_ses-headNormal_T2w_seg-manual.nii.gz","909","2","",73.46818761231151,0.0,1.4206764872484137,0.0,-4.752932362268081,0.0,7.69785248698906,0.0,7.614097709884603,0.0,12.285162504080157,0.0,3.9884124652133193,0.0,3.7094400217757406,0.0,0.7847762974968769,0.0,-6.8674103382669305,0.0,0.943578043619641,0.0,""
"2026-09-29 13:40:29","git-master-bddc7a050319718b5e4e0856afec0bc9ea96418f","C:\Users\marco\Desktop\ds004507\derivatives\labels\sub-011\ses-headNormal\anat\sub-011_ses-headNormal_T2w_seg-manual.nii.gz","910","2","",73.23152449685185,0.0,1.4809816948052732,0.0,-4.847601408814143,0.0,7.766170976568091,0.0,7.634849110020407,0.0,12.226659980794814,0.0,4.011303931419219,0.0,3.7548670451488713,0.0,0.7810193790817834,0.0,-7.547435087517469,0.0,0.942442072402685,0.0,""
"2026-09-29 13:40:29","git-master-bddc7a050319718b5e4e0856afec0bc9ea96418f","C:\Users\marco\Desktop\ds004507\derivatives\labels\sub-011\ses-headNormal\anat\sub-011_ses-headNormal_T2w_seg-manual.nii.gz","911","2","",72.78532464336722,0.0,1.5434510638146006,0.0,-4.941869704729746,0.0,7.843612980636426,0.0,7.689750824791895,0.0,12.098212115355283,0.0,4.0298012325005335,0.0,3.813811748135892,0.0,0.7717857571913491,0.0,-8.070953981302743,0.0,0.9489018264459282,0.0,""
"2026-09-29 13:40:29","git-master-bddc7a050319718b5e4e0856afec0bc9ea96418f","C:\Users\marco\Desktop\ds004507\derivatives\labels\sub-011\ses-headNormal\anat\sub-011_ses-headNormal_T2w_seg-manual.nii.gz","912","2","",73.30249072754991,0.0,1.6083933280182585,0.0,-5.035679894375405,0.0,7.976964642350285,0.0,7.8713716521380235,0.0,11.963980231385046,0.0,4.079220811741689,0.0,3.897743830608596,0.0,0.7529951786940693,0.0,-8.584825492157686,0.0,0.956270416936493,0.0,""
"2026-09-29 13:40:29","git-master-bddc7a050319718b5e4e0856afec0bc9ea96418f","C:\Users\marco\Desktop\ds004507\derivatives\labels\sub-011\ses-headNormal\anat\sub-011_ses-headNormal_T2w_seg-manual.nii.gz","913","2","",73.33741776190597,0.0,1.676425641769641,0.0,-5.128917250108001,0.0,7.9517473439786475,0.0,7.8796276636761595,0.0,11.917373091692353,0.0,4.028446455805357,0.0,3.923300888173291,0.0,0.7502175710652179,0.0,-8.145519558035309,0.0,0.9592458537627085,0.0,""
"2026-09-29 13:40:29","git-master-bddc7a050319718b5e4e0856afec0bc9ea96418f","C:\Users\marco\Desktop\ds004507\derivatives\labels\sub-011\ses-headNormal\anat\sub-011_ses-headNormal_T2w_seg-manual.nii.gz","914","2","",73.19097667595237,0.0,1.7466202671927882,0.0,-5.221753518998437,0.0,7.887331106827222,0.0,7.812496860298953,0.0,11.95435936483072,0.0,3.983056357946064,0.0,3.9042747488811593,0.0,0.7567387502643442,0.0,-7.505353233987441,0.0,0.965053738878045,0.0,""
"2026-09-29 13:40:29","git-master-bddc7a050319718b5e4e0856afec0bc9ea96418f","C:\Users\marco\Desktop\ds004507\derivatives\labels\sub-011\ses-headNormal\anat\sub-011_ses-headNormal_T2w_seg-manual.nii.gz","915","2","",72.92575289258654,0.0,1.8189768132460977,0.0,-5.314188655227775,0.0,7.844202274429437,0.0,7.735541983398351,0.0,12.002692929641253,0.0,3.9638669722110347,0.0,3.880335302218402,0.0,0.7644886516683999,0.0,-7.062159823035669,0.0,0.9691991507212568,0.0,""
"2026-09-29 13:40:29","git-master-bddc7a050319718b5e4e0856afec0bc9ea96418f","C:\Users\marco\Desktop\ds004507\derivatives\labels\sub-011\ses-headNormal\anat\sub-011_ses-headNormal_T2w_seg-manual.nii.gz","916","2","",72.62529777834199,0.0,1.8941121019464173,0.0,-5.40610795742288,0.0,7.984399423815165,0.0,7.832067525647003,0.0,11.821473287964126,0.0,4.004817097554733,0.0,3.9795823262604326,0.0,0.7489022164653814,0.0,-7.901129441370423,0.0,0.9535943191315732,0.0,""
"2026-09-29 13:40:29","git-master-bddc7a050319718b5e4e0856afec0bc9ea96418f","C:\Users\marco\Desktop\ds004507\derivatives\labels\sub-011\ses-headNormal\anat\sub-011_ses-headNormal_T2w_seg-manual.nii.gz","917","2","",73.20858177013237,0.0,1.972024771540754,0.0,-5.497511322007411,0.0,8.083684111571525,0.0,7.887523795842264,0.0,11.852910235350432,0.0,4.055215722242595,0.0,4.02846838932893,0.0,0.7464405878763977,0.0,-8.119123181534674,0.0,0.9534243310050812,0.0,""
"2026-09-29 13:40:29","git-master-bddc7a050319718b5e4e0856afec0bc9ea96418f","C:\Users\marco\Desktop\ds004507\derivatives\labels\sub-011\ses-headNormal\anat\sub-011_ses-headNormal_T2w_seg-manual.nii.gz","918","2","",73.26607288683395,0.0,2.0520967829387233,0.0,-5.588513358001729,0.0,8.104429016876713,0.0,7.933479384325577,0.0,11.815732380352063,0.0,4.0648893724206685,0.0,4.039539644456044,0.0,0.7408869974716215,0.0,-7.852953744569401,0.0,0.9514210928747643,0.0,""
"2026-09-29 13:40:29","git-master-bddc7a050319718b5e4e0856afec0bc9ea96418f","C:\Users\marco\Desktop\ds004507\derivatives\labels\sub-011\ses-headNormal\anat\sub-011_ses-headNormal_T2w_seg-manual.nii.gz","919","2","",72.53163862979336,0.0,2.134327611395535,0.0,-5.679114041832,0.0,8.037516318408311,0.0,7.975267300423328,0.0,11.659197596417808,0.0,4.021882894040158,0.0,4.015633424368154,0.0,0.7294504446785691,0.0,-7.446898632529594,0.0,0.9440676741467403,0.0,""
"2026-09-29 13:40:29","git-master-bddc7a050319718b5e4e0856afec0bc9ea96418f","C:\Users\marco\Desktop\ds004507\derivatives\labels\sub-011\ses-headNormal\anat\sub-011_ses-headNormal_T2w_seg-manual.nii.gz","920","2","",72.54410275248998,0.0,2.2196408578478843,0.0,-5.7691413134761405,0.0,7.927405073939801,0.0,7.979868614399822,0.0,11.699555389243264,0.0,3.9659708224423804,0.0,3.961434251497421,0.0,0.731287294096358,0.0,-9.796009220177334,0.0,0.9463710320560519,0.0,""
"2026-09-29 13:40:29","git-master-bddc7a050319718b5e4e0856afec0bc9ea96418f","C:\Users\marco\Desktop\ds004507\derivatives\labels\sub-011\ses-headNormal\anat\sub-011_ses-headNormal_T2w_seg-manual.nii.gz","921","2","",71.97157495892719,0.0,2.3074183779693858,0.0,-5.858709827994243,0.0,7.954627191647988,0.0,7.9826916545781055,0.0,11.626176916088077,0.0,3.925386108658179,0.0,4.029241082989809,0.0,0.7269620636248298,0.0,-10.521927332845115,0.0,0.9545695724839787,0.0,""
"2026-09-29 13:40:29","git-master-bddc7a050319718b5e4e0856afec0bc9ea96418f","C:\Users\marco\Desktop\ds004507\derivatives\labels\sub-011\ses-headNormal\anat\sub-011_ses-headNormal_T2w_seg-manual.nii.gz","922","2","",71.73333778520757,0.0,2.397351220495822,0.0,-5.947876926669384,0.0,8.005352492706814,0.0,7.964073956394931,0.0,11.6149122754986,0.0,3.9252656989080035,0.0,4.080086793798812,0.0,0.7277299684516574,0.0,-10.309910745967697,0.0,0.959588093521,0.0,""
"2026-09-29 13:40:29","git-master-bddc7a050319718b5e4e0856afec0bc9ea96418f","C:\Users\marco\Desktop\ds004507\derivatives\labels\sub-011\ses-headNormal\anat\sub-011_ses-headNormal_T2w_seg-manual.nii.gz","923","2","",72.46401014125868,0.0,2.4894386976355114,0.0,-6.036642606983304,0.0,8.00708334570081,0.0,7.909101958259284,0.0,11.786986266448913,0.0,3.9858992426522137,0.0,4.021184103048597,0.0,0.7414547249779713,0.0,-9.521728496591779,0.0,0.9551728670960957,0.0,""
"2026-09-29 13:40:29","git-master-bddc7a050319718b5e4e0856afec0bc9ea96418f","C:\Users\marco\Desktop\ds004507\derivatives\labels\sub-011\ses-headNormal\anat\sub-011_ses-headNormal_T2w_seg-manual.nii.gz","924","2","",72.18230157164564,0.0,2.5849092518513572,0.0,-6.124777505577016,0.0,8.00585728731252,0.0,7.852946446862636,0.0,11.776954481242035,0.0,4.030225181540635,0.0,3.975632105771885,0.0,0.7452245493605876,0.0,-8.008314091335887,0.0,0.9537227530677541,0.0,""
"2026-09-29 13:40:29","git-master-bddc7a050319718b5e4e0856afec0bc9ea96418f","C:\Users\marco\Desktop\ds004507\derivatives\labels\sub-011\ses-headNormal\anat\sub-011_ses-headNormal_T2w_seg-manual.nii.gz","925","2","",72.23651922983561,0.0,2.6825307321830123,0.0,-6.212511026732465,0.0,8.000385374226088,0.0,7.857404542814544,0.0,11.75542402139509,0.0,4.029849648298933,0.0,3.970535725927155,0.0,0.7437774260378788,0.0,-8.164580614778385,0.0,0.9477190102512704,0.0,""
"2026-09-29 13:40:29","git-master-bddc7a050319718b5e4e0856afec0bc9ea96418f","C:\Users\marco\Desktop\ds004507\derivatives\labels\sub-011\ses-headNormal\anat\sub-011_ses-headNormal_T2w_seg-manual.nii.gz","926","2","",72.62652322838353,0.0,2.782302227314101,0.0,-6.299843190173906,0.0,7.989961796873064,0.0,7.8977190708206875,0.0,11.739917230186881,0.0,4.023849776997515,0.0,3.9661120198755495,0.0,0.7398923912090297,0.0,-8.503933826078384,0.0,0.9440547264570847,0.0,""
"2026-09-29 13:40:29","git-master-bddc7a050319718b5e4e0856afec0bc9ea96418f","C:\Users\marco\Desktop\ds004507\derivatives\labels\sub-011\ses-headNormal\anat\sub-011_ses-headNormal_T2w_seg-manual.nii.gz","927","2","",73.4000698826624,0.0,2.884529493543397,0.0,-6.386716689141057,0.0,7.972803655301533,0.0,7.941287158821276,0.0,11.757995345276353,0.0,4.070968199830373,0.0,3.90183545547116,0.0,0.7374558936290639,0.0,-6.787242504124658,0.0,0.953567862970958,0.0,""
"2026-09-29 13:40:29","git-master-bddc7a050319718b5e4e0856afec0bc9ea96418f","C:\Users\marco\Desktop\ds004507\derivatives\labels\sub-011\ses-headNormal\anat\sub-011_ses-headNormal_T2w_seg-manual.nii.gz","928","2","",73.43479512924752,0.0,2.989823154204441,0.0,-6.473016946874263,0.0,8.236070009403342,0.0,8.107103592090036,0.0,11.557785849934717,0.0,4.123278688043728,0.0,4.112791321359613,0.0,0.7120432763248388,0.0,-7.471073587185228,0.0,0.9515121606116845,0.0,""
"2026-09-29 13:40:29","git-master-bddc7a050319718b5e4e0856afec0bc9ea96418f","C:\Users\marco\Desktop\ds004507\derivatives\labels\sub-011\ses-headNormal\anat\sub-011_ses-headNormal_T2w_seg-manual.nii.gz","929","2","",73.41703834314572,0.0,3.094896200771647,0.0,-6.5562809940492155,0.0,8.275711437822396,0.0,8.16145335338657,0.0,11.513061185183393,0.0,4.080216563394323,0.0,4.195494874428073,0.0,0.705209709460615,0.0,-8.388215131376898,0.0,0.9573945694156305,0.0,""
"2026-09-29 13:40:29","git-master-bddc7a050319718b5e4e0856afec0bc9ea96418f","C:\Users\marco\Desktop\ds004507\derivatives\labels\sub-011\ses-headNormal\anat\sub-011_ses-headNormal_T2w_seg-manual.nii.gz","930","2","",73.46179989548911,0.0,3.198565928184464,0.0,-6.635192886398387,0.0,8.120513828639815,0.0,8.115222294518134,0.0,11.60419558221617,0.0,3.973852019917024,0.0,4.146661808722789,0.0,0.7147822071353676,0.0,-9.115493343387726,0.0,0.9670369487869906,0.0,""
"2026-09-29 13:40:29","git-master-bddc7a050319718b5e4e0856afec0bc9ea96418f","C:\Users\marco\Desktop\ds004507\derivatives\labels\sub-011\ses-headNormal\anat\sub-011_ses-headNormal_T2w_seg-manual.nii.gz","931","2","",73.70764356552661,0.0,3.2978979201663288,0.0,-6.705690906162263,0.0,8.032293207437682,0.0,8.08022069427876,0.0,11.641769788652063,0.0,3.942220914467232,0.0,4.090072292970451,0.0,0.7198945111889115,0.0,-9.01366823322352,0.0,0.959492964272212,0.0,""
"2026-09-29 13:40:29","git-master-bddc7a050319718b5e4e0856afec0bc9ea96418f","C:\Users\marco\Desktop\ds004507\derivatives\labels\sub-011\ses-headNormal\anat\sub-011_ses-headNormal_T2w_seg-manual.nii.gz","932","2","",74.17038601112853,0.0,3.3928947465607195,0.0,-6.767784605468328,0.0,8.08532010656089,0.0,8.097473674747409,0.0,11.679267279079987,0.0,3.976746920753644,0.0,4.108573185807246,0.0,0.7206298150280582,0.0,-9.30666422364183,0.0,0.9594162124552382,0.0,""
"2026-09-29 13:40:29","git-master-bddc7a050319718b5e4e0856afec0bc9ea96418f","C:\Users\marco\Desktop\ds004507\derivatives\labels\sub-011\ses-headNormal\anat\sub-011_ses-headNormal_T2w_seg-manual.nii.gz","933","2","",74.20249582515189,0.0,3.484521252319535,0.0,-6.82334624614164,0.0,8.129342494880104,0.0,8.127010263927692,0.0,11.636685028221146,0.0,4.0232714793115285,0.0,4.106071015568575,0.0,0.7155905324438582,0.0,-10.047362215493969,0.0,0.9638245979159579,0.0,""
"2026-09-29 13:40:29","git-master-bddc7a050319718b5e4e0856afec0bc9ea96418f","C:\Users\marco\Desktop\ds004507\derivatives\labels\sub-011\ses-headNormal\anat\sub-011_ses-headNormal_T2w_seg-manual.nii.gz","934","2","",73.70815440000078,0.0,3.5727783276952496,0.0,-6.8723784654435365,0.0,8.125377945487811,0.0,8.14846575541878,0.0,11.517774673587189,0.0,4.061501742620611,0.0,4.0638762028672,0.0,0.7067181757929432,0.0,-11.03023669647363,0.0,0.9712107392645141,0.0,""
"2026-09-29 13:40:29","git-master-bddc7a050319718b5e4e0856afec0bc9ea96418f","C:\Users\marco\Desktop\ds004507\derivatives\labels\sub-011\ses-headNormal\anat\sub-011_ses-headNormal_T2w_seg-manual.nii.gz","935","2","",73.69528889688655,0.0,3.6562245053002544,0.0,-6.91208965340345,0.0,8.126258202829238,0.0,8.081052514033015,0.0,11.596335600621924,0.0,4.049225390813867,0.0,4.0770328120153705,0.0,0.7171381149833138,0.0,-10.1153083197427,0.0,0.9744654126865967,0.0,""
"2026-09-29 13:40:29","git-master-bddc7a050319718b5e4e0856afec0bc9ea96418f","C:\Users\marco\Desktop\ds004507\derivatives\labels\sub-011\ses-headNormal\anat\sub-011_ses-headNormal_T2w_seg-manual.nii.gz","936","2","",73.30002650405362,0.0,3.735824379533549,0.0,-6.944349069642098,0.0,8.063001434436124,0.0,8.042802144821541,0.0,11.543516553051395,0.0,4.02706051963067,0.0,4.0359409148054555,0.0,0.7173019859370144,0.0,-9.250192756009838,0.0,0.9722864786703104,0.0,""
"2026-09-29 13:40:29","git-master-bddc7a050319718b5e4e0856afec0bc9ea96418f","C:\Users\marco\Desktop\ds004507\derivatives\labels\sub-011\ses-headNormal\anat\sub-011_ses-headNormal_T2w_seg-manual.nii.gz","937","2","",73.6173621794247,0.0,3.8120599375033843,0.0,-6.970090081317786,0.0,8.0864261520267,0.0,8.081562836212706,0.0,11.509756580000461,0.0,4.024801143833881,0.0,4.06162500819282,0.0,0.7120182926145591,0.0,-8.684443856560003,0.0,0.9675028482819025,0.0,""
"2026-09-29 13:40:29","git-master-bddc7a050319718b5e4e0856afec0bc9ea96418f","C:\Users\marco\Desktop\ds004507\derivatives\labels\sub-011\ses-headNormal\anat\sub-011_ses-headNormal_T2w_seg-manual.nii.gz","938","2","",75.43269243303068,0.0,3.8849320785998502,0.0,-6.989314110200372,0.0,8.30363339322702,0.0,8.235954748794105,0.0,11.595568095693517,0.0,4.063865725804104,0.0,4.2397676674229166,0.0,0.7039319065891454,0.0,-8.609896961075474,0.0,0.9617268041237114,0.0,""
"2026-09-29 13:40:29","git-master-bddc7a050319718b5e4e0856afec0bc9ea96418f","C:\Users\marco\Desktop\ds004507\derivatives\labels\sub-011\ses-headNormal\anat\sub-011_ses-headNormal_T2w_seg-manual.nii.gz","939","1","",75.42221599631004,0.0,3.9771002739744623,0.0,-7.001568406017964,0.0,8.438728845182126,0.0,8.36497121103172,0.0,11.41209481673891,0.0,4.15077106399418,0.0,4.287957781187946,0.0,0.6802375411557506,0.0,-9.55077502241025,0.0,0.9689972759112725,0.0,""
"2026-09-29 13:40:29","git-master-bddc7a050319718b5e4e0856afec0bc9ea96418f","C:\Users\marco\Desktop\ds004507\derivatives\labels\sub-011\ses-headNormal\anat\sub-011_ses-headNormal_T2w_seg-manual.nii.gz","940","1","",75.88692122176167,0.0,4.030599637278599,0.0,-7.000495644007274,0.0,8.384011339633567,0.0,8.325781826919286,0.0,11.509037084173658,0.0,4.151695554201902,0.0,4.2323157854316635,0.0,0.6902848151925762,0.0,-10.068545444164785,0.0,0.9744347662552466,0.0,""
"2026-09-29 13:40:29","git-master-bddc7a050319718b5e4e0856afec0bc9ea96418f","C:\Users\marco\Desktop\ds004507\derivatives\labels\sub-011\ses-headNormal\anat\sub-011_ses-headNormal_T2w_seg-manual.nii.gz","941","1","",76.15906603660872,0.0,4.082233759352565,0.0,-6.995804037597881,0.0,8.358599784240436,0.0,8.31279967078916,0.0,11.554615920218271,0.0,4.152094621594947,0.0,4.206505162645489,0.0,0.6945439243426642,0.0,-9.795434518744408,0.0,0.9797273918721285,0.0,""
"2026-09-29 13:40:29","git-master-bddc7a050319718b5e4e0856afec0bc9ea96418f","C:\Users\marco\Desktop\ds004507\derivatives\labels\sub-011\ses-headNormal\anat\sub-011_ses-headNormal_T2w_seg-manual.nii.gz","942","1","",76.15612455059208,0.0,4.1312032510977135,0.0,-6.985942653476053,0.0,8.37505387192649,0.0,8.337256411776618,0.0,11.526818425705551,0.0,4.1517430849670225,0.0,4.223310786959467,0.0,0.6905342265116983,0.0,-8.39249309735987,0.0,0.984813067878879,0.0,""
"2026-09-29 13:40:29","git-master-bddc7a050319718b5e4e0856afec0bc9ea96418f","C:\Users\marco\Desktop\ds004507\derivatives\labels\sub-011\ses-headNormal\anat\sub-011_ses-headNormal_T2w_seg-manual.nii.gz","943","1","",76.15466073671799,0.0,4.176444285393443,0.0,-6.968842127223904,0.0,8.368119407620378,0.0,8.335391274639246,0.0,11.560763540315984,0.0,4.198609587314062,0.0,4.169509820306318,0.0,0.6929059692179904,0.0,-8.482492686128726,0.0,0.9814542286789404,0.0,""
"2026-09-29 13:40:29","git-master-bddc7a050319718b5e4e0856afec0bc9ea96418f","C:\Users\marco\Desktop\ds004507\derivatives\labels\sub-011\ses-headNormal\anat\sub-011_ses-headNormal_T2w_seg-manual.nii.gz","944","1","",76.26033238656363,0.0,4.2198216328796025,0.0,-6.9481212486407165,0.0,8.35920189408241,0.0,8.329898027846472,0.0,11.616003694340456,0.0,4.242427739271,0.0,4.116774154811409,0.0,0.69694237029351,0.0,-8.678988679545553,0.0,0.9761584022127676,0.0,""
"2026-09-29 13:40:29","git-master-bddc7a050319718b5e4e0856afec0bc9ea96418f","C:\Users\marco\Desktop\ds004507\derivatives\labels\sub-011\ses-headNormal\anat\sub-011_ses-headNormal_T2w_seg-manual.nii.gz","945","1","",76.71316520039917,0.0,4.25973860252979,0.0,-6.920675770393844,0.0,8.36012792639259,0.0,8.330944732653437,0.0,11.697453409392649,0.0,4.243454761031123,0.0,4.116673165361466,0.0,0.7019446935519997,0.0,-8.181871213140015,0.0,0.9704483687931358,0.0,""
"2026-09-29 13:40:29","git-master-bddc7a050319718b5e4e0856afec0bc9ea96418f","C:\Users\marco\Desktop\ds004507\derivatives\labels\sub-011\ses-headNormal\anat\sub-011_ses-headNormal_T2w_seg-manual.nii.gz","946","1","",76.58170737420419,0.0,4.296728936206485,0.0,-6.8875371117817155,0.0,8.363616831638645,0.0,8.35611033926095,0.0,11.652153488251022,0.0,4.248794338303515,0.0,4.114822493335129,0.0,0.6967784447240327,0.0,-8.225178978559216,0.0,0.9699550228741646,0.0,""
"2026-09-29 13:40:29","git-master-bddc7a050319718b5e4e0856afec0bc9ea96418f","C:\Users\marco\Desktop\ds004507\derivatives\labels\sub-011\ses-headNormal\anat\sub-011_ses-headNormal_T2w_seg-manual.nii.gz","947","1","",76.15826177773927,0.0,4.331856978790564,0.0,-6.850775148374247,0.0,8.367652218614024,0.0,8.393514437450792,0.0,11.542572346515819,0.0,4.2530967631909675,0.0,4.114555455423057,0.0,0.6864447581881227,0.0,-8.48548387206488,0.0,0.9719627978841319,0.0,""
"2026-09-29 13:40:29","git-master-bddc7a050319718b5e4e0856afec0bc9ea96418f","C:\Users\marco\Desktop\ds004507\derivatives\labels\sub-011\ses-headNormal\anat\sub-011_ses-headNormal_T2w_seg-manual.nii.gz","948","1","",76.16227562449448,0.0,4.362729914206915,0.0,-6.805726245974487,0.0,8.358064422181897,0.0,8.416242167062254,0.0,11.510670318429467,0.0,4.203167901812335,0.0,4.154896520369563,0.0,0.6821759701705636,0.0,-7.501304428119881,0.0,0.9684610532058967,0.0,""
"2026-09-29 13:40:29","git-master-bddc7a050319718b5e4e0856afec0bc9ea96418f","C:\Users\marco\Desktop\ds004507\derivatives\labels\sub-011\ses-headNormal\anat\sub-011_ses-headNormal_T2w_seg-manual.nii.gz","949","1","",75.95431991652138,0.0,4.391476105429728,0.0,-6.7565302335432,0.0,8.34862430209237,0.0,8.407664377221053,0.0,11.491193594393259,0.0,4.206142959361036,0.0,4.142481342731334,0.0,0.6816591142437596,0.0,-7.1434367861864905,0.0,0.9675922004360065,0.0,""
"2026-09-29 13:40:29","git-master-bddc7a050319718b5e4e0856afec0bc9ea96418f","C:\Users\marco\Desktop\ds004507\derivatives\labels\sub-011\ses-headNormal\anat\sub-011_ses-headNormal_T2w_seg-manual.nii.gz","950","1","",75.50789845947894,0.0,4.417829709434811,0.0,-6.702668722326442,0.0,8.339350317888265,0.0,8.363867877995606,0.0,11.485695337413462,0.0,4.268634925702988,0.0,4.070715392185277,0.0,0.6853631819190548,0.0,-7.490169921516162,0.0,0.9696853510630046,0.0,""
"2026-09-29 13:40:29","git-master-bddc7a050319718b5e4e0856afec0bc9ea96418f","C:\Users\marco\Desktop\ds004507\derivatives\labels\sub-011\ses-headNormal\anat\sub-011_ses-headNormal_T2w_seg-manual.nii.gz","951","1","",75.26218638815004,0.0,4.440196986392492,0.0,-6.641023373622272,0.0,8.339188992124408,0.0,8.399462653148468,0.0,11.432023625426051,0.0,4.2871914090448975,0.0,4.051997583079509,0.0,0.6782684757762675,0.0,-7.633929286001051,0.0,0.9711921975656599,0.0,""
"2026-09-29 13:40:29","git-master-bddc7a050319718b5e4e0856afec0bc9ea96418f","C:\Users\marco\Desktop\ds004507\derivatives\labels\sub-011\ses-headNormal\anat\sub-011_ses-headNormal_T2w_seg-manual.nii.gz","952","1","",75.1718721418898,0.0,4.46070434681419,0.0,-6.575742532639605,0.0,8.35559983520424,0.0,8.436114476576947,0.0,11.389490916219783,0.0,4.274787760134627,0.0,4.080812075069612,0.0,0.6718428318250215,0.0,-7.456868440324216,0.0,0.9687839985034488,0.0,""
"2026-09-29 13:40:29","git-master-bddc7a050319718b5e4e0856afec0bc9ea96418f","C:\Users\marco\Desktop\ds004507\derivatives\labels\sub-011\ses-headNormal\anat\sub-011_ses-headNormal_T2w_seg-manual.nii.gz","953","1","",75.39028567236608,0.0,4.47802353220469,0.0,-6.504227338184519,0.0,8.408867832808046,0.0,8.449898008065848,0.0,11.389107319290686,0.0,4.2021391483791355,0.0,4.206728684428909,0.0,0.6704785447552608,0.0,-6.574790696929575,0.0,0.9571673074053477,0.0,""
"2026-09-29 13:40:29","git-master-bddc7a050319718b5e4e0856afec0bc9ea96418f","C:\Users\marco\Desktop\ds004507\derivatives\labels\sub-011\ses-headNormal\anat\sub-011_ses-headNormal_T2w_seg-manual.nii.gz","954","1","",75.30246477384698,0.0,4.4921552539984235,0.0,-6.426469704948369,0.0,8.455675120848502,0.0,8.440787959837232,0.0,11.382572565706782,0.0,4.239177794073156,0.0,4.216497326775346,0.0,0.6708930457052296,0.0,-6.4643608017448475,0.0,0.9555057655343949,0.0,""
"2026-09-29 13:40:29","git-master-bddc7a050319718b5e4e0856afec0bc9ea96418f","C:\Users\marco\Desktop\ds004507\derivatives\labels\sub-011\ses-headNormal\anat\sub-011_ses-headNormal_T2w_seg-manual.nii.gz","955","1","",75.08719506456924,0.0,4.504427710463336,0.0,-6.345069182566688,0.0,8.486033258995796,0.0,8.426187155939123,0.0,11.368347296407496,0.0,4.3051074701450815,0.0,4.180925788850714,0.0,0.6712762561055229,0.0,-6.6992454982606535,0.0,0.9575061021296757,0.0,""
"2026-09-29 13:40:29","git-master-bddc7a050319718b5e4e0856afec0bc9ea96418f","C:\Users\marco\Desktop\ds004507\derivatives\labels\sub-011\ses-headNormal\anat\sub-011_ses-headNormal_T2w_seg-manual.nii.gz","956","1","",74.87304186521227,0.0,4.512716500701999,0.0,-6.25585461278435,0.0,8.413212490329824,0.0,8.441948121137045,0.0,11.31566552378911,0.0,4.244947194521572,0.0,4.168265295808253,0.0,0.6658660748215959,0.0,-7.112590106874492,0.0,0.9558606858868705,0.0,""
"2026-09-29 13:40:29","git-master-bddc7a050319718b5e4e0856afec0bc9ea96418f","C:\Users\marco\Desktop\ds004507\derivatives\labels\sub-011\ses-headNormal\anat\sub-011_ses-headNormal_T2w_seg-manual.nii.gz","957","1","",74.54881892267801,0.0,4.51861535042477,0.0,-6.1619445544281595,0.0,8.38545609452021,0.0,8.454102827688455,0.0,11.266484956648725,0.0,4.226364114833866,0.0,4.159091979686343,0.0,0.6609862795551312,0.0,-6.934283910181459,0.0,0.9535787564372843,0.0,""
"2026-09-29 13:40:29","git-master-bddc7a050319718b5e4e0856afec0bc9ea96418f","C:\Users\marco\Desktop\ds004507\derivatives\labels\sub-011\ses-headNormal\anat\sub-011_ses-headNormal_T2w_seg-manual.nii.gz","958","1","",74.12675620843059,0.0,4.5223898085778576,0.0,-6.0638607284507655,0.0,8.397756919027353,0.0,8.463051970998519,0.0,11.220416572155452,0.0,4.244738542644654,0.0,4.153018376382699,0.0,0.6565779385264109,0.0,-6.230065886548982,0.0,0.9507310374705595,0.0,""
"2026-09-29 13:40:29","git-master-bddc7a050319718b5e4e0856afec0bc9ea96418f","C:\Users\marco\Desktop\ds004507\derivatives\labels\sub-011\ses-headNormal\anat\sub-011_ses-headNormal_T2w_seg-manual.nii.gz","959","1","",73.7080461633498,0.0,4.5219156941766645,0.0,-5.957416144873687,0.0,8.343129653772014,0.0,8.43634413264064,0.0,11.19333080010218,0.0,4.250064238991905,0.0,4.093065414780108,0.0,0.6572263158209795,0.0,-5.4704229341232775,0.0,0.9594946728956779,0.0,""
"2026-09-29 13:40:29","git-master-bddc7a050319718b5e4e0856afec0bc9ea96418f","C:\Users\marco\Desktop\ds004507\derivatives\labels\sub-011\ses-headNormal\anat\sub-011_ses-headNormal_T2w_seg-manual.nii.gz","960","1","",73.67553470845755,0.0,4.519582813794388,0.0,-5.847308581319332,0.0,8.305838239073415,0.0,8.398369496084134,0.0,11.223982271107355,0.0,4.234244179756907,0.0,4.071594059316508,0.0,0.6631970574772893,0.0,-4.955548891493118,0.0,0.9660396271799361,0.0,""
"2026-09-29 13:40:29","git-master-bddc7a050319718b5e4e0856afec0bc9ea96418f","C:\Users\marco\Desktop\ds004507\derivatives\labels\sub-011\ses-headNormal\anat\sub-011_ses-headNormal_T2w_seg-manual.nii.gz","961","1","",74.35066984223556,0.0,4.514329011385304,0.0,-5.731443557948271,0.0,8.307998060680788,0.0,8.343824758646273,0.0,11.358310263377598,0.0,4.18115206910131,0.0,4.1268459915794775,0.0,0.6783460514889148,0.0,-4.895768623245686,0.0,0.9671865316818851,0.0,""
"2026-09-29 13:40:29","git-master-bddc7a050319718b5e4e0856afec0bc9ea96418f","C:\Users\marco\Desktop\ds004507\derivatives\labels\sub-011\ses-headNormal\anat\sub-011_ses-headNormal_T2w_seg-manual.nii.gz","962","1","",74.86929426213942,0.0,4.505622972260419,0.0,-5.608762843040716,0.0,8.298910614084908,0.0,8.348355428053686,0.0,11.413328444321264,0.0,4.178715574101954,0.0,4.1201950399829546,0.0,0.6818879525908736,0.0,-6.011323313527056,0.0,0.9689221752881143,0.0,""
"2026-09-29 13:40:29","git-master-bddc7a050319718b5e4e0856afec0bc9ea96418f","C:\Users\marco\Desktop\ds004507\derivatives\labels\sub-011\ses-headNormal\anat\sub-011_ses-headNormal_T2w_seg-manual.nii.gz","963","1","",75.13989665551901,0.0,4.4950579347879405,0.0,-5.48240948030605,0.0,8.288676533034293,0.0,8.369056416424833,0.0,11.418858997794926,0.0,4.1922036075101135,0.0,4.096472925524179,0.0,0.6802708887909371,0.0,-7.24357550450128,0.0,0.9706108970330052,0.0,""
"2026-09-29 13:40:29","git-master-bddc7a050319718b5e4e0856afec0bc9ea96418f","C:\Users\marco\Desktop\ds004507\derivatives\labels\sub-011\ses-headNormal\anat\sub-011_ses-headNormal_T2w_seg-manual.nii.gz","964","1","",74.47779625786112,0.0,4.480774629541692,0.0,-5.348703728379322,0.0,8.289241414768808,0.0,8.380392668079665,0.0,11.307328044467246,0.0,4.2072698381854154,0.0,4.081971576583392,0.0,0.6712452503960353,0.0,-7.332755578770071,0.0,0.9712352811214018,0.0,""
"2026-09-29 13:40:29","git-master-bddc7a050319718b5e4e0856afec0bc9ea96418f","C:\Users\marco\Desktop\ds004507\derivatives\labels\sub-011\ses-headNormal\anat\sub-011_ses-headNormal_T2w_seg-manual.nii.gz","965","1","",74.33976913803535,0.0,4.463834926740457,0.0,-5.209737454396192,0.0,8.405816523312849,0.0,8.464145241533517,0.0,11.190194209827677,0.0,4.258286213293969,0.0,4.14753031001888,0.0,0.6535322799934261,0.0,-7.350620680191796,0.0,0.9699776459892067,0.0,""
"2026-09-29 13:40:29","git-master-bddc7a050319718b5e4e0856afec0bc9ea96418f","C:\Users\marco\Desktop\ds004507\derivatives\labels\sub-011\ses-headNormal\anat\sub-011_ses-headNormal_T2w_seg-manual.nii.gz","966","1","",74.56859331269209,0.0,4.445035745650733,0.0,-5.067088814973581,0.0,8.603598790623558,0.0,8.598589240246687,0.0,11.069138358269788,0.0,4.334467689505799,0.0,4.269131101117758,0.0,0.6297381771854216,0.0,-7.318565300620574,0.0,0.9674025974025974,0.0,""
"2026-09-29 13:40:29","git-master-bddc7a050319718b5e4e0856afec0bc9ea96418f","C:\Users\marco\Desktop\ds004507\derivatives\labels\sub-011\ses-headNormal\anat\sub-011_ses-headNormal_T2w_seg-manual.nii.gz","967","1","",74.58815478433155,0.0,4.421719598544633,0.0,-4.915482633256856,0.0,8.533544207482038,0.0,8.541174891239477,0.0,11.124192757356186,0.0,4.291601363505614,0.0,4.241942843976424,0.0,0.6405653054171085,0.0,-6.633420980055239,0.0,0.9615264712542483,0.0,""
"2026-09-29 13:40:29","git-master-bddc7a050319718b5e4e0856afec0bc9ea96418f","C:\Users\marco\Desktop\ds004507\derivatives\labels\sub-011\ses-headNormal\anat\sub-011_ses-headNormal_T2w_seg-manual.nii.gz","968","1","",75.16876673806576,0.0,4.396542974443835,0.0,-4.7601822619029655,0.0,8.501928294770192,0.0,8.539277250169578,0.0,11.20291333001449,0.0,4.272622524312567,0.0,4.229305770457625,0.0,0.6472930768316411,0.0,-6.385233784434167,0.0,0.96102863340165,0.0,""
"2026-09-29 13:40:29","git-master-bddc7a050319718b5e4e0856afec0bc9ea96418f","C:\Users\marco\Desktop\ds004507\derivatives\labels\sub-011\ses-headNormal\anat\sub-011_ses-headNormal_T2w_seg-manual.nii.gz","969","1","",76.55087938050671,0.0,4.368708526064898,0.0,-4.599604476781696,0.0,8.525224768386451,0.0,8.616689191867263,0.0,11.315442722061231,0.0,4.287768666272575,0.0,4.237456102113878,0.0,0.6481646242216674,0.0,-6.761271053019186,0.0,0.9682140645429814,0.0,""
"2026-09-29 13:40:29","git-master-bddc7a050319718b5e4e0856afec0bc9ea96418f","C:\Users\marco\Desktop\ds004507\derivatives\labels\sub-011\ses-headNormal\anat\sub-011_ses-headNormal_T2w_seg-manual.nii.gz","970","1","",77.93425937378969,0.0,4.337151831121805,0.0,-4.431627452446961,0.0,8.60129159304837,0.0,8.628469892175557,0.0,11.48803205414951,0.0,4.3672929116209875,0.0,4.233998681427382,0.0,0.6598976905272235,0.0,-6.208951436853652,0.0,0.9643674808399344,0.0,""
"2026-09-29 13:40:29","git-master-bddc7a050319718b5e4e0856afec0bc9ea96418f","C:\Users\marco\Desktop\ds004507\derivatives\labels\sub-011\ses-headNormal\anat\sub-011_ses-headNormal_T2w_seg-manual.nii.gz","971","1","",79.05093905932438,0.0,4.3037335914941135,0.0,-4.259947981592285,0.0,8.668673639699566,0.0,8.63891632107972,0.0,11.621444244011414,0.0,4.429427374485451,0.0,4.239246265214115,0.0,0.6688595567510833,0.0,-5.689056428127419,0.0,0.9616905205515501,0.0,""
"2026-09-29 13:40:29","git-master-bddc7a050319718b5e4e0856afec0bc9ea96418f","C:\Users\marco\Desktop\ds004507\derivatives\labels\sub-011\ses-headNormal\anat\sub-011_ses-headNormal_T2w_seg-manual.nii.gz","972","1","",79.29996012534076,0.0,4.266857610498656,0.0,-4.081388601142894,0.0,8.671079377623414,0.0,8.690733839602352,0.0,11.58570326339439,0.0,4.390210293703012,0.0,4.280869083920401,0.0,0.6612507506075438,0.0,-5.921075652601594,0.0,0.9704978466988686,0.0,""
"2026-09-29 13:40:29","git-master-bddc7a050319718b5e4e0856afec0bc9ea96418f","C:\Users\marco\Desktop\ds004507\derivatives\labels\sub-011\ses-headNormal\anat\sub-011_ses-headNormal_T2w_seg-manual.nii.gz","973","1","",78.96079485409729,0.0,4.227054555939296,0.0,-3.897000948604107,0.0,8.715233629039268,0.0,8.728101006884298,0.0,11.499488337740315,0.0,4.3872533394342375,0.0,4.327980289605029,0.0,0.6509075126315575,0.0,-6.395870510924735,0.0,0.9724035468034627,0.0,""
"2026-09-29 13:40:29","git-master-bddc7a050319718b5e4e0856afec0bc9ea96418f","C:\Users\marco\Desktop\ds004507\derivatives\labels\sub-011\ses-headNormal\anat\sub-011_ses-headNormal_T2w_seg-manual.nii.gz","974","1","",78.39438272684612,0.0,4.185388689578742,0.0,-3.7089038838857236,0.0,8.777900101686868,0.0,8.754915310432366,0.0,11.400626788991056,0.0,4.403799129933743,0.0,4.3741009717531245,0.0,0.640497799138051,0.0,-7.000060082974589,0.0,0.9706099816302977,0.0,""
"2026-09-29 13:40:29","git-master-bddc7a050319718b5e4e0856afec0bc9ea96418f","C:\Users\marco\Desktop\ds004507\derivatives\labels\sub-011\ses-headNormal\anat\sub-011_ses-headNormal_T2w_seg-manual.nii.gz","975","1","",79.32528348319426,0.0,4.139463203684035,0.0,-3.512321144346728,0.0,8.77241145083945,0.0,8.738995950520769,0.0,11.539919154678552,0.0,4.415936823515561,0.0,4.356474627323889,0.0,0.6528886097201174,0.0,-7.5557959065153835,0.0,0.9698605447494867,0.0,""
"2026-09-29 13:40:29","git-master-bddc7a050319718b5e4e0856afec0bc9ea96418f","C:\Users\marco\Desktop\ds004507\derivatives\labels\sub-011\ses-headNormal\anat\sub-011_ses-headNormal_T2w_seg-manual.nii.gz","976","1","",79.82810110008161,0.0,4.091406799040853,0.0,-3.3114924983044127,0.0,8.770949026921036,0.0,8.748499427239574,0.0,11.610470463393591,0.0,4.431893506684012,0.0,4.339055520237024,0.0,0.6574327303530544,0.0,-7.796308422331435,0.0,0.9683253577962103,0.0,""
"2026-09-29 13:40:29","git-master-bddc7a050319718b5e4e0856afec0bc9ea96418f","C:\Users\marco\Desktop\ds004507\derivatives\labels\sub-011\ses-headNormal\anat\sub-011_ses-headNormal_T2w_seg-manual.nii.gz","977","1","",79.8493251850756,0.0,4.040953110805637,0.0,-3.105887207445865,0.0,8.774016108297753,0.0,8.786603595167582,0.0,11.603688083014614,0.0,4.452146553137426,0.0,4.321869555160325,0.0,0.653149324793221,0.0,-7.682194716957151,0.0,0.9659062020114105,0.0,""
"2026-09-29 13:40:29","git-master-bddc7a050319718b5e4e0856afec0bc9ea96418f","C:\Users\marco\Desktop\ds004507\derivatives\labels\sub-011\ses-headNormal\anat\sub-011_ses-headNormal_T2w_seg-manual.nii.gz","978","1","",80.47249666298823,0.0,3.986501739512071,0.0,-2.892317336537271,0.0,8.774654459095496,0.0,8.810809502337719,0.0,11.679991768454402,0.0,4.416692255376255,0.0,4.357962203719241,0.0,0.6564363185129092,0.0,-7.801810485078316,0.0,0.9623537595454258,0.0,""
"2026-09-29 13:40:29","git-master-bddc7a050319718b5e4e0856afec0bc9ea96418f","C:\Users\marco\Desktop\ds004507\derivatives\labels\sub-011\ses-headNormal\anat\sub-011_ses-headNormal_T2w_seg-manual.nii.gz","979","1","",80.9074771505967,0.0,3.9333798612412845,0.0,-2.677889762925529,0.0,8.752752268740378,0.0,8.799395472872362,0.0,11.755360881775784,0.0,4.369625621715403,0.0,4.383126647024976,0.0,0.6629930791052593,0.0,-7.936900611904546,0.0,0.96069038016605,0.0,""
"2026-09-29 13:40:29","git-master-bddc7a050319718b5e4e0856afec0bc9ea96418f","C:\Users\marco\Desktop\ds004507\derivatives\labels\sub-011\ses-headNormal\anat\sub-011_ses-headNormal_T2w_seg-manual.nii.gz","980","1","",80.69817609574118,0.0,3.884728024803842,0.0,-2.463952368442248,0.0,8.677529973403667,0.0,8.706941038924342,0.0,11.80189948095099,0.0,4.312515732043987,0.0,4.36501424135968,0.0,0.6749747524225503,0.0,-8.03433576810439,0.0,0.9639234039325146,0.0,""
"2026-09-29 13:40:29","git-master-bddc7a050319718b5e4e0856afec0bc9ea96418f","C:\Users\marco\Desktop\ds004507\derivatives\labels\sub-011\ses-headNormal\anat\sub-011_ses-headNormal_T2w_seg-manual.nii.gz","981","1","",80.80727901451067,0.0,3.8482197740633697,0.0,-2.257382223287066,0.0,8.653805760507073,0.0,8.674722984758867,0.0,11.846470765703733,0.0,4.340697754495393,0.0,4.313108006011681,0.0,0.6810038709202705,0.0,-8.181861286470793,0.0,0.962359149586982,0.0,""
"2026-09-29 13:40:29","git-master-bddc7a050319718b5e4e0856afec0bc9ea96418f","C:\Users\marco\Desktop\ds004507\derivatives\labels\sub-011\ses-headNormal\anat\sub-011_ses-headNormal_T2w_seg-manual.nii.gz","982","1","",80.97038004333221,0.0,3.8187960015510902,0.0,-2.0551128041256064,0.0,8.63975284690791,0.0,8.66412214817579,0.0,11.887340087020494,0.0,4.386282666017458,0.0,4.253470180890454,0.0,0.684664218534528,0.0,-8.309019887330404,0.0,0.9598894311063139,0.0,""
"2026-09-29 13:40:29","git-master-bddc7a050319718b5e4e0856afec0bc9ea96418f","C:\Users\marco\Desktop\ds004507\derivatives\labels\sub-011\ses-headNormal\anat\sub-011_ses-headNormal_T2w_seg-manual.nii.gz","983","1","",80.54345447996594,0.0,3.804557110447224,0.0,-1.8620761757667759,0.0,8.537303170414118,0.0,8.627411756640248,0.0,11.906592540137558,0.0,4.295852020185645,0.0,4.241451150228472,0.0,0.6891605183339744,0.0,-8.126894225118585,0.0,0.9656202257121219,0.0,""
"2026-09-29 13:40:29","git-master-bddc7a050319718b5e4e0856afec0bc9ea96418f","C:\Users\marco\Desktop\ds004507\derivatives\labels\sub-011\ses-headNormal\anat\sub-011_ses-headNormal_T2w_seg-manual.nii.gz","984","1","",80.69846342872205,0.0,3.799430592386543,0.0,-1.6745911023561695,0.0,8.575810228732964,0.0,8.666910232709762,0.0,11.9034046160684,0.0,4.257372658538472,0.0,4.318437570194492,0.0,0.6853595561693772,0.0,-7.453316322344663,0.0,0.9653062260010828,0.0,""
