Timestamp,SCT Version,Filename,Slice (I->S),VertLevel,DistancePMJ,MEAN(area),STD(area),MEAN(angle_AP),STD(angle_AP),MEAN(angle_RL),STD(angle_RL),MEAN(diameter_AP),STD(diameter_AP),MEAN(diameter_AP_ellipse),STD(diameter_AP_ellipse),MEAN(diameter_RL),STD(diameter_RL),MEAN(length_anterior),STD(length_anterior),MEAN(length_posterior),STD(length_posterior),MEAN(eccentricity),STD(eccentricity),MEAN(orientation),STD(orientation),MEAN(solidity),STD(solidity),SUM(length)
"2026-09-25 17:18:59","git-master-bddc7a050319718b5e4e0856afec0bc9ea96418f","C:\Users\marco\Desktop\ds004507\derivatives\labels\sub-006\ses-headNormal\anat\sub-006_ses-headNormal_T2w_seg-manual.nii.gz","647","9","",43.50793128375496,0.0,-2.0196252315782677,0.0,18.293682953738397,0.0,6.739608610534157,0.0,7.13899544320377,0.0,7.885804560517879,0.0,3.5004230764723214,0.0,3.239185534061836,0.0,0.4246159074461232,0.0,2.9035254237954784,0.0,0.9405708340913403,0.0,""
"2026-09-25 17:18:59","git-master-bddc7a050319718b5e4e0856afec0bc9ea96418f","C:\Users\marco\Desktop\ds004507\derivatives\labels\sub-006\ses-headNormal\anat\sub-006_ses-headNormal_T2w_seg-manual.nii.gz","648","9","",42.73085002423272,0.0,-2.393785657629473,0.0,18.336338537524476,0.0,6.723490701991924,0.0,7.126098812929992,0.0,7.744942172039832,0.0,3.404614684155856,0.0,3.3188760178360677,0.0,0.3909193096910829,0.0,13.953049971358475,0.0,0.9631119297289358,0.0,""
"2026-09-25 17:18:59","git-master-bddc7a050319718b5e4e0856afec0bc9ea96418f","C:\Users\marco\Desktop\ds004507\derivatives\labels\sub-006\ses-headNormal\anat\sub-006_ses-headNormal_T2w_seg-manual.nii.gz","649","9","",42.47154430632583,0.0,-2.6484199343584085,0.0,18.37975609369487,0.0,6.70041375442405,0.0,7.106042987427272,0.0,7.760056131731251,0.0,3.3837781485562797,0.0,3.31663560586777,0.0,0.40105897522301626,0.0,16.405224207229583,0.0,0.94765179391731,0.0,""
"2026-09-25 17:18:59","git-master-bddc7a050319718b5e4e0856afec0bc9ea96418f","C:\Users\marco\Desktop\ds004507\derivatives\labels\sub-006\ses-headNormal\anat\sub-006_ses-headNormal_T2w_seg-manual.nii.gz","650","9","",42.20519879665033,0.0,-2.7935573063557797,0.0,18.423871335971413,0.0,6.6648838141615805,0.0,7.070027946736158,0.0,7.778050146206032,0.0,3.3921971295432023,0.0,3.272686684618378,0.0,0.41670604227613206,0.0,8.73554600353836,0.0,0.93606322717934,0.0,""
"2026-09-25 17:18:59","git-master-bddc7a050319718b5e4e0856afec0bc9ea96418f","C:\Users\marco\Desktop\ds004507\derivatives\labels\sub-006\ses-headNormal\anat\sub-006_ses-headNormal_T2w_seg-manual.nii.gz","651","9","",41.450578056692045,0.0,-2.8226302072072347,0.0,18.46872576118673,0.0,6.610083107655924,0.0,7.007706595899344,0.0,7.659250229393446,0.0,3.392246357486873,0.0,3.2178367501690506,0.0,0.4035802637017712,0.0,-11.906383669599165,0.0,0.9672179065923023,0.0,""
"2026-09-25 17:18:59","git-master-bddc7a050319718b5e4e0856afec0bc9ea96418f","C:\Users\marco\Desktop\ds004507\derivatives\labels\sub-006\ses-headNormal\anat\sub-006_ses-headNormal_T2w_seg-manual.nii.gz","652","9","",42.60510036060604,0.0,-2.685929034246092,0.0,18.51463377497012,0.0,6.791115177294069,0.0,7.000292129879548,0.0,7.87394398912499,0.0,3.3939123030610725,0.0,3.3972028742329967,0.0,0.4556539404128991,0.0,4.019147062123684,0.0,0.9494764280263459,0.0,""
"2026-09-25 17:18:59","git-master-bddc7a050319718b5e4e0856afec0bc9ea96418f","C:\Users\marco\Desktop\ds004507\derivatives\labels\sub-006\ses-headNormal\anat\sub-006_ses-headNormal_T2w_seg-manual.nii.gz","653","9","",43.40358224540657,0.0,-2.439722967959008,0.0,18.561235634924966,0.0,6.8472672039174185,0.0,6.99508953171907,0.0,7.994875796236823,0.0,3.4182610108818197,0.0,3.4290061930355993,0.0,0.484118647183951,0.0,16.614488774172344,0.0,0.9492940242502778,0.0,""
"2026-09-25 17:18:59","git-master-bddc7a050319718b5e4e0856afec0bc9ea96418f","C:\Users\marco\Desktop\ds004507\derivatives\labels\sub-006\ses-headNormal\anat\sub-006_ses-headNormal_T2w_seg-manual.nii.gz","654","9","",43.78626958286757,0.0,-2.0839421106059137,0.0,18.608530637063193,0.0,6.797433230630475,0.0,6.985059414294112,0.0,8.0326700843702,0.0,3.4278664320572565,0.0,3.369566798573219,0.0,0.49377597138425683,0.0,23.711701450613603,0.0,0.9599642883108934,0.0,""
"2026-09-25 17:18:59","git-master-bddc7a050319718b5e4e0856afec0bc9ea96418f","C:\Users\marco\Desktop\ds004507\derivatives\labels\sub-006\ses-headNormal\anat\sub-006_ses-headNormal_T2w_seg-manual.nii.gz","655","9","",43.75937605911458,0.0,-1.595207921510442,0.0,18.656664526565002,0.0,6.69760080982229,0.0,6.958902357191921,0.0,8.03518185690991,0.0,3.337254449966836,0.0,3.3603463598554533,0.0,0.4999415806908295,0.0,23.304466390432356,0.0,0.9627441609357297,0.0,""
"2026-09-25 17:18:59","git-master-bddc7a050319718b5e4e0856afec0bc9ea96418f","C:\Users\marco\Desktop\ds004507\derivatives\labels\sub-006\ses-headNormal\anat\sub-006_ses-headNormal_T2w_seg-manual.nii.gz","656","9","",42.15179626547676,0.0,-0.9566976300879843,0.0,18.705739830310534,0.0,6.4398004736444205,0.0,6.767852311238368,0.0,7.952884738122095,0.0,3.2486113069799325,0.0,3.191189166664488,0.0,0.5248808769081686,0.0,14.21112899356254,0.0,0.9611241365291843,0.0,""
"2026-09-25 17:18:59","git-master-bddc7a050319718b5e4e0856afec0bc9ea96418f","C:\Users\marco\Desktop\ds004507\derivatives\labels\sub-006\ses-headNormal\anat\sub-006_ses-headNormal_T2w_seg-manual.nii.gz","657","9","",40.812427154103496,0.0,-0.29803719700340253,0.0,18.755504119621506,0.0,6.315391274357671,0.0,6.595495648176371,0.0,7.8756945396792295,0.0,3.2028539887587018,0.0,3.112537285598969,0.0,0.5464328057925802,0.0,5.896883105031067,0.0,0.9541398541167208,0.0,""
"2026-09-25 17:18:59","git-master-bddc7a050319718b5e4e0856afec0bc9ea96418f","C:\Users\marco\Desktop\ds004507\derivatives\labels\sub-006\ses-headNormal\anat\sub-006_ses-headNormal_T2w_seg-manual.nii.gz","658","9","",39.960885042115656,0.0,0.33245192946471325,0.0,18.805956638937662,0.0,6.337927563657538,0.0,6.481330428127768,0.0,7.796356683612204,0.0,3.2109090324205676,0.0,3.127018531236971,0.0,0.5554466311181294,0.0,0.12496275175598026,0.0,0.9448382299026243,0.0,""
"2026-09-25 17:18:59","git-master-bddc7a050319718b5e4e0856afec0bc9ea96418f","C:\Users\marco\Desktop\ds004507\derivatives\labels\sub-006\ses-headNormal\anat\sub-006_ses-headNormal_T2w_seg-manual.nii.gz","659","9","",38.94047584173419,0.0,0.802079276468884,0.0,18.857345715324463,0.0,6.289631055630188,0.0,6.456188320011043,0.0,7.585573363559067,0.0,3.291174939512244,0.0,2.9984561161179446,0.0,0.5244079819020057,0.0,-2.9979840508778954,0.0,0.9507240271132649,0.0,""
"2026-09-25 17:18:59","git-master-bddc7a050319718b5e4e0856afec0bc9ea96418f","C:\Users\marco\Desktop\ds004507\derivatives\labels\sub-006\ses-headNormal\anat\sub-006_ses-headNormal_T2w_seg-manual.nii.gz","660","9","",38.70228420957805,0.0,1.1287054545712645,0.0,18.9095650432268,0.0,6.215061296665127,0.0,6.342737952220756,0.0,7.656523010241589,0.0,3.2157135999110555,0.0,2.9993476967540715,0.0,0.5579774077375461,0.0,-2.3062058516943087,0.0,0.9671037955927838,0.0,""
"2026-09-25 17:18:59","git-master-bddc7a050319718b5e4e0856afec0bc9ea96418f","C:\Users\marco\Desktop\ds004507\derivatives\labels\sub-006\ses-headNormal\anat\sub-006_ses-headNormal_T2w_seg-manual.nii.gz","661","9","",38.795015625541104,0.0,1.3373971246044867,0.0,18.96246812068164,0.0,6.1865414347634715,0.0,6.325595748250228,0.0,7.700773751693511,0.0,3.1473881742019345,0.0,3.039153260561537,0.0,0.5687074376293686,0.0,-0.9308481170927527,0.0,0.9804722843852708,0.0,""
"2026-09-25 17:18:59","git-master-bddc7a050319718b5e4e0856afec0bc9ea96418f","C:\Users\marco\Desktop\ds004507\derivatives\labels\sub-006\ses-headNormal\anat\sub-006_ses-headNormal_T2w_seg-manual.nii.gz","662","9","",39.19317309646574,0.0,1.4281800967811749,0.0,19.01605413950874,0.0,6.249550683928226,0.0,6.495976727776516,0.0,7.603481933725161,0.0,3.1644058620573747,0.0,3.0851448218708515,0.0,0.5196498603373165,0.0,0.006123987020855481,0.0,0.9841059872282448,0.0,""
"2026-09-25 17:18:59","git-master-bddc7a050319718b5e4e0856afec0bc9ea96418f","C:\Users\marco\Desktop\ds004507\derivatives\labels\sub-006\ses-headNormal\anat\sub-006_ses-headNormal_T2w_seg-manual.nii.gz","663","9","",43.67461157571663,0.0,1.3403633360650744,0.0,19.070672148555207,0.0,6.610444801793393,0.0,6.822508850227362,0.0,8.072129288333405,0.0,3.3275290974820257,0.0,3.282915704311367,0.0,0.5340882608718495,0.0,6.99057070863132,0.0,0.9716838545459583,0.0,""
"2026-09-25 17:18:59","git-master-bddc7a050319718b5e4e0856afec0bc9ea96418f","C:\Users\marco\Desktop\ds004507\derivatives\labels\sub-006\ses-headNormal\anat\sub-006_ses-headNormal_T2w_seg-manual.nii.gz","664","9","",43.51796412761285,0.0,1.1274931631900527,0.0,19.126010436264693,0.0,6.4731683459463225,0.0,6.758056943977306,0.0,8.18768576490552,0.0,3.270095363962789,0.0,3.2030729819835333,0.0,0.563839151843567,0.0,9.60083787366184,0.0,0.9715684713049949,0.0,""
"2026-09-25 17:18:59","git-master-bddc7a050319718b5e4e0856afec0bc9ea96418f","C:\Users\marco\Desktop\ds004507\derivatives\labels\sub-006\ses-headNormal\anat\sub-006_ses-headNormal_T2w_seg-manual.nii.gz","665","9","",41.86645881454786,0.0,0.7966836803727607,0.0,19.182026853827185,0.0,6.310629137166578,0.0,6.657506246360127,0.0,8.054021763592587,0.0,3.1923484769756474,0.0,3.1182806601909303,0.0,0.5571897100156697,0.0,9.473266989932323,0.0,0.9725723128835597,0.0,""
"2026-09-25 17:18:59","git-master-bddc7a050319718b5e4e0856afec0bc9ea96418f","C:\Users\marco\Desktop\ds004507\derivatives\labels\sub-006\ses-headNormal\anat\sub-006_ses-headNormal_T2w_seg-manual.nii.gz","666","9","",41.92028864021496,0.0,0.3371762649018972,0.0,19.23878190187721,0.0,6.63567800413098,0.0,6.903022956675769,0.0,7.745489575177778,0.0,3.3099342536029694,0.0,3.3257437505280114,0.0,0.4519051548394297,0.0,7.965913869040834,0.0,0.9626448912737597,0.0,""
"2026-09-25 17:18:59","git-master-bddc7a050319718b5e4e0856afec0bc9ea96418f","C:\Users\marco\Desktop\ds004507\derivatives\labels\sub-006\ses-headNormal\anat\sub-006_ses-headNormal_T2w_seg-manual.nii.gz","667","9","",42.63998382436162,0.0,-0.29749940704473826,0.0,19.296539203912012,0.0,6.485926547433183,0.0,6.742849528826083,0.0,8.080070532656052,0.0,3.3570227461585374,0.0,3.1289038012746455,0.0,0.5438380706112712,0.0,0.2189057555027647,0.0,0.9558517772443831,0.0,""
"2026-09-25 17:18:59","git-master-bddc7a050319718b5e4e0856afec0bc9ea96418f","C:\Users\marco\Desktop\ds004507\derivatives\labels\sub-006\ses-headNormal\anat\sub-006_ses-headNormal_T2w_seg-manual.nii.gz","668","9","",43.54326863676337,0.0,-0.9475048106799234,0.0,19.354305283953295,0.0,6.434571461298865,0.0,6.671145345108223,0.0,8.377644488808906,0.0,3.3341341449613213,0.0,3.1004373163375436,0.0,0.6040556915867795,0.0,1.9809162357139352,0.0,0.9547030988951555,0.0,""
"2026-09-25 17:18:59","git-master-bddc7a050319718b5e4e0856afec0bc9ea96418f","C:\Users\marco\Desktop\ds004507\derivatives\labels\sub-006\ses-headNormal\anat\sub-006_ses-headNormal_T2w_seg-manual.nii.gz","669","9","",44.329802989031194,0.0,-1.5649808533694467,0.0,19.411770181379225,0.0,6.514277962851768,0.0,6.738236096188145,0.0,8.493227352169601,0.0,3.298654890160943,0.0,3.2156230726908257,0.0,0.6048550671758407,0.0,8.32366487939428,0.0,0.9572879822234784,0.0,""
"2026-09-25 17:18:59","git-master-bddc7a050319718b5e4e0856afec0bc9ea96418f","C:\Users\marco\Desktop\ds004507\derivatives\labels\sub-006\ses-headNormal\anat\sub-006_ses-headNormal_T2w_seg-manual.nii.gz","670","9","",44.29079541415951,0.0,-2.048623701047087,0.0,19.46825621997551,0.0,6.734080285549653,0.0,7.012946485749736,0.0,8.139255265300466,0.0,3.3957200538098453,0.0,3.338360231739808,0.0,0.5038786497131146,0.0,4.704569298934169,0.0,0.9588852607544834,0.0,""
"2026-09-25 17:18:59","git-master-bddc7a050319718b5e4e0856afec0bc9ea96418f","C:\Users\marco\Desktop\ds004507\derivatives\labels\sub-006\ses-headNormal\anat\sub-006_ses-headNormal_T2w_seg-manual.nii.gz","671","9","",43.86984182536914,0.0,-2.388822306297693,0.0,19.523694528135053,0.0,6.493726510653117,0.0,6.795810045500364,0.0,8.334611288103549,0.0,3.3140276985109063,0.0,3.1796988121422105,0.0,0.5720485477690236,0.0,6.419858950836426,0.0,0.9747556756488345,0.0,""
"2026-09-25 17:18:59","git-master-bddc7a050319718b5e4e0856afec0bc9ea96418f","C:\Users\marco\Desktop\ds004507\derivatives\labels\sub-006\ses-headNormal\anat\sub-006_ses-headNormal_T2w_seg-manual.nii.gz","672","9","",42.749870425992576,0.0,-2.6215626573824675,0.0,19.57834857609622,0.0,6.31644632442943,0.0,6.6314928169442275,0.0,8.3059112651394,0.0,3.231116039014553,0.0,3.085330285414877,0.0,0.5998971873789762,0.0,8.249744307834327,0.0,0.9806056118633162,0.0,""
"2026-09-25 17:18:59","git-master-bddc7a050319718b5e4e0856afec0bc9ea96418f","C:\Users\marco\Desktop\ds004507\derivatives\labels\sub-006\ses-headNormal\anat\sub-006_ses-headNormal_T2w_seg-manual.nii.gz","673","9","",41.32239189195489,0.0,-2.7469022363865196,0.0,19.632219218542662,0.0,6.310506655343485,0.0,6.622648824064784,0.0,7.9983577837941064,0.0,3.1896965598778477,0.0,3.120810095465638,0.0,0.5603767802180067,0.0,8.997549189590442,0.0,0.9729461717733072,0.0,""
"2026-09-25 17:18:59","git-master-bddc7a050319718b5e4e0856afec0bc9ea96418f","C:\Users\marco\Desktop\ds004507\derivatives\labels\sub-006\ses-headNormal\anat\sub-006_ses-headNormal_T2w_seg-manual.nii.gz","674","9","",42.75022376773013,0.0,-2.722641453817055,0.0,19.685000115937044,0.0,6.403184214693564,0.0,6.627970186280349,0.0,8.235100346797983,0.0,3.207368316152156,0.0,3.1958158985414085,0.0,0.5928624572902346,0.0,8.53122581823305,0.0,0.9661719681676111,0.0,""
"2026-09-25 17:18:59","git-master-bddc7a050319718b5e4e0856afec0bc9ea96418f","C:\Users\marco\Desktop\ds004507\derivatives\labels\sub-006\ses-headNormal\anat\sub-006_ses-headNormal_T2w_seg-manual.nii.gz","675","9","",41.94935959035655,0.0,-2.5715254738380446,0.0,19.73685941395501,0.0,6.229535307200298,0.0,6.466905365383911,0.0,8.275125171011787,0.0,3.1928996374183822,0.0,3.0366356697819157,0.0,0.623423685334296,0.0,6.316706922022016,0.0,0.9680193277405895,0.0,""
"2026-09-25 17:18:59","git-master-bddc7a050319718b5e4e0856afec0bc9ea96418f","C:\Users\marco\Desktop\ds004507\derivatives\labels\sub-006\ses-headNormal\anat\sub-006_ses-headNormal_T2w_seg-manual.nii.gz","676","9","",41.328999458637284,0.0,-2.312996033514874,0.0,19.78794006220511,0.0,6.183528313783665,0.0,6.426394341284827,0.0,8.211061185345702,0.0,3.213036523920589,0.0,2.9704917898630754,0.0,0.6207139861928724,0.0,5.9058508564253565,0.0,0.96809113286089,0.0,""
"2026-09-25 17:18:59","git-master-bddc7a050319718b5e4e0856afec0bc9ea96418f","C:\Users\marco\Desktop\ds004507\derivatives\labels\sub-006\ses-headNormal\anat\sub-006_ses-headNormal_T2w_seg-manual.nii.gz","677","9","",42.15544390034191,0.0,-1.9469996222910515,0.0,19.83824287512992,0.0,6.471857656410391,0.0,6.658778641868133,0.0,8.089077842075556,0.0,3.3022263070226217,0.0,3.1696313493877692,0.0,0.5676995780400981,0.0,9.189361355261052,0.0,0.960944795249133,0.0,""
"2026-09-25 17:18:59","git-master-bddc7a050319718b5e4e0856afec0bc9ea96418f","C:\Users\marco\Desktop\ds004507\derivatives\labels\sub-006\ses-headNormal\anat\sub-006_ses-headNormal_T2w_seg-manual.nii.gz","678","9","",41.41925881562432,0.0,-1.414664689677931,0.0,19.88734640448451,0.0,6.151680050455805,0.0,6.445930501942391,0.0,8.156131652107277,0.0,3.2150798612398215,0.0,2.936600189215983,0.0,0.6117076550779863,0.0,6.1557613859899085,0.0,0.9650649401009226,0.0,""
"2026-09-25 17:18:59","git-master-bddc7a050319718b5e4e0856afec0bc9ea96418f","C:\Users\marco\Desktop\ds004507\derivatives\labels\sub-006\ses-headNormal\anat\sub-006_ses-headNormal_T2w_seg-manual.nii.gz","679","9","",41.64819741452656,0.0,-0.7713317684837311,0.0,19.935652315386417,0.0,6.135377840142606,0.0,6.357655244148496,0.0,8.254419036286603,0.0,3.2190702932106334,0.0,2.9163075469319732,0.0,0.6375216258836048,0.0,1.489685881802191,0.0,0.9645197390645345,0.0,""
"2026-09-25 17:18:59","git-master-bddc7a050319718b5e4e0856afec0bc9ea96418f","C:\Users\marco\Desktop\ds004507\derivatives\labels\sub-006\ses-headNormal\anat\sub-006_ses-headNormal_T2w_seg-manual.nii.gz","680","9","",43.10364737074267,0.0,-0.07028908872826736,0.0,19.983184889872344,0.0,6.238266548873034,0.0,6.37465205073955,0.0,8.48956296877756,0.0,3.2511902823391563,0.0,2.9870762665338777,0.0,0.6591925843452214,0.0,-1.4050478439650198,0.0,0.9639903375760792,0.0,""
"2026-09-25 17:18:59","git-master-bddc7a050319718b5e4e0856afec0bc9ea96418f","C:\Users\marco\Desktop\ds004507\derivatives\labels\sub-006\ses-headNormal\anat\sub-006_ses-headNormal_T2w_seg-manual.nii.gz","681","9","",46.3241540214882,0.0,0.6281540143116291,0.0,20.029851497060612,0.0,6.238334007916622,0.0,6.488642421049137,0.0,9.021499013805236,0.0,3.2336824720960973,0.0,3.004651535820525,0.0,0.6944034746145573,0.0,2.201349143027512,0.0,0.9695923011715958,0.0,""
"2026-09-25 17:18:59","git-master-bddc7a050319718b5e4e0856afec0bc9ea96418f","C:\Users\marco\Desktop\ds004507\derivatives\labels\sub-006\ses-headNormal\anat\sub-006_ses-headNormal_T2w_seg-manual.nii.gz","682","9","",44.98970342526021,0.0,1.1630620852977587,0.0,20.075397263651215,0.0,6.5612330912030306,0.0,6.760143304085776,0.0,8.45111068345425,0.0,3.330837519756841,0.0,3.23039557144619,0.0,0.5883552653125237,0.0,2.908199867793714,0.0,0.9599278422670431,0.0,""
"2026-09-25 17:18:59","git-master-bddc7a050319718b5e4e0856afec0bc9ea96418f","C:\Users\marco\Desktop\ds004507\derivatives\labels\sub-006\ses-headNormal\anat\sub-006_ses-headNormal_T2w_seg-manual.nii.gz","683","9","",43.29262243037175,0.0,1.5855678689508406,0.0,20.120173974590177,0.0,6.502849821104717,0.0,6.663197466528048,0.0,8.271562606319721,0.0,3.3028342084896667,0.0,3.2000156126150503,0.0,0.5866273884205851,0.0,2.524228530299496,0.0,0.9589069168058314,0.0,""
"2026-09-25 17:18:59","git-master-bddc7a050319718b5e4e0856afec0bc9ea96418f","C:\Users\marco\Desktop\ds004507\derivatives\labels\sub-006\ses-headNormal\anat\sub-006_ses-headNormal_T2w_seg-manual.nii.gz","684","9","",41.79875101396858,0.0,1.8957104078216651,0.0,20.164182352774873,0.0,6.15976406813715,0.0,6.337613843549705,0.0,8.421584699236831,0.0,3.1856040803434915,0.0,2.9741599877936595,0.0,0.6585214668738029,0.0,0.7482664544213568,0.0,0.9635255904397995,0.0,""
"2026-09-25 17:18:59","git-master-bddc7a050319718b5e4e0856afec0bc9ea96418f","C:\Users\marco\Desktop\ds004507\derivatives\labels\sub-006\ses-headNormal\anat\sub-006_ses-headNormal_T2w_seg-manual.nii.gz","685","9","",41.10190088487477,0.0,2.0629481444118216,0.0,20.20721435439637,0.0,5.980606159950378,0.0,6.3227829989381705,0.0,8.347909103525762,0.0,3.1423569584973086,0.0,2.8382492014530696,0.0,0.6529215556261766,0.0,-4.045364867378659,0.0,0.9588009240062026,0.0,""
"2026-09-25 17:18:59","git-master-bddc7a050319718b5e4e0856afec0bc9ea96418f","C:\Users\marco\Desktop\ds004507\derivatives\labels\sub-006\ses-headNormal\anat\sub-006_ses-headNormal_T2w_seg-manual.nii.gz","686","9","",41.80342493956031,0.0,2.0839875762801228,0.0,20.24924888585166,0.0,6.282040345934597,0.0,6.4992811038962754,0.0,8.252445233007581,0.0,3.194517233400457,0.0,3.0875231125341402,0.0,0.6148039696083081,0.0,3.3289903295926893,0.0,0.95136862395708,0.0,""
"2026-09-25 17:18:59","git-master-bddc7a050319718b5e4e0856afec0bc9ea96418f","C:\Users\marco\Desktop\ds004507\derivatives\labels\sub-006\ses-headNormal\anat\sub-006_ses-headNormal_T2w_seg-manual.nii.gz","687","9","",42.119801005541596,0.0,1.9928244827449277,0.0,20.290519089450974,0.0,6.378229402440882,0.0,6.572033528269899,0.0,8.23863339165707,0.0,3.189884651847338,0.0,3.188344750593544,0.0,0.6025589889718217,0.0,8.70192452588511,0.0,0.946354000314984,0.0,""
"2026-09-25 17:18:59","git-master-bddc7a050319718b5e4e0856afec0bc9ea96418f","C:\Users\marco\Desktop\ds004507\derivatives\labels\sub-006\ses-headNormal\anat\sub-006_ses-headNormal_T2w_seg-manual.nii.gz","688","9","",42.00361006189695,0.0,1.7894436495061945,0.0,20.331025642960142,0.0,6.174727622073981,0.0,6.523727121461826,0.0,8.329686710854123,0.0,3.132549748235687,0.0,3.042177873838294,0.0,0.621545759880267,0.0,7.5609326024219765,0.0,0.9455671919255851,0.0,""
"2026-09-25 17:18:59","git-master-bddc7a050319718b5e4e0856afec0bc9ea96418f","C:\Users\marco\Desktop\ds004507\derivatives\labels\sub-006\ses-headNormal\anat\sub-006_ses-headNormal_T2w_seg-manual.nii.gz","689","9","",45.25483539394603,0.0,1.4261276495672703,0.0,20.370446472456333,0.0,6.508113399567666,0.0,6.914378680541329,0.0,8.461010261416195,0.0,3.421634600267276,0.0,3.0864787993003904,0.0,0.5757353493226366,0.0,-4.9322741655952935,0.0,0.951793031976828,0.0,""
"2026-09-25 17:18:59","git-master-bddc7a050319718b5e4e0856afec0bc9ea96418f","C:\Users\marco\Desktop\ds004507\derivatives\labels\sub-006\ses-headNormal\anat\sub-006_ses-headNormal_T2w_seg-manual.nii.gz","690","9","",45.41448950511384,0.0,0.9333714736506493,0.0,20.408991244369595,0.0,6.383833477796817,0.0,6.712332875317696,0.0,8.792741452278483,0.0,3.259543882580133,0.0,3.1242895952166845,0.0,0.6375661702642418,0.0,1.465077702034499,0.0,0.9491228398534529,0.0,""
"2026-09-25 17:18:59","git-master-bddc7a050319718b5e4e0856afec0bc9ea96418f","C:\Users\marco\Desktop\ds004507\derivatives\labels\sub-006\ses-headNormal\anat\sub-006_ses-headNormal_T2w_seg-manual.nii.gz","691","9","",44.04755016561557,0.0,0.39052006342270473,0.0,20.4467760863491,0.0,6.201622300078399,0.0,6.439381388986981,0.0,8.878976056036798,0.0,3.042109913161728,0.0,3.1595123869166715,0.0,0.6869023993553666,0.0,7.153492846405793,0.0,0.9511229101418684,0.0,""
"2026-09-25 17:18:59","git-master-bddc7a050319718b5e4e0856afec0bc9ea96418f","C:\Users\marco\Desktop\ds004507\derivatives\labels\sub-006\ses-headNormal\anat\sub-006_ses-headNormal_T2w_seg-manual.nii.gz","692","9","",42.00742206837755,0.0,-0.156511488806236,0.0,20.48380162980559,0.0,6.211649014467973,0.0,6.422538570522995,0.0,8.410583166655105,0.0,3.0172558267614065,0.0,3.194393187706566,0.0,0.645659034079246,0.0,-0.4772675502692935,0.0,0.9669269637115296,0.0,""
"2026-09-25 17:18:59","git-master-bddc7a050319718b5e4e0856afec0bc9ea96418f","C:\Users\marco\Desktop\ds004507\derivatives\labels\sub-006\ses-headNormal\anat\sub-006_ses-headNormal_T2w_seg-manual.nii.gz","693","8","",45.366807252458834,0.0,-0.679318292578806,0.0,20.5327252065986,0.0,6.2690477795645,0.0,6.4188523783409055,0.0,9.071148302908423,0.0,3.1917771517569866,0.0,3.077270627807513,0.0,0.7066013131490225,0.0,7.22642426395661,0.0,0.9518223711772099,0.0,""
"2026-09-25 17:18:59","git-master-bddc7a050319718b5e4e0856afec0bc9ea96418f","C:\Users\marco\Desktop\ds004507\derivatives\labels\sub-006\ses-headNormal\anat\sub-006_ses-headNormal_T2w_seg-manual.nii.gz","694","8","",42.63442054575732,0.0,-0.8784406796746627,0.0,20.564255917640597,0.0,6.118348821013724,0.0,6.320020690896673,0.0,8.638185580588368,0.0,3.0869537037392445,0.0,3.0313951172744784,0.0,0.6805583737017359,0.0,7.564933191602021,0.0,0.9525029725468185,0.0,""
"2026-09-25 17:18:59","git-master-bddc7a050319718b5e4e0856afec0bc9ea96418f","C:\Users\marco\Desktop\ds004507\derivatives\labels\sub-006\ses-headNormal\anat\sub-006_ses-headNormal_T2w_seg-manual.nii.gz","695","8","",42.04426595355428,0.0,-1.002879135682882,0.0,20.595245101399254,0.0,6.078079704033743,0.0,6.318270924681189,0.0,8.512384583273901,0.0,3.059588290232815,0.0,3.0184914138009282,0.0,0.670057972462691,0.0,7.9473292481160795,0.0,0.9580366466122019,0.0,""
"2026-09-25 17:18:59","git-master-bddc7a050319718b5e4e0856afec0bc9ea96418f","C:\Users\marco\Desktop\ds004507\derivatives\labels\sub-006\ses-headNormal\anat\sub-006_ses-headNormal_T2w_seg-manual.nii.gz","696","8","",43.596343475849714,0.0,-1.0526336606034636,0.0,20.625692757874575,0.0,6.148240428624559,0.0,6.413603079694453,0.0,8.69374531096502,0.0,3.1096809112376977,0.0,3.038559517386862,0.0,0.6751001094318881,0.0,8.373612433498785,0.0,0.96842339337336,0.0,""
"2026-09-25 17:18:59","git-master-bddc7a050319718b5e4e0856afec0bc9ea96418f","C:\Users\marco\Desktop\ds004507\derivatives\labels\sub-006\ses-headNormal\anat\sub-006_ses-headNormal_T2w_seg-manual.nii.gz","697","8","",42.327757440458214,0.0,-0.953038560177141,0.0,20.655059250226127,0.0,6.048188324865143,0.0,6.233147248866023,0.0,8.642761299252072,0.0,3.1113150893437447,0.0,2.9368732355213982,0.0,0.6925699455655986,0.0,0.542999051815432,0.0,0.962193987049432,0.0,""
"2026-09-25 17:18:59","git-master-bddc7a050319718b5e4e0856afec0bc9ea96418f","C:\Users\marco\Desktop\ds004507\derivatives\labels\sub-006\ses-headNormal\anat\sub-006_ses-headNormal_T2w_seg-manual.nii.gz","698","8","",42.333143913183555,0.0,-0.7787516646990614,0.0,20.683886074607017,0.0,6.0892799996345675,0.0,6.2533862481546,0.0,8.601035951110267,0.0,3.201622527903362,0.0,2.887657471731206,0.0,0.6858850903667856,0.0,-2.842111248664972,0.0,0.9605969582602456,0.0,""
"2026-09-25 17:18:59","git-master-bddc7a050319718b5e4e0856afec0bc9ea96418f","C:\Users\marco\Desktop\ds004507\derivatives\labels\sub-006\ses-headNormal\anat\sub-006_ses-headNormal_T2w_seg-manual.nii.gz","699","8","",43.61250289402574,0.0,-0.5297729741692251,0.0,20.712173231017243,0.0,6.271515452932833,0.0,6.4743200775601855,0.0,8.568569266539606,0.0,3.3806032269165485,0.0,2.8909122260162854,0.0,0.6550455438354491,0.0,-1.7817184679424258,0.0,0.9636323070058009,0.0,""
"2026-09-25 17:18:59","git-master-bddc7a050319718b5e4e0856afec0bc9ea96418f","C:\Users\marco\Desktop\ds004507\derivatives\labels\sub-006\ses-headNormal\anat\sub-006_ses-headNormal_T2w_seg-manual.nii.gz","700","8","",46.759123390265366,0.0,-0.13137021109325675,0.0,20.73938281697859,0.0,6.462837306790306,0.0,6.686716507671245,0.0,8.871706958788362,0.0,3.4264559221404567,0.0,3.0363813846498493,0.0,0.6571651083758967,0.0,0.3432278923818952,0.0,0.9633804977858357,0.0,""
"2026-09-25 17:18:59","git-master-bddc7a050319718b5e4e0856afec0bc9ea96418f","C:\Users\marco\Desktop\ds004507\derivatives\labels\sub-006\ses-headNormal\anat\sub-006_ses-headNormal_T2w_seg-manual.nii.gz","701","8","",48.213101860890504,0.0,0.3417109534882644,0.0,20.76605446891205,0.0,6.599081072179351,0.0,6.837301534208077,0.0,8.937883755757015,0.0,3.415669739818072,0.0,3.183411332361279,0.0,0.6431822867909788,0.0,1.93136125582489,0.0,0.9648538710461725,0.0,""
"2026-09-25 17:18:59","git-master-bddc7a050319718b5e4e0856afec0bc9ea96418f","C:\Users\marco\Desktop\ds004507\derivatives\labels\sub-006\ses-headNormal\anat\sub-006_ses-headNormal_T2w_seg-manual.nii.gz","702","8","",47.97443830590115,0.0,0.8894705195753382,0.0,20.79218818681762,0.0,6.680246749099968,0.0,6.926075157170681,0.0,8.767099657445565,0.0,3.348244679949394,0.0,3.3320020691505747,0.0,0.6130970790806956,0.0,2.982681622386559,0.0,0.9680524267868114,0.0,""
"2026-09-25 17:18:59","git-master-bddc7a050319718b5e4e0856afec0bc9ea96418f","C:\Users\marco\Desktop\ds004507\derivatives\labels\sub-006\ses-headNormal\anat\sub-006_ses-headNormal_T2w_seg-manual.nii.gz","703","8","",47.31466073682698,0.0,1.4491430195292443,0.0,20.81724767557128,0.0,6.605283935461981,0.0,6.814544745714455,0.0,8.798206916759984,0.0,3.4322382543511387,0.0,3.173045681110842,0.0,0.6322546993992842,0.0,3.4275927674454465,0.0,0.9638112156192001,0.0,""
"2026-09-25 17:18:59","git-master-bddc7a050319718b5e4e0856afec0bc9ea96418f","C:\Users\marco\Desktop\ds004507\derivatives\labels\sub-006\ses-headNormal\anat\sub-006_ses-headNormal_T2w_seg-manual.nii.gz","704","8","",47.56620432900423,0.0,1.9461553076378828,0.0,20.841770837270964,0.0,6.639080277864081,0.0,6.858924707640938,0.0,8.808546091471666,0.0,3.4457089368642695,0.0,3.193371340999811,0.0,0.6268379496053967,0.0,7.328770248880559,0.0,0.9632827619796842,0.0,""
"2026-09-25 17:18:59","git-master-bddc7a050319718b5e4e0856afec0bc9ea96418f","C:\Users\marco\Desktop\ds004507\derivatives\labels\sub-006\ses-headNormal\anat\sub-006_ses-headNormal_T2w_seg-manual.nii.gz","705","8","",48.7290690824329,0.0,2.380507383901254,0.0,20.86575767191667,0.0,6.781635776306269,0.0,7.059215042950128,0.0,8.79811718158061,0.0,3.3886567274887867,0.0,3.392979048817482,0.0,0.5968468296990329,0.0,14.6862140666919,0.0,0.9664670658682635,0.0,""
"2026-09-25 17:18:59","git-master-bddc7a050319718b5e4e0856afec0bc9ea96418f","C:\Users\marco\Desktop\ds004507\derivatives\labels\sub-006\ses-headNormal\anat\sub-006_ses-headNormal_T2w_seg-manual.nii.gz","706","8","",48.96845505192992,0.0,2.6897188485536305,0.0,20.888673363286298,0.0,6.656635653506653,0.0,7.061390175952714,0.0,8.894046700324928,0.0,3.3176491438811655,0.0,3.338986509625488,0.0,0.6078511818897798,0.0,14.902125915921332,0.0,0.9533668687469781,0.0,""
"2026-09-25 17:18:59","git-master-bddc7a050319718b5e4e0856afec0bc9ea96418f","C:\Users\marco\Desktop\ds004507\derivatives\labels\sub-006\ses-headNormal\anat\sub-006_ses-headNormal_T2w_seg-manual.nii.gz","707","8","",48.540036610895825,0.0,2.9364731990880566,0.0,20.911054206160827,0.0,6.596526240925497,0.0,6.950679606576479,0.0,8.94711667231881,0.0,3.328965892677035,0.0,3.267560348248463,0.0,0.6289974418164397,0.0,14.434972991562054,0.0,0.9558235832249987,0.0,""
"2026-09-25 17:18:59","git-master-bddc7a050319718b5e4e0856afec0bc9ea96418f","C:\Users\marco\Desktop\ds004507\derivatives\labels\sub-006\ses-headNormal\anat\sub-006_ses-headNormal_T2w_seg-manual.nii.gz","708","8","",47.44381375933061,0.0,3.1207704355045327,0.0,20.93290020054025,0.0,6.601307538562803,0.0,6.7270833348214225,0.0,8.957327097562253,0.0,3.4226069738763956,0.0,3.178700564686407,0.0,0.6602856094790125,0.0,13.284755293614065,0.0,0.9738372093023255,0.0,""
"2026-09-25 17:18:59","git-master-bddc7a050319718b5e4e0856afec0bc9ea96418f","C:\Users\marco\Desktop\ds004507\derivatives\labels\sub-006\ses-headNormal\anat\sub-006_ses-headNormal_T2w_seg-manual.nii.gz","709","8","",48.15608098722124,0.0,3.1803271843403493,0.0,20.953677879353133,0.0,6.589889931168927,0.0,6.69138813679746,0.0,9.169835186181045,0.0,3.4199026379957345,0.0,3.1699872931731927,0.0,0.6831352553470666,0.0,14.274057273024065,0.0,0.9638382266574796,0.0,""
"2026-09-25 17:18:59","git-master-bddc7a050319718b5e4e0856afec0bc9ea96418f","C:\Users\marco\Desktop\ds004507\derivatives\labels\sub-006\ses-headNormal\anat\sub-006_ses-headNormal_T2w_seg-manual.nii.gz","710","8","",48.53931223926721,0.0,3.1775448543504963,0.0,20.973922058514045,0.0,6.5000328280598545,0.0,6.574935908970093,0.0,9.420445232503951,0.0,3.3485426279249664,0.0,3.1514902001348877,0.0,0.714372498705884,0.0,14.16140869026166,0.0,0.9639622061210137,0.0,""
"2026-09-25 17:18:59","git-master-bddc7a050319718b5e4e0856afec0bc9ea96418f","C:\Users\marco\Desktop\ds004507\derivatives\labels\sub-006\ses-headNormal\anat\sub-006_ses-headNormal_T2w_seg-manual.nii.gz","711","8","",48.59350751546854,0.0,3.1124234455349726,0.0,20.99363273802299,0.0,6.3317362292355845,0.0,6.377726651339319,0.0,9.70915723653097,0.0,3.2085269436640917,0.0,3.123209285571493,0.0,0.7539973395554644,0.0,12.946809545326849,0.0,0.9742091476929277,0.0,""
"2026-09-25 17:18:59","git-master-bddc7a050319718b5e4e0856afec0bc9ea96418f","C:\Users\marco\Desktop\ds004507\derivatives\labels\sub-006\ses-headNormal\anat\sub-006_ses-headNormal_T2w_seg-manual.nii.gz","712","8","",48.121671091158845,0.0,2.922555879572041,0.0,21.012277669047613,0.0,6.414943036096808,0.0,6.611732863336415,0.0,9.345995600295177,0.0,3.230734078205666,0.0,3.184208957891142,0.0,0.7039370994853472,0.0,12.319079358964622,0.0,0.9523792956418347,0.0,""
"2026-09-25 17:18:59","git-master-bddc7a050319718b5e4e0856afec0bc9ea96418f","C:\Users\marco\Desktop\ds004507\derivatives\labels\sub-006\ses-headNormal\anat\sub-006_ses-headNormal_T2w_seg-manual.nii.gz","713","8","",47.34404734807415,0.0,2.670226414716368,0.0,21.030390318385734,0.0,6.370562374610669,0.0,6.62491150251075,0.0,9.228700117177661,0.0,3.1793774544190185,0.0,3.1911849201916507,0.0,0.6951997840637257,0.0,10.72327946781357,0.0,0.950314532282368,0.0,""
"2026-09-25 17:18:59","git-master-bddc7a050319718b5e4e0856afec0bc9ea96418f","C:\Users\marco\Desktop\ds004507\derivatives\labels\sub-006\ses-headNormal\anat\sub-006_ses-headNormal_T2w_seg-manual.nii.gz","714","8","",46.260636286214435,0.0,2.3554350509679542,0.0,21.047970686037353,0.0,6.198594244777167,0.0,6.417262568862326,0.0,9.357270787178424,0.0,3.0544570723041495,0.0,3.1441371724730183,0.0,0.7277853932906,0.0,8.159409871873692,0.0,0.9680148576145274,0.0,""
"2026-09-25 17:18:59","git-master-bddc7a050319718b5e4e0856afec0bc9ea96418f","C:\Users\marco\Desktop\ds004507\derivatives\labels\sub-006\ses-headNormal\anat\sub-006_ses-headNormal_T2w_seg-manual.nii.gz","715","8","",49.16698010861432,0.0,1.9821498889010696,0.0,21.05960172578055,0.0,6.580009513981777,0.0,6.769421562253166,0.0,9.416011912368475,0.0,3.33410928489363,0.0,3.2459002290881473,0.0,0.6943991383154223,0.0,11.189447549537247,0.0,0.9592677886477272,0.0,""
"2026-09-25 17:18:59","git-master-bddc7a050319718b5e4e0856afec0bc9ea96418f","C:\Users\marco\Desktop\ds004507\derivatives\labels\sub-006\ses-headNormal\anat\sub-006_ses-headNormal_T2w_seg-manual.nii.gz","716","8","",49.95593762074441,0.0,1.6129374876884732,0.0,21.06581728885895,0.0,6.730337284753854,0.0,6.896748403088473,0.0,9.377554535570237,0.0,3.4177175096894303,0.0,3.3126197750644235,0.0,0.6775740408746606,0.0,9.980115067796646,0.0,0.9523788510792249,0.0,""
"2026-09-25 17:18:59","git-master-bddc7a050319718b5e4e0856afec0bc9ea96418f","C:\Users\marco\Desktop\ds004507\derivatives\labels\sub-006\ses-headNormal\anat\sub-006_ses-headNormal_T2w_seg-manual.nii.gz","717","8","",48.62750882260472,0.0,1.2477978473301652,0.0,21.066617375272553,0.0,6.649577557093398,0.0,6.799243091368247,0.0,9.24189865678371,0.0,3.3052817466915516,0.0,3.3442958104018468,0.0,0.6773101009683147,0.0,4.53141242665189,0.0,0.9473480449090205,0.0,""
"2026-09-25 17:18:59","git-master-bddc7a050319718b5e4e0856afec0bc9ea96418f","C:\Users\marco\Desktop\ds004507\derivatives\labels\sub-006\ses-headNormal\anat\sub-006_ses-headNormal_T2w_seg-manual.nii.gz","718","8","",47.300165047926875,0.0,0.89088311728554,0.0,21.056587032496353,0.0,6.3544245832229365,0.0,6.591225012011892,0.0,9.263054760028297,0.0,3.1867326150884967,0.0,3.16769196813444,0.0,0.7021699636994462,0.0,4.84406869565355,0.0,0.9586300464549575,0.0,""
"2026-09-25 17:18:59","git-master-bddc7a050319718b5e4e0856afec0bc9ea96418f","C:\Users\marco\Desktop\ds004507\derivatives\labels\sub-006\ses-headNormal\anat\sub-006_ses-headNormal_T2w_seg-manual.nii.gz","719","8","",46.30203190435555,0.0,0.5381160150615631,0.0,21.041138190927402,0.0,6.185215188248135,0.0,6.484142267696797,0.0,9.23553310327773,0.0,3.0813817448702934,0.0,3.1038334433778414,0.0,0.7120523983709774,0.0,4.91125013782929,0.0,0.9593449843590852,0.0,""
"2026-09-25 17:18:59","git-master-bddc7a050319718b5e4e0856afec0bc9ea96418f","C:\Users\marco\Desktop\ds004507\derivatives\labels\sub-006\ses-headNormal\anat\sub-006_ses-headNormal_T2w_seg-manual.nii.gz","720","8","",45.633109391890756,0.0,0.18949654065823426,0.0,21.020270850565698,0.0,6.141949372168993,0.0,6.477994858422962,0.0,9.159333686532007,0.0,2.9892291360369416,0.0,3.152720236132051,0.0,0.7069574049829083,0.0,4.732956753179111,0.0,0.9494928586214034,0.0,""
"2026-09-25 17:18:59","git-master-bddc7a050319718b5e4e0856afec0bc9ea96418f","C:\Users\marco\Desktop\ds004507\derivatives\labels\sub-006\ses-headNormal\anat\sub-006_ses-headNormal_T2w_seg-manual.nii.gz","721","8","",45.19492052010146,0.0,-0.1507659555158348,0.0,20.988552865170487,0.0,6.067067633177861,0.0,6.326044078916493,0.0,9.301571319338269,0.0,3.0265589098682795,0.0,3.040508723309582,0.0,0.7324541015514046,0.0,4.804296244885061,0.0,0.9397247521201184,0.0,""
"2026-09-25 17:18:59","git-master-bddc7a050319718b5e4e0856afec0bc9ea96418f","C:\Users\marco\Desktop\ds004507\derivatives\labels\sub-006\ses-headNormal\anat\sub-006_ses-headNormal_T2w_seg-manual.nii.gz","722","8","",44.64189369582347,0.0,-0.4868231964955846,0.0,20.95139920812289,0.0,6.020895235521582,0.0,6.2529654438406155,0.0,9.269422953575512,0.0,3.0682217225008515,0.0,2.9526735130207307,0.0,0.7378831313429244,0.0,5.28473033337848,0.0,0.9415006590243833,0.0,""
"2026-09-25 17:18:59","git-master-bddc7a050319718b5e4e0856afec0bc9ea96418f","C:\Users\marco\Desktop\ds004507\derivatives\labels\sub-006\ses-headNormal\anat\sub-006_ses-headNormal_T2w_seg-manual.nii.gz","723","8","",43.97402891905678,0.0,-0.818675182281015,0.0,20.908809879422908,0.0,6.003432179200155,0.0,6.2587589531953265,0.0,9.062888589243734,0.0,3.114217573934658,0.0,2.889214605265497,0.0,0.7232444943574675,0.0,6.174259018659369,0.0,0.9548205793341981,0.0,""
"2026-09-25 17:18:59","git-master-bddc7a050319718b5e4e0856afec0bc9ea96418f","C:\Users\marco\Desktop\ds004507\derivatives\labels\sub-006\ses-headNormal\anat\sub-006_ses-headNormal_T2w_seg-manual.nii.gz","724","8","",43.10116172868303,0.0,-1.1420708752417015,0.0,20.855321501692416,0.0,5.802131793627226,0.0,6.065402305670817,0.0,9.205400102247372,0.0,2.9607814299476094,0.0,2.8413503636796165,0.0,0.7514274785711225,0.0,7.564885913395763,0.0,0.960981859778066,0.0,""
"2026-09-25 17:18:59","git-master-bddc7a050319718b5e4e0856afec0bc9ea96418f","C:\Users\marco\Desktop\ds004507\derivatives\labels\sub-006\ses-headNormal\anat\sub-006_ses-headNormal_T2w_seg-manual.nii.gz","725","8","",44.00659722137075,0.0,-1.4612191824569043,0.0,20.79636627241077,0.0,5.882484734714413,0.0,6.105958892146236,0.0,9.320586734208797,0.0,2.988962054746039,0.0,2.8935226799683735,0.0,0.755317564674463,0.0,9.012602692146464,0.0,0.964386655011655,0.0,""
"2026-09-25 17:18:59","git-master-bddc7a050319718b5e4e0856afec0bc9ea96418f","C:\Users\marco\Desktop\ds004507\derivatives\labels\sub-006\ses-headNormal\anat\sub-006_ses-headNormal_T2w_seg-manual.nii.gz","726","8","",46.690335397119924,0.0,-1.7761201039266237,0.0,20.73194419157797,0.0,6.244491002461716,0.0,6.380428712621583,0.0,9.40844848512801,0.0,3.1987594483299477,0.0,3.045731554131768,0.0,0.7349147526674891,0.0,10.517409354911473,0.0,0.965034965034965,0.0,""
"2026-09-25 17:18:59","git-master-bddc7a050319718b5e4e0856afec0bc9ea96418f","C:\Users\marco\Desktop\ds004507\derivatives\labels\sub-006\ses-headNormal\anat\sub-006_ses-headNormal_T2w_seg-manual.nii.gz","727","8","",42.83679159558262,0.0,-2.082494630711367,0.0,20.656546880880413,0.0,5.88698088431787,0.0,6.083996460073237,0.0,9.003059895510047,0.0,3.022161387924144,0.0,2.8648194963937255,0.0,0.7371594017935076,0.0,6.704857730023543,0.0,0.9705247815033018,0.0,""
"2026-09-25 17:18:59","git-master-bddc7a050319718b5e4e0856afec0bc9ea96418f","C:\Users\marco\Desktop\ds004507\derivatives\labels\sub-006\ses-headNormal\anat\sub-006_ses-headNormal_T2w_seg-manual.nii.gz","728","8","",42.24634185801598,0.0,-2.122402323697896,0.0,20.575637802133368,0.0,5.700072525608506,0.0,5.963965281810908,0.0,9.050513115625815,0.0,2.8946460746723677,0.0,2.8054264509361375,0.0,0.7509586485575369,0.0,6.126444492827693,0.0,0.9670185717190651,0.0,""
"2026-09-25 17:18:59","git-master-bddc7a050319718b5e4e0856afec0bc9ea96418f","C:\Users\marco\Desktop\ds004507\derivatives\labels\sub-006\ses-headNormal\anat\sub-006_ses-headNormal_T2w_seg-manual.nii.gz","729","8","",44.918986184420014,0.0,-1.8958431828862117,0.0,20.489216955336836,0.0,5.683765926333622,0.0,6.020335177834596,0.0,9.550808145475314,0.0,2.8162135085746183,0.0,2.867552417759004,0.0,0.7763124929595768,0.0,8.782169643323925,0.0,0.9545163356822549,0.0,""
"2026-09-25 17:18:59","git-master-bddc7a050319718b5e4e0856afec0bc9ea96418f","C:\Users\marco\Desktop\ds004507\derivatives\labels\sub-006\ses-headNormal\anat\sub-006_ses-headNormal_T2w_seg-manual.nii.gz","730","8","",45.72704452603476,0.0,-0.610615236820613,0.0,20.391717598746343,0.0,5.923229840645897,0.0,6.164112806495139,0.0,9.439926919620639,0.0,3.0050866599121404,0.0,2.918143180733757,0.0,0.7569623458203568,0.0,5.785357540292033,0.0,0.9562793497493278,0.0,""
"2026-09-25 17:18:59","git-master-bddc7a050319718b5e4e0856afec0bc9ea96418f","C:\Users\marco\Desktop\ds004507\derivatives\labels\sub-006\ses-headNormal\anat\sub-006_ses-headNormal_T2w_seg-manual.nii.gz","731","8","",45.690028652171996,0.0,0.8680480813810749,0.0,20.28864823280364,0.0,5.923871470764958,0.0,6.124020162924183,0.0,9.419498218405808,0.0,3.030934631792966,0.0,2.8929368389719916,0.0,0.7592649173145358,0.0,4.564199503571641,0.0,0.9651342648822699,0.0,""
"2026-09-25 17:18:59","git-master-bddc7a050319718b5e4e0856afec0bc9ea96418f","C:\Users\marco\Desktop\ds004507\derivatives\labels\sub-006\ses-headNormal\anat\sub-006_ses-headNormal_T2w_seg-manual.nii.gz","732","8","",44.80793856283171,0.0,2.540146771718852,0.0,20.18000885750873,0.0,5.685690816690805,0.0,5.90005724712173,0.0,9.489522041830822,0.0,2.893757424217096,0.0,2.7919333924737084,0.0,0.7832202074421138,0.0,5.118695533162748,0.0,0.981081081081081,0.0,""
"2026-09-25 17:18:59","git-master-bddc7a050319718b5e4e0856afec0bc9ea96418f","C:\Users\marco\Desktop\ds004507\derivatives\labels\sub-006\ses-headNormal\anat\sub-006_ses-headNormal_T2w_seg-manual.nii.gz","733","8","",44.76301679979724,0.0,3.923995648633554,0.0,20.0601615735218,0.0,5.697028629879555,0.0,6.00261531181265,0.0,9.389009125234836,0.0,2.9725841020415587,0.0,2.724444527837996,0.0,0.7686888665871305,0.0,5.345369331665221,0.0,0.9593027303150333,0.0,""
"2026-09-25 17:18:59","git-master-bddc7a050319718b5e4e0856afec0bc9ea96418f","C:\Users\marco\Desktop\ds004507\derivatives\labels\sub-006\ses-headNormal\anat\sub-006_ses-headNormal_T2w_seg-manual.nii.gz","734","8","",45.61545545489282,0.0,5.057496907311032,0.0,19.934673288610547,0.0,5.882570780354532,0.0,6.19989348314961,0.0,9.32901562240164,0.0,3.038539940468183,0.0,2.8440308398863494,0.0,0.746529793161297,0.0,6.583893217460051,0.0,0.954614021938556,0.0,""
"2026-09-25 17:18:59","git-master-bddc7a050319718b5e4e0856afec0bc9ea96418f","C:\Users\marco\Desktop\ds004507\derivatives\labels\sub-006\ses-headNormal\anat\sub-006_ses-headNormal_T2w_seg-manual.nii.gz","735","8","",47.36525452811844,0.0,5.940650547751287,0.0,19.803544002774974,0.0,6.2423172681157375,0.0,6.491891761132611,0.0,9.309541533331233,0.0,3.0916249394969686,0.0,3.150692328618769,0.0,0.7167429871646134,0.0,8.834267190547235,0.0,0.9670149559516492,0.0,""
"2026-09-25 17:18:59","git-master-bddc7a050319718b5e4e0856afec0bc9ea96418f","C:\Users\marco\Desktop\ds004507\derivatives\labels\sub-006\ses-headNormal\anat\sub-006_ses-headNormal_T2w_seg-manual.nii.gz","736","7","",47.48861954349319,0.0,6.203423797996058,0.0,19.58980693242131,0.0,5.922130186471989,0.0,6.343507915943057,0.0,9.659415393052688,0.0,3.044743369100205,0.0,2.8773868173717845,0.0,0.7541366044067519,0.0,6.378990356719564,0.0,0.9566960705693665,0.0,""
"2026-09-25 17:18:59","git-master-bddc7a050319718b5e4e0856afec0bc9ea96418f","C:\Users\marco\Desktop\ds004507\derivatives\labels\sub-006\ses-headNormal\anat\sub-006_ses-headNormal_T2w_seg-manual.nii.gz","737","7","",48.57356584507441,0.0,5.624253847535416,0.0,19.42187311282867,0.0,6.175093943870805,0.0,6.557594200589235,0.0,9.545584913653649,0.0,3.096448481531892,0.0,3.0786454623389123,0.0,0.7261096781464084,0.0,5.9177766877743565,0.0,0.9668331885585497,0.0,""
"2026-09-25 17:18:59","git-master-bddc7a050319718b5e4e0856afec0bc9ea96418f","C:\Users\marco\Desktop\ds004507\derivatives\labels\sub-006\ses-headNormal\anat\sub-006_ses-headNormal_T2w_seg-manual.nii.gz","738","7","",49.17159373905758,0.0,4.560078301812375,0.0,19.24607157563472,0.0,6.286611090492908,0.0,6.601889114458315,0.0,9.584022948686712,0.0,3.0569059385913846,0.0,3.229705151901523,0.0,0.724673980131591,0.0,4.183076569209308,0.0,0.9669237316292333,0.0,""
"2026-09-25 17:18:59","git-master-bddc7a050319718b5e4e0856afec0bc9ea96418f","C:\Users\marco\Desktop\ds004507\derivatives\labels\sub-006\ses-headNormal\anat\sub-006_ses-headNormal_T2w_seg-manual.nii.gz","739","7","",49.76378536827545,0.0,3.183875199098315,0.0,19.063775056445255,0.0,6.221049365220035,0.0,6.472887773484546,0.0,9.865792904145275,0.0,2.9706081338546024,0.0,3.250441231365433,0.0,0.7513301775296537,0.0,2.723067492729588,0.0,0.959688833047223,0.0,""
"2026-09-25 17:18:59","git-master-bddc7a050319718b5e4e0856afec0bc9ea96418f","C:\Users\marco\Desktop\ds004507\derivatives\labels\sub-006\ses-headNormal\anat\sub-006_ses-headNormal_T2w_seg-manual.nii.gz","740","7","",51.2149213368739,0.0,1.7445994968835083,0.0,18.876155482951614,0.0,5.8788549236603185,0.0,6.129622135381007,0.0,10.603475294902552,0.0,2.9082903233989446,0.0,2.9705646002613744,0.0,0.8143978503244087,0.0,4.379407151821569,0.0,0.9485614443604307,0.0,""
"2026-09-25 17:18:59","git-master-bddc7a050319718b5e4e0856afec0bc9ea96418f","C:\Users\marco\Desktop\ds004507\derivatives\labels\sub-006\ses-headNormal\anat\sub-006_ses-headNormal_T2w_seg-manual.nii.gz","741","7","",48.62374700643332,0.0,0.84637481069614,0.0,18.687188622352433,0.0,6.047356714120685,0.0,6.138953173531448,0.0,10.021164414393313,0.0,3.0641509132441715,0.0,2.9832058008765134,0.0,0.7878704379715785,0.0,3.9333078878827608,0.0,0.9507166202521538,0.0,""
"2026-09-25 17:18:59","git-master-bddc7a050319718b5e4e0856afec0bc9ea96418f","C:\Users\marco\Desktop\ds004507\derivatives\labels\sub-006\ses-headNormal\anat\sub-006_ses-headNormal_T2w_seg-manual.nii.gz","742","7","",47.544398912520826,0.0,0.3358453369113429,0.0,18.497257539778225,0.0,6.225365789173103,0.0,6.307522515378776,0.0,9.595494508157454,0.0,3.1754555050026916,0.0,3.0499102841704113,0.0,0.7528618224230124,0.0,2.351198297073092,0.0,0.9531583946301138,0.0,""
"2026-09-25 17:18:59","git-master-bddc7a050319718b5e4e0856afec0bc9ea96418f","C:\Users\marco\Desktop\ds004507\derivatives\labels\sub-006\ses-headNormal\anat\sub-006_ses-headNormal_T2w_seg-manual.nii.gz","743","7","",48.65921884057223,0.0,0.21334808553256576,0.0,18.30636132849685,0.0,6.327912846849311,0.0,6.559338597204677,0.0,9.56025179065775,0.0,3.192948043873813,0.0,3.1349648029754973,0.0,0.7274197208527611,0.0,0.243486298823235,0.0,0.9558316879949067,0.0,""
"2026-09-25 17:18:59","git-master-bddc7a050319718b5e4e0856afec0bc9ea96418f","C:\Users\marco\Desktop\ds004507\derivatives\labels\sub-006\ses-headNormal\anat\sub-006_ses-headNormal_T2w_seg-manual.nii.gz","744","7","",50.50812096763533,0.0,0.634260920205366,0.0,18.114111482984885,0.0,6.346371022767754,0.0,6.6318104092563654,0.0,9.841519303130973,0.0,3.0838265994409713,0.0,3.2625444233267826,0.0,0.7387165543532799,0.0,0.30619081355729816,0.0,0.9714019894423869,0.0,""
"2026-09-25 17:18:59","git-master-bddc7a050319718b5e4e0856afec0bc9ea96418f","C:\Users\marco\Desktop\ds004507\derivatives\labels\sub-006\ses-headNormal\anat\sub-006_ses-headNormal_T2w_seg-manual.nii.gz","745","7","",52.041318259939224,0.0,1.173429648245091,0.0,17.92069893849521,0.0,6.350466348078248,0.0,6.6310401469327065,0.0,10.125381359009044,0.0,3.0668744089575966,0.0,3.283591939120651,0.0,0.7552417542372573,0.0,6.224436437909974,0.0,0.9652855447199056,0.0,""
"2026-09-25 17:18:59","git-master-bddc7a050319718b5e4e0856afec0bc9ea96418f","C:\Users\marco\Desktop\ds004507\derivatives\labels\sub-006\ses-headNormal\anat\sub-006_ses-headNormal_T2w_seg-manual.nii.gz","746","7","",52.63041189509842,0.0,1.6375213377666735,0.0,17.726316355093555,0.0,6.347878541608161,0.0,6.532668943354265,0.0,10.29431156607091,0.0,3.1233040296791463,0.0,3.224574511929015,0.0,0.7727035815030923,0.0,11.207899602036726,0.0,0.9653941410322403,0.0,""
"2026-09-25 17:18:59","git-master-bddc7a050319718b5e4e0856afec0bc9ea96418f","C:\Users\marco\Desktop\ds004507\derivatives\labels\sub-006\ses-headNormal\anat\sub-006_ses-headNormal_T2w_seg-manual.nii.gz","747","7","",51.82139100988268,0.0,1.9107869112208373,0.0,17.53096298404843,0.0,6.342131543619299,0.0,6.312319545670826,0.0,10.270247278769741,0.0,3.250831527992531,0.0,3.0913000156267687,0.0,0.7888218064145466,0.0,11.380313604887712,0.0,0.9879259980525803,0.0,""
"2026-09-25 17:18:59","git-master-bddc7a050319718b5e4e0856afec0bc9ea96418f","C:\Users\marco\Desktop\ds004507\derivatives\labels\sub-006\ses-headNormal\anat\sub-006_ses-headNormal_T2w_seg-manual.nii.gz","748","7","",52.638717673916894,0.0,1.8790243819182557,0.0,17.334053626586666,0.0,6.266803385432376,0.0,6.228204479013189,0.0,10.569685273080445,0.0,3.136689162408633,0.0,3.1301142230237438,0.0,0.8075274538194577,0.0,11.462838419264754,0.0,0.9746023658342274,0.0,""
"2026-09-25 17:18:59","git-master-bddc7a050319718b5e4e0856afec0bc9ea96418f","C:\Users\marco\Desktop\ds004507\derivatives\labels\sub-006\ses-headNormal\anat\sub-006_ses-headNormal_T2w_seg-manual.nii.gz","749","7","",53.67689260500231,0.0,1.6565937432113227,0.0,17.13617024733682,0.0,6.248722829544103,0.0,6.385071693407575,0.0,10.65610238208881,0.0,3.0619241995564828,0.0,3.1867986299876203,0.0,0.8001317192337694,0.0,11.691922977061806,0.0,0.9533778700417525,0.0,""
"2026-09-25 17:18:59","git-master-bddc7a050319718b5e4e0856afec0bc9ea96418f","C:\Users\marco\Desktop\ds004507\derivatives\labels\sub-006\ses-headNormal\anat\sub-006_ses-headNormal_T2w_seg-manual.nii.gz","750","7","",53.909533699219175,0.0,1.301058902084246,0.0,16.93678680259933,0.0,6.223592555159342,0.0,6.558061066221257,0.0,10.591840474886355,0.0,3.0146510103542985,0.0,3.2089415448050436,0.0,0.7852537932379892,0.0,11.975851042156519,0.0,0.936214756151912,0.0,""
"2026-09-25 17:18:59","git-master-bddc7a050319718b5e4e0856afec0bc9ea96418f","C:\Users\marco\Desktop\ds004507\derivatives\labels\sub-006\ses-headNormal\anat\sub-006_ses-headNormal_T2w_seg-manual.nii.gz","751","7","",51.32804640213819,0.0,0.8894140506245705,0.0,16.734656400617435,0.0,6.074267441147551,0.0,6.3456488083991855,0.0,10.458979112595653,0.0,2.978973817184868,0.0,3.095293623962683,0.0,0.7949117805950129,0.0,12.160502090988205,0.0,0.9454573424033952,0.0,""
"2026-09-25 17:18:59","git-master-bddc7a050319718b5e4e0856afec0bc9ea96418f","C:\Users\marco\Desktop\ds004507\derivatives\labels\sub-006\ses-headNormal\anat\sub-006_ses-headNormal_T2w_seg-manual.nii.gz","752","7","",51.68705110150812,0.0,0.614084744345637,0.0,16.52745877668747,0.0,6.205836712337804,0.0,6.396492556844461,0.0,10.455961267341296,0.0,3.008115948787736,0.0,3.197720763550068,0.0,0.791025493612072,0.0,11.910080027657523,0.0,0.9549829125466951,0.0,""
"2026-09-25 17:18:59","git-master-bddc7a050319718b5e4e0856afec0bc9ea96418f","C:\Users\marco\Desktop\ds004507\derivatives\labels\sub-006\ses-headNormal\anat\sub-006_ses-headNormal_T2w_seg-manual.nii.gz","753","7","",51.133362363980766,0.0,0.43617187192375545,0.0,16.31662239126904,0.0,6.173577252678549,0.0,6.307598015974505,0.0,10.385012167274695,0.0,3.0055173327368596,0.0,3.168059919941689,0.0,0.7943805198450262,0.0,11.470317054163523,0.0,0.9553475157421181,0.0,""
"2026-09-25 17:18:59","git-master-bddc7a050319718b5e4e0856afec0bc9ea96418f","C:\Users\marco\Desktop\ds004507\derivatives\labels\sub-006\ses-headNormal\anat\sub-006_ses-headNormal_T2w_seg-manual.nii.gz","754","7","",49.61694368957408,0.0,0.3556901924185155,0.0,16.10213761206962,0.0,6.0033691507528175,0.0,6.104817664043716,0.0,10.222586405182268,0.0,2.9873930411333167,0.0,3.015976109619501,0.0,0.8018162664050582,0.0,11.037207812329546,0.0,0.9503834787514293,0.0,""
"2026-09-25 17:18:59","git-master-bddc7a050319718b5e4e0856afec0bc9ea96418f","C:\Users\marco\Desktop\ds004507\derivatives\labels\sub-006\ses-headNormal\anat\sub-006_ses-headNormal_T2w_seg-manual.nii.gz","755","7","",50.69076151174388,0.0,0.4116273715111453,0.0,15.882518184874465,0.0,6.295216054110357,0.0,6.346260666161068,0.0,10.02518630963111,0.0,3.147593579009614,0.0,3.1476224751007424,0.0,0.7735835884034047,0.0,11.54098795109661,0.0,0.9725287129849118,0.0,""
"2026-09-25 17:18:59","git-master-bddc7a050319718b5e4e0856afec0bc9ea96418f","C:\Users\marco\Desktop\ds004507\derivatives\labels\sub-006\ses-headNormal\anat\sub-006_ses-headNormal_T2w_seg-manual.nii.gz","756","7","",51.56174191002257,0.0,0.584486724257155,0.0,15.658469060159437,0.0,6.353850411015854,0.0,6.5146028185291085,0.0,10.034595819699724,0.0,3.1397214530850506,0.0,3.214128957930803,0.0,0.7605886896024414,0.0,10.65401534757384,0.0,0.9578683202555229,0.0,""
"2026-09-25 17:18:59","git-master-bddc7a050319718b5e4e0856afec0bc9ea96418f","C:\Users\marco\Desktop\ds004507\derivatives\labels\sub-006\ses-headNormal\anat\sub-006_ses-headNormal_T2w_seg-manual.nii.gz","757","7","",53.01550127218508,0.0,0.8547560058174357,0.0,15.430714406191788,0.0,6.437866271414069,0.0,6.7054076340162245,0.0,10.156138521704474,0.0,3.1540200511084158,0.0,3.2838462203056533,0.0,0.7510637014988985,0.0,8.364482348945463,0.0,0.9385181441492616,0.0,""
"2026-09-25 17:18:59","git-master-bddc7a050319718b5e4e0856afec0bc9ea96418f","C:\Users\marco\Desktop\ds004507\derivatives\labels\sub-006\ses-headNormal\anat\sub-006_ses-headNormal_T2w_seg-manual.nii.gz","758","7","",55.55324636520458,0.0,1.2224184055940686,0.0,15.199244813203041,0.0,6.693747163440171,0.0,6.9742618045625235,0.0,10.349675651591795,0.0,3.2986435578232505,0.0,3.3951036056169204,0.0,0.7388564650017838,0.0,4.509989104190983,0.0,0.9317992329498083,0.0,""
"2026-09-25 17:18:59","git-master-bddc7a050319718b5e4e0856afec0bc9ea96418f","C:\Users\marco\Desktop\ds004507\derivatives\labels\sub-006\ses-headNormal\anat\sub-006_ses-headNormal_T2w_seg-manual.nii.gz","759","7","",53.741354554154206,0.0,1.745697576781343,0.0,14.961794266019053,0.0,6.631239645432215,0.0,6.919374026578839,0.0,10.049385114893921,0.0,3.4095666314380084,0.0,3.2216730139942062,0.0,0.7249361619142318,0.0,3.995500161942566,0.0,0.9448416964923881,0.0,""
"2026-09-25 17:18:59","git-master-bddc7a050319718b5e4e0856afec0bc9ea96418f","C:\Users\marco\Desktop\ds004507\derivatives\labels\sub-006\ses-headNormal\anat\sub-006_ses-headNormal_T2w_seg-manual.nii.gz","760","7","",53.33492426451462,0.0,2.365918151714519,0.0,14.720582919037472,0.0,6.577253422059864,0.0,6.7462733215657735,0.0,10.105882524873586,0.0,3.4185757763415046,0.0,3.158677645718359,0.0,0.7430910429824884,0.0,4.1219806496311255,0.0,0.9521108526369073,0.0,""
"2026-09-25 17:18:59","git-master-bddc7a050319718b5e4e0856afec0bc9ea96418f","C:\Users\marco\Desktop\ds004507\derivatives\labels\sub-006\ses-headNormal\anat\sub-006_ses-headNormal_T2w_seg-manual.nii.gz","761","7","",53.360161765888854,0.0,2.945949600815074,0.0,14.476179057694317,0.0,6.523556069262449,0.0,6.54566997827949,0.0,10.283083204357082,0.0,3.368996940610065,0.0,3.1545591286523837,0.0,0.7712386041848759,0.0,4.4805252690775665,0.0,0.9580900197061017,0.0,""
"2026-09-25 17:18:59","git-master-bddc7a050319718b5e4e0856afec0bc9ea96418f","C:\Users\marco\Desktop\ds004507\derivatives\labels\sub-006\ses-headNormal\anat\sub-006_ses-headNormal_T2w_seg-manual.nii.gz","762","7","",52.15057190176511,0.0,3.2309191456751445,0.0,14.228967092902106,0.0,6.45538699784575,0.0,6.475341988826434,0.0,10.180175388332488,0.0,3.327099234654088,0.0,3.128287763191662,0.0,0.7716288743092014,0.0,4.3815173099110964,0.0,0.9705911728658313,0.0,""
"2026-09-25 17:18:59","git-master-bddc7a050319718b5e4e0856afec0bc9ea96418f","C:\Users\marco\Desktop\ds004507\derivatives\labels\sub-006\ses-headNormal\anat\sub-006_ses-headNormal_T2w_seg-manual.nii.gz","763","7","",53.40500162344775,0.0,2.6924148491606257,0.0,13.980493361752755,0.0,6.449912991283921,0.0,6.706215322551878,0.0,10.196427551173336,0.0,3.2025309030048583,0.0,3.247382088279063,0.0,0.7529984513249273,0.0,7.1214654443260965,0.0,0.9567209048507159,0.0,""
"2026-09-25 17:18:59","git-master-bddc7a050319718b5e4e0856afec0bc9ea96418f","C:\Users\marco\Desktop\ds004507\derivatives\labels\sub-006\ses-headNormal\anat\sub-006_ses-headNormal_T2w_seg-manual.nii.gz","764","7","",54.967049601686696,0.0,1.564191974200924,0.0,13.73112244983201,0.0,6.587911309524278,0.0,6.948669899340585,0.0,10.191496765962166,0.0,3.192960968081367,0.0,3.3949503414429114,0.0,0.7311722258148963,0.0,7.735636248149371,0.0,0.9525841081899621,0.0,""
"2026-09-25 17:18:59","git-master-bddc7a050319718b5e4e0856afec0bc9ea96418f","C:\Users\marco\Desktop\ds004507\derivatives\labels\sub-006\ses-headNormal\anat\sub-006_ses-headNormal_T2w_seg-manual.nii.gz","765","7","",56.218941684053696,0.0,0.0011619814082659274,0.0,13.48085646321255,0.0,6.805502989825382,0.0,7.121714078300539,0.0,10.167235360660161,0.0,3.2783110110343285,0.0,3.5271919787910537,0.0,0.7136116341475124,0.0,6.024432156099938,0.0,0.9607576641218746,0.0,""
"2026-09-25 17:18:59","git-master-bddc7a050319718b5e4e0856afec0bc9ea96418f","C:\Users\marco\Desktop\ds004507\derivatives\labels\sub-006\ses-headNormal\anat\sub-006_ses-headNormal_T2w_seg-manual.nii.gz","766","7","",55.610434285229296,0.0,-1.3009616284733971,0.0,13.22934345274467,0.0,6.638636995791291,0.0,7.029018094194881,0.0,10.275100229951873,0.0,3.1404414963490397,0.0,3.498195499442251,0.0,0.7292604039503585,0.0,5.755001200665119,0.0,0.9605979675470756,0.0,""
"2026-09-25 17:18:59","git-master-bddc7a050319718b5e4e0856afec0bc9ea96418f","C:\Users\marco\Desktop\ds004507\derivatives\labels\sub-006\ses-headNormal\anat\sub-006_ses-headNormal_T2w_seg-manual.nii.gz","767","7","",55.12168660718151,0.0,-1.447534604912418,0.0,12.97676847850385,0.0,6.61984893173872,0.0,6.911643673649183,0.0,10.322904582938623,0.0,3.177758098609293,0.0,3.4420908331294267,0.0,0.7426441288156208,0.0,4.631901530197923,0.0,0.9541825098473843,0.0,""
"2026-09-25 17:18:59","git-master-bddc7a050319718b5e4e0856afec0bc9ea96418f","C:\Users\marco\Desktop\ds004507\derivatives\labels\sub-006\ses-headNormal\anat\sub-006_ses-headNormal_T2w_seg-manual.nii.gz","768","7","",55.05988366221329,0.0,-0.9557613128631731,0.0,12.723312193134346,0.0,6.701006463858729,0.0,6.84877615435349,0.0,10.316952562652876,0.0,3.2569026971732047,0.0,3.4441037666855236,0.0,0.747831593995862,0.0,4.004658846748511,0.0,0.9493579148892923,0.0,""
"2026-09-25 17:18:59","git-master-bddc7a050319718b5e4e0856afec0bc9ea96418f","C:\Users\marco\Desktop\ds004507\derivatives\labels\sub-006\ses-headNormal\anat\sub-006_ses-headNormal_T2w_seg-manual.nii.gz","769","7","",55.64312209416842,0.0,-0.042050147468286336,0.0,12.468977035757561,0.0,6.866474472943306,0.0,6.890463712941162,0.0,10.254773540415721,0.0,3.3084350023845808,0.0,3.5580394705587253,0.0,0.7406169846663924,0.0,4.678104872235619,0.0,0.9506601806810285,0.0,""
"2026-09-25 17:18:59","git-master-bddc7a050319718b5e4e0856afec0bc9ea96418f","C:\Users\marco\Desktop\ds004507\derivatives\labels\sub-006\ses-headNormal\anat\sub-006_ses-headNormal_T2w_seg-manual.nii.gz","770","6","",57.48751323359784,0.0,0.9518174499614394,0.0,12.117346839320838,0.0,6.654343877105303,0.0,6.935353690999692,0.0,10.61204629915598,0.0,3.288262370765773,0.0,3.3660815063395297,0.0,0.7568954818879796,0.0,8.988761272284997,0.0,0.9636118598382749,0.0,""
"2026-09-25 17:18:59","git-master-bddc7a050319718b5e4e0856afec0bc9ea96418f","C:\Users\marco\Desktop\ds004507\derivatives\labels\sub-006\ses-headNormal\anat\sub-006_ses-headNormal_T2w_seg-manual.nii.gz","771","6","",54.50227551515368,0.0,1.5365684575315937,0.0,11.834519133696379,0.0,6.795813337361224,0.0,6.963365678088079,0.0,10.130128194861703,0.0,3.361495095358272,0.0,3.434318242002952,0.0,0.7255293659634386,0.0,5.278220181453338,0.0,0.9484176899271239,0.0,""
"2026-09-25 17:18:59","git-master-bddc7a050319718b5e4e0856afec0bc9ea96418f","C:\Users\marco\Desktop\ds004507\derivatives\labels\sub-006\ses-headNormal\anat\sub-006_ses-headNormal_T2w_seg-manual.nii.gz","772","6","",54.21286623398949,0.0,1.963669119057465,0.0,11.550558176448467,0.0,6.7923445302541055,0.0,7.0181402897809715,0.0,10.019246094456289,0.0,3.33504962018221,0.0,3.4572949100718953,0.0,0.7136730612594467,0.0,5.3251193074682295,0.0,0.9436887322511484,0.0,""
"2026-09-25 17:18:59","git-master-bddc7a050319718b5e4e0856afec0bc9ea96418f","C:\Users\marco\Desktop\ds004507\derivatives\labels\sub-006\ses-headNormal\anat\sub-006_ses-headNormal_T2w_seg-manual.nii.gz","773","6","",55.63767336115237,0.0,2.249783142785843,0.0,11.26547054883658,0.0,6.712462675707928,0.0,6.985882763855143,0.0,10.299065671035432,0.0,3.2212459111864846,0.0,3.491216764521444,0.0,0.7328279769229393,0.0,5.593247803545965,0.0,0.9508453141535174,0.0,""
"2026-09-25 17:18:59","git-master-bddc7a050319718b5e4e0856afec0bc9ea96418f","C:\Users\marco\Desktop\ds004507\derivatives\labels\sub-006\ses-headNormal\anat\sub-006_ses-headNormal_T2w_seg-manual.nii.gz","774","6","",57.12342578471882,0.0,2.4115470583216365,0.0,10.97926298742377,0.0,6.586531261338485,0.0,6.827143310616674,0.0,10.736792400722189,0.0,3.0781293095651434,0.0,3.508401951773342,0.0,0.7715048145766461,0.0,5.131144443971898,0.0,0.9634061990600806,0.0,""
"2026-09-25 17:18:59","git-master-bddc7a050319718b5e4e0856afec0bc9ea96418f","C:\Users\marco\Desktop\ds004507\derivatives\labels\sub-006\ses-headNormal\anat\sub-006_ses-headNormal_T2w_seg-manual.nii.gz","775","6","",56.34519330979472,0.0,2.4655702166278735,0.0,10.691942384076663,0.0,6.40675204245338,0.0,6.576817112900956,0.0,10.847171562666986,0.0,3.0094705317573864,0.0,3.3972815106959944,0.0,0.7952235683190906,0.0,5.572097624100447,0.0,0.9669885864793679,0.0,""
"2026-09-25 17:18:59","git-master-bddc7a050319718b5e4e0856afec0bc9ea96418f","C:\Users\marco\Desktop\ds004507\derivatives\labels\sub-006\ses-headNormal\anat\sub-006_ses-headNormal_T2w_seg-manual.nii.gz","776","6","",56.096013602505614,0.0,2.375980428430091,0.0,10.403152134297379,0.0,6.608014581543717,0.0,6.705615497643076,0.0,10.629536178383525,0.0,3.2572356835204777,0.0,3.35077889802324,0.0,0.7756445334644567,0.0,7.7895248763148555,0.0,0.945859516956315,0.0,""
"2026-09-25 17:18:59","git-master-bddc7a050319718b5e4e0856afec0bc9ea96418f","C:\Users\marco\Desktop\ds004507\derivatives\labels\sub-006\ses-headNormal\anat\sub-006_ses-headNormal_T2w_seg-manual.nii.gz","777","6","",58.86683786737058,0.0,2.1786302577045413,0.0,10.113270929143304,0.0,6.804815000763147,0.0,6.98641586311373,0.0,10.741861559748541,0.0,3.3093509780864316,0.0,3.4954640226767157,0.0,0.7595851383910041,0.0,5.186568242697844,0.0,0.9494163197985249,0.0,""
"2026-09-25 17:18:59","git-master-bddc7a050319718b5e4e0856afec0bc9ea96418f","C:\Users\marco\Desktop\ds004507\derivatives\labels\sub-006\ses-headNormal\anat\sub-006_ses-headNormal_T2w_seg-manual.nii.gz","778","6","",60.814805511991345,0.0,1.8734445956645074,0.0,9.822306604902147,0.0,6.878421818369204,0.0,7.126143851925442,0.0,10.93848496847737,0.0,3.3074347805188196,0.0,3.5709870378503843,0.0,0.7585009656393076,0.0,3.7890860109176336,0.0,0.9511386635044553,0.0,""
"2026-09-25 17:18:59","git-master-bddc7a050319718b5e4e0856afec0bc9ea96418f","C:\Users\marco\Desktop\ds004507\derivatives\labels\sub-006\ses-headNormal\anat\sub-006_ses-headNormal_T2w_seg-manual.nii.gz","779","6","",60.55478108337158,0.0,1.460344844598414,0.0,9.530267156936306,0.0,6.7884759779923,0.0,7.0388093957664655,0.0,11.082483140907543,0.0,3.2910079798580676,0.0,3.4974679981342325,0.0,0.7722638622822673,0.0,4.7978469290982915,0.0,0.9462725757042868,0.0,""
"2026-09-25 17:18:59","git-master-bddc7a050319718b5e4e0856afec0bc9ea96418f","C:\Users\marco\Desktop\ds004507\derivatives\labels\sub-006\ses-headNormal\anat\sub-006_ses-headNormal_T2w_seg-manual.nii.gz","780","6","",59.15935426791688,0.0,0.9392489178698289,0.0,9.237160739682873,0.0,6.57299084863573,0.0,6.845506715400784,0.0,11.145672287998787,0.0,3.1974939891214564,0.0,3.375496859514273,0.0,0.789161939925108,0.0,4.588530205819732,0.0,0.9518304431599229,0.0,""
"2026-09-25 17:18:59","git-master-bddc7a050319718b5e4e0856afec0bc9ea96418f","C:\Users\marco\Desktop\ds004507\derivatives\labels\sub-006\ses-headNormal\anat\sub-006_ses-headNormal_T2w_seg-manual.nii.gz","781","6","",58.928170597573356,0.0,0.27409145922014433,0.0,8.942648644320077,0.0,6.558141654629537,0.0,6.810690211175713,0.0,11.167628948468417,0.0,3.2148933149696535,0.0,3.3432483396598838,0.0,0.7925028225853348,0.0,7.309301615203167,0.0,0.9753828110400113,0.0,""
"2026-09-25 17:18:59","git-master-bddc7a050319718b5e4e0856afec0bc9ea96418f","C:\Users\marco\Desktop\ds004507\derivatives\labels\sub-006\ses-headNormal\anat\sub-006_ses-headNormal_T2w_seg-manual.nii.gz","782","6","",59.9618219665059,0.0,-0.4989731874098,0.0,8.647095481526087,0.0,6.709124757806511,0.0,6.888318289829295,0.0,11.209533032765687,0.0,3.299940497107579,0.0,3.4091842606989315,0.0,0.7889001642883665,0.0,8.982479424644424,0.0,0.9635369865578982,0.0,""
"2026-09-25 17:18:59","git-master-bddc7a050319718b5e4e0856afec0bc9ea96418f","C:\Users\marco\Desktop\ds004507\derivatives\labels\sub-006\ses-headNormal\anat\sub-006_ses-headNormal_T2w_seg-manual.nii.gz","783","6","",61.13401661205624,0.0,-1.2735941277108216,0.0,8.354943284270064,0.0,6.8691900491621345,0.0,6.965293773063277,0.0,11.226141914080712,0.0,3.357122212552718,0.0,3.5120678366094165,0.0,0.7842346361560605,0.0,8.653975676843324,0.0,0.9493717839018215,0.0,""
"2026-09-25 17:18:59","git-master-bddc7a050319718b5e4e0856afec0bc9ea96418f","C:\Users\marco\Desktop\ds004507\derivatives\labels\sub-006\ses-headNormal\anat\sub-006_ses-headNormal_T2w_seg-manual.nii.gz","784","6","",62.525660943636886,0.0,-1.9435624086243144,0.0,8.07064968098044,0.0,6.998397656604839,0.0,7.0659715068144315,0.0,11.25632242003599,0.0,3.3769786048078374,0.0,3.6214190517970013,0.0,0.7784076202568206,0.0,6.589981550762489,0.0,0.9494431537551491,0.0,""
"2026-09-25 17:18:59","git-master-bddc7a050319718b5e4e0856afec0bc9ea96418f","C:\Users\marco\Desktop\ds004507\derivatives\labels\sub-006\ses-headNormal\anat\sub-006_ses-headNormal_T2w_seg-manual.nii.gz","785","6","",65.42485954273108,0.0,-2.402811018342249,0.0,7.798687895544928,0.0,7.1736179449560025,0.0,7.352158361254559,0.0,11.423050832686423,0.0,3.436103283860987,0.0,3.7375146610950156,0.0,0.7653412096055973,0.0,4.276967361627347,0.0,0.9637841832963784,0.0,""
"2026-09-25 17:18:59","git-master-bddc7a050319718b5e4e0856afec0bc9ea96418f","C:\Users\marco\Desktop\ds004507\derivatives\labels\sub-006\ses-headNormal\anat\sub-006_ses-headNormal_T2w_seg-manual.nii.gz","786","6","",64.88002669159245,0.0,-2.5815793359208845,0.0,7.543271104517675,0.0,7.1945546994036755,0.0,7.375323465977772,0.0,11.318282711019782,0.0,3.4260358476151365,0.0,3.768518851788539,0.0,0.758503403096931,0.0,6.824332100442984,0.0,0.965746032337547,0.0,""
"2026-09-25 17:18:59","git-master-bddc7a050319718b5e4e0856afec0bc9ea96418f","C:\Users\marco\Desktop\ds004507\derivatives\labels\sub-006\ses-headNormal\anat\sub-006_ses-headNormal_T2w_seg-manual.nii.gz","787","6","",64.55819739456234,0.0,-2.5501843842191225,0.0,7.300331468299857,0.0,7.210085086945311,0.0,7.362011295960828,0.0,11.267227339350175,0.0,3.460296578715986,0.0,3.749788508229325,0.0,0.757012733126361,0.0,6.661960180872407,0.0,0.9587968095060497,0.0,""
"2026-09-25 17:18:59","git-master-bddc7a050319718b5e4e0856afec0bc9ea96418f","C:\Users\marco\Desktop\ds004507\derivatives\labels\sub-006\ses-headNormal\anat\sub-006_ses-headNormal_T2w_seg-manual.nii.gz","788","6","",63.738310358702144,0.0,-2.308549040157365,0.0,7.0699093611909385,0.0,6.98950154480775,0.0,7.160567669703607,0.0,11.407461766601111,0.0,3.4246054870990115,0.0,3.5648960577087383,0.0,0.77704721785509,0.0,6.23560718756068,0.0,0.9531762789731422,0.0,""
"2026-09-25 17:18:59","git-master-bddc7a050319718b5e4e0856afec0bc9ea96418f","C:\Users\marco\Desktop\ds004507\derivatives\labels\sub-006\ses-headNormal\anat\sub-006_ses-headNormal_T2w_seg-manual.nii.gz","789","6","",62.21585754552112,0.0,-1.856520348639923,0.0,6.852042756310686,0.0,6.667450490806553,0.0,6.906814963420172,0.0,11.542303134599713,0.0,3.3427049051994158,0.0,3.324745585607138,0.0,0.8007453016178487,0.0,6.016467482081794,0.0,0.9506162938164363,0.0,""
"2026-09-25 17:18:59","git-master-bddc7a050319718b5e4e0856afec0bc9ea96418f","C:\Users\marco\Desktop\ds004507\derivatives\labels\sub-006\ses-headNormal\anat\sub-006_ses-headNormal_T2w_seg-manual.nii.gz","790","6","",60.302884170976455,0.0,-1.1938695225550127,0.0,6.64676722559916,0.0,6.743932323346002,0.0,7.0240521110387775,0.0,11.14080867807673,0.0,3.3763594879521266,0.0,3.3675728353938754,0.0,0.7762058549228962,0.0,4.501174202938676,0.0,0.9443407960199005,0.0,""
"2026-09-25 17:18:59","git-master-bddc7a050319718b5e4e0856afec0bc9ea96418f","C:\Users\marco\Desktop\ds004507\derivatives\labels\sub-006\ses-headNormal\anat\sub-006_ses-headNormal_T2w_seg-manual.nii.gz","791","6","",61.98695168084621,0.0,-0.25005717168081565,0.0,6.458342149470839,0.0,7.0956731546568905,0.0,7.260316658435347,0.0,10.951424458732143,0.0,3.542040447188733,0.0,3.5536327074681573,0.0,0.7482246538412246,0.0,9.882584900733688,0.0,0.943271675954018,0.0,""
"2026-09-25 17:18:59","git-master-bddc7a050319718b5e4e0856afec0bc9ea96418f","C:\Users\marco\Desktop\ds004507\derivatives\labels\sub-006\ses-headNormal\anat\sub-006_ses-headNormal_T2w_seg-manual.nii.gz","792","6","",65.22466099990027,0.0,0.9042208404250734,0.0,6.282595666972517,0.0,7.333787841247276,0.0,7.461674153457434,0.0,11.200912663309193,0.0,3.6471756605146637,0.0,3.686612180732612,0.0,0.7457039679736014,0.0,9.751503641308368,0.0,0.949633265224334,0.0,""
"2026-09-25 17:18:59","git-master-bddc7a050319718b5e4e0856afec0bc9ea96418f","C:\Users\marco\Desktop\ds004507\derivatives\labels\sub-006\ses-headNormal\anat\sub-006_ses-headNormal_T2w_seg-manual.nii.gz","793","6","",66.23393558825137,0.0,2.0549814970624656,0.0,6.119551296184045,0.0,7.345987202794523,0.0,7.527120139514862,0.0,11.301539961943394,0.0,3.602805316751744,0.0,3.7431818860427786,0.0,0.7458743552203383,0.0,6.246817159121318,0.0,0.961695680552572,0.0,""
"2026-09-25 17:18:59","git-master-bddc7a050319718b5e4e0856afec0bc9ea96418f","C:\Users\marco\Desktop\ds004507\derivatives\labels\sub-006\ses-headNormal\anat\sub-006_ses-headNormal_T2w_seg-manual.nii.gz","794","6","",64.35034583612968,0.0,2.988892133455789,0.0,5.969230895713664,0.0,7.1887741985576294,0.0,7.463619554155437,0.0,11.094403584894515,0.0,3.479012314712436,0.0,3.7097618838451933,0.0,0.7398213176778538,0.0,2.631696567421147,0.0,0.9696052704834369,0.0,""
"2026-09-25 17:18:59","git-master-bddc7a050319718b5e4e0856afec0bc9ea96418f","C:\Users\marco\Desktop\ds004507\derivatives\labels\sub-006\ses-headNormal\anat\sub-006_ses-headNormal_T2w_seg-manual.nii.gz","795","6","",62.02710906388279,0.0,3.493270436754088,0.0,5.8316546646980045,0.0,7.087443927377227,0.0,7.386106729064948,0.0,10.849431322546582,0.0,3.5049222631998362,0.0,3.5825216641773907,0.0,0.7324853016386731,0.0,3.2935973582464735,0.0,0.9553846153846154,0.0,""
"2026-09-25 17:18:59","git-master-bddc7a050319718b5e4e0856afec0bc9ea96418f","C:\Users\marco\Desktop\ds004507\derivatives\labels\sub-006\ses-headNormal\anat\sub-006_ses-headNormal_T2w_seg-manual.nii.gz","796","6","",60.60165223324188,0.0,3.4266770297801115,0.0,5.711105024590368,0.0,7.116782256486754,0.0,7.414733935181263,0.0,10.513937220947245,0.0,3.5368680864374324,0.0,3.579914170049322,0.0,0.7085759993140595,0.0,4.943978392322212,0.0,0.961925572589469,0.0,""
"2026-09-25 17:18:59","git-master-bddc7a050319718b5e4e0856afec0bc9ea96418f","C:\Users\marco\Desktop\ds004507\derivatives\labels\sub-006\ses-headNormal\anat\sub-006_ses-headNormal_T2w_seg-manual.nii.gz","797","6","",59.630378898388635,0.0,2.931653046433302,0.0,5.603346984116709,0.0,6.877810522163099,0.0,7.109423334745722,0.0,10.744196492875842,0.0,3.5039802833659044,0.0,3.373830238797195,0.0,0.7469817880979098,0.0,6.266740419291075,0.0,0.9552935319256577,0.0,""
"2026-09-25 17:18:59","git-master-bddc7a050319718b5e4e0856afec0bc9ea96418f","C:\Users\marco\Desktop\ds004507\derivatives\labels\sub-006\ses-headNormal\anat\sub-006_ses-headNormal_T2w_seg-manual.nii.gz","798","6","",59.97421067392309,0.0,2.2236566220670815,0.0,5.508392476260023,0.0,6.682484608913877,0.0,6.9435246132013475,0.0,11.018905044000705,0.0,3.430724459155574,0.0,3.251760149758303,0.0,0.7764770611680573,0.0,4.969078209566472,0.0,0.9597149655241406,0.0,""
"2026-09-25 17:18:59","git-master-bddc7a050319718b5e4e0856afec0bc9ea96418f","C:\Users\marco\Desktop\ds004507\derivatives\labels\sub-006\ses-headNormal\anat\sub-006_ses-headNormal_T2w_seg-manual.nii.gz","799","6","",61.25438670636277,0.0,1.5186655705148102,0.0,5.42625228551011,0.0,6.635118295400253,0.0,6.997251975537795,0.0,11.158245508925896,0.0,3.34385581472005,0.0,3.291262480680203,0.0,0.7788644669167084,0.0,1.7626395019212069,0.0,0.9731971913627272,0.0,""
"2026-09-25 17:18:59","git-master-bddc7a050319718b5e4e0856afec0bc9ea96418f","C:\Users\marco\Desktop\ds004507\derivatives\labels\sub-006\ses-headNormal\anat\sub-006_ses-headNormal_T2w_seg-manual.nii.gz","800","6","",61.85246367414271,0.0,1.0331773840897878,0.0,5.356936047863571,0.0,6.632383254436936,0.0,6.957684146291349,0.0,11.323887251191202,0.0,3.272419146716226,0.0,3.35996410772071,0.0,0.7889749089504432,0.0,0.36352500348748534,0.0,0.9675283732660782,0.0,""
"2026-09-25 17:18:59","git-master-bddc7a050319718b5e4e0856afec0bc9ea96418f","C:\Users\marco\Desktop\ds004507\derivatives\labels\sub-006\ses-headNormal\anat\sub-006_ses-headNormal_T2w_seg-manual.nii.gz","801","5","",64.7255159591005,0.0,0.7929089661905858,0.0,5.291682789467756,0.0,7.12219525502584,0.0,7.486848410661695,0.0,11.00403233454729,0.0,3.5705790462295726,0.0,3.551616208796268,0.0,0.732865842809027,0.0,1.6465155683011323,0.0,0.9683305685416981,0.0,""
"2026-09-25 17:18:59","git-master-bddc7a050319718b5e4e0856afec0bc9ea96418f","C:\Users\marco\Desktop\ds004507\derivatives\labels\sub-006\ses-headNormal\anat\sub-006_ses-headNormal_T2w_seg-manual.nii.gz","802","5","",63.68782419100592,0.0,0.8838368792381566,0.0,5.260167476851175,0.0,7.20225307181852,0.0,7.434759858847324,0.0,10.89525121394689,0.0,3.72567911284473,0.0,3.47657395897379,0.0,0.7309832238741265,0.0,-0.12193975829223214,0.0,0.9637456265907539,0.0,""
"2026-09-25 17:18:59","git-master-bddc7a050319718b5e4e0856afec0bc9ea96418f","C:\Users\marco\Desktop\ds004507\derivatives\labels\sub-006\ses-headNormal\anat\sub-006_ses-headNormal_T2w_seg-manual.nii.gz","803","5","",64.37482691828359,0.0,1.0607003006452478,0.0,5.234170684254942,0.0,7.287039393918771,0.0,7.482197737315657,0.0,10.93321942608948,0.0,3.748010163912985,0.0,3.539029230005786,0.0,0.7291575412380884,0.0,0.4902803617491285,0.0,0.9645686319776625,0.0,""
"2026-09-25 17:18:59","git-master-bddc7a050319718b5e4e0856afec0bc9ea96418f","C:\Users\marco\Desktop\ds004507\derivatives\labels\sub-006\ses-headNormal\anat\sub-006_ses-headNormal_T2w_seg-manual.nii.gz","804","5","",65.72707019505829,0.0,1.2968795065737235,0.0,5.212317691223896,0.0,7.340952856536087,0.0,7.562360468420027,0.0,11.03857001915325,0.0,3.701465253280841,0.0,3.6394876032552466,0.0,0.7284584680711939,0.0,2.605843853577031,0.0,0.9681609584200676,0.0,""
"2026-09-25 17:18:59","git-master-bddc7a050319718b5e4e0856afec0bc9ea96418f","C:\Users\marco\Desktop\ds004507\derivatives\labels\sub-006\ses-headNormal\anat\sub-006_ses-headNormal_T2w_seg-manual.nii.gz","805","5","",65.48274361787509,0.0,1.547716217432866,0.0,5.192610944580425,0.0,7.272780912731599,0.0,7.530000073217022,0.0,11.046877299185219,0.0,3.7142323165072337,0.0,3.558548596224365,0.0,0.7316834221301348,0.0,4.62388030733898,0.0,0.9692073053946586,0.0,""
"2026-09-25 17:18:59","git-master-bddc7a050319718b5e4e0856afec0bc9ea96418f","C:\Users\marco\Desktop\ds004507\derivatives\labels\sub-006\ses-headNormal\anat\sub-006_ses-headNormal_T2w_seg-manual.nii.gz","806","5","",65.43380894599807,0.0,1.813995235848515,0.0,5.175170280473585,0.0,7.246000603135054,0.0,7.617962871375796,0.0,10.99044434365083,0.0,3.6467649112128444,0.0,3.59923569192221,0.0,0.7206227063194743,0.0,1.2359320137951522,0.0,0.9770586964993042,0.0,""
"2026-09-25 17:18:59","git-master-bddc7a050319718b5e4e0856afec0bc9ea96418f","C:\Users\marco\Desktop\ds004507\derivatives\labels\sub-006\ses-headNormal\anat\sub-006_ses-headNormal_T2w_seg-manual.nii.gz","807","5","",65.53754426608295,0.0,2.0916327562149406,0.0,5.159399631179088,0.0,7.235175037222615,0.0,7.655530116553258,0.0,11.007776727196097,0.0,3.600288815525652,0.0,3.634886221696963,0.0,0.7183891530829786,0.0,-0.7133859535855173,0.0,0.9787134376917659,0.0,""
"2026-09-25 17:18:59","git-master-bddc7a050319718b5e4e0856afec0bc9ea96418f","C:\Users\marco\Desktop\ds004507\derivatives\labels\sub-006\ses-headNormal\anat\sub-006_ses-headNormal_T2w_seg-manual.nii.gz","808","5","",65.80870349276184,0.0,2.3806182364237016,0.0,5.145299127072315,0.0,7.233832378390067,0.0,7.597457431245477,0.0,11.138336908940676,0.0,3.5998960844446946,0.0,3.6339362939453723,0.0,0.7312511862321439,0.0,0.6348461055729728,0.0,0.970969724227583,0.0,""
"2026-09-25 17:18:59","git-master-bddc7a050319718b5e4e0856afec0bc9ea96418f","C:\Users\marco\Desktop\ds004507\derivatives\labels\sub-006\ses-headNormal\anat\sub-006_ses-headNormal_T2w_seg-manual.nii.gz","809","5","",66.57329184003173,0.0,2.6873846239223877,0.0,5.133823595683074,0.0,7.23402921402284,0.0,7.601091370558731,0.0,11.26041558766614,0.0,3.5298899621046766,0.0,3.7041392519181633,0.0,0.7377445000825135,0.0,0.834632731285626,0.0,0.9746577246729609,0.0,""
"2026-09-25 17:18:59","git-master-bddc7a050319718b5e4e0856afec0bc9ea96418f","C:\Users\marco\Desktop\ds004507\derivatives\labels\sub-006\ses-headNormal\anat\sub-006_ses-headNormal_T2w_seg-manual.nii.gz","810","5","",66.14944536180289,0.0,3.0062275235087066,0.0,5.124138088782861,0.0,7.247383132177096,0.0,7.592539489144957,0.0,11.182561286932495,0.0,3.562252534185513,0.0,3.685130597991583,0.0,0.7340409424562814,0.0,2.8627988613860995,0.0,0.9737081434985722,0.0,""
"2026-09-25 17:18:59","git-master-bddc7a050319718b5e4e0856afec0bc9ea96418f","C:\Users\marco\Desktop\ds004507\derivatives\labels\sub-006\ses-headNormal\anat\sub-006_ses-headNormal_T2w_seg-manual.nii.gz","811","5","",65.36168839545365,0.0,3.336319055838364,0.0,5.116123353318036,0.0,7.256735316168513,0.0,7.552120349571232,0.0,11.088411525328357,0.0,3.604381048569754,0.0,3.652354267598759,0.0,0.7319831421435511,0.0,4.23713851169122,0.0,0.9713793372398839,0.0,""
"2026-09-25 17:18:59","git-master-bddc7a050319718b5e4e0856afec0bc9ea96418f","C:\Users\marco\Desktop\ds004507\derivatives\labels\sub-006\ses-headNormal\anat\sub-006_ses-headNormal_T2w_seg-manual.nii.gz","812","5","",65.33870878240579,0.0,3.6800327626750593,0.0,5.110137544358945,0.0,7.234867439777198,0.0,7.439824774309596,0.0,11.250212237996022,0.0,3.519489261244348,0.0,3.71537817853285,0.0,0.7499969266726069,0.0,0.9960852181678987,0.0,0.9721506276899943,0.0,""
"2026-09-25 17:18:59","git-master-bddc7a050319718b5e4e0856afec0bc9ea96418f","C:\Users\marco\Desktop\ds004507\derivatives\labels\sub-006\ses-headNormal\anat\sub-006_ses-headNormal_T2w_seg-manual.nii.gz","813","5","",64.85973378717459,0.0,4.0396815307987,0.0,5.106538894344046,0.0,7.231868726508855,0.0,7.482893739978878,0.0,11.112880756122847,0.0,3.5111507941153306,0.0,3.720717932393525,0.0,0.7390466811070445,0.0,1.63225431578227,0.0,0.9773374465729122,0.0,""
"2026-09-25 17:18:59","git-master-bddc7a050319718b5e4e0856afec0bc9ea96418f","C:\Users\marco\Desktop\ds004507\derivatives\labels\sub-006\ses-headNormal\anat\sub-006_ses-headNormal_T2w_seg-manual.nii.gz","814","5","",63.938475224759,0.0,4.410425560435972,0.0,5.104611311032871,0.0,7.223488601738294,0.0,7.487713632852475,0.0,10.936596612625019,0.0,3.5112635979581333,0.0,3.712225003780161,0.0,0.72882874562741,0.0,1.3255091555234193,0.0,0.9785460359218214,0.0,""
"2026-09-25 17:18:59","git-master-bddc7a050319718b5e4e0856afec0bc9ea96418f","C:\Users\marco\Desktop\ds004507\derivatives\labels\sub-006\ses-headNormal\anat\sub-006_ses-headNormal_T2w_seg-manual.nii.gz","815","5","",62.79227831369309,0.0,4.760115586073111,0.0,5.104354811085408,0.0,7.182109382125235,0.0,7.416452817343404,0.0,10.816786253172976,0.0,3.5023146422432876,0.0,3.679794739881947,0.0,0.7275680813657974,0.0,-0.34150263853007146,0.0,0.9749987991601939,0.0,""
"2026-09-25 17:18:59","git-master-bddc7a050319718b5e4e0856afec0bc9ea96418f","C:\Users\marco\Desktop\ds004507\derivatives\labels\sub-006\ses-headNormal\anat\sub-006_ses-headNormal_T2w_seg-manual.nii.gz","816","5","",63.56690299106848,0.0,4.78902672494575,0.0,5.106604950036562,0.0,6.888301942329915,0.0,7.251414836166372,0.0,11.222172161463844,0.0,3.43294426656063,0.0,3.4553576757692848,0.0,0.7622050158374931,0.0,1.1711131566206112,0.0,0.9746708799347642,0.0,""
"2026-09-25 17:18:59","git-master-bddc7a050319718b5e4e0856afec0bc9ea96418f","C:\Users\marco\Desktop\ds004507\derivatives\labels\sub-006\ses-headNormal\anat\sub-006_ses-headNormal_T2w_seg-manual.nii.gz","817","5","",66.17380666251523,0.0,4.315960846988522,0.0,5.1107648531293695,0.0,7.03618123039992,0.0,7.3605181476770305,0.0,11.507542210714579,0.0,3.575173537682827,0.0,3.461007692717092,0.0,0.76871754198237,0.0,2.688508171769996,0.0,0.9607399334491213,0.0,""
"2026-09-25 17:18:59","git-master-bddc7a050319718b5e4e0856afec0bc9ea96418f","C:\Users\marco\Desktop\ds004507\derivatives\labels\sub-006\ses-headNormal\anat\sub-006_ses-headNormal_T2w_seg-manual.nii.gz","818","5","",68.33336525203109,0.0,3.4023030288716414,0.0,5.116595745394579,0.0,7.271348185044883,0.0,7.506870233172072,0.0,11.659126156213802,0.0,3.7371177229491597,0.0,3.534230462095723,0.0,0.765141784956419,0.0,3.7459422322527356,0.0,0.9459685141127399,0.0,""
"2026-09-25 17:18:59","git-master-bddc7a050319718b5e4e0856afec0bc9ea96418f","C:\Users\marco\Desktop\ds004507\derivatives\labels\sub-006\ses-headNormal\anat\sub-006_ses-headNormal_T2w_seg-manual.nii.gz","819","5","",67.63814180306214,0.0,1.983554935791144,0.0,5.124336277340774,0.0,7.264343078281571,0.0,7.464221080800873,0.0,11.62492915217827,0.0,3.7325249223115193,0.0,3.531818155970052,0.0,0.7666315032953949,0.0,3.7472577477844418,0.0,0.9428790412348835,0.0,""
"2026-09-25 17:18:59","git-master-bddc7a050319718b5e4e0856afec0bc9ea96418f","C:\Users\marco\Desktop\ds004507\derivatives\labels\sub-006\ses-headNormal\anat\sub-006_ses-headNormal_T2w_seg-manual.nii.gz","820","5","",66.16823009837474,0.0,-0.10064860902609074,0.0,5.134582957528371,0.0,7.282989941678951,0.0,7.385636794234206,0.0,11.478980287289843,0.0,3.6746055874785806,0.0,3.6083843542003713,0.0,0.7655163015402502,0.0,2.5186652917240306,0.0,0.9457178594437418,0.0,""
"2026-09-25 17:18:59","git-master-bddc7a050319718b5e4e0856afec0bc9ea96418f","C:\Users\marco\Desktop\ds004507\derivatives\labels\sub-006\ses-headNormal\anat\sub-006_ses-headNormal_T2w_seg-manual.nii.gz","821","5","",65.3792382703785,0.0,-2.1391304594953224,0.0,5.146500205927822,0.0,7.294600919299482,0.0,7.324677895780479,0.0,11.401030034769137,0.0,3.682081122161927,0.0,3.6125197971375553,0.0,0.7663163548105948,0.0,1.8159515909121258,0.0,0.9478588138264814,0.0,""
"2026-09-25 17:18:59","git-master-bddc7a050319718b5e4e0856afec0bc9ea96418f","C:\Users\marco\Desktop\ds004507\derivatives\labels\sub-006\ses-headNormal\anat\sub-006_ses-headNormal_T2w_seg-manual.nii.gz","822","5","",65.217784393672,0.0,-3.9291857707916455,0.0,5.160087927102596,0.0,7.301885843150943,0.0,7.293084584750191,0.0,11.36977500423714,0.0,3.7398783846163566,0.0,3.5620074585345862,0.0,0.7670930458379945,0.0,1.770202834058368,0.0,0.9492028740349632,0.0,""
"2026-09-25 17:18:59","git-master-bddc7a050319718b5e4e0856afec0bc9ea96418f","C:\Users\marco\Desktop\ds004507\derivatives\labels\sub-006\ses-headNormal\anat\sub-006_ses-headNormal_T2w_seg-manual.nii.gz","823","5","",64.627863072086,0.0,-4.729776623384889,0.0,5.176061710281459,0.0,7.3382572063723055,0.0,7.328636523040474,0.0,11.169233612473597,0.0,3.702481911297095,0.0,3.635775295075211,0.0,0.7544935612521436,0.0,2.174697411596708,0.0,0.9529493579426012,0.0,""
"2026-09-25 17:18:59","git-master-bddc7a050319718b5e4e0856afec0bc9ea96418f","C:\Users\marco\Desktop\ds004507\derivatives\labels\sub-006\ses-headNormal\anat\sub-006_ses-headNormal_T2w_seg-manual.nii.gz","824","5","",64.70176695658381,0.0,-4.695017777717567,0.0,5.194063215407704,0.0,7.2873851292626535,0.0,7.392175004242313,0.0,11.089383638632327,0.0,3.6382814331871614,0.0,3.6491036960754917,0.0,0.7453578296274651,0.0,0.6353193354348794,0.0,0.962042181216329,0.0,""
"2026-09-25 17:18:59","git-master-bddc7a050319718b5e4e0856afec0bc9ea96418f","C:\Users\marco\Desktop\ds004507\derivatives\labels\sub-006\ses-headNormal\anat\sub-006_ses-headNormal_T2w_seg-manual.nii.gz","825","5","",64.7564062018948,0.0,-3.9710400893224707,0.0,5.213734369874308,0.0,7.2304466163880505,0.0,7.409294584428148,0.0,11.096353181692958,0.0,3.5645085358555386,0.0,3.665938080532512,0.0,0.7442973556289828,0.0,-1.1810524536712141,0.0,0.9679479650570664,0.0,""
"2026-09-25 17:18:59","git-master-bddc7a050319718b5e4e0856afec0bc9ea96418f","C:\Users\marco\Desktop\ds004507\derivatives\labels\sub-006\ses-headNormal\anat\sub-006_ses-headNormal_T2w_seg-manual.nii.gz","826","5","",64.33562815646916,0.0,-2.5075820181911186,0.0,5.23519424203596,0.0,7.219868166084987,0.0,7.320858218870448,0.0,11.1862399982608,0.0,3.4905252968300164,0.0,3.72934286925497,0.0,0.7560858002200188,0.0,-2.230401139599174,0.0,0.9643400312627991,0.0,""
"2026-09-25 17:18:59","git-master-bddc7a050319718b5e4e0856afec0bc9ea96418f","C:\Users\marco\Desktop\ds004507\derivatives\labels\sub-006\ses-headNormal\anat\sub-006_ses-headNormal_T2w_seg-manual.nii.gz","827","5","",66.09626997041201,0.0,-0.6892461160500776,0.0,5.253448313953586,0.0,7.229349206555255,0.0,7.276675983224912,0.0,11.563582119290755,0.0,3.486637736063172,0.0,3.7427114704920834,0.0,0.77660501272001,0.0,0.4170679684734129,0.0,0.96975481957519,0.0,""
"2026-09-25 17:18:59","git-master-bddc7a050319718b5e4e0856afec0bc9ea96418f","C:\Users\marco\Desktop\ds004507\derivatives\labels\sub-006\ses-headNormal\anat\sub-006_ses-headNormal_T2w_seg-manual.nii.gz","828","5","",66.58069230000481,0.0,0.9170830397992624,0.0,5.266218810956643,0.0,7.198026393616206,0.0,7.307072780918966,0.0,11.630754814904543,0.0,3.446176621093258,0.0,3.751849772522948,0.0,0.777757309325766,0.0,2.0416586303797297,0.0,0.956936638826637,0.0,""
"2026-09-25 17:18:59","git-master-bddc7a050319718b5e4e0856afec0bc9ea96418f","C:\Users\marco\Desktop\ds004507\derivatives\labels\sub-006\ses-headNormal\anat\sub-006_ses-headNormal_T2w_seg-manual.nii.gz","829","5","",66.14184854562946,0.0,2.27733566157303,0.0,5.273241037639709,0.0,7.1389212570771186,0.0,7.391531719666467,0.0,11.473832462306847,0.0,3.3792748532582504,0.0,3.759646403818868,0.0,0.764825904412109,0.0,2.4147319778057903,0.0,0.9336883098391001,0.0,""
"2026-09-25 17:18:59","git-master-bddc7a050319718b5e4e0856afec0bc9ea96418f","C:\Users\marco\Desktop\ds004507\derivatives\labels\sub-006\ses-headNormal\anat\sub-006_ses-headNormal_T2w_seg-manual.nii.gz","830","5","",66.34289929962834,0.0,3.3023042809206498,0.0,5.272462687555045,0.0,7.100272645061871,0.0,7.467635413491127,0.0,11.433511695466272,0.0,3.3320558894171755,0.0,3.768216755644696,0.0,0.7572106885579925,0.0,1.1945205341036798,0.0,0.929015769614125,0.0,""
"2026-09-25 17:18:59","git-master-bddc7a050319718b5e4e0856afec0bc9ea96418f","C:\Users\marco\Desktop\ds004507\derivatives\labels\sub-006\ses-headNormal\anat\sub-006_ses-headNormal_T2w_seg-manual.nii.gz","831","5","",67.56465761867037,0.0,4.01072872614011,0.0,5.26429424012688,0.0,7.250698511881906,0.0,7.593198063375821,0.0,11.454090700414474,0.0,3.4147299873398658,0.0,3.8359685245420403,0.0,0.7486433904981158,0.0,-0.20061458371079588,0.0,0.9396979963823571,0.0,""
"2026-09-25 17:18:59","git-master-bddc7a050319718b5e4e0856afec0bc9ea96418f","C:\Users\marco\Desktop\ds004507\derivatives\labels\sub-006\ses-headNormal\anat\sub-006_ses-headNormal_T2w_seg-manual.nii.gz","832","5","",68.27096099223142,0.0,4.473757909035378,0.0,5.250377433208884,0.0,7.38595610769663,0.0,7.666201071079263,0.0,11.426291115240199,0.0,3.512468465110582,0.0,3.873487642586048,0.0,0.7414918565838107,0.0,-0.10601467847555779,0.0,0.9527133076975484,0.0,""
"2026-09-25 17:18:59","git-master-bddc7a050319718b5e4e0856afec0bc9ea96418f","C:\Users\marco\Desktop\ds004507\derivatives\labels\sub-006\ses-headNormal\anat\sub-006_ses-headNormal_T2w_seg-manual.nii.gz","833","5","",67.73439908298857,0.0,4.691839475160732,0.0,5.2307119856897,0.0,7.415919766401428,0.0,7.636073481536545,0.0,11.296921229225932,0.0,3.5775137910185766,0.0,3.838405975382851,0.0,0.7369540159972044,0.0,2.381535121799155,0.0,0.9627230857800806,0.0,""
"2026-09-25 17:18:59","git-master-bddc7a050319718b5e4e0856afec0bc9ea96418f","C:\Users\marco\Desktop\ds004507\derivatives\labels\sub-006\ses-headNormal\anat\sub-006_ses-headNormal_T2w_seg-manual.nii.gz","834","4","",70.2863576404774,0.0,4.436684403790789,0.0,5.190208174084478,0.0,7.423991027832786,0.0,7.501540369312879,0.0,12.02008101570752,0.0,3.5029698380017535,0.0,3.9210211898310323,0.0,0.7813572470894041,0.0,2.005049859869371,0.0,0.9502120093010532,0.0,""
"2026-09-25 17:18:59","git-master-bddc7a050319718b5e4e0856afec0bc9ea96418f","C:\Users\marco\Desktop\ds004507\derivatives\labels\sub-006\ses-headNormal\anat\sub-006_ses-headNormal_T2w_seg-manual.nii.gz","835","4","",69.29943509073965,0.0,3.8481904343627273,0.0,5.151459480411603,0.0,7.49600195952571,0.0,7.56437890567225,0.0,11.79575590283852,0.0,3.6081646488432266,0.0,3.8878373106824835,0.0,0.7670749311579534,0.0,1.7852566806019303,0.0,0.9572286764487784,0.0,""
"2026-09-25 17:18:59","git-master-bddc7a050319718b5e4e0856afec0bc9ea96418f","C:\Users\marco\Desktop\ds004507\derivatives\labels\sub-006\ses-headNormal\anat\sub-006_ses-headNormal_T2w_seg-manual.nii.gz","836","4","",68.96081533880718,0.0,3.009702088447081,0.0,5.106864209866735,0.0,7.547003295742646,0.0,7.612566767345805,0.0,11.698480402620172,0.0,3.6322071729408587,0.0,3.9147961228017873,0.0,0.7592952977028585,0.0,1.6525784687311904,0.0,0.958017222047292,0.0,""
"2026-09-25 17:18:59","git-master-bddc7a050319718b5e4e0856afec0bc9ea96418f","C:\Users\marco\Desktop\ds004507\derivatives\labels\sub-006\ses-headNormal\anat\sub-006_ses-headNormal_T2w_seg-manual.nii.gz","837","4","",69.26323135232325,0.0,1.9208588776644333,0.0,5.056421025006019,0.0,7.539236303627491,0.0,7.605901611593064,0.0,11.786994495274229,0.0,3.596975558684813,0.0,3.942260744942678,0.0,0.7632537432341266,0.0,1.5233498311090814,0.0,0.9540611164824886,0.0,""
"2026-09-25 17:18:59","git-master-bddc7a050319718b5e4e0856afec0bc9ea96418f","C:\Users\marco\Desktop\ds004507\derivatives\labels\sub-006\ses-headNormal\anat\sub-006_ses-headNormal_T2w_seg-manual.nii.gz","838","4","",70.35180242190675,0.0,0.5183210683409145,0.0,4.998665160909121,0.0,7.379344874313678,0.0,7.44691530334812,0.0,12.230120537814114,0.0,3.533230747299513,0.0,3.846114127014165,0.0,0.7927918635608628,0.0,1.224130258905948,0.0,0.9472647602674859,0.0,""
"2026-09-25 17:18:59","git-master-bddc7a050319718b5e4e0856afec0bc9ea96418f","C:\Users\marco\Desktop\ds004507\derivatives\labels\sub-006\ses-headNormal\anat\sub-006_ses-headNormal_T2w_seg-manual.nii.gz","839","4","",68.98166642348575,0.0,-0.840236503314375,0.0,4.932859621269577,0.0,7.282699590708607,0.0,7.390012429581983,0.0,11.980772156618572,0.0,3.529904483609288,0.0,3.7527951070993195,0.0,0.7868047213686654,0.0,0.426298469997929,0.0,0.9550093138514998,0.0,""
"2026-09-25 17:18:59","git-master-bddc7a050319718b5e4e0856afec0bc9ea96418f","C:\Users\marco\Desktop\ds004507\derivatives\labels\sub-006\ses-headNormal\anat\sub-006_ses-headNormal_T2w_seg-manual.nii.gz","840","4","",67.98960141800518,0.0,-1.9545201986969651,0.0,4.8611962392776,0.0,7.236231140870767,0.0,7.351080085473115,0.0,11.785846358656364,0.0,3.539132710186097,0.0,3.69709843068467,0.0,0.7816374080154683,0.0,0.001953772685912833,0.0,0.964927970008211,0.0,""
"2026-09-25 17:18:59","git-master-bddc7a050319718b5e4e0856afec0bc9ea96418f","C:\Users\marco\Desktop\ds004507\derivatives\labels\sub-006\ses-headNormal\anat\sub-006_ses-headNormal_T2w_seg-manual.nii.gz","841","4","",67.92134023756535,0.0,-2.7538639488740277,0.0,4.783673188511758,0.0,7.2358831468119,0.0,7.324269200189709,0.0,11.784492918371827,0.0,3.5447475825242862,0.0,3.691135564287614,0.0,0.7833182259330175,0.0,-0.08473486969535375,0.0,0.9731637039133499,0.0,""
"2026-09-25 17:18:59","git-master-bddc7a050319718b5e4e0856afec0bc9ea96418f","C:\Users\marco\Desktop\ds004507\derivatives\labels\sub-006\ses-headNormal\anat\sub-006_ses-headNormal_T2w_seg-manual.nii.gz","842","4","",67.38720397425475,0.0,-3.0818129285197875,0.0,4.697353822194109,0.0,7.2474951384362845,0.0,7.451177147919751,0.0,11.581429435444306,0.0,3.485032007120742,0.0,3.7624631313155423,0.0,0.7652710743962299,0.0,-2.617564868682283,0.0,0.9677801597248145,0.0,""
"2026-09-25 17:18:59","git-master-bddc7a050319718b5e4e0856afec0bc9ea96418f","C:\Users\marco\Desktop\ds004507\derivatives\labels\sub-006\ses-headNormal\anat\sub-006_ses-headNormal_T2w_seg-manual.nii.gz","843","4","",66.15239615749661,0.0,-3.0569508777139864,0.0,4.604430923247913,0.0,7.248711486727563,0.0,7.464612509759829,0.0,11.360789524514388,0.0,3.427794747673682,0.0,3.820916739053881,0.0,0.7537074031911697,0.0,-3.7098117636161825,0.0,0.975153097047792,0.0,""
"2026-09-25 17:18:59","git-master-bddc7a050319718b5e4e0856afec0bc9ea96418f","C:\Users\marco\Desktop\ds004507\derivatives\labels\sub-006\ses-headNormal\anat\sub-006_ses-headNormal_T2w_seg-manual.nii.gz","844","4","",66.37173573936339,0.0,-2.7893856122851277,0.0,4.505635257994199,0.0,7.369452664133364,0.0,7.554524206587023,0.0,11.246614390756845,0.0,3.4581865221815877,0.0,3.911266141951777,0.0,0.7406505347456618,0.0,-2.4878583881672567,0.0,0.9813920283605732,0.0,""
"2026-09-25 17:18:59","git-master-bddc7a050319718b5e4e0856afec0bc9ea96418f","C:\Users\marco\Desktop\ds004507\derivatives\labels\sub-006\ses-headNormal\anat\sub-006_ses-headNormal_T2w_seg-manual.nii.gz","845","4","",70.56357852158374,0.0,-2.328549144405949,0.0,4.400229401177123,0.0,7.769520350379945,0.0,7.9299802430251844,0.0,11.389561433639543,0.0,3.6832653071316814,0.0,4.086255043248263,0.0,0.7177504921774186,0.0,2.5004624915899916,0.0,0.9723229646388997,0.0,""
"2026-09-25 17:18:59","git-master-bddc7a050319718b5e4e0856afec0bc9ea96418f","C:\Users\marco\Desktop\ds004507\derivatives\labels\sub-006\ses-headNormal\anat\sub-006_ses-headNormal_T2w_seg-manual.nii.gz","846","4","",70.6742592263255,0.0,-1.8228580040467754,0.0,4.286000732537451,0.0,7.8282678295480075,0.0,8.10820357868935,0.0,11.184560884536014,0.0,3.714619529278693,0.0,4.113648300269314,0.0,0.6879784647949957,0.0,0.5175511052034132,0.0,0.9799568232336021,0.0,""
"2026-09-25 17:18:59","git-master-bddc7a050319718b5e4e0856afec0bc9ea96418f","C:\Users\marco\Desktop\ds004507\derivatives\labels\sub-006\ses-headNormal\anat\sub-006_ses-headNormal_T2w_seg-manual.nii.gz","847","4","",71.00458377525351,0.0,-1.2872828430245713,0.0,4.16588469811724,0.0,7.824142165550944,0.0,8.131586209131102,0.0,11.203633105497492,0.0,3.730269077593434,0.0,4.093873087957509,0.0,0.6872797531506966,0.0,-0.1974268563312428,0.0,0.9781459876786255,0.0,""
"2026-09-25 17:18:59","git-master-bddc7a050319718b5e4e0856afec0bc9ea96418f","C:\Users\marco\Desktop\ds004507\derivatives\labels\sub-006\ses-headNormal\anat\sub-006_ses-headNormal_T2w_seg-manual.nii.gz","848","4","",71.81343993653044,0.0,-0.7218453348209961,0.0,4.039878940907302,0.0,7.780966916273602,0.0,8.038307119879759,0.0,11.434995205460574,0.0,3.735050255220099,0.0,4.045916661053503,0.0,0.711069674922859,0.0,0.5028058160591283,0.0,0.9683557006031878,0.0,""
"2026-09-25 17:18:59","git-master-bddc7a050319718b5e4e0856afec0bc9ea96418f","C:\Users\marco\Desktop\ds004507\derivatives\labels\sub-006\ses-headNormal\anat\sub-006_ses-headNormal_T2w_seg-manual.nii.gz","849","4","",72.61544245555346,0.0,-0.11542525034274209,0.0,3.9057683281032487,0.0,7.685330827238054,0.0,7.955867621632272,0.0,11.640914884202855,0.0,3.677985635313274,0.0,4.00734519192478,0.0,0.7297874551145489,0.0,0.27059815332158443,0.0,0.965765279209421,0.0,""
"2026-09-25 17:18:59","git-master-bddc7a050319718b5e4e0856afec0bc9ea96418f","C:\Users\marco\Desktop\ds004507\derivatives\labels\sub-006\ses-headNormal\anat\sub-006_ses-headNormal_T2w_seg-manual.nii.gz","850","4","",71.59828662240768,0.0,0.4330405149079604,0.0,3.772697429458514,0.0,7.6991810728062795,0.0,7.861834817426364,0.0,11.603961748109247,0.0,3.6206052220476708,0.0,4.078575850758609,0.0,0.7355166609840053,0.0,0.11855502293647908,0.0,0.9606280993090708,0.0,""
"2026-09-25 17:18:59","git-master-bddc7a050319718b5e4e0856afec0bc9ea96418f","C:\Users\marco\Desktop\ds004507\derivatives\labels\sub-006\ses-headNormal\anat\sub-006_ses-headNormal_T2w_seg-manual.nii.gz","851","4","",70.63718717542314,0.0,0.8875873507307187,0.0,3.6446693178635456,0.0,7.726794146368473,0.0,7.885667066720588,0.0,11.46965030103553,0.0,3.5628196187174273,0.0,4.163974527651046,0.0,0.7255432767014802,0.0,0.4561302155142581,0.0,0.9601404984453686,0.0,""
"2026-09-25 17:18:59","git-master-bddc7a050319718b5e4e0856afec0bc9ea96418f","C:\Users\marco\Desktop\ds004507\derivatives\labels\sub-006\ses-headNormal\anat\sub-006_ses-headNormal_T2w_seg-manual.nii.gz","852","4","",70.63897395533755,0.0,1.2196819726979922,0.0,3.5242106027517304,0.0,7.723874304111204,0.0,8.103648188475065,0.0,11.296144507514867,0.0,3.5045372920959723,0.0,4.219337012015232,0.0,0.6966802638504571,0.0,1.538615749303475,0.0,0.9683146681234636,0.0,""
"2026-09-25 17:18:59","git-master-bddc7a050319718b5e4e0856afec0bc9ea96418f","C:\Users\marco\Desktop\ds004507\derivatives\labels\sub-006\ses-headNormal\anat\sub-006_ses-headNormal_T2w_seg-manual.nii.gz","853","4","",68.55022515368962,0.0,1.352891408114947,0.0,3.416067808331651,0.0,7.64313126355425,0.0,7.950487320092125,0.0,11.169438931969363,0.0,3.5147679286499685,0.0,4.128363334904281,0.0,0.7023821542815248,0.0,-0.5884011596419894,0.0,0.9654780623712862,0.0,""
"2026-09-25 17:18:59","git-master-bddc7a050319718b5e4e0856afec0bc9ea96418f","C:\Users\marco\Desktop\ds004507\derivatives\labels\sub-006\ses-headNormal\anat\sub-006_ses-headNormal_T2w_seg-manual.nii.gz","854","4","",65.8197768649822,0.0,1.3637567083235105,0.0,3.3155121456507124,0.0,7.505107251238698,0.0,7.713817742412955,0.0,11.007624076143735,0.0,3.5686394873038827,0.0,3.936467763934816,0.0,0.7133618247468276,0.0,-1.3696193585688536,0.0,0.962867580068112,0.0,""
"2026-09-25 17:18:59","git-master-bddc7a050319718b5e4e0856afec0bc9ea96418f","C:\Users\marco\Desktop\ds004507\derivatives\labels\sub-006\ses-headNormal\anat\sub-006_ses-headNormal_T2w_seg-manual.nii.gz","855","4","",63.901547586223735,0.0,1.2522686460998735,0.0,3.222546145809958,0.0,7.351094885737016,0.0,7.489023256763455,0.0,10.954797171264053,0.0,3.614343274224232,0.0,3.736751611512784,0.0,0.7294226767481128,0.0,-1.6229956632674685,0.0,0.962940698525565,0.0,""
"2026-09-25 17:18:59","git-master-bddc7a050319718b5e4e0856afec0bc9ea96418f","C:\Users\marco\Desktop\ds004507\derivatives\labels\sub-006\ses-headNormal\anat\sub-006_ses-headNormal_T2w_seg-manual.nii.gz","856","4","",66.02758893866906,0.0,0.9878196574530478,0.0,3.1390724976466027,0.0,7.263123367445308,0.0,7.477788888913337,0.0,11.338407770121117,0.0,3.5419025676578673,0.0,3.7212207997874414,0.0,0.7514254254646827,0.0,-2.9206462997439884,0.0,0.9714880623330183,0.0,""
"2026-09-25 17:18:59","git-master-bddc7a050319718b5e4e0856afec0bc9ea96418f","C:\Users\marco\Desktop\ds004507\derivatives\labels\sub-006\ses-headNormal\anat\sub-006_ses-headNormal_T2w_seg-manual.nii.gz","857","4","",65.47699631108863,0.0,0.5550201356415225,0.0,3.066048068168884,0.0,7.254605139146653,0.0,7.450059752241305,0.0,11.279295094400718,0.0,3.4811698658009917,0.0,3.7734352733456613,0.0,0.7507766006149583,0.0,-2.4459800312276783,0.0,0.9667695233415884,0.0,""
"2026-09-25 17:18:59","git-master-bddc7a050319718b5e4e0856afec0bc9ea96418f","C:\Users\marco\Desktop\ds004507\derivatives\labels\sub-006\ses-headNormal\anat\sub-006_ses-headNormal_T2w_seg-manual.nii.gz","858","4","",63.95197276075455,0.0,-0.00021509785360862566,0.0,3.0006264354513643,0.0,7.259577960277547,0.0,7.3921923962237575,0.0,11.09414088348028,0.0,3.485662356995742,0.0,3.773915603281806,0.0,0.7455983212857887,0.0,-2.312460433916265,0.0,0.960284619498893,0.0,""
"2026-09-25 17:18:59","git-master-bddc7a050319718b5e4e0856afec0bc9ea96418f","C:\Users\marco\Desktop\ds004507\derivatives\labels\sub-006\ses-headNormal\anat\sub-006_ses-headNormal_T2w_seg-manual.nii.gz","859","4","",61.97904134297938,0.0,-0.6778521466994318,0.0,2.942809163479621,0.0,7.2282331714470995,0.0,7.280638677934933,0.0,10.912301818689738,0.0,3.530660447166994,0.0,3.6975727242801057,0.0,0.7442096526038582,0.0,-2.5410785992243454,0.0,0.9558899086892252,0.0,""
"2026-09-25 17:18:59","git-master-bddc7a050319718b5e4e0856afec0bc9ea96418f","C:\Users\marco\Desktop\ds004507\derivatives\labels\sub-006\ses-headNormal\anat\sub-006_ses-headNormal_T2w_seg-manual.nii.gz","860","4","",61.45999830348765,0.0,-1.538739646056865,0.0,2.8964030770142126,0.0,6.774447109230956,0.0,6.904796998954065,0.0,11.407894028606718,0.0,3.178375216139476,0.0,3.59607189309148,0.0,0.7940501235050106,0.0,2.1720556027020543,0.0,0.9675388696146275,0.0,""
"2026-09-25 17:18:59","git-master-bddc7a050319718b5e4e0856afec0bc9ea96418f","C:\Users\marco\Desktop\ds004507\derivatives\labels\sub-006\ses-headNormal\anat\sub-006_ses-headNormal_T2w_seg-manual.nii.gz","861","4","",63.42464378783421,0.0,-2.536147347702735,0.0,2.8585584018118606,0.0,6.9389085808816295,0.0,7.100499615911872,0.0,11.429425312438415,0.0,3.2204118339938725,0.0,3.718496746887757,0.0,0.7820712833359094,0.0,2.995538814923729,0.0,0.9692911517356018,0.0,""
"2026-09-25 17:18:59","git-master-bddc7a050319718b5e4e0856afec0bc9ea96418f","C:\Users\marco\Desktop\ds004507\derivatives\labels\sub-006\ses-headNormal\anat\sub-006_ses-headNormal_T2w_seg-manual.nii.gz","862","4","",65.04268777725098,0.0,-3.507542093442203,0.0,2.828324824909282,0.0,7.244634590382204,0.0,7.435344421095093,0.0,11.176508135665905,0.0,3.3707354023845717,0.0,3.8738991879976323,0.0,0.7458766698498076,0.0,1.997494132532777,0.0,0.9638700029541923,0.0,""
"2026-09-25 17:18:59","git-master-bddc7a050319718b5e4e0856afec0bc9ea96418f","C:\Users\marco\Desktop\ds004507\derivatives\labels\sub-006\ses-headNormal\anat\sub-006_ses-headNormal_T2w_seg-manual.nii.gz","863","4","",63.397189879237416,0.0,-4.283887486103827,0.0,2.80665480791814,0.0,7.2499582761782415,0.0,7.511714853846822,0.0,10.780142848619207,0.0,3.3703827606000383,0.0,3.8795755155782037,0.0,0.7170158774707078,0.0,0.7906626769681149,0.0,0.9522053134468479,0.0,""
"2026-09-25 17:18:59","git-master-bddc7a050319718b5e4e0856afec0bc9ea96418f","C:\Users\marco\Desktop\ds004507\derivatives\labels\sub-006\ses-headNormal\anat\sub-006_ses-headNormal_T2w_seg-manual.nii.gz","864","4","",63.510509904172565,0.0,-4.362019270680964,0.0,2.796404654549055,0.0,7.276000012654156,0.0,7.572344136577111,0.0,10.720486361225854,0.0,3.3977426165261195,0.0,3.8782573961280358,0.0,0.7078253068056427,0.0,1.1832104460917245,0.0,0.9508413544223917,0.0,""
"2026-09-25 17:18:59","git-master-bddc7a050319718b5e4e0856afec0bc9ea96418f","C:\Users\marco\Desktop\ds004507\derivatives\labels\sub-006\ses-headNormal\anat\sub-006_ses-headNormal_T2w_seg-manual.nii.gz","865","4","",63.23802085853204,0.0,-3.974754343978917,0.0,2.7937681844981945,0.0,7.276258692520119,0.0,7.4839969921811536,0.0,10.836203614523564,0.0,3.4336522780589105,0.0,3.842606414461208,0.0,0.7221204762598328,0.0,0.12196282712991047,0.0,0.9492827716198249,0.0,""
"2026-09-25 17:18:59","git-master-bddc7a050319718b5e4e0856afec0bc9ea96418f","C:\Users\marco\Desktop\ds004507\derivatives\labels\sub-006\ses-headNormal\anat\sub-006_ses-headNormal_T2w_seg-manual.nii.gz","866","4","",62.4329923719639,0.0,-3.1214496916706267,0.0,2.7987454192144674,0.0,7.255876990379388,0.0,7.296824566093041,0.0,11.003274761492987,0.0,3.479216540303545,0.0,3.776660450075844,0.0,0.7484092932706037,0.0,-1.557096258903865,0.0,0.9478325641471428,0.0,""
"2026-09-25 17:18:59","git-master-bddc7a050319718b5e4e0856afec0bc9ea96418f","C:\Users\marco\Desktop\ds004507\derivatives\labels\sub-006\ses-headNormal\anat\sub-006_ses-headNormal_T2w_seg-manual.nii.gz","867","4","",61.208775334166134,0.0,-1.6246414128109417,0.0,2.814191326644151,0.0,7.251661116844422,0.0,7.262246509641948,0.0,10.758308860262778,0.0,3.5484619327037143,0.0,3.703199184140708,0.0,0.737672269810879,0.0,0.8478159682682094,0.0,0.9519426486324813,0.0,""
"2026-09-25 17:18:59","git-master-bddc7a050319718b5e4e0856afec0bc9ea96418f","C:\Users\marco\Desktop\ds004507\derivatives\labels\sub-006\ses-headNormal\anat\sub-006_ses-headNormal_T2w_seg-manual.nii.gz","868","4","",61.93703677918545,0.0,-0.08773225658009998,0.0,2.8391531577381057,0.0,7.252766845165199,0.0,7.359593316449713,0.0,10.759964412871744,0.0,3.4536898556506728,0.0,3.799076989514527,0.0,0.7294878741996497,0.0,0.8662184610927776,0.0,0.969260861942846,0.0,""
"2026-09-25 17:18:59","git-master-bddc7a050319718b5e4e0856afec0bc9ea96418f","C:\Users\marco\Desktop\ds004507\derivatives\labels\sub-006\ses-headNormal\anat\sub-006_ses-headNormal_T2w_seg-manual.nii.gz","869","4","",63.0294530396869,0.0,1.2070816317155857,0.0,2.871726764266847,0.0,7.277164046522114,0.0,7.425677826161832,0.0,10.90768400489711,0.0,3.368549164852855,0.0,3.90861488166926,0.0,0.7321146373066929,0.0,-0.5499883151066716,0.0,0.9727508091140797,0.0,""
"2026-09-25 17:18:59","git-master-bddc7a050319718b5e4e0856afec0bc9ea96418f","C:\Users\marco\Desktop\ds004507\derivatives\labels\sub-006\ses-headNormal\anat\sub-006_ses-headNormal_T2w_seg-manual.nii.gz","870","4","",63.76732733320759,0.0,2.09529467017687,0.0,2.9119115681323966,0.0,7.336273235846093,0.0,7.378418726156669,0.0,11.170727762145912,0.0,3.3775470774009353,0.0,3.9587261584451583,0.0,0.7508139929956946,0.0,-3.1160452492577626,0.0,0.9477756286266924,0.0,""
"2026-09-25 17:18:59","git-master-bddc7a050319718b5e4e0856afec0bc9ea96418f","C:\Users\marco\Desktop\ds004507\derivatives\labels\sub-006\ses-headNormal\anat\sub-006_ses-headNormal_T2w_seg-manual.nii.gz","871","3","",60.489597279100636,0.0,2.411245242672501,0.0,2.9846721129470537,0.0,7.306921338348484,0.0,7.397788857155951,0.0,10.526797011487098,0.0,3.47423085439521,0.0,3.832690483953274,0.0,0.7114291635407058,0.0,1.769240371268673,0.0,0.9507629384929999,0.0,""
"2026-09-25 17:18:59","git-master-bddc7a050319718b5e4e0856afec0bc9ea96418f","C:\Users\marco\Desktop\ds004507\derivatives\labels\sub-006\ses-headNormal\anat\sub-006_ses-headNormal_T2w_seg-manual.nii.gz","872","3","",61.2264364668221,0.0,2.0132431335619514,0.0,3.044587858973395,0.0,7.27103359878145,0.0,7.361306863711096,0.0,10.706560338673833,0.0,3.4830219476303266,0.0,3.788011651151124,0.0,0.7258660530724025,0.0,1.8513663717512956,0.0,0.9530548698478652,0.0,""
"2026-09-25 17:18:59","git-master-bddc7a050319718b5e4e0856afec0bc9ea96418f","C:\Users\marco\Desktop\ds004507\derivatives\labels\sub-006\ses-headNormal\anat\sub-006_ses-headNormal_T2w_seg-manual.nii.gz","873","3","",61.722188698948194,0.0,1.4836419638224103,0.0,3.10261819462906,0.0,7.313049994308899,0.0,7.359493300176818,0.0,10.815307478406845,0.0,3.4840821391886405,0.0,3.828967855120259,0.0,0.7327766473000072,0.0,1.7474950267276295,0.0,0.9502374276205796,0.0,""
"2026-09-25 17:18:59","git-master-bddc7a050319718b5e4e0856afec0bc9ea96418f","C:\Users\marco\Desktop\ds004507\derivatives\labels\sub-006\ses-headNormal\anat\sub-006_ses-headNormal_T2w_seg-manual.nii.gz","874","3","",61.9768539754789,0.0,0.822441733453878,0.0,3.1587631199140485,0.0,7.43297052493083,0.0,7.392348166553116,0.0,10.853038430686132,0.0,3.477411429070152,0.0,3.9555590958606786,0.0,0.7321609462235202,0.0,1.4576263361976747,0.0,0.9423106118111432,0.0,""
"2026-09-25 17:18:59","git-master-bddc7a050319718b5e4e0856afec0bc9ea96418f","C:\Users\marco\Desktop\ds004507\derivatives\labels\sub-006\ses-headNormal\anat\sub-006_ses-headNormal_T2w_seg-manual.nii.gz","875","3","",62.94525976436024,0.0,0.2443810467127453,0.0,3.195966897619483,0.0,7.56616605971082,0.0,7.54291676098677,0.0,10.759682854223415,0.0,3.5797354352496304,0.0,3.9864306244611893,0.0,0.7127693763524353,0.0,3.7895118711553826,0.0,0.9574672657404926,0.0,""
"2026-09-25 17:18:59","git-master-bddc7a050319718b5e4e0856afec0bc9ea96418f","C:\Users\marco\Desktop\ds004507\derivatives\labels\sub-006\ses-headNormal\anat\sub-006_ses-headNormal_T2w_seg-manual.nii.gz","876","3","",62.82297260815163,0.0,-0.29194770234543954,0.0,3.2237031331241974,0.0,7.63933490576286,0.0,7.625404556371998,0.0,10.60893371874153,0.0,3.651981757065499,0.0,3.9873531486973612,0.0,0.6949036873982206,0.0,3.921205676852942,0.0,0.9617778526763993,0.0,""
"2026-09-25 17:18:59","git-master-bddc7a050319718b5e4e0856afec0bc9ea96418f","C:\Users\marco\Desktop\ds004507\derivatives\labels\sub-006\ses-headNormal\anat\sub-006_ses-headNormal_T2w_seg-manual.nii.gz","877","3","",61.60999250685309,0.0,-0.7865445137206765,0.0,3.241971826428191,0.0,7.652477063086951,0.0,7.6398115527087995,0.0,10.40079102424048,0.0,3.6941503945177567,0.0,3.9583266685691942,0.0,0.678563879360876,0.0,1.8527077532903524,0.0,0.9552423726188632,0.0,""
"2026-09-25 17:18:59","git-master-bddc7a050319718b5e4e0856afec0bc9ea96418f","C:\Users\marco\Desktop\ds004507\derivatives\labels\sub-006\ses-headNormal\anat\sub-006_ses-headNormal_T2w_seg-manual.nii.gz","878","3","",61.601459900475355,0.0,-1.1975515828737051,0.0,3.241308478021105,0.0,7.620582072259461,0.0,7.526440361394044,0.0,10.557518815955921,0.0,3.6545887361496114,0.0,3.96599333610985,0.0,0.7007645834288716,0.0,4.951352551023451,0.0,0.9542671669228333,0.0,""
"2026-09-25 17:18:59","git-master-bddc7a050319718b5e4e0856afec0bc9ea96418f","C:\Users\marco\Desktop\ds004507\derivatives\labels\sub-006\ses-headNormal\anat\sub-006_ses-headNormal_T2w_seg-manual.nii.gz","879","3","",60.86830714273498,0.0,-1.5667647626601127,0.0,3.2311790531406688,0.0,7.6095134117763985,0.0,7.488335237024923,0.0,10.48797382973056,0.0,3.6437948344743383,0.0,3.96571857730206,0.0,0.6993783182906255,0.0,6.4329012621003825,0.0,0.9567687105709889,0.0,""
"2026-09-25 17:18:59","git-master-bddc7a050319718b5e4e0856afec0bc9ea96418f","C:\Users\marco\Desktop\ds004507\derivatives\labels\sub-006\ses-headNormal\anat\sub-006_ses-headNormal_T2w_seg-manual.nii.gz","880","3","",59.410534233631964,0.0,-1.8941840530798992,0.0,3.2115835517868825,0.0,7.619271081637763,0.0,7.525496179601437,0.0,10.192156065564394,0.0,3.6617686894919377,0.0,3.957502392145825,0.0,0.6744050839461374,0.0,6.297353886521148,0.0,0.9627470035633301,0.0,""
"2026-09-25 17:18:59","git-master-bddc7a050319718b5e4e0856afec0bc9ea96418f","C:\Users\marco\Desktop\ds004507\derivatives\labels\sub-006\ses-headNormal\anat\sub-006_ses-headNormal_T2w_seg-manual.nii.gz","881","3","",60.85214696671553,0.0,-2.1380863194420843,0.0,3.1730526371684107,0.0,7.617369225985007,0.0,7.596235761881672,0.0,10.304205316951139,0.0,3.6597706239898877,0.0,3.957598601995119,0.0,0.6756692252219894,0.0,6.004389948280483,0.0,0.973598543006729,0.0,""
"2026-09-25 17:18:59","git-master-bddc7a050319718b5e4e0856afec0bc9ea96418f","C:\Users\marco\Desktop\ds004507\derivatives\labels\sub-006\ses-headNormal\anat\sub-006_ses-headNormal_T2w_seg-manual.nii.gz","882","3","",60.96744745970226,0.0,-2.340276337626513,0.0,3.1250508827857617,0.0,7.5856316588807,0.0,7.615162888013107,0.0,10.270864201453064,0.0,3.661513617399389,0.0,3.9241180414813104,0.0,0.6708522870648698,0.0,5.968381886330285,0.0,0.972966425981994,0.0,""
"2026-09-25 17:18:59","git-master-bddc7a050319718b5e4e0856afec0bc9ea96418f","C:\Users\marco\Desktop\ds004507\derivatives\labels\sub-006\ses-headNormal\anat\sub-006_ses-headNormal_T2w_seg-manual.nii.gz","883","3","",59.75643571259215,0.0,-2.5007541076331856,0.0,3.067578288638935,0.0,7.524058380324841,0.0,7.582277557995744,0.0,10.092132719070172,0.0,3.666997669720443,0.0,3.857060710604398,0.0,0.6599542694747789,0.0,6.189329700670551,0.0,0.9608506524891252,0.0,""
"2026-09-25 17:18:59","git-master-bddc7a050319718b5e4e0856afec0bc9ea96418f","C:\Users\marco\Desktop\ds004507\derivatives\labels\sub-006\ses-headNormal\anat\sub-006_ses-headNormal_T2w_seg-manual.nii.gz","884","3","",58.550150800985485,0.0,-2.5778867736143183,0.0,2.9911550245116914,0.0,7.4053170995672595,0.0,7.377284378815428,0.0,10.146521352901145,0.0,3.644088862195374,0.0,3.7612282373718853,0.0,0.6860287793931696,0.0,3.3950513073890614,0.0,0.960852155416304,0.0,""
"2026-09-25 17:18:59","git-master-bddc7a050319718b5e4e0856afec0bc9ea96418f","C:\Users\marco\Desktop\ds004507\derivatives\labels\sub-006\ses-headNormal\anat\sub-006_ses-headNormal_T2w_seg-manual.nii.gz","885","3","",59.28824831039747,0.0,-2.5785229619924053,0.0,2.905250778571811,0.0,7.288100139058544,0.0,7.304065535454354,0.0,10.361389722740858,0.0,3.583309067120071,0.0,3.7047910719384727,0.0,0.7086592464290842,0.0,3.1345131186650903,0.0,0.9658220900111837,0.0,""
"2026-09-25 17:18:59","git-master-bddc7a050319718b5e4e0856afec0bc9ea96418f","C:\Users\marco\Desktop\ds004507\derivatives\labels\sub-006\ses-headNormal\anat\sub-006_ses-headNormal_T2w_seg-manual.nii.gz","886","3","",61.970728240828095,0.0,-2.502662672767446,0.0,2.809865550819294,0.0,7.172407498798695,0.0,7.362621027912522,0.0,10.736737828589316,0.0,3.4846582844945346,0.0,3.687749214304161,0.0,0.7278456705825226,0.0,5.4077151344986385,0.0,0.9757604562737643,0.0,""
"2026-09-25 17:18:59","git-master-bddc7a050319718b5e4e0856afec0bc9ea96418f","C:\Users\marco\Desktop\ds004507\derivatives\labels\sub-006\ses-headNormal\anat\sub-006_ses-headNormal_T2w_seg-manual.nii.gz","887","3","",59.81443434737469,0.0,-2.203996555241073,0.0,2.6955053236941398,0.0,7.138406474043488,0.0,7.184244757949256,0.0,10.590046465273893,0.0,3.4708233406069042,0.0,3.667583133436584,0.0,0.7347091350484243,0.0,8.224551131977568,0.0,0.9716341527563696,0.0,""
"2026-09-25 17:18:59","git-master-bddc7a050319718b5e4e0856afec0bc9ea96418f","C:\Users\marco\Desktop\ds004507\derivatives\labels\sub-006\ses-headNormal\anat\sub-006_ses-headNormal_T2w_seg-manual.nii.gz","888","3","",57.77984368766738,0.0,-1.7937529876372678,0.0,2.5716505590590564,0.0,7.133311091719541,0.0,7.071131798276084,0.0,10.382145344008535,0.0,3.5014419079861834,0.0,3.631869183733358,0.0,0.7319318209934295,0.0,8.227777835603797,0.0,0.9674305543472516,0.0,""
"2026-09-25 17:18:59","git-master-bddc7a050319718b5e4e0856afec0bc9ea96418f","C:\Users\marco\Desktop\ds004507\derivatives\labels\sub-006\ses-headNormal\anat\sub-006_ses-headNormal_T2w_seg-manual.nii.gz","889","3","",55.866956261706164,0.0,-1.2719319699560294,0.0,2.438301256914043,0.0,7.157121351826856,0.0,7.023282148893006,0.0,10.11303446479324,0.0,3.5765139866323725,0.0,3.580607365194483,0.0,0.7195137284175379,0.0,5.4173952453773255,0.0,0.9631496610464105,0.0,""
"2026-09-25 17:18:59","git-master-bddc7a050319718b5e4e0856afec0bc9ea96418f","C:\Users\marco\Desktop\ds004507\derivatives\labels\sub-006\ses-headNormal\anat\sub-006_ses-headNormal_T2w_seg-manual.nii.gz","890","3","",55.88205162829805,0.0,-0.5266732449009442,0.0,2.285948608592238,0.0,7.182158432910973,0.0,6.966869597510324,0.0,10.192084567394843,0.0,3.579086168096827,0.0,3.603072264814146,0.0,0.7297810738817119,0.0,1.137707827132174,0.0,0.9615863652210431,0.0,""
"2026-09-25 17:18:59","git-master-bddc7a050319718b5e4e0856afec0bc9ea96418f","C:\Users\marco\Desktop\ds004507\derivatives\labels\sub-006\ses-headNormal\anat\sub-006_ses-headNormal_T2w_seg-manual.nii.gz","891","3","",56.97863659721646,0.0,0.21188286390820937,0.0,2.124087547638425,0.0,7.17039887757637,0.0,7.080896223442228,0.0,10.25289104482905,0.0,3.530071598344898,0.0,3.6403272792314723,0.0,0.7228483981038676,0.0,-0.1890713379402421,0.0,0.9638184622545186,0.0,""
"2026-09-25 17:18:59","git-master-bddc7a050319718b5e4e0856afec0bc9ea96418f","C:\Users\marco\Desktop\ds004507\derivatives\labels\sub-006\ses-headNormal\anat\sub-006_ses-headNormal_T2w_seg-manual.nii.gz","892","3","",59.15671116846137,0.0,0.9437363564714314,0.0,1.9527180740526044,0.0,7.121842685823047,0.0,7.365362026688719,0.0,10.295453897095861,0.0,3.429470277376585,0.0,3.6923724084464618,0.0,0.6987157010840052,0.0,1.437057750160077,0.0,0.9698459521468371,0.0,""
"2026-09-25 17:18:59","git-master-bddc7a050319718b5e4e0856afec0bc9ea96418f","C:\Users\marco\Desktop\ds004507\derivatives\labels\sub-006\ses-headNormal\anat\sub-006_ses-headNormal_T2w_seg-manual.nii.gz","893","3","",59.8775908264564,0.0,1.4252878035148053,0.0,1.7623202197239003,0.0,7.053241576921963,0.0,7.315760041301594,0.0,10.505306431763541,0.0,3.439867867614174,0.0,3.61337370930779,0.0,0.7172407685212672,0.0,1.1505057921823316,0.0,0.9682606165275782,0.0,""
"2026-09-25 17:18:59","git-master-bddc7a050319718b5e4e0856afec0bc9ea96418f","C:\Users\marco\Desktop\ds004507\derivatives\labels\sub-006\ses-headNormal\anat\sub-006_ses-headNormal_T2w_seg-manual.nii.gz","894","3","",60.357957293892966,0.0,1.7817961561498847,0.0,1.562403997013222,0.0,7.018680790961386,0.0,7.251143576146298,0.0,10.70273028748589,0.0,3.448891668779613,0.0,3.5697891221817732,0.0,0.7351436503281239,0.0,0.4947738289083493,0.0,0.9637941461054669,0.0,""
"2026-09-25 17:18:59","git-master-bddc7a050319718b5e4e0856afec0bc9ea96418f","C:\Users\marco\Desktop\ds004507\derivatives\labels\sub-006\ses-headNormal\anat\sub-006_ses-headNormal_T2w_seg-manual.nii.gz","895","3","",60.597810570771074,0.0,2.01326141437667,0.0,1.3529694059205695,0.0,7.018160327941314,0.0,7.171512631222829,0.0,10.887725464262907,0.0,3.4565416808729026,0.0,3.5616186470684115,0.0,0.7524243465045753,0.0,-0.5301381396618698,0.0,0.9564465408805032,0.0,""
"2026-09-25 17:18:59","git-master-bddc7a050319718b5e4e0856afec0bc9ea96418f","C:\Users\marco\Desktop\ds004507\derivatives\labels\sub-006\ses-headNormal\anat\sub-006_ses-headNormal_T2w_seg-manual.nii.gz","896","3","",61.329187461704144,0.0,1.994885628259008,0.0,1.1244943413797355,0.0,7.0645172641985505,0.0,7.220962267695478,0.0,10.967493011392982,0.0,3.3993976984691354,0.0,3.665119565729415,0.0,0.7526700760592095,0.0,0.3507277869256329,0.0,0.9600123868473137,0.0,""
"2026-09-25 17:18:59","git-master-bddc7a050319718b5e4e0856afec0bc9ea96418f","C:\Users\marco\Desktop\ds004507\derivatives\labels\sub-006\ses-headNormal\anat\sub-006_ses-headNormal_T2w_seg-manual.nii.gz","897","3","",61.57869136794023,0.0,1.9022370784923666,0.0,0.8902524888252848,0.0,6.990103194355894,0.0,7.169176849538876,0.0,11.084861399197825,0.0,3.3436215699612077,0.0,3.646481624394686,0.0,0.762277469760099,0.0,1.869122127505901,0.0,0.96162563792024,0.0,""
"2026-09-25 17:18:59","git-master-bddc7a050319718b5e4e0856afec0bc9ea96418f","C:\Users\marco\Desktop\ds004507\derivatives\labels\sub-006\ses-headNormal\anat\sub-006_ses-headNormal_T2w_seg-manual.nii.gz","898","3","",61.34632228947933,0.0,1.7353157650767457,0.0,0.6502438482572177,0.0,6.794918118413344,0.0,7.01615637675302,0.0,11.239830627677435,0.0,3.28921329534912,0.0,3.505704823064224,0.0,0.7812465276072437,0.0,4.025044882078935,0.0,0.9612862940992819,0.0,""
"2026-09-25 17:18:59","git-master-bddc7a050319718b5e4e0856afec0bc9ea96418f","C:\Users\marco\Desktop\ds004507\derivatives\labels\sub-006\ses-headNormal\anat\sub-006_ses-headNormal_T2w_seg-manual.nii.gz","899","3","",60.144712751262574,0.0,1.521084395714472,0.0,0.4062195866716548,0.0,6.865304417546876,0.0,7.098193856119235,0.0,10.883622867734983,0.0,3.3526636670305487,0.0,3.5126407505163275,0.0,0.7571969362855484,0.0,1.8279266959405427,0.0,0.9633128109736374,0.0,""
"2026-09-25 17:18:59","git-master-bddc7a050319718b5e4e0856afec0bc9ea96418f","C:\Users\marco\Desktop\ds004507\derivatives\labels\sub-006\ses-headNormal\anat\sub-006_ses-headNormal_T2w_seg-manual.nii.gz","900","3","",59.193365926900995,0.0,1.283183355942106,0.0,0.16019685340183637,0.0,6.82079783149311,0.0,7.076364086947773,0.0,10.741821025902064,0.0,3.350800184421536,0.0,3.469997647071574,0.0,0.7521479723459731,0.0,0.609252815580426,0.0,0.9683996816697518,0.0,""
"2026-09-25 17:18:59","git-master-bddc7a050319718b5e4e0856afec0bc9ea96418f","C:\Users\marco\Desktop\ds004507\derivatives\labels\sub-006\ses-headNormal\anat\sub-006_ses-headNormal_T2w_seg-manual.nii.gz","901","3","",58.4922818163946,0.0,1.0216126457596475,0.0,-0.08782435155223749,0.0,6.661398360252045,0.0,6.950667069238633,0.0,10.814425102178674,0.0,3.283622847522082,0.0,3.3777755127299636,0.0,0.7660996357885179,0.0,0.36902324099858513,0.0,0.9765469061876247,0.0,""
"2026-09-25 17:18:59","git-master-bddc7a050319718b5e4e0856afec0bc9ea96418f","C:\Users\marco\Desktop\ds004507\derivatives\labels\sub-006\ses-headNormal\anat\sub-006_ses-headNormal_T2w_seg-manual.nii.gz","902","3","",58.97975301785307,0.0,0.7126870096422351,0.0,-0.3398218450266558,0.0,6.615265953604493,0.0,6.933847765671226,0.0,10.941892820832885,0.0,3.2886813345856725,0.0,3.32658461901882,0.0,0.7734946151035192,0.0,2.694193412490787,0.0,0.9731191212346548,0.0,""
"2026-09-25 17:18:59","git-master-bddc7a050319718b5e4e0856afec0bc9ea96418f","C:\Users\marco\Desktop\ds004507\derivatives\labels\sub-006\ses-headNormal\anat\sub-006_ses-headNormal_T2w_seg-manual.nii.gz","903","3","",58.9808249236857,0.0,0.38008899937264096,0.0,-0.5937961314100181,0.0,6.621864325903161,0.0,6.84047402628338,0.0,11.109063804673097,0.0,3.321488181474309,0.0,3.3003761444288515,0.0,0.787388486779238,0.0,4.69998416457835,0.0,0.9652569056819809,0.0,""
"2026-09-25 17:18:59","git-master-bddc7a050319718b5e4e0856afec0bc9ea96418f","C:\Users\marco\Desktop\ds004507\derivatives\labels\sub-006\ses-headNormal\anat\sub-006_ses-headNormal_T2w_seg-manual.nii.gz","904","3","",58.49549753389249,0.0,0.023818614950865322,0.0,-0.8497472107023245,0.0,6.681193477148049,0.0,6.670545851075094,0.0,11.315938053699313,0.0,3.382043388187991,0.0,3.2991500889600576,0.0,0.807781250815674,0.0,6.386395497261272,0.0,0.9529602595296026,0.0,""
"2026-09-25 17:18:59","git-master-bddc7a050319718b5e4e0856afec0bc9ea96418f","C:\Users\marco\Desktop\ds004507\derivatives\labels\sub-006\ses-headNormal\anat\sub-006_ses-headNormal_T2w_seg-manual.nii.gz","905","3","",58.24738052607301,0.0,-0.2590910288177193,0.0,-1.1096270559627297,0.0,6.672121639309061,0.0,6.836999097882457,0.0,10.951301123122558,0.0,3.3723518186906674,0.0,3.299769820618394,0.0,0.780057613058494,0.0,3.962639496446791,0.0,0.9656440818408664,0.0,""
"2026-09-25 17:18:59","git-master-bddc7a050319718b5e4e0856afec0bc9ea96418f","C:\Users\marco\Desktop\ds004507\derivatives\labels\sub-006\ses-headNormal\anat\sub-006_ses-headNormal_T2w_seg-manual.nii.gz","906","3","",57.75645689533892,0.0,-0.4449836528666476,0.0,-1.3714577818855798,0.0,6.651405735988209,0.0,6.8890758864240444,0.0,10.761366384023264,0.0,3.3457259673086193,0.0,3.305679768679589,0.0,0.7682252001066339,0.0,1.134382761560474,0.0,0.9694031676206974,0.0,""
"2026-09-25 17:18:59","git-master-bddc7a050319718b5e4e0856afec0bc9ea96418f","C:\Users\marco\Desktop\ds004507\derivatives\labels\sub-006\ses-headNormal\anat\sub-006_ses-headNormal_T2w_seg-manual.nii.gz","907","3","",57.02272664169023,0.0,-0.5338592571959196,0.0,-1.6352393884708742,0.0,6.619045767185488,0.0,6.826776216699855,0.0,10.746133836401427,0.0,3.302165834041846,0.0,3.316879933143642,0.0,0.7722840119600936,0.0,-2.0983747073976793,0.0,0.9642375168690959,0.0,""
"2026-09-25 17:18:59","git-master-bddc7a050319718b5e4e0856afec0bc9ea96418f","C:\Users\marco\Desktop\ds004507\derivatives\labels\sub-006\ses-headNormal\anat\sub-006_ses-headNormal_T2w_seg-manual.nii.gz","908","2","",58.100350986960656,0.0,-0.37614297357697285,0.0,-2.0367205576269907,0.0,6.61099828317392,0.0,6.711274552334429,0.0,10.995477133749773,0.0,3.367405032889687,0.0,3.2435932502842335,0.0,0.7921188859757923,0.0,-3.470080086251057,0.0,0.9685344102305233,0.0,""
"2026-09-25 17:18:59","git-master-bddc7a050319718b5e4e0856afec0bc9ea96418f","C:\Users\marco\Desktop\ds004507\derivatives\labels\sub-006\ses-headNormal\anat\sub-006_ses-headNormal_T2w_seg-manual.nii.gz","909","2","",55.76535568342893,0.0,-0.017127335029345825,0.0,-2.362514617468397,0.0,6.384365616109979,0.0,6.443831615064799,0.0,11.042018200417617,0.0,3.230625940458831,0.0,3.153739675651148,0.0,0.8118695619003254,0.0,-4.354858346283745,0.0,0.9484577011528472,0.0,""
"2026-09-25 17:18:59","git-master-bddc7a050319718b5e4e0856afec0bc9ea96418f","C:\Users\marco\Desktop\ds004507\derivatives\labels\sub-006\ses-headNormal\anat\sub-006_ses-headNormal_T2w_seg-manual.nii.gz","910","2","",55.82200467724638,0.0,0.36686290582614,0.0,-2.691734971166054,0.0,6.520458875982809,0.0,6.5586363584346,0.0,10.844689880453128,0.0,3.3554524777967574,0.0,3.165006398186052,0.0,0.7955958883326314,0.0,-2.3541354325041226,0.0,0.9484869000775304,0.0,""
"2026-09-25 17:18:59","git-master-bddc7a050319718b5e4e0856afec0bc9ea96418f","C:\Users\marco\Desktop\ds004507\derivatives\labels\sub-006\ses-headNormal\anat\sub-006_ses-headNormal_T2w_seg-manual.nii.gz","911","2","",56.37291435407852,0.0,0.6760580537701473,0.0,-3.0243597926677177,0.0,6.742312046419544,0.0,6.725918943296814,0.0,10.702509570971209,0.0,3.4465288508821206,0.0,3.2957831955374233,0.0,0.7778219441108107,0.0,-0.6566109921409121,0.0,0.9532423064378476,0.0,""
"2026-09-25 17:18:59","git-master-bddc7a050319718b5e4e0856afec0bc9ea96418f","C:\Users\marco\Desktop\ds004507\derivatives\labels\sub-006\ses-headNormal\anat\sub-006_ses-headNormal_T2w_seg-manual.nii.gz","912","2","",57.42311276933225,0.0,0.8605833982743346,0.0,-3.3603665096403064,0.0,6.950941594102969,0.0,6.8757548523472,0.0,10.707024747502938,0.0,3.4371181913278925,0.0,3.513823402775076,0.0,0.7663580970873571,0.0,0.391438056111767,0.0,0.9569889045546497,0.0,""
"2026-09-25 17:18:59","git-master-bddc7a050319718b5e4e0856afec0bc9ea96418f","C:\Users\marco\Desktop\ds004507\derivatives\labels\sub-006\ses-headNormal\anat\sub-006_ses-headNormal_T2w_seg-manual.nii.gz","913","2","",60.880039648155915,0.0,0.9204592135013575,0.0,-3.6997318034699034,0.0,7.225346468771521,0.0,7.198064890124283,0.0,10.742312963995577,0.0,3.489102556381361,0.0,3.73624391239016,0.0,0.7423010041291574,0.0,3.2861575220943924,0.0,0.9636363636363636,0.0,""
"2026-09-25 17:18:59","git-master-bddc7a050319718b5e4e0856afec0bc9ea96418f","C:\Users\marco\Desktop\ds004507\derivatives\labels\sub-006\ses-headNormal\anat\sub-006_ses-headNormal_T2w_seg-manual.nii.gz","914","2","",64.3336856508214,0.0,0.8141531673785338,0.0,-4.043525515968671,0.0,7.216197803377767,0.0,7.313537508774723,0.0,11.267245532460725,0.0,3.44597551836492,0.0,3.770222285012847,0.0,0.7603750864121884,0.0,-1.7979431717060534,0.0,0.972196088006294,0.0,""
"2026-09-25 17:18:59","git-master-bddc7a050319718b5e4e0856afec0bc9ea96418f","C:\Users\marco\Desktop\ds004507\derivatives\labels\sub-006\ses-headNormal\anat\sub-006_ses-headNormal_T2w_seg-manual.nii.gz","915","2","",65.37667800070219,0.0,0.5831888718865545,0.0,-4.390600952098196,0.0,7.440635635575195,0.0,7.460220236837806,0.0,11.188968884530773,0.0,3.6817029108565835,0.0,3.7589327247186106,0.0,0.7446094980097504,0.0,1.631542452975503,0.0,0.9584231958283719,0.0,""
"2026-09-25 17:18:59","git-master-bddc7a050319718b5e4e0856afec0bc9ea96418f","C:\Users\marco\Desktop\ds004507\derivatives\labels\sub-006\ses-headNormal\anat\sub-006_ses-headNormal_T2w_seg-manual.nii.gz","916","2","",65.20216660885293,0.0,0.22754939634238858,0.0,-4.7409301407579845,0.0,7.452042776358877,0.0,7.494462238844815,0.0,11.101386884290612,0.0,3.793656037168187,0.0,3.6583867391906906,0.0,0.7375922644544975,0.0,4.361992100350027,0.0,0.9564987672746097,0.0,""
"2026-09-25 17:18:59","git-master-bddc7a050319718b5e4e0856afec0bc9ea96418f","C:\Users\marco\Desktop\ds004507\derivatives\labels\sub-006\ses-headNormal\anat\sub-006_ses-headNormal_T2w_seg-manual.nii.gz","917","2","",65.03924356607976,0.0,-0.25275649139710993,0.0,-5.094484310541796,0.0,7.243350811786796,0.0,7.4301359483632465,0.0,11.202397005558833,0.0,3.7216263251869157,0.0,3.5217244865998807,0.0,0.748371607803118,0.0,4.181297705281954,0.0,0.9710109780941849,0.0,""
"2026-09-25 17:18:59","git-master-bddc7a050319718b5e4e0856afec0bc9ea96418f","C:\Users\marco\Desktop\ds004507\derivatives\labels\sub-006\ses-headNormal\anat\sub-006_ses-headNormal_T2w_seg-manual.nii.gz","918","2","",66.15294314294033,0.0,-0.8576943249352016,0.0,-5.4512338897376384,0.0,7.247040102979832,0.0,7.438637067996805,0.0,11.293890331887722,0.0,3.7478253273753035,0.0,3.4992147756045284,0.0,0.7524559466363338,0.0,5.8778654332891875,0.0,0.9769550996134404,0.0,""
"2026-09-25 17:18:59","git-master-bddc7a050319718b5e4e0856afec0bc9ea96418f","C:\Users\marco\Desktop\ds004507\derivatives\labels\sub-006\ses-headNormal\anat\sub-006_ses-headNormal_T2w_seg-manual.nii.gz","919","2","",66.64473514506685,0.0,-1.6284635122773428,0.0,-5.8121816298946705,0.0,7.626533786773194,0.0,7.673235589693902,0.0,11.052914467102612,0.0,3.8592371552938802,0.0,3.767296631479314,0.0,0.7191524434514881,0.0,5.361695738430077,0.0,0.963391019922688,0.0,""
"2026-09-25 17:18:59","git-master-bddc7a050319718b5e4e0856afec0bc9ea96418f","C:\Users\marco\Desktop\ds004507\derivatives\labels\sub-006\ses-headNormal\anat\sub-006_ses-headNormal_T2w_seg-manual.nii.gz","920","2","",66.28680161547439,0.0,-2.1790605054112184,0.0,-6.162058656223193,0.0,7.773129051740165,0.0,7.858152689720573,0.0,10.80291201942489,0.0,3.8839527683666337,0.0,3.8891762833735313,0.0,0.6852956672271747,0.0,3.5802966556525306,0.0,0.9647669789227167,0.0,""
"2026-09-25 17:18:59","git-master-bddc7a050319718b5e4e0856afec0bc9ea96418f","C:\Users\marco\Desktop\ds004507\derivatives\labels\sub-006\ses-headNormal\anat\sub-006_ses-headNormal_T2w_seg-manual.nii.gz","921","2","",65.80756433438971,0.0,-2.280352854245903,0.0,-6.491448343777041,0.0,7.736807987573011,0.0,7.874563841094114,0.0,10.757720355511694,0.0,3.8594416043896533,0.0,3.8773663831833574,0.0,0.6808427325820321,0.0,-0.7040946339075909,0.0,0.9674160011253339,0.0,""
"2026-09-25 17:18:59","git-master-bddc7a050319718b5e4e0856afec0bc9ea96418f","C:\Users\marco\Desktop\ds004507\derivatives\labels\sub-006\ses-headNormal\anat\sub-006_ses-headNormal_T2w_seg-manual.nii.gz","922","2","",66.35952442952576,0.0,-1.817569570153434,0.0,-6.7956739678013856,0.0,7.662295583271094,0.0,7.806710336670555,0.0,10.95019408695149,0.0,3.867478910786667,0.0,3.7948166724844263,0.0,0.7011850930557607,0.0,-3.930743019838566,0.0,0.9640744761232962,0.0,""
"2026-09-25 17:18:59","git-master-bddc7a050319718b5e4e0856afec0bc9ea96418f","C:\Users\marco\Desktop\ds004507\derivatives\labels\sub-006\ses-headNormal\anat\sub-006_ses-headNormal_T2w_seg-manual.nii.gz","923","2","",69.51926237608163,0.0,-0.7903011259688111,0.0,-7.074798703732743,0.0,7.789059727140872,0.0,7.941899289144664,0.0,11.232205070264065,0.0,4.034145744609041,0.0,3.7549139825318307,0.0,0.7071485411091233,0.0,2.2595845375471844,0.0,0.9538821585903083,0.0,""
"2026-09-25 17:18:59","git-master-bddc7a050319718b5e4e0856afec0bc9ea96418f","C:\Users\marco\Desktop\ds004507\derivatives\labels\sub-006\ses-headNormal\anat\sub-006_ses-headNormal_T2w_seg-manual.nii.gz","924","2","",70.33210890080538,0.0,0.9902812668374035,0.0,-7.320581248684615,0.0,7.8002454448428935,0.0,8.02931471106651,0.0,11.19993591322942,0.0,3.985411521387991,0.0,3.814833923454903,0.0,0.6971259047904271,0.0,5.755003730255575,0.0,0.9674615145909898,0.0,""
"2026-09-25 17:18:59","git-master-bddc7a050319718b5e4e0856afec0bc9ea96418f","C:\Users\marco\Desktop\ds004507\derivatives\labels\sub-006\ses-headNormal\anat\sub-006_ses-headNormal_T2w_seg-manual.nii.gz","925","2","",71.71824929682579,0.0,2.681873846538563,0.0,-7.541447609291547,0.0,8.132596476908386,0.0,8.169757080625502,0.0,11.222737035255438,0.0,4.13913033747471,0.0,3.993466139433677,0.0,0.6855555577493937,0.0,6.758309945362107,0.0,0.9624112143782644,0.0,""
"2026-09-25 17:18:59","git-master-bddc7a050319718b5e4e0856afec0bc9ea96418f","C:\Users\marco\Desktop\ds004507\derivatives\labels\sub-006\ses-headNormal\anat\sub-006_ses-headNormal_T2w_seg-manual.nii.gz","926","2","",70.32182821807199,0.0,3.851733528590023,0.0,-7.737453678713917,0.0,8.035400382895945,0.0,8.10619796356152,0.0,11.083410215854625,0.0,4.027036860029328,0.0,4.008363522866619,0.0,0.682010163059541,0.0,5.829035344589654,0.0,0.9630093015797514,0.0,""
"2026-09-25 17:18:59","git-master-bddc7a050319718b5e4e0856afec0bc9ea96418f","C:\Users\marco\Desktop\ds004507\derivatives\labels\sub-006\ses-headNormal\anat\sub-006_ses-headNormal_T2w_seg-manual.nii.gz","927","2","",66.97293278920652,0.0,4.284679591052547,0.0,-7.908652339094761,0.0,7.587359324119589,0.0,7.877439247242904,0.0,10.833988631054941,0.0,3.702734162901754,0.0,3.884625161217835,0.0,0.686526508898087,0.0,3.7697211880014363,0.0,0.9719089124686059,0.0,""
"2026-09-25 17:18:59","git-master-bddc7a050319718b5e4e0856afec0bc9ea96418f","C:\Users\marco\Desktop\ds004507\derivatives\labels\sub-006\ses-headNormal\anat\sub-006_ses-headNormal_T2w_seg-manual.nii.gz","928","2","",66.68759260562538,0.0,3.9830936745923013,0.0,-8.055093461559762,0.0,7.696590063648754,0.0,7.818113140666444,0.0,10.795736853399806,0.0,3.7416937266316808,0.0,3.954896337017074,0.0,0.6896055085459493,0.0,1.625917834001022,0.0,0.9701382759635186,0.0,""
"2026-09-25 17:18:59","git-master-bddc7a050319718b5e4e0856afec0bc9ea96418f","C:\Users\marco\Desktop\ds004507\derivatives\labels\sub-006\ses-headNormal\anat\sub-006_ses-headNormal_T2w_seg-manual.nii.gz","929","2","",67.01777802715185,0.0,2.6997475496550822,0.0,-8.168609551857049,0.0,7.860425701333375,0.0,8.003029909781752,0.0,10.631020263509862,0.0,3.95190867836032,0.0,3.908517022973055,0.0,0.6577729878777386,0.0,-0.3159529838322732,0.0,0.9680151715230856,0.0,""
"2026-09-25 17:18:59","git-master-bddc7a050319718b5e4e0856afec0bc9ea96418f","C:\Users\marco\Desktop\ds004507\derivatives\labels\sub-006\ses-headNormal\anat\sub-006_ses-headNormal_T2w_seg-manual.nii.gz","930","2","",67.76975510360029,0.0,1.1951019154653995,0.0,-8.257482968840662,0.0,8.049787525529089,0.0,8.132207106720564,0.0,10.586537671277577,0.0,3.989701381414359,0.0,4.060086144114731,0.0,0.6401675816408473,0.0,-2.1237110400942654,0.0,0.9646892431388414,0.0,""
"2026-09-25 17:18:59","git-master-bddc7a050319718b5e4e0856afec0bc9ea96418f","C:\Users\marco\Desktop\ds004507\derivatives\labels\sub-006\ses-headNormal\anat\sub-006_ses-headNormal_T2w_seg-manual.nii.gz","931","2","",67.77707137569563,0.0,-0.1838068747654032,0.0,-8.321738509120127,0.0,8.173144188759235,0.0,8.259737029418094,0.0,10.438109946115402,0.0,4.014062718139659,0.0,4.159081470619577,0.0,0.6098199441438747,0.0,-1.6678217635906951,0.0,0.9640103588501364,0.0,""
"2026-09-25 17:18:59","git-master-bddc7a050319718b5e4e0856afec0bc9ea96418f","C:\Users\marco\Desktop\ds004507\derivatives\labels\sub-006\ses-headNormal\anat\sub-006_ses-headNormal_T2w_seg-manual.nii.gz","932","2","",67.61392685978748,0.0,-1.263092425212566,0.0,-8.361396041971632,0.0,8.194789004524326,0.0,8.351960892964726,0.0,10.311088343877607,0.0,4.0843083913572595,0.0,4.110480613167066,0.0,0.5853143947957454,0.0,0.22865956399544343,0.0,0.9663517208471423,0.0,""
"2026-09-25 17:18:59","git-master-bddc7a050319718b5e4e0856afec0bc9ea96418f","C:\Users\marco\Desktop\ds004507\derivatives\labels\sub-006\ses-headNormal\anat\sub-006_ses-headNormal_T2w_seg-manual.nii.gz","933","2","",69.59517404785026,0.0,-2.0420182974379126,0.0,-8.376470509338027,0.0,8.134839947302051,0.0,8.287468829606034,0.0,10.680354506860274,0.0,4.160078924363376,0.0,3.9747610229386767,0.0,0.6307889181057083,0.0,-0.2099121918960971,0.0,0.968609865470852,0.0,""
"2026-09-25 17:18:59","git-master-bddc7a050319718b5e4e0856afec0bc9ea96418f","C:\Users\marco\Desktop\ds004507\derivatives\labels\sub-006\ses-headNormal\anat\sub-006_ses-headNormal_T2w_seg-manual.nii.gz","934","2","",66.99792818261221,0.0,-2.420943778644996,0.0,-8.358777041372313,0.0,8.056624851188516,0.0,8.152404584027298,0.0,10.433412763426874,0.0,4.077092087422981,0.0,3.9795327637655356,0.0,0.6240066135839493,0.0,-3.1119587551710195,0.0,0.9590304713479539,0.0,""
"2026-09-25 17:18:59","git-master-bddc7a050319718b5e4e0856afec0bc9ea96418f","C:\Users\marco\Desktop\ds004507\derivatives\labels\sub-006\ses-headNormal\anat\sub-006_ses-headNormal_T2w_seg-manual.nii.gz","935","2","",66.78634652946705,0.0,-2.5003568696340497,0.0,-8.316499274562215,0.0,8.087415593983138,0.0,8.201564836836832,0.0,10.321186641703264,0.0,4.104987891016545,0.0,3.982427702966594,0.0,0.6068286518958613,0.0,-5.979351936972858,0.0,0.9591026848163471,0.0,""
"2026-09-25 17:18:59","git-master-bddc7a050319718b5e4e0856afec0bc9ea96418f","C:\Users\marco\Desktop\ds004507\derivatives\labels\sub-006\ses-headNormal\anat\sub-006_ses-headNormal_T2w_seg-manual.nii.gz","936","2","",67.52552091042783,0.0,-2.280236560598099,0.0,-8.249621463550133,0.0,8.192814854169292,0.0,8.320963792704445,0.0,10.310095735603946,0.0,4.17603845058061,0.0,4.016776403588682,0.0,0.5904039795197286,0.0,-5.351020645268065,0.0,0.9652640364924379,0.0,""
"2026-09-25 17:18:59","git-master-bddc7a050319718b5e4e0856afec0bc9ea96418f","C:\Users\marco\Desktop\ds004507\derivatives\labels\sub-006\ses-headNormal\anat\sub-006_ses-headNormal_T2w_seg-manual.nii.gz","937","2","",68.6389017657834,0.0,-1.760400315829081,0.0,-8.15812295455543,0.0,8.319082075696906,0.0,8.42421864037212,0.0,10.386476533368365,0.0,4.255403045199157,0.0,4.06367903049775,0.0,0.5848152751727707,0.0,-2.4813580324100815,0.0,0.9746376969462643,0.0,""
"2026-09-25 17:18:59","git-master-bddc7a050319718b5e4e0856afec0bc9ea96418f","C:\Users\marco\Desktop\ds004507\derivatives\labels\sub-006\ses-headNormal\anat\sub-006_ses-headNormal_T2w_seg-manual.nii.gz","938","2","",70.40829815409846,0.0,-0.9405040737178464,0.0,-8.041978185374447,0.0,8.393133467982478,0.0,8.452549552654013,0.0,10.556582417560904,0.0,4.341128117603609,0.0,4.052005350378869,0.0,0.599078949811143,0.0,-3.3402214951393288,0.0,0.9850324767014967,0.0,""
"2026-09-25 17:18:59","git-master-bddc7a050319718b5e4e0856afec0bc9ea96418f","C:\Users\marco\Desktop\ds004507\derivatives\labels\sub-006\ses-headNormal\anat\sub-006_ses-headNormal_T2w_seg-manual.nii.gz","939","1","",69.00900522358283,0.0,0.5849370478116312,0.0,-7.855633184463171,0.0,8.351947606406778,0.0,8.423328816442044,0.0,10.447753953104051,0.0,4.38705790996708,0.0,3.9648896964396982,0.0,0.5915975053585691,0.0,0.898003725591408,0.0,0.9757903731130732,0.0,""
"2026-09-25 17:18:59","git-master-bddc7a050319718b5e4e0856afec0bc9ea96418f","C:\Users\marco\Desktop\ds004507\derivatives\labels\sub-006\ses-headNormal\anat\sub-006_ses-headNormal_T2w_seg-manual.nii.gz","940","1","",70.05940982881161,0.0,1.6032755497086204,0.0,-7.692780646446543,0.0,8.629638039981499,0.0,8.541382021404676,0.0,10.484580467947481,0.0,4.3737421096259546,0.0,4.2558959303555435,0.0,0.5798895291341647,0.0,2.8574345358507602,0.0,0.9653301261690848,0.0,""
"2026-09-25 17:18:59","git-master-bddc7a050319718b5e4e0856afec0bc9ea96418f","C:\Users\marco\Desktop\ds004507\derivatives\labels\sub-006\ses-headNormal\anat\sub-006_ses-headNormal_T2w_seg-manual.nii.gz","941","1","",70.4279889651358,0.0,2.2266373113758267,0.0,-7.5181672435166975,0.0,8.794159216602893,0.0,8.669116049475438,0.0,10.391142302729355,0.0,4.421968035472892,0.0,4.372191181130001,0.0,0.5501626275526398,0.0,4.254028088321969,0.0,0.9642075370911268,0.0,""
"2026-09-25 17:18:59","git-master-bddc7a050319718b5e4e0856afec0bc9ea96418f","C:\Users\marco\Desktop\ds004507\derivatives\labels\sub-006\ses-headNormal\anat\sub-006_ses-headNormal_T2w_seg-manual.nii.gz","942","1","",70.03825280865628,0.0,2.455347097376607,0.0,-7.331776390973836,0.0,8.761648269591912,0.0,8.684776873943942,0.0,10.308935583697025,0.0,4.409304193068041,0.0,4.352344076523873,0.0,0.53767877347644,0.0,5.272614986416278,0.0,0.9648905092636927,0.0,""
"2026-09-25 17:18:59","git-master-bddc7a050319718b5e4e0856afec0bc9ea96418f","C:\Users\marco\Desktop\ds004507\derivatives\labels\sub-006\ses-headNormal\anat\sub-006_ses-headNormal_T2w_seg-manual.nii.gz","943","1","",68.76082824583477,0.0,2.2690135926915085,0.0,-7.132968825739147,0.0,8.423649862992411,0.0,8.440063534725407,0.0,10.404043984915644,0.0,4.189351127427562,0.0,4.234298735564849,0.0,0.5845875692449636,0.0,6.109476287401854,0.0,0.9586646025005451,0.0,""
"2026-09-25 17:18:59","git-master-bddc7a050319718b5e4e0856afec0bc9ea96418f","C:\Users\marco\Desktop\ds004507\derivatives\labels\sub-006\ses-headNormal\anat\sub-006_ses-headNormal_T2w_seg-manual.nii.gz","944","1","",67.99994256517661,0.0,1.501097949745896,0.0,-6.9167246346234394,0.0,8.371813105122955,0.0,8.422139900970636,0.0,10.332252538238535,0.0,4.131825186446817,0.0,4.239987918676139,0.0,0.5792316646254602,0.0,2.2978219407728098,0.0,0.9685614178120212,0.0,""
"2026-09-25 17:18:59","git-master-bddc7a050319718b5e4e0856afec0bc9ea96418f","C:\Users\marco\Desktop\ds004507\derivatives\labels\sub-006\ses-headNormal\anat\sub-006_ses-headNormal_T2w_seg-manual.nii.gz","945","1","",68.27072124563624,0.0,0.3379105356666886,0.0,-6.6886138279469955,0.0,8.383141137720651,0.0,8.484159023616133,0.0,10.337387999976457,0.0,4.18668834343934,0.0,4.196452794281312,0.0,0.5713020307461114,0.0,1.0630935064361877,0.0,0.9713262493678757,0.0,""
"2026-09-25 17:18:59","git-master-bddc7a050319718b5e4e0856afec0bc9ea96418f","C:\Users\marco\Desktop\ds004507\derivatives\labels\sub-006\ses-headNormal\anat\sub-006_ses-headNormal_T2w_seg-manual.nii.gz","946","1","",69.12141144090191,0.0,-1.0454911964067546,0.0,-6.448619235457157,0.0,8.409409110918734,0.0,8.528551600609445,0.0,10.42734926453699,0.0,4.300994785309136,0.0,4.108414325609598,0.0,0.5747146411742363,0.0,2.7025542307457915,0.0,0.9689600013745472,0.0,""
"2026-09-25 17:18:59","git-master-bddc7a050319718b5e4e0856afec0bc9ea96418f","C:\Users\marco\Desktop\ds004507\derivatives\labels\sub-006\ses-headNormal\anat\sub-006_ses-headNormal_T2w_seg-manual.nii.gz","947","1","",69.86900115669754,0.0,-2.406193523692767,0.0,-6.195466760978066,0.0,8.389962254610262,0.0,8.411426150415876,0.0,10.6070127088054,0.0,4.400354725999947,0.0,3.9896075286103163,0.0,0.6090350018040839,0.0,7.486621636554728,0.0,0.965489257791449,0.0,""
"2026-09-25 17:18:59","git-master-bddc7a050319718b5e4e0856afec0bc9ea96418f","C:\Users\marco\Desktop\ds004507\derivatives\labels\sub-006\ses-headNormal\anat\sub-006_ses-headNormal_T2w_seg-manual.nii.gz","948","1","",69.41325809105071,0.0,-3.1485134658739344,0.0,-5.925347198709681,0.0,8.401852265716132,0.0,8.396301929231356,0.0,10.554000533556955,0.0,4.3921474482797045,0.0,4.009704817436426,0.0,0.6058463285941696,0.0,5.12462787572464,0.0,0.9704726752139278,0.0,""
"2026-09-25 17:18:59","git-master-bddc7a050319718b5e4e0856afec0bc9ea96418f","C:\Users\marco\Desktop\ds004507\derivatives\labels\sub-006\ses-headNormal\anat\sub-006_ses-headNormal_T2w_seg-manual.nii.gz","949","1","",69.20666484232207,0.0,-3.4571361362306465,0.0,-5.643258316549911,0.0,8.34536678320385,0.0,8.321965123591303,0.0,10.612021339803796,0.0,4.345012571172421,0.0,4.0003542120314295,0.0,0.6198667260924046,0.0,6.08052649678935,0.0,0.9702699509960959,0.0,""
"2026-09-25 17:18:59","git-master-bddc7a050319718b5e4e0856afec0bc9ea96418f","C:\Users\marco\Desktop\ds004507\derivatives\labels\sub-006\ses-headNormal\anat\sub-006_ses-headNormal_T2w_seg-manual.nii.gz","950","1","",69.18437258400765,0.0,-3.3322746526257245,0.0,-5.349185607837182,0.0,8.252775773511903,0.0,8.215472000173106,0.0,10.734133748519298,0.0,4.291091671854527,0.0,3.961684101657376,0.0,0.6435594993087519,0.0,7.824760980580516,0.0,0.9664139513536908,0.0,""
"2026-09-25 17:18:59","git-master-bddc7a050319718b5e4e0856afec0bc9ea96418f","C:\Users\marco\Desktop\ds004507\derivatives\labels\sub-006\ses-headNormal\anat\sub-006_ses-headNormal_T2w_seg-manual.nii.gz","951","1","",68.9908297180394,0.0,-2.705566068966268,0.0,-5.041214987297895,0.0,8.203550083161584,0.0,8.156040642703273,0.0,10.77311549508891,0.0,4.284526883593916,0.0,3.919023199567669,0.0,0.6533091116556372,0.0,3.5115906550596137,0.0,0.9639709113707121,0.0,""
"2026-09-25 17:18:59","git-master-bddc7a050319718b5e4e0856afec0bc9ea96418f","C:\Users\marco\Desktop\ds004507\derivatives\labels\sub-006\ses-headNormal\anat\sub-006_ses-headNormal_T2w_seg-manual.nii.gz","952","1","",69.51694938198995,0.0,-1.8429051576684632,0.0,-4.716784181736591,0.0,8.200842237260796,0.0,8.208131252340365,0.0,10.771013420168146,0.0,4.323704418288157,0.0,3.8771378189726393,0.0,0.6474761954039073,0.0,2.1626495761044584,0.0,0.968254180066454,0.0,""
"2026-09-25 17:18:59","git-master-bddc7a050319718b5e4e0856afec0bc9ea96418f","C:\Users\marco\Desktop\ds004507\derivatives\labels\sub-006\ses-headNormal\anat\sub-006_ses-headNormal_T2w_seg-manual.nii.gz","953","1","",70.39939577775702,0.0,-1.028848652684787,0.0,-4.380307406771961,0.0,8.37153504470786,0.0,8.402708782883373,0.0,10.671749574135545,0.0,4.373423392454442,0.0,3.9981116522534177,0.0,0.6144696374524008,0.0,4.614308812700374,0.0,0.9650979602951083,0.0,""
"2026-09-25 17:18:59","git-master-bddc7a050319718b5e4e0856afec0bc9ea96418f","C:\Users\marco\Desktop\ds004507\derivatives\labels\sub-006\ses-headNormal\anat\sub-006_ses-headNormal_T2w_seg-manual.nii.gz","954","1","",71.44883132714145,0.0,-0.3049913987280431,0.0,-4.031776920478296,0.0,8.599410873746725,0.0,8.63115854631188,0.0,10.565426903362905,0.0,4.411443065095312,0.0,4.187967808651412,0.0,0.5765139455570276,0.0,8.900613489019747,0.0,0.9570012809484151,0.0,""
"2026-09-25 17:18:59","git-master-bddc7a050319718b5e4e0856afec0bc9ea96418f","C:\Users\marco\Desktop\ds004507\derivatives\labels\sub-006\ses-headNormal\anat\sub-006_ses-headNormal_T2w_seg-manual.nii.gz","955","1","",72.28721138694496,0.0,0.30927990120303833,0.0,-3.668643337301809,0.0,8.523134850996872,0.0,8.585742686992305,0.0,10.719899339014097,0.0,4.388221870845012,0.0,4.134912980151858,0.0,0.5986211738724679,0.0,9.447709170286855,0.0,0.955554347199088,0.0,""
"2026-09-25 17:18:59","git-master-bddc7a050319718b5e4e0856afec0bc9ea96418f","C:\Users\marco\Desktop\ds004507\derivatives\labels\sub-006\ses-headNormal\anat\sub-006_ses-headNormal_T2w_seg-manual.nii.gz","956","1","",71.49239453270702,0.0,0.8041957590270084,0.0,-3.289628275652609,0.0,8.6260737868722,0.0,8.582765237352117,0.0,10.662510610513301,0.0,4.394143433202004,0.0,4.2319303536701955,0.0,0.5932588987300509,0.0,6.5372045577826,0.0,0.9549456059865589,0.0,""
"2026-09-25 17:18:59","git-master-bddc7a050319718b5e4e0856afec0bc9ea96418f","C:\Users\marco\Desktop\ds004507\derivatives\labels\sub-006\ses-headNormal\anat\sub-006_ses-headNormal_T2w_seg-manual.nii.gz","957","1","",70.30346171391511,0.0,1.2083920732109845,0.0,-2.8985453070584297,0.0,8.588645310169492,0.0,8.479921765607827,0.0,10.60491014972734,0.0,4.343488013357329,0.0,4.245157296812161,0.0,0.6002407474012493,0.0,5.69835296238926,0.0,0.9594803257335756,0.0,""
"2026-09-25 17:18:59","git-master-bddc7a050319718b5e4e0856afec0bc9ea96418f","C:\Users\marco\Desktop\ds004507\derivatives\labels\sub-006\ses-headNormal\anat\sub-006_ses-headNormal_T2w_seg-manual.nii.gz","958","1","",69.49804948695096,0.0,1.521882144084756,0.0,-2.4953983938790723,0.0,8.426395889308319,0.0,8.324399396239071,0.0,10.615285974636159,0.0,4.260155026479357,0.0,4.166240862828963,0.0,0.6204686627985609,0.0,7.459010034613683,0.0,0.9689878307558314,0.0,""
"2026-09-25 17:18:59","git-master-bddc7a050319718b5e4e0856afec0bc9ea96418f","C:\Users\marco\Desktop\ds004507\derivatives\labels\sub-006\ses-headNormal\anat\sub-006_ses-headNormal_T2w_seg-manual.nii.gz","959","1","",71.1285000739771,0.0,1.72085182167434,0.0,-2.077024926035133,0.0,8.422313227178657,0.0,8.393837949357454,0.0,10.801034449053331,0.0,4.294324126041122,0.0,4.127989101137534,0.0,0.6292858837176274,0.0,9.937895304171297,0.0,0.9799228164108469,0.0,""
"2026-09-25 17:18:59","git-master-bddc7a050319718b5e4e0856afec0bc9ea96418f","C:\Users\marco\Desktop\ds004507\derivatives\labels\sub-006\ses-headNormal\anat\sub-006_ses-headNormal_T2w_seg-manual.nii.gz","960","1","",72.52049107753267,0.0,1.8053795031424849,0.0,-1.643456404316372,0.0,8.622828647596357,0.0,8.61884602202713,0.0,10.760931181588049,0.0,4.412342734681107,0.0,4.210485912915249,0.0,0.5977039845813977,0.0,10.29495864482141,0.0,0.97293713138594,0.0,""
"2026-09-25 17:18:59","git-master-bddc7a050319718b5e4e0856afec0bc9ea96418f","C:\Users\marco\Desktop\ds004507\derivatives\labels\sub-006\ses-headNormal\anat\sub-006_ses-headNormal_T2w_seg-manual.nii.gz","961","1","",72.83134549952803,0.0,1.7993241142178207,0.0,-1.197886743201255,0.0,8.724288559752603,0.0,8.729849444083714,0.0,10.693215521248014,0.0,4.484453101720051,0.0,4.239835458032552,0.0,0.5775002436167943,0.0,8.414103371632173,0.0,0.9643846750220341,0.0,""
"2026-09-25 17:18:59","git-master-bddc7a050319718b5e4e0856afec0bc9ea96418f","C:\Users\marco\Desktop\ds004507\derivatives\labels\sub-006\ses-headNormal\anat\sub-006_ses-headNormal_T2w_seg-manual.nii.gz","962","1","",72.25956853139837,0.0,1.7134519923833824,0.0,-0.7403372779895798,0.0,8.68625083393517,0.0,8.697890179150868,0.0,10.659815373359997,0.0,4.484168185592459,0.0,4.202082648342711,0.0,0.5781213727998809,0.0,5.240983680186265,0.0,0.9593465695846524,0.0,""
"2026-09-25 17:18:59","git-master-bddc7a050319718b5e4e0856afec0bc9ea96418f","C:\Users\marco\Desktop\ds004507\derivatives\labels\sub-006\ses-headNormal\anat\sub-006_ses-headNormal_T2w_seg-manual.nii.gz","963","1","",73.07842685938809,0.0,1.5756515479042121,0.0,-0.26708035306125544,0.0,8.72510359930112,0.0,8.75287149008506,0.0,10.710708249608961,0.0,4.455811562122696,0.0,4.269292037178423,0.0,0.5763445373938909,0.0,6.017142481669241,0.0,0.9617639941390401,0.0,""
"2026-09-25 17:18:59","git-master-bddc7a050319718b5e4e0856afec0bc9ea96418f","C:\Users\marco\Desktop\ds004507\derivatives\labels\sub-006\ses-headNormal\anat\sub-006_ses-headNormal_T2w_seg-manual.nii.gz","964","1","",73.05110689169423,0.0,1.4519688785783362,0.0,0.2205427662293732,0.0,8.580995189994821,0.0,8.700379002248853,0.0,10.765139397313282,0.0,4.33845625269134,0.0,4.242538937303481,0.0,0.5887265141286223,0.0,7.111663573177073,0.0,0.9672169755125505,0.0,""
"2026-09-25 17:18:59","git-master-bddc7a050319718b5e4e0856afec0bc9ea96418f","C:\Users\marco\Desktop\ds004507\derivatives\labels\sub-006\ses-headNormal\anat\sub-006_ses-headNormal_T2w_seg-manual.nii.gz","965","1","",73.39491770400795,0.0,1.339953055652694,0.0,0.7199733264834199,0.0,8.496013041940678,0.0,8.6820241312219,0.0,10.829540889710609,0.0,4.244207099608001,0.0,4.251805942332677,0.0,0.5977280736441278,0.0,7.680014795314486,0.0,0.9732646836611134,0.0,""
"2026-09-25 17:18:59","git-master-bddc7a050319718b5e4e0856afec0bc9ea96418f","C:\Users\marco\Desktop\ds004507\derivatives\labels\sub-006\ses-headNormal\anat\sub-006_ses-headNormal_T2w_seg-manual.nii.gz","966","1","",74.54772105679979,0.0,1.2396068176860005,0.0,1.2311664732761443,0.0,8.582309007803154,0.0,8.764247601510158,0.0,10.886706779438965,0.0,4.2410469203403744,0.0,4.341262087462781,0.0,0.5927549655123218,0.0,7.762594877937091,0.0,0.9782680909697244,0.0,""
"2026-09-25 17:18:59","git-master-bddc7a050319718b5e4e0856afec0bc9ea96418f","C:\Users\marco\Desktop\ds004507\derivatives\labels\sub-006\ses-headNormal\anat\sub-006_ses-headNormal_T2w_seg-manual.nii.gz","967","1","",76.39848169001309,0.0,1.1552348649991906,0.0,1.758331497150257,0.0,9.0132258186436,0.0,9.054957923551628,0.0,10.784659394230122,0.0,4.533210328971704,0.0,4.480015489671897,0.0,0.5421242885584366,0.0,10.133514701306725,0.0,0.9763239055325585,0.0,""
"2026-09-25 17:18:59","git-master-bddc7a050319718b5e4e0856afec0bc9ea96418f","C:\Users\marco\Desktop\ds004507\derivatives\labels\sub-006\ses-headNormal\anat\sub-006_ses-headNormal_T2w_seg-manual.nii.gz","968","1","",75.59854553700099,0.0,1.0843834926709426,0.0,2.2988616130050437,0.0,8.978099976143259,0.0,8.964223144246516,0.0,10.755238785260232,0.0,4.54893687186578,0.0,4.429163104277478,0.0,0.5520720065132697,0.0,12.52708822137884,0.0,0.9818997203443134,0.0,""
"2026-09-25 17:18:59","git-master-bddc7a050319718b5e4e0856afec0bc9ea96418f","C:\Users\marco\Desktop\ds004507\derivatives\labels\sub-006\ses-headNormal\anat\sub-006_ses-headNormal_T2w_seg-manual.nii.gz","969","1","",74.73116674633017,0.0,1.0252104495250105,0.0,2.8508383008181846,0.0,8.926803850300086,0.0,8.88850447016428,0.0,10.720855217081025,0.0,4.532959593829791,0.0,4.393844256470294,0.0,0.5587386531292053,0.0,11.912242675049576,0.0,0.9833301999375553,0.0,""
"2026-09-25 17:18:59","git-master-bddc7a050319718b5e4e0856afec0bc9ea96418f","C:\Users\marco\Desktop\ds004507\derivatives\labels\sub-006\ses-headNormal\anat\sub-006_ses-headNormal_T2w_seg-manual.nii.gz","970","1","",75.1291573171382,0.0,0.9777167494265219,0.0,3.414186998574581,0.0,9.056230545252118,0.0,9.003921739111405,0.0,10.669283010690437,0.0,4.588558704177201,0.0,4.467671841074916,0.0,0.5364095939321881,0.0,7.848988334917399,0.0,0.9762993904454706,0.0,""
"2026-09-25 17:18:59","git-master-bddc7a050319718b5e4e0856afec0bc9ea96418f","C:\Users\marco\Desktop\ds004507\derivatives\labels\sub-006\ses-headNormal\anat\sub-006_ses-headNormal_T2w_seg-manual.nii.gz","971","1","",77.76938233786424,0.0,0.9468219391977515,0.0,3.9934717640846706,0.0,9.09869652550754,0.0,9.091311092805016,0.0,10.922531222823862,0.0,4.534593478416434,0.0,4.564103047091106,0.0,0.554022296453291,0.0,14.90608281637358,0.0,0.9800816249611829,0.0,""
"2026-09-25 17:18:59","git-master-bddc7a050319718b5e4e0856afec0bc9ea96418f","C:\Users\marco\Desktop\ds004507\derivatives\labels\sub-006\ses-headNormal\anat\sub-006_ses-headNormal_T2w_seg-manual.nii.gz","972","1","",79.91587725987355,0.0,0.9288383523200383,0.0,4.584928050698494,0.0,9.311639576705486,0.0,9.387117276150674,0.0,10.842360280254699,0.0,4.742152081390294,0.0,4.569487495315193,0.0,0.49496367057441215,0.0,14.165300517709166,0.0,0.9788328294873347,0.0,""
"2026-09-25 17:18:59","git-master-bddc7a050319718b5e4e0856afec0bc9ea96418f","C:\Users\marco\Desktop\ds004507\derivatives\labels\sub-006\ses-headNormal\anat\sub-006_ses-headNormal_T2w_seg-manual.nii.gz","973","1","",80.79255075487055,0.0,0.9225365539046235,0.0,5.187264189602936,0.0,9.474883694889558,0.0,9.599096784822871,0.0,10.710133212920603,0.0,4.932720830376691,0.0,4.542162864512866,0.0,0.44348650146267143,0.0,9.777729729889765,0.0,0.9745976374697449,0.0,""
"2026-09-25 17:18:59","git-master-bddc7a050319718b5e4e0856afec0bc9ea96418f","C:\Users\marco\Desktop\ds004507\derivatives\labels\sub-006\ses-headNormal\anat\sub-006_ses-headNormal_T2w_seg-manual.nii.gz","974","1","",79.95071986382597,0.0,0.9279166866107307,0.0,5.800370318885326,0.0,9.449831371557096,0.0,9.54585779118742,0.0,10.704915550941537,0.0,4.9288040509616025,0.0,4.521027320595493,0.0,0.45254366687837383,0.0,4.571876308056386,0.0,0.9687331860683269,0.0,""
"2026-09-25 17:18:59","git-master-bddc7a050319718b5e4e0856afec0bc9ea96418f","C:\Users\marco\Desktop\ds004507\derivatives\labels\sub-006\ses-headNormal\anat\sub-006_ses-headNormal_T2w_seg-manual.nii.gz","975","1","",80.55384073276247,0.0,0.9505121178471276,0.0,6.4289894967000345,0.0,9.405193218485358,0.0,9.545107580994062,0.0,10.82139843696052,0.0,4.8225162514623,0.0,4.582676967023059,0.0,0.4709304478411757,0.0,7.4349324748267875,0.0,0.9662663901061059,0.0,""
"2026-09-25 17:18:59","git-master-bddc7a050319718b5e4e0856afec0bc9ea96418f","C:\Users\marco\Desktop\ds004507\derivatives\labels\sub-006\ses-headNormal\anat\sub-006_ses-headNormal_T2w_seg-manual.nii.gz","976","1","",82.40849327796023,0.0,0.9854035303402587,0.0,7.068388707760536,0.0,9.540152073132855,0.0,9.679560658346752,0.0,10.885486450236941,0.0,4.851839395741616,0.0,4.688312677391239,0.0,0.4570281015646536,0.0,11.444089705665297,0.0,0.9697256629674179,0.0,""
"2026-09-25 17:18:59","git-master-bddc7a050319718b5e4e0856afec0bc9ea96418f","C:\Users\marco\Desktop\ds004507\derivatives\labels\sub-006\ses-headNormal\anat\sub-006_ses-headNormal_T2w_seg-manual.nii.gz","977","1","",83.9447157551622,0.0,1.0319754910257128,0.0,7.717863016378821,0.0,9.654343428173386,0.0,9.779895707915271,0.0,10.922309375582186,0.0,4.914099225828364,0.0,4.740244202345023,0.0,0.4450521255187284,0.0,14.114898891657615,0.0,0.9737235598030609,0.0,""
"2026-09-25 17:18:59","git-master-bddc7a050319718b5e4e0856afec0bc9ea96418f","C:\Users\marco\Desktop\ds004507\derivatives\labels\sub-006\ses-headNormal\anat\sub-006_ses-headNormal_T2w_seg-manual.nii.gz","978","1","",83.80586151996876,0.0,1.0902274293020722,0.0,8.37726308193173,0.0,9.575521092360738,0.0,9.69980769384199,0.0,10.952126250053082,0.0,4.922991402018514,0.0,4.652529690342225,0.0,0.4643434567005599,0.0,13.262930382663855,0.0,0.9736780533458119,0.0,""
"2026-09-25 17:18:59","git-master-bddc7a050319718b5e4e0856afec0bc9ea96418f","C:\Users\marco\Desktop\ds004507\derivatives\labels\sub-006\ses-headNormal\anat\sub-006_ses-headNormal_T2w_seg-manual.nii.gz","979","1","","","","","","","","","","","","","","","","","","","","","","","",""
"2026-09-25 17:18:59","git-master-bddc7a050319718b5e4e0856afec0bc9ea96418f","C:\Users\marco\Desktop\ds004507\derivatives\labels\sub-006\ses-headNormal\anat\sub-006_ses-headNormal_T2w_seg-manual.nii.gz","980","1","","","","","","","","","","","","","","","","","","","","","","","",""
"2026-09-25 17:18:59","git-master-bddc7a050319718b5e4e0856afec0bc9ea96418f","C:\Users\marco\Desktop\ds004507\derivatives\labels\sub-006\ses-headNormal\anat\sub-006_ses-headNormal_T2w_seg-manual.nii.gz","981","1","","","","","","","","","","","","","","","","","","","","","","","",""
"2026-09-25 17:18:59","git-master-bddc7a050319718b5e4e0856afec0bc9ea96418f","C:\Users\marco\Desktop\ds004507\derivatives\labels\sub-006\ses-headNormal\anat\sub-006_ses-headNormal_T2w_seg-manual.nii.gz","982","1","","","","","","","","","","","","","","","","","","","","","","","",""
"2026-09-25 17:18:59","git-master-bddc7a050319718b5e4e0856afec0bc9ea96418f","C:\Users\marco\Desktop\ds004507\derivatives\labels\sub-006\ses-headNormal\anat\sub-006_ses-headNormal_T2w_seg-manual.nii.gz","983","1","","","","","","","","","","","","","","","","","","","","","","","",""
"2026-09-25 17:18:59","git-master-bddc7a050319718b5e4e0856afec0bc9ea96418f","C:\Users\marco\Desktop\ds004507\derivatives\labels\sub-006\ses-headNormal\anat\sub-006_ses-headNormal_T2w_seg-manual.nii.gz","984","1","","","","","","","","","","","","","","","","","","","","","","","",""
