Timestamp,SCT Version,Filename,Slice (I->S),VertLevel,DistancePMJ,MEAN(area),STD(area),MEAN(angle_AP),STD(angle_AP),MEAN(angle_RL),STD(angle_RL),MEAN(diameter_AP),STD(diameter_AP),MEAN(diameter_AP_ellipse),STD(diameter_AP_ellipse),MEAN(diameter_RL),STD(diameter_RL),MEAN(length_anterior),STD(length_anterior),MEAN(length_posterior),STD(length_posterior),MEAN(eccentricity),STD(eccentricity),MEAN(orientation),STD(orientation),MEAN(solidity),STD(solidity),SUM(length)
"2026-09-25 17:20:52","git-master-bddc7a050319718b5e4e0856afec0bc9ea96418f","C:\Users\marco\Desktop\ds004507\derivatives\labels\sub-007\ses-headUp\anat\sub-007_ses-headUp_T2w_seg-manual.nii.gz","693","8","","","","","","","","","","","","","","","","","","","","","","","",""
"2026-09-25 17:20:52","git-master-bddc7a050319718b5e4e0856afec0bc9ea96418f","C:\Users\marco\Desktop\ds004507\derivatives\labels\sub-007\ses-headUp\anat\sub-007_ses-headUp_T2w_seg-manual.nii.gz","694","8","","","","","","","","","","","","","","","","","","","","","","","",""
"2026-09-25 17:20:52","git-master-bddc7a050319718b5e4e0856afec0bc9ea96418f","C:\Users\marco\Desktop\ds004507\derivatives\labels\sub-007\ses-headUp\anat\sub-007_ses-headUp_T2w_seg-manual.nii.gz","695","8","","","","","","","","","","","","","","","","","","","","","","","",""
"2026-09-25 17:20:52","git-master-bddc7a050319718b5e4e0856afec0bc9ea96418f","C:\Users\marco\Desktop\ds004507\derivatives\labels\sub-007\ses-headUp\anat\sub-007_ses-headUp_T2w_seg-manual.nii.gz","696","8","","","","","","","","","","","","","","","","","","","","","","","",""
"2026-09-25 17:20:52","git-master-bddc7a050319718b5e4e0856afec0bc9ea96418f","C:\Users\marco\Desktop\ds004507\derivatives\labels\sub-007\ses-headUp\anat\sub-007_ses-headUp_T2w_seg-manual.nii.gz","697","8","","","","","","","","","","","","","","","","","","","","","","","",""
"2026-09-25 17:20:52","git-master-bddc7a050319718b5e4e0856afec0bc9ea96418f","C:\Users\marco\Desktop\ds004507\derivatives\labels\sub-007\ses-headUp\anat\sub-007_ses-headUp_T2w_seg-manual.nii.gz","698","8","","","","","","","","","","","","","","","","","","","","","","","",""
"2026-09-25 17:20:52","git-master-bddc7a050319718b5e4e0856afec0bc9ea96418f","C:\Users\marco\Desktop\ds004507\derivatives\labels\sub-007\ses-headUp\anat\sub-007_ses-headUp_T2w_seg-manual.nii.gz","699","8","","","","","","","","","","","","","","","","","","","","","","","",""
"2026-09-25 17:20:52","git-master-bddc7a050319718b5e4e0856afec0bc9ea96418f","C:\Users\marco\Desktop\ds004507\derivatives\labels\sub-007\ses-headUp\anat\sub-007_ses-headUp_T2w_seg-manual.nii.gz","700","8","","","","","","","","","","","","","","","","","","","","","","","",""
"2026-09-25 17:20:52","git-master-bddc7a050319718b5e4e0856afec0bc9ea96418f","C:\Users\marco\Desktop\ds004507\derivatives\labels\sub-007\ses-headUp\anat\sub-007_ses-headUp_T2w_seg-manual.nii.gz","701","8","","","","","","","","","","","","","","","","","","","","","","","",""
"2026-09-25 17:20:52","git-master-bddc7a050319718b5e4e0856afec0bc9ea96418f","C:\Users\marco\Desktop\ds004507\derivatives\labels\sub-007\ses-headUp\anat\sub-007_ses-headUp_T2w_seg-manual.nii.gz","702","8","","","","","","","","","","","","","","","","","","","","","","","",""
"2026-09-25 17:20:52","git-master-bddc7a050319718b5e4e0856afec0bc9ea96418f","C:\Users\marco\Desktop\ds004507\derivatives\labels\sub-007\ses-headUp\anat\sub-007_ses-headUp_T2w_seg-manual.nii.gz","703","8","","","","","","","","","","","","","","","","","","","","","","","",""
"2026-09-25 17:20:52","git-master-bddc7a050319718b5e4e0856afec0bc9ea96418f","C:\Users\marco\Desktop\ds004507\derivatives\labels\sub-007\ses-headUp\anat\sub-007_ses-headUp_T2w_seg-manual.nii.gz","704","8","","","","","","","","","","","","","","","","","","","","","","","",""
"2026-09-25 17:20:52","git-master-bddc7a050319718b5e4e0856afec0bc9ea96418f","C:\Users\marco\Desktop\ds004507\derivatives\labels\sub-007\ses-headUp\anat\sub-007_ses-headUp_T2w_seg-manual.nii.gz","705","8","","","","","","","","","","","","","","","","","","","","","","","",""
"2026-09-25 17:20:52","git-master-bddc7a050319718b5e4e0856afec0bc9ea96418f","C:\Users\marco\Desktop\ds004507\derivatives\labels\sub-007\ses-headUp\anat\sub-007_ses-headUp_T2w_seg-manual.nii.gz","706","8","","","","","","","","","","","","","","","","","","","","","","","",""
"2026-09-25 17:20:52","git-master-bddc7a050319718b5e4e0856afec0bc9ea96418f","C:\Users\marco\Desktop\ds004507\derivatives\labels\sub-007\ses-headUp\anat\sub-007_ses-headUp_T2w_seg-manual.nii.gz","707","8","","","","","","","","","","","","","","","","","","","","","","","",""
"2026-09-25 17:20:52","git-master-bddc7a050319718b5e4e0856afec0bc9ea96418f","C:\Users\marco\Desktop\ds004507\derivatives\labels\sub-007\ses-headUp\anat\sub-007_ses-headUp_T2w_seg-manual.nii.gz","708","8","","","","","","","","","","","","","","","","","","","","","","","",""
"2026-09-25 17:20:52","git-master-bddc7a050319718b5e4e0856afec0bc9ea96418f","C:\Users\marco\Desktop\ds004507\derivatives\labels\sub-007\ses-headUp\anat\sub-007_ses-headUp_T2w_seg-manual.nii.gz","709","8","","","","","","","","","","","","","","","","","","","","","","","",""
"2026-09-25 17:20:52","git-master-bddc7a050319718b5e4e0856afec0bc9ea96418f","C:\Users\marco\Desktop\ds004507\derivatives\labels\sub-007\ses-headUp\anat\sub-007_ses-headUp_T2w_seg-manual.nii.gz","710","8","","","","","","","","","","","","","","","","","","","","","","","",""
"2026-09-25 17:20:52","git-master-bddc7a050319718b5e4e0856afec0bc9ea96418f","C:\Users\marco\Desktop\ds004507\derivatives\labels\sub-007\ses-headUp\anat\sub-007_ses-headUp_T2w_seg-manual.nii.gz","711","8","","","","","","","","","","","","","","","","","","","","","","","",""
"2026-09-25 17:20:52","git-master-bddc7a050319718b5e4e0856afec0bc9ea96418f","C:\Users\marco\Desktop\ds004507\derivatives\labels\sub-007\ses-headUp\anat\sub-007_ses-headUp_T2w_seg-manual.nii.gz","712","8","",48.52707659438615,0.0,7.7162913685411105,0.0,24.46290792439697,0.0,6.47510462541001,0.0,6.6589631162850615,0.0,9.333674779767025,0.0,3.3483559784761945,0.0,3.1267486469338155,0.0,0.7007221944908663,0.0,-6.166631831407653,0.0,0.9661287108985854,0.0,""
"2026-09-25 17:20:52","git-master-bddc7a050319718b5e4e0856afec0bc9ea96418f","C:\Users\marco\Desktop\ds004507\derivatives\labels\sub-007\ses-headUp\anat\sub-007_ses-headUp_T2w_seg-manual.nii.gz","713","8","",51.767599757334196,0.0,7.62051871016368,0.0,24.325126107223777,0.0,6.580674009258887,0.0,6.804267442043865,0.0,9.702580052834762,0.0,3.4278025588429824,0.0,3.1528714504159048,0.0,0.7127832211529612,0.0,-5.600286759244189,0.0,0.9711605898156838,0.0,""
"2026-09-25 17:20:52","git-master-bddc7a050319718b5e4e0856afec0bc9ea96418f","C:\Users\marco\Desktop\ds004507\derivatives\labels\sub-007\ses-headUp\anat\sub-007_ses-headUp_T2w_seg-manual.nii.gz","714","8","",53.483009348469906,0.0,7.524435206344662,0.0,24.186281478372408,0.0,6.793602021216545,0.0,7.052066150276502,0.0,9.640842672785203,0.0,3.4000745926651947,0.0,3.39352742855135,0.0,0.681161488308228,0.0,-12.927387039880806,0.0,0.965446668623849,0.0,""
"2026-09-25 17:20:52","git-master-bddc7a050319718b5e4e0856afec0bc9ea96418f","C:\Users\marco\Desktop\ds004507\derivatives\labels\sub-007\ses-headUp\anat\sub-007_ses-headUp_T2w_seg-manual.nii.gz","715","8","",53.963421902589396,0.0,7.428040991896598,0.0,24.04636986492411,0.0,7.025533840035017,0.0,7.134007793616536,0.0,9.63585588847851,0.0,3.4349624711315774,0.0,3.5905713689034386,0.0,0.6721960972956356,0.0,-15.844425942793517,0.0,0.960850002910144,0.0,""
"2026-09-25 17:20:52","git-master-bddc7a050319718b5e4e0856afec0bc9ea96418f","C:\Users\marco\Desktop\ds004507\derivatives\labels\sub-007\ses-headUp\anat\sub-007_ses-headUp_T2w_seg-manual.nii.gz","716","8","",54.60557305427125,0.0,7.331336209349038,0.0,23.90538710282345,0.0,7.179123360575388,0.0,7.228828716076297,0.0,9.653289509550532,0.0,3.531159567338241,0.0,3.647963793237147,0.0,0.6625432218287108,0.0,-10.595399574658577,0.0,0.9567345565133094,0.0,""
"2026-09-25 17:20:52","git-master-bddc7a050319718b5e4e0856afec0bc9ea96418f","C:\Users\marco\Desktop\ds004507\derivatives\labels\sub-007\ses-headUp\anat\sub-007_ses-headUp_T2w_seg-manual.nii.gz","717","8","",54.85978628314809,0.0,7.234321009010408,0.0,23.76332903786419,0.0,7.2199649215269295,0.0,7.327786766382339,0.0,9.576028133470752,0.0,3.6115625493223473,0.0,3.608402372204582,0.0,0.6435750021812608,0.0,-7.497723318850326,0.0,0.9626094904302787,0.0,""
"2026-09-25 17:20:52","git-master-bddc7a050319718b5e4e0856afec0bc9ea96418f","C:\Users\marco\Desktop\ds004507\derivatives\labels\sub-007\ses-headUp\anat\sub-007_ses-headUp_T2w_seg-manual.nii.gz","718","8","",53.97459895341899,0.0,7.136995549029848,0.0,23.620191526692153,0.0,7.096222047906289,0.0,7.212882061057331,0.0,9.55689451778963,0.0,3.5825102388294914,0.0,3.5137118090767974,0.0,0.6527338131288015,0.0,-12.487401828703478,0.0,0.9793000531996839,0.0,""
"2026-09-25 17:20:52","git-master-bddc7a050319718b5e4e0856afec0bc9ea96418f","C:\Users\marco\Desktop\ds004507\derivatives\labels\sub-007\ses-headUp\anat\sub-007_ses-headUp_T2w_seg-manual.nii.gz","719","8","",53.87825943878686,0.0,7.039359995459,0.0,23.475970437825175,0.0,6.752678762074584,0.0,6.848390946886151,0.0,9.982974234854892,0.0,3.417139554592263,0.0,3.3355392074823214,0.0,0.7275826132991194,0.0,-11.383515210951964,0.0,0.977609722332917,0.0,""
"2026-09-25 17:20:52","git-master-bddc7a050319718b5e4e0856afec0bc9ea96418f","C:\Users\marco\Desktop\ds004507\derivatives\labels\sub-007\ses-headUp\anat\sub-007_ses-headUp_T2w_seg-manual.nii.gz","720","8","",56.8579933833386,0.0,6.941396305742313,0.0,23.330597360564706,0.0,6.905224061647034,0.0,7.140449682122009,0.0,10.153617008008789,0.0,3.4667879248529827,0.0,3.4384361367940506,0.0,0.7109441313120365,0.0,-12.391898251054474,0.0,0.9499305665432425,0.0,""
"2026-09-25 17:20:52","git-master-bddc7a050319718b5e4e0856afec0bc9ea96418f","C:\Users\marco\Desktop\ds004507\derivatives\labels\sub-007\ses-headUp\anat\sub-007_ses-headUp_T2w_seg-manual.nii.gz","721","8","",53.51663655298361,0.0,6.843086501168392,0.0,23.184002732920046,0.0,6.779029413836291,0.0,7.048450899878753,0.0,9.791701215262215,0.0,3.2938754255223213,0.0,3.48515398831397,0.0,0.6939316853293024,0.0,-12.340222549553959,0.0,0.9320142131844548,0.0,""
"2026-09-25 17:20:52","git-master-bddc7a050319718b5e4e0856afec0bc9ea96418f","C:\Users\marco\Desktop\ds004507\derivatives\labels\sub-007\ses-headUp\anat\sub-007_ses-headUp_T2w_seg-manual.nii.gz","722","8","",55.57636582307966,0.0,6.744467238153073,0.0,23.036310478119503,0.0,7.047296519947094,0.0,7.239482790544111,0.0,9.859729658997498,0.0,3.480203199688189,0.0,3.5670933202589037,0.0,0.6788761482116756,0.0,-9.788605572901727,0.0,0.9455968061179731,0.0,""
"2026-09-25 17:20:52","git-master-bddc7a050319718b5e4e0856afec0bc9ea96418f","C:\Users\marco\Desktop\ds004507\derivatives\labels\sub-007\ses-headUp\anat\sub-007_ses-headUp_T2w_seg-manual.nii.gz","723","8","",55.347826800155325,0.0,6.645538721781418,0.0,22.88751653853013,0.0,6.989470158016598,0.0,7.147916001467328,0.0,9.884956296134305,0.0,3.507149499373395,0.0,3.482320658643202,0.0,0.6904866128914693,0.0,-10.983781716562843,0.0,0.9610321527672696,0.0,""
"2026-09-25 17:20:52","git-master-bddc7a050319718b5e4e0856afec0bc9ea96418f","C:\Users\marco\Desktop\ds004507\derivatives\labels\sub-007\ses-headUp\anat\sub-007_ses-headUp_T2w_seg-manual.nii.gz","724","8","",54.45373085998783,0.0,6.54630116544068,0.0,22.737616875529927,0.0,6.910059804473334,0.0,7.028439056614283,0.0,9.875784779747972,0.0,3.4861854487846853,0.0,3.423874355688649,0.0,0.7025006181396347,0.0,-11.98095638936532,0.0,0.958393667866216,0.0,""
"2026-09-25 17:20:52","git-master-bddc7a050319718b5e4e0856afec0bc9ea96418f","C:\Users\marco\Desktop\ds004507\derivatives\labels\sub-007\ses-headUp\anat\sub-007_ses-headUp_T2w_seg-manual.nii.gz","725","8","",55.30190558211971,0.0,6.44675479088139,0.0,22.586607470688072,0.0,7.095782194972544,0.0,7.160641678423103,0.0,9.85436143673878,0.0,3.590313439471379,0.0,3.5054687555011643,0.0,0.6861276352257542,0.0,-9.886936109571336,0.0,0.948917450909215,0.0,""
"2026-09-25 17:20:52","git-master-bddc7a050319718b5e4e0856afec0bc9ea96418f","C:\Users\marco\Desktop\ds004507\derivatives\labels\sub-007\ses-headUp\anat\sub-007_ses-headUp_T2w_seg-manual.nii.gz","726","8","",56.270442927751695,0.0,6.346899828278336,0.0,22.43448432696369,0.0,7.257567263807977,0.0,7.366637801130158,0.0,9.733946751916234,0.0,3.7035694633726792,0.0,3.553997800435298,0.0,0.6536226171620871,0.0,-8.321936201766647,0.0,0.9525359310249484,0.0,""
"2026-09-25 17:20:52","git-master-bddc7a050319718b5e4e0856afec0bc9ea96418f","C:\Users\marco\Desktop\ds004507\derivatives\labels\sub-007\ses-headUp\anat\sub-007_ses-headUp_T2w_seg-manual.nii.gz","727","8","",54.71706207630242,0.0,6.246736516291432,0.0,22.281243469923215,0.0,6.92434390845996,0.0,7.229048488429553,0.0,9.677744232276552,0.0,3.5781517420556046,0.0,3.3461921664043555,0.0,0.6648420460617371,0.0,-12.286637795387362,0.0,0.9485123833316506,0.0,""
"2026-09-25 17:20:52","git-master-bddc7a050319718b5e4e0856afec0bc9ea96418f","C:\Users\marco\Desktop\ds004507\derivatives\labels\sub-007\ses-headUp\anat\sub-007_ses-headUp_T2w_seg-manual.nii.gz","728","8","",53.09722322527822,0.0,6.14622889628875,0.0,22.126748363768346,0.0,6.916599358095942,0.0,7.177982124267751,0.0,9.536274322311183,0.0,3.481136046541677,0.0,3.4354633115542645,0.0,0.6583440591547345,0.0,-3.9516279954344373,0.0,0.9420806207965451,0.0,""
"2026-09-25 17:20:52","git-master-bddc7a050319718b5e4e0856afec0bc9ea96418f","C:\Users\marco\Desktop\ds004507\derivatives\labels\sub-007\ses-headUp\anat\sub-007_ses-headUp_T2w_seg-manual.nii.gz","729","8","",55.64206301183397,0.0,6.045395423746534,0.0,21.971059990741285,0.0,6.810963346330905,0.0,7.015996169773667,0.0,10.1175374706856,0.0,3.4637245327074053,0.0,3.3472388136235,0.0,0.7182012461540569,0.0,-8.318129558937162,0.0,0.9535969264829358,0.0,""
"2026-09-25 17:20:52","git-master-bddc7a050319718b5e4e0856afec0bc9ea96418f","C:\Users\marco\Desktop\ds004507\derivatives\labels\sub-007\ses-headUp\anat\sub-007_ses-headUp_T2w_seg-manual.nii.gz","730","8","",55.106903273829616,0.0,5.9442544918189055,0.0,21.814240488837196,0.0,6.758101455681326,0.0,6.885697675839548,0.0,10.14385979042195,0.0,3.3500006311474304,0.0,3.4081008245338964,0.0,0.734313572138691,0.0,-9.917952432372916,0.0,0.9673477580639857,0.0,""
"2026-09-25 17:20:52","git-master-bddc7a050319718b5e4e0856afec0bc9ea96418f","C:\Users\marco\Desktop\ds004507\derivatives\labels\sub-007\ses-headUp\anat\sub-007_ses-headUp_T2w_seg-manual.nii.gz","731","8","",53.91888322710494,0.0,5.842806381002502,0.0,21.656286012649566,0.0,6.617108197764009,0.0,6.79771197944945,0.0,10.093017025942636,0.0,3.19580025476535,0.0,3.4213079429986584,0.0,0.7391335613785593,0.0,-8.604171735996331,0.0,0.9618538826144445,0.0,""
"2026-09-25 17:20:52","git-master-bddc7a050319718b5e4e0856afec0bc9ea96418f","C:\Users\marco\Desktop\ds004507\derivatives\labels\sub-007\ses-headUp\anat\sub-007_ses-headUp_T2w_seg-manual.nii.gz","732","8","",53.306251134754646,0.0,5.741051380670708,0.0,21.49719274785157,0.0,6.551654067719453,0.0,6.776792929907636,0.0,10.021331871858237,0.0,3.2085897386026,0.0,3.343064329116853,0.0,0.7364506001815808,0.0,-7.018025670584664,0.0,0.9533701142883346,0.0,""
"2026-09-25 17:20:52","git-master-bddc7a050319718b5e4e0856afec0bc9ea96418f","C:\Users\marco\Desktop\ds004507\derivatives\labels\sub-007\ses-headUp\anat\sub-007_ses-headUp_T2w_seg-manual.nii.gz","733","8","",54.540792613175356,0.0,5.638989789133192,0.0,21.336956912585674,0.0,6.671535060447238,0.0,6.86025320994329,0.0,10.0908174030696,0.0,3.3804942300482566,0.0,3.2910408303989813,0.0,0.7326187284699951,0.0,-6.994041300951013,0.0,0.9515261987105349,0.0,""
"2026-09-25 17:20:52","git-master-bddc7a050319718b5e4e0856afec0bc9ea96418f","C:\Users\marco\Desktop\ds004507\derivatives\labels\sub-007\ses-headUp\anat\sub-007_ses-headUp_T2w_seg-manual.nii.gz","734","8","",58.33468473096329,0.0,5.536621913695261,0.0,21.175574758872806,0.0,6.740467201358522,0.0,7.009348552003656,0.0,10.654190500724338,0.0,3.398801352441644,0.0,3.341665848916878,0.0,0.7530449655176054,0.0,-8.415096153305742,0.0,0.9399080607251109,0.0,""
"2026-09-25 17:20:52","git-master-bddc7a050319718b5e4e0856afec0bc9ea96418f","C:\Users\marco\Desktop\ds004507\derivatives\labels\sub-007\ses-headUp\anat\sub-007_ses-headUp_T2w_seg-manual.nii.gz","735","8","",55.81730702841443,0.0,5.433948070717022,0.0,21.01304257404117,0.0,6.468978843301637,0.0,6.936271858631229,0.0,10.362893605547463,0.0,3.199944803475346,0.0,3.269034039826291,0.0,0.7429586106383844,0.0,-9.35411139909363,0.0,0.9449898442789438,0.0,""
"2026-09-25 17:20:52","git-master-bddc7a050319718b5e4e0856afec0bc9ea96418f","C:\Users\marco\Desktop\ds004507\derivatives\labels\sub-007\ses-headUp\anat\sub-007_ses-headUp_T2w_seg-manual.nii.gz","736","7","",56.90963571821231,0.0,5.315459734044523,0.0,20.824568615663537,0.0,6.829936686937458,0.0,7.172395669598789,0.0,10.195160867294016,0.0,3.3829606022638083,0.0,3.4469760846736492,0.0,0.7106855488284846,0.0,-12.044504515068553,0.0,0.954028752925443,0.0,""
"2026-09-25 17:20:52","git-master-bddc7a050319718b5e4e0856afec0bc9ea96418f","C:\Users\marco\Desktop\ds004507\derivatives\labels\sub-007\ses-headUp\anat\sub-007_ses-headUp_T2w_seg-manual.nii.gz","737","7","",59.49241214560444,0.0,5.21457387093011,0.0,20.66332099108542,0.0,6.991666013634013,0.0,7.228349563777898,0.0,10.472772696885048,0.0,3.40495112303238,0.0,3.586714890601634,0.0,0.7235130994300722,0.0,-10.78821121506401,0.0,0.949248015332112,0.0,""
"2026-09-25 17:20:52","git-master-bddc7a050319718b5e4e0856afec0bc9ea96418f","C:\Users\marco\Desktop\ds004507\derivatives\labels\sub-007\ses-headUp\anat\sub-007_ses-headUp_T2w_seg-manual.nii.gz","738","7","",59.56645862245059,0.0,5.113400660036026,0.0,20.500976519343222,0.0,6.899998280355522,0.0,7.050074620946666,0.0,10.67307833430204,0.0,3.4313253612092156,0.0,3.468672919146306,0.0,0.7502501534266235,0.0,-8.881863826880457,0.0,0.9552406162542163,0.0,""
"2026-09-25 17:20:52","git-master-bddc7a050319718b5e4e0856afec0bc9ea96418f","C:\Users\marco\Desktop\ds004507\derivatives\labels\sub-007\ses-headUp\anat\sub-007_ses-headUp_T2w_seg-manual.nii.gz","739","7","",60.265825128481296,0.0,5.011940427079103,0.0,20.337532057967486,0.0,6.884783096699799,0.0,7.0607803190121325,0.0,10.800837866703738,0.0,3.392877312985139,0.0,3.49190578371466,0.0,0.7567297259540966,0.0,-10.326713537392163,0.0,0.9594950117818986,0.0,""
"2026-09-25 17:20:52","git-master-bddc7a050319718b5e4e0856afec0bc9ea96418f","C:\Users\marco\Desktop\ds004507\derivatives\labels\sub-007\ses-headUp\anat\sub-007_ses-headUp_T2w_seg-manual.nii.gz","740","7","",62.02800295236452,0.0,4.910193505563772,0.0,20.17298450220082,0.0,7.056030644241099,0.0,7.310802963805934,0.0,10.803761478299549,0.0,3.459812224307589,0.0,3.5962184199335105,0.0,0.7354303836348284,0.0,-12.141176610568579,0.0,0.9538592785118787,0.0,""
"2026-09-25 17:20:52","git-master-bddc7a050319718b5e4e0856afec0bc9ea96418f","C:\Users\marco\Desktop\ds004507\derivatives\labels\sub-007\ses-headUp\anat\sub-007_ses-headUp_T2w_seg-manual.nii.gz","741","7","",63.16845882429119,0.0,4.808160236821781,0.0,20.00733078612662,0.0,7.183587372019856,0.0,7.53596597051706,0.0,10.730488402230115,0.0,3.589436660798423,0.0,3.594150711221433,0.0,0.7118177326476935,0.0,-11.18681861946559,0.0,0.9444430996721299,0.0,""
"2026-09-25 17:20:52","git-master-bddc7a050319718b5e4e0856afec0bc9ea96418f","C:\Users\marco\Desktop\ds004507\derivatives\labels\sub-007\ses-headUp\anat\sub-007_ses-headUp_T2w_seg-manual.nii.gz","742","7","",61.685066418205615,0.0,4.705840970051797,0.0,19.840567883806145,0.0,6.911437106830463,0.0,7.3870328079755225,0.0,10.754056047213664,0.0,3.469073154003051,0.0,3.442363952827412,0.0,0.7265822323214312,0.0,-8.351924323945122,0.0,0.9489414375378786,0.0,""
"2026-09-25 17:20:52","git-master-bddc7a050319718b5e4e0856afec0bc9ea96418f","C:\Users\marco\Desktop\ds004507\derivatives\labels\sub-007\ses-headUp\anat\sub-007_ses-headUp_T2w_seg-manual.nii.gz","743","7","",61.20286506870245,0.0,4.603211268629078,0.0,19.672595747461465,0.0,6.944235617862167,0.0,7.187559803234011,0.0,10.915593728370595,0.0,3.3710982657528312,0.0,3.5731373521093355,0.0,0.7525024927465253,0.0,-9.773133851804989,0.0,0.9649002078771369,0.0,""
"2026-09-25 17:20:52","git-master-bddc7a050319718b5e4e0856afec0bc9ea96418f","C:\Users\marco\Desktop\ds004507\derivatives\labels\sub-007\ses-headUp\anat\sub-007_ses-headUp_T2w_seg-manual.nii.gz","744","7","",62.702417838442265,0.0,4.500259248718675,0.0,19.503361792604515,0.0,7.103398851978439,0.0,7.266073122261583,0.0,11.024581792783811,0.0,3.5025693642697306,0.0,3.600829487708709,0.0,0.7520767835890524,0.0,-10.53468768976002,0.0,0.9641791825520496,0.0,""
"2026-09-25 17:20:52","git-master-bddc7a050319718b5e4e0856afec0bc9ea96418f","C:\Users\marco\Desktop\ds004507\derivatives\labels\sub-007\ses-headUp\anat\sub-007_ses-headUp_T2w_seg-manual.nii.gz","745","7","",62.38880647491019,0.0,4.397022544852587,0.0,19.33300828227378,0.0,7.12485373302966,0.0,7.255101909101852,0.0,10.95078471272385,0.0,3.5288234330606345,0.0,3.5960302999690255,0.0,0.7490272861841657,0.0,-11.344954058214151,0.0,0.9684801637337135,0.0,""
"2026-09-25 17:20:52","git-master-bddc7a050319718b5e4e0856afec0bc9ea96418f","C:\Users\marco\Desktop\ds004507\derivatives\labels\sub-007\ses-headUp\anat\sub-007_ses-headUp_T2w_seg-manual.nii.gz","746","7","",61.128971838274786,0.0,4.293501547524071,0.0,19.161532419124253,0.0,7.005057804422711,0.0,7.161171581456418,0.0,10.86481445606638,0.0,3.439531072539826,0.0,3.5655267318828856,0.0,0.7520224558742211,0.0,-10.984749816511055,0.0,0.9680637857108446,0.0,""
"2026-09-25 17:20:52","git-master-bddc7a050319718b5e4e0856afec0bc9ea96418f","C:\Users\marco\Desktop\ds004507\derivatives\labels\sub-007\ses-headUp\anat\sub-007_ses-headUp_T2w_seg-manual.nii.gz","747","7","",60.87380741418134,0.0,4.1896966553839095,0.0,18.98893145475758,0.0,6.867179485032949,0.0,7.167254687194931,0.0,10.891734460559798,0.0,3.311192981804089,0.0,3.5559865032288602,0.0,0.7529753803810542,0.0,-11.733372077694098,0.0,0.9591637717786371,0.0,""
"2026-09-25 17:20:52","git-master-bddc7a050319718b5e4e0856afec0bc9ea96418f","C:\Users\marco\Desktop\ds004507\derivatives\labels\sub-007\ses-headUp\anat\sub-007_ses-headUp_T2w_seg-manual.nii.gz","748","7","",62.05406350889387,0.0,4.085608275278207,0.0,18.815503394833232,0.0,6.827295029871721,0.0,7.338418717956453,0.0,11.000014140465295,0.0,3.2126767134909264,0.0,3.6146183163807946,0.0,0.7449386968593056,0.0,-14.320027099211586,0.0,0.9427311082283657,0.0,""
"2026-09-25 17:20:52","git-master-bddc7a050319718b5e4e0856afec0bc9ea96418f","C:\Users\marco\Desktop\ds004507\derivatives\labels\sub-007\ses-headUp\anat\sub-007_ses-headUp_T2w_seg-manual.nii.gz","749","7","",61.627933751962594,0.0,3.981236822286045,0.0,18.642148186387434,0.0,6.861174115675596,0.0,7.351340518238592,0.0,10.971179101407081,0.0,3.1353363570931214,0.0,3.7258377585824753,0.0,0.7423056829153365,0.0,-12.21802169424422,0.0,0.9200418078619395,0.0,""
"2026-09-25 17:20:52","git-master-bddc7a050319718b5e4e0856afec0bc9ea96418f","C:\Users\marco\Desktop\ds004507\derivatives\labels\sub-007\ses-headUp\anat\sub-007_ses-headUp_T2w_seg-manual.nii.gz","750","7","",62.83195925942353,0.0,3.8765336774406434,0.0,18.47018158924783,0.0,6.988052465910609,0.0,7.329619558331964,0.0,11.01780612065696,0.0,3.2626891643569422,0.0,3.725363301553667,0.0,0.7466119287238543,0.0,-9.323063260470487,0.0,0.9586451402115677,0.0,""
"2026-09-25 17:20:52","git-master-bddc7a050319718b5e4e0856afec0bc9ea96418f","C:\Users\marco\Desktop\ds004507\derivatives\labels\sub-007\ses-headUp\anat\sub-007_ses-headUp_T2w_seg-manual.nii.gz","751","7","",63.5738073927653,0.0,3.771536278697119,0.0,18.299463086344936,0.0,7.1407206346668355,0.0,7.336069510790174,0.0,11.026860756162897,0.0,3.443076604643651,0.0,3.6976440300231843,0.0,0.7465841005209957,0.0,-11.68243666196834,0.0,0.9575624911716303,0.0,""
"2026-09-25 17:20:52","git-master-bddc7a050319718b5e4e0856afec0bc9ea96418f","C:\Users\marco\Desktop\ds004507\derivatives\labels\sub-007\ses-headUp\anat\sub-007_ses-headUp_T2w_seg-manual.nii.gz","752","7","",64.24921751635684,0.0,3.666257360706502,0.0,18.129951392005054,0.0,7.024050673418835,0.0,7.250049363470648,0.0,11.220209730529188,0.0,3.4251950407578624,0.0,3.598855632660973,0.0,0.7626906431440856,0.0,-10.549645071052634,0.0,0.9571155948067069,0.0,""
"2026-09-25 17:20:52","git-master-bddc7a050319718b5e4e0856afec0bc9ea96418f","C:\Users\marco\Desktop\ds004507\derivatives\labels\sub-007\ses-headUp\anat\sub-007_ses-headUp_T2w_seg-manual.nii.gz","753","7","",64.83614030189939,0.0,3.560697381707772,0.0,17.961656523407555,0.0,6.898925671129787,0.0,7.222326141114286,0.0,11.396028832664602,0.0,3.424099724414207,0.0,3.4748259467155798,0.0,0.7735329696244484,0.0,-10.407370533091912,0.0,0.9573303901696882,0.0,""
"2026-09-25 17:20:52","git-master-bddc7a050319718b5e4e0856afec0bc9ea96418f","C:\Users\marco\Desktop\ds004507\derivatives\labels\sub-007\ses-headUp\anat\sub-007_ses-headUp_T2w_seg-manual.nii.gz","754","7","",66.09028236914587,0.0,3.454856808446893,0.0,17.794588370418957,0.0,6.946453715141262,0.0,7.352689495593068,0.0,11.500825729862543,0.0,3.5088246108778693,0.0,3.437629104263392,0.0,0.7689452811947877,0.0,-11.355640778950917,0.0,0.9597337299785538,0.0,""
"2026-09-25 17:20:52","git-master-bddc7a050319718b5e4e0856afec0bc9ea96418f","C:\Users\marco\Desktop\ds004507\derivatives\labels\sub-007\ses-headUp\anat\sub-007_ses-headUp_T2w_seg-manual.nii.gz","755","7","",68.29816884275017,0.0,3.3487361162122165,0.0,17.62875669549674,0.0,7.0866167722356455,0.0,7.564424690018726,0.0,11.620693410943234,0.0,3.51894955793977,0.0,3.567667214295875,0.0,0.7590346028728384,0.0,-9.07618122085674,0.0,0.9667763210647408,0.0,""
"2026-09-25 17:20:52","git-master-bddc7a050319718b5e4e0856afec0bc9ea96418f","C:\Users\marco\Desktop\ds004507\derivatives\labels\sub-007\ses-headUp\anat\sub-007_ses-headUp_T2w_seg-manual.nii.gz","756","7","",66.59268858868013,0.0,3.242323659603652,0.0,17.464225860188844,0.0,7.130372733380792,0.0,7.58338017811181,0.0,11.365216926031199,0.0,3.4496934266233024,0.0,3.6806793067574897,0.0,0.7448124706158414,0.0,-12.37064670450997,0.0,0.9388137879474657,0.0,""
"2026-09-25 17:20:52","git-master-bddc7a050319718b5e4e0856afec0bc9ea96418f","C:\Users\marco\Desktop\ds004507\derivatives\labels\sub-007\ses-headUp\anat\sub-007_ses-headUp_T2w_seg-manual.nii.gz","757","7","",68.81552146194296,0.0,3.135583712811349,0.0,17.301172642380667,0.0,7.066683292770129,0.0,7.559789479778698,0.0,11.729289731013028,0.0,3.3907227642013495,0.0,3.6759605285687798,0.0,0.7643113116051322,0.0,-13.194140294663862,0.0,0.9396271173224325,0.0,""
"2026-09-25 17:20:52","git-master-bddc7a050319718b5e4e0856afec0bc9ea96418f","C:\Users\marco\Desktop\ds004507\derivatives\labels\sub-007\ses-headUp\anat\sub-007_ses-headUp_T2w_seg-manual.nii.gz","758","7","",69.65854377585212,0.0,3.028565414435047,0.0,17.139389468436068,0.0,7.260574581603573,0.0,7.634642423065866,0.0,11.631970019984388,0.0,3.509902815785802,0.0,3.7506717658177715,0.0,0.7541768349248928,0.0,-11.357238951928863,0.0,0.9482857894188144,0.0,""
"2026-09-25 17:20:52","git-master-bddc7a050319718b5e4e0856afec0bc9ea96418f","C:\Users\marco\Desktop\ds004507\derivatives\labels\sub-007\ses-headUp\anat\sub-007_ses-headUp_T2w_seg-manual.nii.gz","759","7","",69.34922742851018,0.0,2.921269284444422,0.0,16.978885444094004,0.0,7.303672702772221,0.0,7.588944809243177,0.0,11.599521558256779,0.0,3.5832889413700757,0.0,3.720383761402145,0.0,0.7561147008847576,0.0,-9.743331918834489,0.0,0.9592193386196343,0.0,""
"2026-09-25 17:20:52","git-master-bddc7a050319718b5e4e0856afec0bc9ea96418f","C:\Users\marco\Desktop\ds004507\derivatives\labels\sub-007\ses-headUp\anat\sub-007_ses-headUp_T2w_seg-manual.nii.gz","760","7","",69.42410735575089,0.0,2.8136958516076658,0.0,16.819669548041283,0.0,7.259881874086716,0.0,7.534046705025374,0.0,11.710365649607912,0.0,3.5719980608712665,0.0,3.6878838132154503,0.0,0.7655511449658567,0.0,-9.504506831355384,0.0,0.9614737916976392,0.0,""
"2026-09-25 17:20:52","git-master-bddc7a050319718b5e4e0856afec0bc9ea96418f","C:\Users\marco\Desktop\ds004507\derivatives\labels\sub-007\ses-headUp\anat\sub-007_ses-headUp_T2w_seg-manual.nii.gz","761","7","",69.97141598875872,0.0,2.7058456535242104,0.0,16.66175063210602,0.0,7.321269186738727,0.0,7.597213561995635,0.0,11.747302709260211,0.0,3.5700590155059646,0.0,3.751210171232762,0.0,0.7625375375040548,0.0,-10.533797329483773,0.0,0.9565324238734014,0.0,""
"2026-09-25 17:20:52","git-master-bddc7a050319718b5e4e0856afec0bc9ea96418f","C:\Users\marco\Desktop\ds004507\derivatives\labels\sub-007\ses-headUp\anat\sub-007_ses-headUp_T2w_seg-manual.nii.gz","762","7","",68.52367758607221,0.0,2.5977192366572464,0.0,16.505137421469783,0.0,7.432426704413735,0.0,7.645868723808939,0.0,11.53653920028707,0.0,3.6695304780900946,0.0,3.76289622632364,0.0,0.7486573290458619,0.0,-12.12906536869425,0.0,0.9647614468770238,0.0,""
"2026-09-25 17:20:52","git-master-bddc7a050319718b5e4e0856afec0bc9ea96418f","C:\Users\marco\Desktop\ds004507\derivatives\labels\sub-007\ses-headUp\anat\sub-007_ses-headUp_T2w_seg-manual.nii.gz","763","7","",67.46971721892756,0.0,2.48928130762684,0.0,16.350011527627814,0.0,7.044369944698985,0.0,7.396909871705358,0.0,11.812007929814328,0.0,3.491542651812577,0.0,3.5528272928864078,0.0,0.7794005662028728,0.0,-12.053463707665866,0.0,0.959199168735576,0.0,""
"2026-09-25 17:20:52","git-master-bddc7a050319718b5e4e0856afec0bc9ea96418f","C:\Users\marco\Desktop\ds004507\derivatives\labels\sub-007\ses-headUp\anat\sub-007_ses-headUp_T2w_seg-manual.nii.gz","764","7","",67.67249319793719,0.0,2.38054463910306,0.0,16.196327406527498,0.0,7.052509816105811,0.0,7.370128844808391,0.0,11.830026348417075,0.0,3.4602306666339158,0.0,3.5922791494718953,0.0,0.7822200591669223,0.0,-12.382671897509095,0.0,0.9531569674368281,0.0,""
"2026-09-25 17:20:52","git-master-bddc7a050319718b5e4e0856afec0bc9ea96418f","C:\Users\marco\Desktop\ds004507\derivatives\labels\sub-007\ses-headUp\anat\sub-007_ses-headUp_T2w_seg-manual.nii.gz","765","7","",69.16602028263358,0.0,2.271533777252525,0.0,16.043978851988193,0.0,7.13110482972345,0.0,7.418955753269744,0.0,12.005315926213148,0.0,3.392178449423454,0.0,3.7389263802999957,0.0,0.7861423771332193,0.0,-13.120431568618287,0.0,0.9555351861147525,0.0,""
"2026-09-25 17:20:52","git-master-bddc7a050319718b5e4e0856afec0bc9ea96418f","C:\Users\marco\Desktop\ds004507\derivatives\labels\sub-007\ses-headUp\anat\sub-007_ses-headUp_T2w_seg-manual.nii.gz","766","7","",70.5274404626381,0.0,2.1622493148341593,0.0,15.892973942277944,0.0,7.209663855702614,0.0,7.453727181771525,0.0,12.097934850841364,0.0,3.4250088091776205,0.0,3.7846550465249935,0.0,0.7876504025830842,0.0,-13.16035843133082,0.0,0.9554657444641558,0.0,""
"2026-09-25 17:20:52","git-master-bddc7a050319718b5e4e0856afec0bc9ea96418f","C:\Users\marco\Desktop\ds004507\derivatives\labels\sub-007\ses-headUp\anat\sub-007_ses-headUp_T2w_seg-manual.nii.gz","767","7","",71.10520645642247,0.0,2.052691853702906,0.0,15.743320631571553,0.0,7.202941182065669,0.0,7.433163190876916,0.0,12.105523984944464,0.0,3.482126236243017,0.0,3.720814945822652,0.0,0.7892280472346324,0.0,-12.027195195126357,0.0,0.9557121662675319,0.0,""
"2026-09-25 17:20:52","git-master-bddc7a050319718b5e4e0856afec0bc9ea96418f","C:\Users\marco\Desktop\ds004507\derivatives\labels\sub-007\ses-headUp\anat\sub-007_ses-headUp_T2w_seg-manual.nii.gz","768","7","",71.23397930003766,0.0,1.942862004839089,0.0,15.59502675040808,0.0,7.083570124078553,0.0,7.388395218655384,0.0,12.19135126344257,0.0,3.4070961465973433,0.0,3.676473977481209,0.0,0.795435058503338,0.0,-10.628188294995226,0.0,0.9586601160575414,0.0,""
"2026-09-25 17:20:52","git-master-bddc7a050319718b5e4e0856afec0bc9ea96418f","C:\Users\marco\Desktop\ds004507\derivatives\labels\sub-007\ses-headUp\anat\sub-007_ses-headUp_T2w_seg-manual.nii.gz","769","7","",71.56594951390514,0.0,1.83276038837754,0.0,15.448100006164005,0.0,7.086125420602979,0.0,7.449107770626471,0.0,12.207766684527245,0.0,3.4030052971808296,0.0,3.683120123422149,0.0,0.7922519193968836,0.0,-11.67856809846692,0.0,0.9295200525969757,0.0,""
"2026-09-25 17:20:52","git-master-bddc7a050319718b5e4e0856afec0bc9ea96418f","C:\Users\marco\Desktop\ds004507\derivatives\labels\sub-007\ses-headUp\anat\sub-007_ses-headUp_T2w_seg-manual.nii.gz","770","6","",72.75341880011383,0.0,1.7026090018233215,0.0,15.276911707244366,0.0,6.998056482213959,0.0,7.5331082401865945,0.0,12.497484768977378,0.0,3.2381565353172386,0.0,3.75989994689672,0.0,0.7979150269217263,0.0,-11.021023986779694,0.0,0.9315890236119975,0.0,""
"2026-09-25 17:20:52","git-master-bddc7a050319718b5e4e0856afec0bc9ea96418f","C:\Users\marco\Desktop\ds004507\derivatives\labels\sub-007\ses-headUp\anat\sub-007_ses-headUp_T2w_seg-manual.nii.gz","771","6","",71.8137791408984,0.0,1.5938265268508556,0.0,15.135912187605193,0.0,7.0865627371046545,0.0,7.583257072466408,0.0,12.315199686035566,0.0,3.301963348021972,0.0,3.784599389082682,0.0,0.7878660861059924,0.0,-10.585389537812631,0.0,0.9532640422507783,0.0,""
"2026-09-25 17:20:52","git-master-bddc7a050319718b5e4e0856afec0bc9ea96418f","C:\Users\marco\Desktop\ds004507\derivatives\labels\sub-007\ses-headUp\anat\sub-007_ses-headUp_T2w_seg-manual.nii.gz","772","6","",71.90270263683787,0.0,1.4847864678185712,0.0,14.996247388594714,0.0,7.119952746932346,0.0,7.611061804022428,0.0,12.279418036204387,0.0,3.3923412568077906,0.0,3.727611490124555,0.0,0.7847408946261581,0.0,-11.834946051360166,0.0,0.9481403176981482,0.0,""
"2026-09-25 17:20:52","git-master-bddc7a050319718b5e4e0856afec0bc9ea96418f","C:\Users\marco\Desktop\ds004507\derivatives\labels\sub-007\ses-headUp\anat\sub-007_ses-headUp_T2w_seg-manual.nii.gz","773","6","",72.04840452044535,0.0,1.3754894402338698,0.0,14.85792376138331,0.0,7.13287536907231,0.0,7.644007053509824,0.0,12.228678487496321,0.0,3.435312843104314,0.0,3.697562525967996,0.0,0.7805164806206651,0.0,-13.118699400808092,0.0,0.9461952726973449,0.0,""
"2026-09-25 17:20:52","git-master-bddc7a050319718b5e4e0856afec0bc9ea96418f","C:\Users\marco\Desktop\ds004507\derivatives\labels\sub-007\ses-headUp\anat\sub-007_ses-headUp_T2w_seg-manual.nii.gz","774","6","",72.81830227229287,0.0,1.2659360675368303,0.0,14.720947656962018,0.0,7.215096450950297,0.0,7.688002705417827,0.0,12.226495368332605,0.0,3.480633221571161,0.0,3.734463229379136,0.0,0.7775608990416897,0.0,-13.002356326532661,0.0,0.9501663158849994,0.0,""
"2026-09-25 17:20:52","git-master-bddc7a050319718b5e4e0856afec0bc9ea96418f","C:\Users\marco\Desktop\ds004507\derivatives\labels\sub-007\ses-headUp\anat\sub-007_ses-headUp_T2w_seg-manual.nii.gz","775","6","",74.17821233540865,0.0,1.156126981117419,0.0,14.585325326616429,0.0,7.3828989447595905,0.0,7.73480206770387,0.0,12.269395166090444,0.0,3.5517335134153725,0.0,3.831165431344218,0.0,0.7761317991701017,0.0,-11.629183507582528,0.0,0.9539807528504854,0.0,""
"2026-09-25 17:20:52","git-master-bddc7a050319718b5e4e0856afec0bc9ea96418f","C:\Users\marco\Desktop\ds004507\derivatives\labels\sub-007\ses-headUp\anat\sub-007_ses-headUp_T2w_seg-manual.nii.gz","776","6","",73.3515468296743,0.0,1.0460628203326994,0.0,14.45106292240058,0.0,7.450483022178058,0.0,7.76942002942773,0.0,11.994953025650215,0.0,3.4956643197088306,0.0,3.954818702469227,0.0,0.7618749921304246,0.0,-12.080866633360655,0.0,0.9611856971952678,0.0,""
"2026-09-25 17:20:52","git-master-bddc7a050319718b5e4e0856afec0bc9ea96418f","C:\Users\marco\Desktop\ds004507\derivatives\labels\sub-007\ses-headUp\anat\sub-007_ses-headUp_T2w_seg-manual.nii.gz","777","6","",72.52215873567258,0.0,0.9356809021877086,0.0,14.31851043366501,0.0,7.375121361749085,0.0,7.6658499091971555,0.0,12.010743719945502,0.0,3.482562321627241,0.0,3.8925590401218444,0.0,0.7698077685535364,0.0,-9.97260688176582,0.0,0.9559369645701387,0.0,""
"2026-09-25 17:20:52","git-master-bddc7a050319718b5e4e0856afec0bc9ea96418f","C:\Users\marco\Desktop\ds004507\derivatives\labels\sub-007\ses-headUp\anat\sub-007_ses-headUp_T2w_seg-manual.nii.gz","778","6","",72.4127261216042,0.0,0.8250456626973423,0.0,14.187333689141568,0.0,7.365414910403831,0.0,7.611406495169202,0.0,12.068647864733885,0.0,3.476321107994329,0.0,3.889093802409502,0.0,0.7760185656608731,0.0,-10.044799980312366,0.0,0.9628275187222699,0.0,""
"2026-09-25 17:20:52","git-master-bddc7a050319718b5e4e0856afec0bc9ea96418f","C:\Users\marco\Desktop\ds004507\derivatives\labels\sub-007\ses-headUp\anat\sub-007_ses-headUp_T2w_seg-manual.nii.gz","779","6","",73.52389370668391,0.0,0.7141577773650116,0.0,14.057538403480194,0.0,7.450584113989116,0.0,7.6853949581987955,0.0,12.17290940938358,0.0,3.551530301814736,0.0,3.8990538121743805,0.0,0.7755010276553796,0.0,-8.892580920306976,0.0,0.970583377117175,0.0,""
"2026-09-25 17:20:52","git-master-bddc7a050319718b5e4e0856afec0bc9ea96418f","C:\Users\marco\Desktop\ds004507\derivatives\labels\sub-007\ses-headUp\anat\sub-007_ses-headUp_T2w_seg-manual.nii.gz","780","6","",74.53698641687585,0.0,0.6030179297885512,0.0,13.92913019628436,0.0,7.544788878836955,0.0,7.792381331736851,0.0,12.262053966769152,0.0,3.5927453540127563,0.0,3.952043524824199,0.0,0.7721113159939884,0.0,-8.404319275553773,0.0,0.9679434296926039,0.0,""
"2026-09-25 17:20:52","git-master-bddc7a050319718b5e4e0856afec0bc9ea96418f","C:\Users\marco\Desktop\ds004507\derivatives\labels\sub-007\ses-headUp\anat\sub-007_ses-headUp_T2w_seg-manual.nii.gz","781","6","",74.06945707753412,0.0,0.49162681167478617,0.0,13.802114592677812,0.0,7.516645902338224,0.0,7.7814332366412255,0.0,12.30399620465311,0.0,3.5022760583785737,0.0,4.014369843959651,0.0,0.7744895243351823,0.0,-10.611478003868188,0.0,0.9527107538042594,0.0,""
"2026-09-25 17:20:52","git-master-bddc7a050319718b5e4e0856afec0bc9ea96418f","C:\Users\marco\Desktop\ds004507\derivatives\labels\sub-007\ses-headUp\anat\sub-007_ses-headUp_T2w_seg-manual.nii.gz","782","6","",72.43033410604338,0.0,0.3799851228540978,0.0,13.67649702387134,0.0,7.258746003516334,0.0,7.565360605987664,0.0,12.391147237067505,0.0,3.407975066514491,0.0,3.850770937001844,0.0,0.7919810934865582,0.0,-12.538472248590876,0.0,0.9408039291715135,0.0,""
"2026-09-25 17:20:52","git-master-bddc7a050319718b5e4e0856afec0bc9ea96418f","C:\Users\marco\Desktop\ds004507\derivatives\labels\sub-007\ses-headUp\anat\sub-007_ses-headUp_T2w_seg-manual.nii.gz","783","6","",73.69302755956996,0.0,0.2680314074126507,0.0,13.552635818710415,0.0,7.189855896906711,0.0,7.541238198200064,0.0,12.603869043439088,0.0,3.408250632167188,0.0,3.781605264739523,0.0,0.8011920475356294,0.0,-12.322327879249181,0.0,0.9594504943970044,0.0,""
"2026-09-25 17:20:52","git-master-bddc7a050319718b5e4e0856afec0bc9ea96418f","C:\Users\marco\Desktop\ds004507\derivatives\labels\sub-007\ses-headUp\anat\sub-007_ses-headUp_T2w_seg-manual.nii.gz","784","6","",73.2032810511399,0.0,0.15582903644179516,0.0,13.430186577468644,0.0,7.175195610599482,0.0,7.561557402537261,0.0,12.523163577086551,0.0,3.319834220472535,0.0,3.8553613901269466,0.0,0.7970712625590307,0.0,-13.232584086289272,0.0,0.9499064202561864,0.0,""
"2026-09-25 17:20:52","git-master-bddc7a050319718b5e4e0856afec0bc9ea96418f","C:\Users\marco\Desktop\ds004507\derivatives\labels\sub-007\ses-headUp\anat\sub-007_ses-headUp_T2w_seg-manual.nii.gz","785","6","",73.83173905365423,0.0,0.0442082111494113,0.0,13.308516669372015,0.0,7.279216698906867,0.0,7.63897718882937,0.0,12.507167784204594,0.0,3.326174589355596,0.0,3.9530421095512716,0.0,0.7918091614202367,0.0,-13.09628222492627,0.0,0.9454323316860447,0.0,""
"2026-09-25 17:20:52","git-master-bddc7a050319718b5e4e0856afec0bc9ea96418f","C:\Users\marco\Desktop\ds004507\derivatives\labels\sub-007\ses-headUp\anat\sub-007_ses-headUp_T2w_seg-manual.nii.gz","786","6","",74.96461908288238,0.0,-0.06600087512510468,0.0,13.186991371984277,0.0,7.460320194239712,0.0,7.711300518875834,0.0,12.506354863596385,0.0,3.4466366063873033,0.0,4.013683587852409,0.0,0.7872498553853456,0.0,-12.16529434029445,0.0,0.9485966074527458,0.0,""
"2026-09-25 17:20:52","git-master-bddc7a050319718b5e4e0856afec0bc9ea96418f","C:\Users\marco\Desktop\ds004507\derivatives\labels\sub-007\ses-headUp\anat\sub-007_ses-headUp_T2w_seg-manual.nii.gz","787","6","",75.29777338480065,0.0,-0.17424454731559522,0.0,13.06518695873456,0.0,7.574590837516201,0.0,7.708954934378315,0.0,12.454977606221613,0.0,3.564886869877061,0.0,4.0097039676391395,0.0,0.7853299674108468,0.0,-11.547110067198753,0.0,0.9500946889600549,0.0,""
"2026-09-25 17:20:52","git-master-bddc7a050319718b5e4e0856afec0bc9ea96418f","C:\Users\marco\Desktop\ds004507\derivatives\labels\sub-007\ses-headUp\anat\sub-007_ses-headUp_T2w_seg-manual.nii.gz","788","6","",75.63075062293062,0.0,-0.28052215903389616,0.0,12.943103786444999,0.0,7.379531308570588,0.0,7.622473144873561,0.0,12.66251173474453,0.0,3.4572793299653473,0.0,3.9222519786052406,0.0,0.7985174554313883,0.0,-11.63562352986638,0.0,0.9475683890577508,0.0,""
"2026-09-25 17:20:52","git-master-bddc7a050319718b5e4e0856afec0bc9ea96418f","C:\Users\marco\Desktop\ds004507\derivatives\labels\sub-007\ses-headUp\anat\sub-007_ses-headUp_T2w_seg-manual.nii.gz","789","6","",76.25829479939674,0.0,-0.38434126536221347,0.0,12.820672782908769,0.0,7.57771666258824,0.0,7.693576488563207,0.0,12.55304528380153,0.0,3.6387687584980615,0.0,3.938947904090179,0.0,0.7901330995455829,0.0,-10.92072118442293,0.0,0.9532430137987766,0.0,""
"2026-09-25 17:20:52","git-master-bddc7a050319718b5e4e0856afec0bc9ea96418f","C:\Users\marco\Desktop\ds004507\derivatives\labels\sub-007\ses-headUp\anat\sub-007_ses-headUp_T2w_seg-manual.nii.gz","790","6","",77.82919948623132,0.0,-0.4861929348307291,0.0,12.69796402683727,0.0,7.673066350452163,0.0,7.8064214088883075,0.0,12.661860486865752,0.0,3.650059912366218,0.0,4.023006438085944,0.0,0.7873358725256235,0.0,-12.089612632340703,0.0,0.9573987666833473,0.0,""
"2026-09-25 17:20:52","git-master-bddc7a050319718b5e4e0856afec0bc9ea96418f","C:\Users\marco\Desktop\ds004507\derivatives\labels\sub-007\ses-headUp\anat\sub-007_ses-headUp_T2w_seg-manual.nii.gz","791","6","",78.22086378193737,0.0,-0.5860767715646898,0.0,12.574977916495461,0.0,7.68280403853542,0.0,7.851043944977784,0.0,12.734907074078137,0.0,3.560445070485865,0.0,4.122358968049555,0.0,0.7873556100364014,0.0,-11.77071535456616,0.0,0.9595288477515076,0.0,""
"2026-09-25 17:20:52","git-master-bddc7a050319718b5e4e0856afec0bc9ea96418f","C:\Users\marco\Desktop\ds004507\derivatives\labels\sub-007\ses-headUp\anat\sub-007_ses-headUp_T2w_seg-manual.nii.gz","792","6","",78.02276280842061,0.0,-0.683992428830356,0.0,12.451714859495617,0.0,7.692183577232147,0.0,7.9128881071551636,0.0,12.689657288378768,0.0,3.5021506965985227,0.0,4.190032880633625,0.0,0.7815841711572469,0.0,-10.796874534152066,0.0,0.9575284159379911,0.0,""
"2026-09-25 17:20:52","git-master-bddc7a050319718b5e4e0856afec0bc9ea96418f","C:\Users\marco\Desktop\ds004507\derivatives\labels\sub-007\ses-headUp\anat\sub-007_ses-headUp_T2w_seg-manual.nii.gz","793","6","",78.27010354061836,0.0,-0.7799396074634584,0.0,12.328175272831077,0.0,7.713967788211222,0.0,8.007310965083963,0.0,12.643699692794739,0.0,3.558054081822708,0.0,4.155913706388514,0.0,0.7736012224717673,0.0,-10.5665874571186,0.0,0.9539535606654191,0.0,""
"2026-09-25 17:20:52","git-master-bddc7a050319718b5e4e0856afec0bc9ea96418f","C:\Users\marco\Desktop\ds004507\derivatives\labels\sub-007\ses-headUp\anat\sub-007_ses-headUp_T2w_seg-manual.nii.gz","794","6","",78.17748063612844,0.0,-0.8739180542976541,0.0,12.204359582910008,0.0,7.54790725166994,0.0,7.814087735913076,0.0,12.943332977728026,0.0,3.6493999872054577,0.0,3.898507264464483,0.0,0.7972000221576829,0.0,-9.405227913314562,0.0,0.9622802734375,0.0,""
"2026-09-25 17:20:52","git-master-bddc7a050319718b5e4e0856afec0bc9ea96418f","C:\Users\marco\Desktop\ds004507\derivatives\labels\sub-007\ses-headUp\anat\sub-007_ses-headUp_T2w_seg-manual.nii.gz","795","6","",79.69474470292825,0.0,-0.9654352717621575,0.0,12.080199498302308,0.0,7.645435967723424,0.0,7.940214478376007,0.0,12.883140474248174,0.0,3.708954794784175,0.0,3.9364811729392493,0.0,0.7874495784092072,0.0,-7.164684182841882,0.0,0.9521657031962706,0.0,""
"2026-09-25 17:20:52","git-master-bddc7a050319718b5e4e0856afec0bc9ea96418f","C:\Users\marco\Desktop\ds004507\derivatives\labels\sub-007\ses-headUp\anat\sub-007_ses-headUp_T2w_seg-manual.nii.gz","796","6","",80.24528807581241,0.0,-1.0549833339051473,0.0,11.955764504547002,0.0,7.592716639564967,0.0,7.986276598692185,0.0,12.9836686102294,0.0,3.641244997097307,0.0,3.9514716424676597,0.0,0.7884279519851102,0.0,-8.110128873449895,0.0,0.951713283233547,0.0,""
"2026-09-25 17:20:52","git-master-bddc7a050319718b5e4e0856afec0bc9ea96418f","C:\Users\marco\Desktop\ds004507\derivatives\labels\sub-007\ses-headUp\anat\sub-007_ses-headUp_T2w_seg-manual.nii.gz","797","6","",78.71987167764627,0.0,-1.1425621673841981,0.0,11.831055071013463,0.0,7.397781040775703,0.0,7.854141039970869,0.0,12.972517540037487,0.0,3.5398694261350605,0.0,3.857911614640643,0.0,0.7958574517712704,0.0,-10.129503240526192,0.0,0.9559058534173627,0.0,""
"2026-09-25 17:20:52","git-master-bddc7a050319718b5e4e0856afec0bc9ea96418f","C:\Users\marco\Desktop\ds004507\derivatives\labels\sub-007\ses-headUp\anat\sub-007_ses-headUp_T2w_seg-manual.nii.gz","798","6","",77.08453969005636,0.0,-1.228171733033881,0.0,11.706071676746996,0.0,7.2281863939744655,0.0,7.719208849996404,0.0,12.877195418981445,0.0,3.4578681650386724,0.0,3.7703182289357935,0.0,0.8004005594013872,0.0,-10.757896850447038,0.0,0.9598591807010225,0.0,""
"2026-09-25 17:20:52","git-master-bddc7a050319718b5e4e0856afec0bc9ea96418f","C:\Users\marco\Desktop\ds004507\derivatives\labels\sub-007\ses-headUp\anat\sub-007_ses-headUp_T2w_seg-manual.nii.gz","799","6","",77.46881511080997,0.0,-1.3118120244839422,0.0,11.580814810500256,0.0,7.266401430964685,0.0,7.772860491781672,0.0,12.805109908058546,0.0,3.454322759654852,0.0,3.8120786713098336,0.0,0.794601203687167,0.0,-9.323935552439526,0.0,0.9592777618185236,0.0,""
"2026-09-25 17:20:52","git-master-bddc7a050319718b5e4e0856afec0bc9ea96418f","C:\Users\marco\Desktop\ds004507\derivatives\labels\sub-007\ses-headUp\anat\sub-007_ses-headUp_T2w_seg-manual.nii.gz","800","6","",79.25389531119441,0.0,-1.3934830667774811,0.0,11.455284970764678,0.0,7.565192452881292,0.0,7.9649011541215415,0.0,12.723559678699388,0.0,3.6409564300902155,0.0,3.9242360227910766,0.0,0.7798260350485112,0.0,-9.096169450443648,0.0,0.9509106259799783,0.0,""
"2026-09-25 17:20:52","git-master-bddc7a050319718b5e4e0856afec0bc9ea96418f","C:\Users\marco\Desktop\ds004507\derivatives\labels\sub-007\ses-headUp\anat\sub-007_ses-headUp_T2w_seg-manual.nii.gz","801","5","",80.36092630874089,0.0,-1.488534580063717,0.0,11.304240729233438,0.0,7.796857982979644,0.0,7.928046506613642,0.0,12.845155114670977,0.0,3.7251930435239076,0.0,4.0716649394557365,0.0,0.7868052798768772,0.0,-9.824172060372197,0.0,0.9659714599341384,0.0,""
"2026-09-25 17:20:52","git-master-bddc7a050319718b5e4e0856afec0bc9ea96418f","C:\Users\marco\Desktop\ds004507\derivatives\labels\sub-007\ses-headUp\anat\sub-007_ses-headUp_T2w_seg-manual.nii.gz","802","5","",80.73247876155499,0.0,-1.5748764461095317,0.0,11.162254836035675,0.0,7.648894069614773,0.0,7.914247652052377,0.0,12.91543358112865,0.0,3.581288872395614,0.0,4.067605197219159,0.0,0.7902552830746089,0.0,-8.501263995571588,0.0,0.9590037453527898,0.0,""
"2026-09-25 17:20:52","git-master-bddc7a050319718b5e4e0856afec0bc9ea96418f","C:\Users\marco\Desktop\ds004507\derivatives\labels\sub-007\ses-headUp\anat\sub-007_ses-headUp_T2w_seg-manual.nii.gz","803","5","",81.41488010649554,0.0,-1.65863422939918,0.0,11.019913437208645,0.0,7.586542729226334,0.0,8.050739043321597,0.0,12.921458174821858,0.0,3.5681998738926963,0.0,4.018342855333638,0.0,0.7821640957152275,0.0,-8.29176785254613,0.0,0.9508212716727633,0.0,""
"2026-09-25 17:20:52","git-master-bddc7a050319718b5e4e0856afec0bc9ea96418f","C:\Users\marco\Desktop\ds004507\derivatives\labels\sub-007\ses-headUp\anat\sub-007_ses-headUp_T2w_seg-manual.nii.gz","804","5","",82.1198367386682,0.0,-1.739808213352912,0.0,10.87721743923482,0.0,7.658709484923771,0.0,8.136129240984946,0.0,12.955551371405054,0.0,3.525560241701509,0.0,4.133149243222262,0.0,0.7782094490525896,0.0,-8.650377275740162,0.0,0.9424047481927897,0.0,""
"2026-09-25 17:20:52","git-master-bddc7a050319718b5e4e0856afec0bc9ea96418f","C:\Users\marco\Desktop\ds004507\derivatives\labels\sub-007\ses-headUp\anat\sub-007_ses-headUp_T2w_seg-manual.nii.gz","805","5","",81.75609271512425,0.0,-1.818398723624113,0.0,10.734167771179829,0.0,7.767118575468427,0.0,8.235078884765013,0.0,12.847563728116983,0.0,3.5924607692165913,0.0,4.174657806251835,0.0,0.7674691981495352,0.0,-9.241425488942362,0.0,0.9489465023576206,0.0,""
"2026-09-25 17:20:52","git-master-bddc7a050319718b5e4e0856afec0bc9ea96418f","C:\Users\marco\Desktop\ds004507\derivatives\labels\sub-007\ses-headUp\anat\sub-007_ses-headUp_T2w_seg-manual.nii.gz","806","5","",81.22193898530655,0.0,-1.894406123373325,0.0,10.590765384808334,0.0,7.72126335634765,0.0,8.18003080046594,0.0,12.863545653477953,0.0,3.658341860763129,0.0,4.06292149558452,0.0,0.7717085431736055,0.0,-8.742731691805776,0.0,0.9685869576519435,0.0,""
"2026-09-25 17:20:52","git-master-bddc7a050319718b5e4e0856afec0bc9ea96418f","C:\Users\marco\Desktop\ds004507\derivatives\labels\sub-007\ses-headUp\anat\sub-007_ses-headUp_T2w_seg-manual.nii.gz","807","5","",81.55768777924007,0.0,-1.9678308086913774,0.0,10.447011254697602,0.0,7.7586097859437615,0.0,8.16632121725704,0.0,12.950287780173966,0.0,3.724047757313603,0.0,4.034562028630158,0.0,0.776112596102388,0.0,-8.06176667157391,0.0,0.9758474351548949,0.0,""
"2026-09-25 17:20:52","git-master-bddc7a050319718b5e4e0856afec0bc9ea96418f","C:\Users\marco\Desktop\ds004507\derivatives\labels\sub-007\ses-headUp\anat\sub-007_ses-headUp_T2w_seg-manual.nii.gz","808","5","",81.842915205065,0.0,-2.0386732041718028,0.0,10.302906378348696,0.0,7.754926649715112,0.0,8.130734580423708,0.0,13.054324041464943,0.0,3.7287799984138537,0.0,4.026146651301258,0.0,0.7822880143025962,0.0,-8.220122037521081,0.0,0.9632329966240852,0.0,""
"2026-09-25 17:20:52","git-master-bddc7a050319718b5e4e0856afec0bc9ea96418f","C:\Users\marco\Desktop\ds004507\derivatives\labels\sub-007\ses-headUp\anat\sub-007_ses-headUp_T2w_seg-manual.nii.gz","809","5","",81.78480896575135,0.0,-2.1069337586326133,0.0,10.158451776295273,0.0,7.705413647302044,0.0,8.074635318311039,0.0,13.139456450531638,0.0,3.6781280043981806,0.0,4.0272856429038635,0.0,0.7888768357720862,0.0,-8.722724328857181,0.0,0.9511960469159491,0.0,""
"2026-09-25 17:20:52","git-master-bddc7a050319718b5e4e0856afec0bc9ea96418f","C:\Users\marco\Desktop\ds004507\derivatives\labels\sub-007\ses-headUp\anat\sub-007_ses-headUp_T2w_seg-manual.nii.gz","810","5","",81.28627072718062,0.0,-2.1726129409874786,0.0,10.013648492209883,0.0,7.638921173709767,0.0,8.013612184304467,0.0,13.122757944908345,0.0,3.5832149305218404,0.0,4.055706243187927,0.0,0.7918913493013949,0.0,-8.721672507783381,0.0,0.9447714076156093,0.0,""
"2026-09-25 17:20:52","git-master-bddc7a050319718b5e4e0856afec0bc9ea96418f","C:\Users\marco\Desktop\ds004507\derivatives\labels\sub-007\ses-headUp\anat\sub-007_ses-headUp_T2w_seg-manual.nii.gz","811","5","",80.98517436359995,0.0,-2.235711236266284,0.0,9.868497593007746,0.0,7.583284171848355,0.0,7.971177997326658,0.0,13.093249671297295,0.0,3.504667940652634,0.0,4.0786162311957215,0.0,0.7933209653892767,0.0,-8.482652365198637,0.0,0.9450201087282416,0.0,""
"2026-09-25 17:20:52","git-master-bddc7a050319718b5e4e0856afec0bc9ea96418f","C:\Users\marco\Desktop\ds004507\derivatives\labels\sub-007\ses-headUp\anat\sub-007_ses-headUp_T2w_seg-manual.nii.gz","812","5","",81.57650756139395,0.0,-2.2962291417850005,0.0,9.72300016894793,0.0,7.62387714722804,0.0,7.975511059067846,0.0,13.157697064640187,0.0,3.5268997937600908,0.0,4.096977353467948,0.0,0.7953437342123105,0.0,-8.205903471141703,0.0,0.9554426639917403,0.0,""
"2026-09-25 17:20:52","git-master-bddc7a050319718b5e4e0856afec0bc9ea96418f","C:\Users\marco\Desktop\ds004507\derivatives\labels\sub-007\ses-headUp\anat\sub-007_ses-headUp_T2w_seg-manual.nii.gz","813","5","",81.76588637375171,0.0,-2.3541671634647616,0.0,9.577157333731906,0.0,7.6983876437572505,0.0,7.9269161674499315,0.0,13.168650072021643,0.0,3.5893451762143678,0.0,4.109042467542882,0.0,0.7985309570241009,0.0,-7.6576623046693015,0.0,0.9588011164149074,0.0,""
"2026-09-25 17:20:52","git-master-bddc7a050319718b5e4e0856afec0bc9ea96418f","C:\Users\marco\Desktop\ds004507\derivatives\labels\sub-007\ses-headUp\anat\sub-007_ses-headUp_T2w_seg-manual.nii.gz","814","5","",81.46361304508915,0.0,-2.4095258122999876,0.0,9.430970224599374,0.0,7.800001049162569,0.0,7.930191186576791,0.0,13.10380090366615,0.0,3.6446277114944223,0.0,4.155373337668147,0.0,0.7959458892057509,0.0,-8.41884907685778,0.0,0.9599065388965011,0.0,""
"2026-09-25 17:20:52","git-master-bddc7a050319718b5e4e0856afec0bc9ea96418f","C:\Users\marco\Desktop\ds004507\derivatives\labels\sub-007\ses-headUp\anat\sub-007_ses-headUp_T2w_seg-manual.nii.gz","815","5","",81.42856683807776,0.0,-2.462305600975392,0.0,9.284440002421322,0.0,7.798025504274899,0.0,8.051349119398544,0.0,12.909540082318834,0.0,3.6032217750320403,0.0,4.194803729242858,0.0,0.7816748293343386,0.0,-9.538816470905534,0.0,0.9607658397500193,0.0,""
"2026-09-25 17:20:52","git-master-bddc7a050319718b5e4e0856afec0bc9ea96418f","C:\Users\marco\Desktop\ds004507\derivatives\labels\sub-007\ses-headUp\anat\sub-007_ses-headUp_T2w_seg-manual.nii.gz","816","5","",83.0034031635902,0.0,-2.5125070406316516,0.0,9.137567851790307,0.0,7.688117278371104,0.0,8.135103314533195,0.0,13.144960913140926,0.0,3.547209429439829,0.0,4.140907848931275,0.0,0.785461274865374,0.0,-7.7307704372723585,0.0,0.9525883755345826,0.0,""
"2026-09-25 17:20:52","git-master-bddc7a050319718b5e4e0856afec0bc9ea96418f","C:\Users\marco\Desktop\ds004507\derivatives\labels\sub-007\ses-headUp\anat\sub-007_ses-headUp_T2w_seg-manual.nii.gz","817","5","",82.69964008950608,0.0,-2.5601306377795043,0.0,8.990354981107815,0.0,7.736080484920442,0.0,8.003007720256823,0.0,13.283210850749327,0.0,3.4734230838123494,0.0,4.262657401108092,0.0,0.7981260892059313,0.0,-9.243464303731507,0.0,0.9540603248259861,0.0,""
"2026-09-25 17:20:52","git-master-bddc7a050319718b5e4e0856afec0bc9ea96418f","C:\Users\marco\Desktop\ds004507\derivatives\labels\sub-007\ses-headUp\anat\sub-007_ses-headUp_T2w_seg-manual.nii.gz","818","5","",83.73808524519966,0.0,-2.604992835473436,0.0,8.84277847741265,0.0,8.013110201052356,0.0,8.15788794924393,0.0,13.24345264627905,0.0,3.7023322879987552,0.0,4.3107779130536,0.0,0.7877364090026359,0.0,-8.03309566605429,0.0,0.9500043505121981,0.0,""
"2026-09-25 17:20:52","git-master-bddc7a050319718b5e4e0856afec0bc9ea96418f","C:\Users\marco\Desktop\ds004507\derivatives\labels\sub-007\ses-headUp\anat\sub-007_ses-headUp_T2w_seg-manual.nii.gz","819","5","",82.92472447791758,0.0,-2.6472782507269925,0.0,8.694863940132404,0.0,7.849726658212904,0.0,8.080252894165282,0.0,13.212493130284686,0.0,3.6891667216605204,0.0,4.160559936552383,0.0,0.7911939887876137,0.0,-6.637511806511613,0.0,0.9665294995472916,0.0,""
"2026-09-25 17:20:52","git-master-bddc7a050319718b5e4e0856afec0bc9ea96418f","C:\Users\marco\Desktop\ds004507\derivatives\labels\sub-007\ses-headUp\anat\sub-007_ses-headUp_T2w_seg-manual.nii.gz","820","5","",83.17147781763094,0.0,-2.686987355045777,0.0,8.546612655628623,0.0,7.7911691040105175,0.0,8.052984403784047,0.0,13.312114473270999,0.0,3.6372813953115553,0.0,4.153887708698962,0.0,0.7962578456279094,0.0,-6.0266820702078,0.0,0.9567184881381094,0.0,""
"2026-09-25 17:20:52","git-master-bddc7a050319718b5e4e0856afec0bc9ea96418f","C:\Users\marco\Desktop\ds004507\derivatives\labels\sub-007\ses-headUp\anat\sub-007_ses-headUp_T2w_seg-manual.nii.gz","821","5","",84.36744884005273,0.0,-2.7241206036138377,0.0,8.398025934417111,0.0,7.954332389476116,0.0,8.193854739759377,0.0,13.274580887285806,0.0,3.7647239022527037,0.0,4.189608487223413,0.0,0.7866799264787099,0.0,-6.723904969018463,0.0,0.9551904076086741,0.0,""
"2026-09-25 17:20:52","git-master-bddc7a050319718b5e4e0856afec0bc9ea96418f","C:\Users\marco\Desktop\ds004507\derivatives\labels\sub-007\ses-headUp\anat\sub-007_ses-headUp_T2w_seg-manual.nii.gz","822","5","",84.43476402522889,0.0,-2.7586784330191745,0.0,8.249105111238437,0.0,7.921856094474149,0.0,8.142084547134397,0.0,13.335500076528842,0.0,3.7529561568463476,0.0,4.168899937627802,0.0,0.7918898545745602,0.0,-7.383531517027187,0.0,0.9508828638370996,0.0,""
"2026-09-25 17:20:52","git-master-bddc7a050319718b5e4e0856afec0bc9ea96418f","C:\Users\marco\Desktop\ds004507\derivatives\labels\sub-007\ses-headUp\anat\sub-007_ses-headUp_T2w_seg-manual.nii.gz","823","5","",84.3169847552307,0.0,-2.790661259125804,0.0,8.099851545125242,0.0,7.803213129598586,0.0,8.05270819797968,0.0,13.459588759598214,0.0,3.6898256659748028,0.0,4.113387463623783,0.0,0.8012305580743376,0.0,-8.353779082148481,0.0,0.9515031932148065,0.0,""
"2026-09-25 17:20:52","git-master-bddc7a050319718b5e4e0856afec0bc9ea96418f","C:\Users\marco\Desktop\ds004507\derivatives\labels\sub-007\ses-headUp\anat\sub-007_ses-headUp_T2w_seg-manual.nii.gz","824","5","",83.13485399884695,0.0,-2.8200694750921094,0.0,7.950266619466206,0.0,7.738763395571616,0.0,7.925907214638046,0.0,13.429753120052775,0.0,3.659482763521637,0.0,4.079280632049979,0.0,0.8072775757515241,0.0,-8.278971015618382,0.0,0.9529405926525211,0.0,""
"2026-09-25 17:20:52","git-master-bddc7a050319718b5e4e0856afec0bc9ea96418f","C:\Users\marco\Desktop\ds004507\derivatives\labels\sub-007\ses-headUp\anat\sub-007_ses-headUp_T2w_seg-manual.nii.gz","825","5","",81.8783281697713,0.0,-2.8469034495351844,0.0,7.800351742066704,0.0,7.682658104867165,0.0,7.8643676491129195,0.0,13.295890845227643,0.0,3.702356425875757,0.0,3.980301678991408,0.0,0.8062783947838894,0.0,-7.388700017847382,0.0,0.9569468301759,0.0,""
"2026-09-25 17:20:52","git-master-bddc7a050319718b5e4e0856afec0bc9ea96418f","C:\Users\marco\Desktop\ds004507\derivatives\labels\sub-007\ses-headUp\anat\sub-007_ses-headUp_T2w_seg-manual.nii.gz","826","5","",82.19233013397854,0.0,-2.8711635248409078,0.0,7.650108345205994,0.0,7.701641106376263,0.0,7.898215027443086,0.0,13.259921351781887,0.0,3.767618751171102,0.0,3.934022355205161,0.0,0.8032466762017192,0.0,-5.996888037658416,0.0,0.9646325696133281,0.0,""
"2026-09-25 17:20:52","git-master-bddc7a050319718b5e4e0856afec0bc9ea96418f","C:\Users\marco\Desktop\ds004507\derivatives\labels\sub-007\ses-headUp\anat\sub-007_ses-headUp_T2w_seg-manual.nii.gz","827","5","",82.08490696009015,0.0,-2.89285001561949,0.0,7.499537885690968,0.0,7.774528619150166,0.0,7.909009528132678,0.0,13.190888548114962,0.0,3.805994900246075,0.0,3.9685337189040912,0.0,0.8002381777208758,0.0,-5.284415593543686,0.0,0.9716208060470604,0.0,""
"2026-09-25 17:20:52","git-master-bddc7a050319718b5e4e0856afec0bc9ea96418f","C:\Users\marco\Desktop\ds004507\derivatives\labels\sub-007\ses-headUp\anat\sub-007_ses-headUp_T2w_seg-manual.nii.gz","828","5","",81.42805001493767,0.0,-2.911963207306249,0.0,7.348641844906387,0.0,7.764875737013628,0.0,7.9212238790889105,0.0,13.089021821550583,0.0,3.781349558703619,0.0,3.9835261783100093,0.0,0.7960652605994201,0.0,-5.405605465939677,0.0,0.9669678488354035,0.0,""
"2026-09-25 17:20:52","git-master-bddc7a050319718b5e4e0856afec0bc9ea96418f","C:\Users\marco\Desktop\ds004507\derivatives\labels\sub-007\ses-headUp\anat\sub-007_ses-headUp_T2w_seg-manual.nii.gz","829","5","",83.2383616876862,0.0,-2.9285033549073867,0.0,7.197421728861531,0.0,7.634002305068737,0.0,7.948526405869627,0.0,13.347791364678658,0.0,3.6245118893850115,0.0,4.009490415683726,0.0,0.8031813893447278,0.0,-4.32399146887942,0.0,0.9516816593516872,0.0,""
"2026-09-25 17:20:52","git-master-bddc7a050319718b5e4e0856afec0bc9ea96418f","C:\Users\marco\Desktop\ds004507\derivatives\labels\sub-007\ses-headUp\anat\sub-007_ses-headUp_T2w_seg-manual.nii.gz","830","5","",82.81798467044582,0.0,-2.9424706818905557,0.0,7.045879068233217,0.0,7.2520436312324135,0.0,7.834285966589419,0.0,13.548733311574697,0.0,3.5147095542158113,0.0,3.7373340770166017,0.0,0.8158676718833107,0.0,-5.423569865898419,0.0,0.9632003201998502,0.0,""
"2026-09-25 17:20:52","git-master-bddc7a050319718b5e4e0856afec0bc9ea96418f","C:\Users\marco\Desktop\ds004507\derivatives\labels\sub-007\ses-headUp\anat\sub-007_ses-headUp_T2w_seg-manual.nii.gz","831","5","",83.09175457838835,0.0,-2.953865379220034,0.0,6.894015418405148,0.0,7.354111590348661,0.0,7.887164929543314,0.0,13.490940952244937,0.0,3.5464329042169074,0.0,3.8076786861317538,0.0,0.8112594227487891,0.0,-4.822722321264707,0.0,0.9605728821633602,0.0,""
"2026-09-25 17:20:52","git-master-bddc7a050319718b5e4e0856afec0bc9ea96418f","C:\Users\marco\Desktop\ds004507\derivatives\labels\sub-007\ses-headUp\anat\sub-007_ses-headUp_T2w_seg-manual.nii.gz","832","5","",82.87043341713685,0.0,-2.9626876045363226,0.0,6.741832359503532,0.0,7.680378393140727,0.0,7.957290481394901,0.0,13.289895478237714,0.0,3.7309711759882473,0.0,3.9494072171524803,0.0,0.8009205772040939,0.0,-5.247702929497078,0.0,0.9625526362390652,0.0,""
"2026-09-25 17:20:52","git-master-bddc7a050319718b5e4e0856afec0bc9ea96418f","C:\Users\marco\Desktop\ds004507\derivatives\labels\sub-007\ses-headUp\anat\sub-007_ses-headUp_T2w_seg-manual.nii.gz","833","5","",83.90881031441523,0.0,-2.9689374814800367,0.0,6.589331496428919,0.0,7.835543461114732,0.0,8.129891049805194,0.0,13.245680528818577,0.0,3.923666478777868,0.0,3.9118769823368638,0.0,0.7894796216824924,0.0,-4.536503584393662,0.0,0.9681352812607845,0.0,""
"2026-09-25 17:20:52","git-master-bddc7a050319718b5e4e0856afec0bc9ea96418f","C:\Users\marco\Desktop\ds004507\derivatives\labels\sub-007\ses-headUp\anat\sub-007_ses-headUp_T2w_seg-manual.nii.gz","834","4","",85.01690301956678,0.0,-2.9726642962622454,0.0,6.426302712715004,0.0,7.829173860539697,0.0,8.188605964870142,0.0,13.238431978703908,0.0,3.8622639412838637,0.0,3.9669099192558335,0.0,0.7857469947774497,0.0,-3.380656327118403,0.0,0.9699816681943172,0.0,""
"2026-09-25 17:20:52","git-master-bddc7a050319718b5e4e0856afec0bc9ea96418f","C:\Users\marco\Desktop\ds004507\derivatives\labels\sub-007\ses-headUp\anat\sub-007_ses-headUp_T2w_seg-manual.nii.gz","835","4","",85.03565274626067,0.0,-2.973210930732102,0.0,6.312838866390783,0.0,7.838980604473596,0.0,8.14739783740571,0.0,13.335087018364264,0.0,3.8188095254011922,0.0,4.020171079072403,0.0,0.7916063300979386,0.0,-4.2237470851955115,0.0,0.9703234212745777,0.0,""
"2026-09-25 17:20:52","git-master-bddc7a050319718b5e4e0856afec0bc9ea96418f","C:\Users\marco\Desktop\ds004507\derivatives\labels\sub-007\ses-headUp\anat\sub-007_ses-headUp_T2w_seg-manual.nii.gz","836","4","",85.46182917167192,0.0,-2.9726143685369917,0.0,6.199236155459781,0.0,7.846203755343862,0.0,8.159370956573177,0.0,13.406519167691949,0.0,3.776545164142278,0.0,4.069658591201584,0.0,0.7934688900470185,0.0,-4.860926604103275,0.0,0.9632000610810995,0.0,""
"2026-09-25 17:20:52","git-master-bddc7a050319718b5e4e0856afec0bc9ea96418f","C:\Users\marco\Desktop\ds004507\derivatives\labels\sub-007\ses-headUp\anat\sub-007_ses-headUp_T2w_seg-manual.nii.gz","837","4","",86.00680120212925,0.0,-2.9708746068116354,0.0,6.085494755566237,0.0,7.853189481280854,0.0,8.214813265586818,0.0,13.43124865899096,0.0,3.734842139238966,0.0,4.118347342041887,0.0,0.791103598154851,0.0,-5.369292086428863,0.0,0.9525305024189854,0.0,""
"2026-09-25 17:20:52","git-master-bddc7a050319718b5e4e0856afec0bc9ea96418f","C:\Users\marco\Desktop\ds004507\derivatives\labels\sub-007\ses-headUp\anat\sub-007_ses-headUp_T2w_seg-manual.nii.gz","838","4","",85.07538716745756,0.0,-2.967338372172144,0.0,5.9715364279198075,0.0,7.873320508216653,0.0,8.282604355260048,0.0,13.258823883329867,0.0,3.6903985995398543,0.0,4.182921908676799,0.0,0.7807630984716545,0.0,-6.119462249984712,0.0,0.9588687600403242,0.0,""
"2026-09-25 17:20:52","git-master-bddc7a050319718b5e4e0856afec0bc9ea96418f","C:\Users\marco\Desktop\ds004507\derivatives\labels\sub-007\ses-headUp\anat\sub-007_ses-headUp_T2w_seg-manual.nii.gz","839","4","",86.11643382540734,0.0,-2.9624139155837725,0.0,5.857411485263543,0.0,8.021729835360278,0.0,8.372927036710239,0.0,13.276822196479971,0.0,3.8009860699635856,0.0,4.220743765396692,0.0,0.7760786002331796,0.0,-5.7459043555869656,0.0,0.964456040060458,0.0,""
"2026-09-25 17:20:52","git-master-bddc7a050319718b5e4e0856afec0bc9ea96418f","C:\Users\marco\Desktop\ds004507\derivatives\labels\sub-007\ses-headUp\anat\sub-007_ses-headUp_T2w_seg-manual.nii.gz","840","4","",87.37703544601071,0.0,-2.9563461961286093,0.0,5.743149692592784,0.0,8.186888491077992,0.0,8.424902798091662,0.0,13.343807769125805,0.0,3.952551718266935,0.0,4.234336772811056,0.0,0.7754784123737044,0.0,-4.823926351251501,0.0,0.9675316677522379,0.0,""
"2026-09-25 17:20:52","git-master-bddc7a050319718b5e4e0856afec0bc9ea96418f","C:\Users\marco\Desktop\ds004507\derivatives\labels\sub-007\ses-headUp\anat\sub-007_ses-headUp_T2w_seg-manual.nii.gz","841","4","",86.39354125934594,0.0,-2.9487268671661546,0.0,5.628702830577054,0.0,8.213926867362774,0.0,8.321870156215148,0.0,13.282151923318885,0.0,4.00285499320209,0.0,4.211071874160684,0.0,0.7793833228752015,0.0,-3.839859810632352,0.0,0.9637728336138683,0.0,""
"2026-09-25 17:20:52","git-master-bddc7a050319718b5e4e0856afec0bc9ea96418f","C:\Users\marco\Desktop\ds004507\derivatives\labels\sub-007\ses-headUp\anat\sub-007_ses-headUp_T2w_seg-manual.nii.gz","842","4","",86.61171292429292,0.0,-2.9394741687403556,0.0,5.514062384979541,0.0,8.270090842312719,0.0,8.361181375481811,0.0,13.22991566083336,0.0,4.040673552054553,0.0,4.229417290258166,0.0,0.7749279525151869,0.0,-4.5831764297017505,0.0,0.9647902884876208,0.0,""
"2026-09-25 17:20:52","git-master-bddc7a050319718b5e4e0856afec0bc9ea96418f","C:\Users\marco\Desktop\ds004507\derivatives\labels\sub-007\ses-headUp\anat\sub-007_ses-headUp_T2w_seg-manual.nii.gz","843","4","",86.76946582416804,0.0,-2.929078057129938,0.0,5.399286990983183,0.0,8.311038004672724,0.0,8.396785668974665,0.0,13.200166339840392,0.0,4.045927852593096,0.0,4.265110152079629,0.0,0.7715927080588747,0.0,-5.3082013928053104,0.0,0.9662646097469318,0.0,""
"2026-09-25 17:20:52","git-master-bddc7a050319718b5e4e0856afec0bc9ea96418f","C:\Users\marco\Desktop\ds004507\derivatives\labels\sub-007\ses-headUp\anat\sub-007_ses-headUp_T2w_seg-manual.nii.gz","844","4","",86.28573387431018,0.0,-2.917375152952798,0.0,5.284357725869671,0.0,8.311988345243881,0.0,8.362535933917114,0.0,13.206207322246915,0.0,3.998838901054756,0.0,4.313149444189124,0.0,0.773964478925372,0.0,-5.232982007663582,0.0,0.9664283427974036,0.0,""
"2026-09-25 17:20:52","git-master-bddc7a050319718b5e4e0856afec0bc9ea96418f","C:\Users\marco\Desktop\ds004507\derivatives\labels\sub-007\ses-headUp\anat\sub-007_ses-headUp_T2w_seg-manual.nii.gz","845","4","",86.72379968288926,0.0,-2.9037935670365855,0.0,5.169208723600571,0.0,8.23122071512597,0.0,8.404041292221416,0.0,13.259898053575355,0.0,3.946724394228564,0.0,4.284496320897404,0.0,0.7735031328604882,0.0,-3.9609480279411358,0.0,0.9684782868027667,0.0,""
"2026-09-25 17:20:52","git-master-bddc7a050319718b5e4e0856afec0bc9ea96418f","C:\Users\marco\Desktop\ds004507\derivatives\labels\sub-007\ses-headUp\anat\sub-007_ses-headUp_T2w_seg-manual.nii.gz","846","4","",86.5199447592913,0.0,-2.8890683341978214,0.0,5.0539267371935015,0.0,8.149523726443627,0.0,8.383426021180957,0.0,13.261784621227104,0.0,3.8958895900798893,0.0,4.253634136363738,0.0,0.7748445372578742,0.0,-2.7722228017243538,0.0,0.9662258079455546,0.0,""
"2026-09-25 17:20:52","git-master-bddc7a050319718b5e4e0856afec0bc9ea96418f","C:\Users\marco\Desktop\ds004507\derivatives\labels\sub-007\ses-headUp\anat\sub-007_ses-headUp_T2w_seg-manual.nii.gz","847","4","",85.5237644296914,0.0,-2.873199427920242,0.0,4.938511959796717,0.0,8.074449458724144,0.0,8.289852002442645,0.0,13.200235133558678,0.0,3.8497602354821194,0.0,4.224689223242025,0.0,0.7782059880490891,0.0,-1.8627450846197298,0.0,0.9595158379501026,0.0,""
"2026-09-25 17:20:52","git-master-bddc7a050319718b5e4e0856afec0bc9ea96418f","C:\Users\marco\Desktop\ds004507\derivatives\labels\sub-007\ses-headUp\anat\sub-007_ses-headUp_T2w_seg-manual.nii.gz","848","4","",84.28577788998274,0.0,-2.8553697247308554,0.0,4.822870989186523,0.0,7.9977301439261845,0.0,8.231676786911617,0.0,13.07085844092788,0.0,3.8719272754920118,0.0,4.125802868434173,0.0,0.7767717324283255,0.0,-2.7833383029640797,0.0,0.9619535520053385,0.0,""
"2026-09-25 17:20:52","git-master-bddc7a050319718b5e4e0856afec0bc9ea96418f","C:\Users\marco\Desktop\ds004507\derivatives\labels\sub-007\ses-headUp\anat\sub-007_ses-headUp_T2w_seg-manual.nii.gz","849","4","",83.66311514818237,0.0,-2.8363143632032135,0.0,4.707089636543963,0.0,7.92194042326538,0.0,8.210631777162112,0.0,13.04015595791466,0.0,3.8505342333175516,0.0,4.0714061899478295,0.0,0.7768826856240624,0.0,-3.4998386917293156,0.0,0.9692609122074557,0.0,""
"2026-09-25 17:20:52","git-master-bddc7a050319718b5e4e0856afec0bc9ea96418f","C:\Users\marco\Desktop\ds004507\derivatives\labels\sub-007\ses-headUp\anat\sub-007_ses-headUp_T2w_seg-manual.nii.gz","850","4","",83.44687326320029,0.0,-2.8161150070283876,0.0,4.59117752800312,0.0,7.85775476806711,0.0,8.208253035118817,0.0,13.062643189503644,0.0,3.7998749441248894,0.0,4.057879823942221,0.0,0.7779099011225097,0.0,-3.8286664147912566,0.0,0.9782749609252024,0.0,""
"2026-09-25 17:20:52","git-master-bddc7a050319718b5e4e0856afec0bc9ea96418f","C:\Users\marco\Desktop\ds004507\derivatives\labels\sub-007\ses-headUp\anat\sub-007_ses-headUp_T2w_seg-manual.nii.gz","851","4","",83.21070758383506,0.0,-2.7941994831397383,0.0,4.475070288109573,0.0,7.851236877067099,0.0,8.173916478297805,0.0,13.01901668909268,0.0,3.748028145731903,0.0,4.1032087313351955,0.0,0.7783392628524352,0.0,-2.8365375464377927,0.0,0.9792053628359192,0.0,""
"2026-09-25 17:20:52","git-master-bddc7a050319718b5e4e0856afec0bc9ea96418f","C:\Users\marco\Desktop\ds004507\derivatives\labels\sub-007\ses-headUp\anat\sub-007_ses-headUp_T2w_seg-manual.nii.gz","852","4","",84.22303859905057,0.0,-2.7708127300166288,0.0,4.358797012263386,0.0,7.850990681221811,0.0,8.183679994171031,0.0,13.143439914245082,0.0,3.7445691985656904,0.0,4.1064214826561205,0.0,0.782438039855301,0.0,-2.8834985010640493,0.0,0.9692773619828308,0.0,""
"2026-09-25 17:20:52","git-master-bddc7a050319718b5e4e0856afec0bc9ea96418f","C:\Users\marco\Desktop\ds004507\derivatives\labels\sub-007\ses-headUp\anat\sub-007_ses-headUp_T2w_seg-manual.nii.gz","853","4","",85.30564314491915,0.0,-2.746281592389511,0.0,4.242395077995675,0.0,7.885699137548154,0.0,8.20316287820468,0.0,13.275577515888818,0.0,3.77292056285719,0.0,4.112778574690964,0.0,0.7862453877178712,0.0,-3.422605558937236,0.0,0.9591612093643124,0.0,""
"2026-09-25 17:20:52","git-master-bddc7a050319718b5e4e0856afec0bc9ea96418f","C:\Users\marco\Desktop\ds004507\derivatives\labels\sub-007\ses-headUp\anat\sub-007_ses-headUp_T2w_seg-manual.nii.gz","854","4","",85.32045436074344,0.0,-2.720278980986548,0.0,4.125828343739544,0.0,8.00401929001825,0.0,8.203538350528023,0.0,13.25950236008976,0.0,3.8346820196703195,0.0,4.169337270347931,0.0,0.7856339310895986,0.0,-4.188141345037087,0.0,0.959419640684208,0.0,""
"2026-09-25 17:20:52","git-master-bddc7a050319718b5e4e0856afec0bc9ea96418f","C:\Users\marco\Desktop\ds004507\derivatives\labels\sub-007\ses-headUp\anat\sub-007_ses-headUp_T2w_seg-manual.nii.gz","855","4","",84.49111851337406,0.0,-2.692559347558521,0.0,4.009070803969496,0.0,8.012955677692558,0.0,8.193020412983325,0.0,13.152015574400034,0.0,3.8411990745943734,0.0,4.171756603098184,0.0,0.7822316042631675,0.0,-3.7477704025831295,0.0,0.9622609548204542,0.0,""
"2026-09-25 17:20:52","git-master-bddc7a050319718b5e4e0856afec0bc9ea96418f","C:\Users\marco\Desktop\ds004507\derivatives\labels\sub-007\ses-headUp\anat\sub-007_ses-headUp_T2w_seg-manual.nii.gz","856","4","",83.70152251866611,0.0,-2.66369488124636,0.0,3.892186765418723,0.0,7.963619492128937,0.0,8.210282030555138,0.0,13.041116237618713,0.0,3.813078637326956,0.0,4.1505408548019815,0.0,0.7768861029336428,0.0,-3.8721691577552213,0.0,0.9629838599794709,0.0,""
"2026-09-25 17:20:52","git-master-bddc7a050319718b5e4e0856afec0bc9ea96418f","C:\Users\marco\Desktop\ds004507\derivatives\labels\sub-007\ses-headUp\anat\sub-007_ses-headUp_T2w_seg-manual.nii.gz","857","4","",83.21272117814853,0.0,-2.6336037433294424,0.0,3.7751674945579836,0.0,7.8581269509357945,0.0,8.272325383621157,0.0,12.951215682740193,0.0,3.748786076597782,0.0,4.109340874338013,0.0,0.7694232313346653,0.0,-5.188267238953178,0.0,0.959791185153686,0.0,""
"2026-09-25 17:20:52","git-master-bddc7a050319718b5e4e0856afec0bc9ea96418f","C:\Users\marco\Desktop\ds004507\derivatives\labels\sub-007\ses-headUp\anat\sub-007_ses-headUp_T2w_seg-manual.nii.gz","858","4","",81.99965668787348,0.0,-2.6028127517587456,0.0,3.658357960095025,0.0,7.8616491477058,0.0,8.170048332652856,0.0,12.862999133917318,0.0,3.711735453603786,0.0,4.149913694102015,0.0,0.7723836936033838,0.0,-4.782816622333144,0.0,0.9580044710316659,0.0,""
"2026-09-25 17:20:52","git-master-bddc7a050319718b5e4e0856afec0bc9ea96418f","C:\Users\marco\Desktop\ds004507\derivatives\labels\sub-007\ses-headUp\anat\sub-007_ses-headUp_T2w_seg-manual.nii.gz","859","4","",81.53985821127056,0.0,-2.5722977313526156,0.0,3.5419019241478766,0.0,7.857252686898234,0.0,8.101880488687234,0.0,12.8571044019571,0.0,3.703340194510385,0.0,4.15391249238785,0.0,0.7764456652690632,0.0,-4.471225863353315,0.0,0.9564628037791193,0.0,""
"2026-09-25 17:20:52","git-master-bddc7a050319718b5e4e0856afec0bc9ea96418f","C:\Users\marco\Desktop\ds004507\derivatives\labels\sub-007\ses-headUp\anat\sub-007_ses-headUp_T2w_seg-manual.nii.gz","860","4","",81.74465357952596,0.0,-2.5421113267565687,0.0,3.4258173850123677,0.0,7.830161611249816,0.0,8.068732107042544,0.0,12.924446329041086,0.0,3.7152169461582423,0.0,4.114944665091573,0.0,0.7811778076454456,0.0,-4.269628423556448,0.0,0.9556767923680618,0.0,""
"2026-09-25 17:20:52","git-master-bddc7a050319718b5e4e0856afec0bc9ea96418f","C:\Users\marco\Desktop\ds004507\derivatives\labels\sub-007\ses-headUp\anat\sub-007_ses-headUp_T2w_seg-manual.nii.gz","861","4","",81.2757225484325,0.0,-2.512464913267296,0.0,3.3103453045265203,0.0,7.674360117931069,0.0,8.003545012121881,0.0,12.960876935731338,0.0,3.668083430845584,0.0,4.006276687085486,0.0,0.7865342880378862,0.0,-3.5751414338404635,0.0,0.9616014236002267,0.0,""
"2026-09-25 17:20:52","git-master-bddc7a050319718b5e4e0856afec0bc9ea96418f","C:\Users\marco\Desktop\ds004507\derivatives\labels\sub-007\ses-headUp\anat\sub-007_ses-headUp_T2w_seg-manual.nii.gz","862","4","",81.4357313761133,0.0,-2.4831942409785843,0.0,3.1953009753287818,0.0,7.6273008020828525,0.0,8.02254384665067,0.0,13.008834391472407,0.0,3.66549536966076,0.0,3.9618054324220924,0.0,0.7871994242549801,0.0,-3.4894005017488077,0.0,0.9667588359239003,0.0,""
"2026-09-25 17:20:52","git-master-bddc7a050319718b5e4e0856afec0bc9ea96418f","C:\Users\marco\Desktop\ds004507\derivatives\labels\sub-007\ses-headUp\anat\sub-007_ses-headUp_T2w_seg-manual.nii.gz","863","4","",81.49672092559747,0.0,-2.4542523707748174,0.0,3.080631443446186,0.0,7.638738409455319,0.0,8.076199131870379,0.0,13.004165737235965,0.0,3.672058341590394,0.0,3.9666800678649246,0.0,0.7836922961665403,0.0,-3.7211339247871176,0.0,0.969322325270599,0.0,""
"2026-09-25 17:20:52","git-master-bddc7a050319718b5e4e0856afec0bc9ea96418f","C:\Users\marco\Desktop\ds004507\derivatives\labels\sub-007\ses-headUp\anat\sub-007_ses-headUp_T2w_seg-manual.nii.gz","864","4","",79.74651868005319,0.0,-2.4257802912095703,0.0,2.9664986604259176,0.0,7.639493810401831,0.0,8.079061878592512,0.0,12.763057232725142,0.0,3.614998174190233,0.0,4.024495636211598,0.0,0.7740516352504948,0.0,-3.8530861386905544,0.0,0.9632363652535041,0.0,""
"2026-09-25 17:20:52","git-master-bddc7a050319718b5e4e0856afec0bc9ea96418f","C:\Users\marco\Desktop\ds004507\derivatives\labels\sub-007\ses-headUp\anat\sub-007_ses-headUp_T2w_seg-manual.nii.gz","865","4","",79.71603538474702,0.0,-2.397754616689468,0.0,2.852877692306447,0.0,7.7107058944416815,0.0,8.107354845431146,0.0,12.686695641995858,0.0,3.682389342483597,0.0,4.028316551958085,0.0,0.7691574481239607,0.0,-3.7992712478004456,0.0,0.9639500007105649,0.0,""
"2026-09-25 17:20:52","git-master-bddc7a050319718b5e4e0856afec0bc9ea96418f","C:\Users\marco\Desktop\ds004507\derivatives\labels\sub-007\ses-headUp\anat\sub-007_ses-headUp_T2w_seg-manual.nii.gz","866","4","",80.22849613154274,0.0,-2.3700579141335174,0.0,2.7396346302046277,0.0,7.794994209530312,0.0,8.13863845986443,0.0,12.671851871059022,0.0,3.7573679636876056,0.0,4.037626245842707,0.0,0.7664853084127092,0.0,-3.552378870640111,0.0,0.9667474705363354,0.0,""
"2026-09-25 17:20:52","git-master-bddc7a050319718b5e4e0856afec0bc9ea96418f","C:\Users\marco\Desktop\ds004507\derivatives\labels\sub-007\ses-headUp\anat\sub-007_ses-headUp_T2w_seg-manual.nii.gz","867","4","",80.74069104067158,0.0,-2.3427607157210963,0.0,2.6268511636542553,0.0,7.8597893729954915,0.0,8.159212184305526,0.0,12.67717961714353,0.0,3.76495652600608,0.0,4.094832846989412,0.0,0.7653498857317613,0.0,-3.019856339688059,0.0,0.9694102019590088,0.0,""
"2026-09-25 17:20:52","git-master-bddc7a050319718b5e4e0856afec0bc9ea96418f","C:\Users\marco\Desktop\ds004507\derivatives\labels\sub-007\ses-headUp\anat\sub-007_ses-headUp_T2w_seg-manual.nii.gz","868","4","",80.58822916122463,0.0,-2.315980633099456,0.0,2.514664550265328,0.0,7.866851584549999,0.0,8.084569390938338,0.0,12.718969727997377,0.0,3.773373942577613,0.0,4.093477641972386,0.0,0.7719335299733996,0.0,-2.7598167209611097,0.0,0.9702609230540223,0.0,""
"2026-09-25 17:20:52","git-master-bddc7a050319718b5e4e0856afec0bc9ea96418f","C:\Users\marco\Desktop\ds004507\derivatives\labels\sub-007\ses-headUp\anat\sub-007_ses-headUp_T2w_seg-manual.nii.gz","869","4","",80.23405170318897,0.0,-2.289529677014148,0.0,2.4028587638175485,0.0,7.869763688608621,0.0,8.04354255829512,0.0,12.703338017255781,0.0,3.7833672228418362,0.0,4.086396465766784,0.0,0.773966783337837,0.0,-3.0365260969941414,0.0,0.9691104634571439,0.0,""
"2026-09-25 17:20:52","git-master-bddc7a050319718b5e4e0856afec0bc9ea96418f","C:\Users\marco\Desktop\ds004507\derivatives\labels\sub-007\ses-headUp\anat\sub-007_ses-headUp_T2w_seg-manual.nii.gz","870","4","",79.73849898447084,0.0,-2.2634078618791595,0.0,2.2914340801180844,0.0,7.8774136061859,0.0,8.061824856440872,0.0,12.60829580911043,0.0,3.795222297067713,0.0,4.082191309118187,0.0,0.7688689573596029,0.0,-3.949080134484286,0.0,0.9657275277472862,0.0,""
"2026-09-25 17:20:52","git-master-bddc7a050319718b5e4e0856afec0bc9ea96418f","C:\Users\marco\Desktop\ds004507\derivatives\labels\sub-007\ses-headUp\anat\sub-007_ses-headUp_T2w_seg-manual.nii.gz","871","3","",79.02372928120415,0.0,-2.2266389760119343,0.0,2.1319657268573815,0.0,7.869654518430149,0.0,8.103813475939303,0.0,12.421270679434922,0.0,3.8026020101511975,0.0,4.067052508278952,0.0,0.7578625870545737,0.0,-2.8621311803237104,0.0,0.9705518436030686,0.0,""
"2026-09-25 17:20:52","git-master-bddc7a050319718b5e4e0856afec0bc9ea96418f","C:\Users\marco\Desktop\ds004507\derivatives\labels\sub-007\ses-headUp\anat\sub-007_ses-headUp_T2w_seg-manual.nii.gz","872","3","",78.7101815300127,0.0,-2.194708131836663,0.0,1.991092797897999,0.0,7.865364890287379,0.0,8.057506167968455,0.0,12.437877593367293,0.0,3.7289186401284327,0.0,4.136446250158946,0.0,0.7617897723236406,0.0,-3.159697931983449,0.0,0.9687193264040074,0.0,""
"2026-09-25 17:20:52","git-master-bddc7a050319718b5e4e0856afec0bc9ea96418f","C:\Users\marco\Desktop\ds004507\derivatives\labels\sub-007\ses-headUp\anat\sub-007_ses-headUp_T2w_seg-manual.nii.gz","873","3","",77.83206106085976,0.0,-2.16343593898095,0.0,1.8509893480741484,0.0,7.8702054217360065,0.0,8.104989148602458,0.0,12.302117463964992,0.0,3.7334300719586895,0.0,4.1367753497773165,0.0,0.7522154574467188,0.0,-4.680796959180808,0.0,0.9691050620525872,0.0,""
"2026-09-25 17:20:52","git-master-bddc7a050319718b5e4e0856afec0bc9ea96418f","C:\Users\marco\Desktop\ds004507\derivatives\labels\sub-007\ses-headUp\anat\sub-007_ses-headUp_T2w_seg-manual.nii.gz","874","3","",77.59781095394088,0.0,-2.1328224937594373,0.0,1.711657329685895,0.0,7.863468236292919,0.0,8.13528866327301,0.0,12.25583603794006,0.0,3.740337331281419,0.0,4.1231309050115,0.0,0.7479179903708039,0.0,-5.071328851566658,0.0,0.9647602397602397,0.0,""
"2026-09-25 17:20:52","git-master-bddc7a050319718b5e4e0856afec0bc9ea96418f","C:\Users\marco\Desktop\ds004507\derivatives\labels\sub-007\ses-headUp\anat\sub-007_ses-headUp_T2w_seg-manual.nii.gz","875","3","",78.20916539879697,0.0,-2.1028678888529098,0.0,1.5730986436020562,0.0,7.8586481043132475,0.0,8.138283184303486,0.0,12.352979252119795,0.0,3.745000297105354,0.0,4.113647807207894,0.0,0.7522443793620954,0.0,-4.2713947553303715,0.0,0.9646334829321366,0.0,""
"2026-09-25 17:20:52","git-master-bddc7a050319718b5e4e0856afec0bc9ea96418f","C:\Users\marco\Desktop\ds004507\derivatives\labels\sub-007\ses-headUp\anat\sub-007_ses-headUp_T2w_seg-manual.nii.gz","876","3","",78.21551590926923,0.0,-2.0735722134072136,0.0,1.4353151397598893,0.0,7.859229640677923,0.0,8.13130601738572,0.0,12.363690105830983,0.0,3.752717914629963,0.0,4.106511726047961,0.0,0.7532620573024977,0.0,-4.3084700007145775,0.0,0.9682249951623922,0.0,""
"2026-09-25 17:20:52","git-master-bddc7a050319718b5e4e0856afec0bc9ea96418f","C:\Users\marco\Desktop\ds004507\derivatives\labels\sub-007\ses-headUp\anat\sub-007_ses-headUp_T2w_seg-manual.nii.gz","877","3","",77.49598129547243,0.0,-2.0449355531303954,0.0,1.2983086176694731,0.0,7.864300533285877,0.0,8.104612181848204,0.0,12.295960460458453,0.0,3.7626043089405057,0.0,4.101696224345371,0.0,0.752003461718752,0.0,-4.952739266634373,0.0,0.9701763822905365,0.0,""
"2026-09-25 17:20:52","git-master-bddc7a050319718b5e4e0856afec0bc9ea96418f","C:\Users\marco\Desktop\ds004507\derivatives\labels\sub-007\ses-headUp\anat\sub-007_ses-headUp_T2w_seg-manual.nii.gz","878","3","",77.34011767956596,0.0,-2.016957990388055,0.0,1.1620808269225829,0.0,7.868919498511728,0.0,8.060449749071154,0.0,12.347188116541082,0.0,3.7693976820382997,0.0,4.099521816473428,0.0,0.7575129016534448,0.0,-4.428596629506307,0.0,0.9678007694823797,0.0,""
"2026-09-25 17:20:52","git-master-bddc7a050319718b5e4e0856afec0bc9ea96418f","C:\Users\marco\Desktop\ds004507\derivatives\labels\sub-007\ses-headUp\anat\sub-007_ses-headUp_T2w_seg-manual.nii.gz","879","3","",77.58674088048528,0.0,-1.9896396042969022,0.0,1.0266334677058735,0.0,7.847019060649961,0.0,8.053594926975537,0.0,12.39647483229055,0.0,3.7702486995925106,0.0,4.0767703610574495,0.0,0.7602025546828449,0.0,-3.9601019106402915,0.0,0.9628328461605359,0.0,""
"2026-09-25 17:20:52","git-master-bddc7a050319718b5e4e0856afec0bc9ea96418f","C:\Users\marco\Desktop\ds004507\derivatives\labels\sub-007\ses-headUp\anat\sub-007_ses-headUp_T2w_seg-manual.nii.gz","880","3","",77.26886953117958,0.0,-1.9629804708165275,0.0,0.891968191318178,0.0,7.747474653226707,0.0,7.974329282084804,0.0,12.446986260940257,0.0,3.7777448977245465,0.0,3.969729755502161,0.0,0.7678218095822227,0.0,-4.511972803795339,0.0,0.966953485472004,0.0,""
"2026-09-25 17:20:52","git-master-bddc7a050319718b5e4e0856afec0bc9ea96418f","C:\Users\marco\Desktop\ds004507\derivatives\labels\sub-007\ses-headUp\anat\sub-007_ses-headUp_T2w_seg-manual.nii.gz","881","3","",76.62776388928827,0.0,-1.9370748652981262,0.0,0.7581988484340313,0.0,7.7473052719109745,0.0,7.941942438210253,0.0,12.396695999951643,0.0,3.7852750002395643,0.0,3.9620302716714106,0.0,0.7678331033108918,0.0,-4.638464762083803,0.0,0.9675495754272945,0.0,""
"2026-09-25 17:20:52","git-master-bddc7a050319718b5e4e0856afec0bc9ea96418f","C:\Users\marco\Desktop\ds004507\derivatives\labels\sub-007\ses-headUp\anat\sub-007_ses-headUp_T2w_seg-manual.nii.gz","882","3","",75.98613440554462,0.0,-1.911828676991011,0.0,0.6252152397459145,0.0,7.745834585463403,0.0,7.9286171194846276,0.0,12.32563055751383,0.0,3.7117918029112733,0.0,4.03404278255213,0.0,0.7656401497289391,0.0,-5.438085868541809,0.0,0.966918947896332,0.0,""
"2026-09-25 17:20:52","git-master-bddc7a050319718b5e4e0856afec0bc9ea96418f","C:\Users\marco\Desktop\ds004507\derivatives\labels\sub-007\ses-headUp\anat\sub-007_ses-headUp_T2w_seg-manual.nii.gz","883","3","",76.31138607468257,0.0,-1.887241971279018,0.0,0.4930188452862546,0.0,7.65153397570127,0.0,7.861874100748358,0.0,12.485076904036891,0.0,3.6899927272365782,0.0,3.9615412484646924,0.0,0.7766463534962516,0.0,-5.439003474673383,0.0,0.9584258497495522,0.0,""
"2026-09-25 17:20:52","git-master-bddc7a050319718b5e4e0856afec0bc9ea96418f","C:\Users\marco\Desktop\ds004507\derivatives\labels\sub-007\ses-headUp\anat\sub-007_ses-headUp_T2w_seg-manual.nii.gz","884","3","",76.95880187810498,0.0,-1.863314810817646,0.0,0.36161109884560805,0.0,7.604939584168652,0.0,7.811859734357108,0.0,12.655364734235985,0.0,3.7495325407635303,0.0,3.855407043405122,0.0,0.7867005913619394,0.0,-5.410575764393842,0.0,0.9579340033766814,0.0,""
"2026-09-25 17:20:52","git-master-bddc7a050319718b5e4e0856afec0bc9ea96418f","C:\Users\marco\Desktop\ds004507\derivatives\labels\sub-007\ses-headUp\anat\sub-007_ses-headUp_T2w_seg-manual.nii.gz","885","3","",76.47688131234231,0.0,-1.8400472556137701,0.0,0.2309933885119562,0.0,7.559815101405212,0.0,7.799858424102782,0.0,12.593280300175527,0.0,3.7534654772960425,0.0,3.8063496241091697,0.0,0.7849835629913642,0.0,-5.588270953865253,0.0,0.9600731931392842,0.0,""
"2026-09-25 17:20:52","git-master-bddc7a050319718b5e4e0856afec0bc9ea96418f","C:\Users\marco\Desktop\ds004507\derivatives\labels\sub-007\ses-headUp\anat\sub-007_ses-headUp_T2w_seg-manual.nii.gz","886","3","",75.60233168554574,0.0,-1.8174393631035435,0.0,0.10116705721251522,0.0,7.497748478270009,0.0,7.799851058394549,0.0,12.459696603758387,0.0,3.6968135168240868,0.0,3.800934961445922,0.0,0.7798081248768678,0.0,-5.490681528400481,0.0,0.9590025768819104,0.0,""
"2026-09-25 17:20:52","git-master-bddc7a050319718b5e4e0856afec0bc9ea96418f","C:\Users\marco\Desktop\ds004507\derivatives\labels\sub-007\ses-headUp\anat\sub-007_ses-headUp_T2w_seg-manual.nii.gz","887","3","",75.9406598021393,0.0,-1.7954911882284745,0.0,-0.027866596742107157,0.0,7.535782609104621,0.0,7.806066672274806,0.0,12.50361411551339,0.0,3.715915046431891,0.0,3.81986756267273,0.0,0.7811725098998904,0.0,-5.236698448695621,0.0,0.9579051532759078,0.0,""
"2026-09-25 17:20:52","git-master-bddc7a050319718b5e4e0856afec0bc9ea96418f","C:\Users\marco\Desktop\ds004507\derivatives\labels\sub-007\ses-headUp\anat\sub-007_ses-headUp_T2w_seg-manual.nii.gz","888","3","",76.31544856925454,0.0,-1.7742027835096803,0.0,-0.15610631911157516,0.0,7.743548074407403,0.0,7.864957052212186,0.0,12.47396630362231,0.0,3.821768242473373,0.0,3.921779831934029,0.0,0.7761535790099571,0.0,-6.060889212302124,0.0,0.9534713688325515,0.0,""
"2026-09-25 17:20:52","git-master-bddc7a050319718b5e4e0856afec0bc9ea96418f","C:\Users\marco\Desktop\ds004507\derivatives\labels\sub-007\ses-headUp\anat\sub-007_ses-headUp_T2w_seg-manual.nii.gz","889","3","",77.25653997206835,0.0,-1.7535741991203133,0.0,-0.28355089917746945,0.0,8.043234068578201,0.0,7.995506441980857,0.0,12.425704374215142,0.0,4.035143633340759,0.0,4.008090435237441,0.0,0.7654754953838075,0.0,-6.515102609901523,0.0,0.9436534014847268,0.0,""
"2026-09-25 17:20:52","git-master-bddc7a050319718b5e4e0856afec0bc9ea96418f","C:\Users\marco\Desktop\ds004507\derivatives\labels\sub-007\ses-headUp\anat\sub-007_ses-headUp_T2w_seg-manual.nii.gz","890","3","",75.64406464958145,0.0,-1.733699758388212,0.0,-0.41008519942453003,0.0,7.8420434629389035,0.0,7.879973736541125,0.0,12.335571095303493,0.0,3.9408698935242565,0.0,3.901173569414647,0.0,0.7693726364531809,0.0,-6.3575108087587875,0.0,0.9410619156078819,0.0,""
"2026-09-25 17:20:52","git-master-bddc7a050319718b5e4e0856afec0bc9ea96418f","C:\Users\marco\Desktop\ds004507\derivatives\labels\sub-007\ses-headUp\anat\sub-007_ses-headUp_T2w_seg-manual.nii.gz","891","3","",74.90065673159336,0.0,-1.7144852456804391,0.0,-0.5358217112917594,0.0,7.635504107415122,0.0,7.778334760932568,0.0,12.37442748767817,0.0,3.743522099055094,0.0,3.8919820083600287,0.0,0.7777065063680084,0.0,-5.305595020730223,0.0,0.9483014450255436,0.0,""
"2026-09-25 17:20:52","git-master-bddc7a050319718b5e4e0856afec0bc9ea96418f","C:\Users\marco\Desktop\ds004507\derivatives\labels\sub-007\ses-headUp\anat\sub-007_ses-headUp_T2w_seg-manual.nii.gz","892","3","",74.74518511972708,0.0,-1.69593070333273,0.0,-0.6607593757712529,0.0,7.570284772601872,0.0,7.715193002381267,0.0,12.440604433131314,0.0,3.7571067962363496,0.0,3.8131779763655227,0.0,0.7844475485841382,0.0,-5.974176181127331,0.0,0.9547423152828282,0.0,""
"2026-09-25 17:20:52","git-master-bddc7a050319718b5e4e0856afec0bc9ea96418f","C:\Users\marco\Desktop\ds004507\derivatives\labels\sub-007\ses-headUp\anat\sub-007_ses-headUp_T2w_seg-manual.nii.gz","893","3","",75.55022511064503,0.0,-1.6780361716644734,0.0,-0.7848971746095159,0.0,7.6313079237197545,0.0,7.75351117973225,0.0,12.505174092487817,0.0,3.787923804899714,0.0,3.8433841188200404,0.0,0.7845819411640974,0.0,-5.706233658419336,0.0,0.959321266726151,0.0,""
"2026-09-25 17:20:52","git-master-bddc7a050319718b5e4e0856afec0bc9ea96418f","C:\Users\marco\Desktop\ds004507\derivatives\labels\sub-007\ses-headUp\anat\sub-007_ses-headUp_T2w_seg-manual.nii.gz","894","3","",75.70962705514539,0.0,-1.6608016890389106,0.0,-0.9082341297503295,0.0,7.631123969320478,0.0,7.772679969030418,0.0,12.505427359833693,0.0,3.782845931539708,0.0,3.8482780377807697,0.0,0.7833798399503954,0.0,-5.212849036870184,0.0,0.9571522736496266,0.0,""
"2026-09-25 17:20:52","git-master-bddc7a050319718b5e4e0856afec0bc9ea96418f","C:\Users\marco\Desktop\ds004507\derivatives\labels\sub-007\ses-headUp\anat\sub-007_ses-headUp_T2w_seg-manual.nii.gz","895","3","",75.34455393989145,0.0,-1.6442272919214973,0.0,-1.0307693027769667,0.0,7.565108801421259,0.0,7.769733043781544,0.0,12.456649144938485,0.0,3.7753530184803883,0.0,3.7897557829408703,0.0,0.7816078410654965,0.0,-4.716165483400751,0.0,0.952546042382703,0.0,""
"2026-09-25 17:20:52","git-master-bddc7a050319718b5e4e0856afec0bc9ea96418f","C:\Users\marco\Desktop\ds004507\derivatives\labels\sub-007\ses-headUp\anat\sub-007_ses-headUp_T2w_seg-manual.nii.gz","896","3","",75.98722415734842,0.0,-1.6283130149364209,0.0,-1.1525017943538949,0.0,7.591848572417649,0.0,7.84016703125072,0.0,12.44508879490521,0.0,3.7656834594172897,0.0,3.8261651130003598,0.0,0.7766110094386541,0.0,-3.3777982826678805,0.0,0.9543841431200015,0.0,""
"2026-09-25 17:20:52","git-master-bddc7a050319718b5e4e0856afec0bc9ea96418f","C:\Users\marco\Desktop\ds004507\derivatives\labels\sub-007\ses-headUp\anat\sub-007_ses-headUp_T2w_seg-manual.nii.gz","897","3","",76.54887180011553,0.0,-1.6130588909212729,0.0,-1.2734307436681007,0.0,7.6848876284752965,0.0,7.8711109870494,0.0,12.48058031238614,0.0,3.756768910102558,0.0,3.928118718372739,0.0,0.7760510522221612,0.0,-3.16709045723597,0.0,0.9568487355530274,0.0,""
"2026-09-25 17:20:52","git-master-bddc7a050319718b5e4e0856afec0bc9ea96418f","C:\Users\marco\Desktop\ds004507\derivatives\labels\sub-007\ses-headUp\anat\sub-007_ses-headUp_T2w_seg-manual.nii.gz","898","3","",76.54571288645444,0.0,-1.5984649509798778,0.0,-1.3935553278701764,0.0,7.788827493452114,0.0,7.855875991155999,0.0,12.502824374007666,0.0,3.75292052136644,0.0,4.035906972085674,0.0,0.777948448121936,0.0,-3.69556572260112,0.0,0.955563853622106,0.0,""
"2026-09-25 17:20:52","git-master-bddc7a050319718b5e4e0856afec0bc9ea96418f","C:\Users\marco\Desktop\ds004507\derivatives\labels\sub-007\ses-headUp\anat\sub-007_ses-headUp_T2w_seg-manual.nii.gz","899","3","",75.897335691743,0.0,-1.5846255459212435,0.0,-1.512759600149673,0.0,7.785504500803313,0.0,7.837851380618387,0.0,12.408212657450346,0.0,3.84201319347124,0.0,3.9434913073320734,0.0,0.775236211493015,0.0,-4.521966650818819,0.0,0.960870290257926,0.0,""
"2026-09-25 17:20:52","git-master-bddc7a050319718b5e4e0856afec0bc9ea96418f","C:\Users\marco\Desktop\ds004507\derivatives\labels\sub-007\ses-headUp\anat\sub-007_ses-headUp_T2w_seg-manual.nii.gz","900","3","",75.53079964040141,0.0,-1.5714463905783813,0.0,-1.63115774286979,0.0,7.690473354678474,0.0,7.788988833060713,0.0,12.414996494946031,0.0,3.8470476731128302,0.0,3.843425681565644,0.0,0.7787004943594369,0.0,-4.673973407447586,0.0,0.9599457371243613,0.0,""
"2026-09-25 17:20:52","git-master-bddc7a050319718b5e4e0856afec0bc9ea96418f","C:\Users\marco\Desktop\ds004507\derivatives\labels\sub-007\ses-headUp\anat\sub-007_ses-headUp_T2w_seg-manual.nii.gz","901","3","",75.44589937517418,0.0,-1.5589275102520614,0.0,-1.7487490648209463,0.0,7.662274017644541,0.0,7.780617373542489,0.0,12.391338002315452,0.0,3.8430948670674754,0.0,3.819179150577066,0.0,0.7782841567003234,0.0,-5.181521864292836,0.0,0.9575523246636615,0.0,""
"2026-09-25 17:20:52","git-master-bddc7a050319718b5e4e0856afec0bc9ea96418f","C:\Users\marco\Desktop\ds004507\derivatives\labels\sub-007\ses-headUp\anat\sub-007_ses-headUp_T2w_seg-manual.nii.gz","902","3","",75.44137734457888,0.0,-1.5470689287426211,0.0,-1.8655329099650608,0.0,7.711199389110599,0.0,7.748708824317457,0.0,12.387211993878962,0.0,3.8192102743036633,0.0,3.8919891148069365,0.0,0.7801803596707745,0.0,-5.335920537138638,0.0,0.9566938801520709,0.0,""
"2026-09-25 17:20:52","git-master-bddc7a050319718b5e4e0856afec0bc9ea96418f","C:\Users\marco\Desktop\ds004507\derivatives\labels\sub-007\ses-headUp\anat\sub-007_ses-headUp_T2w_seg-manual.nii.gz","903","3","",75.43663859012744,0.0,-1.5358706683904628,0.0,-1.9815086568788585,0.0,7.748805056610151,0.0,7.722513617316958,0.0,12.399357958539186,0.0,3.8391885274814728,0.0,3.909616529128679,0.0,0.7823686246347987,0.0,-5.450761333612048,0.0,0.9572872893706672,0.0,""
"2026-09-25 17:20:52","git-master-bddc7a050319718b5e4e0856afec0bc9ea96418f","C:\Users\marco\Desktop\ds004507\derivatives\labels\sub-007\ses-headUp\anat\sub-007_ses-headUp_T2w_seg-manual.nii.gz","904","3","",75.43160720863375,0.0,-1.5253327501146983,0.0,-2.096675718198042,0.0,7.739081167335719,0.0,7.719281377868824,0.0,12.408740115626388,0.0,3.842753367336646,0.0,3.896327799999073,0.0,0.7829491696033853,0.0,-6.031626083199454,0.0,0.958820377910665,0.0,""
"2026-09-25 17:20:52","git-master-bddc7a050319718b5e4e0856afec0bc9ea96418f","C:\Users\marco\Desktop\ds004507\derivatives\labels\sub-007\ses-headUp\anat\sub-007_ses-headUp_T2w_seg-manual.nii.gz","905","3","",75.5068574410257,0.0,-1.515455193449934,0.0,-2.211033540062443,0.0,7.7269853705934715,0.0,7.711898295001558,0.0,12.428717987734899,0.0,3.7786246815146427,0.0,3.9483606890788288,0.0,0.7842128644230786,0.0,-6.593588177450584,0.0,0.959095443585676,0.0,""
"2026-09-25 17:20:52","git-master-bddc7a050319718b5e4e0856afec0bc9ea96418f","C:\Users\marco\Desktop\ds004507\derivatives\labels\sub-007\ses-headUp\anat\sub-007_ses-headUp_T2w_seg-manual.nii.gz","906","3","",75.66240288138833,0.0,-1.5062380165812057,0.0,-2.3245816015622602,0.0,7.738354977608455,0.0,7.7173092003269215,0.0,12.451361084714657,0.0,3.8613751792370947,0.0,3.8769797983713596,0.0,0.7847559815426312,0.0,-6.241411498955045,0.0,0.9548354762600024,0.0,""
"2026-09-25 17:20:52","git-master-bddc7a050319718b5e4e0856afec0bc9ea96418f","C:\Users\marco\Desktop\ds004507\derivatives\labels\sub-007\ses-headUp\anat\sub-007_ses-headUp_T2w_seg-manual.nii.gz","907","3","",74.68977784227421,0.0,-1.4976812363770533,0.0,-2.437319414185496,0.0,7.763535680873931,0.0,7.694628184137436,0.0,12.328572449917568,0.0,3.844460213000253,0.0,3.919075467873677,0.0,0.7813207546675324,0.0,-7.003251668225526,0.0,0.9636080062386275,0.0,""
"2026-09-25 17:20:52","git-master-bddc7a050319718b5e4e0856afec0bc9ea96418f","C:\Users\marco\Desktop\ds004507\derivatives\labels\sub-007\ses-headUp\anat\sub-007_ses-headUp_T2w_seg-manual.nii.gz","908","2","",75.04538881967856,0.0,-1.4889039630752359,0.0,-2.5631070291398603,0.0,7.764194546924706,0.0,7.730896371713673,0.0,12.326305240019678,0.0,3.8287109317684442,0.0,3.9354836151562624,0.0,0.7788688425548742,0.0,-7.415435637888824,0.0,0.9660357791029297,0.0,""
"2026-09-25 17:20:52","git-master-bddc7a050319718b5e4e0856afec0bc9ea96418f","C:\Users\marco\Desktop\ds004507\derivatives\labels\sub-007\ses-headUp\anat\sub-007_ses-headUp_T2w_seg-manual.nii.gz","909","2","",75.0391124495702,0.0,-1.4820329013802904,0.0,-2.6712189905505825,0.0,7.760168249291253,0.0,7.800917337163634,0.0,12.303472102934046,0.0,3.9099144580575373,0.0,3.850253791233716,0.0,0.7732892801594407,0.0,-6.75704243685043,0.0,0.9650718483662358,0.0,""
"2026-09-25 17:20:52","git-master-bddc7a050319718b5e4e0856afec0bc9ea96418f","C:\Users\marco\Desktop\ds004507\derivatives\labels\sub-007\ses-headUp\anat\sub-007_ses-headUp_T2w_seg-manual.nii.gz","910","2","",75.0326006643007,0.0,-1.4757845451216811,0.0,-2.7785656384507518,0.0,7.759408881086024,0.0,7.810937551609485,0.0,12.30785306653787,0.0,3.9119217803201,0.0,3.847487100765924,0.0,0.7728156313094019,0.0,-6.797229125399042,0.0,0.9668624965708352,0.0,""
"2026-09-25 17:20:52","git-master-bddc7a050319718b5e4e0856afec0bc9ea96418f","C:\Users\marco\Desktop\ds004507\derivatives\labels\sub-007\ses-headUp\anat\sub-007_ses-headUp_T2w_seg-manual.nii.gz","911","2","",75.02589548360022,0.0,-1.4701589041735037,0.0,-2.885146665731076,0.0,7.76030031250763,0.0,7.801971484553842,0.0,12.31008851669672,0.0,3.901838963083979,0.0,3.858461349423651,0.0,0.7735074846796185,0.0,-7.330881035789643,0.0,0.9655268985913733,0.0,""
"2026-09-25 17:20:52","git-master-bddc7a050319718b5e4e0856afec0bc9ea96418f","C:\Users\marco\Desktop\ds004507\derivatives\labels\sub-007\ses-headUp\anat\sub-007_ses-headUp_T2w_seg-manual.nii.gz","912","2","",74.34255679204853,0.0,-1.4651559874386373,0.0,-2.990961789627917,0.0,7.700405551236044,0.0,7.7452572655618095,0.0,12.284486965139228,0.0,3.88072132863178,0.0,3.8196842226042644,0.0,0.7761921226974844,0.0,-7.30019705431222,0.0,0.9628698165535876,0.0,""
"2026-09-25 17:20:52","git-master-bddc7a050319718b5e4e0856afec0bc9ea96418f","C:\Users\marco\Desktop\ds004507\derivatives\labels\sub-007\ses-headUp\anat\sub-007_ses-headUp_T2w_seg-manual.nii.gz","913","2","",73.67356981420374,0.0,-1.460775802862399,0.0,-3.096010751319127,0.0,7.632744555117791,0.0,7.6664736163786396,0.0,12.317163052397879,0.0,3.7802989686655497,0.0,3.8524455864522404,0.0,0.7825971782293825,0.0,-6.719930620418353,0.0,0.9563420711648444,0.0,""
"2026-09-25 17:20:52","git-master-bddc7a050319718b5e4e0856afec0bc9ea96418f","C:\Users\marco\Desktop\ds004507\derivatives\labels\sub-007\ses-headUp\anat\sub-007_ses-headUp_T2w_seg-manual.nii.gz","914","2","",73.96688362725321,0.0,-1.4570183574450841,0.0,-3.200293315521187,0.0,7.5878595432290386,0.0,7.58986312606804,0.0,12.489002603267751,0.0,3.6142659838001645,0.0,3.9735935594288736,0.0,0.7939819222856505,0.0,-6.08227561519625,0.0,0.9478375796211046,0.0,""
"2026-09-25 17:20:52","git-master-bddc7a050319718b5e4e0856afec0bc9ea96418f","C:\Users\marco\Desktop\ds004507\derivatives\labels\sub-007\ses-headUp\anat\sub-007_ses-headUp_T2w_seg-manual.nii.gz","915","2","",74.22617317763557,0.0,-1.4538836572533886,0.0,-3.303809270087677,0.0,7.388264110931271,0.0,7.445845976295383,0.0,12.677800960275649,0.0,3.59741097384763,0.0,3.7908531370836402,0.0,0.8093583440225626,0.0,-4.945669248845282,0.0,0.95512654797,0.0,""
"2026-09-25 17:20:52","git-master-bddc7a050319718b5e4e0856afec0bc9ea96418f","C:\Users\marco\Desktop\ds004507\derivatives\labels\sub-007\ses-headUp\anat\sub-007_ses-headUp_T2w_seg-manual.nii.gz","916","2","",73.61815919135628,0.0,-1.45142832156643,0.0,-3.406488697473341,0.0,7.2843881848863505,0.0,7.415979947702756,0.0,12.58744665073016,0.0,3.5812525420591808,0.0,3.7031356428271702,0.0,0.8080176535170495,0.0,-4.836184067462112,0.0,0.9673456330139324,0.0,""
"2026-09-25 17:20:52","git-master-bddc7a050319718b5e4e0856afec0bc9ea96418f","C:\Users\marco\Desktop\ds004507\derivatives\labels\sub-007\ses-headUp\anat\sub-007_ses-headUp_T2w_seg-manual.nii.gz","917","2","",74.11818282557296,0.0,-1.4496523555080312,0.0,-3.5083313872298625,0.0,7.5394350393066185,0.0,7.589812394895443,0.0,12.427700877026782,0.0,3.65734214914545,0.0,3.882092890161169,0.0,0.791683283967482,0.0,-5.943930753325989,0.0,0.9635709281441941,0.0,""
"2026-09-25 17:20:52","git-master-bddc7a050319718b5e4e0856afec0bc9ea96418f","C:\Users\marco\Desktop\ds004507\derivatives\labels\sub-007\ses-headUp\anat\sub-007_ses-headUp_T2w_seg-manual.nii.gz","918","2","",75.21429266405447,0.0,-1.4484991479242182,0.0,-3.6094069229031533,0.0,7.6748264273618085,0.0,7.737447543351595,0.0,12.424152127111856,0.0,3.7336701823828364,0.0,3.941156244978973,0.0,0.7823858268111902,0.0,-5.836484673167516,0.0,0.9719321198691648,0.0,""
"2026-09-25 17:20:52","git-master-bddc7a050319718b5e4e0856afec0bc9ea96418f","C:\Users\marco\Desktop\ds004507\derivatives\labels\sub-007\ses-headUp\anat\sub-007_ses-headUp_T2w_seg-manual.nii.gz","919","2","",75.68858687824437,0.0,-1.4479687004750246,0.0,-3.709715198361945,0.0,7.698796063140653,0.0,7.803057050903338,0.0,12.422743080825944,0.0,3.7535564471483482,0.0,3.9452396159923055,0.0,0.7781049228927907,0.0,-5.955293115266365,0.0,0.975211597026788,0.0,""
"2026-09-25 17:20:52","git-master-bddc7a050319718b5e4e0856afec0bc9ea96418f","C:\Users\marco\Desktop\ds004507\derivatives\labels\sub-007\ses-headUp\anat\sub-007_ses-headUp_T2w_seg-manual.nii.gz","920","2","",75.53498361851194,0.0,-1.44806101392788,0.0,-3.809256128007344,0.0,7.689222965146207,0.0,7.774040714785789,0.0,12.412317946452191,0.0,3.777553439025331,0.0,3.9116695261208765,0.0,0.7795461047891371,0.0,-5.960956891123113,0.0,0.9717749657013627,0.0,""
"2026-09-25 17:20:52","git-master-bddc7a050319718b5e4e0856afec0bc9ea96418f","C:\Users\marco\Desktop\ds004507\derivatives\labels\sub-007\ses-headUp\anat\sub-007_ses-headUp_T2w_seg-manual.nii.gz","921","2","",75.69503496423826,0.0,-1.448776088158608,0.0,-3.9080296463856987,0.0,7.721376549461375,0.0,7.7468422051428725,0.0,12.4197048032505,0.0,3.848971012996392,0.0,3.8724055364649836,0.0,0.7815962654865913,0.0,-5.677493335202855,0.0,0.9683821751402063,0.0,""
"2026-09-25 17:20:52","git-master-bddc7a050319718b5e4e0856afec0bc9ea96418f","C:\Users\marco\Desktop\ds004507\derivatives\labels\sub-007\ses-headUp\anat\sub-007_ses-headUp_T2w_seg-manual.nii.gz","922","2","",76.65130908527338,0.0,-1.4501139221513066,0.0,-4.006035707803207,0.0,7.8100473984278675,0.0,7.8339093092120695,0.0,12.40912739852775,0.0,3.912226195703176,0.0,3.8978212027246917,0.0,0.7755371169863661,0.0,-5.849255104282666,0.0,0.9683661825916443,0.0,""
"2026-09-25 17:20:52","git-master-bddc7a050319718b5e4e0856afec0bc9ea96418f","C:\Users\marco\Desktop\ds004507\derivatives\labels\sub-007\ses-headUp\anat\sub-007_ses-headUp_T2w_seg-manual.nii.gz","923","2","",76.01464364775435,0.0,-1.4520745139971118,0.0,-4.103274285942268,0.0,7.80945048974443,0.0,7.784065894224586,0.0,12.368329874000699,0.0,3.892241482619308,0.0,3.917209007125122,0.0,0.7771182194738795,0.0,-4.863432047727606,0.0,0.9717309926423131,0.0,""
"2026-09-25 17:20:52","git-master-bddc7a050319718b5e4e0856afec0bc9ea96418f","C:\Users\marco\Desktop\ds004507\derivatives\labels\sub-007\ses-headUp\anat\sub-007_ses-headUp_T2w_seg-manual.nii.gz","924","2","",76.94608564416211,0.0,-1.45477108797293,0.0,-4.199605835369029,0.0,7.873099822401412,0.0,7.921089942244371,0.0,12.37712839868517,0.0,3.967224329579347,0.0,3.9058754928220645,0.0,0.7683752476928934,0.0,-5.6837875655911825,0.0,0.9760936735745871,0.0,""
"2026-09-25 17:20:52","git-master-bddc7a050319718b5e4e0856afec0bc9ea96418f","C:\Users\marco\Desktop\ds004507\derivatives\labels\sub-007\ses-headUp\anat\sub-007_ses-headUp_T2w_seg-manual.nii.gz","925","2","",76.55045959265892,0.0,-1.45809041089471,0.0,-4.295169925187598,0.0,7.8710740283003915,0.0,7.864414823788839,0.0,12.358208503966733,0.0,3.963376030660382,0.0,3.9076979976400095,0.0,0.7713741732202593,0.0,-4.836973012328137,0.0,0.9748262351238846,0.0,""
"2026-09-25 17:20:52","git-master-bddc7a050319718b5e4e0856afec0bc9ea96418f","C:\Users\marco\Desktop\ds004507\derivatives\labels\sub-007\ses-headUp\anat\sub-007_ses-headUp_T2w_seg-manual.nii.gz","926","2","",76.78194261793055,0.0,-1.462032477362444,0.0,-4.389966599728713,0.0,7.863010528828389,0.0,7.867933618352112,0.0,12.398121627689124,0.0,3.9483593077049894,0.0,3.9146512211234,0.0,0.7728353743774055,0.0,-4.1719470230660365,0.0,0.9736485129393588,0.0,""
"2026-09-25 17:20:52","git-master-bddc7a050319718b5e4e0856afec0bc9ea96418f","C:\Users\marco\Desktop\ds004507\derivatives\labels\sub-007\ses-headUp\anat\sub-007_ses-headUp_T2w_seg-manual.nii.gz","927","2","",77.23033702455004,0.0,-1.4665972810501753,0.0,-4.483995920594182,0.0,7.859941031990031,0.0,7.898884940707482,0.0,12.477656783235084,0.0,3.9776030300493437,0.0,3.882338001940688,0.0,0.7741078686555642,0.0,-3.9834586052427285,0.0,0.9750126195778535,0.0,""
"2026-09-25 17:20:52","git-master-bddc7a050319718b5e4e0856afec0bc9ea96418f","C:\Users\marco\Desktop\ds004507\derivatives\labels\sub-007\ses-headUp\anat\sub-007_ses-headUp_T2w_seg-manual.nii.gz","928","2","",77.17186786232018,0.0,-1.4717848146954524,0.0,-4.57725796628909,0.0,7.865683036181049,0.0,7.913600248790741,0.0,12.452337235837264,0.0,4.048015029675495,0.0,3.8176680065055537,0.0,0.7720024681116964,0.0,-4.584969817049281,0.0,0.9723849156517054,0.0,""
"2026-09-25 17:20:52","git-master-bddc7a050319718b5e4e0856afec0bc9ea96418f","C:\Users\marco\Desktop\ds004507\derivatives\labels\sub-007\ses-headUp\anat\sub-007_ses-headUp_T2w_seg-manual.nii.gz","929","2","",76.74528265308253,0.0,-1.47759507008767,0.0,-4.669752831856024,0.0,7.940228887935939,0.0,7.945863091116354,0.0,12.26918415574805,0.0,4.115299857404657,0.0,3.8249290305312824,0.0,0.7618874838805796,0.0,-5.892703183858176,0.0,0.9632059224699479,0.0,""
"2026-09-25 17:20:52","git-master-bddc7a050319718b5e4e0856afec0bc9ea96418f","C:\Users\marco\Desktop\ds004507\derivatives\labels\sub-007\ses-headUp\anat\sub-007_ses-headUp_T2w_seg-manual.nii.gz","930","2","",77.04826688343677,0.0,-1.4839911728309072,0.0,-4.761175742125904,0.0,8.18817354617093,0.0,8.04805382721521,0.0,12.183214332066987,0.0,4.151118009932389,0.0,4.03705553623854,0.0,0.7507498379726747,0.0,-6.4205056926625685,0.0,0.9620520809730937,0.0,""
"2026-09-25 17:20:52","git-master-bddc7a050319718b5e4e0856afec0bc9ea96418f","C:\Users\marco\Desktop\ds004507\derivatives\labels\sub-007\ses-headUp\anat\sub-007_ses-headUp_T2w_seg-manual.nii.gz","931","2","",77.66459629149122,0.0,-1.490624203219189,0.0,-4.848103369934239,0.0,8.19865562028579,0.0,8.069736955315582,0.0,12.249810458906007,0.0,4.2183449173193,0.0,3.9803107029664897,0.0,0.7523484047356945,0.0,-5.58131562074074,0.0,0.9514834135830297,0.0,""
"2026-09-25 17:20:52","git-master-bddc7a050319718b5e4e0856afec0bc9ea96418f","C:\Users\marco\Desktop\ds004507\derivatives\labels\sub-007\ses-headUp\anat\sub-007_ses-headUp_T2w_seg-manual.nii.gz","932","2","",77.99256199634797,0.0,-1.4970517763913531,0.0,-4.926881528234873,0.0,8.092569450096123,0.0,8.009460612347945,0.0,12.397371972538997,0.0,4.092545243639266,0.0,4.000024206456858,0.0,0.7632105876004842,0.0,-6.269886578484655,0.0,0.9502516772506343,0.0,""
"2026-09-25 17:20:52","git-master-bddc7a050319718b5e4e0856afec0bc9ea96418f","C:\Users\marco\Desktop\ds004507\derivatives\labels\sub-007\ses-headUp\anat\sub-007_ses-headUp_T2w_seg-manual.nii.gz","933","2","",77.81527756406346,0.0,-1.5032910170778264,0.0,-4.998194521997036,0.0,8.068046641873257,0.0,8.032631750412376,0.0,12.391480339543643,0.0,4.058981319303888,0.0,4.00906532256937,0.0,0.7614142704263966,0.0,-6.149943319039289,0.0,0.9552654217835156,0.0,""
"2026-09-25 17:20:52","git-master-bddc7a050319718b5e4e0856afec0bc9ea96418f","C:\Users\marco\Desktop\ds004507\derivatives\labels\sub-007\ses-headUp\anat\sub-007_ses-headUp_T2w_seg-manual.nii.gz","934","2","",77.87961055512473,0.0,-1.5093419281748646,0.0,-5.062046658055192,0.0,8.039620929176365,0.0,8.078352469072271,0.0,12.372983501280421,0.0,4.066609435827399,0.0,3.9730114933489666,0.0,0.7574381129654694,0.0,-5.938831066397361,0.0,0.9544521141935357,0.0,""
"2026-09-25 17:20:52","git-master-bddc7a050319718b5e4e0856afec0bc9ea96418f","C:\Users\marco\Desktop\ds004507\derivatives\labels\sub-007\ses-headUp\anat\sub-007_ses-headUp_T2w_seg-manual.nii.gz","935","2","",78.33010673263391,0.0,-1.5152045125158267,0.0,-5.118441900814004,0.0,8.007032989130261,0.0,8.098155058129143,0.0,12.428933398680211,0.0,4.06655191068344,0.0,3.94048107844682,0.0,0.7585662924798876,0.0,-5.207286674235161,0.0,0.9505381042946027,0.0,""
"2026-09-25 17:20:52","git-master-bddc7a050319718b5e4e0856afec0bc9ea96418f","C:\Users\marco\Desktop\ds004507\derivatives\labels\sub-007\ses-headUp\anat\sub-007_ses-headUp_T2w_seg-manual.nii.gz","936","2","",78.66090573758945,0.0,-1.5208787728697835,0.0,-5.167383850080022,0.0,8.022278869333304,0.0,8.096470093827959,0.0,12.475732940206798,0.0,4.0812349221131345,0.0,3.941043947220169,0.0,0.7607812890294158,0.0,-4.453435159076447,0.0,0.9499748009827285,0.0,""
"2026-09-25 17:20:52","git-master-bddc7a050319718b5e4e0856afec0bc9ea96418f","C:\Users\marco\Desktop\ds004507\derivatives\labels\sub-007\ses-headUp\anat\sub-007_ses-headUp_T2w_seg-manual.nii.gz","937","2","",78.34224451193464,0.0,-1.5263647119401578,0.0,-5.208875720808743,0.0,8.074566995845279,0.0,8.08281700471737,0.0,12.401602892420243,0.0,4.1330306736070135,0.0,3.9415363222382647,0.0,0.7583444817034438,0.0,-4.963654618059314,0.0,0.9516148079312992,0.0,""
"2026-09-25 17:20:52","git-master-bddc7a050319718b5e4e0856afec0bc9ea96418f","C:\Users\marco\Desktop\ds004507\derivatives\labels\sub-007\ses-headUp\anat\sub-007_ses-headUp_T2w_seg-manual.nii.gz","938","2","",78.02513870016283,0.0,-1.5316623323633949,0.0,-5.242920324761789,0.0,7.960860135082123,0.0,7.935963817668493,0.0,12.530495669367548,0.0,4.017106235688818,0.0,3.943753899393305,0.0,0.7738802132162431,0.0,-3.477919123472391,0.0,0.9465221098794007,0.0,""
"2026-09-25 17:20:52","git-master-bddc7a050319718b5e4e0856afec0bc9ea96418f","C:\Users\marco\Desktop\ds004507\derivatives\labels\sub-007\ses-headUp\anat\sub-007_ses-headUp_T2w_seg-manual.nii.gz","939","1","",78.77470874292774,0.0,-1.5375181774048223,0.0,-5.2720509730427505,0.0,7.845650383998383,0.0,7.942509231052918,0.0,12.620097229066648,0.0,3.9954237514070527,0.0,3.8502266325913306,0.0,0.7771187083549715,0.0,-3.8368004921027747,0.0,0.961250766400981,0.0,""
"2026-09-25 17:20:52","git-master-bddc7a050319718b5e4e0856afec0bc9ea96418f","C:\Users\marco\Desktop\ds004507\derivatives\labels\sub-007\ses-headUp\anat\sub-007_ses-headUp_T2w_seg-manual.nii.gz","940","1","",78.46926942303531,0.0,-1.5422141592095049,0.0,-5.287971269817555,0.0,7.843668778232765,0.0,7.997544433035171,0.0,12.473745737355209,0.0,3.9881567592401663,0.0,3.855512018992599,0.0,0.7673636998093422,0.0,-3.239296658973305,0.0,0.9680126046265314,0.0,""
"2026-09-25 17:20:52","git-master-bddc7a050319718b5e4e0856afec0bc9ea96418f","C:\Users\marco\Desktop\ds004507\derivatives\labels\sub-007\ses-headUp\anat\sub-007_ses-headUp_T2w_seg-manual.nii.gz","941","1","",77.67524070463897,0.0,-1.5467361892947,0.0,-5.297017861966319,0.0,7.843577028463705,0.0,7.961752455122981,0.0,12.409669931778513,0.0,4.056200012575354,0.0,3.7873770158883513,0.0,0.7670593696668603,0.0,-3.2053358747635743,0.0,0.9630582654200335,0.0,""
"2026-09-25 17:20:52","git-master-bddc7a050319718b5e4e0856afec0bc9ea96418f","C:\Users\marco\Desktop\ds004507\derivatives\labels\sub-007\ses-headUp\anat\sub-007_ses-headUp_T2w_seg-manual.nii.gz","942","1","",77.5116887387045,0.0,-1.5510842696130391,0.0,-5.299191197924884,0.0,7.843776036639132,0.0,7.938775894809618,0.0,12.42201596590579,0.0,4.088244534363957,0.0,3.7555315022751747,0.0,0.7691271186456886,0.0,-3.2402475539847626,0.0,0.962269010366364,0.0,""
"2026-09-25 17:20:52","git-master-bddc7a050319718b5e4e0856afec0bc9ea96418f","C:\Users\marco\Desktop\ds004507\derivatives\labels\sub-007\ses-headUp\anat\sub-007_ses-headUp_T2w_seg-manual.nii.gz","943","1","",77.0459774889969,0.0,-1.555258402059978,0.0,-5.294491372027308,0.0,7.832668284433995,0.0,7.896272665676486,0.0,12.411067528832728,0.0,4.073910905435204,0.0,3.7587573789987916,0.0,0.7715034853182478,0.0,-3.629256602281652,0.0,0.9661874283901424,0.0,""
"2026-09-25 17:20:52","git-master-bddc7a050319718b5e4e0856afec0bc9ea96418f","C:\Users\marco\Desktop\ds004507\derivatives\labels\sub-007\ses-headUp\anat\sub-007_ses-headUp_T2w_seg-manual.nii.gz","944","1","",76.0157203992938,0.0,-1.5592585884732044,0.0,-5.282918124738474,0.0,7.811991217908685,0.0,7.829072693059592,0.0,12.349643075766746,0.0,4.046677314413365,0.0,3.7653139034953194,0.0,0.7733732603296719,0.0,-4.377904696742621,0.0,0.9661811317135272,0.0,""
"2026-09-25 17:20:52","git-master-bddc7a050319718b5e4e0856afec0bc9ea96418f","C:\Users\marco\Desktop\ds004507\derivatives\labels\sub-007\ses-headUp\anat\sub-007_ses-headUp_T2w_seg-manual.nii.gz","945","1","",76.58805752641871,0.0,-1.563084830632052,0.0,-5.264470843186822,0.0,7.806611956547112,0.0,7.866007968878187,0.0,12.387149196282127,0.0,4.03111909170953,0.0,3.7754928648375827,0.0,0.7725010228375762,0.0,-4.503684535355173,0.0,0.9520705522438471,0.0,""
"2026-09-25 17:20:52","git-master-bddc7a050319718b5e4e0856afec0bc9ea96418f","C:\Users\marco\Desktop\ds004507\derivatives\labels\sub-007\ses-headUp\anat\sub-007_ses-headUp_T2w_seg-manual.nii.gz","946","1","",76.89414471876414,0.0,-1.566703998825094,0.0,-5.237838565380607,0.0,7.707568920094341,0.0,7.8993575252813315,0.0,12.420763942805126,0.0,3.942434903318894,0.0,3.765134016775448,0.0,0.7717057167643587,0.0,-3.9642752126396603,0.0,0.953437086018081,0.0,""
"2026-09-25 17:20:52","git-master-bddc7a050319718b5e4e0856afec0bc9ea96418f","C:\Users\marco\Desktop\ds004507\derivatives\labels\sub-007\ses-headUp\anat\sub-007_ses-headUp_T2w_seg-manual.nii.gz","947","1","",76.94479843311738,0.0,-1.570140944143106,0.0,-5.204001306193609,0.0,7.94845404937036,0.0,8.067754609796468,0.0,12.215204843316927,0.0,4.107177584497927,0.0,3.841276464872434,0.0,0.7504159274246867,0.0,-2.9591451779072084,0.0,0.9527360963493393,0.0,""
"2026-09-25 17:20:52","git-master-bddc7a050319718b5e4e0856afec0bc9ea96418f","C:\Users\marco\Desktop\ds004507\derivatives\labels\sub-007\ses-headUp\anat\sub-007_ses-headUp_T2w_seg-manual.nii.gz","948","1","",77.14750636638375,0.0,-1.5734039510609785,0.0,-5.163284362659366,0.0,8.147473810111824,0.0,8.219224491267823,0.0,12.02983492190158,0.0,4.184277732422571,0.0,3.9631960776892527,0.0,0.7299476440574643,0.0,-3.092846446341089,0.0,0.954537854315535,0.0,""
"2026-09-25 17:20:52","git-master-bddc7a050319718b5e4e0856afec0bc9ea96418f","C:\Users\marco\Desktop\ds004507\derivatives\labels\sub-007\ses-headUp\anat\sub-007_ses-headUp_T2w_seg-manual.nii.gz","949","1","",76.75664843531577,0.0,-1.5764930210328378,0.0,-5.115685314322764,0.0,8.123290953038376,0.0,8.245826378377913,0.0,11.933260171101647,0.0,4.1258294331180245,0.0,3.9974615199203516,0.0,0.7228486290094733,0.0,-4.128618265515662,0.0,0.9556074780630993,0.0,""
"2026-09-25 17:20:52","git-master-bddc7a050319718b5e4e0856afec0bc9ea96418f","C:\Users\marco\Desktop\ds004507\derivatives\labels\sub-007\ses-headUp\anat\sub-007_ses-headUp_T2w_seg-manual.nii.gz","950","1","",75.79576529639758,0.0,-1.5794081554502424,0.0,-5.0612014326832435,0.0,7.952283807275027,0.0,8.143393090245238,0.0,11.92369666710796,0.0,4.040739411115469,0.0,3.911544396159558,0.0,0.7303849406867804,0.0,-4.863263505565365,0.0,0.9516598185555182,0.0,""
"2026-09-25 17:20:52","git-master-bddc7a050319718b5e4e0856afec0bc9ea96418f","C:\Users\marco\Desktop\ds004507\derivatives\labels\sub-007\ses-headUp\anat\sub-007_ses-headUp_T2w_seg-manual.nii.gz","951","1","",75.45537439953989,0.0,-1.5821493556417483,0.0,-4.999829691096218,0.0,7.901873195973816,0.0,8.01685188483387,0.0,11.974722162470192,0.0,4.070900728151886,0.0,3.830972467821929,0.0,0.7428102666186093,0.0,-4.110961173601882,0.0,0.9436371521020499,0.0,""
"2026-09-25 17:20:52","git-master-bddc7a050319718b5e4e0856afec0bc9ea96418f","C:\Users\marco\Desktop\ds004507\derivatives\labels\sub-007\ses-headUp\anat\sub-007_ses-headUp_T2w_seg-manual.nii.gz","952","1","",74.57863696561806,0.0,-1.5846917755539485,0.0,-4.930581515833205,0.0,7.6848046725740495,0.0,7.893398014085429,0.0,12.011953669850538,0.0,3.8911307867640588,0.0,3.793673885809991,0.0,0.7537519151074782,0.0,-4.987993749666693,0.0,0.9644014993948256,0.0,""
"2026-09-25 17:20:52","git-master-bddc7a050319718b5e4e0856afec0bc9ea96418f","C:\Users\marco\Desktop\ds004507\derivatives\labels\sub-007\ses-headUp\anat\sub-007_ses-headUp_T2w_seg-manual.nii.gz","953","1","",75.55805261494375,0.0,-1.587043699357394,0.0,-4.853779687157591,0.0,7.795402557058667,0.0,7.977694634056742,0.0,12.023155988350329,0.0,3.872281453548545,0.0,3.923121103510122,0.0,0.7481280484938891,0.0,-3.822445921848063,0.0,0.9717935234514333,0.0,""
"2026-09-25 17:20:52","git-master-bddc7a050319718b5e4e0856afec0bc9ea96418f","C:\Users\marco\Desktop\ds004507\derivatives\labels\sub-007\ses-headUp\anat\sub-007_ses-headUp_T2w_seg-manual.nii.gz","954","1","",74.89043364094401,0.0,-1.5892216931230736,0.0,-4.770076437827801,0.0,7.850619526700492,0.0,8.018082478228532,0.0,11.848166025388084,0.0,3.9439752665760706,0.0,3.906644260124421,0.0,0.7360187086881628,0.0,-4.038587943480501,0.0,0.9687018852053568,0.0,""
"2026-09-25 17:20:52","git-master-bddc7a050319718b5e4e0856afec0bc9ea96418f","C:\Users\marco\Desktop\ds004507\derivatives\labels\sub-007\ses-headUp\anat\sub-007_ses-headUp_T2w_seg-manual.nii.gz","955","1","",74.14189193901544,0.0,-1.5912257578330344,0.0,-4.679467436942636,0.0,7.854015533491329,0.0,8.039929530087813,0.0,11.739929744777415,0.0,4.00169866387118,0.0,3.852316869620149,0.0,0.7286975167535686,0.0,-3.8955314476587297,0.0,0.9663586962203999,0.0,""
"2026-09-25 17:20:52","git-master-bddc7a050319718b5e4e0856afec0bc9ea96418f","C:\Users\marco\Desktop\ds004507\derivatives\labels\sub-007\ses-headUp\anat\sub-007_ses-headUp_T2w_seg-manual.nii.gz","956","1","",74.6112602369493,0.0,-1.5930558944033726,0.0,-4.581948178682299,0.0,7.910201906179159,0.0,8.065687654922547,0.0,11.821062210141397,0.0,4.016324541116317,0.0,3.893877365062842,0.0,0.7309912306998506,0.0,-2.9802503723511693,0.0,0.9642610244201121,0.0,""
"2026-09-25 17:20:52","git-master-bddc7a050319718b5e4e0856afec0bc9ea96418f","C:\Users\marco\Desktop\ds004507\derivatives\labels\sub-007\ses-headUp\anat\sub-007_ses-headUp_T2w_seg-manual.nii.gz","957","1","",75.97680669171825,0.0,-1.5947121036839553,0.0,-4.47751400190266,0.0,8.093984217421799,0.0,8.078390787971529,0.0,11.966528782288336,0.0,4.043222146098686,0.0,4.050762071323114,0.0,0.7377192680943226,0.0,-2.9176513733517138,0.0,0.9540916344902172,0.0,""
"2026-09-25 17:20:52","git-master-bddc7a050319718b5e4e0856afec0bc9ea96418f","C:\Users\marco\Desktop\ds004507\derivatives\labels\sub-007\ses-headUp\anat\sub-007_ses-headUp_T2w_seg-manual.nii.gz","958","1","",76.2916063232332,0.0,-1.5961778221212044,0.0,-4.365500413469215,0.0,8.203710058361079,0.0,8.14809541296181,0.0,11.891558627934932,0.0,4.133402033519981,0.0,4.070308024841098,0.0,0.7283386556274314,0.0,-3.8814452797508316,0.0,0.9577170716365192,0.0,""
"2026-09-25 17:20:52","git-master-bddc7a050319718b5e4e0856afec0bc9ea96418f","C:\Users\marco\Desktop\ds004507\derivatives\labels\sub-007\ses-headUp\anat\sub-007_ses-headUp_T2w_seg-manual.nii.gz","959","1","",77.44743944483982,0.0,-1.597444768515117,0.0,-4.245570466145046,0.0,8.308091130746302,0.0,8.247541983736706,0.0,11.984456587620615,0.0,4.1610173644334525,0.0,4.14707376631285,0.0,0.7255369375318972,0.0,-3.8240565313614425,0.0,0.9574895746262672,0.0,""
"2026-09-25 17:20:52","git-master-bddc7a050319718b5e4e0856afec0bc9ea96418f","C:\Users\marco\Desktop\ds004507\derivatives\labels\sub-007\ses-headUp\anat\sub-007_ses-headUp_T2w_seg-manual.nii.gz","960","1","",77.12127008131847,0.0,-1.5985377900547693,0.0,-4.118707768150154,0.0,8.40005077776928,0.0,8.30519180025064,0.0,11.823809090776393,0.0,4.183964873949522,0.0,4.216085903819759,0.0,0.7114688720442062,0.0,-2.6278276500681295,0.0,0.9609825033334399,0.0,""
"2026-09-25 17:20:52","git-master-bddc7a050319718b5e4e0856afec0bc9ea96418f","C:\Users\marco\Desktop\ds004507\derivatives\labels\sub-007\ses-headUp\anat\sub-007_ses-headUp_T2w_seg-manual.nii.gz","961","1","",76.7137259156023,0.0,-1.599456887229713,0.0,-3.984907328599591,0.0,8.438940510531873,0.0,8.315226319533398,0.0,11.724838995650146,0.0,4.204511830192047,0.0,4.234428680339827,0.0,0.7049984568756713,0.0,-2.747035441492687,0.0,0.9628319135940699,0.0,""
"2026-09-25 17:20:52","git-master-bddc7a050319718b5e4e0856afec0bc9ea96418f","C:\Users\marco\Desktop\ds004507\derivatives\labels\sub-007\ses-headUp\anat\sub-007_ses-headUp_T2w_seg-manual.nii.gz","962","1","",76.83171854670408,0.0,-1.6002020604615868,0.0,-3.8441642058255883,0.0,8.445279096672259,0.0,8.330755568260543,0.0,11.749602289497771,0.0,4.223865202043576,0.0,4.221413894628683,0.0,0.7051655677098779,0.0,-3.9526751301112575,0.0,0.9629116938817122,0.0,""
"2026-09-25 17:20:52","git-master-bddc7a050319718b5e4e0856afec0bc9ea96418f","C:\Users\marco\Desktop\ds004507\derivatives\labels\sub-007\ses-headUp\anat\sub-007_ses-headUp_T2w_seg-manual.nii.gz","963","1","",77.09812096393803,0.0,-1.6007733101039936,0.0,-3.6964735371290733,0.0,8.471208577294828,0.0,8.386876068431468,0.0,11.753479469237172,0.0,4.235402080288012,0.0,4.235806497006816,0.0,0.7005756890824846,0.0,-4.340920584012596,0.0,0.96319226512681,0.0,""
"2026-09-25 17:20:52","git-master-bddc7a050319718b5e4e0856afec0bc9ea96418f","C:\Users\marco\Desktop\ds004507\derivatives\labels\sub-007\ses-headUp\anat\sub-007_ses-headUp_T2w_seg-manual.nii.gz","964","1","",77.08835040064292,0.0,-1.6011623543920621,0.0,-3.5414992133275294,0.0,8.509773048252129,0.0,8.330415322510595,0.0,11.783953960762739,0.0,4.193180996293194,0.0,4.316592051958935,0.0,0.7072812569182307,0.0,-4.11733969774433,0.0,0.9550675675170569,0.0,""
"2026-09-25 17:20:52","git-master-bddc7a050319718b5e4e0856afec0bc9ea96418f","C:\Users\marco\Desktop\ds004507\derivatives\labels\sub-007\ses-headUp\anat\sub-007_ses-headUp_T2w_seg-manual.nii.gz","965","1","",76.24712113360364,0.0,-1.601344347422137,0.0,-3.378241001129958,0.0,8.12350686086208,0.0,8.130883059101267,0.0,11.933579828190256,0.0,3.9113362097150675,0.0,4.2121706511470105,0.0,0.7316921393174455,0.0,-4.623860737575439,0.0,0.958447834527762,0.0,""
"2026-09-25 17:20:52","git-master-bddc7a050319718b5e4e0856afec0bc9ea96418f","C:\Users\marco\Desktop\ds004507\derivatives\labels\sub-007\ses-headUp\anat\sub-007_ses-headUp_T2w_seg-manual.nii.gz","966","1","",75.82120951289863,0.0,-1.6013524174959177,0.0,-3.208019147674677,0.0,8.056130798991257,0.0,8.185527582593112,0.0,11.882288166007024,0.0,3.8250048042148204,0.0,4.231125994776436,0.0,0.7246867556567838,0.0,-3.9341766747456415,0.0,0.9634930243610471,0.0,""
"2026-09-25 17:20:52","git-master-bddc7a050319718b5e4e0856afec0bc9ea96418f","C:\Users\marco\Desktop\ds004507\derivatives\labels\sub-007\ses-headUp\anat\sub-007_ses-headUp_T2w_seg-manual.nii.gz","967","1","",75.35490631931435,0.0,-1.6006454191439758,0.0,-3.030829927460678,0.0,8.127629236970085,0.0,8.265697690373436,0.0,11.733850230628365,0.0,3.831865270872885,0.0,4.2957639660972005,0.0,0.709600193915874,0.0,-4.41530111950074,0.0,0.9660930713395257,0.0,""
"2026-09-25 17:20:52","git-master-bddc7a050319718b5e4e0856afec0bc9ea96418f","C:\Users\marco\Desktop\ds004507\derivatives\labels\sub-007\ses-headUp\anat\sub-007_ses-headUp_T2w_seg-manual.nii.gz","968","1","",75.2274571010371,0.0,-1.5986461273139672,0.0,-2.8466699831253615,0.0,8.189955325981968,0.0,8.283946285939262,0.0,11.663292623585637,0.0,3.889195933569666,0.0,4.300759392412303,0.0,0.7038977340497617,0.0,-5.176444954805267,0.0,0.9650753281673553,0.0,""
"2026-09-25 17:20:52","git-master-bddc7a050319718b5e4e0856afec0bc9ea96418f","C:\Users\marco\Desktop\ds004507\derivatives\labels\sub-007\ses-headUp\anat\sub-007_ses-headUp_T2w_seg-manual.nii.gz","969","1","",75.67202973788024,0.0,-1.5949576938630698,0.0,-2.65553636562373,0.0,8.197902615924386,0.0,8.26345811390263,0.0,11.732253199933327,0.0,3.9622437303691727,0.0,4.235658885555213,0.0,0.7098655820897175,0.0,-4.766887401825748,0.0,0.9608934404282802,0.0,""
"2026-09-25 17:20:52","git-master-bddc7a050319718b5e4e0856afec0bc9ea96418f","C:\Users\marco\Desktop\ds004507\derivatives\labels\sub-007\ses-headUp\anat\sub-007_ses-headUp_T2w_seg-manual.nii.gz","970","1","",75.37977103077145,0.0,-1.5895801040904793,0.0,-2.4574265747430593,0.0,8.226900722712347,0.0,8.237942520377866,0.0,11.689180117338104,0.0,3.9181759491546178,0.0,4.308724773557729,0.0,0.7094563423820027,0.0,-5.140042970215133,0.0,0.9539029670189736,0.0,""
"2026-09-25 17:20:52","git-master-bddc7a050319718b5e4e0856afec0bc9ea96418f","C:\Users\marco\Desktop\ds004507\derivatives\labels\sub-007\ses-headUp\anat\sub-007_ses-headUp_T2w_seg-manual.nii.gz","971","1","","","","","","","","","","","","","","","","","","","","","","","",""
"2026-09-25 17:20:52","git-master-bddc7a050319718b5e4e0856afec0bc9ea96418f","C:\Users\marco\Desktop\ds004507\derivatives\labels\sub-007\ses-headUp\anat\sub-007_ses-headUp_T2w_seg-manual.nii.gz","972","1","","","","","","","","","","","","","","","","","","","","","","","",""
"2026-09-25 17:20:52","git-master-bddc7a050319718b5e4e0856afec0bc9ea96418f","C:\Users\marco\Desktop\ds004507\derivatives\labels\sub-007\ses-headUp\anat\sub-007_ses-headUp_T2w_seg-manual.nii.gz","973","1","","","","","","","","","","","","","","","","","","","","","","","",""
"2026-09-25 17:20:52","git-master-bddc7a050319718b5e4e0856afec0bc9ea96418f","C:\Users\marco\Desktop\ds004507\derivatives\labels\sub-007\ses-headUp\anat\sub-007_ses-headUp_T2w_seg-manual.nii.gz","974","1","","","","","","","","","","","","","","","","","","","","","","","",""
"2026-09-25 17:20:52","git-master-bddc7a050319718b5e4e0856afec0bc9ea96418f","C:\Users\marco\Desktop\ds004507\derivatives\labels\sub-007\ses-headUp\anat\sub-007_ses-headUp_T2w_seg-manual.nii.gz","975","1","","","","","","","","","","","","","","","","","","","","","","","",""
"2026-09-25 17:20:52","git-master-bddc7a050319718b5e4e0856afec0bc9ea96418f","C:\Users\marco\Desktop\ds004507\derivatives\labels\sub-007\ses-headUp\anat\sub-007_ses-headUp_T2w_seg-manual.nii.gz","976","1","","","","","","","","","","","","","","","","","","","","","","","",""
"2026-09-25 17:20:52","git-master-bddc7a050319718b5e4e0856afec0bc9ea96418f","C:\Users\marco\Desktop\ds004507\derivatives\labels\sub-007\ses-headUp\anat\sub-007_ses-headUp_T2w_seg-manual.nii.gz","977","1","","","","","","","","","","","","","","","","","","","","","","","",""
"2026-09-25 17:20:52","git-master-bddc7a050319718b5e4e0856afec0bc9ea96418f","C:\Users\marco\Desktop\ds004507\derivatives\labels\sub-007\ses-headUp\anat\sub-007_ses-headUp_T2w_seg-manual.nii.gz","978","1","","","","","","","","","","","","","","","","","","","","","","","",""
"2026-09-25 17:20:52","git-master-bddc7a050319718b5e4e0856afec0bc9ea96418f","C:\Users\marco\Desktop\ds004507\derivatives\labels\sub-007\ses-headUp\anat\sub-007_ses-headUp_T2w_seg-manual.nii.gz","979","1","","","","","","","","","","","","","","","","","","","","","","","",""
"2026-09-25 17:20:52","git-master-bddc7a050319718b5e4e0856afec0bc9ea96418f","C:\Users\marco\Desktop\ds004507\derivatives\labels\sub-007\ses-headUp\anat\sub-007_ses-headUp_T2w_seg-manual.nii.gz","980","1","","","","","","","","","","","","","","","","","","","","","","","",""
"2026-09-25 17:20:52","git-master-bddc7a050319718b5e4e0856afec0bc9ea96418f","C:\Users\marco\Desktop\ds004507\derivatives\labels\sub-007\ses-headUp\anat\sub-007_ses-headUp_T2w_seg-manual.nii.gz","981","1","","","","","","","","","","","","","","","","","","","","","","","",""
"2026-09-25 17:20:52","git-master-bddc7a050319718b5e4e0856afec0bc9ea96418f","C:\Users\marco\Desktop\ds004507\derivatives\labels\sub-007\ses-headUp\anat\sub-007_ses-headUp_T2w_seg-manual.nii.gz","982","1","","","","","","","","","","","","","","","","","","","","","","","",""
"2026-09-25 17:20:52","git-master-bddc7a050319718b5e4e0856afec0bc9ea96418f","C:\Users\marco\Desktop\ds004507\derivatives\labels\sub-007\ses-headUp\anat\sub-007_ses-headUp_T2w_seg-manual.nii.gz","983","1","","","","","","","","","","","","","","","","","","","","","","","",""
"2026-09-25 17:20:52","git-master-bddc7a050319718b5e4e0856afec0bc9ea96418f","C:\Users\marco\Desktop\ds004507\derivatives\labels\sub-007\ses-headUp\anat\sub-007_ses-headUp_T2w_seg-manual.nii.gz","984","1","","","","","","","","","","","","","","","","","","","","","","","",""
