Timestamp,SCT Version,Filename,Slice (I->S),VertLevel,DistancePMJ,MEAN(area),STD(area),MEAN(angle_AP),STD(angle_AP),MEAN(angle_RL),STD(angle_RL),MEAN(diameter_AP),STD(diameter_AP),MEAN(diameter_AP_ellipse),STD(diameter_AP_ellipse),MEAN(diameter_RL),STD(diameter_RL),MEAN(length_anterior),STD(length_anterior),MEAN(length_posterior),STD(length_posterior),MEAN(eccentricity),STD(eccentricity),MEAN(orientation),STD(orientation),MEAN(solidity),STD(solidity),SUM(length)
"2026-09-25 17:17:33","git-master-bddc7a050319718b5e4e0856afec0bc9ea96418f","C:\Users\marco\Desktop\ds004507\derivatives\labels\sub-005\ses-headUp\anat\sub-005_ses-headUp_T2w_seg-manual.nii.gz","647","9","","","","","","","","","","","","","","","","","","","","","","","",""
"2026-09-25 17:17:33","git-master-bddc7a050319718b5e4e0856afec0bc9ea96418f","C:\Users\marco\Desktop\ds004507\derivatives\labels\sub-005\ses-headUp\anat\sub-005_ses-headUp_T2w_seg-manual.nii.gz","648","9","","","","","","","","","","","","","","","","","","","","","","","",""
"2026-09-25 17:17:33","git-master-bddc7a050319718b5e4e0856afec0bc9ea96418f","C:\Users\marco\Desktop\ds004507\derivatives\labels\sub-005\ses-headUp\anat\sub-005_ses-headUp_T2w_seg-manual.nii.gz","649","9","","","","","","","","","","","","","","","","","","","","","","","",""
"2026-09-25 17:17:33","git-master-bddc7a050319718b5e4e0856afec0bc9ea96418f","C:\Users\marco\Desktop\ds004507\derivatives\labels\sub-005\ses-headUp\anat\sub-005_ses-headUp_T2w_seg-manual.nii.gz","650","9","","","","","","","","","","","","","","","","","","","","","","","",""
"2026-09-25 17:17:33","git-master-bddc7a050319718b5e4e0856afec0bc9ea96418f","C:\Users\marco\Desktop\ds004507\derivatives\labels\sub-005\ses-headUp\anat\sub-005_ses-headUp_T2w_seg-manual.nii.gz","651","9","","","","","","","","","","","","","","","","","","","","","","","",""
"2026-09-25 17:17:33","git-master-bddc7a050319718b5e4e0856afec0bc9ea96418f","C:\Users\marco\Desktop\ds004507\derivatives\labels\sub-005\ses-headUp\anat\sub-005_ses-headUp_T2w_seg-manual.nii.gz","652","9","","","","","","","","","","","","","","","","","","","","","","","",""
"2026-09-25 17:17:33","git-master-bddc7a050319718b5e4e0856afec0bc9ea96418f","C:\Users\marco\Desktop\ds004507\derivatives\labels\sub-005\ses-headUp\anat\sub-005_ses-headUp_T2w_seg-manual.nii.gz","653","9","","","","","","","","","","","","","","","","","","","","","","","",""
"2026-09-25 17:17:33","git-master-bddc7a050319718b5e4e0856afec0bc9ea96418f","C:\Users\marco\Desktop\ds004507\derivatives\labels\sub-005\ses-headUp\anat\sub-005_ses-headUp_T2w_seg-manual.nii.gz","654","9","","","","","","","","","","","","","","","","","","","","","","","",""
"2026-09-25 17:17:33","git-master-bddc7a050319718b5e4e0856afec0bc9ea96418f","C:\Users\marco\Desktop\ds004507\derivatives\labels\sub-005\ses-headUp\anat\sub-005_ses-headUp_T2w_seg-manual.nii.gz","655","9","","","","","","","","","","","","","","","","","","","","","","","",""
"2026-09-25 17:17:33","git-master-bddc7a050319718b5e4e0856afec0bc9ea96418f","C:\Users\marco\Desktop\ds004507\derivatives\labels\sub-005\ses-headUp\anat\sub-005_ses-headUp_T2w_seg-manual.nii.gz","656","9","","","","","","","","","","","","","","","","","","","","","","","",""
"2026-09-25 17:17:33","git-master-bddc7a050319718b5e4e0856afec0bc9ea96418f","C:\Users\marco\Desktop\ds004507\derivatives\labels\sub-005\ses-headUp\anat\sub-005_ses-headUp_T2w_seg-manual.nii.gz","657","9","","","","","","","","","","","","","","","","","","","","","","","",""
"2026-09-25 17:17:33","git-master-bddc7a050319718b5e4e0856afec0bc9ea96418f","C:\Users\marco\Desktop\ds004507\derivatives\labels\sub-005\ses-headUp\anat\sub-005_ses-headUp_T2w_seg-manual.nii.gz","658","9","","","","","","","","","","","","","","","","","","","","","","","",""
"2026-09-25 17:17:33","git-master-bddc7a050319718b5e4e0856afec0bc9ea96418f","C:\Users\marco\Desktop\ds004507\derivatives\labels\sub-005\ses-headUp\anat\sub-005_ses-headUp_T2w_seg-manual.nii.gz","659","9","","","","","","","","","","","","","","","","","","","","","","","",""
"2026-09-25 17:17:33","git-master-bddc7a050319718b5e4e0856afec0bc9ea96418f","C:\Users\marco\Desktop\ds004507\derivatives\labels\sub-005\ses-headUp\anat\sub-005_ses-headUp_T2w_seg-manual.nii.gz","660","9","","","","","","","","","","","","","","","","","","","","","","","",""
"2026-09-25 17:17:33","git-master-bddc7a050319718b5e4e0856afec0bc9ea96418f","C:\Users\marco\Desktop\ds004507\derivatives\labels\sub-005\ses-headUp\anat\sub-005_ses-headUp_T2w_seg-manual.nii.gz","661","9","","","","","","","","","","","","","","","","","","","","","","","",""
"2026-09-25 17:17:33","git-master-bddc7a050319718b5e4e0856afec0bc9ea96418f","C:\Users\marco\Desktop\ds004507\derivatives\labels\sub-005\ses-headUp\anat\sub-005_ses-headUp_T2w_seg-manual.nii.gz","662","9","","","","","","","","","","","","","","","","","","","","","","","",""
"2026-09-25 17:17:33","git-master-bddc7a050319718b5e4e0856afec0bc9ea96418f","C:\Users\marco\Desktop\ds004507\derivatives\labels\sub-005\ses-headUp\anat\sub-005_ses-headUp_T2w_seg-manual.nii.gz","663","9","","","","","","","","","","","","","","","","","","","","","","","",""
"2026-09-25 17:17:33","git-master-bddc7a050319718b5e4e0856afec0bc9ea96418f","C:\Users\marco\Desktop\ds004507\derivatives\labels\sub-005\ses-headUp\anat\sub-005_ses-headUp_T2w_seg-manual.nii.gz","664","9","","","","","","","","","","","","","","","","","","","","","","","",""
"2026-09-25 17:17:33","git-master-bddc7a050319718b5e4e0856afec0bc9ea96418f","C:\Users\marco\Desktop\ds004507\derivatives\labels\sub-005\ses-headUp\anat\sub-005_ses-headUp_T2w_seg-manual.nii.gz","665","9","","","","","","","","","","","","","","","","","","","","","","","",""
"2026-09-25 17:17:33","git-master-bddc7a050319718b5e4e0856afec0bc9ea96418f","C:\Users\marco\Desktop\ds004507\derivatives\labels\sub-005\ses-headUp\anat\sub-005_ses-headUp_T2w_seg-manual.nii.gz","666","9","","","","","","","","","","","","","","","","","","","","","","","",""
"2026-09-25 17:17:33","git-master-bddc7a050319718b5e4e0856afec0bc9ea96418f","C:\Users\marco\Desktop\ds004507\derivatives\labels\sub-005\ses-headUp\anat\sub-005_ses-headUp_T2w_seg-manual.nii.gz","667","9","","","","","","","","","","","","","","","","","","","","","","","",""
"2026-09-25 17:17:33","git-master-bddc7a050319718b5e4e0856afec0bc9ea96418f","C:\Users\marco\Desktop\ds004507\derivatives\labels\sub-005\ses-headUp\anat\sub-005_ses-headUp_T2w_seg-manual.nii.gz","668","9","","","","","","","","","","","","","","","","","","","","","","","",""
"2026-09-25 17:17:33","git-master-bddc7a050319718b5e4e0856afec0bc9ea96418f","C:\Users\marco\Desktop\ds004507\derivatives\labels\sub-005\ses-headUp\anat\sub-005_ses-headUp_T2w_seg-manual.nii.gz","669","9","","","","","","","","","","","","","","","","","","","","","","","",""
"2026-09-25 17:17:33","git-master-bddc7a050319718b5e4e0856afec0bc9ea96418f","C:\Users\marco\Desktop\ds004507\derivatives\labels\sub-005\ses-headUp\anat\sub-005_ses-headUp_T2w_seg-manual.nii.gz","670","9","","","","","","","","","","","","","","","","","","","","","","","",""
"2026-09-25 17:17:33","git-master-bddc7a050319718b5e4e0856afec0bc9ea96418f","C:\Users\marco\Desktop\ds004507\derivatives\labels\sub-005\ses-headUp\anat\sub-005_ses-headUp_T2w_seg-manual.nii.gz","671","9","","","","","","","","","","","","","","","","","","","","","","","",""
"2026-09-25 17:17:33","git-master-bddc7a050319718b5e4e0856afec0bc9ea96418f","C:\Users\marco\Desktop\ds004507\derivatives\labels\sub-005\ses-headUp\anat\sub-005_ses-headUp_T2w_seg-manual.nii.gz","672","9","","","","","","","","","","","","","","","","","","","","","","","",""
"2026-09-25 17:17:33","git-master-bddc7a050319718b5e4e0856afec0bc9ea96418f","C:\Users\marco\Desktop\ds004507\derivatives\labels\sub-005\ses-headUp\anat\sub-005_ses-headUp_T2w_seg-manual.nii.gz","673","9","","","","","","","","","","","","","","","","","","","","","","","",""
"2026-09-25 17:17:33","git-master-bddc7a050319718b5e4e0856afec0bc9ea96418f","C:\Users\marco\Desktop\ds004507\derivatives\labels\sub-005\ses-headUp\anat\sub-005_ses-headUp_T2w_seg-manual.nii.gz","674","9","","","","","","","","","","","","","","","","","","","","","","","",""
"2026-09-25 17:17:33","git-master-bddc7a050319718b5e4e0856afec0bc9ea96418f","C:\Users\marco\Desktop\ds004507\derivatives\labels\sub-005\ses-headUp\anat\sub-005_ses-headUp_T2w_seg-manual.nii.gz","675","9","","","","","","","","","","","","","","","","","","","","","","","",""
"2026-09-25 17:17:33","git-master-bddc7a050319718b5e4e0856afec0bc9ea96418f","C:\Users\marco\Desktop\ds004507\derivatives\labels\sub-005\ses-headUp\anat\sub-005_ses-headUp_T2w_seg-manual.nii.gz","676","9","","","","","","","","","","","","","","","","","","","","","","","",""
"2026-09-25 17:17:33","git-master-bddc7a050319718b5e4e0856afec0bc9ea96418f","C:\Users\marco\Desktop\ds004507\derivatives\labels\sub-005\ses-headUp\anat\sub-005_ses-headUp_T2w_seg-manual.nii.gz","677","9","","","","","","","","","","","","","","","","","","","","","","","",""
"2026-09-25 17:17:33","git-master-bddc7a050319718b5e4e0856afec0bc9ea96418f","C:\Users\marco\Desktop\ds004507\derivatives\labels\sub-005\ses-headUp\anat\sub-005_ses-headUp_T2w_seg-manual.nii.gz","678","9","","","","","","","","","","","","","","","","","","","","","","","",""
"2026-09-25 17:17:33","git-master-bddc7a050319718b5e4e0856afec0bc9ea96418f","C:\Users\marco\Desktop\ds004507\derivatives\labels\sub-005\ses-headUp\anat\sub-005_ses-headUp_T2w_seg-manual.nii.gz","679","9","","","","","","","","","","","","","","","","","","","","","","","",""
"2026-09-25 17:17:33","git-master-bddc7a050319718b5e4e0856afec0bc9ea96418f","C:\Users\marco\Desktop\ds004507\derivatives\labels\sub-005\ses-headUp\anat\sub-005_ses-headUp_T2w_seg-manual.nii.gz","680","9","","","","","","","","","","","","","","","","","","","","","","","",""
"2026-09-25 17:17:33","git-master-bddc7a050319718b5e4e0856afec0bc9ea96418f","C:\Users\marco\Desktop\ds004507\derivatives\labels\sub-005\ses-headUp\anat\sub-005_ses-headUp_T2w_seg-manual.nii.gz","681","9","","","","","","","","","","","","","","","","","","","","","","","",""
"2026-09-25 17:17:33","git-master-bddc7a050319718b5e4e0856afec0bc9ea96418f","C:\Users\marco\Desktop\ds004507\derivatives\labels\sub-005\ses-headUp\anat\sub-005_ses-headUp_T2w_seg-manual.nii.gz","682","9","",34.197212109084305,0.0,8.828495510147054,0.0,34.12365644507405,0.0,5.005776846880217,0.0,5.1734375851069565,0.0,8.341488057894455,0.0,2.504056176822537,0.0,2.5017206700576793,0.0,0.7844393009096458,0.0,0.15736228448650044,0.0,0.9740334679746105,0.0,""
"2026-09-25 17:17:33","git-master-bddc7a050319718b5e4e0856afec0bc9ea96418f","C:\Users\marco\Desktop\ds004507\derivatives\labels\sub-005\ses-headUp\anat\sub-005_ses-headUp_T2w_seg-manual.nii.gz","683","9","",33.414589971883586,0.0,8.522558737701003,0.0,34.05215256962068,0.0,4.520904899932509,0.0,5.034032410780498,0.0,8.64500280853424,0.0,2.178801708855195,0.0,2.342103191077313,0.0,0.8119992101782388,0.0,1.7567922137391854,0.0,0.9410531555165367,0.0,""
"2026-09-25 17:17:33","git-master-bddc7a050319718b5e4e0856afec0bc9ea96418f","C:\Users\marco\Desktop\ds004507\derivatives\labels\sub-005\ses-headUp\anat\sub-005_ses-headUp_T2w_seg-manual.nii.gz","684","9","",32.24256881890984,0.0,8.223029800466083,0.0,33.98018102252165,0.0,4.4510324771510605,0.0,4.870281354663681,0.0,8.630615031347864,0.0,2.107222321308798,0.0,2.3438101558422626,0.0,0.825603712435575,0.0,3.652665898740558,0.0,0.9355684765008908,0.0,""
"2026-09-25 17:17:33","git-master-bddc7a050319718b5e4e0856afec0bc9ea96418f","C:\Users\marco\Desktop\ds004507\derivatives\labels\sub-005\ses-headUp\anat\sub-005_ses-headUp_T2w_seg-manual.nii.gz","685","9","",31.264097399010556,0.0,7.929923738643026,0.0,33.9077411076682,0.0,4.695889956198482,0.0,4.751992440983323,0.0,8.41611260750362,0.0,2.2443082854767757,0.0,2.451581670721707,0.0,0.825196555091691,0.0,4.477834611391536,0.0,0.9510488018818668,0.0,""
"2026-09-25 17:17:33","git-master-bddc7a050319718b5e4e0856afec0bc9ea96418f","C:\Users\marco\Desktop\ds004507\derivatives\labels\sub-005\ses-headUp\anat\sub-005_ses-headUp_T2w_seg-manual.nii.gz","686","9","",33.199219948536715,0.0,7.646519670841044,0.0,33.834595508693766,0.0,4.961628987470964,0.0,5.0160328499783375,0.0,8.431483678929931,0.0,2.491848498036758,0.0,2.4697804894342057,0.0,0.803518771691142,0.0,-2.4552234109289666,0.0,0.9685888031516484,0.0,""
"2026-09-25 17:17:33","git-master-bddc7a050319718b5e4e0856afec0bc9ea96418f","C:\Users\marco\Desktop\ds004507\derivatives\labels\sub-005\ses-headUp\anat\sub-005_ses-headUp_T2w_seg-manual.nii.gz","687","9","",33.85350909059959,0.0,7.371268945945687,0.0,33.760858325348195,0.0,4.95814776955739,0.0,5.128402875375792,0.0,8.398908928509575,0.0,2.500224966918379,0.0,2.4579228026390108,0.0,0.7918619151650932,0.0,0.601445162479596,0.0,0.9683240346908877,0.0,""
"2026-09-25 17:17:33","git-master-bddc7a050319718b5e4e0856afec0bc9ea96418f","C:\Users\marco\Desktop\ds004507\derivatives\labels\sub-005\ses-headUp\anat\sub-005_ses-headUp_T2w_seg-manual.nii.gz","688","9","",34.885369400969516,0.0,7.102565652904229,0.0,33.68664645536281,0.0,5.005160010143654,0.0,5.265630720098091,0.0,8.430836682265127,0.0,2.498133950470792,0.0,2.507026059672862,0.0,0.7809552528051054,0.0,4.840320139615011,0.0,0.9654762445202673,0.0,""
"2026-09-25 17:17:33","git-master-bddc7a050319718b5e4e0856afec0bc9ea96418f","C:\Users\marco\Desktop\ds004507\derivatives\labels\sub-005\ses-headUp\anat\sub-005_ses-headUp_T2w_seg-manual.nii.gz","689","9","",38.141991039570364,0.0,6.842077596590889,0.0,33.61183945314902,0.0,5.447626146165568,0.0,5.616673496730066,0.0,8.671966518307118,0.0,2.7090379643785463,0.0,2.738588181787022,0.0,0.7619031489857703,0.0,2.0449845303384873,0.0,0.9739756698055397,0.0,""
"2026-09-25 17:17:33","git-master-bddc7a050319718b5e4e0856afec0bc9ea96418f","C:\Users\marco\Desktop\ds004507\derivatives\labels\sub-005\ses-headUp\anat\sub-005_ses-headUp_T2w_seg-manual.nii.gz","690","9","",39.12917141587936,0.0,6.591514832482159,0.0,33.536313994711804,0.0,5.770396791898994,0.0,5.911192620335862,0.0,8.456196241920564,0.0,2.8476312050025663,0.0,2.9227655868964275,0.0,0.7119666937957959,0.0,0.9957897037549984,0.0,0.9718851680015476,0.0,""
"2026-09-25 17:17:33","git-master-bddc7a050319718b5e4e0856afec0bc9ea96418f","C:\Users\marco\Desktop\ds004507\derivatives\labels\sub-005\ses-headUp\anat\sub-005_ses-headUp_T2w_seg-manual.nii.gz","691","9","",39.290348161724374,0.0,6.347599040837436,0.0,33.460307396724424,0.0,5.8946066759959805,0.0,6.046355668592712,0.0,8.273655172844602,0.0,2.893201492495724,0.0,3.0014051835002555,0.0,0.6825909107644584,0.0,-0.8135236641848372,0.0,0.9694545313915411,0.0,""
"2026-09-25 17:17:33","git-master-bddc7a050319718b5e4e0856afec0bc9ea96418f","C:\Users\marco\Desktop\ds004507\derivatives\labels\sub-005\ses-headUp\anat\sub-005_ses-headUp_T2w_seg-manual.nii.gz","692","9","",38.85450701412671,0.0,6.110340258654812,0.0,33.38381893627534,0.0,5.780667875752934,0.0,5.981604761501234,0.0,8.236953071833552,0.0,2.830810236544118,0.0,2.949857639208816,0.0,0.6874925464714454,0.0,-4.0243597056427,0.0,0.9689236988377968,0.0,""
"2026-09-25 17:17:33","git-master-bddc7a050319718b5e4e0856afec0bc9ea96418f","C:\Users\marco\Desktop\ds004507\derivatives\labels\sub-005\ses-headUp\anat\sub-005_ses-headUp_T2w_seg-manual.nii.gz","693","8","",40.111187143345006,0.0,5.78813151268397,0.0,33.27333775562382,0.0,5.662833983980155,0.0,5.9131709651481925,0.0,8.592661747077896,0.0,2.7923975097047293,0.0,2.8704364742754254,0.0,0.7255540154999932,0.0,3.5163513163197,0.0,0.9624424521444148,0.0,""
"2026-09-25 17:17:33","git-master-bddc7a050319718b5e4e0856afec0bc9ea96418f","C:\Users\marco\Desktop\ds004507\derivatives\labels\sub-005\ses-headUp\anat\sub-005_ses-headUp_T2w_seg-manual.nii.gz","694","8","",43.311809407268335,0.0,5.599076675649831,0.0,33.20418983129342,0.0,5.892509967162069,0.0,6.21508923533594,0.0,8.891695323243875,0.0,2.8477656177811266,0.0,3.044744349380943,0.0,0.7152646840298229,0.0,1.833985197457925,0.0,0.9755617558204007,0.0,""
"2026-09-25 17:17:33","git-master-bddc7a050319718b5e4e0856afec0bc9ea96418f","C:\Users\marco\Desktop\ds004507\derivatives\labels\sub-005\ses-headUp\anat\sub-005_ses-headUp_T2w_seg-manual.nii.gz","695","8","",45.15594546247293,0.0,5.4140417377791925,0.0,33.134749826271246,0.0,6.158639774627157,0.0,6.486921926502577,0.0,8.916072920166888,0.0,3.000058001348134,0.0,3.158581773279023,0.0,0.681547192984274,0.0,0.5268564853280068,0.0,0.9839440410846632,0.0,""
"2026-09-25 17:17:33","git-master-bddc7a050319718b5e4e0856afec0bc9ea96418f","C:\Users\marco\Desktop\ds004507\derivatives\labels\sub-005\ses-headUp\anat\sub-005_ses-headUp_T2w_seg-manual.nii.gz","696","8","",44.82970358372755,0.0,5.2354386385701535,0.0,33.06484249214223,0.0,6.483095700945322,0.0,6.710617691235437,0.0,8.501000950301162,0.0,3.307429225700119,0.0,3.175666475245203,0.0,0.6103446466181192,0.0,-0.17989237603094088,0.0,0.984747096890168,0.0,""
"2026-09-25 17:17:33","git-master-bddc7a050319718b5e4e0856afec0bc9ea96418f","C:\Users\marco\Desktop\ds004507\derivatives\labels\sub-005\ses-headUp\anat\sub-005_ses-headUp_T2w_seg-manual.nii.gz","697","8","",41.33395736124148,0.0,5.064905263356665,0.0,32.994347429344906,0.0,6.048617097688662,0.0,6.288502959899811,0.0,8.342583473225991,0.0,3.1039930475671116,0.0,2.94462405012155,0.0,0.6525245495066336,0.0,0.45865822760213204,0.0,0.9780945599397156,0.0,""
"2026-09-25 17:17:33","git-master-bddc7a050319718b5e4e0856afec0bc9ea96418f","C:\Users\marco\Desktop\ds004507\derivatives\labels\sub-005\ses-headUp\anat\sub-005_ses-headUp_T2w_seg-manual.nii.gz","698","8","",38.070898284869955,0.0,4.89841201558009,0.0,32.92355778262336,0.0,5.509258643046887,0.0,5.789594890053005,0.0,8.352021706669523,0.0,2.820467277707447,0.0,2.6887913653394397,0.0,0.7202878721438458,0.0,1.4690061875202463,0.0,0.9676717338638955,0.0,""
"2026-09-25 17:17:33","git-master-bddc7a050319718b5e4e0856afec0bc9ea96418f","C:\Users\marco\Desktop\ds004507\derivatives\labels\sub-005\ses-headUp\anat\sub-005_ses-headUp_T2w_seg-manual.nii.gz","699","8","",41.31730067930062,0.0,4.740824424113872,0.0,32.85211767662141,0.0,5.645302979585441,0.0,5.933910776907713,0.0,8.861186434861521,0.0,2.9392809674514053,0.0,2.7060220121340364,0.0,0.7416789621286902,0.0,2.3044954897692547,0.0,0.9488140456458827,0.0,""
"2026-09-25 17:17:33","git-master-bddc7a050319718b5e4e0856afec0bc9ea96418f","C:\Users\marco\Desktop\ds004507\derivatives\labels\sub-005\ses-headUp\anat\sub-005_ses-headUp_T2w_seg-manual.nii.gz","700","8","",43.344332391763466,0.0,4.588920203591143,0.0,32.78026110213135,0.0,5.850185880611285,0.0,6.118476900631086,0.0,9.029702312851683,0.0,3.040360100332124,0.0,2.809825780279161,0.0,0.7343351915154166,0.0,-0.3499189024789753,0.0,0.9519148996651783,0.0,""
"2026-09-25 17:17:33","git-master-bddc7a050319718b5e4e0856afec0bc9ea96418f","C:\Users\marco\Desktop\ds004507\derivatives\labels\sub-005\ses-headUp\anat\sub-005_ses-headUp_T2w_seg-manual.nii.gz","701","8","",44.32618923396817,0.0,4.4418874438771185,0.0,32.70804755465149,0.0,6.114073265483376,0.0,6.337543227384744,0.0,8.906233462097415,0.0,3.126238184472924,0.0,2.987835081010452,0.0,0.7023615403894704,0.0,-5.995679318581983,0.0,0.9738373613164527,0.0,""
"2026-09-25 17:17:33","git-master-bddc7a050319718b5e4e0856afec0bc9ea96418f","C:\Users\marco\Desktop\ds004507\derivatives\labels\sub-005\ses-headUp\anat\sub-005_ses-headUp_T2w_seg-manual.nii.gz","702","8","",44.102104446089534,0.0,4.304621700456664,0.0,32.63511567098009,0.0,6.287978084580408,0.0,6.4763030689222,0.0,8.685000032397362,0.0,3.1329144697730116,0.0,3.1550636148073967,0.0,0.6643472080852162,0.0,-4.486471043277055,0.0,0.9701418446298884,0.0,""
"2026-09-25 17:17:33","git-master-bddc7a050319718b5e4e0856afec0bc9ea96418f","C:\Users\marco\Desktop\ds004507\derivatives\labels\sub-005\ses-headUp\anat\sub-005_ses-headUp_T2w_seg-manual.nii.gz","703","8","",43.90861729835009,0.0,4.171432505790127,0.0,32.56188300521466,0.0,6.382748260136738,0.0,6.5501414654974734,0.0,8.548026053910771,0.0,3.145911622113862,0.0,3.2368366380228757,0.0,0.642336663202511,0.0,-2.520401595827184,0.0,0.966108308925832,0.0,""
"2026-09-25 17:17:33","git-master-bddc7a050319718b5e4e0856afec0bc9ea96418f","C:\Users\marco\Desktop\ds004507\derivatives\labels\sub-005\ses-headUp\anat\sub-005_ses-headUp_T2w_seg-manual.nii.gz","704","8","",44.010088896564454,0.0,4.045584230264865,0.0,32.48810826777358,0.0,6.316337218809308,0.0,6.492964076885871,0.0,8.618966699206805,0.0,3.1879810625790617,0.0,3.1283561562302467,0.0,0.6574672677392245,0.0,-0.8679511406901765,0.0,0.9661176013707632,0.0,""
"2026-09-25 17:17:33","git-master-bddc7a050319718b5e4e0856afec0bc9ea96418f","C:\Users\marco\Desktop\ds004507\derivatives\labels\sub-005\ses-headUp\anat\sub-005_ses-headUp_T2w_seg-manual.nii.gz","705","8","",45.544769950814214,0.0,3.927090360692545,0.0,32.413788112526504,0.0,6.435777064185508,0.0,6.569363446446781,0.0,8.81142106061084,0.0,3.229451543356141,0.0,3.2063255208293677,0.0,0.6663087777843202,0.0,0.7534006501416015,0.0,0.9695763580752434,0.0,""
"2026-09-25 17:17:33","git-master-bddc7a050319718b5e4e0856afec0bc9ea96418f","C:\Users\marco\Desktop\ds004507\derivatives\labels\sub-005\ses-headUp\anat\sub-005_ses-headUp_T2w_seg-manual.nii.gz","706","8","",47.52263064051768,0.0,3.8126835548522044,0.0,32.33916457267202,0.0,6.620362439142168,0.0,6.695474012957952,0.0,9.03217895600705,0.0,3.268669734407233,0.0,3.3516927047349356,0.0,0.6711586607554884,0.0,1.8724175413247073,0.0,0.9742579354997889,0.0,""
"2026-09-25 17:17:33","git-master-bddc7a050319718b5e4e0856afec0bc9ea96418f","C:\Users\marco\Desktop\ds004507\derivatives\labels\sub-005\ses-headUp\anat\sub-005_ses-headUp_T2w_seg-manual.nii.gz","707","8","",47.1748631901437,0.0,3.7080980153799175,0.0,32.26380931249392,0.0,6.595489439978305,0.0,6.705709565952161,0.0,8.944506106733325,0.0,3.2840549004164417,0.0,3.3114345395618634,0.0,0.6616508561281548,0.0,-2.8707248203150404,0.0,0.9752162188475202,0.0,""
"2026-09-25 17:17:33","git-master-bddc7a050319718b5e4e0856afec0bc9ea96418f","C:\Users\marco\Desktop\ds004507\derivatives\labels\sub-005\ses-headUp\anat\sub-005_ses-headUp_T2w_seg-manual.nii.gz","708","8","",46.95568430203849,0.0,3.60842964938155,0.0,32.188085926531826,0.0,6.555769635201209,0.0,6.675202771037118,0.0,8.950175016894214,0.0,3.269399193457569,0.0,3.2863704417436392,0.0,0.6657217242237995,0.0,-5.252093382947774,0.0,0.9761032112218714,0.0,""
"2026-09-25 17:17:33","git-master-bddc7a050319718b5e4e0856afec0bc9ea96418f","C:\Users\marco\Desktop\ds004507\derivatives\labels\sub-005\ses-headUp\anat\sub-005_ses-headUp_T2w_seg-manual.nii.gz","709","8","",46.88652540324687,0.0,3.514497985769422,0.0,32.1119330604884,0.0,6.498728557208672,0.0,6.5971632368946125,0.0,9.064742646395484,0.0,3.219695801369268,0.0,3.2790327558394043,0.0,0.6856343771629189,0.0,-4.878059180072329,0.0,0.9769070307939456,0.0,""
"2026-09-25 17:17:33","git-master-bddc7a050319718b5e4e0856afec0bc9ea96418f","C:\Users\marco\Desktop\ds004507\derivatives\labels\sub-005\ses-headUp\anat\sub-005_ses-headUp_T2w_seg-manual.nii.gz","710","8","",46.56854510184514,0.0,3.42959124622055,0.0,32.03510111216147,0.0,6.469673808060996,0.0,6.588700683870193,0.0,9.03819333320643,0.0,3.21917888461903,0.0,3.250494923441966,0.0,0.6844896121693818,0.0,-2.76594078679137,0.0,0.9720874342490705,0.0,""
"2026-09-25 17:17:33","git-master-bddc7a050319718b5e4e0856afec0bc9ea96418f","C:\Users\marco\Desktop\ds004507\derivatives\labels\sub-005\ses-headUp\anat\sub-005_ses-headUp_T2w_seg-manual.nii.gz","711","8","",46.25928463150717,0.0,3.348789044775628,0.0,31.957959340261933,0.0,6.4149163899157395,0.0,6.565862750173117,0.0,9.022202907222066,0.0,3.211850508105219,0.0,3.203065881810521,0.0,0.6855617332040707,0.0,-1.4708219694295364,0.0,0.9699277893021319,0.0,""
"2026-09-25 17:17:33","git-master-bddc7a050319718b5e4e0856afec0bc9ea96418f","C:\Users\marco\Desktop\ds004507\derivatives\labels\sub-005\ses-headUp\anat\sub-005_ses-headUp_T2w_seg-manual.nii.gz","712","8","",46.1298911147818,0.0,3.276198986063111,0.0,31.880196388140654,0.0,6.257521997024087,0.0,6.452939013556227,0.0,9.12693419173233,0.0,3.152007280659459,0.0,3.1055147163646275,0.0,0.7067855458071829,0.0,-3.952419429619655,0.0,0.9800427806616175,0.0,""
"2026-09-25 17:17:33","git-master-bddc7a050319718b5e4e0856afec0bc9ea96418f","C:\Users\marco\Desktop\ds004507\derivatives\labels\sub-005\ses-headUp\anat\sub-005_ses-headUp_T2w_seg-manual.nii.gz","713","8","",46.526904161758964,0.0,3.210183694733022,0.0,31.801933403508073,0.0,6.362387839852254,0.0,6.516019603113914,0.0,9.107849833172995,0.0,3.211652944319205,0.0,3.1507348955330494,0.0,0.6978531873563953,0.0,-4.726845201809032,0.0,0.977618750568436,0.0,""
"2026-09-25 17:17:33","git-master-bddc7a050319718b5e4e0856afec0bc9ea96418f","C:\Users\marco\Desktop\ds004507\derivatives\labels\sub-005\ses-headUp\anat\sub-005_ses-headUp_T2w_seg-manual.nii.gz","714","8","",47.252921311050216,0.0,3.1482776330169497,0.0,31.72335789855593,0.0,6.631166330005311,0.0,6.689102896530713,0.0,9.011380697695163,0.0,3.3459791649198927,0.0,3.2851871650854187,0.0,0.6700732219969202,0.0,-4.434288668997937,0.0,0.9673578320673373,0.0,""
"2026-09-25 17:17:33","git-master-bddc7a050319718b5e4e0856afec0bc9ea96418f","C:\Users\marco\Desktop\ds004507\derivatives\labels\sub-005\ses-headUp\anat\sub-005_ses-headUp_T2w_seg-manual.nii.gz","715","8","",47.12046274167912,0.0,3.097062219719512,0.0,31.643964786746242,0.0,6.40286055972902,0.0,6.56860439454128,0.0,9.157593717649263,0.0,3.2493337272413156,0.0,3.153526832487704,0.0,0.6959620607134965,0.0,-4.609876795743537,0.0,0.957649490775471,0.0,""
"2026-09-25 17:17:33","git-master-bddc7a050319718b5e4e0856afec0bc9ea96418f","C:\Users\marco\Desktop\ds004507\derivatives\labels\sub-005\ses-headUp\anat\sub-005_ses-headUp_T2w_seg-manual.nii.gz","716","8","",46.92934362771617,0.0,3.0499606165809885,0.0,31.56425525348348,0.0,6.317490462690063,0.0,6.515823858542279,0.0,9.189403656171562,0.0,3.189133786472878,0.0,3.128356676217185,0.0,0.7047858810768509,0.0,-4.556565704376984,0.0,0.9565839517921759,0.0,""
"2026-09-25 17:17:33","git-master-bddc7a050319718b5e4e0856afec0bc9ea96418f","C:\Users\marco\Desktop\ds004507\derivatives\labels\sub-005\ses-headUp\anat\sub-005_ses-headUp_T2w_seg-manual.nii.gz","717","8","",46.64436764240627,0.0,3.0094411096967266,0.0,31.484039445895796,0.0,6.4608174428308445,0.0,6.571392068127972,0.0,9.03816866440298,0.0,3.1872466407606646,0.0,3.273570802070181,0.0,0.6863056720750499,0.0,-4.137015864030986,0.0,0.9693468965025948,0.0,""
"2026-09-25 17:17:33","git-master-bddc7a050319718b5e4e0856afec0bc9ea96418f","C:\Users\marco\Desktop\ds004507\derivatives\labels\sub-005\ses-headUp\anat\sub-005_ses-headUp_T2w_seg-manual.nii.gz","718","8","",46.33509154338378,0.0,2.977152302156669,0.0,31.403186854484545,0.0,6.306838614376527,0.0,6.443386820276153,0.0,9.126224436498024,0.0,3.1213800355364705,0.0,3.1854585788400573,0.0,0.70685241800922,0.0,-2.105970597486924,0.0,0.9725503024658455,0.0,""
"2026-09-25 17:17:33","git-master-bddc7a050319718b5e4e0856afec0bc9ea96418f","C:\Users\marco\Desktop\ds004507\derivatives\labels\sub-005\ses-headUp\anat\sub-005_ses-headUp_T2w_seg-manual.nii.gz","719","8","",46.08437241167875,0.0,2.9489792838265965,0.0,31.322015077806018,0.0,6.1069602019670866,0.0,6.292023422893676,0.0,9.258270415145114,0.0,3.052123858832275,0.0,3.0548363431348116,0.0,0.7335660340888328,0.0,-0.14214484846959352,0.0,0.973302322368244,0.0,""
"2026-09-25 17:17:33","git-master-bddc7a050319718b5e4e0856afec0bc9ea96418f","C:\Users\marco\Desktop\ds004507\derivatives\labels\sub-005\ses-headUp\anat\sub-005_ses-headUp_T2w_seg-manual.nii.gz","720","8","",46.19581178784554,0.0,2.92986245223351,0.0,31.24013847546635,0.0,6.1451886619863725,0.0,6.315086407864478,0.0,9.237432769453457,0.0,3.0697911471828347,0.0,3.0753975148035377,0.0,0.7298029603240271,0.0,-1.2069938990760984,0.0,0.9763449578687817,0.0,""
"2026-09-25 17:17:33","git-master-bddc7a050319718b5e4e0856afec0bc9ea96418f","C:\Users\marco\Desktop\ds004507\derivatives\labels\sub-005\ses-headUp\anat\sub-005_ses-headUp_T2w_seg-manual.nii.gz","721","8","",47.38137506855993,0.0,2.9165096134725856,0.0,31.157810553229787,0.0,6.346668887904258,0.0,6.503946775276621,0.0,9.232075979490784,0.0,3.1558711607832612,0.0,3.1907977271209966,0.0,0.7086900357484591,0.0,-1.9327570351195331,0.0,0.9745417377809618,0.0,""
"2026-09-25 17:17:33","git-master-bddc7a050319718b5e4e0856afec0bc9ea96418f","C:\Users\marco\Desktop\ds004507\derivatives\labels\sub-005\ses-headUp\anat\sub-005_ses-headUp_T2w_seg-manual.nii.gz","722","8","",49.4876159817437,0.0,2.908097339996371,0.0,31.07509578536731,0.0,6.6880791988780866,0.0,6.83491918478134,0.0,9.239988494438663,0.0,3.3005906531692877,0.0,3.3874885457087984,0.0,0.672705810477952,0.0,-2.3678751015374773,0.0,0.968584927188835,0.0,""
"2026-09-25 17:17:33","git-master-bddc7a050319718b5e4e0856afec0bc9ea96418f","C:\Users\marco\Desktop\ds004507\derivatives\labels\sub-005\ses-headUp\anat\sub-005_ses-headUp_T2w_seg-manual.nii.gz","723","8","",48.19659546958603,0.0,2.909566915930652,0.0,30.991602505991185,0.0,6.530761562372908,0.0,6.676216329129428,0.0,9.215345500957644,0.0,3.251753702342869,0.0,3.279007860030039,0.0,0.6889747896581303,0.0,-3.437309972195825,0.0,0.9588697205312613,0.0,""
"2026-09-25 17:17:33","git-master-bddc7a050319718b5e4e0856afec0bc9ea96418f","C:\Users\marco\Desktop\ds004507\derivatives\labels\sub-005\ses-headUp\anat\sub-005_ses-headUp_T2w_seg-manual.nii.gz","724","8","",47.492251050326836,0.0,2.915153863986918,0.0,30.907783230386336,0.0,6.413726450378378,0.0,6.568813313967913,0.0,9.230321471347285,0.0,3.2399634368618964,0.0,3.173763013516482,0.0,0.702536236742054,0.0,-4.749351607897286,0.0,0.9496303689267146,0.0,""
"2026-09-25 17:17:33","git-master-bddc7a050319718b5e4e0856afec0bc9ea96418f","C:\Users\marco\Desktop\ds004507\derivatives\labels\sub-005\ses-headUp\anat\sub-005_ses-headUp_T2w_seg-manual.nii.gz","725","8","",48.744914357340754,0.0,2.928152052553184,0.0,30.82337643417567,0.0,6.48083850868512,0.0,6.668649052126661,0.0,9.340544268276332,0.0,3.3478200465105115,0.0,3.1330184621746087,0.0,0.7002082607749016,0.0,-6.488324064150678,0.0,0.9421663904537502,0.0,""
"2026-09-25 17:17:33","git-master-bddc7a050319718b5e4e0856afec0bc9ea96418f","C:\Users\marco\Desktop\ds004507\derivatives\labels\sub-005\ses-headUp\anat\sub-005_ses-headUp_T2w_seg-manual.nii.gz","726","8","",49.436714001618235,0.0,2.9485606450990054,0.0,30.738378459164032,0.0,6.498525680011516,0.0,6.744064840914801,0.0,9.392132623381084,0.0,3.3208065267723663,0.0,3.17771915323915,0.0,0.6959725276614304,0.0,-8.675472355535405,0.0,0.9471415668387755,0.0,""
"2026-09-25 17:17:33","git-master-bddc7a050319718b5e4e0856afec0bc9ea96418f","C:\Users\marco\Desktop\ds004507\derivatives\labels\sub-005\ses-headUp\anat\sub-005_ses-headUp_T2w_seg-manual.nii.gz","727","8","",49.84928347750538,0.0,2.972671075927993,0.0,30.652968263624736,0.0,6.492396296831902,0.0,6.80128823131777,0.0,9.420507679080323,0.0,3.239313432160863,0.0,3.253082864671038,0.0,0.6919105591066738,0.0,-10.905923964953734,0.0,0.9564531844702137,0.0,""
"2026-09-25 17:17:33","git-master-bddc7a050319718b5e4e0856afec0bc9ea96418f","C:\Users\marco\Desktop\ds004507\derivatives\labels\sub-005\ses-headUp\anat\sub-005_ses-headUp_T2w_seg-manual.nii.gz","728","8","",49.90236380063609,0.0,3.0016814115973487,0.0,30.565764375358764,0.0,6.464067656808654,0.0,6.770442571075259,0.0,9.483040164976309,0.0,3.223372795798448,0.0,3.2406948610102053,0.0,0.7001084700368605,0.0,-11.265744270074762,0.0,0.9514599378159925,0.0,""
"2026-09-25 17:17:33","git-master-bddc7a050319718b5e4e0856afec0bc9ea96418f","C:\Users\marco\Desktop\ds004507\derivatives\labels\sub-005\ses-headUp\anat\sub-005_ses-headUp_T2w_seg-manual.nii.gz","729","8","",50.098547428209315,0.0,3.0306519849947815,0.0,30.47715501373956,0.0,6.52451306832509,0.0,6.7374195402814525,0.0,9.527242373200501,0.0,3.2423520286548015,0.0,3.2821610396702887,0.0,0.7070104986866255,0.0,-10.049815532694858,0.0,0.9570501657075531,0.0,""
"2026-09-25 17:17:33","git-master-bddc7a050319718b5e4e0856afec0bc9ea96418f","C:\Users\marco\Desktop\ds004507\derivatives\labels\sub-005\ses-headUp\anat\sub-005_ses-headUp_T2w_seg-manual.nii.gz","730","8","",50.461684910965474,0.0,3.0595761690749708,0.0,30.38690593320825,0.0,6.688528206637826,0.0,6.701856243844468,0.0,9.550059257474265,0.0,3.302071108933053,0.0,3.3864570977047737,0.0,0.7124006646758984,0.0,-6.995512912397188,0.0,0.9749877805691924,0.0,""
"2026-09-25 17:17:33","git-master-bddc7a050319718b5e4e0856afec0bc9ea96418f","C:\Users\marco\Desktop\ds004507\derivatives\labels\sub-005\ses-headUp\anat\sub-005_ses-headUp_T2w_seg-manual.nii.gz","731","8","",49.73106683899697,0.0,3.088427441777751,0.0,30.294058949532605,0.0,6.474451412375197,0.0,6.533667526903571,0.0,9.653816657495556,0.0,3.2003113282074795,0.0,3.274140084167718,0.0,0.7353083823443718,0.0,-7.1426761878602285,0.0,0.9818781405382345,0.0,""
"2026-09-25 17:17:33","git-master-bddc7a050319718b5e4e0856afec0bc9ea96418f","C:\Users\marco\Desktop\ds004507\derivatives\labels\sub-005\ses-headUp\anat\sub-005_ses-headUp_T2w_seg-manual.nii.gz","732","8","",49.27405602315497,0.0,3.1172455693024514,0.0,30.200025141948995,0.0,6.2853640761591585,0.0,6.417456421387196,0.0,9.745000367527537,0.0,3.1185779153147624,0.0,3.1667861608443957,0.0,0.7524714074644125,0.0,-7.317741472855572,0.0,0.9824675743307779,0.0,""
"2026-09-25 17:17:33","git-master-bddc7a050319718b5e4e0856afec0bc9ea96418f","C:\Users\marco\Desktop\ds004507\derivatives\labels\sub-005\ses-headUp\anat\sub-005_ses-headUp_T2w_seg-manual.nii.gz","733","8","",50.39195154877987,0.0,3.1459974016138004,0.0,30.103609741426297,0.0,6.408721559235009,0.0,6.554883063348876,0.0,9.745216919566342,0.0,3.201465038230859,0.0,3.20725652100415,0.0,0.7398687594356164,0.0,-5.645531095224793,0.0,0.9687492268638384,0.0,""
"2026-09-25 17:17:33","git-master-bddc7a050319718b5e4e0856afec0bc9ea96418f","C:\Users\marco\Desktop\ds004507\derivatives\labels\sub-005\ses-headUp\anat\sub-005_ses-headUp_T2w_seg-manual.nii.gz","734","8","",50.65599788866198,0.0,3.1746961884163283,0.0,30.005272708457138,0.0,6.500657867433204,0.0,6.612308871996786,0.0,9.705545710761198,0.0,3.2537523152631165,0.0,3.2469055521700874,0.0,0.7319694605985773,0.0,-5.219558277983517,0.0,0.9615027935901196,0.0,""
"2026-09-25 17:17:33","git-master-bddc7a050319718b5e4e0856afec0bc9ea96418f","C:\Users\marco\Desktop\ds004507\derivatives\labels\sub-005\ses-headUp\anat\sub-005_ses-headUp_T2w_seg-manual.nii.gz","735","8","",50.38638848745483,0.0,3.203361821775843,0.0,29.905734655208946,0.0,6.572955941332863,0.0,6.619734159823591,0.0,9.640944651428585,0.0,3.286914688617975,0.0,3.286041252714888,0.0,0.7270097550063864,0.0,-5.57248393598569,0.0,0.9583013066871637,0.0,""
"2026-09-25 17:17:33","git-master-bddc7a050319718b5e4e0856afec0bc9ea96418f","C:\Users\marco\Desktop\ds004507\derivatives\labels\sub-005\ses-headUp\anat\sub-005_ses-headUp_T2w_seg-manual.nii.gz","736","7","",49.77516610399436,0.0,3.249528576901256,0.0,29.739853970524877,0.0,6.5336116199365435,0.0,6.654954025473306,0.0,9.527277024760524,0.0,3.3519486036583666,0.0,3.1816630162781765,0.0,0.7155945813819216,0.0,-7.42581450909936,0.0,0.958792803250145,0.0,""
"2026-09-25 17:17:33","git-master-bddc7a050319718b5e4e0856afec0bc9ea96418f","C:\Users\marco\Desktop\ds004507\derivatives\labels\sub-005\ses-headUp\anat\sub-005_ses-headUp_T2w_seg-manual.nii.gz","737","7","",50.67743611901739,0.0,3.281608324934754,0.0,29.620662046948517,0.0,6.441705279981217,0.0,6.737307423118909,0.0,9.667974200841936,0.0,3.3380675066317083,0.0,3.103637773349508,0.0,0.7171872023071784,0.0,-7.6693881075701835,0.0,0.9719071975808329,0.0,""
"2026-09-25 17:17:33","git-master-bddc7a050319718b5e4e0856afec0bc9ea96418f","C:\Users\marco\Desktop\ds004507\derivatives\labels\sub-005\ses-headUp\anat\sub-005_ses-headUp_T2w_seg-manual.nii.gz","738","7","",51.58384849749067,0.0,3.3136331924226554,0.0,29.499429366587737,0.0,6.47913270160523,0.0,6.8430670368462545,0.0,9.708646084350566,0.0,3.361851530496728,0.0,3.1172811711085013,0.0,0.7091712640377053,0.0,-7.1647968435178795,0.0,0.972893072578421,0.0,""
"2026-09-25 17:17:33","git-master-bddc7a050319718b5e4e0856afec0bc9ea96418f","C:\Users\marco\Desktop\ds004507\derivatives\labels\sub-005\ses-headUp\anat\sub-005_ses-headUp_T2w_seg-manual.nii.gz","739","7","",52.22464756751796,0.0,3.3456031774882784,0.0,29.376151588148684,0.0,6.578019086353715,0.0,6.917341840079881,0.0,9.692919121444948,0.0,3.394887845819428,0.0,3.183131240534286,0.0,0.7001446165835983,0.0,-6.319061362194114,0.0,0.9656947972904862,0.0,""
"2026-09-25 17:17:33","git-master-bddc7a050319718b5e4e0856afec0bc9ea96418f","C:\Users\marco\Desktop\ds004507\derivatives\labels\sub-005\ses-headUp\anat\sub-005_ses-headUp_T2w_seg-manual.nii.gz","740","7","",51.07344835841703,0.0,3.3774887184340807,0.0,29.249705241928414,0.0,6.4233818325507865,0.0,6.6616860293464475,0.0,9.81415006743299,0.0,3.296451638082165,0.0,3.1269301944686205,0.0,0.7336545704356752,0.0,-7.035773983794597,0.0,0.9661330551406027,0.0,""
"2026-09-25 17:17:33","git-master-bddc7a050319718b5e4e0856afec0bc9ea96418f","C:\Users\marco\Desktop\ds004507\derivatives\labels\sub-005\ses-headUp\anat\sub-005_ses-headUp_T2w_seg-manual.nii.gz","741","7","",51.84829655397789,0.0,3.4093066945342096,0.0,29.12070031986835,0.0,6.45497876056165,0.0,6.623294273515254,0.0,9.960545011615885,0.0,3.263289855800195,0.0,3.1916889047614547,0.0,0.7468360422738246,0.0,-6.5628517318026685,0.0,0.9672499496789875,0.0,""
"2026-09-25 17:17:33","git-master-bddc7a050319718b5e4e0856afec0bc9ea96418f","C:\Users\marco\Desktop\ds004507\derivatives\labels\sub-005\ses-headUp\anat\sub-005_ses-headUp_T2w_seg-manual.nii.gz","742","7","",52.95590121000469,0.0,3.4410697707867612,0.0,28.989607449258163,0.0,6.503575651806751,0.0,6.620509989106895,0.0,10.119608534937267,0.0,3.2478153370395546,0.0,3.2557603147671963,0.0,0.7559296888382417,0.0,-5.631135902963847,0.0,0.970549751096258,0.0,""
"2026-09-25 17:17:33","git-master-bddc7a050319718b5e4e0856afec0bc9ea96418f","C:\Users\marco\Desktop\ds004507\derivatives\labels\sub-005\ses-headUp\anat\sub-005_ses-headUp_T2w_seg-manual.nii.gz","743","7","",52.618819575323,0.0,3.4727610497277914,0.0,28.855770292390698,0.0,6.369486317675511,0.0,6.449296639007337,0.0,10.283373493055326,0.0,3.2015416417020566,0.0,3.1679446759734535,0.0,0.7786400112901813,0.0,-4.874156501782745,0.0,0.9791932286088717,0.0,""
"2026-09-25 17:17:33","git-master-bddc7a050319718b5e4e0856afec0bc9ea96418f","C:\Users\marco\Desktop\ds004507\derivatives\labels\sub-005\ses-headUp\anat\sub-005_ses-headUp_T2w_seg-manual.nii.gz","744","7","",53.132215412787694,0.0,3.504372074350901,0.0,28.718836502604287,0.0,6.387521933991177,0.0,6.5434682434777764,0.0,10.333377073992773,0.0,3.17097212606856,0.0,3.2165498079226165,0.0,0.7738816124903573,0.0,-5.855615021781698,0.0,0.963431071713804,0.0,""
"2026-09-25 17:17:33","git-master-bddc7a050319718b5e4e0856afec0bc9ea96418f","C:\Users\marco\Desktop\ds004507\derivatives\labels\sub-005\ses-headUp\anat\sub-005_ses-headUp_T2w_seg-manual.nii.gz","745","7","",53.193784924869185,0.0,3.535928183514748,0.0,28.57976969063272,0.0,6.39911595707942,0.0,6.608358055483599,0.0,10.320197252566315,0.0,3.182467256818451,0.0,3.2166487002609694,0.0,0.7681008740024244,0.0,-7.036495622025798,0.0,0.9571058604713591,0.0,""
"2026-09-25 17:17:33","git-master-bddc7a050319718b5e4e0856afec0bc9ea96418f","C:\Users\marco\Desktop\ds004507\derivatives\labels\sub-005\ses-headUp\anat\sub-005_ses-headUp_T2w_seg-manual.nii.gz","746","7","",52.2739945481078,0.0,3.5674251507466637,0.0,28.43839894615946,0.0,6.350871026813739,0.0,6.540788719819787,0.0,10.245987326422396,0.0,3.2542533926827097,0.0,3.096617634131029,0.0,0.7697254339534498,0.0,-7.9582753436683,0.0,0.9734528309273227,0.0,""
"2026-09-25 17:17:33","git-master-bddc7a050319718b5e4e0856afec0bc9ea96418f","C:\Users\marco\Desktop\ds004507\derivatives\labels\sub-005\ses-headUp\anat\sub-005_ses-headUp_T2w_seg-manual.nii.gz","747","7","",52.156905253305666,0.0,3.5988291699975465,0.0,28.293372116175593,0.0,6.238236981670582,0.0,6.465455279626009,0.0,10.337377931037354,0.0,3.1545601062772533,0.0,3.0836768753933286,0.0,0.7801351672024976,0.0,-8.412620182068489,0.0,0.9713358696257358,0.0,""
"2026-09-25 17:17:33","git-master-bddc7a050319718b5e4e0856afec0bc9ea96418f","C:\Users\marco\Desktop\ds004507\derivatives\labels\sub-005\ses-headUp\anat\sub-005_ses-headUp_T2w_seg-manual.nii.gz","748","7","",52.3484290845533,0.0,3.6301782599569488,0.0,28.146165053844143,0.0,6.248083814558797,0.0,6.409283783088195,0.0,10.404241057823512,0.0,3.1104399645092538,0.0,3.1376438500495434,0.0,0.7877009861386828,0.0,-7.938553146384434,0.0,0.9706114100252775,0.0,""
"2026-09-25 17:17:33","git-master-bddc7a050319718b5e4e0856afec0bc9ea96418f","C:\Users\marco\Desktop\ds004507\derivatives\labels\sub-005\ses-headUp\anat\sub-005_ses-headUp_T2w_seg-manual.nii.gz","749","7","",53.00813176190053,0.0,3.6614724193082147,0.0,27.99677274144641,0.0,6.384399365702822,0.0,6.39672945572839,0.0,10.458487654304328,0.0,3.133436461169382,0.0,3.250962904533441,0.0,0.7911511215066719,0.0,-6.770753073830462,0.0,0.9709455635859059,0.0,""
"2026-09-25 17:17:33","git-master-bddc7a050319718b5e4e0856afec0bc9ea96418f","C:\Users\marco\Desktop\ds004507\derivatives\labels\sub-005\ses-headUp\anat\sub-005_ses-headUp_T2w_seg-manual.nii.gz","750","7","",55.96449270842153,0.0,3.6926778369628432,0.0,27.843820502287326,0.0,6.641587769722003,0.0,6.654324901317171,0.0,10.688787888888251,0.0,3.251243896946328,0.0,3.390343872775675,0.0,0.7826027679877902,0.0,-7.050217640784634,0.0,0.9609143563206504,0.0,""
"2026-09-25 17:17:33","git-master-bddc7a050319718b5e4e0856afec0bc9ea96418f","C:\Users\marco\Desktop\ds004507\derivatives\labels\sub-005\ses-headUp\anat\sub-005_ses-headUp_T2w_seg-manual.nii.gz","751","7","",57.92380840219335,0.0,3.723819861649091,0.0,27.68829975168404,0.0,6.71245066502224,0.0,6.802790147479646,0.0,10.89484098859683,0.0,3.295233503729631,0.0,3.4172171612926094,0.0,0.7810767659635242,0.0,-7.951156451477705,0.0,0.9597947116242347,0.0,""
"2026-09-25 17:17:33","git-master-bddc7a050319718b5e4e0856afec0bc9ea96418f","C:\Users\marco\Desktop\ds004507\derivatives\labels\sub-005\ses-headUp\anat\sub-005_ses-headUp_T2w_seg-manual.nii.gz","752","7","",58.78620020498436,0.0,3.75490694388243,0.0,27.53054424060848,0.0,6.655636052777523,0.0,6.862060071628524,0.0,11.014253996580846,0.0,3.292259503631701,0.0,3.3633765491458223,0.0,0.7821954029460061,0.0,-9.408813631446794,0.0,0.9629884481253498,0.0,""
"2026-09-25 17:17:33","git-master-bddc7a050319718b5e4e0856afec0bc9ea96418f","C:\Users\marco\Desktop\ds004507\derivatives\labels\sub-005\ses-headUp\anat\sub-005_ses-headUp_T2w_seg-manual.nii.gz","753","7","",57.61399288552286,0.0,3.7859179477845903,0.0,27.369675133805597,0.0,6.496927390111339,0.0,6.8097568194269575,0.0,10.86831717331711,0.0,3.261946750429126,0.0,3.2349806396822127,0.0,0.7793518254831189,0.0,-11.67742639283086,0.0,0.964600156805403,0.0,""
"2026-09-25 17:17:33","git-master-bddc7a050319718b5e4e0856afec0bc9ea96418f","C:\Users\marco\Desktop\ds004507\derivatives\labels\sub-005\ses-headUp\anat\sub-005_ses-headUp_T2w_seg-manual.nii.gz","754","7","",58.39509292810794,0.0,3.8168528670636435,0.0,27.205660534974953,0.0,6.466281522320681,0.0,6.711136632903222,0.0,11.110476803430414,0.0,3.215274696704449,0.0,3.2510068256162317,0.0,0.7961683026958026,0.0,-11.626965650472485,0.0,0.9672506148454076,0.0,""
"2026-09-25 17:17:33","git-master-bddc7a050319718b5e4e0856afec0bc9ea96418f","C:\Users\marco\Desktop\ds004507\derivatives\labels\sub-005\ses-headUp\anat\sub-005_ses-headUp_T2w_seg-manual.nii.gz","755","7","",59.98915575735327,0.0,3.8477328337508716,0.0,27.039359796770356,0.0,6.568837060494031,0.0,6.69089229789027,0.0,11.395362415035384,0.0,3.2614989232011933,0.0,3.307338137292838,0.0,0.8094820241536379,0.0,-11.155588970781377,0.0,0.9706994170269924,0.0,""
"2026-09-25 17:17:33","git-master-bddc7a050319718b5e4e0856afec0bc9ea96418f","C:\Users\marco\Desktop\ds004507\derivatives\labels\sub-005\ses-headUp\anat\sub-005_ses-headUp_T2w_seg-manual.nii.gz","756","7","",62.090176227187285,0.0,3.878549391736296,0.0,26.87041082433738,0.0,6.854445862518893,0.0,6.841726087752832,0.0,11.558225672470023,0.0,3.4904241441350283,0.0,3.3640217183838645,0.0,0.8059884667609392,0.0,-11.102845691790563,0.0,0.9751040991823982,0.0,""
"2026-09-25 17:17:33","git-master-bddc7a050319718b5e4e0856afec0bc9ea96418f","C:\Users\marco\Desktop\ds004507\derivatives\labels\sub-005\ses-headUp\anat\sub-005_ses-headUp_T2w_seg-manual.nii.gz","757","7","",61.1174315038615,0.0,3.9092771712969414,0.0,26.69771598928992,0.0,6.700113706554963,0.0,6.810301030861023,0.0,11.484701822207004,0.0,3.358987714167526,0.0,3.3411259923874366,0.0,0.8052083042146915,0.0,-11.535116767596698,0.0,0.9702667941112407,0.0,""
"2026-09-25 17:17:33","git-master-bddc7a050319718b5e4e0856afec0bc9ea96418f","C:\Users\marco\Desktop\ds004507\derivatives\labels\sub-005\ses-headUp\anat\sub-005_ses-headUp_T2w_seg-manual.nii.gz","758","7","",61.471113083356755,0.0,3.93994998979906,0.0,26.52268193565556,0.0,6.579391425164902,0.0,6.770701602027585,0.0,11.638796043562607,0.0,3.2774380578609508,0.0,3.3019533673039505,0.0,0.8128634775264949,0.0,-11.313448848076085,0.0,0.968548771202849,0.0,""
"2026-09-25 17:17:33","git-master-bddc7a050319718b5e4e0856afec0bc9ea96418f","C:\Users\marco\Desktop\ds004507\derivatives\labels\sub-005\ses-headUp\anat\sub-005_ses-headUp_T2w_seg-manual.nii.gz","759","7","",63.477871972442784,0.0,3.9705678464538297,0.0,26.345303089977683,0.0,6.543708841476975,0.0,6.738248610556761,0.0,12.047645837054821,0.0,3.287778454366408,0.0,3.255930387110566,0.0,0.8289612949522633,0.0,-10.37615627739275,0.0,0.9708332195176258,0.0,""
"2026-09-25 17:17:33","git-master-bddc7a050319718b5e4e0856afec0bc9ea96418f","C:\Users\marco\Desktop\ds004507\derivatives\labels\sub-005\ses-headUp\anat\sub-005_ses-headUp_T2w_seg-manual.nii.gz","760","7","",62.992351391884725,0.0,4.001092685757774,0.0,26.16391809373803,0.0,6.566683284917345,0.0,6.642610517938315,0.0,12.057971109682434,0.0,3.2987336713855844,0.0,3.2679496135317607,0.0,0.8345512676553559,0.0,-10.498261508507186,0.0,0.9651847206035847,0.0,""
"2026-09-25 17:17:33","git-master-bddc7a050319718b5e4e0856afec0bc9ea96418f","C:\Users\marco\Desktop\ds004507\derivatives\labels\sub-005\ses-headUp\anat\sub-005_ses-headUp_T2w_seg-manual.nii.gz","761","7","",63.68253988260502,0.0,4.031558329113836,0.0,25.979957203459833,0.0,6.651225315427348,0.0,6.687347521907832,0.0,12.113018220862918,0.0,3.28710226209254,0.0,3.364123053334809,0.0,0.8337851771329738,0.0,-10.171895544782117,0.0,0.962425822087203,0.0,""
"2026-09-25 17:17:33","git-master-bddc7a050319718b5e4e0856afec0bc9ea96418f","C:\Users\marco\Desktop\ds004507\derivatives\labels\sub-005\ses-headUp\anat\sub-005_ses-headUp_T2w_seg-manual.nii.gz","762","7","",64.94398765026955,0.0,4.061969004021956,0.0,25.79359675425496,0.0,6.745098918741367,0.0,6.807757309473404,0.0,12.184059888085809,0.0,3.2647822377056346,0.0,3.480316681035733,0.0,0.8293387092415171,0.0,-9.49534520401254,0.0,0.9611306539245112,0.0,""
"2026-09-25 17:17:33","git-master-bddc7a050319718b5e4e0856afec0bc9ea96418f","C:\Users\marco\Desktop\ds004507\derivatives\labels\sub-005\ses-headUp\anat\sub-005_ses-headUp_T2w_seg-manual.nii.gz","763","7","",65.32880535505136,0.0,4.092299337857488,0.0,25.60370407658751,0.0,6.695296468072541,0.0,6.858967434896268,0.0,12.194514368071905,0.0,3.260661168397706,0.0,3.4346352996748344,0.0,0.8268191419104588,0.0,-8.524857899380734,0.0,0.9579646037275668,0.0,""
"2026-09-25 17:17:33","git-master-bddc7a050319718b5e4e0856afec0bc9ea96418f","C:\Users\marco\Desktop\ds004507\derivatives\labels\sub-005\ses-headUp\anat\sub-005_ses-headUp_T2w_seg-manual.nii.gz","764","7","",64.13664643049222,0.0,4.1225577846740205,0.0,25.410618139276302,0.0,6.455205105251037,0.0,6.644143183362252,0.0,12.31592428651322,0.0,3.209072050524914,0.0,3.246133054726123,0.0,0.8414177995482436,0.0,-9.757939892576367,0.0,0.9554667287131698,0.0,""
"2026-09-25 17:17:33","git-master-bddc7a050319718b5e4e0856afec0bc9ea96418f","C:\Users\marco\Desktop\ds004507\derivatives\labels\sub-005\ses-headUp\anat\sub-005_ses-headUp_T2w_seg-manual.nii.gz","765","7","",63.573471738059304,0.0,4.152761258041784,0.0,25.21507666388091,0.0,6.315486167290973,0.0,6.485335258250621,0.0,12.452102124942027,0.0,3.178880160385057,0.0,3.136606006905916,0.0,0.8536445527797608,0.0,-10.683567626839906,0.0,0.9560074695528656,0.0,""
"2026-09-25 17:17:33","git-master-bddc7a050319718b5e4e0856afec0bc9ea96418f","C:\Users\marco\Desktop\ds004507\derivatives\labels\sub-005\ses-headUp\anat\sub-005_ses-headUp_T2w_seg-manual.nii.gz","766","7","",65.72015811751764,0.0,4.1828970707016415,0.0,25.01649860501411,0.0,6.5587002976415665,0.0,6.669180618641086,0.0,12.532524939378368,0.0,3.235889771132472,0.0,3.322810526509094,0.0,0.8466401497464576,0.0,-9.128773419750823,0.0,0.9629545859790208,0.0,""
"2026-09-25 17:17:33","git-master-bddc7a050319718b5e4e0856afec0bc9ea96418f","C:\Users\marco\Desktop\ds004507\derivatives\labels\sub-005\ses-headUp\anat\sub-005_ses-headUp_T2w_seg-manual.nii.gz","767","7","",64.837892995723,0.0,4.212948305042647,0.0,24.814085595956733,0.0,6.400554234091928,0.0,6.59443738688298,0.0,12.554861486395325,0.0,3.060353512581213,0.0,3.3402007215107137,0.0,0.8509080173266216,0.0,-8.53670091358984,0.0,0.9529451232407595,0.0,""
"2026-09-25 17:17:33","git-master-bddc7a050319718b5e4e0856afec0bc9ea96418f","C:\Users\marco\Desktop\ds004507\derivatives\labels\sub-005\ses-headUp\anat\sub-005_ses-headUp_T2w_seg-manual.nii.gz","768","7","",64.67383931383507,0.0,4.242944562500753,0.0,24.609160149156686,0.0,6.396857357039443,0.0,6.585286589692843,0.0,12.561021666234437,0.0,3.047099289024428,0.0,3.3497580680150145,0.0,0.8515182988370065,0.0,-8.103204977450426,0.0,0.9542739690107965,0.0,""
"2026-09-25 17:17:33","git-master-bddc7a050319718b5e4e0856afec0bc9ea96418f","C:\Users\marco\Desktop\ds004507\derivatives\labels\sub-005\ses-headUp\anat\sub-005_ses-headUp_T2w_seg-manual.nii.gz","769","7","",66.03410604657024,0.0,4.272885842783267,0.0,24.40171634857833,0.0,6.672209660243804,0.0,6.711830732910035,0.0,12.557479390889128,0.0,3.2901581554736996,0.0,3.3820515047701045,0.0,0.8451756256870527,0.0,-7.68812785065808,0.0,0.9736491487786825,0.0,""
"2026-09-25 17:17:33","git-master-bddc7a050319718b5e4e0856afec0bc9ea96418f","C:\Users\marco\Desktop\ds004507\derivatives\labels\sub-005\ses-headUp\anat\sub-005_ses-headUp_T2w_seg-manual.nii.gz","770","6","",67.1870270890058,0.0,4.307240221232122,0.0,24.100773733980546,0.0,6.417566134351977,0.0,6.629669439490806,0.0,13.001815719742702,0.0,3.067566155331331,0.0,3.3499999790206463,0.0,0.8602316954755952,0.0,-9.052309179383883,0.0,0.9542938254080908,0.0,""
"2026-09-25 17:17:33","git-master-bddc7a050319718b5e4e0856afec0bc9ea96418f","C:\Users\marco\Desktop\ds004507\derivatives\labels\sub-005\ses-headUp\anat\sub-005_ses-headUp_T2w_seg-manual.nii.gz","771","6","",66.5914434882483,0.0,4.32049352590712,0.0,23.86992898761912,0.0,6.256236944747708,0.0,6.491999351437292,0.0,13.1455570581118,0.0,2.9757130643315213,0.0,3.2805238804161863,0.0,0.869454361740676,0.0,-7.811573097695629,0.0,0.951155930100005,0.0,""
"2026-09-25 17:17:33","git-master-bddc7a050319718b5e4e0856afec0bc9ea96418f","C:\Users\marco\Desktop\ds004507\derivatives\labels\sub-005\ses-headUp\anat\sub-005_ses-headUp_T2w_seg-manual.nii.gz","772","6","",68.75457791752895,0.0,4.324645424993857,0.0,23.639012340731234,0.0,6.5071258504246225,0.0,6.673727374181992,0.0,13.16836696033758,0.0,3.1434645506614665,0.0,3.3636612997631556,0.0,0.86183342838993,0.0,-8.145805598418818,0.0,0.9552556381797488,0.0,""
"2026-09-25 17:17:33","git-master-bddc7a050319718b5e4e0856afec0bc9ea96418f","C:\Users\marco\Desktop\ds004507\derivatives\labels\sub-005\ses-headUp\anat\sub-005_ses-headUp_T2w_seg-manual.nii.gz","773","6","",68.48947551787187,0.0,4.319695927466423,0.0,23.40803115537931,0.0,6.579411333098456,0.0,6.7142848286672745,0.0,13.032213669059614,0.0,3.1912918918185174,0.0,3.388119441279938,0.0,0.8570599216299362,0.0,-9.556075163559079,0.0,0.958091228964175,0.0,""
"2026-09-25 17:17:33","git-master-bddc7a050319718b5e4e0856afec0bc9ea96418f","C:\Users\marco\Desktop\ds004507\derivatives\labels\sub-005\ses-headUp\anat\sub-005_ses-headUp_T2w_seg-manual.nii.gz","774","6","",63.354438746965506,0.0,4.305644889332494,0.0,23.17699280132755,0.0,6.1608586072126,0.0,6.380074181773518,0.0,12.750073544598616,0.0,2.9245887405289768,0.0,3.236269866683624,0.0,0.8657182931895199,0.0,-11.289103451920303,0.0,0.9541805211855053,0.0,""
"2026-09-25 17:17:33","git-master-bddc7a050319718b5e4e0856afec0bc9ea96418f","C:\Users\marco\Desktop\ds004507\derivatives\labels\sub-005\ses-headUp\anat\sub-005_ses-headUp_T2w_seg-manual.nii.gz","775","6","",66.45963187357178,0.0,4.2796466920957075,0.0,22.945894514995004,0.0,6.451335739697149,0.0,6.698950085382546,0.0,12.667314611502903,0.0,3.1691674985430316,0.0,3.2821682411541175,0.0,0.8485418638676211,0.0,-10.09028927710455,0.0,0.9517996351933823,0.0,""
"2026-09-25 17:17:33","git-master-bddc7a050319718b5e4e0856afec0bc9ea96418f","C:\Users\marco\Desktop\ds004507\derivatives\labels\sub-005\ses-headUp\anat\sub-005_ses-headUp_T2w_seg-manual.nii.gz","776","6","",66.65306139569137,0.0,4.243405363773165,0.0,22.714759715012985,0.0,6.385750189590696,0.0,6.623385196442831,0.0,12.839451308112364,0.0,3.1408784087696207,0.0,3.244871780821075,0.0,0.8563658059086237,0.0,-9.25061905237006,0.0,0.9576815039943776,0.0,""
"2026-09-25 17:17:33","git-master-bddc7a050319718b5e4e0856afec0bc9ea96418f","C:\Users\marco\Desktop\ds004507\derivatives\labels\sub-005\ses-headUp\anat\sub-005_ses-headUp_T2w_seg-manual.nii.gz","777","6","",66.53242961930489,0.0,4.198056581961587,0.0,22.483601572790562,0.0,6.3505902171581035,0.0,6.568510890594732,0.0,12.949756538950457,0.0,3.0654276397729143,0.0,3.2851625773851887,0.0,0.8617852239556496,0.0,-9.224863739370814,0.0,0.9630431341511674,0.0,""
"2026-09-25 17:17:33","git-master-bddc7a050319718b5e4e0856afec0bc9ea96418f","C:\Users\marco\Desktop\ds004507\derivatives\labels\sub-005\ses-headUp\anat\sub-005_ses-headUp_T2w_seg-manual.nii.gz","778","6","",67.1165771889081,0.0,4.14359807330755,0.0,22.252427556955226,0.0,6.470707610976178,0.0,6.668481713298995,0.0,12.906170778880968,0.0,3.043108984492265,0.0,3.4275986264839133,0.0,0.8561193289901644,0.0,-10.040185306912067,0.0,0.9635837080169575,0.0,""
"2026-09-25 17:17:33","git-master-bddc7a050319718b5e4e0856afec0bc9ea96418f","C:\Users\marco\Desktop\ds004507\derivatives\labels\sub-005\ses-headUp\anat\sub-005_ses-headUp_T2w_seg-manual.nii.gz","779","6","",68.48466031352035,0.0,4.078317629426124,0.0,22.02124653917858,0.0,6.658218215536359,0.0,6.828996370726012,0.0,12.818897450118639,0.0,3.1247867898864867,0.0,3.5334314256498724,0.0,0.8462433863882153,0.0,-11.150012594055056,0.0,0.955813405737839,0.0,""
"2026-09-25 17:17:33","git-master-bddc7a050319718b5e4e0856afec0bc9ea96418f","C:\Users\marco\Desktop\ds004507\derivatives\labels\sub-005\ses-headUp\anat\sub-005_ses-headUp_T2w_seg-manual.nii.gz","780","6","",68.28682548075712,0.0,4.001638639192404,0.0,21.79007483016364,0.0,6.450506689828408,0.0,6.658538333399947,0.0,13.097144664303581,0.0,3.0912579477286615,0.0,3.3592487420997466,0.0,0.8606820555981974,0.0,-9.907552153814354,0.0,0.9589629763817162,0.0,""
"2026-09-25 17:17:33","git-master-bddc7a050319718b5e4e0856afec0bc9ea96418f","C:\Users\marco\Desktop\ds004507\derivatives\labels\sub-005\ses-headUp\anat\sub-005_ses-headUp_T2w_seg-manual.nii.gz","781","6","",69.36665137211078,0.0,3.9158355347490663,0.0,21.55892143807226,0.0,6.5522768822019115,0.0,6.7384439474887525,0.0,13.200722248930743,0.0,3.168288387917749,0.0,3.383988494284163,0.0,0.8596357112467852,0.0,-9.806870525578569,0.0,0.9608974617470071,0.0,""
"2026-09-25 17:17:33","git-master-bddc7a050319718b5e4e0856afec0bc9ea96418f","C:\Users\marco\Desktop\ds004507\derivatives\labels\sub-005\ses-headUp\anat\sub-005_ses-headUp_T2w_seg-manual.nii.gz","782","6","",70.28202006940997,0.0,3.8209043918118666,0.0,21.327793899301003,0.0,6.7836795938227885,0.0,6.877589219382279,0.0,13.152270811034203,0.0,3.271596969485225,0.0,3.5120826243375634,0.0,0.8522144364599398,0.0,-10.838252742592438,0.0,0.9611673755339065,0.0,""
"2026-09-25 17:17:33","git-master-bddc7a050319718b5e4e0856afec0bc9ea96418f","C:\Users\marco\Desktop\ds004507\derivatives\labels\sub-005\ses-headUp\anat\sub-005_ses-headUp_T2w_seg-manual.nii.gz","783","6","",67.43484683210671,0.0,3.716269915240152,0.0,21.09670273335238,0.0,6.578655771571668,0.0,6.5307132081746735,0.0,13.173257794833033,0.0,3.1707340348100272,0.0,3.4079217367616406,0.0,0.8684292550116918,0.0,-11.819639763594177,0.0,0.9629392244242884,0.0,""
"2026-09-25 17:17:33","git-master-bddc7a050319718b5e4e0856afec0bc9ea96418f","C:\Users\marco\Desktop\ds004507\derivatives\labels\sub-005\ses-headUp\anat\sub-005_ses-headUp_T2w_seg-manual.nii.gz","784","6","",71.53797838956365,0.0,3.599067498358407,0.0,20.865677107010868,0.0,6.809131231351645,0.0,6.811842328292712,0.0,13.406285550776746,0.0,3.3108620497665133,0.0,3.498269181585132,0.0,0.8612920904895704,0.0,-10.817994005209908,0.0,0.9554874531248306,0.0,""
"2026-09-25 17:17:33","git-master-bddc7a050319718b5e4e0856afec0bc9ea96418f","C:\Users\marco\Desktop\ds004507\derivatives\labels\sub-005\ses-headUp\anat\sub-005_ses-headUp_T2w_seg-manual.nii.gz","785","6","",73.81370395452984,0.0,3.4727171385030577,0.0,20.63471175565124,0.0,6.895130721204818,0.0,7.007993078754661,0.0,13.54982238160704,0.0,3.3136120837361855,0.0,3.5815186374686325,0.0,0.8558601760005089,0.0,-9.92356272290574,0.0,0.9564924843591933,0.0,""
"2026-09-25 17:17:33","git-master-bddc7a050319718b5e4e0856afec0bc9ea96418f","C:\Users\marco\Desktop\ds004507\derivatives\labels\sub-005\ses-headUp\anat\sub-005_ses-headUp_T2w_seg-manual.nii.gz","786","6","",74.76149285318847,0.0,3.3372141913828224,0.0,20.403814251674362,0.0,6.875346904373773,0.0,7.071144619855215,0.0,13.645628991250666,0.0,3.2517028522338673,0.0,3.623644052139906,0.0,0.8552230524794626,0.0,-9.175600028472703,0.0,0.9612897134545775,0.0,""
"2026-09-25 17:17:33","git-master-bddc7a050319718b5e4e0856afec0bc9ea96418f","C:\Users\marco\Desktop\ds004507\derivatives\labels\sub-005\ses-headUp\anat\sub-005_ses-headUp_T2w_seg-manual.nii.gz","787","6","",75.25883807796207,0.0,3.1925540102985828,0.0,20.172992168763905,0.0,6.811930344693076,0.0,6.992745514139036,0.0,13.74617032823396,0.0,3.213801607147916,0.0,3.59812873754516,0.0,0.8609321381997214,0.0,-8.527184147575172,0.0,0.9637186693924349,0.0,""
"2026-09-25 17:17:33","git-master-bddc7a050319718b5e4e0856afec0bc9ea96418f","C:\Users\marco\Desktop\ds004507\derivatives\labels\sub-005\ses-headUp\anat\sub-005_ses-headUp_T2w_seg-manual.nii.gz","788","6","",73.47057333289513,0.0,3.035292101573546,0.0,19.942291154770345,0.0,6.538184222623168,0.0,6.7889203008527765,0.0,13.738906166000035,0.0,3.1079642326000405,0.0,3.4302199900231267,0.0,0.8693401835992438,0.0,-8.368720167922769,0.0,0.9528907300314508,0.0,""
"2026-09-25 17:17:33","git-master-bddc7a050319718b5e4e0856afec0bc9ea96418f","C:\Users\marco\Desktop\ds004507\derivatives\labels\sub-005\ses-headUp\anat\sub-005_ses-headUp_T2w_seg-manual.nii.gz","789","6","",75.1160672965036,0.0,2.8773996067778858,0.0,19.711698009049503,0.0,6.688589843478722,0.0,6.956255167894481,0.0,13.773148033854834,0.0,3.2338567675249985,0.0,3.4547330759537225,0.0,0.8629738365254956,0.0,-7.93280634849693,0.0,0.9530277915325236,0.0,""
"2026-09-25 17:17:33","git-master-bddc7a050319718b5e4e0856afec0bc9ea96418f","C:\Users\marco\Desktop\ds004507\derivatives\labels\sub-005\ses-headUp\anat\sub-005_ses-headUp_T2w_seg-manual.nii.gz","790","6","",76.31513044041453,0.0,2.7242786873576184,0.0,19.481214804781196,0.0,6.856945992988922,0.0,7.144449405345842,0.0,13.725667510023412,0.0,3.3206289482132143,0.0,3.536317044775708,0.0,0.8537925789409303,0.0,-8.463850955319508,0.0,0.9496867250410613,0.0,""
"2026-09-25 17:17:33","git-master-bddc7a050319718b5e4e0856afec0bc9ea96418f","C:\Users\marco\Desktop\ds004507\derivatives\labels\sub-005\ses-headUp\anat\sub-005_ses-headUp_T2w_seg-manual.nii.gz","791","6","",75.49377181665061,0.0,2.5791502291243926,0.0,19.25084911679698,0.0,6.851260615034671,0.0,7.173104328245959,0.0,13.57823066350624,0.0,3.266882104211978,0.0,3.5843785108226927,0.0,0.8490637041059327,0.0,-10.114863230223262,0.0,0.9399462605666183,0.0,""
"2026-09-25 17:17:33","git-master-bddc7a050319718b5e4e0856afec0bc9ea96418f","C:\Users\marco\Desktop\ds004507\derivatives\labels\sub-005\ses-headUp\anat\sub-005_ses-headUp_T2w_seg-manual.nii.gz","792","6","",75.57526377818492,0.0,2.4440223407078956,0.0,19.020643994795396,0.0,6.82713247027854,0.0,7.092695797472966,0.0,13.5996386818125,0.0,3.324205731896791,0.0,3.5029267383817486,0.0,0.8532210126984654,0.0,-10.003350166718102,0.0,0.9512269214444876,0.0,""
"2026-09-25 17:17:33","git-master-bddc7a050319718b5e4e0856afec0bc9ea96418f","C:\Users\marco\Desktop\ds004507\derivatives\labels\sub-005\ses-headUp\anat\sub-005_ses-headUp_T2w_seg-manual.nii.gz","793","6","",75.15243920292265,0.0,2.318404827982996,0.0,18.7906073772648,0.0,6.993534267059155,0.0,7.132152647040516,0.0,13.407865984582664,0.0,3.4015217236802386,0.0,3.5920125433789156,0.0,0.8466567098427926,0.0,-11.237120373807583,0.0,0.9663899827143972,0.0,""
"2026-09-25 17:17:33","git-master-bddc7a050319718b5e4e0856afec0bc9ea96418f","C:\Users\marco\Desktop\ds004507\derivatives\labels\sub-005\ses-headUp\anat\sub-005_ses-headUp_T2w_seg-manual.nii.gz","794","6","",76.01062873427,0.0,2.2008012385279474,0.0,18.560722727460057,0.0,7.103111328020354,0.0,7.278791637198538,0.0,13.40458345051961,0.0,3.406249111433882,0.0,3.6968622165864717,0.0,0.8397388551700751,0.0,-11.858681169960894,0.0,0.9606421074139855,0.0,""
"2026-09-25 17:17:33","git-master-bddc7a050319718b5e4e0856afec0bc9ea96418f","C:\Users\marco\Desktop\ds004507\derivatives\labels\sub-005\ses-headUp\anat\sub-005_ses-headUp_T2w_seg-manual.nii.gz","795","6","",77.32824205440903,0.0,2.091215089322444,0.0,18.330997589315423,0.0,7.083532822608351,0.0,7.412790350743241,0.0,13.557636344777428,0.0,3.3327790969179203,0.0,3.7507537256904304,0.0,0.8372701409038975,0.0,-12.00200801623506,0.0,0.9427574947624393,0.0,""
"2026-09-25 17:17:33","git-master-bddc7a050319718b5e4e0856afec0bc9ea96418f","C:\Users\marco\Desktop\ds004507\derivatives\labels\sub-005\ses-headUp\anat\sub-005_ses-headUp_T2w_seg-manual.nii.gz","796","6","",75.72206718419079,0.0,1.9906529866000082,0.0,18.101462265915913,0.0,6.918884076366624,0.0,7.230857900346966,0.0,13.503374745430696,0.0,3.231230259429839,0.0,3.6876538169367854,0.0,0.844536354617706,0.0,-13.378601550183644,0.0,0.9528839649170234,0.0,""
"2026-09-25 17:17:33","git-master-bddc7a050319718b5e4e0856afec0bc9ea96418f","C:\Users\marco\Desktop\ds004507\derivatives\labels\sub-005\ses-headUp\anat\sub-005_ses-headUp_T2w_seg-manual.nii.gz","797","6","",75.72681480518096,0.0,1.9006250946782244,0.0,17.872165940000215,0.0,6.922956743039201,0.0,7.111065442702943,0.0,13.513339445823881,0.0,3.316643057533635,0.0,3.6063136855055653,0.0,0.8503186786045646,0.0,-11.542596534915809,0.0,0.9518829574463579,0.0,""
"2026-09-25 17:17:33","git-master-bddc7a050319718b5e4e0856afec0bc9ea96418f","C:\Users\marco\Desktop\ds004507\derivatives\labels\sub-005\ses-headUp\anat\sub-005_ses-headUp_T2w_seg-manual.nii.gz","798","6","",77.28663718984961,0.0,1.818626595164602,0.0,17.643063373540823,0.0,6.9306364831021146,0.0,7.118005077782741,0.0,13.808508585950669,0.0,3.347316264914253,0.0,3.583320218187861,0.0,0.856755636219923,0.0,-10.029509459559423,0.0,0.9553449687699701,0.0,""
"2026-09-25 17:17:33","git-master-bddc7a050319718b5e4e0856afec0bc9ea96418f","C:\Users\marco\Desktop\ds004507\derivatives\labels\sub-005\ses-headUp\anat\sub-005_ses-headUp_T2w_seg-manual.nii.gz","799","6","",78.81219750454888,0.0,1.7446592939684475,0.0,17.414162047939,0.0,6.9297060619972255,0.0,7.2540726281565915,0.0,14.015997980777676,0.0,3.2953382051373006,0.0,3.634367856859925,0.0,0.855190428572622,0.0,-9.646340003858972,0.0,0.9562632680428901,0.0,""
"2026-09-25 17:17:33","git-master-bddc7a050319718b5e4e0856afec0bc9ea96418f","C:\Users\marco\Desktop\ds004507\derivatives\labels\sub-005\ses-headUp\anat\sub-005_ses-headUp_T2w_seg-manual.nii.gz","800","6","",78.19987191787219,0.0,1.6787249018848678,0.0,17.18546943937967,0.0,6.927406242862015,0.0,7.507767089637838,0.0,13.612988554749737,0.0,3.1610403750436067,0.0,3.7663658678184087,0.0,0.8341649887924268,0.0,-10.92177125291798,0.0,0.9432522651406772,0.0,""
"2026-09-25 17:17:33","git-master-bddc7a050319718b5e4e0856afec0bc9ea96418f","C:\Users\marco\Desktop\ds004507\derivatives\labels\sub-005\ses-headUp\anat\sub-005_ses-headUp_T2w_seg-manual.nii.gz","801","5","",75.26171492669145,0.0,1.6077897098645757,0.0,16.88759090944159,0.0,6.931635257278405,0.0,6.948524676849242,0.0,13.836973061478567,0.0,3.2769949191041947,0.0,3.6546403381742105,0.0,0.8647684235070198,0.0,-10.957120825222233,0.0,0.956410584174869,0.0,""
"2026-09-25 17:17:33","git-master-bddc7a050319718b5e4e0856afec0bc9ea96418f","C:\Users\marco\Desktop\ds004507\derivatives\labels\sub-005\ses-headUp\anat\sub-005_ses-headUp_T2w_seg-manual.nii.gz","802","5","",74.26966984717687,0.0,1.5658905403698926,0.0,16.664512695434833,0.0,6.812303466521396,0.0,6.910556943954438,0.0,13.6690515678261,0.0,3.1557052603706652,0.0,3.6565982061507305,0.0,0.8627789352305495,0.0,-11.12747897864537,0.0,0.9550341151260331,0.0,""
"2026-09-25 17:17:33","git-master-bddc7a050319718b5e4e0856afec0bc9ea96418f","C:\Users\marco\Desktop\ds004507\derivatives\labels\sub-005\ses-headUp\anat\sub-005_ses-headUp_T2w_seg-manual.nii.gz","803","5","",72.01291908294536,0.0,1.5315274621189099,0.0,16.44166725036312,0.0,6.670146534386846,0.0,6.906675828239315,0.0,13.416326703148131,0.0,3.052240134194165,0.0,3.6179064001926813,0.0,0.8571867963410083,0.0,-11.33993812389018,0.0,0.9510462249809976,0.0,""
"2026-09-25 17:17:33","git-master-bddc7a050319718b5e4e0856afec0bc9ea96418f","C:\Users\marco\Desktop\ds004507\derivatives\labels\sub-005\ses-headUp\anat\sub-005_ses-headUp_T2w_seg-manual.nii.gz","804","5","",71.80680509905932,0.0,1.5047009179824238,0.0,16.21906070153034,0.0,6.704060420994462,0.0,7.027926455161258,0.0,13.313643134272434,0.0,3.0773773349815663,0.0,3.626683086012895,0.0,0.84933059808202,0.0,-11.585479567133802,0.0,0.9516129335175765,0.0,""
"2026-09-25 17:17:33","git-master-bddc7a050319718b5e4e0856afec0bc9ea96418f","C:\Users\marco\Desktop\ds004507\derivatives\labels\sub-005\ses-headUp\anat\sub-005_ses-headUp_T2w_seg-manual.nii.gz","805","5","",76.96667036058113,0.0,1.4854113508312308,0.0,15.996699176240366,0.0,7.112941086463946,0.0,7.365353950177654,0.0,13.595845528026778,0.0,3.341894657139742,0.0,3.7710464293242043,0.0,0.840548931697209,0.0,-11.85508461455338,0.0,0.9639002605135839,0.0,""
"2026-09-25 17:17:33","git-master-bddc7a050319718b5e4e0856afec0bc9ea96418f","C:\Users\marco\Desktop\ds004507\derivatives\labels\sub-005\ses-headUp\anat\sub-005_ses-headUp_T2w_seg-manual.nii.gz","806","5","",74.96904954512128,0.0,1.4774280574044254,0.0,15.774723473017927,0.0,6.800427378490028,0.0,7.105805929345743,0.0,13.723511467591209,0.0,3.0970149597692402,0.0,3.7034124187207875,0.0,0.8553133844690373,0.0,-10.716087079379662,0.0,0.9372294423169902,0.0,""
"2026-09-25 17:17:33","git-master-bddc7a050319718b5e4e0856afec0bc9ea96418f","C:\Users\marco\Desktop\ds004507\derivatives\labels\sub-005\ses-headUp\anat\sub-005_ses-headUp_T2w_seg-manual.nii.gz","807","5","",74.36073571390891,0.0,1.4721822923144166,0.0,15.55301710756419,0.0,6.834895890034656,0.0,7.039503003463825,0.0,13.592639088558293,0.0,3.1406343886462564,0.0,3.6942615013883997,0.0,0.8553318108982843,0.0,-10.782339711976583,0.0,0.9430880082571075,0.0,""
"2026-09-25 17:17:33","git-master-bddc7a050319718b5e4e0856afec0bc9ea96418f","C:\Users\marco\Desktop\ds004507\derivatives\labels\sub-005\ses-headUp\anat\sub-005_ses-headUp_T2w_seg-manual.nii.gz","808","5","",74.28481821082815,0.0,1.4672739516581341,0.0,15.331586105052438,0.0,6.908057855766923,0.0,7.067825767360249,0.0,13.436889488590769,0.0,3.2338991939135915,0.0,3.674158661853332,0.0,0.850483325483536,0.0,-11.024169369318194,0.0,0.957754497484928,0.0,""
"2026-09-25 17:17:33","git-master-bddc7a050319718b5e4e0856afec0bc9ea96418f","C:\Users\marco\Desktop\ds004507\derivatives\labels\sub-005\ses-headUp\anat\sub-005_ses-headUp_T2w_seg-manual.nii.gz","809","5","",73.88438637976317,0.0,1.4603029315325082,0.0,15.110436490655959,0.0,6.711624510355923,0.0,7.092154815863367,0.0,13.489923765351367,0.0,3.1379556257140475,0.0,3.5736688846418754,0.0,0.8506470427233784,0.0,-10.411902908378552,0.0,0.9575074491514445,0.0,""
"2026-09-25 17:17:33","git-master-bddc7a050319718b5e4e0856afec0bc9ea96418f","C:\Users\marco\Desktop\ds004507\derivatives\labels\sub-005\ses-headUp\anat\sub-005_ses-headUp_T2w_seg-manual.nii.gz","810","5","",77.5793765932105,0.0,1.4502378156617712,0.0,14.889726918106996,0.0,6.892598756372746,0.0,7.312699267823333,0.0,13.750320498980251,0.0,3.1641636581359203,0.0,3.728435098236826,0.0,0.8468712091983912,0.0,-7.871588879611087,0.0,0.944704342117002,0.0,""
"2026-09-25 17:17:33","git-master-bddc7a050319718b5e4e0856afec0bc9ea96418f","C:\Users\marco\Desktop\ds004507\derivatives\labels\sub-005\ses-headUp\anat\sub-005_ses-headUp_T2w_seg-manual.nii.gz","811","5","",79.08715439001325,0.0,1.438109896574932,0.0,14.669322598239338,0.0,7.0472440704076345,0.0,7.449515728182046,0.0,13.743064944393003,0.0,3.2790693473925447,0.0,3.7681747230150893,0.0,0.8402471383263197,0.0,-7.117628484458478,0.0,0.9473033982635022,0.0,""
"2026-09-25 17:17:33","git-master-bddc7a050319718b5e4e0856afec0bc9ea96418f","C:\Users\marco\Desktop\ds004507\derivatives\labels\sub-005\ses-headUp\anat\sub-005_ses-headUp_T2w_seg-manual.nii.gz","812","5","",79.37041060728338,0.0,1.4239191275872078,0.0,14.449229433769736,0.0,7.08304630000384,0.0,7.466960824921876,0.0,13.698073939549795,0.0,3.346210111282456,0.0,3.7368361887213846,0.0,0.8382576330718887,0.0,-7.299510154272286,0.0,0.9479819520047669,0.0,""
"2026-09-25 17:17:33","git-master-bddc7a050319718b5e4e0856afec0bc9ea96418f","C:\Users\marco\Desktop\ds004507\derivatives\labels\sub-005\ses-headUp\anat\sub-005_ses-headUp_T2w_seg-manual.nii.gz","813","5","",79.39183608213276,0.0,1.4076654620138165,0.0,14.229453327414937,0.0,6.907491292704616,0.0,7.3293911860251955,0.0,13.845264322410792,0.0,3.229123367604188,0.0,3.678367925100429,0.0,0.848385496399823,0.0,-7.566722320404086,0.0,0.9294173377546187,0.0,""
"2026-09-25 17:17:33","git-master-bddc7a050319718b5e4e0856afec0bc9ea96418f","C:\Users\marco\Desktop\ds004507\derivatives\labels\sub-005\ses-headUp\anat\sub-005_ses-headUp_T2w_seg-manual.nii.gz","814","5","",80.00114581221098,0.0,1.3883172825756525,0.0,14.010170380971184,0.0,7.180170350324043,0.0,7.398289777696061,0.0,13.78901472927559,0.0,3.45511899142869,0.0,3.725051358895353,0.0,0.8438576469127229,0.0,-7.319431190933794,0.0,0.94842704862152,0.0,""
"2026-09-25 17:17:33","git-master-bddc7a050319718b5e4e0856afec0bc9ea96418f","C:\Users\marco\Desktop\ds004507\derivatives\labels\sub-005\ses-headUp\anat\sub-005_ses-headUp_T2w_seg-manual.nii.gz","815","5","",81.60647887889404,0.0,1.3669059636317873,0.0,13.79122782852328,0.0,7.197064801388498,0.0,7.524616759318634,0.0,13.953305153839702,0.0,3.4265380708986477,0.0,3.77052673048985,0.0,0.8421348144914521,0.0,-6.867407289793019,0.0,0.9547424465428431,0.0,""
"2026-09-25 17:17:33","git-master-bddc7a050319718b5e4e0856afec0bc9ea96418f","C:\Users\marco\Desktop\ds004507\derivatives\labels\sub-005\ses-headUp\anat\sub-005_ses-headUp_T2w_seg-manual.nii.gz","816","5","",82.8740639014593,0.0,1.3434314322503895,0.0,13.572631431181174,0.0,7.107435686501992,0.0,7.649652855079571,0.0,14.100756103625523,0.0,3.2937905216626717,0.0,3.81364516483932,0.0,0.8400201615635425,0.0,-6.29848583662722,0.0,0.9526531634825453,0.0,""
"2026-09-25 17:17:33","git-master-bddc7a050319718b5e4e0856afec0bc9ea96418f","C:\Users\marco\Desktop\ds004507\derivatives\labels\sub-005\ses-headUp\anat\sub-005_ses-headUp_T2w_seg-manual.nii.gz","817","5","",82.47012949918411,0.0,1.3178936154996266,0.0,13.35438695005482,0.0,7.060544046268534,0.0,7.714678789165532,0.0,13.993988086155452,0.0,3.2072862593693707,0.0,3.8532577868991638,0.0,0.8343168505565264,0.0,-5.700502051081856,0.0,0.9464488314045836,0.0,""
"2026-09-25 17:17:33","git-master-bddc7a050319718b5e4e0856afec0bc9ea96418f","C:\Users\marco\Desktop\ds004507\derivatives\labels\sub-005\ses-headUp\anat\sub-005_ses-headUp_T2w_seg-manual.nii.gz","818","5","",82.86087407336271,0.0,1.2892606319851625,0.0,13.136687472885418,0.0,7.14774697279384,0.0,7.560828878146238,0.0,14.160339353937022,0.0,3.3508999550192153,0.0,3.796847017774625,0.0,0.8453940846971505,0.0,-7.224117362497565,0.0,0.941997785649144,0.0,""
"2026-09-25 17:17:33","git-master-bddc7a050319718b5e4e0856afec0bc9ea96418f","C:\Users\marco\Desktop\ds004507\derivatives\labels\sub-005\ses-headUp\anat\sub-005_ses-headUp_T2w_seg-manual.nii.gz","819","5","",83.21920486118199,0.0,1.2585640341921869,0.0,12.919362645121376,0.0,7.067054722847303,0.0,7.43857638738055,0.0,14.332380032426514,0.0,3.3118843895299332,0.0,3.755170333317369,0.0,0.8546585051767169,0.0,-7.2887463551631715,0.0,0.943356130206346,0.0,""
"2026-09-25 17:17:33","git-master-bddc7a050319718b5e4e0856afec0bc9ea96418f","C:\Users\marco\Desktop\ds004507\derivatives\labels\sub-005\ses-headUp\anat\sub-005_ses-headUp_T2w_seg-manual.nii.gz","820","5","",83.657755687242,0.0,1.2258037334053298,0.0,12.702418068444624,0.0,6.998613685014753,0.0,7.35548709657535,0.0,14.49580774735933,0.0,3.2979599622672175,0.0,3.700653722747536,0.0,0.8616697023738625,0.0,-6.616300383716405,0.0,0.9476582098376598,0.0,""
"2026-09-25 17:17:33","git-master-bddc7a050319718b5e4e0856afec0bc9ea96418f","C:\Users\marco\Desktop\ds004507\derivatives\labels\sub-005\ses-headUp\anat\sub-005_ses-headUp_T2w_seg-manual.nii.gz","821","5","",84.28916037614275,0.0,1.1909796409092217,0.0,12.485859344537086,0.0,7.122570247882023,0.0,7.319126785437516,0.0,14.636320124470874,0.0,3.516847072596757,0.0,3.605723175285266,0.0,0.8659872666672246,0.0,-5.928690802794987,0.0,0.9520383693045563,0.0,""
"2026-09-25 17:17:33","git-master-bddc7a050319718b5e4e0856afec0bc9ea96418f","C:\Users\marco\Desktop\ds004507\derivatives\labels\sub-005\ses-headUp\anat\sub-005_ses-headUp_T2w_seg-manual.nii.gz","822","5","",84.99118693721041,0.0,1.1530595881465198,0.0,12.269896034267598,0.0,7.101435657885109,0.0,7.476292635994665,0.0,14.688113436602062,0.0,3.3505115785987374,0.0,3.750924079286372,0.0,0.8607502574133701,0.0,-7.460091017934055,0.0,0.9539451836642845,0.0,""
"2026-09-25 17:17:33","git-master-bddc7a050319718b5e4e0856afec0bc9ea96418f","C:\Users\marco\Desktop\ds004507\derivatives\labels\sub-005\ses-headUp\anat\sub-005_ses-headUp_T2w_seg-manual.nii.gz","823","5","",85.13921928070101,0.0,1.113075379312488,0.0,12.054340638848393,0.0,7.104204788099808,0.0,7.504798742427996,0.0,14.728023848070444,0.0,3.3181344140328215,0.0,3.7860703740669863,0.0,0.8604289222380334,0.0,-7.609579512222931,0.0,0.9534174206522569,0.0,""
"2026-09-25 17:17:33","git-master-bddc7a050319718b5e4e0856afec0bc9ea96418f","C:\Users\marco\Desktop\ds004507\derivatives\labels\sub-005\ses-headUp\anat\sub-005_ses-headUp_T2w_seg-manual.nii.gz","824","5","",84.49007821568,0.0,1.0710269247153659,0.0,11.83919858417274,0.0,7.141602889147919,0.0,7.450887393001075,0.0,14.668879522543474,0.0,3.3705463419889177,0.0,3.771056547159001,0.0,0.8613840749705357,0.0,-7.235021012250637,0.0,0.9512277895827553,0.0,""
"2026-09-25 17:17:33","git-master-bddc7a050319718b5e4e0856afec0bc9ea96418f","C:\Users\marco\Desktop\ds004507\derivatives\labels\sub-005\ses-headUp\anat\sub-005_ses-headUp_T2w_seg-manual.nii.gz","825","5","",82.80058455121276,0.0,1.026914134663394,0.0,11.624475296133914,0.0,7.224355211651242,0.0,7.360800875977468,0.0,14.423508623688608,0.0,3.458578125556936,0.0,3.7657770860943063,0.0,0.8599765294401989,0.0,-7.194280244606185,0.0,0.9481489997700621,0.0,""
"2026-09-25 17:17:33","git-master-bddc7a050319718b5e4e0856afec0bc9ea96418f","C:\Users\marco\Desktop\ds004507\derivatives\labels\sub-005\ses-headUp\anat\sub-005_ses-headUp_T2w_seg-manual.nii.gz","826","5","",81.82717096854789,0.0,0.9797045835060108,0.0,11.410396249839954,0.0,6.886649958868862,0.0,7.012790675076016,0.0,14.844767258014723,0.0,3.249750605616511,0.0,3.636899353252351,0.0,0.8808399090018774,0.0,-6.685026499200491,0.0,0.9598431089892199,0.0,""
"2026-09-25 17:17:33","git-master-bddc7a050319718b5e4e0856afec0bc9ea96418f","C:\Users\marco\Desktop\ds004507\derivatives\labels\sub-005\ses-headUp\anat\sub-005_ses-headUp_T2w_seg-manual.nii.gz","827","5","",80.99313660274036,0.0,0.9304303650120175,0.0,11.196757298807864,0.0,6.888399108084936,0.0,6.982425435127899,0.0,14.766663210007975,0.0,3.2075650119093093,0.0,3.6808340961756265,0.0,0.8809211536528003,0.0,-6.60581392942078,0.0,0.9572764943787961,0.0,""
"2026-09-25 17:17:33","git-master-bddc7a050319718b5e4e0856afec0bc9ea96418f","C:\Users\marco\Desktop\ds004507\derivatives\labels\sub-005\ses-headUp\anat\sub-005_ses-headUp_T2w_seg-manual.nii.gz","828","5","",80.50383508064668,0.0,0.8790914076748291,0.0,10.983563678350551,0.0,7.025437612572467,0.0,7.062893040531819,0.0,14.592992128848442,0.0,3.2253068213582474,0.0,3.8001307912142193,0.0,0.8750555398973665,0.0,-6.931621362967687,0.0,0.9489351437190383,0.0,""
"2026-09-25 17:17:33","git-master-bddc7a050319718b5e4e0856afec0bc9ea96418f","C:\Users\marco\Desktop\ds004507\derivatives\labels\sub-005\ses-headUp\anat\sub-005_ses-headUp_T2w_seg-manual.nii.gz","829","5","",80.56462002912336,0.0,0.8256876399878602,0.0,10.770820623780926,0.0,7.093600425604459,0.0,7.047381375686479,0.0,14.727549663716202,0.0,3.196261510886241,0.0,3.897338914718217,0.0,0.8780783442399742,0.0,-7.637427627541845,0.0,0.9433050447901933,0.0,""
"2026-09-25 17:17:33","git-master-bddc7a050319718b5e4e0856afec0bc9ea96418f","C:\Users\marco\Desktop\ds004507\derivatives\labels\sub-005\ses-headUp\anat\sub-005_ses-headUp_T2w_seg-manual.nii.gz","830","5","",81.78370061424916,0.0,0.7691864754769696,0.0,10.55876892439134,0.0,6.929042495965008,0.0,7.117258846805642,0.0,14.891233761651952,0.0,3.200979490880664,0.0,3.7280630050843437,0.0,0.8783860688757777,0.0,-7.428053398765756,0.0,0.932369262883889,0.0,""
"2026-09-25 17:17:33","git-master-bddc7a050319718b5e4e0856afec0bc9ea96418f","C:\Users\marco\Desktop\ds004507\derivatives\labels\sub-005\ses-headUp\anat\sub-005_ses-headUp_T2w_seg-manual.nii.gz","831","5","",81.50276655959941,0.0,0.7106202865811391,0.0,10.347188330165732,0.0,6.798747538793016,0.0,7.114948772742193,0.0,14.901615137414382,0.0,3.1502050279857956,0.0,3.6485425108072205,0.0,0.8786530449813811,0.0,-7.241657352577479,0.0,0.926768016161821,0.0,""
"2026-09-25 17:17:33","git-master-bddc7a050319718b5e4e0856afec0bc9ea96418f","C:\Users\marco\Desktop\ds004507\derivatives\labels\sub-005\ses-headUp\anat\sub-005_ses-headUp_T2w_seg-manual.nii.gz","832","5","",79.56718743297448,0.0,0.6499890435009374,0.0,10.136083872697974,0.0,6.6837435608390585,0.0,6.992929481424769,0.0,14.793016376779637,0.0,3.070999425899157,0.0,3.6127441349399025,0.0,0.8812010080107581,0.0,-7.422575816093176,0.0,0.9287009090422017,0.0,""
"2026-09-25 17:17:33","git-master-bddc7a050319718b5e4e0856afec0bc9ea96418f","C:\Users\marco\Desktop\ds004507\derivatives\labels\sub-005\ses-headUp\anat\sub-005_ses-headUp_T2w_seg-manual.nii.gz","833","5","",75.82233280217474,0.0,0.5872927164369334,0.0,9.925460583581934,0.0,6.565058568853713,0.0,6.703679300782006,0.0,14.59976006552386,0.0,2.9904239883182684,0.0,3.574634580535445,0.0,0.8883516934178826,0.0,-8.315145116429003,0.0,0.9403675459432429,0.0,""
"2026-09-25 17:17:33","git-master-bddc7a050319718b5e4e0856afec0bc9ea96418f","C:\Users\marco\Desktop\ds004507\derivatives\labels\sub-005\ses-headUp\anat\sub-005_ses-headUp_T2w_seg-manual.nii.gz","834","4","",76.60518141795924,0.0,0.49956740605058614,0.0,9.645611712380978,0.0,6.460605159930385,0.0,6.731049702781771,0.0,14.64254377608708,0.0,2.9111096269492975,0.0,3.5494955329810867,0.0,0.8880787838615521,0.0,-6.5113948419203425,0.0,0.9379404129064162,0.0,""
"2026-09-25 17:17:33","git-master-bddc7a050319718b5e4e0856afec0bc9ea96418f","C:\Users\marco\Desktop\ds004507\derivatives\labels\sub-005\ses-headUp\anat\sub-005_ses-headUp_T2w_seg-manual.nii.gz","835","4","",79.36244929142238,0.0,0.4357788886047734,0.0,9.45196787005915,0.0,6.610152823413121,0.0,6.882779500294661,0.0,14.813417823373682,0.0,2.957929169846923,0.0,3.6522236535661983,0.0,0.8855096170186424,0.0,-7.499813079894534,0.0,0.9334159828636688,0.0,""
"2026-09-25 17:17:33","git-master-bddc7a050319718b5e4e0856afec0bc9ea96418f","C:\Users\marco\Desktop\ds004507\derivatives\labels\sub-005\ses-headUp\anat\sub-005_ses-headUp_T2w_seg-manual.nii.gz","836","4","",81.01937357905626,0.0,0.3703842617610134,0.0,9.25872108486891,0.0,6.762969189931568,0.0,7.054545564218381,0.0,14.76326239937031,0.0,3.048717333380445,0.0,3.714251856551123,0.0,0.8782161884993248,0.0,-7.759321649304431,0.0,0.9355319800070541,0.0,""
"2026-09-25 17:17:33","git-master-bddc7a050319718b5e4e0856afec0bc9ea96418f","C:\Users\marco\Desktop\ds004507\derivatives\labels\sub-005\ses-headUp\anat\sub-005_ses-headUp_T2w_seg-manual.nii.gz","837","4","",81.57259890689221,0.0,0.30338354882765184,0.0,9.065872937642315,0.0,6.903800221981085,0.0,7.205911620638737,0.0,14.570303535580821,0.0,3.159711236226976,0.0,3.7440889857541086,0.0,0.8691312685900175,0.0,-7.4084957409868695,0.0,0.9415914954666877,0.0,""
"2026-09-25 17:17:33","git-master-bddc7a050319718b5e4e0856afec0bc9ea96418f","C:\Users\marco\Desktop\ds004507\derivatives\labels\sub-005\ses-headUp\anat\sub-005_ses-headUp_T2w_seg-manual.nii.gz","838","4","",80.37210680979734,0.0,0.2338591206253841,0.0,8.873660330105219,0.0,6.9379048456717305,0.0,7.09223056319107,0.0,14.60367020984013,0.0,3.165537556085878,0.0,3.772367289585852,0.0,0.8741294910038993,0.0,-6.781791752966993,0.0,0.9383086362206168,0.0,""
"2026-09-25 17:17:33","git-master-bddc7a050319718b5e4e0856afec0bc9ea96418f","C:\Users\marco\Desktop\ds004507\derivatives\labels\sub-005\ses-headUp\anat\sub-005_ses-headUp_T2w_seg-manual.nii.gz","839","4","",79.88684528567346,0.0,0.16238474487969046,0.0,8.681947637870982,0.0,6.786359915411095,0.0,7.042504212759847,0.0,14.607763692211572,0.0,3.1123354329098545,0.0,3.6740244825012414,0.0,0.8761121692072746,0.0,-6.741071849258458,0.0,0.9359244645444056,0.0,""
"2026-09-25 17:17:33","git-master-bddc7a050319718b5e4e0856afec0bc9ea96418f","C:\Users\marco\Desktop\ds004507\derivatives\labels\sub-005\ses-headUp\anat\sub-005_ses-headUp_T2w_seg-manual.nii.gz","840","4","",79.83518553144427,0.0,0.0893046243670085,0.0,8.49064970167574,0.0,6.623750120440696,0.0,7.006378117117017,0.0,14.658733113902752,0.0,3.072579106968569,0.0,3.5511710134721266,0.0,0.878302801540435,0.0,-6.887137183558548,0.0,0.9371626007350593,0.0,""
"2026-09-25 17:17:33","git-master-bddc7a050319718b5e4e0856afec0bc9ea96418f","C:\Users\marco\Desktop\ds004507\derivatives\labels\sub-005\ses-headUp\anat\sub-005_ses-headUp_T2w_seg-manual.nii.gz","841","4","",80.09076425353273,0.0,0.014045449607890628,0.0,8.299920187780108,0.0,6.702755824483435,0.0,6.91801444137763,0.0,14.901765805860899,0.0,3.1633650932638417,0.0,3.539390731219594,0.0,0.8856457074414137,0.0,-6.751457920421992,0.0,0.9485321578117781,0.0,""
"2026-09-25 17:17:33","git-master-bddc7a050319718b5e4e0856afec0bc9ea96418f","C:\Users\marco\Desktop\ds004507\derivatives\labels\sub-005\ses-headUp\anat\sub-005_ses-headUp_T2w_seg-manual.nii.gz","842","4","",80.17249922270392,0.0,-0.0635070588832851,0.0,8.109799046120566,0.0,6.790287608640968,0.0,6.925752433890077,0.0,14.88499587441816,0.0,3.2268152777001182,0.0,3.5634723309408503,0.0,0.885146364738079,0.0,-6.466067770261753,0.0,0.9461842203832713,0.0,""
"2026-09-25 17:17:33","git-master-bddc7a050319718b5e4e0856afec0bc9ea96418f","C:\Users\marco\Desktop\ds004507\derivatives\labels\sub-005\ses-headUp\anat\sub-005_ses-headUp_T2w_seg-manual.nii.gz","843","4","",80.5611991733195,0.0,-0.1426646715324569,0.0,7.920108202262067,0.0,6.817181338839084,0.0,6.978830475374218,0.0,14.850769976280867,0.0,3.203026400315043,0.0,3.614154938524041,0.0,0.8827007590633078,0.0,-6.347933875125155,0.0,0.9374382322385061,0.0,""
"2026-09-25 17:17:33","git-master-bddc7a050319718b5e4e0856afec0bc9ea96418f","C:\Users\marco\Desktop\ds004507\derivatives\labels\sub-005\ses-headUp\anat\sub-005_ses-headUp_T2w_seg-manual.nii.gz","844","4","",81.57287853668836,0.0,-0.22365654324826273,0.0,7.730911944611606,0.0,6.732484715280546,0.0,7.06980119580722,0.0,14.900979081086989,0.0,3.0362951027404503,0.0,3.6961896125400955,0.0,0.8802805741523444,0.0,-6.593682605374445,0.0,0.9234145959338261,0.0,""
"2026-09-25 17:17:33","git-master-bddc7a050319718b5e4e0856afec0bc9ea96418f","C:\Users\marco\Desktop\ds004507\derivatives\labels\sub-005\ses-headUp\anat\sub-005_ses-headUp_T2w_seg-manual.nii.gz","845","4","",81.47960409686274,0.0,-0.30728444716047054,0.0,7.542437794004809,0.0,6.662205601413185,0.0,7.050678345727294,0.0,14.837073156461193,0.0,3.1455839469374025,0.0,3.5166216544757827,0.0,0.8798735093522496,0.0,-5.523173443915743,0.0,0.9456242811191328,0.0,""
"2026-09-25 17:17:33","git-master-bddc7a050319718b5e4e0856afec0bc9ea96418f","C:\Users\marco\Desktop\ds004507\derivatives\labels\sub-005\ses-headUp\anat\sub-005_ses-headUp_T2w_seg-manual.nii.gz","846","4","",81.99858699995633,0.0,-0.3910929810843296,0.0,7.350220448072344,0.0,6.628033910789819,0.0,7.058885780606311,0.0,14.85833807939576,0.0,3.1722425275842356,0.0,3.4557913832055833,0.0,0.8799414039284537,0.0,-4.842401758601284,0.0,0.9585702287379116,0.0,""
"2026-09-25 17:17:33","git-master-bddc7a050319718b5e4e0856afec0bc9ea96418f","C:\Users\marco\Desktop\ds004507\derivatives\labels\sub-005\ses-headUp\anat\sub-005_ses-headUp_T2w_seg-manual.nii.gz","847","4","",83.24499824271868,0.0,-0.4747261795267931,0.0,7.15321248366802,0.0,6.633894526526772,0.0,7.107246566209815,0.0,14.975900474996843,0.0,3.0884357963973272,0.0,3.5454587301294453,0.0,0.880211531262603,0.0,-4.730182628565189,0.0,0.9581920552469759,0.0,""
"2026-09-25 17:17:33","git-master-bddc7a050319718b5e4e0856afec0bc9ea96418f","C:\Users\marco\Desktop\ds004507\derivatives\labels\sub-005\ses-headUp\anat\sub-005_ses-headUp_T2w_seg-manual.nii.gz","848","4","",83.5328422970188,0.0,-0.5554146710786082,0.0,6.940185344244345,0.0,6.694333599434535,0.0,7.1597931573697,0.0,14.932160981048439,0.0,3.1258939714219682,0.0,3.5684396280125674,0.0,0.8775377029934529,0.0,-5.154163038119749,0.0,0.960810965656061,0.0,""
"2026-09-25 17:17:33","git-master-bddc7a050319718b5e4e0856afec0bc9ea96418f","C:\Users\marco\Desktop\ds004507\derivatives\labels\sub-005\ses-headUp\anat\sub-005_ses-headUp_T2w_seg-manual.nii.gz","849","4","",83.22020418419139,0.0,-0.6342625286705218,0.0,6.717114345854533,0.0,6.712307663457355,0.0,7.180561273342778,0.0,14.842093958022604,0.0,3.124196876999076,0.0,3.588110786458279,0.0,0.8751655256756953,0.0,-5.368415008736031,0.0,0.9627652576712981,0.0,""
"2026-09-25 17:17:33","git-master-bddc7a050319718b5e4e0856afec0bc9ea96418f","C:\Users\marco\Desktop\ds004507\derivatives\labels\sub-005\ses-headUp\anat\sub-005_ses-headUp_T2w_seg-manual.nii.gz","850","4","",82.70770910159057,0.0,-0.7113924309856439,0.0,6.484660750072328,0.0,6.717407699259918,0.0,7.176474543219797,0.0,14.76158816100507,0.0,3.11204789522887,0.0,3.605359804031048,0.0,0.8738593123053572,0.0,-5.481240409739765,0.0,0.9638969958536079,0.0,""
"2026-09-25 17:17:33","git-master-bddc7a050319718b5e4e0856afec0bc9ea96418f","C:\Users\marco\Desktop\ds004507\derivatives\labels\sub-005\ses-headUp\anat\sub-005_ses-headUp_T2w_seg-manual.nii.gz","851","4","",83.24765251262568,0.0,-0.7859452869572663,0.0,6.238102024361528,0.0,6.803546618003432,0.0,7.153124534246339,0.0,14.89342515230215,0.0,3.1820699479516312,0.0,3.6214766700518015,0.0,0.8770936313290989,0.0,-5.795625856561593,0.0,0.9630364907915163,0.0,""
"2026-09-25 17:17:33","git-master-bddc7a050319718b5e4e0856afec0bc9ea96418f","C:\Users\marco\Desktop\ds004507\derivatives\labels\sub-005\ses-headUp\anat\sub-005_ses-headUp_T2w_seg-manual.nii.gz","852","4","",83.42717984477738,0.0,-0.8582891944532735,0.0,5.979417349096842,0.0,6.841008192928599,0.0,7.1916230806202055,0.0,14.939574288206316,0.0,3.242502738529387,0.0,3.598505454399212,0.0,0.8765070490907231,0.0,-6.2414469300624,0.0,0.9627774011337251,0.0,""
"2026-09-25 17:17:33","git-master-bddc7a050319718b5e4e0856afec0bc9ea96418f","C:\Users\marco\Desktop\ds004507\derivatives\labels\sub-005\ses-headUp\anat\sub-005_ses-headUp_T2w_seg-manual.nii.gz","853","4","",83.53663874933878,0.0,-0.9289150399810533,0.0,5.711288450237753,0.0,6.859070806085893,0.0,7.205480668081597,0.0,15.005638419298652,0.0,3.2658287670313757,0.0,3.593242039054517,0.0,0.8770890486213748,0.0,-6.494102284472924,0.0,0.9587719963233026,0.0,""
"2026-09-25 17:17:33","git-master-bddc7a050319718b5e4e0856afec0bc9ea96418f","C:\Users\marco\Desktop\ds004507\derivatives\labels\sub-005\ses-headUp\anat\sub-005_ses-headUp_T2w_seg-manual.nii.gz","854","4","",83.82633777612271,0.0,-0.9973319603518641,0.0,5.431000354546945,0.0,6.875927718515579,0.0,7.094127234420732,0.0,15.20860039341062,0.0,3.2033266694835403,0.0,3.6726010490320387,0.0,0.8844968739630723,0.0,-6.118610163115166,0.0,0.9445317942875276,0.0,""
"2026-09-25 17:17:33","git-master-bddc7a050319718b5e4e0856afec0bc9ea96418f","C:\Users\marco\Desktop\ds004507\derivatives\labels\sub-005\ses-headUp\anat\sub-005_ses-headUp_T2w_seg-manual.nii.gz","855","4","",82.82842672641368,0.0,-1.0631719052798851,0.0,5.136491958282156,0.0,7.006058000185539,0.0,7.146029494421402,0.0,14.909288134628884,0.0,3.3032028177969486,0.0,3.7028551823885905,0.0,0.8773958028005011,0.0,-6.239183450094683,0.0,0.9447916769830208,0.0,""
"2026-09-25 17:17:33","git-master-bddc7a050319718b5e4e0856afec0bc9ea96418f","C:\Users\marco\Desktop\ds004507\derivatives\labels\sub-005\ses-headUp\anat\sub-005_ses-headUp_T2w_seg-manual.nii.gz","856","4","",82.59926976706522,0.0,-1.1272939477000856,0.0,4.83248951866793,0.0,7.1255464302681295,0.0,7.261045839587389,0.0,14.623641830731998,0.0,3.3682736753616225,0.0,3.7572727549065066,0.0,0.8679148099399401,0.0,-6.416706770395938,0.0,0.9482650441080315,0.0,""
"2026-09-25 17:17:33","git-master-bddc7a050319718b5e4e0856afec0bc9ea96418f","C:\Users\marco\Desktop\ds004507\derivatives\labels\sub-005\ses-headUp\anat\sub-005_ses-headUp_T2w_seg-manual.nii.gz","857","4","",83.8911325365413,0.0,-1.1895754150564959,0.0,4.518308957050685,0.0,7.1967082631867285,0.0,7.424088828598056,0.0,14.5020013828463,0.0,3.334742812271412,0.0,3.861965450915317,0.0,0.8590093335336139,0.0,-6.5379221668691505,0.0,0.9524157565255273,0.0,""
"2026-09-25 17:17:33","git-master-bddc7a050319718b5e4e0856afec0bc9ea96418f","C:\Users\marco\Desktop\ds004507\derivatives\labels\sub-005\ses-headUp\anat\sub-005_ses-headUp_T2w_seg-manual.nii.gz","858","4","",84.70008431102667,0.0,-1.248912221745208,0.0,4.187818030054132,0.0,7.174943418759521,0.0,7.360333424713408,0.0,14.759116296552069,0.0,3.311361239403726,0.0,3.8635821793557956,0.0,0.8666331648183768,0.0,-5.958459956254857,0.0,0.9469953745370225,0.0,""
"2026-09-25 17:17:33","git-master-bddc7a050319718b5e4e0856afec0bc9ea96418f","C:\Users\marco\Desktop\ds004507\derivatives\labels\sub-005\ses-headUp\anat\sub-005_ses-headUp_T2w_seg-manual.nii.gz","859","4","",84.44160487556044,0.0,-1.3065314795303342,0.0,3.847804136158245,0.0,7.171049126895888,0.0,7.325248926413231,0.0,14.794213904655129,0.0,3.288020386593384,0.0,3.8830287403025037,0.0,0.868776391115051,0.0,-5.602278147134991,0.0,0.9404159498244814,0.0,""
"2026-09-25 17:17:33","git-master-bddc7a050319718b5e4e0856afec0bc9ea96418f","C:\Users\marco\Desktop\ds004507\derivatives\labels\sub-005\ses-headUp\anat\sub-005_ses-headUp_T2w_seg-manual.nii.gz","860","4","",83.23613649331381,0.0,-1.3624332312625846,0.0,3.49826623332169,0.0,7.179370999674309,0.0,7.326407814021725,0.0,14.618457212467275,0.0,3.258873163711789,0.0,3.9204978359625207,0.0,0.8653436282021403,0.0,-5.4931121278488515,0.0,0.9339345329715385,0.0,""
"2026-09-25 17:17:33","git-master-bddc7a050319718b5e4e0856afec0bc9ea96418f","C:\Users\marco\Desktop\ds004507\derivatives\labels\sub-005\ses-headUp\anat\sub-005_ses-headUp_T2w_seg-manual.nii.gz","861","4","",82.25789281940948,0.0,-1.415513659529501,0.0,3.133077983911826,0.0,7.097373792873936,0.0,7.339698275748798,0.0,14.54220156711277,0.0,3.167009535077403,0.0,3.9303642577965334,0.0,0.8632767591928482,0.0,-5.544505257267174,0.0,0.9366505221257078,0.0,""
"2026-09-25 17:17:33","git-master-bddc7a050319718b5e4e0856afec0bc9ea96418f","C:\Users\marco\Desktop\ds004507\derivatives\labels\sub-005\ses-headUp\anat\sub-005_ses-headUp_T2w_seg-manual.nii.gz","862","4","",81.76002064228524,0.0,-1.4666316891829931,0.0,2.757008232695005,0.0,7.015791805351375,0.0,7.271685057148331,0.0,14.58249939981332,0.0,3.109762474269154,0.0,3.90602933108222,0.0,0.8667231350592169,0.0,-5.263218093864533,0.0,0.9369999178110533,0.0,""
"2026-09-25 17:17:33","git-master-bddc7a050319718b5e4e0856afec0bc9ea96418f","C:\Users\marco\Desktop\ds004507\derivatives\labels\sub-005\ses-headUp\anat\sub-005_ses-headUp_T2w_seg-manual.nii.gz","863","4","",81.33005627959044,0.0,-1.5160327069316255,0.0,2.37142208256916,0.0,6.950858812159386,0.0,7.163457999564926,0.0,14.665237006656396,0.0,3.0723424602770026,0.0,3.878516351882383,0.0,0.8725781508716167,0.0,-4.870379679136989,0.0,0.9348955263633953,0.0,""
"2026-09-25 17:17:33","git-master-bddc7a050319718b5e4e0856afec0bc9ea96418f","C:\Users\marco\Desktop\ds004507\derivatives\labels\sub-005\ses-headUp\anat\sub-005_ses-headUp_T2w_seg-manual.nii.gz","864","4","",80.0908873068582,0.0,-1.562981073941022,0.0,1.9722537158728692,0.0,6.951587552914617,0.0,7.077308866786737,0.0,14.655488384445682,0.0,3.0363433559404336,0.0,3.9152441969741836,0.0,0.8756629254979033,0.0,-4.7798669179569915,0.0,0.9283008216885765,0.0,""
"2026-09-25 17:17:33","git-master-bddc7a050319718b5e4e0856afec0bc9ea96418f","C:\Users\marco\Desktop\ds004507\derivatives\labels\sub-005\ses-headUp\anat\sub-005_ses-headUp_T2w_seg-manual.nii.gz","865","4","",80.56970099094103,0.0,-1.6075997661193029,0.0,1.5602144172526973,0.0,7.055598921720543,0.0,7.1933977688528445,0.0,14.543385977095188,0.0,3.1585988429527805,0.0,3.897000078767763,0.0,0.8689435586030563,0.0,-5.246459725117127,0.0,0.9370727828816436,0.0,""
"2026-09-25 17:17:33","git-master-bddc7a050319718b5e4e0856afec0bc9ea96418f","C:\Users\marco\Desktop\ds004507\derivatives\labels\sub-005\ses-headUp\anat\sub-005_ses-headUp_T2w_seg-manual.nii.gz","866","4","",80.05744998592134,0.0,-1.6505020032598943,0.0,1.1387111894338866,0.0,7.140565768393362,0.0,7.298052392044221,0.0,14.300279489408576,0.0,3.255736285379923,0.0,3.8848294830134384,0.0,0.8598406283845618,0.0,-6.0103767150604925,0.0,0.94421821307458,0.0,""
"2026-09-25 17:17:33","git-master-bddc7a050319718b5e4e0856afec0bc9ea96418f","C:\Users\marco\Desktop\ds004507\derivatives\labels\sub-005\ses-headUp\anat\sub-005_ses-headUp_T2w_seg-manual.nii.gz","867","4","",76.28632973369608,0.0,-1.6913201078715383,0.0,0.7057341848063626,0.0,7.1157549261835165,0.0,7.242696807139176,0.0,13.847474107877838,0.0,3.1933007230793677,0.0,3.9224542031041487,0.0,0.8522517210714453,0.0,-7.032260435716293,0.0,0.9375954233229992,0.0,""
"2026-09-25 17:17:33","git-master-bddc7a050319718b5e4e0856afec0bc9ea96418f","C:\Users\marco\Desktop\ds004507\derivatives\labels\sub-005\ses-headUp\anat\sub-005_ses-headUp_T2w_seg-manual.nii.gz","868","4","",75.39189890693748,0.0,-1.7294415064231798,0.0,0.26648819847957805,0.0,7.1062082808548315,0.0,7.2339731510366505,0.0,13.710803815390596,0.0,3.1807008957053235,0.0,3.9255073851495075,0.0,0.8494741543865815,0.0,-8.047863699067044,0.0,0.9402660228703091,0.0,""
"2026-09-25 17:17:33","git-master-bddc7a050319718b5e4e0856afec0bc9ea96418f","C:\Users\marco\Desktop\ds004507\derivatives\labels\sub-005\ses-headUp\anat\sub-005_ses-headUp_T2w_seg-manual.nii.gz","869","4","",74.88722948943514,0.0,-1.7658470199612581,0.0,-0.17244883417575366,0.0,7.0360626599810265,0.0,7.172198026985233,0.0,13.746358708686243,0.0,3.137159807038099,0.0,3.8989028529429275,0.0,0.8529215228871049,0.0,-8.44506016903341,0.0,0.9408516596313373,0.0,""
"2026-09-25 17:17:33","git-master-bddc7a050319718b5e4e0856afec0bc9ea96418f","C:\Users\marco\Desktop\ds004507\derivatives\labels\sub-005\ses-headUp\anat\sub-005_ses-headUp_T2w_seg-manual.nii.gz","870","4","",74.37935989912836,0.0,-1.800536703211496,0.0,-0.6099046479791168,0.0,6.886141912095216,0.0,7.034809708148838,0.0,13.946242872565788,0.0,3.045589754134457,0.0,3.840552157960758,0.0,0.8634565101095817,0.0,-8.056283444142004,0.0,0.9371708051166291,0.0,""
"2026-09-25 17:17:33","git-master-bddc7a050319718b5e4e0856afec0bc9ea96418f","C:\Users\marco\Desktop\ds004507\derivatives\labels\sub-005\ses-headUp\anat\sub-005_ses-headUp_T2w_seg-manual.nii.gz","871","3","",78.35486998757266,0.0,-1.8460783504382732,0.0,-1.2358812014389555,0.0,7.116131045030874,0.0,7.220795847820312,0.0,14.16296995985173,0.0,3.174006211526843,0.0,3.9421248335040318,0.0,0.8602714528881794,0.0,-6.38182723860628,0.0,0.9440249310799472,0.0,""
"2026-09-25 17:17:33","git-master-bddc7a050319718b5e4e0856afec0bc9ea96418f","C:\Users\marco\Desktop\ds004507\derivatives\labels\sub-005\ses-headUp\anat\sub-005_ses-headUp_T2w_seg-manual.nii.gz","872","3","",78.3376423505554,0.0,-1.8746413794237116,0.0,-1.6677363769025202,0.0,7.293566015454724,0.0,7.293626782775435,0.0,13.957341035590744,0.0,3.284585456223505,0.0,4.008980559231219,0.0,0.8524901618170602,0.0,-6.890210678349817,0.0,0.9387743458840048,0.0,""
"2026-09-25 17:17:33","git-master-bddc7a050319718b5e4e0856afec0bc9ea96418f","C:\Users\marco\Desktop\ds004507\derivatives\labels\sub-005\ses-headUp\anat\sub-005_ses-headUp_T2w_seg-manual.nii.gz","873","3","",79.4444686134085,0.0,-1.9014892880051095,0.0,-2.0979408806537276,0.0,7.371349093700489,0.0,7.371029633376214,0.0,13.914916254071631,0.0,3.3595817240780557,0.0,4.011767369622433,0.0,0.8481738836700762,0.0,-7.040925010790327,0.0,0.9414489033710456,0.0,""
"2026-09-25 17:17:33","git-master-bddc7a050319718b5e4e0856afec0bc9ea96418f","C:\Users\marco\Desktop\ds004507\derivatives\labels\sub-005\ses-headUp\anat\sub-005_ses-headUp_T2w_seg-manual.nii.gz","874","3","",81.10150944083826,0.0,-1.9266221206236191,0.0,-2.526483579933487,0.0,7.3716735444476145,0.0,7.432610268563034,0.0,14.003532625264342,0.0,3.4117977831635056,0.0,3.9598757612841085,0.0,0.8474978771706034,0.0,-6.795479073232006,0.0,0.9487068066400947,0.0,""
"2026-09-25 17:17:33","git-master-bddc7a050319718b5e4e0856afec0bc9ea96418f","C:\Users\marco\Desktop\ds004507\derivatives\labels\sub-005\ses-headUp\anat\sub-005_ses-headUp_T2w_seg-manual.nii.gz","875","3","",80.31676555686248,0.0,-1.949060089937564,0.0,-2.952350726289068,0.0,7.378152772278444,0.0,7.351818381517785,0.0,14.112750722450125,0.0,3.5019847016515286,0.0,3.8761680706269157,0.0,0.8535521216185754,0.0,-5.705713154904449,0.0,0.9439119949466807,0.0,""
"2026-09-25 17:17:33","git-master-bddc7a050319718b5e4e0856afec0bc9ea96418f","C:\Users\marco\Desktop\ds004507\derivatives\labels\sub-005\ses-headUp\anat\sub-005_ses-headUp_T2w_seg-manual.nii.gz","876","3","",79.88632902143547,0.0,-1.9694158935302466,0.0,-3.376090130197829,0.0,7.326122238842562,0.0,7.341993337786629,0.0,14.059005207287322,0.0,3.4454169048871233,0.0,3.8807053339554396,0.0,0.852769547041591,0.0,-5.0513691683450315,0.0,0.9574118792967632,0.0,""
"2026-09-25 17:17:33","git-master-bddc7a050319718b5e4e0856afec0bc9ea96418f","C:\Users\marco\Desktop\ds004507\derivatives\labels\sub-005\ses-headUp\anat\sub-005_ses-headUp_T2w_seg-manual.nii.gz","877","3","",79.85688490134872,0.0,-1.9880570439751735,0.0,-3.7980570067717476,0.0,7.266821243858118,0.0,7.354249155851429,0.0,13.971969119192224,0.0,3.368871180825529,0.0,3.8979500630325883,0.0,0.8502581488343571,0.0,-4.7878455190802915,0.0,0.9728896302599992,0.0,""
"2026-09-25 17:17:33","git-master-bddc7a050319718b5e4e0856afec0bc9ea96418f","C:\Users\marco\Desktop\ds004507\derivatives\labels\sub-005\ses-headUp\anat\sub-005_ses-headUp_T2w_seg-manual.nii.gz","878","3","",80.56926267513926,0.0,-2.004371294644678,0.0,-4.217581633568829,0.0,7.271688137426165,0.0,7.3306731913314405,0.0,14.022360619527062,0.0,3.4477553214833185,0.0,3.8239328159428454,0.0,0.8524603433646017,0.0,-5.113055549398133,0.0,0.9673679411981095,0.0,""
"2026-09-25 17:17:33","git-master-bddc7a050319718b5e4e0856afec0bc9ea96418f","C:\Users\marco\Desktop\ds004507\derivatives\labels\sub-005\ses-headUp\anat\sub-005_ses-headUp_T2w_seg-manual.nii.gz","879","3","",80.4725618776406,0.0,-2.018236382476267,0.0,-4.634471270806467,0.0,7.26473009812296,0.0,7.310809101352193,0.0,14.033485475450881,0.0,3.5215134180778986,0.0,3.743216680045061,0.0,0.853583528598757,0.0,-4.769724125816182,0.0,0.9619664177887781,0.0,""
"2026-09-25 17:17:33","git-master-bddc7a050319718b5e4e0856afec0bc9ea96418f","C:\Users\marco\Desktop\ds004507\derivatives\labels\sub-005\ses-headUp\anat\sub-005_ses-headUp_T2w_seg-manual.nii.gz","880","3","",79.99093933346342,0.0,-2.030387132747836,0.0,-5.049489042817954,0.0,7.257086352903317,0.0,7.3050598356048235,0.0,13.97321221573167,0.0,3.5648502759001643,0.0,3.6922360770031535,0.0,0.8524204472730826,0.0,-4.486214663904281,0.0,0.9585128235424858,0.0,""
"2026-09-25 17:17:33","git-master-bddc7a050319718b5e4e0856afec0bc9ea96418f","C:\Users\marco\Desktop\ds004507\derivatives\labels\sub-005\ses-headUp\anat\sub-005_ses-headUp_T2w_seg-manual.nii.gz","881","3","",79.18460193798627,0.0,-2.040578688618442,0.0,-5.462350160898262,0.0,7.253479100663899,0.0,7.322753868696019,0.0,13.803460814607522,0.0,3.556383173266407,0.0,3.6970959273974917,0.0,0.8476724517504178,0.0,-4.606184891139042,0.0,0.9584688075182372,0.0,""
"2026-09-25 17:17:33","git-master-bddc7a050319718b5e4e0856afec0bc9ea96418f","C:\Users\marco\Desktop\ds004507\derivatives\labels\sub-005\ses-headUp\anat\sub-005_ses-headUp_T2w_seg-manual.nii.gz","882","3","",79.29705546077078,0.0,-2.0479540548555732,0.0,-5.872045015831683,0.0,7.16947452513283,0.0,7.3781213658399825,0.0,13.81161874671435,0.0,3.534127685354347,0.0,3.6353468397784825,0.0,0.8453575277592429,0.0,-4.411748790760322,0.0,0.9601684880067762,0.0,""
"2026-09-25 17:17:33","git-master-bddc7a050319718b5e4e0856afec0bc9ea96418f","C:\Users\marco\Desktop\ds004507\derivatives\labels\sub-005\ses-headUp\anat\sub-005_ses-headUp_T2w_seg-manual.nii.gz","883","3","",79.60672911692643,0.0,-2.053615274879991,0.0,-6.279780125866946,0.0,7.159407577548393,0.0,7.404341575359109,0.0,13.849930930674391,0.0,3.5478650968065337,0.0,3.6115424807418597,0.0,0.8450915678635096,0.0,-4.584062417711472,0.0,0.9628307849889798,0.0,""
"2026-09-25 17:17:33","git-master-bddc7a050319718b5e4e0856afec0bc9ea96418f","C:\Users\marco\Desktop\ds004507\derivatives\labels\sub-005\ses-headUp\anat\sub-005_ses-headUp_T2w_seg-manual.nii.gz","884","3","",80.0132502007978,0.0,-2.057562360743019,0.0,-6.6855475447933586,0.0,7.224357280107973,0.0,7.3882164106834,0.0,13.907560002403827,0.0,3.595045771644227,0.0,3.629311508463746,0.0,0.8472006146798352,0.0,-5.13945990889106,0.0,0.9662239046465287,0.0,""
"2026-09-25 17:17:33","git-master-bddc7a050319718b5e4e0856afec0bc9ea96418f","C:\Users\marco\Desktop\ds004507\derivatives\labels\sub-005\ses-headUp\anat\sub-005_ses-headUp_T2w_seg-manual.nii.gz","885","3","",79.69365250609218,0.0,-2.0585709908310164,0.0,-7.087885236475187,0.0,6.985560398156449,0.0,7.1988065318706065,0.0,14.047013629285177,0.0,3.477875643634455,0.0,3.5076847545219945,0.0,0.858537613479638,0.0,-4.6425455337635615,0.0,0.9660710100538288,0.0,""
"2026-09-25 17:17:33","git-master-bddc7a050319718b5e4e0856afec0bc9ea96418f","C:\Users\marco\Desktop\ds004507\derivatives\labels\sub-005\ses-headUp\anat\sub-005_ses-headUp_T2w_seg-manual.nii.gz","886","3","",79.65651431428057,0.0,-2.0577430960869356,0.0,-7.488043782578114,0.0,7.070434012883706,0.0,7.229700123072989,0.0,13.987401639989315,0.0,3.495136601461789,0.0,3.575297411421918,0.0,0.8558199028693074,0.0,-4.918969759760922,0.0,0.9611444861891241,0.0,""
"2026-09-25 17:17:33","git-master-bddc7a050319718b5e4e0856afec0bc9ea96418f","C:\Users\marco\Desktop\ds004507\derivatives\labels\sub-005\ses-headUp\anat\sub-005_ses-headUp_T2w_seg-manual.nii.gz","887","3","",79.74484421518497,0.0,-2.055349930075608,0.0,-7.885589999763118,0.0,7.323752288792509,0.0,7.387741177230545,0.0,13.820969620294468,0.0,3.5773820974232318,0.0,3.746370191369277,0.0,0.8451427015310444,0.0,-5.517294616567124,0.0,0.953987998343424,0.0,""
"2026-09-25 17:17:33","git-master-bddc7a050319718b5e4e0856afec0bc9ea96418f","C:\Users\marco\Desktop\ds004507\derivatives\labels\sub-005\ses-headUp\anat\sub-005_ses-headUp_T2w_seg-manual.nii.gz","888","3","",79.50327334271948,0.0,-2.051166926823507,0.0,-8.27704849965519,0.0,7.328558297528696,0.0,7.44224426684965,0.0,13.790462097625184,0.0,3.530287618158881,0.0,3.7982706793698147,0.0,0.8418696568066025,0.0,-5.098912681182752,0.0,0.9518319020495144,0.0,""
"2026-09-25 17:17:33","git-master-bddc7a050319718b5e4e0856afec0bc9ea96418f","C:\Users\marco\Desktop\ds004507\derivatives\labels\sub-005\ses-headUp\anat\sub-005_ses-headUp_T2w_seg-manual.nii.gz","889","3","",78.97328075389375,0.0,-2.046119457300562,0.0,-8.660719089065395,0.0,7.256047084429469,0.0,7.276803172858072,0.0,13.902491921866412,0.0,3.453353261966413,0.0,3.802693822463056,0.0,0.8517343273048508,0.0,-4.125801578554156,0.0,0.9570749110356733,0.0,""
"2026-09-25 17:17:33","git-master-bddc7a050319718b5e4e0856afec0bc9ea96418f","C:\Users\marco\Desktop\ds004507\derivatives\labels\sub-005\ses-headUp\anat\sub-005_ses-headUp_T2w_seg-manual.nii.gz","890","3","",78.20910967433234,0.0,-2.0403996154312205,0.0,-9.03833798333977,0.0,7.169272209352176,0.0,7.0915634864489,0.0,13.97310807273065,0.0,3.414606802989152,0.0,3.7546654063630234,0.0,0.8616223367714227,0.0,-3.3186496162002754,0.0,0.9634186708381991,0.0,""
"2026-09-25 17:17:33","git-master-bddc7a050319718b5e4e0856afec0bc9ea96418f","C:\Users\marco\Desktop\ds004507\derivatives\labels\sub-005\ses-headUp\anat\sub-005_ses-headUp_T2w_seg-manual.nii.gz","891","3","",77.13118704923944,0.0,-2.0338152823705613,0.0,-9.408183286318168,0.0,7.123136568166696,0.0,7.0753573174337365,0.0,13.794694573714962,0.0,3.503897670921968,0.0,3.6192388972447276,0.0,0.85843264550528,0.0,-3.492978896082745,0.0,0.9651938274598855,0.0,""
"2026-09-25 17:17:33","git-master-bddc7a050319718b5e4e0856afec0bc9ea96418f","C:\Users\marco\Desktop\ds004507\derivatives\labels\sub-005\ses-headUp\anat\sub-005_ses-headUp_T2w_seg-manual.nii.gz","892","3","",76.05370260302888,0.0,-2.0262223409457487,0.0,-9.768983252609392,0.0,7.143468514365405,0.0,7.138147255199603,0.0,13.585061175841332,0.0,3.588982988132535,0.0,3.55448552623287,0.0,0.8506806309920814,0.0,-3.3641357059042694,0.0,0.9634883109190456,0.0,""
"2026-09-25 17:17:33","git-master-bddc7a050319718b5e4e0856afec0bc9ea96418f","C:\Users\marco\Desktop\ds004507\derivatives\labels\sub-005\ses-headUp\anat\sub-005_ses-headUp_T2w_seg-manual.nii.gz","893","3","",75.68952508027535,0.0,-2.01795697423493,0.0,-10.12376741737973,0.0,7.162682318456493,0.0,7.176468204260903,0.0,13.529318730226297,0.0,3.6206024835880566,0.0,3.542079834868437,0.0,0.847667140811327,0.0,-3.271298721670574,0.0,0.9616250117994939,0.0,""
"2026-09-25 17:17:33","git-master-bddc7a050319718b5e4e0856afec0bc9ea96418f","C:\Users\marco\Desktop\ds004507\derivatives\labels\sub-005\ses-headUp\anat\sub-005_ses-headUp_T2w_seg-manual.nii.gz","894","3","",76.39518274874096,0.0,-2.0089711434134307,0.0,-10.472112261779365,0.0,7.161228170133525,0.0,7.155515354042205,0.0,13.713332684101424,0.0,3.5732248323316522,0.0,3.5880033378018727,0.0,0.8530649580569694,0.0,-3.319091752085746,0.0,0.9605195168583103,0.0,""
"2026-09-25 17:17:33","git-master-bddc7a050319718b5e4e0856afec0bc9ea96418f","C:\Users\marco\Desktop\ds004507\derivatives\labels\sub-005\ses-headUp\anat\sub-005_ses-headUp_T2w_seg-manual.nii.gz","895","3","",76.50853120789493,0.0,-1.9988325159623261,0.0,-10.81019537712417,0.0,7.284294264630361,0.0,7.18163790062442,0.0,13.579553975650544,0.0,3.6295895747748768,0.0,3.654704689855485,0.0,0.8486644380238796,0.0,-3.0867755550576104,0.0,0.9551387851668642,0.0,""
"2026-09-25 17:17:33","git-master-bddc7a050319718b5e4e0856afec0bc9ea96418f","C:\Users\marco\Desktop\ds004507\derivatives\labels\sub-005\ses-headUp\anat\sub-005_ses-headUp_T2w_seg-manual.nii.gz","896","3","",75.73453683712889,0.0,-1.988021391003834,0.0,-11.14231794043657,0.0,7.309082964577154,0.0,7.15378843381615,0.0,13.47705388219967,0.0,3.6660274974179594,0.0,3.643055467159195,0.0,0.8474892862360618,0.0,-2.8579189901698987,0.0,0.9519600934334188,0.0,""
"2026-09-25 17:17:33","git-master-bddc7a050319718b5e4e0856afec0bc9ea96418f","C:\Users\marco\Desktop\ds004507\derivatives\labels\sub-005\ses-headUp\anat\sub-005_ses-headUp_T2w_seg-manual.nii.gz","897","3","",74.13848393699436,0.0,-1.976537760446532,0.0,-11.468486250490834,0.0,7.217830770732735,0.0,7.064148819101471,0.0,13.43264054958007,0.0,3.659684237351167,0.0,3.558146533381567,0.0,0.8504958914484682,0.0,-2.663145400265186,0.0,0.9505871457147445,0.0,""
"2026-09-25 17:17:33","git-master-bddc7a050319718b5e4e0856afec0bc9ea96418f","C:\Users\marco\Desktop\ds004507\derivatives\labels\sub-005\ses-headUp\anat\sub-005_ses-headUp_T2w_seg-manual.nii.gz","898","3","",72.24626045492434,0.0,-1.963949244379776,0.0,-11.784915358723254,0.0,6.890436901683217,0.0,6.857677994193272,0.0,13.583628298952789,0.0,3.418774291212541,0.0,3.4716626104706756,0.0,0.8630202977634326,0.0,-2.69970623088207,0.0,0.9447137829722391,0.0,""
"2026-09-25 17:17:33","git-master-bddc7a050319718b5e4e0856afec0bc9ea96418f","C:\Users\marco\Desktop\ds004507\derivatives\labels\sub-005\ses-headUp\anat\sub-005_ses-headUp_T2w_seg-manual.nii.gz","899","3","",71.5755721814932,0.0,-1.9505920637973786,0.0,-12.09460702820802,0.0,6.858705865983095,0.0,6.788695042375034,0.0,13.544871206464737,0.0,3.375024096422183,0.0,3.483681769560912,0.0,0.8652978016862919,0.0,-2.935003541051379,0.0,0.9468025952945758,0.0,""
"2026-09-25 17:17:33","git-master-bddc7a050319718b5e4e0856afec0bc9ea96418f","C:\Users\marco\Desktop\ds004507\derivatives\labels\sub-005\ses-headUp\anat\sub-005_ses-headUp_T2w_seg-manual.nii.gz","900","3","",71.57159330743815,0.0,-1.9365622854337932,0.0,-12.398415987086624,0.0,6.979696141606544,0.0,6.788092619742603,0.0,13.42152278539505,0.0,3.4432729854379893,0.0,3.536423156168555,0.0,0.8626733596783599,0.0,-3.1012171553966708,0.0,0.9527276962874041,0.0,""
"2026-09-25 17:17:33","git-master-bddc7a050319718b5e4e0856afec0bc9ea96418f","C:\Users\marco\Desktop\ds004507\derivatives\labels\sub-005\ses-headUp\anat\sub-005_ses-headUp_T2w_seg-manual.nii.gz","901","3","",71.48599781144992,0.0,-1.92157161110565,0.0,-12.693853340722804,0.0,7.046330287488141,0.0,6.751664599400995,0.0,13.386734944185548,0.0,3.515908769144854,0.0,3.5304215183432874,0.0,0.8634966643294985,0.0,-2.543938907452952,0.0,0.9560830580663047,0.0,""
"2026-09-25 17:17:33","git-master-bddc7a050319718b5e4e0856afec0bc9ea96418f","C:\Users\marco\Desktop\ds004507\derivatives\labels\sub-005\ses-headUp\anat\sub-005_ses-headUp_T2w_seg-manual.nii.gz","902","3","",72.38865704512199,0.0,-1.9056680193933289,0.0,-12.981387825389623,0.0,7.073221525535447,0.0,6.921557519000861,0.0,13.383054302738316,0.0,3.6022401647569033,0.0,3.470981360778544,0.0,0.8557505669249763,0.0,-3.3632139876314997,0.0,0.9564045044486355,0.0,""
"2026-09-25 17:17:33","git-master-bddc7a050319718b5e4e0856afec0bc9ea96418f","C:\Users\marco\Desktop\ds004507\derivatives\labels\sub-005\ses-headUp\anat\sub-005_ses-headUp_T2w_seg-manual.nii.gz","903","3","",73.3541154923915,0.0,-1.8890917222101111,0.0,-13.263121107107313,0.0,7.030335443158427,0.0,7.050023633823699,0.0,13.474999118755262,0.0,3.585484084777257,0.0,3.44485135838117,0.0,0.8520460724578622,0.0,-3.901408037333641,0.0,0.9554600029012777,0.0,""
"2026-09-25 17:17:33","git-master-bddc7a050319718b5e4e0856afec0bc9ea96418f","C:\Users\marco\Desktop\ds004507\derivatives\labels\sub-005\ses-headUp\anat\sub-005_ses-headUp_T2w_seg-manual.nii.gz","904","3","",73.78985133154679,0.0,-1.8716985415143044,0.0,-13.537830073577021,0.0,6.865842137768512,0.0,6.952005578797791,0.0,13.749273463622059,0.0,3.3404766427552,0.0,3.525365495013312,0.0,0.8626805040332496,0.0,-2.918565163928224,0.0,0.9538612789141878,0.0,""
"2026-09-25 17:17:33","git-master-bddc7a050319718b5e4e0856afec0bc9ea96418f","C:\Users\marco\Desktop\ds004507\derivatives\labels\sub-005\ses-headUp\anat\sub-005_ses-headUp_T2w_seg-manual.nii.gz","905","3","",72.37994042593152,0.0,-1.8532481322413383,0.0,-13.803510967489025,0.0,6.966882663459042,0.0,6.972217114817035,0.0,13.280162283035253,0.0,3.3804049379810417,0.0,3.5864777254780003,0.0,0.8505217199386621,0.0,-2.0261595662120597,0.0,0.9565092220608163,0.0,""
"2026-09-25 17:17:33","git-master-bddc7a050319718b5e4e0856afec0bc9ea96418f","C:\Users\marco\Desktop\ds004507\derivatives\labels\sub-005\ses-headUp\anat\sub-005_ses-headUp_T2w_seg-manual.nii.gz","906","3","",71.62699732643107,0.0,-1.834124896714866,0.0,-14.063478503912336,0.0,7.041971242113972,0.0,7.025165057079582,0.0,12.932736555513436,0.0,3.4597826253135056,0.0,3.5821886168004657,0.0,0.8395599684479208,0.0,-1.8720157396406814,0.0,0.9604824580180996,0.0,""
"2026-09-25 17:17:33","git-master-bddc7a050319718b5e4e0856afec0bc9ea96418f","C:\Users\marco\Desktop\ds004507\derivatives\labels\sub-005\ses-headUp\anat\sub-005_ses-headUp_T2w_seg-manual.nii.gz","907","3","",72.03051392760716,0.0,-1.8143288228171575,0.0,-14.31774135000881,0.0,7.037945686089795,0.0,7.099258331156349,0.0,12.869200545400993,0.0,3.5399169729948463,0.0,3.4980287130949486,0.0,0.83407756034612,0.0,-2.6417820780843764,0.0,0.9654054054054054,0.0,""
"2026-09-25 17:17:33","git-master-bddc7a050319718b5e4e0856afec0bc9ea96418f","C:\Users\marco\Desktop\ds004507\derivatives\labels\sub-005\ses-headUp\anat\sub-005_ses-headUp_T2w_seg-manual.nii.gz","908","2","",76.38745097555595,0.0,-1.7840921699291203,0.0,-14.669316115474908,0.0,7.519562440787578,0.0,7.37771947947921,0.0,13.325354192716881,0.0,3.791548089335091,0.0,3.7280143514524866,0.0,0.8327426266347502,0.0,-4.060568725476757,0.0,0.9578132800798802,0.0,""
"2026-09-25 17:17:33","git-master-bddc7a050319718b5e4e0856afec0bc9ea96418f","C:\Users\marco\Desktop\ds004507\derivatives\labels\sub-005\ses-headUp\anat\sub-005_ses-headUp_T2w_seg-manual.nii.gz","909","2","",77.35746304128587,0.0,-1.7606496192961414,0.0,-14.916535458358895,0.0,7.573636348912158,0.0,7.471883567775277,0.0,13.271362474774742,0.0,3.869990880531666,0.0,3.7036454683804925,0.0,0.8264139013163091,0.0,-3.9227428040506425,0.0,0.9597790146056635,0.0,""
"2026-09-25 17:17:33","git-master-bddc7a050319718b5e4e0856afec0bc9ea96418f","C:\Users\marco\Desktop\ds004507\derivatives\labels\sub-005\ses-headUp\anat\sub-005_ses-headUp_T2w_seg-manual.nii.gz","910","2","",77.63688550757385,0.0,-1.7363994458124647,0.0,-15.15705763043211,0.0,7.6375944733771295,0.0,7.532852642114197,0.0,13.096227478806968,0.0,3.9037811551260453,0.0,3.733813318251084,0.0,0.8178506536585427,0.0,-3.9320245070388493,0.0,0.9546033686935318,0.0,""
"2026-09-25 17:17:33","git-master-bddc7a050319718b5e4e0856afec0bc9ea96418f","C:\Users\marco\Desktop\ds004507\derivatives\labels\sub-005\ses-headUp\anat\sub-005_ses-headUp_T2w_seg-manual.nii.gz","911","2","",77.18572725576576,0.0,-1.7113416171668525,0.0,-15.390903822478904,0.0,7.648959796030704,0.0,7.56376218598213,0.0,12.898536777897725,0.0,3.8667500966190413,0.0,3.7822096994116627,0.0,0.81001069276417,0.0,-4.122397979815661,0.0,0.9502109478835289,0.0,""
"2026-09-25 17:17:33","git-master-bddc7a050319718b5e4e0856afec0bc9ea96418f","C:\Users\marco\Desktop\ds004507\derivatives\labels\sub-005\ses-headUp\anat\sub-005_ses-headUp_T2w_seg-manual.nii.gz","912","2","",75.83868076437479,0.0,-1.6853607048142862,0.0,-15.61715261378594,0.0,7.505015984192343,0.0,7.565095860338319,0.0,12.825296811278877,0.0,3.7089040799021706,0.0,3.7961119042901723,0.0,0.8075044829940096,0.0,-4.57151883958788,0.0,0.958789230870311,0.0,""
"2026-09-25 17:17:33","git-master-bddc7a050319718b5e4e0856afec0bc9ea96418f","C:\Users\marco\Desktop\ds004507\derivatives\labels\sub-005\ses-headUp\anat\sub-005_ses-headUp_T2w_seg-manual.nii.gz","913","2","",74.93329110344655,0.0,-1.6582258288890608,0.0,-15.833974627118147,0.0,7.57769323096448,0.0,7.644348161203801,0.0,12.652021151109778,0.0,3.7419767159376955,0.0,3.835716515026785,0.0,0.7966644860003554,0.0,-6.025295720726726,0.0,0.9575596102919204,0.0,""
"2026-09-25 17:17:33","git-master-bddc7a050319718b5e4e0856afec0bc9ea96418f","C:\Users\marco\Desktop\ds004507\derivatives\labels\sub-005\ses-headUp\anat\sub-005_ses-headUp_T2w_seg-manual.nii.gz","914","2","",73.59466672110219,0.0,-1.630283112746187,0.0,-16.044239278543273,0.0,7.616774266488663,0.0,7.613391747749014,0.0,12.471022353010033,0.0,3.8210045816785487,0.0,3.795769684810114,0.0,0.7920333798513038,0.0,-6.747520675979062,0.0,0.9583416005022761,0.0,""
"2026-09-25 17:17:33","git-master-bddc7a050319718b5e4e0856afec0bc9ea96418f","C:\Users\marco\Desktop\ds004507\derivatives\labels\sub-005\ses-headUp\anat\sub-005_ses-headUp_T2w_seg-manual.nii.gz","915","2","",72.0874655684426,0.0,-1.601532523544997,0.0,-16.247966996444376,0.0,7.581974424239849,0.0,7.484869640099113,0.0,12.324757440790533,0.0,3.884923950305484,0.0,3.6970504739343655,0.0,0.7944474791703223,0.0,-6.651979109441544,0.0,0.9599758207996806,0.0,""
"2026-09-25 17:17:33","git-master-bddc7a050319718b5e4e0856afec0bc9ea96418f","C:\Users\marco\Desktop\ds004507\derivatives\labels\sub-005\ses-headUp\anat\sub-005_ses-headUp_T2w_seg-manual.nii.gz","916","2","",71.61192046609848,0.0,-1.5717431700578186,0.0,-16.44333357889836,0.0,7.421929321171326,0.0,7.359804072213197,0.0,12.326243397190728,0.0,3.7801174653069567,0.0,3.64181185586437,0.0,0.8021564922195865,0.0,-5.996553924936574,0.0,0.9542235721940656,0.0,""
"2026-09-25 17:17:33","git-master-bddc7a050319718b5e4e0856afec0bc9ea96418f","C:\Users\marco\Desktop\ds004507\derivatives\labels\sub-005\ses-headUp\anat\sub-005_ses-headUp_T2w_seg-manual.nii.gz","917","2","",71.68979425329216,0.0,-1.540914954507539,0.0,-16.630398473777817,0.0,7.43881066880865,0.0,7.367708249412298,0.0,12.3356995396654,0.0,3.7318076709963375,0.0,3.707002997812313,0.0,0.8020404215433723,0.0,-4.415718502539411,0.0,0.9616456763583668,0.0,""
"2026-09-25 17:17:33","git-master-bddc7a050319718b5e4e0856afec0bc9ea96418f","C:\Users\marco\Desktop\ds004507\derivatives\labels\sub-005\ses-headUp\anat\sub-005_ses-headUp_T2w_seg-manual.nii.gz","918","2","",72.45687938461133,0.0,-1.5092786815795174,0.0,-16.81103859298847,0.0,7.496390821878652,0.0,7.470778952555414,0.0,12.355440354029088,0.0,3.740922263279399,0.0,3.7554685585992535,0.0,0.7964255115200254,0.0,-3.5096599118874177,0.0,0.9658434980178795,0.0,""
"2026-09-25 17:17:33","git-master-bddc7a050319718b5e4e0856afec0bc9ea96418f","C:\Users\marco\Desktop\ds004507\derivatives\labels\sub-005\ses-headUp\anat\sub-005_ses-headUp_T2w_seg-manual.nii.gz","919","2","",73.78865442617126,0.0,-1.476834319374493,0.0,-16.985272980847576,0.0,7.5786956363476845,0.0,7.646333088480849,0.0,12.374350708747828,0.0,3.8078682283463916,0.0,3.7708274080012925,0.0,0.7862101836129465,0.0,-3.6971701541318716,0.0,0.9626812417071274,0.0,""
"2026-09-25 17:17:33","git-master-bddc7a050319718b5e4e0856afec0bc9ea96418f","C:\Users\marco\Desktop\ds004507\derivatives\labels\sub-005\ses-headUp\anat\sub-005_ses-headUp_T2w_seg-manual.nii.gz","920","2","",73.97257614606718,0.0,-1.4432354540974064,0.0,-17.150409529684726,0.0,7.891665268163799,0.0,7.759309227794666,0.0,12.282794233880825,0.0,3.914693123962953,0.0,3.976972144200846,0.0,0.7751098590995328,0.0,-4.255286110019605,0.0,0.9597412031376351,0.0,""
"2026-09-25 17:17:33","git-master-bddc7a050319718b5e4e0856afec0bc9ea96418f","C:\Users\marco\Desktop\ds004507\derivatives\labels\sub-005\ses-headUp\anat\sub-005_ses-headUp_T2w_seg-manual.nii.gz","921","2","",74.08489011925252,0.0,-1.4087129050256928,0.0,-17.308315598809948,0.0,7.743303214576736,0.0,7.661114187661194,0.0,12.401814155729863,0.0,3.794679004167845,0.0,3.948624210408891,0.0,0.7859611575852197,0.0,-4.5805523074689525,0.0,0.9671812117664186,0.0,""
"2026-09-25 17:17:33","git-master-bddc7a050319718b5e4e0856afec0bc9ea96418f","C:\Users\marco\Desktop\ds004507\derivatives\labels\sub-005\ses-headUp\anat\sub-005_ses-headUp_T2w_seg-manual.nii.gz","922","2","",74.33829198478662,0.0,-1.3733820935471548,0.0,-17.459917879107046,0.0,7.525976392389578,0.0,7.516511946828966,0.0,12.579594690541922,0.0,3.684211524503338,0.0,3.8417648678862393,0.0,0.8017503441356063,0.0,-4.331226464930955,0.0,0.9728224507839371,0.0,""
"2026-09-25 17:17:33","git-master-bddc7a050319718b5e4e0856afec0bc9ea96418f","C:\Users\marco\Desktop\ds004507\derivatives\labels\sub-005\ses-headUp\anat\sub-005_ses-headUp_T2w_seg-manual.nii.gz","923","2","",74.8855902457099,0.0,-1.3372429903468979,0.0,-17.605233531265878,0.0,7.490710143698085,0.0,7.429278191286201,0.0,12.722015537694364,0.0,3.7393137689312894,0.0,3.7513963747667955,0.0,0.8117750822060578,0.0,-3.2291722063903068,0.0,0.968503937007874,0.0,""
"2026-09-25 17:17:33","git-master-bddc7a050319718b5e4e0856afec0bc9ea96418f","C:\Users\marco\Desktop\ds004507\derivatives\labels\sub-005\ses-headUp\anat\sub-005_ses-headUp_T2w_seg-manual.nii.gz","924","2","",73.28619012964045,0.0,-1.299833612259418,0.0,-17.740730124794318,0.0,7.813242811247379,0.0,7.644926915997785,0.0,12.13099405339674,0.0,3.87672943343546,0.0,3.9365133778119192,0.0,0.7749191779695502,0.0,-4.9493691625901315,0.0,0.9635017286826284,0.0,""
"2026-09-25 17:17:33","git-master-bddc7a050319718b5e4e0856afec0bc9ea96418f","C:\Users\marco\Desktop\ds004507\derivatives\labels\sub-005\ses-headUp\anat\sub-005_ses-headUp_T2w_seg-manual.nii.gz","925","2","",72.30146720513302,0.0,-1.2616158164081954,0.0,-17.870014340038956,0.0,7.776132336560655,0.0,7.696290168377734,0.0,11.947912848097378,0.0,3.8126036962945085,0.0,3.9635286402661474,0.0,0.76486581367057,0.0,-4.9996183887033006,0.0,0.9599353411560726,0.0,""
"2026-09-25 17:17:33","git-master-bddc7a050319718b5e4e0856afec0bc9ea96418f","C:\Users\marco\Desktop\ds004507\derivatives\labels\sub-005\ses-headUp\anat\sub-005_ses-headUp_T2w_seg-manual.nii.gz","926","2","",72.27489334724119,0.0,-1.2225895786402434,0.0,-17.993100741875182,0.0,7.583115820404763,0.0,7.629847494182973,0.0,12.120378299598144,0.0,3.721183385346775,0.0,3.8619324350579882,0.0,0.776254988737535,0.0,-4.50554332986308,0.0,0.9590212129186485,0.0,""
"2026-09-25 17:17:33","git-master-bddc7a050319718b5e4e0856afec0bc9ea96418f","C:\Users\marco\Desktop\ds004507\derivatives\labels\sub-005\ses-headUp\anat\sub-005_ses-headUp_T2w_seg-manual.nii.gz","927","2","",73.86673270842016,0.0,-1.1826393704486222,0.0,-18.109126122483353,0.0,7.522377505643114,0.0,7.499595449818138,0.0,12.619344886949527,0.0,3.86408825151638,0.0,3.6582892541267342,0.0,0.8039823031612638,0.0,-5.10461909985062,0.0,0.9629918587113819,0.0,""
"2026-09-25 17:17:33","git-master-bddc7a050319718b5e4e0856afec0bc9ea96418f","C:\Users\marco\Desktop\ds004507\derivatives\labels\sub-005\ses-headUp\anat\sub-005_ses-headUp_T2w_seg-manual.nii.gz","928","2","",74.66963425151577,0.0,-1.1410762016341274,0.0,-18.2171820520857,0.0,7.6480121092740525,0.0,7.646046905746037,0.0,12.62741537811461,0.0,3.814451418108036,0.0,3.833560691166017,0.0,0.795719587694203,0.0,-5.776163160218963,0.0,0.9569969763131035,0.0,""
"2026-09-25 17:17:33","git-master-bddc7a050319718b5e4e0856afec0bc9ea96418f","C:\Users\marco\Desktop\ds004507\derivatives\labels\sub-005\ses-headUp\anat\sub-005_ses-headUp_T2w_seg-manual.nii.gz","929","2","",75.24358803143464,0.0,-1.0981091238361886,0.0,-18.320168470518855,0.0,7.625038143537818,0.0,7.695456469360297,0.0,12.67851203239208,0.0,3.723239702713634,0.0,3.901798440824184,0.0,0.7946423230875029,0.0,-5.911625097805374,0.0,0.9575606954530061,0.0,""
"2026-09-25 17:17:33","git-master-bddc7a050319718b5e4e0856afec0bc9ea96418f","C:\Users\marco\Desktop\ds004507\derivatives\labels\sub-005\ses-headUp\anat\sub-005_ses-headUp_T2w_seg-manual.nii.gz","930","2","",75.81815695384076,0.0,-1.0536922989850228,0.0,-18.41817664316229,0.0,7.538566040127632,0.0,7.68737514867682,0.0,12.735191026132366,0.0,3.6620149917083435,0.0,3.876551048419288,0.0,0.7969835452052716,0.0,-5.3039536016089395,0.0,0.9636255553862552,0.0,""
"2026-09-25 17:17:33","git-master-bddc7a050319718b5e4e0856afec0bc9ea96418f","C:\Users\marco\Desktop\ds004507\derivatives\labels\sub-005\ses-headUp\anat\sub-005_ses-headUp_T2w_seg-manual.nii.gz","931","2","",76.958196447571,0.0,-1.0074114108486716,0.0,-18.509804832509296,0.0,7.793524296708777,0.0,7.888255757439453,0.0,12.471556399714018,0.0,3.8194344705600383,0.0,3.97408982614874,0.0,0.7742662556477506,0.0,-3.3896652227147444,0.0,0.9661137200497553,0.0,""
"2026-09-25 17:17:33","git-master-bddc7a050319718b5e4e0856afec0bc9ea96418f","C:\Users\marco\Desktop\ds004507\derivatives\labels\sub-005\ses-headUp\anat\sub-005_ses-headUp_T2w_seg-manual.nii.gz","932","2","",75.39762585306178,0.0,-0.9592663301186798,0.0,-18.59507989472686,0.0,7.890080872459479,0.0,7.901276728260951,0.0,12.135920126995428,0.0,3.9254852109751157,0.0,3.9645956614843634,0.0,0.7587037719778562,0.0,-3.6317872215638953,0.0,0.9693887016439654,0.0,""
"2026-09-25 17:17:33","git-master-bddc7a050319718b5e4e0856afec0bc9ea96418f","C:\Users\marco\Desktop\ds004507\derivatives\labels\sub-005\ses-headUp\anat\sub-005_ses-headUp_T2w_seg-manual.nii.gz","933","2","",74.36897035980805,0.0,-0.9096712599422809,0.0,-18.675427409318196,0.0,7.941446972837813,0.0,7.877520113214267,0.0,11.981983747182912,0.0,4.020434017297441,0.0,3.921012955540373,0.0,0.753468049572476,0.0,-3.935399700143541,0.0,0.9677334743077001,0.0,""
"2026-09-25 17:17:33","git-master-bddc7a050319718b5e4e0856afec0bc9ea96418f","C:\Users\marco\Desktop\ds004507\derivatives\labels\sub-005\ses-headUp\anat\sub-005_ses-headUp_T2w_seg-manual.nii.gz","934","2","",74.52890998806562,0.0,-0.8586261655778038,0.0,-18.750855405649098,0.0,7.967461013097639,0.0,7.8521436539632,0.0,12.046221201305599,0.0,4.105068888812759,0.0,3.86239212428488,0.0,0.7583624908258272,0.0,-3.6559440423864156,0.0,0.9609009910396488,0.0,""
"2026-09-25 17:17:33","git-master-bddc7a050319718b5e4e0856afec0bc9ea96418f","C:\Users\marco\Desktop\ds004507\derivatives\labels\sub-005\ses-headUp\anat\sub-005_ses-headUp_T2w_seg-manual.nii.gz","935","2","",72.99019271439913,0.0,-0.8055095224397195,0.0,-18.81927711854533,0.0,7.859835674426265,0.0,7.750940748576795,0.0,11.919793889773445,0.0,4.0828043188734044,0.0,3.7770313555528605,0.0,0.7597169158593231,0.0,-2.5583489384777973,0.0,0.9635566341013369,0.0,""
"2026-09-25 17:17:33","git-master-bddc7a050319718b5e4e0856afec0bc9ea96418f","C:\Users\marco\Desktop\ds004507\derivatives\labels\sub-005\ses-headUp\anat\sub-005_ses-headUp_T2w_seg-manual.nii.gz","936","2","",73.46200383923954,0.0,-0.750735582668028,0.0,-18.88211204839525,0.0,7.795204109445104,0.0,7.703357407447951,0.0,12.069084500832725,0.0,3.994436291959339,0.0,3.800767817485765,0.0,0.7695601923265463,0.0,-2.567208343455001,0.0,0.9632330476333949,0.0,""
"2026-09-25 17:17:33","git-master-bddc7a050319718b5e4e0856afec0bc9ea96418f","C:\Users\marco\Desktop\ds004507\derivatives\labels\sub-005\ses-headUp\anat\sub-005_ses-headUp_T2w_seg-manual.nii.gz","937","2","",74.43718043122841,0.0,-0.6945114924011709,0.0,-18.94006668997642,0.0,7.8170392512392075,0.0,7.722393572746554,0.0,12.218708405924886,0.0,3.940967029543577,0.0,3.8760722216956305,0.0,0.7749117552859811,0.0,-3.0790004362346974,0.0,0.9609410355226614,0.0,""
"2026-09-25 17:17:33","git-master-bddc7a050319718b5e4e0856afec0bc9ea96418f","C:\Users\marco\Desktop\ds004507\derivatives\labels\sub-005\ses-headUp\anat\sub-005_ses-headUp_T2w_seg-manual.nii.gz","938","2","",74.9738373292069,0.0,-0.6368372396835794,0.0,-18.99314715346141,0.0,7.961976465905824,0.0,7.822826035249157,0.0,12.187975688873967,0.0,3.9919509986395014,0.0,3.970025467266322,0.0,0.7668320108534028,0.0,-3.7448139612124454,0.0,0.9571593979158626,0.0,""
"2026-09-25 17:17:33","git-master-bddc7a050319718b5e4e0856afec0bc9ea96418f","C:\Users\marco\Desktop\ds004507\derivatives\labels\sub-005\ses-headUp\anat\sub-005_ses-headUp_T2w_seg-manual.nii.gz","939","1","",76.42642492585685,0.0,-0.5550830356065114,0.0,-19.05511177584495,0.0,7.865956333732626,0.0,7.820389422472951,0.0,12.443671123412615,0.0,4.008587913135699,0.0,3.857368420596927,0.0,0.7778393158913076,0.0,-3.276996418247426,0.0,0.955748865355522,0.0,""
"2026-09-25 17:17:33","git-master-bddc7a050319718b5e4e0856afec0bc9ea96418f","C:\Users\marco\Desktop\ds004507\derivatives\labels\sub-005\ses-headUp\anat\sub-005_ses-headUp_T2w_seg-manual.nii.gz","940","1","",75.96385160034124,0.0,-0.49336547713163303,0.0,-19.09261713964878,0.0,7.7937063743240795,0.0,7.795124263565526,0.0,12.421398850469904,0.0,3.919248370317792,0.0,3.874458004006287,0.0,0.778571533838148,0.0,-4.997860814651321,0.0,0.9603734582102316,0.0,""
"2026-09-25 17:17:33","git-master-bddc7a050319718b5e4e0856afec0bc9ea96418f","C:\Users\marco\Desktop\ds004507\derivatives\labels\sub-005\ses-headUp\anat\sub-005_ses-headUp_T2w_seg-manual.nii.gz","941","1","",75.94953865697636,0.0,-0.43023550376991204,0.0,-19.1254063827961,0.0,7.884188934918854,0.0,7.927854955882449,0.0,12.21010283007907,0.0,3.9572562209521513,0.0,3.926932713966702,0.0,0.7594630255180868,0.0,-4.739891936779769,0.0,0.9670275376806002,0.0,""
"2026-09-25 17:17:33","git-master-bddc7a050319718b5e4e0856afec0bc9ea96418f","C:\Users\marco\Desktop\ds004507\derivatives\labels\sub-005\ses-headUp\anat\sub-005_ses-headUp_T2w_seg-manual.nii.gz","942","1","",75.88371894707389,0.0,-0.3656931523644402,0.0,-19.153482314336795,0.0,8.032525710378424,0.0,8.0777875909643,0.0,11.950693934400896,0.0,4.062835621094461,0.0,3.969690089283962,0.0,0.736969937752617,0.0,-3.887606057307823,0.0,0.9704860634216644,0.0,""
"2026-09-25 17:17:33","git-master-bddc7a050319718b5e4e0856afec0bc9ea96418f","C:\Users\marco\Desktop\ds004507\derivatives\labels\sub-005\ses-headUp\anat\sub-005_ses-headUp_T2w_seg-manual.nii.gz","943","1","",74.85651024968745,0.0,-0.2994560136240326,0.0,-19.175907328239347,0.0,8.061506594426397,0.0,7.9949335221371145,0.0,11.88718915826733,0.0,4.14190436154654,0.0,3.9196022328798565,0.0,0.7400364189313455,0.0,-4.814269066730489,0.0,0.9607048520666287,0.0,""
"2026-09-25 17:17:33","git-master-bddc7a050319718b5e4e0856afec0bc9ea96418f","C:\Users\marco\Desktop\ds004507\derivatives\labels\sub-005\ses-headUp\anat\sub-005_ses-headUp_T2w_seg-manual.nii.gz","944","1","",73.44699377959715,0.0,-0.23124180560221072,0.0,-19.191746981474815,0.0,8.014421588339426,0.0,7.9314148511806986,0.0,11.789845401492682,0.0,3.955673431194987,0.0,4.058748157144438,0.0,0.7398830117224152,0.0,-3.7927804456863443,0.0,0.9654383960923013,0.0,""
"2026-09-25 17:17:33","git-master-bddc7a050319718b5e4e0856afec0bc9ea96418f","C:\Users\marco\Desktop\ds004507\derivatives\labels\sub-005\ses-headUp\anat\sub-005_ses-headUp_T2w_seg-manual.nii.gz","945","1","",72.44497529332565,0.0,-0.16161554316607785,0.0,-19.202885610895315,0.0,8.014346783407543,0.0,7.905747477592646,0.0,11.69649661022391,0.0,3.9201963511287365,0.0,4.0941504322788065,0.0,0.7369522676916734,0.0,-4.130600636797192,0.0,0.9627642740163332,0.0,""
"2026-09-25 17:17:33","git-master-bddc7a050319718b5e4e0856afec0bc9ea96418f","C:\Users\marco\Desktop\ds004507\derivatives\labels\sub-005\ses-headUp\anat\sub-005_ses-headUp_T2w_seg-manual.nii.gz","946","1","",71.90971684312817,0.0,-0.09057730442998371,0.0,-19.209324265465835,0.0,8.078668455360063,0.0,7.927819116826617,0.0,11.592397171578247,0.0,4.050391351500135,0.0,4.028277103859928,0.0,0.7293957984590071,0.0,-5.8138225747422,0.0,0.9529715166335911,0.0,""
"2026-09-25 17:17:33","git-master-bddc7a050319718b5e4e0856afec0bc9ea96418f","C:\Users\marco\Desktop\ds004507\derivatives\labels\sub-005\ses-headUp\anat\sub-005_ses-headUp_T2w_seg-manual.nii.gz","947","1","",71.40698498601333,0.0,-0.017562543212922874,0.0,-19.20918490212418,0.0,8.188628167282834,0.0,8.038440162106976,0.0,11.35123946211214,0.0,4.019714292134337,0.0,4.168913875148497,0.0,0.7056807221778911,0.0,-5.4515434249746075,0.0,0.959716730195624,0.0,""
"2026-09-25 17:17:33","git-master-bddc7a050319718b5e4e0856afec0bc9ea96418f","C:\Users\marco\Desktop\ds004507\derivatives\labels\sub-005\ses-headUp\anat\sub-005_ses-headUp_T2w_seg-manual.nii.gz","948","1","",72.20751983890928,0.0,0.057146058770673414,0.0,-19.203407198302703,0.0,8.124891210395546,0.0,8.069848828207643,0.0,11.421546704295361,0.0,4.002946007913824,0.0,4.121945202481721,0.0,0.7075221020488076,0.0,-5.62209817786603,0.0,0.9702694567199904,0.0,""
"2026-09-25 17:17:33","git-master-bddc7a050319718b5e4e0856afec0bc9ea96418f","C:\Users\marco\Desktop\ds004507\derivatives\labels\sub-005\ses-headUp\anat\sub-005_ses-headUp_T2w_seg-manual.nii.gz","949","1","",73.14431770501216,0.0,0.13326600185467646,0.0,-19.192929795064707,0.0,8.043688433065181,0.0,8.05886887524657,0.0,11.562197254592892,0.0,4.022839816987066,0.0,4.0208486160781165,0.0,0.7170123244898228,0.0,-5.650725892736847,0.0,0.97518459535215,0.0,""
"2026-09-25 17:17:33","git-master-bddc7a050319718b5e4e0856afec0bc9ea96418f","C:\Users\marco\Desktop\ds004507\derivatives\labels\sub-005\ses-headUp\anat\sub-005_ses-headUp_T2w_seg-manual.nii.gz","950","1","",73.58418353200948,0.0,0.2107971574579488,0.0,-19.17775197084352,0.0,8.029874104335281,0.0,8.021248101171313,0.0,11.647050567497981,0.0,4.096110017580295,0.0,3.933764086754987,0.0,0.7250525866854287,0.0,-5.146789709429428,0.0,0.9685884691848906,0.0,""
"2026-09-25 17:17:33","git-master-bddc7a050319718b5e4e0856afec0bc9ea96418f","C:\Users\marco\Desktop\ds004507\derivatives\labels\sub-005\ses-headUp\anat\sub-005_ses-headUp_T2w_seg-manual.nii.gz","951","1","",73.5072417334047,0.0,0.29058564631192507,0.0,-19.1550477578312,0.0,8.181344729028963,0.0,8.110256008893378,0.0,11.486878102966099,0.0,4.1890889365019754,0.0,3.9922557925269877,0.0,0.7079174133517633,0.0,-3.9463831492126937,0.0,0.9620465221109867,0.0,""
"2026-09-25 17:17:33","git-master-bddc7a050319718b5e4e0856afec0bc9ea96418f","C:\Users\marco\Desktop\ds004507\derivatives\labels\sub-005\ses-headUp\anat\sub-005_ses-headUp_T2w_seg-manual.nii.gz","952","1","",74.23864811066633,0.0,0.3717845271752662,0.0,-19.12763421764316,0.0,8.221068581878475,0.0,8.134717521473586,0.0,11.562445711697553,0.0,4.24592257799359,0.0,3.975146003884885,0.0,0.7103884591821216,0.0,-2.535377510217585,0.0,0.9577267692402597,0.0,""
"2026-09-25 17:17:33","git-master-bddc7a050319718b5e4e0856afec0bc9ea96418f","C:\Users\marco\Desktop\ds004507\derivatives\labels\sub-005\ses-headUp\anat\sub-005_ses-headUp_T2w_seg-manual.nii.gz","953","1","",74.97725086355005,0.0,0.45439359697841386,0.0,-19.095508515304374,0.0,8.20855161424478,0.0,8.12746450468937,0.0,11.6917891313562,0.0,4.254427205082181,0.0,3.9541244091625996,0.0,0.7188103612058324,0.0,-1.8051115345186095,0.0,0.9553394428545343,0.0,""
"2026-09-25 17:17:33","git-master-bddc7a050319718b5e4e0856afec0bc9ea96418f","C:\Users\marco\Desktop\ds004507\derivatives\labels\sub-005\ses-headUp\anat\sub-005_ses-headUp_T2w_seg-manual.nii.gz","954","1","",74.28241602674045,0.0,0.5386945279841252,0.0,-19.05772311542965,0.0,8.24045637448097,0.0,8.141251411067222,0.0,11.558127851922428,0.0,4.183006288335819,0.0,4.057450086145152,0.0,0.709793637314358,0.0,-3.4961428905091005,0.0,0.9547494463580954,0.0,""
"2026-09-25 17:17:33","git-master-bddc7a050319718b5e4e0856afec0bc9ea96418f","C:\Users\marco\Desktop\ds004507\derivatives\labels\sub-005\ses-headUp\anat\sub-005_ses-headUp_T2w_seg-manual.nii.gz","955","1","",74.51901737895743,0.0,0.6249684870787671,0.0,-19.01332237487876,0.0,8.396826616512397,0.0,8.313604946752934,0.0,11.387872732725214,0.0,4.279436619450041,0.0,4.1173899970623555,0.0,0.6826630973971551,0.0,-4.3168484332417,0.0,0.9650779277879444,0.0,""
"2026-09-25 17:17:33","git-master-bddc7a050319718b5e4e0856afec0bc9ea96418f","C:\Users\marco\Desktop\ds004507\derivatives\labels\sub-005\ses-headUp\anat\sub-005_ses-headUp_T2w_seg-manual.nii.gz","956","1","",74.40176841108294,0.0,0.7126512287213016,0.0,-18.964187947059767,0.0,8.325298887112105,0.0,8.347781551493771,0.0,11.332618783163902,0.0,4.253047910091435,0.0,4.072250977020668,0.0,0.6761043461338085,0.0,-4.661485122214251,0.0,0.9733400826946652,0.0,""
"2026-09-25 17:17:33","git-master-bddc7a050319718b5e4e0856afec0bc9ea96418f","C:\Users\marco\Desktop\ds004507\derivatives\labels\sub-005\ses-headUp\anat\sub-005_ses-headUp_T2w_seg-manual.nii.gz","957","1","",74.06645810998324,0.0,0.8017424752592328,0.0,-18.91031526844249,0.0,8.085235215162331,0.0,8.261692601292253,0.0,11.392193973324702,0.0,4.115072502211716,0.0,3.9701627129506143,0.0,0.6884738793536135,0.0,-4.628364325443745,0.0,0.9761853494885074,0.0,""
"2026-09-25 17:17:33","git-master-bddc7a050319718b5e4e0856afec0bc9ea96418f","C:\Users\marco\Desktop\ds004507\derivatives\labels\sub-005\ses-headUp\anat\sub-005_ses-headUp_T2w_seg-manual.nii.gz","958","1","",75.61310690597384,0.0,0.8928048063186185,0.0,-18.849795304437805,0.0,8.385171227183463,0.0,8.45954991241625,0.0,11.413971114325538,0.0,4.223574735854595,0.0,4.161596491328867,0.0,0.6712250673527587,0.0,-4.413097291534323,0.0,0.9664951630803853,0.0,""
"2026-09-25 17:17:33","git-master-bddc7a050319718b5e4e0856afec0bc9ea96418f","C:\Users\marco\Desktop\ds004507\derivatives\labels\sub-005\ses-headUp\anat\sub-005_ses-headUp_T2w_seg-manual.nii.gz","959","1","",76.0403877919949,0.0,0.9855556553194316,0.0,-18.78356092863013,0.0,8.504619194586006,0.0,8.587720609670448,0.0,11.33750493345748,0.0,4.351513735141231,0.0,4.153105459444774,0.0,0.6525638987811097,0.0,-4.506219367367148,0.0,0.9713931562927653,0.0,""
"2026-09-25 17:17:33","git-master-bddc7a050319718b5e4e0856afec0bc9ea96418f","C:\Users\marco\Desktop\ds004507\derivatives\labels\sub-005\ses-headUp\anat\sub-005_ses-headUp_T2w_seg-manual.nii.gz","960","1","",75.89333719232818,0.0,1.0797130571072966,0.0,-18.712555177168436,0.0,8.516624884309804,0.0,8.659625755018878,0.0,11.253776358831548,0.0,4.413052844917538,0.0,4.103572039392265,0.0,0.6386427071244017,0.0,-5.334686587019263,0.0,0.9721152672012906,0.0,""
"2026-09-25 17:17:33","git-master-bddc7a050319718b5e4e0856afec0bc9ea96418f","C:\Users\marco\Desktop\ds004507\derivatives\labels\sub-005\ses-headUp\anat\sub-005_ses-headUp_T2w_seg-manual.nii.gz","961","1","",75.41093851094261,0.0,1.1752766480172334,0.0,-18.63677180617392,0.0,8.449831247134913,0.0,8.676469766007582,0.0,11.212523417869653,0.0,4.353127269041213,0.0,4.0967039780937,0.0,0.6334061195319256,0.0,-7.217401763180052,0.0,0.9577730300364459,0.0,""
"2026-09-25 17:17:33","git-master-bddc7a050319718b5e4e0856afec0bc9ea96418f","C:\Users\marco\Desktop\ds004507\derivatives\labels\sub-005\ses-headUp\anat\sub-005_ses-headUp_T2w_seg-manual.nii.gz","962","1","","","","","","","","","","","","","","","","","","","","","","","",""
"2026-09-25 17:17:33","git-master-bddc7a050319718b5e4e0856afec0bc9ea96418f","C:\Users\marco\Desktop\ds004507\derivatives\labels\sub-005\ses-headUp\anat\sub-005_ses-headUp_T2w_seg-manual.nii.gz","963","1","","","","","","","","","","","","","","","","","","","","","","","",""
"2026-09-25 17:17:33","git-master-bddc7a050319718b5e4e0856afec0bc9ea96418f","C:\Users\marco\Desktop\ds004507\derivatives\labels\sub-005\ses-headUp\anat\sub-005_ses-headUp_T2w_seg-manual.nii.gz","964","1","","","","","","","","","","","","","","","","","","","","","","","",""
"2026-09-25 17:17:33","git-master-bddc7a050319718b5e4e0856afec0bc9ea96418f","C:\Users\marco\Desktop\ds004507\derivatives\labels\sub-005\ses-headUp\anat\sub-005_ses-headUp_T2w_seg-manual.nii.gz","965","1","","","","","","","","","","","","","","","","","","","","","","","",""
"2026-09-25 17:17:33","git-master-bddc7a050319718b5e4e0856afec0bc9ea96418f","C:\Users\marco\Desktop\ds004507\derivatives\labels\sub-005\ses-headUp\anat\sub-005_ses-headUp_T2w_seg-manual.nii.gz","966","1","","","","","","","","","","","","","","","","","","","","","","","",""
"2026-09-25 17:17:33","git-master-bddc7a050319718b5e4e0856afec0bc9ea96418f","C:\Users\marco\Desktop\ds004507\derivatives\labels\sub-005\ses-headUp\anat\sub-005_ses-headUp_T2w_seg-manual.nii.gz","967","1","","","","","","","","","","","","","","","","","","","","","","","",""
"2026-09-25 17:17:33","git-master-bddc7a050319718b5e4e0856afec0bc9ea96418f","C:\Users\marco\Desktop\ds004507\derivatives\labels\sub-005\ses-headUp\anat\sub-005_ses-headUp_T2w_seg-manual.nii.gz","968","1","","","","","","","","","","","","","","","","","","","","","","","",""
"2026-09-25 17:17:33","git-master-bddc7a050319718b5e4e0856afec0bc9ea96418f","C:\Users\marco\Desktop\ds004507\derivatives\labels\sub-005\ses-headUp\anat\sub-005_ses-headUp_T2w_seg-manual.nii.gz","969","1","","","","","","","","","","","","","","","","","","","","","","","",""
"2026-09-25 17:17:33","git-master-bddc7a050319718b5e4e0856afec0bc9ea96418f","C:\Users\marco\Desktop\ds004507\derivatives\labels\sub-005\ses-headUp\anat\sub-005_ses-headUp_T2w_seg-manual.nii.gz","970","1","","","","","","","","","","","","","","","","","","","","","","","",""
"2026-09-25 17:17:33","git-master-bddc7a050319718b5e4e0856afec0bc9ea96418f","C:\Users\marco\Desktop\ds004507\derivatives\labels\sub-005\ses-headUp\anat\sub-005_ses-headUp_T2w_seg-manual.nii.gz","971","1","","","","","","","","","","","","","","","","","","","","","","","",""
"2026-09-25 17:17:33","git-master-bddc7a050319718b5e4e0856afec0bc9ea96418f","C:\Users\marco\Desktop\ds004507\derivatives\labels\sub-005\ses-headUp\anat\sub-005_ses-headUp_T2w_seg-manual.nii.gz","972","1","","","","","","","","","","","","","","","","","","","","","","","",""
"2026-09-25 17:17:33","git-master-bddc7a050319718b5e4e0856afec0bc9ea96418f","C:\Users\marco\Desktop\ds004507\derivatives\labels\sub-005\ses-headUp\anat\sub-005_ses-headUp_T2w_seg-manual.nii.gz","973","1","","","","","","","","","","","","","","","","","","","","","","","",""
"2026-09-25 17:17:33","git-master-bddc7a050319718b5e4e0856afec0bc9ea96418f","C:\Users\marco\Desktop\ds004507\derivatives\labels\sub-005\ses-headUp\anat\sub-005_ses-headUp_T2w_seg-manual.nii.gz","974","1","","","","","","","","","","","","","","","","","","","","","","","",""
"2026-09-25 17:17:33","git-master-bddc7a050319718b5e4e0856afec0bc9ea96418f","C:\Users\marco\Desktop\ds004507\derivatives\labels\sub-005\ses-headUp\anat\sub-005_ses-headUp_T2w_seg-manual.nii.gz","975","1","","","","","","","","","","","","","","","","","","","","","","","",""
"2026-09-25 17:17:33","git-master-bddc7a050319718b5e4e0856afec0bc9ea96418f","C:\Users\marco\Desktop\ds004507\derivatives\labels\sub-005\ses-headUp\anat\sub-005_ses-headUp_T2w_seg-manual.nii.gz","976","1","","","","","","","","","","","","","","","","","","","","","","","",""
"2026-09-25 17:17:33","git-master-bddc7a050319718b5e4e0856afec0bc9ea96418f","C:\Users\marco\Desktop\ds004507\derivatives\labels\sub-005\ses-headUp\anat\sub-005_ses-headUp_T2w_seg-manual.nii.gz","977","1","","","","","","","","","","","","","","","","","","","","","","","",""
"2026-09-25 17:17:33","git-master-bddc7a050319718b5e4e0856afec0bc9ea96418f","C:\Users\marco\Desktop\ds004507\derivatives\labels\sub-005\ses-headUp\anat\sub-005_ses-headUp_T2w_seg-manual.nii.gz","978","1","","","","","","","","","","","","","","","","","","","","","","","",""
"2026-09-25 17:17:33","git-master-bddc7a050319718b5e4e0856afec0bc9ea96418f","C:\Users\marco\Desktop\ds004507\derivatives\labels\sub-005\ses-headUp\anat\sub-005_ses-headUp_T2w_seg-manual.nii.gz","979","1","","","","","","","","","","","","","","","","","","","","","","","",""
"2026-09-25 17:17:33","git-master-bddc7a050319718b5e4e0856afec0bc9ea96418f","C:\Users\marco\Desktop\ds004507\derivatives\labels\sub-005\ses-headUp\anat\sub-005_ses-headUp_T2w_seg-manual.nii.gz","980","1","","","","","","","","","","","","","","","","","","","","","","","",""
"2026-09-25 17:17:33","git-master-bddc7a050319718b5e4e0856afec0bc9ea96418f","C:\Users\marco\Desktop\ds004507\derivatives\labels\sub-005\ses-headUp\anat\sub-005_ses-headUp_T2w_seg-manual.nii.gz","981","1","","","","","","","","","","","","","","","","","","","","","","","",""
"2026-09-25 17:17:33","git-master-bddc7a050319718b5e4e0856afec0bc9ea96418f","C:\Users\marco\Desktop\ds004507\derivatives\labels\sub-005\ses-headUp\anat\sub-005_ses-headUp_T2w_seg-manual.nii.gz","982","1","","","","","","","","","","","","","","","","","","","","","","","",""
"2026-09-25 17:17:33","git-master-bddc7a050319718b5e4e0856afec0bc9ea96418f","C:\Users\marco\Desktop\ds004507\derivatives\labels\sub-005\ses-headUp\anat\sub-005_ses-headUp_T2w_seg-manual.nii.gz","983","1","","","","","","","","","","","","","","","","","","","","","","","",""
"2026-09-25 17:17:33","git-master-bddc7a050319718b5e4e0856afec0bc9ea96418f","C:\Users\marco\Desktop\ds004507\derivatives\labels\sub-005\ses-headUp\anat\sub-005_ses-headUp_T2w_seg-manual.nii.gz","984","1","","","","","","","","","","","","","","","","","","","","","","","",""
