Timestamp,SCT Version,Filename,Slice (I->S),VertLevel,DistancePMJ,MEAN(area),STD(area),MEAN(angle_AP),STD(angle_AP),MEAN(angle_RL),STD(angle_RL),MEAN(diameter_AP),STD(diameter_AP),MEAN(diameter_AP_ellipse),STD(diameter_AP_ellipse),MEAN(diameter_RL),STD(diameter_RL),MEAN(length_anterior),STD(length_anterior),MEAN(length_posterior),STD(length_posterior),MEAN(eccentricity),STD(eccentricity),MEAN(orientation),STD(orientation),MEAN(solidity),STD(solidity),SUM(length)
"2026-09-25 17:22:15","git-master-bddc7a050319718b5e4e0856afec0bc9ea96418f","C:\Users\marco\Desktop\ds004507\derivatives\labels\sub-011\ses-headDown\anat\sub-011_ses-headDown_T2w_seg-manual.nii.gz","647","9","","","","","","","","","","","","","","","","","","","","","","","",""
"2026-09-25 17:22:15","git-master-bddc7a050319718b5e4e0856afec0bc9ea96418f","C:\Users\marco\Desktop\ds004507\derivatives\labels\sub-011\ses-headDown\anat\sub-011_ses-headDown_T2w_seg-manual.nii.gz","648","9","","","","","","","","","","","","","","","","","","","","","","","",""
"2026-09-25 17:22:15","git-master-bddc7a050319718b5e4e0856afec0bc9ea96418f","C:\Users\marco\Desktop\ds004507\derivatives\labels\sub-011\ses-headDown\anat\sub-011_ses-headDown_T2w_seg-manual.nii.gz","649","9","","","","","","","","","","","","","","","","","","","","","","","",""
"2026-09-25 17:22:15","git-master-bddc7a050319718b5e4e0856afec0bc9ea96418f","C:\Users\marco\Desktop\ds004507\derivatives\labels\sub-011\ses-headDown\anat\sub-011_ses-headDown_T2w_seg-manual.nii.gz","650","9","","","","","","","","","","","","","","","","","","","","","","","",""
"2026-09-25 17:22:15","git-master-bddc7a050319718b5e4e0856afec0bc9ea96418f","C:\Users\marco\Desktop\ds004507\derivatives\labels\sub-011\ses-headDown\anat\sub-011_ses-headDown_T2w_seg-manual.nii.gz","651","9","","","","","","","","","","","","","","","","","","","","","","","",""
"2026-09-25 17:22:15","git-master-bddc7a050319718b5e4e0856afec0bc9ea96418f","C:\Users\marco\Desktop\ds004507\derivatives\labels\sub-011\ses-headDown\anat\sub-011_ses-headDown_T2w_seg-manual.nii.gz","652","9","","","","","","","","","","","","","","","","","","","","","","","",""
"2026-09-25 17:22:15","git-master-bddc7a050319718b5e4e0856afec0bc9ea96418f","C:\Users\marco\Desktop\ds004507\derivatives\labels\sub-011\ses-headDown\anat\sub-011_ses-headDown_T2w_seg-manual.nii.gz","653","9","","","","","","","","","","","","","","","","","","","","","","","",""
"2026-09-25 17:22:15","git-master-bddc7a050319718b5e4e0856afec0bc9ea96418f","C:\Users\marco\Desktop\ds004507\derivatives\labels\sub-011\ses-headDown\anat\sub-011_ses-headDown_T2w_seg-manual.nii.gz","654","9","","","","","","","","","","","","","","","","","","","","","","","",""
"2026-09-25 17:22:15","git-master-bddc7a050319718b5e4e0856afec0bc9ea96418f","C:\Users\marco\Desktop\ds004507\derivatives\labels\sub-011\ses-headDown\anat\sub-011_ses-headDown_T2w_seg-manual.nii.gz","655","9","","","","","","","","","","","","","","","","","","","","","","","",""
"2026-09-25 17:22:15","git-master-bddc7a050319718b5e4e0856afec0bc9ea96418f","C:\Users\marco\Desktop\ds004507\derivatives\labels\sub-011\ses-headDown\anat\sub-011_ses-headDown_T2w_seg-manual.nii.gz","656","9","","","","","","","","","","","","","","","","","","","","","","","",""
"2026-09-25 17:22:15","git-master-bddc7a050319718b5e4e0856afec0bc9ea96418f","C:\Users\marco\Desktop\ds004507\derivatives\labels\sub-011\ses-headDown\anat\sub-011_ses-headDown_T2w_seg-manual.nii.gz","657","9","","","","","","","","","","","","","","","","","","","","","","","",""
"2026-09-25 17:22:15","git-master-bddc7a050319718b5e4e0856afec0bc9ea96418f","C:\Users\marco\Desktop\ds004507\derivatives\labels\sub-011\ses-headDown\anat\sub-011_ses-headDown_T2w_seg-manual.nii.gz","658","9","","","","","","","","","","","","","","","","","","","","","","","",""
"2026-09-25 17:22:15","git-master-bddc7a050319718b5e4e0856afec0bc9ea96418f","C:\Users\marco\Desktop\ds004507\derivatives\labels\sub-011\ses-headDown\anat\sub-011_ses-headDown_T2w_seg-manual.nii.gz","659","9","","","","","","","","","","","","","","","","","","","","","","","",""
"2026-09-25 17:22:15","git-master-bddc7a050319718b5e4e0856afec0bc9ea96418f","C:\Users\marco\Desktop\ds004507\derivatives\labels\sub-011\ses-headDown\anat\sub-011_ses-headDown_T2w_seg-manual.nii.gz","660","9","",35.86517724412055,0.0,3.773604682251837,0.0,21.692992983659575,0.0,5.025090249245373,0.0,5.067895478884864,0.0,9.051698689373223,0.0,2.515124408858246,0.0,2.5099658403871272,0.0,0.8285714349575272,0.0,1.851368257316689,0.0,0.9520383693045563,0.0,""
"2026-09-25 17:22:15","git-master-bddc7a050319718b5e4e0856afec0bc9ea96418f","C:\Users\marco\Desktop\ds004507\derivatives\labels\sub-011\ses-headDown\anat\sub-011_ses-headDown_T2w_seg-manual.nii.gz","661","9","",39.892190342207975,0.0,3.8600787015199685,0.0,21.455323155225315,0.0,5.3188636786944405,0.0,5.456244891849614,0.0,9.278776211792781,0.0,2.581743181555347,0.0,2.737120497139093,0.0,0.8087931417560061,0.0,-1.0933937210808906,0.0,0.9587074224046045,0.0,""
"2026-09-25 17:22:15","git-master-bddc7a050319718b5e4e0856afec0bc9ea96418f","C:\Users\marco\Desktop\ds004507\derivatives\labels\sub-011\ses-headDown\anat\sub-011_ses-headDown_T2w_seg-manual.nii.gz","662","9","",41.6373354826837,0.0,3.942609142298241,0.0,21.224335017332656,0.0,5.160211182006702,0.0,5.439851049596586,0.0,9.742170821071813,0.0,2.4875989396930076,0.0,2.6726122423136935,0.0,0.828663506548078,0.0,-0.09147922672355158,0.0,0.9756991012431276,0.0,""
"2026-09-25 17:22:15","git-master-bddc7a050319718b5e4e0856afec0bc9ea96418f","C:\Users\marco\Desktop\ds004507\derivatives\labels\sub-011\ses-headDown\anat\sub-011_ses-headDown_T2w_seg-manual.nii.gz","663","9","",39.04141156630419,0.0,4.02119782322803,0.0,21.000095681547215,0.0,4.7937235317485944,0.0,5.119735142610092,0.0,9.73622542882079,0.0,2.3518753519772844,0.0,2.4418481797713096,0.0,0.8505467696627771,0.0,-0.8349184580623913,0.0,0.9815017489828765,0.0,""
"2026-09-25 17:22:15","git-master-bddc7a050319718b5e4e0856afec0bc9ea96418f","C:\Users\marco\Desktop\ds004507\derivatives\labels\sub-011\ses-headDown\anat\sub-011_ses-headDown_T2w_seg-manual.nii.gz","664","9","",39.83951056911245,0.0,4.095846542364474,0.0,20.78266998348287,0.0,5.037432634913446,0.0,5.317883348279453,0.0,9.620049319332466,0.0,2.533855527479763,0.0,2.5035771074336837,0.0,0.8309005944288161,0.0,-2.6823002247643286,0.0,0.9680456574853061,0.0,""
"2026-09-25 17:22:15","git-master-bddc7a050319718b5e4e0856afec0bc9ea96418f","C:\Users\marco\Desktop\ds004507\derivatives\labels\sub-011\ses-headDown\anat\sub-011_ses-headDown_T2w_seg-manual.nii.gz","665","9","",44.1059453107936,0.0,4.166557071248992,0.0,20.57212049940295,0.0,5.807586221264843,0.0,6.047847937564711,0.0,9.414995600095033,0.0,2.9566370334211474,0.0,2.8509491878436957,0.0,0.7624534036813634,0.0,-4.125933184707858,0.0,0.9524395831453851,0.0,""
"2026-09-25 17:22:15","git-master-bddc7a050319718b5e4e0856afec0bc9ea96418f","C:\Users\marco\Desktop\ds004507\derivatives\labels\sub-011\ses-headDown\anat\sub-011_ses-headDown_T2w_seg-manual.nii.gz","666","9","",38.632623975889594,0.0,4.23333114909225,0.0,20.368507563281923,0.0,5.690361537560485,0.0,5.989948939550146,0.0,8.362717075811934,0.0,2.92015547425849,0.0,2.770206063301995,0.0,0.6973436009847205,0.0,-5.545258248282041,0.0,0.9694686693655266,0.0,""
"2026-09-25 17:22:15","git-master-bddc7a050319718b5e4e0856afec0bc9ea96418f","C:\Users\marco\Desktop\ds004507\derivatives\labels\sub-011\ses-headDown\anat\sub-011_ses-headDown_T2w_seg-manual.nii.gz","667","9","",39.44189634240517,0.0,4.295634245007356,0.0,20.17285402475645,0.0,5.677890178098705,0.0,5.787370412058243,0.0,8.708830177458276,0.0,2.85845506463311,0.0,2.8194351134655946,0.0,0.746626994981678,0.0,-0.9746798799917693,0.0,0.9668953078891674,0.0,""
"2026-09-25 17:22:15","git-master-bddc7a050319718b5e4e0856afec0bc9ea96418f","C:\Users\marco\Desktop\ds004507\derivatives\labels\sub-011\ses-headDown\anat\sub-011_ses-headDown_T2w_seg-manual.nii.gz","668","9","",41.194869416789274,0.0,4.353647484432538,0.0,19.98491840875999,0.0,5.33374913218873,0.0,5.480209292225634,0.0,9.474382830946507,0.0,2.691152759289977,0.0,2.642596372898753,0.0,0.8122977957347612,0.0,-0.5947542737546552,0.0,0.9632004125695687,0.0,""
"2026-09-25 17:22:15","git-master-bddc7a050319718b5e4e0856afec0bc9ea96418f","C:\Users\marco\Desktop\ds004507\derivatives\labels\sub-011\ses-headDown\anat\sub-011_ses-headDown_T2w_seg-manual.nii.gz","669","9","",42.18775721200336,0.0,4.407730074606713,0.0,19.804115034963765,0.0,5.487120585235553,0.0,5.579485654519775,0.0,9.48307231660577,0.0,2.741357805606149,0.0,2.7457627796294037,0.0,0.8073965276072587,0.0,1.2260267512498124,0.0,0.967798690999421,0.0,""
"2026-09-25 17:22:15","git-master-bddc7a050319718b5e4e0856afec0bc9ea96418f","C:\Users\marco\Desktop\ds004507\derivatives\labels\sub-011\ses-headDown\anat\sub-011_ses-headDown_T2w_seg-manual.nii.gz","670","9","",42.05601173809469,0.0,4.457883478153263,0.0,19.63049287048248,0.0,5.697847546915475,0.0,5.821913672706535,0.0,9.113807100994489,0.0,2.819895499192124,0.0,2.8779520477233507,0.0,0.7676771763782038,0.0,-0.3611020515057102,0.0,0.9635510595299132,0.0,""
"2026-09-25 17:22:15","git-master-bddc7a050319718b5e4e0856afec0bc9ea96418f","C:\Users\marco\Desktop\ds004507\derivatives\labels\sub-011\ses-headDown\anat\sub-011_ses-headDown_T2w_seg-manual.nii.gz","671","9","",39.96568028322402,0.0,4.504134684121561,0.0,19.46398518492618,0.0,5.566724720980029,0.0,5.800901294981174,0.0,8.797826497411346,0.0,2.812673543347299,0.0,2.7540511776327303,0.0,0.751348571712374,0.0,-3.1137123344209092,0.0,0.9593858245772114,0.0,""
"2026-09-25 17:22:15","git-master-bddc7a050319718b5e4e0856afec0bc9ea96418f","C:\Users\marco\Desktop\ds004507\derivatives\labels\sub-011\ses-headDown\anat\sub-011_ses-headDown_T2w_seg-manual.nii.gz","672","9","",37.16397744204585,0.0,4.546533354383264,0.0,19.304421752930935,0.0,5.2650668031241965,0.0,5.501346607913201,0.0,8.745324231934633,0.0,2.8253245060015795,0.0,2.4397422971226175,0.0,0.7772105799727416,0.0,-0.8182940150195993,0.0,0.97313585253536,0.0,""
"2026-09-25 17:22:15","git-master-bddc7a050319718b5e4e0856afec0bc9ea96418f","C:\Users\marco\Desktop\ds004507\derivatives\labels\sub-011\ses-headDown\anat\sub-011_ses-headDown_T2w_seg-manual.nii.gz","673","9","",44.73406568799488,0.0,4.584959232809735,0.0,19.15192575550659,0.0,6.103235323686233,0.0,6.272174106334351,0.0,9.19780964579821,0.0,3.203716089064649,0.0,2.8995192346215837,0.0,0.7313868565600837,0.0,-1.3189882500293695,0.0,0.9565709612987553,0.0,""
"2026-09-25 17:22:15","git-master-bddc7a050319718b5e4e0856afec0bc9ea96418f","C:\Users\marco\Desktop\ds004507\derivatives\labels\sub-011\ses-headDown\anat\sub-011_ses-headDown_T2w_seg-manual.nii.gz","674","9","",40.905643380962644,0.0,4.618895789735298,0.0,19.007475986569585,0.0,5.634494533877423,0.0,5.929638069314383,0.0,8.945266066751993,0.0,3.0160728150157357,0.0,2.6184217188616876,0.0,0.7487309475092392,0.0,-0.7909264116306982,0.0,0.9488383601641808,0.0,""
"2026-09-25 17:22:15","git-master-bddc7a050319718b5e4e0856afec0bc9ea96418f","C:\Users\marco\Desktop\ds004507\derivatives\labels\sub-011\ses-headDown\anat\sub-011_ses-headDown_T2w_seg-manual.nii.gz","675","9","",42.436399120252474,0.0,4.649034887205624,0.0,18.869877584127586,0.0,5.683452750478987,0.0,5.982262018196345,0.0,9.174842318069997,0.0,2.9188225223798323,0.0,2.7646302280991546,0.0,0.758091783249928,0.0,2.883356569082001,0.0,0.9603769425039246,0.0,""
"2026-09-25 17:22:15","git-master-bddc7a050319718b5e4e0856afec0bc9ea96418f","C:\Users\marco\Desktop\ds004507\derivatives\labels\sub-011\ses-headDown\anat\sub-011_ses-headDown_T2w_seg-manual.nii.gz","676","9","",46.304055860390584,0.0,4.675377379161289,0.0,18.739163143986882,0.0,6.060739076686375,0.0,6.335183986814144,0.0,9.382601193546662,0.0,3.059937029331656,0.0,3.000802047354719,0.0,0.7369294097249672,0.0,-0.12434272032919225,0.0,0.9739847505518834,0.0,""
"2026-09-25 17:22:15","git-master-bddc7a050319718b5e4e0856afec0bc9ea96418f","C:\Users\marco\Desktop\ds004507\derivatives\labels\sub-011\ses-headDown\anat\sub-011_ses-headDown_T2w_seg-manual.nii.gz","677","9","",49.19990641310585,0.0,4.697924029883444,0.0,18.615363619044377,0.0,6.495160747219185,0.0,6.671682695474381,0.0,9.415778650427127,0.0,3.29609168314966,0.0,3.1990690640695245,0.0,0.7054541179946588,0.0,-2.300295739585563,0.0,0.9760582009803199,0.0,""
"2026-09-25 17:22:15","git-master-bddc7a050319718b5e4e0856afec0bc9ea96418f","C:\Users\marco\Desktop\ds004507\derivatives\labels\sub-011\ses-headDown\anat\sub-011_ses-headDown_T2w_seg-manual.nii.gz","678","9","",48.76916593760244,0.0,4.71667551221455,0.0,18.49850833741807,0.0,6.661083578147164,0.0,6.6884863333704025,0.0,9.274227871855427,0.0,3.367691403907245,0.0,3.293392174239918,0.0,0.6928084144228446,0.0,2.267324196322813,0.0,0.9671519968969707,0.0,""
"2026-09-25 17:22:15","git-master-bddc7a050319718b5e4e0856afec0bc9ea96418f","C:\Users\marco\Desktop\ds004507\derivatives\labels\sub-011\ses-headDown\anat\sub-011_ses-headDown_T2w_seg-manual.nii.gz","679","9","",44.32963939549787,0.0,4.731632405873958,0.0,18.38862502042679,0.0,6.199156068959345,0.0,6.307418122563743,0.0,8.853362359993074,0.0,3.1153978934962216,0.0,3.0837581754631245,0.0,0.7017436651215311,0.0,-0.26286363057820933,0.0,0.9674734773006106,0.0,""
"2026-09-25 17:22:15","git-master-bddc7a050319718b5e4e0856afec0bc9ea96418f","C:\Users\marco\Desktop\ds004507\derivatives\labels\sub-011\ses-headDown\anat\sub-011_ses-headDown_T2w_seg-manual.nii.gz","680","9","",47.828806561856595,0.0,4.7421054464269226,0.0,18.287018693916522,0.0,6.298381563512174,0.0,6.5604942490331215,0.0,9.187877585746197,0.0,3.2212943323084566,0.0,3.077087231203717,0.0,0.7001154426418581,0.0,-2.0748511529139093,0.0,0.9840527380825759,0.0,""
"2026-09-25 17:22:15","git-master-bddc7a050319718b5e4e0856afec0bc9ea96418f","C:\Users\marco\Desktop\ds004507\derivatives\labels\sub-011\ses-headDown\anat\sub-011_ses-headDown_T2w_seg-manual.nii.gz","681","9","",48.10803919778275,0.0,4.748612427689766,0.0,18.192766004692416,0.0,6.482776417474237,0.0,6.606664026226901,0.0,9.150665841597673,0.0,3.2957988058707044,0.0,3.1869776116035324,0.0,0.6918411237709824,0.0,2.6458920933936536,0.0,0.9615986150899836,0.0,""
"2026-09-25 17:22:15","git-master-bddc7a050319718b5e4e0856afec0bc9ea96418f","C:\Users\marco\Desktop\ds004507\derivatives\labels\sub-011\ses-headDown\anat\sub-011_ses-headDown_T2w_seg-manual.nii.gz","682","9","",48.03213630857616,0.0,4.751689611107882,0.0,18.103854634764822,0.0,6.567586646529293,0.0,6.600474186888549,0.0,9.136410355499487,0.0,3.3267474506977437,0.0,3.240839195831548,0.0,0.6914249398100667,0.0,0.44866797252766144,0.0,0.9573796188905748,0.0,""
"2026-09-25 17:22:15","git-master-bddc7a050319718b5e4e0856afec0bc9ea96418f","C:\Users\marco\Desktop\ds004507\derivatives\labels\sub-011\ses-headDown\anat\sub-011_ses-headDown_T2w_seg-manual.nii.gz","683","9","",46.8025111178906,0.0,4.751680510588058,0.0,18.018679099557602,0.0,6.423532471216339,0.0,6.484789537509247,0.0,9.068489710139856,0.0,3.2842296181972364,0.0,3.1393028530191023,0.0,0.6990440399717883,0.0,-2.474005851337669,0.0,0.9574429989145372,0.0,""
"2026-09-25 17:22:15","git-master-bddc7a050319718b5e4e0856afec0bc9ea96418f","C:\Users\marco\Desktop\ds004507\derivatives\labels\sub-011\ses-headDown\anat\sub-011_ses-headDown_T2w_seg-manual.nii.gz","684","9","",45.25536915525116,0.0,4.7487669502875125,0.0,17.936392036299196,0.0,6.219535815820463,0.0,6.331138188256301,0.0,9.002798288897749,0.0,3.227922561653421,0.0,2.9916132541670417,0.0,0.7108205373723469,0.0,-1.9606676192742667,0.0,0.9564953479811822,0.0,""
"2026-09-25 17:22:15","git-master-bddc7a050319718b5e4e0856afec0bc9ea96418f","C:\Users\marco\Desktop\ds004507\derivatives\labels\sub-011\ses-headDown\anat\sub-011_ses-headDown_T2w_seg-manual.nii.gz","685","9","",45.969381769613086,0.0,4.742948872700641,0.0,17.857001297198934,0.0,6.288854068054872,0.0,6.3425306908882835,0.0,9.163680563895545,0.0,3.2688582148143785,0.0,3.019995853240493,0.0,0.7217620950921674,0.0,-1.6413870567083289,0.0,0.9689908911113778,0.0,""
"2026-09-25 17:22:15","git-master-bddc7a050319718b5e4e0856afec0bc9ea96418f","C:\Users\marco\Desktop\ds004507\derivatives\labels\sub-011\ses-headDown\anat\sub-011_ses-headDown_T2w_seg-manual.nii.gz","686","9","",45.10271174317237,0.0,4.7339620780493865,0.0,17.780779368708934,0.0,6.171047000140511,0.0,6.322747130033816,0.0,9.100464756849936,0.0,3.236248683031972,0.0,2.9347983171085392,0.0,0.7192279366328912,0.0,-0.6030321564076011,0.0,0.939855503722195,0.0,""
"2026-09-25 17:22:15","git-master-bddc7a050319718b5e4e0856afec0bc9ea96418f","C:\Users\marco\Desktop\ds004507\derivatives\labels\sub-011\ses-headDown\anat\sub-011_ses-headDown_T2w_seg-manual.nii.gz","687","9","",45.88141506346597,0.0,4.721674231985869,0.0,17.707868799143828,0.0,6.268741333226603,0.0,6.441513056739267,0.0,9.080118099972314,0.0,3.2990144119455125,0.0,2.96972692128109,0.0,0.7047082446185157,0.0,-0.5209785807493705,0.0,0.9543032274274582,0.0,""
"2026-09-25 17:22:15","git-master-bddc7a050319718b5e4e0856afec0bc9ea96418f","C:\Users\marco\Desktop\ds004507\derivatives\labels\sub-011\ses-headDown\anat\sub-011_ses-headDown_T2w_seg-manual.nii.gz","688","9","",45.79891112923857,0.0,4.706481121983426,0.0,17.637880192612762,0.0,6.332926928816724,0.0,6.469666864678404,0.0,9.046511292358126,0.0,3.288971220103731,0.0,3.043955708712993,0.0,0.6989589697453347,0.0,-1.072804699981853,0.0,0.9614738696060453,0.0,""
"2026-09-25 17:22:15","git-master-bddc7a050319718b5e4e0856afec0bc9ea96418f","C:\Users\marco\Desktop\ds004507\derivatives\labels\sub-011\ses-headDown\anat\sub-011_ses-headDown_T2w_seg-manual.nii.gz","689","9","",45.80699894953454,0.0,4.68838238992535,0.0,17.57081999219257,0.0,6.340548175523485,0.0,6.489236816317434,0.0,9.072506435531217,0.0,3.232288396472,0.0,3.108259779051485,0.0,0.6988479683909858,0.0,-0.5413181400969711,0.0,0.9622703549030807,0.0,""
"2026-09-25 17:22:15","git-master-bddc7a050319718b5e4e0856afec0bc9ea96418f","C:\Users\marco\Desktop\ds004507\derivatives\labels\sub-011\ses-headDown\anat\sub-011_ses-headDown_T2w_seg-manual.nii.gz","690","9","",45.19605874086211,0.0,4.667377622470027,0.0,17.506694380520866,0.0,6.161383095577586,0.0,6.410814627260042,0.0,9.104704356507275,0.0,3.1461704371469184,0.0,3.015212658430667,0.0,0.7098096278081137,0.0,0.43368804950031487,0.0,0.9665258971576802,0.0,""
"2026-09-25 17:22:15","git-master-bddc7a050319718b5e4e0856afec0bc9ea96418f","C:\Users\marco\Desktop\ds004507\derivatives\labels\sub-011\ses-headDown\anat\sub-011_ses-headDown_T2w_seg-manual.nii.gz","691","9","",43.19613935479239,0.0,4.643466351825626,0.0,17.44550928169287,0.0,5.8368931387450695,0.0,6.188968915856079,0.0,9.013216071635817,0.0,3.0648884922214314,0.0,2.772004646523638,0.0,0.7266407833528425,0.0,-0.2738460734903217,0.0,0.9722534037833573,0.0,""
"2026-09-25 17:22:15","git-master-bddc7a050319718b5e4e0856afec0bc9ea96418f","C:\Users\marco\Desktop\ds004507\derivatives\labels\sub-011\ses-headDown\anat\sub-011_ses-headDown_T2w_seg-manual.nii.gz","692","9","",42.33654037278678,0.0,4.616648056567229,0.0,17.387270363137993,0.0,6.037942773807286,0.0,6.230667387720388,0.0,8.722724648131747,0.0,3.114439588319442,0.0,2.923503185487844,0.0,0.6998366862463182,0.0,-4.052173896845811,0.0,0.9429844097995546,0.0,""
"2026-09-25 17:22:15","git-master-bddc7a050319718b5e4e0856afec0bc9ea96418f","C:\Users\marco\Desktop\ds004507\derivatives\labels\sub-011\ses-headDown\anat\sub-011_ses-headDown_T2w_seg-manual.nii.gz","693","8","",47.20261140980713,0.0,4.580633890785797,0.0,17.32254180468207,0.0,6.383704139263251,0.0,6.64882299066042,0.0,9.143727193272943,0.0,3.293740301730871,0.0,3.0899638375323804,0.0,0.6864830363409832,0.0,2.5843785439518894,0.0,0.9690953745395006,0.0,""
"2026-09-25 17:22:15","git-master-bddc7a050319718b5e4e0856afec0bc9ea96418f","C:\Users\marco\Desktop\ds004507\derivatives\labels\sub-011\ses-headDown\anat\sub-011_ses-headDown_T2w_seg-manual.nii.gz","694","8","",47.20908711959109,0.0,4.552845718655972,0.0,17.28082054737279,0.0,6.49263191317443,0.0,6.710772916815477,0.0,9.07547318949285,0.0,3.3280147186071645,0.0,3.164617194567266,0.0,0.6730655511344229,0.0,1.1504770809046914,0.0,0.9581353561990625,0.0,""
"2026-09-25 17:22:15","git-master-bddc7a050319718b5e4e0856afec0bc9ea96418f","C:\Users\marco\Desktop\ds004507\derivatives\labels\sub-011\ses-headDown\anat\sub-011_ses-headDown_T2w_seg-manual.nii.gz","695","8","",47.74405912104186,0.0,4.523445297192469,0.0,17.240742463863285,0.0,6.558305149931317,0.0,6.784207596410585,0.0,9.089431639663413,0.0,3.3421782557686406,0.0,3.216126894162677,0.0,0.6655224238618344,0.0,-0.136376475074514,0.0,0.9520648729805573,0.0,""
"2026-09-25 17:22:15","git-master-bddc7a050319718b5e4e0856afec0bc9ea96418f","C:\Users\marco\Desktop\ds004507\derivatives\labels\sub-011\ses-headDown\anat\sub-011_ses-headDown_T2w_seg-manual.nii.gz","696","8","",48.58604704805993,0.0,4.492432519068033,0.0,17.202308126213897,0.0,6.573713679775574,0.0,6.853463206267401,0.0,9.167681496896268,0.0,3.3421120136767017,0.0,3.2316016660988724,0.0,0.6641539889498427,0.0,-0.6678910919295535,0.0,0.9512540133383998,0.0,""
"2026-09-25 17:22:15","git-master-bddc7a050319718b5e4e0856afec0bc9ea96418f","C:\Users\marco\Desktop\ds004507\derivatives\labels\sub-011\ses-headDown\anat\sub-011_ses-headDown_T2w_seg-manual.nii.gz","697","8","",48.36734494284078,0.0,4.458798905606834,0.0,17.166548903845456,0.0,6.4580787821718335,0.0,6.805628406251984,0.0,9.224210852099786,0.0,3.360335129380333,0.0,3.0977436527915,0.0,0.6749342840446405,0.0,4.311402751354394,0.0,0.9615960815409788,0.0,""
"2026-09-25 17:22:15","git-master-bddc7a050319718b5e4e0856afec0bc9ea96418f","C:\Users\marco\Desktop\ds004507\derivatives\labels\sub-011\ses-headDown\anat\sub-011_ses-headDown_T2w_seg-manual.nii.gz","698","8","",47.97363139290622,0.0,4.42324933497545,0.0,17.132747903684805,0.0,6.443176181710993,0.0,6.7525930110009345,0.0,9.220658896902032,0.0,3.327704694566695,0.0,3.1154714871442986,0.0,0.6809448728711925,0.0,5.210058309959714,0.0,0.9564595421242245,0.0,""
"2026-09-25 17:22:15","git-master-bddc7a050319718b5e4e0856afec0bc9ea96418f","C:\Users\marco\Desktop\ds004507\derivatives\labels\sub-011\ses-headDown\anat\sub-011_ses-headDown_T2w_seg-manual.nii.gz","699","8","",47.14702464935897,0.0,4.386086080600934,0.0,17.100596892843516,0.0,6.415754647492745,0.0,6.684525311246011,0.0,9.139361786149403,0.0,3.274136494680759,0.0,3.141618152811987,0.0,0.6818563804045401,0.0,3.6350311358672904,0.0,0.9459073028277739,0.0,""
"2026-09-25 17:22:15","git-master-bddc7a050319718b5e4e0856afec0bc9ea96418f","C:\Users\marco\Desktop\ds004507\derivatives\labels\sub-011\ses-headDown\anat\sub-011_ses-headDown_T2w_seg-manual.nii.gz","700","8","",45.01408726261702,0.0,4.346602566168469,0.0,17.070820041868604,0.0,6.137112039635422,0.0,6.569326206543741,0.0,8.88125825798283,0.0,3.2429061306051556,0.0,2.8942059090302665,0.0,0.6728445012411,0.0,0.8104202011360169,0.0,0.9458236504174582,0.0,""
"2026-09-25 17:22:15","git-master-bddc7a050319718b5e4e0856afec0bc9ea96418f","C:\Users\marco\Desktop\ds004507\derivatives\labels\sub-011\ses-headDown\anat\sub-011_ses-headDown_T2w_seg-manual.nii.gz","701","8","",46.87004203600785,0.0,4.304898718930827,0.0,17.04331731398122,0.0,6.241209811110534,0.0,6.705557022268403,0.0,9.05454724967192,0.0,3.3055768902803866,0.0,2.9356329208301477,0.0,0.6719433204392106,0.0,-1.6954332083173882,0.0,0.9495897123315208,0.0,""
"2026-09-25 17:22:15","git-master-bddc7a050319718b5e4e0856afec0bc9ea96418f","C:\Users\marco\Desktop\ds004507\derivatives\labels\sub-011\ses-headDown\anat\sub-011_ses-headDown_T2w_seg-manual.nii.gz","702","8","",48.796816688216175,0.0,4.261579675137841,0.0,17.01746966278492,0.0,6.4361323693011725,0.0,6.866333445440841,0.0,9.208947553402728,0.0,3.378605329745384,0.0,3.0575270395557883,0.0,0.6659645398851909,0.0,-3.1804156365211176,0.0,0.9499479788925391,0.0,""
"2026-09-25 17:22:15","git-master-bddc7a050319718b5e4e0856afec0bc9ea96418f","C:\Users\marco\Desktop\ds004507\derivatives\labels\sub-011\ses-headDown\anat\sub-011_ses-headDown_T2w_seg-manual.nii.gz","703","8","",48.06054004881392,0.0,4.216241237952803,0.0,16.99369199397156,0.0,6.562263276220551,0.0,6.9038769313266695,0.0,9.01634798096467,0.0,3.4082561014446284,0.0,3.1540071747759226,0.0,0.6429673671010984,0.0,-2.622179992952339,0.0,0.9400113466618788,0.0,""
"2026-09-25 17:22:15","git-master-bddc7a050319718b5e4e0856afec0bc9ea96418f","C:\Users\marco\Desktop\ds004507\derivatives\labels\sub-011\ses-headDown\anat\sub-011_ses-headDown_T2w_seg-manual.nii.gz","704","8","",47.96586424219683,0.0,4.168377376057861,0.0,16.972504678125976,0.0,6.582323773830894,0.0,6.834029079334128,0.0,9.083606608312301,0.0,3.4848681776065855,0.0,3.097455596224308,0.0,0.65832646233621,0.0,-2.7639212582784953,0.0,0.9492637320996974,0.0,""
"2026-09-25 17:22:15","git-master-bddc7a050319718b5e4e0856afec0bc9ea96418f","C:\Users\marco\Desktop\ds004507\derivatives\labels\sub-011\ses-headDown\anat\sub-011_ses-headDown_T2w_seg-manual.nii.gz","705","8","",48.18152375929813,0.0,4.119509891264397,0.0,16.950973123322672,0.0,6.528628516215212,0.0,6.782340656578008,0.0,9.189453537621217,0.0,3.462834704705822,0.0,3.0657938115093897,0.0,0.6746480728610903,0.0,-2.397443355627508,0.0,0.9598750941313922,0.0,""
"2026-09-25 17:22:15","git-master-bddc7a050319718b5e4e0856afec0bc9ea96418f","C:\Users\marco\Desktop\ds004507\derivatives\labels\sub-011\ses-headDown\anat\sub-011_ses-headDown_T2w_seg-manual.nii.gz","706","8","",48.691395462902506,0.0,4.069793036965606,0.0,16.9283667499899,0.0,6.394488564806043,0.0,6.780720128492587,0.0,9.291066036090529,0.0,3.29040880828799,0.0,3.1040797565180527,0.0,0.683639159295457,0.0,-1.1523268656593804,0.0,0.9680621623328893,0.0,""
"2026-09-25 17:22:15","git-master-bddc7a050319718b5e4e0856afec0bc9ea96418f","C:\Users\marco\Desktop\ds004507\derivatives\labels\sub-011\ses-headDown\anat\sub-011_ses-headDown_T2w_seg-manual.nii.gz","707","8","",47.5482405431868,0.0,4.020107755779641,0.0,16.8993118607121,0.0,6.366063347540682,0.0,6.665461619380071,0.0,9.181387697975598,0.0,3.2320598514513397,0.0,3.1340034960893424,0.0,0.6877340793814926,0.0,-0.15809446750234768,0.0,0.9707462881561456,0.0,""
"2026-09-25 17:22:15","git-master-bddc7a050319718b5e4e0856afec0bc9ea96418f","C:\Users\marco\Desktop\ds004507\derivatives\labels\sub-011\ses-headDown\anat\sub-011_ses-headDown_T2w_seg-manual.nii.gz","708","8","",46.97388622157261,0.0,3.970440607654231,0.0,16.866567460883118,0.0,6.287601283715035,0.0,6.599388914162745,0.0,9.171314245306146,0.0,3.1434323416912764,0.0,3.144168942023758,0.0,0.6943228796317608,0.0,-0.7670939388398856,0.0,0.9662129247020516,0.0,""
"2026-09-25 17:22:15","git-master-bddc7a050319718b5e4e0856afec0bc9ea96418f","C:\Users\marco\Desktop\ds004507\derivatives\labels\sub-011\ses-headDown\anat\sub-011_ses-headDown_T2w_seg-manual.nii.gz","709","8","",47.002033907991745,0.0,3.920791610802325,0.0,16.83013248311695,0.0,6.170566245077282,0.0,6.586215190583557,0.0,9.254216103529687,0.0,3.0416256925832537,0.0,3.1289405524940284,0.0,0.7024817250403976,0.0,-2.758030923372714,0.0,0.9560554546652886,0.0,""
"2026-09-25 17:22:15","git-master-bddc7a050319718b5e4e0856afec0bc9ea96418f","C:\Users\marco\Desktop\ds004507\derivatives\labels\sub-011\ses-headDown\anat\sub-011_ses-headDown_T2w_seg-manual.nii.gz","710","8","",47.25320918628751,0.0,3.8711733874804994,0.0,16.78746070396834,0.0,6.2108319435004224,0.0,6.616299498577656,0.0,9.242182225732684,0.0,3.194745051924302,0.0,3.0160868915761205,0.0,0.6982100151609338,0.0,-3.317300621725401,0.0,0.9584365865868997,0.0,""
"2026-09-25 17:22:15","git-master-bddc7a050319718b5e4e0856afec0bc9ea96418f","C:\Users\marco\Desktop\ds004507\derivatives\labels\sub-011\ses-headDown\anat\sub-011_ses-headDown_T2w_seg-manual.nii.gz","711","8","",47.33767030077615,0.0,3.8215757886005743,0.0,16.74062300462332,0.0,6.288799287281298,0.0,6.648132833306036,0.0,9.18647693041174,0.0,3.25576833650551,0.0,3.033030950775788,0.0,0.6899998486435872,0.0,-3.5085221137631706,0.0,0.9638552310080377,0.0,""
"2026-09-25 17:22:15","git-master-bddc7a050319718b5e4e0856afec0bc9ea96418f","C:\Users\marco\Desktop\ds004507\derivatives\labels\sub-011\ses-headDown\anat\sub-011_ses-headDown_T2w_seg-manual.nii.gz","712","8","",47.3522269917976,0.0,3.7719965526582655,0.0,16.690079690515425,0.0,6.333772627417023,0.0,6.634902417081414,0.0,9.185240644127525,0.0,3.2531360184968565,0.0,3.080636608920166,0.0,0.6901292990546037,0.0,-2.6183633901133336,0.0,0.966322937144629,0.0,""
"2026-09-25 17:22:15","git-master-bddc7a050319718b5e4e0856afec0bc9ea96418f","C:\Users\marco\Desktop\ds004507\derivatives\labels\sub-011\ses-headDown\anat\sub-011_ses-headDown_T2w_seg-manual.nii.gz","713","8","",47.520270664010795,0.0,3.7224449604536063,0.0,16.63396945812185,0.0,6.10978325700666,0.0,6.40023551786183,0.0,9.573558425956511,0.0,3.2151052940190628,0.0,2.8946779629875965,0.0,0.7418417168595545,0.0,2.3828122969799184,0.0,0.9457161028501166,0.0,""
"2026-09-25 17:22:15","git-master-bddc7a050319718b5e4e0856afec0bc9ea96418f","C:\Users\marco\Desktop\ds004507\derivatives\labels\sub-011\ses-headDown\anat\sub-011_ses-headDown_T2w_seg-manual.nii.gz","714","8","",47.72645276327366,0.0,3.672917682479663,0.0,16.5729759633387,0.0,6.211416430718882,0.0,6.495620086712497,0.0,9.449367305176821,0.0,3.2951467224119657,0.0,2.916269708306916,0.0,0.7239828499889447,0.0,3.1616622654449933,0.0,0.9556543523908633,0.0,""
"2026-09-25 17:22:15","git-master-bddc7a050319718b5e4e0856afec0bc9ea96418f","C:\Users\marco\Desktop\ds004507\derivatives\labels\sub-011\ses-headDown\anat\sub-011_ses-headDown_T2w_seg-manual.nii.gz","715","8","",47.887732793037074,0.0,3.623408977442344,0.0,16.508256715074758,0.0,6.396962705565739,0.0,6.664815951421017,0.0,9.18297397480372,0.0,3.3773551120770127,0.0,3.019607593488727,0.0,0.6877654044229673,0.0,2.1948347282004117,0.0,0.9688664732616377,0.0,""
"2026-09-25 17:22:15","git-master-bddc7a050319718b5e4e0856afec0bc9ea96418f","C:\Users\marco\Desktop\ds004507\derivatives\labels\sub-011\ses-headDown\anat\sub-011_ses-headDown_T2w_seg-manual.nii.gz","716","8","",47.893006463314734,0.0,3.5739247121329467,0.0,16.438640626313312,0.0,6.477158326768433,0.0,6.697714999686153,0.0,9.05580874685658,0.0,3.347179622210742,0.0,3.1299787045576903,0.0,0.67292797445721,0.0,0.8679294570961325,0.0,0.9601274225384762,0.0,""
"2026-09-25 17:22:15","git-master-bddc7a050319718b5e4e0856afec0bc9ea96418f","C:\Users\marco\Desktop\ds004507\derivatives\labels\sub-011\ses-headDown\anat\sub-011_ses-headDown_T2w_seg-manual.nii.gz","717","8","",48.11156872838544,0.0,3.5244685208353275,0.0,16.363411100029886,0.0,6.563822940462638,0.0,6.71213979680807,0.0,9.050699721040617,0.0,3.3718229668656843,0.0,3.191999973596953,0.0,0.6708242847320667,0.0,-3.639571960509194,0.0,0.958758966381471,0.0,""
"2026-09-25 17:22:15","git-master-bddc7a050319718b5e4e0856afec0bc9ea96418f","C:\Users\marco\Desktop\ds004507\derivatives\labels\sub-011\ses-headDown\anat\sub-011_ses-headDown_T2w_seg-manual.nii.gz","718","8","",48.375208313292994,0.0,3.4750311107943275,0.0,16.284430784393468,0.0,6.621394228904797,0.0,6.73750909006028,0.0,9.054577432263278,0.0,3.4201982800750903,0.0,3.201195948829706,0.0,0.6680226579060056,0.0,-6.41465687434772,0.0,0.9617678957358115,0.0,""
"2026-09-25 17:22:15","git-master-bddc7a050319718b5e4e0856afec0bc9ea96418f","C:\Users\marco\Desktop\ds004507\derivatives\labels\sub-011\ses-headDown\anat\sub-011_ses-headDown_T2w_seg-manual.nii.gz","719","8","",48.639898764254106,0.0,3.4256148630328704,0.0,16.20122648533465,0.0,6.629152919494232,0.0,6.787085598960888,0.0,9.031550644277152,0.0,3.4887194846050242,0.0,3.140433434889208,0.0,0.6597379043782332,0.0,-5.270584277533414,0.0,0.9694271168702553,0.0,""
"2026-09-25 17:22:15","git-master-bddc7a050319718b5e4e0856afec0bc9ea96418f","C:\Users\marco\Desktop\ds004507\derivatives\labels\sub-011\ses-headDown\anat\sub-011_ses-headDown_T2w_seg-manual.nii.gz","720","8","",49.11614683614863,0.0,3.376230518244736,0.0,16.111663723120785,0.0,6.697684338672041,0.0,6.812104906016626,0.0,9.075261610882508,0.0,3.4656826933772438,0.0,3.2320016452947966,0.0,0.6607240153336252,0.0,-6.6785162161235485,0.0,0.959193097923405,0.0,""
"2026-09-25 17:22:15","git-master-bddc7a050319718b5e4e0856afec0bc9ea96418f","C:\Users\marco\Desktop\ds004507\derivatives\labels\sub-011\ses-headDown\anat\sub-011_ses-headDown_T2w_seg-manual.nii.gz","721","8","",48.8044444392913,0.0,3.3268651613406783,0.0,16.018320504863144,0.0,6.748244453081986,0.0,6.788504426325042,0.0,9.058647716298657,0.0,3.419609413845,0.0,3.328635039236986,0.0,0.6621275001570122,0.0,-6.0342430349938345,0.0,0.9545498600710776,0.0,""
"2026-09-25 17:22:15","git-master-bddc7a050319718b5e4e0856afec0bc9ea96418f","C:\Users\marco\Desktop\ds004507\derivatives\labels\sub-011\ses-headDown\anat\sub-011_ses-headDown_T2w_seg-manual.nii.gz","722","8","",47.67364847403494,0.0,3.2775188099593273,0.0,15.921194100533945,0.0,6.7707382047375715,0.0,6.717274324353263,0.0,8.976457756519837,0.0,3.3574826419611394,0.0,3.413255562776432,0.0,0.6633346929646942,0.0,-3.134036557732212,0.0,0.9573920498922196,0.0,""
"2026-09-25 17:22:15","git-master-bddc7a050319718b5e4e0856afec0bc9ea96418f","C:\Users\marco\Desktop\ds004507\derivatives\labels\sub-011\ses-headDown\anat\sub-011_ses-headDown_T2w_seg-manual.nii.gz","723","8","",47.716874702679945,0.0,3.2282058721877007,0.0,15.81742224939222,0.0,6.681563450281173,0.0,6.71643684130042,0.0,9.016189928272594,0.0,3.3334905205710106,0.0,3.3480729297101632,0.0,0.6671264143664976,0.0,-4.304972570160334,0.0,0.9623400259986122,0.0,""
"2026-09-25 17:22:15","git-master-bddc7a050319718b5e4e0856afec0bc9ea96418f","C:\Users\marco\Desktop\ds004507\derivatives\labels\sub-011\ses-headDown\anat\sub-011_ses-headDown_T2w_seg-manual.nii.gz","724","8","",48.083333745174095,0.0,3.1789133205651403,0.0,15.709598641154953,0.0,6.702865458280091,0.0,6.851675792253235,0.0,8.959907871575393,0.0,3.3991132695147126,0.0,3.303752188765379,0.0,0.6427867886697092,0.0,-5.358607364527425,0.0,0.9632496342676966,0.0,""
"2026-09-25 17:22:15","git-master-bddc7a050319718b5e4e0856afec0bc9ea96418f","C:\Users\marco\Desktop\ds004507\derivatives\labels\sub-011\ses-headDown\anat\sub-011_ses-headDown_T2w_seg-manual.nii.gz","725","8","",48.57596840137972,0.0,3.129639979184093,0.0,15.597957404750868,0.0,6.778416187681113,0.0,7.03725388582003,0.0,8.87158076370388,0.0,3.503741881839052,0.0,3.274674305842061,0.0,0.6086328503375643,0.0,-6.0307697399952565,0.0,0.9611663835839422,0.0,""
"2026-09-25 17:22:15","git-master-bddc7a050319718b5e4e0856afec0bc9ea96418f","C:\Users\marco\Desktop\ds004507\derivatives\labels\sub-011\ses-headDown\anat\sub-011_ses-headDown_T2w_seg-manual.nii.gz","726","8","",48.43117352335928,0.0,3.0803967629195643,0.0,15.480331391255094,0.0,6.705623944424766,0.0,6.93711441187573,0.0,9.006564270330962,0.0,3.4567974182313566,0.0,3.2488265261934095,0.0,0.6372483422929346,0.0,-4.836234871141373,0.0,0.958194093138952,0.0,""
"2026-09-25 17:22:15","git-master-bddc7a050319718b5e4e0856afec0bc9ea96418f","C:\Users\marco\Desktop\ds004507\derivatives\labels\sub-011\ses-headDown\anat\sub-011_ses-headDown_T2w_seg-manual.nii.gz","727","8","",47.914320463532775,0.0,3.031177762682899,0.0,15.357895541447334,0.0,6.65683378905715,0.0,6.833113369253446,0.0,9.042354019095349,0.0,3.3829665528376696,0.0,3.2738672362194805,0.0,0.6548374820446075,0.0,-3.5861551738041864,0.0,0.949203248766608,0.0,""
"2026-09-25 17:22:15","git-master-bddc7a050319718b5e4e0856afec0bc9ea96418f","C:\Users\marco\Desktop\ds004507\derivatives\labels\sub-011\ses-headDown\anat\sub-011_ses-headDown_T2w_seg-manual.nii.gz","728","8","",47.33556619813142,0.0,2.9819781756863026,0.0,15.231603801133522,0.0,6.6197576592728025,0.0,6.749864518498679,0.0,9.030668195795895,0.0,3.322274465241094,0.0,3.2974831940317078,0.0,0.6643312933805681,0.0,-2.5033099810596338,0.0,0.9424519154333247,0.0,""
"2026-09-25 17:22:15","git-master-bddc7a050319718b5e4e0856afec0bc9ea96418f","C:\Users\marco\Desktop\ds004507\derivatives\labels\sub-011\ses-headDown\anat\sub-011_ses-headDown_T2w_seg-manual.nii.gz","729","8","",47.08846185804907,0.0,2.932805353347659,0.0,15.099996030584785,0.0,6.585551228450374,0.0,6.737298203600685,0.0,9.010061746415913,0.0,3.3409007332470564,0.0,3.2446504952033175,0.0,0.6639770563838046,0.0,-2.0246152030326123,0.0,0.9512510002057761,0.0,""
"2026-09-25 17:22:15","git-master-bddc7a050319718b5e4e0856afec0bc9ea96418f","C:\Users\marco\Desktop\ds004507\derivatives\labels\sub-011\ses-headDown\anat\sub-011_ses-headDown_T2w_seg-manual.nii.gz","730","8","",47.178729295888445,0.0,2.8836606445183315,0.0,14.962803273973636,0.0,6.499475073285007,0.0,6.693679628962778,0.0,9.051427266830673,0.0,3.3218260742653136,0.0,3.177648999019693,0.0,0.6730078213889168,0.0,-1.9868121139159216,0.0,0.9639212800043628,0.0,""
"2026-09-25 17:22:15","git-master-bddc7a050319718b5e4e0856afec0bc9ea96418f","C:\Users\marco\Desktop\ds004507\derivatives\labels\sub-011\ses-headDown\anat\sub-011_ses-headDown_T2w_seg-manual.nii.gz","731","8","",47.558031716353035,0.0,2.8345355501950773,0.0,14.823293718675146,0.0,6.436989409888601,0.0,6.623002817701123,0.0,9.144588947281795,0.0,3.3000601637911653,0.0,3.136929246097436,0.0,0.6890359477818899,0.0,-2.3343503266166654,0.0,0.9740427526864621,0.0,""
"2026-09-25 17:22:15","git-master-bddc7a050319718b5e4e0856afec0bc9ea96418f","C:\Users\marco\Desktop\ds004507\derivatives\labels\sub-011\ses-headDown\anat\sub-011_ses-headDown_T2w_seg-manual.nii.gz","732","8","",48.319281548661735,0.0,2.785433788911353,0.0,14.68215045635381,0.0,6.445035022484071,0.0,6.516306476899347,0.0,9.30544679025157,0.0,3.2918674219014408,0.0,3.1531676005826306,0.0,0.7137073641673908,0.0,-3.1955080887019385,0.0,0.9774027256168898,0.0,""
"2026-09-25 17:22:15","git-master-bddc7a050319718b5e4e0856afec0bc9ea96418f","C:\Users\marco\Desktop\ds004507\derivatives\labels\sub-011\ses-headDown\anat\sub-011_ses-headDown_T2w_seg-manual.nii.gz","733","8","",48.86366318708108,0.0,2.7363641053863312,0.0,14.542880098068393,0.0,6.344598170104724,0.0,6.482717689349839,0.0,9.440037566032268,0.0,3.2216557268901487,0.0,3.122942443214575,0.0,0.7267385049619759,0.0,-5.064773128720536,0.0,0.9788954568462339,0.0,""
"2026-09-25 17:22:15","git-master-bddc7a050319718b5e4e0856afec0bc9ea96418f","C:\Users\marco\Desktop\ds004507\derivatives\labels\sub-011\ses-headDown\anat\sub-011_ses-headDown_T2w_seg-manual.nii.gz","734","8","",49.158127866844296,0.0,2.6873142358889224,0.0,14.404769300093804,0.0,6.289023241557213,0.0,6.488319580928178,0.0,9.523461447420031,0.0,3.1792738253791413,0.0,3.1097494161780714,0.0,0.7320041609913761,0.0,-4.981767396870946,0.0,0.970395774184822,0.0,""
"2026-09-25 17:22:15","git-master-bddc7a050319718b5e4e0856afec0bc9ea96418f","C:\Users\marco\Desktop\ds004507\derivatives\labels\sub-011\ses-headDown\anat\sub-011_ses-headDown_T2w_seg-manual.nii.gz","735","8","",49.1758002936659,0.0,2.638284197465684,0.0,14.26781967873336,0.0,6.304068782337616,0.0,6.531774016770055,0.0,9.547640923948668,0.0,3.1799514027023172,0.0,3.1241173796352992,0.0,0.7293653541984304,0.0,-2.3528037051457407,0.0,0.9498629063846455,0.0,""
"2026-09-25 17:22:15","git-master-bddc7a050319718b5e4e0856afec0bc9ea96418f","C:\Users\marco\Desktop\ds004507\derivatives\labels\sub-011\ses-headDown\anat\sub-011_ses-headDown_T2w_seg-manual.nii.gz","736","7","",48.54401649378371,0.0,2.567327470551363,0.0,14.072548901727131,0.0,6.418365760219624,0.0,6.5824628906754405,0.0,9.363827464862934,0.0,3.2970437149815894,0.0,3.121322045238034,0.0,0.7112223410163743,0.0,-0.1569327490238579,0.0,0.9708914493632504,0.0,""
"2026-09-25 17:22:15","git-master-bddc7a050319718b5e4e0856afec0bc9ea96418f","C:\Users\marco\Desktop\ds004507\derivatives\labels\sub-011\ses-headDown\anat\sub-011_ses-headDown_T2w_seg-manual.nii.gz","737","7","",48.561569792,0.0,2.511463558585032,0.0,13.92113481944004,0.0,6.527911696631201,0.0,6.707315311852294,0.0,9.285201670151725,0.0,3.309398468846683,0.0,3.2185132277845185,0.0,0.6913136927853215,0.0,-0.13233039260593132,0.0,0.9477578125009729,0.0,""
"2026-09-25 17:22:15","git-master-bddc7a050319718b5e4e0856afec0bc9ea96418f","C:\Users\marco\Desktop\ds004507\derivatives\labels\sub-011\ses-headDown\anat\sub-011_ses-headDown_T2w_seg-manual.nii.gz","738","7","",49.09997408759129,0.0,2.455630027438453,0.0,13.771512512214198,0.0,6.511062626274917,0.0,6.74808102649964,0.0,9.394430339435786,0.0,3.370663464736586,0.0,3.1403991615383307,0.0,0.6955352094609643,0.0,0.3182756917697077,0.0,0.9475527155081109,0.0,""
"2026-09-25 17:22:15","git-master-bddc7a050319718b5e4e0856afec0bc9ea96418f","C:\Users\marco\Desktop\ds004507\derivatives\labels\sub-011\ses-headDown\anat\sub-011_ses-headDown_T2w_seg-manual.nii.gz","739","7","",49.134009314275104,0.0,2.3998269624753705,0.0,13.623689263440681,0.0,6.48808282431953,0.0,6.718798593886477,0.0,9.430755536545492,0.0,3.4161787616011874,0.0,3.0719040627183434,0.0,0.7017268204376074,0.0,1.9920191536253689,0.0,0.9587513986768895,0.0,""
"2026-09-25 17:22:15","git-master-bddc7a050319718b5e4e0856afec0bc9ea96418f","C:\Users\marco\Desktop\ds004507\derivatives\labels\sub-011\ses-headDown\anat\sub-011_ses-headDown_T2w_seg-manual.nii.gz","740","7","",48.92868747570692,0.0,2.3440544489106934,0.0,13.477672261574485,0.0,6.508154451762842,0.0,6.686685118388326,0.0,9.381903009446978,0.0,3.4302283881416327,0.0,3.077926063621209,0.0,0.7013959576747619,0.0,3.08164571953162,0.0,0.9708039673994857,0.0,""
"2026-09-25 17:22:15","git-master-bddc7a050319718b5e4e0856afec0bc9ea96418f","C:\Users\marco\Desktop\ds004507\derivatives\labels\sub-011\ses-headDown\anat\sub-011_ses-headDown_T2w_seg-manual.nii.gz","741","7","",51.12974751704088,0.0,2.2883158122947944,0.0,13.333660735807936,0.0,6.510906418456404,0.0,6.8341185509832965,0.0,9.671657797224999,0.0,3.477591582515706,0.0,3.033314835940698,0.0,0.7075785408311447,0.0,-3.50634299199388,0.0,0.9719563809466532,0.0,""
"2026-09-25 17:22:15","git-master-bddc7a050319718b5e4e0856afec0bc9ea96418f","C:\Users\marco\Desktop\ds004507\derivatives\labels\sub-011\ses-headDown\anat\sub-011_ses-headDown_T2w_seg-manual.nii.gz","742","7","",49.94829759383444,0.0,2.2326160614885064,0.0,13.191954845311322,0.0,6.523420117183302,0.0,6.681922716686882,0.0,9.605666052862544,0.0,3.37798451447405,0.0,3.1454356027092514,0.0,0.7183852213827762,0.0,-4.719446427857576,0.0,0.9515851608146084,0.0,""
"2026-09-25 17:22:15","git-master-bddc7a050319718b5e4e0856afec0bc9ea96418f","C:\Users\marco\Desktop\ds004507\derivatives\labels\sub-011\ses-headDown\anat\sub-011_ses-headDown_T2w_seg-manual.nii.gz","743","7","",50.008302014958176,0.0,2.1769472146912277,0.0,13.052083614605298,0.0,6.691208634076623,0.0,6.693660178156927,0.0,9.522417394465384,0.0,3.401271674569711,0.0,3.2899369595069117,0.0,0.7110272904503291,0.0,-5.202258823774265,0.0,0.9512756737605008,0.0,""
"2026-09-25 17:22:15","git-master-bddc7a050319718b5e4e0856afec0bc9ea96418f","C:\Users\marco\Desktop\ds004507\derivatives\labels\sub-011\ses-headDown\anat\sub-011_ses-headDown_T2w_seg-manual.nii.gz","744","7","",50.874976417790776,0.0,2.1213093558921146,0.0,12.914053473766867,0.0,6.845894257993521,0.0,6.7815636734407425,0.0,9.508253255651697,0.0,3.446929297634555,0.0,3.398964960358966,0.0,0.7009264300489583,0.0,-6.032360326181001,0.0,0.9577917066156408,0.0,""
"2026-09-25 17:22:15","git-master-bddc7a050319718b5e4e0856afec0bc9ea96418f","C:\Users\marco\Desktop\ds004507\derivatives\labels\sub-011\ses-headDown\anat\sub-011_ses-headDown_T2w_seg-manual.nii.gz","745","7","",51.42238683124656,0.0,2.065702568930059,0.0,12.77787076350967,0.0,6.8160189837996645,0.0,6.788609572818609,0.0,9.588800039647639,0.0,3.406409994702163,0.0,3.409608989097502,0.0,0.7059843212117506,0.0,-7.137966933203418,0.0,0.9584044374068964,0.0,""
"2026-09-25 17:22:15","git-master-bddc7a050319718b5e4e0856afec0bc9ea96418f","C:\Users\marco\Desktop\ds004507\derivatives\labels\sub-011\ses-headDown\anat\sub-011_ses-headDown_T2w_seg-manual.nii.gz","746","7","",49.5196402537232,0.0,2.0101335301263474,0.0,12.643934392963992,0.0,6.534995761710603,0.0,6.4681983069206375,0.0,9.628480347681402,0.0,3.3084163369327797,0.0,3.2265794247778246,0.0,0.7404403324865211,0.0,-4.261865149292088,0.0,0.9719634804090306,0.0,""
"2026-09-25 17:22:15","git-master-bddc7a050319718b5e4e0856afec0bc9ea96418f","C:\Users\marco\Desktop\ds004507\derivatives\labels\sub-011\ses-headDown\anat\sub-011_ses-headDown_T2w_seg-manual.nii.gz","747","7","",51.359780074328924,0.0,1.954600750801448,0.0,12.5121576438651,0.0,6.727197521850391,0.0,6.687562492080262,0.0,9.662093966944068,0.0,3.4204286386262046,0.0,3.3067688832241857,0.0,0.7213566263796288,0.0,-6.043949536537058,0.0,0.9742332221238479,0.0,""
"2026-09-25 17:22:15","git-master-bddc7a050319718b5e4e0856afec0bc9ea96418f","C:\Users\marco\Desktop\ds004507\derivatives\labels\sub-011\ses-headDown\anat\sub-011_ses-headDown_T2w_seg-manual.nii.gz","748","7","",52.442994369381886,0.0,1.899099390035249,0.0,12.382253231101645,0.0,6.846622358206003,0.0,6.797769041606613,0.0,9.763257914478364,0.0,3.4675129105841873,0.0,3.379109447621815,0.0,0.7175765008804129,0.0,-5.480144300691778,0.0,0.9670177918191124,0.0,""
"2026-09-25 17:22:15","git-master-bddc7a050319718b5e4e0856afec0bc9ea96418f","C:\Users\marco\Desktop\ds004507\derivatives\labels\sub-011\ses-headDown\anat\sub-011_ses-headDown_T2w_seg-manual.nii.gz","749","7","",52.47170387546895,0.0,1.8436295304287147,0.0,12.254226787651605,0.0,6.7681696365094375,0.0,6.743326029562652,0.0,9.914474630637653,0.0,3.3933086049355747,0.0,3.3748610315738627,0.0,0.7328694797263084,0.0,-3.937050911637583,0.0,0.9544088750168481,0.0,""
"2026-09-25 17:22:15","git-master-bddc7a050319718b5e4e0856afec0bc9ea96418f","C:\Users\marco\Desktop\ds004507\derivatives\labels\sub-011\ses-headDown\anat\sub-011_ses-headDown_T2w_seg-manual.nii.gz","750","7","",52.57481331642998,0.0,1.7881912544312044,0.0,12.128083863082182,0.0,6.51999628599306,0.0,6.6696511576378965,0.0,10.066527041733004,0.0,3.228661422153509,0.0,3.291334863839552,0.0,0.749013053107756,0.0,-5.387076546027542,0.0,0.9431408254675765,0.0,""
"2026-09-25 17:22:15","git-master-bddc7a050319718b5e4e0856afec0bc9ea96418f","C:\Users\marco\Desktop\ds004507\derivatives\labels\sub-011\ses-headDown\anat\sub-011_ses-headDown_T2w_seg-manual.nii.gz","751","7","",54.558989593552575,0.0,1.7327946978834565,0.0,12.004429849634468,0.0,6.608184382602671,0.0,6.825649274218923,0.0,10.255954798062099,0.0,3.3720988788479613,0.0,3.236085503754709,0.0,0.746379950894606,0.0,-5.045693148378269,0.0,0.9621844865774454,0.0,""
"2026-09-25 17:22:15","git-master-bddc7a050319718b5e4e0856afec0bc9ea96418f","C:\Users\marco\Desktop\ds004507\derivatives\labels\sub-011\ses-headDown\anat\sub-011_ses-headDown_T2w_seg-manual.nii.gz","752","7","",55.31543195723055,0.0,1.6774316531452138,0.0,11.882775592116328,0.0,6.656206504892899,0.0,6.895006464227917,0.0,10.334266968274134,0.0,3.388885644098079,0.0,3.26732086079482,0.0,0.7448812087566106,0.0,-5.54751149383276,0.0,0.9530618472819846,0.0,""
"2026-09-25 17:22:15","git-master-bddc7a050319718b5e4e0856afec0bc9ea96418f","C:\Users\marco\Desktop\ds004507\derivatives\labels\sub-011\ses-headDown\anat\sub-011_ses-headDown_T2w_seg-manual.nii.gz","753","7","",55.68414267135034,0.0,1.6226589281989807,0.0,11.762593957500671,0.0,6.750060307855443,0.0,6.915849554262137,0.0,10.377704433291036,0.0,3.390000265310041,0.0,3.3600600425454017,0.0,0.7455740147335189,0.0,-7.100804704149623,0.0,0.9486255088115977,0.0,""
"2026-09-25 17:22:15","git-master-bddc7a050319718b5e4e0856afec0bc9ea96418f","C:\Users\marco\Desktop\ds004507\derivatives\labels\sub-011\ses-headDown\anat\sub-011_ses-headDown_T2w_seg-manual.nii.gz","754","7","",56.4095977758415,0.0,1.5689921122308708,0.0,11.6434897147867,0.0,6.871282436114132,0.0,6.953553936468525,0.0,10.436504227151062,0.0,3.4149966654029162,0.0,3.4562857707112156,0.0,0.745706836069933,0.0,-8.961954459261078,0.0,0.9567375467757054,0.0,""
"2026-09-25 17:22:15","git-master-bddc7a050319718b5e4e0856afec0bc9ea96418f","C:\Users\marco\Desktop\ds004507\derivatives\labels\sub-011\ses-headDown\anat\sub-011_ses-headDown_T2w_seg-manual.nii.gz","755","7","",58.388905766653224,0.0,1.5170774386926458,0.0,11.525067791332974,0.0,6.890794072132872,0.0,7.122535365926011,0.0,10.551645215021553,0.0,3.4451887837816852,0.0,3.4456052883511865,0.0,0.7378022416301762,0.0,-9.187578223917047,0.0,0.9628902030325537,0.0,""
"2026-09-25 17:22:15","git-master-bddc7a050319718b5e4e0856afec0bc9ea96418f","C:\Users\marco\Desktop\ds004507\derivatives\labels\sub-011\ses-headDown\anat\sub-011_ses-headDown_T2w_seg-manual.nii.gz","756","7","",58.94604084807609,0.0,1.4673534843653022,0.0,11.40750329414775,0.0,6.801161732025125,0.0,7.114010875897182,0.0,10.683150758451644,0.0,3.5761277547788444,0.0,3.225033977246281,0.0,0.7459662906193396,0.0,-9.078256443977464,0.0,0.9435034581317487,0.0,""
"2026-09-25 17:22:15","git-master-bddc7a050319718b5e4e0856afec0bc9ea96418f","C:\Users\marco\Desktop\ds004507\derivatives\labels\sub-011\ses-headDown\anat\sub-011_ses-headDown_T2w_seg-manual.nii.gz","757","7","",59.292190854107965,0.0,1.4192948297001398,0.0,11.29059363739413,0.0,6.751202848884378,0.0,7.028845591264094,0.0,10.847045894140305,0.0,3.5804749088014654,0.0,3.1707279400829127,0.0,0.7613169577447794,0.0,-8.109323014271338,0.0,0.9519439119737975,0.0,""
"2026-09-25 17:22:15","git-master-bddc7a050319718b5e4e0856afec0bc9ea96418f","C:\Users\marco\Desktop\ds004507\derivatives\labels\sub-011\ses-headDown\anat\sub-011_ses-headDown_T2w_seg-manual.nii.gz","758","7","",59.46327263229128,0.0,1.3729016893126058,0.0,11.17434091376047,0.0,6.680528484403783,0.0,6.91911684864803,0.0,10.993741873956267,0.0,3.528570675836537,0.0,3.1519578085672455,0.0,0.7769791731710262,0.0,-7.075547763315068,0.0,0.957100350877193,0.0,""
"2026-09-25 17:22:15","git-master-bddc7a050319718b5e4e0856afec0bc9ea96418f","C:\Users\marco\Desktop\ds004507\derivatives\labels\sub-011\ses-headDown\anat\sub-011_ses-headDown_T2w_seg-manual.nii.gz","759","7","",59.49237326193157,0.0,1.3281742689368274,0.0,11.058747198635876,0.0,6.573824257196653,0.0,6.844261428243139,0.0,11.079071078276478,0.0,3.480066256573032,0.0,3.0937580006236214,0.0,0.7863519769579146,0.0,-6.454816630803219,0.0,0.9465789626640158,0.0,""
"2026-09-25 17:22:15","git-master-bddc7a050319718b5e4e0856afec0bc9ea96418f","C:\Users\marco\Desktop\ds004507\derivatives\labels\sub-011\ses-headDown\anat\sub-011_ses-headDown_T2w_seg-manual.nii.gz","760","7","",59.53992875339801,0.0,1.285375854522645,0.0,10.943919509847609,0.0,6.571119281749311,0.0,6.913633355456028,0.0,11.061660053202575,0.0,3.4367405781430684,0.0,3.134378703606243,0.0,0.7806093124693438,0.0,-5.7714290491693525,0.0,0.9706222199801179,0.0,""
"2026-09-25 17:22:15","git-master-bddc7a050319718b5e4e0856afec0bc9ea96418f","C:\Users\marco\Desktop\ds004507\derivatives\labels\sub-011\ses-headDown\anat\sub-011_ses-headDown_T2w_seg-manual.nii.gz","761","7","",61.28659879996807,0.0,1.2445944584944517,0.0,10.829896512806128,0.0,6.735338828629623,0.0,6.954322012509118,0.0,11.215345163850028,0.0,3.4870826315984598,0.0,3.248256197031164,0.0,0.7845026145506617,0.0,-5.0923333214223,0.0,0.960543284355917,0.0,""
"2026-09-25 17:22:15","git-master-bddc7a050319718b5e4e0856afec0bc9ea96418f","C:\Users\marco\Desktop\ds004507\derivatives\labels\sub-011\ses-headDown\anat\sub-011_ses-headDown_T2w_seg-manual.nii.gz","762","7","",62.75086893956212,0.0,1.2054795009901127,0.0,10.716540882236984,0.0,6.90217683874191,0.0,6.9897277143625,0.0,11.334719231852095,0.0,3.5294412935586807,0.0,3.3727355451832284,0.0,0.7872209330825025,0.0,-4.743989129530808,0.0,0.9643997856000974,0.0,""
"2026-09-25 17:22:15","git-master-bddc7a050319718b5e4e0856afec0bc9ea96418f","C:\Users\marco\Desktop\ds004507\derivatives\labels\sub-011\ses-headDown\anat\sub-011_ses-headDown_T2w_seg-manual.nii.gz","763","7","",63.316232893388054,0.0,1.1680311241200092,0.0,10.603854553649262,0.0,6.982317699309023,0.0,7.031029989318872,0.0,11.350821253419573,0.0,3.567848432024555,0.0,3.4144692672844683,0.0,0.7849853008083423,0.0,-4.705087709149389,0.0,0.975070692585446,0.0,""
"2026-09-25 17:22:15","git-master-bddc7a050319718b5e4e0856afec0bc9ea96418f","C:\Users\marco\Desktop\ds004507\derivatives\labels\sub-011\ses-headDown\anat\sub-011_ses-headDown_T2w_seg-manual.nii.gz","764","7","",62.886798145708,0.0,1.1322494633592919,0.0,10.491839445763262,0.0,6.921613584208254,0.0,7.079743158065974,0.0,11.26034739444375,0.0,3.60433554941796,0.0,3.317278034790294,0.0,0.7775984502709835,0.0,-4.810452405122351,0.0,0.9761629641777327,0.0,""
"2026-09-25 17:22:15","git-master-bddc7a050319718b5e4e0856afec0bc9ea96418f","C:\Users\marco\Desktop\ds004507\derivatives\labels\sub-011\ses-headDown\anat\sub-011_ses-headDown_T2w_seg-manual.nii.gz","765","7","",63.754652308892226,0.0,1.0985733480982927,0.0,10.380675569342083,0.0,6.86455255965994,0.0,7.06189122483206,0.0,11.429567014359247,0.0,3.421170555148229,0.0,3.4433820045117116,0.0,0.7862353414927995,0.0,-4.310690501499868,0.0,0.9683223148147886,0.0,""
"2026-09-25 17:22:15","git-master-bddc7a050319718b5e4e0856afec0bc9ea96418f","C:\Users\marco\Desktop\ds004507\derivatives\labels\sub-011\ses-headDown\anat\sub-011_ses-headDown_T2w_seg-manual.nii.gz","766","7","",64.16803057007822,0.0,1.0667397759529755,0.0,10.27025975028421,0.0,6.823503366467648,0.0,7.022663058590014,0.0,11.601971925778562,0.0,3.437704610256876,0.0,3.3857987562107716,0.0,0.7958814521910295,0.0,-2.9476703545242593,0.0,0.9674669664813752,0.0,""
"2026-09-25 17:22:15","git-master-bddc7a050319718b5e4e0856afec0bc9ea96418f","C:\Users\marco\Desktop\ds004507\derivatives\labels\sub-011\ses-headDown\anat\sub-011_ses-headDown_T2w_seg-manual.nii.gz","767","7","",64.62463786240187,0.0,1.0365733790590845,0.0,10.16052285237413,0.0,6.8474973762205975,0.0,7.066159410841804,0.0,11.67151197603653,0.0,3.4813240040606797,0.0,3.366173372159917,0.0,0.7958522429924247,0.0,-2.5843553426769414,0.0,0.9656034634130183,0.0,""
"2026-09-25 17:22:15","git-master-bddc7a050319718b5e4e0856afec0bc9ea96418f","C:\Users\marco\Desktop\ds004507\derivatives\labels\sub-011\ses-headDown\anat\sub-011_ses-headDown_T2w_seg-manual.nii.gz","768","7","",65.51450670921774,0.0,1.008074247048829,0.0,10.051466659194416,0.0,6.908608684798331,0.0,7.154207818341125,0.0,11.723951399580223,0.0,3.512601866558385,0.0,3.3960068182399463,0.0,0.7921366955279381,0.0,-3.0305373897386856,0.0,0.9632309929957845,0.0,""
"2026-09-25 17:22:15","git-master-bddc7a050319718b5e4e0856afec0bc9ea96418f","C:\Users\marco\Desktop\ds004507\derivatives\labels\sub-011\ses-headDown\anat\sub-011_ses-headDown_T2w_seg-manual.nii.gz","769","7","",67.2280470400124,0.0,0.9812424647412166,0.0,9.943092938105242,0.0,6.928011472131793,0.0,7.158881046265603,0.0,11.971057531932907,0.0,3.5579868819924645,0.0,3.370024590139329,0.0,0.8014843435522451,0.0,-2.8698914419749917,0.0,0.9656919513607412,0.0,""
"2026-09-25 17:22:15","git-master-bddc7a050319718b5e4e0856afec0bc9ea96418f","C:\Users\marco\Desktop\ds004507\derivatives\labels\sub-011\ses-headDown\anat\sub-011_ses-headDown_T2w_seg-manual.nii.gz","770","6","",69.40311133123522,0.0,0.950082868523028,0.0,9.806731777256205,0.0,7.107034132363237,0.0,7.418119224132173,0.0,12.04370987885799,0.0,3.6448407061692993,0.0,3.462193426193938,0.0,0.7877984836233257,0.0,-7.741025941806956,0.0,0.9485464719530503,0.0,""
"2026-09-25 17:22:15","git-master-bddc7a050319718b5e4e0856afec0bc9ea96418f","C:\Users\marco\Desktop\ds004507\derivatives\labels\sub-011\ses-headDown\anat\sub-011_ses-headDown_T2w_seg-manual.nii.gz","771","6","",71.50762095744787,0.0,0.9227616874552601,0.0,9.67607091339309,0.0,7.202294834082625,0.0,7.553464442355467,0.0,12.176528872295645,0.0,3.689151855665184,0.0,3.513142978417442,0.0,0.7843416592636192,0.0,-6.580036159901664,0.0,0.9685412926548452,0.0,""
"2026-09-25 17:22:15","git-master-bddc7a050319718b5e4e0856afec0bc9ea96418f","C:\Users\marco\Desktop\ds004507\derivatives\labels\sub-011\ses-headDown\anat\sub-011_ses-headDown_T2w_seg-manual.nii.gz","772","6","",72.38343395219621,0.0,0.8981438685769203,0.0,9.546529392159599,0.0,7.200014225302054,0.0,7.597816025224631,0.0,12.26540336878388,0.0,3.6202056864552388,0.0,3.579808538846814,0.0,0.7850348696777494,0.0,-4.980831431723344,0.0,0.9624461776350444,0.0,""
"2026-09-25 17:22:15","git-master-bddc7a050319718b5e4e0856afec0bc9ea96418f","C:\Users\marco\Desktop\ds004507\derivatives\labels\sub-011\ses-headDown\anat\sub-011_ses-headDown_T2w_seg-manual.nii.gz","773","6","",74.7128677516049,0.0,0.876229530909648,0.0,9.418111212416742,0.0,7.393816960464725,0.0,7.892060464920318,0.0,12.25792378196666,0.0,3.703897011871794,0.0,3.689919948592931,0.0,0.7650907177646395,0.0,-6.234121517039968,0.0,0.9576344779318695,0.0,""
"2026-09-25 17:22:15","git-master-bddc7a050319718b5e4e0856afec0bc9ea96418f","C:\Users\marco\Desktop\ds004507\derivatives\labels\sub-011\ses-headDown\anat\sub-011_ses-headDown_T2w_seg-manual.nii.gz","774","6","",73.10498215279563,0.0,0.857018776279481,0.0,9.29082028518468,0.0,7.327123770410173,0.0,7.664334334706305,0.0,12.325081325519813,0.0,3.507996242960118,0.0,3.819127527450055,0.0,0.7830209510945492,0.0,-5.379277998442476,0.0,0.9397167826646526,0.0,""
"2026-09-25 17:22:15","git-master-bddc7a050319718b5e4e0856afec0bc9ea96418f","C:\Users\marco\Desktop\ds004507\derivatives\labels\sub-011\ses-headDown\anat\sub-011_ses-headDown_T2w_seg-manual.nii.gz","775","6","",70.96046842551647,0.0,0.8405116907513273,0.0,9.164660434645679,0.0,7.081032197631592,0.0,7.405368379448857,0.0,12.354983653789084,0.0,3.4300560963525513,0.0,3.6509761012790407,0.0,0.8003888836559431,0.0,-4.851432116466334,0.0,0.9442860586644991,0.0,""
"2026-09-25 17:22:15","git-master-bddc7a050319718b5e4e0856afec0bc9ea96418f","C:\Users\marco\Desktop\ds004507\derivatives\labels\sub-011\ses-headDown\anat\sub-011_ses-headDown_T2w_seg-manual.nii.gz","776","6","",71.20807533151316,0.0,0.8267083458861041,0.0,9.039635399161169,0.0,6.8671972885696375,0.0,7.460325687370685,0.0,12.306891827480259,0.0,3.382189162215219,0.0,3.4850081263544177,0.0,0.7952832487313306,0.0,-3.0248074262336844,0.0,0.9530900446122631,0.0,""
"2026-09-25 17:22:15","git-master-bddc7a050319718b5e4e0856afec0bc9ea96418f","C:\Users\marco\Desktop\ds004507\derivatives\labels\sub-011\ses-headDown\anat\sub-011_ses-headDown_T2w_seg-manual.nii.gz","777","6","",73.55798963662835,0.0,0.8156087998204504,0.0,8.91574883230208,0.0,7.185579645859613,0.0,7.616141959751228,0.0,12.399271456456772,0.0,3.6805406373294947,0.0,3.5050390085301184,0.0,0.7891203154548626,0.0,-1.986786767824145,0.0,0.9559953517721493,0.0,""
"2026-09-25 17:22:15","git-master-bddc7a050319718b5e4e0856afec0bc9ea96418f","C:\Users\marco\Desktop\ds004507\derivatives\labels\sub-011\ses-headDown\anat\sub-011_ses-headDown_T2w_seg-manual.nii.gz","778","6","",74.2453492428625,0.0,0.8072130981689501,0.0,8.793004303891669,0.0,7.554836679366185,0.0,7.632177238878697,0.0,12.394805101971798,0.0,3.927699881085214,0.0,3.6271367982809712,0.0,0.7879368793331732,0.0,-1.5640952835141648,0.0,0.9471768055629157,0.0,""
"2026-09-25 17:22:15","git-master-bddc7a050319718b5e4e0856afec0bc9ea96418f","C:\Users\marco\Desktop\ds004507\derivatives\labels\sub-011\ses-headDown\anat\sub-011_ses-headDown_T2w_seg-manual.nii.gz","779","6","",74.01910802206153,0.0,0.8015212747488105,0.0,8.671405301059927,0.0,7.443813730550907,0.0,7.556937195056732,0.0,12.520019966422819,0.0,3.801925599236688,0.0,3.641888131314219,0.0,0.7971908343798014,0.0,-2.0378327836251726,0.0,0.9431683750814321,0.0,""
"2026-09-25 17:22:15","git-master-bddc7a050319718b5e4e0856afec0bc9ea96418f","C:\Users\marco\Desktop\ds004507\derivatives\labels\sub-011\ses-headDown\anat\sub-011_ses-headDown_T2w_seg-manual.nii.gz","780","6","",73.45705714356524,0.0,0.7985333521269479,0.0,8.550955229308812,0.0,7.340140297524128,0.0,7.498915763114604,0.0,12.533172495102347,0.0,3.6254894541260776,0.0,3.71465084339805,0.0,0.8012533891867379,0.0,-3.5805283883814156,0.0,0.952455734213237,0.0,""
"2026-09-25 17:22:15","git-master-bddc7a050319718b5e4e0856afec0bc9ea96418f","C:\Users\marco\Desktop\ds004507\derivatives\labels\sub-011\ses-headDown\anat\sub-011_ses-headDown_T2w_seg-manual.nii.gz","781","6","",74.37816258488704,0.0,0.7982493419894544,0.0,8.43165741358745,0.0,7.338157399127297,0.0,7.493453941055639,0.0,12.648535576544228,0.0,3.6618995108522534,0.0,3.6762578882750434,0.0,0.8055717010287128,0.0,-3.963408535017907,0.0,0.9520857857104419,0.0,""
"2026-09-25 17:22:15","git-master-bddc7a050319718b5e4e0856afec0bc9ea96418f","C:\Users\marco\Desktop\ds004507\derivatives\labels\sub-011\ses-headDown\anat\sub-011_ses-headDown_T2w_seg-manual.nii.gz","782","6","",75.27493768256093,0.0,0.8006692453334223,0.0,8.31351509937655,0.0,7.324480856472013,0.0,7.551165413263109,0.0,12.698172436580052,0.0,3.7090968733476295,0.0,3.6153839831243832,0.0,0.8039469251528023,0.0,-3.26810972463388,0.0,0.9549429320414516,0.0,""
"2026-09-25 17:22:15","git-master-bddc7a050319718b5e4e0856afec0bc9ea96418f","C:\Users\marco\Desktop\ds004507\derivatives\labels\sub-011\ses-headDown\anat\sub-011_ses-headDown_T2w_seg-manual.nii.gz","783","6","",74.84874301884038,0.0,0.8057930524811162,0.0,8.19653145378122,0.0,7.2547299241849466,0.0,7.479753590071036,0.0,12.703276879130911,0.0,3.6715666011638093,0.0,3.5831633230211377,0.0,0.8081982045650888,0.0,-3.714278603297742,0.0,0.9647450597549049,0.0,""
"2026-09-25 17:22:15","git-master-bddc7a050319718b5e4e0856afec0bc9ea96418f","C:\Users\marco\Desktop\ds004507\derivatives\labels\sub-011\ses-headDown\anat\sub-011_ses-headDown_T2w_seg-manual.nii.gz","784","6","",74.03424680303308,0.0,0.8136207429164948,0.0,8.080709566631421,0.0,7.212026818258212,0.0,7.360217548250023,0.0,12.723392346934535,0.0,3.603470522187995,0.0,3.608556296070217,0.0,0.815689623589543,0.0,-4.411021457505901,0.0,0.9730573714849063,0.0,""
"2026-09-25 17:22:15","git-master-bddc7a050319718b5e4e0856afec0bc9ea96418f","C:\Users\marco\Desktop\ds004507\derivatives\labels\sub-011\ses-headDown\anat\sub-011_ses-headDown_T2w_seg-manual.nii.gz","785","6","",74.06343240913476,0.0,0.8241522849440867,0.0,7.966052451589284,0.0,7.244409532764439,0.0,7.35518867122685,0.0,12.773290783756888,0.0,3.5592837029159403,0.0,3.685125829848498,0.0,0.817572512531193,0.0,-4.416191310837065,0.0,0.9671402819665337,0.0,""
"2026-09-25 17:22:15","git-master-bddc7a050319718b5e4e0856afec0bc9ea96418f","C:\Users\marco\Desktop\ds004507\derivatives\labels\sub-011\ses-headDown\anat\sub-011_ses-headDown_T2w_seg-manual.nii.gz","786","6","",73.75617059711914,0.0,0.8373876351702434,0.0,7.852563047262562,0.0,7.377953564937348,0.0,7.37548695695216,0.0,12.703018600923722,0.0,3.5767804616262766,0.0,3.8011731033110716,0.0,0.8141206900503953,0.0,-4.109939444025698,0.0,0.9562342841386576,0.0,""
"2026-09-25 17:22:15","git-master-bddc7a050319718b5e4e0856afec0bc9ea96418f","C:\Users\marco\Desktop\ds004507\derivatives\labels\sub-011\ses-headDown\anat\sub-011_ses-headDown_T2w_seg-manual.nii.gz","787","6","",73.94401169586392,0.0,0.8533267378067978,0.0,7.74024421832347,0.0,7.476826802793698,0.0,7.428905966321827,0.0,12.664910230001027,0.0,3.5698704093703424,0.0,3.9069563934233567,0.0,0.8098983588012634,0.0,-4.3535694454666665,0.0,0.9529921958210349,0.0,""
"2026-09-25 17:22:15","git-master-bddc7a050319718b5e4e0856afec0bc9ea96418f","C:\Users\marco\Desktop\ds004507\derivatives\labels\sub-011\ses-headDown\anat\sub-011_ses-headDown_T2w_seg-manual.nii.gz","788","6","",74.89832424933805,0.0,0.8719695237971707,0.0,7.629098756632168,0.0,7.36856968585975,0.0,7.469800739274346,0.0,12.807747364455432,0.0,3.533593077350504,0.0,3.834976608509247,0.0,0.8122853978428143,0.0,-4.988894435446637,0.0,0.9479315312134838,0.0,""
"2026-09-25 17:22:15","git-master-bddc7a050319718b5e4e0856afec0bc9ea96418f","C:\Users\marco\Desktop\ds004507\derivatives\labels\sub-011\ses-headDown\anat\sub-011_ses-headDown_T2w_seg-manual.nii.gz","789","6","",74.48548373781617,0.0,0.8933159097649772,0.0,7.519129382364223,0.0,7.236172887855575,0.0,7.4284127391920105,0.0,12.788959473694328,0.0,3.5594047457898763,0.0,3.676768142065699,0.0,0.8139821426890228,0.0,-5.064110492764671,0.0,0.9458364675074521,0.0,""
"2026-09-25 17:22:15","git-master-bddc7a050319718b5e4e0856afec0bc9ea96418f","C:\Users\marco\Desktop\ds004507\derivatives\labels\sub-011\ses-headDown\anat\sub-011_ses-headDown_T2w_seg-manual.nii.gz","790","6","",74.51466459847842,0.0,0.9173657967852024,0.0,7.4103387451412965,0.0,7.2206530746942645,0.0,7.459605367286025,0.0,12.731934193983403,0.0,3.6191385576582213,0.0,3.6015145170360436,0.0,0.8103829523675526,0.0,-4.589099199193363,0.0,0.9567240736117976,0.0,""
"2026-09-25 17:22:15","git-master-bddc7a050319718b5e4e0856afec0bc9ea96418f","C:\Users\marco\Desktop\ds004507\derivatives\labels\sub-011\ses-headDown\anat\sub-011_ses-headDown_T2w_seg-manual.nii.gz","791","6","",74.87847849915092,0.0,0.9441190689780303,0.0,7.302729425164413,0.0,7.212289488675613,0.0,7.442692972223524,0.0,12.820487358882982,0.0,3.6877491944484886,0.0,3.5245402942271236,0.0,0.8141780530834459,0.0,-2.9200439901628474,0.0,0.969980366781343,0.0,""
"2026-09-25 17:22:15","git-master-bddc7a050319718b5e4e0856afec0bc9ea96418f","C:\Users\marco\Desktop\ds004507\derivatives\labels\sub-011\ses-headDown\anat\sub-011_ses-headDown_T2w_seg-manual.nii.gz","792","6","",74.68334515049365,0.0,0.9729969006762856,0.0,7.196303934349131,0.0,7.242920735993686,0.0,7.420568141908493,0.0,12.827926944025661,0.0,3.644945975750261,0.0,3.597974760243425,0.0,0.815443942415113,0.0,-2.3941899636626394,0.0,0.9673379434650944,0.0,""
"2026-09-25 17:22:15","git-master-bddc7a050319718b5e4e0856afec0bc9ea96418f","C:\Users\marco\Desktop\ds004507\derivatives\labels\sub-011\ses-headDown\anat\sub-011_ses-headDown_T2w_seg-manual.nii.gz","793","6","",72.53936998157769,0.0,1.0020460944471348,0.0,7.091064717461937,0.0,7.3352029592560655,0.0,7.439453457628516,0.0,12.473707074726327,0.0,3.6607224456958827,0.0,3.6744805135601832,0.0,0.8026738286338161,0.0,-2.634010003853796,0.0,0.949917946316422,0.0,""
"2026-09-25 17:22:15","git-master-bddc7a050319718b5e4e0856afec0bc9ea96418f","C:\Users\marco\Desktop\ds004507\derivatives\labels\sub-011\ses-headDown\anat\sub-011_ses-headDown_T2w_seg-manual.nii.gz","794","6","",74.71651886742008,0.0,1.0297475856326812,0.0,6.987014153257249,0.0,7.383012736294882,0.0,7.522645239686553,0.0,12.68644126404138,0.0,3.6489963293230403,0.0,3.734016406971841,0.0,0.8051909385746546,0.0,-3.3240175099464406,0.0,0.9459522366076767,0.0,""
"2026-09-25 17:22:15","git-master-bddc7a050319718b5e4e0856afec0bc9ea96418f","C:\Users\marco\Desktop\ds004507\derivatives\labels\sub-011\ses-headDown\anat\sub-011_ses-headDown_T2w_seg-manual.nii.gz","795","6","",76.75006736132069,0.0,1.0561014303648417,0.0,6.884154555614378,0.0,7.484750175220752,0.0,7.574774688771802,0.0,12.952256799313322,0.0,3.7403397741444917,0.0,3.7444104010762604,0.0,0.811145742656048,0.0,-3.5177527850216754,0.0,0.9459976375518855,0.0,""
"2026-09-25 17:22:15","git-master-bddc7a050319718b5e4e0856afec0bc9ea96418f","C:\Users\marco\Desktop\ds004507\derivatives\labels\sub-011\ses-headDown\anat\sub-011_ses-headDown_T2w_seg-manual.nii.gz","796","6","",76.72559307266891,0.0,1.0811076849719221,0.0,6.782488174673833,0.0,7.42440269880862,0.0,7.546548594014419,0.0,13.040132956781799,0.0,3.5576856618130623,0.0,3.866717036995557,0.0,0.8155251237026617,0.0,-3.4425855522018467,0.0,0.9535136931988063,0.0,""
"2026-09-25 17:22:15","git-master-bddc7a050319718b5e4e0856afec0bc9ea96418f","C:\Users\marco\Desktop\ds004507\derivatives\labels\sub-011\ses-headDown\anat\sub-011_ses-headDown_T2w_seg-manual.nii.gz","797","6","",76.5543445114859,0.0,1.1047664055447506,0.0,6.682017197972377,0.0,7.405607061402102,0.0,7.601762827758329,0.0,13.001572583476802,0.0,3.5575054810260727,0.0,3.848101580376029,0.0,0.8112197173465051,0.0,-3.7949333624031105,0.0,0.9586635810118395,0.0,""
"2026-09-25 17:22:15","git-master-bddc7a050319718b5e4e0856afec0bc9ea96418f","C:\Users\marco\Desktop\ds004507\derivatives\labels\sub-011\ses-headDown\anat\sub-011_ses-headDown_T2w_seg-manual.nii.gz","798","6","",77.1958648760791,0.0,1.127077647524878,0.0,6.5827437515762375,0.0,7.659188046787465,0.0,7.732378729015975,0.0,12.87802050684885,0.0,3.7571625038917835,0.0,3.902025542895682,0.0,0.7996474975132583,0.0,-4.504237362564896,0.0,0.9601255671715231,0.0,""
"2026-09-25 17:22:15","git-master-bddc7a050319718b5e4e0856afec0bc9ea96418f","C:\Users\marco\Desktop\ds004507\derivatives\labels\sub-011\ses-headDown\anat\sub-011_ses-headDown_T2w_seg-manual.nii.gz","799","6","",76.50838203812023,0.0,1.1480414653148405,0.0,6.4846699012119,0.0,7.234230339489508,0.0,7.597995579112265,0.0,12.998475259221655,0.0,3.6746479037616306,0.0,3.5595824357278762,0.0,0.8113448070979007,0.0,-2.1479125617377095,0.0,0.967921954161031,0.0,""
"2026-09-25 17:22:15","git-master-bddc7a050319718b5e4e0856afec0bc9ea96418f","C:\Users\marco\Desktop\ds004507\derivatives\labels\sub-011\ses-headDown\anat\sub-011_ses-headDown_T2w_seg-manual.nii.gz","800","6","",75.02227744804156,0.0,1.1676579119104709,0.0,6.387797653393908,0.0,7.3858729875789635,0.0,7.657207557321051,0.0,12.653932753437386,0.0,3.646987618452326,0.0,3.738885369126638,0.0,0.7961306859633407,0.0,-2.877143152982298,0.0,0.9547122074636306,0.0,""
"2026-09-25 17:22:15","git-master-bddc7a050319718b5e4e0856afec0bc9ea96418f","C:\Users\marco\Desktop\ds004507\derivatives\labels\sub-011\ses-headDown\anat\sub-011_ses-headDown_T2w_seg-manual.nii.gz","801","5","",77.56124477528734,0.0,1.1865072325525898,0.0,6.288874577025108,0.0,7.3918548283045835,0.0,7.663135249913324,0.0,12.92539394277682,0.0,3.773328898556242,0.0,3.6185259297483414,0.0,0.8052949393118968,0.0,-2.258803550004211,0.0,0.9473232880068603,0.0,""
"2026-09-25 17:22:15","git-master-bddc7a050319718b5e4e0856afec0bc9ea96418f","C:\Users\marco\Desktop\ds004507\derivatives\labels\sub-011\ses-headDown\anat\sub-011_ses-headDown_T2w_seg-manual.nii.gz","802","5","",75.36411901445366,0.0,1.201737324982754,0.0,6.203447114518615,0.0,7.3951107814931065,0.0,7.5951674529382425,0.0,12.736827606674302,0.0,3.61496626501995,0.0,3.7801445164731566,0.0,0.8027431236495611,0.0,-2.1102738648916843,0.0,0.950287870350451,0.0,""
"2026-09-25 17:22:15","git-master-bddc7a050319718b5e4e0856afec0bc9ea96418f","C:\Users\marco\Desktop\ds004507\derivatives\labels\sub-011\ses-headDown\anat\sub-011_ses-headDown_T2w_seg-manual.nii.gz","803","5","",76.68395096978516,0.0,1.2158848306037149,0.0,6.118989944423902,0.0,7.369974982410165,0.0,7.573430863839011,0.0,12.95665149782434,0.0,3.5887881876787913,0.0,3.781186794731373,0.0,0.8112759991855203,0.0,-3.7501066135915373,0.0,0.950877697215515,0.0,""
"2026-09-25 17:22:15","git-master-bddc7a050319718b5e4e0856afec0bc9ea96418f","C:\Users\marco\Desktop\ds004507\derivatives\labels\sub-011\ses-headDown\anat\sub-011_ses-headDown_T2w_seg-manual.nii.gz","804","5","",76.78569473297844,0.0,1.2289497797469466,0.0,6.035504297746842,0.0,7.428917331845952,0.0,7.559313504087588,0.0,12.997056341428124,0.0,3.5427052626042874,0.0,3.886212069241665,0.0,0.8134603329158668,0.0,-5.137982152712386,0.0,0.9507983038847027,0.0,""
"2026-09-25 17:22:15","git-master-bddc7a050319718b5e4e0856afec0bc9ea96418f","C:\Users\marco\Desktop\ds004507\derivatives\labels\sub-011\ses-headDown\anat\sub-011_ses-headDown_T2w_seg-manual.nii.gz","805","5","",77.24818732127245,0.0,1.2409322010358106,0.0,5.952991374675917,0.0,7.561944460094522,0.0,7.671176845830604,0.0,12.911865621729616,0.0,3.6154010559912804,0.0,3.9465434041032412,0.0,0.8042006612614441,0.0,-3.446277775709312,0.0,0.955161049560795,0.0,""
"2026-09-25 17:22:15","git-master-bddc7a050319718b5e4e0856afec0bc9ea96418f","C:\Users\marco\Desktop\ds004507\derivatives\labels\sub-011\ses-headDown\anat\sub-011_ses-headDown_T2w_seg-manual.nii.gz","806","5","",78.65803217823233,0.0,1.2518321212820154,0.0,5.871452345075964,0.0,7.671513226958952,0.0,7.817126821662481,0.0,12.885834974136339,0.0,3.7796414432658505,0.0,3.891871783693101,0.0,0.7949742665108587,0.0,-1.3312627665162906,0.0,0.9593903961454704,0.0,""
"2026-09-25 17:22:15","git-master-bddc7a050319718b5e4e0856afec0bc9ea96418f","C:\Users\marco\Desktop\ds004507\derivatives\labels\sub-011\ses-headDown\anat\sub-011_ses-headDown_T2w_seg-manual.nii.gz","807","5","",79.5264841807447,0.0,1.2616495653889508,0.0,5.790888348979859,0.0,7.611103148704489,0.0,7.839419940197402,0.0,12.964806446213759,0.0,3.8413880083626766,0.0,3.7697151403418117,0.0,0.7964403238504837,0.0,-1.3126175142188503,0.0,0.9610170335977978,0.0,""
"2026-09-25 17:22:15","git-master-bddc7a050319718b5e4e0856afec0bc9ea96418f","C:\Users\marco\Desktop\ds004507\derivatives\labels\sub-011\ses-headDown\anat\sub-011_ses-headDown_T2w_seg-manual.nii.gz","808","5","",78.68421146169003,0.0,1.2703845562618858,0.0,5.711300497078045,0.0,7.33023451693489,0.0,7.757044704362766,0.0,13.042092543875222,0.0,3.7052688520414714,0.0,3.6249656648934185,0.0,0.8038816560261092,0.0,-0.844166024060502,0.0,0.9690681611635246,0.0,""
"2026-09-25 17:22:15","git-master-bddc7a050319718b5e4e0856afec0bc9ea96418f","C:\Users\marco\Desktop\ds004507\derivatives\labels\sub-011\ses-headDown\anat\sub-011_ses-headDown_T2w_seg-manual.nii.gz","809","5","",78.40880935775787,0.0,1.2780371147250378,0.0,5.632689871205813,0.0,7.228718974367199,0.0,7.693018529336801,0.0,13.116464979089242,0.0,3.7169601581121263,0.0,3.5117588162550732,0.0,0.8099375326809046,0.0,-0.6587111600764133,0.0,0.9837662337662337,0.0,""
"2026-09-25 17:22:15","git-master-bddc7a050319718b5e4e0856afec0bc9ea96418f","C:\Users\marco\Desktop\ds004507\derivatives\labels\sub-011\ses-headDown\anat\sub-011_ses-headDown_T2w_seg-manual.nii.gz","810","5","",78.70534751035017,0.0,1.2844268607193583,0.0,5.555220807569726,0.0,7.436462308244157,0.0,7.677850870665916,0.0,13.064225711007136,0.0,3.8490098831355195,0.0,3.587452425108637,0.0,0.8090779446890366,0.0,-0.444999041005507,0.0,0.9643541105083697,0.0,""
"2026-09-25 17:22:15","git-master-bddc7a050319718b5e4e0856afec0bc9ea96418f","C:\Users\marco\Desktop\ds004507\derivatives\labels\sub-011\ses-headDown\anat\sub-011_ses-headDown_T2w_seg-manual.nii.gz","811","5","",77.67243094031605,0.0,1.2897342143567938,0.0,5.4787314403821625,0.0,7.463404509905676,0.0,7.646798444948341,0.0,12.917297313698366,0.0,3.8736931744146097,0.0,3.589711335491066,0.0,0.8059353867577314,0.0,-1.4099479739465026,0.0,0.9556868007861744,0.0,""
"2026-09-25 17:22:15","git-master-bddc7a050319718b5e4e0856afec0bc9ea96418f","C:\Users\marco\Desktop\ds004507\derivatives\labels\sub-011\ses-headDown\anat\sub-011_ses-headDown_T2w_seg-manual.nii.gz","812","5","",77.54654213306196,0.0,1.2939591879998922,0.0,5.403222748083598,0.0,7.56649326322703,0.0,7.720192909810905,0.0,12.77739887377433,0.0,3.9232734628699273,0.0,3.6432198003571026,0.0,0.7967212907195412,0.0,-1.7474702529657884,0.0,0.9597343103160214,0.0,""
"2026-09-25 17:22:15","git-master-bddc7a050319718b5e4e0856afec0bc9ea96418f","C:\Users\marco\Desktop\ds004507\derivatives\labels\sub-011\ses-headDown\anat\sub-011_ses-headDown_T2w_seg-manual.nii.gz","813","5","",77.87216309663248,0.0,1.2971017916251044,0.0,5.328695682808162,0.0,7.618649778790468,0.0,7.765768103941761,0.0,12.746871424290788,0.0,3.9487640919707965,0.0,3.6698856868196716,0.0,0.7929892748967123,0.0,-1.838213923989887,0.0,0.9650914163108808,0.0,""
"2026-09-25 17:22:15","git-master-bddc7a050319718b5e4e0856afec0bc9ea96418f","C:\Users\marco\Desktop\ds004507\derivatives\labels\sub-011\ses-headDown\anat\sub-011_ses-headDown_T2w_seg-manual.nii.gz","814","5","",77.65562833212422,0.0,1.29916203279131,0.0,5.2551511708511525,0.0,7.607743910051121,0.0,7.763388178187032,0.0,12.720086867166357,0.0,3.911659491941338,0.0,3.6960844181097827,0.0,0.7921250758643587,0.0,-2.0673624026693402,0.0,0.9644359175896937,0.0,""
"2026-09-25 17:22:15","git-master-bddc7a050319718b5e4e0856afec0bc9ea96418f","C:\Users\marco\Desktop\ds004507\derivatives\labels\sub-011\ses-headDown\anat\sub-011_ses-headDown_T2w_seg-manual.nii.gz","815","5","",76.98707935805456,0.0,1.3001399166152028,0.0,5.182590113133547,0.0,7.634814109186518,0.0,7.785035901770094,0.0,12.59661400760105,0.0,3.859155154160173,0.0,3.775658955026344,0.0,0.7861020701374997,0.0,-2.6829246290289492,0.0,0.96428509821428,0.0,""
"2026-09-25 17:22:15","git-master-bddc7a050319718b5e4e0856afec0bc9ea96418f","C:\Users\marco\Desktop\ds004507\derivatives\labels\sub-011\ses-headDown\anat\sub-011_ses-headDown_T2w_seg-manual.nii.gz","816","5","",77.17655382481526,0.0,1.3000354457535312,0.0,5.111013385663445,0.0,7.722684117107356,0.0,7.849451369473112,0.0,12.51609906682604,0.0,3.8768111636798848,0.0,3.845872953427471,0.0,0.7788869486628879,0.0,-3.6962020493857546,0.0,0.9740330726846546,0.0,""
"2026-09-25 17:22:15","git-master-bddc7a050319718b5e4e0856afec0bc9ea96418f","C:\Users\marco\Desktop\ds004507\derivatives\labels\sub-011\ses-headDown\anat\sub-011_ses-headDown_T2w_seg-manual.nii.gz","817","5","",78.45024225534253,0.0,1.2988486203921958,0.0,5.040421839994357,0.0,7.74612828210714,0.0,7.910811335620423,0.0,12.714818039515848,0.0,3.912614047792285,0.0,3.8335142343148556,0.0,0.7828801069965591,0.0,-2.8261187160162202,0.0,0.9612516807236279,0.0,""
"2026-09-25 17:22:15","git-master-bddc7a050319718b5e4e0856afec0bc9ea96418f","C:\Users\marco\Desktop\ds004507\derivatives\labels\sub-011\ses-headDown\anat\sub-011_ses-headDown_T2w_seg-manual.nii.gz","818","5","",79.09122750411036,0.0,1.2963990440494222,0.0,4.970980823530561,0.0,7.818450954956164,0.0,7.939009061135022,0.0,12.681123152516832,0.0,3.995558919160925,0.0,3.8228920357952396,0.0,0.7797799890080005,0.0,-3.2467507385483625,0.0,0.9640634567820354,0.0,""
"2026-09-25 17:22:15","git-master-bddc7a050319718b5e4e0856afec0bc9ea96418f","C:\Users\marco\Desktop\ds004507\derivatives\labels\sub-011\ses-headDown\anat\sub-011_ses-headDown_T2w_seg-manual.nii.gz","819","5","",78.3764014306501,0.0,1.2928671025499552,0.0,4.9025269261680995,0.0,7.7951081701098515,0.0,7.913333522411298,0.0,12.587996351648378,0.0,3.8762304362283944,0.0,3.918877733881457,0.0,0.7776901107123921,0.0,-1.6135238621610986,0.0,0.9676349326422927,0.0,""
"2026-09-25 17:22:15","git-master-bddc7a050319718b5e4e0856afec0bc9ea96418f","C:\Users\marco\Desktop\ds004507\derivatives\labels\sub-011\ses-headDown\anat\sub-011_ses-headDown_T2w_seg-manual.nii.gz","820","5","",78.33937857494192,0.0,1.288252786876396,0.0,4.835060912256464,0.0,7.789651745649055,0.0,7.85835638711349,0.0,12.653950343657478,0.0,3.839216419863569,0.0,3.9504353257854863,0.0,0.783722321417496,0.0,-0.5486699654157691,0.0,0.9690393289167143,0.0,""
"2026-09-25 17:22:15","git-master-bddc7a050319718b5e4e0856afec0bc9ea96418f","C:\Users\marco\Desktop\ds004507\derivatives\labels\sub-011\ses-headDown\anat\sub-011_ses-headDown_T2w_seg-manual.nii.gz","821","5","",79.0254206300715,0.0,1.2825560856194758,0.0,4.768583524067881,0.0,7.797016690017935,0.0,7.798522332832237,0.0,12.843231384901827,0.0,3.848670717089749,0.0,3.9483459729281867,0.0,0.794396055263118,0.0,-0.4100195562471,0.0,0.9677101665039803,0.0,""
"2026-09-25 17:22:15","git-master-bddc7a050319718b5e4e0856afec0bc9ea96418f","C:\Users\marco\Desktop\ds004507\derivatives\labels\sub-011\ses-headDown\anat\sub-011_ses-headDown_T2w_seg-manual.nii.gz","822","5","",78.23175706004805,0.0,1.27577698501858,0.0,4.703095482229735,0.0,7.590803548100547,0.0,7.682308751346251,0.0,12.897634743858399,0.0,3.782452531697926,0.0,3.8083510164026215,0.0,0.8032618072667022,0.0,-0.7458115613051768,0.0,0.9701526065346708,0.0,""
"2026-09-25 17:22:15","git-master-bddc7a050319718b5e4e0856afec0bc9ea96418f","C:\Users\marco\Desktop\ds004507\derivatives\labels\sub-011\ses-headDown\anat\sub-011_ses-headDown_T2w_seg-manual.nii.gz","823","5","",75.90892126637578,0.0,1.2679154690091297,0.0,4.6385974861532295,0.0,7.240509647456646,0.0,7.5676300004826995,0.0,12.742728381377743,0.0,3.6407503906293024,0.0,3.5997592568273435,0.0,0.8045130084422621,0.0,-0.7289334308958868,0.0,0.9762415211289209,0.0,""
"2026-09-25 17:22:15","git-master-bddc7a050319718b5e4e0856afec0bc9ea96418f","C:\Users\marco\Desktop\ds004507\derivatives\labels\sub-011\ses-headDown\anat\sub-011_ses-headDown_T2w_seg-manual.nii.gz","824","5","",75.87079645836383,0.0,1.258971519276823,0.0,4.575090214458273,0.0,7.240311894123752,0.0,7.629709229157173,0.0,12.70745510708296,0.0,3.5749791338973993,0.0,3.665332760226353,0.0,0.7995923090116641,0.0,0.12929814705227805,0.0,0.9742340025380112,0.0,""
"2026-09-25 17:22:15","git-master-bddc7a050319718b5e4e0856afec0bc9ea96418f","C:\Users\marco\Desktop\ds004507\derivatives\labels\sub-011\ses-headDown\anat\sub-011_ses-headDown_T2w_seg-manual.nii.gz","825","5","",77.46106538215976,0.0,1.2489451153187388,0.0,4.51257432539452,0.0,7.2410037673925745,0.0,7.552640801174171,0.0,12.996083470312218,0.0,3.582738315820116,0.0,3.6582654515724586,0.0,0.8137982787272775,0.0,-0.3142943694327273,0.0,0.9716240182417025,0.0,""
"2026-09-25 17:22:15","git-master-bddc7a050319718b5e4e0856afec0bc9ea96418f","C:\Users\marco\Desktop\ds004507\derivatives\labels\sub-011\ses-headDown\anat\sub-011_ses-headDown_T2w_seg-manual.nii.gz","826","5","",76.20084863980581,0.0,1.2376558157296675,0.0,4.451215936270777,0.0,7.242179991761318,0.0,7.522387378794123,0.0,12.86216747761365,0.0,3.591448054817262,0.0,3.6507319369440556,0.0,0.811138536376748,0.0,-0.7632437585857265,0.0,0.9738314924560142,0.0,""
"2026-09-25 17:22:15","git-master-bddc7a050319718b5e4e0856afec0bc9ea96418f","C:\Users\marco\Desktop\ds004507\derivatives\labels\sub-011\ses-headDown\anat\sub-011_ses-headDown_T2w_seg-manual.nii.gz","827","5","",77.3587403164307,0.0,1.2252840034507886,0.0,4.390850421220512,0.0,7.333793777172372,0.0,7.579865852131352,0.0,12.953886200212631,0.0,3.68725770683596,0.0,3.646536070336412,0.0,0.8109301750883812,0.0,-1.7279086726024995,0.0,0.9588985292115739,0.0,""
"2026-09-25 17:22:15","git-master-bddc7a050319718b5e4e0856afec0bc9ea96418f","C:\Users\marco\Desktop\ds004507\derivatives\labels\sub-011\ses-headDown\anat\sub-011_ses-headDown_T2w_seg-manual.nii.gz","828","5","",77.58311570292977,0.0,1.2118296505544797,0.0,4.331478366216248,0.0,7.513681989129168,0.0,7.607915121268085,0.0,12.968252002134536,0.0,3.7495747802156023,0.0,3.764107208913566,0.0,0.8098329121998271,0.0,-1.601392946980119,0.0,0.956280113736557,0.0,""
"2026-09-25 17:22:15","git-master-bddc7a050319718b5e4e0856afec0bc9ea96418f","C:\Users\marco\Desktop\ds004507\derivatives\labels\sub-011\ses-headDown\anat\sub-011_ses-headDown_T2w_seg-manual.nii.gz","829","5","",78.35868639745064,0.0,1.1972927273876768,0.0,4.273100339025736,0.0,7.664818860203281,0.0,7.679123669619179,0.0,12.990185447125022,0.0,3.782391241473477,0.0,3.882427618729805,0.0,0.8065582454308278,0.0,-1.391350609922003,0.0,0.9616717705097308,0.0,""
"2026-09-25 17:22:15","git-master-bddc7a050319718b5e4e0856afec0bc9ea96418f","C:\Users\marco\Desktop\ds004507\derivatives\labels\sub-011\ses-headDown\anat\sub-011_ses-headDown_T2w_seg-manual.nii.gz","830","5","",79.13408248544809,0.0,1.181673202684482,0.0,4.215716889602373,0.0,7.710377123665154,0.0,7.795742444331826,0.0,12.96288011342149,0.0,3.783969885204799,0.0,3.926407238460355,0.0,0.7988391004300862,0.0,-1.57127777853185,0.0,0.9662547756505935,0.0,""
"2026-09-25 17:22:15","git-master-bddc7a050319718b5e4e0856afec0bc9ea96418f","C:\Users\marco\Desktop\ds004507\derivatives\labels\sub-011\ses-headDown\anat\sub-011_ses-headDown_T2w_seg-manual.nii.gz","831","5","",79.09491231744657,0.0,1.1652343521850312,0.0,4.159194749274013,0.0,7.708388048458424,0.0,7.887212779657871,0.0,12.866003051245823,0.0,3.7933237222025413,0.0,3.915064326255882,0.0,0.7900617803986438,0.0,-1.884590932556029,0.0,0.9664112783971966,0.0,""
"2026-09-25 17:22:15","git-master-bddc7a050319718b5e4e0856afec0bc9ea96418f","C:\Users\marco\Desktop\ds004507\derivatives\labels\sub-011\ses-headDown\anat\sub-011_ses-headDown_T2w_seg-manual.nii.gz","832","5","",79.46293006825762,0.0,1.1486344203237988,0.0,4.103199888566056,0.0,7.788449428219354,0.0,7.904694194748629,0.0,12.86928463741219,0.0,3.879702317881437,0.0,3.908747110337917,0.0,0.7891232704119949,0.0,-2.0796844957093046,0.0,0.9644729381079428,0.0,""
"2026-09-25 17:22:15","git-master-bddc7a050319718b5e4e0856afec0bc9ea96418f","C:\Users\marco\Desktop\ds004507\derivatives\labels\sub-011\ses-headDown\anat\sub-011_ses-headDown_T2w_seg-manual.nii.gz","833","5","",78.20194126140035,0.0,1.1325316795505225,0.0,4.0473980934947145,0.0,7.832930577042881,0.0,7.851976897322091,0.0,12.729051581443752,0.0,3.841299013090567,0.0,3.991631563952314,0.0,0.787076949063166,0.0,-1.554160654618836,0.0,0.9710666832236433,0.0,""
"2026-09-25 17:22:15","git-master-bddc7a050319718b5e4e0856afec0bc9ea96418f","C:\Users\marco\Desktop\ds004507\derivatives\labels\sub-011\ses-headDown\anat\sub-011_ses-headDown_T2w_seg-manual.nii.gz","834","4","",78.93258063335117,0.0,1.114791497959837,0.0,3.9838823173667,0.0,7.719991768834582,0.0,7.7557482918669685,0.0,12.906650357669022,0.0,3.7495588960291144,0.0,3.970432872805467,0.0,0.7993159319178607,0.0,-2.359724108716041,0.0,0.9641713863580399,0.0,""
"2026-09-25 17:22:15","git-master-bddc7a050319718b5e4e0856afec0bc9ea96418f","C:\Users\marco\Desktop\ds004507\derivatives\labels\sub-011\ses-headDown\anat\sub-011_ses-headDown_T2w_seg-manual.nii.gz","835","4","",79.50083464320227,0.0,1.1015092287269277,0.0,3.9346818114217514,0.0,7.636915647207096,0.0,7.708715017549101,0.0,13.106465305989811,0.0,3.6804436060429264,0.0,3.9564720411641696,0.0,0.808659575566966,0.0,-2.610087041654747,0.0,0.9609873773403067,0.0,""
"2026-09-25 17:22:15","git-master-bddc7a050319718b5e4e0856afec0bc9ea96418f","C:\Users\marco\Desktop\ds004507\derivatives\labels\sub-011\ses-headDown\anat\sub-011_ses-headDown_T2w_seg-manual.nii.gz","836","4","",79.06336635808573,0.0,1.0885952951776445,0.0,3.88562478177214,0.0,7.476634562807331,0.0,7.582243192721798,0.0,13.249223213035862,0.0,3.6628660879964956,0.0,3.813768474810836,0.0,0.8199061823363966,0.0,-2.0856826939136783,0.0,0.9580932704305715,0.0,""
"2026-09-25 17:22:15","git-master-bddc7a050319718b5e4e0856afec0bc9ea96418f","C:\Users\marco\Desktop\ds004507\derivatives\labels\sub-011\ses-headDown\anat\sub-011_ses-headDown_T2w_seg-manual.nii.gz","837","4","",78.5970118554663,0.0,1.0760497054378106,0.0,3.8367113185308095,0.0,7.3290069208193875,0.0,7.476651396582217,0.0,13.34178573227258,0.0,3.633889546770264,0.0,3.6951173740491234,0.0,0.828213140224974,0.0,-1.7604947743564578,0.0,0.962391757051183,0.0,""
"2026-09-25 17:22:15","git-master-bddc7a050319718b5e4e0856afec0bc9ea96418f","C:\Users\marco\Desktop\ds004507\derivatives\labels\sub-011\ses-headDown\anat\sub-011_ses-headDown_T2w_seg-manual.nii.gz","838","4","",78.66495251132528,0.0,1.063872467467027,0.0,3.787941511345178,0.0,7.252081820386276,0.0,7.448924020531631,0.0,13.393136537124212,0.0,3.57308307081695,0.0,3.678998749569325,0.0,0.8310654387902903,0.0,-2.014545989431966,0.0,0.9742045591763375,0.0,""
"2026-09-25 17:22:15","git-master-bddc7a050319718b5e4e0856afec0bc9ea96418f","C:\Users\marco\Desktop\ds004507\derivatives\labels\sub-011\ses-headDown\anat\sub-011_ses-headDown_T2w_seg-manual.nii.gz","839","4","",78.95144251418134,0.0,1.052137263822556,0.0,3.739344233372573,0.0,7.251088549116292,0.0,7.467139573883041,0.0,13.416197626060821,0.0,3.5774100421467683,0.0,3.673678506969524,0.0,0.8307964544479038,0.0,-1.6710452886577765,0.0,0.9744901928315681,0.0,""
"2026-09-25 17:22:15","git-master-bddc7a050319718b5e4e0856afec0bc9ea96418f","C:\Users\marco\Desktop\ds004507\derivatives\labels\sub-011\ses-headDown\anat\sub-011_ses-headDown_T2w_seg-manual.nii.gz","840","4","",78.51322605044406,0.0,1.0408441088035005,0.0,3.690919659274507,0.0,7.249842025726576,0.0,7.502554109815811,0.0,13.285619639317112,0.0,3.515519108240152,0.0,3.7343229174864234,0.0,0.8252305519321831,0.0,-1.0854171431787158,0.0,0.9772312178515972,0.0,""
"2026-09-25 17:22:15","git-master-bddc7a050319718b5e4e0856afec0bc9ea96418f","C:\Users\marco\Desktop\ds004507\derivatives\labels\sub-011\ses-headDown\anat\sub-011_ses-headDown_T2w_seg-manual.nii.gz","841","4","",77.95411647744666,0.0,1.029919336561789,0.0,3.6426391196800636,0.0,7.249185036546559,0.0,7.506912740497286,0.0,13.184544827392676,0.0,3.4871604181481577,0.0,3.762024618398402,0.0,0.8220782788589297,0.0,-0.46787949325206035,0.0,0.9771107977762391,0.0,""
"2026-09-25 17:22:15","git-master-bddc7a050319718b5e4e0856afec0bc9ea96418f","C:\Users\marco\Desktop\ds004507\derivatives\labels\sub-011\ses-headDown\anat\sub-011_ses-headDown_T2w_seg-manual.nii.gz","842","4","",77.63645723906797,0.0,1.0193629534974527,0.0,3.594502699636289,0.0,7.24923781337816,0.0,7.492454141681591,0.0,13.158977624227902,0.0,3.4922057615670914,0.0,3.757032051811069,0.0,0.8220710086404516,0.0,-0.1471693684895543,0.0,0.9739407154529545,0.0,""
"2026-09-25 17:22:15","git-master-bddc7a050319718b5e4e0856afec0bc9ea96418f","C:\Users\marco\Desktop\ds004507\derivatives\labels\sub-011\ses-headDown\anat\sub-011_ses-headDown_T2w_seg-manual.nii.gz","843","4","",77.92262764628836,0.0,1.009174965864477,0.0,3.5465104837356907,0.0,7.249880487308197,0.0,7.494556973525821,0.0,13.21884877902604,0.0,3.497195136224543,0.0,3.752685351083654,0.0,0.8237454034251184,0.0,-0.552693551006393,0.0,0.9692789968652038,0.0,""
"2026-09-25 17:22:15","git-master-bddc7a050319718b5e4e0856afec0bc9ea96418f","C:\Users\marco\Desktop\ds004507\derivatives\labels\sub-011\ses-headDown\anat\sub-011_ses-headDown_T2w_seg-manual.nii.gz","844","4","",77.36312821050312,0.0,0.9995027454486751,0.0,3.498720347861984,0.0,7.251724312107472,0.0,7.559605680338916,0.0,13.12235023230618,0.0,3.5016096631560987,0.0,3.7501146489513735,0.0,0.81735360117831,0.0,-1.2275507965303372,0.0,0.9728160224847329,0.0,""
"2026-09-25 17:22:15","git-master-bddc7a050319718b5e4e0856afec0bc9ea96418f","C:\Users\marco\Desktop\ds004507\derivatives\labels\sub-011\ses-headDown\anat\sub-011_ses-headDown_T2w_seg-manual.nii.gz","845","4","",77.8102441683336,0.0,0.990198939241418,0.0,3.4510746913618573,0.0,7.251273542853118,0.0,7.598175705127322,0.0,13.18930817395999,0.0,3.451337583701273,0.0,3.7999359591518456,0.0,0.8173734938337464,0.0,-0.6305086499603089,0.0,0.978306736942619,0.0,""
"2026-09-25 17:22:15","git-master-bddc7a050319718b5e4e0856afec0bc9ea96418f","C:\Users\marco\Desktop\ds004507\derivatives\labels\sub-011\ses-headDown\anat\sub-011_ses-headDown_T2w_seg-manual.nii.gz","846","4","",77.93510853567801,0.0,0.9812635522891906,0.0,3.403573594803131,0.0,7.250694258823116,0.0,7.59226236966349,0.0,13.25180528985968,0.0,3.4123658151064484,0.0,3.838328443716668,0.0,0.8196086484151438,0.0,0.12360887662613901,0.0,0.980734801318037,0.0,""
"2026-09-25 17:22:15","git-master-bddc7a050319718b5e4e0856afec0bc9ea96418f","C:\Users\marco\Desktop\ds004507\derivatives\labels\sub-011\ses-headDown\anat\sub-011_ses-headDown_T2w_seg-manual.nii.gz","847","4","",77.17391965901618,0.0,0.9726965895152067,0.0,3.356217138313808,0.0,7.251447956439352,0.0,7.54708510557927,0.0,13.222957035099492,0.0,3.4063321112338847,0.0,3.845115845205468,0.0,0.8211195471818207,0.0,0.1492113939659527,0.0,0.977807719048863,0.0,""
"2026-09-25 17:22:15","git-master-bddc7a050319718b5e4e0856afec0bc9ea96418f","C:\Users\marco\Desktop\ds004507\derivatives\labels\sub-011\ses-headDown\anat\sub-011_ses-headDown_T2w_seg-manual.nii.gz","848","4","",76.89559330177555,0.0,0.9645717432377883,0.0,3.309034376705157,0.0,7.253884961166601,0.0,7.537459369311622,0.0,13.20478392520874,0.0,3.3325271683784603,0.0,3.9213577927881405,0.0,0.8210802393396681,0.0,-1.38280112960466,0.0,0.9735027618546261,0.0,""
"2026-09-25 17:22:15","git-master-bddc7a050319718b5e4e0856afec0bc9ea96418f","C:\Users\marco\Desktop\ds004507\derivatives\labels\sub-011\ses-headDown\anat\sub-011_ses-headDown_T2w_seg-manual.nii.gz","849","4","",77.32005476202353,0.0,0.9568890221003795,0.0,3.2620254658571546,0.0,7.29589910015538,0.0,7.5945290678451824,0.0,13.161131861397985,0.0,3.3670854160179164,0.0,3.928813684137464,0.0,0.8166896622695057,0.0,-1.2519340242531056,0.0,0.9609982027335362,0.0,""
"2026-09-25 17:22:15","git-master-bddc7a050319718b5e4e0856afec0bc9ea96418f","C:\Users\marco\Desktop\ds004507\derivatives\labels\sub-011\ses-headDown\anat\sub-011_ses-headDown_T2w_seg-manual.nii.gz","850","4","",78.6816518173721,0.0,0.9495747438873183,0.0,3.215161532833284,0.0,7.471658855894147,0.0,7.721499995594055,0.0,13.140617663732952,0.0,3.499929896493903,0.0,3.9717289594002447,0.0,0.8090821397849978,0.0,-1.9051948241192407,0.0,0.958867091828147,0.0,""
"2026-09-25 17:22:15","git-master-bddc7a050319718b5e4e0856afec0bc9ea96418f","C:\Users\marco\Desktop\ds004507\derivatives\labels\sub-011\ses-headDown\anat\sub-011_ses-headDown_T2w_seg-manual.nii.gz","851","4","",79.85302990946214,0.0,0.9426289123607766,0.0,3.168442653418769,0.0,7.653934291594949,0.0,7.8067935842424765,0.0,13.167305511462816,0.0,3.650917108160069,0.0,4.0030171834348796,0.0,0.80520831796267,0.0,-2.6187701981283142,0.0,0.9621353110495988,0.0,""
"2026-09-25 17:22:15","git-master-bddc7a050319718b5e4e0856afec0bc9ea96418f","C:\Users\marco\Desktop\ds004507\derivatives\labels\sub-011\ses-headDown\anat\sub-011_ses-headDown_T2w_seg-manual.nii.gz","852","4","",79.01135254555737,0.0,0.936051531173635,0.0,3.1218689029701014,0.0,7.614093750251335,0.0,7.677671343736437,0.0,13.260652800556697,0.0,3.696837958262839,0.0,3.917255791988496,0.0,0.8153407488139368,0.0,-1.4932423011733593,0.0,0.9568892645815723,0.0,""
"2026-09-25 17:22:15","git-master-bddc7a050319718b5e4e0856afec0bc9ea96418f","C:\Users\marco\Desktop\ds004507\derivatives\labels\sub-011\ses-headDown\anat\sub-011_ses-headDown_T2w_seg-manual.nii.gz","853","4","",78.73292913230576,0.0,0.9299899882484849,0.0,3.0754985059301925,0.0,7.707856655607073,0.0,7.765545010850313,0.0,13.075630376113047,0.0,3.7177704994892022,0.0,3.9900861561178704,0.0,0.8044373081027648,0.0,-1.307309751279629,0.0,0.9499173978752128,0.0,""
"2026-09-25 17:22:15","git-master-bddc7a050319718b5e4e0856afec0bc9ea96418f","C:\Users\marco\Desktop\ds004507\derivatives\labels\sub-011\ses-headDown\anat\sub-011_ses-headDown_T2w_seg-manual.nii.gz","854","4","",79.05857010387471,0.0,0.9242969062795359,0.0,3.0292734826874272,0.0,7.731229622214524,0.0,7.793969580828936,0.0,13.079005787187047,0.0,3.727468562201192,0.0,4.003761060013333,0.0,0.8030378402700782,0.0,-1.5347584250523996,0.0,0.9475881026458447,0.0,""
"2026-09-25 17:22:15","git-master-bddc7a050319718b5e4e0856afec0bc9ea96418f","C:\Users\marco\Desktop\ds004507\derivatives\labels\sub-011\ses-headDown\anat\sub-011_ses-headDown_T2w_seg-manual.nii.gz","855","4","",79.86752252522672,0.0,0.9189722880057414,0.0,2.983193904806311,0.0,7.745776958161454,0.0,7.810114677455424,0.0,13.160287204522797,0.0,3.715842748330879,0.0,4.029934209830575,0.0,0.8048596965498195,0.0,-1.9575016115640835,0.0,0.952988264862168,0.0,""
"2026-09-25 17:22:15","git-master-bddc7a050319718b5e4e0856afec0bc9ea96418f","C:\Users\marco\Desktop\ds004507\derivatives\labels\sub-011\ses-headDown\anat\sub-011_ses-headDown_T2w_seg-manual.nii.gz","856","4","",80.71676260578941,0.0,0.9140161360712654,0.0,2.937259843437424,0.0,7.778894513201015,0.0,7.833541376790007,0.0,13.220750516326506,0.0,3.6860811466519925,0.0,4.092813366549023,0.0,0.8055546535811761,0.0,-2.4781911865424524,0.0,0.9636789261423276,0.0,""
"2026-09-25 17:22:15","git-master-bddc7a050319718b5e4e0856afec0bc9ea96418f","C:\Users\marco\Desktop\ds004507\derivatives\labels\sub-011\ses-headDown\anat\sub-011_ses-headDown_T2w_seg-manual.nii.gz","857","4","",79.87424307477801,0.0,0.9095021476713089,0.0,2.8915005143995796,0.0,7.768790624086016,0.0,7.808656368357416,0.0,13.135930218500446,0.0,3.6821454995340854,0.0,4.08664512455193,0.0,0.8041303354339524,0.0,-3.3470229061424432,0.0,0.9591331509663469,0.0,""
"2026-09-25 17:22:15","git-master-bddc7a050319718b5e4e0856afec0bc9ea96418f","C:\Users\marco\Desktop\ds004507\derivatives\labels\sub-011\ses-headDown\anat\sub-011_ses-headDown_T2w_seg-manual.nii.gz","858","4","",79.75667501223062,0.0,0.9054303271636234,0.0,2.84591605587692,0.0,7.768542311693099,0.0,7.771556803454447,0.0,13.137843469431168,0.0,3.684211914177371,0.0,4.084330397515728,0.0,0.8062697280473351,0.0,-3.4052561878222205,0.0,0.9595171919184058,0.0,""
"2026-09-25 17:22:15","git-master-bddc7a050319718b5e4e0856afec0bc9ea96418f","C:\Users\marco\Desktop\ds004507\derivatives\labels\sub-011\ses-headDown\anat\sub-011_ses-headDown_T2w_seg-manual.nii.gz","859","4","",78.64710133453022,0.0,0.9017269824474137,0.0,2.8004774132802863,0.0,7.513704665838668,0.0,7.568964441866979,0.0,13.248865620894735,0.0,3.6499345310104223,0.0,3.863770134828246,0.0,0.8202362584075321,0.0,-2.826006305953978,0.0,0.9620833697938,0.0,""
"2026-09-25 17:22:15","git-master-bddc7a050319718b5e4e0856afec0bc9ea96418f","C:\Users\marco\Desktop\ds004507\derivatives\labels\sub-011\ses-headDown\anat\sub-011_ses-headDown_T2w_seg-manual.nii.gz","860","4","",77.58162298646447,0.0,0.8983921152595793,0.0,2.7551846536765883,0.0,7.209624537489962,0.0,7.36450056116065,0.0,13.378983025649866,0.0,3.598883267583361,0.0,3.6107412699066006,0.0,0.8348532389144196,0.0,-2.2468917913624584,0.0,0.9663074697106881,0.0,""
"2026-09-25 17:22:15","git-master-bddc7a050319718b5e4e0856afec0bc9ea96418f","C:\Users\marco\Desktop\ds004507\derivatives\labels\sub-011\ses-headDown\anat\sub-011_ses-headDown_T2w_seg-manual.nii.gz","861","4","",78.71294082479223,0.0,0.8954257272500011,0.0,2.710037843729925,0.0,7.262873070871561,0.0,7.46183982754362,0.0,13.379363609121317,0.0,3.575917568700581,0.0,3.6869555021709797,0.0,0.8300341211254452,0.0,-2.6100846147652224,0.0,0.9721254355400697,0.0,""
"2026-09-25 17:22:15","git-master-bddc7a050319718b5e4e0856afec0bc9ea96418f","C:\Users\marco\Desktop\ds004507\derivatives\labels\sub-011\ses-headDown\anat\sub-011_ses-headDown_T2w_seg-manual.nii.gz","862","4","",79.28008604940844,0.0,0.8929752133445616,0.0,2.6650955160589396,0.0,7.259859040883632,0.0,7.477852961981531,0.0,13.451392409689326,0.0,3.5787346276851815,0.0,3.6811244131984506,0.0,0.8312354062010293,0.0,-1.9253850890968325,0.0,0.9721341225952549,0.0,""
"2026-09-25 17:22:15","git-master-bddc7a050319718b5e4e0856afec0bc9ea96418f","C:\Users\marco\Desktop\ds004507\derivatives\labels\sub-011\ses-headDown\anat\sub-011_ses-headDown_T2w_seg-manual.nii.gz","863","4","",79.24268377325039,0.0,0.8908931828501885,0.0,2.6202993542905935,0.0,7.258781390895745,0.0,7.489986553870073,0.0,13.426456451821426,0.0,3.5823532757686753,0.0,3.67642811512707,0.0,0.8299312208362699,0.0,-1.618055327787167,0.0,0.9709310629318051,0.0,""
"2026-09-25 17:22:15","git-master-bddc7a050319718b5e4e0856afec0bc9ea96418f","C:\Users\marco\Desktop\ds004507\derivatives\labels\sub-011\ses-headDown\anat\sub-011_ses-headDown_T2w_seg-manual.nii.gz","864","4","",79.08432462527004,0.0,0.8891796366660123,0.0,2.5756494215303625,0.0,7.2586603672851275,0.0,7.4936240497771776,0.0,13.393595396782729,0.0,3.5524798008102554,0.0,3.706180566474872,0.0,0.8288347098113734,0.0,-1.511728188944053,0.0,0.9699254315494582,0.0,""
"2026-09-25 17:22:15","git-master-bddc7a050319718b5e4e0856afec0bc9ea96418f","C:\Users\marco\Desktop\ds004507\derivatives\labels\sub-011\ses-headDown\anat\sub-011_ses-headDown_T2w_seg-manual.nii.gz","865","4","",79.00644302238115,0.0,0.8878345756103626,0.0,2.531145780495723,0.0,7.259012830936422,0.0,7.49064656485389,0.0,13.38567014343964,0.0,3.4885522480188027,0.0,3.7704605829176194,0.0,0.8287526615610809,0.0,-1.5334497593575465,0.0,0.9696118105803805,0.0,""
"2026-09-25 17:22:15","git-master-bddc7a050319718b5e4e0856afec0bc9ea96418f","C:\Users\marco\Desktop\ds004507\derivatives\labels\sub-011\ses-headDown\anat\sub-011_ses-headDown_T2w_seg-manual.nii.gz","866","4","",78.44452966214168,0.0,0.8869316977597076,0.0,2.4868177886381533,0.0,7.260749623141173,0.0,7.50353342664177,0.0,13.280473250641686,0.0,3.4908022976809234,0.0,3.7699473254602496,0.0,0.825078489830409,0.0,-1.923025851526222,0.0,0.9679932363424629,0.0,""
"2026-09-25 17:22:15","git-master-bddc7a050319718b5e4e0856afec0bc9ea96418f","C:\Users\marco\Desktop\ds004507\derivatives\labels\sub-011\ses-headDown\anat\sub-011_ses-headDown_T2w_seg-manual.nii.gz","867","4","",78.60832121098618,0.0,0.8864710039475782,0.0,2.442665567534783,0.0,7.264928843535501,0.0,7.470904782993689,0.0,13.364636640984651,0.0,3.495525331168517,0.0,3.769403512366985,0.0,0.829127023048637,0.0,-2.6560044024500145,0.0,0.964909896571449,0.0,""
"2026-09-25 17:22:15","git-master-bddc7a050319718b5e4e0856afec0bc9ea96418f","C:\Users\marco\Desktop\ds004507\derivatives\labels\sub-011\ses-headDown\anat\sub-011_ses-headDown_T2w_seg-manual.nii.gz","868","4","",78.40932727179863,0.0,0.8863787970720312,0.0,2.3986599015888985,0.0,7.265479433958317,0.0,7.459001079868718,0.0,13.352416507051755,0.0,3.5001170299552404,0.0,3.7653624040030773,0.0,0.8293985290283518,0.0,-2.7357487280058064,0.0,0.9647818644745556,0.0,""
"2026-09-25 17:22:15","git-master-bddc7a050319718b5e4e0856afec0bc9ea96418f","C:\Users\marco\Desktop\ds004507\derivatives\labels\sub-011\ses-headDown\anat\sub-011_ses-headDown_T2w_seg-manual.nii.gz","869","4","",78.16997594874141,0.0,0.8866550771529315,0.0,2.354800849693407,0.0,7.262916169975828,0.0,7.47745902480648,0.0,13.2863505372593,0.0,3.5033720237730144,0.0,3.759544146202813,0.0,0.8265984818483438,0.0,-2.2147922791017027,0.0,0.9670307819617048,0.0,""
"2026-09-25 17:22:15","git-master-bddc7a050319718b5e4e0856afec0bc9ea96418f","C:\Users\marco\Desktop\ds004507\derivatives\labels\sub-011\ses-headDown\anat\sub-011_ses-headDown_T2w_seg-manual.nii.gz","870","4","",78.7367367401589,0.0,0.8872998441308976,0.0,2.311088470364299,0.0,7.2601352099859024,0.0,7.518738230971511,0.0,13.325564174316739,0.0,3.504304315178006,0.0,3.7558308948078962,0.0,0.8256148231377727,0.0,-1.5242113349738486,0.0,0.9692231322908911,0.0,""
"2026-09-25 17:22:15","git-master-bddc7a050319718b5e4e0856afec0bc9ea96418f","C:\Users\marco\Desktop\ds004507\derivatives\labels\sub-011\ses-headDown\anat\sub-011_ses-headDown_T2w_seg-manual.nii.gz","871","3","",79.0684384537,0.0,0.8887921057681093,0.0,2.255151022606704,0.0,7.376181858913382,0.0,7.538492426272775,0.0,13.343166610690444,0.0,3.5251255785634004,0.0,3.8510562803499813,0.0,0.8251112624409882,0.0,-0.7336470491807623,0.0,0.9425825825825825,0.0,""
"2026-09-25 17:22:15","git-master-bddc7a050319718b5e4e0856afec0bc9ea96418f","C:\Users\marco\Desktop\ds004507\derivatives\labels\sub-011\ses-headDown\anat\sub-011_ses-headDown_T2w_seg-manual.nii.gz","872","3","",78.44614855550692,0.0,0.8906482613811646,0.0,2.2072103009769397,0.0,7.480049770814823,0.0,7.587912205878344,0.0,13.16093086450445,0.0,3.6322150550604095,0.0,3.8478347157544133,0.0,0.8170250420734044,0.0,-0.28423026442386334,0.0,0.9382124071230116,0.0,""
"2026-09-25 17:22:15","git-master-bddc7a050319718b5e4e0856afec0bc9ea96418f","C:\Users\marco\Desktop\ds004507\derivatives\labels\sub-011\ses-headDown\anat\sub-011_ses-headDown_T2w_seg-manual.nii.gz","873","3","",78.87168016081618,0.0,0.8929834464693645,0.0,2.159460619577259,0.0,7.5844820736920555,0.0,7.647029414213444,0.0,13.121002787209676,0.0,3.7391147485376877,0.0,3.8453673251543683,0.0,0.812601895976141,0.0,-0.42616729233245054,0.0,0.9409125883031059,0.0,""
"2026-09-25 17:22:15","git-master-bddc7a050319718b5e4e0856afec0bc9ea96418f","C:\Users\marco\Desktop\ds004507\derivatives\labels\sub-011\ses-headDown\anat\sub-011_ses-headDown_T2w_seg-manual.nii.gz","874","3","",79.07554863671926,0.0,0.8957976592451792,0.0,2.111902073088812,0.0,7.618364673440249,0.0,7.66567600103162,0.0,13.117042260839805,0.0,3.775626650958269,0.0,3.8427380224819805,0.0,0.8114615303561249,0.0,-0.5101480245307329,0.0,0.9420820820820821,0.0,""
"2026-09-25 17:22:15","git-master-bddc7a050319718b5e4e0856afec0bc9ea96418f","C:\Users\marco\Desktop\ds004507\derivatives\labels\sub-011\ses-headDown\anat\sub-011_ses-headDown_T2w_seg-manual.nii.gz","875","3","",78.91666325265363,0.0,0.8990908975907694,0.0,2.0645347547586783,0.0,7.670186385220967,0.0,7.712987363742409,0.0,13.009652475815706,0.0,3.8292689665632436,0.0,3.840917418657724,0.0,0.8051464155675689,0.0,-1.0228706235332372,0.0,0.9479012965090151,0.0,""
"2026-09-25 17:22:15","git-master-bddc7a050319718b5e4e0856afec0bc9ea96418f","C:\Users\marco\Desktop\ds004507\derivatives\labels\sub-011\ses-headDown\anat\sub-011_ses-headDown_T2w_seg-manual.nii.gz","876","3","",78.49574329056897,0.0,0.9028631590537127,0.0,2.017358756409943,0.0,7.743206522146947,0.0,7.763468981170589,0.0,12.866111563735272,0.0,3.873315852600637,0.0,3.8698906695463093,0.0,0.7974354735468857,0.0,-1.6368580941629964,0.0,0.9535537330183448,0.0,""
"2026-09-25 17:22:15","git-master-bddc7a050319718b5e4e0856afec0bc9ea96418f","C:\Users\marco\Desktop\ds004507\derivatives\labels\sub-011\ses-headDown\anat\sub-011_ses-headDown_T2w_seg-manual.nii.gz","877","3","",77.8732233677068,0.0,0.9071144408422847,0.0,1.9703741684517728,0.0,7.777873371831326,0.0,7.737277516200504,0.0,12.833820838693855,0.0,3.8410771001235275,0.0,3.936796271707799,0.0,0.7978296897641031,0.0,-1.6139622045745106,0.0,0.94985302407916,0.0,""
"2026-09-25 17:22:15","git-master-bddc7a050319718b5e4e0856afec0bc9ea96418f","C:\Users\marco\Desktop\ds004507\derivatives\labels\sub-011\ses-headDown\anat\sub-011_ses-headDown_T2w_seg-manual.nii.gz","878","3","",77.27075159372978,0.0,0.9118447398202966,0.0,1.923581079889475,0.0,7.855922326948914,0.0,7.715892725765134,0.0,12.777103038001982,0.0,3.920702078001807,0.0,3.9352202489471066,0.0,0.7970717863304015,0.0,-1.7906839053183181,0.0,0.9512590007986111,0.0,""
"2026-09-25 17:22:15","git-master-bddc7a050319718b5e4e0856afec0bc9ea96418f","C:\Users\marco\Desktop\ds004507\derivatives\labels\sub-011\ses-headDown\anat\sub-011_ses-headDown_T2w_seg-manual.nii.gz","879","3","",77.27272125814889,0.0,0.9171277460267431,0.0,1.8770090720416615,0.0,7.856106835847605,0.0,7.740399227571381,0.0,12.775253533782456,0.0,3.9233029285066197,0.0,3.932803907340985,0.0,0.7955478199971867,0.0,-1.8112000757406463,0.0,0.953137049523929,0.0,""
"2026-09-25 17:22:15","git-master-bddc7a050319718b5e4e0856afec0bc9ea96418f","C:\Users\marco\Desktop\ds004507\derivatives\labels\sub-011\ses-headDown\anat\sub-011_ses-headDown_T2w_seg-manual.nii.gz","880","3","",77.00256010553022,0.0,0.9229081835286516,0.0,1.8306361467168268,0.0,7.807932329668259,0.0,7.732619650523493,0.0,12.748604974778194,0.0,3.851402763864018,0.0,3.9565295658042405,0.0,0.7950478755550584,0.0,-1.850189520743898,0.0,0.9540384109794824,0.0,""
"2026-09-25 17:22:15","git-master-bddc7a050319718b5e4e0856afec0bc9ea96418f","C:\Users\marco\Desktop\ds004507\derivatives\labels\sub-011\ses-headDown\anat\sub-011_ses-headDown_T2w_seg-manual.nii.gz","881","3","",76.69201315174338,0.0,0.9291676241862228,0.0,1.7844550181486174,0.0,7.786803195209929,0.0,7.719792665880499,0.0,12.72550264363489,0.0,3.82724206708176,0.0,3.959561128128169,0.0,0.7949770687841956,0.0,-2.2480294756824684,0.0,0.9538707547013313,0.0,""
"2026-09-25 17:22:15","git-master-bddc7a050319718b5e4e0856afec0bc9ea96418f","C:\Users\marco\Desktop\ds004507\derivatives\labels\sub-011\ses-headDown\anat\sub-011_ses-headDown_T2w_seg-manual.nii.gz","882","3","",75.86735886188562,0.0,0.9359060630478108,0.0,1.7384657685822669,0.0,7.656239705932298,0.0,7.625287160217779,0.0,12.766672144860166,0.0,3.781119399822996,0.0,3.875120306109302,0.0,0.8019083354616947,0.0,-2.498910589604833,0.0,0.9508640204281793,0.0,""
"2026-09-25 17:22:15","git-master-bddc7a050319718b5e4e0856afec0bc9ea96418f","C:\Users\marco\Desktop\ds004507\derivatives\labels\sub-011\ses-headDown\anat\sub-011_ses-headDown_T2w_seg-manual.nii.gz","883","3","",75.10306540654375,0.0,0.9431234947664117,0.0,1.6926684789274165,0.0,7.547778847251813,0.0,7.537214844996498,0.0,12.804929416820247,0.0,3.732248462812415,0.0,3.815530384439398,0.0,0.8084023116671624,0.0,-2.243513912798814,0.0,0.9483471897770196,0.0,""
"2026-09-25 17:22:15","git-master-bddc7a050319718b5e4e0856afec0bc9ea96418f","C:\Users\marco\Desktop\ds004507\derivatives\labels\sub-011\ses-headDown\anat\sub-011_ses-headDown_T2w_seg-manual.nii.gz","884","3","",75.10464390858908,0.0,0.9508199135899894,0.0,1.6470632287680742,0.0,7.6035256777012945,0.0,7.558848829553277,0.0,12.77069677708992,0.0,3.738052640048208,0.0,3.8654730376530866,0.0,0.8060186007739462,0.0,-1.703594007152065,0.0,0.9478482505963036,0.0,""
"2026-09-25 17:22:15","git-master-bddc7a050319718b5e4e0856afec0bc9ea96418f","C:\Users\marco\Desktop\ds004507\derivatives\labels\sub-011\ses-headDown\anat\sub-011_ses-headDown_T2w_seg-manual.nii.gz","885","3","",75.04569203819204,0.0,0.9589953133513582,0.0,1.6016500963725608,0.0,7.540411397405694,0.0,7.549942565842593,0.0,12.77826329638388,0.0,3.7398863550838732,0.0,3.800525042321821,0.0,0.8067804982169551,0.0,-1.6760338637744974,0.0,0.9413812658997862,0.0,""
"2026-09-25 17:22:15","git-master-bddc7a050319718b5e4e0856afec0bc9ea96418f","C:\Users\marco\Desktop\ds004507\derivatives\labels\sub-011\ses-headDown\anat\sub-011_ses-headDown_T2w_seg-manual.nii.gz","886","3","",74.10992483830907,0.0,0.9677049525711315,0.0,1.5564513469732995,0.0,7.33125348516415,0.0,7.438297876766481,0.0,12.79161016752427,0.0,3.732019928772289,0.0,3.599233556391861,0.0,0.8135385749136473,0.0,-2.34133448286576,0.0,0.9461491894688214,0.0,""
"2026-09-25 17:22:15","git-master-bddc7a050319718b5e4e0856afec0bc9ea96418f","C:\Users\marco\Desktop\ds004507\derivatives\labels\sub-011\ses-headDown\anat\sub-011_ses-headDown_T2w_seg-manual.nii.gz","887","3","",73.76350627256298,0.0,0.9769303995170073,0.0,1.5114596880926592,0.0,7.268674139868292,0.0,7.3832389457942735,0.0,12.812011775006894,0.0,3.660106396889608,0.0,3.6085677429786833,0.0,0.8172498316636608,0.0,-2.2321257852242837,0.0,0.9593628757516959,0.0,""
"2026-09-25 17:22:15","git-master-bddc7a050319718b5e4e0856afec0bc9ea96418f","C:\Users\marco\Desktop\ds004507\derivatives\labels\sub-011\ses-headDown\anat\sub-011_ses-headDown_T2w_seg-manual.nii.gz","888","3","",73.67056981473841,0.0,0.9866348021601986,0.0,1.4666604078942709,0.0,7.409235822845608,0.0,7.4612029284087305,0.0,12.677511086038445,0.0,3.7042580354122876,0.0,3.7049777874333207,0.0,0.8083093705304891,0.0,-2.535889165126886,0.0,0.9525245761753387,0.0,""
"2026-09-25 17:22:15","git-master-bddc7a050319718b5e4e0856afec0bc9ea96418f","C:\Users\marco\Desktop\ds004507\derivatives\labels\sub-011\ses-headDown\anat\sub-011_ses-headDown_T2w_seg-manual.nii.gz","889","3","",73.47863692425905,0.0,0.9968181520870733,0.0,1.4220535783178567,0.0,7.495545735566352,0.0,7.516419424345131,0.0,12.558096283583629,0.0,3.7448211840124594,0.0,3.7507245515538923,0.0,0.8010888298520172,0.0,-2.369173048851967,0.0,0.9475746999259149,0.0,""
"2026-09-25 17:22:15","git-master-bddc7a050319718b5e4e0856afec0bc9ea96418f","C:\Users\marco\Desktop\ds004507\derivatives\labels\sub-011\ses-headDown\anat\sub-011_ses-headDown_T2w_seg-manual.nii.gz","890","3","",73.31006806931762,0.0,1.0074804403843927,0.0,1.3776392700548348,0.0,7.409512299116047,0.0,7.466094051668275,0.0,12.604067781750514,0.0,3.71293023292389,0.0,3.6965820661921565,0.0,0.8054857734433034,0.0,-1.9023812544649028,0.0,0.9546227216439982,0.0,""
"2026-09-25 17:22:15","git-master-bddc7a050319718b5e4e0856afec0bc9ea96418f","C:\Users\marco\Desktop\ds004507\derivatives\labels\sub-011\ses-headDown\anat\sub-011_ses-headDown_T2w_seg-manual.nii.gz","891","3","",73.32464634396842,0.0,1.0186216576246883,0.0,1.333417552558132,0.0,7.313081280576645,0.0,7.401360192472724,0.0,12.707508805428917,0.0,3.652474587503349,0.0,3.6606066930732957,0.0,0.812752430698068,0.0,-1.9488118003746364,0.0,0.9623929344353884,0.0,""
"2026-09-25 17:22:15","git-master-bddc7a050319718b5e4e0856afec0bc9ea96418f","C:\Users\marco\Desktop\ds004507\derivatives\labels\sub-011\ses-headDown\anat\sub-011_ses-headDown_T2w_seg-manual.nii.gz","892","3","",73.30050300017142,0.0,1.030241793851195,0.0,1.2893884940519853,0.0,7.508071208224696,0.0,7.510897972750191,0.0,12.53650600571476,0.0,3.6638043426182785,0.0,3.8442668656064174,0.0,0.8006575232802929,0.0,-2.6483335026403663,0.0,0.9520846559883059,0.0,""
"2026-09-25 17:22:15","git-master-bddc7a050319718b5e4e0856afec0bc9ea96418f","C:\Users\marco\Desktop\ds004507\derivatives\labels\sub-011\ses-headDown\anat\sub-011_ses-headDown_T2w_seg-manual.nii.gz","893","3","",73.30146233807993,0.0,1.0423776765151629,0.0,1.2455669933133169,0.0,7.503933671095357,0.0,7.5076647550138365,0.0,12.549051631028712,0.0,3.6632818365296504,0.0,3.8406518345657066,0.0,0.8012978397046439,0.0,-1.7763894750826914,0.0,0.953162730763317,0.0,""
"2026-09-25 17:22:15","git-master-bddc7a050319718b5e4e0856afec0bc9ea96418f","C:\Users\marco\Desktop\ds004507\derivatives\labels\sub-011\ses-headDown\anat\sub-011_ses-headDown_T2w_seg-manual.nii.gz","894","3","",72.4512002800656,0.0,1.055047709495045,0.0,1.2019605532627147,0.0,7.31265157828663,0.0,7.36924044990384,0.0,12.61082881034096,0.0,3.6643238037541175,0.0,3.6483277745325124,0.0,0.8114406057246748,0.0,-2.005788535710582,0.0,0.9609520203936166,0.0,""
"2026-09-25 17:22:15","git-master-bddc7a050319718b5e4e0856afec0bc9ea96418f","C:\Users\marco\Desktop\ds004507\derivatives\labels\sub-011\ses-headDown\anat\sub-011_ses-headDown_T2w_seg-manual.nii.gz","895","3","",72.73056377514035,0.0,1.0681966220251697,0.0,1.1585469990608395,0.0,7.267175502935701,0.0,7.3413213042551675,0.0,12.698272657196007,0.0,3.6661692667019197,0.0,3.6010062362337814,0.0,0.8159311060180418,0.0,-2.1901128369815748,0.0,0.964241059477505,0.0,""
"2026-09-25 17:22:15","git-master-bddc7a050319718b5e4e0856afec0bc9ea96418f","C:\Users\marco\Desktop\ds004507\derivatives\labels\sub-011\ses-headDown\anat\sub-011_ses-headDown_T2w_seg-manual.nii.gz","896","3","",72.59015767457817,0.0,1.0818244012586025,0.0,1.1153263930285247,0.0,7.269898636874848,0.0,7.342528093293714,0.0,12.6752351161822,0.0,3.6674452141388576,0.0,3.602453422735991,0.0,0.8151143385617022,0.0,-2.654534258031239,0.0,0.9629549012468885,0.0,""
"2026-09-25 17:22:15","git-master-bddc7a050319718b5e4e0856afec0bc9ea96418f","C:\Users\marco\Desktop\ds004507\derivatives\labels\sub-011\ses-headDown\anat\sub-011_ses-headDown_T2w_seg-manual.nii.gz","897","3","",72.24802771626882,0.0,1.0959310337011547,0.0,1.0722987963242034,0.0,7.272131614011629,0.0,7.341349605702917,0.0,12.622452711110528,0.0,3.668521118228451,0.0,3.6036104957831774,0.0,0.8134674901977605,0.0,-3.023823456430392,0.0,0.9612178779176791,0.0,""
"2026-09-25 17:22:15","git-master-bddc7a050319718b5e4e0856afec0bc9ea96418f","C:\Users\marco\Desktop\ds004507\derivatives\labels\sub-011\ses-headDown\anat\sub-011_ses-headDown_T2w_seg-manual.nii.gz","898","3","",72.15791437375576,0.0,1.1105165051918195,0.0,1.0294642689535498,0.0,7.272894155379612,0.0,7.3414908102873655,0.0,12.607522594900678,0.0,3.644911115559266,0.0,3.627983039820346,0.0,0.8129633164287395,0.0,-3.111696592781307,0.0,0.9631878750319935,0.0,""
"2026-09-25 17:22:15","git-master-bddc7a050319718b5e4e0856afec0bc9ea96418f","C:\Users\marco\Desktop\ds004507\derivatives\labels\sub-011\ses-headDown\anat\sub-011_ses-headDown_T2w_seg-manual.nii.gz","899","3","",71.92657196879358,0.0,1.1255808008827697,0.0,0.9868228697791006,0.0,7.27445716178231,0.0,7.3443854293854685,0.0,12.561803270272158,0.0,3.582317668695562,0.0,3.692139493086749,0.0,0.8112780380058345,0.0,-3.297044098176065,0.0,0.9688998438961701,0.0,""
"2026-09-25 17:22:15","git-master-bddc7a050319718b5e4e0856afec0bc9ea96418f","C:\Users\marco\Desktop\ds004507\derivatives\labels\sub-011\ses-headDown\anat\sub-011_ses-headDown_T2w_seg-manual.nii.gz","900","3","",72.23967654290897,0.0,1.1411423201164956,0.0,0.9443820895364172,0.0,7.271720104731113,0.0,7.3699988759931045,0.0,12.567979863562558,0.0,3.6696694669316194,0.0,3.602050637799494,0.0,0.810013743027947,0.0,-2.8865854855957207,0.0,0.9692483152567459,0.0,""
"2026-09-25 17:22:15","git-master-bddc7a050319718b5e4e0856afec0bc9ea96418f","C:\Users\marco\Desktop\ds004507\derivatives\labels\sub-011\ses-headDown\anat\sub-011_ses-headDown_T2w_seg-manual.nii.gz","901","3","",71.94769711379209,0.0,1.157256286277726,0.0,0.902164299490403,0.0,7.269972953709729,0.0,7.381728769269721,0.0,12.497237450188532,0.0,3.67417388727603,0.0,3.595799066433699,0.0,0.8069072185345447,0.0,-2.581723925419688,0.0,0.9647172266145301,0.0,""
"2026-09-25 17:22:15","git-master-bddc7a050319718b5e4e0856afec0bc9ea96418f","C:\Users\marco\Desktop\ds004507\derivatives\labels\sub-011\ses-headDown\anat\sub-011_ses-headDown_T2w_seg-manual.nii.gz","902","3","",71.88758065993085,0.0,1.1738490188395663,0.0,0.8601398327822232,0.0,7.273311353043098,0.0,7.415494461381322,0.0,12.42393911851313,0.0,3.6762670452068003,0.0,3.5970443078362986,0.0,0.8023162888468907,0.0,-3.079876300281644,0.0,0.969573470911343,0.0,""
"2026-09-25 17:22:15","git-master-bddc7a050319718b5e4e0856afec0bc9ea96418f","C:\Users\marco\Desktop\ds004507\derivatives\labels\sub-011\ses-headDown\anat\sub-011_ses-headDown_T2w_seg-manual.nii.gz","903","3","",71.88790619966112,0.0,1.190920499208061,0.0,0.8183087427886833,0.0,7.271503413944277,0.0,7.416940266891384,0.0,12.419707556618807,0.0,3.6766559196774633,0.0,3.594847494266814,0.0,0.8020935018025266,0.0,-2.7701472547960044,0.0,0.9676385616527825,0.0,""
"2026-09-25 17:22:15","git-master-bddc7a050319718b5e4e0856afec0bc9ea96418f","C:\Users\marco\Desktop\ds004507\derivatives\labels\sub-011\ses-headDown\anat\sub-011_ses-headDown_T2w_seg-manual.nii.gz","904","3","",71.58544357320739,0.0,1.2084707079510737,0.0,0.7766710818084663,0.0,7.266824086935444,0.0,7.403998876148532,0.0,12.397274187058466,0.0,3.676149493545579,0.0,3.5906745933898656,0.0,0.802062063411891,0.0,-1.799618246512207,0.0,0.96224831254415,0.0,""
"2026-09-25 17:22:15","git-master-bddc7a050319718b5e4e0856afec0bc9ea96418f","C:\Users\marco\Desktop\ds004507\derivatives\labels\sub-011\ses-headDown\anat\sub-011_ses-headDown_T2w_seg-manual.nii.gz","905","3","",70.96015253299946,0.0,1.226499624773804,0.0,0.735226901071571,0.0,7.265098951794642,0.0,7.397499430120973,0.0,12.309880574071835,0.0,3.6759170311120064,0.0,3.5891819206826354,0.0,0.7992826178470839,0.0,-1.3420045746183742,0.0,0.9606850109051986,0.0,""
"2026-09-25 17:22:15","git-master-bddc7a050319718b5e4e0856afec0bc9ea96418f","C:\Users\marco\Desktop\ds004507\derivatives\labels\sub-011\ses-headDown\anat\sub-011_ses-headDown_T2w_seg-manual.nii.gz","906","3","",70.63330904920325,0.0,1.2450072284938674,0.0,0.6939762507487316,0.0,7.283760454896673,0.0,7.407879013668821,0.0,12.235196118480788,0.0,3.6926822704692843,0.0,3.591078184427389,0.0,0.795875375343808,0.0,-2.013067955080375,0.0,0.9611695327904607,0.0,""
"2026-09-25 17:22:15","git-master-bddc7a050319718b5e4e0856afec0bc9ea96418f","C:\Users\marco\Desktop\ds004507\derivatives\labels\sub-011\ses-headDown\anat\sub-011_ses-headDown_T2w_seg-manual.nii.gz","907","3","",71.85709594227656,0.0,1.2639934970159314,0.0,0.6529191799608213,0.0,7.383464760697087,0.0,7.509747957054015,0.0,12.28149350493554,0.0,3.7958723604611695,0.0,3.587592400235917,0.0,0.7912686772396983,0.0,-1.6600809570265023,0.0,0.9484549638395793,0.0,""
"2026-09-25 17:22:15","git-master-bddc7a050319718b5e4e0856afec0bc9ea96418f","C:\Users\marco\Desktop\ds004507\derivatives\labels\sub-011\ses-headDown\anat\sub-011_ses-headDown_T2w_seg-manual.nii.gz","908","2","",71.85686665527305,0.0,1.2867047935439706,0.0,0.6055081160591919,0.0,7.385518244181323,0.0,7.564105056118898,0.0,12.190354065246105,0.0,3.697120197990758,0.0,3.6883980461905654,0.0,0.784207071829775,0.0,-2.1482194195437168,0.0,0.9442262372348782,0.0,""
"2026-09-25 17:22:15","git-master-bddc7a050319718b5e4e0856afec0bc9ea96418f","C:\Users\marco\Desktop\ds004507\derivatives\labels\sub-011\ses-headDown\anat\sub-011_ses-headDown_T2w_seg-manual.nii.gz","909","2","",71.85680883159014,0.0,1.3077413763665582,0.0,0.5630795337350119,0.0,7.493012430270597,0.0,7.614804342669586,0.0,12.123797732129175,0.0,3.804091570806555,0.0,3.6889208594640412,0.0,0.7781323283554595,0.0,-1.7797760049042854,0.0,0.9416818249764244,0.0,""
"2026-09-25 17:22:15","git-master-bddc7a050319718b5e4e0856afec0bc9ea96418f","C:\Users\marco\Desktop\ds004507\derivatives\labels\sub-011\ses-headDown\anat\sub-011_ses-headDown_T2w_seg-manual.nii.gz","910","2","",71.83405194744063,0.0,1.329308071046369,0.0,0.5208655689761135,0.0,7.693903249946588,0.0,7.7059371141763915,0.0,11.996819927969831,0.0,3.897699670145431,0.0,3.796203579801156,0.0,0.7663492190010484,0.0,-0.956053044779936,0.0,0.9337061790897998,0.0,""
"2026-09-25 17:22:15","git-master-bddc7a050319718b5e4e0856afec0bc9ea96418f","C:\Users\marco\Desktop\ds004507\derivatives\labels\sub-011\ses-headDown\anat\sub-011_ses-headDown_T2w_seg-manual.nii.gz","911","2","",72.08210751623189,0.0,1.3514048446996076,0.0,0.47886627432711937,0.0,7.826217558067565,0.0,7.784154437902262,0.0,11.913624348378184,0.0,3.9190539591110576,0.0,3.9071635989565072,0.0,0.7569862353369031,0.0,-1.040566520807984,0.0,0.939810817600925,0.0,""
"2026-09-25 17:22:15","git-master-bddc7a050319718b5e4e0856afec0bc9ea96418f","C:\Users\marco\Desktop\ds004507\derivatives\labels\sub-011\ses-headDown\anat\sub-011_ses-headDown_T2w_seg-manual.nii.gz","912","2","",72.19066534814922,0.0,1.374031662937339,0.0,0.4370817010065613,0.0,7.865443183293855,0.0,7.825029371551996,0.0,11.860014398287337,0.0,3.9197980597451245,0.0,3.94564512354873,0.0,0.7514444074629035,0.0,-1.8788846613543027,0.0,0.945168872203705,0.0,""
"2026-09-25 17:22:15","git-master-bddc7a050319718b5e4e0856afec0bc9ea96418f","C:\Users\marco\Desktop\ds004507\derivatives\labels\sub-011\ses-headDown\anat\sub-011_ses-headDown_T2w_seg-manual.nii.gz","913","2","",72.00898087505252,0.0,1.3971884898161102,0.0,0.39551189892189537,0.0,7.9270814008142985,0.0,7.861882565915343,0.0,11.776483295129761,0.0,3.9309571231223313,0.0,3.9961242776919677,0.0,0.7444596011735913,0.0,-2.220034347477753,0.0,0.9450748854309544,0.0,""
"2026-09-25 17:22:15","git-master-bddc7a050319718b5e4e0856afec0bc9ea96418f","C:\Users\marco\Desktop\ds004507\derivatives\labels\sub-011\ses-headDown\anat\sub-011_ses-headDown_T2w_seg-manual.nii.gz","914","2","",71.97231577330221,0.0,1.4208752877875315,0.0,0.3541569166844685,0.0,7.933636832949131,0.0,7.903668393041664,0.0,11.702141504414342,0.0,3.9343944440764553,0.0,3.999242388872675,0.0,0.7374379994455309,0.0,-2.3946211120744367,0.0,0.9429675247394872,0.0,""
"2026-09-25 17:22:15","git-master-bddc7a050319718b5e4e0856afec0bc9ea96418f","C:\Users\marco\Desktop\ds004507\derivatives\labels\sub-011\ses-headDown\anat\sub-011_ses-headDown_T2w_seg-manual.nii.gz","915","2","",71.9718588369374,0.0,1.4447381214820205,0.0,0.31468584514219045,0.0,7.853858863751042,0.0,7.90536607037872,0.0,11.68458178580028,0.0,3.922780664705778,0.0,3.931078199045264,0.0,0.7363739740474666,0.0,-2.814401445357245,0.0,0.9425532295362707,0.0,""
"2026-09-25 17:22:15","git-master-bddc7a050319718b5e4e0856afec0bc9ea96418f","C:\Users\marco\Desktop\ds004507\derivatives\labels\sub-011\ses-headDown\anat\sub-011_ses-headDown_T2w_seg-manual.nii.gz","916","2","",71.5360847144125,0.0,1.4679512145543605,0.0,0.2809931917563723,0.0,7.833864655002781,0.0,7.8456264271725065,0.0,11.706857106841195,0.0,3.921961785879468,0.0,3.9119028691233133,0.0,0.7421699849866642,0.0,-2.859810545667877,0.0,0.9435241676665413,0.0,""
"2026-09-25 17:22:15","git-master-bddc7a050319718b5e4e0856afec0bc9ea96418f","C:\Users\marco\Desktop\ds004507\derivatives\labels\sub-011\ses-headDown\anat\sub-011_ses-headDown_T2w_seg-manual.nii.gz","917","2","",71.89823354412363,0.0,1.4898068155122597,0.0,0.25641717969086075,0.0,7.7771825478120205,0.0,7.826112020162686,0.0,11.795631442980183,0.0,3.9343197550565745,0.0,3.842862792755447,0.0,0.7481729129669703,0.0,-3.4779726990806936,0.0,0.9412591527146852,0.0,""
"2026-09-25 17:22:15","git-master-bddc7a050319718b5e4e0856afec0bc9ea96418f","C:\Users\marco\Desktop\ds004507\derivatives\labels\sub-011\ses-headDown\anat\sub-011_ses-headDown_T2w_seg-manual.nii.gz","918","2","",72.55051470722299,0.0,1.5103049964438036,0.0,0.2409579347562343,0.0,7.993756026332552,0.0,7.935036251219092,0.0,11.744258026113885,0.0,4.043151621836073,0.0,3.9506044044964783,0.0,0.7372203330456282,0.0,-3.3240051343403625,0.0,0.9437313626345132,0.0,""
"2026-09-25 17:22:15","git-master-bddc7a050319718b5e4e0856afec0bc9ea96418f","C:\Users\marco\Desktop\ds004507\derivatives\labels\sub-011\ses-headDown\anat\sub-011_ses-headDown_T2w_seg-manual.nii.gz","919","2","",72.87633560060995,0.0,1.5292761686041099,0.0,0.23575513781033783,0.0,7.986019435069438,0.0,7.882313981260669,0.0,11.882225985283759,0.0,3.95249735092678,0.0,4.033522084142659,0.0,0.7482571753205791,0.0,-2.03766788190714,0.0,0.9539501045360718,0.0,""
"2026-09-25 17:22:15","git-master-bddc7a050319718b5e4e0856afec0bc9ea96418f","C:\Users\marco\Desktop\ds004507\derivatives\labels\sub-011\ses-headDown\anat\sub-011_ses-headDown_T2w_seg-manual.nii.gz","920","2","",72.62182413079668,0.0,1.5468900745621403,0.0,0.23966920709643308,0.0,7.978178065757801,0.0,7.88552947469841,0.0,11.8373773289645,0.0,3.924888081414426,0.0,4.053289984343375,0.0,0.7458033854241434,0.0,-1.780007725367287,0.0,0.9531163057357558,0.0,""
"2026-09-25 17:22:15","git-master-bddc7a050319718b5e4e0856afec0bc9ea96418f","C:\Users\marco\Desktop\ds004507\derivatives\labels\sub-011\ses-headDown\anat\sub-011_ses-headDown_T2w_seg-manual.nii.gz","921","2","",72.80253944481343,0.0,1.5631467760195588,0.0,0.25270012258863783,0.0,8.059602189323577,0.0,7.958943227470396,0.0,11.755448102890227,0.0,4.004587337340339,0.0,4.0550148519832385,0.0,0.7358693213785472,0.0,-2.4646718493892434,0.0,0.9510509054865949,0.0,""
"2026-09-25 17:22:15","git-master-bddc7a050319718b5e4e0856afec0bc9ea96418f","C:\Users\marco\Desktop\ds004507\derivatives\labels\sub-011\ses-headDown\anat\sub-011_ses-headDown_T2w_seg-manual.nii.gz","922","2","",73.12831237441519,0.0,1.578046331064031,0.0,0.27484782541623176,0.0,8.213548004481844,0.0,8.064596957191966,0.0,11.647357660676521,0.0,4.099265366024966,0.0,4.114282638456877,0.0,0.7213581357537809,0.0,-2.717658230533488,0.0,0.9519126488172381,0.0,""
"2026-09-25 17:22:15","git-master-bddc7a050319718b5e4e0856afec0bc9ea96418f","C:\Users\marco\Desktop\ds004507\derivatives\labels\sub-011\ses-headDown\anat\sub-011_ses-headDown_T2w_seg-manual.nii.gz","923","2","",73.09136226461202,0.0,1.5915887939370876,0.0,0.3061122077698788,0.0,8.193463602574353,0.0,8.064400017754677,0.0,11.640989061015087,0.0,4.086808669236364,0.0,4.106654933337989,0.0,0.7210747957787288,0.0,-3.3216896604275052,0.0,0.9520828145133913,0.0,""
"2026-09-25 17:22:15","git-master-bddc7a050319718b5e4e0856afec0bc9ea96418f","C:\Users\marco\Desktop\ds004507\derivatives\labels\sub-011\ses-headDown\anat\sub-011_ses-headDown_T2w_seg-manual.nii.gz","924","2","",72.47406879606166,0.0,1.6037742148198328,0.0,0.3464930973990697,0.0,8.046506783365464,0.0,7.988137356084841,0.0,11.654874993013316,0.0,3.9886507040629695,0.0,4.057856079302495,0.0,0.7281769973229736,0.0,-3.4194403299133915,0.0,0.9510488449067145,0.0,""
"2026-09-25 17:22:15","git-master-bddc7a050319718b5e4e0856afec0bc9ea96418f","C:\Users\marco\Desktop\ds004507\derivatives\labels\sub-011\ses-headDown\anat\sub-011_ses-headDown_T2w_seg-manual.nii.gz","925","2","",72.25565992739124,0.0,1.6146026396364905,0.0,0.3959902367018782,0.0,8.083511330033131,0.0,8.023611950969446,0.0,11.56509629029283,0.0,3.9973052897732475,0.0,4.086206040259884,0.0,0.7198653260412288,0.0,-2.5185304201103262,0.0,0.9525762486803906,0.0,""
"2026-09-25 17:22:15","git-master-bddc7a050319718b5e4e0856afec0bc9ea96418f","C:\Users\marco\Desktop\ds004507\derivatives\labels\sub-011\ses-headDown\anat\sub-011_ses-headDown_T2w_seg-manual.nii.gz","926","2","",73.27027353238788,0.0,1.624074109875785,0.0,0.45460325640870025,0.0,8.337847136028273,0.0,8.197328878112044,0.0,11.469622867867832,0.0,4.180412089566554,0.0,4.1574350464617185,0.0,0.6994320639591607,0.0,-2.3132379626235284,0.0,0.9567447916666667,0.0,""
"2026-09-25 17:22:15","git-master-bddc7a050319718b5e4e0856afec0bc9ea96418f","C:\Users\marco\Desktop\ds004507\derivatives\labels\sub-011\ses-headDown\anat\sub-011_ses-headDown_T2w_seg-manual.nii.gz","927","2","",73.30550915464397,0.0,1.6321886624301423,0.0,0.5223316438623619,0.0,8.337427392037354,0.0,8.198670881836845,0.0,11.473560517610508,0.0,4.178378019383231,0.0,4.1590493726541204,0.0,0.6995610441823612,0.0,-2.5550379872656324,0.0,0.9570098568165561,0.0,""
"2026-09-25 17:22:15","git-master-bddc7a050319718b5e4e0856afec0bc9ea96418f","C:\Users\marco\Desktop\ds004507\derivatives\labels\sub-011\ses-headDown\anat\sub-011_ses-headDown_T2w_seg-manual.nii.gz","928","2","",73.63070754866358,0.0,1.638946329452711,0.0,0.5991747058978385,0.0,8.334522887969577,0.0,8.207406602115583,0.0,11.524311428277045,0.0,4.1676195698476795,0.0,4.166903318121896,0.0,0.701994920229426,0.0,-4.666366671636318,0.0,0.9603329431655612,0.0,""
"2026-09-25 17:22:15","git-master-bddc7a050319718b5e4e0856afec0bc9ea96418f","C:\Users\marco\Desktop\ds004507\derivatives\labels\sub-011\ses-headDown\anat\sub-011_ses-headDown_T2w_seg-manual.nii.gz","929","2","",73.30285714894444,0.0,1.6441775342655762,0.0,0.6862705359117385,0.0,8.356554819576832,0.0,8.235168709212875,0.0,11.447273746742905,0.0,4.187403650313155,0.0,4.169151169263676,0.0,0.6945818656038504,0.0,-4.253174040250053,0.0,0.9601650073702606,0.0,""
"2026-09-25 17:22:15","git-master-bddc7a050319718b5e4e0856afec0bc9ea96418f","C:\Users\marco\Desktop\ds004507\derivatives\labels\sub-011\ses-headDown\anat\sub-011_ses-headDown_T2w_seg-manual.nii.gz","930","2","",73.55460651395805,0.0,1.6480519073454811,0.0,0.7824784426129506,0.0,8.354911995000199,0.0,8.24928341882328,0.0,11.451358965063926,0.0,4.182158811718837,0.0,4.172753183281362,0.0,0.6935838555899192,0.0,-3.4822464826685886,0.0,0.9625967842445936,0.0,""
"2026-09-25 17:22:15","git-master-bddc7a050319718b5e4e0856afec0bc9ea96418f","C:\Users\marco\Desktop\ds004507\derivatives\labels\sub-011\ses-headDown\anat\sub-011_ses-headDown_T2w_seg-manual.nii.gz","931","2","",74.13265945686551,0.0,1.650569463368704,0.0,0.8877966949560385,0.0,8.35228189660662,0.0,8.246332943944163,0.0,11.537683045939811,0.0,4.177034390283692,0.0,4.175247506322927,0.0,0.6993619231833407,0.0,-2.9686171451101666,0.0,0.9621439325549975,0.0,""
"2026-09-25 17:22:15","git-master-bddc7a050319718b5e4e0856afec0bc9ea96418f","C:\Users\marco\Desktop\ds004507\derivatives\labels\sub-011\ses-headDown\anat\sub-011_ses-headDown_T2w_seg-manual.nii.gz","932","2","",74.56531880123676,0.0,1.6517302118530097,0.0,1.0022231224918372,0.0,8.35292346362857,0.0,8.270108539589039,0.0,11.567777764283768,0.0,4.174685648385293,0.0,4.178237815243278,0.0,0.6991923363567867,0.0,-3.1803633122280823,0.0,0.9628300750514104,0.0,""
"2026-09-25 17:22:15","git-master-bddc7a050319718b5e4e0856afec0bc9ea96418f","C:\Users\marco\Desktop\ds004507\derivatives\labels\sub-011\ses-headDown\anat\sub-011_ses-headDown_T2w_seg-manual.nii.gz","933","2","",74.52607844017412,0.0,1.651534157125917,0.0,1.1257550447254245,0.0,8.355724551511834,0.0,8.281878850238074,0.0,11.54389267071633,0.0,4.172437987532437,0.0,4.183286563979397,0.0,0.6966333810674828,0.0,-3.8083183261665323,0.0,0.9652525582736742,0.0,""
"2026-09-25 17:22:15","git-master-bddc7a050319718b5e4e0856afec0bc9ea96418f","C:\Users\marco\Desktop\ds004507\derivatives\labels\sub-011\ses-headDown\anat\sub-011_ses-headDown_T2w_seg-manual.nii.gz","934","2","",74.3412398543433,0.0,1.649981298310752,0.0,1.258389195187404,0.0,8.361484598095346,0.0,8.288005768708919,0.0,11.501503458033826,0.0,4.171420015585948,0.0,4.1900645825093985,0.0,0.6933284789405113,0.0,-4.487864289207193,0.0,0.9658048754064203,0.0,""
"2026-09-25 17:22:15","git-master-bddc7a050319718b5e4e0856afec0bc9ea96418f","C:\Users\marco\Desktop\ds004507\derivatives\labels\sub-011\ses-headDown\anat\sub-011_ses-headDown_T2w_seg-manual.nii.gz","935","2","",74.44585085235032,0.0,1.6470716293304946,0.0,1.400121640252623,0.0,8.327510013143272,0.0,8.27919732308577,0.0,11.521774684309959,0.0,4.136326015767726,0.0,4.191183997375545,0.0,0.6952839939929174,0.0,-4.48532131858631,0.0,0.9628950592149582,0.0,""
"2026-09-25 17:22:15","git-master-bddc7a050319718b5e4e0856afec0bc9ea96418f","C:\Users\marco\Desktop\ds004507\derivatives\labels\sub-011\ses-headDown\anat\sub-011_ses-headDown_T2w_seg-manual.nii.gz","936","2","",74.62225929386678,0.0,1.6428051389294096,0.0,1.5509476927464056,0.0,8.233640066968087,0.0,8.221150066009283,0.0,11.629811925681112,0.0,4.050970135567878,0.0,4.182669931400209,0.0,0.7072916141023727,0.0,-3.3103672150806718,0.0,0.9577607046596208,0.0,""
"2026-09-25 17:22:15","git-master-bddc7a050319718b5e4e0856afec0bc9ea96418f","C:\Users\marco\Desktop\ds004507\derivatives\labels\sub-011\ses-headDown\anat\sub-011_ses-headDown_T2w_seg-manual.nii.gz","937","2","",74.21778949480314,0.0,1.6371818107124714,0.0,1.7108618203848083,0.0,8.217733442413975,0.0,8.225898072751994,0.0,11.55922413979702,0.0,4.044651557764093,0.0,4.173081884649883,0.0,0.7025475211208347,0.0,-2.769126319390094,0.0,0.9493077468129835,0.0,""
"2026-09-25 17:22:15","git-master-bddc7a050319718b5e4e0856afec0bc9ea96418f","C:\Users\marco\Desktop\ds004507\derivatives\labels\sub-011\ses-headDown\anat\sub-011_ses-headDown_T2w_seg-manual.nii.gz","938","2","",73.23248389466009,0.0,1.6302016232025769,0.0,1.8798575491023242,0.0,8.115440132311898,0.0,8.126851961082913,0.0,11.534801317388357,0.0,4.037562033406231,0.0,4.077878098905667,0.0,0.709653688588341,0.0,-3.730058062183534,0.0,0.9532916991933386,0.0,""
"2026-09-25 17:22:15","git-master-bddc7a050319718b5e4e0856afec0bc9ea96418f","C:\Users\marco\Desktop\ds004507\derivatives\labels\sub-011\ses-headDown\anat\sub-011_ses-headDown_T2w_seg-manual.nii.gz","939","1","",73.58643295265993,0.0,1.6207497461937073,0.0,2.0789715581504633,0.0,8.116184691004495,0.0,8.148770285726739,0.0,11.46375156881407,0.0,4.028033201652195,0.0,4.0881514893523,0.0,0.7033645805771848,0.0,-3.8287560193841634,0.0,0.9616903633491312,0.0,""
"2026-09-25 17:22:15","git-master-bddc7a050319718b5e4e0856afec0bc9ea96418f","C:\Users\marco\Desktop\ds004507\derivatives\labels\sub-011\ses-headDown\anat\sub-011_ses-headDown_T2w_seg-manual.nii.gz","940","1","",72.97416567713576,0.0,1.6114597151783292,0.0,2.2543398650054742,0.0,8.010438980164569,0.0,8.07796573555014,0.0,11.457003355621774,0.0,4.023938664229893,0.0,3.986500315934676,0.0,0.7091310660430586,0.0,-3.3378889261744615,0.0,0.9572682458608585,0.0,""
"2026-09-25 17:22:15","git-master-bddc7a050319718b5e4e0856afec0bc9ea96418f","C:\Users\marco\Desktop\ds004507\derivatives\labels\sub-011\ses-headDown\anat\sub-011_ses-headDown_T2w_seg-manual.nii.gz","941","1","",73.08568882321968,0.0,1.6010388740495765,0.0,2.4372499833722663,0.0,8.068727012334273,0.0,8.108000711339058,0.0,11.435153520065782,0.0,4.096463246781117,0.0,3.9722637655531563,0.0,0.7051432201681694,0.0,-3.2120731489265135,0.0,0.9582880779728026,0.0,""
"2026-09-25 17:22:15","git-master-bddc7a050319718b5e4e0856afec0bc9ea96418f","C:\Users\marco\Desktop\ds004507\derivatives\labels\sub-011\ses-headDown\anat\sub-011_ses-headDown_T2w_seg-manual.nii.gz","942","1","",73.01494964761233,0.0,1.5894871915434938,0.0,2.6276930594157637,0.0,8.105004042260996,0.0,8.125057094257313,0.0,11.402346614680031,0.0,4.12091217512139,0.0,3.984091867139606,0.0,0.7015899770159768,0.0,-2.796508892112277,0.0,0.9613136190650757,0.0,""
"2026-09-25 17:22:15","git-master-bddc7a050319718b5e4e0856afec0bc9ea96418f","C:\Users\marco\Desktop\ds004507\derivatives\labels\sub-011\ses-headDown\anat\sub-011_ses-headDown_T2w_seg-manual.nii.gz","943","1","",73.18442151098665,0.0,1.5768046339859814,0.0,2.8256593330493947,0.0,8.139186956579547,0.0,8.179820060452883,0.0,11.385435070355326,0.0,4.141806966645573,0.0,3.997379989933973,0.0,0.6955160686595203,0.0,-1.9399116441246724,0.0,0.9636943465216902,0.0,""
"2026-09-25 17:22:15","git-master-bddc7a050319718b5e4e0856afec0bc9ea96418f","C:\Users\marco\Desktop\ds004507\derivatives\labels\sub-011\ses-headDown\anat\sub-011_ses-headDown_T2w_seg-manual.nii.gz","944","1","",74.13733909154514,0.0,1.5629911653563895,0.0,3.03113809398923,0.0,8.233026782816905,0.0,8.313764792727286,0.0,11.41180073894654,0.0,4.20646818062775,0.0,4.026558602189155,0.0,0.6850222181718268,0.0,-0.9015100052243767,0.0,0.9646414209675503,0.0,""
"2026-09-25 17:22:15","git-master-bddc7a050319718b5e4e0856afec0bc9ea96418f","C:\Users\marco\Desktop\ds004507\derivatives\labels\sub-011\ses-headDown\anat\sub-011_ses-headDown_T2w_seg-manual.nii.gz","945","1","",75.32993359857696,0.0,1.5480467473511128,0.0,3.244117637808117,0.0,8.325981198396967,0.0,8.38544319220496,0.0,11.487176435879803,0.0,4.198598168521087,0.0,4.127383029875879,0.0,0.683465332616317,0.0,-0.2580435154866204,0.0,0.9663036515054453,0.0,""
"2026-09-25 17:22:15","git-master-bddc7a050319718b5e4e0856afec0bc9ea96418f","C:\Users\marco\Desktop\ds004507\derivatives\labels\sub-011\ses-headDown\anat\sub-011_ses-headDown_T2w_seg-manual.nii.gz","946","1","",74.70983156520346,0.0,1.531688573434635,0.0,3.4664509393403997,0.0,8.403399222302484,0.0,8.35826100951858,0.0,11.351628245241026,0.0,4.254829454349798,0.0,4.1485697679526865,0.0,0.6766204317734235,0.0,-0.17011904744867978,0.0,0.9646607795466638,0.0,""
"2026-09-25 17:22:15","git-master-bddc7a050319718b5e4e0856afec0bc9ea96418f","C:\Users\marco\Desktop\ds004507\derivatives\labels\sub-011\ses-headDown\anat\sub-011_ses-headDown_T2w_seg-manual.nii.gz","947","1","",74.08830086964804,0.0,1.5141993354679726,0.0,3.69624711071399,0.0,8.417380268147388,0.0,8.330015566430761,0.0,11.280851166540286,0.0,4.245835569394597,0.0,4.1715446987527915,0.0,0.6743378341447147,0.0,-0.05621149197362185,0.0,0.9680983926378124,0.0,""
"2026-09-25 17:22:15","git-master-bddc7a050319718b5e4e0856afec0bc9ea96418f","C:\Users\marco\Desktop\ds004507\derivatives\labels\sub-011\ses-headDown\anat\sub-011_ses-headDown_T2w_seg-manual.nii.gz","948","1","",73.82715930771872,0.0,1.4955789862419606,0.0,3.9334891340046862,0.0,8.398379582332353,0.0,8.30433243680972,0.0,11.320025131978415,0.0,4.217260490714905,0.0,4.1811190916174485,0.0,0.6795114626088243,0.0,-0.321439747990989,0.0,0.9657249269959328,0.0,""
"2026-09-25 17:22:15","git-master-bddc7a050319718b5e4e0856afec0bc9ea96418f","C:\Users\marco\Desktop\ds004507\derivatives\labels\sub-011\ses-headDown\anat\sub-011_ses-headDown_T2w_seg-manual.nii.gz","949","1","",73.80540004249954,0.0,1.4758274769219737,0.0,4.178158614242391,0.0,8.38757875172161,0.0,8.291653570286908,0.0,11.345626747818157,0.0,4.219163979236004,0.0,4.168414772485605,0.0,0.6825313477956713,0.0,-0.2991876237817232,0.0,0.9646760341392939,0.0,""
"2026-09-25 17:22:15","git-master-bddc7a050319718b5e4e0856afec0bc9ea96418f","C:\Users\marco\Desktop\ds004507\derivatives\labels\sub-011\ses-headDown\anat\sub-011_ses-headDown_T2w_seg-manual.nii.gz","950","1","",73.84171690209085,0.0,1.4549447571487275,0.0,4.430235728293217,0.0,8.385257243099053,0.0,8.294381762178173,0.0,11.28135887216354,0.0,4.258200763886401,0.0,4.127056479212653,0.0,0.6778156193981106,0.0,0.23532806534491285,0.0,0.9704892400513939,0.0,""
"2026-09-25 17:22:15","git-master-bddc7a050319718b5e4e0856afec0bc9ea96418f","C:\Users\marco\Desktop\ds004507\derivatives\labels\sub-011\ses-headDown\anat\sub-011_ses-headDown_T2w_seg-manual.nii.gz","951","1","",74.11702967734973,0.0,1.4329307751390807,0.0,4.689699173741596,0.0,8.299163942624347,0.0,8.292025123404892,0.0,11.314080192739263,0.0,4.24979972573517,0.0,4.049364216889177,0.0,0.6803424974835829,0.0,-0.44851060062558434,0.0,0.9674786043449638,0.0,""
"2026-09-25 17:22:15","git-master-bddc7a050319718b5e4e0856afec0bc9ea96418f","C:\Users\marco\Desktop\ds004507\derivatives\labels\sub-011\ses-headDown\anat\sub-011_ses-headDown_T2w_seg-manual.nii.gz","952","1","",74.99157225012519,0.0,1.4095026260103536,0.0,4.958356070714016,0.0,8.195885645466456,0.0,8.268056489510462,0.0,11.590009430581043,0.0,4.209111616760159,0.0,3.986774028706296,0.0,0.7005731263062002,0.0,-4.946671712527257,0.0,0.9570374662063942,0.0,""
"2026-09-25 17:22:15","git-master-bddc7a050319718b5e4e0856afec0bc9ea96418f","C:\Users\marco\Desktop\ds004507\derivatives\labels\sub-011\ses-headDown\anat\sub-011_ses-headDown_T2w_seg-manual.nii.gz","953","1","",74.4182822556107,0.0,1.3849430697757017,0.0,5.234332780218005,0.0,8.092467125222433,0.0,8.192086084070352,0.0,11.577649913933014,0.0,4.167200551870171,0.0,3.925266573352262,0.0,0.7066386236629753,0.0,-3.819991847049614,0.0,0.9530892772678007,0.0,""
"2026-09-25 17:22:15","git-master-bddc7a050319718b5e4e0856afec0bc9ea96418f","C:\Users\marco\Desktop\ds004507\derivatives\labels\sub-011\ses-headDown\anat\sub-011_ses-headDown_T2w_seg-manual.nii.gz","954","1","",75.63345777007737,0.0,1.3592520502828487,0.0,5.517600396453103,0.0,8.232207764276055,0.0,8.27205362176346,0.0,11.636560556089233,0.0,4.249614502771077,0.0,3.982593261504978,0.0,0.7033340520792479,0.0,-2.753614922871857,0.0,0.9508389669929245,0.0,""
"2026-09-25 17:22:15","git-master-bddc7a050319718b5e4e0856afec0bc9ea96418f","C:\Users\marco\Desktop\ds004507\derivatives\labels\sub-011\ses-headDown\anat\sub-011_ses-headDown_T2w_seg-manual.nii.gz","955","1","",76.96621367649432,0.0,1.3332757878758874,0.0,5.8073293107938895,0.0,8.375193887572824,0.0,8.371346492482937,0.0,11.721325792471017,0.0,4.327816711454592,0.0,4.047377176118231,0.0,0.6999426662798783,0.0,-2.3979257253077635,0.0,0.9464912755754195,0.0,""
"2026-09-25 17:22:15","git-master-bddc7a050319718b5e4e0856afec0bc9ea96418f","C:\Users\marco\Desktop\ds004507\derivatives\labels\sub-011\ses-headDown\anat\sub-011_ses-headDown_T2w_seg-manual.nii.gz","956","1","",76.64167852716814,0.0,1.3082836826093664,0.0,6.102290759918186,0.0,8.286859590174622,0.0,8.359870256272428,0.0,11.72536653871263,0.0,4.298094523569937,0.0,3.9887650666046848,0.0,0.7011939950241899,0.0,-1.9959792826656986,0.0,0.9428436172338969,0.0,""
"2026-09-25 17:22:15","git-master-bddc7a050319718b5e4e0856afec0bc9ea96418f","C:\Users\marco\Desktop\ds004507\derivatives\labels\sub-011\ses-headDown\anat\sub-011_ses-headDown_T2w_seg-manual.nii.gz","957","1","",77.58419140638235,0.0,1.2855452174623747,0.0,6.401258373935272,0.0,8.226547564814393,0.0,8.465119138262326,0.0,11.82475114874699,0.0,4.360468221795509,0.0,3.8660793430188836,0.0,0.6982219229409129,0.0,-3.0109302426087114,0.0,0.9548789435069699,0.0,""
"2026-09-25 17:22:15","git-master-bddc7a050319718b5e4e0856afec0bc9ea96418f","C:\Users\marco\Desktop\ds004507\derivatives\labels\sub-011\ses-headDown\anat\sub-011_ses-headDown_T2w_seg-manual.nii.gz","958","1","",77.77504780783796,0.0,1.2656239955916242,0.0,6.705188987045711,0.0,8.329944068342968,0.0,8.485863093377128,0.0,11.721676030387503,0.0,4.336250616444205,0.0,3.993693451898764,0.0,0.6898218075825652,0.0,-1.496488944815844,0.0,0.9623045593675638,0.0,""
"2026-09-25 17:22:15","git-master-bddc7a050319718b5e4e0856afec0bc9ea96418f","C:\Users\marco\Desktop\ds004507\derivatives\labels\sub-011\ses-headDown\anat\sub-011_ses-headDown_T2w_seg-manual.nii.gz","959","1","",78.01206904563958,0.0,1.247956699503987,0.0,7.0130520830564524,0.0,8.337422952854533,0.0,8.49810274027293,0.0,11.707197891450578,0.0,4.26641605205609,0.0,4.071006900798444,0.0,0.6878139874920853,0.0,-2.2342155129071015,0.0,0.9690462738488069,0.0,""
"2026-09-25 17:22:15","git-master-bddc7a050319718b5e4e0856afec0bc9ea96418f","C:\Users\marco\Desktop\ds004507\derivatives\labels\sub-011\ses-headDown\anat\sub-011_ses-headDown_T2w_seg-manual.nii.gz","960","1","",77.8984251185522,0.0,1.2325434113128086,0.0,7.324817573837201,0.0,8.330316408505272,0.0,8.49108687419887,0.0,11.69479538559853,0.0,4.246306624978436,0.0,4.084009783526837,0.0,0.687634605390249,0.0,-2.374424584698206,0.0,0.9711774676861539,0.0,""
"2026-09-25 17:22:15","git-master-bddc7a050319718b5e4e0856afec0bc9ea96418f","C:\Users\marco\Desktop\ds004507\derivatives\labels\sub-011\ses-headDown\anat\sub-011_ses-headDown_T2w_seg-manual.nii.gz","961","1","",78.14074546884403,0.0,1.219384203006108,0.0,7.640454247002009,0.0,8.348400942352596,0.0,8.48228174695852,0.0,11.714223994769895,0.0,4.251000652824992,0.0,4.097400289527604,0.0,0.689669991862236,0.0,-1.261719936132058,0.0,0.9712587462320427,0.0,""
"2026-09-25 17:22:15","git-master-bddc7a050319718b5e4e0856afec0bc9ea96418f","C:\Users\marco\Desktop\ds004507\derivatives\labels\sub-011\ses-headDown\anat\sub-011_ses-headDown_T2w_seg-manual.nii.gz","962","1","",79.09846733853502,0.0,1.2084791367446195,0.0,7.959929754887531,0.0,8.384553417102476,0.0,8.499266390622585,0.0,11.786607056518713,0.0,4.236003698736047,0.0,4.148549718366429,0.0,0.6928308513374305,0.0,-0.024306348081688856,0.0,0.9721657019473539,0.0,""
"2026-09-25 17:22:15","git-master-bddc7a050319718b5e4e0856afec0bc9ea96418f","C:\Users\marco\Desktop\ds004507\derivatives\labels\sub-011\ses-headDown\anat\sub-011_ses-headDown_T2w_seg-manual.nii.gz","963","1","",79.33318412564525,0.0,1.199828265159835,0.0,8.283210603531282,0.0,8.37940708985678,0.0,8.561627941241595,0.0,11.799526791353797,0.0,4.2379395956384975,0.0,4.141467494218282,0.0,0.6881264480692215,0.0,-1.1633014731531894,0.0,0.9709166768928703,0.0,""
"2026-09-25 17:22:15","git-master-bddc7a050319718b5e4e0856afec0bc9ea96418f","C:\Users\marco\Desktop\ds004507\derivatives\labels\sub-011\ses-headDown\anat\sub-011_ses-headDown_T2w_seg-manual.nii.gz","964","1","",79.26417470211382,0.0,1.193995202013458,0.0,8.611189388479524,0.0,8.370737275264208,0.0,8.543297774140534,0.0,11.850575159861984,0.0,4.2361536000897795,0.0,4.134583675174428,0.0,0.6930091799921291,0.0,0.02775692390884843,0.0,0.9735436688353055,0.0,""
"2026-09-25 17:22:15","git-master-bddc7a050319718b5e4e0856afec0bc9ea96418f","C:\Users\marco\Desktop\ds004507\derivatives\labels\sub-011\ses-headDown\anat\sub-011_ses-headDown_T2w_seg-manual.nii.gz","965","1","",78.79596068318573,0.0,1.1904164203126246,0.0,8.942877161042322,0.0,8.370283228093745,0.0,8.588925778136055,0.0,11.80097776181303,0.0,4.105069183938641,0.0,4.265214044155106,0.0,0.6857052391830706,0.0,1.3260442285196874,0.0,0.9722527554473627,0.0,""
"2026-09-25 17:22:15","git-master-bddc7a050319718b5e4e0856afec0bc9ea96418f","C:\Users\marco\Desktop\ds004507\derivatives\labels\sub-011\ses-headDown\anat\sub-011_ses-headDown_T2w_seg-manual.nii.gz","966","1","",78.44686918159309,0.0,1.1890919334092465,0.0,9.278235098533207,0.0,8.457838226419762,0.0,8.577453564594231,0.0,11.755639088785284,0.0,4.138628846459124,0.0,4.319209379960639,0.0,0.683821166502299,0.0,1.093845815498021,0.0,0.963957038098471,0.0,""
"2026-09-25 17:22:15","git-master-bddc7a050319718b5e4e0856afec0bc9ea96418f","C:\Users\marco\Desktop\ds004507\derivatives\labels\sub-011\ses-headDown\anat\sub-011_ses-headDown_T2w_seg-manual.nii.gz","967","1","",78.5302582452196,0.0,1.1900217463349583,0.0,9.617223163204573,0.0,8.624546155759251,0.0,8.552280301799271,0.0,11.727173298547129,0.0,4.2798759549119065,0.0,4.344670200847345,0.0,0.6842119400470963,0.0,0.9261102087057014,0.0,0.9586976098749836,0.0,""
"2026-09-25 17:22:15","git-master-bddc7a050319718b5e4e0856afec0bc9ea96418f","C:\Users\marco\Desktop\ds004507\derivatives\labels\sub-011\ses-headDown\anat\sub-011_ses-headDown_T2w_seg-manual.nii.gz","968","1","",78.92324417413235,0.0,1.1932058558052379,0.0,9.95980009644413,0.0,8.747759624203177,0.0,8.572141445904537,0.0,11.694250855422856,0.0,4.3643955056949935,0.0,4.383364118508183,0.0,0.6802037494938273,0.0,2.0281489696411703,0.0,0.9631207415037426,0.0,""
"2026-09-25 17:22:15","git-master-bddc7a050319718b5e4e0856afec0bc9ea96418f","C:\Users\marco\Desktop\ds004507\derivatives\labels\sub-011\ses-headDown\anat\sub-011_ses-headDown_T2w_seg-manual.nii.gz","969","1","",78.83542883761356,0.0,1.1986442502235233,0.0,10.30592341297137,0.0,8.565898077547812,0.0,8.56198747188354,0.0,11.659945170658515,0.0,4.3637548854944175,0.0,4.202143192053395,0.0,0.6788167704399947,0.0,1.593336586032747,0.0,0.963955067275645,0.0,""
"2026-09-25 17:22:15","git-master-bddc7a050319718b5e4e0856afec0bc9ea96418f","C:\Users\marco\Desktop\ds004507\derivatives\labels\sub-011\ses-headDown\anat\sub-011_ses-headDown_T2w_seg-manual.nii.gz","970","1","",80.08753131125789,0.0,1.2069004604456526,0.0,10.656405810411693,0.0,8.901503887162184,0.0,8.814430074962063,0.0,11.625994142350677,0.0,4.523489306136369,0.0,4.378014581025814,0.0,0.6518467363176329,0.0,0.5459644377498263,0.0,0.9560957329334973,0.0,""
"2026-09-25 17:22:15","git-master-bddc7a050319718b5e4e0856afec0bc9ea96418f","C:\Users\marco\Desktop\ds004507\derivatives\labels\sub-011\ses-headDown\anat\sub-011_ses-headDown_T2w_seg-manual.nii.gz","971","1","",81.87550567937835,0.0,1.2174108737090878,0.0,11.010313869631972,0.0,8.964034627537378,0.0,8.970670454359364,0.0,11.709096079608274,0.0,4.527656300645826,0.0,4.436378326891553,0.0,0.6426926808463603,0.0,-1.0674995211030596,0.0,0.9629349731441936,0.0,""
"2026-09-25 17:22:15","git-master-bddc7a050319718b5e4e0856afec0bc9ea96418f","C:\Users\marco\Desktop\ds004507\derivatives\labels\sub-011\ses-headDown\anat\sub-011_ses-headDown_T2w_seg-manual.nii.gz","972","1","",83.04890024910402,0.0,1.2301754393229987,0.0,11.367599519637686,0.0,8.927189493775312,0.0,9.02658233401391,0.0,11.772286428262122,0.0,4.421612779622047,0.0,4.505576714153267,0.0,0.641924025358325,0.0,-2.721733885852697,0.0,0.9721319714601326,0.0,""
"2026-09-25 17:22:15","git-master-bddc7a050319718b5e4e0856afec0bc9ea96418f","C:\Users\marco\Desktop\ds004507\derivatives\labels\sub-011\ses-headDown\anat\sub-011_ses-headDown_T2w_seg-manual.nii.gz","973","1","",84.43075308656701,0.0,1.2451940971414208,0.0,11.728213442824627,0.0,8.983085603005899,0.0,9.08367770141506,0.0,11.808034904168743,0.0,4.379082894195159,0.0,4.6040027088107385,0.0,0.6388793231833022,0.0,-2.497233400520881,0.0,0.9737802993526496,0.0,""
"2026-09-25 17:22:15","git-master-bddc7a050319718b5e4e0856afec0bc9ea96418f","C:\Users\marco\Desktop\ds004507\derivatives\labels\sub-011\ses-headDown\anat\sub-011_ses-headDown_T2w_seg-manual.nii.gz","974","1","",86.7352725286112,0.0,1.2624667772734413,0.0,12.09210507610949,0.0,9.201754734997895,0.0,9.251565309040242,0.0,11.850201324177934,0.0,4.515682087120287,0.0,4.686072647877607,0.0,0.6246898249971556,0.0,1.4148570778973604,0.0,0.9648681495079736,0.0,""
"2026-09-25 17:22:15","git-master-bddc7a050319718b5e4e0856afec0bc9ea96418f","C:\Users\marco\Desktop\ds004507\derivatives\labels\sub-011\ses-headDown\anat\sub-011_ses-headDown_T2w_seg-manual.nii.gz","975","1","",88.48551769450083,0.0,1.2819933997933814,0.0,12.459222612060445,0.0,9.390640072769722,0.0,9.550409175792133,0.0,11.885991437100344,0.0,4.702441143871645,0.0,4.688198928898077,0.0,0.5953030441703013,0.0,9.20790861515535,0.0,0.9537385691231846,0.0,""
"2026-09-25 17:22:15","git-master-bddc7a050319718b5e4e0856afec0bc9ea96418f","C:\Users\marco\Desktop\ds004507\derivatives\labels\sub-011\ses-headDown\anat\sub-011_ses-headDown_T2w_seg-manual.nii.gz","976","1","","","","","","","","","","","","","","","","","","","","","","","",""
"2026-09-25 17:22:15","git-master-bddc7a050319718b5e4e0856afec0bc9ea96418f","C:\Users\marco\Desktop\ds004507\derivatives\labels\sub-011\ses-headDown\anat\sub-011_ses-headDown_T2w_seg-manual.nii.gz","977","1","","","","","","","","","","","","","","","","","","","","","","","",""
"2026-09-25 17:22:15","git-master-bddc7a050319718b5e4e0856afec0bc9ea96418f","C:\Users\marco\Desktop\ds004507\derivatives\labels\sub-011\ses-headDown\anat\sub-011_ses-headDown_T2w_seg-manual.nii.gz","978","1","","","","","","","","","","","","","","","","","","","","","","","",""
"2026-09-25 17:22:15","git-master-bddc7a050319718b5e4e0856afec0bc9ea96418f","C:\Users\marco\Desktop\ds004507\derivatives\labels\sub-011\ses-headDown\anat\sub-011_ses-headDown_T2w_seg-manual.nii.gz","979","1","","","","","","","","","","","","","","","","","","","","","","","",""
"2026-09-25 17:22:15","git-master-bddc7a050319718b5e4e0856afec0bc9ea96418f","C:\Users\marco\Desktop\ds004507\derivatives\labels\sub-011\ses-headDown\anat\sub-011_ses-headDown_T2w_seg-manual.nii.gz","980","1","","","","","","","","","","","","","","","","","","","","","","","",""
"2026-09-25 17:22:15","git-master-bddc7a050319718b5e4e0856afec0bc9ea96418f","C:\Users\marco\Desktop\ds004507\derivatives\labels\sub-011\ses-headDown\anat\sub-011_ses-headDown_T2w_seg-manual.nii.gz","981","1","","","","","","","","","","","","","","","","","","","","","","","",""
"2026-09-25 17:22:15","git-master-bddc7a050319718b5e4e0856afec0bc9ea96418f","C:\Users\marco\Desktop\ds004507\derivatives\labels\sub-011\ses-headDown\anat\sub-011_ses-headDown_T2w_seg-manual.nii.gz","982","1","","","","","","","","","","","","","","","","","","","","","","","",""
"2026-09-25 17:22:15","git-master-bddc7a050319718b5e4e0856afec0bc9ea96418f","C:\Users\marco\Desktop\ds004507\derivatives\labels\sub-011\ses-headDown\anat\sub-011_ses-headDown_T2w_seg-manual.nii.gz","983","1","","","","","","","","","","","","","","","","","","","","","","","",""
"2026-09-25 17:22:15","git-master-bddc7a050319718b5e4e0856afec0bc9ea96418f","C:\Users\marco\Desktop\ds004507\derivatives\labels\sub-011\ses-headDown\anat\sub-011_ses-headDown_T2w_seg-manual.nii.gz","984","1","","","","","","","","","","","","","","","","","","","","","","","",""
