Timestamp,SCT Version,Filename,Slice (I->S),VertLevel,DistancePMJ,MEAN(area),STD(area),MEAN(angle_AP),STD(angle_AP),MEAN(angle_RL),STD(angle_RL),MEAN(diameter_AP),STD(diameter_AP),MEAN(diameter_AP_ellipse),STD(diameter_AP_ellipse),MEAN(diameter_RL),STD(diameter_RL),MEAN(length_anterior),STD(length_anterior),MEAN(length_posterior),STD(length_posterior),MEAN(eccentricity),STD(eccentricity),MEAN(orientation),STD(orientation),MEAN(solidity),STD(solidity),SUM(length)
"2026-09-25 17:11:34","git-master-bddc7a050319718b5e4e0856afec0bc9ea96418f","C:\Users\marco\Desktop\ds004507\derivatives\labels\sub-002\ses-headNormal\anat\sub-002_ses-headNormal_T2w_seg-manual.nii.gz","647","9","","","","","","","","","","","","","","","","","","","","","","","",""
"2026-09-25 17:11:34","git-master-bddc7a050319718b5e4e0856afec0bc9ea96418f","C:\Users\marco\Desktop\ds004507\derivatives\labels\sub-002\ses-headNormal\anat\sub-002_ses-headNormal_T2w_seg-manual.nii.gz","648","9","","","","","","","","","","","","","","","","","","","","","","","",""
"2026-09-25 17:11:34","git-master-bddc7a050319718b5e4e0856afec0bc9ea96418f","C:\Users\marco\Desktop\ds004507\derivatives\labels\sub-002\ses-headNormal\anat\sub-002_ses-headNormal_T2w_seg-manual.nii.gz","649","9","","","","","","","","","","","","","","","","","","","","","","","",""
"2026-09-25 17:11:34","git-master-bddc7a050319718b5e4e0856afec0bc9ea96418f","C:\Users\marco\Desktop\ds004507\derivatives\labels\sub-002\ses-headNormal\anat\sub-002_ses-headNormal_T2w_seg-manual.nii.gz","650","9","","","","","","","","","","","","","","","","","","","","","","","",""
"2026-09-25 17:11:34","git-master-bddc7a050319718b5e4e0856afec0bc9ea96418f","C:\Users\marco\Desktop\ds004507\derivatives\labels\sub-002\ses-headNormal\anat\sub-002_ses-headNormal_T2w_seg-manual.nii.gz","651","9","","","","","","","","","","","","","","","","","","","","","","","",""
"2026-09-25 17:11:34","git-master-bddc7a050319718b5e4e0856afec0bc9ea96418f","C:\Users\marco\Desktop\ds004507\derivatives\labels\sub-002\ses-headNormal\anat\sub-002_ses-headNormal_T2w_seg-manual.nii.gz","652","9","","","","","","","","","","","","","","","","","","","","","","","",""
"2026-09-25 17:11:34","git-master-bddc7a050319718b5e4e0856afec0bc9ea96418f","C:\Users\marco\Desktop\ds004507\derivatives\labels\sub-002\ses-headNormal\anat\sub-002_ses-headNormal_T2w_seg-manual.nii.gz","653","9","","","","","","","","","","","","","","","","","","","","","","","",""
"2026-09-25 17:11:34","git-master-bddc7a050319718b5e4e0856afec0bc9ea96418f","C:\Users\marco\Desktop\ds004507\derivatives\labels\sub-002\ses-headNormal\anat\sub-002_ses-headNormal_T2w_seg-manual.nii.gz","654","9","","","","","","","","","","","","","","","","","","","","","","","",""
"2026-09-25 17:11:34","git-master-bddc7a050319718b5e4e0856afec0bc9ea96418f","C:\Users\marco\Desktop\ds004507\derivatives\labels\sub-002\ses-headNormal\anat\sub-002_ses-headNormal_T2w_seg-manual.nii.gz","655","9","","","","","","","","","","","","","","","","","","","","","","","",""
"2026-09-25 17:11:34","git-master-bddc7a050319718b5e4e0856afec0bc9ea96418f","C:\Users\marco\Desktop\ds004507\derivatives\labels\sub-002\ses-headNormal\anat\sub-002_ses-headNormal_T2w_seg-manual.nii.gz","656","9","","","","","","","","","","","","","","","","","","","","","","","",""
"2026-09-25 17:11:34","git-master-bddc7a050319718b5e4e0856afec0bc9ea96418f","C:\Users\marco\Desktop\ds004507\derivatives\labels\sub-002\ses-headNormal\anat\sub-002_ses-headNormal_T2w_seg-manual.nii.gz","657","9","","","","","","","","","","","","","","","","","","","","","","","",""
"2026-09-25 17:11:34","git-master-bddc7a050319718b5e4e0856afec0bc9ea96418f","C:\Users\marco\Desktop\ds004507\derivatives\labels\sub-002\ses-headNormal\anat\sub-002_ses-headNormal_T2w_seg-manual.nii.gz","658","9","","","","","","","","","","","","","","","","","","","","","","","",""
"2026-09-25 17:11:34","git-master-bddc7a050319718b5e4e0856afec0bc9ea96418f","C:\Users\marco\Desktop\ds004507\derivatives\labels\sub-002\ses-headNormal\anat\sub-002_ses-headNormal_T2w_seg-manual.nii.gz","659","9","","","","","","","","","","","","","","","","","","","","","","","",""
"2026-09-25 17:11:34","git-master-bddc7a050319718b5e4e0856afec0bc9ea96418f","C:\Users\marco\Desktop\ds004507\derivatives\labels\sub-002\ses-headNormal\anat\sub-002_ses-headNormal_T2w_seg-manual.nii.gz","660","9","","","","","","","","","","","","","","","","","","","","","","","",""
"2026-09-25 17:11:34","git-master-bddc7a050319718b5e4e0856afec0bc9ea96418f","C:\Users\marco\Desktop\ds004507\derivatives\labels\sub-002\ses-headNormal\anat\sub-002_ses-headNormal_T2w_seg-manual.nii.gz","661","9","",39.39969865118957,0.0,3.8837393649444247,0.0,19.921906904578822,0.0,5.233378414779109,0.0,5.158568284627293,0.0,9.547918961709154,0.0,2.595416637365719,0.0,2.6379617774133894,0.0,0.8414840541703971,0.0,4.514489154020715,0.0,0.9455799064269884,0.0,""
"2026-09-25 17:11:34","git-master-bddc7a050319718b5e4e0856afec0bc9ea96418f","C:\Users\marco\Desktop\ds004507\derivatives\labels\sub-002\ses-headNormal\anat\sub-002_ses-headNormal_T2w_seg-manual.nii.gz","662","9","",42.043633048740425,0.0,3.9435498016599833,0.0,20.044389419891296,0.0,5.578099966208392,0.0,5.507360205778495,0.0,9.71682072427127,0.0,2.8825952843404083,0.0,2.695504681867984,0.0,0.8237782708372028,0.0,5.453878013581436,0.0,0.9502757721070322,0.0,""
"2026-09-25 17:11:34","git-master-bddc7a050319718b5e4e0856afec0bc9ea96418f","C:\Users\marco\Desktop\ds004507\derivatives\labels\sub-002\ses-headNormal\anat\sub-002_ses-headNormal_T2w_seg-manual.nii.gz","663","9","",42.54733929339211,0.0,4.002964176921612,0.0,20.164668942106214,0.0,5.69827402733835,0.0,5.835884411618933,0.0,9.37713449312692,0.0,2.893975649878751,0.0,2.8042983774595984,0.0,0.7792630719366437,0.0,4.5002470316587795,0.0,0.9593939771467133,0.0,""
"2026-09-25 17:11:34","git-master-bddc7a050319718b5e4e0856afec0bc9ea96418f","C:\Users\marco\Desktop\ds004507\derivatives\labels\sub-002\ses-headNormal\anat\sub-002_ses-headNormal_T2w_seg-manual.nii.gz","664","9","",41.88635699885156,0.0,4.061982531859122,0.0,20.28275212006545,0.0,5.806409468332252,0.0,6.005638200776955,0.0,9.03168350529104,0.0,2.9141743803282143,0.0,2.892235088004037,0.0,0.7468860490275679,0.0,1.0675710836143866,0.0,0.9577022522183534,0.0,""
"2026-09-25 17:11:34","git-master-bddc7a050319718b5e4e0856afec0bc9ea96418f","C:\Users\marco\Desktop\ds004507\derivatives\labels\sub-002\ses-headNormal\anat\sub-002_ses-headNormal_T2w_seg-manual.nii.gz","665","9","",41.415576802848975,0.0,4.120604908704274,0.0,20.398645571585785,0.0,6.011473613376142,0.0,5.991532337681857,0.0,9.032913417416509,0.0,3.092458205333651,0.0,2.9190154080424913,0.0,0.7482547342458455,0.0,-3.153904927391843,0.0,0.9423778960821716,0.0,""
"2026-09-25 17:11:34","git-master-bddc7a050319718b5e4e0856afec0bc9ea96418f","C:\Users\marco\Desktop\ds004507\derivatives\labels\sub-002\ses-headNormal\anat\sub-002_ses-headNormal_T2w_seg-manual.nii.gz","666","9","",45.053708904879365,0.0,4.178738213624014,0.0,20.51184538665177,0.0,6.106901997366028,0.0,6.164572799930889,0.0,9.465102105538783,0.0,3.17799053336466,0.0,2.928911464001368,0.0,0.758705374702517,0.0,3.7587674579350034,0.0,0.9554078751822227,0.0,""
"2026-09-25 17:11:34","git-master-bddc7a050319718b5e4e0856afec0bc9ea96418f","C:\Users\marco\Desktop\ds004507\derivatives\labels\sub-002\ses-headNormal\anat\sub-002_ses-headNormal_T2w_seg-manual.nii.gz","667","9","",45.98102770416725,0.0,4.236405832474878,0.0,20.622492707234002,0.0,5.997549567106519,0.0,6.094347203725873,0.0,9.687280941216722,0.0,3.0758341759495837,0.0,2.921715391156936,0.0,0.7769394276449473,0.0,5.751632818539182,0.0,0.9604239033513727,0.0,""
"2026-09-25 17:11:34","git-master-bddc7a050319718b5e4e0856afec0bc9ea96418f","C:\Users\marco\Desktop\ds004507\derivatives\labels\sub-002\ses-headNormal\anat\sub-002_ses-headNormal_T2w_seg-manual.nii.gz","668","9","",43.9123715112198,0.0,4.293677685504461,0.0,20.73097862764964,0.0,5.76724375699145,0.0,5.884945448807571,0.0,9.486613431965555,0.0,2.9442803518424285,0.0,2.822963405149021,0.0,0.7842516892246771,0.0,5.940142816703439,0.0,0.9585233311550229,0.0,""
"2026-09-25 17:11:34","git-master-bddc7a050319718b5e4e0856afec0bc9ea96418f","C:\Users\marco\Desktop\ds004507\derivatives\labels\sub-002\ses-headNormal\anat\sub-002_ses-headNormal_T2w_seg-manual.nii.gz","669","9","",40.338477960043,0.0,4.3505538265051165,0.0,20.837309400111458,0.0,5.473387537339201,0.0,5.613494836729763,0.0,9.063558099382586,0.0,2.8158938476188524,0.0,2.657493689720349,0.0,0.7850883145173839,0.0,4.352570145036675,0.0,0.9527047693557597,0.0,""
"2026-09-25 17:11:34","git-master-bddc7a050319718b5e4e0856afec0bc9ea96418f","C:\Users\marco\Desktop\ds004507\derivatives\labels\sub-002\ses-headNormal\anat\sub-002_ses-headNormal_T2w_seg-manual.nii.gz","670","9","",38.47778056076778,0.0,4.4070110424995805,0.0,20.941365478089082,0.0,5.191949947628307,0.0,5.3856866725381805,0.0,8.940098093460188,0.0,2.676345539730203,0.0,2.5156044078981035,0.0,0.7981741569009538,0.0,-0.48071202863486917,0.0,0.9486211415106448,0.0,""
"2026-09-25 17:11:34","git-master-bddc7a050319718b5e4e0856afec0bc9ea96418f","C:\Users\marco\Desktop\ds004507\derivatives\labels\sub-002\ses-headNormal\anat\sub-002_ses-headNormal_T2w_seg-manual.nii.gz","671","9","",39.88504088248554,0.0,4.462933099594376,0.0,21.04252899095999,0.0,5.096041365876784,0.0,5.331390309705352,0.0,9.40104037397296,0.0,2.6173847876179037,0.0,2.47865657825888,0.0,0.8228727086995721,0.0,-1.0988806553202224,0.0,0.9677338225123654,0.0,""
"2026-09-25 17:11:34","git-master-bddc7a050319718b5e4e0856afec0bc9ea96418f","C:\Users\marco\Desktop\ds004507\derivatives\labels\sub-002\ses-headNormal\anat\sub-002_ses-headNormal_T2w_seg-manual.nii.gz","672","9","",40.197974277544226,0.0,4.518459702745969,0.0,21.14156404925125,0.0,5.0910623857275406,0.0,5.299260682491402,0.0,9.656816694181149,0.0,2.4878710977667096,0.0,2.6031912879608305,0.0,0.8358990781193885,0.0,1.2741191446042845,0.0,0.9734388285097325,0.0,""
"2026-09-25 17:11:34","git-master-bddc7a050319718b5e4e0856afec0bc9ea96418f","C:\Users\marco\Desktop\ds004507\derivatives\labels\sub-002\ses-headNormal\anat\sub-002_ses-headNormal_T2w_seg-manual.nii.gz","673","9","",39.51427681709445,0.0,4.573590916070821,0.0,21.238476490325027,0.0,5.177056687354935,0.0,5.395071515503408,0.0,9.463703683716727,0.0,2.465736253299693,0.0,2.711320434055242,0.0,0.8179872317559942,0.0,1.6830752329648042,0.0,0.9655896200016139,0.0,""
"2026-09-25 17:11:34","git-master-bddc7a050319718b5e4e0856afec0bc9ea96418f","C:\Users\marco\Desktop\ds004507\derivatives\labels\sub-002\ses-headNormal\anat\sub-002_ses-headNormal_T2w_seg-manual.nii.gz","674","9","",38.418876551290396,0.0,4.628326804559011,0.0,21.333272111510134,0.0,5.340045343034366,0.0,5.668067960733803,0.0,8.802796124222011,0.0,2.6725231877804814,0.0,2.6675221552538844,0.0,0.7650065853005823,0.0,-2.8289278216800655,0.0,0.9488321607497613,0.0,""
"2026-09-25 17:11:34","git-master-bddc7a050319718b5e4e0856afec0bc9ea96418f","C:\Users\marco\Desktop\ds004507\derivatives\labels\sub-002\ses-headNormal\anat\sub-002_ses-headNormal_T2w_seg-manual.nii.gz","675","9","",39.73253403208266,0.0,4.682551226822044,0.0,21.425339363179713,0.0,5.441707021505226,0.0,5.678572858565648,0.0,9.112184330194669,0.0,2.749984033952588,0.0,2.6917229875526383,0.0,0.7818465016337763,0.0,0.27509394796418496,0.0,0.9504292826776785,0.0,""
"2026-09-25 17:11:34","git-master-bddc7a050319718b5e4e0856afec0bc9ea96418f","C:\Users\marco\Desktop\ds004507\derivatives\labels\sub-002\ses-headNormal\anat\sub-002_ses-headNormal_T2w_seg-manual.nii.gz","676","9","",41.83202549011859,0.0,4.736334061361231,0.0,21.515060843218617,0.0,5.501404031151923,0.0,5.591974603956609,0.0,9.69425447586197,0.0,2.7959264874272227,0.0,2.7054775437247005,0.0,0.8149033672976665,0.0,3.8915438056916423,0.0,0.947024011997744,0.0,""
"2026-09-25 17:11:34","git-master-bddc7a050319718b5e4e0856afec0bc9ea96418f","C:\Users\marco\Desktop\ds004507\derivatives\labels\sub-002\ses-headNormal\anat\sub-002_ses-headNormal_T2w_seg-manual.nii.gz","677","9","",42.5155762624065,0.0,4.789721878352061,0.0,21.602689966598998,0.0,5.5673467747503835,0.0,5.599484481625042,0.0,9.767913090534789,0.0,2.828251891212828,0.0,2.739094883537556,0.0,0.8180648976109717,0.0,3.6726036854804147,0.0,0.9437225892241692,0.0,""
"2026-09-25 17:11:34","git-master-bddc7a050319718b5e4e0856afec0bc9ea96418f","C:\Users\marco\Desktop\ds004507\derivatives\labels\sub-002\ses-headNormal\anat\sub-002_ses-headNormal_T2w_seg-manual.nii.gz","678","9","",41.512953442887095,0.0,4.842714751784477,0.0,21.68823207063449,0.0,5.62226047663299,0.0,5.682298766959663,0.0,9.322584291078845,0.0,2.844780311508876,0.0,2.777480165124114,0.0,0.7927465761912541,0.0,0.29172176452661824,0.0,0.9456434766363891,0.0,""
"2026-09-25 17:11:34","git-master-bddc7a050319718b5e4e0856afec0bc9ea96418f","C:\Users\marco\Desktop\ds004507\derivatives\labels\sub-002\ses-headNormal\anat\sub-002_ses-headNormal_T2w_seg-manual.nii.gz","679","9","",40.269279557585975,0.0,4.895266318654827,0.0,21.77144868483111,0.0,5.569565362154481,0.0,5.5965557463305124,0.0,9.10974907540727,0.0,2.8215065906654457,0.0,2.7480587714890348,0.0,0.7890240418489707,0.0,-0.01762899499868681,0.0,0.9620121281026107,0.0,""
"2026-09-25 17:11:34","git-master-bddc7a050319718b5e4e0856afec0bc9ea96418f","C:\Users\marco\Desktop\ds004507\derivatives\labels\sub-002\ses-headNormal\anat\sub-002_ses-headNormal_T2w_seg-manual.nii.gz","680","9","",39.85962824866389,0.0,4.947307069944317,0.0,21.851983884345803,0.0,5.4959766972865065,0.0,5.490917124113182,0.0,9.147183979610347,0.0,2.7959405328582063,0.0,2.7000361644283006,0.0,0.7996753810397154,0.0,0.09463179220147984,0.0,0.938712337630357,0.0,""
"2026-09-25 17:11:34","git-master-bddc7a050319718b5e4e0856afec0bc9ea96418f","C:\Users\marco\Desktop\ds004507\derivatives\labels\sub-002\ses-headNormal\anat\sub-002_ses-headNormal_T2w_seg-manual.nii.gz","681","9","",40.09256659956836,0.0,4.998953220181942,0.0,21.930454531500644,0.0,5.460374007665407,0.0,5.484787289795662,0.0,9.224427445795113,0.0,2.7692737351789956,0.0,2.6911002724864117,0.0,0.8040270629456311,0.0,-0.14604051940693705,0.0,0.9404263007109325,0.0,""
"2026-09-25 17:11:34","git-master-bddc7a050319718b5e4e0856afec0bc9ea96418f","C:\Users\marco\Desktop\ds004507\derivatives\labels\sub-002\ses-headNormal\anat\sub-002_ses-headNormal_T2w_seg-manual.nii.gz","682","9","",40.617305468616344,0.0,5.050204851210784,0.0,22.006865470322875,0.0,5.438615035237438,0.0,5.543320656674629,0.0,9.310469837952134,0.0,2.7258297548913966,0.0,2.7127852803460417,0.0,0.8034428147885413,0.0,-0.01519981963689454,0.0,0.9559076485345983,0.0,""
"2026-09-25 17:11:34","git-master-bddc7a050319718b5e4e0856afec0bc9ea96418f","C:\Users\marco\Desktop\ds004507\derivatives\labels\sub-002\ses-headNormal\anat\sub-002_ses-headNormal_T2w_seg-manual.nii.gz","683","9","",41.09521389452069,0.0,5.10106204553519,0.0,22.08122149862801,0.0,5.40100264777268,0.0,5.611052398834528,0.0,9.399405971814875,0.0,2.6577847240445656,0.0,2.7432179237281136,0.0,0.8022688896232972,0.0,1.2313706349876528,0.0,0.9638105652321071,0.0,""
"2026-09-25 17:11:34","git-master-bddc7a050319718b5e4e0856afec0bc9ea96418f","C:\Users\marco\Desktop\ds004507\derivatives\labels\sub-002\ses-headNormal\anat\sub-002_ses-headNormal_T2w_seg-manual.nii.gz","684","9","",42.71603444036283,0.0,5.151385772960275,0.0,22.152807436409535,0.0,5.4627874577323485,0.0,5.712201936528126,0.0,9.620913398285671,0.0,2.7710371916913497,0.0,2.691750266040999,0.0,0.8046492796973428,0.0,0.25131170168313943,0.0,0.9540211929495691,0.0,""
"2026-09-25 17:11:34","git-master-bddc7a050319718b5e4e0856afec0bc9ea96418f","C:\Users\marco\Desktop\ds004507\derivatives\labels\sub-002\ses-headNormal\anat\sub-002_ses-headNormal_T2w_seg-manual.nii.gz","685","9","",43.287290146740006,0.0,5.201292160183806,0.0,22.222233576652314,0.0,5.565723382805598,0.0,5.876536982217794,0.0,9.514960372739992,0.0,2.7982730980011605,0.0,2.7674502848044376,0.0,0.7857835700500473,0.0,-1.4451557142880498,0.0,0.964483351961332,0.0,""
"2026-09-25 17:11:34","git-master-bddc7a050319718b5e4e0856afec0bc9ea96418f","C:\Users\marco\Desktop\ds004507\derivatives\labels\sub-002\ses-headNormal\anat\sub-002_ses-headNormal_T2w_seg-manual.nii.gz","686","9","",42.92369112861808,0.0,5.250804490011191,0.0,22.289624681500552,0.0,5.5471783495606415,0.0,5.908312329933489,0.0,9.41607668461965,0.0,2.74749097414193,0.0,2.799687375418711,0.0,0.7784803170369571,0.0,-3.809618143983511,0.0,0.9733818242595754,0.0,""
"2026-09-25 17:11:34","git-master-bddc7a050319718b5e4e0856afec0bc9ea96418f","C:\Users\marco\Desktop\ds004507\derivatives\labels\sub-002\ses-headNormal\anat\sub-002_ses-headNormal_T2w_seg-manual.nii.gz","687","9","",41.90909640662518,0.0,5.299922851576386,0.0,22.35498502549529,0.0,5.399734929044274,0.0,5.7602219564147275,0.0,9.443437194724591,0.0,2.6779781054032807,0.0,2.7217568236409933,0.0,0.7923979230661421,0.0,-6.042924195338305,0.0,0.9711642890836044,0.0,""
"2026-09-25 17:11:34","git-master-bddc7a050319718b5e4e0856afec0bc9ea96418f","C:\Users\marco\Desktop\ds004507\derivatives\labels\sub-002\ses-headNormal\anat\sub-002_ses-headNormal_T2w_seg-manual.nii.gz","688","9","",41.09634003534097,0.0,5.348577859077529,0.0,22.417962627704906,0.0,5.406696825335479,0.0,5.620566586562139,0.0,9.41524747841017,0.0,2.8064005848754063,0.0,2.600296240460074,0.0,0.802247838683759,0.0,-5.084312709447285,0.0,0.9624960633021903,0.0,""
"2026-09-25 17:11:34","git-master-bddc7a050319718b5e4e0856afec0bc9ea96418f","C:\Users\marco\Desktop\ds004507\derivatives\labels\sub-002\ses-headNormal\anat\sub-002_ses-headNormal_T2w_seg-manual.nii.gz","689","9","",40.92391211499046,0.0,5.396746537964594,0.0,22.478446778333605,0.0,5.486754405072683,0.0,5.655970342901118,0.0,9.259724125362586,0.0,2.8069770063384176,0.0,2.679777398734266,0.0,0.7915639899879037,0.0,-3.594979000781989,0.0,0.9703861740098251,0.0,""
"2026-09-25 17:11:34","git-master-bddc7a050319718b5e4e0856afec0bc9ea96418f","C:\Users\marco\Desktop\ds004507\derivatives\labels\sub-002\ses-headNormal\anat\sub-002_ses-headNormal_T2w_seg-manual.nii.gz","690","9","",40.77845643095376,0.0,5.444521653331405,0.0,22.536917806365043,0.0,5.473284258252399,0.0,5.606023697777391,0.0,9.279758016803118,0.0,2.8554477602717308,0.0,2.617836497980668,0.0,0.7965319805276238,0.0,-2.693227252158409,0.0,0.9655610574674383,0.0,""
"2026-09-25 17:11:34","git-master-bddc7a050319718b5e4e0856afec0bc9ea96418f","C:\Users\marco\Desktop\ds004507\derivatives\labels\sub-002\ses-headNormal\anat\sub-002_ses-headNormal_T2w_seg-manual.nii.gz","691","9","",40.60139407568019,0.0,5.491903299886385,0.0,22.593379441459916,0.0,5.443291550730772,0.0,5.543563024631935,0.0,9.320171309506728,0.0,2.9087734998172476,0.0,2.534518050913525,0.0,0.8035215000880266,0.0,-2.0719230986309443,0.0,0.9584019295014404,0.0,""
"2026-09-25 17:11:34","git-master-bddc7a050319718b5e4e0856afec0bc9ea96418f","C:\Users\marco\Desktop\ds004507\derivatives\labels\sub-002\ses-headNormal\anat\sub-002_ses-headNormal_T2w_seg-manual.nii.gz","692","9","",40.45946606612771,0.0,5.538891572803169,0.0,22.647835362982875,0.0,5.55352868965345,0.0,5.642149958642436,0.0,9.07398437381209,0.0,2.859125945672857,0.0,2.694402743980593,0.0,0.7831807553989142,0.0,-0.9809110487607128,0.0,0.9717348927875243,0.0,""
"2026-09-25 17:11:34","git-master-bddc7a050319718b5e4e0856afec0bc9ea96418f","C:\Users\marco\Desktop\ds004507\derivatives\labels\sub-002\ses-headNormal\anat\sub-002_ses-headNormal_T2w_seg-manual.nii.gz","693","8","",40.77949329218935,0.0,5.598867729811245,0.0,22.714527665392136,0.0,5.760444254761019,0.0,5.689917868524435,0.0,9.11589295173297,0.0,2.94572854584304,0.0,2.8147157089179795,0.0,0.7812840916655104,0.0,-0.8511120132108881,0.0,0.9490205333962709,0.0,""
"2026-09-25 17:11:34","git-master-bddc7a050319718b5e4e0856afec0bc9ea96418f","C:\Users\marco\Desktop\ds004507\derivatives\labels\sub-002\ses-headNormal\anat\sub-002_ses-headNormal_T2w_seg-manual.nii.gz","694","8","",41.123951641477774,0.0,5.638374017780747,0.0,22.75656503778019,0.0,5.652753289429946,0.0,5.669454831836863,0.0,9.214872335566382,0.0,2.9038458141371626,0.0,2.748907475292784,0.0,0.7882540554410106,0.0,0.24806032834553216,0.0,0.9638915206107633,0.0,""
"2026-09-25 17:11:34","git-master-bddc7a050319718b5e4e0856afec0bc9ea96418f","C:\Users\marco\Desktop\ds004507\derivatives\labels\sub-002\ses-headNormal\anat\sub-002_ses-headNormal_T2w_seg-manual.nii.gz","695","8","",40.993564744269136,0.0,5.677641499979001,0.0,22.797393601941515,0.0,5.625884563922024,0.0,5.691761814069073,0.0,9.161597674274592,0.0,2.8720993124855356,0.0,2.753785251436488,0.0,0.7831745270174277,0.0,0.39545929317387485,0.0,0.964718758630948,0.0,""
"2026-09-25 17:11:34","git-master-bddc7a050319718b5e4e0856afec0bc9ea96418f","C:\Users\marco\Desktop\ds004507\derivatives\labels\sub-002\ses-headNormal\anat\sub-002_ses-headNormal_T2w_seg-manual.nii.gz","696","8","",40.38833260056343,0.0,5.716670176406003,0.0,22.8370133578761,0.0,5.6798380782372515,0.0,5.756838815221064,0.0,8.9560689678576,0.0,2.8504890408881596,0.0,2.8293490373490915,0.0,0.766045506394762,0.0,-0.4089151187258601,0.0,0.9515022474568252,0.0,""
"2026-09-25 17:11:34","git-master-bddc7a050319718b5e4e0856afec0bc9ea96418f","C:\Users\marco\Desktop\ds004507\derivatives\labels\sub-002\ses-headNormal\anat\sub-002_ses-headNormal_T2w_seg-manual.nii.gz","697","8","",40.65876980100651,0.0,5.7552214488994835,0.0,22.874221685370713,0.0,5.6190357751017315,0.0,5.765902039167364,0.0,9.012510874860247,0.0,2.8530276049517127,0.0,2.7660081701500183,0.0,0.7685565368929019,0.0,-0.22953832037584707,0.0,0.9635359537193541,0.0,""
"2026-09-25 17:11:34","git-master-bddc7a050319718b5e4e0856afec0bc9ea96418f","C:\Users\marco\Desktop\ds004507\derivatives\labels\sub-002\ses-headNormal\anat\sub-002_ses-headNormal_T2w_seg-manual.nii.gz","698","8","",40.8038694426942,0.0,5.793534124363847,0.0,22.910227212415197,0.0,5.549579670347627,0.0,5.726888426007803,0.0,9.13797636468067,0.0,2.811672033480801,0.0,2.7379076368668254,0.0,0.7787885349371035,0.0,-0.4637636613886628,0.0,0.966156798837669,0.0,""
"2026-09-25 17:11:34","git-master-bddc7a050319718b5e4e0856afec0bc9ea96418f","C:\Users\marco\Desktop\ds004507\derivatives\labels\sub-002\ses-headNormal\anat\sub-002_ses-headNormal_T2w_seg-manual.nii.gz","699","8","",40.82363152562651,0.0,5.831608202799095,0.0,22.945029939009544,0.0,5.4714697639749375,0.0,5.639797975742383,0.0,9.332465437318866,0.0,2.7264223264754244,0.0,2.745047437499513,0.0,0.7967415005273668,0.0,-1.1115911417643074,0.0,0.9593647828117702,0.0,""
"2026-09-25 17:11:34","git-master-bddc7a050319718b5e4e0856afec0bc9ea96418f","C:\Users\marco\Desktop\ds004507\derivatives\labels\sub-002\ses-headNormal\anat\sub-002_ses-headNormal_T2w_seg-manual.nii.gz","700","8","",39.51908837582008,0.0,5.86920529913764,0.0,22.97743252956648,0.0,5.1848990915381545,0.0,5.456320205333488,0.0,9.328903714072728,0.0,2.6384713059729927,0.0,2.546427785565162,0.0,0.8109414594364293,0.0,-0.29189218588279664,0.0,0.9704749026351344,0.0,""
"2026-09-25 17:11:34","git-master-bddc7a050319718b5e4e0856afec0bc9ea96418f","C:\Users\marco\Desktop\ds004507\derivatives\labels\sub-002\ses-headNormal\anat\sub-002_ses-headNormal_T2w_seg-manual.nii.gz","701","8","",39.29631690677364,0.0,5.906564011362948,0.0,23.00863760218528,0.0,5.2223262200880916,0.0,5.464875022153456,0.0,9.25506422953263,0.0,2.6648916078543223,0.0,2.5574346122337692,0.0,0.806411644452365,0.0,-0.9410431371758186,0.0,0.9681919570770414,0.0,""
"2026-09-25 17:11:34","git-master-bddc7a050319718b5e4e0856afec0bc9ea96418f","C:\Users\marco\Desktop\ds004507\derivatives\labels\sub-002\ses-headNormal\anat\sub-002_ses-headNormal_T2w_seg-manual.nii.gz","702","8","",40.15531711848717,0.0,5.943684339475018,0.0,23.038645156865943,0.0,5.5837511496247485,0.0,5.665462426202286,0.0,9.110946983698575,0.0,2.805683232119413,0.0,2.7780679175053353,0.0,0.783152055575174,0.0,-3.0590439956433735,0.0,0.9525159461374911,0.0,""
"2026-09-25 17:11:34","git-master-bddc7a050319718b5e4e0856afec0bc9ea96418f","C:\Users\marco\Desktop\ds004507\derivatives\labels\sub-002\ses-headNormal\anat\sub-002_ses-headNormal_T2w_seg-manual.nii.gz","703","8","",41.21813570383445,0.0,5.98032811496452,0.0,23.066262409275637,0.0,5.7254267802147405,0.0,5.751728605609977,0.0,9.208238226554084,0.0,2.945049755169169,0.0,2.780377025045572,0.0,0.7809296933188674,0.0,-2.4150263157496137,0.0,0.950838648712497,0.0,""
"2026-09-25 17:11:34","git-master-bddc7a050319718b5e4e0856afec0bc9ea96418f","C:\Users\marco\Desktop\ds004507\derivatives\labels\sub-002\ses-headNormal\anat\sub-002_ses-headNormal_T2w_seg-manual.nii.gz","704","8","",42.06714998181881,0.0,6.016733722725284,0.0,23.0926866932294,0.0,5.726355215352162,0.0,5.781782752496281,0.0,9.322711126274228,0.0,2.9465054082778663,0.0,2.7798498070742963,0.0,0.784325476233752,0.0,-1.4087723398148535,0.0,0.9552583862194016,0.0,""
"2026-09-25 17:11:34","git-master-bddc7a050319718b5e4e0856afec0bc9ea96418f","C:\Users\marco\Desktop\ds004507\derivatives\labels\sub-002\ses-headNormal\anat\sub-002_ses-headNormal_T2w_seg-manual.nii.gz","705","8","",42.70235995244025,0.0,6.052901162757312,0.0,23.11791800872723,0.0,5.586536455037013,0.0,5.755624866861197,0.0,9.454365682859011,0.0,2.810050191445505,0.0,2.776486263591508,0.0,0.7933394043198276,0.0,-0.04028206783909359,0.0,0.9657751586582048,0.0,""
"2026-09-25 17:11:34","git-master-bddc7a050319718b5e4e0856afec0bc9ea96418f","C:\Users\marco\Desktop\ds004507\derivatives\labels\sub-002\ses-headNormal\anat\sub-002_ses-headNormal_T2w_seg-manual.nii.gz","706","8","",43.736180898589325,0.0,6.088592485888178,0.0,23.140767382893006,0.0,5.760365673866533,0.0,5.8190018978723925,0.0,9.567158626918179,0.0,2.9375923640531982,0.0,2.822773309813335,0.0,0.7937606863453751,0.0,-1.1217305496734324,0.0,0.9618261366012476,0.0,""
"2026-09-25 17:11:34","git-master-bddc7a050319718b5e4e0856afec0bc9ea96418f","C:\Users\marco\Desktop\ds004507\derivatives\labels\sub-002\ses-headNormal\anat\sub-002_ses-headNormal_T2w_seg-manual.nii.gz","707","8","",44.23065158556845,0.0,6.124045860458494,0.0,23.162427598602214,0.0,5.759959705156834,0.0,5.800610174420655,0.0,9.697599916454154,0.0,2.9733601720026686,0.0,2.7865995331541655,0.0,0.801094983265496,0.0,-0.5968808397690548,0.0,0.9644352452058625,0.0,""
"2026-09-25 17:11:34","git-master-bddc7a050319718b5e4e0856afec0bc9ea96418f","C:\Users\marco\Desktop\ds004507\derivatives\labels\sub-002\ses-headNormal\anat\sub-002_ses-headNormal_T2w_seg-manual.nii.gz","708","8","",44.18577201337763,0.0,6.1592612864682605,0.0,23.182898655854846,0.0,5.585318548907916,0.0,5.700449696505984,0.0,9.84568955146694,0.0,2.9173536152939166,0.0,2.667964933613999,0.0,0.8153422950801903,0.0,1.534267061874039,0.0,0.9736024844720497,0.0,""
"2026-09-25 17:11:34","git-master-bddc7a050319718b5e4e0856afec0bc9ea96418f","C:\Users\marco\Desktop\ds004507\derivatives\labels\sub-002\ses-headNormal\anat\sub-002_ses-headNormal_T2w_seg-manual.nii.gz","709","8","",44.508622469113924,0.0,6.194001036195791,0.0,23.200994648216792,0.0,5.778263749320728,0.0,5.802969422860791,0.0,9.73616654323785,0.0,2.985780271040709,0.0,2.7924834782800185,0.0,0.8027557354244077,0.0,0.12570262745791738,0.0,0.9496847105519656,0.0,""
"2026-09-25 17:11:34","git-master-bddc7a050319718b5e4e0856afec0bc9ea96418f","C:\Users\marco\Desktop\ds004507\derivatives\labels\sub-002\ses-headNormal\anat\sub-002_ses-headNormal_T2w_seg-manual.nii.gz","710","8","",44.95045158976189,0.0,6.2285030586498085,0.0,23.21790454739921,0.0,5.835177139756634,0.0,5.8511723963236415,0.0,9.741351819233738,0.0,3.0222450540156474,0.0,2.812932085740986,0.0,0.7994419825153641,0.0,-0.5232917486193799,0.0,0.9430688067334645,0.0,""
"2026-09-25 17:11:34","git-master-bddc7a050319718b5e4e0856afec0bc9ea96418f","C:\Users\marco\Desktop\ds004507\derivatives\labels\sub-002\ses-headNormal\anat\sub-002_ses-headNormal_T2w_seg-manual.nii.gz","711","8","",45.51125937532154,0.0,6.26276735383031,0.0,23.233628353402104,0.0,5.756058720215632,0.0,5.845058616894537,0.0,9.861245379454603,0.0,3.026747964218732,0.0,2.729310755996901,0.0,0.8054010363530597,0.0,-0.41271606635785313,0.0,0.9537547730165464,0.0,""
"2026-09-25 17:11:34","git-master-bddc7a050319718b5e4e0856afec0bc9ea96418f","C:\Users\marco\Desktop\ds004507\derivatives\labels\sub-002\ses-headNormal\anat\sub-002_ses-headNormal_T2w_seg-manual.nii.gz","712","8","",44.60880364679619,0.0,6.296556416935369,0.0,23.246982477129333,0.0,5.751598909292431,0.0,5.877966894148883,0.0,9.63541335240604,0.0,3.0374810554228957,0.0,2.714117853869536,0.0,0.7920612683618851,0.0,0.7888846885820662,0.0,0.9512225802715439,0.0,""
"2026-09-25 17:11:34","git-master-bddc7a050319718b5e4e0856afec0bc9ea96418f","C:\Users\marco\Desktop\ds004507\derivatives\labels\sub-002\ses-headNormal\anat\sub-002_ses-headNormal_T2w_seg-manual.nii.gz","713","8","",43.84969868697819,0.0,6.3301079755279535,0.0,23.2591528241241,0.0,5.789376159636956,0.0,5.900651019494731,0.0,9.44114847546866,0.0,3.053188247398717,0.0,2.7361879122382384,0.0,0.7804675461590961,0.0,0.5785409016370813,0.0,0.949175576761404,0.0,""
"2026-09-25 17:11:34","git-master-bddc7a050319718b5e4e0856afec0bc9ea96418f","C:\Users\marco\Desktop\ds004507\derivatives\labels\sub-002\ses-headNormal\anat\sub-002_ses-headNormal_T2w_seg-manual.nii.gz","714","8","",43.23394449586756,0.0,6.363422029608064,0.0,23.270139394386405,0.0,5.869390471249206,0.0,5.913110992932084,0.0,9.278450748642461,0.0,3.073869540146197,0.0,2.795520931103009,0.0,0.7706198697446927,0.0,-1.0437474271928078,0.0,0.9476137624861265,0.0,""
"2026-09-25 17:11:34","git-master-bddc7a050319718b5e4e0856afec0bc9ea96418f","C:\Users\marco\Desktop\ds004507\derivatives\labels\sub-002\ses-headNormal\anat\sub-002_ses-headNormal_T2w_seg-manual.nii.gz","715","8","",42.19604771781203,0.0,6.3962612981376274,0.0,23.278760164027236,0.0,5.656371884850175,0.0,5.724240890261111,0.0,9.353102007136858,0.0,2.9448154917835305,0.0,2.711556393066645,0.0,0.790443460033045,0.0,-1.050139552664402,0.0,0.9578117862434193,0.0,""
"2026-09-25 17:11:34","git-master-bddc7a050319718b5e4e0856afec0bc9ea96418f","C:\Users\marco\Desktop\ds004507\derivatives\labels\sub-002\ses-headNormal\anat\sub-002_ses-headNormal_T2w_seg-manual.nii.gz","716","8","",41.81075955376367,0.0,6.4288632857648045,0.0,23.28619872151158,0.0,5.516914746207875,0.0,5.624100744944151,0.0,9.427997233273729,0.0,2.8140985962034013,0.0,2.7028161500044736,0.0,0.8025547760801673,0.0,-1.401744934165477,0.0,0.9643360017889251,0.0,""
"2026-09-25 17:11:34","git-master-bddc7a050319718b5e4e0856afec0bc9ea96418f","C:\Users\marco\Desktop\ds004507\derivatives\labels\sub-002\ses-headNormal\anat\sub-002_ses-headNormal_T2w_seg-manual.nii.gz","717","8","",42.078080003722484,0.0,6.461227992489596,0.0,23.292455066839437,0.0,5.4510190553223055,0.0,5.612690556981205,0.0,9.503136427053075,0.0,2.68171885340581,0.0,2.769300201916496,0.0,0.8069538178860596,0.0,-2.098563571696033,0.0,0.9671864091226438,0.0,""
"2026-09-25 17:11:34","git-master-bddc7a050319718b5e4e0856afec0bc9ea96418f","C:\Users\marco\Desktop\ds004507\derivatives\labels\sub-002\ses-headNormal\anat\sub-002_ses-headNormal_T2w_seg-manual.nii.gz","718","8","",41.9019002155488,0.0,6.493118361276709,0.0,23.2963479871848,0.0,5.4551553636820165,0.0,5.611980681220117,0.0,9.483995314699078,0.0,2.8367166848877727,0.0,2.6184386787942433,0.0,0.8061335476326221,0.0,-1.1901254716493397,0.0,0.963337667135101,0.0,""
"2026-09-25 17:11:34","git-master-bddc7a050319718b5e4e0856afec0bc9ea96418f","C:\Users\marco\Desktop\ds004507\derivatives\labels\sub-002\ses-headNormal\anat\sub-002_ses-headNormal_T2w_seg-manual.nii.gz","719","8","",42.70765373103006,0.0,6.524771673015377,0.0,23.29905950605504,0.0,5.56988144841931,0.0,5.733692033440756,0.0,9.47133211201957,0.0,2.9590700022960084,0.0,2.6108114461233023,0.0,0.7955908040339417,0.0,-0.8494294948039599,0.0,0.9589308149623128,0.0,""
"2026-09-25 17:11:34","git-master-bddc7a050319718b5e4e0856afec0bc9ea96418f","C:\Users\marco\Desktop\ds004507\derivatives\labels\sub-002\ses-headNormal\anat\sub-002_ses-headNormal_T2w_seg-manual.nii.gz","720","8","",44.49534055016626,0.0,6.556187927705602,0.0,23.300589623450172,0.0,5.795197309534188,0.0,5.977824613643122,0.0,9.465146819014555,0.0,3.0487788056305165,0.0,2.7464185039036724,0.0,0.7753255870900183,0.0,-1.076475641159894,0.0,0.9539658526042792,0.0,""
"2026-09-25 17:11:34","git-master-bddc7a050319718b5e4e0856afec0bc9ea96418f","C:\Users\marco\Desktop\ds004507\derivatives\labels\sub-002\ses-headNormal\anat\sub-002_ses-headNormal_T2w_seg-manual.nii.gz","721","8","",44.50082997718503,0.0,6.587130291968261,0.0,23.29975718243045,0.0,5.955493610331863,0.0,6.01763822923868,0.0,9.394658210139934,0.0,3.0413012118768625,0.0,2.9141923984550004,0.0,0.7678534332340362,0.0,-0.40758704811800506,0.0,0.9568895575202985,0.0,""
"2026-09-25 17:11:34","git-master-bddc7a050319718b5e4e0856afec0bc9ea96418f","C:\Users\marco\Desktop\ds004507\derivatives\labels\sub-002\ses-headNormal\anat\sub-002_ses-headNormal_T2w_seg-manual.nii.gz","722","8","",44.40076002564679,0.0,6.617835822694704,0.0,23.29774339568354,0.0,5.883427216183043,0.0,5.963781371013396,0.0,9.44514817793148,0.0,2.9869467443561555,0.0,2.8964804718268877,0.0,0.7748674328599068,0.0,0.1510248601231848,0.0,0.9668882903356629,0.0,""
"2026-09-25 17:11:34","git-master-bddc7a050319718b5e4e0856afec0bc9ea96418f","C:\Users\marco\Desktop\ds004507\derivatives\labels\sub-002\ses-headNormal\anat\sub-002_ses-headNormal_T2w_seg-manual.nii.gz","723","8","",44.19513069555155,0.0,6.648304519884928,0.0,23.294548263209442,0.0,5.578998127087731,0.0,5.816254038967271,0.0,9.616616722389196,0.0,2.8857154030683954,0.0,2.693282724019335,0.0,0.7963675859676301,0.0,0.5993600835636756,0.0,0.9839620510503727,0.0,""
"2026-09-25 17:11:34","git-master-bddc7a050319718b5e4e0856afec0bc9ea96418f","C:\Users\marco\Desktop\ds004507\derivatives\labels\sub-002\ses-headNormal\anat\sub-002_ses-headNormal_T2w_seg-manual.nii.gz","724","8","",45.07746443746422,0.0,6.678299772903337,0.0,23.28898992870901,0.0,5.921020271001052,0.0,5.99119563236884,0.0,9.544704143379692,0.0,3.0267553689012026,0.0,2.894264902099849,0.0,0.7781102318531309,0.0,-1.277861071207033,0.0,0.9678739957628057,0.0,""
"2026-09-25 17:11:34","git-master-bddc7a050319718b5e4e0856afec0bc9ea96418f","C:\Users\marco\Desktop\ds004507\derivatives\labels\sub-002\ses-headNormal\anat\sub-002_ses-headNormal_T2w_seg-manual.nii.gz","725","8","",45.5229285793807,0.0,6.708058414989953,0.0,23.282249549224684,0.0,6.061169265395106,0.0,6.093166591299981,0.0,9.499344713453691,0.0,3.046909752068884,0.0,3.0142595133262224,0.0,0.767167425263653,0.0,-1.6544569212994715,0.0,0.9603614228607528,0.0,""
"2026-09-25 17:11:34","git-master-bddc7a050319718b5e4e0856afec0bc9ea96418f","C:\Users\marco\Desktop\ds004507\derivatives\labels\sub-002\ses-headNormal\anat\sub-002_ses-headNormal_T2w_seg-manual.nii.gz","726","8","",45.531523121300964,0.0,6.737580446144777,0.0,23.274327124756454,0.0,5.999445110269894,0.0,6.122166915760694,0.0,9.480538432611198,0.0,2.9461785525714386,0.0,3.0532665576984557,0.0,0.7635391661991965,0.0,-0.5304274667136393,0.0,0.9614243323442137,0.0,""
"2026-09-25 17:11:34","git-master-bddc7a050319718b5e4e0856afec0bc9ea96418f","C:\Users\marco\Desktop\ds004507\derivatives\labels\sub-002\ses-headNormal\anat\sub-002_ses-headNormal_T2w_seg-manual.nii.gz","727","8","",45.7573109670467,0.0,6.766629477016378,0.0,23.2640393452937,0.0,5.931695594769136,0.0,6.084600393638541,0.0,9.607424730242686,0.0,3.029794744960463,0.0,2.9019008498086722,0.0,0.7737380709991415,0.0,0.5801798149485642,0.0,0.9596255561337337,0.0,""
"2026-09-25 17:11:34","git-master-bddc7a050319718b5e4e0856afec0bc9ea96418f","C:\Users\marco\Desktop\ds004507\derivatives\labels\sub-002\ses-headNormal\anat\sub-002_ses-headNormal_T2w_seg-manual.nii.gz","728","8","",46.19779439484612,0.0,6.795442118106074,0.0,23.25256806748098,0.0,5.961907743604288,0.0,6.111659535162471,0.0,9.679683410791874,0.0,3.0531936018073456,0.0,2.908714141796943,0.0,0.7754340379824669,0.0,0.7660259003648489,0.0,0.9606161007683955,0.0,""
"2026-09-25 17:11:34","git-master-bddc7a050319718b5e4e0856afec0bc9ea96418f","C:\Users\marco\Desktop\ds004507\derivatives\labels\sub-002\ses-headNormal\anat\sub-002_ses-headNormal_T2w_seg-manual.nii.gz","729","8","",46.85297340469923,0.0,6.824018369413862,0.0,23.239913291318288,0.0,6.090081556775354,0.0,6.2033443403324835,0.0,9.697314474258759,0.0,3.0163751231120868,0.0,3.073706433663268,0.0,0.7686270671491727,0.0,0.027110789535215264,0.0,0.9643959662481992,0.0,""
"2026-09-25 17:11:34","git-master-bddc7a050319718b5e4e0856afec0bc9ea96418f","C:\Users\marco\Desktop\ds004507\derivatives\labels\sub-002\ses-headNormal\anat\sub-002_ses-headNormal_T2w_seg-manual.nii.gz","730","8","",46.22989880527035,0.0,6.852122060885598,0.0,23.224889500602238,0.0,5.968618980549322,0.0,6.09728201829127,0.0,9.696420577348105,0.0,3.0421253686444127,0.0,2.9264936119049096,0.0,0.7774897587848498,0.0,-0.2192633057277499,0.0,0.9680669894559137,0.0,""
"2026-09-25 17:11:34","git-master-bddc7a050319718b5e4e0856afec0bc9ea96418f","C:\Users\marco\Desktop\ds004507\derivatives\labels\sub-002\ses-headNormal\anat\sub-002_ses-headNormal_T2w_seg-manual.nii.gz","731","8","",45.918549395553676,0.0,6.879989581743209,0.0,23.20868000593723,0.0,5.942465182775949,0.0,6.043827185299801,0.0,9.697285087894565,0.0,3.0689435281181794,0.0,2.87352165465777,0.0,0.7820230683164622,0.0,-0.12683658695274755,0.0,0.9670633672682489,0.0,""
"2026-09-25 17:11:34","git-master-bddc7a050319718b5e4e0856afec0bc9ea96418f","C:\Users\marco\Desktop\ds004507\derivatives\labels\sub-002\ses-headNormal\anat\sub-002_ses-headNormal_T2w_seg-manual.nii.gz","732","8","",45.9189251755492,0.0,6.907620931986695,0.0,23.19128480732326,0.0,6.011620163455236,0.0,6.042979841358078,0.0,9.699908005898138,0.0,3.096829601533387,0.0,2.914790561921849,0.0,0.7822269957440099,0.0,0.30439094586022236,0.0,0.9613850996852046,0.0,""
"2026-09-25 17:11:34","git-master-bddc7a050319718b5e4e0856afec0bc9ea96418f","C:\Users\marco\Desktop\ds004507\derivatives\labels\sub-002\ses-headNormal\anat\sub-002_ses-headNormal_T2w_seg-manual.nii.gz","733","8","",45.71460165112275,0.0,6.934780158363827,0.0,23.171515432761414,0.0,5.726958645835952,0.0,5.985562651968589,0.0,9.834268995308983,0.0,2.9759053604003376,0.0,2.7510532854356144,0.0,0.7932667930925539,0.0,-0.01090355705112056,0.0,0.9707337654734726,0.0,""
"2026-09-25 17:11:34","git-master-bddc7a050319718b5e4e0856afec0bc9ea96418f","C:\Users\marco\Desktop\ds004507\derivatives\labels\sub-002\ses-headNormal\anat\sub-002_ses-headNormal_T2w_seg-manual.nii.gz","734","8","",46.26729986233836,0.0,6.961703430803978,0.0,23.150557399306848,0.0,5.718790959636688,0.0,6.009102972257993,0.0,9.911131547092946,0.0,2.9897874513221137,0.0,2.7290035083145745,0.0,0.7952005553589704,0.0,0.02020094180138579,0.0,0.9710242300805689,0.0,""
"2026-09-25 17:11:34","git-master-bddc7a050319718b5e4e0856afec0bc9ea96418f","C:\Users\marco\Desktop\ds004507\derivatives\labels\sub-002\ses-headNormal\anat\sub-002_ses-headNormal_T2w_seg-manual.nii.gz","735","8","",47.57701980919603,0.0,6.98839074930715,0.0,23.128410706959567,0.0,5.987117104857445,0.0,6.113600802226291,0.0,9.93049566125003,0.0,3.1384758742987153,0.0,2.84864123055873,0.0,0.7880282825432596,0.0,0.3977044424177414,0.0,0.9622564935064936,0.0,""
"2026-09-25 17:11:34","git-master-bddc7a050319718b5e4e0856afec0bc9ea96418f","C:\Users\marco\Desktop\ds004507\derivatives\labels\sub-002\ses-headNormal\anat\sub-002_ses-headNormal_T2w_seg-manual.nii.gz","736","7","",46.59289454441289,0.0,7.027714187003455,0.0,23.091619419902994,0.0,5.9904315592879875,0.0,6.178307548862573,0.0,9.684139985414674,0.0,3.0117787463178574,0.0,2.9786528129701297,0.0,0.7700512287211172,0.0,-0.6548648400540483,0.0,0.9605587510271159,0.0,""
"2026-09-25 17:11:34","git-master-bddc7a050319718b5e4e0856afec0bc9ea96418f","C:\Users\marco\Desktop\ds004507\derivatives\labels\sub-002\ses-headNormal\anat\sub-002_ses-headNormal_T2w_seg-manual.nii.gz","737","7","",47.397029845722216,0.0,7.059309273620072,0.0,23.05859075782594,0.0,6.102566840583879,0.0,6.2412789752868365,0.0,9.685855793064407,0.0,3.226519928057858,0.0,2.8760469125260215,0.0,0.7647036428214723,0.0,-0.7696137912373968,0.0,0.9622909742193443,0.0,""
"2026-09-25 17:11:34","git-master-bddc7a050319718b5e4e0856afec0bc9ea96418f","C:\Users\marco\Desktop\ds004507\derivatives\labels\sub-002\ses-headNormal\anat\sub-002_ses-headNormal_T2w_seg-manual.nii.gz","738","7","",47.592179172312456,0.0,7.090454512254661,0.0,23.02328171072713,0.0,6.108755851916245,0.0,6.2346710678907105,0.0,9.757309410243245,0.0,3.1065361010486243,0.0,3.0022197508676203,0.0,0.7691755097962216,0.0,-1.8434096381844554,0.0,0.9636451686099563,0.0,""
"2026-09-25 17:11:34","git-master-bddc7a050319718b5e4e0856afec0bc9ea96418f","C:\Users\marco\Desktop\ds004507\derivatives\labels\sub-002\ses-headNormal\anat\sub-002_ses-headNormal_T2w_seg-manual.nii.gz","739","7","",47.456715788470994,0.0,7.121150045629016,0.0,22.985689125176872,0.0,6.063340431085701,0.0,6.192602823358037,0.0,9.805990110064807,0.0,3.0859725328328924,0.0,2.9773678982528082,0.0,0.7753462536975688,0.0,-1.4959334443448964,0.0,0.9643911417468508,0.0,""
"2026-09-25 17:11:34","git-master-bddc7a050319718b5e4e0856afec0bc9ea96418f","C:\Users\marco\Desktop\ds004507\derivatives\labels\sub-002\ses-headNormal\anat\sub-002_ses-headNormal_T2w_seg-manual.nii.gz","740","7","",47.742332168288776,0.0,7.151396015666206,0.0,22.945809697579765,0.0,6.054886932836983,0.0,6.181624337251762,0.0,9.8732141814008,0.0,3.1645076035178494,0.0,2.8903793293191344,0.0,0.7797258308049912,0.0,-0.30462578014143593,0.0,0.9669095426375147,0.0,""
"2026-09-25 17:11:34","git-master-bddc7a050319718b5e4e0856afec0bc9ea96418f","C:\Users\marco\Desktop\ds004507\derivatives\labels\sub-002\ses-headNormal\anat\sub-002_ses-headNormal_T2w_seg-manual.nii.gz","741","7","",48.93265156524229,0.0,7.181192563475617,0.0,22.903639974420823,0.0,6.13249282950035,0.0,6.243625391370118,0.0,10.026741941893613,0.0,3.128947150429578,0.0,3.0035456790707724,0.0,0.782459388989775,0.0,-0.11945194012057465,0.0,0.9703889559577366,0.0,""
"2026-09-25 17:11:34","git-master-bddc7a050319718b5e4e0856afec0bc9ea96418f","C:\Users\marco\Desktop\ds004507\derivatives\labels\sub-002\ses-headNormal\anat\sub-002_ses-headNormal_T2w_seg-manual.nii.gz","742","7","",48.61862489475228,0.0,7.210475677860726,0.0,22.858847761132235,0.0,6.0341070369039365,0.0,6.19259588080134,0.0,10.027470797244806,0.0,3.0917607721556153,0.0,2.9423462647483207,0.0,0.7865179472160573,0.0,0.2150014071930937,0.0,0.9467948979381511,0.0,""
"2026-09-25 17:11:34","git-master-bddc7a050319718b5e4e0856afec0bc9ea96418f","C:\Users\marco\Desktop\ds004507\derivatives\labels\sub-002\ses-headNormal\anat\sub-002_ses-headNormal_T2w_seg-manual.nii.gz","743","7","",49.56427857483104,0.0,7.239245580430183,0.0,22.81142681699224,0.0,6.118301396803233,0.0,6.239585474386621,0.0,10.082464094895586,0.0,3.143875843817359,0.0,2.974425552985873,0.0,0.7855067316763942,0.0,1.599928820308131,0.0,0.9566174892135255,0.0,""
"2026-09-25 17:11:34","git-master-bddc7a050319718b5e4e0856afec0bc9ea96418f","C:\Users\marco\Desktop\ds004507\derivatives\labels\sub-002\ses-headNormal\anat\sub-002_ses-headNormal_T2w_seg-manual.nii.gz","744","7","",49.408506617560604,0.0,7.267566587006398,0.0,22.761700757334975,0.0,6.024582211607588,0.0,6.143805694139216,0.0,10.181391455440473,0.0,3.0228490343308434,0.0,3.001733177276745,0.0,0.7971233383021411,0.0,1.2986416092546895,0.0,0.9598141635586926,0.0,""
"2026-09-25 17:11:34","git-master-bddc7a050319718b5e4e0856afec0bc9ea96418f","C:\Users\marco\Desktop\ds004507\derivatives\labels\sub-002\ses-headNormal\anat\sub-002_ses-headNormal_T2w_seg-manual.nii.gz","745","7","",48.49053926331549,0.0,7.295438833247133,0.0,22.709665239760717,0.0,5.803355829719723,0.0,5.983059985822941,0.0,10.267102497529864,0.0,2.8477569700303884,0.0,2.955598859689335,0.0,0.8125499602368376,0.0,0.5950132104514908,0.0,0.9690956184973553,0.0,""
"2026-09-25 17:11:34","git-master-bddc7a050319718b5e4e0856afec0bc9ea96418f","C:\Users\marco\Desktop\ds004507\derivatives\labels\sub-002\ses-headNormal\anat\sub-002_ses-headNormal_T2w_seg-manual.nii.gz","746","7","",47.691434828015076,0.0,7.322862453810131,0.0,22.655315775772685,0.0,5.6400389393954695,0.0,5.8715113478736765,0.0,10.310042474632459,0.0,2.7980960889921787,0.0,2.841942850403291,0.0,0.821994328087356,0.0,0.5798229910202228,0.0,0.978884102514211,0.0,""
"2026-09-25 17:11:34","git-master-bddc7a050319718b5e4e0856afec0bc9ea96418f","C:\Users\marco\Desktop\ds004507\derivatives\labels\sub-002\ses-headNormal\anat\sub-002_ses-headNormal_T2w_seg-manual.nii.gz","747","7","",47.889143043225324,0.0,7.349837582339392,0.0,22.59864773112148,0.0,5.798139114729089,0.0,5.877268287459119,0.0,10.342372946663616,0.0,3.0208136089541937,0.0,2.7773255057748956,0.0,0.8228416169175583,0.0,0.7585756030597667,0.0,0.9401947148817803,0.0,""
"2026-09-25 17:11:34","git-master-bddc7a050319718b5e4e0856afec0bc9ea96418f","C:\Users\marco\Desktop\ds004507\derivatives\labels\sub-002\ses-headNormal\anat\sub-002_ses-headNormal_T2w_seg-manual.nii.gz","748","7","",50.03510559478959,0.0,7.376236315651142,0.0,22.53898987862902,0.0,5.899077444104311,0.0,6.039181480415652,0.0,10.537584078512893,0.0,3.0888679229501252,0.0,2.810209521154186,0.0,0.8194885328030421,0.0,0.23508880750195416,0.0,0.9624172665440841,0.0,""
"2026-09-25 17:11:34","git-master-bddc7a050319718b5e4e0856afec0bc9ea96418f","C:\Users\marco\Desktop\ds004507\derivatives\labels\sub-002\ses-headNormal\anat\sub-002_ses-headNormal_T2w_seg-manual.nii.gz","749","7","",51.096706664013944,0.0,7.401668897300981,0.0,22.476999459920126,0.0,6.06466164246288,0.0,6.139021693364658,0.0,10.541065280161018,0.0,3.1515218948058052,0.0,2.9131397476570746,0.0,0.8128599253547106,0.0,0.3179609029478935,0.0,0.9731848736375496,0.0,""
"2026-09-25 17:11:34","git-master-bddc7a050319718b5e4e0856afec0bc9ea96418f","C:\Users\marco\Desktop\ds004507\derivatives\labels\sub-002\ses-headNormal\anat\sub-002_ses-headNormal_T2w_seg-manual.nii.gz","750","7","",51.69332627862765,0.0,7.425765636247544,0.0,22.412671123720138,0.0,6.264999754338295,0.0,6.242525838260881,0.0,10.481164504604818,0.0,3.2511171907103997,0.0,3.0138825636278956,0.0,0.8031743728451223,0.0,0.12307962058926669,0.0,0.9696818110158566,0.0,""
"2026-09-25 17:11:34","git-master-bddc7a050319718b5e4e0856afec0bc9ea96418f","C:\Users\marco\Desktop\ds004507\derivatives\labels\sub-002\ses-headNormal\anat\sub-002_ses-headNormal_T2w_seg-manual.nii.gz","751","7","",51.82640837222396,0.0,7.44837889863927,0.0,22.34599937799851,0.0,6.356028431797946,0.0,6.303611914422696,0.0,10.429923645418262,0.0,3.3257441007941604,0.0,3.030284331003786,0.0,0.7966942909971492,0.0,-0.2887125616230409,0.0,0.9609616416413403,0.0,""
"2026-09-25 17:11:34","git-master-bddc7a050319718b5e4e0856afec0bc9ea96418f","C:\Users\marco\Desktop\ds004507\derivatives\labels\sub-002\ses-headNormal\anat\sub-002_ses-headNormal_T2w_seg-manual.nii.gz","752","7","",51.41654952807149,0.0,7.469509082563993,0.0,22.276978590464285,0.0,6.213560332107747,0.0,6.261279537668724,0.0,10.408021666548937,0.0,3.272622515281443,0.0,2.9409378168263043,0.0,0.7987953412310571,0.0,-0.5073078599880801,0.0,0.9610634117046744,0.0,""
"2026-09-25 17:11:34","git-master-bddc7a050319718b5e4e0856afec0bc9ea96418f","C:\Users\marco\Desktop\ds004507\derivatives\labels\sub-002\ses-headNormal\anat\sub-002_ses-headNormal_T2w_seg-manual.nii.gz","753","7","",52.09366574889114,0.0,7.488944831677458,0.0,22.20526520476685,0.0,6.160499880890376,0.0,6.344196721719445,0.0,10.372166504823486,0.0,3.0896059086407006,0.0,3.0708939722496758,0.0,0.7911080775137516,0.0,-1.4825380129140353,0.0,0.9744422016708465,0.0,""
"2026-09-25 17:11:34","git-master-bddc7a050319718b5e4e0856afec0bc9ea96418f","C:\Users\marco\Desktop\ds004507\derivatives\labels\sub-002\ses-headNormal\anat\sub-002_ses-headNormal_T2w_seg-manual.nii.gz","754","7","",52.48443393643038,0.0,7.506686692929806,0.0,22.130849544989427,0.0,6.29173341414972,0.0,6.290476896785681,0.0,10.551324349645927,0.0,3.2650831603286252,0.0,3.026650253821094,0.0,0.8026723287589094,0.0,-0.8079699028127288,0.0,0.9573840923976683,0.0,""
"2026-09-25 17:11:34","git-master-bddc7a050319718b5e4e0856afec0bc9ea96418f","C:\Users\marco\Desktop\ds004507\derivatives\labels\sub-002\ses-headNormal\anat\sub-002_ses-headNormal_T2w_seg-manual.nii.gz","755","7","",52.89142371074551,0.0,7.5229467741109435,0.0,22.054061866497346,0.0,6.260643719292617,0.0,6.297818496524253,0.0,10.648022275487147,0.0,3.290829073598811,0.0,2.969814645693807,0.0,0.8063392490903114,0.0,-1.2254704565524548,0.0,0.9618148935207215,0.0,""
"2026-09-25 17:11:34","git-master-bddc7a050319718b5e4e0856afec0bc9ea96418f","C:\Users\marco\Desktop\ds004507\derivatives\labels\sub-002\ses-headNormal\anat\sub-002_ses-headNormal_T2w_seg-manual.nii.gz","756","7","",53.163535250282465,0.0,7.537725359089916,0.0,21.974895716326863,0.0,6.32687128058122,0.0,6.3657383490540616,0.0,10.605967411888756,0.0,3.3100827918491156,0.0,3.016788488732105,0.0,0.7996826658231754,0.0,-1.6314601880012287,0.0,0.9703284009669574,0.0,""
"2026-09-25 17:11:34","git-master-bddc7a050319718b5e4e0856afec0bc9ea96418f","C:\Users\marco\Desktop\ds004507\derivatives\labels\sub-002\ses-headNormal\anat\sub-002_ses-headNormal_T2w_seg-manual.nii.gz","757","7","",53.245307418828915,0.0,7.551022712094765,0.0,21.893344508640755,0.0,6.4957660027667865,0.0,6.4125953164578675,0.0,10.552995931073651,0.0,3.381008334557095,0.0,3.1147576682096916,0.0,0.7939234214878949,0.0,-1.0671030352321602,0.0,0.9686716004239341,0.0,""
"2026-09-25 17:11:34","git-master-bddc7a050319718b5e4e0856afec0bc9ea96418f","C:\Users\marco\Desktop\ds004507\derivatives\labels\sub-002\ses-headNormal\anat\sub-002_ses-headNormal_T2w_seg-manual.nii.gz","758","7","",53.36476707748549,0.0,7.562839077630899,0.0,21.809401525373392,0.0,6.192757844569181,0.0,6.29163587857395,0.0,10.829686052048984,0.0,3.2356256489033557,0.0,2.957132195665826,0.0,0.8139306941613235,0.0,0.0030914500776054645,0.0,0.9688864628820961,0.0,""
"2026-09-25 17:11:34","git-master-bddc7a050319718b5e4e0856afec0bc9ea96418f","C:\Users\marco\Desktop\ds004507\derivatives\labels\sub-002\ses-headNormal\anat\sub-002_ses-headNormal_T2w_seg-manual.nii.gz","759","7","",55.06780221266213,0.0,7.572751696719004,0.0,21.722370919054125,0.0,6.190939589730327,0.0,6.282969356061157,0.0,11.198674678537078,0.0,3.135620145355257,0.0,3.0553194443750704,0.0,0.8276090289447832,0.0,0.15967856844070005,0.0,0.9712572461907798,0.0,""
"2026-09-25 17:11:34","git-master-bddc7a050319718b5e4e0856afec0bc9ea96418f","C:\Users\marco\Desktop\ds004507\derivatives\labels\sub-002\ses-headNormal\anat\sub-002_ses-headNormal_T2w_seg-manual.nii.gz","760","7","",55.01710237426575,0.0,7.581183872960341,0.0,21.63292882052026,0.0,6.125581043739907,0.0,6.262670508361676,0.0,11.275604023020373,0.0,3.1154315131376644,0.0,3.0101495306022428,0.0,0.8315707750085717,0.0,0.1834636073715434,0.0,0.9584376941443808,0.0,""
"2026-09-25 17:11:34","git-master-bddc7a050319718b5e4e0856afec0bc9ea96418f","C:\Users\marco\Desktop\ds004507\derivatives\labels\sub-002\ses-headNormal\anat\sub-002_ses-headNormal_T2w_seg-manual.nii.gz","761","7","",55.71115081261413,0.0,7.588135750298999,0.0,21.54106787207162,0.0,6.145120716694327,0.0,6.344083834216461,0.0,11.309851956053345,0.0,3.117679302738195,0.0,3.027441413956133,0.0,0.8278353398343514,0.0,-0.3884365962161387,0.0,0.9563545357765839,0.0,""
"2026-09-25 17:11:34","git-master-bddc7a050319718b5e4e0856afec0bc9ea96418f","C:\Users\marco\Desktop\ds004507\derivatives\labels\sub-002\ses-headNormal\anat\sub-002_ses-headNormal_T2w_seg-manual.nii.gz","762","7","",57.10648720563757,0.0,7.5936074522768635,0.0,21.446780592845126,0.0,6.258257757935832,0.0,6.440716698859418,0.0,11.397770187500258,0.0,3.141160472086542,0.0,3.117097285849289,0.0,0.8249829606182352,0.0,-1.1122041860322083,0.0,0.9596666092149827,0.0,""
"2026-09-25 17:11:34","git-master-bddc7a050319718b5e4e0856afec0bc9ea96418f","C:\Users\marco\Desktop\ds004507\derivatives\labels\sub-002\ses-headNormal\anat\sub-002_ses-headNormal_T2w_seg-manual.nii.gz","763","7","",57.82046753998789,0.0,7.597599082001839,0.0,21.350059379691423,0.0,6.3648525174000685,0.0,6.4101114378469175,0.0,11.496413035560145,0.0,3.1943549191556335,0.0,3.170497598244435,0.0,0.8300972935501397,0.0,-1.2891554339022395,0.0,0.9532797316979998,0.0,""
"2026-09-25 17:11:34","git-master-bddc7a050319718b5e4e0856afec0bc9ea96418f","C:\Users\marco\Desktop\ds004507\derivatives\labels\sub-002\ses-headNormal\anat\sub-002_ses-headNormal_T2w_seg-manual.nii.gz","764","7","",57.80942940440972,0.0,7.599899304504623,0.0,21.250545880184276,0.0,6.240624254472531,0.0,6.462545447443041,0.0,11.343908492382823,0.0,3.1408060104317084,0.0,3.0998182440408235,0.0,0.8218274615219754,0.0,-1.800792694577602,0.0,0.9759566031663834,0.0,""
"2026-09-25 17:11:34","git-master-bddc7a050319718b5e4e0856afec0bc9ea96418f","C:\Users\marco\Desktop\ds004507\derivatives\labels\sub-002\ses-headNormal\anat\sub-002_ses-headNormal_T2w_seg-manual.nii.gz","765","7","",58.38338228836679,0.0,7.600508186194965,0.0,21.148227358164057,0.0,6.456438935613785,0.0,6.466970615458813,0.0,11.450754983192335,0.0,3.2766027025852167,0.0,3.1798362330285683,0.0,0.8252221157184398,0.0,-1.57702740031,0.0,0.9591510781123375,0.0,""
"2026-09-25 17:11:34","git-master-bddc7a050319718b5e4e0856afec0bc9ea96418f","C:\Users\marco\Desktop\ds004507\derivatives\labels\sub-002\ses-headNormal\anat\sub-002_ses-headNormal_T2w_seg-manual.nii.gz","766","7","",59.10362841800624,0.0,7.599637153283806,0.0,21.043444659749046,0.0,6.629864454018445,0.0,6.539835552541382,0.0,11.454049808750064,0.0,3.3215001489946863,0.0,3.308364305023758,0.0,0.8209023057431989,0.0,-1.5369063375495107,0.0,0.9613065607282987,0.0,""
"2026-09-25 17:11:34","git-master-bddc7a050319718b5e4e0856afec0bc9ea96418f","C:\Users\marco\Desktop\ds004507\derivatives\labels\sub-002\ses-headNormal\anat\sub-002_ses-headNormal_T2w_seg-manual.nii.gz","767","7","",59.31338875362287,0.0,7.597286185472089,0.0,20.93618948464867,0.0,6.517980271112246,0.0,6.543040923862258,0.0,11.491562850462982,0.0,3.274267587171897,0.0,3.243712683940349,0.0,0.8218919876940741,0.0,-0.8592359386247627,0.0,0.9704957602469086,0.0,""
"2026-09-25 17:11:34","git-master-bddc7a050319718b5e4e0856afec0bc9ea96418f","C:\Users\marco\Desktop\ds004507\derivatives\labels\sub-002\ses-headNormal\anat\sub-002_ses-headNormal_T2w_seg-manual.nii.gz","768","7","",59.314026376112416,0.0,7.593455241871252,0.0,20.826453423122388,0.0,6.304226902571113,0.0,6.513554276477419,0.0,11.575881862244586,0.0,3.266124899422304,0.0,3.0381020031488095,0.0,0.8262796322810833,0.0,0.3780161153586598,0.0,0.9696961119203017,0.0,""
"2026-09-25 17:11:34","git-master-bddc7a050319718b5e4e0856afec0bc9ea96418f","C:\Users\marco\Desktop\ds004507\derivatives\labels\sub-002\ses-headNormal\anat\sub-002_ses-headNormal_T2w_seg-manual.nii.gz","769","7","",60.97616784453305,0.0,7.588144261011047,0.0,20.714227957083754,0.0,6.796454541537603,0.0,6.83724557628323,0.0,11.376881507493593,0.0,3.5472492691400195,0.0,3.249205272397584,0.0,0.7992662205901494,0.0,0.18171722378974312,0.0,0.9554361567635904,0.0,""
"2026-09-25 17:11:34","git-master-bddc7a050319718b5e4e0856afec0bc9ea96418f","C:\Users\marco\Desktop\ds004507\derivatives\labels\sub-002\ses-headNormal\anat\sub-002_ses-headNormal_T2w_seg-manual.nii.gz","770","6","",61.491896772147726,0.0,7.579327078839989,0.0,20.573132452998628,0.0,6.470582934323612,0.0,6.641852717050995,0.0,11.788767184626055,0.0,3.344470861033921,0.0,3.1261120732896908,0.0,0.8261807200463996,0.0,-0.5563060989113425,0.0,0.9592284773404423,0.0,""
"2026-09-25 17:11:34","git-master-bddc7a050319718b5e4e0856afec0bc9ea96418f","C:\Users\marco\Desktop\ds004507\derivatives\labels\sub-002\ses-headNormal\anat\sub-002_ses-headNormal_T2w_seg-manual.nii.gz","771","6","",63.591502479583106,0.0,7.570040869684903,0.0,20.452260749038153,0.0,6.695261507808748,0.0,6.870240573103009,0.0,11.918136949617903,0.0,3.4905276869314914,0.0,3.2047338208772573,0.0,0.817119764656731,0.0,-0.04984098895735778,0.0,0.9670496678833159,0.0,""
"2026-09-25 17:11:34","git-master-bddc7a050319718b5e4e0856afec0bc9ea96418f","C:\Users\marco\Desktop\ds004507\derivatives\labels\sub-002\ses-headNormal\anat\sub-002_ses-headNormal_T2w_seg-manual.nii.gz","772","6","",63.809315604558506,0.0,7.559203574634793,0.0,20.328742116897853,0.0,6.799010844131268,0.0,6.9091260938465044,0.0,11.896909517923097,0.0,3.439737870904128,0.0,3.3592729732271405,0.0,0.8140783926202244,0.0,1.1400229547362961,0.0,0.9668369491270241,0.0,""
"2026-09-25 17:11:34","git-master-bddc7a050319718b5e4e0856afec0bc9ea96418f","C:\Users\marco\Desktop\ds004507\derivatives\labels\sub-002\ses-headNormal\anat\sub-002_ses-headNormal_T2w_seg-manual.nii.gz","773","6","",63.22738357472464,0.0,7.546814976659847,0.0,20.202566460072514,0.0,6.5497566780686896,0.0,6.734048499695791,0.0,12.04822062999554,0.0,3.297067626869894,0.0,3.252689051198796,0.0,0.8285602101417157,0.0,0.746510845858295,0.0,0.9741378262137328,0.0,""
"2026-09-25 17:11:34","git-master-bddc7a050319718b5e4e0856afec0bc9ea96418f","C:\Users\marco\Desktop\ds004507\derivatives\labels\sub-002\ses-headNormal\anat\sub-002_ses-headNormal_T2w_seg-manual.nii.gz","774","6","",62.58423326114709,0.0,7.532874834263472,0.0,20.07372357356911,0.0,6.269217049350888,0.0,6.518251553973683,0.0,12.227942373871926,0.0,3.1575690521087845,0.0,3.1116479972421045,0.0,0.84605025963164,0.0,0.1369044274602359,0.0,0.9809142151533443,0.0,""
"2026-09-25 17:11:34","git-master-bddc7a050319718b5e4e0856afec0bc9ea96418f","C:\Users\marco\Desktop\ds004507\derivatives\labels\sub-002\ses-headNormal\anat\sub-002_ses-headNormal_T2w_seg-manual.nii.gz","775","6","",62.51164483279176,0.0,7.517382881605894,0.0,19.94220314670721,0.0,6.3334087290515315,0.0,6.461276635602564,0.0,12.222530969258404,0.0,3.12278989764992,0.0,3.2106188314016113,0.0,0.8487928355798579,0.0,0.5324929746136613,0.0,0.9762077315374219,0.0,""
"2026-09-25 17:11:34","git-master-bddc7a050319718b5e4e0856afec0bc9ea96418f","C:\Users\marco\Desktop\ds004507\derivatives\labels\sub-002\ses-headNormal\anat\sub-002_ses-headNormal_T2w_seg-manual.nii.gz","776","6","",63.771425611010365,0.0,7.500338828627752,0.0,19.807994765919425,0.0,6.673153645979515,0.0,6.617555811795459,0.0,12.14687455161724,0.0,3.3171833386587424,0.0,3.355970307320773,0.0,0.8385693004294783,0.0,-0.7714758029329041,0.0,0.966804979253112,0.0,""
"2026-09-25 17:11:34","git-master-bddc7a050319718b5e4e0856afec0bc9ea96418f","C:\Users\marco\Desktop\ds004507\derivatives\labels\sub-002\ses-headNormal\anat\sub-002_ses-headNormal_T2w_seg-manual.nii.gz","777","6","",64.14359952684096,0.0,7.481354106977486,0.0,19.670408844307232,0.0,6.321545142188273,0.0,6.545665674158174,0.0,12.366789330727524,0.0,3.2372294540769246,0.0,3.084315688111349,0.0,0.8483648654810921,0.0,-1.1055781555804411,0.0,0.9789971995124823,0.0,""
"2026-09-25 17:11:34","git-master-bddc7a050319718b5e4e0856afec0bc9ea96418f","C:\Users\marco\Desktop\ds004507\derivatives\labels\sub-002\ses-headNormal\anat\sub-002_ses-headNormal_T2w_seg-manual.nii.gz","778","6","",65.78974581875646,0.0,7.460816368542593,0.0,19.530106629739826,0.0,6.659736913208965,0.0,6.812700245608821,0.0,12.233094604696834,0.0,3.4011164166753356,0.0,3.258620496533629,0.0,0.830013034104171,0.0,-1.0929447709920608,0.0,0.9708906424658559,0.0,""
"2026-09-25 17:11:34","git-master-bddc7a050319718b5e4e0856afec0bc9ea96418f","C:\Users\marco\Desktop\ds004507\derivatives\labels\sub-002\ses-headNormal\anat\sub-002_ses-headNormal_T2w_seg-manual.nii.gz","779","6","",67.54759286374403,0.0,7.438725217052188,0.0,19.38707730061683,0.0,6.867196716802562,0.0,7.003676897111012,0.0,12.295378173901836,0.0,3.4454901621984284,0.0,3.4217065546041336,0.0,0.8218766471849656,0.0,-0.6378051884736993,0.0,0.9676211647701141,0.0,""
"2026-09-25 17:11:34","git-master-bddc7a050319718b5e4e0856afec0bc9ea96418f","C:\Users\marco\Desktop\ds004507\derivatives\labels\sub-002\ses-headNormal\anat\sub-002_ses-headNormal_T2w_seg-manual.nii.gz","780","6","",68.2080932999317,0.0,7.41508023337318,0.0,19.241309957947177,0.0,6.795196673818409,0.0,7.029468124373028,0.0,12.486063752714196,0.0,3.3729914521143227,0.0,3.422205221704086,0.0,0.8264263095710932,0.0,-0.48124320334839066,0.0,0.9606861278319339,0.0,""
"2026-09-25 17:11:34","git-master-bddc7a050319718b5e4e0856afec0bc9ea96418f","C:\Users\marco\Desktop\ds004507\derivatives\labels\sub-002\ses-headNormal\anat\sub-002_ses-headNormal_T2w_seg-manual.nii.gz","781","6","",68.10486602284826,0.0,7.389880975726409,0.0,19.092793628952588,0.0,6.685508719817829,0.0,7.0086383864858615,0.0,12.576346687807709,0.0,3.346834980773566,0.0,3.3386737390442627,0.0,0.8303116624439172,0.0,-1.1342936711378755,0.0,0.9490392856599964,0.0,""
"2026-09-25 17:11:34","git-master-bddc7a050319718b5e4e0856afec0bc9ea96418f","C:\Users\marco\Desktop\ds004507\derivatives\labels\sub-002\ses-headNormal\anat\sub-002_ses-headNormal_T2w_seg-manual.nii.gz","782","6","",70.70363818168295,0.0,7.363126979902766,0.0,18.941517270671117,0.0,6.889100056697726,0.0,7.149280944561267,0.0,12.632129676465425,0.0,3.485388482567889,0.0,3.4037115741298365,0.0,0.8244326556909243,0.0,-1.8110393117442123,0.0,0.9801856727171955,0.0,""
"2026-09-25 17:11:34","git-master-bddc7a050319718b5e4e0856afec0bc9ea96418f","C:\Users\marco\Desktop\ds004507\derivatives\labels\sub-002\ses-headNormal\anat\sub-002_ses-headNormal_T2w_seg-manual.nii.gz","783","6","",68.87399248112658,0.0,7.334428732775791,0.0,18.786772314296865,0.0,6.672426044053063,0.0,6.912621500521959,0.0,12.69599841596105,0.0,3.316250411033067,0.0,3.3561756330199968,0.0,0.8386855391763143,0.0,-1.4612474325072298,0.0,0.970285825119343,0.0,""
"2026-09-25 17:11:34","git-master-bddc7a050319718b5e4e0856afec0bc9ea96418f","C:\Users\marco\Desktop\ds004507\derivatives\labels\sub-002\ses-headNormal\anat\sub-002_ses-headNormal_T2w_seg-manual.nii.gz","784","6","",70.04492464485521,0.0,7.304174378835053,0.0,18.629237520892406,0.0,6.78231756354317,0.0,6.952621058303237,0.0,12.759464293804282,0.0,3.45031195563688,0.0,3.3320056079062907,0.0,0.8384983458913066,0.0,-1.5109600171353579,0.0,0.96913777373044,0.0,""
"2026-09-25 17:11:34","git-master-bddc7a050319718b5e4e0856afec0bc9ea96418f","C:\Users\marco\Desktop\ds004507\derivatives\labels\sub-002\ses-headNormal\anat\sub-002_ses-headNormal_T2w_seg-manual.nii.gz","785","6","",70.69090660414226,0.0,7.27236335739145,0.0,18.4689016019901,0.0,6.865068906099612,0.0,7.0045109863217725,0.0,12.761173400634824,0.0,3.497794782804754,0.0,3.3672741232948575,0.0,0.8358886381516709,0.0,-1.5487680258177277,0.0,0.9681148280751987,0.0,""
"2026-09-25 17:11:34","git-master-bddc7a050319718b5e4e0856afec0bc9ea96418f","C:\Users\marco\Desktop\ds004507\derivatives\labels\sub-002\ses-headNormal\anat\sub-002_ses-headNormal_T2w_seg-manual.nii.gz","786","6","",70.48993816829592,0.0,7.238995087432339,0.0,18.305753231467488,0.0,6.806640762370393,0.0,7.0065160404561,0.0,12.800511071109675,0.0,3.4332012188536236,0.0,3.37343954351677,0.0,0.8368584293166318,0.0,-1.317438767962377,0.0,0.9638308819464819,0.0,""
"2026-09-25 17:11:34","git-master-bddc7a050319718b5e4e0856afec0bc9ea96418f","C:\Users\marco\Desktop\ds004507\derivatives\labels\sub-002\ses-headNormal\anat\sub-002_ses-headNormal_T2w_seg-manual.nii.gz","787","6","",70.18976135458453,0.0,7.204068967932559,0.0,18.13978105010718,0.0,6.6732011801823115,0.0,6.9875115414328794,0.0,12.921242436300568,0.0,3.3961413551537825,0.0,3.277059825028529,0.0,0.8411659804237563,0.0,-0.7005492389768135,0.0,0.9577509761042112,0.0,""
"2026-09-25 17:11:34","git-master-bddc7a050319718b5e4e0856afec0bc9ea96418f","C:\Users\marco\Desktop\ds004507\derivatives\labels\sub-002\ses-headNormal\anat\sub-002_ses-headNormal_T2w_seg-manual.nii.gz","788","6","",69.47407471816192,0.0,7.167584378165473,0.0,17.970973670156756,0.0,6.6516665220033,0.0,6.954680552213161,0.0,12.895152976091437,0.0,3.4921601532907403,0.0,3.159506368712559,0.0,0.8420975968238438,0.0,0.29088054295142224,0.0,0.9558018609742748,0.0,""
"2026-09-25 17:11:34","git-master-bddc7a050319718b5e4e0856afec0bc9ea96418f","C:\Users\marco\Desktop\ds004507\derivatives\labels\sub-002\ses-headNormal\anat\sub-002_ses-headNormal_T2w_seg-manual.nii.gz","789","6","",70.94698503851022,0.0,7.129150618418012,0.0,17.79860326489307,0.0,6.833754627588904,0.0,7.046161762822529,0.0,12.988284883858547,0.0,3.5180205213754396,0.0,3.315734106213465,0.0,0.8400561896331158,0.0,0.5699078068764161,0.0,0.9546235074594361,0.0,""
"2026-09-25 17:11:34","git-master-bddc7a050319718b5e4e0856afec0bc9ea96418f","C:\Users\marco\Desktop\ds004507\derivatives\labels\sub-002\ses-headNormal\anat\sub-002_ses-headNormal_T2w_seg-manual.nii.gz","790","6","",71.10045486750535,0.0,7.089156620287158,0.0,17.62336719967166,0.0,6.804784691152894,0.0,6.99638818214434,0.0,12.97187951082976,0.0,3.4301625252970127,0.0,3.3746221658558806,0.0,0.8420787124775216,0.0,-0.5092450594769972,0.0,0.9565257883270585,0.0,""
"2026-09-25 17:11:34","git-master-bddc7a050319718b5e4e0856afec0bc9ea96418f","C:\Users\marco\Desktop\ds004507\derivatives\labels\sub-002\ses-headNormal\anat\sub-002_ses-headNormal_T2w_seg-manual.nii.gz","791","6","",72.24640613442503,0.0,7.047601680570382,0.0,17.44525404680184,0.0,6.844892377918054,0.0,7.034962669020024,0.0,12.975521695479399,0.0,3.5256955484753485,0.0,3.3191968294427054,0.0,0.8402538701647256,0.0,-0.34632816169410774,0.0,0.9635255844243146,0.0,""
"2026-09-25 17:11:34","git-master-bddc7a050319718b5e4e0856afec0bc9ea96418f","C:\Users\marco\Desktop\ds004507\derivatives\labels\sub-002\ses-headNormal\anat\sub-002_ses-headNormal_T2w_seg-manual.nii.gz","792","6","",72.92492981602406,0.0,7.004485079241438,0.0,17.264252390858775,0.0,6.919629715705621,0.0,7.070765298968115,0.0,12.97001247599214,0.0,3.6093460533727737,0.0,3.310283662332847,0.0,0.8383299330651363,0.0,0.381718677251576,0.0,0.9682599472287987,0.0,""
"2026-09-25 17:11:34","git-master-bddc7a050319718b5e4e0856afec0bc9ea96418f","C:\Users\marco\Desktop\ds004507\derivatives\labels\sub-002\ses-headNormal\anat\sub-002_ses-headNormal_T2w_seg-manual.nii.gz","793","6","",71.91061763956695,0.0,6.959806079859469,0.0,17.080350834353837,0.0,6.85357461258855,0.0,7.014327138465996,0.0,12.954660690048632,0.0,3.463016328974099,0.0,3.39055828361445,0.0,0.8407289308650452,0.0,0.15113960637771912,0.0,0.9604447490670931,0.0,""
"2026-09-25 17:11:34","git-master-bddc7a050319718b5e4e0856afec0bc9ea96418f","C:\Users\marco\Desktop\ds004507\derivatives\labels\sub-002\ses-headNormal\anat\sub-002_ses-headNormal_T2w_seg-manual.nii.gz","794","6","",72.2188937858603,0.0,6.913563929978104,0.0,16.893538003404988,0.0,6.503940374544783,0.0,7.10020401923164,0.0,13.14457457461112,0.0,3.315343238266656,0.0,3.1885971362781262,0.0,0.8415608463197681,0.0,-0.9782635639275223,0.0,0.9333333333333333,0.0,""
"2026-09-25 17:11:34","git-master-bddc7a050319718b5e4e0856afec0bc9ea96418f","C:\Users\marco\Desktop\ds004507\derivatives\labels\sub-002\ses-headNormal\anat\sub-002_ses-headNormal_T2w_seg-manual.nii.gz","795","6","",73.54678616319543,0.0,6.865366550027281,0.0,16.70306721149781,0.0,6.845938451664768,0.0,7.437295201606703,0.0,12.844705867329157,0.0,3.596935055417965,0.0,3.2490033962468026,0.0,0.8149123407410342,0.0,-0.8636863557442385,0.0,0.9638335719553994,0.0,""
"2026-09-25 17:11:34","git-master-bddc7a050319718b5e4e0856afec0bc9ea96418f","C:\Users\marco\Desktop\ds004507\derivatives\labels\sub-002\ses-headNormal\anat\sub-002_ses-headNormal_T2w_seg-manual.nii.gz","796","6","",74.5141538862836,0.0,6.815603923967827,0.0,16.50965505197501,0.0,6.9618434188022515,0.0,7.52275392166684,0.0,12.830841578926167,0.0,3.6462389976131866,0.0,3.315604421189065,0.0,0.8100910908991286,0.0,-1.2498573664806918,0.0,0.9718530611319429,0.0,""
"2026-09-25 17:11:34","git-master-bddc7a050319718b5e4e0856afec0bc9ea96418f","C:\Users\marco\Desktop\ds004507\derivatives\labels\sub-002\ses-headNormal\anat\sub-002_ses-headNormal_T2w_seg-manual.nii.gz","797","6","",74.08332028184415,0.0,6.764275235296464,0.0,16.313290366521457,0.0,6.974860696254867,0.0,7.351555516482151,0.0,12.888732835395771,0.0,3.5409225952198047,0.0,3.4339381010350625,0.0,0.8211299422501956,0.0,-1.1431824380662565,0.0,0.9727077607920177,0.0,""
"2026-09-25 17:11:34","git-master-bddc7a050319718b5e4e0856afec0bc9ea96418f","C:\Users\marco\Desktop\ds004507\derivatives\labels\sub-002\ses-headNormal\anat\sub-002_ses-headNormal_T2w_seg-manual.nii.gz","798","6","",73.09579371477872,0.0,6.711379655181435,0.0,16.113962070691038,0.0,6.987817572753632,0.0,7.177691832539508,0.0,12.880416020406212,0.0,3.406139417070752,0.0,3.5816781556828805,0.0,0.8303201342865222,0.0,-0.7264851993449731,0.0,0.9681178725595607,0.0,""
"2026-09-25 17:11:34","git-master-bddc7a050319718b5e4e0856afec0bc9ea96418f","C:\Users\marco\Desktop\ds004507\derivatives\labels\sub-002\ses-headNormal\anat\sub-002_ses-headNormal_T2w_seg-manual.nii.gz","799","6","",72.87511633358997,0.0,6.656916342973442,0.0,15.911659160827062,0.0,7.064388247254811,0.0,7.231563482938844,0.0,12.778497562234433,0.0,3.3957887304471273,0.0,3.668599516807684,0.0,0.8243761301638531,0.0,-0.3137297325715924,0.0,0.9577029773675166,0.0,""
"2026-09-25 17:11:34","git-master-bddc7a050319718b5e4e0856afec0bc9ea96418f","C:\Users\marco\Desktop\ds004507\derivatives\labels\sub-002\ses-headNormal\anat\sub-002_ses-headNormal_T2w_seg-manual.nii.gz","800","6","",73.82971281580036,0.0,6.600884446716576,0.0,15.706370720982674,0.0,7.210318870731774,0.0,7.43737210458944,0.0,12.700438720700157,0.0,3.6737751610609095,0.0,3.5365437096708643,0.0,0.8106004463287061,0.0,0.6952567600923448,0.0,0.9504771730719629,0.0,""
"2026-09-25 17:11:34","git-master-bddc7a050319718b5e4e0856afec0bc9ea96418f","C:\Users\marco\Desktop\ds004507\derivatives\labels\sub-002\ses-headNormal\anat\sub-002_ses-headNormal_T2w_seg-manual.nii.gz","801","5","",72.8708223384093,0.0,6.531291560494052,0.0,15.455524772541136,0.0,7.017080389723805,0.0,7.45261721851565,0.0,12.590466684013174,0.0,3.4998999479495625,0.0,3.5171804417742423,0.0,0.8059927437219969,0.0,0.07678948459710788,0.0,0.9849624060150376,0.0,""
"2026-09-25 17:11:34","git-master-bddc7a050319718b5e4e0856afec0bc9ea96418f","C:\Users\marco\Desktop\ds004507\derivatives\labels\sub-002\ses-headNormal\anat\sub-002_ses-headNormal_T2w_seg-manual.nii.gz","802","5","",72.48383575467327,0.0,6.484074859281731,0.0,15.28794021568662,0.0,7.022856837758552,0.0,7.336564481143798,0.0,12.729611259895481,0.0,3.4533165006011064,0.0,3.5695403371574455,0.0,0.8170324574752401,0.0,-0.4423344263916672,0.0,0.9725585216189088,0.0,""
"2026-09-25 17:11:34","git-master-bddc7a050319718b5e4e0856afec0bc9ea96418f","C:\Users\marco\Desktop\ds004507\derivatives\labels\sub-002\ses-headNormal\anat\sub-002_ses-headNormal_T2w_seg-manual.nii.gz","803","5","",72.21353478146105,0.0,6.436121233447602,0.0,15.118936354845719,0.0,7.083873999300506,0.0,7.262801395169712,0.0,12.76616975166437,0.0,3.444242673727983,0.0,3.6396313255725223,0.0,0.8223964590028777,0.0,-0.4980085211851841,0.0,0.9636288630572966,0.0,""
"2026-09-25 17:11:34","git-master-bddc7a050319718b5e4e0856afec0bc9ea96418f","C:\Users\marco\Desktop\ds004507\derivatives\labels\sub-002\ses-headNormal\anat\sub-002_ses-headNormal_T2w_seg-manual.nii.gz","804","5","",72.07158797982503,0.0,6.387356990529484,0.0,14.948371259619792,0.0,7.205655945700388,0.0,7.23555692573317,0.0,12.689883550908494,0.0,3.476429429377727,0.0,3.7292265163226612,0.0,0.8215171770823493,0.0,-0.04388781816391729,0.0,0.9585208529136526,0.0,""
"2026-09-25 17:11:34","git-master-bddc7a050319718b5e4e0856afec0bc9ea96418f","C:\Users\marco\Desktop\ds004507\derivatives\labels\sub-002\ses-headNormal\anat\sub-002_ses-headNormal_T2w_seg-manual.nii.gz","805","5","",71.7140466945466,0.0,6.337117769355818,0.0,14.774954848828516,0.0,7.090886528443752,0.0,7.195863918239816,0.0,12.562918438036728,0.0,3.5170448541461017,0.0,3.5738416742976513,0.0,0.8196908562696246,0.0,-0.02883295242290258,0.0,0.9664895292692058,0.0,""
"2026-09-25 17:11:34","git-master-bddc7a050319718b5e4e0856afec0bc9ea96418f","C:\Users\marco\Desktop\ds004507\derivatives\labels\sub-002\ses-headNormal\anat\sub-002_ses-headNormal_T2w_seg-manual.nii.gz","806","5","",71.43470091218052,0.0,6.2861405463031605,0.0,14.600107201031488,0.0,7.021693441027723,0.0,7.172871296326923,0.0,12.525462787183697,0.0,3.5204699530379786,0.0,3.501223487989745,0.0,0.8197757387632704,0.0,-0.41319979025165415,0.0,0.9714531601578649,0.0,""
"2026-09-25 17:11:34","git-master-bddc7a050319718b5e4e0856afec0bc9ea96418f","C:\Users\marco\Desktop\ds004507\derivatives\labels\sub-002\ses-headNormal\anat\sub-002_ses-headNormal_T2w_seg-manual.nii.gz","807","5","",71.27398876594042,0.0,6.234277652628884,0.0,14.423541324931143,0.0,7.029038884309603,0.0,7.172975757725097,0.0,12.610731679830037,0.0,3.473746039486617,0.0,3.5552928448229864,0.0,0.8224720282582231,0.0,-1.3008578436880769,0.0,0.9715382846573849,0.0,""
"2026-09-25 17:11:34","git-master-bddc7a050319718b5e4e0856afec0bc9ea96418f","C:\Users\marco\Desktop\ds004507\derivatives\labels\sub-002\ses-headNormal\anat\sub-002_ses-headNormal_T2w_seg-manual.nii.gz","808","5","",72.88056523714738,0.0,6.181011357023157,0.0,14.244243466639212,0.0,7.04699960463026,0.0,7.206757152015677,0.0,12.938742450161984,0.0,3.4269501353114036,0.0,3.620049469318857,0.0,0.8303152545610456,0.0,-0.6091690260850325,0.0,0.9676602441579415,0.0,""
"2026-09-25 17:11:34","git-master-bddc7a050319718b5e4e0856afec0bc9ea96418f","C:\Users\marco\Desktop\ds004507\derivatives\labels\sub-002\ses-headNormal\anat\sub-002_ses-headNormal_T2w_seg-manual.nii.gz","809","5","",73.42217287719052,0.0,6.127005967600473,0.0,14.063503050025092,0.0,7.02906803670377,0.0,7.22376304253682,0.0,13.09230089206669,0.0,3.379993988002878,0.0,3.649074048700892,0.0,0.8339684898412785,0.0,-0.3642906803149475,0.0,0.9648307255005955,0.0,""
"2026-09-25 17:11:34","git-master-bddc7a050319718b5e4e0856afec0bc9ea96418f","C:\Users\marco\Desktop\ds004507\derivatives\labels\sub-002\ses-headNormal\anat\sub-002_ses-headNormal_T2w_seg-manual.nii.gz","810","5","",71.93090679781861,0.0,6.072039606318774,0.0,13.880885788880718,0.0,6.950995729303243,0.0,7.207748211437874,0.0,12.920852663304593,0.0,3.3327897597883798,0.0,3.618205969514863,0.0,0.8299325926242465,0.0,-1.1156307897406956,0.0,0.9643829646391122,0.0,""
"2026-09-25 17:11:34","git-master-bddc7a050319718b5e4e0856afec0bc9ea96418f","C:\Users\marco\Desktop\ds004507\derivatives\labels\sub-002\ses-headNormal\anat\sub-002_ses-headNormal_T2w_seg-manual.nii.gz","811","5","",71.61625679225267,0.0,6.015741628162123,0.0,13.69565967355183,0.0,6.751827525706758,0.0,7.091358865277436,0.0,13.013818418487606,0.0,3.2254483928370217,0.0,3.526379132869736,0.0,0.8383075989358557,0.0,-1.8623998498984562,0.0,0.9519219222980513,0.0,""
"2026-09-25 17:11:34","git-master-bddc7a050319718b5e4e0856afec0bc9ea96418f","C:\Users\marco\Desktop\ds004507\derivatives\labels\sub-002\ses-headNormal\anat\sub-002_ses-headNormal_T2w_seg-manual.nii.gz","812","5","",72.02742621063761,0.0,5.9587034581032325,0.0,13.508980404319987,0.0,6.705955533796677,0.0,7.051501886187659,0.0,13.048929928405187,0.0,3.2337617582152154,0.0,3.4721937755814616,0.0,0.8412397692037106,0.0,-2.005501670391823,0.0,0.9491618169892365,0.0,""
"2026-09-25 17:11:34","git-master-bddc7a050319718b5e4e0856afec0bc9ea96418f","C:\Users\marco\Desktop\ds004507\derivatives\labels\sub-002\ses-headNormal\anat\sub-002_ses-headNormal_T2w_seg-manual.nii.gz","813","5","",73.49802911898897,0.0,5.9006287765315095,0.0,13.320264445343732,0.0,7.00704126399139,0.0,7.198167812926369,0.0,12.880194953143535,0.0,3.493430301164798,0.0,3.5136109628265917,0.0,0.829149299541176,0.0,-0.942792694645735,0.0,0.969808012904773,0.0,""
"2026-09-25 17:11:34","git-master-bddc7a050319718b5e4e0856afec0bc9ea96418f","C:\Users\marco\Desktop\ds004507\derivatives\labels\sub-002\ses-headNormal\anat\sub-002_ses-headNormal_T2w_seg-manual.nii.gz","814","5","",73.8338454004946,0.0,5.841294492878366,0.0,13.129066565747548,0.0,7.051582539389968,0.0,7.2197174338867125,0.0,12.936622553263787,0.0,3.450852214349656,0.0,3.600730325040312,0.0,0.8297527499689377,0.0,-1.1283141927629545,0.0,0.9744273041809183,0.0,""
"2026-09-25 17:11:34","git-master-bddc7a050319718b5e4e0856afec0bc9ea96418f","C:\Users\marco\Desktop\ds004507\derivatives\labels\sub-002\ses-headNormal\anat\sub-002_ses-headNormal_T2w_seg-manual.nii.gz","815","5","",73.50616159894341,0.0,5.781218922153542,0.0,12.93640578309345,0.0,7.003292532043508,0.0,7.184148501317792,0.0,13.02056618392733,0.0,3.355850621206348,0.0,3.6474419108371605,0.0,0.8339797636792123,0.0,-1.3458360627216328,0.0,0.9720961915502917,0.0,""
"2026-09-25 17:11:34","git-master-bddc7a050319718b5e4e0856afec0bc9ea96418f","C:\Users\marco\Desktop\ds004507\derivatives\labels\sub-002\ses-headNormal\anat\sub-002_ses-headNormal_T2w_seg-manual.nii.gz","816","5","",72.18724913495355,0.0,5.720031076150351,0.0,12.7415476961004,0.0,6.873832820655708,0.0,7.079381011854161,0.0,13.040851317195052,0.0,3.3075823973983436,0.0,3.566250423257364,0.0,0.8397986737779483,0.0,-0.9091056423643716,0.0,0.9618166601170831,0.0,""
"2026-09-25 17:11:34","git-master-bddc7a050319718b5e4e0856afec0bc9ea96418f","C:\Users\marco\Desktop\ds004507\derivatives\labels\sub-002\ses-headNormal\anat\sub-002_ses-headNormal_T2w_seg-manual.nii.gz","817","5","",72.89784108862868,0.0,5.657655890508297,0.0,12.544338396281352,0.0,6.928693011954123,0.0,7.186214419994575,0.0,13.000039740833905,0.0,3.3982001889079645,0.0,3.530492823046159,0.0,0.8331703546074747,0.0,-0.5462379058190965,0.0,0.9496184690192643,0.0,""
"2026-09-25 17:11:34","git-master-bddc7a050319718b5e4e0856afec0bc9ea96418f","C:\Users\marco\Desktop\ds004507\derivatives\labels\sub-002\ses-headNormal\anat\sub-002_ses-headNormal_T2w_seg-manual.nii.gz","818","5","",73.96477130931122,0.0,5.594538335139926,0.0,12.345657417930573,0.0,7.027604618180344,0.0,7.319681578722152,0.0,12.95321079408179,0.0,3.5177290891260777,0.0,3.5098755290542667,0.0,0.8250316000719056,0.0,-0.3125332508009744,0.0,0.9436278645088435,0.0,""
"2026-09-25 17:11:34","git-master-bddc7a050319718b5e4e0856afec0bc9ea96418f","C:\Users\marco\Desktop\ds004507\derivatives\labels\sub-002\ses-headNormal\anat\sub-002_ses-headNormal_T2w_seg-manual.nii.gz","819","5","",74.14247956675251,0.0,5.5302325362861975,0.0,12.144618281104254,0.0,7.083160849489329,0.0,7.326775841724612,0.0,12.948222971707448,0.0,3.590887521893745,0.0,3.492273327595584,0.0,0.8245066816372398,0.0,-0.41828777285775154,0.0,0.9594201967427061,0.0,""
"2026-09-25 17:11:34","git-master-bddc7a050319718b5e4e0856afec0bc9ea96418f","C:\Users\marco\Desktop\ds004507\derivatives\labels\sub-002\ses-headNormal\anat\sub-002_ses-headNormal_T2w_seg-manual.nii.gz","820","5","",73.24594109647015,0.0,5.464811922382608,0.0,11.941362335471531,0.0,7.097298407409971,0.0,7.272005488877098,0.0,12.83488630582188,0.0,3.6231747984658207,0.0,3.4741236089441503,0.0,0.8240021287123755,0.0,-0.9438466452129468,0.0,0.9663651675427163,0.0,""
"2026-09-25 17:11:34","git-master-bddc7a050319718b5e4e0856afec0bc9ea96418f","C:\Users\marco\Desktop\ds004507\derivatives\labels\sub-002\ses-headNormal\anat\sub-002_ses-headNormal_T2w_seg-manual.nii.gz","821","5","",72.27307209134308,0.0,5.398647878753061,0.0,11.736627043155696,0.0,7.090352974553042,0.0,7.202392921314874,0.0,12.721187197502624,0.0,3.613788064857682,0.0,3.4765649096953597,0.0,0.824275410051224,0.0,-1.3112348512052412,0.0,0.9688480792338346,0.0,""
"2026-09-25 17:11:34","git-master-bddc7a050319718b5e4e0856afec0bc9ea96418f","C:\Users\marco\Desktop\ds004507\derivatives\labels\sub-002\ses-headNormal\anat\sub-002_ses-headNormal_T2w_seg-manual.nii.gz","822","5","",72.80201775025625,0.0,5.331219444372957,0.0,11.529373102407506,0.0,7.064216575651614,0.0,7.174870788160091,0.0,12.790140742809266,0.0,3.4967677535161354,0.0,3.567448822135479,0.0,0.8278198656441885,0.0,-0.2927303296478925,0.0,0.9674077541497114,0.0,""
"2026-09-25 17:11:34","git-master-bddc7a050319718b5e4e0856afec0bc9ea96418f","C:\Users\marco\Desktop\ds004507\derivatives\labels\sub-002\ses-headNormal\anat\sub-002_ses-headNormal_T2w_seg-manual.nii.gz","823","5","",72.40023015817276,0.0,5.262748992433193,0.0,11.320040323923042,0.0,6.929242317411652,0.0,7.1445088844452,0.0,12.826166165320492,0.0,3.4226179139391224,0.0,3.506624403472529,0.0,0.830487548959373,0.0,-0.150895492037177,0.0,0.9656534295438183,0.0,""
"2026-09-25 17:11:34","git-master-bddc7a050319718b5e4e0856afec0bc9ea96418f","C:\Users\marco\Desktop\ds004507\derivatives\labels\sub-002\ses-headNormal\anat\sub-002_ses-headNormal_T2w_seg-manual.nii.gz","824","5","",71.78056951396367,0.0,5.193534084108898,0.0,11.10922177767604,0.0,6.772027952537642,0.0,7.141287385998673,0.0,12.837400623128476,0.0,3.3941820017529754,0.0,3.3778459507846668,0.0,0.8309455060058067,0.0,-0.4973130392856141,0.0,0.9643537482381959,0.0,""
"2026-09-25 17:11:34","git-master-bddc7a050319718b5e4e0856afec0bc9ea96418f","C:\Users\marco\Desktop\ds004507\derivatives\labels\sub-002\ses-headNormal\anat\sub-002_ses-headNormal_T2w_seg-manual.nii.gz","825","5","",72.64587030999083,0.0,5.12297849015641,0.0,10.895725138062657,0.0,6.807886525874949,0.0,7.309427630842664,0.0,12.798673661103267,0.0,3.5114182386184187,0.0,3.2964682872565296,0.0,0.8207754222730766,0.0,-1.1432358438490713,0.0,0.9667239252995067,0.0,""
"2026-09-25 17:11:34","git-master-bddc7a050319718b5e4e0856afec0bc9ea96418f","C:\Users\marco\Desktop\ds004507\derivatives\labels\sub-002\ses-headNormal\anat\sub-002_ses-headNormal_T2w_seg-manual.nii.gz","826","5","",73.38259995779502,0.0,5.05145395571407,0.0,10.680291013989637,0.0,6.941838805062473,0.0,7.421267243369056,0.0,12.749210772869041,0.0,3.639803237785981,0.0,3.302035567276492,0.0,0.813065864013671,0.0,-1.3175287720394722,0.0,0.9686254375525607,0.0,""
"2026-09-25 17:11:34","git-master-bddc7a050319718b5e4e0856afec0bc9ea96418f","C:\Users\marco\Desktop\ds004507\derivatives\labels\sub-002\ses-headNormal\anat\sub-002_ses-headNormal_T2w_seg-manual.nii.gz","827","5","",74.00570729614871,0.0,4.979183982805293,0.0,10.463366093616571,0.0,7.1196679885670235,0.0,7.488953270431817,0.0,12.702326226398114,0.0,3.7583074264981016,0.0,3.3613605620689224,0.0,0.8077119751725577,0.0,-1.2197119252780513,0.0,0.9703285752870963,0.0,""
"2026-09-25 17:11:34","git-master-bddc7a050319718b5e4e0856afec0bc9ea96418f","C:\Users\marco\Desktop\ds004507\derivatives\labels\sub-002\ses-headNormal\anat\sub-002_ses-headNormal_T2w_seg-manual.nii.gz","828","5","",74.30104940741056,0.0,4.905496919636811,0.0,10.243605440618662,0.0,7.140856867343595,0.0,7.466322393754494,0.0,12.74269980297737,0.0,3.717766536271138,0.0,3.4230903310724576,0.0,0.8103523353457854,0.0,-1.2940730321937186,0.0,0.9728870416670545,0.0,""
"2026-09-25 17:11:34","git-master-bddc7a050319718b5e4e0856afec0bc9ea96418f","C:\Users\marco\Desktop\ds004507\derivatives\labels\sub-002\ses-headNormal\anat\sub-002_ses-headNormal_T2w_seg-manual.nii.gz","829","5","",74.32880858128637,0.0,4.830914274891207,0.0,10.022051793718036,0.0,7.15374312724594,0.0,7.412220726330429,0.0,12.756938109509694,0.0,3.668946896907057,0.0,3.4847962303388833,0.0,0.813862680156703,0.0,-1.579328839373307,0.0,0.9728053108983697,0.0,""
"2026-09-25 17:11:34","git-master-bddc7a050319718b5e4e0856afec0bc9ea96418f","C:\Users\marco\Desktop\ds004507\derivatives\labels\sub-002\ses-headNormal\anat\sub-002_ses-headNormal_T2w_seg-manual.nii.gz","830","5","",74.14463739738333,0.0,4.755585265961549,0.0,9.799003865202662,0.0,7.160326844170444,0.0,7.340966454283314,0.0,12.747779365337848,0.0,3.6136883940337126,0.0,3.5466384501367316,0.0,0.8175392130897482,0.0,-2.0030981632543745,0.0,0.9711794603345508,0.0,""
"2026-09-25 17:11:34","git-master-bddc7a050319718b5e4e0856afec0bc9ea96418f","C:\Users\marco\Desktop\ds004507\derivatives\labels\sub-002\ses-headNormal\anat\sub-002_ses-headNormal_T2w_seg-manual.nii.gz","831","5","",73.73560311869402,0.0,4.678762697007607,0.0,9.572965212933081,0.0,7.165398984651518,0.0,7.398721950976324,0.0,12.662708657786615,0.0,3.5538338580318456,0.0,3.611565126619673,0.0,0.8114897388999982,0.0,-2.033717317206254,0.0,0.978274171097694,0.0,""
"2026-09-25 17:11:34","git-master-bddc7a050319718b5e4e0856afec0bc9ea96418f","C:\Users\marco\Desktop\ds004507\derivatives\labels\sub-002\ses-headNormal\anat\sub-002_ses-headNormal_T2w_seg-manual.nii.gz","832","5","",73.93897297738876,0.0,4.601814203812711,0.0,9.34704678427855,0.0,7.169445616815331,0.0,7.420227326422285,0.0,12.727132266503629,0.0,3.4927875100703116,0.0,3.676658106745019,0.0,0.8123468558931001,0.0,-1.957043373347817,0.0,0.9788322278705727,0.0,""
"2026-09-25 17:11:34","git-master-bddc7a050319718b5e4e0856afec0bc9ea96418f","C:\Users\marco\Desktop\ds004507\derivatives\labels\sub-002\ses-headNormal\anat\sub-002_ses-headNormal_T2w_seg-manual.nii.gz","833","5","",74.699073870069,0.0,4.524751234035129,0.0,9.12123764981952,0.0,7.172559968690722,0.0,7.408778046189113,0.0,12.927459799100866,0.0,3.4306576966908993,0.0,3.741902271999823,0.0,0.8194826921433398,0.0,-1.7828302496618198,0.0,0.9734478719250292,0.0,""
"2026-09-25 17:11:34","git-master-bddc7a050319718b5e4e0856afec0bc9ea96418f","C:\Users\marco\Desktop\ds004507\derivatives\labels\sub-002\ses-headNormal\anat\sub-002_ses-headNormal_T2w_seg-manual.nii.gz","834","4","",74.18491305624185,0.0,4.4089816883693915,0.0,8.782672972050225,0.0,7.163769081973436,0.0,7.37112696102027,0.0,13.018227003647068,0.0,3.429282918267302,0.0,3.7344861637061344,0.0,0.8242569795600286,0.0,-1.366524027227099,0.0,0.9728359760852613,0.0,""
"2026-09-25 17:11:34","git-master-bddc7a050319718b5e4e0856afec0bc9ea96418f","C:\Users\marco\Desktop\ds004507\derivatives\labels\sub-002\ses-headNormal\anat\sub-002_ses-headNormal_T2w_seg-manual.nii.gz","835","4","",72.76123773315516,0.0,4.320231590987342,0.0,8.523686336259019,0.0,7.080748288048906,0.0,7.226758904710429,0.0,12.97150302208668,0.0,3.339033630096296,0.0,3.741714657952611,0.0,0.830413631050884,0.0,-1.7894464345957406,0.0,0.9740634993688587,0.0,""
"2026-09-25 17:11:34","git-master-bddc7a050319718b5e4e0856afec0bc9ea96418f","C:\Users\marco\Desktop\ds004507\derivatives\labels\sub-002\ses-headNormal\anat\sub-002_ses-headNormal_T2w_seg-manual.nii.gz","836","4","",73.37239506876188,0.0,4.2324063333227535,0.0,8.267830559059131,0.0,7.19081170668223,0.0,7.247593990212716,0.0,12.993686108596364,0.0,3.5123423263452764,0.0,3.678469380336954,0.0,0.82998747133276,0.0,-1.8786640035397033,0.0,0.9611822586567821,0.0,""
"2026-09-25 17:11:34","git-master-bddc7a050319718b5e4e0856afec0bc9ea96418f","C:\Users\marco\Desktop\ds004507\derivatives\labels\sub-002\ses-headNormal\anat\sub-002_ses-headNormal_T2w_seg-manual.nii.gz","837","4","",74.4600203199185,0.0,4.1455066935283345,0.0,8.015122640544856,0.0,7.263999439062188,0.0,7.302292355832703,0.0,12.993260947021513,0.0,3.675502241493634,0.0,3.588497197568554,0.0,0.8271233656590582,0.0,-1.4975221885834467,0.0,0.9590546012706002,0.0,""
"2026-09-25 17:11:34","git-master-bddc7a050319718b5e4e0856afec0bc9ea96418f","C:\Users\marco\Desktop\ds004507\derivatives\labels\sub-002\ses-headNormal\anat\sub-002_ses-headNormal_T2w_seg-manual.nii.gz","838","4","",75.05387147935237,0.0,4.059533439003518,0.0,7.7655792893397555,0.0,7.198153864285091,0.0,7.31136793043849,0.0,12.948623635811014,0.0,3.681032768505719,0.0,3.517121095779372,0.0,0.8253278308630747,0.0,-1.0620766342834393,0.0,0.9753566619496691,0.0,""
"2026-09-25 17:11:34","git-master-bddc7a050319718b5e4e0856afec0bc9ea96418f","C:\Users\marco\Desktop\ds004507\derivatives\labels\sub-002\ses-headNormal\anat\sub-002_ses-headNormal_T2w_seg-manual.nii.gz","839","4","",75.38479927186971,0.0,3.97467304023084,0.0,7.519859219997017,0.0,7.210983416777728,0.0,7.304450571816307,0.0,13.040082029287184,0.0,3.665362765649109,0.0,3.545620651128619,0.0,0.8283822931092912,0.0,-2.9958282321637206,0.0,0.971060319626927,0.0,""
"2026-09-25 17:11:34","git-master-bddc7a050319718b5e4e0856afec0bc9ea96418f","C:\Users\marco\Desktop\ds004507\derivatives\labels\sub-002\ses-headNormal\anat\sub-002_ses-headNormal_T2w_seg-manual.nii.gz","840","4","",75.95337839015052,0.0,3.8909269262296156,0.0,7.277992978045927,0.0,7.211334239290254,0.0,7.378821783018778,0.0,13.073338008325932,0.0,3.580814973744208,0.0,3.630519265546046,0.0,0.8254813800489829,0.0,-2.4296500518030753,0.0,0.9737111996482353,0.0,""
"2026-09-25 17:11:34","git-master-bddc7a050319718b5e4e0856afec0bc9ea96418f","C:\Users\marco\Desktop\ds004507\derivatives\labels\sub-002\ses-headNormal\anat\sub-002_ses-headNormal_T2w_seg-manual.nii.gz","841","4","",75.44128292553145,0.0,3.8081102948654495,0.0,7.03935751517782,0.0,7.2162015459643625,0.0,7.435633690566924,0.0,12.975704116207558,0.0,3.5275332283490135,0.0,3.688668317615349,0.0,0.8194357599593157,0.0,-2.600242462740108,0.0,0.9717686171741367,0.0,""
"2026-09-25 17:11:34","git-master-bddc7a050319718b5e4e0856afec0bc9ea96418f","C:\Users\marco\Desktop\ds004507\derivatives\labels\sub-002\ses-headNormal\anat\sub-002_ses-headNormal_T2w_seg-manual.nii.gz","842","4","",74.48769137171682,0.0,3.726223810365536,0.0,6.803966735266564,0.0,7.2065535634267555,0.0,7.409524370532995,0.0,12.914069037569448,0.0,3.504373097276698,0.0,3.7021804661500575,0.0,0.8187742038003246,0.0,-3.3021020578845004,0.0,0.9633745876435469,0.0,""
"2026-09-25 17:11:34","git-master-bddc7a050319718b5e4e0856afec0bc9ea96418f","C:\Users\marco\Desktop\ds004507\derivatives\labels\sub-002\ses-headNormal\anat\sub-002_ses-headNormal_T2w_seg-manual.nii.gz","843","4","",74.53089047715162,0.0,3.645268127072849,0.0,6.57183427302673,0.0,7.14824934693811,0.0,7.234438353965938,0.0,13.169661246539912,0.0,3.4763688557282912,0.0,3.6718804912098193,0.0,0.8356080783647821,0.0,-3.169456699163844,0.0,0.949635689633133,0.0,""
"2026-09-25 17:11:34","git-master-bddc7a050319718b5e4e0856afec0bc9ea96418f","C:\Users\marco\Desktop\ds004507\derivatives\labels\sub-002\ses-headNormal\anat\sub-002_ses-headNormal_T2w_seg-manual.nii.gz","844","4","",75.66587084307892,0.0,3.565617025071588,0.0,6.344293441149379,0.0,7.154636597840336,0.0,7.424877773228069,0.0,13.12158333104294,0.0,3.5375626724293334,0.0,3.617073925411003,0.0,0.8244256662767154,0.0,-2.8193426544570217,0.0,0.9393043270584168,0.0,""
"2026-09-25 17:11:34","git-master-bddc7a050319718b5e4e0856afec0bc9ea96418f","C:\Users\marco\Desktop\ds004507\derivatives\labels\sub-002\ses-headNormal\anat\sub-002_ses-headNormal_T2w_seg-manual.nii.gz","845","4","",76.41816519890425,0.0,3.486898762830466,0.0,6.120052497821797,0.0,7.372014407487015,0.0,7.555798082423109,0.0,13.028342642520226,0.0,3.6710984374920743,0.0,3.7009159699949397,0.0,0.8145535248490278,0.0,-1.8744006144838743,0.0,0.9434868056545768,0.0,""
"2026-09-25 17:11:34","git-master-bddc7a050319718b5e4e0856afec0bc9ea96418f","C:\Users\marco\Desktop\ds004507\derivatives\labels\sub-002\ses-headNormal\anat\sub-002_ses-headNormal_T2w_seg-manual.nii.gz","846","4","",76.53590888357101,0.0,3.409113910818165,0.0,5.899122799914191,0.0,7.499713790902007,0.0,7.587047775248266,0.0,12.94206362779975,0.0,3.7832134675853237,0.0,3.716500323316683,0.0,0.8101435960553488,0.0,-1.2307929833914857,0.0,0.9479552386206604,0.0,""
"2026-09-25 17:11:34","git-master-bddc7a050319718b5e4e0856afec0bc9ea96418f","C:\Users\marco\Desktop\ds004507\derivatives\labels\sub-002\ses-headNormal\anat\sub-002_ses-headNormal_T2w_seg-manual.nii.gz","847","4","",76.29185914610478,0.0,3.332263030738834,0.0,5.6815154677817805,0.0,7.41372843129625,0.0,7.5346884352126136,0.0,12.916026429122674,0.0,3.8186773271176135,0.0,3.595051104178637,0.0,0.8122109274505831,0.0,-1.3937391947732556,0.0,0.9460989781022766,0.0,""
"2026-09-25 17:11:34","git-master-bddc7a050319718b5e4e0856afec0bc9ea96418f","C:\Users\marco\Desktop\ds004507\derivatives\labels\sub-002\ses-headNormal\anat\sub-002_ses-headNormal_T2w_seg-manual.nii.gz","848","4","",77.72885901278242,0.0,3.2565337876591993,0.0,5.467912010300004,0.0,7.438231811401745,0.0,7.587578676756477,0.0,13.05122586260572,0.0,3.7970942777975214,0.0,3.6411375336042235,0.0,0.8136369850204414,0.0,-2.0818836051016345,0.0,0.9504512134645013,0.0,""
"2026-09-25 17:11:34","git-master-bddc7a050319718b5e4e0856afec0bc9ea96418f","C:\Users\marco\Desktop\ds004507\derivatives\labels\sub-002\ses-headNormal\anat\sub-002_ses-headNormal_T2w_seg-manual.nii.gz","849","4","",77.26196278208457,0.0,3.181927218974856,0.0,5.2583323538614835,0.0,7.305054843613075,0.0,7.587523221163254,0.0,12.964587248742209,0.0,3.7574997818051417,0.0,3.547555061807933,0.0,0.8108324892273304,0.0,-1.8064391339999313,0.0,0.9653843509688571,0.0,""
"2026-09-25 17:11:34","git-master-bddc7a050319718b5e4e0856afec0bc9ea96418f","C:\Users\marco\Desktop\ds004507\derivatives\labels\sub-002\ses-headNormal\anat\sub-002_ses-headNormal_T2w_seg-manual.nii.gz","850","4","",76.46113403223913,0.0,3.108256870988941,0.0,5.052118271207236,0.0,7.237197665629965,0.0,7.538518654141661,0.0,12.89805445022673,0.0,3.7142451129553504,0.0,3.5229525526746137,0.0,0.8114086877147794,0.0,-1.329252970325587,0.0,0.9747050912732446,0.0,""
"2026-09-25 17:11:34","git-master-bddc7a050319718b5e4e0856afec0bc9ea96418f","C:\Users\marco\Desktop\ds004507\derivatives\labels\sub-002\ses-headNormal\anat\sub-002_ses-headNormal_T2w_seg-manual.nii.gz","851","4","",75.64703328478015,0.0,3.0355232218114323,0.0,4.849278645178572,0.0,7.238520803903506,0.0,7.470706844080333,0.0,12.855793556742524,0.0,3.6699724296308096,0.0,3.5685483742726958,0.0,0.8138192289613748,0.0,-1.0149194166480442,0.0,0.9755301363996646,0.0,""
"2026-09-25 17:11:34","git-master-bddc7a050319718b5e4e0856afec0bc9ea96418f","C:\Users\marco\Desktop\ds004507\derivatives\labels\sub-002\ses-headNormal\anat\sub-002_ses-headNormal_T2w_seg-manual.nii.gz","852","4","",74.83090848625919,0.0,2.9637267415939177,0.0,4.649822147694372,0.0,7.241045018216323,0.0,7.431110979992525,0.0,12.767189632263129,0.0,3.6243889571419503,0.0,3.616656061074373,0.0,0.8131547774038583,0.0,-1.1848615360893042,0.0,0.968945720250522,0.0,""
"2026-09-25 17:11:34","git-master-bddc7a050319718b5e4e0856afec0bc9ea96418f","C:\Users\marco\Desktop\ds004507\derivatives\labels\sub-002\ses-headNormal\anat\sub-002_ses-headNormal_T2w_seg-manual.nii.gz","853","4","",74.85586531125671,0.0,2.893243341064088,0.0,4.455120848374243,0.0,7.242109587323273,0.0,7.4246693838152185,0.0,12.782631321271616,0.0,3.5756271142830793,0.0,3.6664824730401935,0.0,0.814016740960097,0.0,-0.7307991128316647,0.0,0.9703219248470023,0.0,""
"2026-09-25 17:11:34","git-master-bddc7a050319718b5e4e0856afec0bc9ea96418f","C:\Users\marco\Desktop\ds004507\derivatives\labels\sub-002\ses-headNormal\anat\sub-002_ses-headNormal_T2w_seg-manual.nii.gz","854","4","",72.66872786609038,0.0,2.823698562506518,0.0,4.263828592069051,0.0,7.242958892003575,0.0,7.316246373834803,0.0,12.60074326975145,0.0,3.5257180293685937,0.0,3.717240862634981,0.0,0.8141734532478563,0.0,-1.0422256194310056,0.0,0.9647107608002394,0.0,""
"2026-09-25 17:11:34","git-master-bddc7a050319718b5e4e0856afec0bc9ea96418f","C:\Users\marco\Desktop\ds004507\derivatives\labels\sub-002\ses-headNormal\anat\sub-002_ses-headNormal_T2w_seg-manual.nii.gz","855","4","",71.28378928494492,0.0,2.755092809114122,0.0,4.075952306993839,0.0,7.244138838672186,0.0,7.286925476007065,0.0,12.463773742510035,0.0,3.4740313334350135,0.0,3.770107505237173,0.0,0.8112633908443233,0.0,-1.3964372948051749,0.0,0.9609933860903023,0.0,""
"2026-09-25 17:11:34","git-master-bddc7a050319718b5e4e0856afec0bc9ea96418f","C:\Users\marco\Desktop\ds004507\derivatives\labels\sub-002\ses-headNormal\anat\sub-002_ses-headNormal_T2w_seg-manual.nii.gz","856","4","",72.14814535722152,0.0,2.6874264771460035,0.0,3.8914987446988967,0.0,7.245913709266163,0.0,7.395383677981826,0.0,12.499454954351584,0.0,3.431516330605144,0.0,3.81439737866102,0.0,0.8061807001776854,0.0,-1.3437840850869358,0.0,0.9643775609957516,0.0,""
"2026-09-25 17:11:34","git-master-bddc7a050319718b5e4e0856afec0bc9ea96418f","C:\Users\marco\Desktop\ds004507\derivatives\labels\sub-002\ses-headNormal\anat\sub-002_ses-headNormal_T2w_seg-manual.nii.gz","857","4","",73.01197677333926,0.0,2.6208880627133917,0.0,3.7111626868935343,0.0,7.247924141340591,0.0,7.371359057380174,0.0,12.580237236769218,0.0,3.4545811999723215,0.0,3.7933429413682695,0.0,0.8103396334036211,0.0,-0.9572247901580014,0.0,0.9728611392405355,0.0,""
"2026-09-25 17:11:34","git-master-bddc7a050319718b5e4e0856afec0bc9ea96418f","C:\Users\marco\Desktop\ds004507\derivatives\labels\sub-002\ses-headNormal\anat\sub-002_ses-headNormal_T2w_seg-manual.nii.gz","858","4","",72.66779277977467,0.0,2.5554782904757336,0.0,3.5349559206668184,0.0,7.25297689821987,0.0,7.35430467755273,0.0,12.563899952970743,0.0,3.41119353768724,0.0,3.841783360532631,0.0,0.8107790428943595,0.0,-1.8835304715207681,0.0,0.9629284108359715,0.0,""
"2026-09-25 17:11:34","git-master-bddc7a050319718b5e4e0856afec0bc9ea96418f","C:\Users\marco\Desktop\ds004507\derivatives\labels\sub-002\ses-headNormal\anat\sub-002_ses-headNormal_T2w_seg-manual.nii.gz","859","4","",72.44324071501204,0.0,2.491009510728056,0.0,3.362197449314927,0.0,7.253947781353213,0.0,7.374760153262699,0.0,12.58118921647432,0.0,3.3537771423002884,0.0,3.900170639052925,0.0,0.8101865287783284,0.0,-2.2287188705972727,0.0,0.9626236920411211,0.0,""
"2026-09-25 17:11:34","git-master-bddc7a050319718b5e4e0856afec0bc9ea96418f","C:\Users\marco\Desktop\ds004507\derivatives\labels\sub-002\ses-headNormal\anat\sub-002_ses-headNormal_T2w_seg-manual.nii.gz","860","4","",72.3784888614003,0.0,2.427482054053579,0.0,3.1928923834956957,0.0,7.25213462107016,0.0,7.424121468122766,0.0,12.580759930180628,0.0,3.315664546629683,0.0,3.9364700744404773,0.0,0.8072608879589335,0.0,-1.799303626262803,0.0,0.9695438537982788,0.0,""
"2026-09-25 17:11:34","git-master-bddc7a050319718b5e4e0856afec0bc9ea96418f","C:\Users\marco\Desktop\ds004507\derivatives\labels\sub-002\ses-headNormal\anat\sub-002_ses-headNormal_T2w_seg-manual.nii.gz","861","4","",72.11142285363643,0.0,2.3648962448293114,0.0,3.027045682236145,0.0,7.251965592021262,0.0,7.477594601967373,0.0,12.44263462875989,0.0,3.3313489086746153,0.0,3.9206166833466463,0.0,0.7992749359765722,0.0,-0.9332444827788162,0.0,0.9707186030893217,0.0,""
"2026-09-25 17:11:34","git-master-bddc7a050319718b5e4e0856afec0bc9ea96418f","C:\Users\marco\Desktop\ds004507\derivatives\labels\sub-002\ses-headNormal\anat\sub-002_ses-headNormal_T2w_seg-manual.nii.gz","862","4","",70.1515411998424,0.0,2.303629457111953,0.0,2.8660512578614976,0.0,6.972246728328954,0.0,7.267854657895819,0.0,12.434108308183975,0.0,3.2696573282659926,0.0,3.702589400062961,0.0,0.8113159472422391,0.0,-0.7737857721102053,0.0,0.9703178009031067,0.0,""
"2026-09-25 17:11:34","git-master-bddc7a050319718b5e4e0856afec0bc9ea96418f","C:\Users\marco\Desktop\ds004507\derivatives\labels\sub-002\ses-headNormal\anat\sub-002_ses-headNormal_T2w_seg-manual.nii.gz","863","4","",68.39155361020993,0.0,2.243305309674143,0.0,2.70852961542917,0.0,6.825531705244864,0.0,7.133766943258253,0.0,12.29158264572311,0.0,3.2622170124842143,0.0,3.56331469276065,0.0,0.8143430303159968,0.0,-0.35812332634336286,0.0,0.966080354279741,0.0,""
"2026-09-25 17:11:34","git-master-bddc7a050319718b5e4e0856afec0bc9ea96418f","C:\Users\marco\Desktop\ds004507\derivatives\labels\sub-002\ses-headNormal\anat\sub-002_ses-headNormal_T2w_seg-manual.nii.gz","864","4","",67.19431506408813,0.0,2.1839240752044464,0.0,2.5544844937992695,0.0,6.773526891337324,0.0,7.042253212082094,0.0,12.18962929677397,0.0,3.242629189479031,0.0,3.5308977018582928,0.0,0.8162100140960352,0.0,-0.6377183899494806,0.0,0.9614358345440672,0.0,""
"2026-09-25 17:11:34","git-master-bddc7a050319718b5e4e0856afec0bc9ea96418f","C:\Users\marco\Desktop\ds004507\derivatives\labels\sub-002\ses-headNormal\anat\sub-002_ses-headNormal_T2w_seg-manual.nii.gz","865","4","",66.68456059919697,0.0,2.1254860210970747,0.0,2.4039195118131844,0.0,6.763271353020979,0.0,6.967389400438464,0.0,12.217047867556046,0.0,3.188631588258465,0.0,3.574639764762514,0.0,0.8214220705315598,0.0,-1.7437066162253605,0.0,0.9603547253384134,0.0,""
"2026-09-25 17:11:34","git-master-bddc7a050319718b5e4e0856afec0bc9ea96418f","C:\Users\marco\Desktop\ds004507\derivatives\labels\sub-002\ses-headNormal\anat\sub-002_ses-headNormal_T2w_seg-manual.nii.gz","866","4","",66.43737927892114,0.0,2.068180194313307,0.0,2.2575361034859993,0.0,6.6714420847857046,0.0,6.893920372487536,0.0,12.26732155459978,0.0,3.1989594223387425,0.0,3.472482662446962,0.0,0.8271407870356469,0.0,-1.426141791221687,0.0,0.9716334020124605,0.0,""
"2026-09-25 17:11:34","git-master-bddc7a050319718b5e4e0856afec0bc9ea96418f","C:\Users\marco\Desktop\ds004507\derivatives\labels\sub-002\ses-headNormal\anat\sub-002_ses-headNormal_T2w_seg-manual.nii.gz","867","4","",66.40914224012394,0.0,2.0120070780008814,0.0,2.1153403512898272,0.0,6.658433313629943,0.0,6.892091150812252,0.0,12.26676507850894,0.0,3.20813650125076,0.0,3.4502968123791833,0.0,0.8272378969016055,0.0,-1.2167080518258602,0.0,0.9694276181177717,0.0,""
"2026-09-25 17:11:34","git-master-bddc7a050319718b5e4e0856afec0bc9ea96418f","C:\Users\marco\Desktop\ds004507\derivatives\labels\sub-002\ses-headNormal\anat\sub-002_ses-headNormal_T2w_seg-manual.nii.gz","868","4","",66.56418982867065,0.0,1.9567781897216692,0.0,1.9766379466700772,0.0,6.711133982416659,0.0,6.933557440435137,0.0,12.233612640886404,0.0,3.2248924559570042,0.0,3.486241526459656,0.0,0.8238503152477613,0.0,-1.180589463582767,0.0,0.9588645577081774,0.0,""
"2026-09-25 17:11:34","git-master-bddc7a050319718b5e4e0856afec0bc9ea96418f","C:\Users\marco\Desktop\ds004507\derivatives\labels\sub-002\ses-headNormal\anat\sub-002_ses-headNormal_T2w_seg-manual.nii.gz","869","4","",66.91677235521334,0.0,1.9024937471433736,0.0,1.8414314190352197,0.0,6.827615195807121,0.0,7.011160551007658,0.0,12.192799608233177,0.0,3.293532264439986,0.0,3.5340829313671356,0.0,0.8181092616916781,0.0,-1.2851590269242896,0.0,0.9497262503078013,0.0,""
"2026-09-25 17:11:34","git-master-bddc7a050319718b5e4e0856afec0bc9ea96418f","C:\Users\marco\Desktop\ds004507\derivatives\labels\sub-002\ses-headNormal\anat\sub-002_ses-headNormal_T2w_seg-manual.nii.gz","870","4","",67.48795363843831,0.0,1.8491539632773903,0.0,1.7097231996977444,0.0,7.004973976152148,0.0,7.120314069731342,0.0,12.178068089895596,0.0,3.4773117042605564,0.0,3.5276622718915918,0.0,0.8112615729052128,0.0,-1.4502740250684263,0.0,0.9556058249681889,0.0,""
"2026-09-25 17:11:34","git-master-bddc7a050319718b5e4e0856afec0bc9ea96418f","C:\Users\marco\Desktop\ds004507\derivatives\labels\sub-002\ses-headNormal\anat\sub-002_ses-headNormal_T2w_seg-manual.nii.gz","871","3","",68.94720568495403,0.0,1.7822752258065895,0.0,1.5466874887701778,0.0,7.249029846372284,0.0,7.268223719834282,0.0,12.16401897308783,0.0,3.6318540945467386,0.0,3.6171757518255463,0.0,0.8018552878139945,0.0,-0.9155315547185062,0.0,0.9556200746578183,0.0,""
"2026-09-25 17:11:34","git-master-bddc7a050319718b5e4e0856afec0bc9ea96418f","C:\Users\marco\Desktop\ds004507\derivatives\labels\sub-002\ses-headNormal\anat\sub-002_ses-headNormal_T2w_seg-manual.nii.gz","872","3","",68.34805534475127,0.0,1.7279608990151987,0.0,1.4160820139674888,0.0,7.248530396868334,0.0,7.2880071998858105,0.0,12.037025028726323,0.0,3.6351696264888496,0.0,3.613360770379485,0.0,0.7958460184862683,0.0,-1.3751343964846963,0.0,0.9586254839295887,0.0,""
"2026-09-25 17:11:34","git-master-bddc7a050319718b5e4e0856afec0bc9ea96418f","C:\Users\marco\Desktop\ds004507\derivatives\labels\sub-002\ses-headNormal\anat\sub-002_ses-headNormal_T2w_seg-manual.nii.gz","873","3","",67.0225311623918,0.0,1.674781285202457,0.0,1.2871018361314135,0.0,7.253636421975569,0.0,7.248171834930794,0.0,11.86727887623797,0.0,3.648182066410616,0.0,3.605454355564954,0.0,0.7917840774755781,0.0,-0.032849554055508934,0.0,0.9540371519384542,0.0,""
"2026-09-25 17:11:34","git-master-bddc7a050319718b5e4e0856afec0bc9ea96418f","C:\Users\marco\Desktop\ds004507\derivatives\labels\sub-002\ses-headNormal\anat\sub-002_ses-headNormal_T2w_seg-manual.nii.gz","874","3","",66.24105616951279,0.0,1.622736629030101,0.0,1.1578102112673982,0.0,7.190221359045097,0.0,7.209401955414952,0.0,11.816800217744708,0.0,3.5886648831057864,0.0,3.601556475939311,0.0,0.7923161085730195,0.0,-0.4237349477560932,0.0,0.945809115901674,0.0,""
"2026-09-25 17:11:34","git-master-bddc7a050319718b5e4e0856afec0bc9ea96418f","C:\Users\marco\Desktop\ds004507\derivatives\labels\sub-002\ses-headNormal\anat\sub-002_ses-headNormal_T2w_seg-manual.nii.gz","875","3","",66.79035813273141,0.0,1.571827164107434,0.0,1.0275621683540364,0.0,7.1632257412501605,0.0,7.1858699025556865,0.0,11.969889508953507,0.0,3.5644787909396727,0.0,3.598746950310488,0.0,0.7995395875491564,0.0,-1.2860142190383184,0.0,0.944847535571226,0.0,""
"2026-09-25 17:11:34","git-master-bddc7a050319718b5e4e0856afec0bc9ea96418f","C:\Users\marco\Desktop\ds004507\derivatives\labels\sub-002\ses-headNormal\anat\sub-002_ses-headNormal_T2w_seg-manual.nii.gz","876","3","",68.12582182499553,0.0,1.5220531132619142,0.0,0.8963586435500532,0.0,7.243467039048735,0.0,7.180818129430416,0.0,12.197336072583226,0.0,3.6505991462405976,0.0,3.5928678928081372,0.0,0.8082836724414847,0.0,-0.682756177580553,0.0,0.9531140044380694,0.0,""
"2026-09-25 17:11:34","git-master-bddc7a050319718b5e4e0856afec0bc9ea96418f","C:\Users\marco\Desktop\ds004507\derivatives\labels\sub-002\ses-headNormal\anat\sub-002_ses-headNormal_T2w_seg-manual.nii.gz","877","3","",67.52384129693445,0.0,1.4734146888097461,0.0,0.7642006144012912,0.0,7.254449501646135,0.0,7.222141302064919,0.0,12.020626211791456,0.0,3.6661433436913415,0.0,3.588306157954793,0.0,0.799390053841894,0.0,-0.12355424838743136,0.0,0.9477288609364081,0.0,""
"2026-09-25 17:11:34","git-master-bddc7a050319718b5e4e0856afec0bc9ea96418f","C:\Users\marco\Desktop\ds004507\derivatives\labels\sub-002\ses-headNormal\anat\sub-002_ses-headNormal_T2w_seg-manual.nii.gz","878","3","",66.61961972744953,0.0,1.4261961262487335,0.0,0.6308511898602298,0.0,7.263272426513355,0.0,7.2625128917107045,0.0,11.80510404146127,0.0,3.594536314561757,0.0,3.6687361119515978,0.0,0.7882869832218216,0.0,1.1809148739015427,0.0,0.9521158807852056,0.0,""
"2026-09-25 17:11:34","git-master-bddc7a050319718b5e4e0856afec0bc9ea96418f","C:\Users\marco\Desktop\ds004507\derivatives\labels\sub-002\ses-headNormal\anat\sub-002_ses-headNormal_T2w_seg-manual.nii.gz","879","3","",66.68295483694502,0.0,1.380113697376625,0.0,0.4965501235356707,0.0,7.263665359507554,0.0,7.308767820248892,0.0,11.751781622500587,0.0,3.580689453942057,0.0,3.682975905565497,0.0,0.7830652749439189,0.0,0.4656969957416267,0.0,0.9543215982421583,0.0,""
"2026-09-25 17:11:34","git-master-bddc7a050319718b5e4e0856afec0bc9ea96418f","C:\Users\marco\Desktop\ds004507\derivatives\labels\sub-002\ses-headNormal\anat\sub-002_ses-headNormal_T2w_seg-manual.nii.gz","880","3","",67.16939700548441,0.0,1.3351675718648828,0.0,0.36129858759672046,0.0,7.263129690013381,0.0,7.289816766029068,0.0,11.861778080888504,0.0,3.581733284284743,0.0,3.6813964057286377,0.0,0.7887122446185353,0.0,-0.19784773720930202,0.0,0.9537535882668626,0.0,""
"2026-09-25 17:11:34","git-master-bddc7a050319718b5e4e0856afec0bc9ea96418f","C:\Users\marco\Desktop\ds004507\derivatives\labels\sub-002\ses-headNormal\anat\sub-002_ses-headNormal_T2w_seg-manual.nii.gz","881","3","",67.05036894738252,0.0,1.2913579108948978,0.0,0.22509779932371488,0.0,7.26330964556704,0.0,7.248422542379631,0.0,11.890898638982177,0.0,3.5829846760188393,0.0,3.6803249695482005,0.0,0.7926455346442922,0.0,-0.2867050793472562,0.0,0.9521877367596527,0.0,""
"2026-09-25 17:11:34","git-master-bddc7a050319718b5e4e0856afec0bc9ea96418f","C:\Users\marco\Desktop\ds004507\derivatives\labels\sub-002\ses-headNormal\anat\sub-002_ses-headNormal_T2w_seg-manual.nii.gz","882","3","",66.0838322158065,0.0,1.2486848673925066,0.0,0.08794902157263004,0.0,7.26356435515023,0.0,7.244775402414359,0.0,11.712754377683789,0.0,3.600734313010611,0.0,3.6628300421396185,0.0,0.785752432986958,0.0,0.08632996851728234,0.0,0.952457448842991,0.0,""
"2026-09-25 17:11:34","git-master-bddc7a050319718b5e4e0856afec0bc9ea96418f","C:\Users\marco\Desktop\ds004507\derivatives\labels\sub-002\ses-headNormal\anat\sub-002_ses-headNormal_T2w_seg-manual.nii.gz","883","3","",66.08495370737674,0.0,1.2071485862625095,0.0,-0.05014643676050622,0.0,7.264539912484086,0.0,7.26006834383897,0.0,11.681881998607508,0.0,3.6850341580242842,0.0,3.579505754459801,0.0,0.7834291919583211,0.0,1.0851898127987758,0.0,0.9571428571428572,0.0,""
"2026-09-25 17:11:34","git-master-bddc7a050319718b5e4e0856afec0bc9ea96418f","C:\Users\marco\Desktop\ds004507\derivatives\labels\sub-002\ses-headNormal\anat\sub-002_ses-headNormal_T2w_seg-manual.nii.gz","884","3","",66.38808043322504,0.0,1.1670334806894145,0.0,-0.1894229469110311,0.0,7.268026789750029,0.0,7.259878264483961,0.0,11.748089930200326,0.0,3.6872412817666325,0.0,3.5807855079833955,0.0,0.7862019614200371,0.0,2.0470440543211996,0.0,0.9592743372536119,0.0,""
"2026-09-25 17:11:34","git-master-bddc7a050319718b5e4e0856afec0bc9ea96418f","C:\Users\marco\Desktop\ds004507\derivatives\labels\sub-002\ses-headNormal\anat\sub-002_ses-headNormal_T2w_seg-manual.nii.gz","885","3","",65.96466227706536,0.0,1.128055479381109,0.0,-0.3296423636062079,0.0,7.264994287554399,0.0,7.241407266531203,0.0,11.72901366795654,0.0,3.617053195412472,0.0,3.6479410921419273,0.0,0.786654966391735,0.0,0.7028461167770876,0.0,0.9532719247745154,0.0,""
"2026-09-25 17:11:34","git-master-bddc7a050319718b5e4e0856afec0bc9ea96418f","C:\Users\marco\Desktop\ds004507\derivatives\labels\sub-002\ses-headNormal\anat\sub-002_ses-headNormal_T2w_seg-manual.nii.gz","886","3","",66.26690558287342,0.0,1.0902146951490963,0.0,-0.47080316244777026,0.0,7.263084675946433,0.0,7.226623026561774,0.0,11.803655519321678,0.0,3.580427226088338,0.0,3.6826574498580955,0.0,0.7906170364601485,0.0,-0.16679709202959747,0.0,0.9535533286409413,0.0,""
"2026-09-25 17:11:34","git-master-bddc7a050319718b5e4e0856afec0bc9ea96418f","C:\Users\marco\Desktop\ds004507\derivatives\labels\sub-002\ses-headNormal\anat\sub-002_ses-headNormal_T2w_seg-manual.nii.gz","887","3","",66.68971808383849,0.0,1.0535112345130848,0.0,-0.612903769310471,0.0,7.263008872645037,0.0,7.215725927184085,0.0,11.888376401151577,0.0,3.61133486230251,0.0,3.6516740103425276,0.0,0.7947352147050241,0.0,-0.030757619982236584,0.0,0.9559352820135427,0.0,""
"2026-09-25 17:11:34","git-master-bddc7a050319718b5e4e0856afec0bc9ea96418f","C:\Users\marco\Desktop\ds004507\derivatives\labels\sub-002\ses-headNormal\anat\sub-002_ses-headNormal_T2w_seg-manual.nii.gz","888","3","",66.50698543438088,0.0,1.0179451978986587,0.0,-0.7559425598865093,0.0,7.263024782598466,0.0,7.204336861708263,0.0,11.891163534697435,0.0,3.6582171730665314,0.0,3.6048076095319344,0.0,0.7955668257675671,0.0,0.2125678619816729,0.0,0.954015653029798,0.0,""
"2026-09-25 17:11:34","git-master-bddc7a050319718b5e4e0856afec0bc9ea96418f","C:\Users\marco\Desktop\ds004507\derivatives\labels\sub-002\ses-headNormal\anat\sub-002_ses-headNormal_T2w_seg-manual.nii.gz","889","3","",66.80784774216936,0.0,0.9835166798349445,0.0,-0.8999178592299583,0.0,7.2634156375440035,0.0,7.200685038820523,0.0,11.96589814059085,0.0,3.5704402270167352,0.0,3.6929754105272687,0.0,0.7986715439188873,0.0,-0.9447876074962985,0.0,0.9555555555555556,0.0,""
"2026-09-25 17:11:34","git-master-bddc7a050319718b5e4e0856afec0bc9ea96418f","C:\Users\marco\Desktop\ds004507\derivatives\labels\sub-002\ses-headNormal\anat\sub-002_ses-headNormal_T2w_seg-manual.nii.gz","890","3","",66.8055872149998,0.0,0.9505102037181865,0.0,-1.045060874097184,0.0,7.26566095596524,0.0,7.226529090651971,0.0,11.918889452109324,0.0,3.567295434501037,0.0,3.6983655214642033,0.0,0.7952223741678548,0.0,-1.753724812345029,0.0,0.9557772394027204,0.0,""
"2026-09-25 17:11:34","git-master-bddc7a050319718b5e4e0856afec0bc9ea96418f","C:\Users\marco\Desktop\ds004507\derivatives\labels\sub-002\ses-headNormal\anat\sub-002_ses-headNormal_T2w_seg-manual.nii.gz","891","3","",65.83485352903062,0.0,0.9186414658649704,0.0,-1.1911356201499168,0.0,7.263552856126312,0.0,7.208310885175922,0.0,11.762159413843978,0.0,3.5618443744086976,0.0,3.7017084817176147,0.0,0.7901641323651614,0.0,-0.12523127805851253,0.0,0.9554477633194072,0.0,""
"2026-09-25 17:11:34","git-master-bddc7a050319718b5e4e0856afec0bc9ea96418f","C:\Users\marco\Desktop\ds004507\derivatives\labels\sub-002\ses-headNormal\anat\sub-002_ses-headNormal_T2w_seg-manual.nii.gz","892","3","",64.80321703569611,0.0,0.8879105376050429,0.0,-1.3381401864615556,0.0,7.246429005505079,0.0,7.130871283929803,0.0,11.701758504266426,0.0,3.5444838965963523,0.0,3.7019451089087267,0.0,0.7928293546830664,0.0,0.9838788296858753,0.0,0.9510206078055291,0.0,""
"2026-09-25 17:11:34","git-master-bddc7a050319718b5e4e0856afec0bc9ea96418f","C:\Users\marco\Desktop\ds004507\derivatives\labels\sub-002\ses-headNormal\anat\sub-002_ses-headNormal_T2w_seg-manual.nii.gz","893","3","",64.25515302809443,0.0,0.8583174858039704,0.0,-1.486072607887484,0.0,7.230193064403794,0.0,7.077514550029547,0.0,11.684229018639014,0.0,3.533674165562585,0.0,3.696518898841209,0.0,0.7956437238392785,0.0,0.9177140850040904,0.0,0.9475510787498942,0.0,""
"2026-09-25 17:11:34","git-master-bddc7a050319718b5e4e0856afec0bc9ea96418f","C:\Users\marco\Desktop\ds004507\derivatives\labels\sub-002\ses-headNormal\anat\sub-002_ses-headNormal_T2w_seg-manual.nii.gz","894","3","",64.31159858713045,0.0,0.8298623730234629,0.0,-1.6349308646276468,0.0,7.2292829187233645,0.0,7.0966369433895204,0.0,11.636963328014996,0.0,3.5406638982004144,0.0,3.6886190205229497,0.0,0.7925143893219168,0.0,0.5664020695883326,0.0,0.9491075158621499,0.0,""
"2026-09-25 17:11:34","git-master-bddc7a050319718b5e4e0856afec0bc9ea96418f","C:\Users\marco\Desktop\ds004507\derivatives\labels\sub-002\ses-headNormal\anat\sub-002_ses-headNormal_T2w_seg-manual.nii.gz","895","3","",64.60950942765876,0.0,0.8025452576816959,0.0,-1.784712881789127,0.0,7.228638912737605,0.0,7.068355315942448,0.0,11.708562138238712,0.0,3.5342156015497808,0.0,3.6944233111878235,0.0,0.7972182876144711,0.0,1.6111856404899731,0.0,0.9491825011047282,0.0,""
"2026-09-25 17:11:34","git-master-bddc7a050319718b5e4e0856afec0bc9ea96418f","C:\Users\marco\Desktop\ds004507\derivatives\labels\sub-002\ses-headNormal\anat\sub-002_ses-headNormal_T2w_seg-manual.nii.gz","896","3","",64.60430412180473,0.0,0.7766507269072168,0.0,-1.9356460014273298,0.0,7.227186944024426,0.0,7.032427425843117,0.0,11.687095930945048,0.0,3.5271697617502675,0.0,3.7000171822741588,0.0,0.7987025031851065,0.0,2.2342598128643765,0.0,0.9538719530178276,0.0,""
"2026-09-25 17:11:34","git-master-bddc7a050319718b5e4e0856afec0bc9ea96418f","C:\Users\marco\Desktop\ds004507\derivatives\labels\sub-002\ses-headNormal\anat\sub-002_ses-headNormal_T2w_seg-manual.nii.gz","897","3","",64.84056817904039,0.0,0.7518943269070218,0.0,-2.0874970109816777,0.0,7.230118415578655,0.0,7.031204958915468,0.0,11.718383706913583,0.0,3.5831365137662656,0.0,3.64698190181239,0.0,0.7999864741768058,0.0,2.243147065453731,0.0,0.9545033354786235,0.0,""
"2026-09-25 17:11:34","git-master-bddc7a050319718b5e4e0856afec0bc9ea96418f","C:\Users\marco\Desktop\ds004507\derivatives\labels\sub-002\ses-headNormal\anat\sub-002_ses-headNormal_T2w_seg-manual.nii.gz","898","3","",64.41114686939912,0.0,0.7282761001137672,0.0,-2.2402635799194397,0.0,7.218882016639341,0.0,7.006598311993101,0.0,11.693808578496517,0.0,3.5911149428245515,0.0,3.62776707381479,0.0,0.8006210865369868,0.0,1.964008935389918,0.0,0.9528360984511635,0.0,""
"2026-09-25 17:11:34","git-master-bddc7a050319718b5e4e0856afec0bc9ea96418f","C:\Users\marco\Desktop\ds004507\derivatives\labels\sub-002\ses-headNormal\anat\sub-002_ses-headNormal_T2w_seg-manual.nii.gz","899","3","",63.61841540190558,0.0,0.7057960859487736,0.0,-2.39394331922107,0.0,7.202059787725189,0.0,6.9937444280407774,0.0,11.583444517377856,0.0,3.5680749621663783,0.0,3.6339848255588105,0.0,0.797068383347031,0.0,1.9289675908200645,0.0,0.949810611566564,0.0,""
"2026-09-25 17:11:34","git-master-bddc7a050319718b5e4e0856afec0bc9ea96418f","C:\Users\marco\Desktop\ds004507\derivatives\labels\sub-002\ses-headNormal\anat\sub-002_ses-headNormal_T2w_seg-manual.nii.gz","900","3","",63.06713947714582,0.0,0.6844543209447087,0.0,-2.5485337809713227,0.0,7.191242690144509,0.0,7.026990202376475,0.0,11.432609031117696,0.0,3.5620115752620682,0.0,3.6292311148824408,0.0,0.7887919349514969,0.0,2.392559573786298,0.0,0.9482500642622061,0.0,""
"2026-09-25 17:11:34","git-master-bddc7a050319718b5e4e0856afec0bc9ea96418f","C:\Users\marco\Desktop\ds004507\derivatives\labels\sub-002\ses-headNormal\anat\sub-002_ses-headNormal_T2w_seg-manual.nii.gz","901","3","",62.757335839837246,0.0,0.6642508388682687,0.0,-2.7040324579503596,0.0,7.176906175505163,0.0,7.045875888893464,0.0,11.358415839696521,0.0,3.5549991380256074,0.0,3.6219070374795552,0.0,0.784347209087332,0.0,2.848189543105523,0.0,0.9555623659209317,0.0,""
"2026-09-25 17:11:34","git-master-bddc7a050319718b5e4e0856afec0bc9ea96418f","C:\Users\marco\Desktop\ds004507\derivatives\labels\sub-002\ses-headNormal\anat\sub-002_ses-headNormal_T2w_seg-manual.nii.gz","902","3","",63.95809216301999,0.0,0.6454702603899172,0.0,-2.860662074994946,0.0,7.195047252546582,0.0,7.104297686271042,0.0,11.563387854631785,0.0,3.532489889654963,0.0,3.6625573628916186,0.0,0.7889878651857841,0.0,1.5995286664237973,0.0,0.9529699682104431,0.0,""
"2026-09-25 17:11:34","git-master-bddc7a050319718b5e4e0856afec0bc9ea96418f","C:\Users\marco\Desktop\ds004507\derivatives\labels\sub-002\ses-headNormal\anat\sub-002_ses-headNormal_T2w_seg-manual.nii.gz","903","3","",63.22415063718975,0.0,0.6278280400997623,0.0,-3.01819285912166,0.0,7.21536175088398,0.0,7.100431782497993,0.0,11.47426063209921,0.0,3.57309112306821,0.0,3.64227062781577,0.0,0.7854961760031481,0.0,1.356916990881804,0.0,0.9507265558220972,0.0,""
"2026-09-25 17:11:34","git-master-bddc7a050319718b5e4e0856afec0bc9ea96418f","C:\Users\marco\Desktop\ds004507\derivatives\labels\sub-002\ses-headNormal\anat\sub-002_ses-headNormal_T2w_seg-manual.nii.gz","904","3","",62.18757258348339,0.0,0.6113242012993001,0.0,-3.176622029098141,0.0,7.221239285410045,0.0,7.113571174165163,0.0,11.242323728262646,0.0,3.584387117620282,0.0,3.6368521677897623,0.0,0.7740837536453735,0.0,0.8843346595362802,0.0,0.9519408695949813,0.0,""
"2026-09-25 17:11:34","git-master-bddc7a050319718b5e4e0856afec0bc9ea96418f","C:\Users\marco\Desktop\ds004507\derivatives\labels\sub-002\ses-headNormal\anat\sub-002_ses-headNormal_T2w_seg-manual.nii.gz","905","3","",62.35894076560028,0.0,0.5959587653543889,0.0,-3.335946741266372,0.0,7.188884882111983,0.0,7.095855690869372,0.0,11.235891160121028,0.0,3.5697196821554047,0.0,3.619165199956579,0.0,0.7747414052693732,0.0,0.2789293972307729,0.0,0.9491550761076905,0.0,""
"2026-09-25 17:11:34","git-master-bddc7a050319718b5e4e0856afec0bc9ea96418f","C:\Users\marco\Desktop\ds004507\derivatives\labels\sub-002\ses-headNormal\anat\sub-002_ses-headNormal_T2w_seg-manual.nii.gz","906","3","",63.617346541208676,0.0,0.5817317517801276,0.0,-3.4961640891736447,0.0,7.088773551876974,0.0,7.002185446397264,0.0,11.543359883609865,0.0,3.535625105222576,0.0,3.5531484466543977,0.0,0.7950089173804589,0.0,0.17702318799576508,0.0,0.938936942025957,0.0,""
"2026-09-25 17:11:34","git-master-bddc7a050319718b5e4e0856afec0bc9ea96418f","C:\Users\marco\Desktop\ds004507\derivatives\labels\sub-002\ses-headNormal\anat\sub-002_ses-headNormal_T2w_seg-manual.nii.gz","907","3","",62.70037701335204,0.0,0.5686431783257356,0.0,-3.657271103203513,0.0,6.887104864297612,0.0,6.9201342899091705,0.0,11.476268271702724,0.0,3.399271105291056,0.0,3.4878337590065556,0.0,0.7977448401297759,0.0,0.960118952448797,0.0,0.9364720084502791,0.0,""
"2026-09-25 17:11:34","git-master-bddc7a050319718b5e4e0856afec0bc9ea96418f","C:\Users\marco\Desktop\ds004507\derivatives\labels\sub-002\ses-headNormal\anat\sub-002_ses-headNormal_T2w_seg-manual.nii.gz","908","2","",63.04880322705323,0.0,0.5546445810249024,0.0,-3.851927888341284,0.0,6.885813504568606,0.0,6.9873118127697555,0.0,11.580845203117367,0.0,3.375649058503865,0.0,3.5101644460647408,0.0,0.7974759271358416,0.0,1.0794098681315092,0.0,0.9509110073784068,0.0,""
"2026-09-25 17:11:34","git-master-bddc7a050319718b5e4e0856afec0bc9ea96418f","C:\Users\marco\Desktop\ds004507\derivatives\labels\sub-002\ses-headNormal\anat\sub-002_ses-headNormal_T2w_seg-manual.nii.gz","909","2","",62.752235740504915,0.0,0.5456312688729735,0.0,-3.9956456961352926,0.0,6.971478427019606,0.0,7.045620851092088,0.0,11.3887402408464,0.0,3.416944812685704,0.0,3.554533614333902,0.0,0.7855059771793302,0.0,1.2970021158215486,0.0,0.9422575045046262,0.0,""
"2026-09-25 17:11:34","git-master-bddc7a050319718b5e4e0856afec0bc9ea96418f","C:\Users\marco\Desktop\ds004507\derivatives\labels\sub-002\ses-headNormal\anat\sub-002_ses-headNormal_T2w_seg-manual.nii.gz","910","2","",62.98775978238644,0.0,0.5374149017278919,0.0,-4.139977414783222,0.0,6.946092807588101,0.0,7.037685471768264,0.0,11.393216212149254,0.0,3.363101565002449,0.0,3.582991242585652,0.0,0.7863178088693547,0.0,0.5526881394086681,0.0,0.9493049541592662,0.0,""
"2026-09-25 17:11:34","git-master-bddc7a050319718b5e4e0856afec0bc9ea96418f","C:\Users\marco\Desktop\ds004507\derivatives\labels\sub-002\ses-headNormal\anat\sub-002_ses-headNormal_T2w_seg-manual.nii.gz","911","2","",63.59416736670726,0.0,0.5299954832879965,0.0,-4.28361830556609,0.0,6.947270850568902,0.0,7.0392150808648575,0.0,11.465061922090802,0.0,3.3187285842421868,0.0,3.6285422663267153,0.0,0.7892573377445589,0.0,-0.4482499072993317,0.0,0.9600569533253472,0.0,""
"2026-09-25 17:11:34","git-master-bddc7a050319718b5e4e0856afec0bc9ea96418f","C:\Users\marco\Desktop\ds004507\derivatives\labels\sub-002\ses-headNormal\anat\sub-002_ses-headNormal_T2w_seg-manual.nii.gz","912","2","",64.37879159230646,0.0,0.5234868690038778,0.0,-4.424481505502819,0.0,7.188505199993955,0.0,7.166928533590993,0.0,11.417008369623046,0.0,3.4445833657376657,0.0,3.7439218342562888,0.0,0.778393725175998,0.0,-0.6677569428279635,0.0,0.9567624901929157,0.0,""
"2026-09-25 17:11:34","git-master-bddc7a050319718b5e4e0856afec0bc9ea96418f","C:\Users\marco\Desktop\ds004507\derivatives\labels\sub-002\ses-headNormal\anat\sub-002_ses-headNormal_T2w_seg-manual.nii.gz","913","2","",64.19810621492178,0.0,0.5181167699535657,0.0,-4.557532477354784,0.0,7.219954677203879,0.0,7.255785216781068,0.0,11.28048348622323,0.0,3.505049402083377,0.0,3.7149052751205023,0.0,0.7655015023324646,0.0,-0.24275576055928144,0.0,0.9648095437911034,0.0,""
"2026-09-25 17:11:34","git-master-bddc7a050319718b5e4e0856afec0bc9ea96418f","C:\Users\marco\Desktop\ds004507\derivatives\labels\sub-002\ses-headNormal\anat\sub-002_ses-headNormal_T2w_seg-manual.nii.gz","914","2","",64.93430385530087,0.0,0.513543636311735,0.0,-4.685120430139357,0.0,7.230121440531038,0.0,7.3394321702809675,0.0,11.303386185953558,0.0,3.5592817444744926,0.0,3.670839696056545,0.0,0.7605080625915948,0.0,0.16195577871458045,0.0,0.9674036773626252,0.0,""
"2026-09-25 17:11:34","git-master-bddc7a050319718b5e4e0856afec0bc9ea96418f","C:\Users\marco\Desktop\ds004507\derivatives\labels\sub-002\ses-headNormal\anat\sub-002_ses-headNormal_T2w_seg-manual.nii.gz","915","2","",66.08081453012413,0.0,0.5097674700500471,0.0,-4.807248152613385,0.0,7.237996800263409,0.0,7.391810185280834,0.0,11.421839812985422,0.0,3.6004323668617713,0.0,3.637564433401638,0.0,0.7623521131169627,0.0,0.4249452984245824,0.0,0.9650325953510286,0.0,""
"2026-09-25 17:11:34","git-master-bddc7a050319718b5e4e0856afec0bc9ea96418f","C:\Users\marco\Desktop\ds004507\derivatives\labels\sub-002\ses-headNormal\anat\sub-002_ses-headNormal_T2w_seg-manual.nii.gz","916","2","",65.2734314422131,0.0,0.5070159799298734,0.0,-4.9223615746608775,0.0,7.236701693798944,0.0,7.308443174792685,0.0,11.339242427036627,0.0,3.5815708221303497,0.0,3.655130871668594,0.0,0.7645837043522972,0.0,0.3679624730017837,0.0,0.9650195620893782,0.0,""
"2026-09-25 17:11:34","git-master-bddc7a050319718b5e4e0856afec0bc9ea96418f","C:\Users\marco\Desktop\ds004507\derivatives\labels\sub-002\ses-headNormal\anat\sub-002_ses-headNormal_T2w_seg-manual.nii.gz","917","2","",65.5520098523801,0.0,0.5052891695490063,0.0,-5.030469047736855,0.0,7.235418511951994,0.0,7.298349139021554,0.0,11.395444377233986,0.0,3.6232818390220998,0.0,3.612136672929894,0.0,0.7679680968063072,0.0,0.21147363391782456,0.0,0.9628009946092355,0.0,""
"2026-09-25 17:11:34","git-master-bddc7a050319718b5e4e0856afec0bc9ea96418f","C:\Users\marco\Desktop\ds004507\derivatives\labels\sub-002\ses-headNormal\anat\sub-002_ses-headNormal_T2w_seg-manual.nii.gz","918","2","",66.192543008651,0.0,0.5043593333774374,0.0,-5.133132000858569,0.0,7.237369868696527,0.0,7.36194203664833,0.0,11.446533344646609,0.0,3.679570395132544,0.0,3.5577994735639833,0.0,0.7656779868109124,0.0,-0.9006136610369191,0.0,0.9638562374935519,0.0,""
"2026-09-25 17:11:34","git-master-bddc7a050319718b5e4e0856afec0bc9ea96418f","C:\Users\marco\Desktop\ds004507\derivatives\labels\sub-002\ses-headNormal\anat\sub-002_ses-headNormal_T2w_seg-manual.nii.gz","919","2","",66.80914755360557,0.0,0.5042264718820247,0.0,-5.230353135357946,0.0,7.242561018152609,0.0,7.476642649034015,0.0,11.446422307334032,0.0,3.7372277947970742,0.0,3.5053332233555348,0.0,0.757198041163769,0.0,-2.9289311117109764,0.0,0.9691099142219964,0.0,""
"2026-09-25 17:11:34","git-master-bddc7a050319718b5e4e0856afec0bc9ea96418f","C:\Users\marco\Desktop\ds004507\derivatives\labels\sub-002\ses-headNormal\anat\sub-002_ses-headNormal_T2w_seg-manual.nii.gz","920","2","",65.7389063603581,0.0,0.5052321459414129,0.0,-5.319807792494443,0.0,7.241367430606416,0.0,7.4135718074793004,0.0,11.36579857924271,0.0,3.7951699903732514,0.0,3.4461974402331648,0.0,0.7579879049751324,0.0,-2.9177180188919007,0.0,0.9711807804355672,0.0,""
"2026-09-25 17:11:34","git-master-bddc7a050319718b5e4e0856afec0bc9ea96418f","C:\Users\marco\Desktop\ds004507\derivatives\labels\sub-002\ses-headNormal\anat\sub-002_ses-headNormal_T2w_seg-manual.nii.gz","921","2","",65.42539038431137,0.0,0.5071486472893396,0.0,-5.403055990149408,0.0,7.290108623899488,0.0,7.398642959335173,0.0,11.297452523023477,0.0,3.7984313538161514,0.0,3.4916772700833363,0.0,0.7557026226090586,0.0,-2.2214814021023903,0.0,0.9579480162922059,0.0,""
"2026-09-25 17:11:34","git-master-bddc7a050319718b5e4e0856afec0bc9ea96418f","C:\Users\marco\Desktop\ds004507\derivatives\labels\sub-002\ses-headNormal\anat\sub-002_ses-headNormal_T2w_seg-manual.nii.gz","922","2","",65.78886159569895,0.0,0.5098621212082208,0.0,-5.480876695594564,0.0,7.37100978086646,0.0,7.403940137894871,0.0,11.318711283693988,0.0,3.810524135679674,0.0,3.5604856451867866,0.0,0.7563041695246236,0.0,-1.9978514107529945,0.0,0.9451870092703413,0.0,""
"2026-09-25 17:11:34","git-master-bddc7a050319718b5e4e0856afec0bc9ea96418f","C:\Users\marco\Desktop\ds004507\derivatives\labels\sub-002\ses-headNormal\anat\sub-002_ses-headNormal_T2w_seg-manual.nii.gz","923","2","",66.84045946130855,0.0,0.5133725667181688,0.0,-5.553272278707309,0.0,7.475421174336994,0.0,7.413039680010567,0.0,11.4887212517555,0.0,3.8739561958667483,0.0,3.6014649784702457,0.0,0.7639757323619989,0.0,-3.0508297015293815,0.0,0.9432945846328324,0.0,""
"2026-09-25 17:11:34","git-master-bddc7a050319718b5e4e0856afec0bc9ea96418f","C:\Users\marco\Desktop\ds004507\derivatives\labels\sub-002\ses-headNormal\anat\sub-002_ses-headNormal_T2w_seg-manual.nii.gz","924","2","",66.30329102228198,0.0,0.5181353904994636,0.0,-5.617150707319364,0.0,7.457748787310007,0.0,7.394153582406561,0.0,11.42852372597667,0.0,3.843003111133446,0.0,3.614745676176561,0.0,0.7624934215627104,0.0,-2.0415451822269164,0.0,0.946621362262275,0.0,""
"2026-09-25 17:11:34","git-master-bddc7a050319718b5e4e0856afec0bc9ea96418f","C:\Users\marco\Desktop\ds004507\derivatives\labels\sub-002\ses-headNormal\anat\sub-002_ses-headNormal_T2w_seg-manual.nii.gz","925","2","",65.93530311072448,0.0,0.5236951772980759,0.0,-5.675613773065488,0.0,7.511310232937234,0.0,7.43557591781747,0.0,11.302596476954037,0.0,3.8170139427984036,0.0,3.69429629013883,0.0,0.7528979173670841,0.0,-1.9946126452892747,0.0,0.949256892556336,0.0,""
"2026-09-25 17:11:34","git-master-bddc7a050319718b5e4e0856afec0bc9ea96418f","C:\Users\marco\Desktop\ds004507\derivatives\labels\sub-002\ses-headNormal\anat\sub-002_ses-headNormal_T2w_seg-manual.nii.gz","926","2","",65.4531792654521,0.0,0.5300519243593069,0.0,-5.728663243934362,0.0,7.508391047429645,0.0,7.467610957858265,0.0,11.171626442740447,0.0,3.7470333676157037,0.0,3.76135767981394,0.0,0.7437585136849229,0.0,-2.43930161415484,0.0,0.9545328927415593,0.0,""
"2026-09-25 17:11:34","git-master-bddc7a050319718b5e4e0856afec0bc9ea96418f","C:\Users\marco\Desktop\ds004507\derivatives\labels\sub-002\ses-headNormal\anat\sub-002_ses-headNormal_T2w_seg-manual.nii.gz","927","2","",64.408894031273,0.0,0.5373194789516089,0.0,-5.775528443307218,0.0,7.246310052946602,0.0,7.382714645651269,0.0,11.12736855962724,0.0,3.5521783110895226,0.0,3.6941317418570794,0.0,0.7481983394045157,0.0,-2.728540149177798,0.0,0.9679034752428441,0.0,""
"2026-09-25 17:11:34","git-master-bddc7a050319718b5e4e0856afec0bc9ea96418f","C:\Users\marco\Desktop\ds004507\derivatives\labels\sub-002\ses-headNormal\anat\sub-002_ses-headNormal_T2w_seg-manual.nii.gz","928","2","",64.79149322747122,0.0,0.5457255315524429,0.0,-5.814668394553921,0.0,7.233038150235355,0.0,7.407449384344431,0.0,11.141693298146278,0.0,3.594632144717214,0.0,3.6384060055181413,0.0,0.7469846624928728,0.0,-3.175311607834435,0.0,0.9631029551832221,0.0,""
"2026-09-25 17:11:34","git-master-bddc7a050319718b5e4e0856afec0bc9ea96418f","C:\Users\marco\Desktop\ds004507\derivatives\labels\sub-002\ses-headNormal\anat\sub-002_ses-headNormal_T2w_seg-manual.nii.gz","929","2","",65.02828888488412,0.0,0.5549285244766614,0.0,-5.848403215106665,0.0,7.232899868914133,0.0,7.421081992261996,0.0,11.159371311534754,0.0,3.6593593852851805,0.0,3.573540483628953,0.0,0.7468336376297683,0.0,-2.321625641354329,0.0,0.9613545838896306,0.0,""
"2026-09-25 17:11:34","git-master-bddc7a050319718b5e4e0856afec0bc9ea96418f","C:\Users\marco\Desktop\ds004507\derivatives\labels\sub-002\ses-headNormal\anat\sub-002_ses-headNormal_T2w_seg-manual.nii.gz","930","2","",65.07300681670132,0.0,0.5649284530618975,0.0,-5.876733997571776,0.0,7.224574095971139,0.0,7.407624547207138,0.0,11.194135536326181,0.0,3.71020914318138,0.0,3.514364952789759,0.0,0.749673373768756,0.0,-0.7901153107454633,0.0,0.9632701619724265,0.0,""
"2026-09-25 17:11:34","git-master-bddc7a050319718b5e4e0856afec0bc9ea96418f","C:\Users\marco\Desktop\ds004507\derivatives\labels\sub-002\ses-headNormal\anat\sub-002_ses-headNormal_T2w_seg-manual.nii.gz","931","2","",65.33521991517426,0.0,0.5759530026622205,0.0,-5.898118880697574,0.0,7.223456939931999,0.0,7.355006498272404,0.0,11.315181414782586,0.0,3.7040757868362943,0.0,3.519381153095705,0.0,0.759866525748426,0.0,-1.1441855321825458,0.0,0.9634137909160112,0.0,""
"2026-09-25 17:11:34","git-master-bddc7a050319718b5e4e0856afec0bc9ea96418f","C:\Users\marco\Desktop\ds004507\derivatives\labels\sub-002\ses-headNormal\anat\sub-002_ses-headNormal_T2w_seg-manual.nii.gz","932","2","",65.14771531897492,0.0,0.5880021559510854,0.0,-5.912560039914677,0.0,7.366824362512149,0.0,7.419459084835126,0.0,11.187609695107906,0.0,3.763443350804715,0.0,3.603381011707434,0.0,0.7481454429087859,0.0,-1.104527686103672,0.0,0.9494718226742048,0.0,""
"2026-09-25 17:11:34","git-master-bddc7a050319718b5e4e0856afec0bc9ea96418f","C:\Users\marco\Desktop\ds004507\derivatives\labels\sub-002\ses-headNormal\anat\sub-002_ses-headNormal_T2w_seg-manual.nii.gz","933","2","",65.23128669171227,0.0,0.6008482120395574,0.0,-5.921601258659889,0.0,7.512263472840077,0.0,7.49943948018292,0.0,11.086801616217763,0.0,3.7965456098188466,0.0,3.715717863021231,0.0,0.7364867778758785,0.0,-0.9674806985138275,0.0,0.9417243357143209,0.0,""
"2026-09-25 17:11:34","git-master-bddc7a050319718b5e4e0856afec0bc9ea96418f","C:\Users\marco\Desktop\ds004507\derivatives\labels\sub-002\ses-headNormal\anat\sub-002_ses-headNormal_T2w_seg-manual.nii.gz","934","2","",65.71206297097929,0.0,0.6144911638787832,0.0,-5.925242880772738,0.0,7.604177414974307,0.0,7.553587239378161,0.0,11.095991056227382,0.0,3.780868667914456,0.0,3.8233087470598512,0.0,0.7324684978653914,0.0,-0.7955088647772454,0.0,0.9449080798377749,0.0,""
"2026-09-25 17:11:34","git-master-bddc7a050319718b5e4e0856afec0bc9ea96418f","C:\Users\marco\Desktop\ds004507\derivatives\labels\sub-002\ses-headNormal\anat\sub-002_ses-headNormal_T2w_seg-manual.nii.gz","935","2","",65.71272950250957,0.0,0.6292725161330409,0.0,-5.9211712251347794,0.0,7.521271631849637,0.0,7.475263292953598,0.0,11.221011734137294,0.0,3.7672524971123345,0.0,3.754019134737303,0.0,0.7456670948801586,0.0,-0.39301675432906763,0.0,0.9455087669171642,0.0,""
"2026-09-25 17:11:34","git-master-bddc7a050319718b5e4e0856afec0bc9ea96418f","C:\Users\marco\Desktop\ds004507\derivatives\labels\sub-002\ses-headNormal\anat\sub-002_ses-headNormal_T2w_seg-manual.nii.gz","936","2","",65.13622948293425,0.0,0.6449645651185669,0.0,-5.9109285754932195,0.0,7.543202375735111,0.0,7.425246808625387,0.0,11.206175819678045,0.0,3.7655450399168213,0.0,3.77765733581829,0.0,0.7489694638881267,0.0,0.06660922954033394,0.0,0.9470731921856389,0.0,""
"2026-09-25 17:11:34","git-master-bddc7a050319718b5e4e0856afec0bc9ea96418f","C:\Users\marco\Desktop\ds004507\derivatives\labels\sub-002\ses-headNormal\anat\sub-002_ses-headNormal_T2w_seg-manual.nii.gz","937","2","",64.92895482352255,0.0,0.661453460306871,0.0,-5.895285734577782,0.0,7.487021529904003,0.0,7.378562883652016,0.0,11.242298525564333,0.0,3.7002195984708535,0.0,3.78680193143315,0.0,0.7542412191038752,0.0,-0.017512443215697837,0.0,0.9545695324790976,0.0,""
"2026-09-25 17:11:34","git-master-bddc7a050319718b5e4e0856afec0bc9ea96418f","C:\Users\marco\Desktop\ds004507\derivatives\labels\sub-002\ses-headNormal\anat\sub-002_ses-headNormal_T2w_seg-manual.nii.gz","938","2","",65.74659009356024,0.0,0.6787391916201416,0.0,-5.874242273747922,0.0,7.2253464312184725,0.0,7.319134165548888,0.0,11.459379705797572,0.0,3.5157475912822544,0.0,3.7095988399362185,0.0,0.7694537998127013,0.0,-1.0906866194989016,0.0,0.9718142708796914,0.0,""
"2026-09-25 17:11:34","git-master-bddc7a050319718b5e4e0856afec0bc9ea96418f","C:\Users\marco\Desktop\ds004507\derivatives\labels\sub-002\ses-headNormal\anat\sub-002_ses-headNormal_T2w_seg-manual.nii.gz","939","1","",65.38980187789889,0.0,0.7040180922841455,0.0,-5.83397031939816,0.0,7.225594854615979,0.0,7.339227138971961,0.0,11.348779083862494,0.0,3.522920599763414,0.0,3.702674254852565,0.0,0.7627465730334445,0.0,-0.8372013128469772,0.0,0.96875,0.0,""
"2026-09-25 17:11:34","git-master-bddc7a050319718b5e4e0856afec0bc9ea96418f","C:\Users\marco\Desktop\ds004507\derivatives\labels\sub-002\ses-headNormal\anat\sub-002_ses-headNormal_T2w_seg-manual.nii.gz","940","1","",64.57527274431253,0.0,0.7244077299008123,0.0,-5.794792315067746,0.0,7.22626632508976,0.0,7.247563238303173,0.0,11.347615217439511,0.0,3.607179223081501,0.0,3.619087102008259,0.0,0.7694447485241447,0.0,0.5527836970206274,0.0,0.9630786515447398,0.0,""
"2026-09-25 17:11:34","git-master-bddc7a050319718b5e4e0856afec0bc9ea96418f","C:\Users\marco\Desktop\ds004507\derivatives\labels\sub-002\ses-headNormal\anat\sub-002_ses-headNormal_T2w_seg-manual.nii.gz","941","1","",64.86919244224181,0.0,0.7456699936202675,0.0,-5.749691764071744,0.0,7.227279379278054,0.0,7.265005104464902,0.0,11.366020768823867,0.0,3.6909513528895768,0.0,3.5363280263884764,0.0,0.76904593974768,0.0,0.02776271314757861,0.0,0.9609068712077153,0.0,""
"2026-09-25 17:11:34","git-master-bddc7a050319718b5e4e0856afec0bc9ea96418f","C:\Users\marco\Desktop\ds004507\derivatives\labels\sub-002\ses-headNormal\anat\sub-002_ses-headNormal_T2w_seg-manual.nii.gz","942","1","",65.21187732875838,0.0,0.767804861785118,0.0,-5.69866664326831,0.0,7.2272663711499385,0.0,7.291266775097154,0.0,11.380361218867877,0.0,3.7480206866438914,0.0,3.4792456845060475,0.0,0.7677956088021518,0.0,-0.7732871053847677,0.0,0.9594373720644098,0.0,""
"2026-09-25 17:11:34","git-master-bddc7a050319718b5e4e0856afec0bc9ea96418f","C:\Users\marco\Desktop\ds004507\derivatives\labels\sub-002\ses-headNormal\anat\sub-002_ses-headNormal_T2w_seg-manual.nii.gz","943","1","",64.6720834074678,0.0,0.7908123125268118,0.0,-5.641714902706295,0.0,7.22522154233433,0.0,7.240239774618371,0.0,11.36716841616212,0.0,3.7567564250745593,0.0,3.46846511725977,0.0,0.7709055248789339,0.0,-0.384894524670227,0.0,0.9566691424531649,0.0,""
"2026-09-25 17:11:34","git-master-bddc7a050319718b5e4e0856afec0bc9ea96418f","C:\Users\marco\Desktop\ds004507\derivatives\labels\sub-002\ses-headNormal\anat\sub-002_ses-headNormal_T2w_seg-manual.nii.gz","944","1","",64.13292089177924,0.0,0.815071665940797,0.0,-5.57625358320218,0.0,7.2280870514960975,0.0,7.262040101604834,0.0,11.257553753839135,0.0,3.77192609512469,0.0,3.456160956371408,0.0,0.764070986972554,0.0,0.5445596048440648,0.0,0.9698140379053848,0.0,""
"2026-09-25 17:11:34","git-master-bddc7a050319718b5e4e0856afec0bc9ea96418f","C:\Users\marco\Desktop\ds004507\derivatives\labels\sub-002\ses-headNormal\anat\sub-002_ses-headNormal_T2w_seg-manual.nii.gz","945","1","",65.90745249598594,0.0,0.8402414401438152,0.0,-5.504598193806294,0.0,7.157646725967536,0.0,7.225057502597381,0.0,11.657577948791573,0.0,3.8156836748522713,0.0,3.3419630511152643,0.0,0.7834339964459759,0.0,-1.7579584832484807,0.0,0.9671548030040538,0.0,""
"2026-09-25 17:11:34","git-master-bddc7a050319718b5e4e0856afec0bc9ea96418f","C:\Users\marco\Desktop\ds004507\derivatives\labels\sub-002\ses-headNormal\anat\sub-002_ses-headNormal_T2w_seg-manual.nii.gz","946","1","",66.9674489562904,0.0,0.866283668524985,0.0,-5.427003665459997,0.0,7.0753280778772085,0.0,7.212042639969171,0.0,11.902754503290295,0.0,3.8030442108190416,0.0,3.272283867058167,0.0,0.7951395807265415,0.0,-3.4242345947451573,0.0,0.9546746258912937,0.0,""
"2026-09-25 17:11:34","git-master-bddc7a050319718b5e4e0856afec0bc9ea96418f","C:\Users\marco\Desktop\ds004507\derivatives\labels\sub-002\ses-headNormal\anat\sub-002_ses-headNormal_T2w_seg-manual.nii.gz","947","1","",65.31720146019873,0.0,0.8931983206299714,0.0,-5.34346704584553,0.0,7.035228239883917,0.0,7.273294458658703,0.0,11.55373220492614,0.0,3.6866984276545307,0.0,3.348529812229387,0.0,0.7769120407104176,0.0,-1.910451437937815,0.0,0.938156291117838,0.0,""
"2026-09-25 17:11:34","git-master-bddc7a050319718b5e4e0856afec0bc9ea96418f","C:\Users\marco\Desktop\ds004507\derivatives\labels\sub-002\ses-headNormal\anat\sub-002_ses-headNormal_T2w_seg-manual.nii.gz","948","1","",63.68774182611481,0.0,0.9213266989779975,0.0,-5.251655496901119,0.0,7.188190865297535,0.0,7.270292481311037,0.0,11.188162661602838,0.0,3.6765680044261098,0.0,3.511622860871425,0.0,0.7597969348681847,0.0,-0.7659826498947346,0.0,0.9406626901996445,0.0,""
"2026-09-25 17:11:34","git-master-bddc7a050319718b5e4e0856afec0bc9ea96418f","C:\Users\marco\Desktop\ds004507\derivatives\labels\sub-002\ses-headNormal\anat\sub-002_ses-headNormal_T2w_seg-manual.nii.gz","949","1","",63.66500582926227,0.0,0.9504032246949324,0.0,-5.153372172246448,0.0,7.166607876151207,0.0,7.269531022305156,0.0,11.150319150254436,0.0,3.623440969170524,0.0,3.5431669069806833,0.0,0.7582323228023496,0.0,1.1470934269305155,0.0,0.939169773871786,0.0,""
"2026-09-25 17:11:34","git-master-bddc7a050319718b5e4e0856afec0bc9ea96418f","C:\Users\marco\Desktop\ds004507\derivatives\labels\sub-002\ses-headNormal\anat\sub-002_ses-headNormal_T2w_seg-manual.nii.gz","950","1","",64.22111222618103,0.0,0.9803519989317807,0.0,-5.049130710438085,0.0,7.130250962861552,0.0,7.268762512007308,0.0,11.22944727792337,0.0,3.6210491607544246,0.0,3.509201802107127,0.0,0.7622204775377902,0.0,0.19138420346682983,0.0,0.9374874675509259,0.0,""
"2026-09-25 17:11:34","git-master-bddc7a050319718b5e4e0856afec0bc9ea96418f","C:\Users\marco\Desktop\ds004507\derivatives\labels\sub-002\ses-headNormal\anat\sub-002_ses-headNormal_T2w_seg-manual.nii.gz","951","1","",64.70742594220194,0.0,1.0111729803497402,0.0,-4.938927564183587,0.0,7.16006219465539,0.0,7.264475319501824,0.0,11.309479826961176,0.0,3.698625767122485,0.0,3.4614364275329055,0.0,0.7664085219965363,0.0,-4.538956599394561,0.0,0.9388302611635374,0.0,""
"2026-09-25 17:11:34","git-master-bddc7a050319718b5e4e0856afec0bc9ea96418f","C:\Users\marco\Desktop\ds004507\derivatives\labels\sub-002\ses-headNormal\anat\sub-002_ses-headNormal_T2w_seg-manual.nii.gz","952","1","",64.46632080541734,0.0,1.0431694457438048,0.0,-4.820680933337124,0.0,7.164116920861602,0.0,7.235839255967542,0.0,11.413763638383234,0.0,3.6250977918567293,0.0,3.5390191290048723,0.0,0.7733324458366109,0.0,-1.840489602810178,0.0,0.9529746730463929,0.0,""
"2026-09-25 17:11:34","git-master-bddc7a050319718b5e4e0856afec0bc9ea96418f","C:\Users\marco\Desktop\ds004507\derivatives\labels\sub-002\ses-headNormal\anat\sub-002_ses-headNormal_T2w_seg-manual.nii.gz","953","1","",63.58174741629594,0.0,1.0761516955348864,0.0,-4.695680116030469,0.0,7.168620423384516,0.0,7.170295792526567,0.0,11.327873823303952,0.0,3.5649424608592706,0.0,3.6036779625252455,0.0,0.7741632788737074,0.0,-0.9324867295883279,0.0,0.9579076574058467,0.0,""
"2026-09-25 17:11:34","git-master-bddc7a050319718b5e4e0856afec0bc9ea96418f","C:\Users\marco\Desktop\ds004507\derivatives\labels\sub-002\ses-headNormal\anat\sub-002_ses-headNormal_T2w_seg-manual.nii.gz","954","1","",63.10226828575622,0.0,1.110005918823131,0.0,-4.564699777796254,0.0,7.194790739111013,0.0,7.161747888805665,0.0,11.194967642571791,0.0,3.5440079783361673,0.0,3.6507827607748458,0.0,0.7684709299663601,0.0,-0.006000674618308666,0.0,0.9609254347185382,0.0,""
"2026-09-25 17:11:34","git-master-bddc7a050319718b5e4e0856afec0bc9ea96418f","C:\Users\marco\Desktop\ds004507\derivatives\labels\sub-002\ses-headNormal\anat\sub-002_ses-headNormal_T2w_seg-manual.nii.gz","955","1","",63.32239549114907,0.0,1.144732060735654,0.0,-4.4277361992272235,0.0,7.2421364151064695,0.0,7.234456975553791,0.0,11.078625230298105,0.0,3.5669954532673724,0.0,3.675140961839097,0.0,0.7573254319294368,0.0,1.3912420127736445,0.0,0.96572750535276,0.0,""
"2026-09-25 17:11:34","git-master-bddc7a050319718b5e4e0856afec0bc9ea96418f","C:\Users\marco\Desktop\ds004507\derivatives\labels\sub-002\ses-headNormal\anat\sub-002_ses-headNormal_T2w_seg-manual.nii.gz","956","1","",63.06026756037178,0.0,1.1805953677292655,0.0,-4.2829607603829425,0.0,7.243774375380064,0.0,7.267252504520931,0.0,10.977274416161356,0.0,3.585888816460685,0.0,3.657885558919379,0.0,0.749440970776513,0.0,0.9099048561243182,0.0,0.9751805316204502,0.0,""
"2026-09-25 17:11:34","git-master-bddc7a050319718b5e4e0856afec0bc9ea96418f","C:\Users\marco\Desktop\ds004507\derivatives\labels\sub-002\ses-headNormal\anat\sub-002_ses-headNormal_T2w_seg-manual.nii.gz","957","1","",63.01556765830609,0.0,1.217481980701284,0.0,-4.131146542925413,0.0,7.244766218873897,0.0,7.276511259463709,0.0,10.992967207657022,0.0,3.605620698633287,0.0,3.6391455202406098,0.0,0.7495638013774935,0.0,0.38788549867890854,0.0,0.9758203564143817,0.0,""
"2026-09-25 17:11:34","git-master-bddc7a050319718b5e4e0856afec0bc9ea96418f","C:\Users\marco\Desktop\ds004507\derivatives\labels\sub-002\ses-headNormal\anat\sub-002_ses-headNormal_T2w_seg-manual.nii.gz","958","1","",63.78973722213822,0.0,1.2552402068439483,0.0,-3.973331737483904,0.0,7.330109672014065,0.0,7.357781901334861,0.0,11.042554956875065,0.0,3.626111972229236,0.0,3.703997699784829,0.0,0.7456236330356779,0.0,-0.37130930876839024,0.0,0.9674476521685538,0.0,""
"2026-09-25 17:11:34","git-master-bddc7a050319718b5e4e0856afec0bc9ea96418f","C:\Users\marco\Desktop\ds004507\derivatives\labels\sub-002\ses-headNormal\anat\sub-002_ses-headNormal_T2w_seg-manual.nii.gz","959","1","",65.30414039926416,0.0,1.293869974751826,0.0,-3.8095129949390087,0.0,7.485015981900524,0.0,7.503875087802239,0.0,11.10146907781934,0.0,3.6471949022367096,0.0,3.8378210796638155,0.0,0.7369513890573639,0.0,-1.3567428089302478,0.0,0.9531119166716496,0.0,""
"2026-09-25 17:11:34","git-master-bddc7a050319718b5e4e0856afec0bc9ea96418f","C:\Users\marco\Desktop\ds004507\derivatives\labels\sub-002\ses-headNormal\anat\sub-002_ses-headNormal_T2w_seg-manual.nii.gz","960","1","",66.13659101708133,0.0,1.333598501572946,0.0,-3.63811798663586,0.0,7.491899593754052,0.0,7.516245094662212,0.0,11.191310321832093,0.0,3.6681729050003193,0.0,3.823726688753733,0.0,0.7408898430394563,0.0,-2.175611638587603,0.0,0.9480883527431586,0.0,""
"2026-09-25 17:11:34","git-master-bddc7a050319718b5e4e0856afec0bc9ea96418f","C:\Users\marco\Desktop\ds004507\derivatives\labels\sub-002\ses-headNormal\anat\sub-002_ses-headNormal_T2w_seg-manual.nii.gz","961","1","",66.96923682932982,0.0,1.3743877097724246,0.0,-3.459401154730898,0.0,7.641333181103654,0.0,7.681764897208546,0.0,11.128305709494303,0.0,3.751559757906032,0.0,3.8897734231976218,0.0,0.7231496227356237,0.0,-1.3460985724794177,0.0,0.9523054453042855,0.0,""
"2026-09-25 17:11:34","git-master-bddc7a050319718b5e4e0856afec0bc9ea96418f","C:\Users\marco\Desktop\ds004507\derivatives\labels\sub-002\ses-headNormal\anat\sub-002_ses-headNormal_T2w_seg-manual.nii.gz","962","1","",66.98065024683385,0.0,1.4160480676205838,0.0,-3.2746663663246913,0.0,7.727296331933294,0.0,7.755756112045187,0.0,11.057294176814587,0.0,3.772813583264823,0.0,3.954482748668471,0.0,0.7127540003257202,0.0,-0.10887126132251523,0.0,0.957811958752521,0.0,""
"2026-09-25 17:11:34","git-master-bddc7a050319718b5e4e0856afec0bc9ea96418f","C:\Users\marco\Desktop\ds004507\derivatives\labels\sub-002\ses-headNormal\anat\sub-002_ses-headNormal_T2w_seg-manual.nii.gz","963","1","",66.36393637089536,0.0,1.4585794838349648,0.0,-3.0839113075496267,0.0,7.706384108084662,0.0,7.706723050807658,0.0,11.035833592616584,0.0,3.731305436844763,0.0,3.9750786712398987,0.0,0.7157273147465868,0.0,0.8451690334604293,0.0,0.9616145637640958,0.0,""
"2026-09-25 17:11:34","git-master-bddc7a050319718b5e4e0856afec0bc9ea96418f","C:\Users\marco\Desktop\ds004507\derivatives\labels\sub-002\ses-headNormal\anat\sub-002_ses-headNormal_T2w_seg-manual.nii.gz","964","1","",66.64857482879741,0.0,1.5021711554428967,0.0,-2.885823627123888,0.0,7.625465481659991,0.0,7.663859906222262,0.0,11.130130539911685,0.0,3.7492710674844747,0.0,3.8761944141755165,0.0,0.7251355365867842,0.0,0.22338533736977106,0.0,0.9606889550876987,0.0,""
"2026-09-25 17:11:34","git-master-bddc7a050319718b5e4e0856afec0bc9ea96418f","C:\Users\marco\Desktop\ds004507\derivatives\labels\sub-002\ses-headNormal\anat\sub-002_ses-headNormal_T2w_seg-manual.nii.gz","965","1","",67.39992172216837,0.0,1.5468607016910867,0.0,-2.680137714564607,0.0,7.685153984933804,0.0,7.649688667363598,0.0,11.223757695803153,0.0,3.7681351642960554,0.0,3.9170188206377485,0.0,0.731718044087263,0.0,0.5642618252447047,0.0,0.9616626336403704,0.0,""
"2026-09-25 17:11:34","git-master-bddc7a050319718b5e4e0856afec0bc9ea96418f","C:\Users\marco\Desktop\ds004507\derivatives\labels\sub-002\ses-headNormal\anat\sub-002_ses-headNormal_T2w_seg-manual.nii.gz","966","1","",67.65122837012483,0.0,1.5924208110442988,0.0,-2.468424248273043,0.0,7.7631293676668545,0.0,7.668993053709585,0.0,11.212032826431512,0.0,3.785487655793025,0.0,3.9776417118738285,0.0,0.7293873705088907,0.0,0.24186459954897022,0.0,0.9623074901531801,0.0,""
"2026-09-25 17:11:34","git-master-bddc7a050319718b5e4e0856afec0bc9ea96418f","C:\Users\marco\Desktop\ds004507\derivatives\labels\sub-002\ses-headNormal\anat\sub-002_ses-headNormal_T2w_seg-manual.nii.gz","967","1","",67.555544707639,0.0,1.6388513686563289,0.0,-2.250682737537939,0.0,7.808382574661527,0.0,7.70397009910735,0.0,11.15093753557029,0.0,3.8014515058375347,0.0,4.0069310688239925,0.0,0.7229391662227601,0.0,-0.5033434238714374,0.0,0.9616066736624611,0.0,""
"2026-09-25 17:11:34","git-master-bddc7a050319718b5e4e0856afec0bc9ea96418f","C:\Users\marco\Desktop\ds004507\derivatives\labels\sub-002\ses-headNormal\anat\sub-002_ses-headNormal_T2w_seg-manual.nii.gz","968","1","",68.11178030618005,0.0,1.6863035716988521,0.0,-2.0258645309523464,0.0,7.747841317897781,0.0,7.701585989738191,0.0,11.260224484060533,0.0,3.81777292722351,0.0,3.93006839067427,0.0,0.7294981627540653,0.0,-0.0362515847172632,0.0,0.957965525376024,0.0,""
"2026-09-25 17:11:34","git-master-bddc7a050319718b5e4e0856afec0bc9ea96418f","C:\Users\marco\Desktop\ds004507\derivatives\labels\sub-002\ses-headNormal\anat\sub-002_ses-headNormal_T2w_seg-manual.nii.gz","969","1","",69.39240691243664,0.0,1.7348906189553122,0.0,-1.7931849095557384,0.0,7.817215986880931,0.0,7.863284090373785,0.0,11.279371926075395,0.0,3.8323237502838228,0.0,3.9848922365971076,0.0,0.7168089907870375,0.0,0.1358855324459604,0.0,0.9601378367141321,0.0,""
"2026-09-25 17:11:34","git-master-bddc7a050319718b5e4e0856afec0bc9ea96418f","C:\Users\marco\Desktop\ds004507\derivatives\labels\sub-002\ses-headNormal\anat\sub-002_ses-headNormal_T2w_seg-manual.nii.gz","970","1","",70.30962547537207,0.0,1.7843474980140626,0.0,-1.5544806647204952,0.0,7.856137756063809,0.0,7.9661017896362365,0.0,11.305191772883312,0.0,3.845464379001897,0.0,4.010673377061911,0.0,0.7095648773797927,0.0,0.24605543960743906,0.0,0.9613000828466727,0.0,""
"2026-09-25 17:11:34","git-master-bddc7a050319718b5e4e0856afec0bc9ea96418f","C:\Users\marco\Desktop\ds004507\derivatives\labels\sub-002\ses-headNormal\anat\sub-002_ses-headNormal_T2w_seg-manual.nii.gz","971","1","",70.98729997192537,0.0,1.8346740664410917,0.0,-1.3097540355120574,0.0,7.896555251163089,0.0,8.030627320074462,0.0,11.329426548106284,0.0,3.877518725406366,0.0,4.019036525756722,0.0,0.7052886879926178,0.0,0.37309240259289594,0.0,0.9607655695821324,0.0,""
"2026-09-25 17:11:34","git-master-bddc7a050319718b5e4e0856afec0bc9ea96418f","C:\Users\marco\Desktop\ds004507\derivatives\labels\sub-002\ses-headNormal\anat\sub-002_ses-headNormal_T2w_seg-manual.nii.gz","972","1","",72.06670276126604,0.0,1.8859835562112848,0.0,-1.0582231411097838,0.0,8.064414507207408,0.0,8.177911403516664,0.0,11.300552655112329,0.0,3.974055185084627,0.0,4.09035932212278,0.0,0.6901024779849562,0.0,0.6130365493559571,0.0,0.9592970180839728,0.0,""
"2026-09-25 17:11:34","git-master-bddc7a050319718b5e4e0856afec0bc9ea96418f","C:\Users\marco\Desktop\ds004507\derivatives\labels\sub-002\ses-headNormal\anat\sub-002_ses-headNormal_T2w_seg-manual.nii.gz","973","1","",72.41420871029389,0.0,1.9384645885787752,0.0,-0.798589069539275,0.0,8.068779394147828,0.0,8.238825872476346,0.0,11.275011179663432,0.0,4.045638860544718,0.0,4.02314053360311,0.0,0.6826531916069385,0.0,-0.5637396597529047,0.0,0.9581847236571525,0.0,""
"2026-09-25 17:11:34","git-master-bddc7a050319718b5e4e0856afec0bc9ea96418f","C:\Users\marco\Desktop\ds004507\derivatives\labels\sub-002\ses-headNormal\anat\sub-002_ses-headNormal_T2w_seg-manual.nii.gz","974","1","",73.80578287640414,0.0,1.9918145530683138,0.0,-0.532951234371037,0.0,8.20309746661003,0.0,8.352261495901585,0.0,11.344136780986046,0.0,4.087910969186684,0.0,4.1151864974233465,0.0,0.6767067395905392,0.0,-3.378821210185225,0.0,0.9529258812189367,0.0,""
"2026-09-25 17:11:34","git-master-bddc7a050319718b5e4e0856afec0bc9ea96418f","C:\Users\marco\Desktop\ds004507\derivatives\labels\sub-002\ses-headNormal\anat\sub-002_ses-headNormal_T2w_seg-manual.nii.gz","975","1","",75.83735758353575,0.0,2.046033275302915,0.0,-0.26131561866156644,0.0,8.441530738334208,0.0,8.52527873591963,0.0,11.42889607444169,0.0,4.138756305349924,0.0,4.302774432984286,0.0,0.6657192807904835,0.0,-6.074174401443066,0.0,0.9487285203953952,0.0,""
"2026-09-25 17:11:34","git-master-bddc7a050319718b5e4e0856afec0bc9ea96418f","C:\Users\marco\Desktop\ds004507\derivatives\labels\sub-002\ses-headNormal\anat\sub-002_ses-headNormal_T2w_seg-manual.nii.gz","976","1","",77.47885640324053,0.0,2.1011960748227114,0.0,0.01683130518057918,0.0,8.685721077816487,0.0,8.745423652645652,0.0,11.373634486806537,0.0,4.265715459277914,0.0,4.420005618538573,0.0,0.6392627201698006,0.0,-5.51794226171548,0.0,0.9556094894779465,0.0,""
"2026-09-25 17:11:34","git-master-bddc7a050319718b5e4e0856afec0bc9ea96418f","C:\Users\marco\Desktop\ds004507\derivatives\labels\sub-002\ses-headNormal\anat\sub-002_ses-headNormal_T2w_seg-manual.nii.gz","977","1","",80.40650455439315,0.0,2.157566790336977,0.0,0.30329190181357657,0.0,8.697890810859041,0.0,8.86468485765789,0.0,11.643836138671071,0.0,4.254988377232058,0.0,4.442902433626983,0.0,0.6482176371115679,0.0,-5.629998730088217,0.0,0.9577780181589384,0.0,""
"2026-09-25 17:11:34","git-master-bddc7a050319718b5e4e0856afec0bc9ea96418f","C:\Users\marco\Desktop\ds004507\derivatives\labels\sub-002\ses-headNormal\anat\sub-002_ses-headNormal_T2w_seg-manual.nii.gz","978","1","",82.73571162803408,0.0,2.2148053444539766,0.0,0.5957115057820063,0.0,8.76954413308941,0.0,8.98506327532368,0.0,11.820690239651924,0.0,4.28579604851538,0.0,4.48374808457403,0.0,0.649796701883417,0.0,-5.854317315896515,0.0,0.9605817838572202,0.0,""
"2026-09-25 17:11:34","git-master-bddc7a050319718b5e4e0856afec0bc9ea96418f","C:\Users\marco\Desktop\ds004507\derivatives\labels\sub-002\ses-headNormal\anat\sub-002_ses-headNormal_T2w_seg-manual.nii.gz","979","1","",84.56299857977979,0.0,2.272911526175285,0.0,0.8940792887286731,0.0,8.88238082155977,0.0,9.118164249218973,0.0,11.901081234090723,0.0,4.3584994422248275,0.0,4.523881379334942,0.0,0.6425740819397571,0.0,-5.928459469015476,0.0,0.9624293277897001,0.0,""
"2026-09-25 17:11:34","git-master-bddc7a050319718b5e4e0856afec0bc9ea96418f","C:\Users\marco\Desktop\ds004507\derivatives\labels\sub-002\ses-headNormal\anat\sub-002_ses-headNormal_T2w_seg-manual.nii.gz","980","1","",86.19421784920007,0.0,2.3319228175652107,0.0,1.1986413027981786,0.0,8.984137200186243,0.0,9.270771726034939,0.0,11.918870149237879,0.0,4.457258642898914,0.0,4.526878557287329,0.0,0.6284740362478385,0.0,-5.5374441228136515,0.0,0.96060057502128,0.0,""
"2026-09-25 17:11:34","git-master-bddc7a050319718b5e4e0856afec0bc9ea96418f","C:\Users\marco\Desktop\ds004507\derivatives\labels\sub-002\ses-headNormal\anat\sub-002_ses-headNormal_T2w_seg-manual.nii.gz","981","1","",89.06893314209621,0.0,2.392178012949395,0.0,1.5116847601260828,0.0,9.191049335578427,0.0,9.498948304344202,0.0,12.000973500441319,0.0,4.515008865621519,0.0,4.6760404699569085,0.0,0.6110538157630335,0.0,-3.9506911852009567,0.0,0.9621883210210154,0.0,""
"2026-09-25 17:11:34","git-master-bddc7a050319718b5e4e0856afec0bc9ea96418f","C:\Users\marco\Desktop\ds004507\derivatives\labels\sub-002\ses-headNormal\anat\sub-002_ses-headNormal_T2w_seg-manual.nii.gz","982","1","",91.30398363450965,0.0,2.45329973232028,0.0,1.8306121780090385,0.0,9.406410381056478,0.0,9.692775415379415,0.0,12.047845749993693,0.0,4.609977379773148,0.0,4.79643300128333,0.0,0.5937698778303901,0.0,-5.4156940916773415,0.0,0.9557419407216438,0.0,""
"2026-09-25 17:11:34","git-master-bddc7a050319718b5e4e0856afec0bc9ea96418f","C:\Users\marco\Desktop\ds004507\derivatives\labels\sub-002\ses-headNormal\anat\sub-002_ses-headNormal_T2w_seg-manual.nii.gz","983","1","",93.09218286998545,0.0,2.5152877230658492,0.0,2.155406726668184,0.0,9.642133529344344,0.0,9.885937221405786,0.0,12.035981726635981,0.0,4.73476466291836,0.0,4.907368866425984,0.0,0.5696995479142624,0.0,-9.534155386778828,0.0,0.9514461379403908,0.0,""
"2026-09-25 17:11:34","git-master-bddc7a050319718b5e4e0856afec0bc9ea96418f","C:\Users\marco\Desktop\ds004507\derivatives\labels\sub-002\ses-headNormal\anat\sub-002_ses-headNormal_T2w_seg-manual.nii.gz","984","1","",94.71856763224963,0.0,2.5781417313979507,0.0,2.4860514024629183,0.0,9.91443026998428,0.0,10.119495065111419,0.0,11.943709159969586,0.0,4.878035683654947,0.0,5.036394586329331,0.0,0.5311693127804842,0.0,-15.678916753263943,0.0,0.960927960927961,0.0,""
