Timestamp,SCT Version,Filename,Slice (I->S),VertLevel,DistancePMJ,MEAN(area),STD(area),MEAN(angle_AP),STD(angle_AP),MEAN(angle_RL),STD(angle_RL),MEAN(diameter_AP),STD(diameter_AP),MEAN(diameter_AP_ellipse),STD(diameter_AP_ellipse),MEAN(diameter_RL),STD(diameter_RL),MEAN(length_anterior),STD(length_anterior),MEAN(length_posterior),STD(length_posterior),MEAN(eccentricity),STD(eccentricity),MEAN(orientation),STD(orientation),MEAN(solidity),STD(solidity),SUM(length)
"2026-09-25 17:20:16","git-master-bddc7a050319718b5e4e0856afec0bc9ea96418f","C:\Users\marco\Desktop\ds004507\derivatives\labels\sub-007\ses-headNormal\anat\sub-007_ses-headNormal_T2w_seg-manual.nii.gz","693","8","","","","","","","","","","","","","","","","","","","","","","","",""
"2026-09-25 17:20:16","git-master-bddc7a050319718b5e4e0856afec0bc9ea96418f","C:\Users\marco\Desktop\ds004507\derivatives\labels\sub-007\ses-headNormal\anat\sub-007_ses-headNormal_T2w_seg-manual.nii.gz","694","8","","","","","","","","","","","","","","","","","","","","","","","",""
"2026-09-25 17:20:16","git-master-bddc7a050319718b5e4e0856afec0bc9ea96418f","C:\Users\marco\Desktop\ds004507\derivatives\labels\sub-007\ses-headNormal\anat\sub-007_ses-headNormal_T2w_seg-manual.nii.gz","695","8","","","","","","","","","","","","","","","","","","","","","","","",""
"2026-09-25 17:20:16","git-master-bddc7a050319718b5e4e0856afec0bc9ea96418f","C:\Users\marco\Desktop\ds004507\derivatives\labels\sub-007\ses-headNormal\anat\sub-007_ses-headNormal_T2w_seg-manual.nii.gz","696","8","","","","","","","","","","","","","","","","","","","","","","","",""
"2026-09-25 17:20:16","git-master-bddc7a050319718b5e4e0856afec0bc9ea96418f","C:\Users\marco\Desktop\ds004507\derivatives\labels\sub-007\ses-headNormal\anat\sub-007_ses-headNormal_T2w_seg-manual.nii.gz","697","8","","","","","","","","","","","","","","","","","","","","","","","",""
"2026-09-25 17:20:16","git-master-bddc7a050319718b5e4e0856afec0bc9ea96418f","C:\Users\marco\Desktop\ds004507\derivatives\labels\sub-007\ses-headNormal\anat\sub-007_ses-headNormal_T2w_seg-manual.nii.gz","698","8","","","","","","","","","","","","","","","","","","","","","","","",""
"2026-09-25 17:20:16","git-master-bddc7a050319718b5e4e0856afec0bc9ea96418f","C:\Users\marco\Desktop\ds004507\derivatives\labels\sub-007\ses-headNormal\anat\sub-007_ses-headNormal_T2w_seg-manual.nii.gz","699","8","","","","","","","","","","","","","","","","","","","","","","","",""
"2026-09-25 17:20:16","git-master-bddc7a050319718b5e4e0856afec0bc9ea96418f","C:\Users\marco\Desktop\ds004507\derivatives\labels\sub-007\ses-headNormal\anat\sub-007_ses-headNormal_T2w_seg-manual.nii.gz","700","8","","","","","","","","","","","","","","","","","","","","","","","",""
"2026-09-25 17:20:16","git-master-bddc7a050319718b5e4e0856afec0bc9ea96418f","C:\Users\marco\Desktop\ds004507\derivatives\labels\sub-007\ses-headNormal\anat\sub-007_ses-headNormal_T2w_seg-manual.nii.gz","701","8","","","","","","","","","","","","","","","","","","","","","","","",""
"2026-09-25 17:20:16","git-master-bddc7a050319718b5e4e0856afec0bc9ea96418f","C:\Users\marco\Desktop\ds004507\derivatives\labels\sub-007\ses-headNormal\anat\sub-007_ses-headNormal_T2w_seg-manual.nii.gz","702","8","","","","","","","","","","","","","","","","","","","","","","","",""
"2026-09-25 17:20:16","git-master-bddc7a050319718b5e4e0856afec0bc9ea96418f","C:\Users\marco\Desktop\ds004507\derivatives\labels\sub-007\ses-headNormal\anat\sub-007_ses-headNormal_T2w_seg-manual.nii.gz","703","8","","","","","","","","","","","","","","","","","","","","","","","",""
"2026-09-25 17:20:16","git-master-bddc7a050319718b5e4e0856afec0bc9ea96418f","C:\Users\marco\Desktop\ds004507\derivatives\labels\sub-007\ses-headNormal\anat\sub-007_ses-headNormal_T2w_seg-manual.nii.gz","704","8","","","","","","","","","","","","","","","","","","","","","","","",""
"2026-09-25 17:20:16","git-master-bddc7a050319718b5e4e0856afec0bc9ea96418f","C:\Users\marco\Desktop\ds004507\derivatives\labels\sub-007\ses-headNormal\anat\sub-007_ses-headNormal_T2w_seg-manual.nii.gz","705","8","","","","","","","","","","","","","","","","","","","","","","","",""
"2026-09-25 17:20:16","git-master-bddc7a050319718b5e4e0856afec0bc9ea96418f","C:\Users\marco\Desktop\ds004507\derivatives\labels\sub-007\ses-headNormal\anat\sub-007_ses-headNormal_T2w_seg-manual.nii.gz","706","8","","","","","","","","","","","","","","","","","","","","","","","",""
"2026-09-25 17:20:16","git-master-bddc7a050319718b5e4e0856afec0bc9ea96418f","C:\Users\marco\Desktop\ds004507\derivatives\labels\sub-007\ses-headNormal\anat\sub-007_ses-headNormal_T2w_seg-manual.nii.gz","707","8","","","","","","","","","","","","","","","","","","","","","","","",""
"2026-09-25 17:20:16","git-master-bddc7a050319718b5e4e0856afec0bc9ea96418f","C:\Users\marco\Desktop\ds004507\derivatives\labels\sub-007\ses-headNormal\anat\sub-007_ses-headNormal_T2w_seg-manual.nii.gz","708","8","","","","","","","","","","","","","","","","","","","","","","","",""
"2026-09-25 17:20:16","git-master-bddc7a050319718b5e4e0856afec0bc9ea96418f","C:\Users\marco\Desktop\ds004507\derivatives\labels\sub-007\ses-headNormal\anat\sub-007_ses-headNormal_T2w_seg-manual.nii.gz","709","8","","","","","","","","","","","","","","","","","","","","","","","",""
"2026-09-25 17:20:16","git-master-bddc7a050319718b5e4e0856afec0bc9ea96418f","C:\Users\marco\Desktop\ds004507\derivatives\labels\sub-007\ses-headNormal\anat\sub-007_ses-headNormal_T2w_seg-manual.nii.gz","710","8","","","","","","","","","","","","","","","","","","","","","","","",""
"2026-09-25 17:20:16","git-master-bddc7a050319718b5e4e0856afec0bc9ea96418f","C:\Users\marco\Desktop\ds004507\derivatives\labels\sub-007\ses-headNormal\anat\sub-007_ses-headNormal_T2w_seg-manual.nii.gz","711","8","","","","","","","","","","","","","","","","","","","","","","","",""
"2026-09-25 17:20:16","git-master-bddc7a050319718b5e4e0856afec0bc9ea96418f","C:\Users\marco\Desktop\ds004507\derivatives\labels\sub-007\ses-headNormal\anat\sub-007_ses-headNormal_T2w_seg-manual.nii.gz","712","8","","","","","","","","","","","","","","","","","","","","","","","",""
"2026-09-25 17:20:16","git-master-bddc7a050319718b5e4e0856afec0bc9ea96418f","C:\Users\marco\Desktop\ds004507\derivatives\labels\sub-007\ses-headNormal\anat\sub-007_ses-headNormal_T2w_seg-manual.nii.gz","713","8","","","","","","","","","","","","","","","","","","","","","","","",""
"2026-09-25 17:20:16","git-master-bddc7a050319718b5e4e0856afec0bc9ea96418f","C:\Users\marco\Desktop\ds004507\derivatives\labels\sub-007\ses-headNormal\anat\sub-007_ses-headNormal_T2w_seg-manual.nii.gz","714","8","","","","","","","","","","","","","","","","","","","","","","","",""
"2026-09-25 17:20:16","git-master-bddc7a050319718b5e4e0856afec0bc9ea96418f","C:\Users\marco\Desktop\ds004507\derivatives\labels\sub-007\ses-headNormal\anat\sub-007_ses-headNormal_T2w_seg-manual.nii.gz","715","8","","","","","","","","","","","","","","","","","","","","","","","",""
"2026-09-25 17:20:16","git-master-bddc7a050319718b5e4e0856afec0bc9ea96418f","C:\Users\marco\Desktop\ds004507\derivatives\labels\sub-007\ses-headNormal\anat\sub-007_ses-headNormal_T2w_seg-manual.nii.gz","716","8","",50.58621633226871,0.0,9.570906404917727,0.0,17.930348327373416,0.0,6.667390304359598,0.0,6.904116052737748,0.0,9.33310682977852,0.0,3.40368975391363,0.0,3.2637005504459675,0.0,0.6728876725713634,0.0,-12.562343055854907,0.0,0.9733333333333334,0.0,""
"2026-09-25 17:20:16","git-master-bddc7a050319718b5e4e0856afec0bc9ea96418f","C:\Users\marco\Desktop\ds004507\derivatives\labels\sub-007\ses-headNormal\anat\sub-007_ses-headNormal_T2w_seg-manual.nii.gz","717","8","",49.25187264944366,0.0,9.383793484203155,0.0,18.069850205238538,0.0,6.679142873337277,0.0,6.880748968882983,0.0,9.029849052075217,0.0,3.3448363504132534,0.0,3.3343065229240234,0.0,0.6472426183693171,0.0,-15.863334020812815,0.0,0.982052030565811,0.0,""
"2026-09-25 17:20:16","git-master-bddc7a050319718b5e4e0856afec0bc9ea96418f","C:\Users\marco\Desktop\ds004507\derivatives\labels\sub-007\ses-headNormal\anat\sub-007_ses-headNormal_T2w_seg-manual.nii.gz","718","8","",51.484769966929704,0.0,9.197656304379677,0.0,18.197573308843523,0.0,6.658133964838443,0.0,6.801726105875617,0.0,9.496785857249057,0.0,3.3779593954058984,0.0,3.2801745694325444,0.0,0.6948964351888821,0.0,-10.537434316551128,0.0,0.9758784574408566,0.0,""
"2026-09-25 17:20:16","git-master-bddc7a050319718b5e4e0856afec0bc9ea96418f","C:\Users\marco\Desktop\ds004507\derivatives\labels\sub-007\ses-headNormal\anat\sub-007_ses-headNormal_T2w_seg-manual.nii.gz","719","8","",51.3625108237224,0.0,9.012501424429427,0.0,18.313562344350622,0.0,6.722922866807756,0.0,6.772039297825546,0.0,9.519859503319378,0.0,3.4472606361732496,0.0,3.275662230634506,0.0,0.7021105173463836,0.0,-8.292527840591864,0.0,0.9667149598688772,0.0,""
"2026-09-25 17:20:16","git-master-bddc7a050319718b5e4e0856afec0bc9ea96418f","C:\Users\marco\Desktop\ds004507\derivatives\labels\sub-007\ses-headNormal\anat\sub-007_ses-headNormal_T2w_seg-manual.nii.gz","720","8","",51.24175038186221,0.0,8.82833529958143,0.0,18.417858691540424,0.0,6.782156163797071,0.0,6.851516264085458,0.0,9.429771323101374,0.0,3.42961341804433,0.0,3.3525427457527406,0.0,0.6870729311441015,0.0,-9.12171146572356,0.0,0.9617812597228584,0.0,""
"2026-09-25 17:20:16","git-master-bddc7a050319718b5e4e0856afec0bc9ea96418f","C:\Users\marco\Desktop\ds004507\derivatives\labels\sub-007\ses-headNormal\anat\sub-007_ses-headNormal_T2w_seg-manual.nii.gz","721","8","",53.09345339870755,0.0,8.645164281524506,0.0,18.510500352281003,0.0,6.79969664956018,0.0,7.005739860789575,0.0,9.594080067932607,0.0,3.3412459659733544,0.0,3.458450683586826,0.0,0.6830860826073932,0.0,-10.739209542340452,0.0,0.9655498915727186,0.0,""
"2026-09-25 17:20:16","git-master-bddc7a050319718b5e4e0856afec0bc9ea96418f","C:\Users\marco\Desktop\ds004507\derivatives\labels\sub-007\ses-headNormal\anat\sub-007_ses-headNormal_T2w_seg-manual.nii.gz","722","8","",53.62207263194239,0.0,8.462994618628638,0.0,18.591521900932207,0.0,6.937354370764249,0.0,7.124319955554137,0.0,9.522435068899181,0.0,3.4135854450016367,0.0,3.5237689257626124,0.0,0.6632767789881329,0.0,-13.950574150399934,0.0,0.9779903989209697,0.0,""
"2026-09-25 17:20:16","git-master-bddc7a050319718b5e4e0856afec0bc9ea96418f","C:\Users\marco\Desktop\ds004507\derivatives\labels\sub-007\ses-headNormal\anat\sub-007_ses-headNormal_T2w_seg-manual.nii.gz","723","8","",55.96499277860613,0.0,8.28198883385203,0.0,18.659177281480254,0.0,7.190654155476903,0.0,7.502029493320937,0.0,9.494815198058713,0.0,3.529272103738215,0.0,3.6613820517386877,0.0,0.6124624526187931,0.0,-7.389450986621399,0.0,0.9581193701971875,0.0,""
"2026-09-25 17:20:16","git-master-bddc7a050319718b5e4e0856afec0bc9ea96418f","C:\Users\marco\Desktop\ds004507\derivatives\labels\sub-007\ses-headNormal\anat\sub-007_ses-headNormal_T2w_seg-manual.nii.gz","724","8","",53.56539716399139,0.0,8.102077692812564,0.0,18.714392573987997,0.0,7.021421685163235,0.0,7.272199102656993,0.0,9.395687709724484,0.0,3.5518362016558283,0.0,3.4695854835074065,0.0,0.6329560074158521,0.0,-9.547295720120177,0.0,0.9763361143789977,0.0,""
"2026-09-25 17:20:16","git-master-bddc7a050319718b5e4e0856afec0bc9ea96418f","C:\Users\marco\Desktop\ds004507\derivatives\labels\sub-007\ses-headNormal\anat\sub-007_ses-headNormal_T2w_seg-manual.nii.gz","725","8","",54.18143108817059,0.0,7.923189413123612,0.0,18.75807818674263,0.0,6.9270660017484005,0.0,7.242032089087574,0.0,9.562558819847814,0.0,3.4399773727189285,0.0,3.487088629029472,0.0,0.6527729878895727,0.0,-9.189285134546354,0.0,0.9743363791324123,0.0,""
"2026-09-25 17:20:16","git-master-bddc7a050319718b5e4e0856afec0bc9ea96418f","C:\Users\marco\Desktop\ds004507\derivatives\labels\sub-007\ses-headNormal\anat\sub-007_ses-headNormal_T2w_seg-manual.nii.gz","726","8","",54.6324695063907,0.0,7.745329703045577,0.0,18.790249795144312,0.0,6.730405048758458,0.0,7.16612668222979,0.0,9.789940497560636,0.0,3.3044934420800436,0.0,3.425911606678414,0.0,0.6803173581810638,0.0,-7.812228428624507,0.0,0.9690902038912902,0.0,""
"2026-09-25 17:20:16","git-master-bddc7a050319718b5e4e0856afec0bc9ea96418f","C:\Users\marco\Desktop\ds004507\derivatives\labels\sub-007\ses-headNormal\anat\sub-007_ses-headNormal_T2w_seg-manual.nii.gz","727","8","",54.04205919896966,0.0,7.568504169991731,0.0,18.810919404420304,0.0,6.604457498577373,0.0,7.023551845452135,0.0,9.911170476817837,0.0,3.301563570139431,0.0,3.302893928437942,0.0,0.705543670075129,0.0,-8.211590285416163,0.0,0.9719281318105671,0.0,""
"2026-09-25 17:20:16","git-master-bddc7a050319718b5e4e0856afec0bc9ea96418f","C:\Users\marco\Desktop\ds004507\derivatives\labels\sub-007\ses-headNormal\anat\sub-007_ses-headNormal_T2w_seg-manual.nii.gz","728","8","",54.82069099673747,0.0,7.392718320915678,0.0,18.8200953359498,0.0,6.912543730353639,0.0,7.094437061466237,0.0,9.911957671826361,0.0,3.481887551641983,0.0,3.4306561787116565,0.0,0.6983498313016752,0.0,-10.687943365596364,0.0,0.9733227378954352,0.0,""
"2026-09-25 17:20:16","git-master-bddc7a050319718b5e4e0856afec0bc9ea96418f","C:\Users\marco\Desktop\ds004507\derivatives\labels\sub-007\ses-headNormal\anat\sub-007_ses-headNormal_T2w_seg-manual.nii.gz","729","8","",52.82807458109501,0.0,7.218058519803399,0.0,18.8168983129857,0.0,6.64770911780012,0.0,6.9766970430554185,0.0,9.702746467492226,0.0,3.3876673642453374,0.0,3.260041753554782,0.0,0.6949587417993701,0.0,-10.983034021134296,0.0,0.9697268554577909,0.0,""
"2026-09-25 17:20:16","git-master-bddc7a050319718b5e4e0856afec0bc9ea96418f","C:\Users\marco\Desktop\ds004507\derivatives\labels\sub-007\ses-headNormal\anat\sub-007_ses-headNormal_T2w_seg-manual.nii.gz","730","8","",54.05054283173025,0.0,7.044613075146615,0.0,18.800442757556855,0.0,6.642301601629624,0.0,6.971615503012489,0.0,9.95115936148864,0.0,3.287822366117118,0.0,3.3544792355125064,0.0,0.7133144111360795,0.0,-13.033406017920726,0.0,0.9579079017096157,0.0,""
"2026-09-25 17:20:16","git-master-bddc7a050319718b5e4e0856afec0bc9ea96418f","C:\Users\marco\Desktop\ds004507\derivatives\labels\sub-007\ses-headNormal\anat\sub-007_ses-headNormal_T2w_seg-manual.nii.gz","731","8","",53.36527971084085,0.0,6.8722262052534235,0.0,18.772488689887332,0.0,6.473018211142473,0.0,6.8093670304355305,0.0,10.084074436176252,0.0,3.2003556444550623,0.0,3.272662566687411,0.0,0.7372047999944155,0.0,-11.845226859833023,0.0,0.9564361748489076,0.0,""
"2026-09-25 17:20:16","git-master-bddc7a050319718b5e4e0856afec0bc9ea96418f","C:\Users\marco\Desktop\ds004507\derivatives\labels\sub-007\ses-headNormal\anat\sub-007_ses-headNormal_T2w_seg-manual.nii.gz","732","8","",53.59741243935964,0.0,6.7009028951095875,0.0,18.73302487890288,0.0,6.35026120845017,0.0,6.715744331427549,0.0,10.287390263499663,0.0,3.179813161870872,0.0,3.1704480465792972,0.0,0.7572189954677906,0.0,-9.483298942721644,0.0,0.9613213152950938,0.0,""
"2026-09-25 17:20:16","git-master-bddc7a050319718b5e4e0856afec0bc9ea96418f","C:\Users\marco\Desktop\ds004507\derivatives\labels\sub-007\ses-headNormal\anat\sub-007_ses-headNormal_T2w_seg-manual.nii.gz","733","8","",53.462848332577984,0.0,6.530648032904507,0.0,18.682036423547416,0.0,6.370456266748472,0.0,6.715941775862841,0.0,10.276764680245497,0.0,3.1767690051060637,0.0,3.1936872616424083,0.0,0.7560670836474566,0.0,-9.189072853458862,0.0,0.9645711001995991,0.0,""
"2026-09-25 17:20:16","git-master-bddc7a050319718b5e4e0856afec0bc9ea96418f","C:\Users\marco\Desktop\ds004507\derivatives\labels\sub-007\ses-headNormal\anat\sub-007_ses-headNormal_T2w_seg-manual.nii.gz","734","8","",51.53033318681752,0.0,6.361466410557518,0.0,18.619504770797366,0.0,6.478430281377221,0.0,6.730604279361085,0.0,9.89836193933663,0.0,3.1419338405228694,0.0,3.3364964408543516,0.0,0.7331970371732944,0.0,-11.05196168249013,0.0,0.9621261867224628,0.0,""
"2026-09-25 17:20:16","git-master-bddc7a050319718b5e4e0856afec0bc9ea96418f","C:\Users\marco\Desktop\ds004507\derivatives\labels\sub-007\ses-headNormal\anat\sub-007_ses-headNormal_T2w_seg-manual.nii.gz","735","8","",53.58175979114159,0.0,6.193362724250193,0.0,18.545407735226373,0.0,6.534929829840435,0.0,6.824195992127416,0.0,10.140237502965414,0.0,3.1950137304439945,0.0,3.33991609939644,0.0,0.7396589777030429,0.0,-7.0187293366556895,0.0,0.9621225656601751,0.0,""
"2026-09-25 17:20:16","git-master-bddc7a050319718b5e4e0856afec0bc9ea96418f","C:\Users\marco\Desktop\ds004507\derivatives\labels\sub-007\ses-headNormal\anat\sub-007_ses-headNormal_T2w_seg-manual.nii.gz","736","7","",56.35709590642517,0.0,5.995323707264333,0.0,18.440462365405704,0.0,6.680211256323425,0.0,6.935661332548391,0.0,10.436486299523015,0.0,3.2526953328585453,0.0,3.4275159234648793,0.0,0.7472357594964557,0.0,-7.853939408063461,0.0,0.9754027368785727,0.0,""
"2026-09-25 17:20:16","git-master-bddc7a050319718b5e4e0856afec0bc9ea96418f","C:\Users\marco\Desktop\ds004507\derivatives\labels\sub-007\ses-headNormal\anat\sub-007_ses-headNormal_T2w_seg-manual.nii.gz","737","7","",58.18279831864674,0.0,5.816735984138445,0.0,18.329587839182405,0.0,6.78847311412762,0.0,7.0492957936318295,0.0,10.577566366337642,0.0,3.267324830770443,0.0,3.521148283357177,0.0,0.7455619626301819,0.0,-7.580536779855895,0.0,0.9646293589945036,0.0,""
"2026-09-25 17:20:16","git-master-bddc7a050319718b5e4e0856afec0bc9ea96418f","C:\Users\marco\Desktop\ds004507\derivatives\labels\sub-007\ses-headNormal\anat\sub-007_ses-headNormal_T2w_seg-manual.nii.gz","738","7","",57.12336850750675,0.0,5.639457909064813,0.0,18.204732655814368,0.0,6.723833003191271,0.0,6.90406124047159,0.0,10.501081612347644,0.0,3.271242249067607,0.0,3.452590754123664,0.0,0.7534810630441089,0.0,-8.053407037463536,0.0,0.9722156683660828,0.0,""
"2026-09-25 17:20:16","git-master-bddc7a050319718b5e4e0856afec0bc9ea96418f","C:\Users\marco\Desktop\ds004507\derivatives\labels\sub-007\ses-headNormal\anat\sub-007_ses-headNormal_T2w_seg-manual.nii.gz","739","7","",57.64977667048021,0.0,5.4634952352828225,0.0,18.06583861286407,0.0,6.863831109869755,0.0,6.95335993673632,0.0,10.434250897858991,0.0,3.359293790548128,0.0,3.504537319321627,0.0,0.7455256177478251,0.0,-8.241534677876063,0.0,0.979256207215519,0.0,""
"2026-09-25 17:20:16","git-master-bddc7a050319718b5e4e0856afec0bc9ea96418f","C:\Users\marco\Desktop\ds004507\derivatives\labels\sub-007\ses-headNormal\anat\sub-007_ses-headNormal_T2w_seg-manual.nii.gz","740","7","",58.423034287649664,0.0,5.288853559693599,0.0,17.912841840863624,0.0,6.9623365317781465,0.0,7.094531652060618,0.0,10.360498867298661,0.0,3.4269339100334313,0.0,3.5354026217447148,0.0,0.7285709913644741,0.0,-9.865794694890035,0.0,0.9790416553135063,0.0,""
"2026-09-25 17:20:16","git-master-bddc7a050319718b5e4e0856afec0bc9ea96418f","C:\Users\marco\Desktop\ds004507\derivatives\labels\sub-007\ses-headNormal\anat\sub-007_ses-headNormal_T2w_seg-manual.nii.gz","741","7","",59.964073384502065,0.0,5.115538324557559,0.0,17.745672968425104,0.0,7.075781392652072,0.0,7.339879998283187,0.0,10.352499235536106,0.0,3.4531279684567906,0.0,3.622653424195281,0.0,0.7049406253436229,0.0,-9.688068816453248,0.0,0.9782186302150587,0.0,""
"2026-09-25 17:20:16","git-master-bddc7a050319718b5e4e0856afec0bc9ea96418f","C:\Users\marco\Desktop\ds004507\derivatives\labels\sub-007\ses-headNormal\anat\sub-007_ses-headNormal_T2w_seg-manual.nii.gz","742","7","",61.122891413380685,0.0,4.943554819228653,0.0,17.564257307106168,0.0,7.204593670799193,0.0,7.54878308148841,0.0,10.361034162120356,0.0,3.455907769886181,0.0,3.7486859009130122,0.0,0.6848839543611657,0.0,-7.337112813260294,0.0,0.9730545631856068,0.0,""
"2026-09-25 17:20:16","git-master-bddc7a050319718b5e4e0856afec0bc9ea96418f","C:\Users\marco\Desktop\ds004507\derivatives\labels\sub-007\ses-headNormal\anat\sub-007_ses-headNormal_T2w_seg-manual.nii.gz","743","7","",61.162380705917435,0.0,4.772908181923579,0.0,17.368515057219657,0.0,7.17612227414901,0.0,7.498746645687761,0.0,10.50122626321564,0.0,3.4554167631095236,0.0,3.7207055110394864,0.0,0.6983413806102831,0.0,-7.311496026171258,0.0,0.9636793329526467,0.0,""
"2026-09-25 17:20:16","git-master-bddc7a050319718b5e4e0856afec0bc9ea96418f","C:\Users\marco\Desktop\ds004507\derivatives\labels\sub-007\ses-headNormal\anat\sub-007_ses-headNormal_T2w_seg-manual.nii.gz","744","7","",61.2872185436081,0.0,4.603603401524332,0.0,17.15836153585796,0.0,7.024063605025096,0.0,7.3041802079678275,0.0,10.784139464717844,0.0,3.4529803009935076,0.0,3.5710833040315877,0.0,0.7357004772515953,0.0,-10.353798790754057,0.0,0.9618799858852521,0.0,""
"2026-09-25 17:20:16","git-master-bddc7a050319718b5e4e0856afec0bc9ea96418f","C:\Users\marco\Desktop\ds004507\derivatives\labels\sub-007\ses-headNormal\anat\sub-007_ses-headNormal_T2w_seg-manual.nii.gz","745","7","",61.79465166804839,0.0,4.4356453194124015,0.0,16.93370742848248,0.0,7.067471263608802,0.0,7.32449084095675,0.0,10.773740803632835,0.0,3.4619259985605084,0.0,3.605545265048293,0.0,0.7333023820974349,0.0,-10.344408313533183,0.0,0.9711082332724238,0.0,""
"2026-09-25 17:20:16","git-master-bddc7a050319718b5e4e0856afec0bc9ea96418f","C:\Users\marco\Desktop\ds004507\derivatives\labels\sub-007\ses-headNormal\anat\sub-007_ses-headNormal_T2w_seg-manual.nii.gz","746","7","",61.005297171522706,0.0,4.269038631332998,0.0,16.69445906550594,0.0,7.148349776363988,0.0,7.279250080696978,0.0,10.575228425474052,0.0,3.5714994232961965,0.0,3.576850353067791,0.0,0.7253981800530545,0.0,-9.7840115966179,0.0,0.9757153209984741,0.0,""
"2026-09-25 17:20:16","git-master-bddc7a050319718b5e4e0856afec0bc9ea96418f","C:\Users\marco\Desktop\ds004507\derivatives\labels\sub-007\ses-headNormal\anat\sub-007_ses-headNormal_T2w_seg-manual.nii.gz","747","7","",62.05152983792722,0.0,4.103787889287664,0.0,16.440518725369156,0.0,7.139089440175525,0.0,7.349151760636092,0.0,10.649222390369534,0.0,3.45421059728773,0.0,3.6848788428877945,0.0,0.7237029763250106,0.0,-11.387558035535072,0.0,0.9749481410563268,0.0,""
"2026-09-25 17:20:16","git-master-bddc7a050319718b5e4e0856afec0bc9ea96418f","C:\Users\marco\Desktop\ds004507\derivatives\labels\sub-007\ses-headNormal\anat\sub-007_ses-headNormal_T2w_seg-manual.nii.gz","748","7","",64.25735133433894,0.0,3.9400492418078117,0.0,16.17012658778289,0.0,7.560424358907237,0.0,7.730921484439338,0.0,10.687760893420137,0.0,3.7533046492034066,0.0,3.80711970970383,0.0,0.6903404730517227,0.0,-10.416229788075368,0.0,0.9738708477694656,0.0,""
"2026-09-25 17:20:16","git-master-bddc7a050319718b5e4e0856afec0bc9ea96418f","C:\Users\marco\Desktop\ds004507\derivatives\labels\sub-007\ses-headNormal\anat\sub-007_ses-headNormal_T2w_seg-manual.nii.gz","749","7","",64.33914138506954,0.0,3.777676239515273,0.0,15.884809049081717,0.0,7.474832292747957,0.0,7.599951680383378,0.0,10.878418571258244,0.0,3.69039308607418,0.0,3.784439206673777,0.0,0.7151384342746256,0.0,-11.815186054862094,0.0,0.9746978087950459,0.0,""
"2026-09-25 17:20:16","git-master-bddc7a050319718b5e4e0856afec0bc9ea96418f","C:\Users\marco\Desktop\ds004507\derivatives\labels\sub-007\ses-headNormal\anat\sub-007_ses-headNormal_T2w_seg-manual.nii.gz","750","7","",64.70243723125822,0.0,3.616672957123599,0.0,15.584457392463735,0.0,7.3605467162909735,0.0,7.422616916928738,0.0,11.107624974310474,0.0,3.6823225258283565,0.0,3.6782241904626165,0.0,0.7435333018817855,0.0,-12.154228290856418,0.0,0.9683415441977637,0.0,""
"2026-09-25 17:20:16","git-master-bddc7a050319718b5e4e0856afec0bc9ea96418f","C:\Users\marco\Desktop\ds004507\derivatives\labels\sub-007\ses-headNormal\anat\sub-007_ses-headNormal_T2w_seg-manual.nii.gz","751","7","",65.37761753889944,0.0,3.457043334776985,0.0,15.268960692129925,0.0,7.246804193195523,0.0,7.257930864112106,0.0,11.372912805172799,0.0,3.6634250368072365,0.0,3.5833791563882866,0.0,0.7694412033436294,0.0,-11.520818256759231,0.0,0.9636237131545793,0.0,""
"2026-09-25 17:20:16","git-master-bddc7a050319718b5e4e0856afec0bc9ea96418f","C:\Users\marco\Desktop\ds004507\derivatives\labels\sub-007\ses-headNormal\anat\sub-007_ses-headNormal_T2w_seg-manual.nii.gz","752","7","",65.05049995398015,0.0,3.2987911800780045,0.0,14.945080113434049,0.0,7.153793166278145,0.0,7.283333748278426,0.0,11.366483374601744,0.0,3.5288600947119355,0.0,3.62493307156621,0.0,0.7674328708335638,0.0,-12.55698387943651,0.0,0.9610449061603226,0.0,""
"2026-09-25 17:20:16","git-master-bddc7a050319718b5e4e0856afec0bc9ea96418f","C:\Users\marco\Desktop\ds004507\derivatives\labels\sub-007\ses-headNormal\anat\sub-007_ses-headNormal_T2w_seg-manual.nii.gz","753","7","",64.95619975472783,0.0,3.1419201701322232,0.0,14.621944322281971,0.0,7.18094707890974,0.0,7.438996678311453,0.0,11.221727311859961,0.0,3.5288976280548097,0.0,3.6520494508549297,0.0,0.7485121248369666,0.0,-13.126099817751467,0.0,0.9642414244754275,0.0,""
"2026-09-25 17:20:16","git-master-bddc7a050319718b5e4e0856afec0bc9ea96418f","C:\Users\marco\Desktop\ds004507\derivatives\labels\sub-007\ses-headNormal\anat\sub-007_ses-headNormal_T2w_seg-manual.nii.gz","754","7","",65.42634890650122,0.0,2.9864338536082755,0.0,14.304175257285179,0.0,7.132911731799303,0.0,7.43365282777652,0.0,11.292160281939356,0.0,3.5524737543860807,0.0,3.580437977413222,0.0,0.7519347590851044,0.0,-12.056371049335409,0.0,0.9641299199765073,0.0,""
"2026-09-25 17:20:16","git-master-bddc7a050319718b5e4e0856afec0bc9ea96418f","C:\Users\marco\Desktop\ds004507\derivatives\labels\sub-007\ses-headNormal\anat\sub-007_ses-headNormal_T2w_seg-manual.nii.gz","755","7","",65.66565168902295,0.0,2.8323356528120005,0.0,13.991841049227585,0.0,6.973307673339509,0.0,7.246983715760436,0.0,11.52710915767223,0.0,3.4288528715903204,0.0,3.544454801749188,0.0,0.7776467322349562,0.0,-11.156568275397722,0.0,0.9594183592744949,0.0,""
"2026-09-25 17:20:16","git-master-bddc7a050319718b5e4e0856afec0bc9ea96418f","C:\Users\marco\Desktop\ds004507\derivatives\labels\sub-007\ses-headNormal\anat\sub-007_ses-headNormal_T2w_seg-manual.nii.gz","756","7","",66.79043077210879,0.0,2.6796288657732443,0.0,13.685007361195703,0.0,7.1231421320792165,0.0,7.228144922387276,0.0,11.631449670957787,0.0,3.523855473380185,0.0,3.599286658699031,0.0,0.783339373361818,0.0,-11.04270626926619,0.0,0.9701635634836095,0.0,""
"2026-09-25 17:20:16","git-master-bddc7a050319718b5e4e0856afec0bc9ea96418f","C:\Users\marco\Desktop\ds004507\derivatives\labels\sub-007\ses-headNormal\anat\sub-007_ses-headNormal_T2w_seg-manual.nii.gz","757","7","",68.05625204546092,0.0,2.5283166683439813,0.0,13.383737416952632,0.0,7.045542895018917,0.0,7.264357374656442,0.0,11.908058327250421,0.0,3.3918061587669928,0.0,3.6537367362519237,0.0,0.7920947328556908,0.0,-13.583334601264427,0.0,0.9638732356272024,0.0,""
"2026-09-25 17:20:16","git-master-bddc7a050319718b5e4e0856afec0bc9ea96418f","C:\Users\marco\Desktop\ds004507\derivatives\labels\sub-007\ses-headNormal\anat\sub-007_ses-headNormal_T2w_seg-manual.nii.gz","758","7","",68.30086354113682,0.0,2.378402116306418,0.0,13.088092032507971,0.0,7.053529983742722,0.0,7.6148657160417645,0.0,11.6417056140507,0.0,3.446066554770576,0.0,3.607463428972146,0.0,0.756406147531593,0.0,-10.29733858907455,0.0,0.9517755976233245,0.0,""
"2026-09-25 17:20:16","git-master-bddc7a050319718b5e4e0856afec0bc9ea96418f","C:\Users\marco\Desktop\ds004507\derivatives\labels\sub-007\ses-headNormal\anat\sub-007_ses-headNormal_T2w_seg-manual.nii.gz","759","7","",67.4460004704119,0.0,2.230044155322717,0.0,12.798768797828794,0.0,7.191035150172334,0.0,7.502277487581724,0.0,11.63575742410225,0.0,3.49267230867633,0.0,3.698362841496004,0.0,0.7643751411394609,0.0,-13.88915844613566,0.0,0.9610121068269167,0.0,""
"2026-09-25 17:20:16","git-master-bddc7a050319718b5e4e0856afec0bc9ea96418f","C:\Users\marco\Desktop\ds004507\derivatives\labels\sub-007\ses-headNormal\anat\sub-007_ses-headNormal_T2w_seg-manual.nii.gz","760","7","",67.8640739217322,0.0,2.08309026483548,0.0,12.515197887431748,0.0,7.1993144186918645,0.0,7.477519292549311,0.0,11.639542189793717,0.0,3.494302164790788,0.0,3.7050122539010766,0.0,0.7663489579307712,0.0,-14.496856867347644,0.0,0.9660048909522997,0.0,""
"2026-09-25 17:20:16","git-master-bddc7a050319718b5e4e0856afec0bc9ea96418f","C:\Users\marco\Desktop\ds004507\derivatives\labels\sub-007\ses-headNormal\anat\sub-007_ses-headNormal_T2w_seg-manual.nii.gz","761","7","",67.7827653297745,0.0,1.9375431059452155,0.0,12.237432159922013,0.0,7.294544757046805,0.0,7.486114408304688,0.0,11.527194830831471,0.0,3.5249417806009253,0.0,3.76960297644588,0.0,0.7603747471754195,0.0,-15.513433663540281,0.0,0.9676949089482911,0.0,""
"2026-09-25 17:20:16","git-master-bddc7a050319718b5e4e0856afec0bc9ea96418f","C:\Users\marco\Desktop\ds004507\derivatives\labels\sub-007\ses-headNormal\anat\sub-007_ses-headNormal_T2w_seg-manual.nii.gz","762","7","",68.8756539701558,0.0,1.7934052296157637,0.0,11.965522251279175,0.0,7.300405224797027,0.0,7.541704879726741,0.0,11.617604696849158,0.0,3.485402880854771,0.0,3.815002343942256,0.0,0.7606274923569936,0.0,-16.48030604798374,0.0,0.9618815909266086,0.0,""
"2026-09-25 17:20:16","git-master-bddc7a050319718b5e4e0856afec0bc9ea96418f","C:\Users\marco\Desktop\ds004507\derivatives\labels\sub-007\ses-headNormal\anat\sub-007_ses-headNormal_T2w_seg-manual.nii.gz","763","7","",70.16753078925868,0.0,1.6506790788141619,0.0,11.699516621140592,0.0,7.362296529770479,0.0,7.617085601581006,0.0,11.761041475525259,0.0,3.5250897182572096,0.0,3.8372068115132696,0.0,0.7619353589114646,0.0,-14.784592305634007,0.0,0.9494991837444866,0.0,""
"2026-09-25 17:20:16","git-master-bddc7a050319718b5e4e0856afec0bc9ea96418f","C:\Users\marco\Desktop\ds004507\derivatives\labels\sub-007\ses-headNormal\anat\sub-007_ses-headNormal_T2w_seg-manual.nii.gz","764","7","",69.65621742308039,0.0,1.5093669906514195,0.0,11.439461600800863,0.0,7.376792992421186,0.0,7.599135691338471,0.0,11.78743532137395,0.0,3.554910296556482,0.0,3.821882695864704,0.0,0.7644464459507707,0.0,-14.7563403548059,0.0,0.951499493940992,0.0,""
"2026-09-25 17:20:16","git-master-bddc7a050319718b5e4e0856afec0bc9ea96418f","C:\Users\marco\Desktop\ds004507\derivatives\labels\sub-007\ses-headNormal\anat\sub-007_ses-headNormal_T2w_seg-manual.nii.gz","765","7","",70.25958475805415,0.0,1.3694711985231187,0.0,11.185401442737518,0.0,7.401434382795921,0.0,7.645307214105836,0.0,11.873008568321616,0.0,3.5345203258758544,0.0,3.866914056920067,0.0,0.7651175048290889,0.0,-16.69630400392834,0.0,0.9621870702470872,0.0,""
"2026-09-25 17:20:16","git-master-bddc7a050319718b5e4e0856afec0bc9ea96418f","C:\Users\marco\Desktop\ds004507\derivatives\labels\sub-007\ses-headNormal\anat\sub-007_ses-headNormal_T2w_seg-manual.nii.gz","766","7","",73.26874941593785,0.0,1.2309938342487838,0.0,10.937378371476546,0.0,7.487748024793806,0.0,7.82405514680582,0.0,12.088745520282492,0.0,3.5329377151680745,0.0,3.954810309625732,0.0,0.7622932752869783,0.0,-16.49942093356777,0.0,0.9581165180898671,0.0,""
"2026-09-25 17:20:16","git-master-bddc7a050319718b5e4e0856afec0bc9ea96418f","C:\Users\marco\Desktop\ds004507\derivatives\labels\sub-007\ses-headNormal\anat\sub-007_ses-headNormal_T2w_seg-manual.nii.gz","767","7","",72.31617336251425,0.0,1.0939369302089827,0.0,10.695432635614853,0.0,7.299600289883019,0.0,7.726774940409628,0.0,12.083416269138597,0.0,3.491987159741024,0.0,3.807613130141995,0.0,0.7688039872313641,0.0,-16.335778627984386,0.0,0.9510242429219501,0.0,""
"2026-09-25 17:20:16","git-master-bddc7a050319718b5e4e0856afec0bc9ea96418f","C:\Users\marco\Desktop\ds004507\derivatives\labels\sub-007\ses-headNormal\anat\sub-007_ses-headNormal_T2w_seg-manual.nii.gz","768","7","",70.69124720927744,0.0,0.958302421479166,0.0,10.459602560820771,0.0,7.2255128927811825,0.0,7.526244929882504,0.0,12.036952086277884,0.0,3.5801680268044844,0.0,3.645344865976699,0.0,0.7803738348520545,0.0,-16.209585332059433,0.0,0.9541176359330705,0.0,""
"2026-09-25 17:20:16","git-master-bddc7a050319718b5e4e0856afec0bc9ea96418f","C:\Users\marco\Desktop\ds004507\derivatives\labels\sub-007\ses-headNormal\anat\sub-007_ses-headNormal_T2w_seg-manual.nii.gz","769","7","",71.3965474617668,0.0,0.824092147959256,0.0,10.229924603637915,0.0,7.153345020172649,0.0,7.448039924567372,0.0,12.208315489615867,0.0,3.423524252802895,0.0,3.729820767369754,0.0,0.792340401612652,0.0,-13.037510309455612,0.0,0.9427727028479312,0.0,""
"2026-09-25 17:20:16","git-master-bddc7a050319718b5e4e0856afec0bc9ea96418f","C:\Users\marco\Desktop\ds004507\derivatives\labels\sub-007\ses-headNormal\anat\sub-007_ses-headNormal_T2w_seg-manual.nii.gz","770","6","",70.41113451711935,0.0,0.6782039632037374,0.0,9.98484539609043,0.0,7.211361220359983,0.0,7.345293203271679,0.0,12.122017004162139,0.0,3.4352111184107486,0.0,3.7761501019492343,0.0,0.7955054345868622,0.0,-12.27019751373139,0.0,0.9663187195546277,0.0,""
"2026-09-25 17:20:16","git-master-bddc7a050319718b5e4e0856afec0bc9ea96418f","C:\Users\marco\Desktop\ds004507\derivatives\labels\sub-007\ses-headNormal\anat\sub-007_ses-headNormal_T2w_seg-manual.nii.gz","771","6","",71.38775850436758,0.0,0.5532801804647277,0.0,9.779039702361606,0.0,7.239023652304959,0.0,7.533200778849744,0.0,12.16199129844537,0.0,3.3669455057537885,0.0,3.872078146551171,0.0,0.7850483740375651,0.0,-12.929630887936298,0.0,0.9623102378761009,0.0,""
"2026-09-25 17:20:16","git-master-bddc7a050319718b5e4e0856afec0bc9ea96418f","C:\Users\marco\Desktop\ds004507\derivatives\labels\sub-007\ses-headNormal\anat\sub-007_ses-headNormal_T2w_seg-manual.nii.gz","772","6","",72.07988409167231,0.0,0.42963787058485714,0.0,9.578846221998283,0.0,7.239791326381033,0.0,7.682206149840391,0.0,12.086635872847465,0.0,3.345515239601811,0.0,3.894276086779222,0.0,0.7719155010293326,0.0,-13.35531084832868,0.0,0.9493536558576522,0.0,""
"2026-09-25 17:20:16","git-master-bddc7a050319718b5e4e0856afec0bc9ea96418f","C:\Users\marco\Desktop\ds004507\derivatives\labels\sub-007\ses-headNormal\anat\sub-007_ses-headNormal_T2w_seg-manual.nii.gz","773","6","",72.52098959172804,0.0,0.30727821579403625,0.0,9.384288585918025,0.0,7.240767829290761,0.0,7.672121407245392,0.0,12.214100250894548,0.0,3.3268501769132426,0.0,3.913917652377519,0.0,0.7779046981075333,0.0,-13.731324914727008,0.0,0.9456131056976335,0.0,""
"2026-09-25 17:20:16","git-master-bddc7a050319718b5e4e0856afec0bc9ea96418f","C:\Users\marco\Desktop\ds004507\derivatives\labels\sub-007\ses-headNormal\anat\sub-007_ses-headNormal_T2w_seg-manual.nii.gz","774","6","",72.92441364635494,0.0,0.18620233753055696,0.0,9.195389289602737,0.0,7.248833374951264,0.0,7.672398504675369,0.0,12.294996405841047,0.0,3.3486958333486947,0.0,3.9001375416025694,0.0,0.7813755414699906,0.0,-13.568764677862706,0.0,0.9453031064959829,0.0,""
"2026-09-25 17:20:16","git-master-bddc7a050319718b5e4e0856afec0bc9ea96418f","C:\Users\marco\Desktop\ds004507\derivatives\labels\sub-007\ses-headNormal\anat\sub-007_ses-headNormal_T2w_seg-manual.nii.gz","775","6","",73.55888388140265,0.0,0.06641129770680643,0.0,9.012169726482973,0.0,7.304005247707388,0.0,7.748580089689007,0.0,12.260787785699641,0.0,3.418280983364067,0.0,3.885724264343321,0.0,0.7749590460346858,0.0,-13.456097229465193,0.0,0.9475839647724758,0.0,""
"2026-09-25 17:20:16","git-master-bddc7a050319718b5e4e0856afec0bc9ea96418f","C:\Users\marco\Desktop\ds004507\derivatives\labels\sub-007\ses-headNormal\anat\sub-007_ses-headNormal_T2w_seg-manual.nii.gz","776","6","",74.12794893002186,0.0,-0.05209390003011351,0.0,8.834650221105584,0.0,7.395168718657831,0.0,7.814813751576684,0.0,12.225305258470668,0.0,3.4968765712772907,0.0,3.89829214738054,0.0,0.7690054264389202,0.0,-13.689293086121273,0.0,0.9549548219348063,0.0,""
"2026-09-25 17:20:16","git-master-bddc7a050319718b5e4e0856afec0bc9ea96418f","C:\Users\marco\Desktop\ds004507\derivatives\labels\sub-007\ses-headNormal\anat\sub-007_ses-headNormal_T2w_seg-manual.nii.gz","777","6","",73.43798111569824,0.0,-0.169312309042991,0.0,8.662850062062773,0.0,7.37971162821678,0.0,7.788967602082805,0.0,12.138167320201935,0.0,3.5476783972677812,0.0,3.832033230949,0.0,0.766950604260117,0.0,-12.48593005909058,0.0,0.9604962768532772,0.0,""
"2026-09-25 17:20:16","git-master-bddc7a050319718b5e4e0856afec0bc9ea96418f","C:\Users\marco\Desktop\ds004507\derivatives\labels\sub-007\ses-headNormal\anat\sub-007_ses-headNormal_T2w_seg-manual.nii.gz","778","6","",72.25092267147514,0.0,-0.28512587799968536,0.0,8.497311189066838,0.0,7.395377406174106,0.0,7.639228023834431,0.0,12.126199934335077,0.0,3.5973647133222917,0.0,3.798012692851813,0.0,0.7766022144060001,0.0,-12.772417993668457,0.0,0.9824712757633748,0.0,""
"2026-09-25 17:20:16","git-master-bddc7a050319718b5e4e0856afec0bc9ea96418f","C:\Users\marco\Desktop\ds004507\derivatives\labels\sub-007\ses-headNormal\anat\sub-007_ses-headNormal_T2w_seg-manual.nii.gz","779","6","",73.91037019290027,0.0,-0.3995335214989895,0.0,8.338056168960486,0.0,7.493784601132244,0.0,7.731752110282846,0.0,12.26586664485611,0.0,3.574615274893834,0.0,3.9191693262384106,0.0,0.7763160364016098,0.0,-11.400180664144656,0.0,0.975519996100979,0.0,""
"2026-09-25 17:20:16","git-master-bddc7a050319718b5e4e0856afec0bc9ea96418f","C:\Users\marco\Desktop\ds004507\derivatives\labels\sub-007\ses-headNormal\anat\sub-007_ses-headNormal_T2w_seg-manual.nii.gz","780","6","",74.60894814866461,0.0,-0.5126515698651339,0.0,8.184578855483783,0.0,7.6026185848938495,0.0,7.73774676946584,0.0,12.336722369479185,0.0,3.619065578187199,0.0,3.9835530067066514,0.0,0.7788378595063211,0.0,-10.08367238883898,0.0,0.9798953251286384,0.0,""
"2026-09-25 17:20:16","git-master-bddc7a050319718b5e4e0856afec0bc9ea96418f","C:\Users\marco\Desktop\ds004507\derivatives\labels\sub-007\ses-headNormal\anat\sub-007_ses-headNormal_T2w_seg-manual.nii.gz","781","6","",74.93118461547154,0.0,-0.6244793335296177,0.0,8.036894016804192,0.0,7.682844192486781,0.0,7.736192811174103,0.0,12.382961007347456,0.0,3.6622161609734727,0.0,4.020628031513309,0.0,0.7808271362392251,0.0,-10.765133475519674,0.0,0.9675809732047652,0.0,""
"2026-09-25 17:20:16","git-master-bddc7a050319718b5e4e0856afec0bc9ea96418f","C:\Users\marco\Desktop\ds004507\derivatives\labels\sub-007\ses-headNormal\anat\sub-007_ses-headNormal_T2w_seg-manual.nii.gz","782","6","",76.40390211367536,0.0,-0.7350161718324896,0.0,7.895015591215704,0.0,7.700780123080622,0.0,7.798183037411374,0.0,12.51455421176604,0.0,3.6393148425486093,0.0,4.061465280532013,0.0,0.7821078967640314,0.0,-10.721656592157524,0.0,0.9559404049472353,0.0,""
"2026-09-25 17:20:16","git-master-bddc7a050319718b5e4e0856afec0bc9ea96418f","C:\Users\marco\Desktop\ds004507\derivatives\labels\sub-007\ses-headNormal\anat\sub-007_ses-headNormal_T2w_seg-manual.nii.gz","783","6","",78.17637556929762,0.0,-0.8442614918262054,0.0,7.758956716106653,0.0,7.646381334457893,0.0,7.906171463987852,0.0,12.622156193004132,0.0,3.5627770845187863,0.0,4.083604249939107,0.0,0.779415632272854,0.0,-9.16030646909614,0.0,0.9593064115280581,0.0,""
"2026-09-25 17:20:16","git-master-bddc7a050319718b5e4e0856afec0bc9ea96418f","C:\Users\marco\Desktop\ds004507\derivatives\labels\sub-007\ses-headNormal\anat\sub-007_ses-headNormal_T2w_seg-manual.nii.gz","784","6","",77.57518924758104,0.0,-0.9522147470868277,0.0,7.6287297563457,0.0,7.5600554952057175,0.0,7.969232866572322,0.0,12.466782695703372,0.0,3.501780747451362,0.0,4.058274747754355,0.0,0.7690100396110967,0.0,-9.263132969063673,0.0,0.9606363289626597,0.0,""
"2026-09-25 17:20:16","git-master-bddc7a050319718b5e4e0856afec0bc9ea96418f","C:\Users\marco\Desktop\ds004507\derivatives\labels\sub-007\ses-headNormal\anat\sub-007_ses-headNormal_T2w_seg-manual.nii.gz","785","6","",76.97212231422645,0.0,-1.0588754365326654,0.0,7.504346332071555,0.0,7.5616720534607,0.0,7.912612410560358,0.0,12.395892742671997,0.0,3.446369077232383,0.0,4.115302976228317,0.0,0.7697666947403236,0.0,-9.332814014734879,0.0,0.9625742824630168,0.0,""
"2026-09-25 17:20:16","git-master-bddc7a050319718b5e4e0856afec0bc9ea96418f","C:\Users\marco\Desktop\ds004507\derivatives\labels\sub-007\ses-headNormal\anat\sub-007_ses-headNormal_T2w_seg-manual.nii.gz","786","6","",76.08151338470135,0.0,-1.1638575085684875,0.0,7.383304801391636,0.0,7.400147979898307,0.0,7.815844688292361,0.0,12.435862174829019,0.0,3.46130197574072,0.0,3.938846004157587,0.0,0.777795881978167,0.0,-8.813627346518032,0.0,0.9708368109265171,0.0,""
"2026-09-25 17:20:16","git-master-bddc7a050319718b5e4e0856afec0bc9ea96418f","C:\Users\marco\Desktop\ds004507\derivatives\labels\sub-007\ses-headNormal\anat\sub-007_ses-headNormal_T2w_seg-manual.nii.gz","787","6","",76.48765709838136,0.0,-1.2672915212691798,0.0,7.262066945348463,0.0,7.378539005764055,0.0,7.805939011455446,0.0,12.562765072704611,0.0,3.4167925579825553,0.0,3.9617464477814996,0.0,0.783501544893327,0.0,-8.89703511970874,0.0,0.970602136949941,0.0,""
"2026-09-25 17:20:16","git-master-bddc7a050319718b5e4e0856afec0bc9ea96418f","C:\Users\marco\Desktop\ds004507\derivatives\labels\sub-007\ses-headNormal\anat\sub-007_ses-headNormal_T2w_seg-manual.nii.gz","788","6","",77.12938672004907,0.0,-1.3691771987601322,0.0,7.1406335141335004,0.0,7.463297837550889,0.0,7.867411392559459,0.0,12.645916165763431,0.0,3.4469181140515253,0.0,4.016379723499364,0.0,0.782912664918706,0.0,-9.066317003022084,0.0,0.9713967622351526,0.0,""
"2026-09-25 17:20:16","git-master-bddc7a050319718b5e4e0856afec0bc9ea96418f","C:\Users\marco\Desktop\ds004507\derivatives\labels\sub-007\ses-headNormal\anat\sub-007_ses-headNormal_T2w_seg-manual.nii.gz","789","6","",77.43473192442063,0.0,-1.4695143103303787,0.0,7.019005266319017,0.0,7.531681908242186,0.0,7.861761118196521,0.0,12.687571709026317,0.0,3.5481703242214464,0.0,3.98351158402074,0.0,0.784857037399296,0.0,-9.23402622136012,0.0,0.9733438065348214,0.0,""
"2026-09-25 17:20:16","git-master-bddc7a050319718b5e4e0856afec0bc9ea96418f","C:\Users\marco\Desktop\ds004507\derivatives\labels\sub-007\ses-headNormal\anat\sub-007_ses-headNormal_T2w_seg-manual.nii.gz","790","6","",77.32140201896188,0.0,-1.568302668846592,0.0,6.897182968863326,0.0,7.624728721305785,0.0,7.884277119112663,0.0,12.566038300677805,0.0,3.675409340355895,0.0,3.949319380949889,0.0,0.7780776816591225,0.0,-9.373034978601943,0.0,0.9676405701780726,0.0,""
"2026-09-25 17:20:16","git-master-bddc7a050319718b5e4e0856afec0bc9ea96418f","C:\Users\marco\Desktop\ds004507\derivatives\labels\sub-007\ses-headNormal\anat\sub-007_ses-headNormal_T2w_seg-manual.nii.gz","791","6","",77.00524481664036,0.0,-1.6655421291831314,0.0,6.775167397115524,0.0,7.79049780449208,0.0,8.043147208087088,0.0,12.275956734694335,0.0,3.7432237376130333,0.0,4.047274066879047,0.0,0.75544531611924,0.0,-9.496494654023241,0.0,0.9530855129281309,0.0,""
"2026-09-25 17:20:16","git-master-bddc7a050319718b5e4e0856afec0bc9ea96418f","C:\Users\marco\Desktop\ds004507\derivatives\labels\sub-007\ses-headNormal\anat\sub-007_ses-headNormal_T2w_seg-manual.nii.gz","792","6","",76.80460171397254,0.0,-1.7612325866682206,0.0,6.652959334819716,0.0,7.825384354987779,0.0,8.085774677242387,0.0,12.241441326210053,0.0,3.6309120227346594,0.0,4.194472332253119,0.0,0.7507962620005862,0.0,-9.834506152228382,0.0,0.9500335642390862,0.0,""
"2026-09-25 17:20:16","git-master-bddc7a050319718b5e4e0856afec0bc9ea96418f","C:\Users\marco\Desktop\ds004507\derivatives\labels\sub-007\ses-headNormal\anat\sub-007_ses-headNormal_T2w_seg-manual.nii.gz","793","6","",77.75653413789207,0.0,-1.855233149479048,0.0,6.530542244463374,0.0,7.830596534989123,0.0,8.119340136907699,0.0,12.395802445440477,0.0,3.5785958864291745,0.0,4.252000648559949,0.0,0.7556147404877285,0.0,-11.040996623197781,0.0,0.9490179261528667,0.0,""
"2026-09-25 17:20:16","git-master-bddc7a050319718b5e4e0856afec0bc9ea96418f","C:\Users\marco\Desktop\ds004507\derivatives\labels\sub-007\ses-headNormal\anat\sub-007_ses-headNormal_T2w_seg-manual.nii.gz","794","6","",78.76585726283255,0.0,-1.947543799482378,0.0,6.407917198242708,0.0,7.8873640528874125,0.0,8.164202467590039,0.0,12.530403142171867,0.0,3.669061559097454,0.0,4.218302493789959,0.0,0.7585954322763907,0.0,-11.606505774875762,0.0,0.9498214248314459,0.0,""
"2026-09-25 17:20:16","git-master-bddc7a050319718b5e4e0856afec0bc9ea96418f","C:\Users\marco\Desktop\ds004507\derivatives\labels\sub-007\ses-headNormal\anat\sub-007_ses-headNormal_T2w_seg-manual.nii.gz","795","6","",80.20923478818405,0.0,-2.038305396836591,0.0,6.285102431317877,0.0,7.903206651102906,0.0,8.28410203823953,0.0,12.581190160608486,0.0,3.7076507317566345,0.0,4.195555919346271,0.0,0.7525944948358014,0.0,-11.226521650371804,0.0,0.9589281210028129,0.0,""
"2026-09-25 17:20:16","git-master-bddc7a050319718b5e4e0856afec0bc9ea96418f","C:\Users\marco\Desktop\ds004507\derivatives\labels\sub-007\ses-headNormal\anat\sub-007_ses-headNormal_T2w_seg-manual.nii.gz","796","6","",81.17181844332988,0.0,-2.127518009267614,0.0,6.162098768251069,0.0,7.825420961938374,0.0,8.206834492298624,0.0,12.803972431646,0.0,3.6855899687599765,0.0,4.139830993178397,0.0,0.7668905264639455,0.0,-11.241935081048481,0.0,0.9628521979906383,0.0,""
"2026-09-25 17:20:16","git-master-bddc7a050319718b5e4e0856afec0bc9ea96418f","C:\Users\marco\Desktop\ds004507\derivatives\labels\sub-007\ses-headNormal\anat\sub-007_ses-headNormal_T2w_seg-manual.nii.gz","797","6","",81.34717764523506,0.0,-2.2151817352106282,0.0,6.038907042011409,0.0,7.753574020251887,0.0,8.07087407188357,0.0,12.986885708833308,0.0,3.635438587331565,0.0,4.118135432920322,0.0,0.7834404539207946,0.0,-11.334214815376924,0.0,0.9571642568736133,0.0,""
"2026-09-25 17:20:16","git-master-bddc7a050319718b5e4e0856afec0bc9ea96418f","C:\Users\marco\Desktop\ds004507\derivatives\labels\sub-007\ses-headNormal\anat\sub-007_ses-headNormal_T2w_seg-manual.nii.gz","798","6","",81.72160599864745,0.0,-2.3012967024128175,0.0,5.915528093974285,0.0,7.829440924229404,0.0,8.098101679514475,0.0,12.988482446977706,0.0,3.6499921124980568,0.0,4.179448811731348,0.0,0.7817911813494752,0.0,-11.098738674658,0.0,0.9542849727387144,0.0,""
"2026-09-25 17:20:16","git-master-bddc7a050319718b5e4e0856afec0bc9ea96418f","C:\Users\marco\Desktop\ds004507\derivatives\labels\sub-007\ses-headNormal\anat\sub-007_ses-headNormal_T2w_seg-manual.nii.gz","799","6","",83.08559457417918,0.0,-2.3858630665533993,0.0,5.791962773920151,0.0,8.031048643294865,0.0,8.2454858230263,0.0,12.979627473213279,0.0,3.7935660266789335,0.0,4.237482616615932,0.0,0.7722903305819376,0.0,-10.730133428389069,0.0,0.9706688614521144,0.0,""
"2026-09-25 17:20:16","git-master-bddc7a050319718b5e4e0856afec0bc9ea96418f","C:\Users\marco\Desktop\ds004507\derivatives\labels\sub-007\ses-headNormal\anat\sub-007_ses-headNormal_T2w_seg-manual.nii.gz","800","6","",81.56359630700659,0.0,-2.4688810098809832,0.0,5.6682119400327515,0.0,7.904446475654261,0.0,8.166605583468144,0.0,12.807054670866547,0.0,3.815100586587512,0.0,4.089345889066749,0.0,0.7703141171153746,0.0,-8.812325713996431,0.0,0.988301242992932,0.0,""
"2026-09-25 17:20:16","git-master-bddc7a050319718b5e4e0856afec0bc9ea96418f","C:\Users\marco\Desktop\ds004507\derivatives\labels\sub-007\ses-headNormal\anat\sub-007_ses-headNormal_T2w_seg-manual.nii.gz","801","5","",81.93853106332148,0.0,-2.5625598182442264,0.0,5.525170991212819,0.0,7.9482382377121406,0.0,8.232712157449983,0.0,12.887983622909374,0.0,3.8646958219577368,0.0,4.083542415754404,0.0,0.7693813251422048,0.0,-10.76569749735599,0.0,0.9843170118520292,0.0,""
"2026-09-25 17:20:16","git-master-bddc7a050319718b5e4e0856afec0bc9ea96418f","C:\Users\marco\Desktop\ds004507\derivatives\labels\sub-007\ses-headNormal\anat\sub-007_ses-headNormal_T2w_seg-manual.nii.gz","802","5","",82.69284841774581,0.0,-2.625512878620145,0.0,5.426658423467145,0.0,7.924141248274286,0.0,8.18445610434107,0.0,13.053367148449977,0.0,3.80359448251838,0.0,4.120546765755907,0.0,0.7788987032072329,0.0,-9.672618751314134,0.0,0.9815662397068238,0.0,""
"2026-09-25 17:20:16","git-master-bddc7a050319718b5e4e0856afec0bc9ea96418f","C:\Users\marco\Desktop\ds004507\derivatives\labels\sub-007\ses-headNormal\anat\sub-007_ses-headNormal_T2w_seg-manual.nii.gz","803","5","",83.31151096603863,0.0,-2.6876745878785995,0.0,5.328052640268254,0.0,7.900078061760385,0.0,8.145367689343297,0.0,13.169907658641073,0.0,3.7788230683385997,0.0,4.121254993421784,0.0,0.7857666412088713,0.0,-8.853204092386378,0.0,0.9796371767575429,0.0,""
"2026-09-25 17:20:16","git-master-bddc7a050319718b5e4e0856afec0bc9ea96418f","C:\Users\marco\Desktop\ds004507\derivatives\labels\sub-007\ses-headNormal\anat\sub-007_ses-headNormal_T2w_seg-manual.nii.gz","804","5","",83.7268335023848,0.0,-2.7490449767918266,0.0,5.2293537355053035,0.0,7.87111899152327,0.0,8.111068111454175,0.0,13.239359034571741,0.0,3.7789064426264534,0.0,4.092212548896816,0.0,0.7903524904092101,0.0,-8.296899717999077,0.0,0.9783691999719614,0.0,""
"2026-09-25 17:20:16","git-master-bddc7a050319718b5e4e0856afec0bc9ea96418f","C:\Users\marco\Desktop\ds004507\derivatives\labels\sub-007\ses-headNormal\anat\sub-007_ses-headNormal_T2w_seg-manual.nii.gz","805","5","",83.23921263702714,0.0,-2.80909675489832,0.0,5.130500410545226,0.0,7.792919393021088,0.0,8.048259920392026,0.0,13.244944195810712,0.0,3.724788324427497,0.0,4.068131068593591,0.0,0.7941961187914679,0.0,-8.091164129732185,0.0,0.9768645081906678,0.0,""
"2026-09-25 17:20:16","git-master-bddc7a050319718b5e4e0856afec0bc9ea96418f","C:\Users\marco\Desktop\ds004507\derivatives\labels\sub-007\ses-headNormal\anat\sub-007_ses-headNormal_T2w_seg-manual.nii.gz","806","5","",83.38330754719021,0.0,-2.868225737387883,0.0,5.031539656519569,0.0,7.765741226606137,0.0,8.05206055826362,0.0,13.300241936010604,0.0,3.7193882209245515,0.0,4.046353005681585,0.0,0.7959141212485312,0.0,-8.145365176102478,0.0,0.9788961791456161,0.0,""
"2026-09-25 17:20:16","git-master-bddc7a050319718b5e4e0856afec0bc9ea96418f","C:\Users\marco\Desktop\ds004507\derivatives\labels\sub-007\ses-headNormal\anat\sub-007_ses-headNormal_T2w_seg-manual.nii.gz","807","5","",83.61335938905178,0.0,-2.926563822758005,0.0,4.9324870126980045,0.0,7.767843326296099,0.0,8.08495822196337,0.0,13.33705254719195,0.0,3.7285150686769786,0.0,4.03932825761912,0.0,0.7952799975867234,0.0,-8.457173167396434,0.0,0.9792696902333274,0.0,""
"2026-09-25 17:20:16","git-master-bddc7a050319718b5e4e0856afec0bc9ea96418f","C:\Users\marco\Desktop\ds004507\derivatives\labels\sub-007\ses-headNormal\anat\sub-007_ses-headNormal_T2w_seg-manual.nii.gz","808","5","",82.6058054293604,0.0,-2.983715774105611,0.0,4.8332971109634855,0.0,7.770508655233869,0.0,8.077512656060216,0.0,13.16283873189033,0.0,3.677738302145987,0.0,4.092770353087882,0.0,0.7895272016262104,0.0,-9.259803921779815,0.0,0.9630879777395662,0.0,""
"2026-09-25 17:20:16","git-master-bddc7a050319718b5e4e0856afec0bc9ea96418f","C:\Users\marco\Desktop\ds004507\derivatives\labels\sub-007\ses-headNormal\anat\sub-007_ses-headNormal_T2w_seg-manual.nii.gz","809","5","",83.96165641708241,0.0,-3.03981368169931,0.0,4.733985980182378,0.0,7.758377345979662,0.0,8.142452785164163,0.0,13.246264370256092,0.0,3.665163143105035,0.0,4.093214202874627,0.0,0.7887535989151842,0.0,-8.77631554350434,0.0,0.958136177000037,0.0,""
"2026-09-25 17:20:16","git-master-bddc7a050319718b5e4e0856afec0bc9ea96418f","C:\Users\marco\Desktop\ds004507\derivatives\labels\sub-007\ses-headNormal\anat\sub-007_ses-headNormal_T2w_seg-manual.nii.gz","810","5","",85.32349679706802,0.0,-3.0951211732148907,0.0,4.634584222711002,0.0,7.74273306240449,0.0,8.205208968869277,0.0,13.339644361608407,0.0,3.6511821342872666,0.0,4.091550928117224,0.0,0.7884267909896104,0.0,-8.004057140658416,0.0,0.956401684630388,0.0,""
"2026-09-25 17:20:16","git-master-bddc7a050319718b5e4e0856afec0bc9ea96418f","C:\Users\marco\Desktop\ds004507\derivatives\labels\sub-007\ses-headNormal\anat\sub-007_ses-headNormal_T2w_seg-manual.nii.gz","811","5","",84.33790394234312,0.0,-3.1493749322760625,0.0,4.535062023112167,0.0,7.73251748549872,0.0,8.189755603170406,0.0,13.201929840590811,0.0,3.5952505852412817,0.0,4.137266900257439,0.0,0.7843122425757566,0.0,-7.747864471616815,0.0,0.9520167694928552,0.0,""
"2026-09-25 17:20:16","git-master-bddc7a050319718b5e4e0856afec0bc9ea96418f","C:\Users\marco\Desktop\ds004507\derivatives\labels\sub-007\ses-headNormal\anat\sub-007_ses-headNormal_T2w_seg-manual.nii.gz","812","5","",84.97733863848593,0.0,-3.202443606098841,0.0,4.4354052214350865,0.0,7.776448425760089,0.0,8.21094963127737,0.0,13.281356456348401,0.0,3.6005436706182357,0.0,4.175904755141854,0.0,0.7859740204382221,0.0,-8.186380674371527,0.0,0.955902451392668,0.0,""
"2026-09-25 17:20:16","git-master-bddc7a050319718b5e4e0856afec0bc9ea96418f","C:\Users\marco\Desktop\ds004507\derivatives\labels\sub-007\ses-headNormal\anat\sub-007_ses-headNormal_T2w_seg-manual.nii.gz","813","5","",85.25530993968658,0.0,-3.2547223899992237,0.0,4.3356590874068415,0.0,7.785279479539521,0.0,8.20694961858874,0.0,13.3527644267521,0.0,3.5907706813796643,0.0,4.194508798159856,0.0,0.788816455576819,0.0,-8.35470244186709,0.0,0.9578080517090375,0.0,""
"2026-09-25 17:20:16","git-master-bddc7a050319718b5e4e0856afec0bc9ea96418f","C:\Users\marco\Desktop\ds004507\derivatives\labels\sub-007\ses-headNormal\anat\sub-007_ses-headNormal_T2w_seg-manual.nii.gz","814","5","",84.26876514106769,0.0,-3.30607973301701,0.0,4.235808967016712,0.0,7.711628753077229,0.0,8.144608270249995,0.0,13.325695992373916,0.0,3.530822481510558,0.0,4.180806271566671,0.0,0.7914786918411881,0.0,-7.780019386405018,0.0,0.9530321659620795,0.0,""
"2026-09-25 17:20:16","git-master-bddc7a050319718b5e4e0856afec0bc9ea96418f","C:\Users\marco\Desktop\ds004507\derivatives\labels\sub-007\ses-headNormal\anat\sub-007_ses-headNormal_T2w_seg-manual.nii.gz","815","5","",82.85036926060536,0.0,-3.356121160294834,0.0,4.135811311701768,0.0,7.473920191369195,0.0,7.971785144337296,0.0,13.359649936409477,0.0,3.4259756423914354,0.0,4.04794454897776,0.0,0.8023256681460207,0.0,-7.617840736403299,0.0,0.9601219416213349,0.0,""
"2026-09-25 17:20:16","git-master-bddc7a050319718b5e4e0856afec0bc9ea96418f","C:\Users\marco\Desktop\ds004507\derivatives\labels\sub-007\ses-headNormal\anat\sub-007_ses-headNormal_T2w_seg-manual.nii.gz","816","5","",82.62066718341664,0.0,-3.4053732569325885,0.0,4.035725649480666,0.0,7.427647151187367,0.0,7.960086574826101,0.0,13.340431278729369,0.0,3.4409754275317095,0.0,3.9866717236556575,0.0,0.8022741496864586,0.0,-6.548656613365414,0.0,0.9687260098089241,0.0,""
"2026-09-25 17:20:16","git-master-bddc7a050319718b5e4e0856afec0bc9ea96418f","C:\Users\marco\Desktop\ds004507\derivatives\labels\sub-007\ses-headNormal\anat\sub-007_ses-headNormal_T2w_seg-manual.nii.gz","817","5","",83.86921979997749,0.0,-3.453836066691054,0.0,3.93555208316315,0.0,7.630783677066477,0.0,8.154995286305589,0.0,13.250082813580807,0.0,3.605178998493264,0.0,4.025604678573212,0.0,0.7881622687047674,0.0,-4.341565394028879,0.0,0.9777233496617681,0.0,""
"2026-09-25 17:20:16","git-master-bddc7a050319718b5e4e0856afec0bc9ea96418f","C:\Users\marco\Desktop\ds004507\derivatives\labels\sub-007\ses-headNormal\anat\sub-007_ses-headNormal_T2w_seg-manual.nii.gz","818","5","",82.63239424122075,0.0,-3.500852340007415,0.0,3.835218502397716,0.0,7.394147006020453,0.0,7.851991477886084,0.0,13.539343745281489,0.0,3.4444328377307483,0.0,3.949714168289705,0.0,0.8138862992861315,0.0,-5.56993410793879,0.0,0.9668704463686426,0.0,""
"2026-09-25 17:20:16","git-master-bddc7a050319718b5e4e0856afec0bc9ea96418f","C:\Users\marco\Desktop\ds004507\derivatives\labels\sub-007\ses-headNormal\anat\sub-007_ses-headNormal_T2w_seg-manual.nii.gz","819","5","",83.02201783425933,0.0,-3.5470798638176793,0.0,3.734798271125591,0.0,7.391055118611257,0.0,7.884695831479229,0.0,13.531306481750294,0.0,3.411067723985595,0.0,3.9799873946256623,0.0,0.8119041572293489,0.0,-5.3375631367877805,0.0,0.9654977713220927,0.0,""
"2026-09-25 17:20:16","git-master-bddc7a050319718b5e4e0856afec0bc9ea96418f","C:\Users\marco\Desktop\ds004507\derivatives\labels\sub-007\ses-headNormal\anat\sub-007_ses-headNormal_T2w_seg-manual.nii.gz","820","5","",84.49585065568682,0.0,-3.5925186835729876,0.0,3.6342914954627323,0.0,7.584866247120161,0.0,8.163739159160432,0.0,13.283130907301175,0.0,3.4910627409688733,0.0,4.093803506151287,0.0,0.7888364529254609,0.0,-4.083133326947187,0.0,0.9714308257645843,0.0,""
"2026-09-25 17:20:16","git-master-bddc7a050319718b5e4e0856afec0bc9ea96418f","C:\Users\marco\Desktop\ds004507\derivatives\labels\sub-007\ses-headNormal\anat\sub-007_ses-headNormal_T2w_seg-manual.nii.gz","821","5","",83.25803282937608,0.0,-3.636643375329554,0.0,3.5336413634483037,0.0,7.801501004503167,0.0,8.108604210950135,0.0,13.111057183938446,0.0,3.6431503400917733,0.0,4.158350664411394,0.0,0.7857978981350762,0.0,-4.780945839051723,0.0,0.9714192730426954,0.0,""
"2026-09-25 17:20:16","git-master-bddc7a050319718b5e4e0856afec0bc9ea96418f","C:\Users\marco\Desktop\ds004507\derivatives\labels\sub-007\ses-headNormal\anat\sub-007_ses-headNormal_T2w_seg-manual.nii.gz","822","5","",82.49459547051785,0.0,-3.6798484972018364,0.0,3.432891632470341,0.0,7.880985003585925,0.0,8.095477119911049,0.0,13.023887361657282,0.0,3.70802440810381,0.0,4.172960595482115,0.0,0.7833380706318113,0.0,-5.208951592635857,0.0,0.9723587002388204,0.0,""
"2026-09-25 17:20:16","git-master-bddc7a050319718b5e4e0856afec0bc9ea96418f","C:\Users\marco\Desktop\ds004507\derivatives\labels\sub-007\ses-headNormal\anat\sub-007_ses-headNormal_T2w_seg-manual.nii.gz","823","5","",81.86649192940654,0.0,-3.7222655077854374,0.0,3.3320567475605944,0.0,7.8800125853238265,0.0,8.10563850937939,0.0,12.959395900444141,0.0,3.7214901809166543,0.0,4.158522404407172,0.0,0.7802067439954511,0.0,-5.25357764206682,0.0,0.973869249835332,0.0,""
"2026-09-25 17:20:16","git-master-bddc7a050319718b5e4e0856afec0bc9ea96418f","C:\Users\marco\Desktop\ds004507\derivatives\labels\sub-007\ses-headNormal\anat\sub-007_ses-headNormal_T2w_seg-manual.nii.gz","824","5","",80.62755508042129,0.0,-3.7635006258438466,0.0,3.231094781578335,0.0,7.869659667496221,0.0,8.11257785697661,0.0,12.778632746970223,0.0,3.7278819910467793,0.0,4.141777676449442,0.0,0.7725655153789983,0.0,-4.266783830432397,0.0,0.9755044733015465,0.0,""
"2026-09-25 17:20:16","git-master-bddc7a050319718b5e4e0856afec0bc9ea96418f","C:\Users\marco\Desktop\ds004507\derivatives\labels\sub-007\ses-headNormal\anat\sub-007_ses-headNormal_T2w_seg-manual.nii.gz","825","5","",81.73928136079543,0.0,-3.803685537888088,0.0,3.1300207297864437,0.0,7.871791632248518,0.0,8.134080938683784,0.0,12.939556854098432,0.0,3.690042347639085,0.0,4.181749284609433,0.0,0.7775168002654775,0.0,-4.712842766927411,0.0,0.9728378206442079,0.0,""
"2026-09-25 17:20:16","git-master-bddc7a050319718b5e4e0856afec0bc9ea96418f","C:\Users\marco\Desktop\ds004507\derivatives\labels\sub-007\ses-headNormal\anat\sub-007_ses-headNormal_T2w_seg-manual.nii.gz","826","5","",83.38719402318422,0.0,-3.8430829316063204,0.0,3.0288629450710594,0.0,7.852157630864181,0.0,8.145950883733228,0.0,13.196884293654927,0.0,3.6291612107582063,0.0,4.222996420105974,0.0,0.7866897510565318,0.0,-5.476976440623237,0.0,0.9645534043356678,0.0,""
"2026-09-25 17:20:16","git-master-bddc7a050319718b5e4e0856afec0bc9ea96418f","C:\Users\marco\Desktop\ds004507\derivatives\labels\sub-007\ses-headNormal\anat\sub-007_ses-headNormal_T2w_seg-manual.nii.gz","827","5","",84.11427390825267,0.0,-3.8814304824693635,0.0,2.9275939583693256,0.0,7.761996170535581,0.0,8.117568730252112,0.0,13.369600025751383,0.0,3.5510675448199893,0.0,4.210928625715591,0.0,0.7945279640901876,0.0,-5.656456665391789,0.0,0.9455901610808106,0.0,""
"2026-09-25 17:20:16","git-master-bddc7a050319718b5e4e0856afec0bc9ea96418f","C:\Users\marco\Desktop\ds004507\derivatives\labels\sub-007\ses-headNormal\anat\sub-007_ses-headNormal_T2w_seg-manual.nii.gz","828","5","",84.65627298164276,0.0,-3.9185973651651,0.0,2.8262008734624873,0.0,7.804872316856243,0.0,8.11072687439355,0.0,13.409353407020468,0.0,3.6107210091964457,0.0,4.194151307659797,0.0,0.7963345434455832,0.0,-5.251493878355502,0.0,0.9459252013962326,0.0,""
"2026-09-25 17:20:16","git-master-bddc7a050319718b5e4e0856afec0bc9ea96418f","C:\Users\marco\Desktop\ds004507\derivatives\labels\sub-007\ses-headNormal\anat\sub-007_ses-headNormal_T2w_seg-manual.nii.gz","829","5","",85.33782455694366,0.0,-3.9549773136520257,0.0,2.7247255069611227,0.0,7.854856471814898,0.0,8.13757987642948,0.0,13.417057245435384,0.0,3.6768234710868954,0.0,4.178033000728002,0.0,0.795063735133268,0.0,-5.428184053786427,0.0,0.9517086818818503,0.0,""
"2026-09-25 17:20:16","git-master-bddc7a050319718b5e4e0856afec0bc9ea96418f","C:\Users\marco\Desktop\ds004507\derivatives\labels\sub-007\ses-headNormal\anat\sub-007_ses-headNormal_T2w_seg-manual.nii.gz","830","5","",86.33556888179675,0.0,-3.990439276005261,0.0,2.6231544080824327,0.0,7.8655427948597705,0.0,8.215022097372003,0.0,13.420381964732808,0.0,3.7006433501711267,0.0,4.164899444688643,0.0,0.7907531337217824,0.0,-6.850050307014637,0.0,0.9595220446102019,0.0,""
"2026-09-25 17:20:16","git-master-bddc7a050319718b5e4e0856afec0bc9ea96418f","C:\Users\marco\Desktop\ds004507\derivatives\labels\sub-007\ses-headNormal\anat\sub-007_ses-headNormal_T2w_seg-manual.nii.gz","831","5","",86.4291730926801,0.0,-4.024590267720351,0.0,2.5214476857432735,0.0,7.867497930507824,0.0,8.25507817277068,0.0,13.371779275497746,0.0,3.712588490621349,0.0,4.154909439886474,0.0,0.7866661833334384,0.0,-6.7826659176454065,0.0,0.9584943490104199,0.0,""
"2026-09-25 17:20:16","git-master-bddc7a050319718b5e4e0856afec0bc9ea96418f","C:\Users\marco\Desktop\ds004507\derivatives\labels\sub-007\ses-headNormal\anat\sub-007_ses-headNormal_T2w_seg-manual.nii.gz","832","5","",85.99066399499573,0.0,-4.057954892155694,0.0,2.4196601632056067,0.0,7.864174062343387,0.0,8.212960599567822,0.0,13.37822036791736,0.0,3.7149693707700084,0.0,4.149204691573378,0.0,0.7892642916798204,0.0,-5.773082936445936,0.0,0.9608994979680638,0.0,""
"2026-09-25 17:20:16","git-master-bddc7a050319718b5e4e0856afec0bc9ea96418f","C:\Users\marco\Desktop\ds004507\derivatives\labels\sub-007\ses-headNormal\anat\sub-007_ses-headNormal_T2w_seg-manual.nii.gz","833","5","",85.02211574070644,0.0,-4.090533192331918,0.0,2.3177919552449877,0.0,7.85556313209158,0.0,8.07672098550838,0.0,13.456945287346485,0.0,3.7072981071928726,0.0,4.148265024898708,0.0,0.7998576323850963,0.0,-3.8115717221618723,0.0,0.9684849873939949,0.0,""
"2026-09-25 17:20:16","git-master-bddc7a050319718b5e4e0856afec0bc9ea96418f","C:\Users\marco\Desktop\ds004507\derivatives\labels\sub-007\ses-headNormal\anat\sub-007_ses-headNormal_T2w_seg-manual.nii.gz","834","4","",84.99288886264031,0.0,-4.135823619770056,0.0,2.1694067086805076,0.0,7.840452250493403,0.0,8.063711547764006,0.0,13.44455516484454,0.0,3.7161553040855724,0.0,4.1242969464078305,0.0,0.8001685069023325,0.0,-4.794009637493917,0.0,0.9506186726659167,0.0,""
"2026-09-25 17:20:16","git-master-bddc7a050319718b5e4e0856afec0bc9ea96418f","C:\Users\marco\Desktop\ds004507\derivatives\labels\sub-007\ses-headNormal\anat\sub-007_ses-headNormal_T2w_seg-manual.nii.gz","835","4","",84.0615671172303,0.0,-4.173019222597272,0.0,2.0414484530692545,0.0,7.735110353357396,0.0,7.961464547083035,0.0,13.490029203870865,0.0,3.6368240028291168,0.0,4.09828635052828,0.0,0.807258030591638,0.0,-4.310975743477967,0.0,0.9489995056028317,0.0,""
"2026-09-25 17:20:16","git-master-bddc7a050319718b5e4e0856afec0bc9ea96418f","C:\Users\marco\Desktop\ds004507\derivatives\labels\sub-007\ses-headNormal\anat\sub-007_ses-headNormal_T2w_seg-manual.nii.gz","836","4","",82.86871805249825,0.0,-4.20870184571207,0.0,1.9133388556566027,0.0,7.655434624208889,0.0,7.964546127699816,0.0,13.37799628436717,0.0,3.5567297261568473,0.0,4.098704898052042,0.0,0.8034350033042981,0.0,-3.951060924799963,0.0,0.943427179960368,0.0,""
"2026-09-25 17:20:16","git-master-bddc7a050319718b5e4e0856afec0bc9ea96418f","C:\Users\marco\Desktop\ds004507\derivatives\labels\sub-007\ses-headNormal\anat\sub-007_ses-headNormal_T2w_seg-manual.nii.gz","837","4","",82.27694000606697,0.0,-4.242871850087637,0.0,1.785079027075023,0.0,7.459999533979275,0.0,7.942208054163882,0.0,13.333033596399424,0.0,3.5126181988172704,0.0,3.9473813351620044,0.0,0.80321891521347,0.0,-3.891683017896994,0.0,0.9501968209499236,0.0,""
"2026-09-25 17:20:16","git-master-bddc7a050319718b5e4e0856afec0bc9ea96418f","C:\Users\marco\Desktop\ds004507\derivatives\labels\sub-007\ses-headNormal\anat\sub-007_ses-headNormal_T2w_seg-manual.nii.gz","838","4","",83.41314840919203,0.0,-4.275529587069359,0.0,1.6566700853646366,0.0,7.57253417267896,0.0,8.03417881496244,0.0,13.352269166100783,0.0,3.5491545604045585,0.0,4.023379612274402,0.0,0.7986536400958605,0.0,-4.634294913070871,0.0,0.9542101527449557,0.0,""
"2026-09-25 17:20:16","git-master-bddc7a050319718b5e4e0856afec0bc9ea96418f","C:\Users\marco\Desktop\ds004507\derivatives\labels\sub-007\ses-headNormal\anat\sub-007_ses-headNormal_T2w_seg-manual.nii.gz","839","4","",84.13005779793022,0.0,-4.306675397903365,0.0,1.5281131559448844,0.0,7.716336596162096,0.0,8.112715512521149,0.0,13.345193682795756,0.0,3.5938475011375477,0.0,4.122489095024548,0.0,0.7939914688751695,0.0,-5.017072210054271,0.0,0.9562024495019253,0.0,""
"2026-09-25 17:20:16","git-master-bddc7a050319718b5e4e0856afec0bc9ea96418f","C:\Users\marco\Desktop\ds004507\derivatives\labels\sub-007\ses-headNormal\anat\sub-007_ses-headNormal_T2w_seg-manual.nii.gz","840","4","",82.08436900386853,0.0,-4.336309613279163,0.0,1.3994093715856653,0.0,7.399513997140992,0.0,7.971142540301397,0.0,13.26019316507559,0.0,3.5627069745051867,0.0,3.8368070226358055,0.0,0.799141040468257,0.0,-3.7712717320794433,0.0,0.9668462880906482,0.0,""
"2026-09-25 17:20:16","git-master-bddc7a050319718b5e4e0856afec0bc9ea96418f","C:\Users\marco\Desktop\ds004507\derivatives\labels\sub-007\ses-headNormal\anat\sub-007_ses-headNormal_T2w_seg-manual.nii.gz","841","4","",81.79415388865903,0.0,-4.3644325528863765,0.0,1.2705598723779399,0.0,7.522225415387292,0.0,7.982038253850227,0.0,13.177399846929076,0.0,3.6075474927988282,0.0,3.9146779225884636,0.0,0.7956624501699885,0.0,-3.2091183584075536,0.0,0.9650963969900058,0.0,""
"2026-09-25 17:20:16","git-master-bddc7a050319718b5e4e0856afec0bc9ea96418f","C:\Users\marco\Desktop\ds004507\derivatives\labels\sub-007\ses-headNormal\anat\sub-007_ses-headNormal_T2w_seg-manual.nii.gz","842","4","",82.10690304216921,0.0,-4.390812132024458,0.0,1.1415438192113256,0.0,7.650993093483632,0.0,8.037683344357063,0.0,13.121310930491628,0.0,3.7470058146623386,0.0,3.9039872788212935,0.0,0.7904093187543962,0.0,-2.160020662344337,0.0,0.9674092826461514,0.0,""
"2026-09-25 17:20:16","git-master-bddc7a050319718b5e4e0856afec0bc9ea96418f","C:\Users\marco\Desktop\ds004507\derivatives\labels\sub-007\ses-headNormal\anat\sub-007_ses-headNormal_T2w_seg-manual.nii.gz","843","4","",82.96197010589876,0.0,-4.415623058675254,0.0,1.0123793572204813,0.0,7.7542835139550785,0.0,8.084421536768224,0.0,13.151454962998086,0.0,3.8511154928182014,0.0,3.9031680211368776,0.0,0.7887482223969664,0.0,-2.564735035665155,0.0,0.9718486039468625,0.0,""
"2026-09-25 17:20:16","git-master-bddc7a050319718b5e4e0856afec0bc9ea96418f","C:\Users\marco\Desktop\ds004507\derivatives\labels\sub-007\ses-headNormal\anat\sub-007_ses-headNormal_T2w_seg-manual.nii.gz","844","4","",84.11830101190559,0.0,-4.438923716699449,0.0,0.8830732067724636,0.0,7.8374113898351,0.0,8.181942514376574,0.0,13.144826127306395,0.0,3.9386777072339343,0.0,3.8987336826011663,0.0,0.7826220593872558,0.0,-2.5913322997556154,0.0,0.977978471441686,0.0,""
"2026-09-25 17:20:16","git-master-bddc7a050319718b5e4e0856afec0bc9ea96418f","C:\Users\marco\Desktop\ds004507\derivatives\labels\sub-007\ses-headNormal\anat\sub-007_ses-headNormal_T2w_seg-manual.nii.gz","845","4","",84.85223746519036,0.0,-4.46071436472991,0.0,0.7536265435718208,0.0,7.8707843562978885,0.0,8.245887432863096,0.0,13.144165466242944,0.0,3.930667729114545,0.0,3.940116627183344,0.0,0.7787439658730759,0.0,-2.2575516721867674,0.0,0.9784273333356028,0.0,""
"2026-09-25 17:20:16","git-master-bddc7a050319718b5e4e0856afec0bc9ea96418f","C:\Users\marco\Desktop\ds004507\derivatives\labels\sub-007\ses-headNormal\anat\sub-007_ses-headNormal_T2w_seg-manual.nii.gz","846","4","",85.28438701089429,0.0,-4.480995247871966,0.0,0.6240405504249583,0.0,7.86951532603247,0.0,8.280797586918187,0.0,13.16250714600716,0.0,3.880790495081292,0.0,3.9887248309511776,0.0,0.7773042502639722,0.0,-1.9796831956918117,0.0,0.9762476045376922,0.0,""
"2026-09-25 17:20:16","git-master-bddc7a050319718b5e4e0856afec0bc9ea96418f","C:\Users\marco\Desktop\ds004507\derivatives\labels\sub-007\ses-headNormal\anat\sub-007_ses-headNormal_T2w_seg-manual.nii.gz","847","4","",85.90724990928727,0.0,-4.4997665974018926,0.0,0.49431641720534186,0.0,7.870668713600877,0.0,8.337511049007407,0.0,13.183013619528518,0.0,3.883479059219197,0.0,3.98718965438168,0.0,0.7746068385345214,0.0,-2.141529534630479,0.0,0.9769690141896535,0.0,""
"2026-09-25 17:20:16","git-master-bddc7a050319718b5e4e0856afec0bc9ea96418f","C:\Users\marco\Desktop\ds004507\derivatives\labels\sub-007\ses-headNormal\anat\sub-007_ses-headNormal_T2w_seg-manual.nii.gz","848","4","",86.50976225650038,0.0,-4.517028630479221,0.0,0.36445534081817343,0.0,7.875689053436682,0.0,8.371531424950247,0.0,13.236043609922488,0.0,3.887022960392569,0.0,3.988666093044113,0.0,0.7745364405190047,0.0,-2.9642195249154675,0.0,0.974344700552589,0.0,""
"2026-09-25 17:20:16","git-master-bddc7a050319718b5e4e0856afec0bc9ea96418f","C:\Users\marco\Desktop\ds004507\derivatives\labels\sub-007\ses-headNormal\anat\sub-007_ses-headNormal_T2w_seg-manual.nii.gz","849","4","",86.82069861895849,0.0,-4.532607450140875,0.0,0.23444305642865895,0.0,7.88022789938892,0.0,8.265320886654436,0.0,13.447968412808265,0.0,3.8895305005958876,0.0,3.9906973987930328,0.0,0.7887707209579444,0.0,-3.5323162705462043,0.0,0.9768115586668119,0.0,""
"2026-09-25 17:20:16","git-master-bddc7a050319718b5e4e0856afec0bc9ea96418f","C:\Users\marco\Desktop\ds004507\derivatives\labels\sub-007\ses-headNormal\anat\sub-007_ses-headNormal_T2w_seg-manual.nii.gz","850","4","",86.28708544372665,0.0,-4.546561338970857,0.0,0.10428639717093753,0.0,7.871633588988712,0.0,8.214759033861844,0.0,13.438896805954453,0.0,3.8853535850710252,0.0,3.9862800039176864,0.0,0.7914241812205816,0.0,-2.17635611646096,0.0,0.9760416404040361,0.0,""
"2026-09-25 17:20:16","git-master-bddc7a050319718b5e4e0856afec0bc9ea96418f","C:\Users\marco\Desktop\ds004507\derivatives\labels\sub-007\ses-headNormal\anat\sub-007_ses-headNormal_T2w_seg-manual.nii.gz","851","4","",86.12462704565931,0.0,-4.559006539469886,0.0,-0.026002984633154855,0.0,7.87069318290083,0.0,8.214881458795734,0.0,13.419156494581873,0.0,3.8203416980241793,0.0,4.05035148487665,0.0,0.7907201717442511,0.0,-2.1094697150591273,0.0,0.9753915200040285,0.0,""
"2026-09-25 17:20:16","git-master-bddc7a050319718b5e4e0856afec0bc9ea96418f","C:\Users\marco\Desktop\ds004507\derivatives\labels\sub-007\ses-headNormal\anat\sub-007_ses-headNormal_T2w_seg-manual.nii.gz","852","4","",85.58009278844193,0.0,-4.569943195018293,0.0,-0.15642385798725375,0.0,7.869309181763839,0.0,8.226102217262698,0.0,13.319289235315953,0.0,3.7843631080405924,0.0,4.084946073723247,0.0,0.7864375573694312,0.0,-1.7579599777056059,0.0,0.9715415612590224,0.0,""
"2026-09-25 17:20:16","git-master-bddc7a050319718b5e4e0856afec0bc9ea96418f","C:\Users\marco\Desktop\ds004507\derivatives\labels\sub-007\ses-headNormal\anat\sub-007_ses-headNormal_T2w_seg-manual.nii.gz","853","4","",85.42762223927971,0.0,-4.579371433398055,0.0,-0.2869749851225312,0.0,7.866545188692645,0.0,8.214774397642994,0.0,13.315101230673317,0.0,3.783575723920259,0.0,4.082969464772385,0.0,0.786900630105222,0.0,-1.0393475439953161,0.0,0.9700540156507117,0.0,""
"2026-09-25 17:20:16","git-master-bddc7a050319718b5e4e0856afec0bc9ea96418f","C:\Users\marco\Desktop\ds004507\derivatives\labels\sub-007\ses-headNormal\anat\sub-007_ses-headNormal_T2w_seg-manual.nii.gz","854","4","",86.11920458636355,0.0,-4.587291366644626,0.0,-0.4176551215383736,0.0,7.86609100348955,0.0,8.201479218645273,0.0,13.449580110334267,0.0,3.781867964261147,0.0,4.0842230392284025,0.0,0.7925323843487718,0.0,-0.8765420102839031,0.0,0.973693755419611,0.0,""
"2026-09-25 17:20:16","git-master-bddc7a050319718b5e4e0856afec0bc9ea96418f","C:\Users\marco\Desktop\ds004507\derivatives\labels\sub-007\ses-headNormal\anat\sub-007_ses-headNormal_T2w_seg-manual.nii.gz","855","4","",86.1165842124429,0.0,-4.593703090912431,0.0,-0.5484630160435816,0.0,7.867549031001328,0.0,8.256166414436723,0.0,13.36500549621816,0.0,3.7809382385889725,0.0,4.086610792412356,0.0,0.7863771246343072,0.0,-1.4649686740355783,0.0,0.9732282899989934,0.0,""
"2026-09-25 17:20:16","git-master-bddc7a050319718b5e4e0856afec0bc9ea96418f","C:\Users\marco\Desktop\ds004507\derivatives\labels\sub-007\ses-headNormal\anat\sub-007_ses-headNormal_T2w_seg-manual.nii.gz","856","4","",86.11369009655215,0.0,-4.598490682283767,0.0,-0.679407011607321,0.0,7.870075255126324,0.0,8.27997947382357,0.0,13.34138412046066,0.0,3.779286806022673,0.0,4.090788449103652,0.0,0.7841076437108392,0.0,-2.1042717005031033,0.0,0.9748553714406548,0.0,""
"2026-09-25 17:20:16","git-master-bddc7a050319718b5e4e0856afec0bc9ea96418f","C:\Users\marco\Desktop\ds004507\derivatives\labels\sub-007\ses-headNormal\anat\sub-007_ses-headNormal_T2w_seg-manual.nii.gz","857","4","",84.36218902045007,0.0,-4.6015962146367695,0.0,-0.8104902189048543,0.0,7.865841185718754,0.0,8.23445137192013,0.0,13.120508975461936,0.0,3.855414564486325,0.0,4.010426621232429,0.0,0.7785007183457908,0.0,-0.8438140686092901,0.0,0.9724539306336072,0.0,""
"2026-09-25 17:20:16","git-master-bddc7a050319718b5e4e0856afec0bc9ea96418f","C:\Users\marco\Desktop\ds004507\derivatives\labels\sub-007\ses-headNormal\anat\sub-007_ses-headNormal_T2w_seg-manual.nii.gz","858","4","",83.9368039071603,0.0,-4.603193734773382,0.0,-0.9416967786103249,0.0,7.864469459672669,0.0,8.285205195745414,0.0,12.983843838754314,0.0,3.8041932900120456,0.0,4.060276169660624,0.0,0.76987321185169,0.0,-0.45240117967259796,0.0,0.9717782492492799,0.0,""
"2026-09-25 17:20:16","git-master-bddc7a050319718b5e4e0856afec0bc9ea96418f","C:\Users\marco\Desktop\ds004507\derivatives\labels\sub-007\ses-headNormal\anat\sub-007_ses-headNormal_T2w_seg-manual.nii.gz","859","4","",84.31514533492515,0.0,-4.603283258937119,0.0,-1.0730254072163727,0.0,7.868670595702241,0.0,8.29087042700061,0.0,13.036493944970562,0.0,3.768167422711294,0.0,4.100503172990947,0.0,0.7716334688553869,0.0,-1.6295872128960855,0.0,0.9701595403407561,0.0,""
"2026-09-25 17:20:16","git-master-bddc7a050319718b5e4e0856afec0bc9ea96418f","C:\Users\marco\Desktop\ds004507\derivatives\labels\sub-007\ses-headNormal\anat\sub-007_ses-headNormal_T2w_seg-manual.nii.gz","860","4","",84.65310774328809,0.0,-4.601864787042252,0.0,-1.204474814823797,0.0,7.871013564770648,0.0,8.272268673173595,0.0,13.121996350497469,0.0,3.764229772473342,0.0,4.106783792297306,0.0,0.776260335074202,0.0,-2.478517847691483,0.0,0.9687511888361798,0.0,""
"2026-09-25 17:20:16","git-master-bddc7a050319718b5e4e0856afec0bc9ea96418f","C:\Users\marco\Desktop\ds004507\derivatives\labels\sub-007\ses-headNormal\anat\sub-007_ses-headNormal_T2w_seg-manual.nii.gz","861","4","",84.73962484578833,0.0,-4.599203727762561,0.0,-1.3357846887492075,0.0,7.871122339286415,0.0,8.268666842855525,0.0,13.153156882970896,0.0,3.759462848955252,0.0,4.111659490331163,0.0,0.7776654506124582,0.0,-2.4908737211786782,0.0,0.9692127335627669,0.0,""
"2026-09-25 17:20:16","git-master-bddc7a050319718b5e4e0856afec0bc9ea96418f","C:\Users\marco\Desktop\ds004507\derivatives\labels\sub-007\ses-headNormal\anat\sub-007_ses-headNormal_T2w_seg-manual.nii.gz","862","4","",84.88622088736109,0.0,-4.595919380690623,0.0,-1.4663494196313949,0.0,7.877719500159776,0.0,8.233663900907237,0.0,13.230012616163936,0.0,3.76827023727084,0.0,4.109449262888936,0.0,0.7827395315393015,0.0,-3.517171100362938,0.0,0.9706668761239066,0.0,""
"2026-09-25 17:20:16","git-master-bddc7a050319718b5e4e0856afec0bc9ea96418f","C:\Users\marco\Desktop\ds004507\derivatives\labels\sub-007\ses-headNormal\anat\sub-007_ses-headNormal_T2w_seg-manual.nii.gz","863","4","",83.94721075787872,0.0,-4.592661530813776,0.0,-1.5954817911029615,0.0,7.8695130787790815,0.0,8.196561713849372,0.0,13.135560271937557,0.0,3.843196681549719,0.0,4.026316397229362,0.0,0.7814255878521257,0.0,-2.4559837341104926,0.0,0.9715104485217044,0.0,""
"2026-09-25 17:20:16","git-master-bddc7a050319718b5e4e0856afec0bc9ea96418f","C:\Users\marco\Desktop\ds004507\derivatives\labels\sub-007\ses-headNormal\anat\sub-007_ses-headNormal_T2w_seg-manual.nii.gz","864","4","",84.21356525467633,0.0,-4.589433123230201,0.0,-1.7230216014147843,0.0,7.864536268565303,0.0,8.213958090535524,0.0,13.125691209921676,0.0,3.838347225622749,0.0,4.026189042942554,0.0,0.7799888609019893,0.0,-1.470874515166825,0.0,0.9793500073578666,0.0,""
"2026-09-25 17:20:16","git-master-bddc7a050319718b5e4e0856afec0bc9ea96418f","C:\Users\marco\Desktop\ds004507\derivatives\labels\sub-007\ses-headNormal\anat\sub-007_ses-headNormal_T2w_seg-manual.nii.gz","865","4","",83.01269765350104,0.0,-4.586230233096729,0.0,-1.849180416682865,0.0,7.863409540620365,0.0,8.151886377952978,0.0,13.033671936986229,0.0,3.830450958623326,0.0,4.032958581997039,0.0,0.7802671889731486,0.0,-1.3614100651133971,0.0,0.9768332900321097,0.0,""
"2026-09-25 17:20:16","git-master-bddc7a050319718b5e4e0856afec0bc9ea96418f","C:\Users\marco\Desktop\ds004507\derivatives\labels\sub-007\ses-headNormal\anat\sub-007_ses-headNormal_T2w_seg-manual.nii.gz","866","4","",82.6552588701655,0.0,-4.583052861075129,0.0,-1.973957663050727,0.0,7.8622055762251355,0.0,8.077143687582558,0.0,13.054519846086938,0.0,3.8223845542575163,0.0,4.039821021967619,0.0,0.7855559969578393,0.0,-1.1275963956167625,0.0,0.9732241795346869,0.0,""
"2026-09-25 17:20:16","git-master-bddc7a050319718b5e4e0856afec0bc9ea96418f","C:\Users\marco\Desktop\ds004507\derivatives\labels\sub-007\ses-headNormal\anat\sub-007_ses-headNormal_T2w_seg-manual.nii.gz","867","4","",82.19381611009084,0.0,-4.57990100782173,0.0,-2.0973528266089625,0.0,7.912988806079391,0.0,8.06177714135889,0.0,12.985323733209894,0.0,3.856591742058744,0.0,4.056397064020648,0.0,0.7837882004830412,0.0,-1.6332459909785362,0.0,0.9646372190071257,0.0,""
"2026-09-25 17:20:16","git-master-bddc7a050319718b5e4e0856afec0bc9ea96418f","C:\Users\marco\Desktop\ds004507\derivatives\labels\sub-007\ses-headNormal\anat\sub-007_ses-headNormal_T2w_seg-manual.nii.gz","868","4","",80.63103102171662,0.0,-4.576774673987433,0.0,-2.219365451928776,0.0,7.849735133693987,0.0,7.978614629752913,0.0,12.914903590399806,0.0,3.768451245577775,0.0,4.081283888116213,0.0,0.7857011753230643,0.0,-2.260298931492705,0.0,0.9579815500479035,0.0,""
"2026-09-25 17:20:16","git-master-bddc7a050319718b5e4e0856afec0bc9ea96418f","C:\Users\marco\Desktop\ds004507\derivatives\labels\sub-007\ses-headNormal\anat\sub-007_ses-headNormal_T2w_seg-manual.nii.gz","869","4","",78.92060197230141,0.0,-4.573673860217723,0.0,-2.3399951406037407,0.0,7.507603763717214,0.0,7.702601094511862,0.0,13.152378807521231,0.0,3.4122554563387792,0.0,4.095348307378435,0.0,0.8105470586374315,0.0,-1.4412607416440069,0.0,0.9673752781725276,0.0,""
"2026-09-25 17:20:16","git-master-bddc7a050319718b5e4e0856afec0bc9ea96418f","C:\Users\marco\Desktop\ds004507\derivatives\labels\sub-007\ses-headNormal\anat\sub-007_ses-headNormal_T2w_seg-manual.nii.gz","870","4","",79.53661867167523,0.0,-4.570598567152682,0.0,-2.4592415497998323,0.0,7.57238710357907,0.0,7.811904692572859,0.0,13.101727318752385,0.0,3.4911056556128517,0.0,4.0812814479662185,0.0,0.8027988276251564,0.0,-2.5291593523931652,0.0,0.971870777545756,0.0,""
"2026-09-25 17:20:16","git-master-bddc7a050319718b5e4e0856afec0bc9ea96418f","C:\Users\marco\Desktop\ds004507\derivatives\labels\sub-007\ses-headNormal\anat\sub-007_ses-headNormal_T2w_seg-manual.nii.gz","871","3","",79.1669027299028,0.0,-4.567062596522635,0.0,-2.5958054733827414,0.0,7.846903250887928,0.0,7.999812275101743,0.0,12.764659943829567,0.0,3.5792730700673547,0.0,4.267630180820573,0.0,0.779248023498645,0.0,-1.2641511584203595,0.0,0.9760516193076064,0.0,""
"2026-09-25 17:20:16","git-master-bddc7a050319718b5e4e0856afec0bc9ea96418f","C:\Users\marco\Desktop\ds004507\derivatives\labels\sub-007\ses-headNormal\anat\sub-007_ses-headNormal_T2w_seg-manual.nii.gz","872","3","",80.09564804648217,0.0,-4.563950923534667,0.0,-2.7154924018240023,0.0,7.953028969022459,0.0,8.139998619583421,0.0,12.650967941673345,0.0,3.574589722767449,0.0,4.37843924625501,0.0,0.7654516648159201,0.0,-2.906543610495657,0.0,0.9629615587717957,0.0,""
"2026-09-25 17:20:16","git-master-bddc7a050319718b5e4e0856afec0bc9ea96418f","C:\Users\marco\Desktop\ds004507\derivatives\labels\sub-007\ses-headNormal\anat\sub-007_ses-headNormal_T2w_seg-manual.nii.gz","873","3","",81.89070986707677,0.0,-4.560866736886422,0.0,-2.833688820548954,0.0,8.329523258245626,0.0,8.346811522746698,0.0,12.590071233724329,0.0,3.9348121442183186,0.0,4.394711114027307,0.0,0.7485293955401707,0.0,-2.01837266610515,0.0,0.9605630234178296,0.0,""
"2026-09-25 17:20:16","git-master-bddc7a050319718b5e4e0856afec0bc9ea96418f","C:\Users\marco\Desktop\ds004507\derivatives\labels\sub-007\ses-headNormal\anat\sub-007_ses-headNormal_T2w_seg-manual.nii.gz","874","3","",81.88273365616325,0.0,-4.557810037277277,0.0,-2.950394640252038,0.0,8.380397165030455,0.0,8.32991433586227,0.0,12.627720608925081,0.0,3.977507743825536,0.0,4.402889421204921,0.0,0.7515147689392075,0.0,-1.7315440642411883,0.0,0.9612434751422758,0.0,""
"2026-09-25 17:20:16","git-master-bddc7a050319718b5e4e0856afec0bc9ea96418f","C:\Users\marco\Desktop\ds004507\derivatives\labels\sub-007\ses-headNormal\anat\sub-007_ses-headNormal_T2w_seg-manual.nii.gz","875","3","",80.44719550801642,0.0,-4.554780825399967,0.0,-3.0656098283612607,0.0,8.072083107321115,0.0,8.110475836140344,0.0,12.74087938607881,0.0,3.772004196991015,0.0,4.300078910330099,0.0,0.7708211862116264,0.0,-1.772440914996297,0.0,0.9670121996800196,0.0,""
"2026-09-25 17:20:16","git-master-bddc7a050319718b5e4e0856afec0bc9ea96418f","C:\Users\marco\Desktop\ds004507\derivatives\labels\sub-007\ses-headNormal\anat\sub-007_ses-headNormal_T2w_seg-manual.nii.gz","876","3","",79.48952656541876,0.0,-4.551779101940602,0.0,-3.179334407078075,0.0,7.842779932535648,0.0,7.989749188826351,0.0,12.777649405315005,0.0,3.6254136485789203,0.0,4.217366283956728,0.0,0.7803639307451333,0.0,-1.9642594644620828,0.0,0.9710758786589754,0.0,""
"2026-09-25 17:20:16","git-master-bddc7a050319718b5e4e0856afec0bc9ea96418f","C:\Users\marco\Desktop\ds004507\derivatives\labels\sub-007\ses-headNormal\anat\sub-007_ses-headNormal_T2w_seg-manual.nii.gz","877","3","",79.24010594034955,0.0,-4.5488048675786805,0.0,-3.291568451437581,0.0,7.837571751458033,0.0,8.012939735814747,0.0,12.715093127113319,0.0,3.647120727285895,0.0,4.190451024172138,0.0,0.7764391553144848,0.0,-2.272504437027744,0.0,0.9735636645913726,0.0,""
"2026-09-25 17:20:16","git-master-bddc7a050319718b5e4e0856afec0bc9ea96418f","C:\Users\marco\Desktop\ds004507\derivatives\labels\sub-007\ses-headNormal\anat\sub-007_ses-headNormal_T2w_seg-manual.nii.gz","878","3","",78.74985845960718,0.0,-4.5458581229871085,0.0,-3.4023120873893276,0.0,7.836937939659282,0.0,7.9814049285615525,0.0,12.669857988293757,0.0,3.7034962482350093,0.0,4.133441691424272,0.0,0.7766323566459766,0.0,-2.3783122517815736,0.0,0.9794714003985737,0.0,""
"2026-09-25 17:20:16","git-master-bddc7a050319718b5e4e0856afec0bc9ea96418f","C:\Users\marco\Desktop\ds004507\derivatives\labels\sub-007\ses-headNormal\anat\sub-007_ses-headNormal_T2w_seg-manual.nii.gz","879","3","",78.6608447655644,0.0,-4.54293886883222,0.0,-3.5115654898989748,0.0,7.8361598299741715,0.0,7.938486439452896,0.0,12.647049216100962,0.0,3.691661095495887,0.0,4.144498734478285,0.0,0.7784560279833082,0.0,-2.1313548976351027,0.0,0.9806360461489074,0.0,""
"2026-09-25 17:20:16","git-master-bddc7a050319718b5e4e0856afec0bc9ea96418f","C:\Users\marco\Desktop\ds004507\derivatives\labels\sub-007\ses-headNormal\anat\sub-007_ses-headNormal_T2w_seg-manual.nii.gz","880","3","",78.00988250950394,0.0,-4.540047105773786,0.0,-3.6193288810710382,0.0,7.823017751446963,0.0,7.926531202163402,0.0,12.563337353230182,0.0,3.678187390616517,0.0,4.144830360830446,0.0,0.7758433364975434,0.0,-2.6011617397057707,0.0,0.977292796770531,0.0,""
"2026-09-25 17:20:16","git-master-bddc7a050319718b5e4e0856afec0bc9ea96418f","C:\Users\marco\Desktop\ds004507\derivatives\labels\sub-007\ses-headNormal\anat\sub-007_ses-headNormal_T2w_seg-manual.nii.gz","881","3","",78.00101956602649,0.0,-4.5371867619805375,0.0,-3.7253897700071525,0.0,7.821011198901785,0.0,7.938451361184629,0.0,12.532431038288692,0.0,3.757467020591197,0.0,4.063544178310589,0.0,0.7737963248998813,0.0,-2.9234390746955192,0.0,0.9682985228785363,0.0,""
"2026-09-25 17:20:16","git-master-bddc7a050319718b5e4e0856afec0bc9ea96418f","C:\Users\marco\Desktop\ds004507\derivatives\labels\sub-007\ses-headNormal\anat\sub-007_ses-headNormal_T2w_seg-manual.nii.gz","882","3","",77.96802682757495,0.0,-4.534353910795779,0.0,-3.829961350942646,0.0,7.9128026898178865,0.0,7.960427667583922,0.0,12.495723882080407,0.0,3.8334034317079255,0.0,4.079399258109961,0.0,0.7708152537200885,0.0,-2.5839014132742655,0.0,0.9558456905733413,0.0,""
"2026-09-25 17:20:16","git-master-bddc7a050319718b5e4e0856afec0bc9ea96418f","C:\Users\marco\Desktop\ds004507\derivatives\labels\sub-007\ses-headNormal\anat\sub-007_ses-headNormal_T2w_seg-manual.nii.gz","883","3","",78.19249635977381,0.0,-4.531548552855818,0.0,-3.9330439992181137,0.0,7.960402646117725,0.0,7.979332234971141,0.0,12.50823621662719,0.0,3.843296624736697,0.0,4.117106021381027,0.0,0.7700974041976851,0.0,-2.8180438471713654,0.0,0.9603493991979376,0.0,""
"2026-09-25 17:20:16","git-master-bddc7a050319718b5e4e0856afec0bc9ea96418f","C:\Users\marco\Desktop\ds004507\derivatives\labels\sub-007\ses-headNormal\anat\sub-007_ses-headNormal_T2w_seg-manual.nii.gz","884","3","",78.50380421236649,0.0,-4.52877068879048,0.0,-4.034638128288624,0.0,8.017974024589702,0.0,8.045264749305296,0.0,12.477400848290065,0.0,3.868385917379503,0.0,4.1495881072101986,0.0,0.7643039647102146,0.0,-2.6400448390881857,0.0,0.9635466795924483,0.0,""
"2026-09-25 17:20:16","git-master-bddc7a050319718b5e4e0856afec0bc9ea96418f","C:\Users\marco\Desktop\ds004507\derivatives\labels\sub-007\ses-headNormal\anat\sub-007_ses-headNormal_T2w_seg-manual.nii.gz","885","3","",78.49437925877845,0.0,-4.526020319223133,0.0,-4.134744187992946,0.0,8.011730432053026,0.0,8.009980733332739,0.0,12.519560011942412,0.0,3.886152676875179,0.0,4.125577755177848,0.0,0.7683276171348237,0.0,-2.6353824958720766,0.0,0.9597214873419155,0.0,""
"2026-09-25 17:20:16","git-master-bddc7a050319718b5e4e0856afec0bc9ea96418f","C:\Users\marco\Desktop\ds004507\derivatives\labels\sub-007\ses-headNormal\anat\sub-007_ses-headNormal_T2w_seg-manual.nii.gz","886","3","",77.4526970250862,0.0,-4.523297444770692,0.0,-4.233362662845414,0.0,7.801433663101657,0.0,7.824119886606458,0.0,12.62096642399559,0.0,3.751560837586614,0.0,4.049872825515044,0.0,0.7845541161490392,0.0,-3.152598405187972,0.0,0.9621637817260589,0.0,""
"2026-09-25 17:20:16","git-master-bddc7a050319718b5e4e0856afec0bc9ea96418f","C:\Users\marco\Desktop\ds004507\derivatives\labels\sub-007\ses-headNormal\anat\sub-007_ses-headNormal_T2w_seg-manual.nii.gz","887","3","",76.18045540004441,0.0,-4.52060206604364,0.0,-4.330494070350571,0.0,7.515011454837826,0.0,7.67421153573375,0.0,12.675361254202507,0.0,3.515691006108422,0.0,3.9993204487294043,0.0,0.7958799740304161,0.0,-3.27400232948743,0.0,0.9740525969751169,0.0,""
"2026-09-25 17:20:16","git-master-bddc7a050319718b5e4e0856afec0bc9ea96418f","C:\Users\marco\Desktop\ds004507\derivatives\labels\sub-007\ses-headNormal\anat\sub-007_ses-headNormal_T2w_seg-manual.nii.gz","888","3","",77.57404732700013,0.0,-4.517934183646051,0.0,-4.42613895934068,0.0,7.601220102722803,0.0,7.728615134011399,0.0,12.804951672631994,0.0,3.5789694642598304,0.0,4.022250638462973,0.0,0.7973045232302999,0.0,-2.3348398935910866,0.0,0.9701885688040672,0.0,""
"2026-09-25 17:20:16","git-master-bddc7a050319718b5e4e0856afec0bc9ea96418f","C:\Users\marco\Desktop\ds004507\derivatives\labels\sub-007\ses-headNormal\anat\sub-007_ses-headNormal_T2w_seg-manual.nii.gz","889","3","",77.56410378769861,0.0,-4.515293798175583,0.0,-4.52029790833617,0.0,7.598680431389747,0.0,7.7497346541193615,0.0,12.706360464674276,0.0,3.5649388881541983,0.0,4.033741543235549,0.0,0.7924707887125305,0.0,-1.1501742447166454,0.0,0.9732369355657027,0.0,""
"2026-09-25 17:20:16","git-master-bddc7a050319718b5e4e0856afec0bc9ea96418f","C:\Users\marco\Desktop\ds004507\derivatives\labels\sub-007\ses-headNormal\anat\sub-007_ses-headNormal_T2w_seg-manual.nii.gz","890","3","",76.91335967324072,0.0,-4.512684838551364,0.0,-4.612759455839086,0.0,7.59723398688408,0.0,7.734323825328289,0.0,12.631164786916678,0.0,3.6396256019606983,0.0,3.957608384923382,0.0,0.7906073515939436,0.0,-0.5243944942522097,0.0,0.9756237760828923,0.0,""
"2026-09-25 17:20:16","git-master-bddc7a050319718b5e4e0856afec0bc9ea96418f","C:\Users\marco\Desktop\ds004507\derivatives\labels\sub-007\ses-headNormal\anat\sub-007_ses-headNormal_T2w_seg-manual.nii.gz","891","3","",78.5064475442921,0.0,-4.51010337722204,0.0,-4.70373652671149,0.0,7.635411758161747,0.0,7.796319884732108,0.0,12.833167378042573,0.0,3.7155151589971354,0.0,3.9198965991646118,0.0,0.7942837894044863,0.0,-1.361044214005906,0.0,0.9731808088883659,0.0,""
"2026-09-25 17:20:16","git-master-bddc7a050319718b5e4e0856afec0bc9ea96418f","C:\Users\marco\Desktop\ds004507\derivatives\labels\sub-007\ses-headNormal\anat\sub-007_ses-headNormal_T2w_seg-manual.nii.gz","892","3","",78.97741691618822,0.0,-4.507549414762368,0.0,-4.793229792057993,0.0,7.6340917776388775,0.0,7.79779132142541,0.0,12.895860062116071,0.0,3.7245862658183224,0.0,3.909505511820555,0.0,0.7964719904409998,0.0,-1.549094983916205,0.0,0.9664897990538643,0.0,""
"2026-09-25 17:20:16","git-master-bddc7a050319718b5e4e0856afec0bc9ea96418f","C:\Users\marco\Desktop\ds004507\derivatives\labels\sub-007\ses-headNormal\anat\sub-007_ses-headNormal_T2w_seg-manual.nii.gz","893","3","",78.56670559532726,0.0,-4.505022951740771,0.0,-4.881239944859872,0.0,7.683273329429628,0.0,7.850610035041038,0.0,12.761955889849247,0.0,3.767206668771887,0.0,3.9160666606577412,0.0,0.7882261379577565,0.0,-1.4782318095926041,0.0,0.9641705584369022,0.0,""
"2026-09-25 17:20:16","git-master-bddc7a050319718b5e4e0856afec0bc9ea96418f","C:\Users\marco\Desktop\ds004507\derivatives\labels\sub-007\ses-headNormal\anat\sub-007_ses-headNormal_T2w_seg-manual.nii.gz","894","3","",77.75544337647935,0.0,-4.502523988719361,0.0,-4.967767698490462,0.0,7.722637978082348,0.0,7.859397882230787,0.0,12.60879803135922,0.0,3.797862320484827,0.0,3.9247756575975212,0.0,0.7819639032087369,0.0,-1.0776101685902653,0.0,0.9668304545605241,0.0,""
"2026-09-25 17:20:16","git-master-bddc7a050319718b5e4e0856afec0bc9ea96418f","C:\Users\marco\Desktop\ds004507\derivatives\labels\sub-007\ses-headNormal\anat\sub-007_ses-headNormal_T2w_seg-manual.nii.gz","895","3","",77.38496659181318,0.0,-4.500052526253948,0.0,-5.052813785253929,0.0,7.748449413977152,0.0,7.826087313503735,0.0,12.56294168506732,0.0,3.8167501798034587,0.0,3.9316992341736934,0.0,0.7822611612910366,0.0,-0.8457395274135613,0.0,0.9708787418737161,0.0,""
"2026-09-25 17:20:16","git-master-bddc7a050319718b5e4e0856afec0bc9ea96418f","C:\Users\marco\Desktop\ds004507\derivatives\labels\sub-007\ses-headNormal\anat\sub-007_ses-headNormal_T2w_seg-manual.nii.gz","896","3","",78.01586229764412,0.0,-4.497608564894059,0.0,-5.1363789549474355,0.0,7.817362351280968,0.0,7.879621743482449,0.0,12.580214875824792,0.0,3.8695861685034667,0.0,3.9477761827775018,0.0,0.7795287551277514,0.0,-1.3521632250076292,0.0,0.974789584389714,0.0,""
"2026-09-25 17:20:16","git-master-bddc7a050319718b5e4e0856afec0bc9ea96418f","C:\Users\marco\Desktop\ds004507\derivatives\labels\sub-007\ses-headNormal\anat\sub-007_ses-headNormal_T2w_seg-manual.nii.gz","897","3","",78.5664829230752,0.0,-4.495192105182944,0.0,-5.218463973446692,0.0,7.8347731424343126,0.0,7.943571392188822,0.0,12.574919455029034,0.0,3.8668702463132267,0.0,3.967902896121086,0.0,0.7752045517667392,0.0,-1.4885532249876268,0.0,0.9783083638663859,0.0,""
"2026-09-25 17:20:16","git-master-bddc7a050319718b5e4e0856afec0bc9ea96418f","C:\Users\marco\Desktop\ds004507\derivatives\labels\sub-007\ses-headNormal\anat\sub-007_ses-headNormal_T2w_seg-manual.nii.gz","898","3","",78.5564942428709,0.0,-4.492803147657604,0.0,-5.2990696213148905,0.0,7.832407201222212,0.0,7.903690429522827,0.0,12.639189055174048,0.0,3.9427410040200246,0.0,3.8896661972021875,0.0,0.7803587540097151,0.0,-1.5437868453459977,0.0,0.9730065928598084,0.0,""
"2026-09-25 17:20:16","git-master-bddc7a050319718b5e4e0856afec0bc9ea96418f","C:\Users\marco\Desktop\ds004507\derivatives\labels\sub-007\ses-headNormal\anat\sub-007_ses-headNormal_T2w_seg-manual.nii.gz","899","3","",77.58587113165649,0.0,-4.490445621907722,0.0,-5.377985621421503,0.0,7.817278743229214,0.0,7.920988877046181,0.0,12.505837758543423,0.0,4.002024414529598,0.0,3.8152543286996163,0.0,0.7738207197070073,0.0,-1.724875341214836,0.0,0.9658835308733813,0.0,""
"2026-09-25 17:20:16","git-master-bddc7a050319718b5e4e0856afec0bc9ea96418f","C:\Users\marco\Desktop\ds004507\derivatives\labels\sub-007\ses-headNormal\anat\sub-007_ses-headNormal_T2w_seg-manual.nii.gz","900","3","",77.99238587283978,0.0,-4.48811559957041,0.0,-5.455424124433586,0.0,8.000024207898118,0.0,8.024199881570429,0.0,12.412859407151764,0.0,4.080052617973919,0.0,3.919971589924198,0.0,0.7628983926917687,0.0,-1.024965095281164,0.0,0.9598491014658962,0.0,""
"2026-09-25 17:20:16","git-master-bddc7a050319718b5e4e0856afec0bc9ea96418f","C:\Users\marco\Desktop\ds004507\derivatives\labels\sub-007\ses-headNormal\anat\sub-007_ses-headNormal_T2w_seg-manual.nii.gz","901","3","",78.3758584205105,0.0,-4.48581308116025,0.0,-5.531385951736488,0.0,8.05115953325164,0.0,8.054800341960721,0.0,12.434860100394669,0.0,4.089097758383571,0.0,3.962061774868071,0.0,0.7618389550068805,0.0,-1.256670068605037,0.0,0.9601026367716562,0.0,""
"2026-09-25 17:20:16","git-master-bddc7a050319718b5e4e0856afec0bc9ea96418f","C:\Users\marco\Desktop\ds004507\derivatives\labels\sub-007\ses-headNormal\anat\sub-007_ses-headNormal_T2w_seg-manual.nii.gz","902","3","",78.68626682024744,0.0,-4.483538067185641,0.0,-5.605871932836361,0.0,8.117006715489566,0.0,8.023801206256012,0.0,12.523443594927002,0.0,4.13154189657224,0.0,3.9854648189173263,0.0,0.7677366049509939,0.0,-1.1089447384293263,0.0,0.9576129929863935,0.0,""
"2026-09-25 17:20:16","git-master-bddc7a050319718b5e4e0856afec0bc9ea96418f","C:\Users\marco\Desktop\ds004507\derivatives\labels\sub-007\ses-headNormal\anat\sub-007_ses-headNormal_T2w_seg-manual.nii.gz","903","3","",77.25004290990964,0.0,-4.481290558148795,0.0,-5.678882904124183,0.0,7.940128555228963,0.0,7.893061407877441,0.0,12.482062388997702,0.0,3.9935330554768673,0.0,3.9465954997520956,0.0,0.7746913012300218,0.0,-1.157860506961001,0.0,0.9569111002647198,0.0,""
"2026-09-25 17:20:16","git-master-bddc7a050319718b5e4e0856afec0bc9ea96418f","C:\Users\marco\Desktop\ds004507\derivatives\labels\sub-007\ses-headNormal\anat\sub-007_ses-headNormal_T2w_seg-manual.nii.gz","904","3","",76.09731447782482,0.0,-4.479070554545762,0.0,-5.7504197076628705,0.0,7.676457200781788,0.0,7.788613760659382,0.0,12.459959686112276,0.0,3.7684932719773063,0.0,3.9079639288044814,0.0,0.7805043611830945,0.0,-1.96756141108076,0.0,0.9628640693496344,0.0,""
"2026-09-25 17:20:16","git-master-bddc7a050319718b5e4e0856afec0bc9ea96418f","C:\Users\marco\Desktop\ds004507\derivatives\labels\sub-007\ses-headNormal\anat\sub-007_ses-headNormal_T2w_seg-manual.nii.gz","905","3","",77.60824934637347,0.0,-4.476878056866437,0.0,-5.820483189997382,0.0,7.746021992007542,0.0,7.850170128271935,0.0,12.612233144911775,0.0,3.7783805746390184,0.0,3.967641417368523,0.0,0.7826316080835246,0.0,-2.812686146661722,0.0,0.9685719201791299,0.0,""
"2026-09-25 17:20:16","git-master-bddc7a050319718b5e4e0856afec0bc9ea96418f","C:\Users\marco\Desktop\ds004507\derivatives\labels\sub-007\ses-headNormal\anat\sub-007_ses-headNormal_T2w_seg-manual.nii.gz","906","3","",77.03893282505805,0.0,-4.474713065594572,0.0,-5.889074200987779,0.0,7.821803268880563,0.0,7.87783706277538,0.0,12.46854025353569,0.0,3.8541928789533513,0.0,3.967610389927212,0.0,0.7751164021858137,0.0,-3.0086555255244174,0.0,0.9640502057483517,0.0,""
"2026-09-25 17:20:16","git-master-bddc7a050319718b5e4e0856afec0bc9ea96418f","C:\Users\marco\Desktop\ds004507\derivatives\labels\sub-007\ses-headNormal\anat\sub-007_ses-headNormal_T2w_seg-manual.nii.gz","907","3","",77.02948595323826,0.0,-4.472575581207796,0.0,-5.95619359266516,0.0,7.8288599695134105,0.0,7.893936986218813,0.0,12.44845409811487,0.0,3.9307878637810107,0.0,3.8980721057323997,0.0,0.7732265298602351,0.0,-2.291336587401871,0.0,0.962884012539185,0.0,""
"2026-09-25 17:20:16","git-master-bddc7a050319718b5e4e0856afec0bc9ea96418f","C:\Users\marco\Desktop\ds004507\derivatives\labels\sub-007\ses-headNormal\anat\sub-007_ses-headNormal_T2w_seg-manual.nii.gz","908","2","",77.01920905659445,0.0,-4.470206277973213,0.0,-6.029812105777042,0.0,7.825044357647654,0.0,7.94466814314417,0.0,12.368909642896355,0.0,3.917374907992041,0.0,3.907669449655613,0.0,0.7664453723649816,0.0,-1.7157917083340741,0.0,0.9691241335853812,0.0,""
"2026-09-25 17:20:16","git-master-bddc7a050319718b5e4e0856afec0bc9ea96418f","C:\Users\marco\Desktop\ds004507\derivatives\labels\sub-007\ses-headNormal\anat\sub-007_ses-headNormal_T2w_seg-manual.nii.gz","909","2","",77.32228176737755,0.0,-4.468183533578904,0.0,-6.091977229576735,0.0,7.831424979747079,0.0,7.944828627263309,0.0,12.416201311220593,0.0,3.992709896262276,0.0,3.838715083484803,0.0,0.7684760233581364,0.0,-2.9698993797248674,0.0,0.9650467633794241,0.0,""
"2026-09-25 17:20:16","git-master-bddc7a050319718b5e4e0856afec0bc9ea96418f","C:\Users\marco\Desktop\ds004507\derivatives\labels\sub-007\ses-headNormal\anat\sub-007_ses-headNormal_T2w_seg-manual.nii.gz","910","2","",77.09758422276337,0.0,-4.466186725775499,0.0,-6.152757637365912,0.0,7.827487154195396,0.0,8.008139805235361,0.0,12.336935382815565,0.0,4.0650798749861705,0.0,3.7624072792092242,0.0,0.7606277124563511,0.0,-2.8581011725149756,0.0,0.9656857098520666,0.0,""
"2026-09-25 17:20:16","git-master-bddc7a050319718b5e4e0856afec0bc9ea96418f","C:\Users\marco\Desktop\ds004507\derivatives\labels\sub-007\ses-headNormal\anat\sub-007_ses-headNormal_T2w_seg-manual.nii.gz","911","2","",77.02370171391267,0.0,-4.464215854966541,0.0,-6.212154090723445,0.0,7.826709265889915,0.0,8.004402384025424,0.0,12.350351017179099,0.0,4.083889764271101,0.0,3.742819501618814,0.0,0.7615207759271057,0.0,-2.185837044325484,0.0,0.9664484709547164,0.0,""
"2026-09-25 17:20:16","git-master-bddc7a050319718b5e4e0856afec0bc9ea96418f","C:\Users\marco\Desktop\ds004507\derivatives\labels\sub-007\ses-headNormal\anat\sub-007_ses-headNormal_T2w_seg-manual.nii.gz","912","2","",76.87858740531752,0.0,-4.462270921550492,0.0,-6.27016734752059,0.0,7.818810507169815,0.0,7.981750539639371,0.0,12.3686564152626,0.0,4.113491380011001,0.0,3.705319127158813,0.0,0.7639114787702916,0.0,-1.9313410261393573,0.0,0.9661879399866484,0.0,""
"2026-09-25 17:20:16","git-master-bddc7a050319718b5e4e0856afec0bc9ea96418f","C:\Users\marco\Desktop\ds004507\derivatives\labels\sub-007\ses-headNormal\anat\sub-007_ses-headNormal_T2w_seg-manual.nii.gz","913","2","",77.4011000101823,0.0,-4.460351925920736,0.0,-6.326798161197813,0.0,7.941364622465546,0.0,8.032468032771162,0.0,12.379533513708592,0.0,4.137758156515744,0.0,3.8036064659498017,0.0,0.7609023386699184,0.0,-2.3877907565045167,0.0,0.9640386424608559,0.0,""
"2026-09-25 17:20:16","git-master-bddc7a050319718b5e4e0856afec0bc9ea96418f","C:\Users\marco\Desktop\ds004507\derivatives\labels\sub-007\ses-headNormal\anat\sub-007_ses-headNormal_T2w_seg-manual.nii.gz","914","2","",78.30845002071219,0.0,-4.458458868465585,0.0,-6.38204728005482,0.0,8.148526570537207,0.0,8.101769866580657,0.0,12.410794249882725,0.0,4.087731860839565,0.0,4.060794709697643,0.0,0.7575117314402643,0.0,-3.409529591495853,0.0,0.959578954286541,0.0,""
"2026-09-25 17:20:16","git-master-bddc7a050319718b5e4e0856afec0bc9ea96418f","C:\Users\marco\Desktop\ds004507\derivatives\labels\sub-007\ses-headNormal\anat\sub-007_ses-headNormal_T2w_seg-manual.nii.gz","915","2","",76.20765504142386,0.0,-4.456591749568293,0.0,-6.435915446553797,0.0,7.8994183980930694,0.0,7.919855834434712,0.0,12.346715768240045,0.0,3.9682117987333476,0.0,3.9312065993597214,0.0,0.7671430894689434,0.0,-4.853196479460572,0.0,0.955544304797642,0.0,""
"2026-09-25 17:20:16","git-master-bddc7a050319718b5e4e0856afec0bc9ea96418f","C:\Users\marco\Desktop\ds004507\derivatives\labels\sub-007\ses-headNormal\anat\sub-007_ses-headNormal_T2w_seg-manual.nii.gz","916","2","",75.2678866326042,0.0,-4.454752927737125,0.0,-6.48827801030968,0.0,7.653152941623113,0.0,7.798557157105794,0.0,12.400253513725907,0.0,3.7603540378083364,0.0,3.8927989038147772,0.0,0.7774660371607667,0.0,-3.7216306637280363,0.0,0.9663913214402251,0.0,""
"2026-09-25 17:20:16","git-master-bddc7a050319718b5e4e0856afec0bc9ea96418f","C:\Users\marco\Desktop\ds004507\derivatives\labels\sub-007\ses-headNormal\anat\sub-007_ses-headNormal_T2w_seg-manual.nii.gz","917","2","",75.15551511291916,0.0,-4.452942403466746,0.0,-6.539135938152169,0.0,7.712162433126176,0.0,7.796077511808289,0.0,12.375962072445493,0.0,3.812437660032992,0.0,3.899724773093184,0.0,0.7766441737151676,0.0,-2.865523249667513,0.0,0.9650052437689519,0.0,""
"2026-09-25 17:20:16","git-master-bddc7a050319718b5e4e0856afec0bc9ea96418f","C:\Users\marco\Desktop\ds004507\derivatives\labels\sub-007\ses-headNormal\anat\sub-007_ses-headNormal_T2w_seg-manual.nii.gz","918","2","",76.33821188880366,0.0,-4.451157819032127,0.0,-6.588615410008232,0.0,7.783323922178596,0.0,7.79578809354188,0.0,12.509777866141336,0.0,3.887435590613537,0.0,3.8958883315650588,0.0,0.7820221961149696,0.0,-2.222273245101362,0.0,0.9642866917088908,0.0,""
"2026-09-25 17:20:16","git-master-bddc7a050319718b5e4e0856afec0bc9ea96418f","C:\Users\marco\Desktop\ds004507\derivatives\labels\sub-007\ses-headNormal\anat\sub-007_ses-headNormal_T2w_seg-manual.nii.gz","919","2","",75.58783678504042,0.0,-4.4493991747920685,0.0,-6.636717129463096,0.0,7.810651854390374,0.0,7.838358138161117,0.0,12.294201842158277,0.0,3.909575030077369,0.0,3.9010768243130043,0.0,0.769765830664268,0.0,-0.7519727750626368,0.0,0.9696473603949469,0.0,""
"2026-09-25 17:20:16","git-master-bddc7a050319718b5e4e0856afec0bc9ea96418f","C:\Users\marco\Desktop\ds004507\derivatives\labels\sub-007\ses-headNormal\anat\sub-007_ses-headNormal_T2w_seg-manual.nii.gz","920","2","",75.55638279860854,0.0,-4.44766647110036,0.0,-6.683441790066664,0.0,7.81243383276811,0.0,7.876739032849169,0.0,12.230898781701516,0.0,3.9366283363487984,0.0,3.8758054964193116,0.0,0.7646757496580208,0.0,-0.8379240789075848,0.0,0.9707939378249053,0.0,""
"2026-09-25 17:20:16","git-master-bddc7a050319718b5e4e0856afec0bc9ea96418f","C:\Users\marco\Desktop\ds004507\derivatives\labels\sub-007\ses-headNormal\anat\sub-007_ses-headNormal_T2w_seg-manual.nii.gz","921","2","",77.4580601539759,0.0,-4.445959708305791,0.0,-6.728790074757355,0.0,7.874862052491516,0.0,7.9093951608664455,0.0,12.492760196997219,0.0,4.010426126764125,0.0,3.8644359257273906,0.0,0.774005896666467,0.0,-2.4096749234766537,0.0,0.9595443582671807,0.0,""
"2026-09-25 17:20:16","git-master-bddc7a050319718b5e4e0856afec0bc9ea96418f","C:\Users\marco\Desktop\ds004507\derivatives\labels\sub-007\ses-headNormal\anat\sub-007_ses-headNormal_T2w_seg-manual.nii.gz","922","2","",77.85972721425516,0.0,-4.444278886752155,0.0,-6.7727626552985996,0.0,8.052378191575238,0.0,8.001262198689059,0.0,12.423434100692926,0.0,4.083119511462864,0.0,3.9692586801123726,0.0,0.7649666304209622,0.0,-1.9241952990683187,0.0,0.945216481177493,0.0,""
"2026-09-25 17:20:16","git-master-bddc7a050319718b5e4e0856afec0bc9ea96418f","C:\Users\marco\Desktop\ds004507\derivatives\labels\sub-007\ses-headNormal\anat\sub-007_ses-headNormal_T2w_seg-manual.nii.gz","923","2","",77.2303554613354,0.0,-4.442624006778261,0.0,-6.815360191727948,0.0,8.103120404345574,0.0,8.021537801512407,0.0,12.305380839893044,0.0,4.122575544588961,0.0,3.9805448597566127,0.0,0.7583286952821083,0.0,-2.182474066318031,0.0,0.9562306261624303,0.0,""
"2026-09-25 17:20:16","git-master-bddc7a050319718b5e4e0856afec0bc9ea96418f","C:\Users\marco\Desktop\ds004507\derivatives\labels\sub-007\ses-headNormal\anat\sub-007_ses-headNormal_T2w_seg-manual.nii.gz","924","2","",78.46914978652687,0.0,-4.440999785515119,0.0,-6.856333606258037,0.0,8.13397499953881,0.0,7.995047684155056,0.0,12.542425646194703,0.0,4.1340500570378484,0.0,3.9999249425009595,0.0,0.7704298285858839,0.0,-2.9038426242543234,0.0,0.9561986417750118,0.0,""
"2026-09-25 17:20:16","git-master-bddc7a050319718b5e4e0856afec0bc9ea96418f","C:\Users\marco\Desktop\ds004507\derivatives\labels\sub-007\ses-headNormal\anat\sub-007_ses-headNormal_T2w_seg-manual.nii.gz","925","2","",76.30586479075576,0.0,-4.439401506636477,0.0,-6.895933530203989,0.0,7.8674124976190445,0.0,7.837705479387527,0.0,12.434085325373022,0.0,3.8580995564871783,0.0,4.009312941131866,0.0,0.7763263878120503,0.0,-2.2860780890438037,0.0,0.9620541489403936,0.0,""
"2026-09-25 17:20:16","git-master-bddc7a050319718b5e4e0856afec0bc9ea96418f","C:\Users\marco\Desktop\ds004507\derivatives\labels\sub-007\ses-headNormal\anat\sub-007_ses-headNormal_T2w_seg-manual.nii.gz","926","2","",76.09235163196222,0.0,-4.4378291704619865,0.0,-6.9341605728002875,0.0,7.805253364788434,0.0,7.810868518858763,0.0,12.433094307806314,0.0,3.81489716719338,0.0,3.990356197595054,0.0,0.7780253095832877,0.0,-3.517897761627467,0.0,0.9676999803410296,0.0,""
"2026-09-25 17:20:16","git-master-bddc7a050319718b5e4e0856afec0bc9ea96418f","C:\Users\marco\Desktop\ds004507\derivatives\labels\sub-007\ses-headNormal\anat\sub-007_ses-headNormal_T2w_seg-manual.nii.gz","927","2","",76.01466794399775,0.0,-4.436282777306353,0.0,-6.971015328761179,0.0,7.825081407867924,0.0,7.835410768379104,0.0,12.376986172460866,0.0,3.8467392294424707,0.0,3.9783421784254536,0.0,0.7740341141905415,0.0,-4.374545954685815,0.0,0.9704284486393788,0.0,""
"2026-09-25 17:20:16","git-master-bddc7a050319718b5e4e0856afec0bc9ea96418f","C:\Users\marco\Desktop\ds004507\derivatives\labels\sub-007\ses-headNormal\anat\sub-007_ses-headNormal_T2w_seg-manual.nii.gz","928","2","",75.79349677070871,0.0,-4.434762327479343,0.0,-7.006498377832883,0.0,7.805904538920389,0.0,7.8162352465454,0.0,12.368880249122011,0.0,3.8551343445552364,0.0,3.9507701943651523,0.0,0.7748408734107712,0.0,-4.284416156079555,0.0,0.969597602348557,0.0,""
"2026-09-25 17:20:16","git-master-bddc7a050319718b5e4e0856afec0bc9ea96418f","C:\Users\marco\Desktop\ds004507\derivatives\labels\sub-007\ses-headNormal\anat\sub-007_ses-headNormal_T2w_seg-manual.nii.gz","929","2","",76.21926279381596,0.0,-4.433267821285792,0.0,-7.039828274338058,0.0,7.75798672971825,0.0,7.750574100870808,0.0,12.53466922485424,0.0,3.8842946581064437,0.0,3.8736920716118064,0.0,0.785917719249044,0.0,-4.515340983246767,0.0,0.9667547630333722,0.0,""
"2026-09-25 17:20:16","git-master-bddc7a050319718b5e4e0856afec0bc9ea96418f","C:\Users\marco\Desktop\ds004507\derivatives\labels\sub-007\ses-headNormal\anat\sub-007_ses-headNormal_T2w_seg-manual.nii.gz","930","2","",74.96960992235105,0.0,-4.431799259025605,0.0,-7.0686596732831495,0.0,7.677811106872009,0.0,7.687116322445611,0.0,12.422883153500642,0.0,3.8660778536123015,0.0,3.8117332532597077,0.0,0.7855524693318459,0.0,-4.771797222362988,0.0,0.9655764827733705,0.0,""
"2026-09-25 17:20:16","git-master-bddc7a050319718b5e4e0856afec0bc9ea96418f","C:\Users\marco\Desktop\ds004507\derivatives\labels\sub-007\ses-headNormal\anat\sub-007_ses-headNormal_T2w_seg-manual.nii.gz","931","2","",73.72139991964403,0.0,-4.430358999594887,0.0,-7.089742079454282,0.0,7.66825192620992,0.0,7.654966292615405,0.0,12.26844585688812,0.0,3.780145961249752,0.0,3.888105964960168,0.0,0.7814531312097285,0.0,-3.510357518751842,0.0,0.9658839442226188,0.0,""
"2026-09-25 17:20:16","git-master-bddc7a050319718b5e4e0856afec0bc9ea96418f","C:\Users\marco\Desktop\ds004507\derivatives\labels\sub-007\ses-headNormal\anat\sub-007_ses-headNormal_T2w_seg-manual.nii.gz","932","2","",74.74909284238099,0.0,-4.428947043377601,0.0,-7.103077934923331,0.0,7.8635547070241305,0.0,7.871104398182676,0.0,12.136403553410766,0.0,3.8423742593274235,0.0,4.021180447696707,0.0,0.7609545623413914,0.0,-4.593881262068049,0.0,0.961374413723757,0.0,""
"2026-09-25 17:20:16","git-master-bddc7a050319718b5e4e0856afec0bc9ea96418f","C:\Users\marco\Desktop\ds004507\derivatives\labels\sub-007\ses-headNormal\anat\sub-007_ses-headNormal_T2w_seg-manual.nii.gz","933","2","",74.80980296520887,0.0,-4.427561032085597,0.0,-7.109314016017902,0.0,7.713594648813155,0.0,7.7428328277663745,0.0,12.372224000440077,0.0,3.715161803933621,0.0,3.998432844879533,0.0,0.7792816744126321,0.0,-6.327586727813138,0.0,0.9655706705586315,0.0,""
"2026-09-25 17:20:16","git-master-bddc7a050319718b5e4e0856afec0bc9ea96418f","C:\Users\marco\Desktop\ds004507\derivatives\labels\sub-007\ses-headNormal\anat\sub-007_ses-headNormal_T2w_seg-manual.nii.gz","934","2","",74.89164671571564,0.0,-4.426200965994951,0.0,-7.108450780048566,0.0,7.66885428751552,0.0,7.747235812482685,0.0,12.367713684298197,0.0,3.6872857849263303,0.0,3.98156850258919,0.0,0.7791812472275073,0.0,-5.571660947472816,0.0,0.9682836307587491,0.0,""
"2026-09-25 17:20:16","git-master-bddc7a050319718b5e4e0856afec0bc9ea96418f","C:\Users\marco\Desktop\ds004507\derivatives\labels\sub-007\ses-headNormal\anat\sub-007_ses-headNormal_T2w_seg-manual.nii.gz","935","2","",75.49173974151138,0.0,-4.424866845376856,0.0,-7.100488113883519,0.0,7.75090986938611,0.0,7.80306846424272,0.0,12.35897510755829,0.0,3.767138471835678,0.0,3.983771397550431,0.0,0.7752946622824504,0.0,-4.122846129910444,0.0,0.9662463620872732,0.0,""
"2026-09-25 17:20:16","git-master-bddc7a050319718b5e4e0856afec0bc9ea96418f","C:\Users\marco\Desktop\ds004507\derivatives\labels\sub-007\ses-headNormal\anat\sub-007_ses-headNormal_T2w_seg-manual.nii.gz","936","2","",76.23675909140836,0.0,-4.423558670497627,0.0,-7.085425334706363,0.0,7.807879709096632,0.0,7.784698874176021,0.0,12.505028372452754,0.0,3.829378592588298,0.0,3.9785011165083337,0.0,0.7825632364233531,0.0,-3.9050990485366857,0.0,0.9631669256313078,0.0,""
"2026-09-25 17:20:16","git-master-bddc7a050319718b5e4e0856afec0bc9ea96418f","C:\Users\marco\Desktop\ds004507\derivatives\labels\sub-007\ses-headNormal\anat\sub-007_ses-headNormal_T2w_seg-manual.nii.gz","937","2","",76.5517005789797,0.0,-4.422276441618701,0.0,-7.063261192356231,0.0,7.824731735551977,0.0,7.851903577156235,0.0,12.452820000920704,0.0,3.8324254265359734,0.0,3.9923063090160045,0.0,0.7761625687109326,0.0,-4.055547433883734,0.0,0.9641102717706114,0.0,""
"2026-09-25 17:20:16","git-master-bddc7a050319718b5e4e0856afec0bc9ea96418f","C:\Users\marco\Desktop\ds004507\derivatives\labels\sub-007\ses-headNormal\anat\sub-007_ses-headNormal_T2w_seg-manual.nii.gz","938","2","",76.86821215382169,0.0,-4.421020158996648,0.0,-7.033993873250748,0.0,7.831693646616831,0.0,7.8650168288810125,0.0,12.492951663046743,0.0,3.8405968605795695,0.0,3.991096786037261,0.0,0.7769548406641987,0.0,-4.689125586281842,0.0,0.9695322376738306,0.0,""
"2026-09-25 17:20:16","git-master-bddc7a050319718b5e4e0856afec0bc9ea96418f","C:\Users\marco\Desktop\ds004507\derivatives\labels\sub-007\ses-headNormal\anat\sub-007_ses-headNormal_T2w_seg-manual.nii.gz","939","1","",75.79784755825152,0.0,-4.419605983801627,0.0,-6.990533529281808,0.0,7.852852455109767,0.0,7.845307650184283,0.0,12.3233600066763,0.0,3.9621307852919267,0.0,3.8907216698178404,0.0,0.7711769715575973,0.0,-6.3118120081148925,0.0,0.9646503318019398,0.0,""
"2026-09-25 17:20:16","git-master-bddc7a050319718b5e4e0856afec0bc9ea96418f","C:\Users\marco\Desktop\ds004507\derivatives\labels\sub-007\ses-headNormal\anat\sub-007_ses-headNormal_T2w_seg-manual.nii.gz","940","1","",78.22515944664858,0.0,-4.418432542855548,0.0,-6.945294316880465,0.0,8.030501418836048,0.0,8.018610841679777,0.0,12.45353465924453,0.0,4.048393617774471,0.0,3.9821078010615776,0.0,0.7651254955971666,0.0,-4.24885222436952,0.0,0.9559375705619941,0.0,""
"2026-09-25 17:20:16","git-master-bddc7a050319718b5e4e0856afec0bc9ea96418f","C:\Users\marco\Desktop\ds004507\derivatives\labels\sub-007\ses-headNormal\anat\sub-007_ses-headNormal_T2w_seg-manual.nii.gz","941","1","",78.90969778945251,0.0,-4.417283944927201,0.0,-6.89324290389355,0.0,8.060972269959592,0.0,8.043222098640369,0.0,12.527533450585262,0.0,4.0719492409888,0.0,3.989023028970792,0.0,0.7666591791417542,0.0,-3.733487270484663,0.0,0.9521872494065093,0.0,""
"2026-09-25 17:20:16","git-master-bddc7a050319718b5e4e0856afec0bc9ea96418f","C:\Users\marco\Desktop\ds004507\derivatives\labels\sub-007\ses-headNormal\anat\sub-007_ses-headNormal_T2w_seg-manual.nii.gz","942","1","",78.0329766325958,0.0,-4.416160190230145,0.0,-6.834375099921624,0.0,8.087623546856339,0.0,8.003970570685645,0.0,12.46390706857551,0.0,4.1355275737604344,0.0,3.9520959730959055,0.0,0.7665521443656611,0.0,-4.0951098824407985,0.0,0.948595496690973,0.0,""
"2026-09-25 17:20:16","git-master-bddc7a050319718b5e4e0856afec0bc9ea96418f","C:\Users\marco\Desktop\ds004507\derivatives\labels\sub-007\ses-headNormal\anat\sub-007_ses-headNormal_T2w_seg-manual.nii.gz","943","1","",76.80557950185646,0.0,-4.415061278973757,0.0,-6.768686298770868,0.0,8.138239599780915,0.0,8.004486624551763,0.0,12.28553839015457,0.0,4.12888212165107,0.0,4.0093574781298456,0.0,0.7584060588194778,0.0,-4.421886594480933,0.0,0.9504705420522687,0.0,""
"2026-09-25 17:20:16","git-master-bddc7a050319718b5e4e0856afec0bc9ea96418f","C:\Users\marco\Desktop\ds004507\derivatives\labels\sub-007\ses-headNormal\anat\sub-007_ses-headNormal_T2w_seg-manual.nii.gz","944","1","",76.36639241346985,0.0,-4.41398721136323,0.0,-6.696171493817869,0.0,8.089437253981256,0.0,8.04409052220205,0.0,12.17240202471175,0.0,3.9911499754930158,0.0,4.0982872784882405,0.0,0.750459686299117,0.0,-4.118781819011462,0.0,0.959394132936719,0.0,""
"2026-09-25 17:20:16","git-master-bddc7a050319718b5e4e0856afec0bc9ea96418f","C:\Users\marco\Desktop\ds004507\derivatives\labels\sub-007\ses-headNormal\anat\sub-007_ses-headNormal_T2w_seg-manual.nii.gz","945","1","",76.82867617735825,0.0,-4.41293798759958,0.0,-6.616825294261726,0.0,7.8236427955240355,0.0,8.023719009279626,0.0,12.302759024865242,0.0,3.8283587465281266,0.0,3.9952840489959085,0.0,0.7580563833901324,0.0,-3.256494204087482,0.0,0.9682591110625552,0.0,""
"2026-09-25 17:20:16","git-master-bddc7a050319718b5e4e0856afec0bc9ea96418f","C:\Users\marco\Desktop\ds004507\derivatives\labels\sub-007\ses-headNormal\anat\sub-007_ses-headNormal_T2w_seg-manual.nii.gz","946","1","",75.97946641611229,0.0,-4.411915113594829,0.0,-6.530227059634125,0.0,7.829018670745549,0.0,7.97718581657483,0.0,12.222681772476001,0.0,3.845166347727052,0.0,3.9838523230184975,0.0,0.7576556734619261,0.0,-2.8051153944766023,0.0,0.9689685910416935,0.0,""
"2026-09-25 17:20:16","git-master-bddc7a050319718b5e4e0856afec0bc9ea96418f","C:\Users\marco\Desktop\ds004507\derivatives\labels\sub-007\ses-headNormal\anat\sub-007_ses-headNormal_T2w_seg-manual.nii.gz","947","1","",76.83762421578474,0.0,-4.4109208481784545,0.0,-6.435746055135276,0.0,7.825701028819355,0.0,7.975745033840625,0.0,12.38317753312831,0.0,3.9416284180901355,0.0,3.8840726107292194,0.0,0.7649166611031927,0.0,-1.5555232077750276,0.0,0.9691811330308415,0.0,""
"2026-09-25 17:20:16","git-master-bddc7a050319718b5e4e0856afec0bc9ea96418f","C:\Users\marco\Desktop\ds004507\derivatives\labels\sub-007\ses-headNormal\anat\sub-007_ses-headNormal_T2w_seg-manual.nii.gz","948","1","",77.74383507507878,0.0,-4.409951427283094,0.0,-6.3344115513681585,0.0,7.822840301826503,0.0,7.9989779578519045,0.0,12.480340215557096,0.0,3.9777128107193196,0.0,3.8451274911071827,0.0,0.7675993874434699,0.0,-0.9075845348000346,0.0,0.9724068963129249,0.0,""
"2026-09-25 17:20:16","git-master-bddc7a050319718b5e4e0856afec0bc9ea96418f","C:\Users\marco\Desktop\ds004507\derivatives\labels\sub-007\ses-headNormal\anat\sub-007_ses-headNormal_T2w_seg-manual.nii.gz","949","1","",77.72606449341855,0.0,-4.409006851088499,0.0,-6.226216563954916,0.0,7.8254407286431205,0.0,7.943086361378847,0.0,12.528256488541004,0.0,3.994864817008576,0.0,3.830575911634545,0.0,0.7732733953271076,0.0,-1.8100749670582648,0.0,0.9696841215412983,0.0,""
"2026-09-25 17:20:16","git-master-bddc7a050319718b5e4e0856afec0bc9ea96418f","C:\Users\marco\Desktop\ds004507\derivatives\labels\sub-007\ses-headNormal\anat\sub-007_ses-headNormal_T2w_seg-manual.nii.gz","950","1","",76.98325081071646,0.0,-4.408087119770274,0.0,-6.111153885786476,0.0,7.829186137407965,0.0,7.869931976153997,0.0,12.484983800348383,0.0,4.015235537065539,0.0,3.8139506003424266,0.0,0.7762820608415831,0.0,-2.7630767984951214,0.0,0.9642536236954428,0.0,""
"2026-09-25 17:20:16","git-master-bddc7a050319718b5e4e0856afec0bc9ea96418f","C:\Users\marco\Desktop\ds004507\derivatives\labels\sub-007\ses-headNormal\anat\sub-007_ses-headNormal_T2w_seg-manual.nii.gz","951","1","",76.54157702370043,0.0,-4.4071922334998685,0.0,-5.989216115226142,0.0,7.828701515519784,0.0,7.864836196261891,0.0,12.399939052819777,0.0,4.038170800904184,0.0,3.7905307146155995,0.0,0.7731141638170465,0.0,-2.5530389864943843,0.0,0.9647507730020201,0.0,""
"2026-09-25 17:20:16","git-master-bddc7a050319718b5e4e0856afec0bc9ea96418f","C:\Users\marco\Desktop\ds004507\derivatives\labels\sub-007\ses-headNormal\anat\sub-007_ses-headNormal_T2w_seg-manual.nii.gz","952","1","",77.29501261634664,0.0,-4.406322192444587,0.0,-5.860395685271934,0.0,7.824684134626851,0.0,7.8947866097329396,0.0,12.469283589048704,0.0,4.055367653623931,0.0,3.76931648100292,0.0,0.7740365012540118,0.0,-2.274277639524127,0.0,0.9743221083503455,0.0,""
"2026-09-25 17:20:16","git-master-bddc7a050319718b5e4e0856afec0bc9ea96418f","C:\Users\marco\Desktop\ds004507\derivatives\labels\sub-007\ses-headNormal\anat\sub-007_ses-headNormal_T2w_seg-manual.nii.gz","953","1","",75.78169237429016,0.0,-4.405480008355617,0.0,-5.723848350245738,0.0,7.817531125836238,0.0,7.831301483799939,0.0,12.33069600131348,0.0,4.074243378414719,0.0,3.7432877474215185,0.0,0.7724224217760538,0.0,-1.2035046409392633,0.0,0.9689058257871807,0.0,""
"2026-09-25 17:20:16","git-master-bddc7a050319718b5e4e0856afec0bc9ea96418f","C:\Users\marco\Desktop\ds004507\derivatives\labels\sub-007\ses-headNormal\anat\sub-007_ses-headNormal_T2w_seg-manual.nii.gz","954","1","",75.92346435967472,0.0,-4.404664928558847,0.0,-5.579772124379471,0.0,7.775571458837849,0.0,7.838969975028677,0.0,12.380766337290607,0.0,4.126298463593397,0.0,3.6492729952444525,0.0,0.7740190340012804,0.0,-2.999860186768544,0.0,0.9685987374652772,0.0,""
"2026-09-25 17:20:16","git-master-bddc7a050319718b5e4e0856afec0bc9ea96418f","C:\Users\marco\Desktop\ds004507\derivatives\labels\sub-007\ses-headNormal\anat\sub-007_ses-headNormal_T2w_seg-manual.nii.gz","955","1","",75.11963372374298,0.0,-4.403874694531653,0.0,-5.428785675199583,0.0,7.787814249719181,0.0,7.834844914138107,0.0,12.23211176694778,0.0,4.055885533840965,0.0,3.7319287158782157,0.0,0.7678439851581663,0.0,-3.635489105146557,0.0,0.9605253223965355,0.0,""
"2026-09-25 17:20:16","git-master-bddc7a050319718b5e4e0856afec0bc9ea96418f","C:\Users\marco\Desktop\ds004507\derivatives\labels\sub-007\ses-headNormal\anat\sub-007_ses-headNormal_T2w_seg-manual.nii.gz","956","1","",74.75849301848828,0.0,-4.403109306420229,0.0,-5.270881219002281,0.0,7.651077990827798,0.0,7.7703252218407,0.0,12.249301388184355,0.0,3.9610274727258568,0.0,3.6900505181019416,0.0,0.7727922437714613,0.0,-3.431152848557925,0.0,0.9626576611884178,0.0,""
"2026-09-25 17:20:16","git-master-bddc7a050319718b5e4e0856afec0bc9ea96418f","C:\Users\marco\Desktop\ds004507\derivatives\labels\sub-007\ses-headNormal\anat\sub-007_ses-headNormal_T2w_seg-manual.nii.gz","957","1","",74.30547964374676,0.0,-4.402368764366644,0.0,-5.106051067738152,0.0,7.401968417545891,0.0,7.663345192380735,0.0,12.36284305997598,0.0,3.817126091999694,0.0,3.5848423255461976,0.0,0.7847032296625864,0.0,-2.7068461630296987,0.0,0.97189754005255,0.0,""
"2026-09-25 17:20:16","git-master-bddc7a050319718b5e4e0856afec0bc9ea96418f","C:\Users\marco\Desktop\ds004507\derivatives\labels\sub-007\ses-headNormal\anat\sub-007_ses-headNormal_T2w_seg-manual.nii.gz","958","1","",73.29847820455633,0.0,-4.401653068508842,0.0,-4.934287671108548,0.0,7.310425678105907,0.0,7.611364671025624,0.0,12.312674583317692,0.0,3.650633274390365,0.0,3.6597924037155423,0.0,0.7860116700458213,0.0,-2.00864658974532,0.0,0.9751081607310157,0.0,""
"2026-09-25 17:20:16","git-master-bddc7a050319718b5e4e0856afec0bc9ea96418f","C:\Users\marco\Desktop\ds004507\derivatives\labels\sub-007\ses-headNormal\anat\sub-007_ses-headNormal_T2w_seg-manual.nii.gz","959","1","",75.39423225499105,0.0,-4.4009622189806485,0.0,-4.755583659686278,0.0,7.659255290597783,0.0,7.773133274198691,0.0,12.320461725674798,0.0,3.8441552150547795,0.0,3.815100075543003,0.0,0.7758374655074055,0.0,-3.3182460923819894,0.0,0.9795809841972262,0.0,""
"2026-09-25 17:20:16","git-master-bddc7a050319718b5e4e0856afec0bc9ea96418f","C:\Users\marco\Desktop\ds004507\derivatives\labels\sub-007\ses-headNormal\anat\sub-007_ses-headNormal_T2w_seg-manual.nii.gz","960","1","",75.7213654261684,0.0,-4.400300733483312,0.0,-4.568666860805843,0.0,7.762663089295095,0.0,7.909545398678866,0.0,12.172791706891537,0.0,3.872027887480874,0.0,3.8906352018142214,0.0,0.7600372780396014,0.0,-2.986567661469276,0.0,0.9782934310198825,0.0,""
"2026-09-25 17:20:16","git-master-bddc7a050319718b5e4e0856afec0bc9ea96418f","C:\Users\marco\Desktop\ds004507\derivatives\labels\sub-007\ses-headNormal\anat\sub-007_ses-headNormal_T2w_seg-manual.nii.gz","961","1","",75.78759769549718,0.0,-4.399664847558053,0.0,-4.374581568482579,0.0,7.830880290181542,0.0,7.895822780947192,0.0,12.182198575747517,0.0,3.897763032421431,0.0,3.9331172577601112,0.0,0.7615049760188318,0.0,-3.042440922267864,0.0,0.980554990085487,0.0,""
"2026-09-25 17:20:16","git-master-bddc7a050319718b5e4e0856afec0bc9ea96418f","C:\Users\marco\Desktop\ds004507\derivatives\labels\sub-007\ses-headNormal\anat\sub-007_ses-headNormal_T2w_seg-manual.nii.gz","962","1","",75.80761591217993,0.0,-4.399053808397941,0.0,-4.17353234434609,0.0,7.852576591588596,0.0,7.919558394310656,0.0,12.169382324736267,0.0,3.923782561006317,0.0,3.9287940305822797,0.0,0.7592469580906483,0.0,-3.1169910506141316,0.0,0.9806668020812407,0.0,""
"2026-09-25 17:20:16","git-master-bddc7a050319718b5e4e0856afec0bc9ea96418f","C:\Users\marco\Desktop\ds004507\derivatives\labels\sub-007\ses-headNormal\anat\sub-007_ses-headNormal_T2w_seg-manual.nii.gz","963","1","",75.96828420240404,0.0,-4.398467616115811,0.0,-3.9655136583038533,0.0,7.9205684849481095,0.0,7.977968419392794,0.0,12.125628741236055,0.0,3.9519135338438987,0.0,3.9686549511042113,0.0,0.753033665115874,0.0,-3.7095353721654,0.0,0.9692409566932152,0.0,""
"2026-09-25 17:20:16","git-master-bddc7a050319718b5e4e0856afec0bc9ea96418f","C:\Users\marco\Desktop\ds004507\derivatives\labels\sub-007\ses-headNormal\anat\sub-007_ses-headNormal_T2w_seg-manual.nii.gz","964","1","",76.27810227121546,0.0,-4.397906270820395,0.0,-3.746855058373312,0.0,8.040440970192936,0.0,8.027722497952613,0.0,12.10155577820824,0.0,3.980471406264248,0.0,4.059969563928688,0.0,0.7482980288861438,0.0,-4.354226954171851,0.0,0.9562013227729584,0.0,""
"2026-09-25 17:20:16","git-master-bddc7a050319718b5e4e0856afec0bc9ea96418f","C:\Users\marco\Desktop\ds004507\derivatives\labels\sub-007\ses-headNormal\anat\sub-007_ses-headNormal_T2w_seg-manual.nii.gz","965","1","",76.60556125955108,0.0,-4.3973697726163214,0.0,-3.5102171544040086,0.0,8.143522267658213,0.0,8.066734886051512,0.0,12.114733588903952,0.0,4.016857060194176,0.0,4.126665207464037,0.0,0.7460157255691234,0.0,-4.216651004903954,0.0,0.9614813870157453,0.0,""
"2026-09-25 17:20:16","git-master-bddc7a050319718b5e4e0856afec0bc9ea96418f","C:\Users\marco\Desktop\ds004507\derivatives\labels\sub-007\ses-headNormal\anat\sub-007_ses-headNormal_T2w_seg-manual.nii.gz","966","1","",76.93392919817981,0.0,-4.396858874553079,0.0,-3.247188710790616,0.0,8.314150180555828,0.0,8.192444628572567,0.0,12.026272648118212,0.0,4.1136769028364215,0.0,4.200473277719405,0.0,0.7320744896705986,0.0,-5.4106018753599905,0.0,0.9695077838504316,0.0,""
"2026-09-25 17:20:16","git-master-bddc7a050319718b5e4e0856afec0bc9ea96418f","C:\Users\marco\Desktop\ds004507\derivatives\labels\sub-007\ses-headNormal\anat\sub-007_ses-headNormal_T2w_seg-manual.nii.gz","967","1","",76.66308308412084,0.0,-4.396377341499323,0.0,-2.9538459936161834,0.0,8.414225707572003,0.0,8.192745813713302,0.0,12.016118325753952,0.0,4.148048864137153,0.0,4.26617684343485,0.0,0.731526459646462,0.0,-5.376606343335474,0.0,0.9565668084573651,0.0,""
"2026-09-25 17:20:16","git-master-bddc7a050319718b5e4e0856afec0bc9ea96418f","C:\Users\marco\Desktop\ds004507\derivatives\labels\sub-007\ses-headNormal\anat\sub-007_ses-headNormal_T2w_seg-manual.nii.gz","968","1","",75.63779175090396,0.0,-4.395920655870954,0.0,-2.6348220171530015,0.0,8.143863098753524,0.0,8.026904044758979,0.0,12.06471574735013,0.0,3.8936598156246274,0.0,4.250203283128896,0.0,0.7463739290435016,0.0,-4.0068798133053445,0.0,0.9484868902222937,0.0,""
"2026-09-25 17:20:16","git-master-bddc7a050319718b5e4e0856afec0bc9ea96418f","C:\Users\marco\Desktop\ds004507\derivatives\labels\sub-007\ses-headNormal\anat\sub-007_ses-headNormal_T2w_seg-manual.nii.gz","969","1","",75.21142443278538,0.0,-4.395488817751693,0.0,-2.2900974864334116,0.0,7.913842808240933,0.0,7.906606432745639,0.0,12.164496612745069,0.0,3.7443675515588835,0.0,4.169475256682048,0.0,0.75986261080414,0.0,-3.1222457013993203,0.0,0.9572967323467675,0.0,""
"2026-09-25 17:20:16","git-master-bddc7a050319718b5e4e0856afec0bc9ea96418f","C:\Users\marco\Desktop\ds004507\derivatives\labels\sub-007\ses-headNormal\anat\sub-007_ses-headNormal_T2w_seg-manual.nii.gz","970","1","",75.24301656593329,0.0,-4.395081827221171,0.0,-1.919659207611795,0.0,7.830326200896525,0.0,7.912335717161503,0.0,12.19807039409918,0.0,3.6944904063628887,0.0,4.1358357945336355,0.0,0.7610101218214154,0.0,-3.313248425739382,0.0,0.9674208522526229,0.0,""
"2026-09-25 17:20:16","git-master-bddc7a050319718b5e4e0856afec0bc9ea96418f","C:\Users\marco\Desktop\ds004507\derivatives\labels\sub-007\ses-headNormal\anat\sub-007_ses-headNormal_T2w_seg-manual.nii.gz","971","1","",75.50572031921115,0.0,-4.394699684354931,0.0,-1.5235013922221656,0.0,7.8685677366933,0.0,8.023723523141829,0.0,12.123901353201173,0.0,3.68042542621546,0.0,4.18814231047784,0.0,0.7495685810825006,0.0,-3.989801205211523,0.0,0.9640393820235581,0.0,""
"2026-09-25 17:20:16","git-master-bddc7a050319718b5e4e0856afec0bc9ea96418f","C:\Users\marco\Desktop\ds004507\derivatives\labels\sub-007\ses-headNormal\anat\sub-007_ses-headNormal_T2w_seg-manual.nii.gz","972","1","",76.29874523829805,0.0,-4.39434238922443,0.0,-1.1016270090994098,0.0,7.987198832496686,0.0,8.155886537043651,0.0,12.057157469157096,0.0,3.773227656601326,0.0,4.21397117589536,0.0,0.7365014374731466,0.0,-4.1082805566730665,0.0,0.9538308840924764,0.0,""
"2026-09-25 17:20:16","git-master-bddc7a050319718b5e4e0856afec0bc9ea96418f","C:\Users\marco\Desktop\ds004507\derivatives\labels\sub-007\ses-headNormal\anat\sub-007_ses-headNormal_T2w_seg-manual.nii.gz","973","1","",76.02555714265196,0.0,-4.394012200795931,0.0,-0.651716653579053,0.0,7.883461186335752,0.0,8.121615558032953,0.0,12.04992185197889,0.0,3.7833191204977026,0.0,4.100142065838049,0.0,0.7387332506463841,0.0,-4.762714062215501,0.0,0.9703464497993068,0.0,""
"2026-09-25 17:20:16","git-master-bddc7a050319718b5e4e0856afec0bc9ea96418f","C:\Users\marco\Desktop\ds004507\derivatives\labels\sub-007\ses-headNormal\anat\sub-007_ses-headNormal_T2w_seg-manual.nii.gz","974","1","",76.00854953368506,0.0,-4.393709872120385,0.0,-0.1730384105547103,0.0,7.779872613915249,0.0,8.08078544166438,0.0,12.111716851674728,0.0,3.694263279442863,0.0,4.085609334472386,0.0,0.7448672157304942,0.0,-4.483721274063179,0.0,0.9691437525507249,0.0,""
"2026-09-25 17:20:16","git-master-bddc7a050319718b5e4e0856afec0bc9ea96418f","C:\Users\marco\Desktop\ds004507\derivatives\labels\sub-007\ses-headNormal\anat\sub-007_ses-headNormal_T2w_seg-manual.nii.gz","975","1","",75.54532131038648,0.0,-4.39343239139671,0.0,0.33123510269126627,0.0,7.678337638694255,0.0,8.032767953150435,0.0,12.138005261758186,0.0,3.5906146403940897,0.0,4.087722998300165,0.0,0.7496821240497059,0.0,-4.762427160797623,0.0,0.963425970330757,0.0,""
"2026-09-25 17:20:16","git-master-bddc7a050319718b5e4e0856afec0bc9ea96418f","C:\Users\marco\Desktop\ds004507\derivatives\labels\sub-007\ses-headNormal\anat\sub-007_ses-headNormal_T2w_seg-manual.nii.gz","976","1","",75.80729008993923,0.0,-4.393179758675524,0.0,0.861027498732722,0.0,7.75470555911096,0.0,8.072613549324013,0.0,12.101322242823317,0.0,3.6603666127366257,0.0,4.094338946374334,0.0,0.7448887735763988,0.0,-5.368413250369666,0.0,0.9660684848615186,0.0,""
"2026-09-25 17:20:16","git-master-bddc7a050319718b5e4e0856afec0bc9ea96418f","C:\Users\marco\Desktop\ds004507\derivatives\labels\sub-007\ses-headNormal\anat\sub-007_ses-headNormal_T2w_seg-manual.nii.gz","977","1","",76.71648347498422,0.0,-4.392951974003365,0.0,1.416241682251293,0.0,7.873013137857141,0.0,8.137746635695692,0.0,12.11186913523153,0.0,3.7667718360011633,0.0,4.106241301855978,0.0,0.7406153243920237,0.0,-5.6743826587139505,0.0,0.9715652160394658,0.0,""
"2026-09-25 17:20:16","git-master-bddc7a050319718b5e4e0856afec0bc9ea96418f","C:\Users\marco\Desktop\ds004507\derivatives\labels\sub-007\ses-headNormal\anat\sub-007_ses-headNormal_T2w_seg-manual.nii.gz","978","1","",76.99399953500377,0.0,-4.3927490374226945,0.0,1.9967580016087345,0.0,7.8574778103378025,0.0,8.134933505475217,0.0,12.145748846793714,0.0,3.7325167828391854,0.0,4.124961027498617,0.0,0.7424157817632436,0.0,-5.575878788668489,0.0,0.9696530072199044,0.0,""
"2026-09-25 17:20:16","git-master-bddc7a050319718b5e4e0856afec0bc9ea96418f","C:\Users\marco\Desktop\ds004507\derivatives\labels\sub-007\ses-headNormal\anat\sub-007_ses-headNormal_T2w_seg-manual.nii.gz","979","1","",75.23814974768464,0.0,-4.392570948971898,0.0,2.602432379443674,0.0,7.84157268750528,0.0,8.115671431384415,0.0,11.848007003948432,0.0,3.697940542638966,0.0,4.143632144866314,0.0,0.7285600723863696,0.0,-5.97954046846241,0.0,0.9641567947797975,0.0,""
"2026-09-25 17:20:16","git-master-bddc7a050319718b5e4e0856afec0bc9ea96418f","C:\Users\marco\Desktop\ds004507\derivatives\labels\sub-007\ses-headNormal\anat\sub-007_ses-headNormal_T2w_seg-manual.nii.gz","980","1","",75.8105153341101,0.0,-4.392421473564772,0.0,3.2368318001734666,0.0,7.8360953558770285,0.0,8.176832217074868,0.0,11.933801440861737,0.0,3.720715520838596,0.0,4.115379835038433,0.0,0.7283715776795959,0.0,-4.515419801265983,0.0,0.9745654176484756,0.0,""
"2026-09-25 17:20:16","git-master-bddc7a050319718b5e4e0856afec0bc9ea96418f","C:\Users\marco\Desktop\ds004507\derivatives\labels\sub-007\ses-headNormal\anat\sub-007_ses-headNormal_T2w_seg-manual.nii.gz","981","1","",77.69102692506293,0.0,-4.392298352314049,0.0,3.8973929038013084,0.0,7.899492506353301,0.0,8.336066235632345,0.0,11.988812738486446,0.0,3.6952177120031386,0.0,4.204274794350162,0.0,0.7186655633069113,0.0,-4.764967225913989,0.0,0.9694541660054622,0.0,""
"2026-09-25 17:20:16","git-master-bddc7a050319718b5e4e0856afec0bc9ea96418f","C:\Users\marco\Desktop\ds004507\derivatives\labels\sub-007\ses-headNormal\anat\sub-007_ses-headNormal_T2w_seg-manual.nii.gz","982","1","",78.47327949464203,0.0,-4.3922000792917215,0.0,4.582335419790622,0.0,7.989515174234638,0.0,8.40267766718477,0.0,11.963641189941468,0.0,3.7516686313419627,0.0,4.237846542892675,0.0,0.7118103961863037,0.0,-6.1453825486604305,0.0,0.9704573960987967,0.0,""
"2026-09-25 17:20:16","git-master-bddc7a050319718b5e4e0856afec0bc9ea96418f","C:\Users\marco\Desktop\ds004507\derivatives\labels\sub-007\ses-headNormal\anat\sub-007_ses-headNormal_T2w_seg-manual.nii.gz","983","1","",79.82099739824284,0.0,-4.392126654515371,0.0,5.29135455951802,0.0,8.109736499105571,0.0,8.501973779127917,0.0,12.01678877465103,0.0,3.8641807877797176,0.0,4.245555711325854,0.0,0.7067150099417289,0.0,-5.555369279444538,0.0,0.9677658036711808,0.0,""
"2026-09-25 17:20:16","git-master-bddc7a050319718b5e4e0856afec0bc9ea96418f","C:\Users\marco\Desktop\ds004507\derivatives\labels\sub-007\ses-headNormal\anat\sub-007_ses-headNormal_T2w_seg-manual.nii.gz","984","1","",81.74043692237981,0.0,-4.39207807799851,0.0,6.02410744012935,0.0,8.27089160499304,0.0,8.6924881542362,0.0,12.08018625481051,0.0,3.9731005603763574,0.0,4.297791044616682,0.0,0.6940811516861205,0.0,-4.065634424637429,0.0,0.9675141463661954,0.0,""
