Timestamp,SCT Version,Filename,Slice (I->S),VertLevel,DistancePMJ,MEAN(area),STD(area),MEAN(angle_AP),STD(angle_AP),MEAN(angle_RL),STD(angle_RL),MEAN(diameter_AP),STD(diameter_AP),MEAN(diameter_AP_ellipse),STD(diameter_AP_ellipse),MEAN(diameter_RL),STD(diameter_RL),MEAN(length_anterior),STD(length_anterior),MEAN(length_posterior),STD(length_posterior),MEAN(eccentricity),STD(eccentricity),MEAN(orientation),STD(orientation),MEAN(solidity),STD(solidity),SUM(length)
"2026-09-25 17:16:53","git-master-bddc7a050319718b5e4e0856afec0bc9ea96418f","C:\Users\marco\Desktop\ds004507\derivatives\labels\sub-005\ses-headNormal\anat\sub-005_ses-headNormal_T2w_seg-manual.nii.gz","647","9","","","","","","","","","","","","","","","","","","","","","","","",""
"2026-09-25 17:16:53","git-master-bddc7a050319718b5e4e0856afec0bc9ea96418f","C:\Users\marco\Desktop\ds004507\derivatives\labels\sub-005\ses-headNormal\anat\sub-005_ses-headNormal_T2w_seg-manual.nii.gz","648","9","","","","","","","","","","","","","","","","","","","","","","","",""
"2026-09-25 17:16:53","git-master-bddc7a050319718b5e4e0856afec0bc9ea96418f","C:\Users\marco\Desktop\ds004507\derivatives\labels\sub-005\ses-headNormal\anat\sub-005_ses-headNormal_T2w_seg-manual.nii.gz","649","9","","","","","","","","","","","","","","","","","","","","","","","",""
"2026-09-25 17:16:53","git-master-bddc7a050319718b5e4e0856afec0bc9ea96418f","C:\Users\marco\Desktop\ds004507\derivatives\labels\sub-005\ses-headNormal\anat\sub-005_ses-headNormal_T2w_seg-manual.nii.gz","650","9","","","","","","","","","","","","","","","","","","","","","","","",""
"2026-09-25 17:16:53","git-master-bddc7a050319718b5e4e0856afec0bc9ea96418f","C:\Users\marco\Desktop\ds004507\derivatives\labels\sub-005\ses-headNormal\anat\sub-005_ses-headNormal_T2w_seg-manual.nii.gz","651","9","","","","","","","","","","","","","","","","","","","","","","","",""
"2026-09-25 17:16:53","git-master-bddc7a050319718b5e4e0856afec0bc9ea96418f","C:\Users\marco\Desktop\ds004507\derivatives\labels\sub-005\ses-headNormal\anat\sub-005_ses-headNormal_T2w_seg-manual.nii.gz","652","9","","","","","","","","","","","","","","","","","","","","","","","",""
"2026-09-25 17:16:53","git-master-bddc7a050319718b5e4e0856afec0bc9ea96418f","C:\Users\marco\Desktop\ds004507\derivatives\labels\sub-005\ses-headNormal\anat\sub-005_ses-headNormal_T2w_seg-manual.nii.gz","653","9","","","","","","","","","","","","","","","","","","","","","","","",""
"2026-09-25 17:16:53","git-master-bddc7a050319718b5e4e0856afec0bc9ea96418f","C:\Users\marco\Desktop\ds004507\derivatives\labels\sub-005\ses-headNormal\anat\sub-005_ses-headNormal_T2w_seg-manual.nii.gz","654","9","","","","","","","","","","","","","","","","","","","","","","","",""
"2026-09-25 17:16:53","git-master-bddc7a050319718b5e4e0856afec0bc9ea96418f","C:\Users\marco\Desktop\ds004507\derivatives\labels\sub-005\ses-headNormal\anat\sub-005_ses-headNormal_T2w_seg-manual.nii.gz","655","9","","","","","","","","","","","","","","","","","","","","","","","",""
"2026-09-25 17:16:53","git-master-bddc7a050319718b5e4e0856afec0bc9ea96418f","C:\Users\marco\Desktop\ds004507\derivatives\labels\sub-005\ses-headNormal\anat\sub-005_ses-headNormal_T2w_seg-manual.nii.gz","656","9","","","","","","","","","","","","","","","","","","","","","","","",""
"2026-09-25 17:16:53","git-master-bddc7a050319718b5e4e0856afec0bc9ea96418f","C:\Users\marco\Desktop\ds004507\derivatives\labels\sub-005\ses-headNormal\anat\sub-005_ses-headNormal_T2w_seg-manual.nii.gz","657","9","","","","","","","","","","","","","","","","","","","","","","","",""
"2026-09-25 17:16:53","git-master-bddc7a050319718b5e4e0856afec0bc9ea96418f","C:\Users\marco\Desktop\ds004507\derivatives\labels\sub-005\ses-headNormal\anat\sub-005_ses-headNormal_T2w_seg-manual.nii.gz","658","9","","","","","","","","","","","","","","","","","","","","","","","",""
"2026-09-25 17:16:53","git-master-bddc7a050319718b5e4e0856afec0bc9ea96418f","C:\Users\marco\Desktop\ds004507\derivatives\labels\sub-005\ses-headNormal\anat\sub-005_ses-headNormal_T2w_seg-manual.nii.gz","659","9","","","","","","","","","","","","","","","","","","","","","","","",""
"2026-09-25 17:16:53","git-master-bddc7a050319718b5e4e0856afec0bc9ea96418f","C:\Users\marco\Desktop\ds004507\derivatives\labels\sub-005\ses-headNormal\anat\sub-005_ses-headNormal_T2w_seg-manual.nii.gz","660","9","","","","","","","","","","","","","","","","","","","","","","","",""
"2026-09-25 17:16:53","git-master-bddc7a050319718b5e4e0856afec0bc9ea96418f","C:\Users\marco\Desktop\ds004507\derivatives\labels\sub-005\ses-headNormal\anat\sub-005_ses-headNormal_T2w_seg-manual.nii.gz","661","9","","","","","","","","","","","","","","","","","","","","","","","",""
"2026-09-25 17:16:53","git-master-bddc7a050319718b5e4e0856afec0bc9ea96418f","C:\Users\marco\Desktop\ds004507\derivatives\labels\sub-005\ses-headNormal\anat\sub-005_ses-headNormal_T2w_seg-manual.nii.gz","662","9","","","","","","","","","","","","","","","","","","","","","","","",""
"2026-09-25 17:16:53","git-master-bddc7a050319718b5e4e0856afec0bc9ea96418f","C:\Users\marco\Desktop\ds004507\derivatives\labels\sub-005\ses-headNormal\anat\sub-005_ses-headNormal_T2w_seg-manual.nii.gz","663","9","","","","","","","","","","","","","","","","","","","","","","","",""
"2026-09-25 17:16:53","git-master-bddc7a050319718b5e4e0856afec0bc9ea96418f","C:\Users\marco\Desktop\ds004507\derivatives\labels\sub-005\ses-headNormal\anat\sub-005_ses-headNormal_T2w_seg-manual.nii.gz","664","9","","","","","","","","","","","","","","","","","","","","","","","",""
"2026-09-25 17:16:53","git-master-bddc7a050319718b5e4e0856afec0bc9ea96418f","C:\Users\marco\Desktop\ds004507\derivatives\labels\sub-005\ses-headNormal\anat\sub-005_ses-headNormal_T2w_seg-manual.nii.gz","665","9","","","","","","","","","","","","","","","","","","","","","","","",""
"2026-09-25 17:16:53","git-master-bddc7a050319718b5e4e0856afec0bc9ea96418f","C:\Users\marco\Desktop\ds004507\derivatives\labels\sub-005\ses-headNormal\anat\sub-005_ses-headNormal_T2w_seg-manual.nii.gz","666","9","","","","","","","","","","","","","","","","","","","","","","","",""
"2026-09-25 17:16:53","git-master-bddc7a050319718b5e4e0856afec0bc9ea96418f","C:\Users\marco\Desktop\ds004507\derivatives\labels\sub-005\ses-headNormal\anat\sub-005_ses-headNormal_T2w_seg-manual.nii.gz","667","9","","","","","","","","","","","","","","","","","","","","","","","",""
"2026-09-25 17:16:53","git-master-bddc7a050319718b5e4e0856afec0bc9ea96418f","C:\Users\marco\Desktop\ds004507\derivatives\labels\sub-005\ses-headNormal\anat\sub-005_ses-headNormal_T2w_seg-manual.nii.gz","668","9","","","","","","","","","","","","","","","","","","","","","","","",""
"2026-09-25 17:16:53","git-master-bddc7a050319718b5e4e0856afec0bc9ea96418f","C:\Users\marco\Desktop\ds004507\derivatives\labels\sub-005\ses-headNormal\anat\sub-005_ses-headNormal_T2w_seg-manual.nii.gz","669","9","","","","","","","","","","","","","","","","","","","","","","","",""
"2026-09-25 17:16:53","git-master-bddc7a050319718b5e4e0856afec0bc9ea96418f","C:\Users\marco\Desktop\ds004507\derivatives\labels\sub-005\ses-headNormal\anat\sub-005_ses-headNormal_T2w_seg-manual.nii.gz","670","9","","","","","","","","","","","","","","","","","","","","","","","",""
"2026-09-25 17:16:53","git-master-bddc7a050319718b5e4e0856afec0bc9ea96418f","C:\Users\marco\Desktop\ds004507\derivatives\labels\sub-005\ses-headNormal\anat\sub-005_ses-headNormal_T2w_seg-manual.nii.gz","671","9","","","","","","","","","","","","","","","","","","","","","","","",""
"2026-09-25 17:16:53","git-master-bddc7a050319718b5e4e0856afec0bc9ea96418f","C:\Users\marco\Desktop\ds004507\derivatives\labels\sub-005\ses-headNormal\anat\sub-005_ses-headNormal_T2w_seg-manual.nii.gz","672","9","","","","","","","","","","","","","","","","","","","","","","","",""
"2026-09-25 17:16:53","git-master-bddc7a050319718b5e4e0856afec0bc9ea96418f","C:\Users\marco\Desktop\ds004507\derivatives\labels\sub-005\ses-headNormal\anat\sub-005_ses-headNormal_T2w_seg-manual.nii.gz","673","9","","","","","","","","","","","","","","","","","","","","","","","",""
"2026-09-25 17:16:53","git-master-bddc7a050319718b5e4e0856afec0bc9ea96418f","C:\Users\marco\Desktop\ds004507\derivatives\labels\sub-005\ses-headNormal\anat\sub-005_ses-headNormal_T2w_seg-manual.nii.gz","674","9","","","","","","","","","","","","","","","","","","","","","","","",""
"2026-09-25 17:16:53","git-master-bddc7a050319718b5e4e0856afec0bc9ea96418f","C:\Users\marco\Desktop\ds004507\derivatives\labels\sub-005\ses-headNormal\anat\sub-005_ses-headNormal_T2w_seg-manual.nii.gz","675","9","","","","","","","","","","","","","","","","","","","","","","","",""
"2026-09-25 17:16:53","git-master-bddc7a050319718b5e4e0856afec0bc9ea96418f","C:\Users\marco\Desktop\ds004507\derivatives\labels\sub-005\ses-headNormal\anat\sub-005_ses-headNormal_T2w_seg-manual.nii.gz","676","9","","","","","","","","","","","","","","","","","","","","","","","",""
"2026-09-25 17:16:53","git-master-bddc7a050319718b5e4e0856afec0bc9ea96418f","C:\Users\marco\Desktop\ds004507\derivatives\labels\sub-005\ses-headNormal\anat\sub-005_ses-headNormal_T2w_seg-manual.nii.gz","677","9","","","","","","","","","","","","","","","","","","","","","","","",""
"2026-09-25 17:16:53","git-master-bddc7a050319718b5e4e0856afec0bc9ea96418f","C:\Users\marco\Desktop\ds004507\derivatives\labels\sub-005\ses-headNormal\anat\sub-005_ses-headNormal_T2w_seg-manual.nii.gz","678","9","","","","","","","","","","","","","","","","","","","","","","","",""
"2026-09-25 17:16:53","git-master-bddc7a050319718b5e4e0856afec0bc9ea96418f","C:\Users\marco\Desktop\ds004507\derivatives\labels\sub-005\ses-headNormal\anat\sub-005_ses-headNormal_T2w_seg-manual.nii.gz","679","9","","","","","","","","","","","","","","","","","","","","","","","",""
"2026-09-25 17:16:53","git-master-bddc7a050319718b5e4e0856afec0bc9ea96418f","C:\Users\marco\Desktop\ds004507\derivatives\labels\sub-005\ses-headNormal\anat\sub-005_ses-headNormal_T2w_seg-manual.nii.gz","680","9","","","","","","","","","","","","","","","","","","","","","","","",""
"2026-09-25 17:16:53","git-master-bddc7a050319718b5e4e0856afec0bc9ea96418f","C:\Users\marco\Desktop\ds004507\derivatives\labels\sub-005\ses-headNormal\anat\sub-005_ses-headNormal_T2w_seg-manual.nii.gz","681","9","","","","","","","","","","","","","","","","","","","","","","","",""
"2026-09-25 17:16:53","git-master-bddc7a050319718b5e4e0856afec0bc9ea96418f","C:\Users\marco\Desktop\ds004507\derivatives\labels\sub-005\ses-headNormal\anat\sub-005_ses-headNormal_T2w_seg-manual.nii.gz","682","9","","","","","","","","","","","","","","","","","","","","","","","",""
"2026-09-25 17:16:53","git-master-bddc7a050319718b5e4e0856afec0bc9ea96418f","C:\Users\marco\Desktop\ds004507\derivatives\labels\sub-005\ses-headNormal\anat\sub-005_ses-headNormal_T2w_seg-manual.nii.gz","683","9","","","","","","","","","","","","","","","","","","","","","","","",""
"2026-09-25 17:16:53","git-master-bddc7a050319718b5e4e0856afec0bc9ea96418f","C:\Users\marco\Desktop\ds004507\derivatives\labels\sub-005\ses-headNormal\anat\sub-005_ses-headNormal_T2w_seg-manual.nii.gz","684","9","","","","","","","","","","","","","","","","","","","","","","","",""
"2026-09-25 17:16:53","git-master-bddc7a050319718b5e4e0856afec0bc9ea96418f","C:\Users\marco\Desktop\ds004507\derivatives\labels\sub-005\ses-headNormal\anat\sub-005_ses-headNormal_T2w_seg-manual.nii.gz","685","9","","","","","","","","","","","","","","","","","","","","","","","",""
"2026-09-25 17:16:53","git-master-bddc7a050319718b5e4e0856afec0bc9ea96418f","C:\Users\marco\Desktop\ds004507\derivatives\labels\sub-005\ses-headNormal\anat\sub-005_ses-headNormal_T2w_seg-manual.nii.gz","686","9","","","","","","","","","","","","","","","","","","","","","","","",""
"2026-09-25 17:16:53","git-master-bddc7a050319718b5e4e0856afec0bc9ea96418f","C:\Users\marco\Desktop\ds004507\derivatives\labels\sub-005\ses-headNormal\anat\sub-005_ses-headNormal_T2w_seg-manual.nii.gz","687","9","",46.65072765075409,0.0,5.055461039096576,0.0,19.349996981395194,0.0,6.596474177598734,0.0,6.606860309237411,0.0,8.927232632238074,0.0,3.4714044132224253,0.0,3.1250697643763083,0.0,0.6725195843043582,0.0,-14.083686982656905,0.0,0.9783669141039236,0.0,""
"2026-09-25 17:16:53","git-master-bddc7a050319718b5e4e0856afec0bc9ea96418f","C:\Users\marco\Desktop\ds004507\derivatives\labels\sub-005\ses-headNormal\anat\sub-005_ses-headNormal_T2w_seg-manual.nii.gz","688","9","",49.290163569486346,0.0,4.072487183219541,0.0,19.597205454594565,0.0,6.766150583366506,0.0,6.841718065917566,0.0,9.126817799395502,0.0,3.438174431322773,0.0,3.3279761520437323,0.0,0.6618797984929928,0.0,-4.25834018542521,0.0,0.951629646008968,0.0,""
"2026-09-25 17:16:53","git-master-bddc7a050319718b5e4e0856afec0bc9ea96418f","C:\Users\marco\Desktop\ds004507\derivatives\labels\sub-005\ses-headNormal\anat\sub-005_ses-headNormal_T2w_seg-manual.nii.gz","689","9","",48.67505817437821,0.0,3.26694035253346,0.0,19.835432145248923,0.0,6.773831980925888,0.0,6.911502086947022,0.0,8.968004760343414,0.0,3.46106684310632,0.0,3.312765137819567,0.0,0.6363973654916142,0.0,-4.067210408601943,0.0,0.9577342291550673,0.0,""
"2026-09-25 17:16:53","git-master-bddc7a050319718b5e4e0856afec0bc9ea96418f","C:\Users\marco\Desktop\ds004507\derivatives\labels\sub-005\ses-headNormal\anat\sub-005_ses-headNormal_T2w_seg-manual.nii.gz","690","9","",49.4715688543446,0.0,2.6397315729838344,0.0,20.06473450940004,0.0,6.765546429887168,0.0,6.947539204427934,0.0,9.135487560401632,0.0,3.432763896969227,0.0,3.3327825329179412,0.0,0.6467161729264803,0.0,-3.310580880772816,0.0,0.9661079972289948,0.0,""
"2026-09-25 17:16:53","git-master-bddc7a050319718b5e4e0856afec0bc9ea96418f","C:\Users\marco\Desktop\ds004507\derivatives\labels\sub-005\ses-headNormal\anat\sub-005_ses-headNormal_T2w_seg-manual.nii.gz","691","9","",52.1076653244974,0.0,2.191536714101231,0.0,20.285169114492827,0.0,6.7322272140558095,0.0,6.924006825707489,0.0,9.698833653653523,0.0,3.3234459127272182,0.0,3.4087813013285917,0.0,0.6985493271804645,0.0,1.347874635426659,0.0,0.9650623592184777,0.0,""
"2026-09-25 17:16:53","git-master-bddc7a050319718b5e4e0856afec0bc9ea96418f","C:\Users\marco\Desktop\ds004507\derivatives\labels\sub-005\ses-headNormal\anat\sub-005_ses-headNormal_T2w_seg-manual.nii.gz","692","9","",52.77312962614541,0.0,1.9227964890012867,0.0,20.49679163937532,0.0,6.5097128414324485,0.0,6.6579329333779,0.0,10.112483902945986,0.0,3.180791281615583,0.0,3.3289215598168655,0.0,0.752679153393055,0.0,6.381091843311183,0.0,0.9617927994121969,0.0,""
"2026-09-25 17:16:53","git-master-bddc7a050319718b5e4e0856afec0bc9ea96418f","C:\Users\marco\Desktop\ds004507\derivatives\labels\sub-005\ses-headNormal\anat\sub-005_ses-headNormal_T2w_seg-manual.nii.gz","693","8","",52.700257556994615,0.0,1.886397292151226,0.0,20.74676733743082,0.0,6.569395342244336,0.0,6.679573109163667,0.0,10.058615981886835,0.0,3.101246238918334,0.0,3.468149103326002,0.0,0.7476749975342085,0.0,4.002482703262588,0.0,0.9617092119866815,0.0,""
"2026-09-25 17:16:53","git-master-bddc7a050319718b5e4e0856afec0bc9ea96418f","C:\Users\marco\Desktop\ds004507\derivatives\labels\sub-005\ses-headNormal\anat\sub-005_ses-headNormal_T2w_seg-manual.nii.gz","694","8","",49.260967070246465,0.0,2.080640241206143,0.0,20.92062740956518,0.0,6.546329806165993,0.0,6.767631588283279,0.0,9.308033219734963,0.0,3.3480279255694025,0.0,3.19830188059659,0.0,0.6823893319580594,0.0,-4.689251410847799,0.0,0.9491450186825886,0.0,""
"2026-09-25 17:16:53","git-master-bddc7a050319718b5e4e0856afec0bc9ea96418f","C:\Users\marco\Desktop\ds004507\derivatives\labels\sub-005\ses-headNormal\anat\sub-005_ses-headNormal_T2w_seg-manual.nii.gz","695","8","",47.77553984829772,0.0,2.417380169959142,0.0,21.08767805902688,0.0,6.444121120184442,0.0,6.681523252084234,0.0,9.171830723898495,0.0,3.404882456378169,0.0,3.039238663806273,0.0,0.683766912193221,0.0,-10.630387452384147,0.0,0.9481960003343742,0.0,""
"2026-09-25 17:16:53","git-master-bddc7a050319718b5e4e0856afec0bc9ea96418f","C:\Users\marco\Desktop\ds004507\derivatives\labels\sub-005\ses-headNormal\anat\sub-005_ses-headNormal_T2w_seg-manual.nii.gz","696","8","",46.53241576333525,0.0,2.896423841754988,0.0,21.24794450575642,0.0,6.2929249082674,0.0,6.560497361370218,0.0,9.129300132762229,0.0,3.323119652929977,0.0,2.9698052553374232,0.0,0.6925457007397984,0.0,-11.643288437930993,0.0,0.9552077027104384,0.0,""
"2026-09-25 17:16:53","git-master-bddc7a050319718b5e4e0856afec0bc9ea96418f","C:\Users\marco\Desktop\ds004507\derivatives\labels\sub-005\ses-headNormal\anat\sub-005_ses-headNormal_T2w_seg-manual.nii.gz","697","8","",43.25472762388672,0.0,3.5317418349503718,0.0,21.400782236289466,0.0,6.128384978933467,0.0,6.588275055770246,0.0,8.48974517284686,0.0,3.1578609863749802,0.0,2.9705239925584874,0.0,0.6297913013457407,0.0,-4.307418917519723,0.0,0.9660629871940584,0.0,""
"2026-09-25 17:16:53","git-master-bddc7a050319718b5e4e0856afec0bc9ea96418f","C:\Users\marco\Desktop\ds004507\derivatives\labels\sub-005\ses-headNormal\anat\sub-005_ses-headNormal_T2w_seg-manual.nii.gz","698","8","",44.0878982338417,0.0,4.210258587348772,0.0,21.543904599405817,0.0,6.237374190308686,0.0,6.603956279410474,0.0,8.596074553965606,0.0,3.240164295767863,0.0,2.997209894540823,0.0,0.6399206551414759,0.0,-7.050434836502987,0.0,0.9473135198103457,0.0,""
"2026-09-25 17:16:53","git-master-bddc7a050319718b5e4e0856afec0bc9ea96418f","C:\Users\marco\Desktop\ds004507\derivatives\labels\sub-005\ses-headNormal\anat\sub-005_ses-headNormal_T2w_seg-manual.nii.gz","699","8","",44.47650383731445,0.0,4.818185924715636,0.0,21.68037179126236,0.0,6.347033632194521,0.0,6.614067837597793,0.0,8.590589137986356,0.0,3.250767872987574,0.0,3.0962657592069474,0.0,0.6379251873239333,0.0,-13.170722048231642,0.0,0.9495179434631168,0.0,""
"2026-09-25 17:16:53","git-master-bddc7a050319718b5e4e0856afec0bc9ea96418f","C:\Users\marco\Desktop\ds004507\derivatives\labels\sub-005\ses-headNormal\anat\sub-005_ses-headNormal_T2w_seg-manual.nii.gz","700","8","",44.58753593155468,0.0,5.344514412649361,0.0,21.810205255502677,0.0,6.450030096689416,0.0,6.647328386380386,0.0,8.502929082334024,0.0,3.2218314684542086,0.0,3.228198628235207,0.0,0.6235132252365305,0.0,-17.82405095644096,0.0,0.9624159217883481,0.0,""
"2026-09-25 17:16:53","git-master-bddc7a050319718b5e4e0856afec0bc9ea96418f","C:\Users\marco\Desktop\ds004507\derivatives\labels\sub-005\ses-headNormal\anat\sub-005_ses-headNormal_T2w_seg-manual.nii.gz","701","8","",45.549733629137535,0.0,5.773245382041671,0.0,21.932114872100563,0.0,6.575233500809034,0.0,6.77168271990337,0.0,8.537778120037895,0.0,3.277148199742353,0.0,3.2980853010666813,0.0,0.6090002800441898,0.0,-10.806230502562649,0.0,0.9550360352184688,0.0,""
"2026-09-25 17:16:53","git-master-bddc7a050319718b5e4e0856afec0bc9ea96418f","C:\Users\marco\Desktop\ds004507\derivatives\labels\sub-005\ses-headNormal\anat\sub-005_ses-headNormal_T2w_seg-manual.nii.gz","702","8","",45.283673057443075,0.0,6.0927363498877005,0.0,22.04516919563296,0.0,6.54165115211885,0.0,6.674237583854452,0.0,8.625048483068941,0.0,3.371768870862475,0.0,3.1698822812563745,0.0,0.6327939024378276,0.0,-6.433491855222733,0.0,0.9452907637023563,0.0,""
"2026-09-25 17:16:53","git-master-bddc7a050319718b5e4e0856afec0bc9ea96418f","C:\Users\marco\Desktop\ds004507\derivatives\labels\sub-005\ses-headNormal\anat\sub-005_ses-headNormal_T2w_seg-manual.nii.gz","703","8","",45.09521450751725,0.0,6.331581927767458,0.0,22.151696382482886,0.0,6.542792824337273,0.0,6.660471427956618,0.0,8.605737547778542,0.0,3.403180899423854,0.0,3.1396119249134182,0.0,0.6326205294309502,0.0,-3.9830002950555805,0.0,0.950670739813597,0.0,""
"2026-09-25 17:16:53","git-master-bddc7a050319718b5e4e0856afec0bc9ea96418f","C:\Users\marco\Desktop\ds004507\derivatives\labels\sub-005\ses-headNormal\anat\sub-005_ses-headNormal_T2w_seg-manual.nii.gz","704","8","",45.06087152591502,0.0,6.489905354594008,0.0,22.251713779834088,0.0,6.568006197436915,0.0,6.7502313906579205,0.0,8.49140354567386,0.0,3.355707305969636,0.0,3.212298891467279,0.0,0.6065955487837015,0.0,-2.5538383643476257,0.0,0.9663826787512587,0.0,""
"2026-09-25 17:16:53","git-master-bddc7a050319718b5e4e0856afec0bc9ea96418f","C:\Users\marco\Desktop\ds004507\derivatives\labels\sub-005\ses-headNormal\anat\sub-005_ses-headNormal_T2w_seg-manual.nii.gz","705","8","",44.56254422677317,0.0,6.543764315357137,0.0,22.34330457368278,0.0,6.434434213937922,0.0,6.8102036360362606,0.0,8.440393271521561,0.0,3.2345567892757265,0.0,3.1998774246621955,0.0,0.5906471653516843,0.0,1.0250271828619457,0.0,0.960376908630685,0.0,""
"2026-09-25 17:16:53","git-master-bddc7a050319718b5e4e0856afec0bc9ea96418f","C:\Users\marco\Desktop\ds004507\derivatives\labels\sub-005\ses-headNormal\anat\sub-005_ses-headNormal_T2w_seg-manual.nii.gz","706","8","",44.46994992761227,0.0,6.497263066982777,0.0,22.426834879579733,0.0,6.468753048342643,0.0,6.756820586874249,0.0,8.459281288149475,0.0,3.3287593659860164,0.0,3.1399936823566272,0.0,0.601465340013587,0.0,-2.8797722218601347,0.0,0.961158859920425,0.0,""
"2026-09-25 17:16:53","git-master-bddc7a050319718b5e4e0856afec0bc9ea96418f","C:\Users\marco\Desktop\ds004507\derivatives\labels\sub-005\ses-headNormal\anat\sub-005_ses-headNormal_T2w_seg-manual.nii.gz","707","8","",44.80598386761228,0.0,6.370410426043817,0.0,22.503937880824704,0.0,6.42931105928916,0.0,6.678637675163425,0.0,8.584588082891262,0.0,3.340962027132753,0.0,3.0883490321564064,0.0,0.6271742431271283,0.0,-7.599848023710301,0.0,0.9617671299340359,0.0,""
"2026-09-25 17:16:53","git-master-bddc7a050319718b5e4e0856afec0bc9ea96418f","C:\Users\marco\Desktop\ds004507\derivatives\labels\sub-005\ses-headNormal\anat\sub-005_ses-headNormal_T2w_seg-manual.nii.gz","708","8","",45.30529353525268,0.0,6.169786160158764,0.0,22.574626602173353,0.0,6.2559665493952,0.0,6.589606417752129,0.0,8.787778803791399,0.0,3.193230146226511,0.0,3.062736403168689,0.0,0.6615568104749973,0.0,-10.728967551596101,0.0,0.9617341971473232,0.0,""
"2026-09-25 17:16:53","git-master-bddc7a050319718b5e4e0856afec0bc9ea96418f","C:\Users\marco\Desktop\ds004507\derivatives\labels\sub-005\ses-headNormal\anat\sub-005_ses-headNormal_T2w_seg-manual.nii.gz","709","8","",43.57431704366144,0.0,5.9182960749883025,0.0,22.63636696998341,0.0,6.125484202214559,0.0,6.3720626415398876,0.0,8.70193003446769,0.0,3.067868663272151,0.0,3.057615538942408,0.0,0.6809370262401481,0.0,-10.124931357616902,0.0,0.9761476949231098,0.0,""
"2026-09-25 17:16:53","git-master-bddc7a050319718b5e4e0856afec0bc9ea96418f","C:\Users\marco\Desktop\ds004507\derivatives\labels\sub-005\ses-headNormal\anat\sub-005_ses-headNormal_T2w_seg-manual.nii.gz","710","8","",43.467375692071194,0.0,5.675864079232902,0.0,22.690783368675838,0.0,6.063442386098287,0.0,6.2870324439911975,0.0,8.793755292922551,0.0,3.121941384917547,0.0,2.94150100118074,0.0,0.6988530002491632,0.0,-6.924932162258498,0.0,0.9747318984885772,0.0,""
"2026-09-25 17:16:53","git-master-bddc7a050319718b5e4e0856afec0bc9ea96418f","C:\Users\marco\Desktop\ds004507\derivatives\labels\sub-005\ses-headNormal\anat\sub-005_ses-headNormal_T2w_seg-manual.nii.gz","711","8","",43.919399313345835,0.0,5.441330840204964,0.0,22.738842741693407,0.0,6.08531212784246,0.0,6.27423828952324,0.0,8.892970563908152,0.0,3.168792138728474,0.0,2.916519989113987,0.0,0.7086809004395,0.0,-5.653150346046705,0.0,0.9715445919185158,0.0,""
"2026-09-25 17:16:53","git-master-bddc7a050319718b5e4e0856afec0bc9ea96418f","C:\Users\marco\Desktop\ds004507\derivatives\labels\sub-005\ses-headNormal\anat\sub-005_ses-headNormal_T2w_seg-manual.nii.gz","712","8","",44.385200180245356,0.0,5.2147127661249115,0.0,22.7805536396889,0.0,6.207106064390883,0.0,6.311540477298856,0.0,8.900598064523525,0.0,3.1136299891192336,0.0,3.09347607527165,0.0,0.7049107221122944,0.0,-8.939767735420126,0.0,0.9740132332250149,0.0,""
"2026-09-25 17:16:53","git-master-bddc7a050319718b5e4e0856afec0bc9ea96418f","C:\Users\marco\Desktop\ds004507\derivatives\labels\sub-005\ses-headNormal\anat\sub-005_ses-headNormal_T2w_seg-manual.nii.gz","713","8","",45.545367126564386,0.0,5.000014086262641,0.0,22.812764299417317,0.0,6.471583446889541,0.0,6.609875663966468,0.0,8.745050796033066,0.0,3.305689328516425,0.0,3.165894118373117,0.0,0.6531898743272768,0.0,-14.498212281837947,0.0,0.9687795727041489,0.0,""
"2026-09-25 17:16:53","git-master-bddc7a050319718b5e4e0856afec0bc9ea96418f","C:\Users\marco\Desktop\ds004507\derivatives\labels\sub-005\ses-headNormal\anat\sub-005_ses-headNormal_T2w_seg-manual.nii.gz","714","8","",46.20179006453927,0.0,4.793689311065725,0.0,22.83833751462676,0.0,6.541626546586999,0.0,6.737185797081914,0.0,8.731942322084079,0.0,3.2948509037840488,0.0,3.2467756428029504,0.0,0.6361622524773263,0.0,-12.420550098205693,0.0,0.9711010156241954,0.0,""
"2026-09-25 17:16:53","git-master-bddc7a050319718b5e4e0856afec0bc9ea96418f","C:\Users\marco\Desktop\ds004507\derivatives\labels\sub-005\ses-headNormal\anat\sub-005_ses-headNormal_T2w_seg-manual.nii.gz","715","8","",46.49761192998788,0.0,4.595352366197275,0.0,22.857593576862758,0.0,6.5592171665880965,0.0,6.767746512511155,0.0,8.768577538018956,0.0,3.2868437662587846,0.0,3.272373400329312,0.0,0.6358434418223422,0.0,-8.101802551334004,0.0,0.9755078351064826,0.0,""
"2026-09-25 17:16:53","git-master-bddc7a050319718b5e4e0856afec0bc9ea96418f","C:\Users\marco\Desktop\ds004507\derivatives\labels\sub-005\ses-headNormal\anat\sub-005_ses-headNormal_T2w_seg-manual.nii.gz","716","8","",46.539915551475474,0.0,4.405415960353253,0.0,22.870221062373485,0.0,6.661091862028036,0.0,6.766158504351535,0.0,8.767235708168482,0.0,3.4876800959980203,0.0,3.1734117660300156,0.0,0.6359199087417209,0.0,-6.712882471709488,0.0,0.9767388419285638,0.0,""
"2026-09-25 17:16:53","git-master-bddc7a050319718b5e4e0856afec0bc9ea96418f","C:\Users\marco\Desktop\ds004507\derivatives\labels\sub-005\ses-headNormal\anat\sub-005_ses-headNormal_T2w_seg-manual.nii.gz","717","8","",47.97688373794342,0.0,4.227513572713625,0.0,22.87338629800036,0.0,6.597480415652348,0.0,6.703077833682995,0.0,9.104984083210324,0.0,3.421716493406979,0.0,3.175763922245369,0.0,0.6753754893894574,0.0,-7.016684734055466,0.0,0.9704163619101395,0.0,""
"2026-09-25 17:16:53","git-master-bddc7a050319718b5e4e0856afec0bc9ea96418f","C:\Users\marco\Desktop\ds004507\derivatives\labels\sub-005\ses-headNormal\anat\sub-005_ses-headNormal_T2w_seg-manual.nii.gz","718","8","",47.99221750581004,0.0,4.0576521680010735,0.0,22.870244388863327,0.0,6.517284726325641,0.0,6.637697186578682,0.0,9.18480605060772,0.0,3.3519893621853223,0.0,3.1652953641403188,0.0,0.6911804861061317,0.0,-7.041040166903195,0.0,0.9618178642656144,0.0,""
"2026-09-25 17:16:53","git-master-bddc7a050319718b5e4e0856afec0bc9ea96418f","C:\Users\marco\Desktop\ds004507\derivatives\labels\sub-005\ses-headNormal\anat\sub-005_ses-headNormal_T2w_seg-manual.nii.gz","719","8","",47.199135418398384,0.0,3.8958393719579774,0.0,22.860794343225948,0.0,6.476998788521641,0.0,6.604509058124228,0.0,9.077290466907895,0.0,3.3144016575207256,0.0,3.1625971310009153,0.0,0.6857443942536549,0.0,-6.771856629323292,0.0,0.9557428908314503,0.0,""
"2026-09-25 17:16:53","git-master-bddc7a050319718b5e4e0856afec0bc9ea96418f","C:\Users\marco\Desktop\ds004507\derivatives\labels\sub-005\ses-headNormal\anat\sub-005_ses-headNormal_T2w_seg-manual.nii.gz","720","8","",46.74766046766548,0.0,3.7432939684685573,0.0,22.84408813709681,0.0,6.571550613646589,0.0,6.664328769480175,0.0,8.92004336061195,0.0,3.3599001629222225,0.0,3.211650450724366,0.0,0.6645681267864081,0.0,-6.268619410235294,0.0,0.9605986336196461,0.0,""
"2026-09-25 17:16:53","git-master-bddc7a050319718b5e4e0856afec0bc9ea96418f","C:\Users\marco\Desktop\ds004507\derivatives\labels\sub-005\ses-headNormal\anat\sub-005_ses-headNormal_T2w_seg-manual.nii.gz","721","8","",46.290421941872296,0.0,3.602050646890433,0.0,22.818539524509497,0.0,6.320393500096269,0.0,6.4839612621295695,0.0,9.055634639644362,0.0,3.245774166493837,0.0,3.074619333602432,0.0,0.6969952467719379,0.0,-6.37618374039754,0.0,0.9741001687685088,0.0,""
"2026-09-25 17:16:53","git-master-bddc7a050319718b5e4e0856afec0bc9ea96418f","C:\Users\marco\Desktop\ds004507\derivatives\labels\sub-005\ses-headNormal\anat\sub-005_ses-headNormal_T2w_seg-manual.nii.gz","722","8","",46.32189559676478,0.0,3.4688906295994766,0.0,22.786666426218538,0.0,6.141353199275918,0.0,6.328279249713151,0.0,9.275714897891387,0.0,3.1156433437823168,0.0,3.0257098554936013,0.0,0.7302000752071651,0.0,-7.590682422833398,0.0,0.9738644764437591,0.0,""
"2026-09-25 17:16:53","git-master-bddc7a050319718b5e4e0856afec0bc9ea96418f","C:\Users\marco\Desktop\ds004507\derivatives\labels\sub-005\ses-headNormal\anat\sub-005_ses-headNormal_T2w_seg-manual.nii.gz","723","8","",46.8200076799119,0.0,3.3438188586604385,0.0,22.748463252767124,0.0,6.12269949783813,0.0,6.267100307769798,0.0,9.474396616991733,0.0,3.0475177511695057,0.0,3.075181746668624,0.0,0.7497979858832746,0.0,-9.290246898406089,0.0,0.9633781743099914,0.0,""
"2026-09-25 17:16:53","git-master-bddc7a050319718b5e4e0856afec0bc9ea96418f","C:\Users\marco\Desktop\ds004507\derivatives\labels\sub-005\ses-headNormal\anat\sub-005_ses-headNormal_T2w_seg-manual.nii.gz","724","8","",47.58337402485777,0.0,3.228866462924639,0.0,22.702335548049998,0.0,6.397764767790321,0.0,6.426674905263626,0.0,9.401665763419139,0.0,3.2339803269138288,0.0,3.163784440876492,0.0,0.7297389262109526,0.0,-9.437174088530515,0.0,0.9604971433571704,0.0,""
"2026-09-25 17:16:53","git-master-bddc7a050319718b5e4e0856afec0bc9ea96418f","C:\Users\marco\Desktop\ds004507\derivatives\labels\sub-005\ses-headNormal\anat\sub-005_ses-headNormal_T2w_seg-manual.nii.gz","725","8","",47.20607694342182,0.0,3.1244495482101162,0.0,22.647943854552075,0.0,6.2027208668506955,0.0,6.356602927335426,0.0,9.4483259909917,0.0,3.1620997851424346,0.0,3.040621081708261,0.0,0.7396398293592562,0.0,-8.316271260460656,0.0,0.9626975156059583,0.0,""
"2026-09-25 17:16:53","git-master-bddc7a050319718b5e4e0856afec0bc9ea96418f","C:\Users\marco\Desktop\ds004507\derivatives\labels\sub-005\ses-headNormal\anat\sub-005_ses-headNormal_T2w_seg-manual.nii.gz","726","8","",48.449421496959815,0.0,3.0281422963825326,0.0,22.587179562019404,0.0,6.24652132018034,0.0,6.4466662241283315,0.0,9.563057081515941,0.0,3.173332457135173,0.0,3.0731888630451665,0.0,0.7385310229650636,0.0,-8.018783184303151,0.0,0.9669245515944979,0.0,""
"2026-09-25 17:16:53","git-master-bddc7a050319718b5e4e0856afec0bc9ea96418f","C:\Users\marco\Desktop\ds004507\derivatives\labels\sub-005\ses-headNormal\anat\sub-005_ses-headNormal_T2w_seg-manual.nii.gz","727","8","",51.214760146715,0.0,2.9399477192398864,0.0,22.520032540848913,0.0,6.599352557541436,0.0,6.728139313744935,0.0,9.688201643318425,0.0,3.332635230776839,0.0,3.266717326764596,0.0,0.7193942393032287,0.0,-8.423654814408183,0.0,0.9710593024066679,0.0,""
"2026-09-25 17:16:53","git-master-bddc7a050319718b5e4e0856afec0bc9ea96418f","C:\Users\marco\Desktop\ds004507\derivatives\labels\sub-005\ses-headNormal\anat\sub-005_ses-headNormal_T2w_seg-manual.nii.gz","728","8","",51.00555904528752,0.0,2.8627117125409787,0.0,22.444242368419125,0.0,6.667541845910519,0.0,6.830682345575978,0.0,9.558837650736384,0.0,3.535290196425249,0.0,3.13225164948527,0.0,0.6993215432347223,0.0,-5.88541129974747,0.0,0.9670149384005147,0.0,""
"2026-09-25 17:16:53","git-master-bddc7a050319718b5e4e0856afec0bc9ea96418f","C:\Users\marco\Desktop\ds004507\derivatives\labels\sub-005\ses-headNormal\anat\sub-005_ses-headNormal_T2w_seg-manual.nii.gz","729","8","",51.52837619728831,0.0,2.7940484433847192,0.0,22.36169218458551,0.0,6.719148455502029,0.0,6.865873877262878,0.0,9.565322830764433,0.0,3.5132283989866,0.0,3.205920056515429,0.0,0.6962553814970113,0.0,-5.655854284761214,0.0,0.9730144704680812,0.0,""
"2026-09-25 17:16:53","git-master-bddc7a050319718b5e4e0856afec0bc9ea96418f","C:\Users\marco\Desktop\ds004507\derivatives\labels\sub-005\ses-headNormal\anat\sub-005_ses-headNormal_T2w_seg-manual.nii.gz","730","8","",51.78833789812632,0.0,2.7318953803036212,0.0,22.274009984725875,0.0,6.699518544985489,0.0,6.858116535555704,0.0,9.59159811599259,0.0,3.4326397693454096,0.0,3.2668787756400794,0.0,0.6991018962213011,0.0,-6.906124796444642,0.0,0.9785331941479075,0.0,""
"2026-09-25 17:16:53","git-master-bddc7a050319718b5e4e0856afec0bc9ea96418f","C:\Users\marco\Desktop\ds004507\derivatives\labels\sub-005\ses-headNormal\anat\sub-005_ses-headNormal_T2w_seg-manual.nii.gz","731","8","",51.451802907976415,0.0,2.675911526570122,0.0,22.18146319430631,0.0,6.596881761985444,0.0,6.82291534227924,0.0,9.594791099473257,0.0,3.3731353246410007,0.0,3.223746437344443,0.0,0.7030836521629806,0.0,-9.084151135763598,0.0,0.9783633775752554,0.0,""
"2026-09-25 17:16:53","git-master-bddc7a050319718b5e4e0856afec0bc9ea96418f","C:\Users\marco\Desktop\ds004507\derivatives\labels\sub-005\ses-headNormal\anat\sub-005_ses-headNormal_T2w_seg-manual.nii.gz","732","8","",52.0299245366331,0.0,2.628876274516552,0.0,22.0818298649735,0.0,6.623751122302107,0.0,6.857664686431178,0.0,9.661467692824232,0.0,3.478500762663065,0.0,3.145250359639042,0.0,0.704404395706776,0.0,-8.523388924023605,0.0,0.9641776179425982,0.0,""
"2026-09-25 17:16:53","git-master-bddc7a050319718b5e4e0856afec0bc9ea96418f","C:\Users\marco\Desktop\ds004507\derivatives\labels\sub-005\ses-headNormal\anat\sub-005_ses-headNormal_T2w_seg-manual.nii.gz","733","8","",51.56433677265215,0.0,2.5886317998724593,0.0,21.976790745299454,0.0,6.54763927021738,0.0,6.798797835115763,0.0,9.697348938378088,0.0,3.4794590854798617,0.0,3.0681801847375194,0.0,0.7129650651564323,0.0,-8.13389615822335,0.0,0.9637983342367695,0.0,""
"2026-09-25 17:16:53","git-master-bddc7a050319718b5e4e0856afec0bc9ea96418f","C:\Users\marco\Desktop\ds004507\derivatives\labels\sub-005\ses-headNormal\anat\sub-005_ses-headNormal_T2w_seg-manual.nii.gz","734","8","",51.006644212528705,0.0,2.5545615987577035,0.0,21.866821353278123,0.0,6.485612251424807,0.0,6.729693469504323,0.0,9.733626633841695,0.0,3.4432781964445756,0.0,3.042334054980232,0.0,0.7224554627959904,0.0,-8.644885750996957,0.0,0.9661905963964008,0.0,""
"2026-09-25 17:16:53","git-master-bddc7a050319718b5e4e0856afec0bc9ea96418f","C:\Users\marco\Desktop\ds004507\derivatives\labels\sub-005\ses-headNormal\anat\sub-005_ses-headNormal_T2w_seg-manual.nii.gz","735","8","",51.05780115807499,0.0,2.526666358052875,0.0,21.751908665507283,0.0,6.5257916164371785,0.0,6.711607322462604,0.0,9.793530777915924,0.0,3.417229652541652,0.0,3.108561963895527,0.0,0.7282512064706798,0.0,-10.665725498743043,0.0,0.9633527532418719,0.0,""
"2026-09-25 17:16:53","git-master-bddc7a050319718b5e4e0856afec0bc9ea96418f","C:\Users\marco\Desktop\ds004507\derivatives\labels\sub-005\ses-headNormal\anat\sub-005_ses-headNormal_T2w_seg-manual.nii.gz","736","7","",49.09705740938664,0.0,2.5018425437143943,0.0,21.585774999102107,0.0,6.433043568783086,0.0,6.686554167841528,0.0,9.45235694049107,0.0,3.3138953828656526,0.0,3.1191481859174335,0.0,0.7068180075697732,0.0,-9.289639024120627,0.0,0.9730314960629921,0.0,""
"2026-09-25 17:16:53","git-master-bddc7a050319718b5e4e0856afec0bc9ea96418f","C:\Users\marco\Desktop\ds004507\derivatives\labels\sub-005\ses-headNormal\anat\sub-005_ses-headNormal_T2w_seg-manual.nii.gz","737","7","",50.202907379222154,0.0,2.4925041449584127,0.0,21.44659819408673,0.0,6.292097832839995,0.0,6.482344672874973,0.0,9.900906263459742,0.0,3.207578606317664,0.0,3.084519226522332,0.0,0.7544320082010474,0.0,-7.298604936113327,0.0,0.9670485745733396,0.0,""
"2026-09-25 17:16:53","git-master-bddc7a050319718b5e4e0856afec0bc9ea96418f","C:\Users\marco\Desktop\ds004507\derivatives\labels\sub-005\ses-headNormal\anat\sub-005_ses-headNormal_T2w_seg-manual.nii.gz","738","7","",49.68742470840393,0.0,2.4906344365961104,0.0,21.30132656684338,0.0,6.24239311902561,0.0,6.418636000894256,0.0,9.861119041956497,0.0,3.1476032149130635,0.0,3.094789904112546,0.0,0.7589824492356613,0.0,-9.246367195894338,0.0,0.9607863701576264,0.0,""
"2026-09-25 17:16:53","git-master-bddc7a050319718b5e4e0856afec0bc9ea96418f","C:\Users\marco\Desktop\ds004507\derivatives\labels\sub-005\ses-headNormal\anat\sub-005_ses-headNormal_T2w_seg-manual.nii.gz","739","7","",48.523556445361706,0.0,2.496233394514823,0.0,21.149932687022307,0.0,6.224242937244357,0.0,6.402827959445369,0.0,9.630483622539826,0.0,3.1496043510857503,0.0,3.074638586158607,0.0,0.7467534707561779,0.0,-8.837967943940544,0.0,0.9642732086708682,0.0,""
"2026-09-25 17:16:53","git-master-bddc7a050319718b5e4e0856afec0bc9ea96418f","C:\Users\marco\Desktop\ds004507\derivatives\labels\sub-005\ses-headNormal\anat\sub-005_ses-headNormal_T2w_seg-manual.nii.gz","740","7","",47.49567311179403,0.0,2.5093008775312895,0.0,20.992388611802248,0.0,6.19957911473123,0.0,6.37546283021308,0.0,9.443971317541541,0.0,3.164579474194266,0.0,3.0349996405369635,0.0,0.7377075568522753,0.0,-4.853270713497412,0.0,0.9759192156057485,0.0,""
"2026-09-25 17:16:53","git-master-bddc7a050319718b5e4e0856afec0bc9ea96418f","C:\Users\marco\Desktop\ds004507\derivatives\labels\sub-005\ses-headNormal\anat\sub-005_ses-headNormal_T2w_seg-manual.nii.gz","741","7","",47.2890838010527,0.0,2.5306226527867723,0.0,20.8280099955152,0.0,6.157654849919476,0.0,6.318485802074758,0.0,9.496356290487517,0.0,3.0140187525897275,0.0,3.1436360973297486,0.0,0.7465086121972334,0.0,-4.5038773140121755,0.0,0.9735592403825832,0.0,""
"2026-09-25 17:16:53","git-master-bddc7a050319718b5e4e0856afec0bc9ea96418f","C:\Users\marco\Desktop\ds004507\derivatives\labels\sub-005\ses-headNormal\anat\sub-005_ses-headNormal_T2w_seg-manual.nii.gz","742","7","",50.46997451191137,0.0,2.5613767171187525,0.0,20.65576079424514,0.0,6.532029919303248,0.0,6.6216749919673825,0.0,9.695394779922642,0.0,3.2832605907208325,0.0,3.2487693285824157,0.0,0.7304164297154534,0.0,-6.629186480426788,0.0,0.9703469569698063,0.0,""
"2026-09-25 17:16:53","git-master-bddc7a050319718b5e4e0856afec0bc9ea96418f","C:\Users\marco\Desktop\ds004507\derivatives\labels\sub-005\ses-headNormal\anat\sub-005_ses-headNormal_T2w_seg-manual.nii.gz","743","7","",51.25697265211745,0.0,2.599596738530027,0.0,20.477236844835364,0.0,6.492546336682655,0.0,6.646550578953778,0.0,9.877984625869724,0.0,3.302613238253837,0.0,3.189933098428818,0.0,0.7392853318722221,0.0,-7.808600660434167,0.0,0.9639779899193545,0.0,""
"2026-09-25 17:16:53","git-master-bddc7a050319718b5e4e0856afec0bc9ea96418f","C:\Users\marco\Desktop\ds004507\derivatives\labels\sub-005\ses-headNormal\anat\sub-005_ses-headNormal_T2w_seg-manual.nii.gz","744","7","",51.82407968296496,0.0,2.645281547578018,0.0,20.292406293558358,0.0,6.429140944636529,0.0,6.64677881316025,0.0,10.055739682373568,0.0,3.271325282432778,0.0,3.1578156622037516,0.0,0.750410598484258,0.0,-8.14504211674273,0.0,0.9580971165444642,0.0,""
"2026-09-25 17:16:53","git-master-bddc7a050319718b5e4e0856afec0bc9ea96418f","C:\Users\marco\Desktop\ds004507\derivatives\labels\sub-005\ses-headNormal\anat\sub-005_ses-headNormal_T2w_seg-manual.nii.gz","745","7","",53.98753710364572,0.0,2.6984298316106377,0.0,20.101236859220467,0.0,6.659829104960965,0.0,6.828846995396595,0.0,10.227880235769007,0.0,3.370289875123939,0.0,3.289539229837026,0.0,0.7444333726961532,0.0,-8.232703362431069,0.0,0.9568362770148492,0.0,""
"2026-09-25 17:16:53","git-master-bddc7a050319718b5e4e0856afec0bc9ea96418f","C:\Users\marco\Desktop\ds004507\derivatives\labels\sub-005\ses-headNormal\anat\sub-005_ses-headNormal_T2w_seg-manual.nii.gz","746","7","",53.707567317331,0.0,2.7606102995571984,0.0,19.902340727098096,0.0,6.525737182655223,0.0,6.705047543880063,0.0,10.230098157438208,0.0,3.239051670791306,0.0,3.2866855118639164,0.0,0.7552308226852092,0.0,-9.2715109468755,0.0,0.9649697887657565,0.0,""
"2026-09-25 17:16:53","git-master-bddc7a050319718b5e4e0856afec0bc9ea96418f","C:\Users\marco\Desktop\ds004507\derivatives\labels\sub-005\ses-headNormal\anat\sub-005_ses-headNormal_T2w_seg-manual.nii.gz","747","7","",52.62654683584266,0.0,2.8314266338118568,0.0,19.6959915831786,0.0,6.4044873653354175,0.0,6.499967838053867,0.0,10.272232327084941,0.0,3.1735207881980485,0.0,3.2309665771373686,0.0,0.77407072821705,0.0,-10.213387103801947,0.0,0.9822006469118673,0.0,""
"2026-09-25 17:16:53","git-master-bddc7a050319718b5e4e0856afec0bc9ea96418f","C:\Users\marco\Desktop\ds004507\derivatives\labels\sub-005\ses-headNormal\anat\sub-005_ses-headNormal_T2w_seg-manual.nii.gz","748","7","",52.449310884210504,0.0,2.9096982076218203,0.0,19.483162237532074,0.0,6.413294028997588,0.0,6.464582614350109,0.0,10.272935824612333,0.0,3.217622196791984,0.0,3.1956718322056035,0.0,0.7771031900160978,0.0,-12.050137461803583,0.0,0.982135792535028,0.0,""
"2026-09-25 17:16:53","git-master-bddc7a050319718b5e4e0856afec0bc9ea96418f","C:\Users\marco\Desktop\ds004507\derivatives\labels\sub-005\ses-headNormal\anat\sub-005_ses-headNormal_T2w_seg-manual.nii.gz","749","7","",53.198306544599625,0.0,2.995422289857812,0.0,19.26381737324215,0.0,6.497029835614898,0.0,6.560397105620554,0.0,10.288954220225024,0.0,3.279069628272624,0.0,3.2179602073422733,0.0,0.7703556749774193,0.0,-13.250093946920238,0.0,0.9698932660104201,0.0,""
"2026-09-25 17:16:53","git-master-bddc7a050319718b5e4e0856afec0bc9ea96418f","C:\Users\marco\Desktop\ds004507\derivatives\labels\sub-005\ses-headNormal\anat\sub-005_ses-headNormal_T2w_seg-manual.nii.gz","750","7","",54.23281694635377,0.0,3.088595941936108,0.0,19.037921362925307,0.0,6.531963096060141,0.0,6.640860799200742,0.0,10.420159774429843,0.0,3.2230707527772835,0.0,3.3088923432828574,0.0,0.7705881065699042,0.0,-11.624233461017969,0.0,0.9619689969306526,0.0,""
"2026-09-25 17:16:53","git-master-bddc7a050319718b5e4e0856afec0bc9ea96418f","C:\Users\marco\Desktop\ds004507\derivatives\labels\sub-005\ses-headNormal\anat\sub-005_ses-headNormal_T2w_seg-manual.nii.gz","751","7","",53.59365977640593,0.0,3.191564875453615,0.0,18.80333389286518,0.0,6.400582464089168,0.0,6.567069878098586,0.0,10.561194191385313,0.0,3.2847275139317333,0.0,3.1158549501574346,0.0,0.7830674305149953,0.0,-12.813150550159039,0.0,0.9653169827481634,0.0,""
"2026-09-25 17:16:53","git-master-bddc7a050319718b5e4e0856afec0bc9ea96418f","C:\Users\marco\Desktop\ds004507\derivatives\labels\sub-005\ses-headNormal\anat\sub-005_ses-headNormal_T2w_seg-manual.nii.gz","752","7","",54.67625699586895,0.0,3.3023632908204106,0.0,18.56173190142555,0.0,6.482813499863619,0.0,6.639761228602169,0.0,10.616373564206956,0.0,3.3449087995493514,0.0,3.137904700314268,0.0,0.7802563837106671,0.0,-12.364179094573874,0.0,0.9704331274915653,0.0,""
"2026-09-25 17:16:53","git-master-bddc7a050319718b5e4e0856afec0bc9ea96418f","C:\Users\marco\Desktop\ds004507\derivatives\labels\sub-005\ses-headNormal\anat\sub-005_ses-headNormal_T2w_seg-manual.nii.gz","753","7","",55.68446654127121,0.0,3.4205945939699376,0.0,18.31342573582225,0.0,6.527056953498128,0.0,6.6475207827317275,0.0,10.67763192871187,0.0,3.347814352040649,0.0,3.1792426014574797,0.0,0.7824400602329021,0.0,-12.144472447037131,0.0,0.970400455588105,0.0,""
"2026-09-25 17:16:53","git-master-bddc7a050319718b5e4e0856afec0bc9ea96418f","C:\Users\marco\Desktop\ds004507\derivatives\labels\sub-005\ses-headNormal\anat\sub-005_ses-headNormal_T2w_seg-manual.nii.gz","754","7","",55.899622984903345,0.0,3.5462536795997774,0.0,18.058377952017754,0.0,6.48612864113621,0.0,6.575234375612878,0.0,10.74189811532679,0.0,3.3011573854111966,0.0,3.1849712557250136,0.0,0.7907656369506204,0.0,-12.834814309655144,0.0,0.9661106689313035,0.0,""
"2026-09-25 17:16:53","git-master-bddc7a050319718b5e4e0856afec0bc9ea96418f","C:\Users\marco\Desktop\ds004507\derivatives\labels\sub-005\ses-headNormal\anat\sub-005_ses-headNormal_T2w_seg-manual.nii.gz","755","7","",55.44098239224836,0.0,3.6797252294041782,0.0,17.79619083337533,0.0,6.501531383664769,0.0,6.599049690518488,0.0,10.710072025897,0.0,3.2787356565968175,0.0,3.2227957270679517,0.0,0.7876247658153191,0.0,-14.15654663456803,0.0,0.9665613808454637,0.0,""
"2026-09-25 17:16:53","git-master-bddc7a050319718b5e4e0856afec0bc9ea96418f","C:\Users\marco\Desktop\ds004507\derivatives\labels\sub-005\ses-headNormal\anat\sub-005_ses-headNormal_T2w_seg-manual.nii.gz","756","7","",55.16565900255848,0.0,3.8229491768898347,0.0,17.525000733066776,0.0,6.495665674945361,0.0,6.610498595121625,0.0,10.720763564812806,0.0,3.2552281422737592,0.0,3.240437532671602,0.0,0.7872711144868532,0.0,-15.100855168528359,0.0,0.9540125731457829,0.0,""
"2026-09-25 17:16:53","git-master-bddc7a050319718b5e4e0856afec0bc9ea96418f","C:\Users\marco\Desktop\ds004507\derivatives\labels\sub-005\ses-headNormal\anat\sub-005_ses-headNormal_T2w_seg-manual.nii.gz","757","7","",55.55350189886236,0.0,3.973574053601207,0.0,17.246911504713868,0.0,6.406869606239763,0.0,6.5749741408788305,0.0,10.888035924602724,0.0,3.2386220483490202,0.0,3.1682475578907425,0.0,0.7968291063637031,0.0,-13.881534628135055,0.0,0.9549255734222667,0.0,""
"2026-09-25 17:16:53","git-master-bddc7a050319718b5e4e0856afec0bc9ea96418f","C:\Users\marco\Desktop\ds004507\derivatives\labels\sub-005\ses-headNormal\anat\sub-005_ses-headNormal_T2w_seg-manual.nii.gz","758","7","",55.538998656701786,0.0,4.1315916516138955,0.0,16.961885304434862,0.0,6.223839000215983,0.0,6.414739093951777,0.0,11.105640472525126,0.0,3.1395179002450955,0.0,3.0843210999708877,0.0,0.8157063783751167,0.0,-12.179580680986668,0.0,0.9591549065145962,0.0,""
"2026-09-25 17:16:53","git-master-bddc7a050319718b5e4e0856afec0bc9ea96418f","C:\Users\marco\Desktop\ds004507\derivatives\labels\sub-005\ses-headNormal\anat\sub-005_ses-headNormal_T2w_seg-manual.nii.gz","759","7","",54.987463826075576,0.0,4.29699329851443,0.0,16.669884370276645,0.0,6.030110202882036,0.0,6.178228596759786,0.0,11.274270707133107,0.0,2.969260414615052,0.0,3.060849788266984,0.0,0.8364736073441814,0.0,-11.281025822331989,0.0,0.95950984407759,0.0,""
"2026-09-25 17:16:53","git-master-bddc7a050319718b5e4e0856afec0bc9ea96418f","C:\Users\marco\Desktop\ds004507\derivatives\labels\sub-005\ses-headNormal\anat\sub-005_ses-headNormal_T2w_seg-manual.nii.gz","760","7","",56.68596329028886,0.0,4.470931248933124,0.0,16.36975299330287,0.0,6.210701643440959,0.0,6.302603560129822,0.0,11.312317859985752,0.0,3.0495444849974715,0.0,3.1611571584434874,0.0,0.8304081799479084,0.0,-11.259142758670793,0.0,0.960289072646121,0.0,""
"2026-09-25 17:16:53","git-master-bddc7a050319718b5e4e0856afec0bc9ea96418f","C:\Users\marco\Desktop\ds004507\derivatives\labels\sub-005\ses-headNormal\anat\sub-005_ses-headNormal_T2w_seg-manual.nii.gz","761","7","",55.34890520903741,0.0,4.653773057591822,0.0,16.061050285139604,0.0,6.11762312959143,0.0,6.2840956821519125,0.0,11.289204578339252,0.0,3.028025139058616,0.0,3.089597990532813,0.0,0.8307496843687509,0.0,-12.792016459746181,0.0,0.9475097411182223,0.0,""
"2026-09-25 17:16:53","git-master-bddc7a050319718b5e4e0856afec0bc9ea96418f","C:\Users\marco\Desktop\ds004507\derivatives\labels\sub-005\ses-headNormal\anat\sub-005_ses-headNormal_T2w_seg-manual.nii.gz","762","7","",54.45654774594112,0.0,4.843954181885546,0.0,15.745218068232688,0.0,6.136943495297864,0.0,6.251035484952852,0.0,11.250294486976298,0.0,3.1095457751677076,0.0,3.027397720130156,0.0,0.8314281021924033,0.0,-14.395865060107097,0.0,0.946900161453595,0.0,""
"2026-09-25 17:16:53","git-master-bddc7a050319718b5e4e0856afec0bc9ea96418f","C:\Users\marco\Desktop\ds004507\derivatives\labels\sub-005\ses-headNormal\anat\sub-005_ses-headNormal_T2w_seg-manual.nii.gz","763","7","",54.17817216123715,0.0,5.0414614776632485,0.0,15.422220288775446,0.0,6.199291255032119,0.0,6.20210465077813,0.0,11.222804168679344,0.0,3.174928030397053,0.0,3.0243632246350654,0.0,0.833407514287124,0.0,-14.698311832599193,0.0,0.9545018917610044,0.0,""
"2026-09-25 17:16:53","git-master-bddc7a050319718b5e4e0856afec0bc9ea96418f","C:\Users\marco\Desktop\ds004507\derivatives\labels\sub-005\ses-headNormal\anat\sub-005_ses-headNormal_T2w_seg-manual.nii.gz","764","7","",54.227814447172115,0.0,5.246281163260455,0.0,15.092021248901192,0.0,6.17926557326953,0.0,6.138966334991966,0.0,11.227889193166336,0.0,3.0884948300154917,0.0,3.090770743254038,0.0,0.8372732068674917,0.0,-12.748217813162748,0.0,0.9597706700726016,0.0,""
"2026-09-25 17:16:53","git-master-bddc7a050319718b5e4e0856afec0bc9ea96418f","C:\Users\marco\Desktop\ds004507\derivatives\labels\sub-005\ses-headNormal\anat\sub-005_ses-headNormal_T2w_seg-manual.nii.gz","765","7","",56.20585644871335,0.0,5.4603104963539915,0.0,14.752663457333783,0.0,6.2934829369291325,0.0,6.3229374639716465,0.0,11.254255850271974,0.0,3.1939275496762503,0.0,3.0995553872528827,0.0,0.8272191059221953,0.0,-11.398633353402888,0.0,0.9483796775123807,0.0,""
"2026-09-25 17:16:53","git-master-bddc7a050319718b5e4e0856afec0bc9ea96418f","C:\Users\marco\Desktop\ds004507\derivatives\labels\sub-005\ses-headNormal\anat\sub-005_ses-headNormal_T2w_seg-manual.nii.gz","766","7","",54.23542100995625,0.0,5.682368776897035,0.0,14.405232804202775,0.0,6.133737649223249,0.0,6.097589991760077,0.0,11.38591516494046,0.0,3.0121088862394494,0.0,3.1216287629837995,0.0,0.843991380855276,0.0,-14.65480257891251,0.0,0.958957159449027,0.0,""
"2026-09-25 17:16:53","git-master-bddc7a050319718b5e4e0856afec0bc9ea96418f","C:\Users\marco\Desktop\ds004507\derivatives\labels\sub-005\ses-headNormal\anat\sub-005_ses-headNormal_T2w_seg-manual.nii.gz","767","7","",52.84917271051414,0.0,5.911669501062522,0.0,14.050460494625773,0.0,5.9459305685442505,0.0,6.013834006142344,0.0,11.33437848081024,0.0,2.900462910497387,0.0,3.0454676580468636,0.0,0.8473744489682475,0.0,-15.249200740535434,0.0,0.9618164463187282,0.0,""
"2026-09-25 17:16:53","git-master-bddc7a050319718b5e4e0856afec0bc9ea96418f","C:\Users\marco\Desktop\ds004507\derivatives\labels\sub-005\ses-headNormal\anat\sub-005_ses-headNormal_T2w_seg-manual.nii.gz","768","7","",53.58594695145193,0.0,6.124380640605826,0.0,13.690782192867907,0.0,5.90245589083966,0.0,6.099374276434801,0.0,11.291206379656021,0.0,2.9419713978538216,0.0,2.9604844929858376,0.0,0.8412711601145456,0.0,-12.926770385471876,0.0,0.9592581183010125,0.0,""
"2026-09-25 17:16:53","git-master-bddc7a050319718b5e4e0856afec0bc9ea96418f","C:\Users\marco\Desktop\ds004507\derivatives\labels\sub-005\ses-headNormal\anat\sub-005_ses-headNormal_T2w_seg-manual.nii.gz","769","7","",56.53887843514092,0.0,6.279660662718934,0.0,13.330396367571959,0.0,6.16426947611547,0.0,6.088279776243791,0.0,11.755274624650369,0.0,3.076807108463217,0.0,3.087462367652252,0.0,0.8554296792006855,0.0,-11.43121804833145,0.0,0.9721205784979962,0.0,""
"2026-09-25 17:16:53","git-master-bddc7a050319718b5e4e0856afec0bc9ea96418f","C:\Users\marco\Desktop\ds004507\derivatives\labels\sub-005\ses-headNormal\anat\sub-005_ses-headNormal_T2w_seg-manual.nii.gz","770","6","",56.26942483039667,0.0,6.264950576700663,0.0,12.883481546332641,0.0,6.393832845154315,0.0,6.349050220691383,0.0,11.18234025759834,0.0,3.194163607988868,0.0,3.1996692371654474,0.0,0.8231839745504256,0.0,-15.184158040552514,0.0,0.9578000691802144,0.0,""
"2026-09-25 17:16:53","git-master-bddc7a050319718b5e4e0856afec0bc9ea96418f","C:\Users\marco\Desktop\ds004507\derivatives\labels\sub-005\ses-headNormal\anat\sub-005_ses-headNormal_T2w_seg-manual.nii.gz","771","6","",57.912351437823,0.0,6.0988200564986474,0.0,12.563573509413683,0.0,6.348003937373194,0.0,6.3909205943581515,0.0,11.556227370350449,0.0,3.091760277361483,0.0,3.2562436600117106,0.0,0.8329813173981124,0.0,-14.909868106918136,0.0,0.9515313305278663,0.0,""
"2026-09-25 17:16:53","git-master-bddc7a050319718b5e4e0856afec0bc9ea96418f","C:\Users\marco\Desktop\ds004507\derivatives\labels\sub-005\ses-headNormal\anat\sub-005_ses-headNormal_T2w_seg-manual.nii.gz","772","6","",58.49693612080712,0.0,5.833589459899165,0.0,12.248726631099414,0.0,6.261179144529237,0.0,6.333807148871605,0.0,11.816287805919345,0.0,3.039161519697566,0.0,3.2220176248316714,0.0,0.84398294516871,0.0,-14.231383722620823,0.0,0.9522427517965802,0.0,""
"2026-09-25 17:16:53","git-master-bddc7a050319718b5e4e0856afec0bc9ea96418f","C:\Users\marco\Desktop\ds004507\derivatives\labels\sub-005\ses-headNormal\anat\sub-005_ses-headNormal_T2w_seg-manual.nii.gz","773","6","",58.26993673215492,0.0,5.469073637656782,0.0,11.938972727821335,0.0,6.179066412475648,0.0,6.2562446144265165,0.0,11.891977472321864,0.0,3.0436381901770777,0.0,3.1354282222985708,0.0,0.8503440483604339,0.0,-13.562267624970733,0.0,0.9580597018233727,0.0,""
"2026-09-25 17:16:53","git-master-bddc7a050319718b5e4e0856afec0bc9ea96418f","C:\Users\marco\Desktop\ds004507\derivatives\labels\sub-005\ses-headNormal\anat\sub-005_ses-headNormal_T2w_seg-manual.nii.gz","774","6","",57.49142465638442,0.0,4.990806853924713,0.0,11.635087849623094,0.0,6.1719890959587875,0.0,6.274983662420842,0.0,11.649461929036079,0.0,3.124423319761401,0.0,3.047565776197387,0.0,0.8424953185069167,0.0,-13.534048978437704,0.0,0.9668549610396135,0.0,""
"2026-09-25 17:16:53","git-master-bddc7a050319718b5e4e0856afec0bc9ea96418f","C:\Users\marco\Desktop\ds004507\derivatives\labels\sub-005\ses-headNormal\anat\sub-005_ses-headNormal_T2w_seg-manual.nii.gz","775","6","",59.65569009564126,0.0,4.369586189230094,0.0,11.338639020428566,0.0,6.174493752963211,0.0,6.219657722583576,0.0,12.187315246478608,0.0,3.1599739924938963,0.0,3.0145197604693146,0.0,0.8592500327599257,0.0,-13.02926384222075,0.0,0.9652143360719256,0.0,""
"2026-09-25 17:16:53","git-master-bddc7a050319718b5e4e0856afec0bc9ea96418f","C:\Users\marco\Desktop\ds004507\derivatives\labels\sub-005\ses-headNormal\anat\sub-005_ses-headNormal_T2w_seg-manual.nii.gz","776","6","",61.3935829232844,0.0,3.6478577755997414,0.0,11.047451618017387,0.0,6.150650832170985,0.0,6.176216346292794,0.0,12.595328881369557,0.0,3.1553176225987327,0.0,2.9953332095722525,0.0,0.8714259321576838,0.0,-12.778551533658533,0.0,0.9581143291501614,0.0,""
"2026-09-25 17:16:53","git-master-bddc7a050319718b5e4e0856afec0bc9ea96418f","C:\Users\marco\Desktop\ds004507\derivatives\labels\sub-005\ses-headNormal\anat\sub-005_ses-headNormal_T2w_seg-manual.nii.gz","777","6","",62.43778451106619,0.0,2.8254567024230317,0.0,10.761552553256825,0.0,6.1175306119386486,0.0,6.18716889332746,0.0,12.760417447250033,0.0,3.1138942630039534,0.0,3.003636348934695,0.0,0.874490303074029,0.0,-12.829778186782695,0.0,0.9457897156312909,0.0,""
"2026-09-25 17:16:53","git-master-bddc7a050319718b5e4e0856afec0bc9ea96418f","C:\Users\marco\Desktop\ds004507\derivatives\labels\sub-005\ses-headNormal\anat\sub-005_ses-headNormal_T2w_seg-manual.nii.gz","778","6","",63.06281438115859,0.0,1.8733250144357578,0.0,10.482509175862878,0.0,6.145059201033726,0.0,6.370552611590489,0.0,12.611880334924919,0.0,3.04083293829519,0.0,3.1042262627385355,0.0,0.8629496430711543,0.0,-13.108244630158826,0.0,0.9265135981842558,0.0,""
"2026-09-25 17:16:53","git-master-bddc7a050319718b5e4e0856afec0bc9ea96418f","C:\Users\marco\Desktop\ds004507\derivatives\labels\sub-005\ses-headNormal\anat\sub-005_ses-headNormal_T2w_seg-manual.nii.gz","779","6","",63.864068711016884,0.0,0.9479999135962571,0.0,10.210395284249062,0.0,6.076309334083211,0.0,6.467362774221391,0.0,12.7125089607127,0.0,2.975900582198154,0.0,3.100408751885057,0.0,0.8609197031388304,0.0,-14.153013375540564,0.0,0.9233004939199629,0.0,""
"2026-09-25 17:16:53","git-master-bddc7a050319718b5e4e0856afec0bc9ea96418f","C:\Users\marco\Desktop\ds004507\derivatives\labels\sub-005\ses-headNormal\anat\sub-005_ses-headNormal_T2w_seg-manual.nii.gz","780","6","",64.99717229703376,0.0,0.1308568972431386,0.0,9.943709230880087,0.0,6.058905131585918,0.0,6.507149267927256,0.0,12.912674063916896,0.0,2.959545515711452,0.0,3.0993596158744663,0.0,0.8636598259573132,0.0,-13.906248893524953,0.0,0.9289361984066034,0.0,""
"2026-09-25 17:16:53","git-master-bddc7a050319718b5e4e0856afec0bc9ea96418f","C:\Users\marco\Desktop\ds004507\derivatives\labels\sub-005\ses-headNormal\anat\sub-005_ses-headNormal_T2w_seg-manual.nii.gz","781","6","",66.46087052341318,0.0,-0.543132063739111,0.0,9.68247342796248,0.0,6.120785527599228,0.0,6.501404379165654,0.0,13.16611666237961,0.0,3.0037670813241117,0.0,3.117018446275116,0.0,0.8695551410041219,0.0,-12.136880440947856,0.0,0.9408481294840105,0.0,""
"2026-09-25 17:16:53","git-master-bddc7a050319718b5e4e0856afec0bc9ea96418f","C:\Users\marco\Desktop\ds004507\derivatives\labels\sub-005\ses-headNormal\anat\sub-005_ses-headNormal_T2w_seg-manual.nii.gz","782","6","",67.71825597222438,0.0,-1.0122812524551963,0.0,9.429084699367476,0.0,6.102621385824974,0.0,6.493766877810839,0.0,13.422338452731577,0.0,3.0925047422376437,0.0,3.01011664358733,0.0,0.8751235455126487,0.0,-12.683343816872297,0.0,0.9521713232785313,0.0,""
"2026-09-25 17:16:53","git-master-bddc7a050319718b5e4e0856afec0bc9ea96418f","C:\Users\marco\Desktop\ds004507\derivatives\labels\sub-005\ses-headNormal\anat\sub-005_ses-headNormal_T2w_seg-manual.nii.gz","783","6","",67.13556637579886,0.0,-1.3176012618764552,0.0,9.18202649647698,0.0,6.036356046052246,0.0,6.437895566465954,0.0,13.394953489366513,0.0,3.1005062851845158,0.0,2.9358497608677308,0.0,0.8769300856041693,0.0,-12.897286471276308,0.0,0.9494237687994491,0.0,""
"2026-09-25 17:16:53","git-master-bddc7a050319718b5e4e0856afec0bc9ea96418f","C:\Users\marco\Desktop\ds004507\derivatives\labels\sub-005\ses-headNormal\anat\sub-005_ses-headNormal_T2w_seg-manual.nii.gz","784","6","",66.25413102310083,0.0,-1.4796221582274394,0.0,8.940531992042462,0.0,6.044244379359451,0.0,6.359148491236534,0.0,13.300824163853909,0.0,3.086255760715835,0.0,2.9579886186436166,0.0,0.8782979059228458,0.0,-12.66181541387258,0.0,0.9517920004143123,0.0,""
"2026-09-25 17:16:53","git-master-bddc7a050319718b5e4e0856afec0bc9ea96418f","C:\Users\marco\Desktop\ds004507\derivatives\labels\sub-005\ses-headNormal\anat\sub-005_ses-headNormal_T2w_seg-manual.nii.gz","785","6","",66.05743984536252,0.0,-1.4983825056176716,0.0,8.70461955241231,0.0,6.213468051743037,0.0,6.27202226701516,0.0,13.276009136709906,0.0,3.0860471956855586,0.0,3.127420856057478,0.0,0.8813666901627056,0.0,-11.85808708430309,0.0,0.9723467862481315,0.0,""
"2026-09-25 17:16:53","git-master-bddc7a050319718b5e4e0856afec0bc9ea96418f","C:\Users\marco\Desktop\ds004507\derivatives\labels\sub-005\ses-headNormal\anat\sub-005_ses-headNormal_T2w_seg-manual.nii.gz","786","6","",67.13314396512793,0.0,-1.2920331514091616,0.0,8.47754117461894,0.0,6.214609545192482,0.0,6.322544313897081,0.0,13.422377380051286,0.0,3.1560527543724586,0.0,3.0585567908200235,0.0,0.8821057256943754,0.0,-12.914494151395635,0.0,0.9461287854382289,0.0,""
"2026-09-25 17:16:53","git-master-bddc7a050319718b5e4e0856afec0bc9ea96418f","C:\Users\marco\Desktop\ds004507\derivatives\labels\sub-005\ses-headNormal\anat\sub-005_ses-headNormal_T2w_seg-manual.nii.gz","787","6","",69.3991794036649,0.0,-0.9423497507109035,0.0,8.256120999629168,0.0,6.319046853553754,0.0,6.4746425111127275,0.0,13.588814077206575,0.0,3.1907607824971334,0.0,3.1282860710566203,0.0,0.879192842583676,0.0,-12.819548604822106,0.0,0.9485249562030901,0.0,""
"2026-09-25 17:16:53","git-master-bddc7a050319718b5e4e0856afec0bc9ea96418f","C:\Users\marco\Desktop\ds004507\derivatives\labels\sub-005\ses-headNormal\anat\sub-005_ses-headNormal_T2w_seg-manual.nii.gz","788","6","",71.18684935870776,0.0,-0.4493063185020045,0.0,8.040373428819928,0.0,6.417657109488637,0.0,6.631670988938629,0.0,13.65706319482688,0.0,3.1918458578551925,0.0,3.2258112516334445,0.0,0.8741451666504285,0.0,-12.574325124190937,0.0,0.9583917904769348,0.0,""
"2026-09-25 17:16:53","git-master-bddc7a050319718b5e4e0856afec0bc9ea96418f","C:\Users\marco\Desktop\ds004507\derivatives\labels\sub-005\ses-headNormal\anat\sub-005_ses-headNormal_T2w_seg-manual.nii.gz","789","6","",69.8850398244001,0.0,0.20761674594136903,0.0,7.831130779172342,0.0,6.343325412420845,0.0,6.647064176454774,0.0,13.432898265970806,0.0,3.157056439073286,0.0,3.186268973347559,0.0,0.868969538264472,0.0,-13.68280256404008,0.0,0.9445778469465241,0.0,""
"2026-09-25 17:16:53","git-master-bddc7a050319718b5e4e0856afec0bc9ea96418f","C:\Users\marco\Desktop\ds004507\derivatives\labels\sub-005\ses-headNormal\anat\sub-005_ses-headNormal_T2w_seg-manual.nii.gz","790","6","",69.78692095416446,0.0,0.9095602374040552,0.0,7.630063335597674,0.0,6.198074822738243,0.0,6.61895748778267,0.0,13.51260085039424,0.0,3.04502207280988,0.0,3.153052749928364,0.0,0.8717896329023178,0.0,-13.286305066939484,0.0,0.9370686765339499,0.0,""
"2026-09-25 17:16:53","git-master-bddc7a050319718b5e4e0856afec0bc9ea96418f","C:\Users\marco\Desktop\ds004507\derivatives\labels\sub-005\ses-headNormal\anat\sub-005_ses-headNormal_T2w_seg-manual.nii.gz","791","6","",69.38308547664191,0.0,1.5471158441841144,0.0,7.434742733642887,0.0,6.271501988342324,0.0,6.552235766448365,0.0,13.569944401348423,0.0,3.0803492192931197,0.0,3.1911527690492045,0.0,0.875683094411099,0.0,-13.179824455880063,0.0,0.9378493715709588,0.0,""
"2026-09-25 17:16:53","git-master-bddc7a050319718b5e4e0856afec0bc9ea96418f","C:\Users\marco\Desktop\ds004507\derivatives\labels\sub-005\ses-headNormal\anat\sub-005_ses-headNormal_T2w_seg-manual.nii.gz","792","6","",68.7197389996308,0.0,2.104310704420172,0.0,7.245180370953396,0.0,6.48664282737569,0.0,6.479352278897683,0.0,13.575986700726274,0.0,3.2079369270984177,0.0,3.2787059002772727,0.0,0.8787569257168191,0.0,-13.467059056850593,0.0,0.9443521509581476,0.0,""
"2026-09-25 17:16:53","git-master-bddc7a050319718b5e4e0856afec0bc9ea96418f","C:\Users\marco\Desktop\ds004507\derivatives\labels\sub-005\ses-headNormal\anat\sub-005_ses-headNormal_T2w_seg-manual.nii.gz","793","6","",68.486414301274,0.0,2.558219432900315,0.0,7.0630451311605364,0.0,6.492859029785239,0.0,6.507234762285975,0.0,13.548970061000123,0.0,3.1691246327474993,0.0,3.3237343970377395,0.0,0.8771156914766816,0.0,-13.87408318794536,0.0,0.947881604404398,0.0,""
"2026-09-25 17:16:53","git-master-bddc7a050319718b5e4e0856afec0bc9ea96418f","C:\Users\marco\Desktop\ds004507\derivatives\labels\sub-005\ses-headNormal\anat\sub-005_ses-headNormal_T2w_seg-manual.nii.gz","794","6","",67.39428696100818,0.0,2.9090172240203738,0.0,6.888367195034301,0.0,6.4899227721350465,0.0,6.495937012685818,0.0,13.437749606573894,0.0,3.1735136803718147,0.0,3.3164090917632323,0.0,0.8753833661168596,0.0,-14.379241583908318,0.0,0.9423753954769954,0.0,""
"2026-09-25 17:16:53","git-master-bddc7a050319718b5e4e0856afec0bc9ea96418f","C:\Users\marco\Desktop\ds004507\derivatives\labels\sub-005\ses-headNormal\anat\sub-005_ses-headNormal_T2w_seg-manual.nii.gz","795","6","",66.19308191432258,0.0,3.1797293927850205,0.0,6.719504611215225,0.0,6.410024977539245,0.0,6.4217709866744235,0.0,13.342681748163832,0.0,3.1566097577655143,0.0,3.2534152197737307,0.0,0.876543952642906,0.0,-14.901772824388143,0.0,0.9391667151251424,0.0,""
"2026-09-25 17:16:53","git-master-bddc7a050319718b5e4e0856afec0bc9ea96418f","C:\Users\marco\Desktop\ds004507\derivatives\labels\sub-005\ses-headNormal\anat\sub-005_ses-headNormal_T2w_seg-manual.nii.gz","796","6","",65.11958957308568,0.0,3.370417882916973,0.0,6.556466228390251,0.0,6.258726762694159,0.0,6.29813321075811,0.0,13.270743290098363,0.0,3.104033834289371,0.0,3.154692928404787,0.0,0.8801814850545168,0.0,-15.443249207095217,0.0,0.9409151144038554,0.0,""
"2026-09-25 17:16:53","git-master-bddc7a050319718b5e4e0856afec0bc9ea96418f","C:\Users\marco\Desktop\ds004507\derivatives\labels\sub-005\ses-headNormal\anat\sub-005_ses-headNormal_T2w_seg-manual.nii.gz","797","6","",64.34201638494909,0.0,3.446934555360026,0.0,6.401771770931378,0.0,6.292556228544225,0.0,6.329716631424912,0.0,13.01172417741801,0.0,3.0654571234828127,0.0,3.227099105061412,0.0,0.8736306240388589,0.0,-16.227394250854147,0.0,0.9405688674185617,0.0,""
"2026-09-25 17:16:53","git-master-bddc7a050319718b5e4e0856afec0bc9ea96418f","C:\Users\marco\Desktop\ds004507\derivatives\labels\sub-005\ses-headNormal\anat\sub-005_ses-headNormal_T2w_seg-manual.nii.gz","798","6","",64.52993658786002,0.0,3.432171461791407,0.0,6.253772371504517,0.0,6.238045083445677,0.0,6.3544146339478855,0.0,12.993723440041048,0.0,3.0304230392503917,0.0,3.207622044195285,0.0,0.872261064204816,0.0,-15.872006979103242,0.0,0.9408854460412789,0.0,""
"2026-09-25 17:16:53","git-master-bddc7a050319718b5e4e0856afec0bc9ea96418f","C:\Users\marco\Desktop\ds004507\derivatives\labels\sub-005\ses-headNormal\anat\sub-005_ses-headNormal_T2w_seg-manual.nii.gz","799","6","",64.40904825850095,0.0,3.33751993090757,0.0,6.111640109474588,0.0,6.124084137295195,0.0,6.363853553303623,0.0,12.978526996238429,0.0,3.0091718117481725,0.0,3.114912325547022,0.0,0.8715103274534449,0.0,-15.523473072081314,0.0,0.9434175384211161,0.0,""
"2026-09-25 17:16:53","git-master-bddc7a050319718b5e4e0856afec0bc9ea96418f","C:\Users\marco\Desktop\ds004507\derivatives\labels\sub-005\ses-headNormal\anat\sub-005_ses-headNormal_T2w_seg-manual.nii.gz","800","6","",63.114139959794436,0.0,3.1629659811672624,0.0,5.975381706055784,0.0,5.9640595652388555,0.0,6.351107632773586,0.0,12.810069757398061,0.0,3.0097157348345287,0.0,2.9543438304043272,0.0,0.8684423021963152,0.0,-15.934750635388403,0.0,0.9493918005706563,0.0,""
"2026-09-25 17:16:53","git-master-bddc7a050319718b5e4e0856afec0bc9ea96418f","C:\Users\marco\Desktop\ds004507\derivatives\labels\sub-005\ses-headNormal\anat\sub-005_ses-headNormal_T2w_seg-manual.nii.gz","801","5","",63.87924473661329,0.0,2.7534881605853894,0.0,5.8021917668786465,0.0,6.090591650113979,0.0,6.320306396942723,0.0,12.960120556293553,0.0,3.0109860123730954,0.0,3.079605637740884,0.0,0.8730261332178271,0.0,-14.648065119799375,0.0,0.942501481920569,0.0,""
"2026-09-25 17:16:53","git-master-bddc7a050319718b5e4e0856afec0bc9ea96418f","C:\Users\marco\Desktop\ds004507\derivatives\labels\sub-005\ses-headNormal\anat\sub-005_ses-headNormal_T2w_seg-manual.nii.gz","802","5","",63.9138131087107,0.0,2.317547168774223,0.0,5.681782231662549,0.0,6.085227977642113,0.0,6.348023489069122,0.0,12.894248145362159,0.0,2.9630597243774806,0.0,3.1221682532646318,0.0,0.8704075419647055,0.0,-14.728867647177672,0.0,0.9378166055399032,0.0,""
"2026-09-25 17:16:53","git-master-bddc7a050319718b5e4e0856afec0bc9ea96418f","C:\Users\marco\Desktop\ds004507\derivatives\labels\sub-005\ses-headNormal\anat\sub-005_ses-headNormal_T2w_seg-manual.nii.gz","803","5","",64.66915041765701,0.0,1.7955606741533576,0.0,5.567706612652673,0.0,6.334113984125981,0.0,6.4549622636418285,0.0,12.805690972756498,0.0,3.13705697023419,0.0,3.197057013891791,0.0,0.8635502126703255,0.0,-14.237429404624454,0.0,0.9409448636005461,0.0,""
"2026-09-25 17:16:53","git-master-bddc7a050319718b5e4e0856afec0bc9ea96418f","C:\Users\marco\Desktop\ds004507\derivatives\labels\sub-005\ses-headNormal\anat\sub-005_ses-headNormal_T2w_seg-manual.nii.gz","804","5","",66.32508875208731,0.0,1.187492624823133,0.0,5.45997020658065,0.0,6.595211629816013,0.0,6.599873822632275,0.0,12.849525712212623,0.0,3.3424234983079386,0.0,3.252788131508074,0.0,0.8580006026873,0.0,-13.263208057973896,0.0,0.9474706825142517,0.0,""
"2026-09-25 17:16:53","git-master-bddc7a050319718b5e4e0856afec0bc9ea96418f","C:\Users\marco\Desktop\ds004507\derivatives\labels\sub-005\ses-headNormal\anat\sub-005_ses-headNormal_T2w_seg-manual.nii.gz","805","5","",69.0614602006367,0.0,0.4933069688838888,0.0,5.358578310178108,0.0,6.626482874962637,0.0,6.741509268011895,0.0,13.180829037466589,0.0,3.388605056963442,0.0,3.2378778179991943,0.0,0.8593051693682424,0.0,-11.895661273060183,0.0,0.9529784886927745,0.0,""
"2026-09-25 17:16:53","git-master-bddc7a050319718b5e4e0856afec0bc9ea96418f","C:\Users\marco\Desktop\ds004507\derivatives\labels\sub-005\ses-headNormal\anat\sub-005_ses-headNormal_T2w_seg-manual.nii.gz","806","5","",70.67520139876135,0.0,-0.3298826217528684,0.0,5.266717159685983,0.0,6.682967764736839,0.0,6.775114048596263,0.0,13.396607133733946,0.0,3.3782129941984596,0.0,3.304754770538379,0.0,0.8626633257405854,0.0,-12.183441375234553,0.0,0.9416114696397897,0.0,""
"2026-09-25 17:16:53","git-master-bddc7a050319718b5e4e0856afec0bc9ea96418f","C:\Users\marco\Desktop\ds004507\derivatives\labels\sub-005\ses-headNormal\anat\sub-005_ses-headNormal_T2w_seg-manual.nii.gz","807","5","",71.20226913624687,0.0,-1.2386479226965799,0.0,5.181217984074104,0.0,6.703003282844036,0.0,6.795951178263071,0.0,13.426562637369477,0.0,3.3839588705924926,0.0,3.3190444122515435,0.0,0.8624329032122057,0.0,-12.3038744086312,0.0,0.9347918797803478,0.0,""
"2026-09-25 17:16:53","git-master-bddc7a050319718b5e4e0856afec0bc9ea96418f","C:\Users\marco\Desktop\ds004507\derivatives\labels\sub-005\ses-headNormal\anat\sub-005_ses-headNormal_T2w_seg-manual.nii.gz","808","5","",71.53479880639257,0.0,-2.232546945014642,0.0,5.102084310845643,0.0,6.712766203258732,0.0,6.867587886515112,0.0,13.359235125325066,0.0,3.368973161906033,0.0,3.343793041352699,0.0,0.8576525490934017,0.0,-11.93263640466623,0.0,0.9307316198156161,0.0,""
"2026-09-25 17:16:53","git-master-bddc7a050319718b5e4e0856afec0bc9ea96418f","C:\Users\marco\Desktop\ds004507\derivatives\labels\sub-005\ses-headNormal\anat\sub-005_ses-headNormal_T2w_seg-manual.nii.gz","809","5","",72.56492580249774,0.0,-3.311137699774451,0.0,5.0293196675037715,0.0,6.73843329995543,0.0,7.053591402855182,0.0,13.283164174552596,0.0,3.296386343899576,0.0,3.4420469560558544,0.0,0.8473609106944716,0.0,-10.745403394755751,0.0,0.9276425904467619,0.0,""
"2026-09-25 17:16:53","git-master-bddc7a050319718b5e4e0856afec0bc9ea96418f","C:\Users\marco\Desktop\ds004507\derivatives\labels\sub-005\ses-headNormal\anat\sub-005_ses-headNormal_T2w_seg-manual.nii.gz","810","5","",71.42762621211463,0.0,-4.292372922746545,0.0,4.96320153350821,0.0,6.686866455488246,0.0,6.933907765309163,0.0,13.269126676176336,0.0,3.2245339710509278,0.0,3.4623324844373187,0.0,0.852585339367854,0.0,-10.654959352596277,0.0,0.9499046677258519,0.0,""
"2026-09-25 17:16:53","git-master-bddc7a050319718b5e4e0856afec0bc9ea96418f","C:\Users\marco\Desktop\ds004507\derivatives\labels\sub-005\ses-headNormal\anat\sub-005_ses-headNormal_T2w_seg-manual.nii.gz","811","5","",71.54447736742928,0.0,-5.060941287997624,0.0,4.899573639852091,0.0,6.7689129086268345,0.0,6.90410563094722,0.0,13.300178457459069,0.0,3.270618919827564,0.0,3.4982939887992703,0.0,0.8547129290380289,0.0,-10.84767673597207,0.0,0.9576290262299538,0.0,""
"2026-09-25 17:16:53","git-master-bddc7a050319718b5e4e0856afec0bc9ea96418f","C:\Users\marco\Desktop\ds004507\derivatives\labels\sub-005\ses-headNormal\anat\sub-005_ses-headNormal_T2w_seg-manual.nii.gz","812","5","",72.65765553088741,0.0,-5.61756730172323,0.0,4.838437006655777,0.0,6.924603448709197,0.0,6.974048799867958,0.0,13.300804856718837,0.0,3.3677303875306226,0.0,3.5568730611785737,0.0,0.8513988017441724,0.0,-10.855721014789687,0.0,0.9626255615868248,0.0,""
"2026-09-25 17:16:53","git-master-bddc7a050319718b5e4e0856afec0bc9ea96418f","C:\Users\marco\Desktop\ds004507\derivatives\labels\sub-005\ses-headNormal\anat\sub-005_ses-headNormal_T2w_seg-manual.nii.gz","813","5","",74.50933696493476,0.0,-5.962975470118909,0.0,4.779792654039633,0.0,7.093968865073338,0.0,7.153601072169984,0.0,13.195491212273694,0.0,3.4489575714612424,0.0,3.645011293612095,0.0,0.8402980795254603,0.0,-10.211257658955684,0.0,0.9767041694242223,0.0,""
"2026-09-25 17:16:53","git-master-bddc7a050319718b5e4e0856afec0bc9ea96418f","C:\Users\marco\Desktop\ds004507\derivatives\labels\sub-005\ses-headNormal\anat\sub-005_ses-headNormal_T2w_seg-manual.nii.gz","814","5","",73.971107401741,0.0,-5.9929858226501045,0.0,4.724889528352664,0.0,7.09324350137693,0.0,7.130423470331897,0.0,13.1599039313172,0.0,3.438289176267718,0.0,3.654954325109213,0.0,0.8404886065435523,0.0,-11.219891383807477,0.0,0.9788125398791511,0.0,""
"2026-09-25 17:16:53","git-master-bddc7a050319718b5e4e0856afec0bc9ea96418f","C:\Users\marco\Desktop\ds004507\derivatives\labels\sub-005\ses-headNormal\anat\sub-005_ses-headNormal_T2w_seg-manual.nii.gz","815","5","",75.42990358006786,0.0,-5.775770716866119,0.0,4.672482263748172,0.0,7.181876238182086,0.0,7.202185263044599,0.0,13.296780947810802,0.0,3.484116643854712,0.0,3.697759594327374,0.0,0.8406043072746764,0.0,-10.977345921295857,0.0,0.9736184245090679,0.0,""
"2026-09-25 17:16:53","git-master-bddc7a050319718b5e4e0856afec0bc9ea96418f","C:\Users\marco\Desktop\ds004507\derivatives\labels\sub-005\ses-headNormal\anat\sub-005_ses-headNormal_T2w_seg-manual.nii.gz","816","5","",77.19059594933006,0.0,-5.292190168966455,0.0,4.622571638720164,0.0,7.302168983046572,0.0,7.290001147608695,0.0,13.452994727326189,0.0,3.564798330529413,0.0,3.7373706525171597,0.0,0.8404515273331434,0.0,-10.435400484565587,0.0,0.9664149672190037,0.0,""
"2026-09-25 17:16:53","git-master-bddc7a050319718b5e4e0856afec0bc9ea96418f","C:\Users\marco\Desktop\ds004507\derivatives\labels\sub-005\ses-headNormal\anat\sub-005_ses-headNormal_T2w_seg-manual.nii.gz","817","5","",77.55805495894238,0.0,-4.523104195150615,0.0,4.575158431762642,0.0,7.396423643528158,0.0,7.3149858213247985,0.0,13.475417735435045,0.0,3.6586925925990075,0.0,3.737731050929151,0.0,0.839836612333264,0.0,-10.54583428676142,0.0,0.9624953119139893,0.0,""
"2026-09-25 17:16:53","git-master-bddc7a050319718b5e4e0856afec0bc9ea96418f","C:\Users\marco\Desktop\ds004507\derivatives\labels\sub-005\ses-headNormal\anat\sub-005_ses-headNormal_T2w_seg-manual.nii.gz","818","5","",72.79047077059407,0.0,-3.3224251954299557,0.0,4.531493469537068,0.0,7.272353609010961,0.0,7.20090884819756,0.0,12.973059899278098,0.0,3.44687269605566,0.0,3.8254809129553005,0.0,0.8316552058389987,0.0,-8.177311753242453,0.0,0.939747905955315,0.0,""
"2026-09-25 17:16:53","git-master-bddc7a050319718b5e4e0856afec0bc9ea96418f","C:\Users\marco\Desktop\ds004507\derivatives\labels\sub-005\ses-headNormal\anat\sub-005_ses-headNormal_T2w_seg-manual.nii.gz","819","5","",71.06619462451204,0.0,-1.8323771883548245,0.0,4.490328610681941,0.0,7.2814124510093015,0.0,7.212724930714008,0.0,12.70209085211746,0.0,3.4502483334210665,0.0,3.8311641175882354,0.0,0.8230269306253477,0.0,-7.758405357260324,0.0,0.9419749745434677,0.0,""
"2026-09-25 17:16:53","git-master-bddc7a050319718b5e4e0856afec0bc9ea96418f","C:\Users\marco\Desktop\ds004507\derivatives\labels\sub-005\ses-headNormal\anat\sub-005_ses-headNormal_T2w_seg-manual.nii.gz","820","5","",71.10895203558378,0.0,-0.18803332119011207,0.0,4.4508143107698475,0.0,7.285491176133554,0.0,7.2405302383979535,0.0,12.673319344827421,0.0,3.5130757759338676,0.0,3.772415400199687,0.0,0.8205960642794677,0.0,-8.147288545722978,0.0,0.9499991572458795,0.0,""
"2026-09-25 17:16:53","git-master-bddc7a050319718b5e4e0856afec0bc9ea96418f","C:\Users\marco\Desktop\ds004507\derivatives\labels\sub-005\ses-headNormal\anat\sub-005_ses-headNormal_T2w_seg-manual.nii.gz","821","5","",71.64246851869684,0.0,1.4755332587992926,0.0,4.412101025373371,0.0,7.146480790994092,0.0,7.174420940773212,0.0,12.89755412828227,0.0,3.4796112948327065,0.0,3.666869496161386,0.0,0.8310068843885153,0.0,-8.202134765538371,0.0,0.9446430936299828,0.0,""
"2026-09-25 17:16:53","git-master-bddc7a050319718b5e4e0856afec0bc9ea96418f","C:\Users\marco\Desktop\ds004507\derivatives\labels\sub-005\ses-headNormal\anat\sub-005_ses-headNormal_T2w_seg-manual.nii.gz","822","5","",70.24873803763144,0.0,2.7608623226968723,0.0,4.372039119106623,0.0,6.907538945760461,0.0,6.898461901778423,0.0,13.139233438359106,0.0,3.246518411855723,0.0,3.6610205339047384,0.0,0.8507029006625942,0.0,-5.238175712393922,0.0,0.9458184751189871,0.0,""
"2026-09-25 17:16:53","git-master-bddc7a050319718b5e4e0856afec0bc9ea96418f","C:\Users\marco\Desktop\ds004507\derivatives\labels\sub-005\ses-headNormal\anat\sub-005_ses-headNormal_T2w_seg-manual.nii.gz","823","5","",69.01534656747978,0.0,3.7941380042166077,0.0,4.331077793826169,0.0,6.863952364060333,0.0,6.915843980092674,0.0,12.853223507833684,0.0,3.2365406156295173,0.0,3.627411748430816,0.0,0.8419927192768447,0.0,-4.963391745631078,0.0,0.9562352734025953,0.0,""
"2026-09-25 17:16:53","git-master-bddc7a050319718b5e4e0856afec0bc9ea96418f","C:\Users\marco\Desktop\ds004507\derivatives\labels\sub-005\ses-headNormal\anat\sub-005_ses-headNormal_T2w_seg-manual.nii.gz","824","5","",68.41062505789998,0.0,4.576073477118223,0.0,4.289216878682239,0.0,6.929249840386452,0.0,6.988479119459924,0.0,12.592846882025595,0.0,3.3026472482757327,0.0,3.6266025921107197,0.0,0.8316095170707424,0.0,-5.519849450426287,0.0,0.9640724722542015,0.0,""
"2026-09-25 17:16:53","git-master-bddc7a050319718b5e4e0856afec0bc9ea96418f","C:\Users\marco\Desktop\ds004507\derivatives\labels\sub-005\ses-headNormal\anat\sub-005_ses-headNormal_T2w_seg-manual.nii.gz","825","5","",68.90290445855013,0.0,5.107381915161441,0.0,4.2464562028250645,0.0,7.016960169231565,0.0,6.878279263624129,0.0,12.911426106254417,0.0,3.297807651916014,0.0,3.7191525173155506,0.0,0.8462864708837627,0.0,-5.049615411956015,0.0,0.9575090554471998,0.0,""
"2026-09-25 17:16:53","git-master-bddc7a050319718b5e4e0856afec0bc9ea96418f","C:\Users\marco\Desktop\ds004507\derivatives\labels\sub-005\ses-headNormal\anat\sub-005_ses-headNormal_T2w_seg-manual.nii.gz","826","5","",70.51185013099796,0.0,5.264776132465206,0.0,4.202345369663825,0.0,7.006244882659312,0.0,6.9659306790709135,0.0,13.040013318843451,0.0,3.2603875951251013,0.0,3.7458572875342107,0.0,0.8453627282700046,0.0,-6.3536834443283805,0.0,0.954460686897322,0.0,""
"2026-09-25 17:16:53","git-master-bddc7a050319718b5e4e0856afec0bc9ea96418f","C:\Users\marco\Desktop\ds004507\derivatives\labels\sub-005\ses-headNormal\anat\sub-005_ses-headNormal_T2w_seg-manual.nii.gz","827","5","",69.44365703457214,0.0,5.173366969083819,0.0,4.157334085857596,0.0,6.9487455406380185,0.0,6.921238358950969,0.0,12.947725392807135,0.0,3.197566642526759,0.0,3.7511788981112595,0.0,0.8451361354836786,0.0,-6.2478975588790355,0.0,0.9520639756970645,0.0,""
"2026-09-25 17:16:53","git-master-bddc7a050319718b5e4e0856afec0bc9ea96418f","C:\Users\marco\Desktop\ds004507\derivatives\labels\sub-005\ses-headNormal\anat\sub-005_ses-headNormal_T2w_seg-manual.nii.gz","828","5","",67.04662196277506,0.0,4.8328345181417305,0.0,4.111422178141288,0.0,6.840882154759867,0.0,6.808054563355557,0.0,12.785094448282813,0.0,3.0774552739882512,0.0,3.7634268807716156,0.0,0.8464290191087,0.0,-5.248576454290943,0.0,0.9447567433042559,0.0,""
"2026-09-25 17:16:53","git-master-bddc7a050319718b5e4e0856afec0bc9ea96418f","C:\Users\marco\Desktop\ds004507\derivatives\labels\sub-005\ses-headNormal\anat\sub-005_ses-headNormal_T2w_seg-manual.nii.gz","829","5","",64.66904170910914,0.0,4.242858872763393,0.0,4.06460947324981,0.0,6.6790747366170375,0.0,6.690231552375939,0.0,12.702652605407826,0.0,2.868163969376843,0.0,3.8109107672401943,0.0,0.8500637057289848,0.0,-3.8720388292470638,0.0,0.9269768111767248,0.0,""
"2026-09-25 17:16:53","git-master-bddc7a050319718b5e4e0856afec0bc9ea96418f","C:\Users\marco\Desktop\ds004507\derivatives\labels\sub-005\ses-headNormal\anat\sub-005_ses-headNormal_T2w_seg-manual.nii.gz","830","5","",66.35618974633903,0.0,3.4906098011639948,0.0,4.0147338668468935,0.0,6.555491449137153,0.0,6.732499286075655,0.0,13.099906225277834,0.0,2.7179051615769363,0.0,3.8375862875602174,0.0,0.8577104563435739,0.0,-3.5569940253571866,0.0,0.9232756218536902,0.0,""
"2026-09-25 17:16:53","git-master-bddc7a050319718b5e4e0856afec0bc9ea96418f","C:\Users\marco\Desktop\ds004507\derivatives\labels\sub-005\ses-headNormal\anat\sub-005_ses-headNormal_T2w_seg-manual.nii.gz","831","5","",68.39604378186431,0.0,2.772672004938687,0.0,3.9616744233227985,0.0,6.521458357881631,0.0,6.801069776432055,0.0,13.270854550727538,0.0,2.7789603828085814,0.0,3.7424979750730496,0.0,0.8586972867313731,0.0,-5.803387155702765,0.0,0.9335873177210886,0.0,""
"2026-09-25 17:16:53","git-master-bddc7a050319718b5e4e0856afec0bc9ea96418f","C:\Users\marco\Desktop\ds004507\derivatives\labels\sub-005\ses-headNormal\anat\sub-005_ses-headNormal_T2w_seg-manual.nii.gz","832","5","",70.69904599843355,0.0,2.089253370537037,0.0,3.9054303616465478,0.0,6.5353618477163895,0.0,6.815475874756773,0.0,13.510002732601324,0.0,2.919220148527788,0.0,3.6161416991886015,0.0,0.8629231555498148,0.0,-8.472725134473855,0.0,0.9414866666969061,0.0,""
"2026-09-25 17:16:53","git-master-bddc7a050319718b5e4e0856afec0bc9ea96418f","C:\Users\marco\Desktop\ds004507\derivatives\labels\sub-005\ses-headNormal\anat\sub-005_ses-headNormal_T2w_seg-manual.nii.gz","833","5","",73.1756385787953,0.0,1.440561784408613,0.0,3.8460009007871654,0.0,6.55558830350735,0.0,6.6952504323614495,0.0,14.111855921743578,0.0,3.0065749741905683,0.0,3.549013329316782,0.0,0.8802870214563308,0.0,-9.426514875860542,0.0,0.9305484366991287,0.0,""
"2026-09-25 17:16:53","git-master-bddc7a050319718b5e4e0856afec0bc9ea96418f","C:\Users\marco\Desktop\ds004507\derivatives\labels\sub-005\ses-headNormal\anat\sub-005_ses-headNormal_T2w_seg-manual.nii.gz","834","4","",73.2014341523761,0.0,0.6456995810322338,0.0,3.7603875399834927,0.0,6.452431831875915,0.0,6.648815422253875,0.0,14.193750104471654,0.0,2.9234158491444724,0.0,3.5290159827314422,0.0,0.8834992297053957,0.0,-9.127554965105375,0.0,0.9309991022188021,0.0,""
"2026-09-25 17:16:53","git-master-bddc7a050319718b5e4e0856afec0bc9ea96418f","C:\Users\marco\Desktop\ds004507\derivatives\labels\sub-005\ses-headNormal\anat\sub-005_ses-headNormal_T2w_seg-manual.nii.gz","835","4","",73.9646456059192,0.0,0.14265373442276352,0.0,3.696505005407872,0.0,6.366148415829829,0.0,6.760639538382577,0.0,14.21235643833653,0.0,2.8362098335731094,0.0,3.5299385822567197,0.0,0.879599684240543,0.0,-8.567945634435096,0.0,0.9302982983834028,0.0,""
"2026-09-25 17:16:53","git-master-bddc7a050319718b5e4e0856afec0bc9ea96418f","C:\Users\marco\Desktop\ds004507\derivatives\labels\sub-005\ses-headNormal\anat\sub-005_ses-headNormal_T2w_seg-manual.nii.gz","836","4","",74.44214789585105,0.0,-0.3328830708431466,0.0,3.6301409728531313,0.0,6.448009955621454,0.0,6.856485054635072,0.0,14.134676207024588,0.0,2.882762637553743,0.0,3.5652473180677107,0.0,0.8743888654883025,0.0,-8.639142480461219,0.0,0.9386106063609299,0.0,""
"2026-09-25 17:16:53","git-master-bddc7a050319718b5e4e0856afec0bc9ea96418f","C:\Users\marco\Desktop\ds004507\derivatives\labels\sub-005\ses-headNormal\anat\sub-005_ses-headNormal_T2w_seg-manual.nii.gz","837","4","",74.57379179581814,0.0,-0.7808992653223682,0.0,3.5612951449578385,0.0,6.646589255659287,0.0,6.923367209370297,0.0,13.99532789510912,0.0,3.0281341783519897,0.0,3.6184550773072974,0.0,0.8690685841503301,0.0,-9.109067454817335,0.0,0.952293791007253,0.0,""
"2026-09-25 17:16:53","git-master-bddc7a050319718b5e4e0856afec0bc9ea96418f","C:\Users\marco\Desktop\ds004507\derivatives\labels\sub-005\ses-headNormal\anat\sub-005_ses-headNormal_T2w_seg-manual.nii.gz","838","4","",73.81536982637525,0.0,-1.1856021236787675,0.0,3.488547639587713,0.0,6.73226357577108,0.0,6.869918550360826,0.0,13.95854101050086,0.0,3.1274708764893213,0.0,3.60479269928176,0.0,0.8705010089824154,0.0,-8.868353590247477,0.0,0.9534307126836,0.0,""
"2026-09-25 17:16:53","git-master-bddc7a050319718b5e4e0856afec0bc9ea96418f","C:\Users\marco\Desktop\ds004507\derivatives\labels\sub-005\ses-headNormal\anat\sub-005_ses-headNormal_T2w_seg-manual.nii.gz","839","4","",73.2259871833463,0.0,-1.5568138447653677,0.0,3.4127835042470274,0.0,6.704942326761683,0.0,6.801152337124557,0.0,13.945949478272587,0.0,3.1632194057275864,0.0,3.541722921034096,0.0,0.8730115837865441,0.0,-8.466276355507047,0.0,0.9498439895384438,0.0,""
"2026-09-25 17:16:53","git-master-bddc7a050319718b5e4e0856afec0bc9ea96418f","C:\Users\marco\Desktop\ds004507\derivatives\labels\sub-005\ses-headNormal\anat\sub-005_ses-headNormal_T2w_seg-manual.nii.gz","840","4","",73.01773863554767,0.0,-1.9004479664571725,0.0,3.334534488453474,0.0,6.664533026683799,0.0,6.746454306573513,0.0,13.971655736625733,0.0,3.1899026979508305,0.0,3.4746303287329687,0.0,0.875688123840832,0.0,-8.023397512974247,0.0,0.9460869759236784,0.0,""
"2026-09-25 17:16:53","git-master-bddc7a050319718b5e4e0856afec0bc9ea96418f","C:\Users\marco\Desktop\ds004507\derivatives\labels\sub-005\ses-headNormal\anat\sub-005_ses-headNormal_T2w_seg-manual.nii.gz","841","4","",73.76451298132224,0.0,-2.2066613848204533,0.0,3.2529120547113832,0.0,6.751063785540232,0.0,6.759131680432292,0.0,14.082582512587107,0.0,3.282638246221193,0.0,3.468425539319039,0.0,0.8772835656603236,0.0,-7.691776640529604,0.0,0.9488298661440571,0.0,""
"2026-09-25 17:16:53","git-master-bddc7a050319718b5e4e0856afec0bc9ea96418f","C:\Users\marco\Desktop\ds004507\derivatives\labels\sub-005\ses-headNormal\anat\sub-005_ses-headNormal_T2w_seg-manual.nii.gz","842","4","",72.92076064215712,0.0,-2.4735193345097204,0.0,3.167736694930243,0.0,6.717488434638369,0.0,6.712980206320677,0.0,13.997411946685068,0.0,3.267107601320739,0.0,3.4503808333176296,0.0,0.8774935096349809,0.0,-7.484497928476628,0.0,0.9573979714559088,0.0,""
"2026-09-25 17:16:53","git-master-bddc7a050319718b5e4e0856afec0bc9ea96418f","C:\Users\marco\Desktop\ds004507\derivatives\labels\sub-005\ses-headNormal\anat\sub-005_ses-headNormal_T2w_seg-manual.nii.gz","843","4","",72.12382276784336,0.0,-2.712849655865958,0.0,3.0800734294944028,0.0,6.681757297984136,0.0,6.660334205066211,0.0,13.926453270982913,0.0,3.2246904864592967,0.0,3.45706681152484,0.0,0.8782158896891854,0.0,-7.31206827474069,0.0,0.9631635099438735,0.0,""
"2026-09-25 17:16:53","git-master-bddc7a050319718b5e4e0856afec0bc9ea96418f","C:\Users\marco\Desktop\ds004507\derivatives\labels\sub-005\ses-headNormal\anat\sub-005_ses-headNormal_T2w_seg-manual.nii.gz","844","4","",72.11701135768304,0.0,-2.92073329070748,0.0,2.9895662989120075,0.0,6.6955741465516025,0.0,6.62228853243352,0.0,13.967914552019844,0.0,3.1825935108542365,0.0,3.512980635697366,0.0,0.880465044038067,0.0,-7.146329320060967,0.0,0.9613577229264956,0.0,""
"2026-09-25 17:16:53","git-master-bddc7a050319718b5e4e0856afec0bc9ea96418f","C:\Users\marco\Desktop\ds004507\derivatives\labels\sub-005\ses-headNormal\anat\sub-005_ses-headNormal_T2w_seg-manual.nii.gz","845","4","",72.57546378576944,0.0,-3.083469884215603,0.0,2.8949690130901655,0.0,6.6908616900088465,0.0,6.6747579776927655,0.0,13.951451733839212,0.0,3.1797319596093314,0.0,3.511129730399515,0.0,0.8781160014926119,0.0,-6.2858643176387305,0.0,0.9542424281956849,0.0,""
"2026-09-25 17:16:53","git-master-bddc7a050319718b5e4e0856afec0bc9ea96418f","C:\Users\marco\Desktop\ds004507\derivatives\labels\sub-005\ses-headNormal\anat\sub-005_ses-headNormal_T2w_seg-manual.nii.gz","846","4","",72.70157804476544,0.0,-3.218752930202941,0.0,2.7978810366955598,0.0,6.6882622864774035,0.0,6.720498301006845,0.0,13.878932136251771,0.0,3.183222531457099,0.0,3.5050397550203045,0.0,0.8749137939990368,0.0,-5.9308733565090686,0.0,0.9461923866487401,0.0,""
"2026-09-25 17:16:53","git-master-bddc7a050319718b5e4e0856afec0bc9ea96418f","C:\Users\marco\Desktop\ds004507\derivatives\labels\sub-005\ses-headNormal\anat\sub-005_ses-headNormal_T2w_seg-manual.nii.gz","847","4","",72.42589590211549,0.0,-3.3265887243055627,0.0,2.6983021187964495,0.0,6.688288765157298,0.0,6.747972710622562,0.0,13.757646077151966,0.0,3.187147896231529,0.0,3.501140868925769,0.0,0.8714466400900258,0.0,-6.149428778865926,0.0,0.9384740770863362,0.0,""
"2026-09-25 17:16:53","git-master-bddc7a050319718b5e4e0856afec0bc9ea96418f","C:\Users\marco\Desktop\ds004507\derivatives\labels\sub-005\ses-headNormal\anat\sub-005_ses-headNormal_T2w_seg-manual.nii.gz","848","4","",72.1997933680006,0.0,-3.3874111370051057,0.0,2.5944512521832124,0.0,6.6545046966268195,0.0,6.716665237285809,0.0,13.792482373318819,0.0,3.1250592676506437,0.0,3.5294454289761763,0.0,0.8734071374483964,0.0,-5.4200873537875465,0.0,0.9510166479768257,0.0,""
"2026-09-25 17:16:53","git-master-bddc7a050319718b5e4e0856afec0bc9ea96418f","C:\Users\marco\Desktop\ds004507\derivatives\labels\sub-005\ses-headNormal\anat\sub-005_ses-headNormal_T2w_seg-manual.nii.gz","849","4","",72.11222306133874,0.0,-3.418865704485589,0.0,2.487929354955938,0.0,6.641773993045696,0.0,6.721454192534879,0.0,13.765305292203477,0.0,3.1058097214930176,0.0,3.535964271552679,0.0,0.8726675464530973,0.0,-5.390534863823345,0.0,0.9589312640879368,0.0,""
"2026-09-25 17:16:53","git-master-bddc7a050319718b5e4e0856afec0bc9ea96418f","C:\Users\marco\Desktop\ds004507\derivatives\labels\sub-005\ses-headNormal\anat\sub-005_ses-headNormal_T2w_seg-manual.nii.gz","850","4","",71.83542900878903,0.0,-3.4268130639100836,0.0,2.3790267585022047,0.0,6.640928171255377,0.0,6.742687690238515,0.0,13.661416413390103,0.0,3.1145973733522436,0.0,3.526330797903133,0.0,0.8696769300148652,0.0,-5.6613595346091525,0.0,0.9636832208877094,0.0,""
"2026-09-25 17:16:53","git-master-bddc7a050319718b5e4e0856afec0bc9ea96418f","C:\Users\marco\Desktop\ds004507\derivatives\labels\sub-005\ses-headNormal\anat\sub-005_ses-headNormal_T2w_seg-manual.nii.gz","851","4","",70.08034749424245,0.0,-3.4141350393073506,0.0,2.2669740982586943,0.0,6.628791201544035,0.0,6.723917535778246,0.0,13.37183741714975,0.0,3.120643526318537,0.0,3.5081476752254988,0.0,0.8643187392390798,0.0,-5.059903026432902,0.0,0.9680290580307789,0.0,""
"2026-09-25 17:16:53","git-master-bddc7a050319718b5e4e0856afec0bc9ea96418f","C:\Users\marco\Desktop\ds004507\derivatives\labels\sub-005\ses-headNormal\anat\sub-005_ses-headNormal_T2w_seg-manual.nii.gz","852","4","",69.75746582531036,0.0,-3.4013355591251258,0.0,2.1527272161100406,0.0,6.651208703490179,0.0,6.812316207411221,0.0,13.252580656746009,0.0,3.076187751258111,0.0,3.575020952232068,0.0,0.8576953929635887,0.0,-5.048374805070473,0.0,0.9630970606568361,0.0,""
"2026-09-25 17:16:53","git-master-bddc7a050319718b5e4e0856afec0bc9ea96418f","C:\Users\marco\Desktop\ds004507\derivatives\labels\sub-005\ses-headNormal\anat\sub-005_ses-headNormal_T2w_seg-manual.nii.gz","853","4","",70.14577384527387,0.0,-3.3884416088117217,0.0,2.0367737024181674,0.0,6.6705191513974285,0.0,6.894301014381243,0.0,13.280458438188836,0.0,3.031745884816827,0.0,3.638773266580601,0.0,0.8546136327858473,0.0,-4.791434062383738,0.0,0.9592751853732684,0.0,""
"2026-09-25 17:16:53","git-master-bddc7a050319718b5e4e0856afec0bc9ea96418f","C:\Users\marco\Desktop\ds004507\derivatives\labels\sub-005\ses-headNormal\anat\sub-005_ses-headNormal_T2w_seg-manual.nii.gz","854","4","",70.93065550535444,0.0,-3.3754261908833483,0.0,1.9186259295203016,0.0,6.64728556011861,0.0,6.85262420041043,0.0,13.516359948543359,0.0,3.037841711422915,0.0,3.6094438486956943,0.0,0.8619039637877395,0.0,-3.313504263763539,0.0,0.9675857442676777,0.0,""
"2026-09-25 17:16:53","git-master-bddc7a050319718b5e4e0856afec0bc9ea96418f","C:\Users\marco\Desktop\ds004507\derivatives\labels\sub-005\ses-headNormal\anat\sub-005_ses-headNormal_T2w_seg-manual.nii.gz","855","4","",69.79223934480241,0.0,-3.3622690466614276,0.0,1.7979183651630986,0.0,6.625056895300046,0.0,6.768043403692212,0.0,13.452405237914405,0.0,3.0423234041403817,0.0,3.582733491159664,0.0,0.8642262768161132,0.0,-3.2676351780091832,0.0,0.9680361143432304,0.0,""
"2026-09-25 17:16:53","git-master-bddc7a050319718b5e4e0856afec0bc9ea96418f","C:\Users\marco\Desktop\ds004507\derivatives\labels\sub-005\ses-headNormal\anat\sub-005_ses-headNormal_T2w_seg-manual.nii.gz","856","4","",68.48855601436279,0.0,-3.3490174115271873,0.0,1.6755044713761835,0.0,6.606397798679406,0.0,6.694853986206985,0.0,13.348159978790399,0.0,3.0196543816207466,0.0,3.5867434170586585,0.0,0.8651254164396052,0.0,-3.4537405131119696,0.0,0.9644113645515763,0.0,""
"2026-09-25 17:16:53","git-master-bddc7a050319718b5e4e0856afec0bc9ea96418f","C:\Users\marco\Desktop\ds004507\derivatives\labels\sub-005\ses-headNormal\anat\sub-005_ses-headNormal_T2w_seg-manual.nii.gz","857","4","",67.48648559212961,0.0,-3.3356645332511965,0.0,1.5512624524330831,0.0,6.592805932509862,0.0,6.651009918356217,0.0,13.269152102919097,0.0,2.9567204673564946,0.0,3.636085465153367,0.0,0.8653092296624939,0.0,-3.578647275824514,0.0,0.9569197031930713,0.0,""
"2026-09-25 17:16:53","git-master-bddc7a050319718b5e4e0856afec0bc9ea96418f","C:\Users\marco\Desktop\ds004507\derivatives\labels\sub-005\ses-headNormal\anat\sub-005_ses-headNormal_T2w_seg-manual.nii.gz","858","4","",66.72557697849977,0.0,-3.3221496498023644,0.0,1.42409620214007,0.0,6.594118627333283,0.0,6.669051416351491,0.0,13.111610001013865,0.0,2.9591141210718144,0.0,3.635004506261469,0.0,0.8609333554049688,0.0,-3.265858533630336,0.0,0.9585467365497979,0.0,""
"2026-09-25 17:16:53","git-master-bddc7a050319718b5e4e0856afec0bc9ea96418f","C:\Users\marco\Desktop\ds004507\derivatives\labels\sub-005\ses-headNormal\anat\sub-005_ses-headNormal_T2w_seg-manual.nii.gz","859","4","",65.97434006357047,0.0,-3.3085402545798397,0.0,1.2952247368794418,0.0,6.550908080445476,0.0,6.6655023527776445,0.0,13.011840913083633,0.0,2.964341934119039,0.0,3.586566146326437,0.0,0.8588280566232954,0.0,-3.3443071965437703,0.0,0.9594796530333097,0.0,""
"2026-09-25 17:16:53","git-master-bddc7a050319718b5e4e0856afec0bc9ea96418f","C:\Users\marco\Desktop\ds004507\derivatives\labels\sub-005\ses-headNormal\anat\sub-005_ses-headNormal_T2w_seg-manual.nii.gz","860","4","",65.24290380989905,0.0,-3.294836345561936,0.0,1.1646482199968218,0.0,6.471184745699087,0.0,6.634259434415727,0.0,12.976169120295689,0.0,2.963879160604218,0.0,3.50730558509487,0.0,0.8594134846626537,0.0,-3.775099415352254,0.0,0.9590180980842062,0.0,""
"2026-09-25 17:16:53","git-master-bddc7a050319718b5e4e0856afec0bc9ea96418f","C:\Users\marco\Desktop\ds004507\derivatives\labels\sub-005\ses-headNormal\anat\sub-005_ses-headNormal_T2w_seg-manual.nii.gz","861","4","",64.74317408213939,0.0,-3.280977150591467,0.0,1.0312717121742874,0.0,6.450788087645113,0.0,6.541101762925873,0.0,13.029597165625185,0.0,2.8967838360935345,0.0,3.5540042515515786,0.0,0.8648224543223438,0.0,-3.911110907102722,0.0,0.9539217080535863,0.0,""
"2026-09-25 17:16:53","git-master-bddc7a050319718b5e4e0856afec0bc9ea96418f","C:\Users\marco\Desktop\ds004507\derivatives\labels\sub-005\ses-headNormal\anat\sub-005_ses-headNormal_T2w_seg-manual.nii.gz","862","4","",64.5654857513861,0.0,-3.2670099198219837,0.0,0.8959485686042958,0.0,6.444446352818737,0.0,6.508499965892252,0.0,13.045939590974106,0.0,2.8748222438509448,0.0,3.5696241089677923,0.0,0.8666647612743766,0.0,-3.8356917390415743,0.0,0.9563054046150851,0.0,""
"2026-09-25 17:16:53","git-master-bddc7a050319718b5e4e0856afec0bc9ea96418f","C:\Users\marco\Desktop\ds004507\derivatives\labels\sub-005\ses-headNormal\anat\sub-005_ses-headNormal_T2w_seg-manual.nii.gz","863","4","",64.41760952632507,0.0,-3.252948154357349,0.0,0.7589225678768347,0.0,6.44323309662519,0.0,6.4982711474942665,0.0,13.036089870328563,0.0,2.8786994655524025,0.0,3.564533631072787,0.0,0.8668985455204107,0.0,-3.758335432889893,0.0,0.9608633852239041,0.0,""
"2026-09-25 17:16:53","git-master-bddc7a050319718b5e4e0856afec0bc9ea96418f","C:\Users\marco\Desktop\ds004507\derivatives\labels\sub-005\ses-headNormal\anat\sub-005_ses-headNormal_T2w_seg-manual.nii.gz","864","4","",63.6643885807686,0.0,-3.238751330659891,0.0,0.6194650689512733,0.0,6.430910177700857,0.0,6.441283526112304,0.0,13.004914210661461,0.0,2.884381045426838,0.0,3.546529132274019,0.0,0.8687232300346782,0.0,-4.148949558952204,0.0,0.9572883071897382,0.0,""
"2026-09-25 17:16:53","git-master-bddc7a050319718b5e4e0856afec0bc9ea96418f","C:\Users\marco\Desktop\ds004507\derivatives\labels\sub-005\ses-headNormal\anat\sub-005_ses-headNormal_T2w_seg-manual.nii.gz","865","4","",62.719272340511836,0.0,-3.224426188838666,0.0,0.4776996719932985,0.0,6.412650671878334,0.0,6.433737120559395,0.0,12.846971664158385,0.0,2.883572173864888,0.0,3.529078498013446,0.0,0.8654981187722081,0.0,-4.043765143691986,0.0,0.9567820186397369,0.0,""
"2026-09-25 17:16:53","git-master-bddc7a050319718b5e4e0856afec0bc9ea96418f","C:\Users\marco\Desktop\ds004507\derivatives\labels\sub-005\ses-headNormal\anat\sub-005_ses-headNormal_T2w_seg-manual.nii.gz","866","4","",61.955303382048456,0.0,-3.210006491435924,0.0,0.3342347131736201,0.0,6.402955599692292,0.0,6.4467860631248595,0.0,12.68877509941711,0.0,2.8600010275960623,0.0,3.5429545720962294,0.0,0.8613032680325363,0.0,-3.613758655860415,0.0,0.9577722297013468,0.0,""
"2026-09-25 17:16:53","git-master-bddc7a050319718b5e4e0856afec0bc9ea96418f","C:\Users\marco\Desktop\ds004507\derivatives\labels\sub-005\ses-headNormal\anat\sub-005_ses-headNormal_T2w_seg-manual.nii.gz","867","4","",61.70504423989228,0.0,-3.1954719716370925,0.0,0.18870690644588864,0.0,6.415443711244399,0.0,6.470422462451317,0.0,12.615105998928014,0.0,2.79241548209165,0.0,3.62302822915275,0.0,0.8584363996487275,0.0,-2.826212179702206,0.0,0.9598831831785202,0.0,""
"2026-09-25 17:16:53","git-master-bddc7a050319718b5e4e0856afec0bc9ea96418f","C:\Users\marco\Desktop\ds004507\derivatives\labels\sub-005\ses-headNormal\anat\sub-005_ses-headNormal_T2w_seg-manual.nii.gz","868","4","",61.01091510191405,0.0,-3.1807888433622447,0.0,0.04051267852294865,0.0,6.405326773473747,0.0,6.45382173109306,0.0,12.496342621934158,0.0,2.7839223534918185,0.0,3.621404419981928,0.0,0.8562986697515957,0.0,-3.535529431852381,0.0,0.9612871032525732,0.0,""
"2026-09-25 17:16:53","git-master-bddc7a050319718b5e4e0856afec0bc9ea96418f","C:\Users\marco\Desktop\ds004507\derivatives\labels\sub-005\ses-headNormal\anat\sub-005_ses-headNormal_T2w_seg-manual.nii.gz","869","4","",61.142787899975524,0.0,-3.1660111386781433,0.0,-0.10937657284046655,0.0,6.398371806063618,0.0,6.437200801086397,0.0,12.549856510021794,0.0,2.7849714924812172,0.0,3.6134003135824,0.0,0.8583086068305715,0.0,-3.9498696655062306,0.0,0.96189223652661,0.0,""
"2026-09-25 17:16:53","git-master-bddc7a050319718b5e4e0856afec0bc9ea96418f","C:\Users\marco\Desktop\ds004507\derivatives\labels\sub-005\ses-headNormal\anat\sub-005_ses-headNormal_T2w_seg-manual.nii.gz","870","4","",62.40297117789136,0.0,-3.151138855572318,0.0,-0.26096035944961576,0.0,6.399364354945213,0.0,6.4275374673815895,0.0,12.830458651242905,0.0,2.7879096269561146,0.0,3.611454727989098,0.0,0.865470848092195,0.0,-3.7289983359955334,0.0,0.9616034403317463,0.0,""
"2026-09-25 17:16:53","git-master-bddc7a050319718b5e4e0856afec0bc9ea96418f","C:\Users\marco\Desktop\ds004507\derivatives\labels\sub-005\ses-headNormal\anat\sub-005_ses-headNormal_T2w_seg-manual.nii.gz","871","3","",63.49094100434863,0.0,-3.129479542153006,0.0,-0.48359178476687154,0.0,6.370821728018937,0.0,6.4857289427406375,0.0,12.873451178548775,0.0,2.88427015419472,0.0,3.486551573824217,0.0,0.8638165121161335,0.0,-4.446875667277928,0.0,0.9587721938007824,0.0,""
"2026-09-25 17:16:53","git-master-bddc7a050319718b5e4e0856afec0bc9ea96418f","C:\Users\marco\Desktop\ds004507\derivatives\labels\sub-005\ses-headNormal\anat\sub-005_ses-headNormal_T2w_seg-manual.nii.gz","872","3","",63.48972647612085,0.0,-3.112444215229664,0.0,-0.6601277497591357,0.0,6.493766452212118,0.0,6.590183774610518,0.0,12.759708706819604,0.0,2.880145982756141,0.0,3.6136204694559773,0.0,0.8562408652967561,0.0,-4.595978818335574,0.0,0.9584503451981962,0.0,""
"2026-09-25 17:16:53","git-master-bddc7a050319718b5e4e0856afec0bc9ea96418f","C:\Users\marco\Desktop\ds004507\derivatives\labels\sub-005\ses-headNormal\anat\sub-005_ses-headNormal_T2w_seg-manual.nii.gz","873","3","",64.29443271636093,0.0,-3.0952737362469125,0.0,-0.8390721491821651,0.0,6.515963785196182,0.0,6.607848307418673,0.0,12.853955731642234,0.0,2.8758299439248924,0.0,3.640133841271289,0.0,0.8576959578278162,0.0,-4.4297362184534625,0.0,0.9608982522342734,0.0,""
"2026-09-25 17:16:53","git-master-bddc7a050319718b5e4e0856afec0bc9ea96418f","C:\Users\marco\Desktop\ds004507\derivatives\labels\sub-005\ses-headNormal\anat\sub-005_ses-headNormal_T2w_seg-manual.nii.gz","874","3","",65.29999425562978,0.0,-3.077968097256266,0.0,-1.0204219626185136,0.0,6.5146453060558365,0.0,6.626612679310188,0.0,12.994261416486404,0.0,2.8705721722961166,0.0,3.6440731337597194,0.0,0.8601970839510361,0.0,-3.484134559038629,0.0,0.9647742785977637,0.0,""
"2026-09-25 17:16:53","git-master-bddc7a050319718b5e4e0856afec0bc9ea96418f","C:\Users\marco\Desktop\ds004507\derivatives\labels\sub-005\ses-headNormal\anat\sub-005_ses-headNormal_T2w_seg-manual.nii.gz","875","3","",65.90159943629467,0.0,-3.060527290320971,0.0,-1.204174070311431,0.0,6.542743555899479,0.0,6.687571458039281,0.0,13.03551655920285,0.0,2.875098637490019,0.0,3.66764491840946,0.0,0.8583285285538028,0.0,-2.097552631668437,0.0,0.9680066723471528,0.0,""
"2026-09-25 17:16:53","git-master-bddc7a050319718b5e4e0856afec0bc9ea96418f","C:\Users\marco\Desktop\ds004507\derivatives\labels\sub-005\ses-headNormal\anat\sub-005_ses-headNormal_T2w_seg-manual.nii.gz","876","3","",65.05157053220253,0.0,-3.0429242691908356,0.0,-1.390803621615657,0.0,6.613077024773157,0.0,6.715169008129453,0.0,12.77956555794637,0.0,2.9452504103436707,0.0,3.6678266144294867,0.0,0.8507719812179685,0.0,-3.2908551698206625,0.0,0.9648155338363547,0.0,""
"2026-09-25 17:16:53","git-master-bddc7a050319718b5e4e0856afec0bc9ea96418f","C:\Users\marco\Desktop\ds004507\derivatives\labels\sub-005\ses-headNormal\anat\sub-005_ses-headNormal_T2w_seg-manual.nii.gz","877","3","",64.68435147005721,0.0,-3.0251590181177392,0.0,-1.5803033583777684,0.0,6.622664571866868,0.0,6.667436583547241,0.0,12.764373335046562,0.0,2.950255176667672,0.0,3.672409395199196,0.0,0.8527204784156663,0.0,-3.52684738692121,0.0,0.9646044815574258,0.0,""
"2026-09-25 17:16:53","git-master-bddc7a050319718b5e4e0856afec0bc9ea96418f","C:\Users\marco\Desktop\ds004507\derivatives\labels\sub-005\ses-headNormal\anat\sub-005_ses-headNormal_T2w_seg-manual.nii.gz","878","3","",65.0419023993268,0.0,-3.0072585649844936,0.0,-1.772189646491366,0.0,6.61652678068442,0.0,6.620962511065125,0.0,12.859578233921455,0.0,2.9426163300964014,0.0,3.673910450588018,0.0,0.8572213654164046,0.0,-3.230224692244016,0.0,0.96035418934577,0.0,""
"2026-09-25 17:16:53","git-master-bddc7a050319718b5e4e0856afec0bc9ea96418f","C:\Users\marco\Desktop\ds004507\derivatives\labels\sub-005\ses-headNormal\anat\sub-005_ses-headNormal_T2w_seg-manual.nii.gz","879","3","",65.55991444677102,0.0,-2.9892229019919543,0.0,-1.9664583095355455,0.0,6.610178960133689,0.0,6.5802165400909995,0.0,12.948362275506952,0.0,2.9327082668236377,0.0,3.6774706933100525,0.0,0.8612461781276971,0.0,-2.5364200072148577,0.0,0.9553198574003954,0.0,""
"2026-09-25 17:16:53","git-master-bddc7a050319718b5e4e0856afec0bc9ea96418f","C:\Users\marco\Desktop\ds004507\derivatives\labels\sub-005\ses-headNormal\anat\sub-005_ses-headNormal_T2w_seg-manual.nii.gz","880","3","",65.27101363135726,0.0,-2.971052021356783,0.0,-2.163105059077731,0.0,6.6138079748738186,0.0,6.527890795614053,0.0,12.88933668877784,0.0,2.9204754964352584,0.0,3.6933324784385606,0.0,0.8622654006514036,0.0,-1.5491538305604007,0.0,0.9568302779420461,0.0,""
"2026-09-25 17:16:53","git-master-bddc7a050319718b5e4e0856afec0bc9ea96418f","C:\Users\marco\Desktop\ds004507\derivatives\labels\sub-005\ses-headNormal\anat\sub-005_ses-headNormal_T2w_seg-manual.nii.gz","881","3","",65.5451199578152,0.0,-2.9526918179811803,0.0,-2.363070309598318,0.0,6.607161321858353,0.0,6.544398354633241,0.0,12.900910323540131,0.0,2.9852276779934086,0.0,3.6219336438649434,0.0,0.8617801474206235,0.0,-0.7516829382485325,0.0,0.9628513046413362,0.0,""
"2026-09-25 17:16:53","git-master-bddc7a050319718b5e4e0856afec0bc9ea96418f","C:\Users\marco\Desktop\ds004507\derivatives\labels\sub-005\ses-headNormal\anat\sub-005_ses-headNormal_T2w_seg-manual.nii.gz","882","3","",65.61665534661545,0.0,-2.9341963712834462,0.0,-2.565397586845138,0.0,6.605141440520651,0.0,6.592451530145989,0.0,12.833075679989935,0.0,2.9932546029551172,0.0,3.6118868375655335,0.0,0.8579242049260685,0.0,-0.7379414000906265,0.0,0.9669058403266311,0.0,""
"2026-09-25 17:16:53","git-master-bddc7a050319718b5e4e0856afec0bc9ea96418f","C:\Users\marco\Desktop\ds004507\derivatives\labels\sub-005\ses-headNormal\anat\sub-005_ses-headNormal_T2w_seg-manual.nii.gz","883","3","",65.83744976133426,0.0,-2.9155656736476856,0.0,-2.7700815179960747,0.0,6.641225419113717,0.0,6.676052079132389,0.0,12.738277986965613,0.0,3.0116511780615047,0.0,3.6295742410522123,0.0,0.8515930614926902,0.0,-1.2286409536466887,0.0,0.9653255669865421,0.0,""
"2026-09-25 17:16:53","git-master-bddc7a050319718b5e4e0856afec0bc9ea96418f","C:\Users\marco\Desktop\ds004507\derivatives\labels\sub-005\ses-headNormal\anat\sub-005_ses-headNormal_T2w_seg-manual.nii.gz","884","3","",66.24794421833755,0.0,-2.896799717479455,0.0,-2.977116601306761,0.0,6.723928268018131,0.0,6.7804338079291915,0.0,12.647045759215018,0.0,3.0627836717634005,0.0,3.661144596254731,0.0,0.8441201037331285,0.0,-1.9821691102366397,0.0,0.9575199836306978,0.0,""
"2026-09-25 17:16:53","git-master-bddc7a050319718b5e4e0856afec0bc9ea96418f","C:\Users\marco\Desktop\ds004507\derivatives\labels\sub-005\ses-headNormal\anat\sub-005_ses-headNormal_T2w_seg-manual.nii.gz","885","3","",65.9543397211944,0.0,-2.8778714389898044,0.0,-3.1869638518669596,0.0,6.796319128713341,0.0,6.826069600578595,0.0,12.538804228299831,0.0,3.0458536547722943,0.0,3.7504654739410457,0.0,0.8388116618829731,0.0,-2.7850740846108586,0.0,0.9511482411386057,0.0,""
"2026-09-25 17:16:53","git-master-bddc7a050319718b5e4e0856afec0bc9ea96418f","C:\Users\marco\Desktop\ds004507\derivatives\labels\sub-005\ses-headNormal\anat\sub-005_ses-headNormal_T2w_seg-manual.nii.gz","886","3","",65.1770930416256,0.0,-2.858780823213067,0.0,-3.399610951919615,0.0,6.797598695538585,0.0,6.820593258539306,0.0,12.41868956586102,0.0,3.092871219650314,0.0,3.7047274758882707,0.0,0.8356619838174176,0.0,-2.1458928395301013,0.0,0.9555939282009296,0.0,""
"2026-09-25 17:16:53","git-master-bddc7a050319718b5e4e0856afec0bc9ea96418f","C:\Users\marco\Desktop\ds004507\derivatives\labels\sub-005\ses-headNormal\anat\sub-005_ses-headNormal_T2w_seg-manual.nii.gz","887","3","",64.64050182502724,0.0,-2.8395549164841145,0.0,-3.6145824991209565,0.0,6.791658384690775,0.0,6.741720935297099,0.0,12.426911295452376,0.0,3.150312115484001,0.0,3.6413462692067737,0.0,0.8399400408019687,0.0,-1.8451165350539243,0.0,0.9506623901429501,0.0,""
"2026-09-25 17:16:53","git-master-bddc7a050319718b5e4e0856afec0bc9ea96418f","C:\Users\marco\Desktop\ds004507\derivatives\labels\sub-005\ses-headNormal\anat\sub-005_ses-headNormal_T2w_seg-manual.nii.gz","888","3","",64.42480313171315,0.0,-2.820193711444905,0.0,-3.8318716402690587,0.0,6.788650408685749,0.0,6.633796743618079,0.0,12.524233294747532,0.0,3.183793407228957,0.0,3.6048570014567924,0.0,0.8481765664136288,0.0,-1.9281209894136182,0.0,0.9417349356309616,0.0,""
"2026-09-25 17:16:53","git-master-bddc7a050319718b5e4e0856afec0bc9ea96418f","C:\Users\marco\Desktop\ds004507\derivatives\labels\sub-005\ses-headNormal\anat\sub-005_ses-headNormal_T2w_seg-manual.nii.gz","889","3","",64.40896857153211,0.0,-2.800697200763241,0.0,-4.05147138084667,0.0,6.784288261090295,0.0,6.574887803512285,0.0,12.59996487964449,0.0,3.157815562544308,0.0,3.6264726985459874,0.0,0.8530568740567996,0.0,-1.8854161336497055,0.0,0.9437804338202744,0.0,""
"2026-09-25 17:16:53","git-master-bddc7a050319718b5e4e0856afec0bc9ea96418f","C:\Users\marco\Desktop\ds004507\derivatives\labels\sub-005\ses-headNormal\anat\sub-005_ses-headNormal_T2w_seg-manual.nii.gz","890","3","",64.67291966362768,0.0,-2.7810112452650677,0.0,-4.2742886227095065,0.0,6.901527017142854,0.0,6.691273473055514,0.0,12.549378716592036,0.0,3.242223107339988,0.0,3.659303909802866,0.0,0.8459532948090448,0.0,-1.603077966067616,0.0,0.9505023577848285,0.0,""
"2026-09-25 17:16:53","git-master-bddc7a050319718b5e4e0856afec0bc9ea96418f","C:\Users\marco\Desktop\ds004507\derivatives\labels\sub-005\ses-headNormal\anat\sub-005_ses-headNormal_T2w_seg-manual.nii.gz","891","3","",64.53390771926306,0.0,-2.761189960101443,0.0,-4.499390949088327,0.0,6.986556242270111,0.0,6.711362918544845,0.0,12.469622538392397,0.0,3.296367397744052,0.0,3.690188844526059,0.0,0.8427995127193812,0.0,-2.2264201059117674,0.0,0.9507304503065331,0.0,""
"2026-09-25 17:16:53","git-master-bddc7a050319718b5e4e0856afec0bc9ea96418f","C:\Users\marco\Desktop\ds004507\derivatives\labels\sub-005\ses-headNormal\anat\sub-005_ses-headNormal_T2w_seg-manual.nii.gz","892","3","",63.992503430996244,0.0,-2.741233338199869,0.0,-4.7244010996180705,0.0,6.957073540384549,0.0,6.62378653701055,0.0,12.450953893928746,0.0,3.316169099667226,0.0,3.6409044407173226,0.0,0.8466300179939243,0.0,-2.497668326585292,0.0,0.9469411291392866,0.0,""
"2026-09-25 17:16:53","git-master-bddc7a050319718b5e4e0856afec0bc9ea96418f","C:\Users\marco\Desktop\ds004507\derivatives\labels\sub-005\ses-headNormal\anat\sub-005_ses-headNormal_T2w_seg-manual.nii.gz","893","3","",63.20976273287835,0.0,-2.721141372519762,0.0,-4.9469444703777175,0.0,6.8149688846044185,0.0,6.473764475510796,0.0,12.515605334530736,0.0,3.3011529467099305,0.0,3.5138159378944884,0.0,0.8558294967358606,0.0,-1.955532584605162,0.0,0.9413101632262707,0.0,""
"2026-09-25 17:16:53","git-master-bddc7a050319718b5e4e0856afec0bc9ea96418f","C:\Users\marco\Desktop\ds004507\derivatives\labels\sub-005\ses-headNormal\anat\sub-005_ses-headNormal_T2w_seg-manual.nii.gz","894","3","",62.90866061019906,0.0,-2.7008869831426146,0.0,-5.162736839760537,0.0,6.810157422598477,0.0,6.502247033434832,0.0,12.49813296716769,0.0,3.2551279582637673,0.0,3.5550294643347105,0.0,0.8540078682743956,0.0,-2.24802140383216,0.0,0.9359883777331268,0.0,""
"2026-09-25 17:16:53","git-master-bddc7a050319718b5e4e0856afec0bc9ea96418f","C:\Users\marco\Desktop\ds004507\derivatives\labels\sub-005\ses-headNormal\anat\sub-005_ses-headNormal_T2w_seg-manual.nii.gz","895","3","",61.163137956825715,0.0,-2.6804701563157516,0.0,-5.371786651769325,0.0,6.68000536904818,0.0,6.379642721405106,0.0,12.381763448599363,0.0,3.227447845934808,0.0,3.452557523113372,0.0,0.8570461055903866,0.0,-2.51693142432176,0.0,0.9229389482325383,0.0,""
"2026-09-25 17:16:53","git-master-bddc7a050319718b5e4e0856afec0bc9ea96418f","C:\Users\marco\Desktop\ds004507\derivatives\labels\sub-005\ses-headNormal\anat\sub-005_ses-headNormal_T2w_seg-manual.nii.gz","896","3","",60.14024504352934,0.0,-2.659917955919174,0.0,-5.575224072648634,0.0,6.460936778609948,0.0,6.2241986296608,0.0,12.46835250404372,0.0,3.1377440809570913,0.0,3.3231926976528574,0.0,0.8662137617714549,0.0,-2.3671235160875184,0.0,0.9196872573431414,0.0,""
"2026-09-25 17:16:53","git-master-bddc7a050319718b5e4e0856afec0bc9ea96418f","C:\Users\marco\Desktop\ds004507\derivatives\labels\sub-005\ses-headNormal\anat\sub-005_ses-headNormal_T2w_seg-manual.nii.gz","897","3","",59.926473146244405,0.0,-2.639230375254924,0.0,-5.773054240208288,0.0,6.268039861184476,0.0,6.117950138161145,0.0,12.647221694626603,0.0,3.030640783180345,0.0,3.2373990780041315,0.0,0.8752110642481475,0.0,-2.076762818689125,0.0,0.9288854522354594,0.0,""
"2026-09-25 17:16:53","git-master-bddc7a050319718b5e4e0856afec0bc9ea96418f","C:\Users\marco\Desktop\ds004507\derivatives\labels\sub-005\ses-headNormal\anat\sub-005_ses-headNormal_T2w_seg-manual.nii.gz","898","3","",59.929191610501846,0.0,-2.618407407661672,0.0,-5.9652824586571915,0.0,6.268121698098167,0.0,6.149050587377403,0.0,12.645338537030373,0.0,3.0020657759090725,0.0,3.2660559221890946,0.0,0.8738085301473365,0.0,-2.212747890132128,0.0,0.9484227129337538,0.0,""
"2026-09-25 17:16:53","git-master-bddc7a050319718b5e4e0856afec0bc9ea96418f","C:\Users\marco\Desktop\ds004507\derivatives\labels\sub-005\ses-headNormal\anat\sub-005_ses-headNormal_T2w_seg-manual.nii.gz","899","3","",60.190092022613335,0.0,-2.5973948830923104,0.0,-6.149681302409212,0.0,6.2675118741517855,0.0,6.096591544067353,0.0,12.716642259245212,0.0,3.0474767146794033,0.0,3.2200351594723817,0.0,0.877570584642598,0.0,-2.846497431613774,0.0,0.9334221696976199,0.0,""
"2026-09-25 17:16:53","git-master-bddc7a050319718b5e4e0856afec0bc9ea96418f","C:\Users\marco\Desktop\ds004507\derivatives\labels\sub-005\ses-headNormal\anat\sub-005_ses-headNormal_T2w_seg-manual.nii.gz","900","3","",59.84965556991452,0.0,-2.5762469499710177,0.0,-6.328497844799479,0.0,6.313182259689195,0.0,6.105757317886431,0.0,12.62390061623752,0.0,3.0782579655663316,0.0,3.2349242941228633,0.0,0.875204504097002,0.0,-2.6829882113479426,0.0,0.9280030059024134,0.0,""
"2026-09-25 17:16:53","git-master-bddc7a050319718b5e4e0856afec0bc9ea96418f","C:\Users\marco\Desktop\ds004507\derivatives\labels\sub-005\ses-headNormal\anat\sub-005_ses-headNormal_T2w_seg-manual.nii.gz","901","3","",59.509375391597835,0.0,-2.55496360199511,0.0,-6.501738420574673,0.0,6.353855915010017,0.0,6.164195223302695,0.0,12.478971988093775,0.0,3.114893557829275,0.0,3.238962357180742,0.0,0.8694114559877876,0.0,-2.605110177541531,0.0,0.9274137771627917,0.0,""
"2026-09-25 17:16:53","git-master-bddc7a050319718b5e4e0856afec0bc9ea96418f","C:\Users\marco\Desktop\ds004507\derivatives\labels\sub-005\ses-headNormal\anat\sub-005_ses-headNormal_T2w_seg-manual.nii.gz","902","3","",59.579854131153304,0.0,-2.5335448329050267,0.0,-6.669409431082102,0.0,6.370429639201624,0.0,6.251184284800244,0.0,12.37231182118843,0.0,3.1678964343868015,0.0,3.202533204814822,0.0,0.8629676752569535,0.0,-2.932191251628038,0.0,0.9302691591514344,0.0,""
"2026-09-25 17:16:53","git-master-bddc7a050319718b5e4e0856afec0bc9ea96418f","C:\Users\marco\Desktop\ds004507\derivatives\labels\sub-005\ses-headNormal\anat\sub-005_ses-headNormal_T2w_seg-manual.nii.gz","903","3","",60.18935821549147,0.0,-2.5119635486006255,0.0,-6.830407418545911,0.0,6.4304742886987665,0.0,6.312502644821199,0.0,12.387813134089821,0.0,3.225453284476813,0.0,3.2050210042219534,0.0,0.860425207174607,0.0,-2.452749443804687,0.0,0.9458131392759517,0.0,""
"2026-09-25 17:16:53","git-master-bddc7a050319718b5e4e0856afec0bc9ea96418f","C:\Users\marco\Desktop\ds004507\derivatives\labels\sub-005\ses-headNormal\anat\sub-005_ses-headNormal_T2w_seg-manual.nii.gz","904","3","",59.96176825486034,0.0,-2.4902197370039794,0.0,-6.984745719866627,0.0,6.435157159455196,0.0,6.260402952906755,0.0,12.38097438382463,0.0,3.2115721599602276,0.0,3.2235849994949684,0.0,0.8627333691009306,0.0,-2.1138974741320116,0.0,0.9431530419048091,0.0,""
"2026-09-25 17:16:53","git-master-bddc7a050319718b5e4e0856afec0bc9ea96418f","C:\Users\marco\Desktop\ds004507\derivatives\labels\sub-005\ses-headNormal\anat\sub-005_ses-headNormal_T2w_seg-manual.nii.gz","905","3","",60.27403276836271,0.0,-2.4683404781310196,0.0,-7.133543269377662,0.0,6.482933167992383,0.0,6.275103736462354,0.0,12.37127827984161,0.0,3.22790406257199,0.0,3.255029105420393,0.0,0.8617940141784471,0.0,-2.2178500343001226,0.0,0.9445344558689882,0.0,""
"2026-09-25 17:16:53","git-master-bddc7a050319718b5e4e0856afec0bc9ea96418f","C:\Users\marco\Desktop\ds004507\derivatives\labels\sub-005\ses-headNormal\anat\sub-005_ses-headNormal_T2w_seg-manual.nii.gz","906","3","",61.00913393831012,0.0,-2.446325766178471,0.0,-7.276806815495507,0.0,6.610224203045206,0.0,6.386401395384643,0.0,12.298870585499214,0.0,3.275925773559493,0.0,3.3342984294857136,0.0,0.8543746963234786,0.0,-2.6310208660518235,0.0,0.9470376139638976,0.0,""
"2026-09-25 17:16:53","git-master-bddc7a050319718b5e4e0856afec0bc9ea96418f","C:\Users\marco\Desktop\ds004507\derivatives\labels\sub-005\ses-headNormal\anat\sub-005_ses-headNormal_T2w_seg-manual.nii.gz","907","3","",61.52750772131696,0.0,-2.4241755953912114,0.0,-7.414543110853813,0.0,6.838202615191728,0.0,6.5784972099875105,0.0,12.068060183739746,0.0,3.32419821255613,0.0,3.5140044026355977,0.0,0.8383603871065197,0.0,-3.0309132077331036,0.0,0.9390785244145109,0.0,""
"2026-09-25 17:16:53","git-master-bddc7a050319718b5e4e0856afec0bc9ea96418f","C:\Users\marco\Desktop\ds004507\derivatives\labels\sub-005\ses-headNormal\anat\sub-005_ses-headNormal_T2w_seg-manual.nii.gz","908","2","",59.37542952576518,0.0,-2.3954529616599127,0.0,-7.581703711628779,0.0,6.318688297772688,0.0,6.2960168367711695,0.0,12.119313967252062,0.0,3.0214174059235206,0.0,3.297270891849167,0.0,0.854468782979604,0.0,-2.614913108710568,0.0,0.9592034968431278,0.0,""
"2026-09-25 17:16:53","git-master-bddc7a050319718b5e4e0856afec0bc9ea96418f","C:\Users\marco\Desktop\ds004507\derivatives\labels\sub-005\ses-headNormal\anat\sub-005_ses-headNormal_T2w_seg-manual.nii.gz","909","2","",59.12158792758739,0.0,-2.3761419664580514,0.0,-7.686538060942492,0.0,6.386027054533265,0.0,6.347960151101714,0.0,11.97982340640934,0.0,2.9988031413208427,0.0,3.387223913212422,0.0,0.8479853065835482,0.0,-2.4225177973205274,0.0,0.9552424509113574,0.0,""
"2026-09-25 17:16:53","git-master-bddc7a050319718b5e4e0856afec0bc9ea96418f","C:\Users\marco\Desktop\ds004507\derivatives\labels\sub-005\ses-headNormal\anat\sub-005_ses-headNormal_T2w_seg-manual.nii.gz","910","2","",59.10779963492766,0.0,-2.356749679608189,0.0,-7.7880758561048955,0.0,6.438834668863854,0.0,6.383165543965533,0.0,11.897941876137974,0.0,3.010192939077023,0.0,3.428641729786831,0.0,0.8438999684483666,0.0,-2.064795389872161,0.0,0.95482613378183,0.0,""
"2026-09-25 17:16:53","git-master-bddc7a050319718b5e4e0856afec0bc9ea96418f","C:\Users\marco\Desktop\ds004507\derivatives\labels\sub-005\ses-headNormal\anat\sub-005_ses-headNormal_T2w_seg-manual.nii.gz","911","2","",59.33406464778598,0.0,-2.3372761011103256,0.0,-7.886317097115992,0.0,6.477111140764453,0.0,6.401633015362626,0.0,11.873669376437961,0.0,3.05558679919206,0.0,3.4215243415723933,0.0,0.8422127685740591,0.0,-1.5417458863654685,0.0,0.9579545454545455,0.0,""
"2026-09-25 17:16:53","git-master-bddc7a050319718b5e4e0856afec0bc9ea96418f","C:\Users\marco\Desktop\ds004507\derivatives\labels\sub-005\ses-headNormal\anat\sub-005_ses-headNormal_T2w_seg-manual.nii.gz","912","2","",58.842391931379915,0.0,-2.3176399290652214,0.0,-7.977977794711113,0.0,6.474842347213699,0.0,6.408029995350931,0.0,11.760105089510944,0.0,3.036257149895613,0.0,3.438585197318087,0.0,0.8384716115473378,0.0,-0.6804799950839483,0.0,0.9545187915410845,0.0,""
"2026-09-25 17:16:53","git-master-bddc7a050319718b5e4e0856afec0bc9ea96418f","C:\Users\marco\Desktop\ds004507\derivatives\labels\sub-005\ses-headNormal\anat\sub-005_ses-headNormal_T2w_seg-manual.nii.gz","913","2","",58.94032421881524,0.0,-2.297922455291397,0.0,-8.066354271794829,0.0,6.529368765999563,0.0,6.432008727233036,0.0,11.702561352209147,0.0,3.084595423946104,0.0,3.4447733420534594,0.0,0.8354063486833524,0.0,-0.4874933193478512,0.0,0.9544142515171897,0.0,""
"2026-09-25 17:16:53","git-master-bddc7a050319718b5e4e0856afec0bc9ea96418f","C:\Users\marco\Desktop\ds004507\derivatives\labels\sub-005\ses-headNormal\anat\sub-005_ses-headNormal_T2w_seg-manual.nii.gz","914","2","",59.62786151009195,0.0,-2.278123679788852,0.0,-8.151446528367138,0.0,6.640690397122045,0.0,6.47356921100894,0.0,11.701038164532571,0.0,3.2006016213435347,0.0,3.44008877577851,0.0,0.8330169799821026,0.0,-0.9627858591571773,0.0,0.9576409253828608,0.0,""
"2026-09-25 17:16:53","git-master-bddc7a050319718b5e4e0856afec0bc9ea96418f","C:\Users\marco\Desktop\ds004507\derivatives\labels\sub-005\ses-headNormal\anat\sub-005_ses-headNormal_T2w_seg-manual.nii.gz","915","2","",60.573942059259004,0.0,-2.2581622912704025,0.0,-8.229981905629744,0.0,6.844166565234944,0.0,6.672904968119339,0.0,11.596412661367754,0.0,3.2510768048244834,0.0,3.59308976041046,0.0,0.8175565705519964,0.0,-2.0190101875138455,0.0,0.9633785836825213,0.0,""
"2026-09-25 17:16:53","git-master-bddc7a050319718b5e4e0856afec0bc9ea96418f","C:\Users\marco\Desktop\ds004507\derivatives\labels\sub-005\ses-headNormal\anat\sub-005_ses-headNormal_T2w_seg-manual.nii.gz","916","2","",61.40061604099684,0.0,-2.23811959164603,0.0,-8.305244317745252,0.0,6.985057211415051,0.0,6.793830803440238,0.0,11.546238571247335,0.0,3.3342678804160983,0.0,3.6507893309989528,0.0,0.8085632670750483,0.0,-2.1511544312463804,0.0,0.961711525739166,0.0,""
"2026-09-25 17:16:53","git-master-bddc7a050319718b5e4e0856afec0bc9ea96418f","C:\Users\marco\Desktop\ds004507\derivatives\labels\sub-005\ses-headNormal\anat\sub-005_ses-headNormal_T2w_seg-manual.nii.gz","917","2","",62.107883455305455,0.0,-2.217995580915735,0.0,-8.377233764713663,0.0,7.063362335662369,0.0,6.836346716971633,0.0,11.55051589417131,0.0,3.4501748481183796,0.0,3.613187487543989,0.0,0.8060370695512584,0.0,-1.3592185903547822,0.0,0.952639751552795,0.0,""
"2026-09-25 17:16:53","git-master-bddc7a050319718b5e4e0856afec0bc9ea96418f","C:\Users\marco\Desktop\ds004507\derivatives\labels\sub-005\ses-headNormal\anat\sub-005_ses-headNormal_T2w_seg-manual.nii.gz","918","2","",62.81570928697181,0.0,-2.1977089391510503,0.0,-8.442687551735442,0.0,7.063357851742194,0.0,6.8514430471553,0.0,11.63830255112929,0.0,3.5016180585352017,0.0,3.561739793206993,0.0,0.8083398205066726,0.0,-1.5969312545497332,0.0,0.957681802043925,0.0,""
"2026-09-25 17:16:53","git-master-bddc7a050319718b5e4e0856afec0bc9ea96418f","C:\Users\marco\Desktop\ds004507\derivatives\labels\sub-005\ses-headNormal\anat\sub-005_ses-headNormal_T2w_seg-manual.nii.gz","919","2","",63.88263883084682,0.0,-2.1773409776500845,0.0,-8.504878274603145,0.0,7.10092274626456,0.0,6.901085244515949,0.0,11.756661976050522,0.0,3.553296327846035,0.0,3.5476264184185253,0.0,0.8095902870840463,0.0,-1.4755207599268103,0.0,0.9603502401390405,0.0,""
"2026-09-25 17:16:53","git-master-bddc7a050319718b5e4e0856afec0bc9ea96418f","C:\Users\marco\Desktop\ds004507\derivatives\labels\sub-005\ses-headNormal\anat\sub-005_ses-headNormal_T2w_seg-manual.nii.gz","920","2","",65.30867208693049,0.0,-2.156891696412838,0.0,-8.563805933316775,0.0,7.176057019229466,0.0,6.985273309053581,0.0,11.905594168935009,0.0,3.60520965605088,0.0,3.5708473631785864,0.0,0.8097884692833798,0.0,-0.9949871064860137,0.0,0.9606450658381417,0.0,""
"2026-09-25 17:16:53","git-master-bddc7a050319718b5e4e0856afec0bc9ea96418f","C:\Users\marco\Desktop\ds004507\derivatives\labels\sub-005\ses-headNormal\anat\sub-005_ses-headNormal_T2w_seg-manual.nii.gz","921","2","",65.53944965435093,0.0,-2.1362797676602785,0.0,-8.61621620242711,0.0,7.141786405101376,0.0,6.936375999780199,0.0,11.967280485862595,0.0,3.689043277918,0.0,3.452743127183376,0.0,0.8148564768001582,0.0,-1.0380339855955514,0.0,0.9621132732959259,0.0,""
"2026-09-25 17:16:53","git-master-bddc7a050319718b5e4e0856afec0bc9ea96418f","C:\Users\marco\Desktop\ds004507\derivatives\labels\sub-005\ses-headNormal\anat\sub-005_ses-headNormal_T2w_seg-manual.nii.gz","922","2","",65.89027286936994,0.0,-2.1155865113319736,0.0,-8.665371725364324,0.0,7.0858404318479,0.0,6.931825154371237,0.0,12.012997449980997,0.0,3.687696745098631,0.0,3.3981436867492687,0.0,0.8167250158613901,0.0,-0.918833769055529,0.0,0.9583380621424261,0.0,""
"2026-09-25 17:16:53","git-master-bddc7a050319718b5e4e0856afec0bc9ea96418f","C:\Users\marco\Desktop\ds004507\derivatives\labels\sub-005\ses-headNormal\anat\sub-005_ses-headNormal_T2w_seg-manual.nii.gz","923","2","",66.36114173198749,0.0,-2.0948119274279238,0.0,-8.711272502128422,0.0,7.008219099469036,0.0,6.971620772826694,0.0,12.042745061290216,0.0,3.6011700575927734,0.0,3.407049041876263,0.0,0.8153940864670758,0.0,-0.6373864568659464,0.0,0.9493194323776426,0.0,""
"2026-09-25 17:16:53","git-master-bddc7a050319718b5e4e0856afec0bc9ea96418f","C:\Users\marco\Desktop\ds004507\derivatives\labels\sub-005\ses-headNormal\anat\sub-005_ses-headNormal_T2w_seg-manual.nii.gz","924","2","",67.31111250995647,0.0,-2.0738746811540167,0.0,-8.750670799453268,0.0,7.007061359989754,0.0,7.0086168995512885,0.0,12.1804583817152,0.0,3.6584193207575493,0.0,3.3486420392322045,0.0,0.8178537891298567,0.0,-0.673063061543225,0.0,0.9583691326645628,0.0,""
"2026-09-25 17:16:53","git-master-bddc7a050319718b5e4e0856afec0bc9ea96418f","C:\Users\marco\Desktop\ds004507\derivatives\labels\sub-005\ses-headNormal\anat\sub-005_ses-headNormal_T2w_seg-manual.nii.gz","925","2","",68.25150794343851,0.0,-2.052856100300567,0.0,-8.78682090264673,0.0,7.116545434784121,0.0,7.1222289181292116,0.0,12.203050703356409,0.0,3.704159333329063,0.0,3.4123861014550574,0.0,0.8117651320788257,0.0,-1.2066150527788322,0.0,0.9587564653841657,0.0,""
"2026-09-25 17:16:53","git-master-bddc7a050319718b5e4e0856afec0bc9ea96418f","C:\Users\marco\Desktop\ds004507\derivatives\labels\sub-005\ses-headNormal\anat\sub-005_ses-headNormal_T2w_seg-manual.nii.gz","926","2","",69.18232803243359,0.0,-2.0317561848675756,0.0,-8.819722811708807,0.0,7.336671323852137,0.0,7.312456828560461,0.0,12.110522026213843,0.0,3.7383900953073153,0.0,3.5982812285448222,0.0,0.7971281153139828,0.0,-2.2380424305727677,0.0,0.9504814305364512,0.0,""
"2026-09-25 17:16:53","git-master-bddc7a050319718b5e4e0856afec0bc9ea96418f","C:\Users\marco\Desktop\ds004507\derivatives\labels\sub-005\ses-headNormal\anat\sub-005_ses-headNormal_T2w_seg-manual.nii.gz","927","2","",69.65598551377785,0.0,-2.010493593926826,0.0,-8.846133470014989,0.0,7.336163757956004,0.0,7.2998750739785905,0.0,12.236010335732903,0.0,3.733715533137424,0.0,3.602448224818579,0.0,0.8024941325687263,0.0,-1.9191501875187873,0.0,0.9480779905103887,0.0,""
"2026-09-25 17:16:53","git-master-bddc7a050319718b5e4e0856afec0bc9ea96418f","C:\Users\marco\Desktop\ds004507\derivatives\labels\sub-005\ses-headNormal\anat\sub-005_ses-headNormal_T2w_seg-manual.nii.gz","928","2","",70.3794630978319,0.0,-1.9891496622838925,0.0,-8.8693005815777,0.0,7.283644145350907,0.0,7.29669064411983,0.0,12.358039277301692,0.0,3.7326853881080697,0.0,3.550958757242837,0.0,0.8070503911221631,0.0,-1.8793857037377666,0.0,0.9542496685012751,0.0,""
"2026-09-25 17:16:53","git-master-bddc7a050319718b5e4e0856afec0bc9ea96418f","C:\Users\marco\Desktop\ds004507\derivatives\labels\sub-005\ses-headNormal\anat\sub-005_ses-headNormal_T2w_seg-manual.nii.gz","929","2","",71.35276078459572,0.0,-1.967724389938775,0.0,-8.889224146396943,0.0,7.179112486036848,0.0,7.30290353898418,0.0,12.476608850920211,0.0,3.735299660219253,0.0,3.443812825817595,0.0,0.8107968909742932,0.0,-2.1187489792297054,0.0,0.9689964645091107,0.0,""
"2026-09-25 17:16:53","git-master-bddc7a050319718b5e4e0856afec0bc9ea96418f","C:\Users\marco\Desktop\ds004507\derivatives\labels\sub-005\ses-headNormal\anat\sub-005_ses-headNormal_T2w_seg-manual.nii.gz","930","2","",71.82944200458483,0.0,-1.9461364307563376,0.0,-8.902663773503004,0.0,7.126940108795368,0.0,7.1971764664459545,0.0,12.775542985626524,0.0,3.7427516226605726,0.0,3.3841884861347946,0.0,0.8258299169399188,0.0,-3.4562948236504205,0.0,0.9606915381431219,0.0,""
"2026-09-25 17:16:53","git-master-bddc7a050319718b5e4e0856afec0bc9ea96418f","C:\Users\marco\Desktop\ds004507\derivatives\labels\sub-005\ses-headNormal\anat\sub-005_ses-headNormal_T2w_seg-manual.nii.gz","931","2","",71.34019996168695,0.0,-1.924467125676437,0.0,-8.912862500894365,0.0,7.199101520645098,0.0,7.198272760302837,0.0,12.696695847368321,0.0,3.728139452833161,0.0,3.4709620678119375,0.0,0.8230008856386014,0.0,-5.424456346806445,0.0,0.9543934664696693,0.0,""
"2026-09-25 17:16:53","git-master-bddc7a050319718b5e4e0856afec0bc9ea96418f","C:\Users\marco\Desktop\ds004507\derivatives\labels\sub-005\ses-headNormal\anat\sub-005_ses-headNormal_T2w_seg-manual.nii.gz","932","2","",69.88503465590206,0.0,-1.9027164746990732,0.0,-8.919820328571022,0.0,7.395596721586042,0.0,7.306192420554826,0.0,12.240067436145605,0.0,3.6914631507370177,0.0,3.7041335708490237,0.0,0.8023097970703408,0.0,-8.02323354869778,0.0,0.9501022494887525,0.0,""
"2026-09-25 17:16:53","git-master-bddc7a050319718b5e4e0856afec0bc9ea96418f","C:\Users\marco\Desktop\ds004507\derivatives\labels\sub-005\ses-headNormal\anat\sub-005_ses-headNormal_T2w_seg-manual.nii.gz","933","2","",69.64698425230617,0.0,-1.8808031274562953,0.0,-8.920297466842701,0.0,7.390648394050409,0.0,7.268286811360301,0.0,12.257623976934394,0.0,3.760727428642568,0.0,3.629920965407841,0.0,0.8052220055275171,0.0,-8.933647435763767,0.0,0.9489852915532504,0.0,""
"2026-09-25 17:16:53","git-master-bddc7a050319718b5e4e0856afec0bc9ea96418f","C:\Users\marco\Desktop\ds004507\derivatives\labels\sub-005\ses-headNormal\anat\sub-005_ses-headNormal_T2w_seg-manual.nii.gz","934","2","",70.48471111484963,0.0,-1.858569759185203,0.0,-8.917544436572623,0.0,7.388997241870205,0.0,7.314945361602563,0.0,12.320346244418825,0.0,3.7913372111677983,0.0,3.5976600307024063,0.0,0.8046685223379021,0.0,-9.38356364658028,0.0,0.9519979935676567,0.0,""
"2026-09-25 17:16:53","git-master-bddc7a050319718b5e4e0856afec0bc9ea96418f","C:\Users\marco\Desktop\ds004507\derivatives\labels\sub-005\ses-headNormal\anat\sub-005_ses-headNormal_T2w_seg-manual.nii.gz","935","2","",72.39821524353245,0.0,-1.8360163698857965,0.0,-8.911561237760788,0.0,7.39064326504543,0.0,7.446168071281611,0.0,12.428234238598902,0.0,3.78329249831271,0.0,3.6073507667327194,0.0,0.8006493475014957,0.0,-9.372982181147318,0.0,0.9591403555319713,0.0,""
"2026-09-25 17:16:53","git-master-bddc7a050319718b5e4e0856afec0bc9ea96418f","C:\Users\marco\Desktop\ds004507\derivatives\labels\sub-005\ses-headNormal\anat\sub-005_ses-headNormal_T2w_seg-manual.nii.gz","936","2","",71.20680514049796,0.0,-1.812345520360563,0.0,-8.899137028261693,0.0,7.475300734437898,0.0,7.3892320060158685,0.0,12.321537133147114,0.0,3.788624693512645,0.0,3.686676040925253,0.0,0.8002225288140075,0.0,-7.083139947075372,0.0,0.9551188572493958,0.0,""
"2026-09-25 17:16:53","git-master-bddc7a050319718b5e4e0856afec0bc9ea96418f","C:\Users\marco\Desktop\ds004507\derivatives\labels\sub-005\ses-headNormal\anat\sub-005_ses-headNormal_T2w_seg-manual.nii.gz","937","2","",71.2109094249545,0.0,-1.7881158839170677,0.0,-8.883491330723492,0.0,7.484872449878693,0.0,7.370159154965176,0.0,12.357486810208032,0.0,3.8233112327372893,0.0,3.661561217141404,0.0,0.8026163299682619,0.0,-4.85179870097933,0.0,0.9534933628765183,0.0,""
"2026-09-25 17:16:53","git-master-bddc7a050319718b5e4e0856afec0bc9ea96418f","C:\Users\marco\Desktop\ds004507\derivatives\labels\sub-005\ses-headNormal\anat\sub-005_ses-headNormal_T2w_seg-manual.nii.gz","938","2","",72.41052809690204,0.0,-1.7633274605553109,0.0,-8.864624145146188,0.0,7.419358411367815,0.0,7.388949518129532,0.0,12.536083269781654,0.0,3.887352115986643,0.0,3.532006295381173,0.0,0.807830750964259,0.0,-2.678958442859193,0.0,0.9542638724133387,0.0,""
"2026-09-25 17:16:53","git-master-bddc7a050319718b5e4e0856afec0bc9ea96418f","C:\Users\marco\Desktop\ds004507\derivatives\labels\sub-005\ses-headNormal\anat\sub-005_ses-headNormal_T2w_seg-manual.nii.gz","939","1","",74.54124675474394,0.0,-1.7244682931845796,0.0,-8.826654444447158,0.0,7.889207701875163,0.0,7.650133132595127,0.0,12.415610887660629,0.0,4.114517603549567,0.0,3.7746900983255958,0.0,0.7876127973116842,0.0,-2.7608392676355398,0.0,0.9468030690537085,0.0,""
"2026-09-25 17:16:53","git-master-bddc7a050319718b5e4e0856afec0bc9ea96418f","C:\Users\marco\Desktop\ds004507\derivatives\labels\sub-005\ses-headNormal\anat\sub-005_ses-headNormal_T2w_seg-manual.nii.gz","940","1","",71.64145317892974,0.0,-1.6943559315169627,0.0,-8.79126133608573,0.0,7.686947772167971,0.0,7.483756873093528,0.0,12.152231695965519,0.0,3.903846613393533,0.0,3.7831011587744383,0.0,0.7878779172603216,0.0,-3.103364342652622,0.0,0.9547963929791182,0.0,""
"2026-09-25 17:16:53","git-master-bddc7a050319718b5e4e0856afec0bc9ea96418f","C:\Users\marco\Desktop\ds004507\derivatives\labels\sub-005\ses-headNormal\anat\sub-005_ses-headNormal_T2w_seg-manual.nii.gz","941","1","",70.64382504602872,0.0,-1.6634290876637348,0.0,-8.751165410041787,0.0,7.675974933312603,0.0,7.454033691122404,0.0,12.010817052544951,0.0,3.8841285344965826,0.0,3.7918463988160207,0.0,0.7840755529772645,0.0,-3.626769977343725,0.0,0.9581880010790562,0.0,""
"2026-09-25 17:16:53","git-master-bddc7a050319718b5e4e0856afec0bc9ea96418f","C:\Users\marco\Desktop\ds004507\derivatives\labels\sub-005\ses-headNormal\anat\sub-005_ses-headNormal_T2w_seg-manual.nii.gz","942","1","",70.89957359785488,0.0,-1.6316877229623188,0.0,-8.706364649626622,0.0,7.738017219445639,0.0,7.518291242828554,0.0,11.957449951049627,0.0,3.940064820055817,0.0,3.7979523993898217,0.0,0.7775736637774383,0.0,-4.469970321598253,0.0,0.9604546289360376,0.0,""
"2026-09-25 17:16:53","git-master-bddc7a050319718b5e4e0856afec0bc9ea96418f","C:\Users\marco\Desktop\ds004507\derivatives\labels\sub-005\ses-headNormal\anat\sub-005_ses-headNormal_T2w_seg-manual.nii.gz","943","1","",71.70960497155292,0.0,-1.5990838783676933,0.0,-8.656579897645077,0.0,7.7364868550526165,0.0,7.631227514720802,0.0,11.956908518735545,0.0,3.938764810759326,0.0,3.79772204429329,0.0,0.769842935026165,0.0,-5.817248095699959,0.0,0.9656715068620025,0.0,""
"2026-09-25 17:16:53","git-master-bddc7a050319718b5e4e0856afec0bc9ea96418f","C:\Users\marco\Desktop\ds004507\derivatives\labels\sub-005\ses-headNormal\anat\sub-005_ses-headNormal_T2w_seg-manual.nii.gz","944","1","",71.75279380452331,0.0,-1.5652820262965774,0.0,-8.599865651787558,0.0,7.666755224312527,0.0,7.55099066263135,0.0,12.061638740896377,0.0,3.9479666631406753,0.0,3.7187885611718525,0.0,0.7796946164181531,0.0,-6.263245320112636,0.0,0.9650231230864174,0.0,""
"2026-09-25 17:16:53","git-master-bddc7a050319718b5e4e0856afec0bc9ea96418f","C:\Users\marco\Desktop\ds004507\derivatives\labels\sub-005\ses-headNormal\anat\sub-005_ses-headNormal_T2w_seg-manual.nii.gz","945","1","",70.94563328969221,0.0,-1.5306654550001222,0.0,-8.538434085380647,0.0,7.556447370363847,0.0,7.448583863893842,0.0,12.073773931453266,0.0,3.8783420087247946,0.0,3.678105361639052,0.0,0.7870123163056272,0.0,-6.4157221187303755,0.0,0.9600546930446552,0.0,""
"2026-09-25 17:16:53","git-master-bddc7a050319718b5e4e0856afec0bc9ea96418f","C:\Users\marco\Desktop\ds004507\derivatives\labels\sub-005\ses-headNormal\anat\sub-005_ses-headNormal_T2w_seg-manual.nii.gz","946","1","",69.91956884272092,0.0,-1.495234128451132,0.0,-8.472282314490197,0.0,7.414359612538212,0.0,7.361254906081586,0.0,12.043569773687988,0.0,3.770613195964722,0.0,3.64374641657349,0.0,0.7914585087830743,0.0,-6.520414660890634,0.0,0.9588851444315356,0.0,""
"2026-09-25 17:16:53","git-master-bddc7a050319718b5e4e0856afec0bc9ea96418f","C:\Users\marco\Desktop\ds004507\derivatives\labels\sub-005\ses-headNormal\anat\sub-005_ses-headNormal_T2w_seg-manual.nii.gz","947","1","",69.68985776541147,0.0,-1.4588921429666282,0.0,-8.400850941706278,0.0,7.250218836916158,0.0,7.3393530711456405,0.0,12.062668818501463,0.0,3.6938949752009975,0.0,3.5563238617151605,0.0,0.7936024204596134,0.0,-6.932185191982387,0.0,0.9749574954251048,0.0,""
"2026-09-25 17:16:53","git-master-bddc7a050319718b5e4e0856afec0bc9ea96418f","C:\Users\marco\Desktop\ds004507\derivatives\labels\sub-005\ses-headNormal\anat\sub-005_ses-headNormal_T2w_seg-manual.nii.gz","948","1","",69.41939584150036,0.0,-1.4213997482345107,0.0,-8.322741024073407,0.0,7.2599469052187855,0.0,7.36560863070151,0.0,11.914027321174556,0.0,3.7028377334098654,0.0,3.557109171808921,0.0,0.7859039699538592,0.0,-6.960503578355763,0.0,0.9608491019750341,0.0,""
"2026-09-25 17:16:53","git-master-bddc7a050319718b5e4e0856afec0bc9ea96418f","C:\Users\marco\Desktop\ds004507\derivatives\labels\sub-005\ses-headNormal\anat\sub-005_ses-headNormal_T2w_seg-manual.nii.gz","949","1","",70.23661491616024,0.0,-1.383092419066344,0.0,-8.239894011400176,0.0,7.46848430509449,0.0,7.484884992494002,0.0,11.86900395798151,0.0,3.7671062308210717,0.0,3.7013780742734186,0.0,0.7760199583143299,0.0,-7.337881953589608,0.0,0.9642563990067164,0.0,""
"2026-09-25 17:16:53","git-master-bddc7a050319718b5e4e0856afec0bc9ea96418f","C:\Users\marco\Desktop\ds004507\derivatives\labels\sub-005\ses-headNormal\anat\sub-005_ses-headNormal_T2w_seg-manual.nii.gz","950","1","",71.42328864837063,0.0,-1.3439701243535391,0.0,-8.152306283630354,0.0,7.751029940502561,0.0,7.66707337244195,0.0,11.84210033498215,0.0,3.847723929258208,0.0,3.903306011244354,0.0,0.7617229546097268,0.0,-7.675549766946611,0.0,0.97741903516951,0.0,""
"2026-09-25 17:16:53","git-master-bddc7a050319718b5e4e0856afec0bc9ea96418f","C:\Users\marco\Desktop\ds004507\derivatives\labels\sub-005\ses-headNormal\anat\sub-005_ses-headNormal_T2w_seg-manual.nii.gz","951","1","",71.174401033083,0.0,-1.3038889971555463,0.0,-8.059135293538363,0.0,7.82970905575048,0.0,7.841394135948385,0.0,11.588137703939285,0.0,3.8650477273001074,0.0,3.964661328450373,0.0,0.736053534496603,0.0,-6.949480668094079,0.0,0.9741354067235746,0.0,""
"2026-09-25 17:16:53","git-master-bddc7a050319718b5e4e0856afec0bc9ea96418f","C:\Users\marco\Desktop\ds004507\derivatives\labels\sub-005\ses-headNormal\anat\sub-005_ses-headNormal_T2w_seg-manual.nii.gz","952","1","",72.10734567066523,0.0,-1.2627051314330882,0.0,-7.9595323675749245,0.0,7.8281842717283014,0.0,7.867398022740442,0.0,11.702090523564674,0.0,3.8766822929941944,0.0,3.951501978734107,0.0,0.7401882624071372,0.0,-6.068294871561457,0.0,0.9704335607544424,0.0,""
"2026-09-25 17:16:53","git-master-bddc7a050319718b5e4e0856afec0bc9ea96418f","C:\Users\marco\Desktop\ds004507\derivatives\labels\sub-005\ses-headNormal\anat\sub-005_ses-headNormal_T2w_seg-manual.nii.gz","953","1","",72.33231756264118,0.0,-1.2207061533906025,0.0,-7.855168265674855,0.0,7.821117838860218,0.0,7.879768825457023,0.0,11.71739712078242,0.0,3.8927354844061597,0.0,3.9283823544540586,0.0,0.7400490263984926,0.0,-5.37256073251332,0.0,0.9687773827288708,0.0,""
"2026-09-25 17:16:53","git-master-bddc7a050319718b5e4e0856afec0bc9ea96418f","C:\Users\marco\Desktop\ds004507\derivatives\labels\sub-005\ses-headNormal\anat\sub-005_ses-headNormal_T2w_seg-manual.nii.gz","954","1","",71.71564347853767,0.0,-1.1778920393565677,0.0,-7.746038808794543,0.0,7.821074517045834,0.0,7.889046082488365,0.0,11.603812190433413,0.0,3.9143065201272065,0.0,3.906767996918627,0.0,0.7333152048935431,0.0,-5.069985639710845,0.0,0.9703716317150894,0.0,""
"2026-09-25 17:16:53","git-master-bddc7a050319718b5e4e0856afec0bc9ea96418f","C:\Users\marco\Desktop\ds004507\derivatives\labels\sub-005\ses-headNormal\anat\sub-005_ses-headNormal_T2w_seg-manual.nii.gz","955","1","",70.6677054978219,0.0,-1.1340709508551605,0.0,-7.6310148810033525,0.0,7.832817236105852,0.0,7.8647651038562305,0.0,11.476769543546206,0.0,3.9404739837378475,0.0,3.8923432523680046,0.0,0.7282653856590487,0.0,-5.678215168328822,0.0,0.9780568891518127,0.0,""
"2026-09-25 17:16:53","git-master-bddc7a050319718b5e4e0856afec0bc9ea96418f","C:\Users\marco\Desktop\ds004507\derivatives\labels\sub-005\ses-headNormal\anat\sub-005_ses-headNormal_T2w_seg-manual.nii.gz","956","1","",70.95936735813797,0.0,-1.0891948839257666,0.0,-7.509758870015993,0.0,8.024491306083084,0.0,7.938935710386663,0.0,11.459341702993942,0.0,3.9925345464580397,0.0,4.031956759625044,0.0,0.7211036107964758,0.0,-5.565366383050445,0.0,0.9618836219870226,0.0,""
"2026-09-25 17:16:53","git-master-bddc7a050319718b5e4e0856afec0bc9ea96418f","C:\Users\marco\Desktop\ds004507\derivatives\labels\sub-005\ses-headNormal\anat\sub-005_ses-headNormal_T2w_seg-manual.nii.gz","957","1","",71.77253862062814,0.0,-1.0435035811959366,0.0,-7.383653270271238,0.0,8.190472583558652,0.0,8.093205818345238,0.0,11.372991240906494,0.0,4.075729996540432,0.0,4.1147425870182195,0.0,0.7018045737242465,0.0,-5.457370882026905,0.0,0.955199449053223,0.0,""
"2026-09-25 17:16:53","git-master-bddc7a050319718b5e4e0856afec0bc9ea96418f","C:\Users\marco\Desktop\ds004507\derivatives\labels\sub-005\ses-headNormal\anat\sub-005_ses-headNormal_T2w_seg-manual.nii.gz","958","1","",72.78952037669393,0.0,-0.9969970291847025,0.0,-7.2526853403399985,0.0,8.281121817431336,0.0,8.287196524230815,0.0,11.23353240772539,0.0,4.171084109791413,0.0,4.110037707639924,0.0,0.6751079730749184,0.0,-5.460551960193936,0.0,0.9608201938812202,0.0,""
"2026-09-25 17:16:53","git-master-bddc7a050319718b5e4e0856afec0bc9ea96418f","C:\Users\marco\Desktop\ds004507\derivatives\labels\sub-005\ses-headNormal\anat\sub-005_ses-headNormal_T2w_seg-manual.nii.gz","959","1","",73.39875797649985,0.0,-0.9494354246001573,0.0,-7.115415249352595,0.0,8.278686521164525,0.0,8.357554846022706,0.0,11.290666758307657,0.0,4.187962089087073,0.0,4.090724432077452,0.0,0.6723677592765762,0.0,-5.3274328466111545,0.0,0.9580694435271412,0.0,""
"2026-09-25 17:16:53","git-master-bddc7a050319718b5e4e0856afec0bc9ea96418f","C:\Users\marco\Desktop\ds004507\derivatives\labels\sub-005\ses-headNormal\anat\sub-005_ses-headNormal_T2w_seg-manual.nii.gz","960","1","",73.53871947762666,0.0,-0.9008667058994781,0.0,-6.972117203099696,0.0,8.20789012678061,0.0,8.325368156260343,0.0,11.37760582675201,0.0,4.142063008473017,0.0,4.065827118307594,0.0,0.6814646474963496,0.0,-5.3002280444422665,0.0,0.9527201412451521,0.0,""
"2026-09-25 17:16:53","git-master-bddc7a050319718b5e4e0856afec0bc9ea96418f","C:\Users\marco\Desktop\ds004507\derivatives\labels\sub-005\ses-headNormal\anat\sub-005_ses-headNormal_T2w_seg-manual.nii.gz","961","1","",73.29283552153468,0.0,-0.8514827009748411,0.0,-6.823932376700275,0.0,8.119178625048653,0.0,8.212620729596093,0.0,11.475839318182752,0.0,4.113767386603229,0.0,4.005411238445423,0.0,0.698099185349899,0.0,-4.653252921084468,0.0,0.9473183724426878,0.0,""
"2026-09-25 17:16:53","git-master-bddc7a050319718b5e4e0856afec0bc9ea96418f","C:\Users\marco\Desktop\ds004507\derivatives\labels\sub-005\ses-headNormal\anat\sub-005_ses-headNormal_T2w_seg-manual.nii.gz","962","1","",72.51949259083686,0.0,-0.8012834095236583,0.0,-6.670856113278981,0.0,8.020530020229726,0.0,8.039494032257593,0.0,11.541616693006526,0.0,4.1067425800801125,0.0,3.913787440149614,0.0,0.7174878207501366,0.0,-3.372186073327246,0.0,0.9448789844192552,0.0,""
"2026-09-25 17:16:53","git-master-bddc7a050319718b5e4e0856afec0bc9ea96418f","C:\Users\marco\Desktop\ds004507\derivatives\labels\sub-005\ses-headNormal\anat\sub-005_ses-headNormal_T2w_seg-manual.nii.gz","963","1","",70.1540864935048,0.0,-0.7499810903099964,0.0,-6.511151054083305,0.0,7.8603538207373616,0.0,7.905647733728937,0.0,11.32101451183827,0.0,3.9716489789352174,0.0,3.888704841802144,0.0,0.7157797588040468,0.0,-2.9988088004862523,0.0,0.9600865130661747,0.0,""
"2026-09-25 17:16:53","git-master-bddc7a050319718b5e4e0856afec0bc9ea96418f","C:\Users\marco\Desktop\ds004507\derivatives\labels\sub-005\ses-headNormal\anat\sub-005_ses-headNormal_T2w_seg-manual.nii.gz","964","1","",69.62635328020797,0.0,-0.6977196378021935,0.0,-6.345670445280889,0.0,7.832808408360981,0.0,7.931089555574168,0.0,11.191296408611437,0.0,3.9643519983021887,0.0,3.868456410058792,0.0,0.7053666353137743,0.0,-3.6812658250531167,0.0,0.9676291164066371,0.0,""
"2026-09-25 17:16:53","git-master-bddc7a050319718b5e4e0856afec0bc9ea96418f","C:\Users\marco\Desktop\ds004507\derivatives\labels\sub-005\ses-headNormal\anat\sub-005_ses-headNormal_T2w_seg-manual.nii.gz","965","1","",69.9815442667055,0.0,-0.6446429419272748,0.0,-6.175274534784622,0.0,7.906712953818905,0.0,8.050593639145076,0.0,11.106633254610445,0.0,4.062274811819378,0.0,3.844438141999527,0.0,0.6886120506065322,0.0,-3.769878387037579,0.0,0.9692739985009001,0.0,""
"2026-09-25 17:16:53","git-master-bddc7a050319718b5e4e0856afec0bc9ea96418f","C:\Users\marco\Desktop\ds004507\derivatives\labels\sub-005\ses-headNormal\anat\sub-005_ses-headNormal_T2w_seg-manual.nii.gz","966","1","",70.74931588679934,0.0,-0.5907510187819287,0.0,-5.999958941122198,0.0,8.046413323712562,0.0,8.216535956708624,0.0,11.051770728885623,0.0,4.2328176882466275,0.0,3.8135956354659344,0.0,0.6687789105333926,0.0,-2.6367261549192675,0.0,0.9657999697876328,0.0,""
"2026-09-25 17:16:53","git-master-bddc7a050319718b5e4e0856afec0bc9ea96418f","C:\Users\marco\Desktop\ds004507\derivatives\labels\sub-005\ses-headNormal\anat\sub-005_ses-headNormal_T2w_seg-manual.nii.gz","967","1","",71.04150781685934,0.0,-0.5357082418639314,0.0,-5.817686660932163,0.0,7.9666699590248475,0.0,8.182496299417295,0.0,11.06341113776447,0.0,4.180388097831105,0.0,3.7862818611937437,0.0,0.6730385329484516,0.0,-1.7430377867362947,0.0,0.9597793620901158,0.0,""
"2026-09-25 17:16:53","git-master-bddc7a050319718b5e4e0856afec0bc9ea96418f","C:\Users\marco\Desktop\ds004507\derivatives\labels\sub-005\ses-headNormal\anat\sub-005_ses-headNormal_T2w_seg-manual.nii.gz","968","1","",70.35359616751788,0.0,-0.4797544382177186,0.0,-5.6298974431954525,0.0,7.945698762853836,0.0,8.165256143811842,0.0,10.947021646037832,0.0,4.179043906537068,0.0,3.7666548563167686,0.0,0.6659170393807627,0.0,-0.5569113178679072,0.0,0.9582658946388166,0.0,""
"2026-09-25 17:16:53","git-master-bddc7a050319718b5e4e0856afec0bc9ea96418f","C:\Users\marco\Desktop\ds004507\derivatives\labels\sub-005\ses-headNormal\anat\sub-005_ses-headNormal_T2w_seg-manual.nii.gz","969","1","",70.02671012587405,0.0,-0.42298554912434694,0.0,-5.437167333667852,0.0,8.049674780098776,0.0,8.187820112193492,0.0,10.862508236280464,0.0,4.199729507315124,0.0,3.849945272783651,0.0,0.6571353647236811,0.0,-0.39368925489531625,0.0,0.9600197907824161,0.0,""
"2026-09-25 17:16:53","git-master-bddc7a050319718b5e4e0856afec0bc9ea96418f","C:\Users\marco\Desktop\ds004507\derivatives\labels\sub-005\ses-headNormal\anat\sub-005_ses-headNormal_T2w_seg-manual.nii.gz","970","1","",70.85522154573523,0.0,-0.3654016105317613,0.0,-5.23949262641956,0.0,8.309601346071743,0.0,8.263641546066285,0.0,10.903264318053065,0.0,4.225627735115893,0.0,4.083973610955848,0.0,0.6523626149174401,0.0,-1.9863400107418656,0.0,0.9644456809657147,0.0,""
"2026-09-25 17:16:53","git-master-bddc7a050319718b5e4e0856afec0bc9ea96418f","C:\Users\marco\Desktop\ds004507\derivatives\labels\sub-005\ses-headNormal\anat\sub-005_ses-headNormal_T2w_seg-manual.nii.gz","971","1","",71.68401349887343,0.0,-0.3066191952977971,0.0,-5.0345364102596655,0.0,8.336519261221953,0.0,8.326306261525284,0.0,10.913957979328542,0.0,4.2534874163384195,0.0,4.083031844883534,0.0,0.646498520738492,0.0,-2.2500208858715567,0.0,0.9713978925003299,0.0,""
"2026-09-25 17:16:53","git-master-bddc7a050319718b5e4e0856afec0bc9ea96418f","C:\Users\marco\Desktop\ds004507\derivatives\labels\sub-005\ses-headNormal\anat\sub-005_ses-headNormal_T2w_seg-manual.nii.gz","972","1","",71.76899784535672,0.0,-0.2469739913020078,0.0,-4.824330706547888,0.0,8.374957095799152,0.0,8.350744267520083,0.0,10.903015666230157,0.0,4.26406971201025,0.0,4.110887383788902,0.0,0.6429400854555103,0.0,-0.7791767106089538,0.0,0.9705161248370104,0.0,""
"2026-09-25 17:16:53","git-master-bddc7a050319718b5e4e0856afec0bc9ea96418f","C:\Users\marco\Desktop\ds004507\derivatives\labels\sub-005\ses-headNormal\anat\sub-005_ses-headNormal_T2w_seg-manual.nii.gz","973","1","",71.33702092327114,0.0,-0.18651399816773304,0.0,-4.6091642613442865,0.0,8.319224067186987,0.0,8.315268498848345,0.0,10.911137884378018,0.0,4.216027575849643,0.0,4.103196491337345,0.0,0.6472956951455849,0.0,0.30287100648845033,0.0,0.965818665696346,0.0,""
"2026-09-25 17:16:53","git-master-bddc7a050319718b5e4e0856afec0bc9ea96418f","C:\Users\marco\Desktop\ds004507\derivatives\labels\sub-005\ses-headNormal\anat\sub-005_ses-headNormal_T2w_seg-manual.nii.gz","974","1","",70.55299268219164,0.0,-0.12523927537439566,0.0,-4.389034503860179,0.0,8.075941697969792,0.0,8.198713825480139,0.0,10.973434417811038,0.0,4.07175487360366,0.0,4.0041868243661325,0.0,0.6646644415758065,0.0,-0.8056190730308093,0.0,0.9604904632152589,0.0,""
"2026-09-25 17:16:53","git-master-bddc7a050319718b5e4e0856afec0bc9ea96418f","C:\Users\marco\Desktop\ds004507\derivatives\labels\sub-005\ses-headNormal\anat\sub-005_ses-headNormal_T2w_seg-manual.nii.gz","975","1","","","","","","","","","","","","","","","","","","","","","","","",""
"2026-09-25 17:16:53","git-master-bddc7a050319718b5e4e0856afec0bc9ea96418f","C:\Users\marco\Desktop\ds004507\derivatives\labels\sub-005\ses-headNormal\anat\sub-005_ses-headNormal_T2w_seg-manual.nii.gz","976","1","","","","","","","","","","","","","","","","","","","","","","","",""
"2026-09-25 17:16:53","git-master-bddc7a050319718b5e4e0856afec0bc9ea96418f","C:\Users\marco\Desktop\ds004507\derivatives\labels\sub-005\ses-headNormal\anat\sub-005_ses-headNormal_T2w_seg-manual.nii.gz","977","1","","","","","","","","","","","","","","","","","","","","","","","",""
"2026-09-25 17:16:53","git-master-bddc7a050319718b5e4e0856afec0bc9ea96418f","C:\Users\marco\Desktop\ds004507\derivatives\labels\sub-005\ses-headNormal\anat\sub-005_ses-headNormal_T2w_seg-manual.nii.gz","978","1","","","","","","","","","","","","","","","","","","","","","","","",""
"2026-09-25 17:16:53","git-master-bddc7a050319718b5e4e0856afec0bc9ea96418f","C:\Users\marco\Desktop\ds004507\derivatives\labels\sub-005\ses-headNormal\anat\sub-005_ses-headNormal_T2w_seg-manual.nii.gz","979","1","","","","","","","","","","","","","","","","","","","","","","","",""
"2026-09-25 17:16:53","git-master-bddc7a050319718b5e4e0856afec0bc9ea96418f","C:\Users\marco\Desktop\ds004507\derivatives\labels\sub-005\ses-headNormal\anat\sub-005_ses-headNormal_T2w_seg-manual.nii.gz","980","1","","","","","","","","","","","","","","","","","","","","","","","",""
"2026-09-25 17:16:53","git-master-bddc7a050319718b5e4e0856afec0bc9ea96418f","C:\Users\marco\Desktop\ds004507\derivatives\labels\sub-005\ses-headNormal\anat\sub-005_ses-headNormal_T2w_seg-manual.nii.gz","981","1","","","","","","","","","","","","","","","","","","","","","","","",""
"2026-09-25 17:16:53","git-master-bddc7a050319718b5e4e0856afec0bc9ea96418f","C:\Users\marco\Desktop\ds004507\derivatives\labels\sub-005\ses-headNormal\anat\sub-005_ses-headNormal_T2w_seg-manual.nii.gz","982","1","","","","","","","","","","","","","","","","","","","","","","","",""
"2026-09-25 17:16:53","git-master-bddc7a050319718b5e4e0856afec0bc9ea96418f","C:\Users\marco\Desktop\ds004507\derivatives\labels\sub-005\ses-headNormal\anat\sub-005_ses-headNormal_T2w_seg-manual.nii.gz","983","1","","","","","","","","","","","","","","","","","","","","","","","",""
"2026-09-25 17:16:53","git-master-bddc7a050319718b5e4e0856afec0bc9ea96418f","C:\Users\marco\Desktop\ds004507\derivatives\labels\sub-005\ses-headNormal\anat\sub-005_ses-headNormal_T2w_seg-manual.nii.gz","984","1","","","","","","","","","","","","","","","","","","","","","","","",""
